model,target,fold_id,date,y_true,y_pred
baseline_last,y_BTC-USD,0,2024-08-03,-0.04223983565450573,-0.011967302150066583
baseline_last,y_BTC-USD,0,2024-08-04,-0.07098647891315102,-0.04223983565450573
baseline_last,y_BTC-USD,0,2024-08-05,0.03783671505322772,-0.07098647891315102
baseline_last,y_BTC-USD,0,2024-08-06,-0.017968550940289485,0.03783671505322772
baseline_last,y_BTC-USD,0,2024-08-07,0.12144256099404904,-0.017968550940289485
baseline_last,y_BTC-USD,0,2024-08-08,-0.013450358103773374,0.12144256099404904
baseline_last,y_BTC-USD,0,2024-08-09,0.001079157301276501,-0.013450358103773374
baseline_last,y_BTC-USD,0,2024-08-10,-0.036529632368097475,0.001079157301276501
baseline_last,y_BTC-USD,0,2024-08-11,0.010814659848586317,-0.036529632368097475
baseline_last,y_BTC-USD,0,2024-08-12,0.021144992390795814,0.010814659848586317
baseline_last,y_BTC-USD,0,2024-08-13,-0.0308911115194338,0.021144992390795814
baseline_last,y_BTC-USD,0,2024-08-14,-0.020041310813293967,-0.0308911115194338
baseline_last,y_BTC-USD,0,2024-08-15,0.023175912946963972,-0.020041310813293967
baseline_last,y_BTC-USD,0,2024-08-16,0.00993082725079053,0.023175912946963972
baseline_last,y_BTC-USD,0,2024-08-17,-0.016728732324455264,0.00993082725079053
baseline_last,y_BTC-USD,0,2024-08-18,0.01726094125025579,-0.016728732324455264
baseline_last,y_BTC-USD,0,2024-08-19,-0.008079210921579816,0.01726094125025579
baseline_last,y_BTC-USD,0,2024-08-20,0.03664287570061453,-0.008079210921579816
baseline_last,y_BTC-USD,0,2024-08-21,-0.012967304646127387,0.03664287570061453
baseline_last,y_BTC-USD,0,2024-08-22,0.061482671821355916,-0.012967304646127387
baseline_last,y_BTC-USD,0,2024-08-23,0.0013205019089592707,0.061482671821355916
baseline_last,y_BTC-USD,1,2024-08-23,0.0013205019089592707,0.061482671821355916
baseline_last,y_BTC-USD,0,2024-08-24,0.0024081210374646833,0.0013205019089592707
baseline_last,y_BTC-USD,1,2024-08-24,0.0024081210374646833,0.0013205019089592707
baseline_last,y_BTC-USD,0,2024-08-25,-0.022583597070127692,0.0024081210374646833
baseline_last,y_BTC-USD,1,2024-08-25,-0.022583597070127692,0.0024081210374646833
baseline_last,y_BTC-USD,0,2024-08-26,-0.05369739018896724,-0.022583597070127692
baseline_last,y_BTC-USD,1,2024-08-26,-0.05369739018896724,-0.022583597070127692
baseline_last,y_BTC-USD,0,2024-08-27,-0.00800797843742207,-0.05369739018896724
baseline_last,y_BTC-USD,1,2024-08-27,-0.00800797843742207,-0.05369739018896724
baseline_last,y_BTC-USD,0,2024-08-28,0.006108236397788236,-0.00800797843742207
baseline_last,y_BTC-USD,1,2024-08-28,0.006108236397788236,-0.00800797843742207
baseline_last,y_BTC-USD,0,2024-08-29,-0.004524521990973862,0.006108236397788236
baseline_last,y_BTC-USD,1,2024-08-29,-0.004524521990973862,0.006108236397788236
baseline_last,y_BTC-USD,0,2024-08-30,-0.002530098940268344,-0.004524521990973862
baseline_last,y_BTC-USD,1,2024-08-30,-0.002530098940268344,-0.004524521990973862
baseline_last,y_BTC-USD,0,2024-08-31,-0.027885585694078285,-0.002530098940268344
baseline_last,y_BTC-USD,1,2024-08-31,-0.027885585694078285,-0.002530098940268344
baseline_last,y_BTC-USD,0,2024-09-01,0.031172733823612075,-0.027885585694078285
baseline_last,y_BTC-USD,1,2024-09-01,0.031172733823612075,-0.027885585694078285
baseline_last,y_BTC-USD,0,2024-09-02,-0.02844504270361159,0.031172733823612075
baseline_last,y_BTC-USD,1,2024-09-02,-0.02844504270361159,0.031172733823612075
baseline_last,y_BTC-USD,0,2024-09-03,0.00941156177702851,-0.02844504270361159
baseline_last,y_BTC-USD,1,2024-09-03,0.00941156177702851,-0.02844504270361159
baseline_last,y_BTC-USD,0,2024-09-04,-0.031240343288065575,0.00941156177702851
baseline_last,y_BTC-USD,1,2024-09-04,-0.031240343288065575,0.00941156177702851
baseline_last,y_BTC-USD,0,2024-09-05,-0.03938239218868078,-0.031240343288065575
baseline_last,y_BTC-USD,1,2024-09-05,-0.03938239218868078,-0.031240343288065575
baseline_last,y_BTC-USD,0,2024-09-06,0.003539165966313096,-0.03938239218868078
baseline_last,y_BTC-USD,1,2024-09-06,0.003539165966313096,-0.03938239218868078
baseline_last,y_BTC-USD,0,2024-09-07,0.012964221602682846,0.003539165966313096
baseline_last,y_BTC-USD,1,2024-09-07,0.012964221602682846,0.003539165966313096
baseline_last,y_BTC-USD,0,2024-09-08,0.039713831911113884,0.012964221602682846
baseline_last,y_BTC-USD,1,2024-09-08,0.039713831911113884,0.012964221602682846
baseline_last,y_BTC-USD,0,2024-09-09,0.011034389872275785,0.039713831911113884
baseline_last,y_BTC-USD,1,2024-09-09,0.011034389872275785,0.039713831911113884
baseline_last,y_BTC-USD,0,2024-09-10,-0.005300015516934153,0.011034389872275785
baseline_last,y_BTC-USD,1,2024-09-10,-0.005300015516934153,0.011034389872275785
baseline_last,y_BTC-USD,0,2024-09-11,0.013669279499548104,-0.005300015516934153
baseline_last,y_BTC-USD,1,2024-09-11,0.013669279499548104,-0.005300015516934153
baseline_last,y_BTC-USD,0,2024-09-12,0.04205082955798245,0.013669279499548104
baseline_last,y_BTC-USD,1,2024-09-12,0.04205082955798245,0.013669279499548104
baseline_last,y_BTC-USD,2,2024-09-12,0.04205082955798245,0.013669279499548104
baseline_last,y_BTC-USD,0,2024-09-13,-0.00934732588201681,0.04205082955798245
baseline_last,y_BTC-USD,1,2024-09-13,-0.00934732588201681,0.04205082955798245
baseline_last,y_BTC-USD,2,2024-09-13,-0.00934732588201681,0.04205082955798245
baseline_last,y_BTC-USD,0,2024-09-14,-0.013703582981947293,-0.00934732588201681
baseline_last,y_BTC-USD,1,2024-09-14,-0.013703582981947293,-0.00934732588201681
baseline_last,y_BTC-USD,2,2024-09-14,-0.013703582981947293,-0.00934732588201681
baseline_last,y_BTC-USD,0,2024-09-15,-0.016733367188517922,-0.013703582981947293
baseline_last,y_BTC-USD,1,2024-09-15,-0.016733367188517922,-0.013703582981947293
baseline_last,y_BTC-USD,2,2024-09-15,-0.016733367188517922,-0.013703582981947293
baseline_last,y_BTC-USD,0,2024-09-16,0.0363626062794542,-0.016733367188517922
baseline_last,y_BTC-USD,1,2024-09-16,0.0363626062794542,-0.016733367188517922
baseline_last,y_BTC-USD,2,2024-09-16,0.0363626062794542,-0.016733367188517922
baseline_last,y_BTC-USD,0,2024-09-17,0.02223798894564699,0.0363626062794542
baseline_last,y_BTC-USD,1,2024-09-17,0.02223798894564699,0.0363626062794542
baseline_last,y_BTC-USD,2,2024-09-17,0.02223798894564699,0.0363626062794542
baseline_last,y_BTC-USD,0,2024-09-18,0.020937291974474137,0.02223798894564699
baseline_last,y_BTC-USD,1,2024-09-18,0.020937291974474137,0.02223798894564699
baseline_last,y_BTC-USD,2,2024-09-18,0.020937291974474137,0.02223798894564699
baseline_last,y_BTC-USD,0,2024-09-19,0.004012038411551844,0.020937291974474137
baseline_last,y_BTC-USD,1,2024-09-19,0.004012038411551844,0.020937291974474137
baseline_last,y_BTC-USD,2,2024-09-19,0.004012038411551844,0.020937291974474137
baseline_last,y_BTC-USD,0,2024-09-20,0.003194394254405042,0.004012038411551844
baseline_last,y_BTC-USD,1,2024-09-20,0.003194394254405042,0.004012038411551844
baseline_last,y_BTC-USD,2,2024-09-20,0.003194394254405042,0.004012038411551844
baseline_last,y_BTC-USD,0,2024-09-21,0.004004601863112578,0.003194394254405042
baseline_last,y_BTC-USD,1,2024-09-21,0.004004601863112578,0.003194394254405042
baseline_last,y_BTC-USD,2,2024-09-21,0.004004601863112578,0.003194394254405042
baseline_last,y_BTC-USD,0,2024-09-22,-0.005010473135318549,0.004004601863112578
baseline_last,y_BTC-USD,1,2024-09-22,-0.005010473135318549,0.004004601863112578
baseline_last,y_BTC-USD,2,2024-09-22,-0.005010473135318549,0.004004601863112578
baseline_last,y_BTC-USD,0,2024-09-23,0.01535087678718594,-0.005010473135318549
baseline_last,y_BTC-USD,1,2024-09-23,0.01535087678718594,-0.005010473135318549
baseline_last,y_BTC-USD,2,2024-09-23,0.01535087678718594,-0.005010473135318549
baseline_last,y_BTC-USD,0,2024-09-24,-0.018021597802944433,0.01535087678718594
baseline_last,y_BTC-USD,1,2024-09-24,-0.018021597802944433,0.01535087678718594
baseline_last,y_BTC-USD,2,2024-09-24,-0.018021597802944433,0.01535087678718594
baseline_last,y_BTC-USD,0,2024-09-25,0.032273891570151925,-0.018021597802944433
baseline_last,y_BTC-USD,1,2024-09-25,0.032273891570151925,-0.018021597802944433
baseline_last,y_BTC-USD,2,2024-09-25,0.032273891570151925,-0.018021597802944433
baseline_last,y_BTC-USD,0,2024-09-26,0.00935309904070647,0.032273891570151925
baseline_last,y_BTC-USD,1,2024-09-26,0.00935309904070647,0.032273891570151925
baseline_last,y_BTC-USD,2,2024-09-26,0.00935309904070647,0.032273891570151925
baseline_last,y_BTC-USD,0,2024-09-27,0.0014741358273548943,0.00935309904070647
baseline_last,y_BTC-USD,1,2024-09-27,0.0014741358273548943,0.00935309904070647
baseline_last,y_BTC-USD,2,2024-09-27,0.0014741358273548943,0.00935309904070647
baseline_last,y_BTC-USD,0,2024-09-30,-0.039357521968434894,0.0014741358273548943
baseline_last,y_BTC-USD,1,2024-09-30,-0.039357521968434894,0.0014741358273548943
baseline_last,y_BTC-USD,2,2024-09-30,-0.039357521968434894,0.0014741358273548943
baseline_last,y_BTC-USD,0,2024-10-01,-0.0033568819965540397,-0.039357521968434894
baseline_last,y_BTC-USD,1,2024-10-01,-0.0033568819965540397,-0.039357521968434894
baseline_last,y_BTC-USD,2,2024-10-01,-0.0033568819965540397,-0.039357521968434894
baseline_last,y_BTC-USD,0,2024-10-02,0.0020882627636797935,-0.0033568819965540397
baseline_last,y_BTC-USD,1,2024-10-02,0.0020882627636797935,-0.0033568819965540397
baseline_last,y_BTC-USD,2,2024-10-02,0.0020882627636797935,-0.0033568819965540397
baseline_last,y_BTC-USD,0,2024-10-03,0.021528753876634443,0.0020882627636797935
baseline_last,y_BTC-USD,1,2024-10-03,0.021528753876634443,0.0020882627636797935
baseline_last,y_BTC-USD,2,2024-10-03,0.021528753876634443,0.0020882627636797935
baseline_last,y_BTC-USD,1,2024-10-04,0.0003620681473552878,0.021528753876634443
baseline_last,y_BTC-USD,2,2024-10-04,0.0003620681473552878,0.021528753876634443
baseline_last,y_BTC-USD,3,2024-10-04,0.0003620681473552878,0.021528753876634443
baseline_last,y_BTC-USD,1,2024-10-06,-0.009269383518558882,0.0003620681473552878
baseline_last,y_BTC-USD,2,2024-10-06,-0.009269383518558882,0.0003620681473552878
baseline_last,y_BTC-USD,3,2024-10-06,-0.009269383518558882,0.0003620681473552878
baseline_last,y_BTC-USD,1,2024-10-07,-0.001682150134457161,-0.009269383518558882
baseline_last,y_BTC-USD,2,2024-10-07,-0.001682150134457161,-0.009269383518558882
baseline_last,y_BTC-USD,3,2024-10-07,-0.001682150134457161,-0.009269383518558882
baseline_last,y_BTC-USD,1,2024-10-08,-0.024944762232405493,-0.001682150134457161
baseline_last,y_BTC-USD,2,2024-10-08,-0.024944762232405493,-0.001682150134457161
baseline_last,y_BTC-USD,3,2024-10-08,-0.024944762232405493,-0.001682150134457161
baseline_last,y_BTC-USD,1,2024-10-09,-0.005077433013489285,-0.024944762232405493
baseline_last,y_BTC-USD,2,2024-10-09,-0.005077433013489285,-0.024944762232405493
baseline_last,y_BTC-USD,3,2024-10-09,-0.005077433013489285,-0.024944762232405493
baseline_last,y_BTC-USD,1,2024-10-10,0.036011743668549645,-0.005077433013489285
baseline_last,y_BTC-USD,2,2024-10-10,0.036011743668549645,-0.005077433013489285
baseline_last,y_BTC-USD,3,2024-10-10,0.036011743668549645,-0.005077433013489285
baseline_last,y_BTC-USD,1,2024-10-11,0.011977460447594401,0.036011743668549645
baseline_last,y_BTC-USD,2,2024-10-11,0.011977460447594401,0.036011743668549645
baseline_last,y_BTC-USD,3,2024-10-11,0.011977460447594401,0.036011743668549645
baseline_last,y_BTC-USD,1,2024-10-12,-0.005406426515387475,0.011977460447594401
baseline_last,y_BTC-USD,2,2024-10-12,-0.005406426515387475,0.011977460447594401
baseline_last,y_BTC-USD,3,2024-10-12,-0.005406426515387475,0.011977460447594401
baseline_last,y_BTC-USD,1,2024-10-14,0.015064992457922477,-0.005406426515387475
baseline_last,y_BTC-USD,2,2024-10-14,0.015064992457922477,-0.005406426515387475
baseline_last,y_BTC-USD,3,2024-10-14,0.015064992457922477,-0.005406426515387475
baseline_last,y_BTC-USD,1,2024-10-15,0.008526251733136592,0.015064992457922477
baseline_last,y_BTC-USD,2,2024-10-15,0.008526251733136592,0.015064992457922477
baseline_last,y_BTC-USD,3,2024-10-15,0.008526251733136592,0.015064992457922477
baseline_last,y_BTC-USD,1,2024-10-16,-0.0031485616380424464,0.008526251733136592
baseline_last,y_BTC-USD,2,2024-10-16,-0.0031485616380424464,0.008526251733136592
baseline_last,y_BTC-USD,3,2024-10-16,-0.0031485616380424464,0.008526251733136592
baseline_last,y_BTC-USD,1,2024-10-17,0.015118035686984221,-0.0031485616380424464
baseline_last,y_BTC-USD,2,2024-10-17,0.015118035686984221,-0.0031485616380424464
baseline_last,y_BTC-USD,3,2024-10-17,0.015118035686984221,-0.0031485616380424464
baseline_last,y_BTC-USD,1,2024-10-18,-0.0008192879217548965,0.015118035686984221
baseline_last,y_BTC-USD,2,2024-10-18,-0.0008192879217548965,0.015118035686984221
baseline_last,y_BTC-USD,3,2024-10-18,-0.0008192879217548965,0.015118035686984221
baseline_last,y_BTC-USD,1,2024-10-19,0.009346740674458287,-0.0008192879217548965
baseline_last,y_BTC-USD,2,2024-10-19,0.009346740674458287,-0.0008192879217548965
baseline_last,y_BTC-USD,3,2024-10-19,0.009346740674458287,-0.0008192879217548965
baseline_last,y_BTC-USD,1,2024-10-20,-0.023678423698328066,0.009346740674458287
baseline_last,y_BTC-USD,2,2024-10-20,-0.023678423698328066,0.009346740674458287
baseline_last,y_BTC-USD,3,2024-10-20,-0.023678423698328066,0.009346740674458287
baseline_last,y_BTC-USD,1,2024-10-21,-9.567341618454961e-05,-0.023678423698328066
baseline_last,y_BTC-USD,2,2024-10-21,-9.567341618454961e-05,-0.023678423698328066
baseline_last,y_BTC-USD,3,2024-10-21,-9.567341618454961e-05,-0.023678423698328066
baseline_last,y_BTC-USD,1,2024-10-22,-0.01379441121005398,-9.567341618454961e-05
baseline_last,y_BTC-USD,2,2024-10-22,-0.01379441121005398,-9.567341618454961e-05
baseline_last,y_BTC-USD,3,2024-10-22,-0.01379441121005398,-9.567341618454961e-05
baseline_last,y_BTC-USD,1,2024-10-23,0.02602442034118191,-0.01379441121005398
baseline_last,y_BTC-USD,2,2024-10-23,0.02602442034118191,-0.01379441121005398
baseline_last,y_BTC-USD,3,2024-10-23,0.02602442034118191,-0.01379441121005398
baseline_last,y_BTC-USD,1,2024-10-24,-0.022280180844656217,0.02602442034118191
baseline_last,y_BTC-USD,2,2024-10-24,-0.022280180844656217,0.02602442034118191
baseline_last,y_BTC-USD,3,2024-10-24,-0.022280180844656217,0.02602442034118191
baseline_last,y_BTC-USD,1,2024-10-25,0.00558625096700216,-0.022280180844656217
baseline_last,y_BTC-USD,2,2024-10-25,0.00558625096700216,-0.022280180844656217
baseline_last,y_BTC-USD,3,2024-10-25,0.00558625096700216,-0.022280180844656217
baseline_last,y_BTC-USD,2,2024-10-27,0.029125296867722028,0.00558625096700216
baseline_last,y_BTC-USD,3,2024-10-27,0.029125296867722028,0.00558625096700216
baseline_last,y_BTC-USD,4,2024-10-27,0.029125296867722028,0.00558625096700216
baseline_last,y_BTC-USD,2,2024-10-28,0.04023493905417541,0.029125296867722028
baseline_last,y_BTC-USD,3,2024-10-28,0.04023493905417541,0.029125296867722028
baseline_last,y_BTC-USD,4,2024-10-28,0.04023493905417541,0.029125296867722028
baseline_last,y_BTC-USD,2,2024-10-29,-0.005238593875544262,0.04023493905417541
baseline_last,y_BTC-USD,3,2024-10-29,-0.005238593875544262,0.04023493905417541
baseline_last,y_BTC-USD,4,2024-10-29,-0.005238593875544262,0.04023493905417541
baseline_last,y_BTC-USD,2,2024-10-30,-0.029366396164960396,-0.005238593875544262
baseline_last,y_BTC-USD,3,2024-10-30,-0.029366396164960396,-0.005238593875544262
baseline_last,y_BTC-USD,4,2024-10-30,-0.029366396164960396,-0.005238593875544262
baseline_last,y_BTC-USD,2,2024-10-31,-0.010435331387529279,-0.029366396164960396
baseline_last,y_BTC-USD,3,2024-10-31,-0.010435331387529279,-0.029366396164960396
baseline_last,y_BTC-USD,4,2024-10-31,-0.010435331387529279,-0.029366396164960396
baseline_last,y_BTC-USD,2,2024-11-01,-0.0027804900426771084,-0.010435331387529279
baseline_last,y_BTC-USD,3,2024-11-01,-0.0027804900426771084,-0.010435331387529279
baseline_last,y_BTC-USD,4,2024-11-01,-0.0027804900426771084,-0.010435331387529279
baseline_last,y_BTC-USD,2,2024-11-02,-0.00791112711687536,-0.0027804900426771084
baseline_last,y_BTC-USD,3,2024-11-02,-0.00791112711687536,-0.0027804900426771084
baseline_last,y_BTC-USD,4,2024-11-02,-0.00791112711687536,-0.0027804900426771084
baseline_last,y_BTC-USD,2,2024-11-03,-0.013523338185854272,-0.00791112711687536
baseline_last,y_BTC-USD,3,2024-11-03,-0.013523338185854272,-0.00791112711687536
baseline_last,y_BTC-USD,4,2024-11-03,-0.013523338185854272,-0.00791112711687536
baseline_last,y_BTC-USD,2,2024-11-04,0.02282879023690776,-0.013523338185854272
baseline_last,y_BTC-USD,3,2024-11-04,0.02282879023690776,-0.013523338185854272
baseline_last,y_BTC-USD,4,2024-11-04,0.02282879023690776,-0.013523338185854272
baseline_last,y_BTC-USD,2,2024-11-05,0.09053568676993895,0.02282879023690776
baseline_last,y_BTC-USD,3,2024-11-05,0.09053568676993895,0.02282879023690776
baseline_last,y_BTC-USD,4,2024-11-05,0.09053568676993895,0.02282879023690776
baseline_last,y_BTC-USD,2,2024-11-06,0.003513808689745934,0.09053568676993895
baseline_last,y_BTC-USD,3,2024-11-06,0.003513808689745934,0.09053568676993895
baseline_last,y_BTC-USD,4,2024-11-06,0.003513808689745934,0.09053568676993895
baseline_last,y_BTC-USD,2,2024-11-07,0.008439738809541852,0.003513808689745934
baseline_last,y_BTC-USD,3,2024-11-07,0.008439738809541852,0.003513808689745934
baseline_last,y_BTC-USD,4,2024-11-07,0.008439738809541852,0.003513808689745934
baseline_last,y_BTC-USD,2,2024-11-08,0.0030490452928257916,0.008439738809541852
baseline_last,y_BTC-USD,3,2024-11-08,0.0030490452928257916,0.008439738809541852
baseline_last,y_BTC-USD,4,2024-11-08,0.0030490452928257916,0.008439738809541852
baseline_last,y_BTC-USD,2,2024-11-09,0.048129393514959595,0.0030490452928257916
baseline_last,y_BTC-USD,3,2024-11-09,0.048129393514959595,0.0030490452928257916
baseline_last,y_BTC-USD,4,2024-11-09,0.048129393514959595,0.0030490452928257916
baseline_last,y_BTC-USD,2,2024-11-10,0.10223522760015435,0.048129393514959595
baseline_last,y_BTC-USD,3,2024-11-10,0.10223522760015435,0.048129393514959595
baseline_last,y_BTC-USD,4,2024-11-10,0.10223522760015435,0.048129393514959595
baseline_last,y_BTC-USD,2,2024-11-11,-0.008406532091926988,0.10223522760015435
baseline_last,y_BTC-USD,3,2024-11-11,-0.008406532091926988,0.10223522760015435
baseline_last,y_BTC-USD,4,2024-11-11,-0.008406532091926988,0.10223522760015435
baseline_last,y_BTC-USD,2,2024-11-12,0.029882636380625716,-0.008406532091926988
baseline_last,y_BTC-USD,3,2024-11-12,0.029882636380625716,-0.008406532091926988
baseline_last,y_BTC-USD,4,2024-11-12,0.029882636380625716,-0.008406532091926988
baseline_last,y_BTC-USD,2,2024-11-13,-0.03680261786927608,0.029882636380625716
baseline_last,y_BTC-USD,3,2024-11-13,-0.03680261786927608,0.029882636380625716
baseline_last,y_BTC-USD,4,2024-11-13,-0.03680261786927608,0.029882636380625716
baseline_last,y_BTC-USD,2,2024-11-14,0.04373133907381366,-0.03680261786927608
baseline_last,y_BTC-USD,3,2024-11-14,0.04373133907381366,-0.03680261786927608
baseline_last,y_BTC-USD,4,2024-11-14,0.04373133907381366,-0.03680261786927608
baseline_last,y_BTC-USD,2,2024-11-15,-0.005573223886622736,0.04373133907381366
baseline_last,y_BTC-USD,3,2024-11-15,-0.005573223886622736,0.04373133907381366
baseline_last,y_BTC-USD,4,2024-11-15,-0.005573223886622736,0.04373133907381366
baseline_last,y_BTC-USD,3,2024-11-16,-0.007869224693816235,-0.005573223886622736
baseline_last,y_BTC-USD,4,2024-11-16,-0.007869224693816235,-0.005573223886622736
baseline_last,y_BTC-USD,5,2024-11-16,-0.007869224693816235,-0.005573223886622736
baseline_last,y_BTC-USD,3,2024-11-17,0.007755383808848215,-0.007869224693816235
baseline_last,y_BTC-USD,4,2024-11-17,0.007755383808848215,-0.007869224693816235
baseline_last,y_BTC-USD,5,2024-11-17,0.007755383808848215,-0.007869224693816235
baseline_last,y_BTC-USD,3,2024-11-18,0.019892819836786257,0.007755383808848215
baseline_last,y_BTC-USD,4,2024-11-18,0.019892819836786257,0.007755383808848215
baseline_last,y_BTC-USD,5,2024-11-18,0.019892819836786257,0.007755383808848215
baseline_last,y_BTC-USD,3,2024-11-19,0.02161166598491282,0.019892819836786257
baseline_last,y_BTC-USD,4,2024-11-19,0.02161166598491282,0.019892819836786257
baseline_last,y_BTC-USD,5,2024-11-19,0.02161166598491282,0.019892819836786257
baseline_last,y_BTC-USD,3,2024-11-20,0.044151545428309014,0.02161166598491282
baseline_last,y_BTC-USD,4,2024-11-20,0.044151545428309014,0.02161166598491282
baseline_last,y_BTC-USD,5,2024-11-20,0.044151545428309014,0.02161166598491282
baseline_last,y_BTC-USD,3,2024-11-21,0.005004201495724558,0.044151545428309014
baseline_last,y_BTC-USD,4,2024-11-21,0.005004201495724558,0.044151545428309014
baseline_last,y_BTC-USD,5,2024-11-21,0.005004201495724558,0.044151545428309014
baseline_last,y_BTC-USD,3,2024-11-22,-0.012327389984975179,0.005004201495724558
baseline_last,y_BTC-USD,4,2024-11-22,-0.012327389984975179,0.005004201495724558
baseline_last,y_BTC-USD,5,2024-11-22,-0.012327389984975179,0.005004201495724558
baseline_last,y_BTC-USD,3,2024-11-23,0.002419161787646784,-0.012327389984975179
baseline_last,y_BTC-USD,4,2024-11-23,0.002419161787646784,-0.012327389984975179
baseline_last,y_BTC-USD,5,2024-11-23,0.002419161787646784,-0.012327389984975179
baseline_last,y_BTC-USD,3,2024-11-25,-0.011997304040733403,0.002419161787646784
baseline_last,y_BTC-USD,4,2024-11-25,-0.011997304040733403,0.002419161787646784
baseline_last,y_BTC-USD,5,2024-11-25,-0.011997304040733403,0.002419161787646784
baseline_last,y_BTC-USD,3,2024-11-26,0.04323745271515378,-0.011997304040733403
baseline_last,y_BTC-USD,4,2024-11-26,0.04323745271515378,-0.011997304040733403
baseline_last,y_BTC-USD,5,2024-11-26,0.04323745271515378,-0.011997304040733403
baseline_last,y_BTC-USD,3,2024-11-27,-0.0032310787967048116,0.04323745271515378
baseline_last,y_BTC-USD,4,2024-11-27,-0.0032310787967048116,0.04323745271515378
baseline_last,y_BTC-USD,5,2024-11-27,-0.0032310787967048116,0.04323745271515378
baseline_last,y_BTC-USD,3,2024-11-28,0.018912786163713058,-0.0032310787967048116
baseline_last,y_BTC-USD,4,2024-11-28,0.018912786163713058,-0.0032310787967048116
baseline_last,y_BTC-USD,5,2024-11-28,0.018912786163713058,-0.0032310787967048116
baseline_last,y_BTC-USD,3,2024-11-29,-0.010388394458550332,0.018912786163713058
baseline_last,y_BTC-USD,4,2024-11-29,-0.010388394458550332,0.018912786163713058
baseline_last,y_BTC-USD,5,2024-11-29,-0.010388394458550332,0.018912786163713058
baseline_last,y_BTC-USD,3,2024-11-30,0.008613193542348574,-0.010388394458550332
baseline_last,y_BTC-USD,4,2024-11-30,0.008613193542348574,-0.010388394458550332
baseline_last,y_BTC-USD,5,2024-11-30,0.008613193542348574,-0.010388394458550332
baseline_last,y_BTC-USD,3,2024-12-02,0.0014276215513644441,0.008613193542348574
baseline_last,y_BTC-USD,4,2024-12-02,0.0014276215513644441,0.008613193542348574
baseline_last,y_BTC-USD,5,2024-12-02,0.0014276215513644441,0.008613193542348574
baseline_last,y_BTC-USD,3,2024-12-03,0.02881567529768403,0.0014276215513644441
baseline_last,y_BTC-USD,4,2024-12-03,0.02881567529768403,0.0014276215513644441
baseline_last,y_BTC-USD,5,2024-12-03,0.02881567529768403,0.0014276215513644441
baseline_last,y_BTC-USD,3,2024-12-04,-0.022020788503929523,0.02881567529768403
baseline_last,y_BTC-USD,4,2024-12-04,-0.022020788503929523,0.02881567529768403
baseline_last,y_BTC-USD,5,2024-12-04,-0.022020788503929523,0.02881567529768403
baseline_last,y_BTC-USD,3,2024-12-05,0.03444474217316973,-0.022020788503929523
baseline_last,y_BTC-USD,4,2024-12-05,0.03444474217316973,-0.022020788503929523
baseline_last,y_BTC-USD,5,2024-12-05,0.03444474217316973,-0.022020788503929523
baseline_last,y_BTC-USD,3,2024-12-06,2.627082989481444e-05,0.03444474217316973
baseline_last,y_BTC-USD,4,2024-12-06,2.627082989481444e-05,0.03444474217316973
baseline_last,y_BTC-USD,5,2024-12-06,2.627082989481444e-05,0.03444474217316973
baseline_last,y_BTC-USD,3,2024-12-07,0.013136868131795154,2.627082989481444e-05
baseline_last,y_BTC-USD,4,2024-12-07,0.013136868131795154,2.627082989481444e-05
baseline_last,y_BTC-USD,5,2024-12-07,0.013136868131795154,2.627082989481444e-05
baseline_last,y_BTC-USD,4,2024-12-08,-0.03756861480096407,0.013136868131795154
baseline_last,y_BTC-USD,5,2024-12-08,-0.03756861480096407,0.013136868131795154
baseline_last,y_BTC-USD,6,2024-12-08,-0.03756861480096407,0.013136868131795154
baseline_last,y_BTC-USD,4,2024-12-09,-0.007772430783165474,-0.03756861480096407
baseline_last,y_BTC-USD,5,2024-12-09,-0.007772430783165474,-0.03756861480096407
baseline_last,y_BTC-USD,6,2024-12-09,-0.007772430783165474,-0.03756861480096407
baseline_last,y_BTC-USD,4,2024-12-10,0.04652269534294651,-0.007772430783165474
baseline_last,y_BTC-USD,5,2024-12-10,0.04652269534294651,-0.007772430783165474
baseline_last,y_BTC-USD,6,2024-12-10,0.04652269534294651,-0.007772430783165474
baseline_last,y_BTC-USD,4,2024-12-11,-0.011169293200355757,0.04652269534294651
baseline_last,y_BTC-USD,5,2024-12-11,-0.011169293200355757,0.04652269534294651
baseline_last,y_BTC-USD,6,2024-12-11,-0.011169293200355757,0.04652269534294651
baseline_last,y_BTC-USD,4,2024-12-12,0.014156490833941326,-0.011169293200355757
baseline_last,y_BTC-USD,5,2024-12-12,0.014156490833941326,-0.011169293200355757
baseline_last,y_BTC-USD,6,2024-12-12,0.014156490833941326,-0.011169293200355757
baseline_last,y_BTC-USD,4,2024-12-13,-0.0008504799301751742,0.014156490833941326
baseline_last,y_BTC-USD,5,2024-12-13,-0.0008504799301751742,0.014156490833941326
baseline_last,y_BTC-USD,6,2024-12-13,-0.0008504799301751742,0.014156490833941326
baseline_last,y_BTC-USD,4,2024-12-14,0.02886101293644905,-0.0008504799301751742
baseline_last,y_BTC-USD,5,2024-12-14,0.02886101293644905,-0.0008504799301751742
baseline_last,y_BTC-USD,6,2024-12-14,0.02886101293644905,-0.0008504799301751742
baseline_last,y_BTC-USD,4,2024-12-16,0.001045771070669721,0.02886101293644905
baseline_last,y_BTC-USD,5,2024-12-16,0.001045771070669721,0.02886101293644905
baseline_last,y_BTC-USD,6,2024-12-16,0.001045771070669721,0.02886101293644905
baseline_last,y_BTC-USD,4,2024-12-17,-0.057462106019896764,0.001045771070669721
baseline_last,y_BTC-USD,5,2024-12-17,-0.057462106019896764,0.001045771070669721
baseline_last,y_BTC-USD,6,2024-12-17,-0.057462106019896764,0.001045771070669721
baseline_last,y_BTC-USD,4,2024-12-18,-0.025495268879325628,-0.057462106019896764
baseline_last,y_BTC-USD,5,2024-12-18,-0.025495268879325628,-0.057462106019896764
baseline_last,y_BTC-USD,6,2024-12-18,-0.025495268879325628,-0.057462106019896764
baseline_last,y_BTC-USD,4,2024-12-19,0.002717960528709318,-0.025495268879325628
baseline_last,y_BTC-USD,5,2024-12-19,0.002717960528709318,-0.025495268879325628
baseline_last,y_BTC-USD,6,2024-12-19,0.002717960528709318,-0.025495268879325628
baseline_last,y_BTC-USD,4,2024-12-20,-0.005433973434635808,0.002717960528709318
baseline_last,y_BTC-USD,5,2024-12-20,-0.005433973434635808,0.002717960528709318
baseline_last,y_BTC-USD,6,2024-12-20,-0.005433973434635808,0.002717960528709318
baseline_last,y_BTC-USD,4,2024-12-21,-0.021802983021374844,-0.005433973434635808
baseline_last,y_BTC-USD,5,2024-12-21,-0.021802983021374844,-0.005433973434635808
baseline_last,y_BTC-USD,6,2024-12-21,-0.021802983021374844,-0.005433973434635808
baseline_last,y_BTC-USD,4,2024-12-22,-0.004402456102765462,-0.021802983021374844
baseline_last,y_BTC-USD,5,2024-12-22,-0.004402456102765462,-0.021802983021374844
baseline_last,y_BTC-USD,6,2024-12-22,-0.004402456102765462,-0.021802983021374844
baseline_last,y_BTC-USD,4,2024-12-23,0.04213760595334648,-0.004402456102765462
baseline_last,y_BTC-USD,5,2024-12-23,0.04213760595334648,-0.004402456102765462
baseline_last,y_BTC-USD,6,2024-12-23,0.04213760595334648,-0.004402456102765462
baseline_last,y_BTC-USD,4,2024-12-24,0.0063146152104343045,0.04213760595334648
baseline_last,y_BTC-USD,5,2024-12-24,0.0063146152104343045,0.04213760595334648
baseline_last,y_BTC-USD,6,2024-12-24,0.0063146152104343045,0.04213760595334648
baseline_last,y_BTC-USD,4,2024-12-26,-0.017022260795415023,0.0063146152104343045
baseline_last,y_BTC-USD,5,2024-12-26,-0.017022260795415023,0.0063146152104343045
baseline_last,y_BTC-USD,6,2024-12-26,-0.017022260795415023,0.0063146152104343045
baseline_last,y_BTC-USD,4,2024-12-27,0.010609799867287384,-0.017022260795415023
baseline_last,y_BTC-USD,5,2024-12-27,0.010609799867287384,-0.017022260795415023
baseline_last,y_BTC-USD,6,2024-12-27,0.010609799867287384,-0.017022260795415023
baseline_last,y_BTC-USD,4,2024-12-28,-0.017167251608511402,0.010609799867287384
baseline_last,y_BTC-USD,5,2024-12-28,-0.017167251608511402,0.010609799867287384
baseline_last,y_BTC-USD,6,2024-12-28,-0.017167251608511402,0.010609799867287384
baseline_last,y_BTC-USD,4,2024-12-29,-0.00948373223930199,-0.017167251608511402
baseline_last,y_BTC-USD,5,2024-12-29,-0.00948373223930199,-0.017167251608511402
baseline_last,y_BTC-USD,6,2024-12-29,-0.00948373223930199,-0.017167251608511402
baseline_last,y_BTC-USD,5,2024-12-30,0.008484077565384274,-0.00948373223930199
baseline_last,y_BTC-USD,6,2024-12-30,0.008484077565384274,-0.00948373223930199
baseline_last,y_BTC-USD,7,2024-12-30,0.008484077565384274,-0.00948373223930199
baseline_last,y_BTC-USD,5,2024-12-31,0.010602195613021781,0.008484077565384274
baseline_last,y_BTC-USD,6,2024-12-31,0.010602195613021781,0.008484077565384274
baseline_last,y_BTC-USD,7,2024-12-31,0.010602195613021781,0.008484077565384274
baseline_last,y_BTC-USD,5,2025-01-02,0.012597729955682757,0.010602195613021781
baseline_last,y_BTC-USD,6,2025-01-02,0.012597729955682757,0.010602195613021781
baseline_last,y_BTC-USD,7,2025-01-02,0.012597729955682757,0.010602195613021781
baseline_last,y_BTC-USD,5,2025-01-03,0.0013128146911018934,0.012597729955682757
baseline_last,y_BTC-USD,6,2025-01-03,0.0013128146911018934,0.012597729955682757
baseline_last,y_BTC-USD,7,2025-01-03,0.0013128146911018934,0.012597729955682757
baseline_last,y_BTC-USD,5,2025-01-04,0.0008014800420892421,0.0013128146911018934
baseline_last,y_BTC-USD,6,2025-01-04,0.0008014800420892421,0.0013128146911018934
baseline_last,y_BTC-USD,7,2025-01-04,0.0008014800420892421,0.0013128146911018934
baseline_last,y_BTC-USD,5,2025-01-05,0.03827621924594227,0.0008014800420892421
baseline_last,y_BTC-USD,6,2025-01-05,0.03827621924594227,0.0008014800420892421
baseline_last,y_BTC-USD,7,2025-01-05,0.03827621924594227,0.0008014800420892421
baseline_last,y_BTC-USD,5,2025-01-06,-0.05050430525956884,0.03827621924594227
baseline_last,y_BTC-USD,6,2025-01-06,-0.05050430525956884,0.03827621924594227
baseline_last,y_BTC-USD,7,2025-01-06,-0.05050430525956884,0.03827621924594227
baseline_last,y_BTC-USD,5,2025-01-07,-0.019388436629511285,-0.05050430525956884
baseline_last,y_BTC-USD,6,2025-01-07,-0.019388436629511285,-0.05050430525956884
baseline_last,y_BTC-USD,7,2025-01-07,-0.019388436629511285,-0.05050430525956884
baseline_last,y_BTC-USD,5,2025-01-08,-0.026929603222076492,-0.019388436629511285
baseline_last,y_BTC-USD,6,2025-01-08,-0.026929603222076492,-0.019388436629511285
baseline_last,y_BTC-USD,7,2025-01-08,-0.026929603222076492,-0.019388436629511285
baseline_last,y_BTC-USD,5,2025-01-09,0.023976181025154863,-0.026929603222076492
baseline_last,y_BTC-USD,6,2025-01-09,0.023976181025154863,-0.026929603222076492
baseline_last,y_BTC-USD,7,2025-01-09,0.023976181025154863,-0.026929603222076492
baseline_last,y_BTC-USD,5,2025-01-10,-0.001424047578467369,0.023976181025154863
baseline_last,y_BTC-USD,6,2025-01-10,-0.001424047578467369,0.023976181025154863
baseline_last,y_BTC-USD,7,2025-01-10,-0.001424047578467369,0.023976181025154863
baseline_last,y_BTC-USD,5,2025-01-11,-0.0008264678561502592,-0.001424047578467369
baseline_last,y_BTC-USD,6,2025-01-11,-0.0008264678561502592,-0.001424047578467369
baseline_last,y_BTC-USD,7,2025-01-11,-0.0008264678561502592,-0.001424047578467369
baseline_last,y_BTC-USD,5,2025-01-12,0.00029724205673309356,-0.0008264678561502592
baseline_last,y_BTC-USD,6,2025-01-12,0.00029724205673309356,-0.0008264678561502592
baseline_last,y_BTC-USD,7,2025-01-12,0.00029724205673309356,-0.0008264678561502592
baseline_last,y_BTC-USD,5,2025-01-13,0.021345722040169157,0.00029724205673309356
baseline_last,y_BTC-USD,6,2025-01-13,0.021345722040169157,0.00029724205673309356
baseline_last,y_BTC-USD,7,2025-01-13,0.021345722040169157,0.00029724205673309356
baseline_last,y_BTC-USD,5,2025-01-14,0.041129999632577796,0.021345722040169157
baseline_last,y_BTC-USD,6,2025-01-14,0.041129999632577796,0.021345722040169157
baseline_last,y_BTC-USD,7,2025-01-14,0.041129999632577796,0.021345722040169157
baseline_last,y_BTC-USD,5,2025-01-15,-0.0074383335632930425,0.041129999632577796
baseline_last,y_BTC-USD,6,2025-01-15,-0.0074383335632930425,0.041129999632577796
baseline_last,y_BTC-USD,7,2025-01-15,-0.0074383335632930425,0.041129999632577796
baseline_last,y_BTC-USD,5,2025-01-16,0.04716598568833419,-0.0074383335632930425
baseline_last,y_BTC-USD,6,2025-01-16,0.04716598568833419,-0.0074383335632930425
baseline_last,y_BTC-USD,7,2025-01-16,0.04716598568833419,-0.0074383335632930425
baseline_last,y_BTC-USD,5,2025-01-17,-0.000516635042589142,0.04716598568833419
baseline_last,y_BTC-USD,6,2025-01-17,-0.000516635042589142,0.04716598568833419
baseline_last,y_BTC-USD,7,2025-01-17,-0.000516635042589142,0.04716598568833419
baseline_last,y_BTC-USD,5,2025-01-18,-0.03178356737719257,-0.000516635042589142
baseline_last,y_BTC-USD,6,2025-01-18,-0.03178356737719257,-0.000516635042589142
baseline_last,y_BTC-USD,7,2025-01-18,-0.03178356737719257,-0.000516635042589142
baseline_last,y_BTC-USD,5,2025-01-19,0.009170622908047932,-0.03178356737719257
baseline_last,y_BTC-USD,6,2025-01-19,0.009170622908047932,-0.03178356737719257
baseline_last,y_BTC-USD,7,2025-01-19,0.009170622908047932,-0.03178356737719257
baseline_last,y_BTC-USD,6,2025-01-20,0.040479676535688514,0.009170622908047932
baseline_last,y_BTC-USD,7,2025-01-20,0.040479676535688514,0.009170622908047932
baseline_last,y_BTC-USD,8,2025-01-20,0.040479676535688514,0.009170622908047932
baseline_last,y_BTC-USD,6,2025-01-21,-0.023488299826845638,0.040479676535688514
baseline_last,y_BTC-USD,7,2025-01-21,-0.023488299826845638,0.040479676535688514
baseline_last,y_BTC-USD,8,2025-01-21,-0.023488299826845638,0.040479676535688514
baseline_last,y_BTC-USD,6,2025-01-22,0.002962783076025932,-0.023488299826845638
baseline_last,y_BTC-USD,7,2025-01-22,0.002962783076025932,-0.023488299826845638
baseline_last,y_BTC-USD,8,2025-01-22,0.002962783076025932,-0.023488299826845638
baseline_last,y_BTC-USD,6,2025-01-23,0.008265785680243276,0.002962783076025932
baseline_last,y_BTC-USD,7,2025-01-23,0.008265785680243276,0.002962783076025932
baseline_last,y_BTC-USD,8,2025-01-23,0.008265785680243276,0.002962783076025932
baseline_last,y_BTC-USD,6,2025-01-24,-0.0010001569662844156,0.008265785680243276
baseline_last,y_BTC-USD,7,2025-01-24,-0.0010001569662844156,0.008265785680243276
baseline_last,y_BTC-USD,8,2025-01-24,-0.0010001569662844156,0.008265785680243276
baseline_last,y_BTC-USD,6,2025-01-25,-0.019406534499448846,-0.0010001569662844156
baseline_last,y_BTC-USD,7,2025-01-25,-0.019406534499448846,-0.0010001569662844156
baseline_last,y_BTC-USD,8,2025-01-25,-0.019406534499448846,-0.0010001569662844156
baseline_last,y_BTC-USD,6,2025-01-26,-0.005792734886665207,-0.019406534499448846
baseline_last,y_BTC-USD,7,2025-01-26,-0.005792734886665207,-0.019406534499448846
baseline_last,y_BTC-USD,8,2025-01-26,-0.005792734886665207,-0.019406534499448846
baseline_last,y_BTC-USD,6,2025-01-27,-0.007397669160641884,-0.005792734886665207
baseline_last,y_BTC-USD,7,2025-01-27,-0.007397669160641884,-0.005792734886665207
baseline_last,y_BTC-USD,8,2025-01-27,-0.007397669160641884,-0.005792734886665207
baseline_last,y_BTC-USD,6,2025-01-28,0.023395602825692086,-0.007397669160641884
baseline_last,y_BTC-USD,7,2025-01-28,0.023395602825692086,-0.007397669160641884
baseline_last,y_BTC-USD,8,2025-01-28,0.023395602825692086,-0.007397669160641884
baseline_last,y_BTC-USD,6,2025-01-29,0.009952379879751394,0.023395602825692086
baseline_last,y_BTC-USD,7,2025-01-29,0.009952379879751394,0.023395602825692086
baseline_last,y_BTC-USD,8,2025-01-29,0.009952379879751394,0.023395602825692086
baseline_last,y_BTC-USD,6,2025-01-30,-0.022249243050878498,0.009952379879751394
baseline_last,y_BTC-USD,7,2025-01-30,-0.022249243050878498,0.009952379879751394
baseline_last,y_BTC-USD,8,2025-01-30,-0.022249243050878498,0.009952379879751394
baseline_last,y_BTC-USD,6,2025-01-31,-0.017080384621634526,-0.022249243050878498
baseline_last,y_BTC-USD,7,2025-01-31,-0.017080384621634526,-0.022249243050878498
baseline_last,y_BTC-USD,8,2025-01-31,-0.017080384621634526,-0.022249243050878498
baseline_last,y_BTC-USD,6,2025-02-01,-0.02947596219670423,-0.017080384621634526
baseline_last,y_BTC-USD,7,2025-02-01,-0.02947596219670423,-0.017080384621634526
baseline_last,y_BTC-USD,8,2025-02-01,-0.02947596219670423,-0.017080384621634526
baseline_last,y_BTC-USD,6,2025-02-02,0.03804365081173988,-0.02947596219670423
baseline_last,y_BTC-USD,7,2025-02-02,0.03804365081173988,-0.02947596219670423
baseline_last,y_BTC-USD,8,2025-02-02,0.03804365081173988,-0.02947596219670423
baseline_last,y_BTC-USD,6,2025-02-03,-0.034846278405663456,0.03804365081173988
baseline_last,y_BTC-USD,7,2025-02-03,-0.034846278405663456,0.03804365081173988
baseline_last,y_BTC-USD,8,2025-02-03,-0.034846278405663456,0.03804365081173988
baseline_last,y_BTC-USD,6,2025-02-04,-0.012836943218062724,-0.034846278405663456
baseline_last,y_BTC-USD,7,2025-02-04,-0.012836943218062724,-0.034846278405663456
baseline_last,y_BTC-USD,8,2025-02-04,-0.012836943218062724,-0.034846278405663456
baseline_last,y_BTC-USD,6,2025-02-05,-0.00022924323774897726,-0.012836943218062724
baseline_last,y_BTC-USD,7,2025-02-05,-0.00022924323774897726,-0.012836943218062724
baseline_last,y_BTC-USD,8,2025-02-05,-0.00022924323774897726,-0.012836943218062724
baseline_last,y_BTC-USD,6,2025-02-06,-0.0006647556256734743,-0.00022924323774897726
baseline_last,y_BTC-USD,7,2025-02-06,-0.0006647556256734743,-0.00022924323774897726
baseline_last,y_BTC-USD,8,2025-02-06,-0.0006647556256734743,-0.00022924323774897726
baseline_last,y_BTC-USD,6,2025-02-07,-0.00048309597099249757,-0.0006647556256734743
baseline_last,y_BTC-USD,7,2025-02-07,-0.00048309597099249757,-0.0006647556256734743
baseline_last,y_BTC-USD,8,2025-02-07,-0.00048309597099249757,-0.0006647556256734743
baseline_last,y_BTC-USD,6,2025-02-08,0.00018283765004545316,-0.00048309597099249757
baseline_last,y_BTC-USD,7,2025-02-08,0.00018283765004545316,-0.00048309597099249757
baseline_last,y_BTC-USD,8,2025-02-08,0.00018283765004545316,-0.00048309597099249757
baseline_last,y_BTC-USD,7,2025-02-09,0.009714611676219231,0.00018283765004545316
baseline_last,y_BTC-USD,8,2025-02-09,0.009714611676219231,0.00018283765004545316
baseline_last,y_BTC-USD,9,2025-02-09,0.009714611676219231,0.00018283765004545316
baseline_last,y_BTC-USD,7,2025-02-10,-0.017345724709743937,0.009714611676219231
baseline_last,y_BTC-USD,8,2025-02-10,-0.017345724709743937,0.009714611676219231
baseline_last,y_BTC-USD,9,2025-02-10,-0.017345724709743937,0.009714611676219231
baseline_last,y_BTC-USD,7,2025-02-11,0.02233406885677658,-0.017345724709743937
baseline_last,y_BTC-USD,8,2025-02-11,0.02233406885677658,-0.017345724709743937
baseline_last,y_BTC-USD,9,2025-02-11,0.02233406885677658,-0.017345724709743937
baseline_last,y_BTC-USD,7,2025-02-12,-0.012892487184132717,0.02233406885677658
baseline_last,y_BTC-USD,8,2025-02-12,-0.012892487184132717,0.02233406885677658
baseline_last,y_BTC-USD,9,2025-02-12,-0.012892487184132717,0.02233406885677658
baseline_last,y_BTC-USD,7,2025-02-13,0.009160278803397981,-0.012892487184132717
baseline_last,y_BTC-USD,8,2025-02-13,0.009160278803397981,-0.012892487184132717
baseline_last,y_BTC-USD,9,2025-02-13,0.009160278803397981,-0.012892487184132717
baseline_last,y_BTC-USD,7,2025-02-14,0.0007320640697474623,0.009160278803397981
baseline_last,y_BTC-USD,8,2025-02-14,0.0007320640697474623,0.009160278803397981
baseline_last,y_BTC-USD,9,2025-02-14,0.0007320640697474623,0.009160278803397981
baseline_last,y_BTC-USD,7,2025-02-15,-0.014401672980240199,0.0007320640697474623
baseline_last,y_BTC-USD,8,2025-02-15,-0.014401672980240199,0.0007320640697474623
baseline_last,y_BTC-USD,9,2025-02-15,-0.014401672980240199,0.0007320640697474623
baseline_last,y_BTC-USD,7,2025-02-16,-0.004176223623530095,-0.014401672980240199
baseline_last,y_BTC-USD,8,2025-02-16,-0.004176223623530095,-0.014401672980240199
baseline_last,y_BTC-USD,9,2025-02-16,-0.004176223623530095,-0.014401672980240199
baseline_last,y_BTC-USD,7,2025-02-17,-0.0024415545387781457,-0.004176223623530095
baseline_last,y_BTC-USD,8,2025-02-17,-0.0024415545387781457,-0.004176223623530095
baseline_last,y_BTC-USD,9,2025-02-17,-0.0024415545387781457,-0.004176223623530095
baseline_last,y_BTC-USD,7,2025-02-18,0.011472343504350446,-0.0024415545387781457
baseline_last,y_BTC-USD,8,2025-02-18,0.011472343504350446,-0.0024415545387781457
baseline_last,y_BTC-USD,9,2025-02-18,0.011472343504350446,-0.0024415545387781457
baseline_last,y_BTC-USD,7,2025-02-19,0.017574558032842136,0.011472343504350446
baseline_last,y_BTC-USD,8,2025-02-19,0.017574558032842136,0.011472343504350446
baseline_last,y_BTC-USD,9,2025-02-19,0.017574558032842136,0.011472343504350446
baseline_last,y_BTC-USD,7,2025-02-20,-0.02245807176184722,0.017574558032842136
baseline_last,y_BTC-USD,8,2025-02-20,-0.02245807176184722,0.017574558032842136
baseline_last,y_BTC-USD,9,2025-02-20,-0.02245807176184722,0.017574558032842136
baseline_last,y_BTC-USD,7,2025-02-21,0.0047043783073406065,-0.02245807176184722
baseline_last,y_BTC-USD,8,2025-02-21,0.0047043783073406065,-0.02245807176184722
baseline_last,y_BTC-USD,9,2025-02-21,0.0047043783073406065,-0.02245807176184722
baseline_last,y_BTC-USD,7,2025-02-22,-0.0031460239332733453,0.0047043783073406065
baseline_last,y_BTC-USD,8,2025-02-22,-0.0031460239332733453,0.0047043783073406065
baseline_last,y_BTC-USD,9,2025-02-22,-0.0031460239332733453,0.0047043783073406065
baseline_last,y_BTC-USD,7,2025-02-23,-0.05043681513571874,-0.0031460239332733453
baseline_last,y_BTC-USD,8,2025-02-23,-0.05043681513571874,-0.0031460239332733453
baseline_last,y_BTC-USD,9,2025-02-23,-0.05043681513571874,-0.0031460239332733453
baseline_last,y_BTC-USD,7,2025-02-24,-0.029337712021491935,-0.05043681513571874
baseline_last,y_BTC-USD,8,2025-02-24,-0.029337712021491935,-0.05043681513571874
baseline_last,y_BTC-USD,9,2025-02-24,-0.029337712021491935,-0.05043681513571874
baseline_last,y_BTC-USD,7,2025-02-25,-0.04946290046952739,-0.029337712021491935
baseline_last,y_BTC-USD,8,2025-02-25,-0.04946290046952739,-0.029337712021491935
baseline_last,y_BTC-USD,9,2025-02-25,-0.04946290046952739,-0.029337712021491935
baseline_last,y_BTC-USD,7,2025-02-26,0.004234922709094535,-0.04946290046952739
baseline_last,y_BTC-USD,8,2025-02-26,0.004234922709094535,-0.04946290046952739
baseline_last,y_BTC-USD,9,2025-02-26,0.004234922709094535,-0.04946290046952739
baseline_last,y_BTC-USD,7,2025-02-27,-0.003910297790814532,0.004234922709094535
baseline_last,y_BTC-USD,8,2025-02-27,-0.003910297790814532,0.004234922709094535
baseline_last,y_BTC-USD,9,2025-02-27,-0.003910297790814532,0.004234922709094535
baseline_last,y_BTC-USD,7,2025-02-28,0.019661575342751147,-0.003910297790814532
baseline_last,y_BTC-USD,8,2025-02-28,0.019661575342751147,-0.003910297790814532
baseline_last,y_BTC-USD,9,2025-02-28,0.019661575342751147,-0.003910297790814532
baseline_last,y_BTC-USD,8,2025-03-01,0.09550452979612856,0.019661575342751147
baseline_last,y_BTC-USD,9,2025-03-01,0.09550452979612856,0.019661575342751147
baseline_last,y_BTC-USD,10,2025-03-01,0.09550452979612856,0.019661575342751147
baseline_last,y_BTC-USD,8,2025-03-03,0.013437685575495406,0.09550452979612856
baseline_last,y_BTC-USD,9,2025-03-03,0.013437685575495406,0.09550452979612856
baseline_last,y_BTC-USD,10,2025-03-03,0.013437685575495406,0.09550452979612856
baseline_last,y_BTC-USD,8,2025-03-04,0.03899657851208138,0.013437685575495406
baseline_last,y_BTC-USD,9,2025-03-04,0.03899657851208138,0.013437685575495406
baseline_last,y_BTC-USD,10,2025-03-04,0.03899657851208138,0.013437685575495406
baseline_last,y_BTC-USD,8,2025-03-05,-0.007303133084179958,0.03899657851208138
baseline_last,y_BTC-USD,9,2025-03-05,-0.007303133084179958,0.03899657851208138
baseline_last,y_BTC-USD,10,2025-03-05,-0.007303133084179958,0.03899657851208138
baseline_last,y_BTC-USD,8,2025-03-06,-0.0357824911826653,-0.007303133084179958
baseline_last,y_BTC-USD,9,2025-03-06,-0.0357824911826653,-0.007303133084179958
baseline_last,y_BTC-USD,10,2025-03-06,-0.0357824911826653,-0.007303133084179958
baseline_last,y_BTC-USD,8,2025-03-07,-0.006779571257010009,-0.0357824911826653
baseline_last,y_BTC-USD,9,2025-03-07,-0.006779571257010009,-0.0357824911826653
baseline_last,y_BTC-USD,10,2025-03-07,-0.006779571257010009,-0.0357824911826653
baseline_last,y_BTC-USD,8,2025-03-08,-0.0644603432710168,-0.006779571257010009
baseline_last,y_BTC-USD,9,2025-03-08,-0.0644603432710168,-0.006779571257010009
baseline_last,y_BTC-USD,10,2025-03-08,-0.0644603432710168,-0.006779571257010009
baseline_last,y_BTC-USD,8,2025-03-09,-0.02567012890361897,-0.0644603432710168
baseline_last,y_BTC-USD,9,2025-03-09,-0.02567012890361897,-0.0644603432710168
baseline_last,y_BTC-USD,10,2025-03-09,-0.02567012890361897,-0.0644603432710168
baseline_last,y_BTC-USD,8,2025-03-10,0.05513944554449135,-0.02567012890361897
baseline_last,y_BTC-USD,9,2025-03-10,0.05513944554449135,-0.02567012890361897
baseline_last,y_BTC-USD,10,2025-03-10,0.05513944554449135,-0.02567012890361897
baseline_last,y_BTC-USD,8,2025-03-11,0.010380466895202334,0.05513944554449135
baseline_last,y_BTC-USD,9,2025-03-11,0.010380466895202334,0.05513944554449135
baseline_last,y_BTC-USD,10,2025-03-11,0.010380466895202334,0.05513944554449135
baseline_last,y_BTC-USD,8,2025-03-12,-0.0317197970748182,0.010380466895202334
baseline_last,y_BTC-USD,9,2025-03-12,-0.0317197970748182,0.010380466895202334
baseline_last,y_BTC-USD,10,2025-03-12,-0.0317197970748182,0.010380466895202334
baseline_last,y_BTC-USD,8,2025-03-13,0.03580259620308812,-0.0317197970748182
baseline_last,y_BTC-USD,9,2025-03-13,0.03580259620308812,-0.0317197970748182
baseline_last,y_BTC-USD,10,2025-03-13,0.03580259620308812,-0.0317197970748182
baseline_last,y_BTC-USD,8,2025-03-14,0.004454112352525463,0.03580259620308812
baseline_last,y_BTC-USD,9,2025-03-14,0.004454112352525463,0.03580259620308812
baseline_last,y_BTC-USD,10,2025-03-14,0.004454112352525463,0.03580259620308812
baseline_last,y_BTC-USD,8,2025-03-15,-0.020907717157540473,0.004454112352525463
baseline_last,y_BTC-USD,9,2025-03-15,-0.020907717157540473,0.004454112352525463
baseline_last,y_BTC-USD,10,2025-03-15,-0.020907717157540473,0.004454112352525463
baseline_last,y_BTC-USD,8,2025-03-16,0.018115835083536647,-0.020907717157540473
baseline_last,y_BTC-USD,9,2025-03-16,0.018115835083536647,-0.020907717157540473
baseline_last,y_BTC-USD,10,2025-03-16,0.018115835083536647,-0.020907717157540473
baseline_last,y_BTC-USD,8,2025-03-17,-0.016142449028442418,0.018115835083536647
baseline_last,y_BTC-USD,9,2025-03-17,-0.016142449028442418,0.018115835083536647
baseline_last,y_BTC-USD,10,2025-03-17,-0.016142449028442418,0.018115835083536647
baseline_last,y_BTC-USD,8,2025-03-18,0.049997601050550955,-0.016142449028442418
baseline_last,y_BTC-USD,9,2025-03-18,0.049997601050550955,-0.016142449028442418
baseline_last,y_BTC-USD,10,2025-03-18,0.049997601050550955,-0.016142449028442418
baseline_last,y_BTC-USD,8,2025-03-19,-0.030937253791171848,0.049997601050550955
baseline_last,y_BTC-USD,9,2025-03-19,-0.030937253791171848,0.049997601050550955
baseline_last,y_BTC-USD,10,2025-03-19,-0.030937253791171848,0.049997601050550955
baseline_last,y_BTC-USD,8,2025-03-20,-0.0014727011460912154,-0.030937253791171848
baseline_last,y_BTC-USD,9,2025-03-20,-0.0014727011460912154,-0.030937253791171848
baseline_last,y_BTC-USD,10,2025-03-20,-0.0014727011460912154,-0.030937253791171848
baseline_last,y_BTC-USD,8,2025-03-21,-0.0025077306278807887,-0.0014727011460912154
baseline_last,y_BTC-USD,9,2025-03-21,-0.0025077306278807887,-0.0014727011460912154
baseline_last,y_BTC-USD,10,2025-03-21,-0.0025077306278807887,-0.0014727011460912154
baseline_last,y_BTC-USD,9,2025-03-22,0.026503933905394295,-0.0025077306278807887
baseline_last,y_BTC-USD,10,2025-03-22,0.026503933905394295,-0.0025077306278807887
baseline_last,y_BTC-USD,11,2025-03-22,0.026503933905394295,-0.0025077306278807887
baseline_last,y_BTC-USD,9,2025-03-23,0.016786352378946434,0.026503933905394295
baseline_last,y_BTC-USD,10,2025-03-23,0.016786352378946434,0.026503933905394295
baseline_last,y_BTC-USD,11,2025-03-23,0.016786352378946434,0.026503933905394295
baseline_last,y_BTC-USD,9,2025-03-24,-0.0003109860024155253,0.016786352378946434
baseline_last,y_BTC-USD,10,2025-03-24,-0.0003109860024155253,0.016786352378946434
baseline_last,y_BTC-USD,11,2025-03-24,-0.0003109860024155253,0.016786352378946434
baseline_last,y_BTC-USD,9,2025-03-25,-0.00652577110204744,-0.0003109860024155253
baseline_last,y_BTC-USD,10,2025-03-25,-0.00652577110204744,-0.0003109860024155253
baseline_last,y_BTC-USD,11,2025-03-25,-0.00652577110204744,-0.0003109860024155253
baseline_last,y_BTC-USD,9,2025-03-26,0.003178549412391707,-0.00652577110204744
baseline_last,y_BTC-USD,10,2025-03-26,0.003178549412391707,-0.00652577110204744
baseline_last,y_BTC-USD,11,2025-03-26,0.003178549412391707,-0.00652577110204744
baseline_last,y_BTC-USD,9,2025-03-27,-0.032393289916566204,0.003178549412391707
baseline_last,y_BTC-USD,10,2025-03-27,-0.032393289916566204,0.003178549412391707
baseline_last,y_BTC-USD,11,2025-03-27,-0.032393289916566204,0.003178549412391707
baseline_last,y_BTC-USD,9,2025-03-28,-0.020812056603918605,-0.032393289916566204
baseline_last,y_BTC-USD,10,2025-03-28,-0.020812056603918605,-0.032393289916566204
baseline_last,y_BTC-USD,11,2025-03-28,-0.020812056603918605,-0.032393289916566204
baseline_last,y_BTC-USD,9,2025-03-29,-0.0031848691098436133,-0.020812056603918605
baseline_last,y_BTC-USD,10,2025-03-29,-0.0031848691098436133,-0.020812056603918605
baseline_last,y_BTC-USD,11,2025-03-29,-0.0031848691098436133,-0.020812056603918605
baseline_last,y_BTC-USD,9,2025-03-30,0.0026038970780313253,-0.0031848691098436133
baseline_last,y_BTC-USD,10,2025-03-30,0.0026038970780313253,-0.0031848691098436133
baseline_last,y_BTC-USD,11,2025-03-30,0.0026038970780313253,-0.0031848691098436133
baseline_last,y_BTC-USD,9,2025-03-31,0.0317418810684309,0.0026038970780313253
baseline_last,y_BTC-USD,10,2025-03-31,0.0317418810684309,0.0026038970780313253
baseline_last,y_BTC-USD,11,2025-03-31,0.0317418810684309,0.0026038970780313253
baseline_last,y_BTC-USD,9,2025-04-01,-0.031507420800550134,0.0317418810684309
baseline_last,y_BTC-USD,10,2025-04-01,-0.031507420800550134,0.0317418810684309
baseline_last,y_BTC-USD,11,2025-04-01,-0.031507420800550134,0.0317418810684309
baseline_last,y_BTC-USD,9,2025-04-02,0.007481504135517403,-0.031507420800550134
baseline_last,y_BTC-USD,10,2025-04-02,0.007481504135517403,-0.031507420800550134
baseline_last,y_BTC-USD,11,2025-04-02,0.007481504135517403,-0.031507420800550134
baseline_last,y_BTC-USD,9,2025-04-03,0.008916382019940938,0.007481504135517403
baseline_last,y_BTC-USD,10,2025-04-03,0.008916382019940938,0.007481504135517403
baseline_last,y_BTC-USD,11,2025-04-03,0.008916382019940938,0.007481504135517403
baseline_last,y_BTC-USD,9,2025-04-04,-0.004043325726492686,0.008916382019940938
baseline_last,y_BTC-USD,10,2025-04-04,-0.004043325726492686,0.008916382019940938
baseline_last,y_BTC-USD,11,2025-04-04,-0.004043325726492686,0.008916382019940938
baseline_last,y_BTC-USD,9,2025-04-05,-0.06335339642726368,-0.004043325726492686
baseline_last,y_BTC-USD,10,2025-04-05,-0.06335339642726368,-0.004043325726492686
baseline_last,y_BTC-USD,11,2025-04-05,-0.06335339642726368,-0.004043325726492686
baseline_last,y_BTC-USD,9,2025-04-06,0.013051950296130821,-0.06335339642726368
baseline_last,y_BTC-USD,10,2025-04-06,0.013051950296130821,-0.06335339642726368
baseline_last,y_BTC-USD,11,2025-04-06,0.013051950296130821,-0.06335339642726368
baseline_last,y_BTC-USD,9,2025-04-07,-0.03739976334343409,0.013051950296130821
baseline_last,y_BTC-USD,10,2025-04-07,-0.03739976334343409,0.013051950296130821
baseline_last,y_BTC-USD,11,2025-04-07,-0.03739976334343409,0.013051950296130821
baseline_last,y_BTC-USD,9,2025-04-08,0.0826253916648998,-0.03739976334343409
baseline_last,y_BTC-USD,10,2025-04-08,0.0826253916648998,-0.03739976334343409
baseline_last,y_BTC-USD,11,2025-04-08,0.0826253916648998,-0.03739976334343409
baseline_last,y_BTC-USD,9,2025-04-09,-0.0356990599146636,0.0826253916648998
baseline_last,y_BTC-USD,10,2025-04-09,-0.0356990599146636,0.0826253916648998
baseline_last,y_BTC-USD,11,2025-04-09,-0.0356990599146636,0.0826253916648998
baseline_last,y_BTC-USD,9,2025-04-10,0.04745546227457886,-0.0356990599146636
baseline_last,y_BTC-USD,10,2025-04-10,0.04745546227457886,-0.0356990599146636
baseline_last,y_BTC-USD,11,2025-04-10,0.04745546227457886,-0.0356990599146636
baseline_last,y_BTC-USD,10,2025-04-11,0.022567917271733462,0.04745546227457886
baseline_last,y_BTC-USD,11,2025-04-11,0.022567917271733462,0.04745546227457886
baseline_last,y_BTC-USD,12,2025-04-11,0.022567917271733462,0.04745546227457886
baseline_last,y_BTC-USD,10,2025-04-12,-0.01878516957885823,0.022567917271733462
baseline_last,y_BTC-USD,11,2025-04-12,-0.01878516957885823,0.022567917271733462
baseline_last,y_BTC-USD,12,2025-04-12,-0.01878516957885823,0.022567917271733462
baseline_last,y_BTC-USD,10,2025-04-13,0.010245734631468162,-0.01878516957885823
baseline_last,y_BTC-USD,11,2025-04-13,0.010245734631468162,-0.01878516957885823
baseline_last,y_BTC-USD,12,2025-04-13,0.010245734631468162,-0.01878516957885823
baseline_last,y_BTC-USD,10,2025-04-14,-0.01033089354397465,0.010245734631468162
baseline_last,y_BTC-USD,11,2025-04-14,-0.01033089354397465,0.010245734631468162
baseline_last,y_BTC-USD,12,2025-04-14,-0.01033089354397465,0.010245734631468162
baseline_last,y_BTC-USD,10,2025-04-15,0.004360934564412222,-0.01033089354397465
baseline_last,y_BTC-USD,11,2025-04-15,0.004360934564412222,-0.01033089354397465
baseline_last,y_BTC-USD,12,2025-04-15,0.004360934564412222,-0.01033089354397465
baseline_last,y_BTC-USD,10,2025-04-16,0.01025637449930672,0.004360934564412222
baseline_last,y_BTC-USD,11,2025-04-16,0.01025637449930672,0.004360934564412222
baseline_last,y_BTC-USD,12,2025-04-16,0.01025637449930672,0.004360934564412222
baseline_last,y_BTC-USD,10,2025-04-17,-0.005241078764249063,0.01025637449930672
baseline_last,y_BTC-USD,11,2025-04-17,-0.005241078764249063,0.01025637449930672
baseline_last,y_BTC-USD,12,2025-04-17,-0.005241078764249063,0.01025637449930672
baseline_last,y_BTC-USD,10,2025-04-18,0.007254038339443714,-0.005241078764249063
baseline_last,y_BTC-USD,11,2025-04-18,0.007254038339443714,-0.005241078764249063
baseline_last,y_BTC-USD,12,2025-04-18,0.007254038339443714,-0.005241078764249063
baseline_last,y_BTC-USD,10,2025-04-21,0.06767662701452015,0.007254038339443714
baseline_last,y_BTC-USD,11,2025-04-21,0.06767662701452015,0.007254038339443714
baseline_last,y_BTC-USD,12,2025-04-21,0.06767662701452015,0.007254038339443714
baseline_last,y_BTC-USD,10,2025-04-22,0.0027527134594511615,0.06767662701452015
baseline_last,y_BTC-USD,11,2025-04-22,0.0027527134594511615,0.06767662701452015
baseline_last,y_BTC-USD,12,2025-04-22,0.0027527134594511615,0.06767662701452015
baseline_last,y_BTC-USD,10,2025-04-23,0.0026114175645013393,0.0027527134594511615
baseline_last,y_BTC-USD,11,2025-04-23,0.0026114175645013393,0.0027527134594511615
baseline_last,y_BTC-USD,12,2025-04-23,0.0026114175645013393,0.0027527134594511615
baseline_last,y_BTC-USD,10,2025-04-24,0.008267742531563593,0.0026114175645013393
baseline_last,y_BTC-USD,11,2025-04-24,0.008267742531563593,0.0026114175645013393
baseline_last,y_BTC-USD,12,2025-04-24,0.008267742531563593,0.0026114175645013393
baseline_last,y_BTC-USD,10,2025-04-25,-0.0007767095032226168,0.008267742531563593
baseline_last,y_BTC-USD,11,2025-04-25,-0.0007767095032226168,0.008267742531563593
baseline_last,y_BTC-USD,12,2025-04-25,-0.0007767095032226168,0.008267742531563593
baseline_last,y_BTC-USD,10,2025-04-26,-0.00942540809771053,-0.0007767095032226168
baseline_last,y_BTC-USD,11,2025-04-26,-0.00942540809771053,-0.0007767095032226168
baseline_last,y_BTC-USD,12,2025-04-26,-0.00942540809771053,-0.0007767095032226168
baseline_last,y_BTC-USD,10,2025-04-27,0.013054325526514532,-0.00942540809771053
baseline_last,y_BTC-USD,11,2025-04-27,0.013054325526514532,-0.00942540809771053
baseline_last,y_BTC-USD,12,2025-04-27,0.013054325526514532,-0.00942540809771053
baseline_last,y_BTC-USD,10,2025-04-28,-0.007306486319308303,0.013054325526514532
baseline_last,y_BTC-USD,11,2025-04-28,-0.007306486319308303,0.013054325526514532
baseline_last,y_BTC-USD,12,2025-04-28,-0.007306486319308303,0.013054325526514532
baseline_last,y_BTC-USD,10,2025-04-29,-0.0008217291810309613,-0.007306486319308303
baseline_last,y_BTC-USD,11,2025-04-29,-0.0008217291810309613,-0.007306486319308303
baseline_last,y_BTC-USD,12,2025-04-29,-0.0008217291810309613,-0.007306486319308303
baseline_last,y_BTC-USD,10,2025-04-30,0.02425526614507767,-0.0008217291810309613
baseline_last,y_BTC-USD,11,2025-04-30,0.02425526614507767,-0.0008217291810309613
baseline_last,y_BTC-USD,12,2025-04-30,0.02425526614507767,-0.0008217291810309613
baseline_last,y_BTC-USD,10,2025-05-01,0.0043291974532626565,0.02425526614507767
baseline_last,y_BTC-USD,11,2025-05-01,0.0043291974532626565,0.02425526614507767
baseline_last,y_BTC-USD,12,2025-05-01,0.0043291974532626565,0.02425526614507767
baseline_last,y_BTC-USD,10,2025-05-02,-0.010507405827035687,0.0043291974532626565
baseline_last,y_BTC-USD,11,2025-05-02,-0.010507405827035687,0.0043291974532626565
baseline_last,y_BTC-USD,12,2025-05-02,-0.010507405827035687,0.0043291974532626565
baseline_last,y_BTC-USD,11,2025-05-04,0.0045811763897039,-0.010507405827035687
baseline_last,y_BTC-USD,12,2025-05-04,0.0045811763897039,-0.010507405827035687
baseline_last,y_BTC-USD,13,2025-05-04,0.0045811763897039,-0.010507405827035687
baseline_last,y_BTC-USD,11,2025-05-05,0.02168299794413664,0.0045811763897039
baseline_last,y_BTC-USD,12,2025-05-05,0.02168299794413664,0.0045811763897039
baseline_last,y_BTC-USD,13,2025-05-05,0.02168299794413664,0.0045811763897039
baseline_last,y_BTC-USD,11,2025-05-06,0.0023743581586117557,0.02168299794413664
baseline_last,y_BTC-USD,12,2025-05-06,0.0023743581586117557,0.02168299794413664
baseline_last,y_BTC-USD,13,2025-05-06,0.0023743581586117557,0.02168299794413664
baseline_last,y_BTC-USD,11,2025-05-07,0.06399043746457878,0.0023743581586117557
baseline_last,y_BTC-USD,12,2025-05-07,0.06399043746457878,0.0023743581586117557
baseline_last,y_BTC-USD,13,2025-05-07,0.06399043746457878,0.0023743581586117557
baseline_last,y_BTC-USD,11,2025-05-08,-0.002621130818400763,0.06399043746457878
baseline_last,y_BTC-USD,12,2025-05-08,-0.002621130818400763,0.06399043746457878
baseline_last,y_BTC-USD,13,2025-05-08,-0.002621130818400763,0.06399043746457878
baseline_last,y_BTC-USD,11,2025-05-09,0.016756941758927724,-0.002621130818400763
baseline_last,y_BTC-USD,12,2025-05-09,0.016756941758927724,-0.002621130818400763
baseline_last,y_BTC-USD,13,2025-05-09,0.016756941758927724,-0.002621130818400763
baseline_last,y_BTC-USD,11,2025-05-10,-0.005635047193781384,0.016756941758927724
baseline_last,y_BTC-USD,12,2025-05-10,-0.005635047193781384,0.016756941758927724
baseline_last,y_BTC-USD,13,2025-05-10,-0.005635047193781384,0.016756941758927724
baseline_last,y_BTC-USD,11,2025-05-11,-0.01242389281274392,-0.005635047193781384
baseline_last,y_BTC-USD,12,2025-05-11,-0.01242389281274392,-0.005635047193781384
baseline_last,y_BTC-USD,13,2025-05-11,-0.01242389281274392,-0.005635047193781384
baseline_last,y_BTC-USD,11,2025-05-12,0.013197358248725033,-0.01242389281274392
baseline_last,y_BTC-USD,12,2025-05-12,0.013197358248725033,-0.01242389281274392
baseline_last,y_BTC-USD,13,2025-05-12,0.013197358248725033,-0.01242389281274392
baseline_last,y_BTC-USD,11,2025-05-13,-0.006051642240404331,0.013197358248725033
baseline_last,y_BTC-USD,12,2025-05-13,-0.006051642240404331,0.013197358248725033
baseline_last,y_BTC-USD,13,2025-05-13,-0.006051642240404331,0.013197358248725033
baseline_last,y_BTC-USD,11,2025-05-14,0.00198211052629782,-0.006051642240404331
baseline_last,y_BTC-USD,12,2025-05-14,0.00198211052629782,-0.006051642240404331
baseline_last,y_BTC-USD,13,2025-05-14,0.00198211052629782,-0.006051642240404331
baseline_last,y_BTC-USD,11,2025-05-15,-0.0024613470244020386,0.00198211052629782
baseline_last,y_BTC-USD,12,2025-05-15,-0.0024613470244020386,0.00198211052629782
baseline_last,y_BTC-USD,13,2025-05-15,-0.0024613470244020386,0.00198211052629782
baseline_last,y_BTC-USD,11,2025-05-16,-0.0028814878109744146,-0.0024613470244020386
baseline_last,y_BTC-USD,12,2025-05-16,-0.0028814878109744146,-0.0024613470244020386
baseline_last,y_BTC-USD,13,2025-05-16,-0.0028814878109744146,-0.0024613470244020386
baseline_last,y_BTC-USD,11,2025-05-17,0.03154266519659865,-0.0028814878109744146
baseline_last,y_BTC-USD,12,2025-05-17,0.03154266519659865,-0.0028814878109744146
baseline_last,y_BTC-USD,13,2025-05-17,0.03154266519659865,-0.0028814878109744146
baseline_last,y_BTC-USD,11,2025-05-19,0.011220046530480143,0.03154266519659865
baseline_last,y_BTC-USD,12,2025-05-19,0.011220046530480143,0.03154266519659865
baseline_last,y_BTC-USD,13,2025-05-19,0.011220046530480143,0.03154266519659865
baseline_last,y_BTC-USD,11,2025-05-20,0.027034018449719976,0.011220046530480143
baseline_last,y_BTC-USD,12,2025-05-20,0.027034018449719976,0.011220046530480143
baseline_last,y_BTC-USD,13,2025-05-20,0.027034018449719976,0.011220046530480143
baseline_last,y_BTC-USD,11,2025-05-21,0.018191448638679386,0.027034018449719976
baseline_last,y_BTC-USD,12,2025-05-21,0.018191448638679386,0.027034018449719976
baseline_last,y_BTC-USD,13,2025-05-21,0.018191448638679386,0.027034018449719976
baseline_last,y_BTC-USD,11,2025-05-22,-0.03927066820202352,0.018191448638679386
baseline_last,y_BTC-USD,12,2025-05-22,-0.03927066820202352,0.018191448638679386
baseline_last,y_BTC-USD,13,2025-05-22,-0.03927066820202352,0.018191448638679386
baseline_last,y_BTC-USD,11,2025-05-23,0.004691674073487251,-0.03927066820202352
baseline_last,y_BTC-USD,12,2025-05-23,0.004691674073487251,-0.03927066820202352
baseline_last,y_BTC-USD,13,2025-05-23,0.004691674073487251,-0.03927066820202352
baseline_last,y_BTC-USD,11,2025-05-24,0.011543009819045436,0.004691674073487251
baseline_last,y_BTC-USD,12,2025-05-24,0.011543009819045436,0.004691674073487251
baseline_last,y_BTC-USD,13,2025-05-24,0.011543009819045436,0.004691674073487251
baseline_last,y_BTC-USD,12,2025-05-26,-0.004072780217708405,0.011543009819045436
baseline_last,y_BTC-USD,13,2025-05-26,-0.004072780217708405,0.011543009819045436
baseline_last,y_BTC-USD,14,2025-05-26,-0.004072780217708405,0.011543009819045436
baseline_last,y_BTC-USD,12,2025-05-27,-0.010939184653144474,-0.004072780217708405
baseline_last,y_BTC-USD,13,2025-05-27,-0.010939184653144474,-0.004072780217708405
baseline_last,y_BTC-USD,14,2025-05-27,-0.010939184653144474,-0.004072780217708405
baseline_last,y_BTC-USD,12,2025-05-28,-0.020041963379443528,-0.010939184653144474
baseline_last,y_BTC-USD,13,2025-05-28,-0.020041963379443528,-0.010939184653144474
baseline_last,y_BTC-USD,14,2025-05-28,-0.020041963379443528,-0.010939184653144474
baseline_last,y_BTC-USD,12,2025-05-29,-0.015554336978341854,-0.020041963379443528
baseline_last,y_BTC-USD,13,2025-05-29,-0.015554336978341854,-0.020041963379443528
baseline_last,y_BTC-USD,14,2025-05-29,-0.015554336978341854,-0.020041963379443528
baseline_last,y_BTC-USD,12,2025-05-30,0.006149348357177731,-0.015554336978341854
baseline_last,y_BTC-USD,13,2025-05-30,0.006149348357177731,-0.015554336978341854
baseline_last,y_BTC-USD,14,2025-05-30,0.006149348357177731,-0.015554336978341854
baseline_last,y_BTC-USD,12,2025-05-31,0.009690618169351017,0.006149348357177731
baseline_last,y_BTC-USD,13,2025-05-31,0.009690618169351017,0.006149348357177731
baseline_last,y_BTC-USD,14,2025-05-31,0.009690618169351017,0.006149348357177731
baseline_last,y_BTC-USD,12,2025-06-01,0.0021715582000447764,0.009690618169351017
baseline_last,y_BTC-USD,13,2025-06-01,0.0021715582000447764,0.009690618169351017
baseline_last,y_BTC-USD,14,2025-06-01,0.0021715582000447764,0.009690618169351017
baseline_last,y_BTC-USD,12,2025-06-02,-0.004241178746647534,0.0021715582000447764
baseline_last,y_BTC-USD,13,2025-06-02,-0.004241178746647534,0.0021715582000447764
baseline_last,y_BTC-USD,14,2025-06-02,-0.004241178746647534,0.0021715582000447764
baseline_last,y_BTC-USD,12,2025-06-03,-0.0066439151364365845,-0.004241178746647534
baseline_last,y_BTC-USD,13,2025-06-03,-0.0066439151364365845,-0.004241178746647534
baseline_last,y_BTC-USD,14,2025-06-03,-0.0066439151364365845,-0.004241178746647534
baseline_last,y_BTC-USD,12,2025-06-04,-0.030134359325224014,-0.0066439151364365845
baseline_last,y_BTC-USD,13,2025-06-04,-0.030134359325224014,-0.0066439151364365845
baseline_last,y_BTC-USD,14,2025-06-04,-0.030134359325224014,-0.0066439151364365845
baseline_last,y_BTC-USD,12,2025-06-05,0.027707252931573167,-0.030134359325224014
baseline_last,y_BTC-USD,13,2025-06-05,0.027707252931573167,-0.030134359325224014
baseline_last,y_BTC-USD,14,2025-06-05,0.027707252931573167,-0.030134359325224014
baseline_last,y_BTC-USD,12,2025-06-06,0.011737496074678777,0.027707252931573167
baseline_last,y_BTC-USD,13,2025-06-06,0.011737496074678777,0.027707252931573167
baseline_last,y_BTC-USD,14,2025-06-06,0.011737496074678777,0.027707252931573167
baseline_last,y_BTC-USD,12,2025-06-07,0.0016855786016509722,0.011737496074678777
baseline_last,y_BTC-USD,13,2025-06-07,0.0016855786016509722,0.011737496074678777
baseline_last,y_BTC-USD,14,2025-06-07,0.0016855786016509722,0.011737496074678777
baseline_last,y_BTC-USD,12,2025-06-08,0.04253991795791734,0.0016855786016509722
baseline_last,y_BTC-USD,13,2025-06-08,0.04253991795791734,0.0016855786016509722
baseline_last,y_BTC-USD,14,2025-06-08,0.04253991795791734,0.0016855786016509722
baseline_last,y_BTC-USD,12,2025-06-09,-0.0003342625487465778,0.04253991795791734
baseline_last,y_BTC-USD,13,2025-06-09,-0.0003342625487465778,0.04253991795791734
baseline_last,y_BTC-USD,14,2025-06-09,-0.0003342625487465778,0.04253991795791734
baseline_last,y_BTC-USD,12,2025-06-10,-0.014244955298426398,-0.0003342625487465778
baseline_last,y_BTC-USD,13,2025-06-10,-0.014244955298426398,-0.0003342625487465778
baseline_last,y_BTC-USD,14,2025-06-10,-0.014244955298426398,-0.0003342625487465778
baseline_last,y_BTC-USD,12,2025-06-11,-0.025371753999169577,-0.014244955298426398
baseline_last,y_BTC-USD,13,2025-06-11,-0.025371753999169577,-0.014244955298426398
baseline_last,y_BTC-USD,14,2025-06-11,-0.025371753999169577,-0.014244955298426398
baseline_last,y_BTC-USD,12,2025-06-12,0.0015285141831733462,-0.025371753999169577
baseline_last,y_BTC-USD,13,2025-06-12,0.0015285141831733462,-0.025371753999169577
baseline_last,y_BTC-USD,14,2025-06-12,0.0015285141831733462,-0.025371753999169577
baseline_last,y_BTC-USD,12,2025-06-13,-0.0058304915798971235,0.0015285141831733462
baseline_last,y_BTC-USD,13,2025-06-13,-0.0058304915798971235,0.0015285141831733462
baseline_last,y_BTC-USD,14,2025-06-13,-0.0058304915798971235,0.0015285141831733462
baseline_last,y_BTC-USD,12,2025-06-14,0.0007548627203146641,-0.0058304915798971235
baseline_last,y_BTC-USD,13,2025-06-14,0.0007548627203146641,-0.0058304915798971235
baseline_last,y_BTC-USD,14,2025-06-14,0.0007548627203146641,-0.0058304915798971235
baseline_last,y_BTC-USD,13,2025-07-02,0.007244728772290987,0.0007548627203146641
baseline_last,y_BTC-USD,14,2025-07-02,0.007244728772290987,0.0007548627203146641
baseline_last,y_BTC-USD,15,2025-07-02,0.007244728772290987,0.0007548627203146641
baseline_last,y_BTC-USD,13,2025-07-03,-0.014716556343200904,0.007244728772290987
baseline_last,y_BTC-USD,14,2025-07-03,-0.014716556343200904,0.007244728772290987
baseline_last,y_BTC-USD,15,2025-07-03,-0.014716556343200904,0.007244728772290987
baseline_last,y_BTC-USD,13,2025-07-04,0.0018220480395592098,-0.014716556343200904
baseline_last,y_BTC-USD,14,2025-07-04,0.0018220480395592098,-0.014716556343200904
baseline_last,y_BTC-USD,15,2025-07-04,0.0018220480395592098,-0.014716556343200904
baseline_last,y_BTC-USD,13,2025-07-05,0.009247710575546852,0.0018220480395592098
baseline_last,y_BTC-USD,14,2025-07-05,0.009247710575546852,0.0018220480395592098
baseline_last,y_BTC-USD,15,2025-07-05,0.009247710575546852,0.0018220480395592098
baseline_last,y_BTC-USD,13,2025-07-06,-0.008534295352390808,0.009247710575546852
baseline_last,y_BTC-USD,14,2025-07-06,-0.008534295352390808,0.009247710575546852
baseline_last,y_BTC-USD,15,2025-07-06,-0.008534295352390808,0.009247710575546852
baseline_last,y_BTC-USD,13,2025-07-07,0.006005750382996888,-0.008534295352390808
baseline_last,y_BTC-USD,14,2025-07-07,0.006005750382996888,-0.008534295352390808
baseline_last,y_BTC-USD,15,2025-07-07,0.006005750382996888,-0.008534295352390808
baseline_last,y_BTC-USD,13,2025-07-08,0.021810695604753683,0.006005750382996888
baseline_last,y_BTC-USD,14,2025-07-08,0.021810695604753683,0.006005750382996888
baseline_last,y_BTC-USD,15,2025-07-08,0.021810695604753683,0.006005750382996888
baseline_last,y_BTC-USD,13,2025-07-09,0.041864660687494615,0.021810695604753683
baseline_last,y_BTC-USD,14,2025-07-09,0.041864660687494615,0.021810695604753683
baseline_last,y_BTC-USD,15,2025-07-09,0.041864660687494615,0.021810695604753683
baseline_last,y_BTC-USD,13,2025-07-10,0.013189291760499877,0.041864660687494615
baseline_last,y_BTC-USD,14,2025-07-10,0.013189291760499877,0.041864660687494615
baseline_last,y_BTC-USD,15,2025-07-10,0.013189291760499877,0.041864660687494615
baseline_last,y_BTC-USD,13,2025-07-13,0.006158578325259345,0.013189291760499877
baseline_last,y_BTC-USD,14,2025-07-13,0.006158578325259345,0.013189291760499877
baseline_last,y_BTC-USD,15,2025-07-13,0.006158578325259345,0.013189291760499877
baseline_last,y_BTC-USD,13,2025-07-14,-0.01729262210051885,0.006158578325259345
baseline_last,y_BTC-USD,14,2025-07-14,-0.01729262210051885,0.006158578325259345
baseline_last,y_BTC-USD,15,2025-07-14,-0.01729262210051885,0.006158578325259345
baseline_last,y_BTC-USD,13,2025-07-15,0.00816219450392297,-0.01729262210051885
baseline_last,y_BTC-USD,14,2025-07-15,0.00816219450392297,-0.01729262210051885
baseline_last,y_BTC-USD,15,2025-07-15,0.00816219450392297,-0.01729262210051885
baseline_last,y_BTC-USD,13,2025-07-16,0.004643278306736054,0.00816219450392297
baseline_last,y_BTC-USD,14,2025-07-16,0.004643278306736054,0.00816219450392297
baseline_last,y_BTC-USD,15,2025-07-16,0.004643278306736054,0.00816219450392297
baseline_last,y_BTC-USD,13,2025-07-17,-0.01078563897020779,0.004643278306736054
baseline_last,y_BTC-USD,14,2025-07-17,-0.01078563897020779,0.004643278306736054
baseline_last,y_BTC-USD,15,2025-07-17,-0.01078563897020779,0.004643278306736054
baseline_last,y_BTC-USD,13,2025-07-18,-0.0005360022928398989,-0.01078563897020779
baseline_last,y_BTC-USD,14,2025-07-18,-0.0005360022928398989,-0.01078563897020779
baseline_last,y_BTC-USD,15,2025-07-18,-0.0005360022928398989,-0.01078563897020779
baseline_last,y_BTC-USD,13,2025-07-19,-0.00541960002562214,-0.0005360022928398989
baseline_last,y_BTC-USD,14,2025-07-19,-0.00541960002562214,-0.0005360022928398989
baseline_last,y_BTC-USD,15,2025-07-19,-0.00541960002562214,-0.0005360022928398989
baseline_last,y_BTC-USD,13,2025-07-20,0.0011828564931994912,-0.00541960002562214
baseline_last,y_BTC-USD,14,2025-07-20,0.0011828564931994912,-0.00541960002562214
baseline_last,y_BTC-USD,15,2025-07-20,0.0011828564931994912,-0.00541960002562214
baseline_last,y_BTC-USD,13,2025-07-21,0.02176332622218302,0.0011828564931994912
baseline_last,y_BTC-USD,14,2025-07-21,0.02176332622218302,0.0011828564931994912
baseline_last,y_BTC-USD,15,2025-07-21,0.02176332622218302,0.0011828564931994912
baseline_last,y_BTC-USD,13,2025-07-22,-0.010337504434577038,0.02176332622218302
baseline_last,y_BTC-USD,14,2025-07-22,-0.010337504434577038,0.02176332622218302
baseline_last,y_BTC-USD,15,2025-07-22,-0.010337504434577038,0.02176332622218302
baseline_last,y_BTC-USD,13,2025-07-23,-0.0032584822936673197,-0.010337504434577038
baseline_last,y_BTC-USD,14,2025-07-23,-0.0032584822936673197,-0.010337504434577038
baseline_last,y_BTC-USD,15,2025-07-23,-0.0032584822936673197,-0.010337504434577038
baseline_last,y_BTC-USD,14,2025-07-24,-0.006185093838706357,-0.0032584822936673197
baseline_last,y_BTC-USD,15,2025-07-24,-0.006185093838706357,-0.0032584822936673197
baseline_last,y_BTC-USD,16,2025-07-24,-0.006185093838706357,-0.0032584822936673197
baseline_last,y_BTC-USD,14,2025-07-25,0.002647868724685587,-0.006185093838706357
baseline_last,y_BTC-USD,15,2025-07-25,0.002647868724685587,-0.006185093838706357
baseline_last,y_BTC-USD,16,2025-07-25,0.002647868724685587,-0.006185093838706357
baseline_last,y_BTC-USD,14,2025-07-26,0.012727075099638885,0.002647868724685587
baseline_last,y_BTC-USD,15,2025-07-26,0.012727075099638885,0.002647868724685587
baseline_last,y_BTC-USD,16,2025-07-26,0.012727075099638885,0.002647868724685587
baseline_last,y_BTC-USD,14,2025-07-27,-0.012758768211219684,0.012727075099638885
baseline_last,y_BTC-USD,15,2025-07-27,-0.012758768211219684,0.012727075099638885
baseline_last,y_BTC-USD,16,2025-07-27,-0.012758768211219684,0.012727075099638885
baseline_last,y_BTC-USD,14,2025-07-28,-1.9742508661990676e-05,-0.012758768211219684
baseline_last,y_BTC-USD,15,2025-07-28,-1.9742508661990676e-05,-0.012758768211219684
baseline_last,y_BTC-USD,16,2025-07-28,-1.9742508661990676e-05,-0.012758768211219684
baseline_last,y_BTC-USD,14,2025-07-29,-0.0007713643170961237,-1.9742508661990676e-05
baseline_last,y_BTC-USD,15,2025-07-29,-0.0007713643170961237,-1.9742508661990676e-05
baseline_last,y_BTC-USD,16,2025-07-29,-0.0007713643170961237,-1.9742508661990676e-05
baseline_last,y_BTC-USD,14,2025-07-30,-0.017592832754910526,-0.0007713643170961237
baseline_last,y_BTC-USD,15,2025-07-30,-0.017592832754910526,-0.0007713643170961237
baseline_last,y_BTC-USD,16,2025-07-30,-0.017592832754910526,-0.0007713643170961237
baseline_last,y_BTC-USD,14,2025-07-31,-0.021062154747402473,-0.017592832754910526
baseline_last,y_BTC-USD,15,2025-07-31,-0.021062154747402473,-0.017592832754910526
baseline_last,y_BTC-USD,16,2025-07-31,-0.021062154747402473,-0.017592832754910526
baseline_last,y_BTC-USD,14,2025-08-01,-0.006999393518263508,-0.021062154747402473
baseline_last,y_BTC-USD,15,2025-08-01,-0.006999393518263508,-0.021062154747402473
baseline_last,y_BTC-USD,16,2025-08-01,-0.006999393518263508,-0.021062154747402473
baseline_last,y_BTC-USD,14,2025-08-02,0.015025363723748075,-0.006999393518263508
baseline_last,y_BTC-USD,15,2025-08-02,0.015025363723748075,-0.006999393518263508
baseline_last,y_BTC-USD,16,2025-08-02,0.015025363723748075,-0.006999393518263508
baseline_last,y_BTC-USD,14,2025-08-03,0.007478798363486527,0.015025363723748075
baseline_last,y_BTC-USD,15,2025-08-03,0.007478798363486527,0.015025363723748075
baseline_last,y_BTC-USD,16,2025-08-03,0.007478798363486527,0.015025363723748075
baseline_last,y_BTC-USD,14,2025-08-04,-0.008085706753543476,0.007478798363486527
baseline_last,y_BTC-USD,15,2025-08-04,-0.008085706753543476,0.007478798363486527
baseline_last,y_BTC-USD,16,2025-08-04,-0.008085706753543476,0.007478798363486527
baseline_last,y_BTC-USD,14,2025-08-05,0.007767158415357134,-0.008085706753543476
baseline_last,y_BTC-USD,15,2025-08-05,0.007767158415357134,-0.008085706753543476
baseline_last,y_BTC-USD,16,2025-08-05,0.007767158415357134,-0.008085706753543476
baseline_last,y_BTC-USD,14,2025-08-06,0.021463456180234486,0.007767158415357134
baseline_last,y_BTC-USD,15,2025-08-06,0.021463456180234486,0.007767158415357134
baseline_last,y_BTC-USD,16,2025-08-06,0.021463456180234486,0.007767158415357134
baseline_last,y_BTC-USD,14,2025-08-07,-0.0068782400705657,0.021463456180234486
baseline_last,y_BTC-USD,15,2025-08-07,-0.0068782400705657,0.021463456180234486
baseline_last,y_BTC-USD,16,2025-08-07,-0.0068782400705657,0.021463456180234486
baseline_last,y_BTC-USD,14,2025-08-08,-0.0016142706587778388,-0.0068782400705657
baseline_last,y_BTC-USD,15,2025-08-08,-0.0016142706587778388,-0.0068782400705657
baseline_last,y_BTC-USD,16,2025-08-08,-0.0016142706587778388,-0.0068782400705657
baseline_last,y_BTC-USD,14,2025-08-09,0.02408918266480664,-0.0016142706587778388
baseline_last,y_BTC-USD,15,2025-08-09,0.02408918266480664,-0.0016142706587778388
baseline_last,y_BTC-USD,16,2025-08-09,0.02408918266480664,-0.0016142706587778388
baseline_last,y_BTC-USD,14,2025-08-10,-0.004822128356753663,0.02408918266480664
baseline_last,y_BTC-USD,15,2025-08-10,-0.004822128356753663,0.02408918266480664
baseline_last,y_BTC-USD,16,2025-08-10,-0.004822128356753663,0.02408918266480664
baseline_last,y_BTC-USD,14,2025-08-11,0.012140515376580119,-0.004822128356753663
baseline_last,y_BTC-USD,15,2025-08-11,0.012140515376580119,-0.004822128356753663
baseline_last,y_BTC-USD,16,2025-08-11,0.012140515376580119,-0.004822128356753663
baseline_last,y_BTC-USD,14,2025-08-12,0.026388279596092357,0.012140515376580119
baseline_last,y_BTC-USD,15,2025-08-12,0.026388279596092357,0.012140515376580119
baseline_last,y_BTC-USD,16,2025-08-12,0.026388279596092357,0.012140515376580119
baseline_last,y_BTC-USD,15,2025-08-13,-0.040411222672351976,0.026388279596092357
baseline_last,y_BTC-USD,16,2025-08-13,-0.040411222672351976,0.026388279596092357
baseline_last,y_BTC-USD,17,2025-08-13,-0.040411222672351976,0.026388279596092357
baseline_last,y_BTC-USD,15,2025-08-14,-0.008121240187970669,-0.040411222672351976
baseline_last,y_BTC-USD,16,2025-08-14,-0.008121240187970669,-0.040411222672351976
baseline_last,y_BTC-USD,17,2025-08-14,-0.008121240187970669,-0.040411222672351976
baseline_last,y_BTC-USD,15,2025-08-15,0.0007921746665282559,-0.008121240187970669
baseline_last,y_BTC-USD,16,2025-08-15,0.0007921746665282559,-0.008121240187970669
baseline_last,y_BTC-USD,17,2025-08-15,0.0007921746665282559,-0.008121240187970669
baseline_last,y_BTC-USD,15,2025-08-16,-0.00032588834829794244,0.0007921746665282559
baseline_last,y_BTC-USD,16,2025-08-16,-0.00032588834829794244,0.0007921746665282559
baseline_last,y_BTC-USD,17,2025-08-16,-0.00032588834829794244,0.0007921746665282559
baseline_last,y_BTC-USD,15,2025-08-17,-0.01022323279139703,-0.00032588834829794244
baseline_last,y_BTC-USD,16,2025-08-17,-0.01022323279139703,-0.00032588834829794244
baseline_last,y_BTC-USD,17,2025-08-17,-0.01022323279139703,-0.00032588834829794244
baseline_last,y_BTC-USD,15,2025-08-18,-0.029428514056440758,-0.01022323279139703
baseline_last,y_BTC-USD,16,2025-08-18,-0.029428514056440758,-0.01022323279139703
baseline_last,y_BTC-USD,17,2025-08-18,-0.029428514056440758,-0.01022323279139703
baseline_last,y_BTC-USD,15,2025-08-19,0.012794003430595335,-0.029428514056440758
baseline_last,y_BTC-USD,16,2025-08-19,0.012794003430595335,-0.029428514056440758
baseline_last,y_BTC-USD,17,2025-08-19,0.012794003430595335,-0.029428514056440758
baseline_last,y_BTC-USD,15,2025-08-20,-0.01623902974513114,0.012794003430595335
baseline_last,y_BTC-USD,16,2025-08-20,-0.01623902974513114,0.012794003430595335
baseline_last,y_BTC-USD,17,2025-08-20,-0.01623902974513114,0.012794003430595335
baseline_last,y_BTC-USD,15,2025-08-21,0.03962900798880531,-0.01623902974513114
baseline_last,y_BTC-USD,16,2025-08-21,0.03962900798880531,-0.01623902974513114
baseline_last,y_BTC-USD,17,2025-08-21,0.03962900798880531,-0.01623902974513114
baseline_last,y_BTC-USD,15,2025-08-22,-0.012832252765613172,0.03962900798880531
baseline_last,y_BTC-USD,16,2025-08-22,-0.012832252765613172,0.03962900798880531
baseline_last,y_BTC-USD,17,2025-08-22,-0.012832252765613172,0.03962900798880531
baseline_last,y_BTC-USD,15,2025-08-23,-0.016605933647771742,-0.012832252765613172
baseline_last,y_BTC-USD,16,2025-08-23,-0.016605933647771742,-0.012832252765613172
baseline_last,y_BTC-USD,17,2025-08-23,-0.016605933647771742,-0.012832252765613172
baseline_last,y_BTC-USD,15,2025-08-25,0.015240086898922645,-0.016605933647771742
baseline_last,y_BTC-USD,16,2025-08-25,0.015240086898922645,-0.016605933647771742
baseline_last,y_BTC-USD,17,2025-08-25,0.015240086898922645,-0.016605933647771742
baseline_last,y_BTC-USD,15,2025-08-26,-0.005193022862549412,0.015240086898922645
baseline_last,y_BTC-USD,16,2025-08-26,-0.005193022862549412,0.015240086898922645
baseline_last,y_BTC-USD,17,2025-08-26,-0.005193022862549412,0.015240086898922645
baseline_last,y_BTC-USD,15,2025-08-27,0.01189280397942638,-0.005193022862549412
baseline_last,y_BTC-USD,16,2025-08-27,0.01189280397942638,-0.005193022862549412
baseline_last,y_BTC-USD,17,2025-08-27,0.01189280397942638,-0.005193022862549412
baseline_last,y_BTC-USD,15,2025-08-28,-0.036731759955323295,0.01189280397942638
baseline_last,y_BTC-USD,16,2025-08-28,-0.036731759955323295,0.01189280397942638
baseline_last,y_BTC-USD,17,2025-08-28,-0.036731759955323295,0.01189280397942638
baseline_last,y_BTC-USD,15,2025-08-29,0.003664157476186425,-0.036731759955323295
baseline_last,y_BTC-USD,16,2025-08-29,0.003664157476186425,-0.036731759955323295
baseline_last,y_BTC-USD,17,2025-08-29,0.003664157476186425,-0.036731759955323295
baseline_last,y_BTC-USD,15,2025-08-30,-0.00525107534173741,0.003664157476186425
baseline_last,y_BTC-USD,16,2025-08-30,-0.00525107534173741,0.003664157476186425
baseline_last,y_BTC-USD,17,2025-08-30,-0.00525107534173741,0.003664157476186425
baseline_last,y_BTC-USD,15,2025-08-31,0.009367272930950854,-0.00525107534173741
baseline_last,y_BTC-USD,16,2025-08-31,0.009367272930950854,-0.00525107534173741
baseline_last,y_BTC-USD,17,2025-08-31,0.009367272930950854,-0.00525107534173741
baseline_last,y_BTC-USD,15,2025-09-01,0.017848801737061493,0.009367272930950854
baseline_last,y_BTC-USD,16,2025-09-01,0.017848801737061493,0.009367272930950854
baseline_last,y_BTC-USD,17,2025-09-01,0.017848801737061493,0.009367272930950854
baseline_last,y_BTC-USD,15,2025-09-02,0.004699840343410866,0.017848801737061493
baseline_last,y_BTC-USD,16,2025-09-02,0.004699840343410866,0.017848801737061493
baseline_last,y_BTC-USD,17,2025-09-02,0.004699840343410866,0.017848801737061493
baseline_last,y_BTC-USD,16,2025-09-03,-0.008947195185422974,0.004699840343410866
baseline_last,y_BTC-USD,17,2025-09-03,-0.008947195185422974,0.004699840343410866
baseline_last,y_BTC-USD,18,2025-09-03,-0.008947195185422974,0.004699840343410866
baseline_last,y_BTC-USD,16,2025-09-04,-0.0006558419928113235,-0.008947195185422974
baseline_last,y_BTC-USD,17,2025-09-04,-0.0006558419928113235,-0.008947195185422974
baseline_last,y_BTC-USD,18,2025-09-04,-0.0006558419928113235,-0.008947195185422974
baseline_last,y_BTC-USD,16,2025-09-05,-0.0038525555367432407,-0.0006558419928113235
baseline_last,y_BTC-USD,17,2025-09-05,-0.0038525555367432407,-0.0006558419928113235
baseline_last,y_BTC-USD,18,2025-09-05,-0.0038525555367432407,-0.0006558419928113235
baseline_last,y_BTC-USD,16,2025-09-06,0.008554542812086785,-0.0038525555367432407
baseline_last,y_BTC-USD,17,2025-09-06,0.008554542812086785,-0.0038525555367432407
baseline_last,y_BTC-USD,18,2025-09-06,0.008554542812086785,-0.0038525555367432407
baseline_last,y_BTC-USD,16,2025-09-07,0.008130177859939192,0.008554542812086785
baseline_last,y_BTC-USD,17,2025-09-07,0.008130177859939192,0.008554542812086785
baseline_last,y_BTC-USD,18,2025-09-07,0.008130177859939192,0.008554542812086785
baseline_last,y_BTC-USD,16,2025-09-08,-0.004826232823193166,0.008130177859939192
baseline_last,y_BTC-USD,17,2025-09-08,-0.004826232823193166,0.008130177859939192
baseline_last,y_BTC-USD,18,2025-09-08,-0.004826232823193166,0.008130177859939192
baseline_last,y_BTC-USD,16,2025-09-09,0.02174124101370767,-0.004826232823193166
baseline_last,y_BTC-USD,17,2025-09-09,0.02174124101370767,-0.004826232823193166
baseline_last,y_BTC-USD,18,2025-09-09,0.02174124101370767,-0.004826232823193166
baseline_last,y_BTC-USD,16,2025-09-10,0.013620945043858246,0.02174124101370767
baseline_last,y_BTC-USD,17,2025-09-10,0.013620945043858246,0.02174124101370767
baseline_last,y_BTC-USD,18,2025-09-10,0.013620945043858246,0.02174124101370767
baseline_last,y_BTC-USD,16,2025-09-11,0.005142859655061782,0.013620945043858246
baseline_last,y_BTC-USD,17,2025-09-11,0.005142859655061782,0.013620945043858246
baseline_last,y_BTC-USD,18,2025-09-11,0.005142859655061782,0.013620945043858246
baseline_last,y_BTC-USD,16,2025-09-12,-0.0013011908618274504,0.005142859655061782
baseline_last,y_BTC-USD,17,2025-09-12,-0.0013011908618274504,0.005142859655061782
baseline_last,y_BTC-USD,18,2025-09-12,-0.0013011908618274504,0.005142859655061782
baseline_last,y_BTC-USD,16,2025-09-13,-0.004681752350561785,-0.0013011908618274504
baseline_last,y_BTC-USD,17,2025-09-13,-0.004681752350561785,-0.0013011908618274504
baseline_last,y_BTC-USD,18,2025-09-13,-0.004681752350561785,-0.0013011908618274504
baseline_last,y_BTC-USD,16,2025-09-14,0.0003224981011604733,-0.004681752350561785
baseline_last,y_BTC-USD,17,2025-09-14,0.0003224981011604733,-0.004681752350561785
baseline_last,y_BTC-USD,18,2025-09-14,0.0003224981011604733,-0.004681752350561785
baseline_last,y_BTC-USD,16,2025-09-15,0.012112382641498831,0.0003224981011604733
baseline_last,y_BTC-USD,17,2025-09-15,0.012112382641498831,0.0003224981011604733
baseline_last,y_BTC-USD,18,2025-09-15,0.012112382641498831,0.0003224981011604733
baseline_last,y_BTC-USD,16,2025-09-16,-0.0032066883445814875,0.012112382641498831
baseline_last,y_BTC-USD,17,2025-09-16,-0.0032066883445814875,0.012112382641498831
baseline_last,y_BTC-USD,18,2025-09-16,-0.0032066883445814875,0.012112382641498831
baseline_last,y_BTC-USD,16,2025-09-17,0.005741425944741474,-0.0032066883445814875
baseline_last,y_BTC-USD,17,2025-09-17,0.005741425944741474,-0.0032066883445814875
baseline_last,y_BTC-USD,18,2025-09-17,0.005741425944741474,-0.0032066883445814875
baseline_last,y_BTC-USD,16,2025-09-18,-0.012364506846338497,0.005741425944741474
baseline_last,y_BTC-USD,17,2025-09-18,-0.012364506846338497,0.005741425944741474
baseline_last,y_BTC-USD,18,2025-09-18,-0.012364506846338497,0.005741425944741474
baseline_last,y_BTC-USD,16,2025-09-19,0.0002861257573012477,-0.012364506846338497
baseline_last,y_BTC-USD,17,2025-09-19,0.0002861257573012477,-0.012364506846338497
baseline_last,y_BTC-USD,18,2025-09-19,0.0002861257573012477,-0.012364506846338497
baseline_last,y_BTC-USD,16,2025-09-20,-0.003593675600818802,0.0002861257573012477
baseline_last,y_BTC-USD,17,2025-09-20,-0.003593675600818802,0.0002861257573012477
baseline_last,y_BTC-USD,18,2025-09-20,-0.003593675600818802,0.0002861257573012477
baseline_last,y_BTC-USD,16,2025-09-21,-0.02218083931492132,-0.003593675600818802
baseline_last,y_BTC-USD,17,2025-09-21,-0.02218083931492132,-0.003593675600818802
baseline_last,y_BTC-USD,18,2025-09-21,-0.02218083931492132,-0.003593675600818802
baseline_last,y_BTC-USD,16,2025-09-22,-0.00651013327573835,-0.02218083931492132
baseline_last,y_BTC-USD,17,2025-09-22,-0.00651013327573835,-0.02218083931492132
baseline_last,y_BTC-USD,18,2025-09-22,-0.00651013327573835,-0.02218083931492132
baseline_last,y_BTC-USD,17,2025-09-23,0.011731809832655538,-0.00651013327573835
baseline_last,y_BTC-USD,18,2025-09-23,0.011731809832655538,-0.00651013327573835
baseline_last,y_BTC-USD,19,2025-09-23,0.011731809832655538,-0.00651013327573835
baseline_last,y_BTC-USD,17,2025-09-24,-0.03776048156409062,0.011731809832655538
baseline_last,y_BTC-USD,18,2025-09-24,-0.03776048156409062,0.011731809832655538
baseline_last,y_BTC-USD,19,2025-09-24,-0.03776048156409062,0.011731809832655538
baseline_last,y_BTC-USD,17,2025-09-25,0.0060847628462732395,-0.03776048156409062
baseline_last,y_BTC-USD,18,2025-09-25,0.0060847628462732395,-0.03776048156409062
baseline_last,y_BTC-USD,19,2025-09-25,0.0060847628462732395,-0.03776048156409062
baseline_last,y_BTC-USD,17,2025-09-26,-0.0002814877077529365,0.0060847628462732395
baseline_last,y_BTC-USD,18,2025-09-26,-0.0002814877077529365,0.0060847628462732395
baseline_last,y_BTC-USD,19,2025-09-26,-0.0002814877077529365,0.0060847628462732395
baseline_last,y_BTC-USD,17,2025-09-27,0.02225248016477188,-0.0002814877077529365
baseline_last,y_BTC-USD,18,2025-09-27,0.02225248016477188,-0.0002814877077529365
baseline_last,y_BTC-USD,19,2025-09-27,0.02225248016477188,-0.0002814877077529365
baseline_last,y_BTC-USD,17,2025-09-28,0.02031473906432546,0.02225248016477188
baseline_last,y_BTC-USD,18,2025-09-28,0.02031473906432546,0.02225248016477188
baseline_last,y_BTC-USD,19,2025-09-28,0.02031473906432546,0.02225248016477188
baseline_last,y_BTC-USD,17,2025-09-29,-0.003009577997342028,0.02031473906432546
baseline_last,y_BTC-USD,18,2025-09-29,-0.003009577997342028,0.02031473906432546
baseline_last,y_BTC-USD,19,2025-09-29,-0.003009577997342028,0.02031473906432546
baseline_last,y_BTC-USD,17,2025-09-30,0.04026829179914837,-0.003009577997342028
baseline_last,y_BTC-USD,18,2025-09-30,0.04026829179914837,-0.003009577997342028
baseline_last,y_BTC-USD,19,2025-09-30,0.04026829179914837,-0.003009577997342028
baseline_last,y_BTC-USD,17,2025-10-01,0.017128920845327356,0.04026829179914837
baseline_last,y_BTC-USD,18,2025-10-01,0.017128920845327356,0.04026829179914837
baseline_last,y_BTC-USD,19,2025-10-01,0.017128920845327356,0.04026829179914837
baseline_last,y_BTC-USD,17,2025-10-02,0.013136036748664148,0.017128920845327356
baseline_last,y_BTC-USD,18,2025-10-02,0.013136036748664148,0.017128920845327356
baseline_last,y_BTC-USD,19,2025-10-02,0.013136036748664148,0.017128920845327356
baseline_last,y_BTC-USD,17,2025-10-03,0.001299606980548873,0.013136036748664148
baseline_last,y_BTC-USD,18,2025-10-03,0.001299606980548873,0.013136036748664148
baseline_last,y_BTC-USD,19,2025-10-03,0.001299606980548873,0.013136036748664148
baseline_last,y_BTC-USD,17,2025-10-04,0.008887425412982486,0.001299606980548873
baseline_last,y_BTC-USD,18,2025-10-04,0.008887425412982486,0.001299606980548873
baseline_last,y_BTC-USD,19,2025-10-04,0.008887425412982486,0.001299606980548873
baseline_last,y_BTC-USD,17,2025-10-05,0.010031736794915869,0.008887425412982486
baseline_last,y_BTC-USD,18,2025-10-05,0.010031736794915869,0.008887425412982486
baseline_last,y_BTC-USD,19,2025-10-05,0.010031736794915869,0.008887425412982486
baseline_last,y_BTC-USD,17,2025-10-06,-0.026461574802715715,0.010031736794915869
baseline_last,y_BTC-USD,18,2025-10-06,-0.026461574802715715,0.010031736794915869
baseline_last,y_BTC-USD,19,2025-10-06,-0.026461574802715715,0.010031736794915869
baseline_last,y_BTC-USD,17,2025-10-07,0.01567280940669602,-0.026461574802715715
baseline_last,y_BTC-USD,18,2025-10-07,0.01567280940669602,-0.026461574802715715
baseline_last,y_BTC-USD,19,2025-10-07,0.01567280940669602,-0.026461574802715715
baseline_last,y_BTC-USD,17,2025-10-08,-0.013370216251727518,0.01567280940669602
baseline_last,y_BTC-USD,18,2025-10-08,-0.013370216251727518,0.01567280940669602
baseline_last,y_BTC-USD,19,2025-10-08,-0.013370216251727518,0.01567280940669602
baseline_last,y_BTC-USD,17,2025-10-09,-0.06976852117831744,-0.013370216251727518
baseline_last,y_BTC-USD,18,2025-10-09,-0.06976852117831744,-0.013370216251727518
baseline_last,y_BTC-USD,19,2025-10-09,-0.06976852117831744,-0.013370216251727518
baseline_last,y_BTC-USD,17,2025-10-10,-0.02125599811033263,-0.06976852117831744
baseline_last,y_BTC-USD,18,2025-10-10,-0.02125599811033263,-0.06976852117831744
baseline_last,y_BTC-USD,19,2025-10-10,-0.02125599811033263,-0.06976852117831744
baseline_last,y_BTC-USD,17,2025-10-11,0.03936437283871608,-0.02125599811033263
baseline_last,y_BTC-USD,18,2025-10-11,0.03936437283871608,-0.02125599811033263
baseline_last,y_BTC-USD,19,2025-10-11,0.03936437283871608,-0.02125599811033263
baseline_last,y_BTC-USD,17,2025-10-12,0.000879679657679322,0.03936437283871608
baseline_last,y_BTC-USD,18,2025-10-12,0.000879679657679322,0.03936437283871608
baseline_last,y_BTC-USD,19,2025-10-12,0.000879679657679322,0.03936437283871608
baseline_last,y_BTC-USD,18,2025-10-13,-0.01867262888064536,0.000879679657679322
baseline_last,y_BTC-USD,19,2025-10-13,-0.01867262888064536,0.000879679657679322
baseline_last,y_BTC-USD,20,2025-10-13,-0.01867262888064536,0.000879679657679322
baseline_last,y_BTC-USD,18,2025-10-14,-0.02064646024028005,-0.01867262888064536
baseline_last,y_BTC-USD,19,2025-10-14,-0.02064646024028005,-0.01867262888064536
baseline_last,y_BTC-USD,20,2025-10-14,-0.02064646024028005,-0.01867262888064536
baseline_last,y_BTC-USD,18,2025-10-15,-0.023443318504017374,-0.02064646024028005
baseline_last,y_BTC-USD,19,2025-10-15,-0.023443318504017374,-0.02064646024028005
baseline_last,y_BTC-USD,20,2025-10-15,-0.023443318504017374,-0.02064646024028005
baseline_last,y_BTC-USD,18,2025-10-16,-0.01588236351834038,-0.023443318504017374
baseline_last,y_BTC-USD,19,2025-10-16,-0.01588236351834038,-0.023443318504017374
baseline_last,y_BTC-USD,20,2025-10-16,-0.01588236351834038,-0.023443318504017374
baseline_last,y_BTC-USD,18,2025-10-17,0.006861009972426446,-0.01588236351834038
baseline_last,y_BTC-USD,19,2025-10-17,0.006861009972426446,-0.01588236351834038
baseline_last,y_BTC-USD,20,2025-10-17,0.006861009972426446,-0.01588236351834038
baseline_last,y_BTC-USD,18,2025-10-18,0.013698405510000455,0.006861009972426446
baseline_last,y_BTC-USD,19,2025-10-18,0.013698405510000455,0.006861009972426446
baseline_last,y_BTC-USD,20,2025-10-18,0.013698405510000455,0.006861009972426446
baseline_last,y_BTC-USD,18,2025-10-19,0.01768912239467313,0.013698405510000455
baseline_last,y_BTC-USD,19,2025-10-19,0.01768912239467313,0.013698405510000455
baseline_last,y_BTC-USD,20,2025-10-19,0.01768912239467313,0.013698405510000455
baseline_last,y_BTC-USD,18,2025-10-20,-0.019098105646452646,0.01768912239467313
baseline_last,y_BTC-USD,19,2025-10-20,-0.019098105646452646,0.01768912239467313
baseline_last,y_BTC-USD,20,2025-10-20,-0.019098105646452646,0.01768912239467313
baseline_last,y_BTC-USD,18,2025-10-21,-0.007267028792566799,-0.019098105646452646
baseline_last,y_BTC-USD,19,2025-10-21,-0.007267028792566799,-0.019098105646452646
baseline_last,y_BTC-USD,20,2025-10-21,-0.007267028792566799,-0.019098105646452646
baseline_last,y_BTC-USD,18,2025-10-22,0.022111355667553845,-0.007267028792566799
baseline_last,y_BTC-USD,19,2025-10-22,0.022111355667553845,-0.007267028792566799
baseline_last,y_BTC-USD,20,2025-10-22,0.022111355667553845,-0.007267028792566799
baseline_last,y_BTC-USD,18,2025-10-23,0.008759859251149305,0.022111355667553845
baseline_last,y_BTC-USD,19,2025-10-23,0.008759859251149305,0.022111355667553845
baseline_last,y_BTC-USD,20,2025-10-23,0.008759859251149305,0.022111355667553845
baseline_last,y_BTC-USD,18,2025-10-24,0.005474045023684315,0.008759859251149305
baseline_last,y_BTC-USD,19,2025-10-24,0.005474045023684315,0.008759859251149305
baseline_last,y_BTC-USD,20,2025-10-24,0.005474045023684315,0.008759859251149305
baseline_last,y_BTC-USD,18,2025-10-25,0.025355383127430242,0.005474045023684315
baseline_last,y_BTC-USD,19,2025-10-25,0.025355383127430242,0.005474045023684315
baseline_last,y_BTC-USD,20,2025-10-25,0.025355383127430242,0.005474045023684315
baseline_last,y_BTC-USD,18,2025-10-26,-0.0030847352525406047,0.025355383127430242
baseline_last,y_BTC-USD,19,2025-10-26,-0.0030847352525406047,0.025355383127430242
baseline_last,y_BTC-USD,20,2025-10-26,-0.0030847352525406047,0.025355383127430242
baseline_last,y_BTC-USD,18,2025-10-27,-0.01019252462848308,-0.0030847352525406047
baseline_last,y_BTC-USD,19,2025-10-27,-0.01019252462848308,-0.0030847352525406047
baseline_last,y_BTC-USD,20,2025-10-27,-0.01019252462848308,-0.0030847352525406047
baseline_last,y_BTC-USD,18,2025-10-28,-0.025681284408657135,-0.01019252462848308
baseline_last,y_BTC-USD,19,2025-10-28,-0.025681284408657135,-0.01019252462848308
baseline_last,y_BTC-USD,20,2025-10-28,-0.025681284408657135,-0.01019252462848308
baseline_last,y_BTC-USD,18,2025-10-29,-0.015898895718551742,-0.025681284408657135
baseline_last,y_BTC-USD,19,2025-10-29,-0.015898895718551742,-0.025681284408657135
baseline_last,y_BTC-USD,20,2025-10-29,-0.015898895718551742,-0.025681284408657135
baseline_last,y_BTC-USD,18,2025-10-30,0.011547120379193476,-0.015898895718551742
baseline_last,y_BTC-USD,19,2025-10-30,0.011547120379193476,-0.015898895718551742
baseline_last,y_BTC-USD,20,2025-10-30,0.011547120379193476,-0.015898895718551742
baseline_last,y_BTC-USD,18,2025-10-31,0.004635536182247879,0.011547120379193476
baseline_last,y_BTC-USD,19,2025-10-31,0.004635536182247879,0.011547120379193476
baseline_last,y_BTC-USD,20,2025-10-31,0.004635536182247879,0.011547120379193476
baseline_last,y_BTC-USD,18,2025-11-01,0.005229768982454308,0.004635536182247879
baseline_last,y_BTC-USD,19,2025-11-01,0.005229768982454308,0.004635536182247879
baseline_last,y_BTC-USD,20,2025-11-01,0.005229768982454308,0.004635536182247879
baseline_last,y_BTC-USD,19,2025-11-02,-0.03698585893164408,0.005229768982454308
baseline_last,y_BTC-USD,20,2025-11-02,-0.03698585893164408,0.005229768982454308
baseline_last,y_BTC-USD,21,2025-11-02,-0.03698585893164408,0.005229768982454308
baseline_last,y_BTC-USD,19,2025-11-03,-0.046523840630681046,-0.03698585893164408
baseline_last,y_BTC-USD,20,2025-11-03,-0.046523840630681046,-0.03698585893164408
baseline_last,y_BTC-USD,21,2025-11-03,-0.046523840630681046,-0.03698585893164408
baseline_last,y_BTC-USD,19,2025-11-04,0.02265282648549194,-0.046523840630681046
baseline_last,y_BTC-USD,20,2025-11-04,0.02265282648549194,-0.046523840630681046
baseline_last,y_BTC-USD,21,2025-11-04,0.02265282648549194,-0.046523840630681046
baseline_last,y_BTC-USD,19,2025-11-05,-0.02493503798083263,0.02265282648549194
baseline_last,y_BTC-USD,20,2025-11-05,-0.02493503798083263,0.02265282648549194
baseline_last,y_BTC-USD,21,2025-11-05,-0.02493503798083263,0.02265282648549194
baseline_last,y_BTC-USD,19,2025-11-06,0.020445121741957006,-0.02493503798083263
baseline_last,y_BTC-USD,20,2025-11-06,0.020445121741957006,-0.02493503798083263
baseline_last,y_BTC-USD,21,2025-11-06,0.020445121741957006,-0.02493503798083263
baseline_last,y_BTC-USD,19,2025-11-07,-0.010547196317199026,0.020445121741957006
baseline_last,y_BTC-USD,20,2025-11-07,-0.010547196317199026,0.020445121741957006
baseline_last,y_BTC-USD,21,2025-11-07,-0.010547196317199026,0.020445121741957006
baseline_last,y_BTC-USD,19,2025-11-08,0.02383137448193029,-0.010547196317199026
baseline_last,y_BTC-USD,20,2025-11-08,0.02383137448193029,-0.010547196317199026
baseline_last,y_BTC-USD,21,2025-11-08,0.02383137448193029,-0.010547196317199026
baseline_last,y_BTC-USD,19,2025-11-09,0.012194017448672767,0.02383137448193029
baseline_last,y_BTC-USD,20,2025-11-09,0.012194017448672767,0.02383137448193029
baseline_last,y_BTC-USD,21,2025-11-09,0.012194017448672767,0.02383137448193029
baseline_last,y_BTC-USD,19,2025-11-10,-0.028294541304540788,0.012194017448672767
baseline_last,y_BTC-USD,20,2025-11-10,-0.028294541304540788,0.012194017448672767
baseline_last,y_BTC-USD,21,2025-11-10,-0.028294541304540788,0.012194017448672767
baseline_last,y_BTC-USD,19,2025-11-11,-0.012954505253314763,-0.028294541304540788
baseline_last,y_BTC-USD,20,2025-11-11,-0.012954505253314763,-0.028294541304540788
baseline_last,y_BTC-USD,21,2025-11-11,-0.012954505253314763,-0.028294541304540788
baseline_last,y_BTC-USD,19,2025-11-12,-0.01933536967351135,-0.012954505253314763
baseline_last,y_BTC-USD,20,2025-11-12,-0.01933536967351135,-0.012954505253314763
baseline_last,y_BTC-USD,21,2025-11-12,-0.01933536967351135,-0.012954505253314763
baseline_last,y_BTC-USD,19,2025-11-13,-0.053157837862490065,-0.01933536967351135
baseline_last,y_BTC-USD,20,2025-11-13,-0.053157837862490065,-0.01933536967351135
baseline_last,y_BTC-USD,21,2025-11-13,-0.053157837862490065,-0.01933536967351135
baseline_last,y_BTC-USD,19,2025-11-14,0.012196889211437911,-0.053157837862490065
baseline_last,y_BTC-USD,20,2025-11-14,0.012196889211437911,-0.053157837862490065
baseline_last,y_BTC-USD,21,2025-11-14,0.012196889211437911,-0.053157837862490065
baseline_last,y_BTC-USD,19,2025-11-15,-0.01435983820826503,0.012196889211437911
baseline_last,y_BTC-USD,20,2025-11-15,-0.01435983820826503,0.012196889211437911
baseline_last,y_BTC-USD,21,2025-11-15,-0.01435983820826503,0.012196889211437911
baseline_last,y_BTC-USD,19,2025-11-16,-0.02212006537551514,-0.01435983820826503
baseline_last,y_BTC-USD,20,2025-11-16,-0.02212006537551514,-0.01435983820826503
baseline_last,y_BTC-USD,21,2025-11-16,-0.02212006537551514,-0.01435983820826503
baseline_last,y_BTC-USD,19,2025-11-17,0.009284005043766586,-0.02212006537551514
baseline_last,y_BTC-USD,20,2025-11-17,0.009284005043766586,-0.02212006537551514
baseline_last,y_BTC-USD,21,2025-11-17,0.009284005043766586,-0.02212006537551514
baseline_last,y_BTC-USD,19,2025-11-18,-0.015953746750565823,0.009284005043766586
baseline_last,y_BTC-USD,20,2025-11-18,-0.015953746750565823,0.009284005043766586
baseline_last,y_BTC-USD,21,2025-11-18,-0.015953746750565823,0.009284005043766586
baseline_last,y_BTC-USD,19,2025-11-19,-0.05285126891851111,-0.015953746750565823
baseline_last,y_BTC-USD,20,2025-11-19,-0.05285126891851111,-0.015953746750565823
baseline_last,y_BTC-USD,21,2025-11-19,-0.05285126891851111,-0.015953746750565823
baseline_last,y_BTC-USD,19,2025-11-20,-0.017790340109098413,-0.05285126891851111
baseline_last,y_BTC-USD,20,2025-11-20,-0.017790340109098413,-0.05285126891851111
baseline_last,y_BTC-USD,21,2025-11-20,-0.017790340109098413,-0.05285126891851111
baseline_last,y_BTC-USD,19,2025-11-21,-0.0051983141515926645,-0.017790340109098413
baseline_last,y_BTC-USD,20,2025-11-21,-0.0051983141515926645,-0.017790340109098413
baseline_last,y_BTC-USD,21,2025-11-21,-0.0051983141515926645,-0.017790340109098413
baseline_last,y_BTC-USD,20,2025-11-22,0.025477734635657168,-0.0051983141515926645
baseline_last,y_BTC-USD,21,2025-11-22,0.025477734635657168,-0.0051983141515926645
baseline_last,y_BTC-USD,22,2025-11-22,0.025477734635657168,-0.0051983141515926645
baseline_last,y_BTC-USD,20,2025-11-23,0.01688329653360121,0.025477734635657168
baseline_last,y_BTC-USD,21,2025-11-23,0.01688329653360121,0.025477734635657168
baseline_last,y_BTC-USD,22,2025-11-23,0.01688329653360121,0.025477734635657168
baseline_last,y_BTC-USD,20,2025-11-24,-0.010520742688141405,0.01688329653360121
baseline_last,y_BTC-USD,21,2025-11-24,-0.010520742688141405,0.01688329653360121
baseline_last,y_BTC-USD,22,2025-11-24,-0.010520742688141405,0.01688329653360121
baseline_last,y_BTC-USD,20,2025-11-25,0.03636830551491177,-0.010520742688141405
baseline_last,y_BTC-USD,21,2025-11-25,0.03636830551491177,-0.010520742688141405
baseline_last,y_BTC-USD,22,2025-11-25,0.03636830551491177,-0.010520742688141405
baseline_last,y_BTC-USD,20,2025-11-26,0.008473504729832548,0.03636830551491177
baseline_last,y_BTC-USD,21,2025-11-26,0.008473504729832548,0.03636830551491177
baseline_last,y_BTC-USD,22,2025-11-26,0.008473504729832548,0.03636830551491177
baseline_last,y_BTC-USD,20,2025-11-27,-0.004010602738938163,0.008473504729832548
baseline_last,y_BTC-USD,21,2025-11-27,-0.004010602738938163,0.008473504729832548
baseline_last,y_BTC-USD,22,2025-11-27,-0.004010602738938163,0.008473504729832548
baseline_last,y_BTC-USD,20,2025-11-28,-0.0007425028351905061,-0.004010602738938163
baseline_last,y_BTC-USD,21,2025-11-28,-0.0007425028351905061,-0.004010602738938163
baseline_last,y_BTC-USD,22,2025-11-28,-0.0007425028351905061,-0.004010602738938163
baseline_last,y_BTC-USD,20,2025-11-30,-0.045055292472078956,-0.0007425028351905061
baseline_last,y_BTC-USD,21,2025-11-30,-0.045055292472078956,-0.0007425028351905061
baseline_last,y_BTC-USD,22,2025-11-30,-0.045055292472078956,-0.0007425028351905061
baseline_last,y_BTC-USD,20,2025-12-01,0.05825464938016567,-0.045055292472078956
baseline_last,y_BTC-USD,21,2025-12-01,0.05825464938016567,-0.045055292472078956
baseline_last,y_BTC-USD,22,2025-12-01,0.05825464938016567,-0.045055292472078956
baseline_last,y_BTC-USD,20,2025-12-02,0.023837949867722363,0.05825464938016567
baseline_last,y_BTC-USD,21,2025-12-02,0.023837949867722363,0.05825464938016567
baseline_last,y_BTC-USD,22,2025-12-02,0.023837949867722363,0.05825464938016567
baseline_last,y_BTC-USD,20,2025-12-03,-0.014821043775501641,0.023837949867722363
baseline_last,y_BTC-USD,21,2025-12-03,-0.014821043775501641,0.023837949867722363
baseline_last,y_BTC-USD,22,2025-12-03,-0.014821043775501641,0.023837949867722363
baseline_last,y_BTC-USD,20,2025-12-04,-0.029887330373216225,-0.014821043775501641
baseline_last,y_BTC-USD,21,2025-12-04,-0.029887330373216225,-0.014821043775501641
baseline_last,y_BTC-USD,22,2025-12-04,-0.029887330373216225,-0.014821043775501641
baseline_last,y_BTC-USD,20,2025-12-05,-0.0012908122468182626,-0.029887330373216225
baseline_last,y_BTC-USD,21,2025-12-05,-0.0012908122468182626,-0.029887330373216225
baseline_last,y_BTC-USD,22,2025-12-05,-0.0012908122468182626,-0.029887330373216225
baseline_last,y_BTC-USD,20,2025-12-06,0.012694471554050235,-0.0012908122468182626
baseline_last,y_BTC-USD,21,2025-12-06,0.012694471554050235,-0.0012908122468182626
baseline_last,y_BTC-USD,22,2025-12-06,0.012694471554050235,-0.0012908122468182626
baseline_last,y_BTC-USD,20,2025-12-07,0.0025945560296725123,0.012694471554050235
baseline_last,y_BTC-USD,21,2025-12-07,0.0025945560296725123,0.012694471554050235
baseline_last,y_BTC-USD,22,2025-12-07,0.0025945560296725123,0.012694471554050235
baseline_last,y_BTC-USD,20,2025-12-08,0.022633530616329445,0.0025945560296725123
baseline_last,y_BTC-USD,21,2025-12-08,0.022633530616329445,0.0025945560296725123
baseline_last,y_BTC-USD,22,2025-12-08,0.022633530616329445,0.0025945560296725123
baseline_last,y_BTC-USD,20,2025-12-09,-0.007236522211271801,0.022633530616329445
baseline_last,y_BTC-USD,21,2025-12-09,-0.007236522211271801,0.022633530616329445
baseline_last,y_BTC-USD,22,2025-12-09,-0.007236522211271801,0.022633530616329445
baseline_last,y_BTC-USD,20,2025-12-10,0.005329119618741718,-0.007236522211271801
baseline_last,y_BTC-USD,21,2025-12-10,0.005329119618741718,-0.007236522211271801
baseline_last,y_BTC-USD,22,2025-12-10,0.005329119618741718,-0.007236522211271801
baseline_last,y_BTC-USD,20,2025-12-11,-0.024223213861206738,0.005329119618741718
baseline_last,y_BTC-USD,21,2025-12-11,-0.024223213861206738,0.005329119618741718
baseline_last,y_BTC-USD,22,2025-12-11,-0.024223213861206738,0.005329119618741718
baseline_last,y_BTC-USD,20,2025-12-12,0.00031346787642294593,-0.024223213861206738
baseline_last,y_BTC-USD,21,2025-12-12,0.00031346787642294593,-0.024223213861206738
baseline_last,y_BTC-USD,22,2025-12-12,0.00031346787642294593,-0.024223213861206738
baseline_last,y_BTC-USD,21,2025-12-13,-0.023516739363752315,0.00031346787642294593
baseline_last,y_BTC-USD,22,2025-12-13,-0.023516739363752315,0.00031346787642294593
baseline_last,y_BTC-USD,23,2025-12-13,-0.023516739363752315,0.00031346787642294593
baseline_last,y_BTC-USD,21,2025-12-15,0.01648005936140917,-0.023516739363752315
baseline_last,y_BTC-USD,22,2025-12-15,0.01648005936140917,-0.023516739363752315
baseline_last,y_BTC-USD,23,2025-12-15,0.01648005936140917,-0.023516739363752315
baseline_last,y_BTC-USD,21,2025-12-16,-0.01935507109105894,0.01648005936140917
baseline_last,y_BTC-USD,22,2025-12-16,-0.01935507109105894,0.01648005936140917
baseline_last,y_BTC-USD,23,2025-12-16,-0.01935507109105894,0.01648005936140917
baseline_last,y_BTC-USD,21,2025-12-17,-0.007908292107279613,-0.01935507109105894
baseline_last,y_BTC-USD,22,2025-12-17,-0.007908292107279613,-0.01935507109105894
baseline_last,y_BTC-USD,23,2025-12-17,-0.007908292107279613,-0.01935507109105894
baseline_last,y_BTC-USD,21,2025-12-18,0.03090097713717843,-0.007908292107279613
baseline_last,y_BTC-USD,22,2025-12-18,0.03090097713717843,-0.007908292107279613
baseline_last,y_BTC-USD,23,2025-12-18,0.03090097713717843,-0.007908292107279613
baseline_last,y_BTC-USD,21,2025-12-19,0.002731077738661547,0.03090097713717843
baseline_last,y_BTC-USD,22,2025-12-19,0.002731077738661547,0.03090097713717843
baseline_last,y_BTC-USD,23,2025-12-19,0.002731077738661547,0.03090097713717843
baseline_last,y_BTC-USD,21,2025-12-20,0.0031439599746445612,0.002731077738661547
baseline_last,y_BTC-USD,22,2025-12-20,0.0031439599746445612,0.002731077738661547
baseline_last,y_BTC-USD,23,2025-12-20,0.0031439599746445612,0.002731077738661547
baseline_last,y_BTC-USD,21,2025-12-21,-0.0014864790528285043,0.0031439599746445612
baseline_last,y_BTC-USD,22,2025-12-21,-0.0014864790528285043,0.0031439599746445612
baseline_last,y_BTC-USD,23,2025-12-21,-0.0014864790528285043,0.0031439599746445612
baseline_last,y_BTC-USD,21,2025-12-23,0.0022646365284737513,-0.0014864790528285043
baseline_last,y_BTC-USD,22,2025-12-23,0.0022646365284737513,-0.0014864790528285043
baseline_last,y_BTC-USD,23,2025-12-23,0.0022646365284737513,-0.0014864790528285043
baseline_last,y_BTC-USD,21,2025-12-24,-0.004305562231041726,0.0022646365284737513
baseline_last,y_BTC-USD,22,2025-12-24,-0.004305562231041726,0.0022646365284737513
baseline_last,y_BTC-USD,23,2025-12-24,-0.004305562231041726,0.0022646365284737513
baseline_last,y_BTC-USD,21,2025-12-25,0.0007644603322913834,-0.004305562231041726
baseline_last,y_BTC-USD,22,2025-12-25,0.0007644603322913834,-0.004305562231041726
baseline_last,y_BTC-USD,23,2025-12-25,0.0007644603322913834,-0.004305562231041726
baseline_last,y_BTC-USD,21,2025-12-26,0.005735605525503784,0.0007644603322913834
baseline_last,y_BTC-USD,22,2025-12-26,0.005735605525503784,0.0007644603322913834
baseline_last,y_BTC-USD,23,2025-12-26,0.005735605525503784,0.0007644603322913834
baseline_last,y_BTC-USD,21,2025-12-27,0.00038358610925337544,0.005735605525503784
baseline_last,y_BTC-USD,22,2025-12-27,0.00038358610925337544,0.005735605525503784
baseline_last,y_BTC-USD,23,2025-12-27,0.00038358610925337544,0.005735605525503784
baseline_last,y_BTC-USD,21,2025-12-28,-0.007943173820266769,0.00038358610925337544
baseline_last,y_BTC-USD,22,2025-12-28,-0.007943173820266769,0.00038358610925337544
baseline_last,y_BTC-USD,23,2025-12-28,-0.007943173820266769,0.00038358610925337544
baseline_last,y_BTC-USD,21,2025-12-29,0.014826942349620564,-0.007943173820266769
baseline_last,y_BTC-USD,22,2025-12-29,0.014826942349620564,-0.007943173820266769
baseline_last,y_BTC-USD,23,2025-12-29,0.014826942349620564,-0.007943173820266769
baseline_last,y_BTC-USD,21,2025-12-30,-0.01041844740246467,0.014826942349620564
baseline_last,y_BTC-USD,22,2025-12-30,-0.01041844740246467,0.014826942349620564
baseline_last,y_BTC-USD,23,2025-12-30,-0.01041844740246467,0.014826942349620564
baseline_last,y_BTC-USD,21,2025-12-31,0.013977518339667538,-0.01041844740246467
baseline_last,y_BTC-USD,22,2025-12-31,0.013977518339667538,-0.01041844740246467
baseline_last,y_BTC-USD,23,2025-12-31,0.013977518339667538,-0.01041844740246467
baseline_last,y_BTC-USD,21,2026-01-01,0.013667122921255048,0.013977518339667538
baseline_last,y_BTC-USD,22,2026-01-01,0.013667122921255048,0.013977518339667538
baseline_last,y_BTC-USD,23,2026-01-01,0.013667122921255048,0.013977518339667538
baseline_last,y_BTC-USD,21,2026-01-02,0.007321078638514056,0.013667122921255048
baseline_last,y_BTC-USD,22,2026-01-02,0.007321078638514056,0.013667122921255048
baseline_last,y_BTC-USD,23,2026-01-02,0.007321078638514056,0.013667122921255048
baseline_last,y_BTC-USD,21,2026-01-03,0.008943445698309516,0.007321078638514056
baseline_last,y_BTC-USD,22,2026-01-03,0.008943445698309516,0.007321078638514056
baseline_last,y_BTC-USD,23,2026-01-03,0.008943445698309516,0.007321078638514056
baseline_last,y_BTC-USD,22,2026-01-04,0.027009825802690735,0.008943445698309516
baseline_last,y_BTC-USD,23,2026-01-04,0.027009825802690735,0.008943445698309516
baseline_last,y_BTC-USD,24,2026-01-04,0.027009825802690735,0.008943445698309516
baseline_last,y_BTC-USD,22,2026-01-05,-0.0016352711961346023,0.027009825802690735
baseline_last,y_BTC-USD,23,2026-01-05,-0.0016352711961346023,0.027009825802690735
baseline_last,y_BTC-USD,24,2026-01-05,-0.0016352711961346023,0.027009825802690735
baseline_last,y_BTC-USD,22,2026-01-06,-0.025829527204251357,-0.0016352711961346023
baseline_last,y_BTC-USD,23,2026-01-06,-0.025829527204251357,-0.0016352711961346023
baseline_last,y_BTC-USD,24,2026-01-06,-0.025829527204251357,-0.0016352711961346023
baseline_last,y_BTC-USD,22,2026-01-07,-0.003076724046541912,-0.025829527204251357
baseline_last,y_BTC-USD,23,2026-01-07,-0.003076724046541912,-0.025829527204251357
baseline_last,y_BTC-USD,24,2026-01-07,-0.003076724046541912,-0.025829527204251357
baseline_last,y_BTC-USD,22,2026-01-08,-0.005646925984974294,-0.003076724046541912
baseline_last,y_BTC-USD,23,2026-01-08,-0.005646925984974294,-0.003076724046541912
baseline_last,y_BTC-USD,24,2026-01-08,-0.005646925984974294,-0.003076724046541912
baseline_last,y_BTC-USD,22,2026-01-09,-0.001397069847536736,-0.005646925984974294
baseline_last,y_BTC-USD,23,2026-01-09,-0.001397069847536736,-0.005646925984974294
baseline_last,y_BTC-USD,24,2026-01-09,-0.001397069847536736,-0.005646925984974294
baseline_last,y_BTC-USD,22,2026-01-10,0.004876964768804504,-0.001397069847536736
baseline_last,y_BTC-USD,23,2026-01-10,0.004876964768804504,-0.001397069847536736
baseline_last,y_BTC-USD,24,2026-01-10,0.004876964768804504,-0.001397069847536736
baseline_last,y_BTC-USD,22,2026-01-11,0.004024457429802286,0.004876964768804504
baseline_last,y_BTC-USD,23,2026-01-11,0.004024457429802286,0.004876964768804504
baseline_last,y_BTC-USD,24,2026-01-11,0.004024457429802286,0.004876964768804504
baseline_last,y_BTC-USD,22,2026-01-12,0.04527528885126264,0.004024457429802286
baseline_last,y_BTC-USD,23,2026-01-12,0.04527528885126264,0.004024457429802286
baseline_last,y_BTC-USD,24,2026-01-12,0.04527528885126264,0.004024457429802286
baseline_last,y_BTC-USD,22,2026-01-13,0.016864423365986925,0.04527528885126264
baseline_last,y_BTC-USD,23,2026-01-13,0.016864423365986925,0.04527528885126264
baseline_last,y_BTC-USD,24,2026-01-13,0.016864423365986925,0.04527528885126264
baseline_last,y_BTC-USD,22,2026-01-14,-0.01421799419905967,0.016864423365986925
baseline_last,y_BTC-USD,23,2026-01-14,-0.01421799419905967,0.016864423365986925
baseline_last,y_BTC-USD,24,2026-01-14,-0.01421799419905967,0.016864423365986925
baseline_last,y_BTC-USD,22,2026-01-15,-0.00027284132392391136,-0.01421799419905967
baseline_last,y_BTC-USD,23,2026-01-15,-0.00027284132392391136,-0.01421799419905967
baseline_last,y_BTC-USD,24,2026-01-15,-0.00027284132392391136,-0.01421799419905967
baseline_last,y_BTC-USD,22,2026-01-16,-0.004451136256293897,-0.00027284132392391136
baseline_last,y_BTC-USD,23,2026-01-16,-0.004451136256293897,-0.00027284132392391136
baseline_last,y_BTC-USD,24,2026-01-16,-0.004451136256293897,-0.00027284132392391136
baseline_last,y_BTC-USD,22,2026-01-18,-0.011543146480490485,-0.004451136256293897
baseline_last,y_BTC-USD,23,2026-01-18,-0.011543146480490485,-0.004451136256293897
baseline_last,y_BTC-USD,24,2026-01-18,-0.011543146480490485,-0.004451136256293897
baseline_last,y_BTC-USD,22,2026-01-19,-0.04584033237499219,-0.011543146480490485
baseline_last,y_BTC-USD,23,2026-01-19,-0.04584033237499219,-0.011543146480490485
baseline_last,y_BTC-USD,24,2026-01-19,-0.04584033237499219,-0.011543146480490485
baseline_last,y_BTC-USD,22,2026-01-21,0.000956534957143873,-0.04584033237499219
baseline_last,y_BTC-USD,23,2026-01-21,0.000956534957143873,-0.04584033237499219
baseline_last,y_BTC-USD,24,2026-01-21,0.000956534957143873,-0.04584033237499219
baseline_last,y_BTC-USD,22,2026-01-22,0.00046300848627667257,0.000956534957143873
baseline_last,y_BTC-USD,23,2026-01-22,0.00046300848627667257,0.000956534957143873
baseline_last,y_BTC-USD,24,2026-01-22,0.00046300848627667257,0.000956534957143873
baseline_last,y_BTC-USD,22,2026-01-23,-0.00439244250598092,0.00046300848627667257
baseline_last,y_BTC-USD,23,2026-01-23,-0.00439244250598092,0.00046300848627667257
baseline_last,y_BTC-USD,24,2026-01-23,-0.00439244250598092,0.00046300848627667257
baseline_last,y_BTC-USD,22,2026-01-24,-0.028487203509257375,-0.00439244250598092
baseline_last,y_BTC-USD,23,2026-01-24,-0.028487203509257375,-0.00439244250598092
baseline_last,y_BTC-USD,24,2026-01-24,-0.028487203509257375,-0.00439244250598092
baseline_last,y_BTC-USD,22,2026-01-25,0.019578126787931138,-0.028487203509257375
baseline_last,y_BTC-USD,23,2026-01-25,0.019578126787931138,-0.028487203509257375
baseline_last,y_BTC-USD,24,2026-01-25,0.019578126787931138,-0.028487203509257375
baseline_last,y_BTC-USD,23,2026-01-26,0.009464787027023913,0.019578126787931138
baseline_last,y_BTC-USD,24,2026-01-26,0.009464787027023913,0.019578126787931138
baseline_last,y_BTC-USD,23,2026-01-27,0.0009202877056453396,0.009464787027023913
baseline_last,y_BTC-USD,24,2026-01-27,0.0009202877056453396,0.009464787027023913
baseline_last,y_BTC-USD,23,2026-01-28,-0.05183614563372574,0.0009202877056453396
baseline_last,y_BTC-USD,24,2026-01-28,-0.05183614563372574,0.0009202877056453396
baseline_last,y_BTC-USD,23,2026-01-29,-0.005119696877728619,-0.05183614563372574
baseline_last,y_BTC-USD,24,2026-01-29,-0.005119696877728619,-0.05183614563372574
baseline_last,y_BTC-USD,23,2026-01-30,-0.06546567255435032,-0.005119696877728619
baseline_last,y_BTC-USD,24,2026-01-30,-0.06546567255435032,-0.005119696877728619
baseline_last,y_BTC-USD,23,2026-01-31,-0.02094439679701987,-0.06546567255435032
baseline_last,y_BTC-USD,24,2026-01-31,-0.02094439679701987,-0.06546567255435032
baseline_last,y_BTC-USD,23,2026-02-01,0.022271291537603544,-0.02094439679701987
baseline_last,y_BTC-USD,24,2026-02-01,0.022271291537603544,-0.02094439679701987
baseline_last,y_BTC-USD,23,2026-02-02,-0.03882661934945053,0.022271291537603544
baseline_last,y_BTC-USD,24,2026-02-02,-0.03882661934945053,0.022271291537603544
baseline_last,y_BTC-USD,23,2026-02-03,-0.03455931736640505,-0.03882661934945053
baseline_last,y_BTC-USD,24,2026-02-03,-0.03455931736640505,-0.03882661934945053
baseline_last,y_BTC-USD,23,2026-02-04,-0.14129892381358544,-0.03455931736640505
baseline_last,y_BTC-USD,24,2026-02-04,-0.14129892381358544,-0.03455931736640505
baseline_last,y_BTC-USD,23,2026-02-05,0.1252476912623226,-0.14129892381358544
baseline_last,y_BTC-USD,24,2026-02-05,0.1252476912623226,-0.14129892381358544
baseline_last,y_BTC-USD,23,2026-02-06,-0.018048541205989532,0.1252476912623226
baseline_last,y_BTC-USD,24,2026-02-06,-0.018048541205989532,0.1252476912623226
baseline_last,y_BTC-USD,23,2026-02-07,0.014184900201757111,-0.018048541205989532
baseline_last,y_BTC-USD,24,2026-02-07,0.014184900201757111,-0.018048541205989532
baseline_last,y_BTC-USD,23,2026-02-08,-0.00204861414171964,0.014184900201757111
baseline_last,y_BTC-USD,24,2026-02-08,-0.00204861414171964,0.014184900201757111
baseline_last,y_BTC-USD,23,2026-02-09,-0.018921927121284043,-0.00204861414171964
baseline_last,y_BTC-USD,24,2026-02-09,-0.018921927121284043,-0.00204861414171964
baseline_last,y_BTC-USD,23,2026-02-10,-0.02619404614799148,-0.018921927121284043
baseline_last,y_BTC-USD,24,2026-02-10,-0.02619404614799148,-0.018921927121284043
baseline_last,y_BTC-USD,23,2026-02-11,-0.011495780977477277,-0.02619404614799148
baseline_last,y_BTC-USD,24,2026-02-11,-0.011495780977477277,-0.02619404614799148
baseline_last,y_BTC-USD,23,2026-02-12,0.039805596623848194,-0.011495780977477277
baseline_last,y_BTC-USD,24,2026-02-12,0.039805596623848194,-0.011495780977477277
baseline_last,y_BTC-USD,23,2026-02-13,0.013212456278809848,0.039805596623848194
baseline_last,y_BTC-USD,24,2026-02-13,0.013212456278809848,0.039805596623848194
baseline_last,y_BTC-USD,23,2026-02-14,-0.014038567315427408,0.013212456278809848
baseline_last,y_BTC-USD,24,2026-02-14,-0.014038567315427408,0.013212456278809848
baseline_last,y_BTC-USD,24,2026-02-16,-0.019594358734823403,-0.014038567315427408
baseline_last,y_BTC-USD,24,2026-02-17,-0.015836888807606253,-0.019594358734823403
baseline_last,y_BTC-USD,24,2026-02-18,0.008012052068341324,-0.015836888807606253
baseline_last,y_BTC-USD,24,2026-02-19,0.015650197075734784,0.008012052068341324
baseline_last,y_BTC-USD,24,2026-02-20,-2.435467576455963e-05,0.015650197075734784
baseline_last,y_BTC-USD,24,2026-02-21,-0.005064057803784272,-2.435467576455963e-05
baseline_last,y_BTC-USD,24,2026-02-22,-0.04497014110892317,-0.005064057803784272
baseline_last,y_BTC-USD,24,2026-02-23,-0.008305824880296298,-0.04497014110892317
baseline_last,y_BTC-USD,24,2026-02-24,0.060550552894326426,-0.008305824880296298
baseline_last,y_BTC-USD,24,2026-02-25,-0.007450715585058165,0.060550552894326426
baseline_last,y_BTC-USD,24,2026-02-26,-0.023304501473983996,-0.007450715585058165
baseline_last,y_BTC-USD,24,2026-02-27,0.016910019957618205,-0.023304501473983996
baseline_last,y_BTC-USD,24,2026-02-28,-0.018773664883674046,0.016910019957618205
baseline_last,y_BTC-USD,24,2026-03-01,0.04620988327616793,-0.018773664883674046
baseline_last,y_BTC-USD,24,2026-03-02,-0.007011227255569463,0.04620988327616793
baseline_last,y_BTC-USD,24,2026-03-03,0.06467555605177866,-0.007011227255569463
baseline_last,y_BTC-USD,24,2026-03-04,-0.025710882421896564,0.06467555605177866
baseline_last,y_BTC-USD,24,2026-03-05,-0.03817885179689062,-0.025710882421896564
baseline_last,y_BTC-USD,24,2026-03-06,-0.01267893913767526,-0.03817885179689062
baseline_last,y_BTC-USD,24,2026-03-08,0.03687448277691541,-0.01267893913767526
baseline_last,y_GLD,0,2024-08-05,-0.00800071383261225,0.0
baseline_last,y_GLD,0,2024-08-06,-0.0006796279952806517,-0.00800071383261225
baseline_last,y_GLD,0,2024-08-07,0.015688013635013265,-0.0006796279952806517
baseline_last,y_GLD,0,2024-08-08,0.0024552612171102606,0.015688013635013265
baseline_last,y_GLD,0,2024-08-12,-0.001532358906807807,0.0
baseline_last,y_GLD,0,2024-08-13,-0.00815575125082435,-0.001532358906807807
baseline_last,y_GLD,0,2024-08-14,0.0031388449312383937,-0.00815575125082435
baseline_last,y_GLD,0,2024-08-15,0.022387738526589596,0.0031388449312383937
baseline_last,y_GLD,0,2024-08-19,0.0036699887797402297,0.0
baseline_last,y_GLD,0,2024-08-20,-0.0013336178629831386,0.0036699887797402297
baseline_last,y_GLD,0,2024-08-21,-0.011975011209935715,-0.0013336178629831386
baseline_last,y_GLD,0,2024-08-22,0.011553425520715921,-0.011975011209935715
baseline_last,y_GLD,0,2024-08-26,0.002706671669018057,0.0
baseline_last,y_GLD,1,2024-08-26,0.002706671669018057,0.0
baseline_last,y_GLD,0,2024-08-27,-0.007026862307456638,0.002706671669018057
baseline_last,y_GLD,1,2024-08-27,-0.007026862307456638,0.002706671669018057
baseline_last,y_GLD,0,2024-08-28,0.005177980359189593,-0.007026862307456638
baseline_last,y_GLD,1,2024-08-28,0.005177980359189593,-0.007026862307456638
baseline_last,y_GLD,0,2024-08-29,-0.0071260085162319076,0.005177980359189593
baseline_last,y_GLD,1,2024-08-29,-0.0071260085162319076,0.005177980359189593
baseline_last,y_GLD,0,2024-09-03,0.000607926500195255,0.0
baseline_last,y_GLD,1,2024-09-03,0.000607926500195255,0.0
baseline_last,y_GLD,0,2024-09-04,0.008332306942507417,0.000607926500195255
baseline_last,y_GLD,1,2024-09-04,0.008332306942507417,0.000607926500195255
baseline_last,y_GLD,0,2024-09-05,-0.00740263040895639,0.008332306942507417
baseline_last,y_GLD,1,2024-09-05,-0.00740263040895639,0.008332306942507417
baseline_last,y_GLD,0,2024-09-09,0.004404097525006145,0.0
baseline_last,y_GLD,1,2024-09-09,0.004404097525006145,0.0
baseline_last,y_GLD,0,2024-09-10,-0.001590555949419148,0.004404097525006145
baseline_last,y_GLD,1,2024-09-10,-0.001590555949419148,0.004404097525006145
baseline_last,y_GLD,0,2024-09-11,0.017567284525531468,-0.001590555949419148
baseline_last,y_GLD,1,2024-09-11,0.017567284525531468,-0.001590555949419148
baseline_last,y_GLD,0,2024-09-12,0.009943683944142245,0.017567284525531468
baseline_last,y_GLD,1,2024-09-12,0.009943683944142245,0.017567284525531468
baseline_last,y_GLD,2,2024-09-12,0.009943683944142245,0.017567284525531468
baseline_last,y_GLD,0,2024-09-16,-0.005530911354914347,0.0
baseline_last,y_GLD,1,2024-09-16,-0.005530911354914347,0.0
baseline_last,y_GLD,2,2024-09-16,-0.005530911354914347,0.0
baseline_last,y_GLD,0,2024-09-17,-0.007710465405288747,-0.005530911354914347
baseline_last,y_GLD,1,2024-09-17,-0.007710465405288747,-0.005530911354914347
baseline_last,y_GLD,2,2024-09-17,-0.007710465405288747,-0.005530911354914347
baseline_last,y_GLD,0,2024-09-18,0.015540757281972128,-0.007710465405288747
baseline_last,y_GLD,1,2024-09-18,0.015540757281972128,-0.007710465405288747
baseline_last,y_GLD,2,2024-09-18,0.015540757281972128,-0.007710465405288747
baseline_last,y_GLD,0,2024-09-19,0.012710660066880486,0.015540757281972128
baseline_last,y_GLD,1,2024-09-19,0.012710660066880486,0.015540757281972128
baseline_last,y_GLD,2,2024-09-19,0.012710660066880486,0.015540757281972128
baseline_last,y_GLD,0,2024-09-23,0.01396907347432852,0.0
baseline_last,y_GLD,1,2024-09-23,0.01396907347432852,0.0
baseline_last,y_GLD,2,2024-09-23,0.01396907347432852,0.0
baseline_last,y_GLD,0,2024-09-24,-0.001381767735032069,0.01396907347432852
baseline_last,y_GLD,1,2024-09-24,-0.001381767735032069,0.01396907347432852
baseline_last,y_GLD,2,2024-09-24,-0.001381767735032069,0.01396907347432852
baseline_last,y_GLD,0,2024-09-25,0.005086884066794806,-0.001381767735032069
baseline_last,y_GLD,1,2024-09-25,0.005086884066794806,-0.001381767735032069
baseline_last,y_GLD,2,2024-09-25,0.005086884066794806,-0.001381767735032069
baseline_last,y_GLD,0,2024-09-26,-0.007935830791900744,0.005086884066794806
baseline_last,y_GLD,1,2024-09-26,-0.007935830791900744,0.005086884066794806
baseline_last,y_GLD,2,2024-09-26,-0.007935830791900744,0.005086884066794806
baseline_last,y_GLD,0,2024-09-30,0.010491249392624358,0.0
baseline_last,y_GLD,1,2024-09-30,0.010491249392624358,0.0
baseline_last,y_GLD,2,2024-09-30,0.010491249392624358,0.0
baseline_last,y_GLD,0,2024-10-01,0.0002035871977259518,0.010491249392624358
baseline_last,y_GLD,1,2024-10-01,0.0002035871977259518,0.010491249392624358
baseline_last,y_GLD,2,2024-10-01,0.0002035871977259518,0.010491249392624358
baseline_last,y_GLD,0,2024-10-02,-0.0006920058878573387,0.0002035871977259518
baseline_last,y_GLD,1,2024-10-02,-0.0006920058878573387,0.0002035871977259518
baseline_last,y_GLD,2,2024-10-02,-0.0006920058878573387,0.0002035871977259518
baseline_last,y_GLD,0,2024-10-03,-0.001996030315693398,-0.0006920058878573387
baseline_last,y_GLD,1,2024-10-03,-0.001996030315693398,-0.0006920058878573387
baseline_last,y_GLD,2,2024-10-03,-0.001996030315693398,-0.0006920058878573387
baseline_last,y_GLD,1,2024-10-07,-0.007371925565205384,0.0
baseline_last,y_GLD,2,2024-10-07,-0.007371925565205384,0.0
baseline_last,y_GLD,3,2024-10-07,-0.007371925565205384,0.0
baseline_last,y_GLD,1,2024-10-08,-0.005446185963701722,-0.007371925565205384
baseline_last,y_GLD,2,2024-10-08,-0.005446185963701722,-0.007371925565205384
baseline_last,y_GLD,3,2024-10-08,-0.005446185963701722,-0.007371925565205384
baseline_last,y_GLD,1,2024-10-09,0.007342892553628744,-0.005446185963701722
baseline_last,y_GLD,2,2024-10-09,0.007342892553628744,-0.005446185963701722
baseline_last,y_GLD,3,2024-10-09,0.007342892553628744,-0.005446185963701722
baseline_last,y_GLD,1,2024-10-10,0.010913408354139564,0.007342892553628744
baseline_last,y_GLD,2,2024-10-10,0.010913408354139564,0.007342892553628744
baseline_last,y_GLD,3,2024-10-10,0.010913408354139564,0.007342892553628744
baseline_last,y_GLD,1,2024-10-14,0.003468359323146597,0.0
baseline_last,y_GLD,2,2024-10-14,0.003468359323146597,0.0
baseline_last,y_GLD,3,2024-10-14,0.003468359323146597,0.0
baseline_last,y_GLD,1,2024-10-15,0.005001609209081437,0.003468359323146597
baseline_last,y_GLD,2,2024-10-15,0.005001609209081437,0.003468359323146597
baseline_last,y_GLD,3,2024-10-15,0.005001609209081437,0.003468359323146597
baseline_last,y_GLD,1,2024-10-16,0.005988310835030708,0.005001609209081437
baseline_last,y_GLD,2,2024-10-16,0.005988310835030708,0.005001609209081437
baseline_last,y_GLD,3,2024-10-16,0.005988310835030708,0.005001609209081437
baseline_last,y_GLD,1,2024-10-17,0.010618185005034864,0.005988310835030708
baseline_last,y_GLD,2,2024-10-17,0.010618185005034864,0.005988310835030708
baseline_last,y_GLD,3,2024-10-17,0.010618185005034864,0.005988310835030708
baseline_last,y_GLD,1,2024-10-21,0.01078732362833379,0.0
baseline_last,y_GLD,2,2024-10-21,0.01078732362833379,0.0
baseline_last,y_GLD,3,2024-10-21,0.01078732362833379,0.0
baseline_last,y_GLD,1,2024-10-22,-0.012050555849465017,0.01078732362833379
baseline_last,y_GLD,2,2024-10-22,-0.012050555849465017,0.01078732362833379
baseline_last,y_GLD,3,2024-10-22,-0.012050555849465017,0.01078732362833379
baseline_last,y_GLD,1,2024-10-23,0.007693259346016168,-0.012050555849465017
baseline_last,y_GLD,2,2024-10-23,0.007693259346016168,-0.012050555849465017
baseline_last,y_GLD,3,2024-10-23,0.007693259346016168,-0.012050555849465017
baseline_last,y_GLD,1,2024-10-24,0.0020569789010425055,0.007693259346016168
baseline_last,y_GLD,2,2024-10-24,0.0020569789010425055,0.007693259346016168
baseline_last,y_GLD,3,2024-10-24,0.0020569789010425055,0.007693259346016168
baseline_last,y_GLD,2,2024-10-28,0.010894858433216914,0.0
baseline_last,y_GLD,3,2024-10-28,0.010894858433216914,0.0
baseline_last,y_GLD,4,2024-10-28,0.010894858433216914,0.0
baseline_last,y_GLD,2,2024-10-29,0.005505891218995584,0.010894858433216914
baseline_last,y_GLD,3,2024-10-29,0.005505891218995584,0.010894858433216914
baseline_last,y_GLD,4,2024-10-29,0.005505891218995584,0.010894858433216914
baseline_last,y_GLD,2,2024-10-30,-0.015495166963743756,0.005505891218995584
baseline_last,y_GLD,3,2024-10-30,-0.015495166963743756,0.005505891218995584
baseline_last,y_GLD,4,2024-10-30,-0.015495166963743756,0.005505891218995584
baseline_last,y_GLD,2,2024-10-31,-0.004102375877353515,-0.015495166963743756
baseline_last,y_GLD,3,2024-10-31,-0.004102375877353515,-0.015495166963743756
baseline_last,y_GLD,4,2024-10-31,-0.004102375877353515,-0.015495166963743756
baseline_last,y_GLD,2,2024-11-04,0.002254447895035039,0.0
baseline_last,y_GLD,3,2024-11-04,0.002254447895035039,0.0
baseline_last,y_GLD,4,2024-11-04,0.002254447895035039,0.0
baseline_last,y_GLD,2,2024-11-05,-0.030386729020158265,0.002254447895035039
baseline_last,y_GLD,3,2024-11-05,-0.030386729020158265,0.002254447895035039
baseline_last,y_GLD,4,2024-11-05,-0.030386729020158265,0.002254447895035039
baseline_last,y_GLD,2,2024-11-06,0.01607650385553039,-0.030386729020158265
baseline_last,y_GLD,3,2024-11-06,0.01607650385553039,-0.030386729020158265
baseline_last,y_GLD,4,2024-11-06,0.01607650385553039,-0.030386729020158265
baseline_last,y_GLD,2,2024-11-07,-0.006769426092267272,0.01607650385553039
baseline_last,y_GLD,3,2024-11-07,-0.006769426092267272,0.01607650385553039
baseline_last,y_GLD,4,2024-11-07,-0.006769426092267272,0.01607650385553039
baseline_last,y_GLD,2,2024-11-11,-0.008631355179477884,0.0
baseline_last,y_GLD,3,2024-11-11,-0.008631355179477884,0.0
baseline_last,y_GLD,4,2024-11-11,-0.008631355179477884,0.0
baseline_last,y_GLD,2,2024-11-12,-0.010081225320474285,-0.008631355179477884
baseline_last,y_GLD,3,2024-11-12,-0.010081225320474285,-0.008631355179477884
baseline_last,y_GLD,4,2024-11-12,-0.010081225320474285,-0.008631355179477884
baseline_last,y_GLD,2,2024-11-13,-0.0026091417886485724,-0.010081225320474285
baseline_last,y_GLD,3,2024-11-13,-0.0026091417886485724,-0.010081225320474285
baseline_last,y_GLD,4,2024-11-13,-0.0026091417886485724,-0.010081225320474285
baseline_last,y_GLD,2,2024-11-14,-0.0017720694429754769,-0.0026091417886485724
baseline_last,y_GLD,3,2024-11-14,-0.0017720694429754769,-0.0026091417886485724
baseline_last,y_GLD,4,2024-11-14,-0.0017720694429754769,-0.0026091417886485724
baseline_last,y_GLD,3,2024-11-18,0.008959325127211315,0.0
baseline_last,y_GLD,4,2024-11-18,0.008959325127211315,0.0
baseline_last,y_GLD,5,2024-11-18,0.008959325127211315,0.0
baseline_last,y_GLD,3,2024-11-19,0.005632045702723465,0.008959325127211315
baseline_last,y_GLD,4,2024-11-19,0.005632045702723465,0.008959325127211315
baseline_last,y_GLD,5,2024-11-19,0.005632045702723465,0.008959325127211315
baseline_last,y_GLD,3,2024-11-20,0.00833950039098208,0.005632045702723465
baseline_last,y_GLD,4,2024-11-20,0.00833950039098208,0.005632045702723465
baseline_last,y_GLD,5,2024-11-20,0.00833950039098208,0.005632045702723465
baseline_last,y_GLD,3,2024-11-21,0.012892210445830887,0.00833950039098208
baseline_last,y_GLD,4,2024-11-21,0.012892210445830887,0.00833950039098208
baseline_last,y_GLD,5,2024-11-21,0.012892210445830887,0.00833950039098208
baseline_last,y_GLD,3,2024-11-25,0.0019383092584317474,0.0
baseline_last,y_GLD,4,2024-11-25,0.0019383092584317474,0.0
baseline_last,y_GLD,5,2024-11-25,0.0019383092584317474,0.0
baseline_last,y_GLD,3,2024-11-26,0.002222714763140843,0.0019383092584317474
baseline_last,y_GLD,4,2024-11-26,0.002222714763140843,0.0019383092584317474
baseline_last,y_GLD,5,2024-11-26,0.002222714763140843,0.0019383092584317474
baseline_last,y_GLD,3,2024-12-02,0.002012776164397767,0.0
baseline_last,y_GLD,4,2024-12-02,0.002012776164397767,0.0
baseline_last,y_GLD,5,2024-12-02,0.002012776164397767,0.0
baseline_last,y_GLD,3,2024-12-03,0.003033679807253664,0.002012776164397767
baseline_last,y_GLD,4,2024-12-03,0.003033679807253664,0.002012776164397767
baseline_last,y_GLD,5,2024-12-03,0.003033679807253664,0.002012776164397767
baseline_last,y_GLD,3,2024-12-04,-0.007397709454119106,0.003033679807253664
baseline_last,y_GLD,4,2024-12-04,-0.007397709454119106,0.003033679807253664
baseline_last,y_GLD,5,2024-12-04,-0.007397709454119106,0.003033679807253664
baseline_last,y_GLD,3,2024-12-05,0.0003705687954558279,-0.007397709454119106
baseline_last,y_GLD,4,2024-12-05,0.0003705687954558279,-0.007397709454119106
baseline_last,y_GLD,5,2024-12-05,0.0003705687954558279,-0.007397709454119106
baseline_last,y_GLD,4,2024-12-09,0.01316431251835759,0.0
baseline_last,y_GLD,5,2024-12-09,0.01316431251835759,0.0
baseline_last,y_GLD,6,2024-12-09,0.01316431251835759,0.0
baseline_last,y_GLD,4,2024-12-10,0.009533812345188464,0.01316431251835759
baseline_last,y_GLD,5,2024-12-10,0.009533812345188464,0.01316431251835759
baseline_last,y_GLD,6,2024-12-10,0.009533812345188464,0.01316431251835759
baseline_last,y_GLD,4,2024-12-11,-0.014663722649505995,0.009533812345188464
baseline_last,y_GLD,5,2024-12-11,-0.014663722649505995,0.009533812345188464
baseline_last,y_GLD,6,2024-12-11,-0.014663722649505995,0.009533812345188464
baseline_last,y_GLD,4,2024-12-12,-0.012091578404740733,-0.014663722649505995
baseline_last,y_GLD,5,2024-12-12,-0.012091578404740733,-0.014663722649505995
baseline_last,y_GLD,6,2024-12-12,-0.012091578404740733,-0.014663722649505995
baseline_last,y_GLD,4,2024-12-16,-0.0038386247250202787,0.0
baseline_last,y_GLD,5,2024-12-16,-0.0038386247250202787,0.0
baseline_last,y_GLD,6,2024-12-16,-0.0038386247250202787,0.0
baseline_last,y_GLD,4,2024-12-17,-0.01918507783771295,-0.0038386247250202787
baseline_last,y_GLD,5,2024-12-17,-0.01918507783771295,-0.0038386247250202787
baseline_last,y_GLD,6,2024-12-17,-0.01918507783771295,-0.0038386247250202787
baseline_last,y_GLD,4,2024-12-18,0.0014210967336198976,-0.01918507783771295
baseline_last,y_GLD,5,2024-12-18,0.0014210967336198976,-0.01918507783771295
baseline_last,y_GLD,6,2024-12-18,0.0014210967336198976,-0.01918507783771295
baseline_last,y_GLD,4,2024-12-19,0.010434056495473909,0.0014210967336198976
baseline_last,y_GLD,5,2024-12-19,0.010434056495473909,0.0014210967336198976
baseline_last,y_GLD,6,2024-12-19,0.010434056495473909,0.0014210967336198976
baseline_last,y_GLD,4,2024-12-23,0.001992014086009908,0.0
baseline_last,y_GLD,5,2024-12-23,0.001992014086009908,0.0
baseline_last,y_GLD,6,2024-12-23,0.001992014086009908,0.0
baseline_last,y_GLD,4,2024-12-26,-0.0068705038771270655,0.0
baseline_last,y_GLD,5,2024-12-26,-0.0068705038771270655,0.0
baseline_last,y_GLD,6,2024-12-26,-0.0068705038771270655,0.0
baseline_last,y_GLD,5,2024-12-30,0.006233636577161361,0.0
baseline_last,y_GLD,6,2024-12-30,0.006233636577161361,0.0
baseline_last,y_GLD,7,2024-12-30,0.006233636577161361,0.0
baseline_last,y_GLD,5,2025-01-02,-0.007864039973028758,0.0
baseline_last,y_GLD,6,2025-01-02,-0.007864039973028758,0.0
baseline_last,y_GLD,7,2025-01-02,-0.007864039973028758,0.0
baseline_last,y_GLD,5,2025-01-06,0.005633435188264091,0.0
baseline_last,y_GLD,6,2025-01-06,0.005633435188264091,0.0
baseline_last,y_GLD,7,2025-01-06,0.005633435188264091,0.0
baseline_last,y_GLD,5,2025-01-07,0.005315681488124113,0.005633435188264091
baseline_last,y_GLD,6,2025-01-07,0.005315681488124113,0.005633435188264091
baseline_last,y_GLD,7,2025-01-07,0.005315681488124113,0.005633435188264091
baseline_last,y_GLD,5,2025-01-13,0.005249423200524239,0.0
baseline_last,y_GLD,6,2025-01-13,0.005249423200524239,0.0
baseline_last,y_GLD,7,2025-01-13,0.005249423200524239,0.0
baseline_last,y_GLD,5,2025-01-14,0.007488993695735191,0.005249423200524239
baseline_last,y_GLD,6,2025-01-14,0.007488993695735191,0.005249423200524239
baseline_last,y_GLD,7,2025-01-14,0.007488993695735191,0.005249423200524239
baseline_last,y_GLD,5,2025-01-15,0.006910965874952435,0.007488993695735191
baseline_last,y_GLD,6,2025-01-15,0.006910965874952435,0.007488993695735191
baseline_last,y_GLD,7,2025-01-15,0.006910965874952435,0.007488993695735191
baseline_last,y_GLD,5,2025-01-16,-0.005307269747253374,0.006910965874952435
baseline_last,y_GLD,6,2025-01-16,-0.005307269747253374,0.006910965874952435
baseline_last,y_GLD,7,2025-01-16,-0.005307269747253374,0.006910965874952435
baseline_last,y_GLD,6,2025-01-21,0.005135652699768123,0.0
baseline_last,y_GLD,7,2025-01-21,0.005135652699768123,0.0
baseline_last,y_GLD,8,2025-01-21,0.005135652699768123,0.0
baseline_last,y_GLD,6,2025-01-22,-0.0014148699521492336,0.005135652699768123
baseline_last,y_GLD,7,2025-01-22,-0.0014148699521492336,0.005135652699768123
baseline_last,y_GLD,8,2025-01-22,-0.0014148699521492336,0.005135652699768123
baseline_last,y_GLD,6,2025-01-23,0.006218705580031125,-0.0014148699521492336
baseline_last,y_GLD,7,2025-01-23,0.006218705580031125,-0.0014148699521492336
baseline_last,y_GLD,8,2025-01-23,0.006218705580031125,-0.0014148699521492336
baseline_last,y_GLD,6,2025-01-27,0.008656417783572623,0.0
baseline_last,y_GLD,7,2025-01-27,0.008656417783572623,0.0
baseline_last,y_GLD,8,2025-01-27,0.008656417783572623,0.0
baseline_last,y_GLD,6,2025-01-28,-0.0038404097330004827,0.008656417783572623
baseline_last,y_GLD,7,2025-01-28,-0.0038404097330004827,0.008656417783572623
baseline_last,y_GLD,8,2025-01-28,-0.0038404097330004827,0.008656417783572623
baseline_last,y_GLD,6,2025-01-29,0.01514551884715587,-0.0038404097330004827
baseline_last,y_GLD,7,2025-01-29,0.01514551884715587,-0.0038404097330004827
baseline_last,y_GLD,8,2025-01-29,0.01514551884715587,-0.0038404097330004827
baseline_last,y_GLD,6,2025-01-30,0.0019763991077346166,0.01514551884715587
baseline_last,y_GLD,7,2025-01-30,0.0019763991077346166,0.01514551884715587
baseline_last,y_GLD,8,2025-01-30,0.0019763991077346166,0.01514551884715587
baseline_last,y_GLD,6,2025-02-03,0.00984841707528572,0.0
baseline_last,y_GLD,7,2025-02-03,0.00984841707528572,0.0
baseline_last,y_GLD,8,2025-02-03,0.00984841707528572,0.0
baseline_last,y_GLD,6,2025-02-04,0.006209542410714253,0.00984841707528572
baseline_last,y_GLD,7,2025-02-04,0.006209542410714253,0.00984841707528572
baseline_last,y_GLD,8,2025-02-04,0.006209542410714253,0.00984841707528572
baseline_last,y_GLD,6,2025-02-05,-0.0026502562908058414,0.006209542410714253
baseline_last,y_GLD,7,2025-02-05,-0.0026502562908058414,0.006209542410714253
baseline_last,y_GLD,8,2025-02-05,-0.0026502562908058414,0.006209542410714253
baseline_last,y_GLD,6,2025-02-06,0.0017841598670260694,-0.0026502562908058414
baseline_last,y_GLD,7,2025-02-06,0.0017841598670260694,-0.0026502562908058414
baseline_last,y_GLD,8,2025-02-06,0.0017841598670260694,-0.0026502562908058414
baseline_last,y_GLD,7,2025-02-10,-0.0036516022155236305,0.0
baseline_last,y_GLD,8,2025-02-10,-0.0036516022155236305,0.0
baseline_last,y_GLD,9,2025-02-10,-0.0036516022155236305,0.0
baseline_last,y_GLD,7,2025-02-11,0.0010471549570203464,-0.0036516022155236305
baseline_last,y_GLD,8,2025-02-11,0.0010471549570203464,-0.0036516022155236305
baseline_last,y_GLD,9,2025-02-11,0.0010471549570203464,-0.0036516022155236305
baseline_last,y_GLD,7,2025-02-12,0.009862831092105395,0.0010471549570203464
baseline_last,y_GLD,8,2025-02-12,0.009862831092105395,0.0010471549570203464
baseline_last,y_GLD,9,2025-02-12,0.009862831092105395,0.0010471549570203464
baseline_last,y_GLD,7,2025-02-13,-0.014871773334245386,0.009862831092105395
baseline_last,y_GLD,8,2025-02-13,-0.014871773334245386,0.009862831092105395
baseline_last,y_GLD,9,2025-02-13,-0.014871773334245386,0.009862831092105395
baseline_last,y_GLD,7,2025-02-18,0.000554096378723612,0.0
baseline_last,y_GLD,8,2025-02-18,0.000554096378723612,0.0
baseline_last,y_GLD,9,2025-02-18,0.000554096378723612,0.0
baseline_last,y_GLD,7,2025-02-19,0.0005168326664386491,0.000554096378723612
baseline_last,y_GLD,8,2025-02-19,0.0005168326664386491,0.000554096378723612
baseline_last,y_GLD,9,2025-02-19,0.0005168326664386491,0.000554096378723612
baseline_last,y_GLD,7,2025-02-20,-0.0009225433005247696,0.0005168326664386491
baseline_last,y_GLD,8,2025-02-20,-0.0009225433005247696,0.0005168326664386491
baseline_last,y_GLD,9,2025-02-20,-0.0009225433005247696,0.0005168326664386491
baseline_last,y_GLD,7,2025-02-24,-0.013188334192659745,0.0
baseline_last,y_GLD,8,2025-02-24,-0.013188334192659745,0.0
baseline_last,y_GLD,9,2025-02-24,-0.013188334192659745,0.0
baseline_last,y_GLD,7,2025-02-25,0.0015263333689308212,-0.013188334192659745
baseline_last,y_GLD,8,2025-02-25,0.0015263333689308212,-0.013188334192659745
baseline_last,y_GLD,9,2025-02-25,0.0015263333689308212,-0.013188334192659745
baseline_last,y_GLD,7,2025-02-26,-0.015239958822878874,0.0015263333689308212
baseline_last,y_GLD,8,2025-02-26,-0.015239958822878874,0.0015263333689308212
baseline_last,y_GLD,9,2025-02-26,-0.015239958822878874,0.0015263333689308212
baseline_last,y_GLD,7,2025-02-27,-0.006265820058134697,-0.015239958822878874
baseline_last,y_GLD,8,2025-02-27,-0.006265820058134697,-0.015239958822878874
baseline_last,y_GLD,9,2025-02-27,-0.006265820058134697,-0.015239958822878874
baseline_last,y_GLD,8,2025-03-03,0.00869763593445505,0.0
baseline_last,y_GLD,9,2025-03-03,0.00869763593445505,0.0
baseline_last,y_GLD,10,2025-03-03,0.00869763593445505,0.0
baseline_last,y_GLD,8,2025-03-04,0.0020813110966890758,0.00869763593445505
baseline_last,y_GLD,9,2025-03-04,0.0020813110966890758,0.00869763593445505
baseline_last,y_GLD,10,2025-03-04,0.0020813110966890758,0.00869763593445505
baseline_last,y_GLD,8,2025-03-05,-0.005081207410422395,0.0020813110966890758
baseline_last,y_GLD,9,2025-03-05,-0.005081207410422395,0.0020813110966890758
baseline_last,y_GLD,10,2025-03-05,-0.005081207410422395,0.0020813110966890758
baseline_last,y_GLD,8,2025-03-06,0.0005219558189655249,-0.005081207410422395
baseline_last,y_GLD,9,2025-03-06,0.0005219558189655249,-0.005081207410422395
baseline_last,y_GLD,10,2025-03-06,0.0005219558189655249,-0.005081207410422395
baseline_last,y_GLD,8,2025-03-10,0.011727541035094546,0.0
baseline_last,y_GLD,9,2025-03-10,0.011727541035094546,0.0
baseline_last,y_GLD,10,2025-03-10,0.011727541035094546,0.0
baseline_last,y_GLD,8,2025-03-11,0.004346793335703092,0.011727541035094546
baseline_last,y_GLD,9,2025-03-11,0.004346793335703092,0.011727541035094546
baseline_last,y_GLD,10,2025-03-11,0.004346793335703092,0.011727541035094546
baseline_last,y_GLD,8,2025-03-12,0.017756144523255468,0.004346793335703092
baseline_last,y_GLD,9,2025-03-12,0.017756144523255468,0.004346793335703092
baseline_last,y_GLD,10,2025-03-12,0.017756144523255468,0.004346793335703092
baseline_last,y_GLD,8,2025-03-13,0.00039975774946587883,0.017756144523255468
baseline_last,y_GLD,9,2025-03-13,0.00039975774946587883,0.017756144523255468
baseline_last,y_GLD,10,2025-03-13,0.00039975774946587883,0.017756144523255468
baseline_last,y_GLD,8,2025-03-17,0.011671955843306048,0.0
baseline_last,y_GLD,9,2025-03-17,0.011671955843306048,0.0
baseline_last,y_GLD,10,2025-03-17,0.011671955843306048,0.0
baseline_last,y_GLD,8,2025-03-18,0.004107707999658539,0.011671955843306048
baseline_last,y_GLD,9,2025-03-18,0.004107707999658539,0.011671955843306048
baseline_last,y_GLD,10,2025-03-18,0.004107707999658539,0.011671955843306048
baseline_last,y_GLD,8,2025-03-19,-0.0012805854303336028,0.004107707999658539
baseline_last,y_GLD,9,2025-03-19,-0.0012805854303336028,0.004107707999658539
baseline_last,y_GLD,10,2025-03-19,-0.0012805854303336028,0.004107707999658539
baseline_last,y_GLD,8,2025-03-20,-0.008049901213267985,-0.0012805854303336028
baseline_last,y_GLD,9,2025-03-20,-0.008049901213267985,-0.0012805854303336028
baseline_last,y_GLD,10,2025-03-20,-0.008049901213267985,-0.0012805854303336028
baseline_last,y_GLD,9,2025-03-24,0.004400365088198743,0.0
baseline_last,y_GLD,10,2025-03-24,0.004400365088198743,0.0
baseline_last,y_GLD,11,2025-03-24,0.004400365088198743,0.0
baseline_last,y_GLD,9,2025-03-25,-0.0008259812019960622,0.004400365088198743
baseline_last,y_GLD,10,2025-03-25,-0.0008259812019960622,0.004400365088198743
baseline_last,y_GLD,11,2025-03-25,-0.0008259812019960622,0.004400365088198743
baseline_last,y_GLD,9,2025-03-26,0.013405732882559862,-0.0008259812019960622
baseline_last,y_GLD,10,2025-03-26,0.013405732882559862,-0.0008259812019960622
baseline_last,y_GLD,11,2025-03-26,0.013405732882559862,-0.0008259812019960622
baseline_last,y_GLD,9,2025-03-27,0.007412123023167627,0.013405732882559862
baseline_last,y_GLD,10,2025-03-27,0.007412123023167627,0.013405732882559862
baseline_last,y_GLD,11,2025-03-27,0.007412123023167627,0.013405732882559862
baseline_last,y_GLD,9,2025-03-31,-0.0019782303576065807,0.0
baseline_last,y_GLD,10,2025-03-31,-0.0019782303576065807,0.0
baseline_last,y_GLD,11,2025-03-31,-0.0019782303576065807,0.0
baseline_last,y_GLD,9,2025-04-01,0.0020516615880092903,-0.0019782303576065807
baseline_last,y_GLD,10,2025-04-01,0.0020516615880092903,-0.0019782303576065807
baseline_last,y_GLD,11,2025-04-01,0.0020516615880092903,-0.0019782303576065807
baseline_last,y_GLD,9,2025-04-02,-0.006038278082531101,0.0020516615880092903
baseline_last,y_GLD,10,2025-04-02,-0.006038278082531101,0.0020516615880092903
baseline_last,y_GLD,11,2025-04-02,-0.006038278082531101,0.0020516615880092903
baseline_last,y_GLD,9,2025-04-03,-0.02339226273628292,-0.006038278082531101
baseline_last,y_GLD,10,2025-04-03,-0.02339226273628292,-0.006038278082531101
baseline_last,y_GLD,11,2025-04-03,-0.02339226273628292,-0.006038278082531101
baseline_last,y_GLD,9,2025-04-07,0.005443793790763651,0.0
baseline_last,y_GLD,10,2025-04-07,0.005443793790763651,0.0
baseline_last,y_GLD,11,2025-04-07,0.005443793790763651,0.0
baseline_last,y_GLD,9,2025-04-08,0.03699125081478161,0.005443793790763651
baseline_last,y_GLD,10,2025-04-08,0.03699125081478161,0.005443793790763651
baseline_last,y_GLD,11,2025-04-08,0.03699125081478161,0.005443793790763651
baseline_last,y_GLD,9,2025-04-09,0.0244235794430141,0.03699125081478161
baseline_last,y_GLD,10,2025-04-09,0.0244235794430141,0.03699125081478161
baseline_last,y_GLD,11,2025-04-09,0.0244235794430141,0.03699125081478161
baseline_last,y_GLD,9,2025-04-10,0.019086664805096243,0.0244235794430141
baseline_last,y_GLD,10,2025-04-10,0.019086664805096243,0.0244235794430141
baseline_last,y_GLD,11,2025-04-10,0.019086664805096243,0.0244235794430141
baseline_last,y_GLD,10,2025-04-14,0.005232379352138938,0.0
baseline_last,y_GLD,11,2025-04-14,0.005232379352138938,0.0
baseline_last,y_GLD,12,2025-04-14,0.005232379352138938,0.0
baseline_last,y_GLD,10,2025-04-15,0.0325408102664011,0.005232379352138938
baseline_last,y_GLD,11,2025-04-15,0.0325408102664011,0.005232379352138938
baseline_last,y_GLD,12,2025-04-15,0.0325408102664011,0.005232379352138938
baseline_last,y_GLD,10,2025-04-16,-0.004390692094044635,0.0325408102664011
baseline_last,y_GLD,11,2025-04-16,-0.004390692094044635,0.0325408102664011
baseline_last,y_GLD,12,2025-04-16,-0.004390692094044635,0.0325408102664011
baseline_last,y_GLD,10,2025-04-21,-0.014195668551963636,0.0
baseline_last,y_GLD,11,2025-04-21,-0.014195668551963636,0.0
baseline_last,y_GLD,12,2025-04-21,-0.014195668551963636,0.0
baseline_last,y_GLD,10,2025-04-22,-0.023978630729734163,-0.014195668551963636
baseline_last,y_GLD,11,2025-04-22,-0.023978630729734163,-0.014195668551963636
baseline_last,y_GLD,12,2025-04-22,-0.023978630729734163,-0.014195668551963636
baseline_last,y_GLD,10,2025-04-23,0.014556277018207942,-0.023978630729734163
baseline_last,y_GLD,11,2025-04-23,0.014556277018207942,-0.023978630729734163
baseline_last,y_GLD,12,2025-04-23,0.014556277018207942,-0.023978630729734163
baseline_last,y_GLD,10,2025-04-24,-0.010841679678267213,0.014556277018207942
baseline_last,y_GLD,11,2025-04-24,-0.010841679678267213,0.014556277018207942
baseline_last,y_GLD,12,2025-04-24,-0.010841679678267213,0.014556277018207942
baseline_last,y_GLD,10,2025-04-28,-0.009738925467677295,0.0
baseline_last,y_GLD,11,2025-04-28,-0.009738925467677295,0.0
baseline_last,y_GLD,12,2025-04-28,-0.009738925467677295,0.0
baseline_last,y_GLD,10,2025-04-29,-0.007482221012837242,-0.009738925467677295
baseline_last,y_GLD,11,2025-04-29,-0.007482221012837242,-0.009738925467677295
baseline_last,y_GLD,12,2025-04-29,-0.007482221012837242,-0.009738925467677295
baseline_last,y_GLD,10,2025-04-30,-0.02077228754256477,-0.007482221012837242
baseline_last,y_GLD,11,2025-04-30,-0.02077228754256477,-0.007482221012837242
baseline_last,y_GLD,12,2025-04-30,-0.02077228754256477,-0.007482221012837242
baseline_last,y_GLD,10,2025-05-01,0.0017481999132260562,-0.02077228754256477
baseline_last,y_GLD,11,2025-05-01,0.0017481999132260562,-0.02077228754256477
baseline_last,y_GLD,12,2025-05-01,0.0017481999132260562,-0.02077228754256477
baseline_last,y_GLD,11,2025-05-05,0.02802400275899264,0.0
baseline_last,y_GLD,12,2025-05-05,0.02802400275899264,0.0
baseline_last,y_GLD,13,2025-05-05,0.02802400275899264,0.0
baseline_last,y_GLD,11,2025-05-06,-0.014993060801348546,0.02802400275899264
baseline_last,y_GLD,12,2025-05-06,-0.014993060801348546,0.02802400275899264
baseline_last,y_GLD,13,2025-05-06,-0.014993060801348546,0.02802400275899264
baseline_last,y_GLD,11,2025-05-07,-0.0196942722998793,-0.014993060801348546
baseline_last,y_GLD,12,2025-05-07,-0.0196942722998793,-0.014993060801348546
baseline_last,y_GLD,13,2025-05-07,-0.0196942722998793,-0.014993060801348546
baseline_last,y_GLD,11,2025-05-08,0.007254674259445482,-0.0196942722998793
baseline_last,y_GLD,12,2025-05-08,0.007254674259445482,-0.0196942722998793
baseline_last,y_GLD,13,2025-05-08,0.007254674259445482,-0.0196942722998793
baseline_last,y_GLD,11,2025-05-12,0.004258992599597278,0.0
baseline_last,y_GLD,12,2025-05-12,0.004258992599597278,0.0
baseline_last,y_GLD,13,2025-05-12,0.004258992599597278,0.0
baseline_last,y_GLD,11,2025-05-13,-0.021037827999516923,0.004258992599597278
baseline_last,y_GLD,12,2025-05-13,-0.021037827999516923,0.004258992599597278
baseline_last,y_GLD,13,2025-05-13,-0.021037827999516923,0.004258992599597278
baseline_last,y_GLD,11,2025-05-14,0.015963953531585195,-0.021037827999516923
baseline_last,y_GLD,12,2025-05-14,0.015963953531585195,-0.021037827999516923
baseline_last,y_GLD,13,2025-05-14,0.015963953531585195,-0.021037827999516923
baseline_last,y_GLD,11,2025-05-15,-0.012087047232674286,0.015963953531585195
baseline_last,y_GLD,12,2025-05-15,-0.012087047232674286,0.015963953531585195
baseline_last,y_GLD,13,2025-05-15,-0.012087047232674286,0.015963953531585195
baseline_last,y_GLD,11,2025-05-19,0.0186222454642182,0.0
baseline_last,y_GLD,12,2025-05-19,0.0186222454642182,0.0
baseline_last,y_GLD,13,2025-05-19,0.0186222454642182,0.0
baseline_last,y_GLD,11,2025-05-20,0.007378683875855163,0.0186222454642182
baseline_last,y_GLD,12,2025-05-20,0.007378683875855163,0.0186222454642182
baseline_last,y_GLD,13,2025-05-20,0.007378683875855163,0.0186222454642182
baseline_last,y_GLD,11,2025-05-21,-0.008861493387459118,0.007378683875855163
baseline_last,y_GLD,12,2025-05-21,-0.008861493387459118,0.007378683875855163
baseline_last,y_GLD,13,2025-05-21,-0.008861493387459118,0.007378683875855163
baseline_last,y_GLD,11,2025-05-22,0.021906288045034472,-0.008861493387459118
baseline_last,y_GLD,12,2025-05-22,0.021906288045034472,-0.008861493387459118
baseline_last,y_GLD,13,2025-05-22,0.021906288045034472,-0.008861493387459118
baseline_last,y_GLD,12,2025-05-27,-0.002266017869971493,0.0
baseline_last,y_GLD,13,2025-05-27,-0.002266017869971493,0.0
baseline_last,y_GLD,14,2025-05-27,-0.002266017869971493,0.0
baseline_last,y_GLD,12,2025-05-28,0.0059247154716219885,-0.002266017869971493
baseline_last,y_GLD,13,2025-05-28,0.0059247154716219885,-0.002266017869971493
baseline_last,y_GLD,14,2025-05-28,0.0059247154716219885,-0.002266017869971493
baseline_last,y_GLD,12,2025-05-29,-0.006576942326457891,0.0059247154716219885
baseline_last,y_GLD,13,2025-05-29,-0.006576942326457891,0.0059247154716219885
baseline_last,y_GLD,14,2025-05-29,-0.006576942326457891,0.0059247154716219885
baseline_last,y_GLD,12,2025-06-02,-0.008855551213511115,0.0
baseline_last,y_GLD,13,2025-06-02,-0.008855551213511115,0.0
baseline_last,y_GLD,14,2025-06-02,-0.008855551213511115,0.0
baseline_last,y_GLD,12,2025-06-03,0.006441974072654677,-0.008855551213511115
baseline_last,y_GLD,13,2025-06-03,0.006441974072654677,-0.008855551213511115
baseline_last,y_GLD,14,2025-06-03,0.006441974072654677,-0.008855551213511115
baseline_last,y_GLD,12,2025-06-04,-0.00504987891618125,0.006441974072654677
baseline_last,y_GLD,13,2025-06-04,-0.00504987891618125,0.006441974072654677
baseline_last,y_GLD,14,2025-06-04,-0.00504987891618125,0.006441974072654677
baseline_last,y_GLD,12,2025-06-05,-0.013416073696802311,-0.00504987891618125
baseline_last,y_GLD,13,2025-06-05,-0.013416073696802311,-0.00504987891618125
baseline_last,y_GLD,14,2025-06-05,-0.013416073696802311,-0.00504987891618125
baseline_last,y_GLD,12,2025-06-09,0.000293510988597534,0.0
baseline_last,y_GLD,13,2025-06-09,0.000293510988597534,0.0
baseline_last,y_GLD,14,2025-06-09,0.000293510988597534,0.0
baseline_last,y_GLD,12,2025-06-10,0.005412290790508978,0.000293510988597534
baseline_last,y_GLD,13,2025-06-10,0.005412290790508978,0.000293510988597534
baseline_last,y_GLD,14,2025-06-10,0.005412290790508978,0.000293510988597534
baseline_last,y_GLD,12,2025-06-11,0.0124202002480438,0.005412290790508978
baseline_last,y_GLD,13,2025-06-11,0.0124202002480438,0.005412290790508978
baseline_last,y_GLD,14,2025-06-11,0.0124202002480438,0.005412290790508978
baseline_last,y_GLD,12,2025-06-12,0.013100564311248064,0.0124202002480438
baseline_last,y_GLD,13,2025-06-12,0.013100564311248064,0.0124202002480438
baseline_last,y_GLD,14,2025-06-12,0.013100564311248064,0.0124202002480438
baseline_last,y_GLD,13,2025-07-02,-0.006822911403597365,0.0
baseline_last,y_GLD,14,2025-07-02,-0.006822911403597365,0.0
baseline_last,y_GLD,15,2025-07-02,-0.006822911403597365,0.0
baseline_last,y_GLD,13,2025-07-07,-0.010443411868664265,0.0
baseline_last,y_GLD,14,2025-07-07,-0.010443411868664265,0.0
baseline_last,y_GLD,15,2025-07-07,-0.010443411868664265,0.0
baseline_last,y_GLD,13,2025-07-08,0.004471282664348264,-0.010443411868664265
baseline_last,y_GLD,14,2025-07-08,0.004471282664348264,-0.010443411868664265
baseline_last,y_GLD,15,2025-07-08,0.004471282664348264,-0.010443411868664265
baseline_last,y_GLD,13,2025-07-09,0.0022257895319868215,0.004471282664348264
baseline_last,y_GLD,14,2025-07-09,0.0022257895319868215,0.004471282664348264
baseline_last,y_GLD,15,2025-07-09,0.0022257895319868215,0.004471282664348264
baseline_last,y_GLD,13,2025-07-10,0.009601575193336043,0.0022257895319868215
baseline_last,y_GLD,14,2025-07-10,0.009601575193336043,0.0022257895319868215
baseline_last,y_GLD,15,2025-07-10,0.009601575193336043,0.0022257895319868215
baseline_last,y_GLD,13,2025-07-14,-0.004155705135267751,0.0
baseline_last,y_GLD,14,2025-07-14,-0.004155705135267751,0.0
baseline_last,y_GLD,15,2025-07-14,-0.004155705135267751,0.0
baseline_last,y_GLD,13,2025-07-15,0.004988096125243757,-0.004155705135267751
baseline_last,y_GLD,14,2025-07-15,0.004988096125243757,-0.004155705135267751
baseline_last,y_GLD,15,2025-07-15,0.004988096125243757,-0.004155705135267751
baseline_last,y_GLD,13,2025-07-16,-0.0021735334020257513,0.004988096125243757
baseline_last,y_GLD,14,2025-07-16,-0.0021735334020257513,0.004988096125243757
baseline_last,y_GLD,15,2025-07-16,-0.0021735334020257513,0.004988096125243757
baseline_last,y_GLD,13,2025-07-17,0.002600924347578637,-0.0021735334020257513
baseline_last,y_GLD,14,2025-07-17,0.002600924347578637,-0.0021735334020257513
baseline_last,y_GLD,15,2025-07-17,0.002600924347578637,-0.0021735334020257513
baseline_last,y_GLD,13,2025-07-21,0.009484882235462067,0.0
baseline_last,y_GLD,14,2025-07-21,0.009484882235462067,0.0
baseline_last,y_GLD,15,2025-07-21,0.009484882235462067,0.0
baseline_last,y_GLD,13,2025-07-22,-0.01240118112003663,0.009484882235462067
baseline_last,y_GLD,14,2025-07-22,-0.01240118112003663,0.009484882235462067
baseline_last,y_GLD,15,2025-07-22,-0.01240118112003663,0.009484882235462067
baseline_last,y_GLD,13,2025-07-23,-0.006118276977772341,-0.01240118112003663
baseline_last,y_GLD,14,2025-07-23,-0.006118276977772341,-0.01240118112003663
baseline_last,y_GLD,15,2025-07-23,-0.006118276977772341,-0.01240118112003663
baseline_last,y_GLD,14,2025-07-24,-0.0092499926477293,-0.006118276977772341
baseline_last,y_GLD,15,2025-07-24,-0.0092499926477293,-0.006118276977772341
baseline_last,y_GLD,16,2025-07-24,-0.0092499926477293,-0.006118276977772341
baseline_last,y_GLD,14,2025-07-28,0.002750389076383808,0.0
baseline_last,y_GLD,15,2025-07-28,0.002750389076383808,0.0
baseline_last,y_GLD,16,2025-07-28,0.002750389076383808,0.0
baseline_last,y_GLD,14,2025-07-29,-0.017273497289540862,0.002750389076383808
baseline_last,y_GLD,15,2025-07-29,-0.017273497289540862,0.002750389076383808
baseline_last,y_GLD,16,2025-07-29,-0.017273497289540862,0.002750389076383808
baseline_last,y_GLD,14,2025-07-30,0.0066454015709211944,-0.017273497289540862
baseline_last,y_GLD,15,2025-07-30,0.0066454015709211944,-0.017273497289540862
baseline_last,y_GLD,16,2025-07-30,0.0066454015709211944,-0.017273497289540862
baseline_last,y_GLD,14,2025-07-31,0.020299689958884537,0.0066454015709211944
baseline_last,y_GLD,15,2025-07-31,0.020299689958884537,0.0066454015709211944
baseline_last,y_GLD,16,2025-07-31,0.020299689958884537,0.0066454015709211944
baseline_last,y_GLD,14,2025-08-04,0.0008040912066364925,0.0
baseline_last,y_GLD,15,2025-08-04,0.0008040912066364925,0.0
baseline_last,y_GLD,16,2025-08-04,0.0008040912066364925,0.0
baseline_last,y_GLD,14,2025-08-05,-0.00212110700071233,0.0008040912066364925
baseline_last,y_GLD,15,2025-08-05,-0.00212110700071233,0.0008040912066364925
baseline_last,y_GLD,16,2025-08-05,-0.00212110700071233,0.0008040912066364925
baseline_last,y_GLD,14,2025-08-06,0.008437987494967825,-0.00212110700071233
baseline_last,y_GLD,15,2025-08-06,0.008437987494967825,-0.00212110700071233
baseline_last,y_GLD,16,2025-08-06,0.008437987494967825,-0.00212110700071233
baseline_last,y_GLD,14,2025-08-07,-0.00022357985855403495,0.008437987494967825
baseline_last,y_GLD,15,2025-08-07,-0.00022357985855403495,0.008437987494967825
baseline_last,y_GLD,16,2025-08-07,-0.00022357985855403495,0.008437987494967825
baseline_last,y_GLD,14,2025-08-11,-0.0009074665058316222,0.0
baseline_last,y_GLD,15,2025-08-11,-0.0009074665058316222,0.0
baseline_last,y_GLD,16,2025-08-11,-0.0009074665058316222,0.0
baseline_last,y_GLD,14,2025-08-12,0.0030492830145867345,-0.0009074665058316222
baseline_last,y_GLD,15,2025-08-12,0.0030492830145867345,-0.0009074665058316222
baseline_last,y_GLD,16,2025-08-12,0.0030492830145867345,-0.0009074665058316222
baseline_last,y_GLD,15,2025-08-13,-0.006338706734070332,0.0030492830145867345
baseline_last,y_GLD,16,2025-08-13,-0.006338706734070332,0.0030492830145867345
baseline_last,y_GLD,17,2025-08-13,-0.006338706734070332,0.0030492830145867345
baseline_last,y_GLD,15,2025-08-14,0.0005858183101099534,-0.006338706734070332
baseline_last,y_GLD,16,2025-08-14,0.0005858183101099534,-0.006338706734070332
baseline_last,y_GLD,17,2025-08-14,0.0005858183101099534,-0.006338706734070332
baseline_last,y_GLD,15,2025-08-18,-0.005473279447945512,0.0
baseline_last,y_GLD,16,2025-08-18,-0.005473279447945512,0.0
baseline_last,y_GLD,17,2025-08-18,-0.005473279447945512,0.0
baseline_last,y_GLD,15,2025-08-19,0.010122175284489776,-0.005473279447945512
baseline_last,y_GLD,16,2025-08-19,0.010122175284489776,-0.005473279447945512
baseline_last,y_GLD,17,2025-08-19,0.010122175284489776,-0.005473279447945512
baseline_last,y_GLD,15,2025-08-20,-0.0034698951143765644,0.010122175284489776
baseline_last,y_GLD,16,2025-08-20,-0.0034698951143765644,0.010122175284489776
baseline_last,y_GLD,17,2025-08-20,-0.0034698951143765644,0.010122175284489776
baseline_last,y_GLD,15,2025-08-21,0.01070642694476942,-0.0034698951143765644
baseline_last,y_GLD,16,2025-08-21,0.01070642694476942,-0.0034698951143765644
baseline_last,y_GLD,17,2025-08-21,0.01070642694476942,-0.0034698951143765644
baseline_last,y_GLD,15,2025-08-25,0.007262047243691283,0.0
baseline_last,y_GLD,16,2025-08-25,0.007262047243691283,0.0
baseline_last,y_GLD,17,2025-08-25,0.007262047243691283,0.0
baseline_last,y_GLD,15,2025-08-26,0.0020187288833615202,0.007262047243691283
baseline_last,y_GLD,16,2025-08-26,0.0020187288833615202,0.007262047243691283
baseline_last,y_GLD,17,2025-08-26,0.0020187288833615202,0.007262047243691283
baseline_last,y_GLD,15,2025-08-27,0.007419038046796889,0.0020187288833615202
baseline_last,y_GLD,16,2025-08-27,0.007419038046796889,0.0020187288833615202
baseline_last,y_GLD,17,2025-08-27,0.007419038046796889,0.0020187288833615202
baseline_last,y_GLD,15,2025-08-28,0.00964990177666114,0.007419038046796889
baseline_last,y_GLD,16,2025-08-28,0.00964990177666114,0.007419038046796889
baseline_last,y_GLD,17,2025-08-28,0.00964990177666114,0.007419038046796889
baseline_last,y_GLD,15,2025-09-02,0.007831992196408066,0.0
baseline_last,y_GLD,16,2025-09-02,0.007831992196408066,0.0
baseline_last,y_GLD,17,2025-09-02,0.007831992196408066,0.0
baseline_last,y_GLD,16,2025-09-03,-0.004418882618094533,0.007831992196408066
baseline_last,y_GLD,17,2025-09-03,-0.004418882618094533,0.007831992196408066
baseline_last,y_GLD,18,2025-09-03,-0.004418882618094533,0.007831992196408066
baseline_last,y_GLD,16,2025-09-04,0.01334594055214322,-0.004418882618094533
baseline_last,y_GLD,17,2025-09-04,0.01334594055214322,-0.004418882618094533
baseline_last,y_GLD,18,2025-09-04,0.01334594055214322,-0.004418882618094533
baseline_last,y_GLD,16,2025-09-08,-0.002269905468609279,0.0
baseline_last,y_GLD,17,2025-09-08,-0.002269905468609279,0.0
baseline_last,y_GLD,18,2025-09-08,-0.002269905468609279,0.0
baseline_last,y_GLD,16,2025-09-09,0.0035922056391106683,-0.002269905468609279
baseline_last,y_GLD,17,2025-09-09,0.0035922056391106683,-0.002269905468609279
baseline_last,y_GLD,18,2025-09-09,0.0035922056391106683,-0.002269905468609279
baseline_last,y_GLD,16,2025-09-10,-0.0014913797811720864,0.0035922056391106683
baseline_last,y_GLD,17,2025-09-10,-0.0014913797811720864,0.0035922056391106683
baseline_last,y_GLD,18,2025-09-10,-0.0014913797811720864,0.0035922056391106683
baseline_last,y_GLD,16,2025-09-11,0.0019715725978484144,-0.0014913797811720864
baseline_last,y_GLD,17,2025-09-11,0.0019715725978484144,-0.0014913797811720864
baseline_last,y_GLD,18,2025-09-11,0.0019715725978484144,-0.0014913797811720864
baseline_last,y_GLD,16,2025-09-15,0.0020064107533963593,0.0
baseline_last,y_GLD,17,2025-09-15,0.0020064107533963593,0.0
baseline_last,y_GLD,18,2025-09-15,0.0020064107533963593,0.0
baseline_last,y_GLD,16,2025-09-16,-0.007715171664187115,0.0020064107533963593
baseline_last,y_GLD,17,2025-09-16,-0.007715171664187115,0.0020064107533963593
baseline_last,y_GLD,18,2025-09-16,-0.007715171664187115,0.0020064107533963593
baseline_last,y_GLD,16,2025-09-17,-0.0040063094596702875,-0.007715171664187115
baseline_last,y_GLD,17,2025-09-17,-0.0040063094596702875,-0.007715171664187115
baseline_last,y_GLD,18,2025-09-17,-0.0040063094596702875,-0.007715171664187115
baseline_last,y_GLD,16,2025-09-18,0.010607227252210416,-0.0040063094596702875
baseline_last,y_GLD,17,2025-09-18,0.010607227252210416,-0.0040063094596702875
baseline_last,y_GLD,18,2025-09-18,0.010607227252210416,-0.0040063094596702875
baseline_last,y_GLD,16,2025-09-22,0.004086375052867464,0.0
baseline_last,y_GLD,17,2025-09-22,0.004086375052867464,0.0
baseline_last,y_GLD,18,2025-09-22,0.004086375052867464,0.0
baseline_last,y_GLD,17,2025-09-23,-0.009063049726670935,0.004086375052867464
baseline_last,y_GLD,18,2025-09-23,-0.009063049726670935,0.004086375052867464
baseline_last,y_GLD,19,2025-09-23,-0.009063049726670935,0.004086375052867464
baseline_last,y_GLD,17,2025-09-24,0.004165188877066628,-0.009063049726670935
baseline_last,y_GLD,18,2025-09-24,0.004165188877066628,-0.009063049726670935
baseline_last,y_GLD,19,2025-09-24,0.004165188877066628,-0.009063049726670935
baseline_last,y_GLD,17,2025-09-25,0.00577227044053652,0.004165188877066628
baseline_last,y_GLD,18,2025-09-25,0.00577227044053652,0.004165188877066628
baseline_last,y_GLD,19,2025-09-25,0.00577227044053652,0.004165188877066628
baseline_last,y_GLD,17,2025-09-29,0.008540004081594166,0.0
baseline_last,y_GLD,18,2025-09-29,0.008540004081594166,0.0
baseline_last,y_GLD,19,2025-09-29,0.008540004081594166,0.0
baseline_last,y_GLD,17,2025-09-30,0.0015753722020723782,0.008540004081594166
baseline_last,y_GLD,18,2025-09-30,0.0015753722020723782,0.008540004081594166
baseline_last,y_GLD,19,2025-09-30,0.0015753722020723782,0.008540004081594166
baseline_last,y_GLD,17,2025-10-01,-0.003482825151325697,0.0015753722020723782
baseline_last,y_GLD,18,2025-10-01,-0.003482825151325697,0.0015753722020723782
baseline_last,y_GLD,19,2025-10-01,-0.003482825151325697,0.0015753722020723782
baseline_last,y_GLD,17,2025-10-02,0.008032937892485048,-0.003482825151325697
baseline_last,y_GLD,18,2025-10-02,0.008032937892485048,-0.003482825151325697
baseline_last,y_GLD,19,2025-10-02,0.008032937892485048,-0.003482825151325697
baseline_last,y_GLD,17,2025-10-06,0.005159462258136571,0.0
baseline_last,y_GLD,18,2025-10-06,0.005159462258136571,0.0
baseline_last,y_GLD,19,2025-10-06,0.005159462258136571,0.0
baseline_last,y_GLD,17,2025-10-07,0.01649095687844504,0.005159462258136571
baseline_last,y_GLD,18,2025-10-07,0.01649095687844504,0.005159462258136571
baseline_last,y_GLD,19,2025-10-07,0.01649095687844504,0.005159462258136571
baseline_last,y_GLD,17,2025-10-08,-0.018452848086064955,0.01649095687844504
baseline_last,y_GLD,18,2025-10-08,-0.018452848086064955,0.01649095687844504
baseline_last,y_GLD,19,2025-10-08,-0.018452848086064955,0.01649095687844504
baseline_last,y_GLD,17,2025-10-09,0.01009770001194199,-0.018452848086064955
baseline_last,y_GLD,18,2025-10-09,0.01009770001194199,-0.018452848086064955
baseline_last,y_GLD,19,2025-10-09,0.01009770001194199,-0.018452848086064955
baseline_last,y_GLD,18,2025-10-13,0.007141189222626965,0.0
baseline_last,y_GLD,19,2025-10-13,0.007141189222626965,0.0
baseline_last,y_GLD,20,2025-10-13,0.007141189222626965,0.0
baseline_last,y_GLD,18,2025-10-14,0.017332403569977117,0.007141189222626965
baseline_last,y_GLD,19,2025-10-14,0.017332403569977117,0.007141189222626965
baseline_last,y_GLD,20,2025-10-14,0.017332403569977117,0.007141189222626965
baseline_last,y_GLD,18,2025-10-15,0.02338727694573106,0.017332403569977117
baseline_last,y_GLD,19,2025-10-15,0.02338727694573106,0.017332403569977117
baseline_last,y_GLD,20,2025-10-15,0.02338727694573106,0.017332403569977117
baseline_last,y_GLD,18,2025-10-16,-0.01881705572696668,0.02338727694573106
baseline_last,y_GLD,19,2025-10-16,-0.01881705572696668,0.02338727694573106
baseline_last,y_GLD,20,2025-10-16,-0.01881705572696668,0.02338727694573106
baseline_last,y_GLD,18,2025-10-20,-0.06426889260666147,0.0
baseline_last,y_GLD,19,2025-10-20,-0.06426889260666147,0.0
baseline_last,y_GLD,20,2025-10-20,-0.06426889260666147,0.0
baseline_last,y_GLD,18,2025-10-21,0.00010605594835544352,-0.06426889260666147
baseline_last,y_GLD,19,2025-10-21,0.00010605594835544352,-0.06426889260666147
baseline_last,y_GLD,20,2025-10-21,0.00010605594835544352,-0.06426889260666147
baseline_last,y_GLD,18,2025-10-22,0.004002358382396931,0.00010605594835544352
baseline_last,y_GLD,19,2025-10-22,0.004002358382396931,0.00010605594835544352
baseline_last,y_GLD,20,2025-10-22,0.004002358382396931,0.00010605594835544352
baseline_last,y_GLD,18,2025-10-23,-0.0033528327110016187,0.004002358382396931
baseline_last,y_GLD,19,2025-10-23,-0.0033528327110016187,0.004002358382396931
baseline_last,y_GLD,20,2025-10-23,-0.0033528327110016187,0.004002358382396931
baseline_last,y_GLD,18,2025-10-27,-0.007166030388359279,0.0
baseline_last,y_GLD,19,2025-10-27,-0.007166030388359279,0.0
baseline_last,y_GLD,20,2025-10-27,-0.007166030388359279,0.0
baseline_last,y_GLD,18,2025-10-28,-0.0037872684129753864,-0.007166030388359279
baseline_last,y_GLD,19,2025-10-28,-0.0037872684129753864,-0.007166030388359279
baseline_last,y_GLD,20,2025-10-28,-0.0037872684129753864,-0.007166030388359279
baseline_last,y_GLD,18,2025-10-29,0.01964188672951095,-0.0037872684129753864
baseline_last,y_GLD,19,2025-10-29,0.01964188672951095,-0.0037872684129753864
baseline_last,y_GLD,20,2025-10-29,0.01964188672951095,-0.0037872684129753864
baseline_last,y_GLD,18,2025-10-30,-0.005430550723012573,0.01964188672951095
baseline_last,y_GLD,19,2025-10-30,-0.005430550723012573,0.01964188672951095
baseline_last,y_GLD,20,2025-10-30,-0.005430550723012573,0.01964188672951095
baseline_last,y_GLD,19,2025-11-03,-0.01751719582531963,0.0
baseline_last,y_GLD,20,2025-11-03,-0.01751719582531963,0.0
baseline_last,y_GLD,21,2025-11-03,-0.01751719582531963,0.0
baseline_last,y_GLD,19,2025-11-04,0.011564369498526794,-0.01751719582531963
baseline_last,y_GLD,20,2025-11-04,0.011564369498526794,-0.01751719582531963
baseline_last,y_GLD,21,2025-11-04,0.011564369498526794,-0.01751719582531963
baseline_last,y_GLD,19,2025-11-05,-0.0012005195756796816,0.011564369498526794
baseline_last,y_GLD,20,2025-11-05,-0.0012005195756796816,0.011564369498526794
baseline_last,y_GLD,21,2025-11-05,-0.0012005195756796816,0.011564369498526794
baseline_last,y_GLD,19,2025-11-06,0.006119021470095687,-0.0012005195756796816
baseline_last,y_GLD,20,2025-11-06,0.006119021470095687,-0.0012005195756796816
baseline_last,y_GLD,21,2025-11-06,0.006119021470095687,-0.0012005195756796816
baseline_last,y_GLD,19,2025-11-10,0.003937814406542062,0.0
baseline_last,y_GLD,20,2025-11-10,0.003937814406542062,0.0
baseline_last,y_GLD,21,2025-11-10,0.003937814406542062,0.0
baseline_last,y_GLD,19,2025-11-11,0.016110762091908537,0.003937814406542062
baseline_last,y_GLD,20,2025-11-11,0.016110762091908537,0.003937814406542062
baseline_last,y_GLD,21,2025-11-11,0.016110762091908537,0.003937814406542062
baseline_last,y_GLD,19,2025-11-12,-0.008083098515826892,0.016110762091908537
baseline_last,y_GLD,20,2025-11-12,-0.008083098515826892,0.016110762091908537
baseline_last,y_GLD,21,2025-11-12,-0.008083098515826892,0.016110762091908537
baseline_last,y_GLD,19,2025-11-13,-0.018047911171504505,-0.008083098515826892
baseline_last,y_GLD,20,2025-11-13,-0.018047911171504505,-0.008083098515826892
baseline_last,y_GLD,21,2025-11-13,-0.018047911171504505,-0.008083098515826892
baseline_last,y_GLD,19,2025-11-17,0.007264932736103624,0.0
baseline_last,y_GLD,20,2025-11-17,0.007264932736103624,0.0
baseline_last,y_GLD,21,2025-11-17,0.007264932736103624,0.0
baseline_last,y_GLD,19,2025-11-18,0.0016294519610446923,0.007264932736103624
baseline_last,y_GLD,20,2025-11-18,0.0016294519610446923,0.007264932736103624
baseline_last,y_GLD,21,2025-11-18,0.0016294519610446923,0.007264932736103624
baseline_last,y_GLD,19,2025-11-19,-0.0002933255655774847,0.0016294519610446923
baseline_last,y_GLD,20,2025-11-19,-0.0002933255655774847,0.0016294519610446923
baseline_last,y_GLD,21,2025-11-19,-0.0002933255655774847,0.0016294519610446923
baseline_last,y_GLD,19,2025-11-20,-0.0015473311468576778,-0.0002933255655774847
baseline_last,y_GLD,20,2025-11-20,-0.0015473311468576778,-0.0002933255655774847
baseline_last,y_GLD,21,2025-11-20,-0.0015473311468576778,-0.0002933255655774847
baseline_last,y_GLD,20,2025-11-24,-0.0003156907704157108,0.0
baseline_last,y_GLD,21,2025-11-24,-0.0003156907704157108,0.0
baseline_last,y_GLD,22,2025-11-24,-0.0003156907704157108,0.0
baseline_last,y_GLD,20,2025-11-25,0.007998338908444147,-0.0003156907704157108
baseline_last,y_GLD,21,2025-11-25,0.007998338908444147,-0.0003156907704157108
baseline_last,y_GLD,22,2025-11-25,0.007998338908444147,-0.0003156907704157108
baseline_last,y_GLD,20,2025-12-01,-0.006440050713598433,0.0
baseline_last,y_GLD,21,2025-12-01,-0.006440050713598433,0.0
baseline_last,y_GLD,22,2025-12-01,-0.006440050713598433,0.0
baseline_last,y_GLD,20,2025-12-02,-0.0009296182229129313,-0.006440050713598433
baseline_last,y_GLD,21,2025-12-02,-0.0009296182229129313,-0.006440050713598433
baseline_last,y_GLD,22,2025-12-02,-0.0009296182229129313,-0.006440050713598433
baseline_last,y_GLD,20,2025-12-03,0.0006461951944911615,-0.0009296182229129313
baseline_last,y_GLD,21,2025-12-03,0.0006461951944911615,-0.0009296182229129313
baseline_last,y_GLD,22,2025-12-03,0.0006461951944911615,-0.0009296182229129313
baseline_last,y_GLD,20,2025-12-04,-0.0017823532991586566,0.0006461951944911615
baseline_last,y_GLD,21,2025-12-04,-0.0017823532991586566,0.0006461951944911615
baseline_last,y_GLD,22,2025-12-04,-0.0017823532991586566,0.0006461951944911615
baseline_last,y_GLD,20,2025-12-08,0.005137202012788666,0.0
baseline_last,y_GLD,21,2025-12-08,0.005137202012788666,0.0
baseline_last,y_GLD,22,2025-12-08,0.005137202012788666,0.0
baseline_last,y_GLD,20,2025-12-09,0.00425914796716631,0.005137202012788666
baseline_last,y_GLD,21,2025-12-09,0.00425914796716631,0.005137202012788666
baseline_last,y_GLD,22,2025-12-09,0.00425914796716631,0.005137202012788666
baseline_last,y_GLD,20,2025-12-10,0.010769830543307712,0.00425914796716631
baseline_last,y_GLD,21,2025-12-10,0.010769830543307712,0.00425914796716631
baseline_last,y_GLD,22,2025-12-10,0.010769830543307712,0.00425914796716631
baseline_last,y_GLD,20,2025-12-11,0.005594579039939651,0.010769830543307712
baseline_last,y_GLD,21,2025-12-11,0.005594579039939651,0.010769830543307712
baseline_last,y_GLD,22,2025-12-11,0.005594579039939651,0.010769830543307712
baseline_last,y_GLD,21,2025-12-15,0.00022745542760294057,0.0
baseline_last,y_GLD,22,2025-12-15,0.00022745542760294057,0.0
baseline_last,y_GLD,23,2025-12-15,0.00022745542760294057,0.0
baseline_last,y_GLD,21,2025-12-16,0.008588228474273762,0.00022745542760294057
baseline_last,y_GLD,22,2025-12-16,0.008588228474273762,0.00022745542760294057
baseline_last,y_GLD,23,2025-12-16,0.008588228474273762,0.00022745542760294057
baseline_last,y_GLD,21,2025-12-17,-0.0018032036998042456,0.008588228474273762
baseline_last,y_GLD,22,2025-12-17,-0.0018032036998042456,0.008588228474273762
baseline_last,y_GLD,23,2025-12-17,-0.0018032036998042456,0.008588228474273762
baseline_last,y_GLD,21,2025-12-18,0.0011289903434379411,-0.0018032036998042456
baseline_last,y_GLD,22,2025-12-18,0.0011289903434379411,-0.0018032036998042456
baseline_last,y_GLD,23,2025-12-18,0.0011289903434379411,-0.0018032036998042456
baseline_last,y_GLD,21,2025-12-23,-0.004134082564786645,0.0
baseline_last,y_GLD,22,2025-12-23,-0.004134082564786645,0.0
baseline_last,y_GLD,23,2025-12-23,-0.004134082564786645,0.0
baseline_last,y_GLD,21,2025-12-29,0.0007275678386380324,0.0
baseline_last,y_GLD,22,2025-12-29,0.0007275678386380324,0.0
baseline_last,y_GLD,23,2025-12-29,0.0007275678386380324,0.0
baseline_last,y_GLD,21,2025-12-30,-0.006467991163222386,0.0007275678386380324
baseline_last,y_GLD,22,2025-12-30,-0.006467991163222386,0.0007275678386380324
baseline_last,y_GLD,23,2025-12-30,-0.006467991163222386,0.0007275678386380324
baseline_last,y_GLD,22,2026-01-05,0.010813149047262716,0.0
baseline_last,y_GLD,23,2026-01-05,0.010813149047262716,0.0
baseline_last,y_GLD,24,2026-01-05,0.010813149047262716,0.0
baseline_last,y_GLD,22,2026-01-06,-0.009559953917112063,0.010813149047262716
baseline_last,y_GLD,23,2026-01-06,-0.009559953917112063,0.010813149047262716
baseline_last,y_GLD,24,2026-01-06,-0.009559953917112063,0.010813149047262716
baseline_last,y_GLD,22,2026-01-07,0.005522515913727544,-0.009559953917112063
baseline_last,y_GLD,23,2026-01-07,0.005522515913727544,-0.009559953917112063
baseline_last,y_GLD,24,2026-01-07,0.005522515913727544,-0.009559953917112063
baseline_last,y_GLD,22,2026-01-08,0.007242001159325273,0.005522515913727544
baseline_last,y_GLD,23,2026-01-08,0.007242001159325273,0.005522515913727544
baseline_last,y_GLD,24,2026-01-08,0.007242001159325273,0.005522515913727544
baseline_last,y_GLD,22,2026-01-12,-0.0014210408732292512,0.0
baseline_last,y_GLD,23,2026-01-12,-0.0014210408732292512,0.0
baseline_last,y_GLD,24,2026-01-12,-0.0014210408732292512,0.0
baseline_last,y_GLD,22,2026-01-13,0.010222226854542216,-0.0014210408732292512
baseline_last,y_GLD,23,2026-01-13,0.010222226854542216,-0.0014210408732292512
baseline_last,y_GLD,24,2026-01-13,0.010222226854542216,-0.0014210408732292512
baseline_last,y_GLD,22,2026-01-14,-0.0061276608305878,0.010222226854542216
baseline_last,y_GLD,23,2026-01-14,-0.0061276608305878,0.010222226854542216
baseline_last,y_GLD,24,2026-01-14,-0.0061276608305878,0.010222226854542216
baseline_last,y_GLD,22,2026-01-15,-0.004818883830700504,-0.0061276608305878
baseline_last,y_GLD,23,2026-01-15,-0.004818883830700504,-0.0061276608305878
baseline_last,y_GLD,24,2026-01-15,-0.004818883830700504,-0.0061276608305878
baseline_last,y_GLD,22,2026-01-21,0.01846258414950319,0.0
baseline_last,y_GLD,23,2026-01-21,0.01846258414950319,0.0
baseline_last,y_GLD,24,2026-01-21,0.01846258414950319,0.0
baseline_last,y_GLD,22,2026-01-22,0.013745304981574558,0.01846258414950319
baseline_last,y_GLD,23,2026-01-22,0.013745304981574558,0.01846258414950319
baseline_last,y_GLD,24,2026-01-22,0.013745304981574558,0.01846258414950319
baseline_last,y_GLD,23,2026-01-26,0.02453194232197564,0.0
baseline_last,y_GLD,24,2026-01-26,0.02453194232197564,0.0
baseline_last,y_GLD,23,2026-01-27,0.038773348494905324,0.02453194232197564
baseline_last,y_GLD,24,2026-01-27,0.038773348494905324,0.02453194232197564
baseline_last,y_GLD,23,2026-01-28,0.0027094717415592218,0.038773348494905324
baseline_last,y_GLD,24,2026-01-28,0.0027094717415592218,0.038773348494905324
baseline_last,y_GLD,23,2026-01-29,-0.10274245274560034,0.0027094717415592218
baseline_last,y_GLD,24,2026-01-29,-0.10274245274560034,0.0027094717415592218
baseline_last,y_GLD,23,2026-02-02,0.06358720612372104,0.0
baseline_last,y_GLD,24,2026-02-02,0.06358720612372104,0.0
baseline_last,y_GLD,23,2026-02-03,-0.0007044119795716064,0.06358720612372104
baseline_last,y_GLD,24,2026-02-03,-0.0007044119795716064,0.06358720612372104
baseline_last,y_GLD,23,2026-02-04,-0.026631707613677613,-0.0007044119795716064
baseline_last,y_GLD,24,2026-02-04,-0.026631707613677613,-0.0007044119795716064
baseline_last,y_GLD,23,2026-02-05,0.03073229479090611,-0.026631707613677613
baseline_last,y_GLD,24,2026-02-05,0.03073229479090611,-0.026631707613677613
baseline_last,y_GLD,23,2026-02-09,-0.009913720520981939,0.0
baseline_last,y_GLD,24,2026-02-09,-0.009913720520981939,0.0
baseline_last,y_GLD,23,2026-02-10,0.011310577541873812,-0.009913720520981939
baseline_last,y_GLD,24,2026-02-10,0.011310577541873812,-0.009913720520981939
baseline_last,y_GLD,23,2026-02-11,-0.03472828959819363,0.011310577541873812
baseline_last,y_GLD,24,2026-02-11,-0.03472828959819363,0.011310577541873812
baseline_last,y_GLD,23,2026-02-12,0.024878663914389865,-0.03472828959819363
baseline_last,y_GLD,24,2026-02-12,0.024878663914389865,-0.03472828959819363
baseline_last,y_GLD,24,2026-02-17,0.022489929267582198,0.0
baseline_last,y_GLD,24,2026-02-18,0.0027930496262249527,0.022489929267582198
baseline_last,y_GLD,24,2026-02-19,0.019714504323102178,0.0027930496262249527
baseline_last,y_GLD,24,2026-02-23,-0.01385890426498504,0.0
baseline_last,y_GLD,24,2026-02-24,-0.0025072627221415233,-0.01385890426498504
baseline_last,y_GLD,24,2026-02-25,0.008575889154321725,-0.0025072627221415233
baseline_last,y_GLD,24,2026-02-26,0.01313141674919538,0.008575889154321725
baseline_last,y_GLD,24,2026-03-02,-0.04461221500318879,0.0
baseline_last,y_GLD,24,2026-03-03,0.007818116439543887,-0.04461221500318879
baseline_last,y_GLD,24,2026-03-04,-0.012017768242597704,0.007818116439543887
baseline_last,y_GLD,24,2026-03-05,0.01583250339069653,-0.012017768242597704
baseline_last,y_TLT,0,2024-08-05,-0.022368550889996675,0.0
baseline_last,y_TLT,0,2024-08-06,-0.007039945492178679,-0.022368550889996675
baseline_last,y_TLT,0,2024-08-07,-0.006151853499033244,-0.007039945492178679
baseline_last,y_TLT,0,2024-08-08,0.00986178206100674,-0.006151853499033244
baseline_last,y_TLT,0,2024-08-12,0.006935122929059956,0.0
baseline_last,y_TLT,0,2024-08-13,0.006270521022239128,0.006935122929059956
baseline_last,y_TLT,0,2024-08-14,-0.008070343520724332,0.006270521022239128
baseline_last,y_TLT,0,2024-08-15,0.0035014424876782524,-0.008070343520724332
baseline_last,y_TLT,0,2024-08-19,0.007968164045019321,0.0
baseline_last,y_TLT,0,2024-08-20,0.0006079821175304367,0.007968164045019321
baseline_last,y_TLT,0,2024-08-21,-0.009925829403327091,0.0006079821175304367
baseline_last,y_TLT,0,2024-08-22,0.006547180757068949,-0.009925829403327091
baseline_last,y_TLT,0,2024-08-26,-0.0017321272201223925,0.0
baseline_last,y_TLT,1,2024-08-26,-0.0017321272201223925,0.0
baseline_last,y_TLT,0,2024-08-27,-0.0012249025003615577,-0.0017321272201223925
baseline_last,y_TLT,1,2024-08-27,-0.0012249025003615577,-0.0017321272201223925
baseline_last,y_TLT,0,2024-08-28,-0.003270162266437837,-0.0012249025003615577
baseline_last,y_TLT,1,2024-08-28,-0.003270162266437837,-0.0012249025003615577
baseline_last,y_TLT,0,2024-08-29,-0.010663461876560532,-0.003270162266437837
baseline_last,y_TLT,1,2024-08-29,-0.010663461876560532,-0.003270162266437837
baseline_last,y_TLT,0,2024-09-03,0.012889861184252949,0.0
baseline_last,y_TLT,1,2024-09-03,0.012889861184252949,0.0
baseline_last,y_TLT,0,2024-09-04,0.00565590486216605,0.012889861184252949
baseline_last,y_TLT,1,2024-09-04,0.00565590486216605,0.012889861184252949
baseline_last,y_TLT,0,2024-09-05,-0.00010045655008983356,0.00565590486216605
baseline_last,y_TLT,1,2024-09-05,-0.00010045655008983356,0.00565590486216605
baseline_last,y_TLT,0,2024-09-09,0.007000793032513997,0.0
baseline_last,y_TLT,1,2024-09-09,0.007000793032513997,0.0
baseline_last,y_TLT,0,2024-09-10,-0.0007946322273765238,0.007000793032513997
baseline_last,y_TLT,1,2024-09-10,-0.0007946322273765238,0.007000793032513997
baseline_last,y_TLT,0,2024-09-11,-0.004671519738422836,-0.0007946322273765238
baseline_last,y_TLT,1,2024-09-11,-0.004671519738422836,-0.0007946322273765238
baseline_last,y_TLT,0,2024-09-12,0.0026962379698411976,-0.004671519738422836
baseline_last,y_TLT,1,2024-09-12,0.0026962379698411976,-0.004671519738422836
baseline_last,y_TLT,2,2024-09-12,0.0026962379698411976,-0.004671519738422836
baseline_last,y_TLT,0,2024-09-16,-0.004835669483926441,0.0
baseline_last,y_TLT,1,2024-09-16,-0.004835669483926441,0.0
baseline_last,y_TLT,2,2024-09-16,-0.004835669483926441,0.0
baseline_last,y_TLT,0,2024-09-17,-0.012395693689927323,-0.004835669483926441
baseline_last,y_TLT,1,2024-09-17,-0.012395693689927323,-0.004835669483926441
baseline_last,y_TLT,2,2024-09-17,-0.012395693689927323,-0.004835669483926441
baseline_last,y_TLT,0,2024-09-18,-0.0033138276507249653,-0.012395693689927323
baseline_last,y_TLT,1,2024-09-18,-0.0033138276507249653,-0.012395693689927323
baseline_last,y_TLT,2,2024-09-18,-0.0033138276507249653,-0.012395693689927323
baseline_last,y_TLT,0,2024-09-19,-0.0038282870977541794,-0.0033138276507249653
baseline_last,y_TLT,1,2024-09-19,-0.0038282870977541794,-0.0033138276507249653
baseline_last,y_TLT,2,2024-09-19,-0.0038282870977541794,-0.0033138276507249653
baseline_last,y_TLT,0,2024-09-23,-0.00020291062925059666,0.0
baseline_last,y_TLT,1,2024-09-23,-0.00020291062925059666,0.0
baseline_last,y_TLT,2,2024-09-23,-0.00020291062925059666,0.0
baseline_last,y_TLT,0,2024-09-24,-0.008312114144058191,-0.00020291062925059666
baseline_last,y_TLT,1,2024-09-24,-0.008312114144058191,-0.00020291062925059666
baseline_last,y_TLT,2,2024-09-24,-0.008312114144058191,-0.00020291062925059666
baseline_last,y_TLT,0,2024-09-25,0.0023510126824906052,-0.008312114144058191
baseline_last,y_TLT,1,2024-09-25,0.0023510126824906052,-0.008312114144058191
baseline_last,y_TLT,2,2024-09-25,0.0023510126824906052,-0.008312114144058191
baseline_last,y_TLT,0,2024-09-26,0.005200682037067805,0.0023510126824906052
baseline_last,y_TLT,1,2024-09-26,0.005200682037067805,0.0023510126824906052
baseline_last,y_TLT,2,2024-09-26,0.005200682037067805,0.0023510126824906052
baseline_last,y_TLT,0,2024-09-30,0.007219794901542231,0.0
baseline_last,y_TLT,1,2024-09-30,0.007219794901542231,0.0
baseline_last,y_TLT,2,2024-09-30,0.007219794901542231,0.0
baseline_last,y_TLT,0,2024-10-01,-0.008426964441155427,0.007219794901542231
baseline_last,y_TLT,1,2024-10-01,-0.008426964441155427,0.007219794901542231
baseline_last,y_TLT,2,2024-10-01,-0.008426964441155427,0.007219794901542231
baseline_last,y_TLT,0,2024-10-02,-0.009420643077179713,-0.008426964441155427
baseline_last,y_TLT,1,2024-10-02,-0.009420643077179713,-0.008426964441155427
baseline_last,y_TLT,2,2024-10-02,-0.009420643077179713,-0.008426964441155427
baseline_last,y_TLT,0,2024-10-03,-0.012300881957621912,-0.009420643077179713
baseline_last,y_TLT,1,2024-10-03,-0.012300881957621912,-0.009420643077179713
baseline_last,y_TLT,2,2024-10-03,-0.012300881957621912,-0.009420643077179713
baseline_last,y_TLT,1,2024-10-07,0.0016874269369799855,0.0
baseline_last,y_TLT,2,2024-10-07,0.0016874269369799855,0.0
baseline_last,y_TLT,3,2024-10-07,0.0016874269369799855,0.0
baseline_last,y_TLT,1,2024-10-08,-0.005684884944385238,0.0016874269369799855
baseline_last,y_TLT,2,2024-10-08,-0.005684884944385238,0.0016874269369799855
baseline_last,y_TLT,3,2024-10-08,-0.005684884944385238,0.0016874269369799855
baseline_last,y_TLT,1,2024-10-09,-0.00391735319266262,-0.005684884944385238
baseline_last,y_TLT,2,2024-10-09,-0.00391735319266262,-0.005684884944385238
baseline_last,y_TLT,3,2024-10-09,-0.00391735319266262,-0.005684884944385238
baseline_last,y_TLT,1,2024-10-10,-0.004039166515118153,-0.00391735319266262
baseline_last,y_TLT,2,2024-10-10,-0.004039166515118153,-0.00391735319266262
baseline_last,y_TLT,3,2024-10-10,-0.004039166515118153,-0.00391735319266262
baseline_last,y_TLT,1,2024-10-14,0.012157648434101498,0.0
baseline_last,y_TLT,2,2024-10-14,0.012157648434101498,0.0
baseline_last,y_TLT,3,2024-10-14,0.012157648434101498,0.0
baseline_last,y_TLT,1,2024-10-15,0.0042144549496681005,0.012157648434101498
baseline_last,y_TLT,2,2024-10-15,0.0042144549496681005,0.012157648434101498
baseline_last,y_TLT,3,2024-10-15,0.0042144549496681005,0.012157648434101498
baseline_last,y_TLT,1,2024-10-16,-0.015843041256527912,0.0042144549496681005
baseline_last,y_TLT,2,2024-10-16,-0.015843041256527912,0.0042144549496681005
baseline_last,y_TLT,3,2024-10-16,-0.015843041256527912,0.0042144549496681005
baseline_last,y_TLT,1,2024-10-17,0.0007462097939257006,-0.015843041256527912
baseline_last,y_TLT,2,2024-10-17,0.0007462097939257006,-0.015843041256527912
baseline_last,y_TLT,3,2024-10-17,0.0007462097939257006,-0.015843041256527912
baseline_last,y_TLT,1,2024-10-21,0.0009759077019129148,0.0
baseline_last,y_TLT,2,2024-10-21,0.0009759077019129148,0.0
baseline_last,y_TLT,3,2024-10-21,0.0009759077019129148,0.0
baseline_last,y_TLT,1,2024-10-22,-0.002708172707938994,0.0009759077019129148
baseline_last,y_TLT,2,2024-10-22,-0.002708172707938994,0.0009759077019129148
baseline_last,y_TLT,3,2024-10-22,-0.002708172707938994,0.0009759077019129148
baseline_last,y_TLT,1,2024-10-23,0.006408393065260531,-0.002708172707938994
baseline_last,y_TLT,2,2024-10-23,0.006408393065260531,-0.002708172707938994
baseline_last,y_TLT,3,2024-10-23,0.006408393065260531,-0.002708172707938994
baseline_last,y_TLT,1,2024-10-24,-0.005612109149179867,0.006408393065260531
baseline_last,y_TLT,2,2024-10-24,-0.005612109149179867,0.006408393065260531
baseline_last,y_TLT,3,2024-10-24,-0.005612109149179867,0.006408393065260531
baseline_last,y_TLT,2,2024-10-28,0.0015235289298340948,0.0
baseline_last,y_TLT,3,2024-10-28,0.0015235289298340948,0.0
baseline_last,y_TLT,4,2024-10-28,0.0015235289298340948,0.0
baseline_last,y_TLT,2,2024-10-29,0.0029338213574119365,0.0015235289298340948
baseline_last,y_TLT,3,2024-10-29,0.0029338213574119365,0.0015235289298340948
baseline_last,y_TLT,4,2024-10-29,0.0029338213574119365,0.0015235289298340948
baseline_last,y_TLT,2,2024-10-30,0.0016250450119625892,0.0029338213574119365
baseline_last,y_TLT,3,2024-10-30,0.0016250450119625892,0.0029338213574119365
baseline_last,y_TLT,4,2024-10-30,0.0016250450119625892,0.0029338213574119365
baseline_last,y_TLT,2,2024-10-31,-0.01409816760588345,0.0016250450119625892
baseline_last,y_TLT,3,2024-10-31,-0.01409816760588345,0.0016250450119625892
baseline_last,y_TLT,4,2024-10-31,-0.01409816760588345,0.0016250450119625892
baseline_last,y_TLT,2,2024-11-04,0.005311509892854893,0.0
baseline_last,y_TLT,3,2024-11-04,0.005311509892854893,0.0
baseline_last,y_TLT,4,2024-11-04,0.005311509892854893,0.0
baseline_last,y_TLT,2,2024-11-05,-0.027388259105888046,0.005311509892854893
baseline_last,y_TLT,3,2024-11-05,-0.027388259105888046,0.005311509892854893
baseline_last,y_TLT,4,2024-11-05,-0.027388259105888046,0.005311509892854893
baseline_last,y_TLT,2,2024-11-06,0.012527473512486287,-0.027388259105888046
baseline_last,y_TLT,3,2024-11-06,0.012527473512486287,-0.027388259105888046
baseline_last,y_TLT,4,2024-11-06,0.012527473512486287,-0.027388259105888046
baseline_last,y_TLT,2,2024-11-07,0.012701533353653316,0.012527473512486287
baseline_last,y_TLT,3,2024-11-07,0.012701533353653316,0.012527473512486287
baseline_last,y_TLT,4,2024-11-07,0.012701533353653316,0.012527473512486287
baseline_last,y_TLT,2,2024-11-11,-0.014993440666183022,0.0
baseline_last,y_TLT,3,2024-11-11,-0.014993440666183022,0.0
baseline_last,y_TLT,4,2024-11-11,-0.014993440666183022,0.0
baseline_last,y_TLT,2,2024-11-12,-0.00948622931614962,-0.014993440666183022
baseline_last,y_TLT,3,2024-11-12,-0.00948622931614962,-0.014993440666183022
baseline_last,y_TLT,4,2024-11-12,-0.00948622931614962,-0.014993440666183022
baseline_last,y_TLT,2,2024-11-13,0.005790725367673666,-0.00948622931614962
baseline_last,y_TLT,3,2024-11-13,0.005790725367673666,-0.00948622931614962
baseline_last,y_TLT,4,2024-11-13,0.005790725367673666,-0.00948622931614962
baseline_last,y_TLT,2,2024-11-14,-0.0026570484651297077,0.005790725367673666
baseline_last,y_TLT,3,2024-11-14,-0.0026570484651297077,0.005790725367673666
baseline_last,y_TLT,4,2024-11-14,-0.0026570484651297077,0.005790725367673666
baseline_last,y_TLT,3,2024-11-18,0.005097504306904588,0.0
baseline_last,y_TLT,4,2024-11-18,0.005097504306904588,0.0
baseline_last,y_TLT,5,2024-11-18,0.005097504306904588,0.0
baseline_last,y_TLT,3,2024-11-19,-0.003197171128437537,0.005097504306904588
baseline_last,y_TLT,4,2024-11-19,-0.003197171128437537,0.005097504306904588
baseline_last,y_TLT,5,2024-11-19,-0.003197171128437537,0.005097504306904588
baseline_last,y_TLT,3,2024-11-20,-0.000774446762419001,-0.003197171128437537
baseline_last,y_TLT,4,2024-11-20,-0.000774446762419001,-0.003197171128437537
baseline_last,y_TLT,5,2024-11-20,-0.000774446762419001,-0.003197171128437537
baseline_last,y_TLT,3,2024-11-21,0.0005534515724503475,-0.000774446762419001
baseline_last,y_TLT,4,2024-11-21,0.0005534515724503475,-0.000774446762419001
baseline_last,y_TLT,5,2024-11-21,0.0005534515724503475,-0.000774446762419001
baseline_last,y_TLT,3,2024-11-25,-0.00388225111274898,0.0
baseline_last,y_TLT,4,2024-11-25,-0.00388225111274898,0.0
baseline_last,y_TLT,5,2024-11-25,-0.00388225111274898,0.0
baseline_last,y_TLT,3,2024-11-26,0.006928736979951999,-0.00388225111274898
baseline_last,y_TLT,4,2024-11-26,0.006928736979951999,-0.00388225111274898
baseline_last,y_TLT,5,2024-11-26,0.006928736979951999,-0.00388225111274898
baseline_last,y_TLT,3,2024-12-02,-0.008628795038114534,0.0
baseline_last,y_TLT,4,2024-12-02,-0.008628795038114534,0.0
baseline_last,y_TLT,5,2024-12-02,-0.008628795038114534,0.0
baseline_last,y_TLT,3,2024-12-03,0.01074556525733894,-0.008628795038114534
baseline_last,y_TLT,4,2024-12-03,0.01074556525733894,-0.008628795038114534
baseline_last,y_TLT,5,2024-12-03,0.01074556525733894,-0.008628795038114534
baseline_last,y_TLT,3,2024-12-04,0.002020217421788262,0.01074556525733894
baseline_last,y_TLT,4,2024-12-04,0.002020217421788262,0.01074556525733894
baseline_last,y_TLT,5,2024-12-04,0.002020217421788262,0.01074556525733894
baseline_last,y_TLT,3,2024-12-05,0.0014850941327582134,0.002020217421788262
baseline_last,y_TLT,4,2024-12-05,0.0014850941327582134,0.002020217421788262
baseline_last,y_TLT,5,2024-12-05,0.0014850941327582134,0.002020217421788262
baseline_last,y_TLT,4,2024-12-09,-0.004704845045274908,0.0
baseline_last,y_TLT,5,2024-12-09,-0.004704845045274908,0.0
baseline_last,y_TLT,6,2024-12-09,-0.004704845045274908,0.0
baseline_last,y_TLT,4,2024-12-10,-0.009454170497773529,-0.004704845045274908
baseline_last,y_TLT,5,2024-12-10,-0.009454170497773529,-0.004704845045274908
baseline_last,y_TLT,6,2024-12-10,-0.009454170497773529,-0.004704845045274908
baseline_last,y_TLT,4,2024-12-11,-0.012147535677257904,-0.009454170497773529
baseline_last,y_TLT,5,2024-12-11,-0.012147535677257904,-0.009454170497773529
baseline_last,y_TLT,6,2024-12-11,-0.012147535677257904,-0.009454170497773529
baseline_last,y_TLT,4,2024-12-12,-0.010210862606242044,-0.012147535677257904
baseline_last,y_TLT,5,2024-12-12,-0.010210862606242044,-0.012147535677257904
baseline_last,y_TLT,6,2024-12-12,-0.010210862606242044,-0.012147535677257904
baseline_last,y_TLT,4,2024-12-16,0.002433207752153832,0.0
baseline_last,y_TLT,5,2024-12-16,0.002433207752153832,0.0
baseline_last,y_TLT,6,2024-12-16,0.002433207752153832,0.0
baseline_last,y_TLT,4,2024-12-17,-0.012504256844886541,0.002433207752153832
baseline_last,y_TLT,5,2024-12-17,-0.012504256844886541,0.002433207752153832
baseline_last,y_TLT,6,2024-12-17,-0.012504256844886541,0.002433207752153832
baseline_last,y_TLT,4,2024-12-18,-0.015141424927233804,-0.012504256844886541
baseline_last,y_TLT,5,2024-12-18,-0.015141424927233804,-0.012504256844886541
baseline_last,y_TLT,6,2024-12-18,-0.015141424927233804,-0.012504256844886541
baseline_last,y_TLT,4,2024-12-19,0.005693990251774528,-0.015141424927233804
baseline_last,y_TLT,5,2024-12-19,0.005693990251774528,-0.015141424927233804
baseline_last,y_TLT,6,2024-12-19,0.005693990251774528,-0.015141424927233804
baseline_last,y_TLT,4,2024-12-23,0.004228384884106484,0.0
baseline_last,y_TLT,5,2024-12-23,0.004228384884106484,0.0
baseline_last,y_TLT,6,2024-12-23,0.004228384884106484,0.0
baseline_last,y_TLT,4,2024-12-26,-0.008198755902080634,0.0
baseline_last,y_TLT,5,2024-12-26,-0.008198755902080634,0.0
baseline_last,y_TLT,6,2024-12-26,-0.008198755902080634,0.0
baseline_last,y_TLT,5,2024-12-30,-0.005353029943474086,0.0
baseline_last,y_TLT,6,2024-12-30,-0.005353029943474086,0.0
baseline_last,y_TLT,7,2024-12-30,-0.005353029943474086,0.0
baseline_last,y_TLT,5,2025-01-02,-0.0031975783165182348,0.0
baseline_last,y_TLT,6,2025-01-02,-0.0031975783165182348,0.0
baseline_last,y_TLT,7,2025-01-02,-0.0031975783165182348,0.0
baseline_last,y_TLT,5,2025-01-06,-0.011277349671819592,0.0
baseline_last,y_TLT,6,2025-01-06,-0.011277349671819592,0.0
baseline_last,y_TLT,7,2025-01-06,-0.011277349671819592,0.0
baseline_last,y_TLT,5,2025-01-07,0.0012802219487304534,-0.011277349671819592
baseline_last,y_TLT,6,2025-01-07,0.0012802219487304534,-0.011277349671819592
baseline_last,y_TLT,7,2025-01-07,0.0012802219487304534,-0.011277349671819592
baseline_last,y_TLT,5,2025-01-13,-0.0016389324288217377,0.0
baseline_last,y_TLT,6,2025-01-13,-0.0016389324288217377,0.0
baseline_last,y_TLT,7,2025-01-13,-0.0016389324288217377,0.0
baseline_last,y_TLT,5,2025-01-14,0.017235394049260444,-0.0016389324288217377
baseline_last,y_TLT,6,2025-01-14,0.017235394049260444,-0.0016389324288217377
baseline_last,y_TLT,7,2025-01-14,0.017235394049260444,-0.0016389324288217377
baseline_last,y_TLT,5,2025-01-15,0.00322724659786644,0.017235394049260444
baseline_last,y_TLT,6,2025-01-15,0.00322724659786644,0.017235394049260444
baseline_last,y_TLT,7,2025-01-15,0.00322724659786644,0.017235394049260444
baseline_last,y_TLT,5,2025-01-16,0.0017234193229516137,0.00322724659786644
baseline_last,y_TLT,6,2025-01-16,0.0017234193229516137,0.00322724659786644
baseline_last,y_TLT,7,2025-01-16,0.0017234193229516137,0.00322724659786644
baseline_last,y_TLT,6,2025-01-21,-0.005228914165501863,0.0
baseline_last,y_TLT,7,2025-01-21,-0.005228914165501863,0.0
baseline_last,y_TLT,8,2025-01-21,-0.005228914165501863,0.0
baseline_last,y_TLT,6,2025-01-22,-0.007770688474414311,-0.005228914165501863
baseline_last,y_TLT,7,2025-01-22,-0.007770688474414311,-0.005228914165501863
baseline_last,y_TLT,8,2025-01-22,-0.007770688474414311,-0.005228914165501863
baseline_last,y_TLT,6,2025-01-23,0.004491450105859718,-0.007770688474414311
baseline_last,y_TLT,7,2025-01-23,0.004491450105859718,-0.007770688474414311
baseline_last,y_TLT,8,2025-01-23,0.004491450105859718,-0.007770688474414311
baseline_last,y_TLT,6,2025-01-27,-0.0006800067555038369,0.0
baseline_last,y_TLT,7,2025-01-27,-0.0006800067555038369,0.0
baseline_last,y_TLT,8,2025-01-27,-0.0006800067555038369,0.0
baseline_last,y_TLT,6,2025-01-28,-0.002040771379546502,-0.0006800067555038369
baseline_last,y_TLT,7,2025-01-28,-0.002040771379546502,-0.0006800067555038369
baseline_last,y_TLT,8,2025-01-28,-0.002040771379546502,-0.0006800067555038369
baseline_last,y_TLT,6,2025-01-29,0.003749551551226915,-0.002040771379546502
baseline_last,y_TLT,7,2025-01-29,0.003749551551226915,-0.002040771379546502
baseline_last,y_TLT,8,2025-01-29,0.003749551551226915,-0.002040771379546502
baseline_last,y_TLT,6,2025-01-30,-0.006565640872727041,0.003749551551226915
baseline_last,y_TLT,7,2025-01-30,-0.006565640872727041,0.003749551551226915
baseline_last,y_TLT,8,2025-01-30,-0.006565640872727041,0.003749551551226915
baseline_last,y_TLT,6,2025-02-03,0.003062560416624338,0.0
baseline_last,y_TLT,7,2025-02-03,0.003062560416624338,0.0
baseline_last,y_TLT,8,2025-02-03,0.003062560416624338,0.0
baseline_last,y_TLT,6,2025-02-04,0.016510394659921657,0.003062560416624338
baseline_last,y_TLT,7,2025-02-04,0.016510394659921657,0.003062560416624338
baseline_last,y_TLT,8,2025-02-04,0.016510394659921657,0.003062560416624338
baseline_last,y_TLT,6,2025-02-05,-0.0004450267020469356,0.016510394659921657
baseline_last,y_TLT,7,2025-02-05,-0.0004450267020469356,0.016510394659921657
baseline_last,y_TLT,8,2025-02-05,-0.0004450267020469356,0.016510394659921657
baseline_last,y_TLT,6,2025-02-06,-0.00645531511851638,-0.0004450267020469356
baseline_last,y_TLT,7,2025-02-06,-0.00645531511851638,-0.0004450267020469356
baseline_last,y_TLT,8,2025-02-06,-0.00645531511851638,-0.0004450267020469356
baseline_last,y_TLT,7,2025-02-10,-0.006404463930769433,0.0
baseline_last,y_TLT,8,2025-02-10,-0.006404463930769433,0.0
baseline_last,y_TLT,9,2025-02-10,-0.006404463930769433,0.0
baseline_last,y_TLT,7,2025-02-11,-0.013569961914463802,-0.006404463930769433
baseline_last,y_TLT,8,2025-02-11,-0.013569961914463802,-0.006404463930769433
baseline_last,y_TLT,9,2025-02-11,-0.013569961914463802,-0.006404463930769433
baseline_last,y_TLT,7,2025-02-12,0.01662273531997749,-0.013569961914463802
baseline_last,y_TLT,8,2025-02-12,0.01662273531997749,-0.013569961914463802
baseline_last,y_TLT,9,2025-02-12,0.01662273531997749,-0.013569961914463802
baseline_last,y_TLT,7,2025-02-13,0.005299826116787809,0.01662273531997749
baseline_last,y_TLT,8,2025-02-13,0.005299826116787809,0.01662273531997749
baseline_last,y_TLT,9,2025-02-13,0.005299826116787809,0.01662273531997749
baseline_last,y_TLT,7,2025-02-18,0.001248552780812373,0.0
baseline_last,y_TLT,8,2025-02-18,0.001248552780812373,0.0
baseline_last,y_TLT,9,2025-02-18,0.001248552780812373,0.0
baseline_last,y_TLT,7,2025-02-19,0.003741168850526222,0.001248552780812373
baseline_last,y_TLT,8,2025-02-19,0.003741168850526222,0.001248552780812373
baseline_last,y_TLT,9,2025-02-19,0.003741168850526222,0.001248552780812373
baseline_last,y_TLT,7,2025-02-20,0.012085027403194504,0.003741168850526222
baseline_last,y_TLT,8,2025-02-20,0.012085027403194504,0.003741168850526222
baseline_last,y_TLT,9,2025-02-20,0.012085027403194504,0.003741168850526222
baseline_last,y_TLT,7,2025-02-24,0.01724688592207624,0.0
baseline_last,y_TLT,8,2025-02-24,0.01724688592207624,0.0
baseline_last,y_TLT,9,2025-02-24,0.01724688592207624,0.0
baseline_last,y_TLT,7,2025-02-25,0.005906964370742562,0.01724688592207624
baseline_last,y_TLT,8,2025-02-25,0.005906964370742562,0.01724688592207624
baseline_last,y_TLT,9,2025-02-25,0.005906964370742562,0.01724688592207624
baseline_last,y_TLT,7,2025-02-26,-0.007068422033070787,0.005906964370742562
baseline_last,y_TLT,8,2025-02-26,-0.007068422033070787,0.005906964370742562
baseline_last,y_TLT,9,2025-02-26,-0.007068422033070787,0.005906964370742562
baseline_last,y_TLT,7,2025-02-27,0.012266091307345128,-0.007068422033070787
baseline_last,y_TLT,8,2025-02-27,0.012266091307345128,-0.007068422033070787
baseline_last,y_TLT,9,2025-02-27,0.012266091307345128,-0.007068422033070787
baseline_last,y_TLT,8,2025-03-03,-0.012314975657354732,0.0
baseline_last,y_TLT,9,2025-03-03,-0.012314975657354732,0.0
baseline_last,y_TLT,10,2025-03-03,-0.012314975657354732,0.0
baseline_last,y_TLT,8,2025-03-04,-0.007984170650322975,-0.012314975657354732
baseline_last,y_TLT,9,2025-03-04,-0.007984170650322975,-0.012314975657354732
baseline_last,y_TLT,10,2025-03-04,-0.007984170650322975,-0.012314975657354732
baseline_last,y_TLT,8,2025-03-05,-0.00330771032013355,-0.007984170650322975
baseline_last,y_TLT,9,2025-03-05,-0.00330771032013355,-0.007984170650322975
baseline_last,y_TLT,10,2025-03-05,-0.00330771032013355,-0.007984170650322975
baseline_last,y_TLT,8,2025-03-06,-0.003207920613952364,-0.00330771032013355
baseline_last,y_TLT,9,2025-03-06,-0.003207920613952364,-0.00330771032013355
baseline_last,y_TLT,10,2025-03-06,-0.003207920613952364,-0.00330771032013355
baseline_last,y_TLT,8,2025-03-10,-0.007139083278418168,0.0
baseline_last,y_TLT,9,2025-03-10,-0.007139083278418168,0.0
baseline_last,y_TLT,10,2025-03-10,-0.007139083278418168,0.0
baseline_last,y_TLT,8,2025-03-11,-0.005973302516129819,-0.007139083278418168
baseline_last,y_TLT,9,2025-03-11,-0.005973302516129819,-0.007139083278418168
baseline_last,y_TLT,10,2025-03-11,-0.005973302516129819,-0.007139083278418168
baseline_last,y_TLT,8,2025-03-12,0.008791196896851039,-0.005973302516129819
baseline_last,y_TLT,9,2025-03-12,0.008791196896851039,-0.005973302516129819
baseline_last,y_TLT,10,2025-03-12,0.008791196896851039,-0.005973302516129819
baseline_last,y_TLT,8,2025-03-13,-0.005295116001279854,0.008791196896851039
baseline_last,y_TLT,9,2025-03-13,-0.005295116001279854,0.008791196896851039
baseline_last,y_TLT,10,2025-03-13,-0.005295116001279854,0.008791196896851039
baseline_last,y_TLT,8,2025-03-17,0.0009929868052489521,0.0
baseline_last,y_TLT,9,2025-03-17,0.0009929868052489521,0.0
baseline_last,y_TLT,10,2025-03-17,0.0009929868052489521,0.0
baseline_last,y_TLT,8,2025-03-18,0.005181400885427623,0.0009929868052489521
baseline_last,y_TLT,9,2025-03-18,0.005181400885427623,0.0009929868052489521
baseline_last,y_TLT,10,2025-03-18,0.005181400885427623,0.0009929868052489521
baseline_last,y_TLT,8,2025-03-19,0.0006580421122470703,0.005181400885427623
baseline_last,y_TLT,9,2025-03-19,0.0006580421122470703,0.005181400885427623
baseline_last,y_TLT,10,2025-03-19,0.0006580421122470703,0.005181400885427623
baseline_last,y_TLT,8,2025-03-20,-0.005918309641570585,0.0006580421122470703
baseline_last,y_TLT,9,2025-03-20,-0.005918309641570585,0.0006580421122470703
baseline_last,y_TLT,10,2025-03-20,-0.005918309641570585,0.0006580421122470703
baseline_last,y_TLT,9,2025-03-24,-0.00011127790462195364,0.0
baseline_last,y_TLT,10,2025-03-24,-0.00011127790462195364,0.0
baseline_last,y_TLT,11,2025-03-24,-0.00011127790462195364,0.0
baseline_last,y_TLT,9,2025-03-25,-0.006573054924644106,-0.00011127790462195364
baseline_last,y_TLT,10,2025-03-25,-0.006573054924644106,-0.00011127790462195364
baseline_last,y_TLT,11,2025-03-25,-0.006573054924644106,-0.00011127790462195364
baseline_last,y_TLT,9,2025-03-26,-0.0029157326269962924,-0.006573054924644106
baseline_last,y_TLT,10,2025-03-26,-0.0029157326269962924,-0.006573054924644106
baseline_last,y_TLT,11,2025-03-26,-0.0029157326269962924,-0.006573054924644106
baseline_last,y_TLT,9,2025-03-27,0.013834097889148023,-0.0029157326269962924
baseline_last,y_TLT,10,2025-03-27,0.013834097889148023,-0.0029157326269962924
baseline_last,y_TLT,11,2025-03-27,0.013834097889148023,-0.0029157326269962924
baseline_last,y_TLT,9,2025-03-31,0.008665418069222275,0.0
baseline_last,y_TLT,10,2025-03-31,0.008665418069222275,0.0
baseline_last,y_TLT,11,2025-03-31,0.008665418069222275,0.0
baseline_last,y_TLT,9,2025-04-01,-0.0006558949623377552,0.008665418069222275
baseline_last,y_TLT,10,2025-04-01,-0.0006558949623377552,0.008665418069222275
baseline_last,y_TLT,11,2025-04-01,-0.0006558949623377552,0.008665418069222275
baseline_last,y_TLT,9,2025-04-02,0.004593930562262649,-0.0006558949623377552
baseline_last,y_TLT,10,2025-04-02,0.004593930562262649,-0.0006558949623377552
baseline_last,y_TLT,11,2025-04-02,0.004593930562262649,-0.0006558949623377552
baseline_last,y_TLT,9,2025-04-03,0.0108872650056977,0.004593930562262649
baseline_last,y_TLT,10,2025-04-03,0.0108872650056977,0.004593930562262649
baseline_last,y_TLT,11,2025-04-03,0.0108872650056977,0.004593930562262649
baseline_last,y_TLT,9,2025-04-07,-0.018878307382398152,0.0
baseline_last,y_TLT,10,2025-04-07,-0.018878307382398152,0.0
baseline_last,y_TLT,11,2025-04-07,-0.018878307382398152,0.0
baseline_last,y_TLT,9,2025-04-08,0.005885640597837805,-0.018878307382398152
baseline_last,y_TLT,10,2025-04-08,0.005885640597837805,-0.018878307382398152
baseline_last,y_TLT,11,2025-04-08,0.005885640597837805,-0.018878307382398152
baseline_last,y_TLT,9,2025-04-09,-0.027568291218065366,0.005885640597837805
baseline_last,y_TLT,10,2025-04-09,-0.027568291218065366,0.005885640597837805
baseline_last,y_TLT,11,2025-04-09,-0.027568291218065366,0.005885640597837805
baseline_last,y_TLT,9,2025-04-10,0.005438529904652656,-0.027568291218065366
baseline_last,y_TLT,10,2025-04-10,0.005438529904652656,-0.027568291218065366
baseline_last,y_TLT,11,2025-04-10,0.005438529904652656,-0.027568291218065366
baseline_last,y_TLT,10,2025-04-14,0.0035424608283660675,0.0
baseline_last,y_TLT,11,2025-04-14,0.0035424608283660675,0.0
baseline_last,y_TLT,12,2025-04-14,0.0035424608283660675,0.0
baseline_last,y_TLT,10,2025-04-15,0.005579418358684363,0.0035424608283660675
baseline_last,y_TLT,11,2025-04-15,0.005579418358684363,0.0035424608283660675
baseline_last,y_TLT,12,2025-04-15,0.005579418358684363,0.0035424608283660675
baseline_last,y_TLT,10,2025-04-16,-0.008832236972302066,0.005579418358684363
baseline_last,y_TLT,11,2025-04-16,-0.008832236972302066,0.005579418358684363
baseline_last,y_TLT,12,2025-04-16,-0.008832236972302066,0.005579418358684363
baseline_last,y_TLT,10,2025-04-21,0.005581570122111801,0.0
baseline_last,y_TLT,11,2025-04-21,0.005581570122111801,0.0
baseline_last,y_TLT,12,2025-04-21,0.005581570122111801,0.0
baseline_last,y_TLT,10,2025-04-22,0.009713117600179011,0.005581570122111801
baseline_last,y_TLT,11,2025-04-22,0.009713117600179011,0.005581570122111801
baseline_last,y_TLT,12,2025-04-22,0.009713117600179011,0.005581570122111801
baseline_last,y_TLT,10,2025-04-23,0.010535879549711469,0.009713117600179011
baseline_last,y_TLT,11,2025-04-23,0.010535879549711469,0.009713117600179011
baseline_last,y_TLT,12,2025-04-23,0.010535879549711469,0.009713117600179011
baseline_last,y_TLT,10,2025-04-24,0.007366425803466248,0.010535879549711469
baseline_last,y_TLT,11,2025-04-24,0.007366425803466248,0.010535879549711469
baseline_last,y_TLT,12,2025-04-24,0.007366425803466248,0.010535879549711469
baseline_last,y_TLT,10,2025-04-28,0.008384512470155148,0.0
baseline_last,y_TLT,11,2025-04-28,0.008384512470155148,0.0
baseline_last,y_TLT,12,2025-04-28,0.008384512470155148,0.0
baseline_last,y_TLT,10,2025-04-29,-0.008093038502040129,0.008384512470155148
baseline_last,y_TLT,11,2025-04-29,-0.008093038502040129,0.008384512470155148
baseline_last,y_TLT,12,2025-04-29,-0.008093038502040129,0.008384512470155148
baseline_last,y_TLT,10,2025-04-30,-0.0050704962166168155,-0.008093038502040129
baseline_last,y_TLT,11,2025-04-30,-0.0050704962166168155,-0.008093038502040129
baseline_last,y_TLT,12,2025-04-30,-0.0050704962166168155,-0.008093038502040129
baseline_last,y_TLT,10,2025-05-01,-0.010824228216099074,-0.0050704962166168155
baseline_last,y_TLT,11,2025-05-01,-0.010824228216099074,-0.0050704962166168155
baseline_last,y_TLT,12,2025-05-01,-0.010824228216099074,-0.0050704962166168155
baseline_last,y_TLT,11,2025-05-05,0.0033242939368243185,0.0
baseline_last,y_TLT,12,2025-05-05,0.0033242939368243185,0.0
baseline_last,y_TLT,13,2025-05-05,0.0033242939368243185,0.0
baseline_last,y_TLT,11,2025-05-06,0.004227004051764238,0.0033242939368243185
baseline_last,y_TLT,12,2025-05-06,0.004227004051764238,0.0033242939368243185
baseline_last,y_TLT,13,2025-05-06,0.004227004051764238,0.0033242939368243185
baseline_last,y_TLT,11,2025-05-07,-0.011149048972256104,0.004227004051764238
baseline_last,y_TLT,12,2025-05-07,-0.011149048972256104,0.004227004051764238
baseline_last,y_TLT,13,2025-05-07,-0.011149048972256104,0.004227004051764238
baseline_last,y_TLT,11,2025-05-08,0.0014956210401326775,-0.011149048972256104
baseline_last,y_TLT,12,2025-05-08,0.0014956210401326775,-0.011149048972256104
baseline_last,y_TLT,13,2025-05-08,0.0014956210401326775,-0.011149048972256104
baseline_last,y_TLT,11,2025-05-12,-0.004058408185501183,0.0
baseline_last,y_TLT,12,2025-05-12,-0.004058408185501183,0.0
baseline_last,y_TLT,13,2025-05-12,-0.004058408185501183,0.0
baseline_last,y_TLT,11,2025-05-13,-0.006636243180125789,-0.004058408185501183
baseline_last,y_TLT,12,2025-05-13,-0.006636243180125789,-0.004058408185501183
baseline_last,y_TLT,13,2025-05-13,-0.006636243180125789,-0.004058408185501183
baseline_last,y_TLT,11,2025-05-14,0.008790242810072568,-0.006636243180125789
baseline_last,y_TLT,12,2025-05-14,0.008790242810072568,-0.006636243180125789
baseline_last,y_TLT,13,2025-05-14,0.008790242810072568,-0.006636243180125789
baseline_last,y_TLT,11,2025-05-15,0.002672358182987722,0.008790242810072568
baseline_last,y_TLT,12,2025-05-15,0.002672358182987722,0.008790242810072568
baseline_last,y_TLT,13,2025-05-15,0.002672358182987722,0.008790242810072568
baseline_last,y_TLT,11,2025-05-19,-0.007205297209197048,0.0
baseline_last,y_TLT,12,2025-05-19,-0.007205297209197048,0.0
baseline_last,y_TLT,13,2025-05-19,-0.007205297209197048,0.0
baseline_last,y_TLT,11,2025-05-20,-0.017089898713178342,-0.007205297209197048
baseline_last,y_TLT,12,2025-05-20,-0.017089898713178342,-0.007205297209197048
baseline_last,y_TLT,13,2025-05-20,-0.017089898713178342,-0.007205297209197048
baseline_last,y_TLT,11,2025-05-21,0.005239912235805777,-0.017089898713178342
baseline_last,y_TLT,12,2025-05-21,0.005239912235805777,-0.017089898713178342
baseline_last,y_TLT,13,2025-05-21,0.005239912235805777,-0.017089898713178342
baseline_last,y_TLT,11,2025-05-22,0.0016586137930580946,0.005239912235805777
baseline_last,y_TLT,12,2025-05-22,0.0016586137930580946,0.005239912235805777
baseline_last,y_TLT,13,2025-05-22,0.0016586137930580946,0.005239912235805777
baseline_last,y_TLT,12,2025-05-27,-0.004315755188378456,0.0
baseline_last,y_TLT,13,2025-05-27,-0.004315755188378456,0.0
baseline_last,y_TLT,14,2025-05-27,-0.004315755188378456,0.0
baseline_last,y_TLT,12,2025-05-28,0.009254831797722796,-0.004315755188378456
baseline_last,y_TLT,13,2025-05-28,0.009254831797722796,-0.004315755188378456
baseline_last,y_TLT,14,2025-05-28,0.009254831797722796,-0.004315755188378456
baseline_last,y_TLT,12,2025-05-29,0.001508988611063522,0.009254831797722796
baseline_last,y_TLT,13,2025-05-29,0.001508988611063522,0.009254831797722796
baseline_last,y_TLT,14,2025-05-29,0.001508988611063522,0.009254831797722796
baseline_last,y_TLT,12,2025-06-02,-0.00176124528866195,0.0
baseline_last,y_TLT,13,2025-06-02,-0.00176124528866195,0.0
baseline_last,y_TLT,14,2025-06-02,-0.00176124528866195,0.0
baseline_last,y_TLT,12,2025-06-03,0.01623323257324838,-0.00176124528866195
baseline_last,y_TLT,13,2025-06-03,0.01623323257324838,-0.00176124528866195
baseline_last,y_TLT,14,2025-06-03,0.01623323257324838,-0.00176124528866195
baseline_last,y_TLT,12,2025-06-04,0.0006944311332974795,0.01623323257324838
baseline_last,y_TLT,13,2025-06-04,0.0006944311332974795,0.01623323257324838
baseline_last,y_TLT,14,2025-06-04,0.0006944311332974795,0.01623323257324838
baseline_last,y_TLT,12,2025-06-05,-0.012723862020855292,0.0006944311332974795
baseline_last,y_TLT,13,2025-06-05,-0.012723862020855292,0.0006944311332974795
baseline_last,y_TLT,14,2025-06-05,-0.012723862020855292,0.0006944311332974795
baseline_last,y_TLT,12,2025-06-09,0.005149764384827948,0.0
baseline_last,y_TLT,13,2025-06-09,0.005149764384827948,0.0
baseline_last,y_TLT,14,2025-06-09,0.005149764384827948,0.0
baseline_last,y_TLT,12,2025-06-10,0.003027623043210248,0.005149764384827948
baseline_last,y_TLT,13,2025-06-10,0.003027623043210248,0.005149764384827948
baseline_last,y_TLT,14,2025-06-10,0.003027623043210248,0.005149764384827948
baseline_last,y_TLT,12,2025-06-11,0.01195722163239088,0.003027623043210248
baseline_last,y_TLT,13,2025-06-11,0.01195722163239088,0.003027623043210248
baseline_last,y_TLT,14,2025-06-11,0.01195722163239088,0.003027623043210248
baseline_last,y_TLT,12,2025-06-12,-0.009636128589180615,0.01195722163239088
baseline_last,y_TLT,13,2025-06-12,-0.009636128589180615,0.01195722163239088
baseline_last,y_TLT,14,2025-06-12,-0.009636128589180615,0.01195722163239088
baseline_last,y_TLT,13,2025-07-02,-0.006964968038882358,0.0
baseline_last,y_TLT,14,2025-07-02,-0.006964968038882358,0.0
baseline_last,y_TLT,15,2025-07-02,-0.006964968038882358,0.0
baseline_last,y_TLT,13,2025-07-07,-0.0012770891232737336,0.0
baseline_last,y_TLT,14,2025-07-07,-0.0012770891232737336,0.0
baseline_last,y_TLT,15,2025-07-07,-0.0012770891232737336,0.0
baseline_last,y_TLT,13,2025-07-08,0.010461541720878875,-0.0012770891232737336
baseline_last,y_TLT,14,2025-07-08,0.010461541720878875,-0.0012770891232737336
baseline_last,y_TLT,15,2025-07-08,0.010461541720878875,-0.0012770891232737336
baseline_last,y_TLT,13,2025-07-09,0.0006901732238093761,0.010461541720878875
baseline_last,y_TLT,14,2025-07-09,0.0006901732238093761,0.010461541720878875
baseline_last,y_TLT,15,2025-07-09,0.0006901732238093761,0.010461541720878875
baseline_last,y_TLT,13,2025-07-10,-0.013794576434968953,0.0006901732238093761
baseline_last,y_TLT,14,2025-07-10,-0.013794576434968953,0.0006901732238093761
baseline_last,y_TLT,15,2025-07-10,-0.013794576434968953,0.0006901732238093761
baseline_last,y_TLT,13,2025-07-14,-0.007008423634629279,0.0
baseline_last,y_TLT,14,2025-07-14,-0.007008423634629279,0.0
baseline_last,y_TLT,15,2025-07-14,-0.007008423634629279,0.0
baseline_last,y_TLT,13,2025-07-15,0.0014113373863384737,-0.007008423634629279
baseline_last,y_TLT,14,2025-07-15,0.0014113373863384737,-0.007008423634629279
baseline_last,y_TLT,15,2025-07-15,0.0014113373863384737,-0.007008423634629279
baseline_last,y_TLT,13,2025-07-16,-0.00023486062567612542,0.0014113373863384737
baseline_last,y_TLT,14,2025-07-16,-0.00023486062567612542,0.0014113373863384737
baseline_last,y_TLT,15,2025-07-16,-0.00023486062567612542,0.0014113373863384737
baseline_last,y_TLT,13,2025-07-17,0.001527460364535882,-0.00023486062567612542
baseline_last,y_TLT,14,2025-07-17,0.001527460364535882,-0.00023486062567612542
baseline_last,y_TLT,15,2025-07-17,0.001527460364535882,-0.00023486062567612542
baseline_last,y_TLT,13,2025-07-21,0.006046519955589469,0.0
baseline_last,y_TLT,14,2025-07-21,0.006046519955589469,0.0
baseline_last,y_TLT,15,2025-07-21,0.006046519955589469,0.0
baseline_last,y_TLT,13,2025-07-22,-0.005547822879723108,0.006046519955589469
baseline_last,y_TLT,14,2025-07-22,-0.005547822879723108,0.006046519955589469
baseline_last,y_TLT,15,2025-07-22,-0.005547822879723108,0.006046519955589469
baseline_last,y_TLT,13,2025-07-23,-0.0017434178989321758,-0.005547822879723108
baseline_last,y_TLT,14,2025-07-23,-0.0017434178989321758,-0.005547822879723108
baseline_last,y_TLT,15,2025-07-23,-0.0017434178989321758,-0.005547822879723108
baseline_last,y_TLT,14,2025-07-24,0.006287137714630964,-0.0017434178989321758
baseline_last,y_TLT,15,2025-07-24,0.006287137714630964,-0.0017434178989321758
baseline_last,y_TLT,16,2025-07-24,0.006287137714630964,-0.0017434178989321758
baseline_last,y_TLT,14,2025-07-28,0.01688600885053715,0.0
baseline_last,y_TLT,15,2025-07-28,0.01688600885053715,0.0
baseline_last,y_TLT,16,2025-07-28,0.01688600885053715,0.0
baseline_last,y_TLT,14,2025-07-29,-0.005153495089195381,0.01688600885053715
baseline_last,y_TLT,15,2025-07-29,-0.005153495089195381,0.01688600885053715
baseline_last,y_TLT,16,2025-07-29,-0.005153495089195381,0.01688600885053715
baseline_last,y_TLT,14,2025-07-30,0.0005755265561553369,-0.005153495089195381
baseline_last,y_TLT,15,2025-07-30,0.0005755265561553369,-0.005153495089195381
baseline_last,y_TLT,16,2025-07-30,0.0005755265561553369,-0.005153495089195381
baseline_last,y_TLT,14,2025-07-31,0.014216656736620426,0.0005755265561553369
baseline_last,y_TLT,15,2025-07-31,0.014216656736620426,0.0005755265561553369
baseline_last,y_TLT,16,2025-07-31,0.014216656736620426,0.0005755265561553369
baseline_last,y_TLT,14,2025-08-04,0.003066025893116997,0.0
baseline_last,y_TLT,15,2025-08-04,0.003066025893116997,0.0
baseline_last,y_TLT,16,2025-08-04,0.003066025893116997,0.0
baseline_last,y_TLT,14,2025-08-05,-0.005773788280607928,0.003066025893116997
baseline_last,y_TLT,15,2025-08-05,-0.005773788280607928,0.003066025893116997
baseline_last,y_TLT,16,2025-08-05,-0.005773788280607928,0.003066025893116997
baseline_last,y_TLT,14,2025-08-06,-0.0017081711500515073,-0.005773788280607928
baseline_last,y_TLT,15,2025-08-06,-0.0017081711500515073,-0.005773788280607928
baseline_last,y_TLT,16,2025-08-06,-0.0017081711500515073,-0.005773788280607928
baseline_last,y_TLT,14,2025-08-07,-0.00433424178665065,-0.0017081711500515073
baseline_last,y_TLT,15,2025-08-07,-0.00433424178665065,-0.0017081711500515073
baseline_last,y_TLT,16,2025-08-07,-0.00433424178665065,-0.0017081711500515073
baseline_last,y_TLT,14,2025-08-11,-0.005035008997963941,0.0
baseline_last,y_TLT,15,2025-08-11,-0.005035008997963941,0.0
baseline_last,y_TLT,16,2025-08-11,-0.005035008997963941,0.0
baseline_last,y_TLT,14,2025-08-12,0.008280504963370516,-0.005035008997963941
baseline_last,y_TLT,15,2025-08-12,0.008280504963370516,-0.005035008997963941
baseline_last,y_TLT,16,2025-08-12,0.008280504963370516,-0.005035008997963941
baseline_last,y_TLT,15,2025-08-13,-0.007413996727425598,0.008280504963370516
baseline_last,y_TLT,16,2025-08-13,-0.007413996727425598,0.008280504963370516
baseline_last,y_TLT,17,2025-08-13,-0.007413996727425598,0.008280504963370516
baseline_last,y_TLT,15,2025-08-14,-0.00712483351900417,-0.007413996727425598
baseline_last,y_TLT,16,2025-08-14,-0.00712483351900417,-0.007413996727425598
baseline_last,y_TLT,17,2025-08-14,-0.00712483351900417,-0.007413996727425598
baseline_last,y_TLT,15,2025-08-18,0.005803885202822601,0.0
baseline_last,y_TLT,16,2025-08-18,0.005803885202822601,0.0
baseline_last,y_TLT,17,2025-08-18,0.005803885202822601,0.0
baseline_last,y_TLT,15,2025-08-19,0.002192585527635016,0.005803885202822601
baseline_last,y_TLT,16,2025-08-19,0.002192585527635016,0.005803885202822601
baseline_last,y_TLT,17,2025-08-19,0.002192585527635016,0.005803885202822601
baseline_last,y_TLT,15,2025-08-20,-0.004951633613719197,0.002192585527635016
baseline_last,y_TLT,16,2025-08-20,-0.004951633613719197,0.002192585527635016
baseline_last,y_TLT,17,2025-08-20,-0.004951633613719197,0.002192585527635016
baseline_last,y_TLT,15,2025-08-21,0.007406627835110591,-0.004951633613719197
baseline_last,y_TLT,16,2025-08-21,0.007406627835110591,-0.004951633613719197
baseline_last,y_TLT,17,2025-08-21,0.007406627835110591,-0.004951633613719197
baseline_last,y_TLT,15,2025-08-25,-0.0005759611938481735,0.0
baseline_last,y_TLT,16,2025-08-25,-0.0005759611938481735,0.0
baseline_last,y_TLT,17,2025-08-25,-0.0005759611938481735,0.0
baseline_last,y_TLT,15,2025-08-26,-0.0011526764475914275,-0.0005759611938481735
baseline_last,y_TLT,16,2025-08-26,-0.0011526764475914275,-0.0005759611938481735
baseline_last,y_TLT,17,2025-08-26,-0.0011526764475914275,-0.0005759611938481735
baseline_last,y_TLT,15,2025-08-27,0.006578117859149302,-0.0011526764475914275
baseline_last,y_TLT,16,2025-08-27,0.006578117859149302,-0.0011526764475914275
baseline_last,y_TLT,17,2025-08-27,0.006578117859149302,-0.0011526764475914275
baseline_last,y_TLT,15,2025-08-28,-0.007108406405488821,0.006578117859149302
baseline_last,y_TLT,16,2025-08-28,-0.007108406405488821,0.006578117859149302
baseline_last,y_TLT,17,2025-08-28,-0.007108406405488821,0.006578117859149302
baseline_last,y_TLT,15,2025-09-02,0.010977384762771436,0.0
baseline_last,y_TLT,16,2025-09-02,0.010977384762771436,0.0
baseline_last,y_TLT,17,2025-09-02,0.010977384762771436,0.0
baseline_last,y_TLT,16,2025-09-03,0.007623860604202726,0.010977384762771436
baseline_last,y_TLT,17,2025-09-03,0.007623860604202726,0.010977384762771436
baseline_last,y_TLT,18,2025-09-03,0.007623860604202726,0.010977384762771436
baseline_last,y_TLT,16,2025-09-04,0.015247205909363792,0.007623860604202726
baseline_last,y_TLT,17,2025-09-04,0.015247205909363792,0.007623860604202726
baseline_last,y_TLT,18,2025-09-04,0.015247205909363792,0.007623860604202726
baseline_last,y_TLT,16,2025-09-08,-0.0056830043739143354,0.0
baseline_last,y_TLT,17,2025-09-08,-0.0056830043739143354,0.0
baseline_last,y_TLT,18,2025-09-08,-0.0056830043739143354,0.0
baseline_last,y_TLT,16,2025-09-09,0.005715485503027029,-0.0056830043739143354
baseline_last,y_TLT,17,2025-09-09,0.005715485503027029,-0.0056830043739143354
baseline_last,y_TLT,18,2025-09-09,0.005715485503027029,-0.0056830043739143354
baseline_last,y_TLT,16,2025-09-10,0.006685846614571167,0.005715485503027029
baseline_last,y_TLT,17,2025-09-10,0.006685846614571167,0.005715485503027029
baseline_last,y_TLT,18,2025-09-10,0.006685846614571167,0.005715485503027029
baseline_last,y_TLT,16,2025-09-11,-0.004316903394000371,0.006685846614571167
baseline_last,y_TLT,17,2025-09-11,-0.004316903394000371,0.006685846614571167
baseline_last,y_TLT,18,2025-09-11,-0.004316903394000371,0.006685846614571167
baseline_last,y_TLT,16,2025-09-15,0.002107460692758023,0.0
baseline_last,y_TLT,17,2025-09-15,0.002107460692758023,0.0
baseline_last,y_TLT,18,2025-09-15,0.002107460692758023,0.0
baseline_last,y_TLT,16,2025-09-16,-0.002545707930905805,0.002107460692758023
baseline_last,y_TLT,17,2025-09-16,-0.002545707930905805,0.002107460692758023
baseline_last,y_TLT,18,2025-09-16,-0.002545707930905805,0.002107460692758023
baseline_last,y_TLT,16,2025-09-17,-0.010319642904106807,-0.002545707930905805
baseline_last,y_TLT,17,2025-09-17,-0.010319642904106807,-0.002545707930905805
baseline_last,y_TLT,18,2025-09-17,-0.010319642904106807,-0.002545707930905805
baseline_last,y_TLT,16,2025-09-18,-0.001905987540450016,-0.010319642904106807
baseline_last,y_TLT,17,2025-09-18,-0.001905987540450016,-0.010319642904106807
baseline_last,y_TLT,18,2025-09-18,-0.001905987540450016,-0.010319642904106807
baseline_last,y_TLT,16,2025-09-22,0.006989782446735093,0.0
baseline_last,y_TLT,17,2025-09-22,0.006989782446735093,0.0
baseline_last,y_TLT,18,2025-09-22,0.006989782446735093,0.0
baseline_last,y_TLT,17,2025-09-23,-0.003806426688141684,0.006989782446735093
baseline_last,y_TLT,18,2025-09-23,-0.003806426688141684,0.006989782446735093
baseline_last,y_TLT,19,2025-09-23,-0.003806426688141684,0.006989782446735093
baseline_last,y_TLT,17,2025-09-24,0.0,-0.003806426688141684
baseline_last,y_TLT,18,2025-09-24,0.0,-0.003806426688141684
baseline_last,y_TLT,19,2025-09-24,0.0,-0.003806426688141684
baseline_last,y_TLT,17,2025-09-25,-0.0008991653761573071,0.0
baseline_last,y_TLT,18,2025-09-25,-0.0008991653761573071,0.0
baseline_last,y_TLT,19,2025-09-25,-0.0008991653761573071,0.0
baseline_last,y_TLT,17,2025-09-29,-0.0029007906629126,0.0
baseline_last,y_TLT,18,2025-09-29,-0.0029007906629126,0.0
baseline_last,y_TLT,19,2025-09-29,-0.0029007906629126,0.0
baseline_last,y_TLT,17,2025-09-30,0.0025825215208672425,-0.0029007906629126
baseline_last,y_TLT,18,2025-09-30,0.0025825215208672425,-0.0029007906629126
baseline_last,y_TLT,19,2025-09-30,0.0025825215208672425,-0.0029007906629126
baseline_last,y_TLT,17,2025-10-01,0.0029120035613003914,0.0025825215208672425
baseline_last,y_TLT,18,2025-10-01,0.0029120035613003914,0.0025825215208672425
baseline_last,y_TLT,19,2025-10-01,0.0029120035613003914,0.0025825215208672425
baseline_last,y_TLT,17,2025-10-02,-0.001898507335264199,0.0029120035613003914
baseline_last,y_TLT,18,2025-10-02,-0.001898507335264199,0.0029120035613003914
baseline_last,y_TLT,19,2025-10-02,-0.001898507335264199,0.0029120035613003914
baseline_last,y_TLT,17,2025-10-06,0.0057516973956313056,0.0
baseline_last,y_TLT,18,2025-10-06,0.0057516973956313056,0.0
baseline_last,y_TLT,19,2025-10-06,0.0057516973956313056,0.0
baseline_last,y_TLT,17,2025-10-07,0.0007848741705307472,0.0057516973956313056
baseline_last,y_TLT,18,2025-10-07,0.0007848741705307472,0.0057516973956313056
baseline_last,y_TLT,19,2025-10-07,0.0007848741705307472,0.0057516973956313056
baseline_last,y_TLT,17,2025-10-08,-0.0007842586261920248,0.0007848741705307472
baseline_last,y_TLT,18,2025-10-08,-0.0007842586261920248,0.0007848741705307472
baseline_last,y_TLT,19,2025-10-08,-0.0007842586261920248,0.0007848741705307472
baseline_last,y_TLT,17,2025-10-09,0.016147202632312396,-0.0007842586261920248
baseline_last,y_TLT,18,2025-10-09,0.016147202632312396,-0.0007842586261920248
baseline_last,y_TLT,19,2025-10-09,0.016147202632312396,-0.0007842586261920248
baseline_last,y_TLT,18,2025-10-13,0.00320188958237666,0.0
baseline_last,y_TLT,19,2025-10-13,0.00320188958237666,0.0
baseline_last,y_TLT,20,2025-10-13,0.00320188958237666,0.0
baseline_last,y_TLT,18,2025-10-14,-0.0022011194318288796,0.00320188958237666
baseline_last,y_TLT,19,2025-10-14,-0.0022011194318288796,0.00320188958237666
baseline_last,y_TLT,20,2025-10-14,-0.0022011194318288796,0.00320188958237666
baseline_last,y_TLT,18,2025-10-15,0.007500537974762134,-0.0022011194318288796
baseline_last,y_TLT,19,2025-10-15,0.007500537974762134,-0.0022011194318288796
baseline_last,y_TLT,20,2025-10-15,0.007500537974762134,-0.0022011194318288796
baseline_last,y_TLT,18,2025-10-16,-0.0015328821987558028,0.007500537974762134
baseline_last,y_TLT,19,2025-10-16,-0.0015328821987558028,0.007500537974762134
baseline_last,y_TLT,20,2025-10-16,-0.0015328821987558028,0.007500537974762134
baseline_last,y_TLT,18,2025-10-20,0.004915340872299723,0.0
baseline_last,y_TLT,19,2025-10-20,0.004915340872299723,0.0
baseline_last,y_TLT,20,2025-10-20,0.004915340872299723,0.0
baseline_last,y_TLT,18,2025-10-21,0.0006521280893743153,0.004915340872299723
baseline_last,y_TLT,19,2025-10-21,0.0006521280893743153,0.004915340872299723
baseline_last,y_TLT,20,2025-10-21,0.0006521280893743153,0.004915340872299723
baseline_last,y_TLT,18,2025-10-22,-0.006843220085080759,0.0006521280893743153
baseline_last,y_TLT,19,2025-10-22,-0.006843220085080759,0.0006521280893743153
baseline_last,y_TLT,20,2025-10-22,-0.006843220085080759,0.0006521280893743153
baseline_last,y_TLT,18,2025-10-23,0.00043746238167674534,-0.006843220085080759
baseline_last,y_TLT,19,2025-10-23,0.00043746238167674534,-0.006843220085080759
baseline_last,y_TLT,20,2025-10-23,0.00043746238167674534,-0.006843220085080759
baseline_last,y_TLT,18,2025-10-27,0.0026148494906041986,0.0
baseline_last,y_TLT,19,2025-10-27,0.0026148494906041986,0.0
baseline_last,y_TLT,20,2025-10-27,0.0026148494906041986,0.0
baseline_last,y_TLT,18,2025-10-28,-0.010106464087642153,0.0026148494906041986
baseline_last,y_TLT,19,2025-10-28,-0.010106464087642153,0.0026148494906041986
baseline_last,y_TLT,20,2025-10-28,-0.010106464087642153,0.0026148494906041986
baseline_last,y_TLT,18,2025-10-29,-0.005818438879822585,-0.010106464087642153
baseline_last,y_TLT,19,2025-10-29,-0.005818438879822585,-0.010106464087642153
baseline_last,y_TLT,20,2025-10-29,-0.005818438879822585,-0.010106464087642153
baseline_last,y_TLT,18,2025-10-30,-0.0029814108591097455,-0.005818438879822585
baseline_last,y_TLT,19,2025-10-30,-0.0029814108591097455,-0.005818438879822585
baseline_last,y_TLT,20,2025-10-30,-0.0029814108591097455,-0.005818438879822585
baseline_last,y_TLT,19,2025-11-03,0.0022287640478515502,0.0
baseline_last,y_TLT,20,2025-11-03,0.0022287640478515502,0.0
baseline_last,y_TLT,21,2025-11-03,0.0022287640478515502,0.0
baseline_last,y_TLT,19,2025-11-04,-0.010896192955859307,0.0022287640478515502
baseline_last,y_TLT,20,2025-11-04,-0.010896192955859307,0.0022287640478515502
baseline_last,y_TLT,21,2025-11-04,-0.010896192955859307,0.0022287640478515502
baseline_last,y_TLT,19,2025-11-05,0.008992787599684027,-0.010896192955859307
baseline_last,y_TLT,20,2025-11-05,0.008992787599684027,-0.010896192955859307
baseline_last,y_TLT,21,2025-11-05,0.008992787599684027,-0.010896192955859307
baseline_last,y_TLT,19,2025-11-06,-0.0021167504796820724,0.008992787599684027
baseline_last,y_TLT,20,2025-11-06,-0.0021167504796820724,0.008992787599684027
baseline_last,y_TLT,21,2025-11-06,-0.0021167504796820724,0.008992787599684027
baseline_last,y_TLT,19,2025-11-10,0.004578504336231415,0.0
baseline_last,y_TLT,20,2025-11-10,0.004578504336231415,0.0
baseline_last,y_TLT,21,2025-11-10,0.004578504336231415,0.0
baseline_last,y_TLT,19,2025-11-11,0.0017784956664927964,0.004578504336231415
baseline_last,y_TLT,20,2025-11-11,0.0017784956664927964,0.004578504336231415
baseline_last,y_TLT,21,2025-11-11,0.0017784956664927964,0.004578504336231415
baseline_last,y_TLT,19,2025-11-12,-0.008211293683568655,0.0017784956664927964
baseline_last,y_TLT,20,2025-11-12,-0.008211293683568655,0.0017784956664927964
baseline_last,y_TLT,21,2025-11-12,-0.008211293683568655,0.0017784956664927964
baseline_last,y_TLT,19,2025-11-13,-0.005705996575483985,-0.008211293683568655
baseline_last,y_TLT,20,2025-11-13,-0.005705996575483985,-0.008211293683568655
baseline_last,y_TLT,21,2025-11-13,-0.005705996575483985,-0.008211293683568655
baseline_last,y_TLT,19,2025-11-17,-0.0003367190030822975,0.0
baseline_last,y_TLT,20,2025-11-17,-0.0003367190030822975,0.0
baseline_last,y_TLT,21,2025-11-17,-0.0003367190030822975,0.0
baseline_last,y_TLT,19,2025-11-18,-0.002021081450251816,-0.0003367190030822975
baseline_last,y_TLT,20,2025-11-18,-0.002021081450251816,-0.0003367190030822975
baseline_last,y_TLT,21,2025-11-18,-0.002021081450251816,-0.0003367190030822975
baseline_last,y_TLT,19,2025-11-19,0.003937902197598708,-0.002021081450251816
baseline_last,y_TLT,20,2025-11-19,0.003937902197598708,-0.002021081450251816
baseline_last,y_TLT,21,2025-11-19,0.003937902197598708,-0.002021081450251816
baseline_last,y_TLT,19,2025-11-20,0.0030258896321135875,0.003937902197598708
baseline_last,y_TLT,20,2025-11-20,0.0030258896321135875,0.003937902197598708
baseline_last,y_TLT,21,2025-11-20,0.0030258896321135875,0.003937902197598708
baseline_last,y_TLT,20,2025-11-24,0.0025552694196606662,0.0
baseline_last,y_TLT,21,2025-11-24,0.0025552694196606662,0.0
baseline_last,y_TLT,22,2025-11-24,0.0025552694196606662,0.0
baseline_last,y_TLT,20,2025-11-25,0.004432486001140656,0.0025552694196606662
baseline_last,y_TLT,21,2025-11-25,0.004432486001140656,0.0025552694196606662
baseline_last,y_TLT,22,2025-11-25,0.004432486001140656,0.0025552694196606662
baseline_last,y_TLT,20,2025-12-01,0.00045047996450375827,0.0
baseline_last,y_TLT,21,2025-12-01,0.00045047996450375827,0.0
baseline_last,y_TLT,22,2025-12-01,0.00045047996450375827,0.0
baseline_last,y_TLT,20,2025-12-02,0.00281501375412474,0.00045047996450375827
baseline_last,y_TLT,21,2025-12-02,0.00281501375412474,0.00045047996450375827
baseline_last,y_TLT,22,2025-12-02,0.00281501375412474,0.00045047996450375827
baseline_last,y_TLT,20,2025-12-03,-0.005389543589051082,0.00281501375412474
baseline_last,y_TLT,21,2025-12-03,-0.005389543589051082,0.00281501375412474
baseline_last,y_TLT,22,2025-12-03,-0.005389543589051082,0.00281501375412474
baseline_last,y_TLT,20,2025-12-04,-0.004628630173311277,-0.005389543589051082
baseline_last,y_TLT,21,2025-12-04,-0.004628630173311277,-0.005389543589051082
baseline_last,y_TLT,22,2025-12-04,-0.004628630173311277,-0.005389543589051082
baseline_last,y_TLT,20,2025-12-08,0.001024108283190106,0.0
baseline_last,y_TLT,21,2025-12-08,0.001024108283190106,0.0
baseline_last,y_TLT,22,2025-12-08,0.001024108283190106,0.0
baseline_last,y_TLT,20,2025-12-09,0.003865041590169538,0.001024108283190106
baseline_last,y_TLT,21,2025-12-09,0.003865041590169538,0.001024108283190106
baseline_last,y_TLT,22,2025-12-09,0.003865041590169538,0.001024108283190106
baseline_last,y_TLT,20,2025-12-10,-0.0013588288146481053,0.003865041590169538
baseline_last,y_TLT,21,2025-12-10,-0.0013588288146481053,0.003865041590169538
baseline_last,y_TLT,22,2025-12-10,-0.0013588288146481053,0.003865041590169538
baseline_last,y_TLT,20,2025-12-11,-0.009638367263681946,-0.0013588288146481053
baseline_last,y_TLT,21,2025-12-11,-0.009638367263681946,-0.0013588288146481053
baseline_last,y_TLT,22,2025-12-11,-0.009638367263681946,-0.0013588288146481053
baseline_last,y_TLT,21,2025-12-15,0.005491907150900088,0.0
baseline_last,y_TLT,22,2025-12-15,0.005491907150900088,0.0
baseline_last,y_TLT,23,2025-12-15,0.005491907150900088,0.0
baseline_last,y_TLT,21,2025-12-16,-0.0009103477333474164,0.005491907150900088
baseline_last,y_TLT,22,2025-12-16,-0.0009103477333474164,0.005491907150900088
baseline_last,y_TLT,23,2025-12-16,-0.0009103477333474164,0.005491907150900088
baseline_last,y_TLT,21,2025-12-17,0.004783702377240351,-0.0009103477333474164
baseline_last,y_TLT,22,2025-12-17,0.004783702377240351,-0.0009103477333474164
baseline_last,y_TLT,23,2025-12-17,0.004783702377240351,-0.0009103477333474164
baseline_last,y_TLT,21,2025-12-18,-0.0037324594473431283,0.004783702377240351
baseline_last,y_TLT,22,2025-12-18,-0.0037324594473431283,0.004783702377240351
baseline_last,y_TLT,23,2025-12-18,-0.0037324594473431283,0.004783702377240351
baseline_last,y_TLT,21,2025-12-23,0.006057222153968311,0.0
baseline_last,y_TLT,22,2025-12-23,0.006057222153968311,0.0
baseline_last,y_TLT,23,2025-12-23,0.006057222153968311,0.0
baseline_last,y_TLT,21,2025-12-29,-0.0023846097872392003,0.0
baseline_last,y_TLT,22,2025-12-29,-0.0023846097872392003,0.0
baseline_last,y_TLT,23,2025-12-29,-0.0023846097872392003,0.0
baseline_last,y_TLT,21,2025-12-30,-0.007967145244616503,-0.0023846097872392003
baseline_last,y_TLT,22,2025-12-30,-0.007967145244616503,-0.0023846097872392003
baseline_last,y_TLT,23,2025-12-30,-0.007967145244616503,-0.0023846097872392003
baseline_last,y_TLT,22,2026-01-05,-0.002058156947074785,0.0
baseline_last,y_TLT,23,2026-01-05,-0.002058156947074785,0.0
baseline_last,y_TLT,24,2026-01-05,-0.002058156947074785,0.0
baseline_last,y_TLT,22,2026-01-06,0.0058433247330964555,-0.002058156947074785
baseline_last,y_TLT,23,2026-01-06,0.0058433247330964555,-0.002058156947074785
baseline_last,y_TLT,24,2026-01-06,0.0058433247330964555,-0.002058156947074785
baseline_last,y_TLT,22,2026-01-07,-0.0050120026531351725,0.0058433247330964555
baseline_last,y_TLT,23,2026-01-07,-0.0050120026531351725,0.0058433247330964555
baseline_last,y_TLT,24,2026-01-07,-0.0050120026531351725,0.0058433247330964555
baseline_last,y_TLT,22,2026-01-08,0.006639946543332664,-0.0050120026531351725
baseline_last,y_TLT,23,2026-01-08,0.006639946543332664,-0.0050120026531351725
baseline_last,y_TLT,24,2026-01-08,0.006639946543332664,-0.0050120026531351725
baseline_last,y_TLT,22,2026-01-12,0.0017109640797461356,0.0
baseline_last,y_TLT,23,2026-01-12,0.0017109640797461356,0.0
baseline_last,y_TLT,24,2026-01-12,0.0017109640797461356,0.0
baseline_last,y_TLT,22,2026-01-13,0.005807394216650108,0.0017109640797461356
baseline_last,y_TLT,23,2026-01-13,0.005807394216650108,0.0017109640797461356
baseline_last,y_TLT,24,2026-01-13,0.005807394216650108,0.0017109640797461356
baseline_last,y_TLT,22,2026-01-14,-0.00022644135621230355,0.005807394216650108
baseline_last,y_TLT,23,2026-01-14,-0.00022644135621230355,0.005807394216650108
baseline_last,y_TLT,24,2026-01-14,-0.00022644135621230355,0.005807394216650108
baseline_last,y_TLT,22,2026-01-15,-0.005775170854895317,-0.00022644135621230355
baseline_last,y_TLT,23,2026-01-15,-0.005775170854895317,-0.00022644135621230355
baseline_last,y_TLT,24,2026-01-15,-0.005775170854895317,-0.00022644135621230355
baseline_last,y_TLT,22,2026-01-21,0.004352296548640222,0.0
baseline_last,y_TLT,23,2026-01-21,0.004352296548640222,0.0
baseline_last,y_TLT,24,2026-01-21,0.004352296548640222,0.0
baseline_last,y_TLT,22,2026-01-22,0.002736865534053834,0.004352296548640222
baseline_last,y_TLT,23,2026-01-22,0.002736865534053834,0.004352296548640222
baseline_last,y_TLT,24,2026-01-22,0.002736865534053834,0.004352296548640222
baseline_last,y_TLT,23,2026-01-26,-0.006225249724905124,0.0
baseline_last,y_TLT,24,2026-01-26,-0.006225249724905124,0.0
baseline_last,y_TLT,23,2026-01-27,-0.0022779077170819173,-0.006225249724905124
baseline_last,y_TLT,24,2026-01-27,-0.0022779077170819173,-0.006225249724905124
baseline_last,y_TLT,23,2026-01-28,0.00022832838621833496,-0.0022779077170819173
baseline_last,y_TLT,24,2026-01-28,0.00022832838621833496,-0.0022779077170819173
baseline_last,y_TLT,23,2026-01-29,-0.005592373836365461,0.00022832838621833496
baseline_last,y_TLT,24,2026-01-29,-0.005592373836365461,0.00022832838621833496
baseline_last,y_TLT,23,2026-02-02,0.0024263524124314984,0.0
baseline_last,y_TLT,24,2026-02-02,0.0024263524124314984,0.0
baseline_last,y_TLT,23,2026-02-03,-0.0025357950217211878,0.0024263524124314984
baseline_last,y_TLT,24,2026-02-03,-0.0025357950217211878,0.0024263524124314984
baseline_last,y_TLT,23,2026-02-04,0.010862088013517734,-0.0025357950217211878
baseline_last,y_TLT,24,2026-02-04,0.010862088013517734,-0.0025357950217211878
baseline_last,y_TLT,23,2026-02-05,0.0006858486703522626,0.010862088013517734
baseline_last,y_TLT,24,2026-02-05,0.0006858486703522626,0.010862088013517734
baseline_last,y_TLT,23,2026-02-09,0.011540222236566144,0.0
baseline_last,y_TLT,24,2026-02-09,0.011540222236566144,0.0
baseline_last,y_TLT,23,2026-02-10,-0.005308963519119914,0.011540222236566144
baseline_last,y_TLT,24,2026-02-10,-0.005308963519119914,0.011540222236566144
baseline_last,y_TLT,23,2026-02-11,0.013286484481064065,-0.005308963519119914
baseline_last,y_TLT,24,2026-02-11,0.013286484481064065,-0.005308963519119914
baseline_last,y_TLT,23,2026-02-12,0.005491390299201537,0.013286484481064065
baseline_last,y_TLT,24,2026-02-12,0.005491390299201537,0.013286484481064065
baseline_last,y_TLT,24,2026-02-17,-0.003783260895432794,0.0
baseline_last,y_TLT,24,2026-02-18,0.001005302332834912,-0.003783260895432794
baseline_last,y_TLT,24,2026-02-19,-0.0023432357836378204,0.001005302332834912
baseline_last,y_TLT,24,2026-02-23,0.0017830125807176689,0.0
baseline_last,y_TLT,24,2026-02-24,0.00011128783956837474,0.0017830125807176689
baseline_last,y_TLT,24,2026-02-25,0.004003873101027233,0.00011128783956837474
baseline_last,y_TLT,24,2026-02-26,0.006092860344002027,0.004003873101027233
baseline_last,y_TLT,24,2026-03-02,-0.0020087077775891027,0.0
baseline_last,y_TLT,24,2026-03-03,-0.003130926739812079,-0.0020087077775891027
baseline_last,y_TLT,24,2026-03-04,-0.004038144746941641,-0.003130926739812079
baseline_last,y_TLT,24,2026-03-05,-0.003716655340150754,-0.004038144746941641
baseline_last,y_UUP,0,2024-08-05,0.0031678691271028736,0.0
baseline_last,y_UUP,0,2024-08-06,0.0021053400598705085,0.0031678691271028736
baseline_last,y_UUP,0,2024-08-07,0.00140053909530935,0.0021053400598705085
baseline_last,y_UUP,0,2024-08-08,-0.0010489893071279344,0.00140053909530935
baseline_last,y_UUP,0,2024-08-12,-0.005250237737016383,0.0
baseline_last,y_UUP,0,2024-08-13,0.0010556331662778806,-0.005250237737016383
baseline_last,y_UUP,0,2024-08-14,0.0035149216787224713,0.0010556331662778806
baseline_last,y_UUP,0,2024-08-15,-0.004903712154580742,0.0035149216787224713
baseline_last,y_UUP,0,2024-08-19,-0.003538626535241951,0.0
baseline_last,y_UUP,0,2024-08-20,-0.003195993064965208,-0.003538626535241951
baseline_last,y_UUP,0,2024-08-21,0.004631301106177377,-0.003195993064965208
baseline_last,y_UUP,0,2024-08-22,-0.00851072944336928,0.004631301106177377
baseline_last,y_UUP,0,2024-08-26,-0.003211961501488503,0.0
baseline_last,y_UUP,1,2024-08-26,-0.003211961501488503,0.0
baseline_last,y_UUP,0,2024-08-27,0.0057285946796914455,-0.003211961501488503
baseline_last,y_UUP,1,2024-08-27,0.0057285946796914455,-0.003211961501488503
baseline_last,y_UUP,0,2024-08-28,0.0035599688300904653,0.0057285946796914455
baseline_last,y_UUP,1,2024-08-28,0.0035599688300904653,0.0057285946796914455
baseline_last,y_UUP,0,2024-08-29,0.002837916204430524,0.0035599688300904653
baseline_last,y_UUP,1,2024-08-29,0.002837916204430524,0.0035599688300904653
baseline_last,y_UUP,0,2024-09-03,-0.004943537525047281,0.0
baseline_last,y_UUP,1,2024-09-03,-0.004943537525047281,0.0
baseline_last,y_UUP,0,2024-09-04,-0.0014194250768803096,-0.004943537525047281
baseline_last,y_UUP,1,2024-09-04,-0.0014194250768803096,-0.004943537525047281
baseline_last,y_UUP,0,2024-09-05,0.001421442708305909,-0.0014194250768803096
baseline_last,y_UUP,1,2024-09-05,0.001421442708305909,-0.0014194250768803096
baseline_last,y_UUP,0,2024-09-09,0.0003533698120341544,0.0
baseline_last,y_UUP,1,2024-09-09,0.0003533698120341544,0.0
baseline_last,y_UUP,0,2024-09-10,0.0010598077767638436,0.0003533698120341544
baseline_last,y_UUP,1,2024-09-10,0.0010598077767638436,0.0003533698120341544
baseline_last,y_UUP,0,2024-09-11,-0.0042343793838367505,0.0010598077767638436
baseline_last,y_UUP,1,2024-09-11,-0.0042343793838367505,0.0010598077767638436
baseline_last,y_UUP,0,2024-09-12,-0.0014174131650894761,-0.0042343793838367505
baseline_last,y_UUP,1,2024-09-12,-0.0014174131650894761,-0.0042343793838367505
baseline_last,y_UUP,2,2024-09-12,-0.0014174131650894761,-0.0042343793838367505
baseline_last,y_UUP,0,2024-09-16,0.003203957269218627,0.0
baseline_last,y_UUP,1,2024-09-16,0.003203957269218627,0.0
baseline_last,y_UUP,2,2024-09-16,0.003203957269218627,0.0
baseline_last,y_UUP,0,2024-09-17,0.001064623673856513,0.003203957269218627
baseline_last,y_UUP,1,2024-09-17,0.001064623673856513,0.003203957269218627
baseline_last,y_UUP,2,2024-09-17,0.001064623673856513,0.003203957269218627
baseline_last,y_UUP,0,2024-09-18,-0.004253819668445957,0.001064623673856513
baseline_last,y_UUP,1,2024-09-18,-0.004253819668445957,0.001064623673856513
baseline_last,y_UUP,2,2024-09-18,-0.004253819668445957,0.001064623673856513
baseline_last,y_UUP,0,2024-09-19,0.0017799844150452326,-0.004253819668445957
baseline_last,y_UUP,1,2024-09-19,0.0017799844150452326,-0.004253819668445957
baseline_last,y_UUP,2,2024-09-19,0.0017799844150452326,-0.004253819668445957
baseline_last,y_UUP,0,2024-09-23,-0.005677773462449798,0.0
baseline_last,y_UUP,1,2024-09-23,-0.005677773462449798,0.0
baseline_last,y_UUP,2,2024-09-23,-0.005677773462449798,0.0
baseline_last,y_UUP,0,2024-09-24,0.006780897536390107,-0.005677773462449798
baseline_last,y_UUP,1,2024-09-24,0.006780897536390107,-0.005677773462449798
baseline_last,y_UUP,2,2024-09-24,0.006780897536390107,-0.005677773462449798
baseline_last,y_UUP,0,2024-09-25,-0.004608389897466925,0.006780897536390107
baseline_last,y_UUP,1,2024-09-25,-0.004608389897466925,0.006780897536390107
baseline_last,y_UUP,2,2024-09-25,-0.004608389897466925,0.006780897536390107
baseline_last,y_UUP,0,2024-09-26,-0.0003560649609319899,-0.004608389897466925
baseline_last,y_UUP,1,2024-09-26,-0.0003560649609319899,-0.004608389897466925
baseline_last,y_UUP,2,2024-09-26,-0.0003560649609319899,-0.004608389897466925
baseline_last,y_UUP,0,2024-09-30,0.004258275230641262,0.0
baseline_last,y_UUP,1,2024-09-30,0.004258275230641262,0.0
baseline_last,y_UUP,2,2024-09-30,0.004258275230641262,0.0
baseline_last,y_UUP,0,2024-10-01,0.0042403648996767185,0.004258275230641262
baseline_last,y_UUP,1,2024-10-01,0.0042403648996767185,0.004258275230641262
baseline_last,y_UUP,2,2024-10-01,0.0042403648996767185,0.004258275230641262
baseline_last,y_UUP,0,2024-10-02,0.0031667544245304047,0.0042403648996767185
baseline_last,y_UUP,1,2024-10-02,0.0031667544245304047,0.0042403648996767185
baseline_last,y_UUP,2,2024-10-02,0.0031667544245304047,0.0042403648996767185
baseline_last,y_UUP,0,2024-10-03,0.005612126253534466,0.0031667544245304047
baseline_last,y_UUP,1,2024-10-03,0.005612126253534466,0.0031667544245304047
baseline_last,y_UUP,2,2024-10-03,0.005612126253534466,0.0031667544245304047
baseline_last,y_UUP,1,2024-10-07,0.0,0.0
baseline_last,y_UUP,2,2024-10-07,0.0,0.0
baseline_last,y_UUP,3,2024-10-07,0.0,0.0
baseline_last,y_UUP,1,2024-10-08,0.0045311450475142845,0.0
baseline_last,y_UUP,2,2024-10-08,0.0045311450475142845,0.0
baseline_last,y_UUP,3,2024-10-08,0.0045311450475142845,0.0
baseline_last,y_UUP,1,2024-10-09,-0.00034699392106130045,0.0045311450475142845
baseline_last,y_UUP,2,2024-10-09,-0.00034699392106130045,0.0045311450475142845
baseline_last,y_UUP,3,2024-10-09,-0.00034699392106130045,0.0045311450475142845
baseline_last,y_UUP,1,2024-10-10,0.0006942287352738052,-0.00034699392106130045
baseline_last,y_UUP,2,2024-10-10,0.0006942287352738052,-0.00034699392106130045
baseline_last,y_UUP,3,2024-10-10,0.0006942287352738052,-0.00034699392106130045
baseline_last,y_UUP,1,2024-10-14,0.0006915881721456518,0.0
baseline_last,y_UUP,2,2024-10-14,0.0006915881721456518,0.0
baseline_last,y_UUP,3,2024-10-14,0.0006915881721456518,0.0
baseline_last,y_UUP,1,2024-10-15,0.002764369600211758,0.0006915881721456518
baseline_last,y_UUP,2,2024-10-15,0.002764369600211758,0.0006915881721456518
baseline_last,y_UUP,3,2024-10-15,0.002764369600211758,0.0006915881721456518
baseline_last,y_UUP,1,2024-10-16,0.00310128038545443,0.002764369600211758
baseline_last,y_UUP,2,2024-10-16,0.00310128038545443,0.002764369600211758
baseline_last,y_UUP,3,2024-10-16,0.00310128038545443,0.002764369600211758
baseline_last,y_UUP,1,2024-10-17,-0.0027481550903893925,0.00310128038545443
baseline_last,y_UUP,2,2024-10-17,-0.0027481550903893925,0.00310128038545443
baseline_last,y_UUP,3,2024-10-17,-0.0027481550903893925,0.00310128038545443
baseline_last,y_UUP,1,2024-10-21,0.0010287734181690933,0.0
baseline_last,y_UUP,2,2024-10-21,0.0010287734181690933,0.0
baseline_last,y_UUP,3,2024-10-21,0.0010287734181690933,0.0
baseline_last,y_UUP,1,2024-10-22,0.0034258852257471606,0.0010287734181690933
baseline_last,y_UUP,2,2024-10-22,0.0034258852257471606,0.0010287734181690933
baseline_last,y_UUP,3,2024-10-22,0.0034258852257471606,0.0010287734181690933
baseline_last,y_UUP,1,2024-10-23,-0.003755544123860366,0.0034258852257471606
baseline_last,y_UUP,2,2024-10-23,-0.003755544123860366,0.0034258852257471606
baseline_last,y_UUP,3,2024-10-23,-0.003755544123860366,0.0034258852257471606
baseline_last,y_UUP,1,2024-10-24,0.0034269884311235455,-0.003755544123860366
baseline_last,y_UUP,2,2024-10-24,0.0034269884311235455,-0.003755544123860366
baseline_last,y_UUP,3,2024-10-24,0.0034269884311235455,-0.003755544123860366
baseline_last,y_UUP,2,2024-10-28,0.0003415425104607017,0.0
baseline_last,y_UUP,3,2024-10-28,0.0003415425104607017,0.0
baseline_last,y_UUP,4,2024-10-28,0.0003415425104607017,0.0
baseline_last,y_UUP,2,2024-10-29,-0.002389981293013821,0.0003415425104607017
baseline_last,y_UUP,3,2024-10-29,-0.002389981293013821,0.0003415425104607017
baseline_last,y_UUP,4,2024-10-29,-0.002389981293013821,0.0003415425104607017
baseline_last,y_UUP,2,2024-10-30,-0.0006844171596310789,-0.002389981293013821
baseline_last,y_UUP,3,2024-10-30,-0.0006844171596310789,-0.002389981293013821
baseline_last,y_UUP,4,2024-10-30,-0.0006844171596310789,-0.002389981293013821
baseline_last,y_UUP,2,2024-10-31,0.004109597841857271,-0.0006844171596310789
baseline_last,y_UUP,3,2024-10-31,0.004109597841857271,-0.0006844171596310789
baseline_last,y_UUP,4,2024-10-31,0.004109597841857271,-0.0006844171596310789
baseline_last,y_UUP,2,2024-11-04,-0.004108120590407882,0.0
baseline_last,y_UUP,3,2024-11-04,-0.004108120590407882,0.0
baseline_last,y_UUP,4,2024-11-04,-0.004108120590407882,0.0
baseline_last,y_UUP,2,2024-11-05,0.016156706761030648,-0.004108120590407882
baseline_last,y_UUP,3,2024-11-05,0.016156706761030648,-0.004108120590407882
baseline_last,y_UUP,4,2024-11-05,0.016156706761030648,-0.004108120590407882
baseline_last,y_UUP,2,2024-11-06,-0.00811902783953622,0.016156706761030648
baseline_last,y_UUP,3,2024-11-06,-0.00811902783953622,0.016156706761030648
baseline_last,y_UUP,4,2024-11-06,-0.00811902783953622,0.016156706761030648
baseline_last,y_UUP,2,2024-11-07,0.006821320386064089,-0.00811902783953622
baseline_last,y_UUP,3,2024-11-07,0.006821320386064089,-0.00811902783953622
baseline_last,y_UUP,4,2024-11-07,0.006821320386064089,-0.00811902783953622
baseline_last,y_UUP,2,2024-11-11,0.004378599693808161,0.0
baseline_last,y_UUP,3,2024-11-11,0.004378599693808161,0.0
baseline_last,y_UUP,4,2024-11-11,0.004378599693808161,0.0
baseline_last,y_UUP,2,2024-11-12,0.00570087259354457,0.004378599693808161
baseline_last,y_UUP,3,2024-11-12,0.00570087259354457,0.004378599693808161
baseline_last,y_UUP,4,2024-11-12,0.00570087259354457,0.004378599693808161
baseline_last,y_UUP,2,2024-11-13,0.0040013423503419965,0.00570087259354457
baseline_last,y_UUP,3,2024-11-13,0.0040013423503419965,0.00570087259354457
baseline_last,y_UUP,4,2024-11-13,0.0040013423503419965,0.00570087259354457
baseline_last,y_UUP,2,2024-11-14,-0.0009963146218071595,0.0040013423503419965
baseline_last,y_UUP,3,2024-11-14,-0.0009963146218071595,0.0040013423503419965
baseline_last,y_UUP,4,2024-11-14,-0.0009963146218071595,0.0040013423503419965
baseline_last,y_UUP,3,2024-11-18,-0.0003341939815605377,0.0
baseline_last,y_UUP,4,2024-11-18,-0.0003341939815605377,0.0
baseline_last,y_UUP,5,2024-11-18,-0.0003341939815605377,0.0
baseline_last,y_UUP,3,2024-11-19,0.005013414257545978,-0.0003341939815605377
baseline_last,y_UUP,4,2024-11-19,0.005013414257545978,-0.0003341939815605377
baseline_last,y_UUP,5,2024-11-19,0.005013414257545978,-0.0003341939815605377
baseline_last,y_UUP,3,2024-11-20,0.0033255578388811102,0.005013414257545978
baseline_last,y_UUP,4,2024-11-20,0.0033255578388811102,0.005013414257545978
baseline_last,y_UUP,5,2024-11-20,0.0033255578388811102,0.005013414257545978
baseline_last,y_UUP,3,2024-11-21,0.00530326992272534,0.0033255578388811102
baseline_last,y_UUP,4,2024-11-21,0.00530326992272534,0.0033255578388811102
baseline_last,y_UUP,5,2024-11-21,0.00530326992272534,0.0033255578388811102
baseline_last,y_UUP,3,2024-11-25,0.0013280696947759463,0.0
baseline_last,y_UUP,4,2024-11-25,0.0013280696947759463,0.0
baseline_last,y_UUP,5,2024-11-25,0.0013280696947759463,0.0
baseline_last,y_UUP,3,2024-11-26,-0.008620798665325391,0.0013280696947759463
baseline_last,y_UUP,4,2024-11-26,-0.008620798665325391,0.0013280696947759463
baseline_last,y_UUP,5,2024-11-26,-0.008620798665325391,0.0013280696947759463
baseline_last,y_UUP,3,2024-12-02,-0.00033294384623994144,0.0
baseline_last,y_UUP,4,2024-12-02,-0.00033294384623994144,0.0
baseline_last,y_UUP,5,2024-12-02,-0.00033294384623994144,0.0
baseline_last,y_UUP,3,2024-12-03,-0.00033312340584390476,-0.00033294384623994144
baseline_last,y_UUP,4,2024-12-03,-0.00033312340584390476,-0.00033294384623994144
baseline_last,y_UUP,5,2024-12-03,-0.00033312340584390476,-0.00033294384623994144
baseline_last,y_UUP,3,2024-12-04,-0.00533154454253959,-0.00033312340584390476
baseline_last,y_UUP,4,2024-12-04,-0.00533154454253959,-0.00033312340584390476
baseline_last,y_UUP,5,2024-12-04,-0.00533154454253959,-0.00033312340584390476
baseline_last,y_UUP,3,2024-12-05,0.002680095667681792,-0.00533154454253959
baseline_last,y_UUP,4,2024-12-05,0.002680095667681792,-0.00533154454253959
baseline_last,y_UUP,5,2024-12-05,0.002680095667681792,-0.00533154454253959
baseline_last,y_UUP,4,2024-12-09,0.0023349064177400347,0.0
baseline_last,y_UUP,5,2024-12-09,0.0023349064177400347,0.0
baseline_last,y_UUP,6,2024-12-09,0.0023349064177400347,0.0
baseline_last,y_UUP,4,2024-12-10,0.0033277712693038364,0.0023349064177400347
baseline_last,y_UUP,5,2024-12-10,0.0033277712693038364,0.0023349064177400347
baseline_last,y_UUP,6,2024-12-10,0.0033277712693038364,0.0023349064177400347
baseline_last,y_UUP,4,2024-12-11,0.0033167339373989524,0.0033277712693038364
baseline_last,y_UUP,5,2024-12-11,0.0033167339373989524,0.0033277712693038364
baseline_last,y_UUP,6,2024-12-11,0.0033167339373989524,0.0033277712693038364
baseline_last,y_UUP,4,2024-12-12,0.00033059058771600647,0.0033167339373989524
baseline_last,y_UUP,5,2024-12-12,0.00033059058771600647,0.0033167339373989524
baseline_last,y_UUP,6,2024-12-12,0.00033059058771600647,0.0033167339373989524
baseline_last,y_UUP,4,2024-12-16,0.000993016674382341,0.0
baseline_last,y_UUP,5,2024-12-16,0.000993016674382341,0.0
baseline_last,y_UUP,6,2024-12-16,0.000993016674382341,0.0
baseline_last,y_UUP,4,2024-12-17,0.01157408796085968,0.000993016674382341
baseline_last,y_UUP,5,2024-12-17,0.01157408796085968,0.000993016674382341
baseline_last,y_UUP,6,2024-12-17,0.01157408796085968,0.000993016674382341
baseline_last,y_UUP,4,2024-12-18,0.0019614295542853544,0.01157408796085968
baseline_last,y_UUP,5,2024-12-18,0.0019614295542853544,0.01157408796085968
baseline_last,y_UUP,6,2024-12-18,0.0019614295542853544,0.01157408796085968
baseline_last,y_UUP,4,2024-12-19,-0.004893941069314178,0.0019614295542853544
baseline_last,y_UUP,5,2024-12-19,-0.004893941069314178,0.0019614295542853544
baseline_last,y_UUP,6,2024-12-19,-0.004893941069314178,0.0019614295542853544
baseline_last,y_UUP,4,2024-12-23,0.0027313151088972365,0.0
baseline_last,y_UUP,5,2024-12-23,0.0027313151088972365,0.0
baseline_last,y_UUP,6,2024-12-23,0.0027313151088972365,0.0
baseline_last,y_UUP,4,2024-12-26,-0.0017059239823745687,0.0
baseline_last,y_UUP,5,2024-12-26,-0.0017059239823745687,0.0
baseline_last,y_UUP,6,2024-12-26,-0.0017059239823745687,0.0
baseline_last,y_UUP,5,2024-12-30,0.004438336544380528,0.0
baseline_last,y_UUP,6,2024-12-30,0.004438336544380528,0.0
baseline_last,y_UUP,7,2024-12-30,0.004438336544380528,0.0
baseline_last,y_UUP,5,2025-01-02,-0.003033391976163702,0.0
baseline_last,y_UUP,6,2025-01-02,-0.003033391976163702,0.0
baseline_last,y_UUP,7,2025-01-02,-0.003033391976163702,0.0
baseline_last,y_UUP,5,2025-01-06,0.003742763232691848,0.0
baseline_last,y_UUP,6,2025-01-06,0.003742763232691848,0.0
baseline_last,y_UUP,7,2025-01-06,0.003742763232691848,0.0
baseline_last,y_UUP,5,2025-01-07,0.0037288071902383813,0.003742763232691848
baseline_last,y_UUP,6,2025-01-07,0.0037288071902383813,0.003742763232691848
baseline_last,y_UUP,7,2025-01-07,0.0037288071902383813,0.003742763232691848
baseline_last,y_UUP,5,2025-01-13,-0.00636516016943478,0.0
baseline_last,y_UUP,6,2025-01-13,-0.00636516016943478,0.0
baseline_last,y_UUP,7,2025-01-13,-0.00636516016943478,0.0
baseline_last,y_UUP,5,2025-01-14,-0.001685793361994814,-0.00636516016943478
baseline_last,y_UUP,6,2025-01-14,-0.001685793361994814,-0.00636516016943478
baseline_last,y_UUP,7,2025-01-14,-0.001685793361994814,-0.00636516016943478
baseline_last,y_UUP,5,2025-01-15,0.0,-0.001685793361994814
baseline_last,y_UUP,6,2025-01-15,0.0,-0.001685793361994814
baseline_last,y_UUP,7,2025-01-15,0.0,-0.001685793361994814
baseline_last,y_UUP,5,2025-01-16,0.003714954839920015,0.0
baseline_last,y_UUP,6,2025-01-16,0.003714954839920015,0.0
baseline_last,y_UUP,7,2025-01-16,0.003714954839920015,0.0
baseline_last,y_UUP,6,2025-01-21,0.0017041797076291498,0.0
baseline_last,y_UUP,7,2025-01-21,0.0017041797076291498,0.0
baseline_last,y_UUP,8,2025-01-21,0.0017041797076291498,0.0
baseline_last,y_UUP,6,2025-01-22,-0.00034026950687227053,0.0017041797076291498
baseline_last,y_UUP,7,2025-01-22,-0.00034026950687227053,0.0017041797076291498
baseline_last,y_UUP,8,2025-01-22,-0.00034026950687227053,0.0017041797076291498
baseline_last,y_UUP,6,2025-01-23,-0.006126600247440495,-0.00034026950687227053
baseline_last,y_UUP,7,2025-01-23,-0.006126600247440495,-0.00034026950687227053
baseline_last,y_UUP,8,2025-01-23,-0.006126600247440495,-0.00034026950687227053
baseline_last,y_UUP,6,2025-01-27,0.0041081937115605704,0.0
baseline_last,y_UUP,7,2025-01-27,0.0041081937115605704,0.0
baseline_last,y_UUP,8,2025-01-27,0.0041081937115605704,0.0
baseline_last,y_UUP,6,2025-01-28,0.0020457263794730896,0.0041081937115605704
baseline_last,y_UUP,7,2025-01-28,0.0020457263794730896,0.0041081937115605704
baseline_last,y_UUP,8,2025-01-28,0.0020457263794730896,0.0041081937115605704
baseline_last,y_UUP,6,2025-01-29,0.0,0.0020457263794730896
baseline_last,y_UUP,7,2025-01-29,0.0,0.0020457263794730896
baseline_last,y_UUP,8,2025-01-29,0.0,0.0020457263794730896
baseline_last,y_UUP,6,2025-01-30,0.00408303273956423,0.0
baseline_last,y_UUP,7,2025-01-30,0.00408303273956423,0.0
baseline_last,y_UUP,8,2025-01-30,0.00408303273956423,0.0
baseline_last,y_UUP,6,2025-02-03,-0.009109254016368307,0.0
baseline_last,y_UUP,7,2025-02-03,-0.009109254016368307,0.0
baseline_last,y_UUP,8,2025-02-03,-0.009109254016368307,0.0
baseline_last,y_UUP,6,2025-02-04,-0.0017024388818798197,-0.009109254016368307
baseline_last,y_UUP,7,2025-02-04,-0.0017024388818798197,-0.009109254016368307
baseline_last,y_UUP,8,2025-02-04,-0.0017024388818798197,-0.009109254016368307
baseline_last,y_UUP,6,2025-02-05,-0.0006821637588596552,-0.0017024388818798197
baseline_last,y_UUP,7,2025-02-05,-0.0006821637588596552,-0.0017024388818798197
baseline_last,y_UUP,8,2025-02-05,-0.0006821637588596552,-0.0017024388818798197
baseline_last,y_UUP,6,2025-02-06,0.004436889294068491,-0.0006821637588596552
baseline_last,y_UUP,7,2025-02-06,0.004436889294068491,-0.0006821637588596552
baseline_last,y_UUP,8,2025-02-06,0.004436889294068491,-0.0006821637588596552
baseline_last,y_UUP,7,2025-02-10,-0.0033875765650906997,0.0
baseline_last,y_UUP,8,2025-02-10,-0.0033875765650906997,0.0
baseline_last,y_UUP,9,2025-02-10,-0.0033875765650906997,0.0
baseline_last,y_UUP,7,2025-02-11,0.0006798450677341084,-0.0033875765650906997
baseline_last,y_UUP,8,2025-02-11,0.0006798450677341084,-0.0033875765650906997
baseline_last,y_UUP,9,2025-02-11,0.0006798450677341084,-0.0033875765650906997
baseline_last,y_UUP,7,2025-02-12,-0.008152196307170345,0.0006798450677341084
baseline_last,y_UUP,8,2025-02-12,-0.008152196307170345,0.0006798450677341084
baseline_last,y_UUP,9,2025-02-12,-0.008152196307170345,0.0006798450677341084
baseline_last,y_UUP,7,2025-02-13,-0.0027397336153183183,-0.008152196307170345
baseline_last,y_UUP,8,2025-02-13,-0.0027397336153183183,-0.008152196307170345
baseline_last,y_UUP,9,2025-02-13,-0.0027397336153183183,-0.008152196307170345
baseline_last,y_UUP,7,2025-02-18,0.001028019757339127,0.0
baseline_last,y_UUP,8,2025-02-18,0.001028019757339127,0.0
baseline_last,y_UUP,9,2025-02-18,0.001028019757339127,0.0
baseline_last,y_UUP,7,2025-02-19,-0.007873953537306244,0.001028019757339127
baseline_last,y_UUP,8,2025-02-19,-0.007873953537306244,0.001028019757339127
baseline_last,y_UUP,9,2025-02-19,-0.007873953537306244,0.001028019757339127
baseline_last,y_UUP,7,2025-02-20,0.0034506311046857974,-0.007873953537306244
baseline_last,y_UUP,8,2025-02-20,0.0034506311046857974,-0.007873953537306244
baseline_last,y_UUP,9,2025-02-20,0.0034506311046857974,-0.007873953537306244
baseline_last,y_UUP,7,2025-02-24,-0.00378012994298349,0.0
baseline_last,y_UUP,8,2025-02-24,-0.00378012994298349,0.0
baseline_last,y_UUP,9,2025-02-24,-0.00378012994298349,0.0
baseline_last,y_UUP,7,2025-02-25,0.0020697190287868317,-0.00378012994298349
baseline_last,y_UUP,8,2025-02-25,0.0020697190287868317,-0.00378012994298349
baseline_last,y_UUP,9,2025-02-25,0.0020697190287868317,-0.00378012994298349
baseline_last,y_UUP,7,2025-02-26,0.007228884739607366,0.0020697190287868317
baseline_last,y_UUP,8,2025-02-26,0.007228884739607366,0.0020697190287868317
baseline_last,y_UUP,9,2025-02-26,0.007228884739607366,0.0020697190287868317
baseline_last,y_UUP,7,2025-02-27,0.004442954778288044,0.007228884739607366
baseline_last,y_UUP,8,2025-02-27,0.004442954778288044,0.007228884739607366
baseline_last,y_UUP,9,2025-02-27,0.004442954778288044,0.007228884739607366
baseline_last,y_UUP,8,2025-03-03,-0.008931696851646742,0.0
baseline_last,y_UUP,9,2025-03-03,-0.008931696851646742,0.0
baseline_last,y_UUP,10,2025-03-03,-0.008931696851646742,0.0
baseline_last,y_UUP,8,2025-03-04,-0.012131732478756874,-0.008931696851646742
baseline_last,y_UUP,9,2025-03-04,-0.012131732478756874,-0.008931696851646742
baseline_last,y_UUP,10,2025-03-04,-0.012131732478756874,-0.008931696851646742
baseline_last,y_UUP,8,2025-03-05,-0.0007017217479134974,-0.012131732478756874
baseline_last,y_UUP,9,2025-03-05,-0.0007017217479134974,-0.012131732478756874
baseline_last,y_UUP,10,2025-03-05,-0.0007017217479134974,-0.012131732478756874
baseline_last,y_UUP,8,2025-03-06,-0.0031601384288568735,-0.0007017217479134974
baseline_last,y_UUP,9,2025-03-06,-0.0031601384288568735,-0.0007017217479134974
baseline_last,y_UUP,10,2025-03-06,-0.0031601384288568735,-0.0007017217479134974
baseline_last,y_UUP,8,2025-03-10,-0.005631835324568346,0.0
baseline_last,y_UUP,9,2025-03-10,-0.005631835324568346,0.0
baseline_last,y_UUP,10,2025-03-10,-0.005631835324568346,0.0
baseline_last,y_UUP,8,2025-03-11,0.002477865527757084,-0.005631835324568346
baseline_last,y_UUP,9,2025-03-11,0.002477865527757084,-0.005631835324568346
baseline_last,y_UUP,10,2025-03-11,0.002477865527757084,-0.005631835324568346
baseline_last,y_UUP,8,2025-03-12,0.003531118108928588,0.002477865527757084
baseline_last,y_UUP,9,2025-03-12,0.003531118108928588,0.002477865527757084
baseline_last,y_UUP,10,2025-03-12,0.003531118108928588,0.002477865527757084
baseline_last,y_UUP,8,2025-03-13,-0.001055649599290276,0.003531118108928588
baseline_last,y_UUP,9,2025-03-13,-0.001055649599290276,0.003531118108928588
baseline_last,y_UUP,10,2025-03-13,-0.001055649599290276,0.003531118108928588
baseline_last,y_UUP,8,2025-03-17,-0.000707250376537405,0.0
baseline_last,y_UUP,9,2025-03-17,-0.000707250376537405,0.0
baseline_last,y_UUP,10,2025-03-17,-0.000707250376537405,0.0
baseline_last,y_UUP,8,2025-03-18,0.0024769886719366863,-0.000707250376537405
baseline_last,y_UUP,9,2025-03-18,0.0024769886719366863,-0.000707250376537405
baseline_last,y_UUP,10,2025-03-18,0.0024769886719366863,-0.000707250376537405
baseline_last,y_UUP,8,2025-03-19,0.0028238694461333314,0.0024769886719366863
baseline_last,y_UUP,9,2025-03-19,0.0028238694461333314,0.0024769886719366863
baseline_last,y_UUP,10,2025-03-19,0.0028238694461333314,0.0024769886719366863
baseline_last,y_UUP,8,2025-03-20,0.0031678552980189956,0.0028238694461333314
baseline_last,y_UUP,9,2025-03-20,0.0031678552980189956,0.0028238694461333314
baseline_last,y_UUP,10,2025-03-20,0.0031678552980189956,0.0028238694461333314
baseline_last,y_UUP,9,2025-03-24,-0.001050773740895461,0.0
baseline_last,y_UUP,10,2025-03-24,-0.001050773740895461,0.0
baseline_last,y_UUP,11,2025-03-24,-0.001050773740895461,0.0
baseline_last,y_UUP,9,2025-03-25,0.004558165507483336,-0.001050773740895461
baseline_last,y_UUP,10,2025-03-25,0.004558165507483336,-0.001050773740895461
baseline_last,y_UUP,11,2025-03-25,0.004558165507483336,-0.001050773740895461
baseline_last,y_UUP,9,2025-03-26,-0.0031413184339357247,0.004558165507483336
baseline_last,y_UUP,10,2025-03-26,-0.0031413184339357247,0.004558165507483336
baseline_last,y_UUP,11,2025-03-26,-0.0031413184339357247,0.004558165507483336
baseline_last,y_UUP,9,2025-03-27,-0.0017507223827670781,-0.0031413184339357247
baseline_last,y_UUP,10,2025-03-27,-0.0017507223827670781,-0.0031413184339357247
baseline_last,y_UUP,11,2025-03-27,-0.0017507223827670781,-0.0031413184339357247
baseline_last,y_UUP,9,2025-03-31,0.0010510727500887551,0.0
baseline_last,y_UUP,10,2025-03-31,0.0010510727500887551,0.0
baseline_last,y_UUP,11,2025-03-31,0.0010510727500887551,0.0
baseline_last,y_UUP,9,2025-04-01,-0.004200152786805744,0.0010510727500887551
baseline_last,y_UUP,10,2025-04-01,-0.004200152786805744,0.0010510727500887551
baseline_last,y_UUP,11,2025-04-01,-0.004200152786805744,0.0010510727500887551
baseline_last,y_UUP,9,2025-04-02,-0.017574706211760383,-0.004200152786805744
baseline_last,y_UUP,10,2025-04-02,-0.017574706211760383,-0.004200152786805744
baseline_last,y_UUP,11,2025-04-02,-0.017574706211760383,-0.004200152786805744
baseline_last,y_UUP,9,2025-04-03,0.011091247426236572,-0.017574706211760383
baseline_last,y_UUP,10,2025-04-03,0.011091247426236572,-0.017574706211760383
baseline_last,y_UUP,11,2025-04-03,0.011091247426236572,-0.017574706211760383
baseline_last,y_UUP,9,2025-04-07,-0.004580651394121782,0.0
baseline_last,y_UUP,10,2025-04-07,-0.004580651394121782,0.0
baseline_last,y_UUP,11,2025-04-07,-0.004580651394121782,0.0
baseline_last,y_UUP,9,2025-04-08,0.001415933133379843,-0.004580651394121782
baseline_last,y_UUP,10,2025-04-08,0.001415933133379843,-0.004580651394121782
baseline_last,y_UUP,11,2025-04-08,0.001415933133379843,-0.004580651394121782
baseline_last,y_UUP,9,2025-04-09,-0.02085539659202096,0.001415933133379843
baseline_last,y_UUP,10,2025-04-09,-0.02085539659202096,0.001415933133379843
baseline_last,y_UUP,11,2025-04-09,-0.02085539659202096,0.001415933133379843
baseline_last,y_UUP,9,2025-04-10,-0.009025242094572783,-0.02085539659202096
baseline_last,y_UUP,10,2025-04-10,-0.009025242094572783,-0.02085539659202096
baseline_last,y_UUP,11,2025-04-10,-0.009025242094572783,-0.02085539659202096
baseline_last,y_UUP,10,2025-04-14,0.005482453136438137,0.0
baseline_last,y_UUP,11,2025-04-14,0.005482453136438137,0.0
baseline_last,y_UUP,12,2025-04-14,0.005482453136438137,0.0
baseline_last,y_UUP,10,2025-04-15,-0.00836060115105608,0.005482453136438137
baseline_last,y_UUP,11,2025-04-15,-0.00836060115105608,0.005482453136438137
baseline_last,y_UUP,12,2025-04-15,-0.00836060115105608,0.005482453136438137
baseline_last,y_UUP,10,2025-04-16,0.0007331036916207179,-0.00836060115105608
baseline_last,y_UUP,11,2025-04-16,0.0007331036916207179,-0.00836060115105608
baseline_last,y_UUP,12,2025-04-16,0.0007331036916207179,-0.00836060115105608
baseline_last,y_UUP,10,2025-04-21,0.005547334418494421,0.0
baseline_last,y_UUP,11,2025-04-21,0.005547334418494421,0.0
baseline_last,y_UUP,12,2025-04-21,0.005547334418494421,0.0
baseline_last,y_UUP,10,2025-04-22,0.009194600471888581,0.005547334418494421
baseline_last,y_UUP,11,2025-04-22,0.009194600471888581,0.005547334418494421
baseline_last,y_UUP,12,2025-04-22,0.009194600471888581,0.005547334418494421
baseline_last,y_UUP,10,2025-04-23,-0.004373261671975159,0.009194600471888581
baseline_last,y_UUP,11,2025-04-23,-0.004373261671975159,0.009194600471888581
baseline_last,y_UUP,12,2025-04-23,-0.004373261671975159,0.009194600471888581
baseline_last,y_UUP,10,2025-04-24,0.002562214640636551,-0.004373261671975159
baseline_last,y_UUP,11,2025-04-24,0.002562214640636551,-0.004373261671975159
baseline_last,y_UUP,12,2025-04-24,0.002562214640636551,-0.004373261671975159
baseline_last,y_UUP,10,2025-04-28,0.003306419699212082,0.0
baseline_last,y_UUP,11,2025-04-28,0.003306419699212082,0.0
baseline_last,y_UUP,12,2025-04-28,0.003306419699212082,0.0
baseline_last,y_UUP,10,2025-04-29,0.0036616363976351707,0.003306419699212082
baseline_last,y_UUP,11,2025-04-29,0.0036616363976351707,0.003306419699212082
baseline_last,y_UUP,12,2025-04-29,0.0036616363976351707,0.003306419699212082
baseline_last,y_UUP,10,2025-04-30,0.005837301939688899,0.0036616363976351707
baseline_last,y_UUP,11,2025-04-30,0.005837301939688899,0.0036616363976351707
baseline_last,y_UUP,12,2025-04-30,0.005837301939688899,0.0036616363976351707
baseline_last,y_UUP,10,2025-05-01,-0.0014508563980556444,0.005837301939688899
baseline_last,y_UUP,11,2025-05-01,-0.0014508563980556444,0.005837301939688899
baseline_last,y_UUP,12,2025-05-01,-0.0014508563980556444,0.005837301939688899
baseline_last,y_UUP,11,2025-05-05,-0.006186280805252298,0.0
baseline_last,y_UUP,12,2025-05-05,-0.006186280805252298,0.0
baseline_last,y_UUP,13,2025-05-05,-0.006186280805252298,0.0
baseline_last,y_UUP,11,2025-05-06,0.007323345021169159,-0.006186280805252298
baseline_last,y_UUP,12,2025-05-06,0.007323345021169159,-0.006186280805252298
baseline_last,y_UUP,13,2025-05-06,0.007323345021169159,-0.006186280805252298
baseline_last,y_UUP,11,2025-05-07,0.0083605294502469,0.007323345021169159
baseline_last,y_UUP,12,2025-05-07,0.0083605294502469,0.007323345021169159
baseline_last,y_UUP,13,2025-05-07,0.0083605294502469,0.007323345021169159
baseline_last,y_UUP,11,2025-05-08,-0.0028838591278508297,0.0083605294502469
baseline_last,y_UUP,12,2025-05-08,-0.0028838591278508297,0.0083605294502469
baseline_last,y_UUP,13,2025-05-08,-0.0028838591278508297,0.0083605294502469
baseline_last,y_UUP,11,2025-05-12,-0.008556173649103216,0.0
baseline_last,y_UUP,12,2025-05-12,-0.008556173649103216,0.0
baseline_last,y_UUP,13,2025-05-12,-0.008556173649103216,0.0
baseline_last,y_UUP,11,2025-05-13,0.002157538849565599,-0.008556173649103216
baseline_last,y_UUP,12,2025-05-13,0.002157538849565599,-0.008556173649103216
baseline_last,y_UUP,13,2025-05-13,0.002157538849565599,-0.008556173649103216
baseline_last,y_UUP,11,2025-05-14,-0.002511650568030488,0.002157538849565599
baseline_last,y_UUP,12,2025-05-14,-0.002511650568030488,0.002157538849565599
baseline_last,y_UUP,13,2025-05-14,-0.002511650568030488,0.002157538849565599
baseline_last,y_UUP,11,2025-05-15,0.002877634851928157,-0.002511650568030488
baseline_last,y_UUP,12,2025-05-15,0.002877634851928157,-0.002511650568030488
baseline_last,y_UUP,13,2025-05-15,0.002877634851928157,-0.002511650568030488
baseline_last,y_UUP,11,2025-05-19,-0.0028891376246881206,0.0
baseline_last,y_UUP,12,2025-05-19,-0.0028891376246881206,0.0
baseline_last,y_UUP,13,2025-05-19,-0.0028891376246881206,0.0
baseline_last,y_UUP,11,2025-05-20,-0.004346263390120009,-0.0028891376246881206
baseline_last,y_UUP,12,2025-05-20,-0.004346263390120009,-0.0028891376246881206
baseline_last,y_UUP,13,2025-05-20,-0.004346263390120009,-0.0028891376246881206
baseline_last,y_UUP,11,2025-05-21,0.0029101572366034834,-0.004346263390120009
baseline_last,y_UUP,12,2025-05-21,0.0029101572366034834,-0.004346263390120009
baseline_last,y_UUP,13,2025-05-21,0.0029101572366034834,-0.004346263390120009
baseline_last,y_UUP,11,2025-05-22,-0.0072542104455078915,0.0029101572366034834
baseline_last,y_UUP,12,2025-05-22,-0.0072542104455078915,0.0029101572366034834
baseline_last,y_UUP,13,2025-05-22,-0.0072542104455078915,0.0029101572366034834
baseline_last,y_UUP,12,2025-05-27,0.003270303988399448,0.0
baseline_last,y_UUP,13,2025-05-27,0.003270303988399448,0.0
baseline_last,y_UUP,14,2025-05-27,0.003270303988399448,0.0
baseline_last,y_UUP,12,2025-05-28,-0.005432882818489415,0.003270303988399448
baseline_last,y_UUP,13,2025-05-28,-0.005432882818489415,0.003270303988399448
baseline_last,y_UUP,14,2025-05-28,-0.005432882818489415,0.003270303988399448
baseline_last,y_UUP,12,2025-05-29,-0.00036404138808676656,-0.005432882818489415
baseline_last,y_UUP,13,2025-05-29,-0.00036404138808676656,-0.005432882818489415
baseline_last,y_UUP,14,2025-05-29,-0.00036404138808676656,-0.005432882818489415
baseline_last,y_UUP,12,2025-06-02,0.006603136012040434,0.0
baseline_last,y_UUP,13,2025-06-02,0.006603136012040434,0.0
baseline_last,y_UUP,14,2025-06-02,0.006603136012040434,0.0
baseline_last,y_UUP,12,2025-06-03,-0.004373261671975159,0.006603136012040434
baseline_last,y_UUP,13,2025-06-03,-0.004373261671975159,0.006603136012040434
baseline_last,y_UUP,14,2025-06-03,-0.004373261671975159,0.006603136012040434
baseline_last,y_UUP,12,2025-06-04,-0.0007320303832677455,-0.004373261671975159
baseline_last,y_UUP,13,2025-06-04,-0.0007320303832677455,-0.004373261671975159
baseline_last,y_UUP,14,2025-06-04,-0.0007320303832677455,-0.004373261671975159
baseline_last,y_UUP,12,2025-06-05,0.005128255519592173,-0.0007320303832677455
baseline_last,y_UUP,13,2025-06-05,0.005128255519592173,-0.0007320303832677455
baseline_last,y_UUP,14,2025-06-05,0.005128255519592173,-0.0007320303832677455
baseline_last,y_UUP,12,2025-06-09,0.0010960035076723607,0.0
baseline_last,y_UUP,13,2025-06-09,0.0010960035076723607,0.0
baseline_last,y_UUP,14,2025-06-09,0.0010960035076723607,0.0
baseline_last,y_UUP,12,2025-06-10,-0.00364960928872593,0.0010960035076723607
baseline_last,y_UUP,13,2025-06-10,-0.00364960928872593,0.0010960035076723607
baseline_last,y_UUP,14,2025-06-10,-0.00364960928872593,0.0010960035076723607
baseline_last,y_UUP,12,2025-06-11,-0.007325955452520572,-0.00364960928872593
baseline_last,y_UUP,13,2025-06-11,-0.007325955452520572,-0.00364960928872593
baseline_last,y_UUP,14,2025-06-11,-0.007325955452520572,-0.00364960928872593
baseline_last,y_UUP,12,2025-06-12,0.0025830146841268053,-0.007325955452520572
baseline_last,y_UUP,13,2025-06-12,0.0025830146841268053,-0.007325955452520572
baseline_last,y_UUP,14,2025-06-12,0.0025830146841268053,-0.007325955452520572
baseline_last,y_UUP,13,2025-07-02,0.004841671551363502,0.0
baseline_last,y_UUP,14,2025-07-02,0.004841671551363502,0.0
baseline_last,y_UUP,15,2025-07-02,0.004841671551363502,0.0
baseline_last,y_UUP,13,2025-07-07,0.0007388637601535297,0.0
baseline_last,y_UUP,14,2025-07-07,0.0007388637601535297,0.0
baseline_last,y_UUP,15,2025-07-07,0.0007388637601535297,0.0
baseline_last,y_UUP,13,2025-07-08,0.0,0.0007388637601535297
baseline_last,y_UUP,14,2025-07-08,0.0,0.0007388637601535297
baseline_last,y_UUP,15,2025-07-08,0.0,0.0007388637601535297
baseline_last,y_UUP,13,2025-07-09,0.0018456499839993867,0.0
baseline_last,y_UUP,14,2025-07-09,0.0018456499839993867,0.0
baseline_last,y_UUP,15,2025-07-09,0.0018456499839993867,0.0
baseline_last,y_UUP,13,2025-07-10,0.002947686950965256,0.0018456499839993867
baseline_last,y_UUP,14,2025-07-10,0.002947686950965256,0.0018456499839993867
baseline_last,y_UUP,15,2025-07-10,0.002947686950965256,0.0018456499839993867
baseline_last,y_UUP,13,2025-07-14,0.005496515799067847,0.0
baseline_last,y_UUP,14,2025-07-14,0.005496515799067847,0.0
baseline_last,y_UUP,15,2025-07-14,0.005496515799067847,0.0
baseline_last,y_UUP,13,2025-07-15,-0.003644360765406307,0.005496515799067847
baseline_last,y_UUP,14,2025-07-15,-0.003644360765406307,0.005496515799067847
baseline_last,y_UUP,15,2025-07-15,-0.003644360765406307,0.005496515799067847
baseline_last,y_UUP,13,2025-07-16,0.0043891134172708846,-0.003644360765406307
baseline_last,y_UUP,14,2025-07-16,0.0043891134172708846,-0.003644360765406307
baseline_last,y_UUP,15,2025-07-16,0.0043891134172708846,-0.003644360765406307
baseline_last,y_UUP,13,2025-07-17,-0.001456596540572619,0.0043891134172708846
baseline_last,y_UUP,14,2025-07-17,-0.001456596540572619,0.0043891134172708846
baseline_last,y_UUP,15,2025-07-17,-0.001456596540572619,0.0043891134172708846
baseline_last,y_UUP,13,2025-07-21,-0.005139478670504571,0.0
baseline_last,y_UUP,14,2025-07-21,-0.005139478670504571,0.0
baseline_last,y_UUP,15,2025-07-21,-0.005139478670504571,0.0
baseline_last,y_UUP,13,2025-07-22,-0.0014760915744503889,-0.005139478670504571
baseline_last,y_UUP,14,2025-07-22,-0.0014760915744503889,-0.005139478670504571
baseline_last,y_UUP,15,2025-07-22,-0.0014760915744503889,-0.005139478670504571
baseline_last,y_UUP,13,2025-07-23,0.0025868330866503086,-0.0014760915744503889
baseline_last,y_UUP,14,2025-07-23,0.0025868330866503086,-0.0014760915744503889
baseline_last,y_UUP,15,2025-07-23,0.0025868330866503086,-0.0014760915744503889
baseline_last,y_UUP,14,2025-07-24,0.0022116164866963217,0.0025868330866503086
baseline_last,y_UUP,15,2025-07-24,0.0022116164866963217,0.0025868330866503086
baseline_last,y_UUP,16,2025-07-24,0.0022116164866963217,0.0025868330866503086
baseline_last,y_UUP,14,2025-07-28,0.0025454436429681593,0.0
baseline_last,y_UUP,15,2025-07-28,0.0025454436429681593,0.0
baseline_last,y_UUP,16,2025-07-28,0.0025454436429681593,0.0
baseline_last,y_UUP,14,2025-07-29,0.009793262800682934,0.0025454436429681593
baseline_last,y_UUP,15,2025-07-29,0.009793262800682934,0.0025454436429681593
baseline_last,y_UUP,16,2025-07-29,0.009793262800682934,0.0025454436429681593
baseline_last,y_UUP,14,2025-07-30,0.0021551429434800706,0.009793262800682934
baseline_last,y_UUP,15,2025-07-30,0.0021551429434800706,0.009793262800682934
baseline_last,y_UUP,16,2025-07-30,0.0021551429434800706,0.009793262800682934
baseline_last,y_UUP,14,2025-07-31,-0.011827936996003596,0.0021551429434800706
baseline_last,y_UUP,15,2025-07-31,-0.011827936996003596,0.0021551429434800706
baseline_last,y_UUP,16,2025-07-31,-0.011827936996003596,0.0021551429434800706
baseline_last,y_UUP,14,2025-08-04,0.0,0.0
baseline_last,y_UUP,15,2025-08-04,0.0,0.0
baseline_last,y_UUP,16,2025-08-04,0.0,0.0
baseline_last,y_UUP,14,2025-08-05,-0.005805531444171397,0.0
baseline_last,y_UUP,15,2025-08-05,-0.005805531444171397,0.0
baseline_last,y_UUP,16,2025-08-05,-0.005805531444171397,0.0
baseline_last,y_UUP,14,2025-08-06,-0.0007298930622796629,-0.005805531444171397
baseline_last,y_UUP,15,2025-08-06,-0.0007298930622796629,-0.005805531444171397
baseline_last,y_UUP,16,2025-08-06,-0.0007298930622796629,-0.005805531444171397
baseline_last,y_UUP,14,2025-08-07,0.00182617355009973,-0.0007298930622796629
baseline_last,y_UUP,15,2025-08-07,0.00182617355009973,-0.0007298930622796629
baseline_last,y_UUP,16,2025-08-07,0.00182617355009973,-0.0007298930622796629
baseline_last,y_UUP,14,2025-08-11,-0.005083564716449662,0.0
baseline_last,y_UUP,15,2025-08-11,-0.005083564716449662,0.0
baseline_last,y_UUP,16,2025-08-11,-0.005083564716449662,0.0
baseline_last,y_UUP,14,2025-08-12,-0.0025547337009745874,-0.005083564716449662
baseline_last,y_UUP,15,2025-08-12,-0.0025547337009745874,-0.005083564716449662
baseline_last,y_UUP,16,2025-08-12,-0.0025547337009745874,-0.005083564716449662
baseline_last,y_UUP,15,2025-08-13,0.00365902912240168,-0.0025547337009745874
baseline_last,y_UUP,16,2025-08-13,0.00365902912240168,-0.0025547337009745874
baseline_last,y_UUP,17,2025-08-13,0.00365902912240168,-0.0025547337009745874
baseline_last,y_UUP,15,2025-08-14,-0.003281106112732024,0.00365902912240168
baseline_last,y_UUP,16,2025-08-14,-0.003281106112732024,0.00365902912240168
baseline_last,y_UUP,17,2025-08-14,-0.003281106112732024,0.00365902912240168
baseline_last,y_UUP,15,2025-08-18,0.0025538016080142167,0.0
baseline_last,y_UUP,16,2025-08-18,0.0025538016080142167,0.0
baseline_last,y_UUP,17,2025-08-18,0.0025538016080142167,0.0
baseline_last,y_UUP,15,2025-08-19,-0.0007278399647878686,0.0025538016080142167
baseline_last,y_UUP,16,2025-08-19,-0.0007278399647878686,0.0025538016080142167
baseline_last,y_UUP,17,2025-08-19,-0.0007278399647878686,0.0025538016080142167
baseline_last,y_UUP,15,2025-08-20,0.00509837521748735,-0.0007278399647878686
baseline_last,y_UUP,16,2025-08-20,0.00509837521748735,-0.0007278399647878686
baseline_last,y_UUP,17,2025-08-20,0.00509837521748735,-0.0007278399647878686
baseline_last,y_UUP,15,2025-08-21,-0.009782618095117046,0.00509837521748735
baseline_last,y_UUP,16,2025-08-21,-0.009782618095117046,0.00509837521748735
baseline_last,y_UUP,17,2025-08-21,-0.009782618095117046,0.00509837521748735
baseline_last,y_UUP,15,2025-08-25,-0.002540824086737392,0.0
baseline_last,y_UUP,16,2025-08-25,-0.002540824086737392,0.0
baseline_last,y_UUP,17,2025-08-25,-0.002540824086737392,0.0
baseline_last,y_UUP,15,2025-08-26,0.0003639199823939343,-0.002540824086737392
baseline_last,y_UUP,16,2025-08-26,0.0003639199823939343,-0.002540824086737392
baseline_last,y_UUP,17,2025-08-26,0.0003639199823939343,-0.002540824086737392
baseline_last,y_UUP,15,2025-08-27,-0.0036377324222428564,0.0003639199823939343
baseline_last,y_UUP,16,2025-08-27,-0.0036377324222428564,0.0003639199823939343
baseline_last,y_UUP,17,2025-08-27,-0.0036377324222428564,0.0003639199823939343
baseline_last,y_UUP,15,2025-08-28,-0.0007300875428108977,-0.0036377324222428564
baseline_last,y_UUP,16,2025-08-28,-0.0007300875428108977,-0.0036377324222428564
baseline_last,y_UUP,17,2025-08-28,-0.0007300875428108977,-0.0036377324222428564
baseline_last,y_UUP,15,2025-09-02,-0.00181483343526323,0.0
baseline_last,y_UUP,16,2025-09-02,-0.00181483343526323,0.0
baseline_last,y_UUP,17,2025-09-02,-0.00181483343526323,0.0
baseline_last,y_UUP,16,2025-09-03,0.0014545494712510099,-0.00181483343526323
baseline_last,y_UUP,17,2025-09-03,0.0014545494712510099,-0.00181483343526323
baseline_last,y_UUP,18,2025-09-03,0.0014545494712510099,-0.00181483343526323
baseline_last,y_UUP,16,2025-09-04,-0.005083564716449662,0.0014545494712510099
baseline_last,y_UUP,17,2025-09-04,-0.005083564716449662,0.0014545494712510099
baseline_last,y_UUP,18,2025-09-04,-0.005083564716449662,0.0014545494712510099
baseline_last,y_UUP,16,2025-09-08,0.004027821705168355,0.0
baseline_last,y_UUP,17,2025-09-08,0.004027821705168355,0.0
baseline_last,y_UUP,18,2025-09-08,0.004027821705168355,0.0
baseline_last,y_UUP,16,2025-09-09,0.0007294325906452848,0.004027821705168355
baseline_last,y_UUP,17,2025-09-09,0.0007294325906452848,0.004027821705168355
baseline_last,y_UUP,18,2025-09-09,0.0007294325906452848,0.004027821705168355
baseline_last,y_UUP,16,2025-09-10,-0.0032799103121219364,0.0007294325906452848
baseline_last,y_UUP,17,2025-09-10,-0.0032799103121219364,0.0007294325906452848
baseline_last,y_UUP,18,2025-09-10,-0.0032799103121219364,0.0007294325906452848
baseline_last,y_UUP,16,2025-09-11,0.001462454766168575,-0.0032799103121219364
baseline_last,y_UUP,17,2025-09-11,0.001462454766168575,-0.0032799103121219364
baseline_last,y_UUP,18,2025-09-11,0.001462454766168575,-0.0032799103121219364
baseline_last,y_UUP,16,2025-09-15,-0.006227141612235143,0.0
baseline_last,y_UUP,17,2025-09-15,-0.006227141612235143,0.0
baseline_last,y_UUP,18,2025-09-15,-0.006227141612235143,0.0
baseline_last,y_UUP,16,2025-09-16,0.003317388377493513,-0.006227141612235143
baseline_last,y_UUP,17,2025-09-16,0.003317388377493513,-0.006227141612235143
baseline_last,y_UUP,18,2025-09-16,0.003317388377493513,-0.006227141612235143
baseline_last,y_UUP,16,2025-09-17,0.004775931513894216,0.003317388377493513
baseline_last,y_UUP,17,2025-09-17,0.004775931513894216,0.003317388377493513
baseline_last,y_UUP,18,2025-09-17,0.004775931513894216,0.003317388377493513
baseline_last,y_UUP,16,2025-09-18,0.002925053772870889,0.004775931513894216
baseline_last,y_UUP,17,2025-09-18,0.002925053772870889,0.004775931513894216
baseline_last,y_UUP,18,2025-09-18,0.002925053772870889,0.004775931513894216
baseline_last,y_UUP,16,2025-09-22,-0.0007317625206523237,0.0
baseline_last,y_UUP,17,2025-09-22,-0.0007317625206523237,0.0
baseline_last,y_UUP,18,2025-09-22,-0.0007317625206523237,0.0
baseline_last,y_UUP,17,2025-09-23,0.007323345021169159,-0.0007317625206523237
baseline_last,y_UUP,18,2025-09-23,0.007323345021169159,-0.0007317625206523237
baseline_last,y_UUP,19,2025-09-23,0.007323345021169159,-0.0007317625206523237
baseline_last,y_UUP,17,2025-09-24,0.006906580442141541,0.007323345021169159
baseline_last,y_UUP,18,2025-09-24,0.006906580442141541,0.007323345021169159
baseline_last,y_UUP,19,2025-09-24,0.006906580442141541,0.007323345021169159
baseline_last,y_UUP,17,2025-09-25,-0.003610153805027938,0.006906580442141541
baseline_last,y_UUP,18,2025-09-25,-0.003610153805027938,0.006906580442141541
baseline_last,y_UUP,19,2025-09-25,-0.003610153805027938,0.006906580442141541
baseline_last,y_UUP,17,2025-09-29,-0.001089309716844622,0.0
baseline_last,y_UUP,18,2025-09-29,-0.001089309716844622,0.0
baseline_last,y_UUP,19,2025-09-29,-0.001089309716844622,0.0
baseline_last,y_UUP,17,2025-09-30,-0.00036352310243092933,-0.001089309716844622
baseline_last,y_UUP,18,2025-09-30,-0.00036352310243092933,-0.001089309716844622
baseline_last,y_UUP,19,2025-09-30,-0.00036352310243092933,-0.001089309716844622
baseline_last,y_UUP,17,2025-10-01,0.0014545494712510099,-0.00036352310243092933
baseline_last,y_UUP,18,2025-10-01,0.0014545494712510099,-0.00036352310243092933
baseline_last,y_UUP,19,2025-10-01,0.0014545494712510099,-0.00036352310243092933
baseline_last,y_UUP,17,2025-10-02,-0.0018155639432109183,0.0014545494712510099
baseline_last,y_UUP,18,2025-10-02,-0.0018155639432109183,0.0014545494712510099
baseline_last,y_UUP,19,2025-10-02,-0.0018155639432109183,0.0014545494712510099
baseline_last,y_UUP,17,2025-10-06,0.005792919620490444,0.0
baseline_last,y_UUP,18,2025-10-06,0.005792919620490444,0.0
baseline_last,y_UUP,19,2025-10-06,0.005792919620490444,0.0
baseline_last,y_UUP,17,2025-10-07,0.002159797616071435,0.005792919620490444
baseline_last,y_UUP,18,2025-10-07,0.002159797616071435,0.005792919620490444
baseline_last,y_UUP,19,2025-10-07,0.002159797616071435,0.005792919620490444
baseline_last,y_UUP,17,2025-10-08,0.006824713788897485,0.002159797616071435
baseline_last,y_UUP,18,2025-10-08,0.006824713788897485,0.002159797616071435
baseline_last,y_UUP,19,2025-10-08,0.006824713788897485,0.002159797616071435
baseline_last,y_UUP,17,2025-10-09,-0.004994697571578999,0.006824713788897485
baseline_last,y_UUP,18,2025-10-09,-0.004994697571578999,0.006824713788897485
baseline_last,y_UUP,19,2025-10-09,-0.004994697571578999,0.006824713788897485
baseline_last,y_UUP,18,2025-10-13,-0.0028581715355342485,0.0
baseline_last,y_UUP,19,2025-10-13,-0.0028581715355342485,0.0
baseline_last,y_UUP,20,2025-10-13,-0.0028581715355342485,0.0
baseline_last,y_UUP,18,2025-10-14,-0.002866364095803986,-0.0028581715355342485
baseline_last,y_UUP,19,2025-10-14,-0.002866364095803986,-0.0028581715355342485
baseline_last,y_UUP,20,2025-10-14,-0.002866364095803986,-0.0028581715355342485
baseline_last,y_UUP,18,2025-10-15,-0.0039525624465105436,-0.002866364095803986
baseline_last,y_UUP,19,2025-10-15,-0.0039525624465105436,-0.002866364095803986
baseline_last,y_UUP,20,2025-10-15,-0.0039525624465105436,-0.002866364095803986
baseline_last,y_UUP,18,2025-10-16,0.00108223629625126,-0.0039525624465105436
baseline_last,y_UUP,19,2025-10-16,0.00108223629625126,-0.0039525624465105436
baseline_last,y_UUP,20,2025-10-16,0.00108223629625126,-0.0039525624465105436
baseline_last,y_UUP,18,2025-10-20,0.003954054185318245,0.0
baseline_last,y_UUP,19,2025-10-20,0.003954054185318245,0.0
baseline_last,y_UUP,20,2025-10-20,0.003954054185318245,0.0
baseline_last,y_UUP,18,2025-10-21,-0.0010741697624669921,0.003954054185318245
baseline_last,y_UUP,19,2025-10-21,-0.0010741697624669921,0.003954054185318245
baseline_last,y_UUP,20,2025-10-21,-0.0010741697624669921,0.003954054185318245
baseline_last,y_UUP,18,2025-10-22,0.0003584416146331648,-0.0010741697624669921
baseline_last,y_UUP,19,2025-10-22,0.0003584416146331648,-0.0010741697624669921
baseline_last,y_UUP,20,2025-10-22,0.0003584416146331648,-0.0010741697624669921
baseline_last,y_UUP,18,2025-10-23,0.0,0.0003584416146331648
baseline_last,y_UUP,19,2025-10-23,0.0,0.0003584416146331648
baseline_last,y_UUP,20,2025-10-23,0.0,0.0003584416146331648
baseline_last,y_UUP,18,2025-10-27,-0.0007172560209921519,0.0
baseline_last,y_UUP,19,2025-10-27,-0.0007172560209921519,0.0
baseline_last,y_UUP,20,2025-10-27,-0.0007172560209921519,0.0
baseline_last,y_UUP,18,2025-10-28,0.005742945572112079,-0.0007172560209921519
baseline_last,y_UUP,19,2025-10-28,0.005742945572112079,-0.0007172560209921519
baseline_last,y_UUP,20,2025-10-28,0.005742945572112079,-0.0007172560209921519
baseline_last,y_UUP,18,2025-10-29,0.003925760626240837,0.005742945572112079
baseline_last,y_UUP,19,2025-10-29,0.003925760626240837,0.005742945572112079
baseline_last,y_UUP,20,2025-10-29,0.003925760626240837,0.005742945572112079
baseline_last,y_UUP,18,2025-10-30,0.002843946782195239,0.003925760626240837
baseline_last,y_UUP,19,2025-10-30,0.002843946782195239,0.003925760626240837
baseline_last,y_UUP,20,2025-10-30,0.002843946782195239,0.003925760626240837
baseline_last,y_UUP,19,2025-11-03,0.003188124202409881,0.0
baseline_last,y_UUP,20,2025-11-03,0.003188124202409881,0.0
baseline_last,y_UUP,21,2025-11-03,0.003188124202409881,0.0
baseline_last,y_UUP,19,2025-11-04,0.00035312574090240467,0.003188124202409881
baseline_last,y_UUP,20,2025-11-04,0.00035312574090240467,0.003188124202409881
baseline_last,y_UUP,21,2025-11-04,0.00035312574090240467,0.003188124202409881
baseline_last,y_UUP,19,2025-11-05,-0.005294737805135563,0.00035312574090240467
baseline_last,y_UUP,20,2025-11-05,-0.005294737805135563,0.00035312574090240467
baseline_last,y_UUP,21,2025-11-05,-0.005294737805135563,0.00035312574090240467
baseline_last,y_UUP,19,2025-11-06,-0.0007097601682591881,-0.005294737805135563
baseline_last,y_UUP,20,2025-11-06,-0.0007097601682591881,-0.005294737805135563
baseline_last,y_UUP,21,2025-11-06,-0.0007097601682591881,-0.005294737805135563
baseline_last,y_UUP,19,2025-11-10,-0.0014194503404467707,0.0
baseline_last,y_UUP,20,2025-11-10,-0.0014194503404467707,0.0
baseline_last,y_UUP,21,2025-11-10,-0.0014194503404467707,0.0
baseline_last,y_UUP,19,2025-11-11,0.00035531443925962414,-0.0014194503404467707
baseline_last,y_UUP,20,2025-11-11,0.00035531443925962414,-0.0014194503404467707
baseline_last,y_UUP,21,2025-11-11,0.00035531443925962414,-0.0014194503404467707
baseline_last,y_UUP,19,2025-11-12,-0.0028418562393659474,0.00035531443925962414
baseline_last,y_UUP,20,2025-11-12,-0.0028418562393659474,0.00035531443925962414
baseline_last,y_UUP,21,2025-11-12,-0.0028418562393659474,0.00035531443925962414
baseline_last,y_UUP,19,2025-11-13,0.0014250128366397607,-0.0028418562393659474
baseline_last,y_UUP,20,2025-11-13,0.0014250128366397607,-0.0028418562393659474
baseline_last,y_UUP,21,2025-11-13,0.0014250128366397607,-0.0028418562393659474
baseline_last,y_UUP,19,2025-11-17,0.0010645702563174542,0.0
baseline_last,y_UUP,20,2025-11-17,0.0010645702563174542,0.0
baseline_last,y_UUP,21,2025-11-17,0.0010645702563174542,0.0
baseline_last,y_UUP,19,2025-11-18,0.0063806988317842706,0.0010645702563174542
baseline_last,y_UUP,20,2025-11-18,0.0063806988317842706,0.0010645702563174542
baseline_last,y_UUP,21,2025-11-18,0.0063806988317842706,0.0010645702563174542
baseline_last,y_UUP,19,2025-11-19,0.0007045101153477784,0.0063806988317842706
baseline_last,y_UUP,20,2025-11-19,0.0007045101153477784,0.0063806988317842706
baseline_last,y_UUP,21,2025-11-19,0.0007045101153477784,0.0063806988317842706
baseline_last,y_UUP,19,2025-11-20,-0.0007040141302716574,0.0007045101153477784
baseline_last,y_UUP,20,2025-11-20,-0.0007040141302716574,0.0007045101153477784
baseline_last,y_UUP,21,2025-11-20,-0.0007040141302716574,0.0007045101153477784
baseline_last,y_UUP,20,2025-11-24,-0.0028179015047613554,0.0
baseline_last,y_UUP,21,2025-11-24,-0.0028179015047613554,0.0
baseline_last,y_UUP,22,2025-11-24,-0.0028179015047613554,0.0
baseline_last,y_UUP,20,2025-11-25,-0.002825864512623566,-0.0028179015047613554
baseline_last,y_UUP,21,2025-11-25,-0.002825864512623566,-0.0028179015047613554
baseline_last,y_UUP,22,2025-11-25,-0.002825864512623566,-0.0028179015047613554
baseline_last,y_UUP,20,2025-12-01,-0.00035462838302890987,0.0
baseline_last,y_UUP,21,2025-12-01,-0.00035462838302890987,0.0
baseline_last,y_UUP,22,2025-12-01,-0.00035462838302890987,0.0
baseline_last,y_UUP,20,2025-12-02,-0.004966348731344494,-0.00035462838302890987
baseline_last,y_UUP,21,2025-12-02,-0.004966348731344494,-0.00035462838302890987
baseline_last,y_UUP,22,2025-12-02,-0.004966348731344494,-0.00035462838302890987
baseline_last,y_UUP,20,2025-12-03,0.0021390785725139416,-0.004966348731344494
baseline_last,y_UUP,21,2025-12-03,0.0021390785725139416,-0.004966348731344494
baseline_last,y_UUP,22,2025-12-03,0.0021390785725139416,-0.004966348731344494
baseline_last,y_UUP,20,2025-12-04,-0.00106729142627493,0.0021390785725139416
baseline_last,y_UUP,21,2025-12-04,-0.00106729142627493,0.0021390785725139416
baseline_last,y_UUP,22,2025-12-04,-0.00106729142627493,0.0021390785725139416
baseline_last,y_UUP,20,2025-12-08,0.00142240885268885,0.0
baseline_last,y_UUP,21,2025-12-08,0.00142240885268885,0.0
baseline_last,y_UUP,22,2025-12-08,0.00142240885268885,0.0
baseline_last,y_UUP,20,2025-12-09,-0.00532670195853624,0.00142240885268885
baseline_last,y_UUP,21,2025-12-09,-0.00532670195853624,0.00142240885268885
baseline_last,y_UUP,22,2025-12-09,-0.00532670195853624,0.00142240885268885
baseline_last,y_UUP,20,2025-12-10,-0.0035701282998350514,-0.00532670195853624
baseline_last,y_UUP,21,2025-12-10,-0.0035701282998350514,-0.00532670195853624
baseline_last,y_UUP,22,2025-12-10,-0.0035701282998350514,-0.00532670195853624
baseline_last,y_UUP,20,2025-12-11,0.00143318204790166,-0.0035701282998350514
baseline_last,y_UUP,21,2025-12-11,0.00143318204790166,-0.0035701282998350514
baseline_last,y_UUP,22,2025-12-11,0.00143318204790166,-0.0035701282998350514
baseline_last,y_UUP,21,2025-12-15,-0.0010741697624669921,0.0
baseline_last,y_UUP,22,2025-12-15,-0.0010741697624669921,0.0
baseline_last,y_UUP,23,2025-12-15,-0.0010741697624669921,0.0
baseline_last,y_UUP,21,2025-12-16,0.002150508290711839,-0.0010741697624669921
baseline_last,y_UUP,22,2025-12-16,0.002150508290711839,-0.0010741697624669921
baseline_last,y_UUP,23,2025-12-16,0.002150508290711839,-0.0010741697624669921
baseline_last,y_UUP,21,2025-12-17,0.0007153448741836765,0.002150508290711839
baseline_last,y_UUP,22,2025-12-17,0.0007153448741836765,0.002150508290711839
baseline_last,y_UUP,23,2025-12-17,0.0007153448741836765,0.002150508290711839
baseline_last,y_UUP,21,2025-12-18,0.003216609854790775,0.0007153448741836765
baseline_last,y_UUP,22,2025-12-18,0.003216609854790775,0.0007153448741836765
baseline_last,y_UUP,23,2025-12-18,0.003216609854790775,0.0007153448741836765
baseline_last,y_UUP,21,2025-12-23,0.0003712037373271304,0.0
baseline_last,y_UUP,22,2025-12-23,0.0003712037373271304,0.0
baseline_last,y_UUP,23,2025-12-23,0.0003712037373271304,0.0
baseline_last,y_UUP,21,2025-12-29,0.0025945031879870406,0.0
baseline_last,y_UUP,22,2025-12-29,0.0025945031879870406,0.0
baseline_last,y_UUP,23,2025-12-29,0.0025945031879870406,0.0
baseline_last,y_UUP,21,2025-12-30,-0.0007393179659553883,0.0025945031879870406
baseline_last,y_UUP,22,2025-12-30,-0.0007393179659553883,0.0025945031879870406
baseline_last,y_UUP,23,2025-12-30,-0.0007393179659553883,0.0025945031879870406
baseline_last,y_UUP,22,2026-01-05,0.003324719379479646,0.0
baseline_last,y_UUP,23,2026-01-05,0.003324719379479646,0.0
baseline_last,y_UUP,24,2026-01-05,0.003324719379479646,0.0
baseline_last,y_UUP,22,2026-01-06,0.001472787767013095,0.003324719379479646
baseline_last,y_UUP,23,2026-01-06,0.001472787767013095,0.003324719379479646
baseline_last,y_UUP,24,2026-01-06,0.001472787767013095,0.003324719379479646
baseline_last,y_UUP,22,2026-01-07,0.0025735181198816015,0.001472787767013095
baseline_last,y_UUP,23,2026-01-07,0.0025735181198816015,0.001472787767013095
baseline_last,y_UUP,24,2026-01-07,0.0025735181198816015,0.001472787767013095
baseline_last,y_UUP,22,2026-01-08,0.002200200400997776,0.0025735181198816015
baseline_last,y_UUP,23,2026-01-08,0.002200200400997776,0.0025735181198816015
baseline_last,y_UUP,24,2026-01-08,0.002200200400997776,0.0025735181198816015
baseline_last,y_UUP,22,2026-01-12,0.0025659711533103646,0.0
baseline_last,y_UUP,23,2026-01-12,0.0025659711533103646,0.0
baseline_last,y_UUP,24,2026-01-12,0.0025659711533103646,0.0
baseline_last,y_UUP,22,2026-01-13,-0.0007312781530059986,0.0025659711533103646
baseline_last,y_UUP,23,2026-01-13,-0.0007312781530059986,0.0025659711533103646
baseline_last,y_UUP,24,2026-01-13,-0.0007312781530059986,0.0025659711533103646
baseline_last,y_UUP,22,2026-01-14,0.003658996770907086,-0.0007312781530059986
baseline_last,y_UUP,23,2026-01-14,0.003658996770907086,-0.0007312781530059986
baseline_last,y_UUP,24,2026-01-14,0.003658996770907086,-0.0007312781530059986
baseline_last,y_UUP,22,2026-01-15,0.0,0.003658996770907086
baseline_last,y_UUP,23,2026-01-15,0.0,0.003658996770907086
baseline_last,y_UUP,24,2026-01-15,0.0,0.003658996770907086
baseline_last,y_UUP,22,2026-01-21,-0.004400470745105078,0.0
baseline_last,y_UUP,23,2026-01-21,-0.004400470745105078,0.0
baseline_last,y_UUP,24,2026-01-21,-0.004400470745105078,0.0
baseline_last,y_UUP,22,2026-01-22,-0.008839770699457628,-0.004400470745105078
baseline_last,y_UUP,23,2026-01-22,-0.008839770699457628,-0.004400470745105078
baseline_last,y_UUP,24,2026-01-22,-0.008839770699457628,-0.004400470745105078
baseline_last,y_UUP,23,2026-01-26,-0.011575853821602311,0.0
baseline_last,y_UUP,24,2026-01-26,-0.011575853821602311,0.0
baseline_last,y_UUP,23,2026-01-27,0.006044573160657096,-0.011575853821602311
baseline_last,y_UUP,24,2026-01-27,0.006044573160657096,-0.011575853821602311
baseline_last,y_UUP,23,2026-01-28,-0.0015020281426685322,0.006044573160657096
baseline_last,y_UUP,24,2026-01-28,-0.0015020281426685322,0.006044573160657096
baseline_last,y_UUP,23,2026-01-29,0.009778120623911812,-0.0015020281426685322
baseline_last,y_UUP,24,2026-01-29,0.009778120623911812,-0.0015020281426685322
baseline_last,y_UUP,23,2026-02-02,-0.002593541882839334,0.0
baseline_last,y_UUP,24,2026-02-02,-0.002593541882839334,0.0
baseline_last,y_UUP,23,2026-02-03,0.0033432448860633013,-0.002593541882839334
baseline_last,y_UUP,24,2026-02-03,0.0033432448860633013,-0.002593541882839334
baseline_last,y_UUP,23,2026-02-04,0.002961863125810149,0.0033432448860633013
baseline_last,y_UUP,24,2026-02-04,0.002961863125810149,0.0033432448860633013
baseline_last,y_UUP,23,2026-02-05,-0.002953116399241118,0.002961863125810149
baseline_last,y_UUP,24,2026-02-05,-0.002953116399241118,0.002961863125810149
baseline_last,y_UUP,23,2026-02-09,0.0003732109440657272,0.0
baseline_last,y_UUP,24,2026-02-09,0.0003732109440657272,0.0
baseline_last,y_UUP,23,2026-02-10,0.0011194286380433738,0.0003732109440657272
baseline_last,y_UUP,24,2026-02-10,0.0011194286380433738,0.0003732109440657272
baseline_last,y_UUP,23,2026-02-11,-0.0003727256395925638,0.0011194286380433738
baseline_last,y_UUP,24,2026-02-11,-0.0003727256395925638,0.0011194286380433738
baseline_last,y_UUP,23,2026-02-12,0.0,-0.0003727256395925638
baseline_last,y_UUP,24,2026-02-12,0.0,-0.0003727256395925638
baseline_last,y_UUP,24,2026-02-17,0.006317357014414382,0.0
baseline_last,y_UUP,24,2026-02-18,0.0014771386868552838,0.006317357014414382
baseline_last,y_UUP,24,2026-02-19,-0.0011062199748205215,0.0014771386868552838
baseline_last,y_UUP,24,2026-02-23,0.0007382967017723896,0.0
baseline_last,y_UUP,24,2026-02-24,-0.0011066280328320133,0.0007382967017723896
baseline_last,y_UUP,24,2026-02-25,0.000738569343427864,-0.0011066280328320133
baseline_last,y_UUP,24,2026-02-26,-0.0007380242613336252,0.000738569343427864
baseline_last,y_UUP,24,2026-03-02,0.004756646949487964,0.0
baseline_last,y_UUP,24,2026-03-03,-0.0018208025756569768,0.004756646949487964
baseline_last,y_UUP,24,2026-03-04,0.002553801357676022,-0.0018208025756569768
baseline_last,y_UUP,24,2026-03-05,-0.00036390935401831026,0.002553801357676022
baseline_last,y_XLB,0,2024-08-05,0.005111982366713175,0.0
baseline_last,y_XLB,0,2024-08-06,-0.013562443502398436,0.005111982366713175
baseline_last,y_XLB,0,2024-08-07,0.015467458879019125,-0.013562443502398436
baseline_last,y_XLB,0,2024-08-08,-0.000789760785544491,0.015467458879019125
baseline_last,y_XLB,0,2024-08-12,0.009980678275147259,0.0
baseline_last,y_XLB,0,2024-08-13,0.0,0.009980678275147259
baseline_last,y_XLB,0,2024-08-14,0.01583391763271269,0.0
baseline_last,y_XLB,0,2024-08-15,0.0012160454421095146,0.01583391763271269
baseline_last,y_XLB,0,2024-08-19,-0.003626487735878814,0.0
baseline_last,y_XLB,0,2024-08-20,0.01147017428869579,-0.003626487735878814
baseline_last,y_XLB,0,2024-08-21,-0.0020717665838776433,0.01147017428869579
baseline_last,y_XLB,0,2024-08-22,0.013221142289661314,-0.0020717665838776433
baseline_last,y_XLB,0,2024-08-26,0.00010729963101385742,0.0
baseline_last,y_XLB,1,2024-08-26,0.00010729963101385742,0.0
baseline_last,y_XLB,0,2024-08-27,-0.004294139487712623,0.00010729963101385742
baseline_last,y_XLB,1,2024-08-27,-0.004294139487712623,0.00010729963101385742
baseline_last,y_XLB,0,2024-08-28,0.005498764719909399,-0.004294139487712623
baseline_last,y_XLB,1,2024-08-28,0.005498764719909399,-0.004294139487712623
baseline_last,y_XLB,0,2024-08-29,0.01093713458076584,0.005498764719909399
baseline_last,y_XLB,1,2024-08-29,0.01093713458076584,0.005498764719909399
baseline_last,y_XLB,0,2024-09-03,-0.0041242811585234795,0.0
baseline_last,y_XLB,1,2024-09-03,-0.0041242811585234795,0.0
baseline_last,y_XLB,0,2024-09-04,-0.00784655548715163,-0.0041242811585234795
baseline_last,y_XLB,1,2024-09-04,-0.00784655548715163,-0.0041242811585234795
baseline_last,y_XLB,0,2024-09-05,-0.012631856926981877,-0.00784655548715163
baseline_last,y_XLB,1,2024-09-05,-0.012631856926981877,-0.00784655548715163
baseline_last,y_XLB,0,2024-09-09,0.00044088626709837264,0.0
baseline_last,y_XLB,1,2024-09-09,0.00044088626709837264,0.0
baseline_last,y_XLB,0,2024-09-10,0.002422897292292614,0.00044088626709837264
baseline_last,y_XLB,1,2024-09-10,0.002422897292292614,0.00044088626709837264
baseline_last,y_XLB,0,2024-09-11,0.009228710038458932,0.002422897292292614
baseline_last,y_XLB,1,2024-09-11,0.009228710038458932,0.002422897292292614
baseline_last,y_XLB,0,2024-09-12,0.009035353936655666,0.009228710038458932
baseline_last,y_XLB,1,2024-09-12,0.009035353936655666,0.009228710038458932
baseline_last,y_XLB,2,2024-09-12,0.009035353936655666,0.009228710038458932
baseline_last,y_XLB,0,2024-09-16,0.001924188598533716,0.0
baseline_last,y_XLB,1,2024-09-16,0.001924188598533716,0.0
baseline_last,y_XLB,2,2024-09-16,0.001924188598533716,0.0
baseline_last,y_XLB,0,2024-09-17,-0.004267567093621749,0.001924188598533716
baseline_last,y_XLB,1,2024-09-17,-0.004267567093621749,0.001924188598533716
baseline_last,y_XLB,2,2024-09-17,-0.004267567093621749,0.001924188598533716
baseline_last,y_XLB,0,2024-09-18,0.015107707934707726,-0.004267567093621749
baseline_last,y_XLB,1,2024-09-18,0.015107707934707726,-0.004267567093621749
baseline_last,y_XLB,2,2024-09-18,0.015107707934707726,-0.004267567093621749
baseline_last,y_XLB,0,2024-09-19,-0.007071975906386085,0.015107707934707726
baseline_last,y_XLB,1,2024-09-19,-0.007071975906386085,0.015107707934707726
baseline_last,y_XLB,2,2024-09-19,-0.007071975906386085,0.015107707934707726
baseline_last,y_XLB,0,2024-09-23,0.013655112468113684,0.0
baseline_last,y_XLB,1,2024-09-23,0.013655112468113684,0.0
baseline_last,y_XLB,2,2024-09-23,0.013655112468113684,0.0
baseline_last,y_XLB,0,2024-09-24,-0.00668334514734803,0.013655112468113684
baseline_last,y_XLB,1,2024-09-24,-0.00668334514734803,0.013655112468113684
baseline_last,y_XLB,2,2024-09-24,-0.00668334514734803,0.013655112468113684
baseline_last,y_XLB,0,2024-09-25,0.02071056594517051,-0.00668334514734803
baseline_last,y_XLB,1,2024-09-25,0.02071056594517051,-0.00668334514734803
baseline_last,y_XLB,2,2024-09-25,0.02071056594517051,-0.00668334514734803
baseline_last,y_XLB,0,2024-09-26,-0.0017508883746425452,0.02071056594517051
baseline_last,y_XLB,1,2024-09-26,-0.0017508883746425452,0.02071056594517051
baseline_last,y_XLB,2,2024-09-26,-0.0017508883746425452,0.02071056594517051
baseline_last,y_XLB,0,2024-09-30,-0.0024901422569747478,0.0
baseline_last,y_XLB,1,2024-09-30,-0.0024901422569747478,0.0
baseline_last,y_XLB,2,2024-09-30,-0.0024901422569747478,0.0
baseline_last,y_XLB,0,2024-10-01,-0.003848637506332797,-0.0024901422569747478
baseline_last,y_XLB,1,2024-10-01,-0.003848637506332797,-0.0024901422569747478
baseline_last,y_XLB,2,2024-10-01,-0.003848637506332797,-0.0024901422569747478
baseline_last,y_XLB,0,2024-10-02,-0.011068133346521014,-0.003848637506332797
baseline_last,y_XLB,1,2024-10-02,-0.011068133346521014,-0.003848637506332797
baseline_last,y_XLB,2,2024-10-02,-0.011068133346521014,-0.003848637506332797
baseline_last,y_XLB,0,2024-10-03,0.004857005737312292,-0.011068133346521014
baseline_last,y_XLB,1,2024-10-03,0.004857005737312292,-0.011068133346521014
baseline_last,y_XLB,2,2024-10-03,0.004857005737312292,-0.011068133346521014
baseline_last,y_XLB,1,2024-10-07,-0.004636932825391016,0.0
baseline_last,y_XLB,2,2024-10-07,-0.004636932825391016,0.0
baseline_last,y_XLB,3,2024-10-07,-0.004636932825391016,0.0
baseline_last,y_XLB,1,2024-10-08,0.006352772408346752,-0.004636932825391016
baseline_last,y_XLB,2,2024-10-08,0.006352772408346752,-0.004636932825391016
baseline_last,y_XLB,3,2024-10-08,0.006352772408346752,-0.004636932825391016
baseline_last,y_XLB,1,2024-10-09,0.0023143985892406516,0.006352772408346752
baseline_last,y_XLB,2,2024-10-09,0.0023143985892406516,0.006352772408346752
baseline_last,y_XLB,3,2024-10-09,0.0023143985892406516,0.006352772408346752
baseline_last,y_XLB,1,2024-10-10,0.006507783288780322,0.0023143985892406516
baseline_last,y_XLB,2,2024-10-10,0.006507783288780322,0.0023143985892406516
baseline_last,y_XLB,3,2024-10-10,0.006507783288780322,0.0023143985892406516
baseline_last,y_XLB,1,2024-10-14,-0.001037109660457114,0.0
baseline_last,y_XLB,2,2024-10-14,-0.001037109660457114,0.0
baseline_last,y_XLB,3,2024-10-14,-0.001037109660457114,0.0
baseline_last,y_XLB,1,2024-10-15,0.007784976963336909,-0.001037109660457114
baseline_last,y_XLB,2,2024-10-15,0.007784976963336909,-0.001037109660457114
baseline_last,y_XLB,3,2024-10-15,0.007784976963336909,-0.001037109660457114
baseline_last,y_XLB,1,2024-10-16,0.0015449678535186528,0.007784976963336909
baseline_last,y_XLB,2,2024-10-16,0.0015449678535186528,0.007784976963336909
baseline_last,y_XLB,3,2024-10-16,0.0015449678535186528,0.007784976963336909
baseline_last,y_XLB,1,2024-10-17,0.004010703897839418,0.0015449678535186528
baseline_last,y_XLB,2,2024-10-17,0.004010703897839418,0.0015449678535186528
baseline_last,y_XLB,3,2024-10-17,0.004010703897839418,0.0015449678535186528
baseline_last,y_XLB,1,2024-10-21,-0.009186635985069747,0.0
baseline_last,y_XLB,2,2024-10-21,-0.009186635985069747,0.0
baseline_last,y_XLB,3,2024-10-21,-0.009186635985069747,0.0
baseline_last,y_XLB,1,2024-10-22,-0.002708539800516774,-0.009186635985069747
baseline_last,y_XLB,2,2024-10-22,-0.002708539800516774,-0.009186635985069747
baseline_last,y_XLB,3,2024-10-22,-0.002708539800516774,-0.009186635985069747
baseline_last,y_XLB,1,2024-10-23,-0.012222062709831505,-0.002708539800516774
baseline_last,y_XLB,2,2024-10-23,-0.012222062709831505,-0.002708539800516774
baseline_last,y_XLB,3,2024-10-23,-0.012222062709831505,-0.002708539800516774
baseline_last,y_XLB,1,2024-10-24,-0.006345052011708319,-0.012222062709831505
baseline_last,y_XLB,2,2024-10-24,-0.006345052011708319,-0.012222062709831505
baseline_last,y_XLB,3,2024-10-24,-0.006345052011708319,-0.012222062709831505
baseline_last,y_XLB,2,2024-10-28,-0.006438757743380874,0.0
baseline_last,y_XLB,3,2024-10-28,-0.006438757743380874,0.0
baseline_last,y_XLB,4,2024-10-28,-0.006438757743380874,0.0
baseline_last,y_XLB,2,2024-10-29,0.005418089148432337,-0.006438757743380874
baseline_last,y_XLB,3,2024-10-29,0.005418089148432337,-0.006438757743380874
baseline_last,y_XLB,4,2024-10-29,0.005418089148432337,-0.006438757743380874
baseline_last,y_XLB,2,2024-10-30,-0.013207917063865038,0.005418089148432337
baseline_last,y_XLB,3,2024-10-30,-0.013207917063865038,0.005418089148432337
baseline_last,y_XLB,4,2024-10-30,-0.013207917063865038,0.005418089148432337
baseline_last,y_XLB,2,2024-10-31,-0.0027840298866111945,-0.013207917063865038
baseline_last,y_XLB,3,2024-10-31,-0.0027840298866111945,-0.013207917063865038
baseline_last,y_XLB,4,2024-10-31,-0.0027840298866111945,-0.013207917063865038
baseline_last,y_XLB,2,2024-11-04,0.0014966504731617203,0.0
baseline_last,y_XLB,3,2024-11-04,0.0014966504731617203,0.0
baseline_last,y_XLB,4,2024-11-04,0.0014966504731617203,0.0
baseline_last,y_XLB,2,2024-11-05,0.0137703498872217,0.0014966504731617203
baseline_last,y_XLB,3,2024-11-05,0.0137703498872217,0.0014966504731617203
baseline_last,y_XLB,4,2024-11-05,0.0137703498872217,0.0014966504731617203
baseline_last,y_XLB,2,2024-11-06,0.0038958865460381187,0.0137703498872217
baseline_last,y_XLB,3,2024-11-06,0.0038958865460381187,0.0137703498872217
baseline_last,y_XLB,4,2024-11-06,0.0038958865460381187,0.0137703498872217
baseline_last,y_XLB,2,2024-11-07,-0.009125161028633921,0.0038958865460381187
baseline_last,y_XLB,3,2024-11-07,-0.009125161028633921,0.0038958865460381187
baseline_last,y_XLB,4,2024-11-07,-0.009125161028633921,0.0038958865460381187
baseline_last,y_XLB,2,2024-11-11,-0.01701038562157431,0.0
baseline_last,y_XLB,3,2024-11-11,-0.01701038562157431,0.0
baseline_last,y_XLB,4,2024-11-11,-0.01701038562157431,0.0
baseline_last,y_XLB,2,2024-11-12,0.002379399405953775,-0.01701038562157431
baseline_last,y_XLB,3,2024-11-12,0.002379399405953775,-0.01701038562157431
baseline_last,y_XLB,4,2024-11-12,0.002379399405953775,-0.01701038562157431
baseline_last,y_XLB,2,2024-11-13,-0.008200185741017774,0.002379399405953775
baseline_last,y_XLB,3,2024-11-13,-0.008200185741017774,0.002379399405953775
baseline_last,y_XLB,4,2024-11-13,-0.008200185741017774,0.002379399405953775
baseline_last,y_XLB,2,2024-11-14,-0.006962629920673091,-0.008200185741017774
baseline_last,y_XLB,3,2024-11-14,-0.006962629920673091,-0.008200185741017774
baseline_last,y_XLB,4,2024-11-14,-0.006962629920673091,-0.008200185741017774
baseline_last,y_XLB,3,2024-11-18,-0.0032612439748742617,0.0
baseline_last,y_XLB,4,2024-11-18,-0.0032612439748742617,0.0
baseline_last,y_XLB,5,2024-11-18,-0.0032612439748742617,0.0
baseline_last,y_XLB,3,2024-11-19,0.008179786215697593,-0.0032612439748742617
baseline_last,y_XLB,4,2024-11-19,0.008179786215697593,-0.0032612439748742617
baseline_last,y_XLB,5,2024-11-19,0.008179786215697593,-0.0032612439748742617
baseline_last,y_XLB,3,2024-11-20,0.012224157675776892,0.008179786215697593
baseline_last,y_XLB,4,2024-11-20,0.012224157675776892,0.008179786215697593
baseline_last,y_XLB,5,2024-11-20,0.012224157675776892,0.008179786215697593
baseline_last,y_XLB,3,2024-11-21,0.0055572645943084975,0.012224157675776892
baseline_last,y_XLB,4,2024-11-21,0.0055572645943084975,0.012224157675776892
baseline_last,y_XLB,5,2024-11-21,0.0055572645943084975,0.012224157675776892
baseline_last,y_XLB,3,2024-11-25,-0.007468837604189038,0.0
baseline_last,y_XLB,4,2024-11-25,-0.007468837604189038,0.0
baseline_last,y_XLB,5,2024-11-25,-0.007468837604189038,0.0
baseline_last,y_XLB,3,2024-11-26,-0.0005299172791831674,-0.007468837604189038
baseline_last,y_XLB,4,2024-11-26,-0.0005299172791831674,-0.007468837604189038
baseline_last,y_XLB,5,2024-11-26,-0.0005299172791831674,-0.007468837604189038
baseline_last,y_XLB,3,2024-12-02,-0.0031673314718291268,0.0
baseline_last,y_XLB,4,2024-12-02,-0.0031673314718291268,0.0
baseline_last,y_XLB,5,2024-12-02,-0.0031673314718291268,0.0
baseline_last,y_XLB,3,2024-12-03,-0.009743680996964321,-0.0031673314718291268
baseline_last,y_XLB,4,2024-12-03,-0.009743680996964321,-0.0031673314718291268
baseline_last,y_XLB,5,2024-12-03,-0.009743680996964321,-0.0031673314718291268
baseline_last,y_XLB,3,2024-12-04,-0.013155043798557475,-0.009743680996964321
baseline_last,y_XLB,4,2024-12-04,-0.013155043798557475,-0.009743680996964321
baseline_last,y_XLB,5,2024-12-04,-0.013155043798557475,-0.009743680996964321
baseline_last,y_XLB,3,2024-12-05,-0.003901633896615353,-0.013155043798557475
baseline_last,y_XLB,4,2024-12-05,-0.003901633896615353,-0.013155043798557475
baseline_last,y_XLB,5,2024-12-05,-0.003901633896615353,-0.013155043798557475
baseline_last,y_XLB,4,2024-12-09,-0.010229526348772278,0.0
baseline_last,y_XLB,5,2024-12-09,-0.010229526348772278,0.0
baseline_last,y_XLB,6,2024-12-09,-0.010229526348772278,0.0
baseline_last,y_XLB,4,2024-12-10,-0.0035185297306817853,-0.010229526348772278
baseline_last,y_XLB,5,2024-12-10,-0.0035185297306817853,-0.010229526348772278
baseline_last,y_XLB,6,2024-12-10,-0.0035185297306817853,-0.010229526348772278
baseline_last,y_XLB,4,2024-12-11,-0.006951176317064989,-0.0035185297306817853
baseline_last,y_XLB,5,2024-12-11,-0.006951176317064989,-0.0035185297306817853
baseline_last,y_XLB,6,2024-12-11,-0.006951176317064989,-0.0035185297306817853
baseline_last,y_XLB,4,2024-12-12,-0.008555612655548606,-0.006951176317064989
baseline_last,y_XLB,5,2024-12-12,-0.008555612655548606,-0.006951176317064989
baseline_last,y_XLB,6,2024-12-12,-0.008555612655548606,-0.006951176317064989
baseline_last,y_XLB,4,2024-12-16,-0.005540437169537449,0.0
baseline_last,y_XLB,5,2024-12-16,-0.005540437169537449,0.0
baseline_last,y_XLB,6,2024-12-16,-0.005540437169537449,0.0
baseline_last,y_XLB,4,2024-12-17,-0.028425179728469807,-0.005540437169537449
baseline_last,y_XLB,5,2024-12-17,-0.028425179728469807,-0.005540437169537449
baseline_last,y_XLB,6,2024-12-17,-0.028425179728469807,-0.005540437169537449
baseline_last,y_XLB,4,2024-12-18,-0.010766601940183307,-0.028425179728469807
baseline_last,y_XLB,5,2024-12-18,-0.010766601940183307,-0.028425179728469807
baseline_last,y_XLB,6,2024-12-18,-0.010766601940183307,-0.028425179728469807
baseline_last,y_XLB,4,2024-12-19,0.012421702163413206,-0.010766601940183307
baseline_last,y_XLB,5,2024-12-19,0.012421702163413206,-0.010766601940183307
baseline_last,y_XLB,6,2024-12-19,0.012421702163413206,-0.010766601940183307
baseline_last,y_XLB,4,2024-12-23,0.005407237768176865,0.0
baseline_last,y_XLB,5,2024-12-23,0.005407237768176865,0.0
baseline_last,y_XLB,6,2024-12-23,0.005407237768176865,0.0
baseline_last,y_XLB,4,2024-12-26,-0.005386434487613667,0.0
baseline_last,y_XLB,5,2024-12-26,-0.005386434487613667,0.0
baseline_last,y_XLB,6,2024-12-26,-0.005386434487613667,0.0
baseline_last,y_XLB,5,2024-12-30,0.004057252066464789,0.0
baseline_last,y_XLB,6,2024-12-30,0.004057252066464789,0.0
baseline_last,y_XLB,7,2024-12-30,0.004057252066464789,0.0
baseline_last,y_XLB,5,2025-01-02,-0.00024023863392585998,0.0
baseline_last,y_XLB,6,2025-01-02,-0.00024023863392585998,0.0
baseline_last,y_XLB,7,2025-01-02,-0.00024023863392585998,0.0
baseline_last,y_XLB,5,2025-01-06,-0.0005970492055510368,0.0
baseline_last,y_XLB,6,2025-01-06,-0.0005970492055510368,0.0
baseline_last,y_XLB,7,2025-01-06,-0.0005970492055510368,0.0
baseline_last,y_XLB,5,2025-01-07,0.005495836659227704,-0.0005970492055510368
baseline_last,y_XLB,6,2025-01-07,0.005495836659227704,-0.0005970492055510368
baseline_last,y_XLB,7,2025-01-07,0.005495836659227704,-0.0005970492055510368
baseline_last,y_XLB,5,2025-01-13,0.01244721487810585,0.0
baseline_last,y_XLB,6,2025-01-13,0.01244721487810585,0.0
baseline_last,y_XLB,7,2025-01-13,0.01244721487810585,0.0
baseline_last,y_XLB,5,2025-01-14,0.009510522177124336,0.01244721487810585
baseline_last,y_XLB,6,2025-01-14,0.009510522177124336,0.01244721487810585
baseline_last,y_XLB,7,2025-01-14,0.009510522177124336,0.01244721487810585
baseline_last,y_XLB,5,2025-01-15,0.008271961289280982,0.009510522177124336
baseline_last,y_XLB,6,2025-01-15,0.008271961289280982,0.009510522177124336
baseline_last,y_XLB,7,2025-01-15,0.008271961289280982,0.009510522177124336
baseline_last,y_XLB,5,2025-01-16,0.006495058150334687,0.008271961289280982
baseline_last,y_XLB,6,2025-01-16,0.006495058150334687,0.008271961289280982
baseline_last,y_XLB,7,2025-01-16,0.006495058150334687,0.008271961289280982
baseline_last,y_XLB,6,2025-01-21,-0.00804828221289533,0.0
baseline_last,y_XLB,7,2025-01-21,-0.00804828221289533,0.0
baseline_last,y_XLB,8,2025-01-21,-0.00804828221289533,0.0
baseline_last,y_XLB,6,2025-01-22,0.005521732763602127,-0.00804828221289533
baseline_last,y_XLB,7,2025-01-22,0.005521732763602127,-0.00804828221289533
baseline_last,y_XLB,8,2025-01-22,0.005521732763602127,-0.00804828221289533
baseline_last,y_XLB,6,2025-01-23,-0.0025776169400308913,0.005521732763602127
baseline_last,y_XLB,7,2025-01-23,-0.0025776169400308913,0.005521732763602127
baseline_last,y_XLB,8,2025-01-23,-0.0025776169400308913,0.005521732763602127
baseline_last,y_XLB,6,2025-01-27,-0.0032566270906391193,0.0
baseline_last,y_XLB,7,2025-01-27,-0.0032566270906391193,0.0
baseline_last,y_XLB,8,2025-01-27,-0.0032566270906391193,0.0
baseline_last,y_XLB,6,2025-01-28,-0.0018026121306800036,-0.0032566270906391193
baseline_last,y_XLB,7,2025-01-28,-0.0018026121306800036,-0.0032566270906391193
baseline_last,y_XLB,8,2025-01-28,-0.0018026121306800036,-0.0032566270906391193
baseline_last,y_XLB,6,2025-01-29,0.00948084781092362,-0.0018026121306800036
baseline_last,y_XLB,7,2025-01-29,0.00948084781092362,-0.0018026121306800036
baseline_last,y_XLB,8,2025-01-29,0.00948084781092362,-0.0018026121306800036
baseline_last,y_XLB,6,2025-01-30,-0.007267424030393155,0.00948084781092362
baseline_last,y_XLB,7,2025-01-30,-0.007267424030393155,0.00948084781092362
baseline_last,y_XLB,8,2025-01-30,-0.007267424030393155,0.00948084781092362
baseline_last,y_XLB,6,2025-02-03,0.0029253556297950123,0.0
baseline_last,y_XLB,7,2025-02-03,0.0029253556297950123,0.0
baseline_last,y_XLB,8,2025-02-03,0.0029253556297950123,0.0
baseline_last,y_XLB,6,2025-02-04,-0.0007853790477418965,0.0029253556297950123
baseline_last,y_XLB,7,2025-02-04,-0.0007853790477418965,0.0029253556297950123
baseline_last,y_XLB,8,2025-02-04,-0.0007853790477418965,0.0029253556297950123
baseline_last,y_XLB,6,2025-02-05,0.0034804166610606924,-0.0007853790477418965
baseline_last,y_XLB,7,2025-02-05,0.0034804166610606924,-0.0007853790477418965
baseline_last,y_XLB,8,2025-02-05,0.0034804166610606924,-0.0007853790477418965
baseline_last,y_XLB,6,2025-02-06,-0.012195144246829104,0.0034804166610606924
baseline_last,y_XLB,7,2025-02-06,-0.012195144246829104,0.0034804166610606924
baseline_last,y_XLB,8,2025-02-06,-0.012195144246829104,0.0034804166610606924
baseline_last,y_XLB,7,2025-02-10,0.005859853510238766,0.0
baseline_last,y_XLB,8,2025-02-10,0.005859853510238766,0.0
baseline_last,y_XLB,9,2025-02-10,0.005859853510238766,0.0
baseline_last,y_XLB,7,2025-02-11,-0.007170057946809916,0.005859853510238766
baseline_last,y_XLB,8,2025-02-11,-0.007170057946809916,0.005859853510238766
baseline_last,y_XLB,9,2025-02-11,-0.007170057946809916,0.005859853510238766
baseline_last,y_XLB,7,2025-02-12,0.017377615829040405,-0.007170057946809916
baseline_last,y_XLB,8,2025-02-12,0.017377615829040405,-0.007170057946809916
baseline_last,y_XLB,9,2025-02-12,0.017377615829040405,-0.007170057946809916
baseline_last,y_XLB,7,2025-02-13,-0.0034383390817349646,0.017377615829040405
baseline_last,y_XLB,8,2025-02-13,-0.0034383390817349646,0.017377615829040405
baseline_last,y_XLB,9,2025-02-13,-0.0034383390817349646,0.017377615829040405
baseline_last,y_XLB,7,2025-02-18,-0.011759576778724856,0.0
baseline_last,y_XLB,8,2025-02-18,-0.011759576778724856,0.0
baseline_last,y_XLB,9,2025-02-18,-0.011759576778724856,0.0
baseline_last,y_XLB,7,2025-02-19,-0.002335439682778939,-0.011759576778724856
baseline_last,y_XLB,8,2025-02-19,-0.002335439682778939,-0.011759576778724856
baseline_last,y_XLB,9,2025-02-19,-0.002335439682778939,-0.011759576778724856
baseline_last,y_XLB,7,2025-02-20,-0.018281156186566783,-0.002335439682778939
baseline_last,y_XLB,8,2025-02-20,-0.018281156186566783,-0.002335439682778939
baseline_last,y_XLB,9,2025-02-20,-0.018281156186566783,-0.002335439682778939
baseline_last,y_XLB,7,2025-02-24,0.00772994505652469,0.0
baseline_last,y_XLB,8,2025-02-24,0.00772994505652469,0.0
baseline_last,y_XLB,9,2025-02-24,0.00772994505652469,0.0
baseline_last,y_XLB,7,2025-02-25,-0.00045125609121132726,0.00772994505652469
baseline_last,y_XLB,8,2025-02-25,-0.00045125609121132726,0.00772994505652469
baseline_last,y_XLB,9,2025-02-25,-0.00045125609121132726,0.00772994505652469
baseline_last,y_XLB,7,2025-02-26,-0.00677119470352705,-0.00045125609121132726
baseline_last,y_XLB,8,2025-02-26,-0.00677119470352705,-0.00045125609121132726
baseline_last,y_XLB,9,2025-02-26,-0.00677119470352705,-0.00045125609121132726
baseline_last,y_XLB,7,2025-02-27,0.008521717541985163,-0.00677119470352705
baseline_last,y_XLB,8,2025-02-27,0.008521717541985163,-0.00677119470352705
baseline_last,y_XLB,9,2025-02-27,0.008521717541985163,-0.00677119470352705
baseline_last,y_XLB,8,2025-03-03,-0.013566434654982529,0.0
baseline_last,y_XLB,9,2025-03-03,-0.013566434654982529,0.0
baseline_last,y_XLB,10,2025-03-03,-0.013566434654982529,0.0
baseline_last,y_XLB,8,2025-03-04,0.026107201246319933,-0.013566434654982529
baseline_last,y_XLB,9,2025-03-04,0.026107201246319933,-0.013566434654982529
baseline_last,y_XLB,10,2025-03-04,0.026107201246319933,-0.013566434654982529
baseline_last,y_XLB,8,2025-03-05,-0.005224826636778701,0.026107201246319933
baseline_last,y_XLB,9,2025-03-05,-0.005224826636778701,0.026107201246319933
baseline_last,y_XLB,10,2025-03-05,-0.005224826636778701,0.026107201246319933
baseline_last,y_XLB,8,2025-03-06,0.002740260091037783,-0.005224826636778701
baseline_last,y_XLB,9,2025-03-06,0.002740260091037783,-0.005224826636778701
baseline_last,y_XLB,10,2025-03-06,0.002740260091037783,-0.005224826636778701
baseline_last,y_XLB,8,2025-03-10,-0.007675281427588998,0.0
baseline_last,y_XLB,9,2025-03-10,-0.007675281427588998,0.0
baseline_last,y_XLB,10,2025-03-10,-0.007675281427588998,0.0
baseline_last,y_XLB,8,2025-03-11,-0.0046877698686720315,-0.007675281427588998
baseline_last,y_XLB,9,2025-03-11,-0.0046877698686720315,-0.007675281427588998
baseline_last,y_XLB,10,2025-03-11,-0.0046877698686720315,-0.007675281427588998
baseline_last,y_XLB,8,2025-03-12,-0.0007063032040822703,-0.0046877698686720315
baseline_last,y_XLB,9,2025-03-12,-0.0007063032040822703,-0.0046877698686720315
baseline_last,y_XLB,10,2025-03-12,-0.0007063032040822703,-0.0046877698686720315
baseline_last,y_XLB,8,2025-03-13,0.0130788245607103,-0.0007063032040822703
baseline_last,y_XLB,9,2025-03-13,0.0130788245607103,-0.0007063032040822703
baseline_last,y_XLB,10,2025-03-13,0.0130788245607103,-0.0007063032040822703
baseline_last,y_XLB,8,2025-03-17,-0.001722780602750662,0.0
baseline_last,y_XLB,9,2025-03-17,-0.001722780602750662,0.0
baseline_last,y_XLB,10,2025-03-17,-0.001722780602750662,0.0
baseline_last,y_XLB,8,2025-03-18,0.003336725748773306,-0.001722780602750662
baseline_last,y_XLB,9,2025-03-18,0.003336725748773306,-0.001722780602750662
baseline_last,y_XLB,10,2025-03-18,0.003336725748773306,-0.001722780602750662
baseline_last,y_XLB,8,2025-03-19,-0.006307344412754934,0.003336725748773306
baseline_last,y_XLB,9,2025-03-19,-0.006307344412754934,0.003336725748773306
baseline_last,y_XLB,10,2025-03-19,-0.006307344412754934,0.003336725748773306
baseline_last,y_XLB,8,2025-03-20,-0.00992499833192928,-0.006307344412754934
baseline_last,y_XLB,9,2025-03-20,-0.00992499833192928,-0.006307344412754934
baseline_last,y_XLB,10,2025-03-20,-0.00992499833192928,-0.006307344412754934
baseline_last,y_XLB,9,2025-03-24,-0.00023124083348002866,0.0
baseline_last,y_XLB,10,2025-03-24,-0.00023124083348002866,0.0
baseline_last,y_XLB,11,2025-03-24,-0.00023124083348002866,0.0
baseline_last,y_XLB,9,2025-03-25,0.001849280423146915,-0.00023124083348002866
baseline_last,y_XLB,10,2025-03-25,0.001849280423146915,-0.00023124083348002866
baseline_last,y_XLB,11,2025-03-25,0.001849280423146915,-0.00023124083348002866
baseline_last,y_XLB,9,2025-03-26,-0.0004614667244073889,0.001849280423146915
baseline_last,y_XLB,10,2025-03-26,-0.0004614667244073889,0.001849280423146915
baseline_last,y_XLB,11,2025-03-26,-0.0004614667244073889,0.001849280423146915
baseline_last,y_XLB,9,2025-03-27,-0.018351703987196988,-0.0004614667244073889
baseline_last,y_XLB,10,2025-03-27,-0.018351703987196988,-0.0004614667244073889
baseline_last,y_XLB,11,2025-03-27,-0.018351703987196988,-0.0004614667244073889
baseline_last,y_XLB,9,2025-03-31,0.003721789564685496,0.0
baseline_last,y_XLB,10,2025-03-31,0.003721789564685496,0.0
baseline_last,y_XLB,11,2025-03-31,0.003721789564685496,0.0
baseline_last,y_XLB,9,2025-04-01,0.008227123492372979,0.003721789564685496
baseline_last,y_XLB,10,2025-04-01,0.008227123492372979,0.003721789564685496
baseline_last,y_XLB,11,2025-04-01,0.008227123492372979,0.003721789564685496
baseline_last,y_XLB,9,2025-04-02,-0.045167213534979656,0.008227123492372979
baseline_last,y_XLB,10,2025-04-02,-0.045167213534979656,0.008227123492372979
baseline_last,y_XLB,11,2025-04-02,-0.045167213534979656,0.008227123492372979
baseline_last,y_XLB,9,2025-04-03,-0.06259035584718209,-0.045167213534979656
baseline_last,y_XLB,10,2025-04-03,-0.06259035584718209,-0.045167213534979656
baseline_last,y_XLB,11,2025-04-03,-0.06259035584718209,-0.045167213534979656
baseline_last,y_XLB,9,2025-04-07,-0.030797388342337362,0.0
baseline_last,y_XLB,10,2025-04-07,-0.030797388342337362,0.0
baseline_last,y_XLB,11,2025-04-07,-0.030797388342337362,0.0
baseline_last,y_XLB,9,2025-04-08,0.0873839131882379,-0.030797388342337362
baseline_last,y_XLB,10,2025-04-08,0.0873839131882379,-0.030797388342337362
baseline_last,y_XLB,11,2025-04-08,0.0873839131882379,-0.030797388342337362
baseline_last,y_XLB,9,2025-04-09,-0.03194650404021748,0.0873839131882379
baseline_last,y_XLB,10,2025-04-09,-0.03194650404021748,0.0873839131882379
baseline_last,y_XLB,11,2025-04-09,-0.03194650404021748,0.0873839131882379
baseline_last,y_XLB,9,2025-04-10,0.029675159279204166,-0.03194650404021748
baseline_last,y_XLB,10,2025-04-10,0.029675159279204166,-0.03194650404021748
baseline_last,y_XLB,11,2025-04-10,0.029675159279204166,-0.03194650404021748
baseline_last,y_XLB,10,2025-04-14,-0.007855544447434526,0.0
baseline_last,y_XLB,11,2025-04-14,-0.007855544447434526,0.0
baseline_last,y_XLB,12,2025-04-14,-0.007855544447434526,0.0
baseline_last,y_XLB,10,2025-04-15,-0.007794241976194383,-0.007855544447434526
baseline_last,y_XLB,11,2025-04-15,-0.007794241976194383,-0.007855544447434526
baseline_last,y_XLB,12,2025-04-15,-0.007794241976194383,-0.007855544447434526
baseline_last,y_XLB,10,2025-04-16,0.006857868244803278,-0.007794241976194383
baseline_last,y_XLB,11,2025-04-16,0.006857868244803278,-0.007794241976194383
baseline_last,y_XLB,12,2025-04-16,0.006857868244803278,-0.007794241976194383
baseline_last,y_XLB,10,2025-04-21,0.023390254631922236,0.0
baseline_last,y_XLB,11,2025-04-21,0.023390254631922236,0.0
baseline_last,y_XLB,12,2025-04-21,0.023390254631922236,0.0
baseline_last,y_XLB,10,2025-04-22,0.0012288487981158003,0.023390254631922236
baseline_last,y_XLB,11,2025-04-22,0.0012288487981158003,0.023390254631922236
baseline_last,y_XLB,12,2025-04-22,0.0012288487981158003,0.023390254631922236
baseline_last,y_XLB,10,2025-04-23,0.021600357832558092,0.0012288487981158003
baseline_last,y_XLB,11,2025-04-23,0.021600357832558092,0.0012288487981158003
baseline_last,y_XLB,12,2025-04-23,0.021600357832558092,0.0012288487981158003
baseline_last,y_XLB,10,2025-04-24,-0.007448283844024184,0.021600357832558092
baseline_last,y_XLB,11,2025-04-24,-0.007448283844024184,0.021600357832558092
baseline_last,y_XLB,12,2025-04-24,-0.007448283844024184,0.021600357832558092
baseline_last,y_XLB,10,2025-04-28,0.008336316515050068,0.0
baseline_last,y_XLB,11,2025-04-28,0.008336316515050068,0.0
baseline_last,y_XLB,12,2025-04-28,0.008336316515050068,0.0
baseline_last,y_XLB,10,2025-04-29,0.0051521835351713285,0.008336316515050068
baseline_last,y_XLB,11,2025-04-29,0.0051521835351713285,0.008336316515050068
baseline_last,y_XLB,12,2025-04-29,0.0051521835351713285,0.008336316515050068
baseline_last,y_XLB,10,2025-04-30,-0.004410599618881017,0.0051521835351713285
baseline_last,y_XLB,11,2025-04-30,-0.004410599618881017,0.0051521835351713285
baseline_last,y_XLB,12,2025-04-30,-0.004410599618881017,0.0051521835351713285
baseline_last,y_XLB,10,2025-05-01,0.01688222684015095,-0.004410599618881017
baseline_last,y_XLB,11,2025-05-01,0.01688222684015095,-0.004410599618881017
baseline_last,y_XLB,12,2025-05-01,0.01688222684015095,-0.004410599618881017
baseline_last,y_XLB,11,2025-05-05,-0.007236118286974569,0.0
baseline_last,y_XLB,12,2025-05-05,-0.007236118286974569,0.0
baseline_last,y_XLB,13,2025-05-05,-0.007236118286974569,0.0
baseline_last,y_XLB,11,2025-05-06,-0.005496419789998375,-0.007236118286974569
baseline_last,y_XLB,12,2025-05-06,-0.005496419789998375,-0.007236118286974569
baseline_last,y_XLB,13,2025-05-06,-0.005496419789998375,-0.007236118286974569
baseline_last,y_XLB,11,2025-05-07,0.013336444872715347,-0.005496419789998375
baseline_last,y_XLB,12,2025-05-07,0.013336444872715347,-0.005496419789998375
baseline_last,y_XLB,13,2025-05-07,0.013336444872715347,-0.005496419789998375
baseline_last,y_XLB,11,2025-05-08,0.002608531167760386,0.013336444872715347
baseline_last,y_XLB,12,2025-05-08,0.002608531167760386,0.013336444872715347
baseline_last,y_XLB,13,2025-05-08,0.002608531167760386,0.013336444872715347
baseline_last,y_XLB,11,2025-05-12,-0.004969963514753428,0.0
baseline_last,y_XLB,12,2025-05-12,-0.004969963514753428,0.0
baseline_last,y_XLB,13,2025-05-12,-0.004969963514753428,0.0
baseline_last,y_XLB,11,2025-05-13,-0.00917645109396581,-0.004969963514753428
baseline_last,y_XLB,12,2025-05-13,-0.00917645109396581,-0.004969963514753428
baseline_last,y_XLB,13,2025-05-13,-0.00917645109396581,-0.004969963514753428
baseline_last,y_XLB,11,2025-05-14,0.010199303092865764,-0.00917645109396581
baseline_last,y_XLB,12,2025-05-14,0.010199303092865764,-0.00917645109396581
baseline_last,y_XLB,13,2025-05-14,0.010199303092865764,-0.00917645109396581
baseline_last,y_XLB,11,2025-05-15,0.010212444477118776,0.010199303092865764
baseline_last,y_XLB,12,2025-05-15,0.010212444477118776,0.010199303092865764
baseline_last,y_XLB,13,2025-05-15,0.010212444477118776,0.010199303092865764
baseline_last,y_XLB,11,2025-05-19,-0.0017187343732765203,0.0
baseline_last,y_XLB,12,2025-05-19,-0.0017187343732765203,0.0
baseline_last,y_XLB,13,2025-05-19,-0.0017187343732765203,0.0
baseline_last,y_XLB,11,2025-05-20,-0.013315034265416581,-0.0017187343732765203
baseline_last,y_XLB,12,2025-05-20,-0.013315034265416581,-0.0017187343732765203
baseline_last,y_XLB,13,2025-05-20,-0.013315034265416581,-0.0017187343732765203
baseline_last,y_XLB,11,2025-05-21,-0.0010469743827774547,-0.013315034265416581
baseline_last,y_XLB,12,2025-05-21,-0.0010469743827774547,-0.013315034265416581
baseline_last,y_XLB,13,2025-05-21,-0.0010469743827774547,-0.013315034265416581
baseline_last,y_XLB,11,2025-05-22,-0.0019797110060242318,-0.0010469743827774547
baseline_last,y_XLB,12,2025-05-22,-0.0019797110060242318,-0.0010469743827774547
baseline_last,y_XLB,13,2025-05-22,-0.0019797110060242318,-0.0010469743827774547
baseline_last,y_XLB,12,2025-05-27,-0.013646700565680292,0.0
baseline_last,y_XLB,13,2025-05-27,-0.013646700565680292,0.0
baseline_last,y_XLB,14,2025-05-27,-0.013646700565680292,0.0
baseline_last,y_XLB,12,2025-05-28,0.003720491335361009,-0.013646700565680292
baseline_last,y_XLB,13,2025-05-28,0.003720491335361009,-0.013646700565680292
baseline_last,y_XLB,14,2025-05-28,0.003720491335361009,-0.013646700565680292
baseline_last,y_XLB,12,2025-05-29,0.00011572225940081893,0.003720491335361009
baseline_last,y_XLB,13,2025-05-29,0.00011572225940081893,0.003720491335361009
baseline_last,y_XLB,14,2025-05-29,0.00011572225940081893,0.003720491335361009
baseline_last,y_XLB,12,2025-06-02,0.01024751382693423,0.0
baseline_last,y_XLB,13,2025-06-02,0.01024751382693423,0.0
baseline_last,y_XLB,14,2025-06-02,0.01024751382693423,0.0
baseline_last,y_XLB,12,2025-06-03,0.003761084169517259,0.01024751382693423
baseline_last,y_XLB,13,2025-06-03,0.003761084169517259,0.01024751382693423
baseline_last,y_XLB,14,2025-06-03,0.003761084169517259,0.01024751382693423
baseline_last,y_XLB,12,2025-06-04,-0.00590429682158633,0.003761084169517259
baseline_last,y_XLB,13,2025-06-04,-0.00590429682158633,0.003761084169517259
baseline_last,y_XLB,14,2025-06-04,-0.00590429682158633,0.003761084169517259
baseline_last,y_XLB,12,2025-06-05,0.002626999429363064,-0.00590429682158633
baseline_last,y_XLB,13,2025-06-05,0.002626999429363064,-0.00590429682158633
baseline_last,y_XLB,14,2025-06-05,0.002626999429363064,-0.00590429682158633
baseline_last,y_XLB,12,2025-06-09,0.0062236674812168324,0.0
baseline_last,y_XLB,13,2025-06-09,0.0062236674812168324,0.0
baseline_last,y_XLB,14,2025-06-09,0.0062236674812168324,0.0
baseline_last,y_XLB,12,2025-06-10,-0.009896433603299282,0.0062236674812168324
baseline_last,y_XLB,13,2025-06-10,-0.009896433603299282,0.0062236674812168324
baseline_last,y_XLB,14,2025-06-10,-0.009896433603299282,0.0062236674812168324
baseline_last,y_XLB,12,2025-06-11,0.0042026061506392764,-0.009896433603299282
baseline_last,y_XLB,13,2025-06-11,0.0042026061506392764,-0.009896433603299282
baseline_last,y_XLB,14,2025-06-11,0.0042026061506392764,-0.009896433603299282
baseline_last,y_XLB,12,2025-06-12,-0.011650268571368305,0.0042026061506392764
baseline_last,y_XLB,13,2025-06-12,-0.011650268571368305,0.0042026061506392764
baseline_last,y_XLB,14,2025-06-12,-0.011650268571368305,0.0042026061506392764
baseline_last,y_XLB,13,2025-07-02,-0.0006561572512118197,0.0
baseline_last,y_XLB,14,2025-07-02,-0.0006561572512118197,0.0
baseline_last,y_XLB,15,2025-07-02,-0.0006561572512118197,0.0
baseline_last,y_XLB,13,2025-07-07,0.00817774974280594,0.0
baseline_last,y_XLB,14,2025-07-07,0.00817774974280594,0.0
baseline_last,y_XLB,15,2025-07-07,0.00817774974280594,0.0
baseline_last,y_XLB,13,2025-07-08,0.006028664280088192,0.00817774974280594
baseline_last,y_XLB,14,2025-07-08,0.006028664280088192,0.00817774974280594
baseline_last,y_XLB,15,2025-07-08,0.006028664280088192,0.00817774974280594
baseline_last,y_XLB,13,2025-07-09,0.005338798312418236,0.006028664280088192
baseline_last,y_XLB,14,2025-07-09,0.005338798312418236,0.006028664280088192
baseline_last,y_XLB,15,2025-07-09,0.005338798312418236,0.006028664280088192
baseline_last,y_XLB,13,2025-07-10,-0.008128216315972936,0.005338798312418236
baseline_last,y_XLB,14,2025-07-10,-0.008128216315972936,0.005338798312418236
baseline_last,y_XLB,15,2025-07-10,-0.008128216315972936,0.005338798312418236
baseline_last,y_XLB,13,2025-07-14,-0.02054717802042727,0.0
baseline_last,y_XLB,14,2025-07-14,-0.02054717802042727,0.0
baseline_last,y_XLB,15,2025-07-14,-0.02054717802042727,0.0
baseline_last,y_XLB,13,2025-07-15,0.002692314840146315,-0.02054717802042727
baseline_last,y_XLB,14,2025-07-15,0.002692314840146315,-0.02054717802042727
baseline_last,y_XLB,15,2025-07-15,0.002692314840146315,-0.02054717802042727
baseline_last,y_XLB,13,2025-07-16,0.007048619474375739,0.002692314840146315
baseline_last,y_XLB,14,2025-07-16,0.007048619474375739,0.002692314840146315
baseline_last,y_XLB,15,2025-07-16,0.007048619474375739,0.002692314840146315
baseline_last,y_XLB,13,2025-07-17,0.002333037658861059,0.007048619474375739
baseline_last,y_XLB,14,2025-07-17,0.002333037658861059,0.007048619474375739
baseline_last,y_XLB,15,2025-07-17,0.002333037658861059,0.007048619474375739
baseline_last,y_XLB,13,2025-07-21,0.01378476046802346,0.0
baseline_last,y_XLB,14,2025-07-21,0.01378476046802346,0.0
baseline_last,y_XLB,15,2025-07-21,0.01378476046802346,0.0
baseline_last,y_XLB,13,2025-07-22,0.0033720701201496173,0.01378476046802346
baseline_last,y_XLB,14,2025-07-22,0.0033720701201496173,0.01378476046802346
baseline_last,y_XLB,15,2025-07-22,0.0033720701201496173,0.01378476046802346
baseline_last,y_XLB,13,2025-07-23,-0.010299150075573027,0.0033720701201496173
baseline_last,y_XLB,14,2025-07-23,-0.010299150075573027,0.0033720701201496173
baseline_last,y_XLB,15,2025-07-23,-0.010299150075573027,0.0033720701201496173
baseline_last,y_XLB,14,2025-07-24,0.011830377546582449,-0.010299150075573027
baseline_last,y_XLB,15,2025-07-24,0.011830377546582449,-0.010299150075573027
baseline_last,y_XLB,16,2025-07-24,0.011830377546582449,-0.010299150075573027
baseline_last,y_XLB,14,2025-07-28,-0.003844882553921569,0.0
baseline_last,y_XLB,15,2025-07-28,-0.003844882553921569,0.0
baseline_last,y_XLB,16,2025-07-28,-0.003844882553921569,0.0
baseline_last,y_XLB,14,2025-07-29,-0.020180867572610617,-0.003844882553921569
baseline_last,y_XLB,15,2025-07-29,-0.020180867572610617,-0.003844882553921569
baseline_last,y_XLB,16,2025-07-29,-0.020180867572610617,-0.003844882553921569
baseline_last,y_XLB,14,2025-07-30,-0.012605433354915152,-0.020180867572610617
baseline_last,y_XLB,15,2025-07-30,-0.012605433354915152,-0.020180867572610617
baseline_last,y_XLB,16,2025-07-30,-0.012605433354915152,-0.020180867572610617
baseline_last,y_XLB,14,2025-07-31,-0.011512698818938905,-0.012605433354915152
baseline_last,y_XLB,15,2025-07-31,-0.011512698818938905,-0.012605433354915152
baseline_last,y_XLB,16,2025-07-31,-0.011512698818938905,-0.012605433354915152
baseline_last,y_XLB,14,2025-08-04,0.007055838413627669,0.0
baseline_last,y_XLB,15,2025-08-04,0.007055838413627669,0.0
baseline_last,y_XLB,16,2025-08-04,0.007055838413627669,0.0
baseline_last,y_XLB,14,2025-08-05,-0.010848625834342207,0.007055838413627669
baseline_last,y_XLB,15,2025-08-05,-0.010848625834342207,0.007055838413627669
baseline_last,y_XLB,16,2025-08-05,-0.010848625834342207,0.007055838413627669
baseline_last,y_XLB,14,2025-08-06,0.004341409545238317,-0.010848625834342207
baseline_last,y_XLB,15,2025-08-06,0.004341409545238317,-0.010848625834342207
baseline_last,y_XLB,16,2025-08-06,0.004341409545238317,-0.010848625834342207
baseline_last,y_XLB,14,2025-08-07,0.005004985878530155,0.004341409545238317
baseline_last,y_XLB,15,2025-08-07,0.005004985878530155,0.004341409545238317
baseline_last,y_XLB,16,2025-08-07,0.005004985878530155,0.004341409545238317
baseline_last,y_XLB,14,2025-08-11,0.013045994141797967,0.0
baseline_last,y_XLB,15,2025-08-11,0.013045994141797967,0.0
baseline_last,y_XLB,16,2025-08-11,0.013045994141797967,0.0
baseline_last,y_XLB,14,2025-08-12,0.018812953417544964,0.013045994141797967
baseline_last,y_XLB,15,2025-08-12,0.018812953417544964,0.013045994141797967
baseline_last,y_XLB,16,2025-08-12,0.018812953417544964,0.013045994141797967
baseline_last,y_XLB,15,2025-08-13,-0.010441869241448298,0.018812953417544964
baseline_last,y_XLB,16,2025-08-13,-0.010441869241448298,0.018812953417544964
baseline_last,y_XLB,17,2025-08-13,-0.010441869241448298,0.018812953417544964
baseline_last,y_XLB,15,2025-08-14,0.0,-0.010441869241448298
baseline_last,y_XLB,16,2025-08-14,0.0,-0.010441869241448298
baseline_last,y_XLB,17,2025-08-14,0.0,-0.010441869241448298
baseline_last,y_XLB,15,2025-08-18,0.006032861677516488,0.0
baseline_last,y_XLB,16,2025-08-18,0.006032861677516488,0.0
baseline_last,y_XLB,17,2025-08-18,0.006032861677516488,0.0
baseline_last,y_XLB,15,2025-08-19,0.0007772766873981318,0.006032861677516488
baseline_last,y_XLB,16,2025-08-19,0.0007772766873981318,0.006032861677516488
baseline_last,y_XLB,17,2025-08-19,0.0007772766873981318,0.006032861677516488
baseline_last,y_XLB,15,2025-08-20,0.0029960562727116002,0.0007772766873981318
baseline_last,y_XLB,16,2025-08-20,0.0029960562727116002,0.0007772766873981318
baseline_last,y_XLB,17,2025-08-20,0.0029960562727116002,0.0007772766873981318
baseline_last,y_XLB,15,2025-08-21,0.01980302928527311,0.0029960562727116002
baseline_last,y_XLB,16,2025-08-21,0.01980302928527311,0.0029960562727116002
baseline_last,y_XLB,17,2025-08-21,0.01980302928527311,0.0029960562727116002
baseline_last,y_XLB,15,2025-08-25,0.0027271949397194017,0.0
baseline_last,y_XLB,16,2025-08-25,0.0027271949397194017,0.0
baseline_last,y_XLB,17,2025-08-25,0.0027271949397194017,0.0
baseline_last,y_XLB,15,2025-08-26,0.0025021685460733245,0.0027271949397194017
baseline_last,y_XLB,16,2025-08-26,0.0025021685460733245,0.0027271949397194017
baseline_last,y_XLB,17,2025-08-26,0.0025021685460733245,0.0027271949397194017
baseline_last,y_XLB,15,2025-08-27,0.0,0.0025021685460733245
baseline_last,y_XLB,16,2025-08-27,0.0,0.0025021685460733245
baseline_last,y_XLB,17,2025-08-27,0.0,0.0025021685460733245
baseline_last,y_XLB,15,2025-08-28,0.00141067746800827,0.0
baseline_last,y_XLB,16,2025-08-28,0.00141067746800827,0.0
baseline_last,y_XLB,17,2025-08-28,0.00141067746800827,0.0
baseline_last,y_XLB,15,2025-09-02,-0.006769260381853215,0.0
baseline_last,y_XLB,16,2025-09-02,-0.006769260381853215,0.0
baseline_last,y_XLB,17,2025-09-02,-0.006769260381853215,0.0
baseline_last,y_XLB,16,2025-09-03,0.003847418484176357,-0.006769260381853215
baseline_last,y_XLB,17,2025-09-03,0.003847418484176357,-0.006769260381853215
baseline_last,y_XLB,18,2025-09-03,0.003847418484176357,-0.006769260381853215
baseline_last,y_XLB,16,2025-09-04,0.00700831318024564,0.003847418484176357
baseline_last,y_XLB,17,2025-09-04,0.00700831318024564,0.003847418484176357
baseline_last,y_XLB,18,2025-09-04,0.00700831318024564,0.003847418484176357
baseline_last,y_XLB,16,2025-09-08,-0.016297305718619315,0.0
baseline_last,y_XLB,17,2025-09-08,-0.016297305718619315,0.0
baseline_last,y_XLB,18,2025-09-08,-0.016297305718619315,0.0
baseline_last,y_XLB,16,2025-09-09,0.00187761407954401,-0.016297305718619315
baseline_last,y_XLB,17,2025-09-09,0.00187761407954401,-0.016297305718619315
baseline_last,y_XLB,18,2025-09-09,0.00187761407954401,-0.016297305718619315
baseline_last,y_XLB,16,2025-09-10,0.02094590037522681,0.00187761407954401
baseline_last,y_XLB,17,2025-09-10,0.02094590037522681,0.00187761407954401
baseline_last,y_XLB,18,2025-09-10,0.02094590037522681,0.00187761407954401
baseline_last,y_XLB,16,2025-09-11,-0.01004209763676489,0.02094590037522681
baseline_last,y_XLB,17,2025-09-11,-0.01004209763676489,0.02094590037522681
baseline_last,y_XLB,18,2025-09-11,-0.01004209763676489,0.02094590037522681
baseline_last,y_XLB,16,2025-09-15,-0.00307893308728302,0.0
baseline_last,y_XLB,17,2025-09-15,-0.00307893308728302,0.0
baseline_last,y_XLB,18,2025-09-15,-0.00307893308728302,0.0
baseline_last,y_XLB,16,2025-09-16,0.002316310398171817,-0.00307893308728302
baseline_last,y_XLB,17,2025-09-16,0.002316310398171817,-0.00307893308728302
baseline_last,y_XLB,18,2025-09-16,0.002316310398171817,-0.00307893308728302
baseline_last,y_XLB,16,2025-09-17,0.0,0.002316310398171817
baseline_last,y_XLB,17,2025-09-17,0.0,0.002316310398171817
baseline_last,y_XLB,18,2025-09-17,0.0,0.002316310398171817
baseline_last,y_XLB,16,2025-09-18,-0.00044016219268772083,0.0
baseline_last,y_XLB,17,2025-09-18,-0.00044016219268772083,0.0
baseline_last,y_XLB,18,2025-09-18,-0.00044016219268772083,0.0
baseline_last,y_XLB,16,2025-09-22,-0.0032090570492713244,0.0
baseline_last,y_XLB,17,2025-09-22,-0.0032090570492713244,0.0
baseline_last,y_XLB,18,2025-09-22,-0.0032090570492713244,0.0
baseline_last,y_XLB,17,2025-09-23,-0.012211387538798246,-0.0032090570492713244
baseline_last,y_XLB,18,2025-09-23,-0.012211387538798246,-0.0032090570492713244
baseline_last,y_XLB,19,2025-09-23,-0.012211387538798246,-0.0032090570492713244
baseline_last,y_XLB,17,2025-09-24,-0.013036663618001487,-0.012211387538798246
baseline_last,y_XLB,18,2025-09-24,-0.013036663618001487,-0.012211387538798246
baseline_last,y_XLB,19,2025-09-24,-0.013036663618001487,-0.012211387538798246
baseline_last,y_XLB,17,2025-09-25,0.011614679448661791,-0.013036663618001487
baseline_last,y_XLB,18,2025-09-25,0.011614679448661791,-0.013036663618001487
baseline_last,y_XLB,19,2025-09-25,0.011614679448661791,-0.013036663618001487
baseline_last,y_XLB,17,2025-09-29,0.004933884095687846,0.0
baseline_last,y_XLB,18,2025-09-29,0.004933884095687846,0.0
baseline_last,y_XLB,19,2025-09-29,0.004933884095687846,0.0
baseline_last,y_XLB,17,2025-09-30,-0.0104888199461457,0.004933884095687846
baseline_last,y_XLB,18,2025-09-30,-0.0104888199461457,0.004933884095687846
baseline_last,y_XLB,19,2025-09-30,-0.0104888199461457,0.004933884095687846
baseline_last,y_XLB,17,2025-10-01,0.011614808731960524,-0.0104888199461457
baseline_last,y_XLB,18,2025-10-01,0.011614808731960524,-0.0104888199461457
baseline_last,y_XLB,19,2025-10-01,0.011614808731960524,-0.0104888199461457
baseline_last,y_XLB,17,2025-10-02,0.0016720688338422995,0.011614808731960524
baseline_last,y_XLB,18,2025-10-02,0.0016720688338422995,0.011614808731960524
baseline_last,y_XLB,19,2025-10-02,0.0016720688338422995,0.011614808731960524
baseline_last,y_XLB,17,2025-10-06,-0.004009836330787886,0.0
baseline_last,y_XLB,18,2025-10-06,-0.004009836330787886,0.0
baseline_last,y_XLB,19,2025-10-06,-0.004009836330787886,0.0
baseline_last,y_XLB,17,2025-10-07,0.005367973134748905,-0.004009836330787886
baseline_last,y_XLB,18,2025-10-07,0.005367973134748905,-0.004009836330787886
baseline_last,y_XLB,19,2025-10-07,0.005367973134748905,-0.004009836330787886
baseline_last,y_XLB,17,2025-10-08,-0.013681901317758705,0.005367973134748905
baseline_last,y_XLB,18,2025-10-08,-0.013681901317758705,0.005367973134748905
baseline_last,y_XLB,19,2025-10-08,-0.013681901317758705,0.005367973134748905
baseline_last,y_XLB,17,2025-10-09,-0.020525548697734597,-0.013681901317758705
baseline_last,y_XLB,18,2025-10-09,-0.020525548697734597,-0.013681901317758705
baseline_last,y_XLB,19,2025-10-09,-0.020525548697734597,-0.013681901317758705
baseline_last,y_XLB,18,2025-10-13,0.009973930675745146,0.0
baseline_last,y_XLB,19,2025-10-13,0.009973930675745146,0.0
baseline_last,y_XLB,20,2025-10-13,0.009973930675745146,0.0
baseline_last,y_XLB,18,2025-10-14,-0.004488872656121745,0.009973930675745146
baseline_last,y_XLB,19,2025-10-14,-0.004488872656121745,0.009973930675745146
baseline_last,y_XLB,20,2025-10-14,-0.004488872656121745,0.009973930675745146
baseline_last,y_XLB,18,2025-10-15,-0.007439950814700724,-0.004488872656121745
baseline_last,y_XLB,19,2025-10-15,-0.007439950814700724,-0.004488872656121745
baseline_last,y_XLB,20,2025-10-15,-0.007439950814700724,-0.004488872656121745
baseline_last,y_XLB,18,2025-10-16,-0.001930737828743867,-0.007439950814700724
baseline_last,y_XLB,19,2025-10-16,-0.001930737828743867,-0.007439950814700724
baseline_last,y_XLB,20,2025-10-16,-0.001930737828743867,-0.007439950814700724
baseline_last,y_XLB,18,2025-10-20,-0.0038232647245189932,0.0
baseline_last,y_XLB,19,2025-10-20,-0.0038232647245189932,0.0
baseline_last,y_XLB,20,2025-10-20,-0.0038232647245189932,0.0
baseline_last,y_XLB,18,2025-10-21,-0.0030476878707788035,-0.0038232647245189932
baseline_last,y_XLB,19,2025-10-21,-0.0030476878707788035,-0.0038232647245189932
baseline_last,y_XLB,20,2025-10-21,-0.0030476878707788035,-0.0038232647245189932
baseline_last,y_XLB,18,2025-10-22,0.012001741104257002,-0.0030476878707788035
baseline_last,y_XLB,19,2025-10-22,0.012001741104257002,-0.0030476878707788035
baseline_last,y_XLB,20,2025-10-22,0.012001741104257002,-0.0030476878707788035
baseline_last,y_XLB,18,2025-10-23,-0.0041395786256104294,0.012001741104257002
baseline_last,y_XLB,19,2025-10-23,-0.0041395786256104294,0.012001741104257002
baseline_last,y_XLB,20,2025-10-23,-0.0041395786256104294,0.012001741104257002
baseline_last,y_XLB,18,2025-10-27,0.001348694678694029,0.0
baseline_last,y_XLB,19,2025-10-27,0.001348694678694029,0.0
baseline_last,y_XLB,20,2025-10-27,0.001348694678694029,0.0
baseline_last,y_XLB,18,2025-10-28,-0.01964305620055029,0.001348694678694029
baseline_last,y_XLB,19,2025-10-28,-0.01964305620055029,0.001348694678694029
baseline_last,y_XLB,20,2025-10-28,-0.01964305620055029,0.001348694678694029
baseline_last,y_XLB,18,2025-10-29,-0.013395864812801972,-0.01964305620055029
baseline_last,y_XLB,19,2025-10-29,-0.013395864812801972,-0.01964305620055029
baseline_last,y_XLB,20,2025-10-29,-0.013395864812801972,-0.01964305620055029
baseline_last,y_XLB,18,2025-10-30,-0.0058025335534617195,-0.013395864812801972
baseline_last,y_XLB,19,2025-10-30,-0.0058025335534617195,-0.013395864812801972
baseline_last,y_XLB,20,2025-10-30,-0.0058025335534617195,-0.013395864812801972
baseline_last,y_XLB,19,2025-11-03,-0.004933004028044974,0.0
baseline_last,y_XLB,20,2025-11-03,-0.004933004028044974,0.0
baseline_last,y_XLB,21,2025-11-03,-0.004933004028044974,0.0
baseline_last,y_XLB,19,2025-11-04,0.005901754377707125,-0.004933004028044974
baseline_last,y_XLB,20,2025-11-04,0.005901754377707125,-0.004933004028044974
baseline_last,y_XLB,21,2025-11-04,0.005901754377707125,-0.004933004028044974
baseline_last,y_XLB,19,2025-11-05,-0.004928373146427023,0.005901754377707125
baseline_last,y_XLB,20,2025-11-05,-0.004928373146427023,0.005901754377707125
baseline_last,y_XLB,21,2025-11-05,-0.004928373146427023,0.005901754377707125
baseline_last,y_XLB,19,2025-11-06,0.012028224356960049,-0.004928373146427023
baseline_last,y_XLB,20,2025-11-06,0.012028224356960049,-0.004928373146427023
baseline_last,y_XLB,21,2025-11-06,0.012028224356960049,-0.004928373146427023
baseline_last,y_XLB,19,2025-11-10,0.010389012339624415,0.0
baseline_last,y_XLB,20,2025-11-10,0.010389012339624415,0.0
baseline_last,y_XLB,21,2025-11-10,0.010389012339624415,0.0
baseline_last,y_XLB,19,2025-11-11,0.00708334716890846,0.010389012339624415
baseline_last,y_XLB,20,2025-11-11,0.00708334716890846,0.010389012339624415
baseline_last,y_XLB,21,2025-11-11,0.00708334716890846,0.010389012339624415
baseline_last,y_XLB,19,2025-11-12,-0.006579750372803561,0.00708334716890846
baseline_last,y_XLB,20,2025-11-12,-0.006579750372803561,0.00708334716890846
baseline_last,y_XLB,21,2025-11-12,-0.006579750372803561,0.00708334716890846
baseline_last,y_XLB,19,2025-11-13,-0.009135540333595982,-0.006579750372803561
baseline_last,y_XLB,20,2025-11-13,-0.009135540333595982,-0.006579750372803561
baseline_last,y_XLB,21,2025-11-13,-0.009135540333595982,-0.006579750372803561
baseline_last,y_XLB,19,2025-11-17,0.0008191996415913838,0.0
baseline_last,y_XLB,20,2025-11-17,0.0008191996415913838,0.0
baseline_last,y_XLB,21,2025-11-17,0.0008191996415913838,0.0
baseline_last,y_XLB,19,2025-11-18,0.0025725200375077417,0.0008191996415913838
baseline_last,y_XLB,20,2025-11-18,0.0025725200375077417,0.0008191996415913838
baseline_last,y_XLB,21,2025-11-18,0.0025725200375077417,0.0008191996415913838
baseline_last,y_XLB,19,2025-11-19,-0.014928805313656368,0.0025725200375077417
baseline_last,y_XLB,20,2025-11-19,-0.014928805313656368,0.0025725200375077417
baseline_last,y_XLB,21,2025-11-19,-0.014928805313656368,0.0025725200375077417
baseline_last,y_XLB,19,2025-11-20,0.022377468211935314,-0.014928805313656368
baseline_last,y_XLB,20,2025-11-20,0.022377468211935314,-0.014928805313656368
baseline_last,y_XLB,21,2025-11-20,0.022377468211935314,-0.014928805313656368
baseline_last,y_XLB,20,2025-11-24,0.014909888309899477,0.0
baseline_last,y_XLB,21,2025-11-24,0.014909888309899477,0.0
baseline_last,y_XLB,22,2025-11-24,0.014909888309899477,0.0
baseline_last,y_XLB,20,2025-11-25,0.012299301548209352,0.014909888309899477
baseline_last,y_XLB,21,2025-11-25,0.012299301548209352,0.014909888309899477
baseline_last,y_XLB,22,2025-11-25,0.012299301548209352,0.014909888309899477
baseline_last,y_XLB,20,2025-12-01,-0.009082746093119876,0.0
baseline_last,y_XLB,21,2025-12-01,-0.009082746093119876,0.0
baseline_last,y_XLB,22,2025-12-01,-0.009082746093119876,0.0
baseline_last,y_XLB,20,2025-12-02,0.007015929136573007,-0.009082746093119876
baseline_last,y_XLB,21,2025-12-02,0.007015929136573007,-0.009082746093119876
baseline_last,y_XLB,22,2025-12-02,0.007015929136573007,-0.009082746093119876
baseline_last,y_XLB,20,2025-12-03,-0.005843317365545997,0.007015929136573007
baseline_last,y_XLB,21,2025-12-03,-0.005843317365545997,0.007015929136573007
baseline_last,y_XLB,22,2025-12-03,-0.005843317365545997,0.007015929136573007
baseline_last,y_XLB,20,2025-12-04,-0.0032779754566182318,-0.005843317365545997
baseline_last,y_XLB,21,2025-12-04,-0.0032779754566182318,-0.005843317365545997
baseline_last,y_XLB,22,2025-12-04,-0.0032779754566182318,-0.005843317365545997
baseline_last,y_XLB,20,2025-12-08,-0.002069935092296027,0.0
baseline_last,y_XLB,21,2025-12-08,-0.002069935092296027,0.0
baseline_last,y_XLB,22,2025-12-08,-0.002069935092296027,0.0
baseline_last,y_XLB,20,2025-12-09,0.019589848510261687,-0.002069935092296027
baseline_last,y_XLB,21,2025-12-09,0.019589848510261687,-0.002069935092296027
baseline_last,y_XLB,22,2025-12-09,0.019589848510261687,-0.002069935092296027
baseline_last,y_XLB,20,2025-12-10,0.019891411567286355,0.019589848510261687
baseline_last,y_XLB,21,2025-12-10,0.019891411567286355,0.019589848510261687
baseline_last,y_XLB,22,2025-12-10,0.019891411567286355,0.019589848510261687
baseline_last,y_XLB,20,2025-12-11,0.0006649843624570995,0.019891411567286355
baseline_last,y_XLB,21,2025-12-11,0.0006649843624570995,0.019891411567286355
baseline_last,y_XLB,22,2025-12-11,0.0006649843624570995,0.019891411567286355
baseline_last,y_XLB,21,2025-12-15,-0.0026595125396929875,0.0
baseline_last,y_XLB,22,2025-12-15,-0.0026595125396929875,0.0
baseline_last,y_XLB,23,2025-12-15,-0.0026595125396929875,0.0
baseline_last,y_XLB,21,2025-12-16,0.004222173350333147,-0.0026595125396929875
baseline_last,y_XLB,22,2025-12-16,0.004222173350333147,-0.0026595125396929875
baseline_last,y_XLB,23,2025-12-16,0.004222173350333147,-0.0026595125396929875
baseline_last,y_XLB,21,2025-12-17,-0.0004425796214825306,0.004222173350333147
baseline_last,y_XLB,22,2025-12-17,-0.0004425796214825306,0.004222173350333147
baseline_last,y_XLB,23,2025-12-17,-0.0004425796214825306,0.004222173350333147
baseline_last,y_XLB,21,2025-12-18,0.004427755849331971,-0.0004425796214825306
baseline_last,y_XLB,22,2025-12-18,0.004427755849331971,-0.0004425796214825306
baseline_last,y_XLB,23,2025-12-18,0.004427755849331971,-0.0004425796214825306
baseline_last,y_XLB,21,2025-12-23,0.0019672164500086353,0.0
baseline_last,y_XLB,22,2025-12-23,0.0019672164500086353,0.0
baseline_last,y_XLB,23,2025-12-23,0.0019672164500086353,0.0
baseline_last,y_XLB,21,2025-12-29,-0.00021867371804618063,0.0
baseline_last,y_XLB,22,2025-12-29,-0.00021867371804618063,0.0
baseline_last,y_XLB,23,2025-12-29,-0.00021867371804618063,0.0
baseline_last,y_XLB,21,2025-12-30,-0.008309667000199084,-0.00021867371804618063
baseline_last,y_XLB,22,2025-12-30,-0.008309667000199084,-0.00021867371804618063
baseline_last,y_XLB,23,2025-12-30,-0.008309667000199084,-0.00021867371804618063
baseline_last,y_XLB,22,2026-01-05,0.019750925993565538,0.0
baseline_last,y_XLB,23,2026-01-05,0.019750925993565538,0.0
baseline_last,y_XLB,24,2026-01-05,0.019750925993565538,0.0
baseline_last,y_XLB,22,2026-01-06,-0.017263151469983584,0.019750925993565538
baseline_last,y_XLB,23,2026-01-06,-0.017263151469983584,0.019750925993565538
baseline_last,y_XLB,24,2026-01-06,-0.017263151469983584,0.019750925993565538
baseline_last,y_XLB,22,2026-01-07,0.017566402944802384,-0.017263151469983584
baseline_last,y_XLB,23,2026-01-07,0.017566402944802384,-0.017263151469983584
baseline_last,y_XLB,24,2026-01-07,0.017566402944802384,-0.017263151469983584
baseline_last,y_XLB,22,2026-01-08,0.01599996466385689,0.017566402944802384
baseline_last,y_XLB,23,2026-01-08,0.01599996466385689,0.017566402944802384
baseline_last,y_XLB,24,2026-01-08,0.01599996466385689,0.017566402944802384
baseline_last,y_XLB,22,2026-01-12,0.004328093208809003,0.0
baseline_last,y_XLB,23,2026-01-12,0.004328093208809003,0.0
baseline_last,y_XLB,24,2026-01-12,0.004328093208809003,0.0
baseline_last,y_XLB,22,2026-01-13,0.0004104341873907291,0.004328093208809003
baseline_last,y_XLB,23,2026-01-13,0.0004104341873907291,0.004328093208809003
baseline_last,y_XLB,24,2026-01-13,0.0004104341873907291,0.004328093208809003
baseline_last,y_XLB,22,2026-01-14,0.0043076735276441624,0.0004104341873907291
baseline_last,y_XLB,23,2026-01-14,0.0043076735276441624,0.0004104341873907291
baseline_last,y_XLB,24,2026-01-14,0.0043076735276441624,0.0004104341873907291
baseline_last,y_XLB,22,2026-01-15,-0.005718929422645291,0.0043076735276441624
baseline_last,y_XLB,23,2026-01-15,-0.005718929422645291,0.0043076735276441624
baseline_last,y_XLB,24,2026-01-15,-0.005718929422645291,0.0043076735276441624
baseline_last,y_XLB,22,2026-01-21,0.005686408808944554,0.0
baseline_last,y_XLB,23,2026-01-21,0.005686408808944554,0.0
baseline_last,y_XLB,24,2026-01-21,0.005686408808944554,0.0
baseline_last,y_XLB,22,2026-01-22,0.009087252802496781,0.005686408808944554
baseline_last,y_XLB,23,2026-01-22,0.009087252802496781,0.005686408808944554
baseline_last,y_XLB,24,2026-01-22,0.009087252802496781,0.005686408808944554
baseline_last,y_XLB,23,2026-01-26,-0.0009993851345294624,0.0
baseline_last,y_XLB,24,2026-01-26,-0.0009993851345294624,0.0
baseline_last,y_XLB,23,2026-01-27,-0.0006002156777037415,-0.0009993851345294624
baseline_last,y_XLB,24,2026-01-27,-0.0006002156777037415,-0.0009993851345294624
baseline_last,y_XLB,23,2026-01-28,0.0010009857116488607,-0.0006002156777037415
baseline_last,y_XLB,24,2026-01-28,0.0010009857116488607,-0.0006002156777037415
baseline_last,y_XLB,23,2026-01-29,-0.014599990844726518,0.0010009857116488607
baseline_last,y_XLB,24,2026-01-29,-0.014599990844726518,0.0010009857116488607
baseline_last,y_XLB,23,2026-02-02,0.021148020237486964,0.0
baseline_last,y_XLB,24,2026-02-02,0.021148020237486964,0.0
baseline_last,y_XLB,23,2026-02-03,0.02347137295466961,0.021148020237486964
baseline_last,y_XLB,24,2026-02-03,0.02347137295466961,0.021148020237486964
baseline_last,y_XLB,23,2026-02-04,-0.02678742351123886,0.02347137295466961
baseline_last,y_XLB,24,2026-02-04,-0.02678742351123886,0.02347137295466961
baseline_last,y_XLB,23,2026-02-05,0.019999966763033727,-0.02678742351123886
baseline_last,y_XLB,24,2026-02-05,0.019999966763033727,-0.02678742351123886
baseline_last,y_XLB,23,2026-02-09,0.013990025641374304,0.0
baseline_last,y_XLB,24,2026-02-09,0.013990025641374304,0.0
baseline_last,y_XLB,23,2026-02-10,0.01341899615422859,0.013990025641374304
baseline_last,y_XLB,24,2026-02-10,0.01341899615422859,0.013990025641374304
baseline_last,y_XLB,23,2026-02-11,-0.014733254691661535,0.01341899615422859
baseline_last,y_XLB,24,2026-02-11,-0.014733254691661535,0.01341899615422859
baseline_last,y_XLB,23,2026-02-12,0.009085737755060386,-0.014733254691661535
baseline_last,y_XLB,24,2026-02-12,0.009085737755060386,-0.014733254691661535
baseline_last,y_XLB,24,2026-02-17,0.006072100383141876,0.0
baseline_last,y_XLB,24,2026-02-18,-0.0035835274437678866,0.006072100383141876
baseline_last,y_XLB,24,2026-02-19,0.002460670999665737,-0.0035835274437678866
baseline_last,y_XLB,24,2026-02-23,0.007552899033115512,0.0
baseline_last,y_XLB,24,2026-02-24,-0.005622174543272962,0.007552899033115512
baseline_last,y_XLB,24,2026-02-25,-0.0011308211786292821,-0.005622174543272962
baseline_last,y_XLB,24,2026-02-26,0.007735846177586936,-0.0011308211786292821
baseline_last,y_XLB,24,2026-03-02,-0.024600964756638977,0.0
baseline_last,y_XLB,24,2026-03-03,-0.0003850685077488869,-0.024600964756638977
baseline_last,y_XLB,24,2026-03-04,-0.02099376687849308,-0.0003850685077488869
baseline_last,y_XLB,24,2026-03-05,-0.019083241899678693,-0.02099376687849308
baseline_last,y_XLC,0,2024-08-05,0.011784736536268436,0.0
baseline_last,y_XLC,0,2024-08-06,-0.005283311494377663,0.011784736536268436
baseline_last,y_XLC,0,2024-08-07,0.01991788361026381,-0.005283311494377663
baseline_last,y_XLC,0,2024-08-08,0.008521689065428495,0.01991788361026381
baseline_last,y_XLC,0,2024-08-12,0.012999300968778105,0.0
baseline_last,y_XLC,0,2024-08-13,-0.0057163533474250405,0.012999300968778105
baseline_last,y_XLC,0,2024-08-14,0.009034394169033177,-0.0057163533474250405
baseline_last,y_XLC,0,2024-08-15,0.0030232402109731105,0.009034394169033177
baseline_last,y_XLC,0,2024-08-19,-0.0006878296610807189,0.0
baseline_last,y_XLC,0,2024-08-20,0.00424410521889107,-0.0006878296610807189
baseline_last,y_XLC,0,2024-08-21,-0.007538626713751606,0.00424410521889107
baseline_last,y_XLC,0,2024-08-22,0.007020403858674973,-0.007538626713751606
baseline_last,y_XLC,0,2024-08-26,-0.0022805037297490838,0.0
baseline_last,y_XLC,1,2024-08-26,-0.0022805037297490838,0.0
baseline_last,y_XLC,0,2024-08-27,-0.006628612812312418,-0.0022805037297490838
baseline_last,y_XLC,1,2024-08-27,-0.006628612812312418,-0.0022805037297490838
baseline_last,y_XLC,0,2024-08-28,-0.002070818083036108,-0.006628612812312418
baseline_last,y_XLC,1,2024-08-28,-0.002070818083036108,-0.006628612812312418
baseline_last,y_XLC,0,2024-08-29,0.006686601906978895,-0.002070818083036108
baseline_last,y_XLC,1,2024-08-29,0.006686601906978895,-0.002070818083036108
baseline_last,y_XLC,0,2024-09-03,-0.004783135878855149,0.0
baseline_last,y_XLC,1,2024-09-03,-0.004783135878855149,0.0
baseline_last,y_XLC,0,2024-09-04,0.002930445878009058,-0.004783135878855149
baseline_last,y_XLC,1,2024-09-04,0.002930445878009058,-0.004783135878855149
baseline_last,y_XLC,0,2024-09-05,-0.02092098325662395,0.002930445878009058
baseline_last,y_XLC,1,2024-09-05,-0.02092098325662395,0.002930445878009058
baseline_last,y_XLC,0,2024-09-09,-0.00023769062557399412,0.0
baseline_last,y_XLC,1,2024-09-09,-0.00023769062557399412,0.0
baseline_last,y_XLC,0,2024-09-10,0.0041611750155921,-0.00023769062557399412
baseline_last,y_XLC,1,2024-09-10,0.0041611750155921,-0.00023769062557399412
baseline_last,y_XLC,0,2024-09-11,0.01870713459773099,0.0041611750155921
baseline_last,y_XLC,1,2024-09-11,0.01870713459773099,0.0041611750155921
baseline_last,y_XLC,0,2024-09-12,0.009646765729539819,0.01870713459773099
baseline_last,y_XLC,1,2024-09-12,0.009646765729539819,0.01870713459773099
baseline_last,y_XLC,2,2024-09-12,0.009646765729539819,0.01870713459773099
baseline_last,y_XLC,0,2024-09-16,0.0,0.0
baseline_last,y_XLC,1,2024-09-16,0.0,0.0
baseline_last,y_XLC,2,2024-09-16,0.0,0.0
baseline_last,y_XLC,0,2024-09-17,-0.0007974576900214858,0.0
baseline_last,y_XLC,1,2024-09-17,-0.0007974576900214858,0.0
baseline_last,y_XLC,2,2024-09-17,-0.0007974576900214858,0.0
baseline_last,y_XLC,0,2024-09-18,0.013567511778174834,-0.0007974576900214858
baseline_last,y_XLC,1,2024-09-18,0.013567511778174834,-0.0007974576900214858
baseline_last,y_XLC,2,2024-09-18,0.013567511778174834,-0.0007974576900214858
baseline_last,y_XLC,0,2024-09-19,0.0,0.013567511778174834
baseline_last,y_XLC,1,2024-09-19,0.0,0.013567511778174834
baseline_last,y_XLC,2,2024-09-19,0.0,0.013567511778174834
baseline_last,y_XLC,0,2024-09-23,0.004728088911464923,0.0
baseline_last,y_XLC,1,2024-09-23,0.004728088911464923,0.0
baseline_last,y_XLC,2,2024-09-23,0.004728088911464923,0.0
baseline_last,y_XLC,0,2024-09-24,-0.0031372551060746545,0.004728088911464923
baseline_last,y_XLC,1,2024-09-24,-0.0031372551060746545,0.004728088911464923
baseline_last,y_XLC,2,2024-09-24,-0.0031372551060746545,0.004728088911464923
baseline_last,y_XLC,0,2024-09-25,0.005619841154641536,-0.0031372551060746545
baseline_last,y_XLC,1,2024-09-25,0.005619841154641536,-0.0031372551060746545
baseline_last,y_XLC,2,2024-09-25,0.005619841154641536,-0.0031372551060746545
baseline_last,y_XLC,0,2024-09-26,0.0060357348316131265,0.005619841154641536
baseline_last,y_XLC,1,2024-09-26,0.0060357348316131265,0.005619841154641536
baseline_last,y_XLC,2,2024-09-26,0.0060357348316131265,0.005619841154641536
baseline_last,y_XLC,0,2024-09-30,0.0007744004883809552,0.0
baseline_last,y_XLC,1,2024-09-30,0.0007744004883809552,0.0
baseline_last,y_XLC,2,2024-09-30,0.0007744004883809552,0.0
baseline_last,y_XLC,0,2024-10-01,-0.0030949482895885616,0.0007744004883809552
baseline_last,y_XLC,1,2024-10-01,-0.0030949482895885616,0.0007744004883809552
baseline_last,y_XLC,2,2024-10-01,-0.0030949482895885616,0.0007744004883809552
baseline_last,y_XLC,0,2024-10-02,-0.0034373748283759165,-0.0030949482895885616
baseline_last,y_XLC,1,2024-10-02,-0.0034373748283759165,-0.0030949482895885616
baseline_last,y_XLC,2,2024-10-02,-0.0034373748283759165,-0.0030949482895885616
baseline_last,y_XLC,0,2024-10-03,0.011126057415631552,-0.0034373748283759165
baseline_last,y_XLC,1,2024-10-03,0.011126057415631552,-0.0034373748283759165
baseline_last,y_XLC,2,2024-10-03,0.011126057415631552,-0.0034373748283759165
baseline_last,y_XLC,1,2024-10-07,0.008810981241044846,0.0
baseline_last,y_XLC,2,2024-10-07,0.008810981241044846,0.0
baseline_last,y_XLC,3,2024-10-07,0.008810981241044846,0.0
baseline_last,y_XLC,1,2024-10-08,0.0003318614844232126,0.008810981241044846
baseline_last,y_XLC,2,2024-10-08,0.0003318614844232126,0.008810981241044846
baseline_last,y_XLC,3,2024-10-08,0.0003318614844232126,0.008810981241044846
baseline_last,y_XLC,1,2024-10-09,-0.007405064081841051,0.0003318614844232126
baseline_last,y_XLC,2,2024-10-09,-0.007405064081841051,0.0003318614844232126
baseline_last,y_XLC,3,2024-10-09,-0.007405064081841051,0.0003318614844232126
baseline_last,y_XLC,1,2024-10-10,0.006903494100779728,-0.007405064081841051
baseline_last,y_XLC,2,2024-10-10,0.006903494100779728,-0.007405064081841051
baseline_last,y_XLC,3,2024-10-10,0.006903494100779728,-0.007405064081841051
baseline_last,y_XLC,1,2024-10-14,0.0022015041438523397,0.0
baseline_last,y_XLC,2,2024-10-14,0.0022015041438523397,0.0
baseline_last,y_XLC,3,2024-10-14,0.0022015041438523397,0.0
baseline_last,y_XLC,1,2024-10-15,-0.0006590939876870427,0.0022015041438523397
baseline_last,y_XLC,2,2024-10-15,-0.0006590939876870427,0.0022015041438523397
baseline_last,y_XLC,3,2024-10-15,-0.0006590939876870427,0.0022015041438523397
baseline_last,y_XLC,1,2024-10-16,-0.00472570039716369,-0.0006590939876870427
baseline_last,y_XLC,2,2024-10-16,-0.00472570039716369,-0.0006590939876870427
baseline_last,y_XLC,3,2024-10-16,-0.00472570039716369,-0.0006590939876870427
baseline_last,y_XLC,1,2024-10-17,0.0073984375547693215,-0.00472570039716369
baseline_last,y_XLC,2,2024-10-17,0.0073984375547693215,-0.00472570039716369
baseline_last,y_XLC,3,2024-10-17,0.0073984375547693215,-0.00472570039716369
baseline_last,y_XLC,1,2024-10-21,0.0014306243063504365,0.0
baseline_last,y_XLC,2,2024-10-21,0.0014306243063504365,0.0
baseline_last,y_XLC,3,2024-10-21,0.0014306243063504365,0.0
baseline_last,y_XLC,1,2024-10-22,-0.007582511778281176,0.0014306243063504365
baseline_last,y_XLC,2,2024-10-22,-0.007582511778281176,0.0014306243063504365
baseline_last,y_XLC,3,2024-10-22,-0.007582511778281176,0.0014306243063504365
baseline_last,y_XLC,1,2024-10-23,0.0034327223371626303,-0.007582511778281176
baseline_last,y_XLC,2,2024-10-23,0.0034327223371626303,-0.007582511778281176
baseline_last,y_XLC,3,2024-10-23,0.0034327223371626303,-0.007582511778281176
baseline_last,y_XLC,1,2024-10-24,0.0025379886649150585,0.0034327223371626303
baseline_last,y_XLC,2,2024-10-24,0.0025379886649150585,0.0034327223371626303
baseline_last,y_XLC,3,2024-10-24,0.0025379886649150585,0.0034327223371626303
baseline_last,y_XLC,2,2024-10-28,0.009406084969266315,0.0
baseline_last,y_XLC,3,2024-10-28,0.009406084969266315,0.0
baseline_last,y_XLC,4,2024-10-28,0.009406084969266315,0.0
baseline_last,y_XLC,2,2024-10-29,0.006067829830971538,0.009406084969266315
baseline_last,y_XLC,3,2024-10-29,0.006067829830971538,0.009406084969266315
baseline_last,y_XLC,4,2024-10-29,0.006067829830971538,0.009406084969266315
baseline_last,y_XLC,2,2024-10-30,-0.008723733324261018,0.006067829830971538
baseline_last,y_XLC,3,2024-10-30,-0.008723733324261018,0.006067829830971538
baseline_last,y_XLC,4,2024-10-30,-0.008723733324261018,0.006067829830971538
baseline_last,y_XLC,2,2024-10-31,0.003911354958364477,-0.008723733324261018
baseline_last,y_XLC,3,2024-10-31,0.003911354958364477,-0.008723733324261018
baseline_last,y_XLC,4,2024-10-31,0.003911354958364477,-0.008723733324261018
baseline_last,y_XLC,2,2024-11-04,0.011076127357304788,0.0
baseline_last,y_XLC,3,2024-11-04,0.011076127357304788,0.0
baseline_last,y_XLC,4,2024-11-04,0.011076127357304788,0.0
baseline_last,y_XLC,2,2024-11-05,0.024594562817006782,0.011076127357304788
baseline_last,y_XLC,3,2024-11-05,0.024594562817006782,0.011076127357304788
baseline_last,y_XLC,4,2024-11-05,0.024594562817006782,0.011076127357304788
baseline_last,y_XLC,2,2024-11-06,0.013102571901873805,0.024594562817006782
baseline_last,y_XLC,3,2024-11-06,0.013102571901873805,0.024594562817006782
baseline_last,y_XLC,4,2024-11-06,0.013102571901873805,0.024594562817006782
baseline_last,y_XLC,2,2024-11-07,-0.004862785170139383,0.013102571901873805
baseline_last,y_XLC,3,2024-11-07,-0.004862785170139383,0.013102571901873805
baseline_last,y_XLC,4,2024-11-07,-0.004862785170139383,0.013102571901873805
baseline_last,y_XLC,2,2024-11-11,0.0045492372016833205,0.0
baseline_last,y_XLC,3,2024-11-11,0.0045492372016833205,0.0
baseline_last,y_XLC,4,2024-11-11,0.0045492372016833205,0.0
baseline_last,y_XLC,2,2024-11-12,0.00041165790319830364,0.0045492372016833205
baseline_last,y_XLC,3,2024-11-12,0.00041165790319830364,0.0045492372016833205
baseline_last,y_XLC,4,2024-11-12,0.00041165790319830364,0.0045492372016833205
baseline_last,y_XLC,2,2024-11-13,-0.001131712884250069,0.00041165790319830364
baseline_last,y_XLC,3,2024-11-13,-0.001131712884250069,0.00041165790319830364
baseline_last,y_XLC,4,2024-11-13,-0.001131712884250069,0.00041165790319830364
baseline_last,y_XLC,2,2024-11-14,-0.01998131929657021,-0.001131712884250069
baseline_last,y_XLC,3,2024-11-14,-0.01998131929657021,-0.001131712884250069
baseline_last,y_XLC,4,2024-11-14,-0.01998131929657021,-0.001131712884250069
baseline_last,y_XLC,3,2024-11-18,0.006556414395814114,0.0
baseline_last,y_XLC,4,2024-11-18,0.006556414395814114,0.0
baseline_last,y_XLC,5,2024-11-18,0.006556414395814114,0.0
baseline_last,y_XLC,3,2024-11-19,0.00641012504858951,0.006556414395814114
baseline_last,y_XLC,4,2024-11-19,0.00641012504858951,0.006556414395814114
baseline_last,y_XLC,5,2024-11-19,0.00641012504858951,0.006556414395814114
baseline_last,y_XLC,3,2024-11-20,-0.002568223890519028,0.00641012504858951
baseline_last,y_XLC,4,2024-11-20,-0.002568223890519028,0.00641012504858951
baseline_last,y_XLC,5,2024-11-20,-0.002568223890519028,0.00641012504858951
baseline_last,y_XLC,3,2024-11-21,-0.00216304140926471,-0.002568223890519028
baseline_last,y_XLC,4,2024-11-21,-0.00216304140926471,-0.002568223890519028
baseline_last,y_XLC,5,2024-11-21,-0.00216304140926471,-0.002568223890519028
baseline_last,y_XLC,3,2024-11-25,0.0036968691339489546,0.0
baseline_last,y_XLC,4,2024-11-25,0.0036968691339489546,0.0
baseline_last,y_XLC,5,2024-11-25,0.0036968691339489546,0.0
baseline_last,y_XLC,3,2024-11-26,0.0013300678508083585,0.0036968691339489546
baseline_last,y_XLC,4,2024-11-26,0.0013300678508083585,0.0036968691339489546
baseline_last,y_XLC,5,2024-11-26,0.0013300678508083585,0.0036968691339489546
baseline_last,y_XLC,3,2024-12-02,0.008063580285210703,0.0
baseline_last,y_XLC,4,2024-12-02,0.008063580285210703,0.0
baseline_last,y_XLC,5,2024-12-02,0.008063580285210703,0.0
baseline_last,y_XLC,3,2024-12-03,0.002299850387408764,0.008063580285210703
baseline_last,y_XLC,4,2024-12-03,0.002299850387408764,0.008063580285210703
baseline_last,y_XLC,5,2024-12-03,0.002299850387408764,0.008063580285210703
baseline_last,y_XLC,3,2024-12-04,-0.002294573212317519,0.002299850387408764
baseline_last,y_XLC,4,2024-12-04,-0.002294573212317519,0.002299850387408764
baseline_last,y_XLC,5,2024-12-04,-0.002294573212317519,0.002299850387408764
baseline_last,y_XLC,3,2024-12-05,0.009199169304073163,-0.002294573212317519
baseline_last,y_XLC,4,2024-12-05,0.009199169304073163,-0.002294573212317519
baseline_last,y_XLC,5,2024-12-05,0.009199169304073163,-0.002294573212317519
baseline_last,y_XLC,4,2024-12-09,0.01569150593388935,0.0
baseline_last,y_XLC,5,2024-12-09,0.01569150593388935,0.0
baseline_last,y_XLC,6,2024-12-09,0.01569150593388935,0.0
baseline_last,y_XLC,4,2024-12-10,0.016346013236672174,0.01569150593388935
baseline_last,y_XLC,5,2024-12-10,0.016346013236672174,0.01569150593388935
baseline_last,y_XLC,6,2024-12-10,0.016346013236672174,0.01569150593388935
baseline_last,y_XLC,4,2024-12-11,0.0018633283823765723,0.016346013236672174
baseline_last,y_XLC,5,2024-12-11,0.0018633283823765723,0.016346013236672174
baseline_last,y_XLC,6,2024-12-11,0.0018633283823765723,0.016346013236672174
baseline_last,y_XLC,4,2024-12-12,-0.011942121668421346,0.0018633283823765723
baseline_last,y_XLC,5,2024-12-12,-0.011942121668421346,0.0018633283823765723
baseline_last,y_XLC,6,2024-12-12,-0.011942121668421346,0.0018633283823765723
baseline_last,y_XLC,4,2024-12-16,-0.007500312312445301,0.0
baseline_last,y_XLC,5,2024-12-16,-0.007500312312445301,0.0
baseline_last,y_XLC,6,2024-12-16,-0.007500312312445301,0.0
baseline_last,y_XLC,4,2024-12-17,-0.028537320207438377,-0.007500312312445301
baseline_last,y_XLC,5,2024-12-17,-0.028537320207438377,-0.007500312312445301
baseline_last,y_XLC,6,2024-12-17,-0.028537320207438377,-0.007500312312445301
baseline_last,y_XLC,4,2024-12-18,-0.0027634517185632923,-0.028537320207438377
baseline_last,y_XLC,5,2024-12-18,-0.0027634517185632923,-0.028537320207438377
baseline_last,y_XLC,6,2024-12-18,-0.0027634517185632923,-0.028537320207438377
baseline_last,y_XLC,4,2024-12-19,0.005439788482778596,-0.0027634517185632923
baseline_last,y_XLC,5,2024-12-19,0.005439788482778596,-0.0027634517185632923
baseline_last,y_XLC,6,2024-12-19,0.005439788482778596,-0.0027634517185632923
baseline_last,y_XLC,4,2024-12-23,0.00946663328547559,0.0
baseline_last,y_XLC,5,2024-12-23,0.00946663328547559,0.0
baseline_last,y_XLC,6,2024-12-23,0.00946663328547559,0.0
baseline_last,y_XLC,4,2024-12-26,-0.008885228078306273,0.0
baseline_last,y_XLC,5,2024-12-26,-0.008885228078306273,0.0
baseline_last,y_XLC,6,2024-12-26,-0.008885228078306273,0.0
baseline_last,y_XLC,5,2024-12-30,-0.0032945637670491745,0.0
baseline_last,y_XLC,6,2024-12-30,-0.0032945637670491745,0.0
baseline_last,y_XLC,7,2024-12-30,-0.0032945637670491745,0.0
baseline_last,y_XLC,5,2025-01-02,0.006167851221575482,0.0
baseline_last,y_XLC,6,2025-01-02,0.006167851221575482,0.0
baseline_last,y_XLC,7,2025-01-02,0.006167851221575482,0.0
baseline_last,y_XLC,5,2025-01-06,-0.011117993341442145,0.0
baseline_last,y_XLC,6,2025-01-06,-0.011117993341442145,0.0
baseline_last,y_XLC,7,2025-01-06,-0.011117993341442145,0.0
baseline_last,y_XLC,5,2025-01-07,-0.00592804888675047,-0.011117993341442145
baseline_last,y_XLC,6,2025-01-07,-0.00592804888675047,-0.011117993341442145
baseline_last,y_XLC,7,2025-01-07,-0.00592804888675047,-0.011117993341442145
baseline_last,y_XLC,5,2025-01-13,-0.003338559626510418,0.0
baseline_last,y_XLC,6,2025-01-13,-0.003338559626510418,0.0
baseline_last,y_XLC,7,2025-01-13,-0.003338559626510418,0.0
baseline_last,y_XLC,5,2025-01-14,0.016434587900540087,-0.003338559626510418
baseline_last,y_XLC,6,2025-01-14,0.016434587900540087,-0.003338559626510418
baseline_last,y_XLC,7,2025-01-14,0.016434587900540087,-0.003338559626510418
baseline_last,y_XLC,5,2025-01-15,-0.0056641786706318475,0.016434587900540087
baseline_last,y_XLC,6,2025-01-15,-0.0056641786706318475,0.016434587900540087
baseline_last,y_XLC,7,2025-01-15,-0.0056641786706318475,0.016434587900540087
baseline_last,y_XLC,5,2025-01-16,0.008699990650159473,-0.0056641786706318475
baseline_last,y_XLC,6,2025-01-16,0.008699990650159473,-0.0056641786706318475
baseline_last,y_XLC,7,2025-01-16,0.008699990650159473,-0.0056641786706318475
baseline_last,y_XLC,6,2025-01-21,0.009972560077431192,0.0
baseline_last,y_XLC,7,2025-01-21,0.009972560077431192,0.0
baseline_last,y_XLC,8,2025-01-21,0.009972560077431192,0.0
baseline_last,y_XLC,6,2025-01-22,0.0026196406838625563,0.009972560077431192
baseline_last,y_XLC,7,2025-01-22,0.0026196406838625563,0.009972560077431192
baseline_last,y_XLC,8,2025-01-22,0.0026196406838625563,0.009972560077431192
baseline_last,y_XLC,6,2025-01-23,0.00904440760053693,0.0026196406838625563
baseline_last,y_XLC,7,2025-01-23,0.00904440760053693,0.0026196406838625563
baseline_last,y_XLC,8,2025-01-23,0.00904440760053693,0.0026196406838625563
baseline_last,y_XLC,6,2025-01-27,0.0048547518565493775,0.0
baseline_last,y_XLC,7,2025-01-27,0.0048547518565493775,0.0
baseline_last,y_XLC,8,2025-01-27,0.0048547518565493775,0.0
baseline_last,y_XLC,6,2025-01-28,0.0044370391424761735,0.0048547518565493775
baseline_last,y_XLC,7,2025-01-28,0.0044370391424761735,0.0048547518565493775
baseline_last,y_XLC,8,2025-01-28,0.0044370391424761735,0.0048547518565493775
baseline_last,y_XLC,6,2025-01-29,0.0009816699107254578,0.0044370391424761735
baseline_last,y_XLC,7,2025-01-29,0.0009816699107254578,0.0044370391424761735
baseline_last,y_XLC,8,2025-01-29,0.0009816699107254578,0.0044370391424761735
baseline_last,y_XLC,6,2025-01-30,0.004020672247130319,0.0009816699107254578
baseline_last,y_XLC,7,2025-01-30,0.004020672247130319,0.0009816699107254578
baseline_last,y_XLC,8,2025-01-30,0.004020672247130319,0.0009816699107254578
baseline_last,y_XLC,6,2025-02-03,0.008966804173820897,0.0
baseline_last,y_XLC,7,2025-02-03,0.008966804173820897,0.0
baseline_last,y_XLC,8,2025-02-03,0.008966804173820897,0.0
baseline_last,y_XLC,6,2025-02-04,-0.009659933721110181,0.008966804173820897
baseline_last,y_XLC,7,2025-02-04,-0.009659933721110181,0.008966804173820897
baseline_last,y_XLC,8,2025-02-04,-0.009659933721110181,0.008966804173820897
baseline_last,y_XLC,6,2025-02-05,0.004291886873276862,-0.009659933721110181
baseline_last,y_XLC,7,2025-02-05,0.004291886873276862,-0.009659933721110181
baseline_last,y_XLC,8,2025-02-05,0.004291886873276862,-0.009659933721110181
baseline_last,y_XLC,6,2025-02-06,-0.0021368101512057036,0.004291886873276862
baseline_last,y_XLC,7,2025-02-06,-0.0021368101512057036,0.004291886873276862
baseline_last,y_XLC,8,2025-02-06,-0.0021368101512057036,0.004291886873276862
baseline_last,y_XLC,7,2025-02-10,0.001647331566053012,0.0
baseline_last,y_XLC,8,2025-02-10,0.001647331566053012,0.0
baseline_last,y_XLC,9,2025-02-10,0.001647331566053012,0.0
baseline_last,y_XLC,7,2025-02-11,0.0010641673885622982,0.001647331566053012
baseline_last,y_XLC,8,2025-02-11,0.0010641673885622982,0.001647331566053012
baseline_last,y_XLC,9,2025-02-11,0.0010641673885622982,0.001647331566053012
baseline_last,y_XLC,7,2025-02-12,0.011499745117589555,0.0010641673885622982
baseline_last,y_XLC,8,2025-02-12,0.011499745117589555,0.0010641673885622982
baseline_last,y_XLC,9,2025-02-12,0.011499745117589555,0.0010641673885622982
baseline_last,y_XLC,7,2025-02-13,0.006114399629876477,0.011499745117589555
baseline_last,y_XLC,8,2025-02-13,0.006114399629876477,0.011499745117589555
baseline_last,y_XLC,9,2025-02-13,0.006114399629876477,0.011499745117589555
baseline_last,y_XLC,7,2025-02-18,0.0011448508124574097,0.0
baseline_last,y_XLC,8,2025-02-18,0.0011448508124574097,0.0
baseline_last,y_XLC,9,2025-02-18,0.0011448508124574097,0.0
baseline_last,y_XLC,7,2025-02-19,-0.004669314473285557,0.0011448508124574097
baseline_last,y_XLC,8,2025-02-19,-0.004669314473285557,0.0011448508124574097
baseline_last,y_XLC,9,2025-02-19,-0.004669314473285557,0.0011448508124574097
baseline_last,y_XLC,7,2025-02-20,-0.013690762941755752,-0.004669314473285557
baseline_last,y_XLC,8,2025-02-20,-0.013690762941755752,-0.004669314473285557
baseline_last,y_XLC,9,2025-02-20,-0.013690762941755752,-0.004669314473285557
baseline_last,y_XLC,7,2025-02-24,-0.014822662441317469,0.0
baseline_last,y_XLC,8,2025-02-24,-0.014822662441317469,0.0
baseline_last,y_XLC,9,2025-02-24,-0.014822662441317469,0.0
baseline_last,y_XLC,7,2025-02-25,-0.0017700576026210557,-0.014822662441317469
baseline_last,y_XLC,8,2025-02-25,-0.0017700576026210557,-0.014822662441317469
baseline_last,y_XLC,9,2025-02-25,-0.0017700576026210557,-0.014822662441317469
baseline_last,y_XLC,7,2025-02-26,-0.009654254495694015,-0.0017700576026210557
baseline_last,y_XLC,8,2025-02-26,-0.009654254495694015,-0.0017700576026210557
baseline_last,y_XLC,9,2025-02-26,-0.009654254495694015,-0.0017700576026210557
baseline_last,y_XLC,7,2025-02-27,0.014622436355272939,-0.009654254495694015
baseline_last,y_XLC,8,2025-02-27,0.014622436355272939,-0.009654254495694015
baseline_last,y_XLC,9,2025-02-27,0.014622436355272939,-0.009654254495694015
baseline_last,y_XLC,8,2025-03-03,-0.007922346520165324,0.0
baseline_last,y_XLC,9,2025-03-03,-0.007922346520165324,0.0
baseline_last,y_XLC,10,2025-03-03,-0.007922346520165324,0.0
baseline_last,y_XLC,8,2025-03-04,0.01287678569529005,-0.007922346520165324
baseline_last,y_XLC,9,2025-03-04,0.01287678569529005,-0.007922346520165324
baseline_last,y_XLC,10,2025-03-04,0.01287678569529005,-0.007922346520165324
baseline_last,y_XLC,8,2025-03-05,-0.0179363665532013,0.01287678569529005
baseline_last,y_XLC,9,2025-03-05,-0.0179363665532013,0.01287678569529005
baseline_last,y_XLC,10,2025-03-05,-0.0179363665532013,0.01287678569529005
baseline_last,y_XLC,8,2025-03-06,0.006422498381162711,-0.0179363665532013
baseline_last,y_XLC,9,2025-03-06,0.006422498381162711,-0.0179363665532013
baseline_last,y_XLC,10,2025-03-06,0.006422498381162711,-0.0179363665532013
baseline_last,y_XLC,8,2025-03-10,-0.014725437224468285,0.0
baseline_last,y_XLC,9,2025-03-10,-0.014725437224468285,0.0
baseline_last,y_XLC,10,2025-03-10,-0.014725437224468285,0.0
baseline_last,y_XLC,8,2025-03-11,0.004981972409042079,-0.014725437224468285
baseline_last,y_XLC,9,2025-03-11,0.004981972409042079,-0.014725437224468285
baseline_last,y_XLC,10,2025-03-11,0.004981972409042079,-0.014725437224468285
baseline_last,y_XLC,8,2025-03-12,-0.020551638843666065,0.004981972409042079
baseline_last,y_XLC,9,2025-03-12,-0.020551638843666065,0.004981972409042079
baseline_last,y_XLC,10,2025-03-12,-0.020551638843666065,0.004981972409042079
baseline_last,y_XLC,8,2025-03-13,0.01834669956615853,-0.020551638843666065
baseline_last,y_XLC,9,2025-03-13,0.01834669956615853,-0.020551638843666065
baseline_last,y_XLC,10,2025-03-13,0.01834669956615853,-0.020551638843666065
baseline_last,y_XLC,8,2025-03-17,-0.013981603704568468,0.0
baseline_last,y_XLC,9,2025-03-17,-0.013981603704568468,0.0
baseline_last,y_XLC,10,2025-03-17,-0.013981603704568468,0.0
baseline_last,y_XLC,8,2025-03-18,0.011886142755613172,-0.013981603704568468
baseline_last,y_XLC,9,2025-03-18,0.011886142755613172,-0.013981603704568468
baseline_last,y_XLC,10,2025-03-18,0.011886142755613172,-0.013981603704568468
baseline_last,y_XLC,8,2025-03-19,-0.0021639711847137866,0.011886142755613172
baseline_last,y_XLC,9,2025-03-19,-0.0021639711847137866,0.011886142755613172
baseline_last,y_XLC,10,2025-03-19,-0.0021639711847137866,0.011886142755613172
baseline_last,y_XLC,8,2025-03-20,0.007848050614496005,-0.0021639711847137866
baseline_last,y_XLC,9,2025-03-20,0.007848050614496005,-0.0021639711847137866
baseline_last,y_XLC,10,2025-03-20,0.007848050614496005,-0.0021639711847137866
baseline_last,y_XLC,9,2025-03-24,0.012665870484181774,0.0
baseline_last,y_XLC,10,2025-03-24,0.012665870484181774,0.0
baseline_last,y_XLC,11,2025-03-24,0.012665870484181774,0.0
baseline_last,y_XLC,9,2025-03-25,-0.008505120229063023,0.012665870484181774
baseline_last,y_XLC,10,2025-03-25,-0.008505120229063023,0.012665870484181774
baseline_last,y_XLC,11,2025-03-25,-0.008505120229063023,0.012665870484181774
baseline_last,y_XLC,9,2025-03-26,-0.004440323508174138,-0.008505120229063023
baseline_last,y_XLC,10,2025-03-26,-0.004440323508174138,-0.008505120229063023
baseline_last,y_XLC,11,2025-03-26,-0.004440323508174138,-0.008505120229063023
baseline_last,y_XLC,9,2025-03-27,-0.02949829921818592,-0.004440323508174138
baseline_last,y_XLC,10,2025-03-27,-0.02949829921818592,-0.004440323508174138
baseline_last,y_XLC,11,2025-03-27,-0.02949829921818592,-0.004440323508174138
baseline_last,y_XLC,9,2025-03-31,0.0006221810166775477,0.0
baseline_last,y_XLC,10,2025-03-31,0.0006221810166775477,0.0
baseline_last,y_XLC,11,2025-03-31,0.0006221810166775477,0.0
baseline_last,y_XLC,9,2025-04-01,0.0035227821658205816,0.0006221810166775477
baseline_last,y_XLC,10,2025-04-01,0.0035227821658205816,0.0006221810166775477
baseline_last,y_XLC,11,2025-04-01,0.0035227821658205816,0.0006221810166775477
baseline_last,y_XLC,9,2025-04-02,-0.044605024369473445,0.0035227821658205816
baseline_last,y_XLC,10,2025-04-02,-0.044605024369473445,0.0035227821658205816
baseline_last,y_XLC,11,2025-04-02,-0.044605024369473445,0.0035227821658205816
baseline_last,y_XLC,9,2025-04-03,-0.05727867028930156,-0.044605024369473445
baseline_last,y_XLC,10,2025-04-03,-0.05727867028930156,-0.044605024369473445
baseline_last,y_XLC,11,2025-04-03,-0.05727867028930156,-0.044605024369473445
baseline_last,y_XLC,9,2025-04-07,-0.013966775657459518,0.0
baseline_last,y_XLC,10,2025-04-07,-0.013966775657459518,0.0
baseline_last,y_XLC,11,2025-04-07,-0.013966775657459518,0.0
baseline_last,y_XLC,9,2025-04-08,0.0883548285073259,-0.013966775657459518
baseline_last,y_XLC,10,2025-04-08,0.0883548285073259,-0.013966775657459518
baseline_last,y_XLC,11,2025-04-08,0.0883548285073259,-0.013966775657459518
baseline_last,y_XLC,9,2025-04-09,-0.03456373906800414,0.0883548285073259
baseline_last,y_XLC,10,2025-04-09,-0.03456373906800414,0.0883548285073259
baseline_last,y_XLC,11,2025-04-09,-0.03456373906800414,0.0883548285073259
baseline_last,y_XLC,9,2025-04-10,0.008508253619412987,-0.03456373906800414
baseline_last,y_XLC,10,2025-04-10,0.008508253619412987,-0.03456373906800414
baseline_last,y_XLC,11,2025-04-10,0.008508253619412987,-0.03456373906800414
baseline_last,y_XLC,10,2025-04-14,0.0025033205260884817,0.0
baseline_last,y_XLC,11,2025-04-14,0.0025033205260884817,0.0
baseline_last,y_XLC,12,2025-04-14,0.0025033205260884817,0.0
baseline_last,y_XLC,10,2025-04-15,-0.02692443332369543,0.0025033205260884817
baseline_last,y_XLC,11,2025-04-15,-0.02692443332369543,0.0025033205260884817
baseline_last,y_XLC,12,2025-04-15,-0.02692443332369543,0.0025033205260884817
baseline_last,y_XLC,10,2025-04-16,0.006471198647552745,-0.02692443332369543
baseline_last,y_XLC,11,2025-04-16,0.006471198647552745,-0.02692443332369543
baseline_last,y_XLC,12,2025-04-16,0.006471198647552745,-0.02692443332369543
baseline_last,y_XLC,10,2025-04-21,0.0260829757205141,0.0
baseline_last,y_XLC,11,2025-04-21,0.0260829757205141,0.0
baseline_last,y_XLC,12,2025-04-21,0.0260829757205141,0.0
baseline_last,y_XLC,10,2025-04-22,0.016025587841027145,0.0260829757205141
baseline_last,y_XLC,11,2025-04-22,0.016025587841027145,0.0260829757205141
baseline_last,y_XLC,12,2025-04-22,0.016025587841027145,0.0260829757205141
baseline_last,y_XLC,10,2025-04-23,0.020015253130610366,0.016025587841027145
baseline_last,y_XLC,11,2025-04-23,0.020015253130610366,0.016025587841027145
baseline_last,y_XLC,12,2025-04-23,0.020015253130610366,0.016025587841027145
baseline_last,y_XLC,10,2025-04-24,0.006291987329153148,0.020015253130610366
baseline_last,y_XLC,11,2025-04-24,0.006291987329153148,0.020015253130610366
baseline_last,y_XLC,12,2025-04-24,0.006291987329153148,0.020015253130610366
baseline_last,y_XLC,10,2025-04-28,0.007284626687776408,0.0
baseline_last,y_XLC,11,2025-04-28,0.007284626687776408,0.0
baseline_last,y_XLC,12,2025-04-28,0.007284626687776408,0.0
baseline_last,y_XLC,10,2025-04-29,0.0003144814977227295,0.007284626687776408
baseline_last,y_XLC,11,2025-04-29,0.0003144814977227295,0.007284626687776408
baseline_last,y_XLC,12,2025-04-29,0.0003144814977227295,0.007284626687776408
baseline_last,y_XLC,10,2025-04-30,0.005134028890448672,0.0003144814977227295
baseline_last,y_XLC,11,2025-04-30,0.005134028890448672,0.0003144814977227295
baseline_last,y_XLC,12,2025-04-30,0.005134028890448672,0.0003144814977227295
baseline_last,y_XLC,10,2025-05-01,0.015532174477940863,0.005134028890448672
baseline_last,y_XLC,11,2025-05-01,0.015532174477940863,0.005134028890448672
baseline_last,y_XLC,12,2025-05-01,0.015532174477940863,0.005134028890448672
baseline_last,y_XLC,11,2025-05-05,-0.0002048450506462185,0.0
baseline_last,y_XLC,12,2025-05-05,-0.0002048450506462185,0.0
baseline_last,y_XLC,13,2025-05-05,-0.0002048450506462185,0.0
baseline_last,y_XLC,11,2025-05-06,-0.0018437465965530642,-0.0002048450506462185
baseline_last,y_XLC,12,2025-05-06,-0.0018437465965530642,-0.0002048450506462185
baseline_last,y_XLC,13,2025-05-06,-0.0018437465965530642,-0.0002048450506462185
baseline_last,y_XLC,11,2025-05-07,0.002360236963903972,-0.0018437465965530642
baseline_last,y_XLC,12,2025-05-07,0.002360236963903972,-0.0018437465965530642
baseline_last,y_XLC,13,2025-05-07,0.002360236963903972,-0.0018437465965530642
baseline_last,y_XLC,11,2025-05-08,-0.005118765367035594,0.002360236963903972
baseline_last,y_XLC,12,2025-05-08,-0.005118765367035594,0.002360236963903972
baseline_last,y_XLC,13,2025-05-08,-0.005118765367035594,0.002360236963903972
baseline_last,y_XLC,11,2025-05-12,0.00977827658496122,0.0
baseline_last,y_XLC,12,2025-05-12,0.00977827658496122,0.0
baseline_last,y_XLC,13,2025-05-12,0.00977827658496122,0.0
baseline_last,y_XLC,11,2025-05-13,0.005191215962670137,0.00977827658496122
baseline_last,y_XLC,12,2025-05-13,0.005191215962670137,0.00977827658496122
baseline_last,y_XLC,13,2025-05-13,0.005191215962670137,0.00977827658496122
baseline_last,y_XLC,11,2025-05-14,0.003972520323313189,0.005191215962670137
baseline_last,y_XLC,12,2025-05-14,0.003972520323313189,0.005191215962670137
baseline_last,y_XLC,13,2025-05-14,0.003972520323313189,0.005191215962670137
baseline_last,y_XLC,11,2025-05-15,0.0068255993373114165,0.003972520323313189
baseline_last,y_XLC,12,2025-05-15,0.0068255993373114165,0.003972520323313189
baseline_last,y_XLC,13,2025-05-15,0.0068255993373114165,0.003972520323313189
baseline_last,y_XLC,11,2025-05-19,-0.0024538721906677274,0.0
baseline_last,y_XLC,12,2025-05-19,-0.0024538721906677274,0.0
baseline_last,y_XLC,13,2025-05-19,-0.0024538721906677274,0.0
baseline_last,y_XLC,11,2025-05-20,-0.007478061207250475,-0.0024538721906677274
baseline_last,y_XLC,12,2025-05-20,-0.007478061207250475,-0.0024538721906677274
baseline_last,y_XLC,13,2025-05-20,-0.007478061207250475,-0.0024538721906677274
baseline_last,y_XLC,11,2025-05-21,-0.0021809835454933424,-0.007478061207250475
baseline_last,y_XLC,12,2025-05-21,-0.0021809835454933424,-0.007478061207250475
baseline_last,y_XLC,13,2025-05-21,-0.0021809835454933424,-0.007478061207250475
baseline_last,y_XLC,11,2025-05-22,-0.004570240637581602,-0.0021809835454933424
baseline_last,y_XLC,12,2025-05-22,-0.004570240637581602,-0.0021809835454933424
baseline_last,y_XLC,13,2025-05-22,-0.004570240637581602,-0.0021809835454933424
baseline_last,y_XLC,12,2025-05-27,-0.00019630447004770346,0.0
baseline_last,y_XLC,13,2025-05-27,-0.00019630447004770346,0.0
baseline_last,y_XLC,14,2025-05-27,-0.00019630447004770346,0.0
baseline_last,y_XLC,12,2025-05-28,-0.00805513093983945,-0.00019630447004770346
baseline_last,y_XLC,13,2025-05-28,-0.00805513093983945,-0.00019630447004770346
baseline_last,y_XLC,14,2025-05-28,-0.00805513093983945,-0.00019630447004770346
baseline_last,y_XLC,12,2025-05-29,0.004159278324418425,-0.00805513093983945
baseline_last,y_XLC,13,2025-05-29,0.004159278324418425,-0.00805513093983945
baseline_last,y_XLC,14,2025-05-29,0.004159278324418425,-0.00805513093983945
baseline_last,y_XLC,12,2025-06-02,-0.0028458425152884104,0.0
baseline_last,y_XLC,13,2025-06-02,-0.0028458425152884104,0.0
baseline_last,y_XLC,14,2025-06-02,-0.0028458425152884104,0.0
baseline_last,y_XLC,12,2025-06-03,0.006397020674496323,-0.0028458425152884104
baseline_last,y_XLC,13,2025-06-03,0.006397020674496323,-0.0028458425152884104
baseline_last,y_XLC,14,2025-06-03,0.006397020674496323,-0.0028458425152884104
baseline_last,y_XLC,12,2025-06-04,0.0013690468616389673,0.006397020674496323
baseline_last,y_XLC,13,2025-06-04,0.0013690468616389673,0.006397020674496323
baseline_last,y_XLC,14,2025-06-04,0.0013690468616389673,0.006397020674496323
baseline_last,y_XLC,12,2025-06-05,0.012792933607605361,0.0013690468616389673
baseline_last,y_XLC,13,2025-06-05,0.012792933607605361,0.0013690468616389673
baseline_last,y_XLC,14,2025-06-05,0.012792933607605361,0.0013690468616389673
baseline_last,y_XLC,12,2025-06-09,0.012667985271238802,0.0
baseline_last,y_XLC,13,2025-06-09,0.012667985271238802,0.0
baseline_last,y_XLC,14,2025-06-09,0.012667985271238802,0.0
baseline_last,y_XLC,12,2025-06-10,-0.002291815598653657,0.012667985271238802
baseline_last,y_XLC,13,2025-06-10,-0.002291815598653657,0.012667985271238802
baseline_last,y_XLC,14,2025-06-10,-0.002291815598653657,0.012667985271238802
baseline_last,y_XLC,12,2025-06-11,-0.008135544158381913,-0.002291815598653657
baseline_last,y_XLC,13,2025-06-11,-0.008135544158381913,-0.002291815598653657
baseline_last,y_XLC,14,2025-06-11,-0.008135544158381913,-0.002291815598653657
baseline_last,y_XLC,12,2025-06-12,-0.010132220973862238,-0.008135544158381913
baseline_last,y_XLC,13,2025-06-12,-0.010132220973862238,-0.008135544158381913
baseline_last,y_XLC,14,2025-06-12,-0.010132220973862238,-0.008135544158381913
baseline_last,y_XLC,13,2025-07-02,0.0054909235173647986,0.0
baseline_last,y_XLC,14,2025-07-02,0.0054909235173647986,0.0
baseline_last,y_XLC,15,2025-07-02,0.0054909235173647986,0.0
baseline_last,y_XLC,13,2025-07-07,-0.0020560823874359313,0.0
baseline_last,y_XLC,14,2025-07-07,-0.0020560823874359313,0.0
baseline_last,y_XLC,15,2025-07-07,-0.0020560823874359313,0.0
baseline_last,y_XLC,13,2025-07-08,0.002622243254835732,-0.0020560823874359313
baseline_last,y_XLC,14,2025-07-08,0.002622243254835732,-0.0020560823874359313
baseline_last,y_XLC,15,2025-07-08,0.002622243254835732,-0.0020560823874359313
baseline_last,y_XLC,13,2025-07-09,-0.0033625867137720977,0.002622243254835732
baseline_last,y_XLC,14,2025-07-09,-0.0033625867137720977,0.002622243254835732
baseline_last,y_XLC,15,2025-07-09,-0.0033625867137720977,0.002622243254835732
baseline_last,y_XLC,13,2025-07-10,-0.006466690719218349,-0.0033625867137720977
baseline_last,y_XLC,14,2025-07-10,-0.006466690719218349,-0.0033625867137720977
baseline_last,y_XLC,15,2025-07-10,-0.006466690719218349,-0.0033625867137720977
baseline_last,y_XLC,13,2025-07-14,-0.009902009510687537,0.0
baseline_last,y_XLC,14,2025-07-14,-0.009902009510687537,0.0
baseline_last,y_XLC,15,2025-07-14,-0.009902009510687537,0.0
baseline_last,y_XLC,13,2025-07-15,0.003019196897828369,-0.009902009510687537
baseline_last,y_XLC,14,2025-07-15,0.003019196897828369,-0.009902009510687537
baseline_last,y_XLC,15,2025-07-15,0.003019196897828369,-0.009902009510687537
baseline_last,y_XLC,13,2025-07-16,0.0034804495735434315,0.003019196897828369
baseline_last,y_XLC,14,2025-07-16,0.0034804495735434315,0.003019196897828369
baseline_last,y_XLC,15,2025-07-16,0.0034804495735434315,0.003019196897828369
baseline_last,y_XLC,13,2025-07-17,-0.00459320878141245,0.0034804495735434315
baseline_last,y_XLC,14,2025-07-17,-0.00459320878141245,0.0034804495735434315
baseline_last,y_XLC,15,2025-07-17,-0.00459320878141245,0.0034804495735434315
baseline_last,y_XLC,13,2025-07-21,0.0023232224963938286,0.0
baseline_last,y_XLC,14,2025-07-21,0.0023232224963938286,0.0
baseline_last,y_XLC,15,2025-07-21,0.0023232224963938286,0.0
baseline_last,y_XLC,13,2025-07-22,0.0054700512645955435,0.0023232224963938286
baseline_last,y_XLC,14,2025-07-22,0.0054700512645955435,0.0023232224963938286
baseline_last,y_XLC,15,2025-07-22,0.0054700512645955435,0.0023232224963938286
baseline_last,y_XLC,13,2025-07-23,0.0016597442782730898,0.0054700512645955435
baseline_last,y_XLC,14,2025-07-23,0.0016597442782730898,0.0054700512645955435
baseline_last,y_XLC,15,2025-07-23,0.0016597442782730898,0.0054700512645955435
baseline_last,y_XLC,14,2025-07-24,-0.009297550462841087,0.0016597442782730898
baseline_last,y_XLC,15,2025-07-24,-0.009297550462841087,0.0016597442782730898
baseline_last,y_XLC,16,2025-07-24,-0.009297550462841087,0.0016597442782730898
baseline_last,y_XLC,14,2025-07-28,-0.00859489081211573,0.0
baseline_last,y_XLC,15,2025-07-28,-0.00859489081211573,0.0
baseline_last,y_XLC,16,2025-07-28,-0.00859489081211573,0.0
baseline_last,y_XLC,14,2025-07-29,0.0031096623543902524,-0.00859489081211573
baseline_last,y_XLC,15,2025-07-29,0.0031096623543902524,-0.00859489081211573
baseline_last,y_XLC,16,2025-07-29,0.0031096623543902524,-0.00859489081211573
baseline_last,y_XLC,14,2025-07-30,0.009018377971976133,0.0031096623543902524
baseline_last,y_XLC,15,2025-07-30,0.009018377971976133,0.0031096623543902524
baseline_last,y_XLC,16,2025-07-30,0.009018377971976133,0.0031096623543902524
baseline_last,y_XLC,14,2025-07-31,-0.012010088783497297,0.009018377971976133
baseline_last,y_XLC,15,2025-07-31,-0.012010088783497297,0.009018377971976133
baseline_last,y_XLC,16,2025-07-31,-0.012010088783497297,0.009018377971976133
baseline_last,y_XLC,14,2025-08-04,-0.00776635806699244,0.0
baseline_last,y_XLC,15,2025-08-04,-0.00776635806699244,0.0
baseline_last,y_XLC,16,2025-08-04,-0.00776635806699244,0.0
baseline_last,y_XLC,14,2025-08-05,0.00382035458873764,-0.00776635806699244
baseline_last,y_XLC,15,2025-08-05,0.00382035458873764,-0.00776635806699244
baseline_last,y_XLC,16,2025-08-05,0.00382035458873764,-0.00776635806699244
baseline_last,y_XLC,14,2025-08-06,-0.004269956198904801,0.00382035458873764
baseline_last,y_XLC,15,2025-08-06,-0.004269956198904801,0.00382035458873764
baseline_last,y_XLC,16,2025-08-06,-0.004269956198904801,0.00382035458873764
baseline_last,y_XLC,14,2025-08-07,0.003356003842183819,-0.004269956198904801
baseline_last,y_XLC,15,2025-08-07,0.003356003842183819,-0.004269956198904801
baseline_last,y_XLC,16,2025-08-07,0.003356003842183819,-0.004269956198904801
baseline_last,y_XLC,14,2025-08-11,0.019134803077398566,0.0
baseline_last,y_XLC,15,2025-08-11,0.019134803077398566,0.0
baseline_last,y_XLC,16,2025-08-11,0.019134803077398566,0.0
baseline_last,y_XLC,14,2025-08-12,0.00780040569884477,0.019134803077398566
baseline_last,y_XLC,15,2025-08-12,0.00780040569884477,0.019134803077398566
baseline_last,y_XLC,16,2025-08-12,0.00780040569884477,0.019134803077398566
baseline_last,y_XLC,15,2025-08-13,0.0008099702169868106,0.00780040569884477
baseline_last,y_XLC,16,2025-08-13,0.0008099702169868106,0.00780040569884477
baseline_last,y_XLC,17,2025-08-13,0.0008099702169868106,0.00780040569884477
baseline_last,y_XLC,15,2025-08-14,0.0025180137620106624,0.0008099702169868106
baseline_last,y_XLC,16,2025-08-14,0.0025180137620106624,0.0008099702169868106
baseline_last,y_XLC,17,2025-08-14,0.0025180137620106624,0.0008099702169868106
baseline_last,y_XLC,15,2025-08-18,-0.005595675577951487,0.0
baseline_last,y_XLC,16,2025-08-18,-0.005595675577951487,0.0
baseline_last,y_XLC,17,2025-08-18,-0.005595675577951487,0.0
baseline_last,y_XLC,15,2025-08-19,-0.002995144679813655,-0.005595675577951487
baseline_last,y_XLC,16,2025-08-19,-0.002995144679813655,-0.005595675577951487
baseline_last,y_XLC,17,2025-08-19,-0.002995144679813655,-0.005595675577951487
baseline_last,y_XLC,15,2025-08-20,-0.0010923709673066329,-0.002995144679813655
baseline_last,y_XLC,16,2025-08-20,-0.0010923709673066329,-0.002995144679813655
baseline_last,y_XLC,17,2025-08-20,-0.0010923709673066329,-0.002995144679813655
baseline_last,y_XLC,15,2025-08-21,0.014398904684524538,-0.0010923709673066329
baseline_last,y_XLC,16,2025-08-21,0.014398904684524538,-0.0010923709673066329
baseline_last,y_XLC,17,2025-08-21,0.014398904684524538,-0.0010923709673066329
baseline_last,y_XLC,15,2025-08-25,-0.004395044779220703,0.0
baseline_last,y_XLC,16,2025-08-25,-0.004395044779220703,0.0
baseline_last,y_XLC,17,2025-08-25,-0.004395044779220703,0.0
baseline_last,y_XLC,15,2025-08-26,0.0017117778035189435,-0.004395044779220703
baseline_last,y_XLC,16,2025-08-26,0.0017117778035189435,-0.004395044779220703
baseline_last,y_XLC,17,2025-08-26,0.0017117778035189435,-0.004395044779220703
baseline_last,y_XLC,15,2025-08-27,0.003777256468813439,0.0017117778035189435
baseline_last,y_XLC,16,2025-08-27,0.003777256468813439,0.0017117778035189435
baseline_last,y_XLC,17,2025-08-27,0.003777256468813439,0.0017117778035189435
baseline_last,y_XLC,15,2025-08-28,-0.0019711568205514896,0.003777256468813439
baseline_last,y_XLC,16,2025-08-28,-0.0019711568205514896,0.003777256468813439
baseline_last,y_XLC,17,2025-08-28,-0.0019711568205514896,0.003777256468813439
baseline_last,y_XLC,15,2025-09-02,0.016726642892601173,0.0
baseline_last,y_XLC,16,2025-09-02,0.016726642892601173,0.0
baseline_last,y_XLC,17,2025-09-02,0.016726642892601173,0.0
baseline_last,y_XLC,16,2025-09-03,0.009021834742270363,0.016726642892601173
baseline_last,y_XLC,17,2025-09-03,0.009021834742270363,0.016726642892601173
baseline_last,y_XLC,18,2025-09-03,0.009021834742270363,0.016726642892601173
baseline_last,y_XLC,16,2025-09-04,0.00534712876710719,0.009021834742270363
baseline_last,y_XLC,17,2025-09-04,0.00534712876710719,0.009021834742270363
baseline_last,y_XLC,18,2025-09-04,0.00534712876710719,0.009021834742270363
baseline_last,y_XLC,16,2025-09-08,0.005661052106001874,0.0
baseline_last,y_XLC,17,2025-09-08,0.005661052106001874,0.0
baseline_last,y_XLC,18,2025-09-08,0.005661052106001874,0.0
baseline_last,y_XLC,16,2025-09-09,-0.007361303319261436,0.005661052106001874
baseline_last,y_XLC,17,2025-09-09,-0.007361303319261436,0.005661052106001874
baseline_last,y_XLC,18,2025-09-09,-0.007361303319261436,0.005661052106001874
baseline_last,y_XLC,16,2025-09-10,0.015355075954161412,-0.007361303319261436
baseline_last,y_XLC,17,2025-09-10,0.015355075954161412,-0.007361303319261436
baseline_last,y_XLC,18,2025-09-10,0.015355075954161412,-0.007361303319261436
baseline_last,y_XLC,16,2025-09-11,0.008334823226708421,0.015355075954161412
baseline_last,y_XLC,17,2025-09-11,0.008334823226708421,0.015355075954161412
baseline_last,y_XLC,18,2025-09-11,0.008334823226708421,0.015355075954161412
baseline_last,y_XLC,16,2025-09-15,-0.004033639783845855,0.0
baseline_last,y_XLC,17,2025-09-15,-0.004033639783845855,0.0
baseline_last,y_XLC,18,2025-09-15,-0.004033639783845855,0.0
baseline_last,y_XLC,16,2025-09-16,0.002615628355119748,-0.004033639783845855
baseline_last,y_XLC,17,2025-09-16,0.002615628355119748,-0.004033639783845855
baseline_last,y_XLC,18,2025-09-16,0.002615628355119748,-0.004033639783845855
baseline_last,y_XLC,16,2025-09-17,0.0007572844024363867,0.002615628355119748
baseline_last,y_XLC,17,2025-09-17,0.0007572844024363867,0.002615628355119748
baseline_last,y_XLC,18,2025-09-17,0.0007572844024363867,0.002615628355119748
baseline_last,y_XLC,16,2025-09-18,0.0041205116443514544,0.0007572844024363867
baseline_last,y_XLC,17,2025-09-18,0.0041205116443514544,0.0007572844024363867
baseline_last,y_XLC,18,2025-09-18,0.0041205116443514544,0.0007572844024363867
baseline_last,y_XLC,16,2025-09-22,-0.0014336095791197545,0.0
baseline_last,y_XLC,17,2025-09-22,-0.0014336095791197545,0.0
baseline_last,y_XLC,18,2025-09-22,-0.0014336095791197545,0.0
baseline_last,y_XLC,17,2025-09-23,-0.008276324093239418,-0.0014336095791197545
baseline_last,y_XLC,18,2025-09-23,-0.008276324093239418,-0.0014336095791197545
baseline_last,y_XLC,19,2025-09-23,-0.008276324093239418,-0.0014336095791197545
baseline_last,y_XLC,17,2025-09-24,-0.0034063095725317405,-0.008276324093239418
baseline_last,y_XLC,18,2025-09-24,-0.0034063095725317405,-0.008276324093239418
baseline_last,y_XLC,19,2025-09-24,-0.0034063095725317405,-0.008276324093239418
baseline_last,y_XLC,17,2025-09-25,0.009741098298041706,-0.0034063095725317405
baseline_last,y_XLC,18,2025-09-25,0.009741098298041706,-0.0034063095725317405
baseline_last,y_XLC,19,2025-09-25,0.009741098298041706,-0.0034063095725317405
baseline_last,y_XLC,17,2025-09-29,-0.0015183578156720001,0.0
baseline_last,y_XLC,18,2025-09-29,-0.0015183578156720001,0.0
baseline_last,y_XLC,19,2025-09-29,-0.0015183578156720001,0.0
baseline_last,y_XLC,17,2025-09-30,-0.014023861864980058,-0.0015183578156720001
baseline_last,y_XLC,18,2025-09-30,-0.014023861864980058,-0.0015183578156720001
baseline_last,y_XLC,19,2025-09-30,-0.014023861864980058,-0.0015183578156720001
baseline_last,y_XLC,17,2025-10-01,-0.0022277604170869436,-0.014023861864980058
baseline_last,y_XLC,18,2025-10-01,-0.0022277604170869436,-0.014023861864980058
baseline_last,y_XLC,19,2025-10-01,-0.0022277604170869436,-0.014023861864980058
baseline_last,y_XLC,17,2025-10-02,-0.0005151806747434318,-0.0022277604170869436
baseline_last,y_XLC,18,2025-10-02,-0.0005151806747434318,-0.0022277604170869436
baseline_last,y_XLC,19,2025-10-02,-0.0005151806747434318,-0.0022277604170869436
baseline_last,y_XLC,17,2025-10-06,-0.0038623905525715374,0.0
baseline_last,y_XLC,18,2025-10-06,-0.0038623905525715374,0.0
baseline_last,y_XLC,19,2025-10-06,-0.0038623905525715374,0.0
baseline_last,y_XLC,17,2025-10-07,-0.004135756430715065,-0.0038623905525715374
baseline_last,y_XLC,18,2025-10-07,-0.004135756430715065,-0.0038623905525715374
baseline_last,y_XLC,19,2025-10-07,-0.004135756430715065,-0.0038623905525715374
baseline_last,y_XLC,17,2025-10-08,-0.00571037248245343,-0.004135756430715065
baseline_last,y_XLC,18,2025-10-08,-0.00571037248245343,-0.004135756430715065
baseline_last,y_XLC,19,2025-10-08,-0.00571037248245343,-0.004135756430715065
baseline_last,y_XLC,17,2025-10-09,-0.018447552305029924,-0.00571037248245343
baseline_last,y_XLC,18,2025-10-09,-0.018447552305029924,-0.00571037248245343
baseline_last,y_XLC,19,2025-10-09,-0.018447552305029924,-0.00571037248245343
baseline_last,y_XLC,18,2025-10-13,0.0065882090643460955,0.0
baseline_last,y_XLC,19,2025-10-13,0.0065882090643460955,0.0
baseline_last,y_XLC,20,2025-10-13,0.0065882090643460955,0.0
baseline_last,y_XLC,18,2025-10-14,0.007068698415938712,0.0065882090643460955
baseline_last,y_XLC,19,2025-10-14,0.007068698415938712,0.0065882090643460955
baseline_last,y_XLC,20,2025-10-14,0.007068698415938712,0.0065882090643460955
baseline_last,y_XLC,18,2025-10-15,-0.01065855783739078,0.007068698415938712
baseline_last,y_XLC,19,2025-10-15,-0.01065855783739078,0.007068698415938712
baseline_last,y_XLC,20,2025-10-15,-0.01065855783739078,0.007068698415938712
baseline_last,y_XLC,18,2025-10-16,0.006744344622333642,-0.01065855783739078
baseline_last,y_XLC,19,2025-10-16,0.006744344622333642,-0.01065855783739078
baseline_last,y_XLC,20,2025-10-16,0.006744344622333642,-0.01065855783739078
baseline_last,y_XLC,18,2025-10-20,0.0035272440705136354,0.0
baseline_last,y_XLC,19,2025-10-20,0.0035272440705136354,0.0
baseline_last,y_XLC,20,2025-10-20,0.0035272440705136354,0.0
baseline_last,y_XLC,18,2025-10-21,-0.008658410306786268,0.0035272440705136354
baseline_last,y_XLC,19,2025-10-21,-0.008658410306786268,0.0035272440705136354
baseline_last,y_XLC,20,2025-10-21,-0.008658410306786268,0.0035272440705136354
baseline_last,y_XLC,18,2025-10-22,-0.003372527138309711,-0.008658410306786268
baseline_last,y_XLC,19,2025-10-22,-0.003372527138309711,-0.008658410306786268
baseline_last,y_XLC,20,2025-10-22,-0.003372527138309711,-0.008658410306786268
baseline_last,y_XLC,18,2025-10-23,0.002603055979085944,-0.003372527138309711
baseline_last,y_XLC,19,2025-10-23,0.002603055979085944,-0.003372527138309711
baseline_last,y_XLC,20,2025-10-23,0.002603055979085944,-0.003372527138309711
baseline_last,y_XLC,18,2025-10-27,-0.0049505312722244454,0.0
baseline_last,y_XLC,19,2025-10-27,-0.0049505312722244454,0.0
baseline_last,y_XLC,20,2025-10-27,-0.0049505312722244454,0.0
baseline_last,y_XLC,18,2025-10-28,-0.002487547653430622,-0.0049505312722244454
baseline_last,y_XLC,19,2025-10-28,-0.002487547653430622,-0.0049505312722244454
baseline_last,y_XLC,20,2025-10-28,-0.002487547653430622,-0.0049505312722244454
baseline_last,y_XLC,18,2025-10-29,-0.016940433195769544,-0.002487547653430622
baseline_last,y_XLC,19,2025-10-29,-0.016940433195769544,-0.002487547653430622
baseline_last,y_XLC,20,2025-10-29,-0.016940433195769544,-0.002487547653430622
baseline_last,y_XLC,18,2025-10-30,0.00428621222649106,-0.016940433195769544
baseline_last,y_XLC,19,2025-10-30,0.00428621222649106,-0.016940433195769544
baseline_last,y_XLC,20,2025-10-30,0.00428621222649106,-0.016940433195769544
baseline_last,y_XLC,19,2025-11-03,-0.006866784938220127,0.0
baseline_last,y_XLC,20,2025-11-03,-0.006866784938220127,0.0
baseline_last,y_XLC,21,2025-11-03,-0.006866784938220127,0.0
baseline_last,y_XLC,19,2025-11-04,0.005407327928086403,-0.006866784938220127
baseline_last,y_XLC,20,2025-11-04,0.005407327928086403,-0.006866784938220127
baseline_last,y_XLC,21,2025-11-04,0.005407327928086403,-0.006866784938220127
baseline_last,y_XLC,19,2025-11-05,-0.00899312157322063,0.005407327928086403
baseline_last,y_XLC,20,2025-11-05,-0.00899312157322063,0.005407327928086403
baseline_last,y_XLC,21,2025-11-05,-0.00899312157322063,0.005407327928086403
baseline_last,y_XLC,19,2025-11-06,-0.0025800561009664547,-0.00899312157322063
baseline_last,y_XLC,20,2025-11-06,-0.0025800561009664547,-0.00899312157322063
baseline_last,y_XLC,21,2025-11-06,-0.0025800561009664547,-0.00899312157322063
baseline_last,y_XLC,19,2025-11-10,0.008121461172466926,0.0
baseline_last,y_XLC,20,2025-11-10,0.008121461172466926,0.0
baseline_last,y_XLC,21,2025-11-10,0.008121461172466926,0.0
baseline_last,y_XLC,19,2025-11-11,-0.0057793100859779845,0.008121461172466926
baseline_last,y_XLC,20,2025-11-11,-0.0057793100859779845,0.008121461172466926
baseline_last,y_XLC,21,2025-11-11,-0.0057793100859779845,0.008121461172466926
baseline_last,y_XLC,19,2025-11-12,-0.014180027736483414,-0.0057793100859779845
baseline_last,y_XLC,20,2025-11-12,-0.014180027736483414,-0.0057793100859779845
baseline_last,y_XLC,21,2025-11-12,-0.014180027736483414,-0.0057793100859779845
baseline_last,y_XLC,19,2025-11-13,-0.005360464188339353,-0.014180027736483414
baseline_last,y_XLC,20,2025-11-13,-0.005360464188339353,-0.014180027736483414
baseline_last,y_XLC,21,2025-11-13,-0.005360464188339353,-0.014180027736483414
baseline_last,y_XLC,19,2025-11-17,0.005666494097301467,0.0
baseline_last,y_XLC,20,2025-11-17,0.005666494097301467,0.0
baseline_last,y_XLC,21,2025-11-17,0.005666494097301467,0.0
baseline_last,y_XLC,19,2025-11-18,-0.005545093538284029,0.005666494097301467
baseline_last,y_XLC,20,2025-11-18,-0.005545093538284029,0.005666494097301467
baseline_last,y_XLC,21,2025-11-18,-0.005545093538284029,0.005666494097301467
baseline_last,y_XLC,19,2025-11-19,-0.01097222133306519,-0.005545093538284029
baseline_last,y_XLC,20,2025-11-19,-0.01097222133306519,-0.005545093538284029
baseline_last,y_XLC,21,2025-11-19,-0.01097222133306519,-0.005545093538284029
baseline_last,y_XLC,19,2025-11-20,0.017550265443301516,-0.01097222133306519
baseline_last,y_XLC,20,2025-11-20,0.017550265443301516,-0.01097222133306519
baseline_last,y_XLC,21,2025-11-20,0.017550265443301516,-0.01097222133306519
baseline_last,y_XLC,20,2025-11-24,0.011414969053105795,0.0
baseline_last,y_XLC,21,2025-11-24,0.011414969053105795,0.0
baseline_last,y_XLC,22,2025-11-24,0.011414969053105795,0.0
baseline_last,y_XLC,20,2025-11-25,0.0013997682744995021,0.011414969053105795
baseline_last,y_XLC,21,2025-11-25,0.0013997682744995021,0.011414969053105795
baseline_last,y_XLC,22,2025-11-25,0.0013997682744995021,0.011414969053105795
baseline_last,y_XLC,20,2025-12-01,0.0033086878397272645,0.0
baseline_last,y_XLC,21,2025-12-01,0.0033086878397272645,0.0
baseline_last,y_XLC,22,2025-12-01,0.0033086878397272645,0.0
baseline_last,y_XLC,20,2025-12-02,-0.000867835928061722,0.0033086878397272645
baseline_last,y_XLC,21,2025-12-02,-0.000867835928061722,0.0033086878397272645
baseline_last,y_XLC,22,2025-12-02,-0.000867835928061722,0.0033086878397272645
baseline_last,y_XLC,20,2025-12-03,0.00573262567924826,-0.000867835928061722
baseline_last,y_XLC,21,2025-12-03,0.00573262567924826,-0.000867835928061722
baseline_last,y_XLC,22,2025-12-03,0.00573262567924826,-0.000867835928061722
baseline_last,y_XLC,20,2025-12-04,0.011572693862949013,0.00573262567924826
baseline_last,y_XLC,21,2025-12-04,0.011572693862949013,0.00573262567924826
baseline_last,y_XLC,22,2025-12-04,0.011572693862949013,0.00573262567924826
baseline_last,y_XLC,20,2025-12-08,0.0011181586355302198,0.0
baseline_last,y_XLC,21,2025-12-08,0.0011181586355302198,0.0
baseline_last,y_XLC,22,2025-12-08,0.0011181586355302198,0.0
baseline_last,y_XLC,20,2025-12-09,0.005842403402497531,0.0011181586355302198
baseline_last,y_XLC,21,2025-12-09,0.005842403402497531,0.0011181586355302198
baseline_last,y_XLC,22,2025-12-09,0.005842403402497531,0.0011181586355302198
baseline_last,y_XLC,20,2025-12-10,-0.0022209098178808118,0.005842403402497531
baseline_last,y_XLC,21,2025-12-10,-0.0022209098178808118,0.005842403402497531
baseline_last,y_XLC,22,2025-12-10,-0.0022209098178808118,0.005842403402497531
baseline_last,y_XLC,20,2025-12-11,-0.0022257877111721003,-0.0022209098178808118
baseline_last,y_XLC,21,2025-12-11,-0.0022257877111721003,-0.0022209098178808118
baseline_last,y_XLC,22,2025-12-11,-0.0022257877111721003,-0.0022209098178808118
baseline_last,y_XLC,21,2025-12-15,0.0006863536505308243,0.0
baseline_last,y_XLC,22,2025-12-15,0.0006863536505308243,0.0
baseline_last,y_XLC,23,2025-12-15,0.0006863536505308243,0.0
baseline_last,y_XLC,21,2025-12-16,-0.007201081402350762,0.0006863536505308243
baseline_last,y_XLC,22,2025-12-16,-0.007201081402350762,0.0006863536505308243
baseline_last,y_XLC,23,2025-12-16,-0.007201081402350762,0.0006863536505308243
baseline_last,y_XLC,21,2025-12-17,0.005699031721761338,-0.007201081402350762
baseline_last,y_XLC,22,2025-12-17,0.005699031721761338,-0.007201081402350762
baseline_last,y_XLC,23,2025-12-17,0.005699031721761338,-0.007201081402350762
baseline_last,y_XLC,21,2025-12-18,0.0004292653844522043,0.005699031721761338
baseline_last,y_XLC,22,2025-12-18,0.0004292653844522043,0.005699031721761338
baseline_last,y_XLC,23,2025-12-18,0.0004292653844522043,0.005699031721761338
baseline_last,y_XLC,21,2025-12-23,0.005963003253102617,0.0
baseline_last,y_XLC,22,2025-12-23,0.005963003253102617,0.0
baseline_last,y_XLC,23,2025-12-23,0.005963003253102617,0.0
baseline_last,y_XLC,21,2025-12-29,0.003393006429297074,0.0
baseline_last,y_XLC,22,2025-12-29,0.003393006429297074,0.0
baseline_last,y_XLC,23,2025-12-29,0.003393006429297074,0.0
baseline_last,y_XLC,21,2025-12-30,-0.004818663373172716,0.003393006429297074
baseline_last,y_XLC,22,2025-12-30,-0.004818663373172716,0.003393006429297074
baseline_last,y_XLC,23,2025-12-30,-0.004818663373172716,0.003393006429297074
baseline_last,y_XLC,22,2026-01-05,-0.0035668634305335845,0.0
baseline_last,y_XLC,23,2026-01-05,-0.0035668634305335845,0.0
baseline_last,y_XLC,24,2026-01-05,-0.0035668634305335845,0.0
baseline_last,y_XLC,22,2026-01-06,-0.00204555944275564,-0.0035668634305335845
baseline_last,y_XLC,23,2026-01-06,-0.00204555944275564,-0.0035668634305335845
baseline_last,y_XLC,24,2026-01-06,-0.00204555944275564,-0.0035668634305335845
baseline_last,y_XLC,22,2026-01-07,0.003330831251523003,-0.00204555944275564
baseline_last,y_XLC,23,2026-01-07,0.003330831251523003,-0.00204555944275564
baseline_last,y_XLC,24,2026-01-07,0.003330831251523003,-0.00204555944275564
baseline_last,y_XLC,22,2026-01-08,0.0036601999735166313,0.003330831251523003
baseline_last,y_XLC,23,2026-01-08,0.0036601999735166313,0.003330831251523003
baseline_last,y_XLC,24,2026-01-08,0.0036601999735166313,0.003330831251523003
baseline_last,y_XLC,22,2026-01-12,-0.00561466307932601,0.0
baseline_last,y_XLC,23,2026-01-12,-0.00561466307932601,0.0
baseline_last,y_XLC,24,2026-01-12,-0.00561466307932601,0.0
baseline_last,y_XLC,22,2026-01-13,-0.0021387629506834926,-0.00561466307932601
baseline_last,y_XLC,23,2026-01-13,-0.0021387629506834926,-0.00561466307932601
baseline_last,y_XLC,24,2026-01-13,-0.0021387629506834926,-0.00561466307932601
baseline_last,y_XLC,22,2026-01-14,-0.0036865595629790304,-0.0021387629506834926
baseline_last,y_XLC,23,2026-01-14,-0.0036865595629790304,-0.0021387629506834926
baseline_last,y_XLC,24,2026-01-14,-0.0036865595629790304,-0.0021387629506834926
baseline_last,y_XLC,22,2026-01-15,-0.008949323842360246,-0.0036865595629790304
baseline_last,y_XLC,23,2026-01-15,-0.008949323842360246,-0.0036865595629790304
baseline_last,y_XLC,24,2026-01-15,-0.008949323842360246,-0.0036865595629790304
baseline_last,y_XLC,22,2026-01-21,0.014132450365506255,0.0
baseline_last,y_XLC,23,2026-01-21,0.014132450365506255,0.0
baseline_last,y_XLC,24,2026-01-21,0.014132450365506255,0.0
baseline_last,y_XLC,22,2026-01-22,0.006107519006216311,0.014132450365506255
baseline_last,y_XLC,23,2026-01-22,0.006107519006216311,0.014132450365506255
baseline_last,y_XLC,24,2026-01-22,0.006107519006216311,0.014132450365506255
baseline_last,y_XLC,23,2026-01-26,-0.007387239042081828,0.0
baseline_last,y_XLC,24,2026-01-26,-0.007387239042081828,0.0
baseline_last,y_XLC,23,2026-01-27,-0.00128316102584225,-0.007387239042081828
baseline_last,y_XLC,24,2026-01-27,-0.00128316102584225,-0.007387239042081828
baseline_last,y_XLC,23,2026-01-28,0.026038551738992277,-0.00128316102584225
baseline_last,y_XLC,24,2026-01-28,0.026038551738992277,-0.00128316102584225
baseline_last,y_XLC,23,2026-01-29,0.002420910871616222,0.026038551738992277
baseline_last,y_XLC,24,2026-01-29,0.002420910871616222,0.026038551738992277
baseline_last,y_XLC,23,2026-02-02,-0.016127687262526003,0.0
baseline_last,y_XLC,24,2026-02-02,-0.016127687262526003,0.0
baseline_last,y_XLC,23,2026-02-03,-0.007983648964384527,-0.016127687262526003
baseline_last,y_XLC,24,2026-02-03,-0.007983648964384527,-0.016127687262526003
baseline_last,y_XLC,23,2026-02-04,-0.005051403697512669,-0.007983648964384527
baseline_last,y_XLC,24,2026-02-04,-0.005051403697512669,-0.007983648964384527
baseline_last,y_XLC,23,2026-02-05,-0.0038722739160773623,-0.005051403697512669
baseline_last,y_XLC,24,2026-02-05,-0.0038722739160773623,-0.005051403697512669
baseline_last,y_XLC,23,2026-02-09,0.00598908790285968,0.0
baseline_last,y_XLC,24,2026-02-09,0.00598908790285968,0.0
baseline_last,y_XLC,23,2026-02-10,-0.00714410575101132,0.00598908790285968
baseline_last,y_XLC,24,2026-02-10,-0.00714410575101132,0.00598908790285968
baseline_last,y_XLC,23,2026-02-11,-0.017988680080084363,-0.00714410575101132
baseline_last,y_XLC,24,2026-02-11,-0.017988680080084363,-0.00714410575101132
baseline_last,y_XLC,23,2026-02-12,-0.000523356236158401,-0.017988680080084363
baseline_last,y_XLC,24,2026-02-12,-0.000523356236158401,-0.017988680080084363
baseline_last,y_XLC,24,2026-02-17,0.0016607937891393032,0.0
baseline_last,y_XLC,24,2026-02-18,0.004799747528885678,0.0016607937891393032
baseline_last,y_XLC,24,2026-02-19,0.014417263078938314,0.004799747528885678
baseline_last,y_XLC,24,2026-02-23,0.006934839177575647,0.0
baseline_last,y_XLC,24,2026-02-24,0.0029269656264785393,0.006934839177575647
baseline_last,y_XLC,24,2026-02-25,0.0018884224953057416,0.0029269656264785393
baseline_last,y_XLC,24,2026-02-26,0.011394806521118905,0.0018884224953057416
baseline_last,y_XLC,24,2026-03-02,0.0007635219800927739,0.0
baseline_last,y_XLC,24,2026-03-03,0.007036299063213125,0.0007635219800927739
baseline_last,y_XLC,24,2026-03-04,-0.002946363089684545,0.007036299063213125
baseline_last,y_XLC,24,2026-03-05,-0.008274259850833743,-0.002946363089684545
baseline_last,y_XLE,0,2024-08-05,0.0061308513333226955,0.0
baseline_last,y_XLE,0,2024-08-06,0.004023775304114796,0.0061308513333226955
baseline_last,y_XLE,0,2024-08-07,0.021527542183078063,0.004023775304114796
baseline_last,y_XLE,0,2024-08-08,0.002241991290100609,0.021527542183078063
baseline_last,y_XLE,0,2024-08-12,-0.00968276136238122,0.0
baseline_last,y_XLE,0,2024-08-13,0.005843920328309604,-0.00968276136238122
baseline_last,y_XLE,0,2024-08-14,0.01195526462180485,0.005843920328309604
baseline_last,y_XLE,0,2024-08-15,-0.0011039415927895924,0.01195526462180485
baseline_last,y_XLE,0,2024-08-19,-0.026350551463097616,0.0
baseline_last,y_XLE,0,2024-08-20,0.0016915204683649598,-0.026350551463097616
baseline_last,y_XLE,0,2024-08-21,0.002589260825728301,0.0016915204683649598
baseline_last,y_XLE,0,2024-08-22,0.014933708866977868,0.002589260825728301
baseline_last,y_XLE,0,2024-08-26,-0.009320133129440134,0.0
baseline_last,y_XLE,1,2024-08-26,-0.009320133129440134,0.0
baseline_last,y_XLE,0,2024-08-27,-0.006419480655098231,-0.009320133129440134
baseline_last,y_XLE,1,2024-08-27,-0.006419480655098231,-0.009320133129440134
baseline_last,y_XLE,0,2024-08-28,0.01303344302955134,-0.006419480655098231
baseline_last,y_XLE,1,2024-08-28,0.01303344302955134,-0.006419480655098231
baseline_last,y_XLE,0,2024-08-29,0.0037386406858141985,0.01303344302955134
baseline_last,y_XLE,1,2024-08-29,0.0037386406858141985,0.01303344302955134
baseline_last,y_XLE,0,2024-09-03,-0.013818807768049668,0.0
baseline_last,y_XLE,1,2024-09-03,-0.013818807768049668,0.0
baseline_last,y_XLE,0,2024-09-04,-0.007746549420837523,-0.013818807768049668
baseline_last,y_XLE,1,2024-09-04,-0.007746549420837523,-0.013818807768049668
baseline_last,y_XLE,0,2024-09-05,-0.012514398488310596,-0.007746549420837523
baseline_last,y_XLE,1,2024-09-05,-0.012514398488310596,-0.007746549420837523
baseline_last,y_XLE,0,2024-09-09,-0.017199631501240153,0.0
baseline_last,y_XLE,1,2024-09-09,-0.017199631501240153,0.0
baseline_last,y_XLE,0,2024-09-10,-0.009278882809441558,-0.017199631501240153
baseline_last,y_XLE,1,2024-09-10,-0.009278882809441558,-0.017199631501240153
baseline_last,y_XLE,0,2024-09-11,0.009010078344251493,-0.009278882809441558
baseline_last,y_XLE,1,2024-09-11,0.009010078344251493,-0.009278882809441558
baseline_last,y_XLE,0,2024-09-12,0.005639666922565567,0.009010078344251493
baseline_last,y_XLE,1,2024-09-12,0.005639666922565567,0.009010078344251493
baseline_last,y_XLE,2,2024-09-12,0.005639666922565567,0.009010078344251493
baseline_last,y_XLE,0,2024-09-16,0.013514936237957631,0.0
baseline_last,y_XLE,1,2024-09-16,0.013514936237957631,0.0
baseline_last,y_XLE,2,2024-09-16,0.013514936237957631,0.0
baseline_last,y_XLE,0,2024-09-17,0.0019375887745565201,0.013514936237957631
baseline_last,y_XLE,1,2024-09-17,0.0019375887745565201,0.013514936237957631
baseline_last,y_XLE,2,2024-09-17,0.0019375887745565201,0.013514936237957631
baseline_last,y_XLE,0,2024-09-18,0.011943989712195124,0.0019375887745565201
baseline_last,y_XLE,1,2024-09-18,0.011943989712195124,0.0019375887745565201
baseline_last,y_XLE,2,2024-09-18,0.011943989712195124,0.0019375887745565201
baseline_last,y_XLE,0,2024-09-19,-0.002248111735721703,0.011943989712195124
baseline_last,y_XLE,1,2024-09-19,-0.002248111735721703,0.011943989712195124
baseline_last,y_XLE,2,2024-09-19,-0.002248111735721703,0.011943989712195124
baseline_last,y_XLE,0,2024-09-23,-0.002468702309007864,0.0
baseline_last,y_XLE,1,2024-09-23,-0.002468702309007864,0.0
baseline_last,y_XLE,2,2024-09-23,-0.002468702309007864,0.0
baseline_last,y_XLE,0,2024-09-24,-0.019572414607229915,-0.002468702309007864
baseline_last,y_XLE,1,2024-09-24,-0.019572414607229915,-0.002468702309007864
baseline_last,y_XLE,2,2024-09-24,-0.019572414607229915,-0.002468702309007864
baseline_last,y_XLE,0,2024-09-25,-0.019619257641427468,-0.019572414607229915
baseline_last,y_XLE,1,2024-09-25,-0.019619257641427468,-0.019572414607229915
baseline_last,y_XLE,2,2024-09-25,-0.019619257641427468,-0.019572414607229915
baseline_last,y_XLE,0,2024-09-26,0.02036292052097899,-0.019619257641427468
baseline_last,y_XLE,1,2024-09-26,0.02036292052097899,-0.019619257641427468
baseline_last,y_XLE,2,2024-09-26,0.02036292052097899,-0.019619257641427468
baseline_last,y_XLE,0,2024-09-30,0.022779006152215286,0.0
baseline_last,y_XLE,1,2024-09-30,0.022779006152215286,0.0
baseline_last,y_XLE,2,2024-09-30,0.022779006152215286,0.0
baseline_last,y_XLE,0,2024-10-01,0.010245096485526073,0.022779006152215286
baseline_last,y_XLE,1,2024-10-01,0.010245096485526073,0.022779006152215286
baseline_last,y_XLE,2,2024-10-01,0.010245096485526073,0.022779006152215286
baseline_last,y_XLE,0,2024-10-02,0.017636654318403,0.010245096485526073
baseline_last,y_XLE,1,2024-10-02,0.017636654318403,0.010245096485526073
baseline_last,y_XLE,2,2024-10-02,0.017636654318403,0.010245096485526073
baseline_last,y_XLE,0,2024-10-03,0.009315426270464888,0.017636654318403
baseline_last,y_XLE,1,2024-10-03,0.009315426270464888,0.017636654318403
baseline_last,y_XLE,2,2024-10-03,0.009315426270464888,0.017636654318403
baseline_last,y_XLE,1,2024-10-07,-0.026093489142903437,0.0
baseline_last,y_XLE,2,2024-10-07,-0.026093489142903437,0.0
baseline_last,y_XLE,3,2024-10-07,-0.026093489142903437,0.0
baseline_last,y_XLE,1,2024-10-08,0.006039212892686718,-0.026093489142903437
baseline_last,y_XLE,2,2024-10-08,0.006039212892686718,-0.026093489142903437
baseline_last,y_XLE,3,2024-10-08,0.006039212892686718,-0.026093489142903437
baseline_last,y_XLE,1,2024-10-09,0.006767105328696177,0.006039212892686718
baseline_last,y_XLE,2,2024-10-09,0.006767105328696177,0.006039212892686718
baseline_last,y_XLE,3,2024-10-09,0.006767105328696177,0.006039212892686718
baseline_last,y_XLE,1,2024-10-10,0.0061795561200574944,0.006767105328696177
baseline_last,y_XLE,2,2024-10-10,0.0061795561200574944,0.006767105328696177
baseline_last,y_XLE,3,2024-10-10,0.0061795561200574944,0.006767105328696177
baseline_last,y_XLE,1,2024-10-14,-0.032230178883911775,0.0
baseline_last,y_XLE,2,2024-10-14,-0.032230178883911775,0.0
baseline_last,y_XLE,3,2024-10-14,-0.032230178883911775,0.0
baseline_last,y_XLE,1,2024-10-15,0.004789442098403596,-0.032230178883911775
baseline_last,y_XLE,2,2024-10-15,0.004789442098403596,-0.032230178883911775
baseline_last,y_XLE,3,2024-10-15,0.004789442098403596,-0.032230178883911775
baseline_last,y_XLE,1,2024-10-16,0.004766700814831992,0.004789442098403596
baseline_last,y_XLE,2,2024-10-16,0.004766700814831992,0.004789442098403596
baseline_last,y_XLE,3,2024-10-16,0.004766700814831992,0.004789442098403596
baseline_last,y_XLE,1,2024-10-17,-0.0033098792549732803,0.004766700814831992
baseline_last,y_XLE,2,2024-10-17,-0.0033098792549732803,0.004766700814831992
baseline_last,y_XLE,3,2024-10-17,-0.0033098792549732803,0.004766700814831992
baseline_last,y_XLE,1,2024-10-21,0.0023315340017875386,0.0
baseline_last,y_XLE,2,2024-10-21,0.0023315340017875386,0.0
baseline_last,y_XLE,3,2024-10-21,0.0023315340017875386,0.0
baseline_last,y_XLE,1,2024-10-22,-0.005205964790783946,0.0023315340017875386
baseline_last,y_XLE,2,2024-10-22,-0.005205964790783946,0.0023315340017875386
baseline_last,y_XLE,3,2024-10-22,-0.005205964790783946,0.0023315340017875386
baseline_last,y_XLE,1,2024-10-23,-0.00011136370074482649,-0.005205964790783946
baseline_last,y_XLE,2,2024-10-23,-0.00011136370074482649,-0.005205964790783946
baseline_last,y_XLE,3,2024-10-23,-0.00011136370074482649,-0.005205964790783946
baseline_last,y_XLE,1,2024-10-24,-0.00033403977773671656,-0.00011136370074482649
baseline_last,y_XLE,2,2024-10-24,-0.00033403977773671656,-0.00011136370074482649
baseline_last,y_XLE,3,2024-10-24,-0.00033403977773671656,-0.00011136370074482649
baseline_last,y_XLE,2,2024-10-28,-0.015246630136527273,0.0
baseline_last,y_XLE,3,2024-10-28,-0.015246630136527273,0.0
baseline_last,y_XLE,4,2024-10-28,-0.015246630136527273,0.0
baseline_last,y_XLE,2,2024-10-29,0.0022768633627650026,-0.015246630136527273
baseline_last,y_XLE,3,2024-10-29,0.0022768633627650026,-0.015246630136527273
baseline_last,y_XLE,4,2024-10-29,0.0022768633627650026,-0.015246630136527273
baseline_last,y_XLE,2,2024-10-30,0.006247150339873109,0.0022768633627650026
baseline_last,y_XLE,3,2024-10-30,0.006247150339873109,0.0022768633627650026
baseline_last,y_XLE,4,2024-10-30,0.006247150339873109,0.0022768633627650026
baseline_last,y_XLE,2,2024-10-31,-0.0063212630715896445,0.006247150339873109
baseline_last,y_XLE,3,2024-10-31,-0.0063212630715896445,0.006247150339873109
baseline_last,y_XLE,4,2024-10-31,-0.0063212630715896445,0.006247150339873109
baseline_last,y_XLE,2,2024-11-04,0.006698660489806052,0.0
baseline_last,y_XLE,3,2024-11-04,0.006698660489806052,0.0
baseline_last,y_XLE,4,2024-11-04,0.006698660489806052,0.0
baseline_last,y_XLE,2,2024-11-05,0.037595662199719326,0.006698660489806052
baseline_last,y_XLE,3,2024-11-05,0.037595662199719326,0.006698660489806052
baseline_last,y_XLE,4,2024-11-05,0.037595662199719326,0.006698660489806052
baseline_last,y_XLE,2,2024-11-06,-0.004596024675739163,0.037595662199719326
baseline_last,y_XLE,3,2024-11-06,-0.004596024675739163,0.037595662199719326
baseline_last,y_XLE,4,2024-11-06,-0.004596024675739163,0.037595662199719326
baseline_last,y_XLE,2,2024-11-07,0.006657469623720935,-0.004596024675739163
baseline_last,y_XLE,3,2024-11-07,0.006657469623720935,-0.004596024675739163
baseline_last,y_XLE,4,2024-11-07,0.006657469623720935,-0.004596024675739163
baseline_last,y_XLE,2,2024-11-11,-0.005303343400044347,0.0
baseline_last,y_XLE,3,2024-11-11,-0.005303343400044347,0.0
baseline_last,y_XLE,4,2024-11-11,-0.005303343400044347,0.0
baseline_last,y_XLE,2,2024-11-12,0.0077842990989827054,-0.005303343400044347
baseline_last,y_XLE,3,2024-11-12,0.0077842990989827054,-0.005303343400044347
baseline_last,y_XLE,4,2024-11-12,0.0077842990989827054,-0.005303343400044347
baseline_last,y_XLE,2,2024-11-13,0.0038090469576079755,0.0077842990989827054
baseline_last,y_XLE,3,2024-11-13,0.0038090469576079755,0.0077842990989827054
baseline_last,y_XLE,4,2024-11-13,0.0038090469576079755,0.0077842990989827054
baseline_last,y_XLE,2,2024-11-14,-0.0014756844346592857,0.0038090469576079755
baseline_last,y_XLE,3,2024-11-14,-0.0014756844346592857,0.0038090469576079755
baseline_last,y_XLE,4,2024-11-14,-0.0014756844346592857,0.0038090469576079755
baseline_last,y_XLE,3,2024-11-18,-0.006354752472762737,0.0
baseline_last,y_XLE,4,2024-11-18,-0.006354752472762737,0.0
baseline_last,y_XLE,5,2024-11-18,-0.006354752472762737,0.0
baseline_last,y_XLE,3,2024-11-19,0.010064920017777812,-0.006354752472762737
baseline_last,y_XLE,4,2024-11-19,0.010064920017777812,-0.006354752472762737
baseline_last,y_XLE,5,2024-11-19,0.010064920017777812,-0.006354752472762737
baseline_last,y_XLE,3,2024-11-20,0.008096444991377849,0.010064920017777812
baseline_last,y_XLE,4,2024-11-20,0.008096444991377849,0.010064920017777812
baseline_last,y_XLE,5,2024-11-20,0.008096444991377849,0.010064920017777812
baseline_last,y_XLE,3,2024-11-21,0.0015443966137553833,0.008096444991377849
baseline_last,y_XLE,4,2024-11-21,0.0015443966137553833,0.008096444991377849
baseline_last,y_XLE,5,2024-11-21,0.0015443966137553833,0.008096444991377849
baseline_last,y_XLE,3,2024-11-25,-0.001363445762299298,0.0
baseline_last,y_XLE,4,2024-11-25,-0.001363445762299298,0.0
baseline_last,y_XLE,5,2024-11-25,-0.001363445762299298,0.0
baseline_last,y_XLE,3,2024-11-26,-0.0010501143419804349,-0.001363445762299298
baseline_last,y_XLE,4,2024-11-26,-0.0010501143419804349,-0.001363445762299298
baseline_last,y_XLE,5,2024-11-26,-0.0010501143419804349,-0.001363445762299298
baseline_last,y_XLE,3,2024-12-02,-0.00010564614731378708,0.0
baseline_last,y_XLE,4,2024-12-02,-0.00010564614731378708,0.0
baseline_last,y_XLE,5,2024-12-02,-0.00010564614731378708,0.0
baseline_last,y_XLE,3,2024-12-03,-0.024124440756533305,-0.00010564614731378708
baseline_last,y_XLE,4,2024-12-03,-0.024124440756533305,-0.00010564614731378708
baseline_last,y_XLE,5,2024-12-03,-0.024124440756533305,-0.00010564614731378708
baseline_last,y_XLE,3,2024-12-04,0.0039032097089928275,-0.024124440756533305
baseline_last,y_XLE,4,2024-12-04,0.0039032097089928275,-0.024124440756533305
baseline_last,y_XLE,5,2024-12-04,0.0039032097089928275,-0.024124440756533305
baseline_last,y_XLE,3,2024-12-05,-0.016956395888747644,0.0039032097089928275
baseline_last,y_XLE,4,2024-12-05,-0.016956395888747644,0.0039032097089928275
baseline_last,y_XLE,5,2024-12-05,-0.016956395888747644,0.0039032097089928275
baseline_last,y_XLE,4,2024-12-09,-0.006822870382610979,0.0
baseline_last,y_XLE,5,2024-12-09,-0.006822870382610979,0.0
baseline_last,y_XLE,6,2024-12-09,-0.006822870382610979,0.0
baseline_last,y_XLE,4,2024-12-10,0.0016619589868058782,-0.006822870382610979
baseline_last,y_XLE,5,2024-12-10,0.0016619589868058782,-0.006822870382610979
baseline_last,y_XLE,6,2024-12-10,0.0016619589868058782,-0.006822870382610979
baseline_last,y_XLE,4,2024-12-11,-0.008075261223531305,0.0016619589868058782
baseline_last,y_XLE,5,2024-12-11,-0.008075261223531305,0.0016619589868058782
baseline_last,y_XLE,6,2024-12-11,-0.008075261223531305,0.0016619589868058782
baseline_last,y_XLE,4,2024-12-12,-0.005018127073042944,-0.008075261223531305
baseline_last,y_XLE,5,2024-12-12,-0.005018127073042944,-0.008075261223531305
baseline_last,y_XLE,6,2024-12-12,-0.005018127073042944,-0.008075261223531305
baseline_last,y_XLE,4,2024-12-16,-0.007449081738816421,0.0
baseline_last,y_XLE,5,2024-12-16,-0.007449081738816421,0.0
baseline_last,y_XLE,6,2024-12-16,-0.007449081738816421,0.0
baseline_last,y_XLE,4,2024-12-17,-0.029557667680115585,-0.007449081738816421
baseline_last,y_XLE,5,2024-12-17,-0.029557667680115585,-0.007449081738816421
baseline_last,y_XLE,6,2024-12-17,-0.029557667680115585,-0.007449081738816421
baseline_last,y_XLE,4,2024-12-18,-0.008685348331939235,-0.029557667680115585
baseline_last,y_XLE,5,2024-12-18,-0.008685348331939235,-0.029557667680115585
baseline_last,y_XLE,6,2024-12-18,-0.008685348331939235,-0.029557667680115585
baseline_last,y_XLE,4,2024-12-19,0.009841596479849724,-0.008685348331939235
baseline_last,y_XLE,5,2024-12-19,0.009841596479849724,-0.008685348331939235
baseline_last,y_XLE,6,2024-12-19,0.009841596479849724,-0.008685348331939235
baseline_last,y_XLE,4,2024-12-23,0.008459417192344887,0.0
baseline_last,y_XLE,5,2024-12-23,0.008459417192344887,0.0
baseline_last,y_XLE,6,2024-12-23,0.008459417192344887,0.0
baseline_last,y_XLE,4,2024-12-26,-0.00011830545199809084,0.0
baseline_last,y_XLE,5,2024-12-26,-0.00011830545199809084,0.0
baseline_last,y_XLE,6,2024-12-26,-0.00011830545199809084,0.0
baseline_last,y_XLE,5,2024-12-30,0.013128296656031324,0.0
baseline_last,y_XLE,6,2024-12-30,0.013128296656031324,0.0
baseline_last,y_XLE,7,2024-12-30,0.013128296656031324,0.0
baseline_last,y_XLE,5,2025-01-02,0.009346810465523658,0.0
baseline_last,y_XLE,6,2025-01-02,0.009346810465523658,0.0
baseline_last,y_XLE,7,2025-01-02,0.009346810465523658,0.0
baseline_last,y_XLE,5,2025-01-06,0.009992068680033217,0.0
baseline_last,y_XLE,6,2025-01-06,0.009992068680033217,0.0
baseline_last,y_XLE,7,2025-01-06,0.009992068680033217,0.0
baseline_last,y_XLE,5,2025-01-07,0.001023408210235166,0.009992068680033217
baseline_last,y_XLE,6,2025-01-07,0.001023408210235166,0.009992068680033217
baseline_last,y_XLE,7,2025-01-07,0.001023408210235166,0.009992068680033217
baseline_last,y_XLE,5,2025-01-13,0.010747979190166568,0.0
baseline_last,y_XLE,6,2025-01-13,0.010747979190166568,0.0
baseline_last,y_XLE,7,2025-01-13,0.010747979190166568,0.0
baseline_last,y_XLE,5,2025-01-14,0.014799229070330266,0.010747979190166568
baseline_last,y_XLE,6,2025-01-14,0.014799229070330266,0.010747979190166568
baseline_last,y_XLE,7,2025-01-14,0.014799229070330266,0.010747979190166568
baseline_last,y_XLE,5,2025-01-15,0.007237875189941123,0.014799229070330266
baseline_last,y_XLE,6,2025-01-15,0.007237875189941123,0.014799229070330266
baseline_last,y_XLE,7,2025-01-15,0.007237875189941123,0.014799229070330266
baseline_last,y_XLE,5,2025-01-16,0.007721965606004133,0.007237875189941123
baseline_last,y_XLE,6,2025-01-16,0.007721965606004133,0.007237875189941123
baseline_last,y_XLE,7,2025-01-16,0.007721965606004133,0.007237875189941123
baseline_last,y_XLE,6,2025-01-21,-0.018185776093498807,0.0
baseline_last,y_XLE,7,2025-01-21,-0.018185776093498807,0.0
baseline_last,y_XLE,8,2025-01-21,-0.018185776093498807,0.0
baseline_last,y_XLE,6,2025-01-22,0.004576171727521006,-0.018185776093498807
baseline_last,y_XLE,7,2025-01-22,0.004576171727521006,-0.018185776093498807
baseline_last,y_XLE,8,2025-01-22,0.004576171727521006,-0.018185776093498807
baseline_last,y_XLE,6,2025-01-23,-0.009652799535907586,0.004576171727521006
baseline_last,y_XLE,7,2025-01-23,-0.009652799535907586,0.004576171727521006
baseline_last,y_XLE,8,2025-01-23,-0.009652799535907586,0.004576171727521006
baseline_last,y_XLE,6,2025-01-27,-0.009517533083066798,0.0
baseline_last,y_XLE,7,2025-01-27,-0.009517533083066798,0.0
baseline_last,y_XLE,8,2025-01-27,-0.009517533083066798,0.0
baseline_last,y_XLE,6,2025-01-28,0.0022346296863511306,-0.009517533083066798
baseline_last,y_XLE,7,2025-01-28,0.0022346296863511306,-0.009517533083066798
baseline_last,y_XLE,8,2025-01-28,0.0022346296863511306,-0.009517533083066798
baseline_last,y_XLE,6,2025-01-29,0.005128267781979501,0.0022346296863511306
baseline_last,y_XLE,7,2025-01-29,0.005128267781979501,0.0022346296863511306
baseline_last,y_XLE,8,2025-01-29,0.005128267781979501,0.0022346296863511306
baseline_last,y_XLE,6,2025-01-30,-0.027950376551716505,0.005128267781979501
baseline_last,y_XLE,7,2025-01-30,-0.027950376551716505,0.005128267781979501
baseline_last,y_XLE,8,2025-01-30,-0.027950376551716505,0.005128267781979501
baseline_last,y_XLE,6,2025-02-03,0.020977478663444016,0.0
baseline_last,y_XLE,7,2025-02-03,0.020977478663444016,0.0
baseline_last,y_XLE,8,2025-02-03,0.020977478663444016,0.0
baseline_last,y_XLE,6,2025-02-04,0.002110196956094157,0.020977478663444016
baseline_last,y_XLE,7,2025-02-04,0.002110196956094157,0.020977478663444016
baseline_last,y_XLE,8,2025-02-04,0.002110196956094157,0.020977478663444016
baseline_last,y_XLE,6,2025-02-05,-0.01839744642776009,0.002110196956094157
baseline_last,y_XLE,7,2025-02-05,-0.01839744642776009,0.002110196956094157
baseline_last,y_XLE,8,2025-02-05,-0.01839744642776009,0.002110196956094157
baseline_last,y_XLE,6,2025-02-06,-0.00011296253551662527,-0.01839744642776009
baseline_last,y_XLE,7,2025-02-06,-0.00011296253551662527,-0.01839744642776009
baseline_last,y_XLE,8,2025-02-06,-0.00011296253551662527,-0.01839744642776009
baseline_last,y_XLE,7,2025-02-10,0.008065419533350271,0.0
baseline_last,y_XLE,8,2025-02-10,0.008065419533350271,0.0
baseline_last,y_XLE,9,2025-02-10,0.008065419533350271,0.0
baseline_last,y_XLE,7,2025-02-11,-0.024112237462998398,0.008065419533350271
baseline_last,y_XLE,8,2025-02-11,-0.024112237462998398,0.008065419533350271
baseline_last,y_XLE,9,2025-02-11,-0.024112237462998398,0.008065419533350271
baseline_last,y_XLE,7,2025-02-12,0.007524643097674755,-0.024112237462998398
baseline_last,y_XLE,8,2025-02-12,0.007524643097674755,-0.024112237462998398
baseline_last,y_XLE,9,2025-02-12,0.007524643097674755,-0.024112237462998398
baseline_last,y_XLE,7,2025-02-13,0.004012864720494669,0.007524643097674755
baseline_last,y_XLE,8,2025-02-13,0.004012864720494669,0.007524643097674755
baseline_last,y_XLE,9,2025-02-13,0.004012864720494669,0.007524643097674755
baseline_last,y_XLE,7,2025-02-18,0.007885959968822132,0.0
baseline_last,y_XLE,8,2025-02-18,0.007885959968822132,0.0
baseline_last,y_XLE,9,2025-02-18,0.007885959968822132,0.0
baseline_last,y_XLE,7,2025-02-19,0.009128472571485524,0.007885959968822132
baseline_last,y_XLE,8,2025-02-19,0.009128472571485524,0.007885959968822132
baseline_last,y_XLE,9,2025-02-19,0.009128472571485524,0.007885959968822132
baseline_last,y_XLE,7,2025-02-20,-0.020783947204331854,0.009128472571485524
baseline_last,y_XLE,8,2025-02-20,-0.020783947204331854,0.009128472571485524
baseline_last,y_XLE,9,2025-02-20,-0.020783947204331854,0.009128472571485524
baseline_last,y_XLE,7,2025-02-24,-0.014403484284976287,0.0
baseline_last,y_XLE,8,2025-02-24,-0.014403484284976287,0.0
baseline_last,y_XLE,9,2025-02-24,-0.014403484284976287,0.0
baseline_last,y_XLE,7,2025-02-25,-0.0056894187418702336,-0.014403484284976287
baseline_last,y_XLE,8,2025-02-25,-0.0056894187418702336,-0.014403484284976287
baseline_last,y_XLE,9,2025-02-25,-0.0056894187418702336,-0.014403484284976287
baseline_last,y_XLE,7,2025-02-26,0.005385303517316142,-0.0056894187418702336
baseline_last,y_XLE,8,2025-02-26,0.005385303517316142,-0.0056894187418702336
baseline_last,y_XLE,9,2025-02-26,0.005385303517316142,-0.0056894187418702336
baseline_last,y_XLE,7,2025-02-27,0.015511642420221516,0.005385303517316142
baseline_last,y_XLE,8,2025-02-27,0.015511642420221516,0.005385303517316142
baseline_last,y_XLE,9,2025-02-27,0.015511642420221516,0.005385303517316142
baseline_last,y_XLE,8,2025-03-03,-0.009678879537496576,0.0
baseline_last,y_XLE,9,2025-03-03,-0.009678879537496576,0.0
baseline_last,y_XLE,10,2025-03-03,-0.009678879537496576,0.0
baseline_last,y_XLE,8,2025-03-04,-0.014602829367314052,-0.009678879537496576
baseline_last,y_XLE,9,2025-03-04,-0.014602829367314052,-0.009678879537496576
baseline_last,y_XLE,10,2025-03-04,-0.014602829367314052,-0.009678879537496576
baseline_last,y_XLE,8,2025-03-05,0.003033820144153543,-0.014602829367314052
baseline_last,y_XLE,9,2025-03-05,0.003033820144153543,-0.014602829367314052
baseline_last,y_XLE,10,2025-03-05,0.003033820144153543,-0.014602829367314052
baseline_last,y_XLE,8,2025-03-06,0.017101065408050786,0.003033820144153543
baseline_last,y_XLE,9,2025-03-06,0.017101065408050786,0.003033820144153543
baseline_last,y_XLE,10,2025-03-06,0.017101065408050786,0.003033820144153543
baseline_last,y_XLE,8,2025-03-10,-0.00794742913387203,0.0
baseline_last,y_XLE,9,2025-03-10,-0.00794742913387203,0.0
baseline_last,y_XLE,10,2025-03-10,-0.00794742913387203,0.0
baseline_last,y_XLE,8,2025-03-11,0.004577782465690072,-0.00794742913387203
baseline_last,y_XLE,9,2025-03-11,0.004577782465690072,-0.00794742913387203
baseline_last,y_XLE,10,2025-03-11,0.004577782465690072,-0.00794742913387203
baseline_last,y_XLE,8,2025-03-12,-0.006835158257715412,0.004577782465690072
baseline_last,y_XLE,9,2025-03-12,-0.006835158257715412,0.004577782465690072
baseline_last,y_XLE,10,2025-03-12,-0.006835158257715412,0.004577782465690072
baseline_last,y_XLE,8,2025-03-13,0.029593908647804312,-0.006835158257715412
baseline_last,y_XLE,9,2025-03-13,0.029593908647804312,-0.006835158257715412
baseline_last,y_XLE,10,2025-03-13,0.029593908647804312,-0.006835158257715412
baseline_last,y_XLE,8,2025-03-17,0.0016448902791177389,0.0
baseline_last,y_XLE,9,2025-03-17,0.0016448902791177389,0.0
baseline_last,y_XLE,10,2025-03-17,0.0016448902791177389,0.0
baseline_last,y_XLE,8,2025-03-18,0.01631278535462566,0.0016448902791177389
baseline_last,y_XLE,9,2025-03-18,0.01631278535462566,0.0016448902791177389
baseline_last,y_XLE,10,2025-03-18,0.01631278535462566,0.0016448902791177389
baseline_last,y_XLE,8,2025-03-19,0.003662520515312684,0.01631278535462566
baseline_last,y_XLE,9,2025-03-19,0.003662520515312684,0.01631278535462566
baseline_last,y_XLE,10,2025-03-19,0.003662520515312684,0.01631278535462566
baseline_last,y_XLE,8,2025-03-20,-0.00697649327191463,0.003662520515312684
baseline_last,y_XLE,9,2025-03-20,-0.00697649327191463,0.003662520515312684
baseline_last,y_XLE,10,2025-03-20,-0.00697649327191463,0.003662520515312684
baseline_last,y_XLE,9,2025-03-24,0.004092676448119059,0.0
baseline_last,y_XLE,10,2025-03-24,0.004092676448119059,0.0
baseline_last,y_XLE,11,2025-03-24,0.004092676448119059,0.0
baseline_last,y_XLE,9,2025-03-25,0.0058993423814586166,0.004092676448119059
baseline_last,y_XLE,10,2025-03-25,0.0058993423814586166,0.004092676448119059
baseline_last,y_XLE,11,2025-03-25,0.0058993423814586166,0.004092676448119059
baseline_last,y_XLE,9,2025-03-26,-0.009703526888329539,0.0058993423814586166
baseline_last,y_XLE,10,2025-03-26,-0.009703526888329539,0.0058993423814586166
baseline_last,y_XLE,11,2025-03-26,-0.009703526888329539,0.0058993423814586166
baseline_last,y_XLE,9,2025-03-27,-0.0047378190044133905,-0.009703526888329539
baseline_last,y_XLE,10,2025-03-27,-0.0047378190044133905,-0.009703526888329539
baseline_last,y_XLE,11,2025-03-27,-0.0047378190044133905,-0.009703526888329539
baseline_last,y_XLE,9,2025-03-31,0.005885454356105102,0.0
baseline_last,y_XLE,10,2025-03-31,0.005885454356105102,0.0
baseline_last,y_XLE,11,2025-03-31,0.005885454356105102,0.0
baseline_last,y_XLE,9,2025-04-01,0.0013829619454512887,0.005885454356105102
baseline_last,y_XLE,10,2025-04-01,0.0013829619454512887,0.005885454356105102
baseline_last,y_XLE,11,2025-04-01,0.0013829619454512887,0.005885454356105102
baseline_last,y_XLE,9,2025-04-02,-0.07850844721450867,0.0013829619454512887
baseline_last,y_XLE,10,2025-04-02,-0.07850844721450867,0.0013829619454512887
baseline_last,y_XLE,11,2025-04-02,-0.07850844721450867,0.0013829619454512887
baseline_last,y_XLE,9,2025-04-03,-0.09199903170306623,-0.07850844721450867
baseline_last,y_XLE,10,2025-04-03,-0.09199903170306623,-0.07850844721450867
baseline_last,y_XLE,11,2025-04-03,-0.09199903170306623,-0.07850844721450867
baseline_last,y_XLE,9,2025-04-07,-0.023131030751194714,0.0
baseline_last,y_XLE,10,2025-04-07,-0.023131030751194714,0.0
baseline_last,y_XLE,11,2025-04-07,-0.023131030751194714,0.0
baseline_last,y_XLE,9,2025-04-08,0.07744638040551988,-0.023131030751194714
baseline_last,y_XLE,10,2025-04-08,0.07744638040551988,-0.023131030751194714
baseline_last,y_XLE,11,2025-04-08,0.07744638040551988,-0.023131030751194714
baseline_last,y_XLE,9,2025-04-09,-0.06532292099357151,0.07744638040551988
baseline_last,y_XLE,10,2025-04-09,-0.06532292099357151,0.07744638040551988
baseline_last,y_XLE,11,2025-04-09,-0.06532292099357151,0.07744638040551988
baseline_last,y_XLE,9,2025-04-10,0.024811429255521045,-0.06532292099357151
baseline_last,y_XLE,10,2025-04-10,0.024811429255521045,-0.06532292099357151
baseline_last,y_XLE,11,2025-04-10,0.024811429255521045,-0.06532292099357151
baseline_last,y_XLE,10,2025-04-14,-0.0015156312191966226,0.0
baseline_last,y_XLE,11,2025-04-14,-0.0015156312191966226,0.0
baseline_last,y_XLE,12,2025-04-14,-0.0015156312191966226,0.0
baseline_last,y_XLE,10,2025-04-15,0.00822254317812443,-0.0015156312191966226
baseline_last,y_XLE,11,2025-04-15,0.00822254317812443,-0.0015156312191966226
baseline_last,y_XLE,12,2025-04-15,0.00822254317812443,-0.0015156312191966226
baseline_last,y_XLE,10,2025-04-16,0.022584659836744958,0.00822254317812443
baseline_last,y_XLE,11,2025-04-16,0.022584659836744958,0.00822254317812443
baseline_last,y_XLE,12,2025-04-16,0.022584659836744958,0.00822254317812443
baseline_last,y_XLE,10,2025-04-21,0.025450446165918184,0.0
baseline_last,y_XLE,11,2025-04-21,0.025450446165918184,0.0
baseline_last,y_XLE,12,2025-04-21,0.025450446165918184,0.0
baseline_last,y_XLE,10,2025-04-22,-0.0018430075530242451,0.025450446165918184
baseline_last,y_XLE,11,2025-04-22,-0.0018430075530242451,0.025450446165918184
baseline_last,y_XLE,12,2025-04-22,-0.0018430075530242451,0.025450446165918184
baseline_last,y_XLE,10,2025-04-23,0.016001967552903285,-0.0018430075530242451
baseline_last,y_XLE,11,2025-04-23,0.016001967552903285,-0.0018430075530242451
baseline_last,y_XLE,12,2025-04-23,0.016001967552903285,-0.0018430075530242451
baseline_last,y_XLE,10,2025-04-24,-0.0018172348704746932,0.016001967552903285
baseline_last,y_XLE,11,2025-04-24,-0.0018172348704746932,0.016001967552903285
baseline_last,y_XLE,12,2025-04-24,-0.0018172348704746932,0.016001967552903285
baseline_last,y_XLE,10,2025-04-28,-0.002892620037885818,0.0
baseline_last,y_XLE,11,2025-04-28,-0.002892620037885818,0.0
baseline_last,y_XLE,12,2025-04-28,-0.002892620037885818,0.0
baseline_last,y_XLE,10,2025-04-29,-0.026955161508367187,-0.002892620037885818
baseline_last,y_XLE,11,2025-04-29,-0.026955161508367187,-0.002892620037885818
baseline_last,y_XLE,12,2025-04-29,-0.026955161508367187,-0.002892620037885818
baseline_last,y_XLE,10,2025-04-30,0.003726670167192303,-0.026955161508367187
baseline_last,y_XLE,11,2025-04-30,0.003726670167192303,-0.026955161508367187
baseline_last,y_XLE,12,2025-04-30,0.003726670167192303,-0.026955161508367187
baseline_last,y_XLE,10,2025-05-01,0.014603954404578623,0.003726670167192303
baseline_last,y_XLE,11,2025-05-01,0.014603954404578623,0.003726670167192303
baseline_last,y_XLE,12,2025-05-01,0.014603954404578623,0.003726670167192303
baseline_last,y_XLE,11,2025-05-05,0.000248399325823323,0.0
baseline_last,y_XLE,12,2025-05-05,0.000248399325823323,0.0
baseline_last,y_XLE,13,2025-05-05,0.000248399325823323,0.0
baseline_last,y_XLE,11,2025-05-06,0.00037260361708235656,0.000248399325823323
baseline_last,y_XLE,12,2025-05-06,0.00037260361708235656,0.000248399325823323
baseline_last,y_XLE,13,2025-05-06,0.00037260361708235656,0.000248399325823323
baseline_last,y_XLE,11,2025-05-07,0.013159614827655153,0.00037260361708235656
baseline_last,y_XLE,12,2025-05-07,0.013159614827655153,0.00037260361708235656
baseline_last,y_XLE,13,2025-05-07,0.013159614827655153,0.00037260361708235656
baseline_last,y_XLE,11,2025-05-08,0.010047672643058059,0.013159614827655153
baseline_last,y_XLE,12,2025-05-08,0.010047672643058059,0.013159614827655153
baseline_last,y_XLE,13,2025-05-08,0.010047672643058059,0.013159614827655153
baseline_last,y_XLE,11,2025-05-12,0.014069397806465211,0.0
baseline_last,y_XLE,12,2025-05-12,0.014069397806465211,0.0
baseline_last,y_XLE,13,2025-05-12,0.014069397806465211,0.0
baseline_last,y_XLE,11,2025-05-13,-0.006062652517193845,0.014069397806465211
baseline_last,y_XLE,12,2025-05-13,-0.006062652517193845,0.014069397806465211
baseline_last,y_XLE,13,2025-05-13,-0.006062652517193845,0.014069397806465211
baseline_last,y_XLE,11,2025-05-14,0.004222886010434079,-0.006062652517193845
baseline_last,y_XLE,12,2025-05-14,0.004222886010434079,-0.006062652517193845
baseline_last,y_XLE,13,2025-05-14,0.004222886010434079,-0.006062652517193845
baseline_last,y_XLE,11,2025-05-15,-0.001518495683157206,0.004222886010434079
baseline_last,y_XLE,12,2025-05-15,-0.001518495683157206,0.004222886010434079
baseline_last,y_XLE,13,2025-05-15,-0.001518495683157206,0.004222886010434079
baseline_last,y_XLE,11,2025-05-19,-0.009245064589995078,0.0
baseline_last,y_XLE,12,2025-05-19,-0.009245064589995078,0.0
baseline_last,y_XLE,13,2025-05-19,-0.009245064589995078,0.0
baseline_last,y_XLE,11,2025-05-20,-0.018423169005193474,-0.009245064589995078
baseline_last,y_XLE,12,2025-05-20,-0.018423169005193474,-0.009245064589995078
baseline_last,y_XLE,13,2025-05-20,-0.018423169005193474,-0.009245064589995078
baseline_last,y_XLE,11,2025-05-21,-0.003900071815325923,-0.018423169005193474
baseline_last,y_XLE,12,2025-05-21,-0.003900071815325923,-0.018423169005193474
baseline_last,y_XLE,13,2025-05-21,-0.003900071815325923,-0.018423169005193474
baseline_last,y_XLE,11,2025-05-22,0.0031810717377478426,-0.003900071815325923
baseline_last,y_XLE,12,2025-05-22,0.0031810717377478426,-0.003900071815325923
baseline_last,y_XLE,13,2025-05-22,0.0031810717377478426,-0.003900071815325923
baseline_last,y_XLE,12,2025-05-27,-0.01269650633231334,0.0
baseline_last,y_XLE,13,2025-05-27,-0.01269650633231334,0.0
baseline_last,y_XLE,14,2025-05-27,-0.01269650633231334,0.0
baseline_last,y_XLE,12,2025-05-28,0.007471005945166809,-0.01269650633231334
baseline_last,y_XLE,13,2025-05-28,0.007471005945166809,-0.01269650633231334
baseline_last,y_XLE,14,2025-05-28,0.007471005945166809,-0.01269650633231334
baseline_last,y_XLE,12,2025-05-29,-0.008874492325381622,0.007471005945166809
baseline_last,y_XLE,13,2025-05-29,-0.008874492325381622,0.007471005945166809
baseline_last,y_XLE,14,2025-05-29,-0.008874492325381622,0.007471005945166809
baseline_last,y_XLE,12,2025-06-02,0.011864487846782401,0.0
baseline_last,y_XLE,13,2025-06-02,0.011864487846782401,0.0
baseline_last,y_XLE,14,2025-06-02,0.011864487846782401,0.0
baseline_last,y_XLE,12,2025-06-03,-0.0195024441236199,0.011864487846782401
baseline_last,y_XLE,13,2025-06-03,-0.0195024441236199,0.011864487846782401
baseline_last,y_XLE,14,2025-06-03,-0.0195024441236199,0.011864487846782401
baseline_last,y_XLE,12,2025-06-04,-0.0009761124053815351,-0.0195024441236199
baseline_last,y_XLE,13,2025-06-04,-0.0009761124053815351,-0.0195024441236199
baseline_last,y_XLE,14,2025-06-04,-0.0009761124053815351,-0.0195024441236199
baseline_last,y_XLE,12,2025-06-05,0.018810219165728004,-0.0009761124053815351
baseline_last,y_XLE,13,2025-06-05,0.018810219165728004,-0.0009761124053815351
baseline_last,y_XLE,14,2025-06-05,0.018810219165728004,-0.0009761124053815351
baseline_last,y_XLE,12,2025-06-09,0.01782929807752165,0.0
baseline_last,y_XLE,13,2025-06-09,0.01782929807752165,0.0
baseline_last,y_XLE,14,2025-06-09,0.01782929807752165,0.0
baseline_last,y_XLE,12,2025-06-10,0.01446044579468908,0.01782929807752165
baseline_last,y_XLE,13,2025-06-10,0.01446044579468908,0.01782929807752165
baseline_last,y_XLE,14,2025-06-10,0.01446044579468908,0.01782929807752165
baseline_last,y_XLE,12,2025-06-11,0.0034766130298602427,0.01446044579468908
baseline_last,y_XLE,13,2025-06-11,0.0034766130298602427,0.01446044579468908
baseline_last,y_XLE,14,2025-06-11,0.0034766130298602427,0.01446044579468908
baseline_last,y_XLE,12,2025-06-12,0.017438485553608496,0.0034766130298602427
baseline_last,y_XLE,13,2025-06-12,0.017438485553608496,0.0034766130298602427
baseline_last,y_XLE,14,2025-06-12,0.017438485553608496,0.0034766130298602427
baseline_last,y_XLE,13,2025-07-02,0.0011503108901305126,0.0
baseline_last,y_XLE,14,2025-07-02,0.0011503108901305126,0.0
baseline_last,y_XLE,15,2025-07-02,0.0011503108901305126,0.0
baseline_last,y_XLE,13,2025-07-07,0.026917223628814213,0.0
baseline_last,y_XLE,14,2025-07-07,0.026917223628814213,0.0
baseline_last,y_XLE,15,2025-07-07,0.026917223628814213,0.0
baseline_last,y_XLE,13,2025-07-08,-0.005084258053406843,0.026917223628814213
baseline_last,y_XLE,14,2025-07-08,-0.005084258053406843,0.026917223628814213
baseline_last,y_XLE,15,2025-07-08,-0.005084258053406843,0.026917223628814213
baseline_last,y_XLE,13,2025-07-09,0.00760852055604766,-0.005084258053406843
baseline_last,y_XLE,14,2025-07-09,0.00760852055604766,-0.005084258053406843
baseline_last,y_XLE,15,2025-07-09,0.00760852055604766,-0.005084258053406843
baseline_last,y_XLE,13,2025-07-10,0.004508076861722277,0.00760852055604766
baseline_last,y_XLE,14,2025-07-10,0.004508076861722277,0.00760852055604766
baseline_last,y_XLE,15,2025-07-10,0.004508076861722277,0.00760852055604766
baseline_last,y_XLE,13,2025-07-14,-0.014407357991669256,0.0
baseline_last,y_XLE,14,2025-07-14,-0.014407357991669256,0.0
baseline_last,y_XLE,15,2025-07-14,-0.014407357991669256,0.0
baseline_last,y_XLE,13,2025-07-15,-0.008632654637989678,-0.014407357991669256
baseline_last,y_XLE,14,2025-07-15,-0.008632654637989678,-0.014407357991669256
baseline_last,y_XLE,15,2025-07-15,-0.008632654637989678,-0.014407357991669256
baseline_last,y_XLE,13,2025-07-16,0.0061535642182029004,-0.008632654637989678
baseline_last,y_XLE,14,2025-07-16,0.0061535642182029004,-0.008632654637989678
baseline_last,y_XLE,15,2025-07-16,0.0061535642182029004,-0.008632654637989678
baseline_last,y_XLE,13,2025-07-17,-0.008077622399852435,0.0061535642182029004
baseline_last,y_XLE,14,2025-07-17,-0.008077622399852435,0.0061535642182029004
baseline_last,y_XLE,15,2025-07-17,-0.008077622399852435,0.0061535642182029004
baseline_last,y_XLE,13,2025-07-21,0.004702029646522332,0.0
baseline_last,y_XLE,14,2025-07-21,0.004702029646522332,0.0
baseline_last,y_XLE,15,2025-07-21,0.004702029646522332,0.0
baseline_last,y_XLE,13,2025-07-22,0.01567798064398862,0.004702029646522332
baseline_last,y_XLE,14,2025-07-22,0.01567798064398862,0.004702029646522332
baseline_last,y_XLE,15,2025-07-22,0.01567798064398862,0.004702029646522332
baseline_last,y_XLE,13,2025-07-23,0.007142037293491832,0.01567798064398862
baseline_last,y_XLE,14,2025-07-23,0.007142037293491832,0.01567798064398862
baseline_last,y_XLE,15,2025-07-23,0.007142037293491832,0.01567798064398862
baseline_last,y_XLE,14,2025-07-24,-0.0037744239177321948,0.007142037293491832
baseline_last,y_XLE,15,2025-07-24,-0.0037744239177321948,0.007142037293491832
baseline_last,y_XLE,16,2025-07-24,-0.0037744239177321948,0.007142037293491832
baseline_last,y_XLE,14,2025-07-28,0.009762792611131221,0.0
baseline_last,y_XLE,15,2025-07-28,0.009762792611131221,0.0
baseline_last,y_XLE,16,2025-07-28,0.009762792611131221,0.0
baseline_last,y_XLE,14,2025-07-29,-0.014277608345967252,0.009762792611131221
baseline_last,y_XLE,15,2025-07-29,-0.014277608345967252,0.009762792611131221
baseline_last,y_XLE,16,2025-07-29,-0.014277608345967252,0.009762792611131221
baseline_last,y_XLE,14,2025-07-30,-0.005360463205195343,-0.014277608345967252
baseline_last,y_XLE,15,2025-07-30,-0.005360463205195343,-0.014277608345967252
baseline_last,y_XLE,16,2025-07-30,-0.005360463205195343,-0.014277608345967252
baseline_last,y_XLE,14,2025-07-31,-0.018575812825283422,-0.005360463205195343
baseline_last,y_XLE,15,2025-07-31,-0.018575812825283422,-0.005360463205195343
baseline_last,y_XLE,16,2025-07-31,-0.018575812825283422,-0.005360463205195343
baseline_last,y_XLE,14,2025-08-04,0.0012881388274901262,0.0
baseline_last,y_XLE,15,2025-08-04,0.0012881388274901262,0.0
baseline_last,y_XLE,16,2025-08-04,0.0012881388274901262,0.0
baseline_last,y_XLE,14,2025-08-05,-0.009238691625645279,0.0012881388274901262
baseline_last,y_XLE,15,2025-08-05,-0.009238691625645279,0.0012881388274901262
baseline_last,y_XLE,16,2025-08-05,-0.009238691625645279,0.0012881388274901262
baseline_last,y_XLE,14,2025-08-06,-0.003895158901415674,-0.009238691625645279
baseline_last,y_XLE,15,2025-08-06,-0.003895158901415674,-0.009238691625645279
baseline_last,y_XLE,16,2025-08-06,-0.003895158901415674,-0.009238691625645279
baseline_last,y_XLE,14,2025-08-07,0.006398879324843509,-0.003895158901415674
baseline_last,y_XLE,15,2025-08-07,0.006398879324843509,-0.003895158901415674
baseline_last,y_XLE,16,2025-08-07,0.006398879324843509,-0.003895158901415674
baseline_last,y_XLE,14,2025-08-11,0.004866428807224876,0.0
baseline_last,y_XLE,15,2025-08-11,0.004866428807224876,0.0
baseline_last,y_XLE,16,2025-08-11,0.004866428807224876,0.0
baseline_last,y_XLE,14,2025-08-12,0.011575698101115028,0.004866428807224876
baseline_last,y_XLE,15,2025-08-12,0.011575698101115028,0.004866428807224876
baseline_last,y_XLE,16,2025-08-12,0.011575698101115028,0.004866428807224876
baseline_last,y_XLE,15,2025-08-13,-0.0009341286611133093,0.011575698101115028
baseline_last,y_XLE,16,2025-08-13,-0.0009341286611133093,0.011575698101115028
baseline_last,y_XLE,17,2025-08-13,-0.0009341286611133093,0.011575698101115028
baseline_last,y_XLE,15,2025-08-14,0.0,-0.0009341286611133093
baseline_last,y_XLE,16,2025-08-14,0.0,-0.0009341286611133093
baseline_last,y_XLE,17,2025-08-14,0.0,-0.0009341286611133093
baseline_last,y_XLE,15,2025-08-18,0.000352648430773872,0.0
baseline_last,y_XLE,16,2025-08-18,0.000352648430773872,0.0
baseline_last,y_XLE,17,2025-08-18,0.000352648430773872,0.0
baseline_last,y_XLE,15,2025-08-19,0.008345107699537113,0.000352648430773872
baseline_last,y_XLE,16,2025-08-19,0.008345107699537113,0.000352648430773872
baseline_last,y_XLE,17,2025-08-19,0.008345107699537113,0.000352648430773872
baseline_last,y_XLE,15,2025-08-20,0.00687725497393421,0.008345107699537113
baseline_last,y_XLE,16,2025-08-20,0.00687725497393421,0.008345107699537113
baseline_last,y_XLE,17,2025-08-20,0.00687725497393421,0.008345107699537113
baseline_last,y_XLE,15,2025-08-21,0.02037504470496887,0.00687725497393421
baseline_last,y_XLE,16,2025-08-21,0.02037504470496887,0.00687725497393421
baseline_last,y_XLE,17,2025-08-21,0.02037504470496887,0.00687725497393421
baseline_last,y_XLE,15,2025-08-25,-0.0015842456730275067,0.0
baseline_last,y_XLE,16,2025-08-25,-0.0015842456730275067,0.0
baseline_last,y_XLE,17,2025-08-25,-0.0015842456730275067,0.0
baseline_last,y_XLE,15,2025-08-26,0.011220599851552882,-0.0015842456730275067
baseline_last,y_XLE,16,2025-08-26,0.011220599851552882,-0.0015842456730275067
baseline_last,y_XLE,17,2025-08-26,0.011220599851552882,-0.0015842456730275067
baseline_last,y_XLE,15,2025-08-27,0.007621623464594496,0.011220599851552882
baseline_last,y_XLE,16,2025-08-27,0.007621623464594496,0.011220599851552882
baseline_last,y_XLE,17,2025-08-27,0.007621623464594496,0.011220599851552882
baseline_last,y_XLE,15,2025-08-28,0.005450449532823587,0.007621623464594496
baseline_last,y_XLE,16,2025-08-28,0.005450449532823587,0.007621623464594496
baseline_last,y_XLE,17,2025-08-28,0.005450449532823587,0.007621623464594496
baseline_last,y_XLE,15,2025-09-02,-0.022425995586212277,0.0
baseline_last,y_XLE,16,2025-09-02,-0.022425995586212277,0.0
baseline_last,y_XLE,17,2025-09-02,-0.022425995586212277,0.0
baseline_last,y_XLE,16,2025-09-03,0.006667505026652032,-0.022425995586212277
baseline_last,y_XLE,17,2025-09-03,0.006667505026652032,-0.022425995586212277
baseline_last,y_XLE,18,2025-09-03,0.006667505026652032,-0.022425995586212277
baseline_last,y_XLE,16,2025-09-04,-0.019308496454514823,0.006667505026652032
baseline_last,y_XLE,17,2025-09-04,-0.019308496454514823,0.006667505026652032
baseline_last,y_XLE,18,2025-09-04,-0.019308496454514823,0.006667505026652032
baseline_last,y_XLE,16,2025-09-08,0.004818806415020305,0.0
baseline_last,y_XLE,17,2025-09-08,0.004818806415020305,0.0
baseline_last,y_XLE,18,2025-09-08,0.004818806415020305,0.0
baseline_last,y_XLE,16,2025-09-09,0.017469684211813608,0.004818806415020305
baseline_last,y_XLE,17,2025-09-09,0.017469684211813608,0.004818806415020305
baseline_last,y_XLE,18,2025-09-09,0.017469684211813608,0.004818806415020305
baseline_last,y_XLE,16,2025-09-10,0.00022441649751248072,0.017469684211813608
baseline_last,y_XLE,17,2025-09-10,0.00022441649751248072,0.017469684211813608
baseline_last,y_XLE,18,2025-09-10,0.00022441649751248072,0.017469684211813608
baseline_last,y_XLE,16,2025-09-11,-0.005946442921583084,0.00022441649751248072
baseline_last,y_XLE,17,2025-09-11,-0.005946442921583084,0.00022441649751248072
baseline_last,y_XLE,18,2025-09-11,-0.005946442921583084,0.00022441649751248072
baseline_last,y_XLE,16,2025-09-15,0.016761004937895896,0.0
baseline_last,y_XLE,17,2025-09-15,0.016761004937895896,0.0
baseline_last,y_XLE,18,2025-09-15,0.016761004937895896,0.0
baseline_last,y_XLE,16,2025-09-16,0.0023390044748878847,0.016761004937895896
baseline_last,y_XLE,17,2025-09-16,0.0023390044748878847,0.016761004937895896
baseline_last,y_XLE,18,2025-09-16,0.0023390044748878847,0.016761004937895896
baseline_last,y_XLE,16,2025-09-17,-0.003111452554746541,0.0023390044748878847
baseline_last,y_XLE,17,2025-09-17,-0.003111452554746541,0.0023390044748878847
baseline_last,y_XLE,18,2025-09-17,-0.003111452554746541,0.0023390044748878847
baseline_last,y_XLE,16,2025-09-18,-0.013264989860671816,-0.003111452554746541
baseline_last,y_XLE,17,2025-09-18,-0.013264989860671816,-0.003111452554746541
baseline_last,y_XLE,18,2025-09-18,-0.013264989860671816,-0.003111452554746541
baseline_last,y_XLE,16,2025-09-22,0.017223692982490046,0.0
baseline_last,y_XLE,17,2025-09-22,0.017223692982490046,0.0
baseline_last,y_XLE,18,2025-09-22,0.017223692982490046,0.0
baseline_last,y_XLE,17,2025-09-23,0.013007366049357927,0.017223692982490046
baseline_last,y_XLE,18,2025-09-23,0.013007366049357927,0.017223692982490046
baseline_last,y_XLE,19,2025-09-23,0.013007366049357927,0.017223692982490046
baseline_last,y_XLE,17,2025-09-24,0.008966217413226785,0.013007366049357927
baseline_last,y_XLE,18,2025-09-24,0.008966217413226785,0.013007366049357927
baseline_last,y_XLE,19,2025-09-24,0.008966217413226785,0.013007366049357927
baseline_last,y_XLE,17,2025-09-25,0.009215504136673935,0.008966217413226785
baseline_last,y_XLE,18,2025-09-25,0.009215504136673935,0.008966217413226785
baseline_last,y_XLE,19,2025-09-25,0.009215504136673935,0.008966217413226785
baseline_last,y_XLE,17,2025-09-29,-0.010631265357971653,0.0
baseline_last,y_XLE,18,2025-09-29,-0.010631265357971653,0.0
baseline_last,y_XLE,19,2025-09-29,-0.010631265357971653,0.0
baseline_last,y_XLE,17,2025-09-30,0.0,-0.010631265357971653
baseline_last,y_XLE,18,2025-09-30,0.0,-0.010631265357971653
baseline_last,y_XLE,19,2025-09-30,0.0,-0.010631265357971653
baseline_last,y_XLE,17,2025-10-01,-0.010073812789187064,0.0
baseline_last,y_XLE,18,2025-10-01,-0.010073812789187064,0.0
baseline_last,y_XLE,19,2025-10-01,-0.010073812789187064,0.0
baseline_last,y_XLE,17,2025-10-02,0.005314324507098567,-0.010073812789187064
baseline_last,y_XLE,18,2025-10-02,0.005314324507098567,-0.010073812789187064
baseline_last,y_XLE,19,2025-10-02,0.005314324507098567,-0.010073812789187064
baseline_last,y_XLE,17,2025-10-06,0.0015668735967460101,0.0
baseline_last,y_XLE,18,2025-10-06,0.0015668735967460101,0.0
baseline_last,y_XLE,19,2025-10-06,0.0015668735967460101,0.0
baseline_last,y_XLE,17,2025-10-07,-0.005810674717000364,0.0015668735967460101
baseline_last,y_XLE,18,2025-10-07,-0.005810674717000364,0.0015668735967460101
baseline_last,y_XLE,19,2025-10-07,-0.005810674717000364,0.0015668735967460101
baseline_last,y_XLE,17,2025-10-08,-0.013600123152389787,-0.005810674717000364
baseline_last,y_XLE,18,2025-10-08,-0.013600123152389787,-0.005810674717000364
baseline_last,y_XLE,19,2025-10-08,-0.013600123152389787,-0.005810674717000364
baseline_last,y_XLE,17,2025-10-09,-0.028942577860294416,-0.013600123152389787
baseline_last,y_XLE,18,2025-10-09,-0.028942577860294416,-0.013600123152389787
baseline_last,y_XLE,19,2025-10-09,-0.028942577860294416,-0.013600123152389787
baseline_last,y_XLE,18,2025-10-13,-0.00011571040935831611,0.0
baseline_last,y_XLE,19,2025-10-13,-0.00011571040935831611,0.0
baseline_last,y_XLE,20,2025-10-13,-0.00011571040935831611,0.0
baseline_last,y_XLE,18,2025-10-14,-0.0005788862595403899,-0.00011571040935831611
baseline_last,y_XLE,19,2025-10-14,-0.0005788862595403899,-0.00011571040935831611
baseline_last,y_XLE,20,2025-10-14,-0.0005788862595403899,-0.00011571040935831611
baseline_last,y_XLE,18,2025-10-15,-0.01204821854605409,-0.0005788862595403899
baseline_last,y_XLE,19,2025-10-15,-0.01204821854605409,-0.0005788862595403899
baseline_last,y_XLE,20,2025-10-15,-0.01204821854605409,-0.0005788862595403899
baseline_last,y_XLE,18,2025-10-16,0.008208264258199316,-0.01204821854605409
baseline_last,y_XLE,19,2025-10-16,0.008208264258199316,-0.01204821854605409
baseline_last,y_XLE,20,2025-10-16,0.008208264258199316,-0.01204821854605409
baseline_last,y_XLE,18,2025-10-20,-0.002301687549988718,0.0
baseline_last,y_XLE,19,2025-10-20,-0.002301687549988718,0.0
baseline_last,y_XLE,20,2025-10-20,-0.002301687549988718,0.0
baseline_last,y_XLE,18,2025-10-21,0.012804226868249113,-0.002301687549988718
baseline_last,y_XLE,19,2025-10-21,0.012804226868249113,-0.002301687549988718
baseline_last,y_XLE,20,2025-10-21,0.012804226868249113,-0.002301687549988718
baseline_last,y_XLE,18,2025-10-22,0.013325735887206314,0.012804226868249113
baseline_last,y_XLE,19,2025-10-22,0.013325735887206314,0.012804226868249113
baseline_last,y_XLE,20,2025-10-22,0.013325735887206314,0.012804226868249113
baseline_last,y_XLE,18,2025-10-23,-0.010115792650812083,0.013325735887206314
baseline_last,y_XLE,19,2025-10-23,-0.010115792650812083,0.013325735887206314
baseline_last,y_XLE,20,2025-10-23,-0.010115792650812083,0.013325735887206314
baseline_last,y_XLE,18,2025-10-27,-0.0104213859841088,0.0
baseline_last,y_XLE,19,2025-10-27,-0.0104213859841088,0.0
baseline_last,y_XLE,20,2025-10-27,-0.0104213859841088,0.0
baseline_last,y_XLE,18,2025-10-28,0.0074405035835558575,-0.0104213859841088
baseline_last,y_XLE,19,2025-10-28,0.0074405035835558575,-0.0104213859841088
baseline_last,y_XLE,20,2025-10-28,0.0074405035835558575,-0.0104213859841088
baseline_last,y_XLE,18,2025-10-29,-0.0059084760604517506,0.0074405035835558575
baseline_last,y_XLE,19,2025-10-29,-0.0059084760604517506,0.0074405035835558575
baseline_last,y_XLE,20,2025-10-29,-0.0059084760604517506,0.0074405035835558575
baseline_last,y_XLE,18,2025-10-30,0.00731511775759186,-0.0059084760604517506
baseline_last,y_XLE,19,2025-10-30,0.00731511775759186,-0.0059084760604517506
baseline_last,y_XLE,20,2025-10-30,0.00731511775759186,-0.0059084760604517506
baseline_last,y_XLE,19,2025-11-03,-0.01077822607151302,0.0
baseline_last,y_XLE,20,2025-11-03,-0.01077822607151302,0.0
baseline_last,y_XLE,21,2025-11-03,-0.01077822607151302,0.0
baseline_last,y_XLE,19,2025-11-04,0.0026378506639943566,-0.01077822607151302
baseline_last,y_XLE,20,2025-11-04,0.0026378506639943566,-0.01077822607151302
baseline_last,y_XLE,21,2025-11-04,0.0026378506639943566,-0.01077822607151302
baseline_last,y_XLE,19,2025-11-05,0.009723129895660376,0.0026378506639943566
baseline_last,y_XLE,20,2025-11-05,0.009723129895660376,0.0026378506639943566
baseline_last,y_XLE,21,2025-11-05,0.009723129895660376,0.0026378506639943566
baseline_last,y_XLE,19,2025-11-06,0.014387722244566525,0.009723129895660376
baseline_last,y_XLE,20,2025-11-06,0.014387722244566525,0.009723129895660376
baseline_last,y_XLE,21,2025-11-06,0.014387722244566525,0.009723129895660376
baseline_last,y_XLE,19,2025-11-10,0.01306034783763943,0.0
baseline_last,y_XLE,20,2025-11-10,0.01306034783763943,0.0
baseline_last,y_XLE,21,2025-11-10,0.01306034783763943,0.0
baseline_last,y_XLE,19,2025-11-11,-0.013984477309207488,0.01306034783763943
baseline_last,y_XLE,20,2025-11-11,-0.013984477309207488,0.01306034783763943
baseline_last,y_XLE,21,2025-11-11,-0.013984477309207488,0.01306034783763943
baseline_last,y_XLE,19,2025-11-12,0.00254849750163344,-0.013984477309207488
baseline_last,y_XLE,20,2025-11-12,0.00254849750163344,-0.013984477309207488
baseline_last,y_XLE,21,2025-11-12,0.00254849750163344,-0.013984477309207488
baseline_last,y_XLE,19,2025-11-13,0.01702026914176491,0.00254849750163344
baseline_last,y_XLE,20,2025-11-13,0.01702026914176491,0.00254849750163344
baseline_last,y_XLE,21,2025-11-13,0.01702026914176491,0.00254849750163344
baseline_last,y_XLE,19,2025-11-17,0.007969876398522757,0.0
baseline_last,y_XLE,20,2025-11-17,0.007969876398522757,0.0
baseline_last,y_XLE,21,2025-11-17,0.007969876398522757,0.0
baseline_last,y_XLE,19,2025-11-18,-0.012958431654343183,0.007969876398522757
baseline_last,y_XLE,20,2025-11-18,-0.012958431654343183,0.007969876398522757
baseline_last,y_XLE,21,2025-11-18,-0.012958431654343183,0.007969876398522757
baseline_last,y_XLE,19,2025-11-19,-0.011348428330467009,-0.012958431654343183
baseline_last,y_XLE,20,2025-11-19,-0.011348428330467009,-0.012958431654343183
baseline_last,y_XLE,21,2025-11-19,-0.011348428330467009,-0.012958431654343183
baseline_last,y_XLE,19,2025-11-20,0.006301968357415255,-0.011348428330467009
baseline_last,y_XLE,20,2025-11-20,0.006301968357415255,-0.011348428330467009
baseline_last,y_XLE,21,2025-11-20,0.006301968357415255,-0.011348428330467009
baseline_last,y_XLE,20,2025-11-24,-0.006280060009136279,0.0
baseline_last,y_XLE,21,2025-11-24,-0.006280060009136279,0.0
baseline_last,y_XLE,22,2025-11-24,-0.006280060009136279,0.0
baseline_last,y_XLE,20,2025-11-25,0.007561138414377888,-0.006280060009136279
baseline_last,y_XLE,21,2025-11-25,0.007561138414377888,-0.006280060009136279
baseline_last,y_XLE,22,2025-11-25,0.007561138414377888,-0.006280060009136279
baseline_last,y_XLE,20,2025-12-01,-0.012921536948137136,0.0
baseline_last,y_XLE,21,2025-12-01,-0.012921536948137136,0.0
baseline_last,y_XLE,22,2025-12-01,-0.012921536948137136,0.0
baseline_last,y_XLE,20,2025-12-02,0.01874857874131597,-0.012921536948137136
baseline_last,y_XLE,21,2025-12-02,0.01874857874131597,-0.012921536948137136
baseline_last,y_XLE,22,2025-12-02,0.01874857874131597,-0.012921536948137136
baseline_last,y_XLE,20,2025-12-03,0.004246976879925812,0.01874857874131597
baseline_last,y_XLE,21,2025-12-03,0.004246976879925812,0.01874857874131597
baseline_last,y_XLE,22,2025-12-03,0.004246976879925812,0.01874857874131597
baseline_last,y_XLE,20,2025-12-04,-0.0041206335130897775,0.004246976879925812
baseline_last,y_XLE,21,2025-12-04,-0.0041206335130897775,0.004246976879925812
baseline_last,y_XLE,22,2025-12-04,-0.0041206335130897775,0.004246976879925812
baseline_last,y_XLE,20,2025-12-08,0.006164777024993073,0.0
baseline_last,y_XLE,21,2025-12-08,0.006164777024993073,0.0
baseline_last,y_XLE,22,2025-12-08,0.006164777024993073,0.0
baseline_last,y_XLE,20,2025-12-09,0.010503233386282451,0.006164777024993073
baseline_last,y_XLE,21,2025-12-09,0.010503233386282451,0.006164777024993073
baseline_last,y_XLE,22,2025-12-09,0.010503233386282451,0.006164777024993073
baseline_last,y_XLE,20,2025-12-10,-0.00476394861227003,0.010503233386282451
baseline_last,y_XLE,21,2025-12-10,-0.00476394861227003,0.010503233386282451
baseline_last,y_XLE,22,2025-12-10,-0.00476394861227003,0.010503233386282451
baseline_last,y_XLE,20,2025-12-11,-0.00979114544548676,-0.00476394861227003
baseline_last,y_XLE,21,2025-12-11,-0.00979114544548676,-0.00476394861227003
baseline_last,y_XLE,22,2025-12-11,-0.00979114544548676,-0.00476394861227003
baseline_last,y_XLE,21,2025-12-15,-0.030537727268973525,0.0
baseline_last,y_XLE,22,2025-12-15,-0.030537727268973525,0.0
baseline_last,y_XLE,23,2025-12-15,-0.030537727268973525,0.0
baseline_last,y_XLE,21,2025-12-16,0.022141025679304427,-0.030537727268973525
baseline_last,y_XLE,22,2025-12-16,0.022141025679304427,-0.030537727268973525
baseline_last,y_XLE,23,2025-12-16,0.022141025679304427,-0.030537727268973525
baseline_last,y_XLE,21,2025-12-17,-0.014515376317443485,0.022141025679304427
baseline_last,y_XLE,22,2025-12-17,-0.014515376317443485,0.022141025679304427
baseline_last,y_XLE,23,2025-12-17,-0.014515376317443485,0.022141025679304427
baseline_last,y_XLE,21,2025-12-18,0.0,-0.014515376317443485
baseline_last,y_XLE,22,2025-12-18,0.0,-0.014515376317443485
baseline_last,y_XLE,23,2025-12-18,0.0,-0.014515376317443485
baseline_last,y_XLE,21,2025-12-23,-0.002921372317196247,0.0
baseline_last,y_XLE,22,2025-12-23,-0.002921372317196247,0.0
baseline_last,y_XLE,23,2025-12-23,-0.002921372317196247,0.0
baseline_last,y_XLE,21,2025-12-29,0.007619904991636561,0.0
baseline_last,y_XLE,22,2025-12-29,0.007619904991636561,0.0
baseline_last,y_XLE,23,2025-12-29,0.007619904991636561,0.0
baseline_last,y_XLE,21,2025-12-30,-0.0055604983338698455,0.007619904991636561
baseline_last,y_XLE,22,2025-12-30,-0.0055604983338698455,0.007619904991636561
baseline_last,y_XLE,23,2025-12-30,-0.0055604983338698455,0.007619904991636561
baseline_last,y_XLE,22,2026-01-05,-0.0266581364101266,0.0
baseline_last,y_XLE,23,2026-01-05,-0.0266581364101266,0.0
baseline_last,y_XLE,24,2026-01-05,-0.0266581364101266,0.0
baseline_last,y_XLE,22,2026-01-06,-0.011174371786886517,-0.0266581364101266
baseline_last,y_XLE,23,2026-01-06,-0.011174371786886517,-0.0266581364101266
baseline_last,y_XLE,24,2026-01-06,-0.011174371786886517,-0.0266581364101266
baseline_last,y_XLE,22,2026-01-07,0.03146461633807829,-0.011174371786886517
baseline_last,y_XLE,23,2026-01-07,0.03146461633807829,-0.011174371786886517
baseline_last,y_XLE,24,2026-01-07,0.03146461633807829,-0.011174371786886517
baseline_last,y_XLE,22,2026-01-08,0.0025778503512676743,0.03146461633807829
baseline_last,y_XLE,23,2026-01-08,0.0025778503512676743,0.03146461633807829
baseline_last,y_XLE,24,2026-01-08,0.0025778503512676743,0.03146461633807829
baseline_last,y_XLE,22,2026-01-12,0.014242551688365745,0.0
baseline_last,y_XLE,23,2026-01-12,0.014242551688365745,0.0
baseline_last,y_XLE,24,2026-01-12,0.014242551688365745,0.0
baseline_last,y_XLE,22,2026-01-13,0.022553220708319444,0.014242551688365745
baseline_last,y_XLE,23,2026-01-13,0.022553220708319444,0.014242551688365745
baseline_last,y_XLE,24,2026-01-13,0.022553220708319444,0.014242551688365745
baseline_last,y_XLE,22,2026-01-14,-0.009363311487326276,0.022553220708319444
baseline_last,y_XLE,23,2026-01-14,-0.009363311487326276,0.022553220708319444
baseline_last,y_XLE,24,2026-01-14,-0.009363311487326276,0.022553220708319444
baseline_last,y_XLE,22,2026-01-15,0.0016802775747082332,-0.009363311487326276
baseline_last,y_XLE,23,2026-01-15,0.0016802775747082332,-0.009363311487326276
baseline_last,y_XLE,24,2026-01-15,0.0016802775747082332,-0.009363311487326276
baseline_last,y_XLE,22,2026-01-21,0.0032820481520432487,0.0
baseline_last,y_XLE,23,2026-01-21,0.0032820481520432487,0.0
baseline_last,y_XLE,24,2026-01-21,0.0032820481520432487,0.0
baseline_last,y_XLE,22,2026-01-22,0.005724775713972674,0.0032820481520432487
baseline_last,y_XLE,23,2026-01-22,0.005724775713972674,0.0032820481520432487
baseline_last,y_XLE,24,2026-01-22,0.005724775713972674,0.0032820481520432487
baseline_last,y_XLE,23,2026-01-26,0.009142562720069636,0.0
baseline_last,y_XLE,24,2026-01-26,0.009142562720069636,0.0
baseline_last,y_XLE,23,2026-01-27,0.007650515041750516,0.009142562720069636
baseline_last,y_XLE,24,2026-01-27,0.007650515041750516,0.009142562720069636
baseline_last,y_XLE,23,2026-01-28,0.009190791038654833,0.007650515041750516
baseline_last,y_XLE,24,2026-01-28,0.009190791038654833,0.007650515041750516
baseline_last,y_XLE,23,2026-01-29,0.010690970767606167,0.009190791038654833
baseline_last,y_XLE,24,2026-01-29,0.010690970767606167,0.009190791038654833
baseline_last,y_XLE,23,2026-02-02,0.03236761152006573,0.0
baseline_last,y_XLE,24,2026-02-02,0.03236761152006573,0.0
baseline_last,y_XLE,23,2026-02-03,0.022450236176059235,0.03236761152006573
baseline_last,y_XLE,24,2026-02-03,0.022450236176059235,0.03236761152006573
baseline_last,y_XLE,23,2026-02-04,-0.01173580778143335,0.022450236176059235
baseline_last,y_XLE,24,2026-02-04,-0.01173580778143335,0.022450236176059235
baseline_last,y_XLE,23,2026-02-05,0.01991957352545981,-0.01173580778143335
baseline_last,y_XLE,24,2026-02-05,0.01991957352545981,-0.01173580778143335
baseline_last,y_XLE,23,2026-02-09,-0.0011185227307315415,0.0
baseline_last,y_XLE,24,2026-02-09,-0.0011185227307315415,0.0
baseline_last,y_XLE,23,2026-02-10,0.02612910905818988,-0.0011185227307315415
baseline_last,y_XLE,24,2026-02-10,0.02612910905818988,-0.0011185227307315415
baseline_last,y_XLE,23,2026-02-11,-0.018188432308585023,0.02612910905818988
baseline_last,y_XLE,24,2026-02-11,-0.018188432308585023,0.02612910905818988
baseline_last,y_XLE,23,2026-02-12,0.006854370785891906,-0.018188432308585023
baseline_last,y_XLE,24,2026-02-12,0.006854370785891906,-0.018188432308585023
baseline_last,y_XLE,24,2026-02-17,0.019162767986918627,0.0
baseline_last,y_XLE,24,2026-02-18,0.0073019630301647265,0.019162767986918627
baseline_last,y_XLE,24,2026-02-19,-0.00543673859009397,0.0073019630301647265
baseline_last,y_XLE,24,2026-02-23,-0.0009066736241948314,0.0
baseline_last,y_XLE,24,2026-02-24,-0.004174220482861646,-0.0009066736241948314
baseline_last,y_XLE,24,2026-02-25,0.0032804867628890566,-0.004174220482861646
baseline_last,y_XLE,24,2026-02-26,0.015803795530283438,0.0032804867628890566
baseline_last,y_XLE,24,2026-03-02,-0.009116417416152545,0.0
baseline_last,y_XLE,24,2026-03-03,-0.005838673538251293,-0.009116417416152545
baseline_last,y_XLE,24,2026-03-04,0.005161077106513812,-0.005838673538251293
baseline_last,y_XLE,24,2026-03-05,0.0015934871338054712,0.005161077106513812
baseline_last,y_XLF,0,2024-08-05,0.0161606878396221,0.0
baseline_last,y_XLF,0,2024-08-06,0.0012048322924362864,0.0161606878396221
baseline_last,y_XLF,0,2024-08-07,0.016125286877605394,0.0012048322924362864
baseline_last,y_XLF,0,2024-08-08,0.004263372310600477,0.016125286877605394
baseline_last,y_XLF,0,2024-08-12,0.008297861643032256,0.0
baseline_last,y_XLF,0,2024-08-13,0.012226667001537628,0.008297861643032256
baseline_last,y_XLF,0,2024-08-14,0.009291621612003365,0.012226667001537628
baseline_last,y_XLF,0,2024-08-15,0.007364560692824762,0.009291621612003365
baseline_last,y_XLF,0,2024-08-19,-0.003181147354894498,0.0
baseline_last,y_XLF,0,2024-08-20,-0.0015955163812568784,-0.003181147354894498
baseline_last,y_XLF,0,2024-08-21,0.00570773502274724,-0.0015955163812568784
baseline_last,y_XLF,0,2024-08-22,0.008626600766895587,0.00570773502274724
baseline_last,y_XLF,0,2024-08-26,0.005160512944490714,0.0
baseline_last,y_XLF,1,2024-08-26,0.005160512944490714,0.0
baseline_last,y_XLF,0,2024-08-27,0.0024553662330537573,0.005160512944490714
baseline_last,y_XLF,1,2024-08-27,0.0024553662330537573,0.005160512944490714
baseline_last,y_XLF,0,2024-08-28,0.008906624709021704,0.0024553662330537573
baseline_last,y_XLF,1,2024-08-28,0.008906624709021704,0.0024553662330537573
baseline_last,y_XLF,0,2024-08-29,0.009490316227723117,0.008906624709021704
baseline_last,y_XLF,1,2024-08-29,0.009490316227723117,0.008906624709021704
baseline_last,y_XLF,0,2024-09-03,0.0011014193686660345,0.0
baseline_last,y_XLF,1,2024-09-03,0.0011014193686660345,0.0
baseline_last,y_XLF,0,2024-09-04,-0.011001132286602266,0.0011014193686660345
baseline_last,y_XLF,1,2024-09-04,-0.011001132286602266,0.0011014193686660345
baseline_last,y_XLF,0,2024-09-05,-0.014683034920579874,-0.011001132286602266
baseline_last,y_XLF,1,2024-09-05,-0.014683034920579874,-0.011001132286602266
baseline_last,y_XLF,0,2024-09-09,-0.010233598862143256,0.0
baseline_last,y_XLF,1,2024-09-09,-0.010233598862143256,0.0
baseline_last,y_XLF,0,2024-09-10,-0.004720195099177649,-0.010233598862143256
baseline_last,y_XLF,1,2024-09-10,-0.004720195099177649,-0.010233598862143256
baseline_last,y_XLF,0,2024-09-11,0.0022584683318331855,-0.004720195099177649
baseline_last,y_XLF,1,2024-09-11,0.0022584683318331855,-0.004720195099177649
baseline_last,y_XLF,0,2024-09-12,0.0029291381520903936,0.0022584683318331855
baseline_last,y_XLF,1,2024-09-12,0.0029291381520903936,0.0022584683318331855
baseline_last,y_XLF,2,2024-09-12,0.0029291381520903936,0.0022584683318331855
baseline_last,y_XLF,0,2024-09-16,0.005322675762467366,0.0
baseline_last,y_XLF,1,2024-09-16,0.005322675762467366,0.0
baseline_last,y_XLF,2,2024-09-16,0.005322675762467366,0.0
baseline_last,y_XLF,0,2024-09-17,-0.003088512681581168,0.005322675762467366
baseline_last,y_XLF,1,2024-09-17,-0.003088512681581168,0.005322675762467366
baseline_last,y_XLF,2,2024-09-17,-0.003088512681581168,0.005322675762467366
baseline_last,y_XLF,0,2024-09-18,0.011064341364667163,-0.003088512681581168
baseline_last,y_XLF,1,2024-09-18,0.011064341364667163,-0.003088512681581168
baseline_last,y_XLF,2,2024-09-18,0.011064341364667163,-0.003088512681581168
baseline_last,y_XLF,0,2024-09-19,-0.0006565547284226314,0.011064341364667163
baseline_last,y_XLF,1,2024-09-19,-0.0006565547284226314,0.011064341364667163
baseline_last,y_XLF,2,2024-09-19,-0.0006565547284226314,0.011064341364667163
baseline_last,y_XLF,0,2024-09-23,-0.008362584441980458,0.0
baseline_last,y_XLF,1,2024-09-23,-0.008362584441980458,0.0
baseline_last,y_XLF,2,2024-09-23,-0.008362584441980458,0.0
baseline_last,y_XLF,0,2024-09-24,-0.005992110055111022,-0.008362584441980458
baseline_last,y_XLF,1,2024-09-24,-0.005992110055111022,-0.008362584441980458
baseline_last,y_XLF,2,2024-09-24,-0.005992110055111022,-0.008362584441980458
baseline_last,y_XLF,0,2024-09-25,0.005135080195465047,-0.005992110055111022
baseline_last,y_XLF,1,2024-09-25,0.005135080195465047,-0.005992110055111022
baseline_last,y_XLF,2,2024-09-25,0.005135080195465047,-0.005992110055111022
baseline_last,y_XLF,0,2024-09-26,0.0028875897745084256,0.005135080195465047
baseline_last,y_XLF,1,2024-09-26,0.0028875897745084256,0.005135080195465047
baseline_last,y_XLF,2,2024-09-26,0.0028875897745084256,0.005135080195465047
baseline_last,y_XLF,0,2024-09-30,-0.005295554163467275,0.0
baseline_last,y_XLF,1,2024-09-30,-0.005295554163467275,0.0
baseline_last,y_XLF,2,2024-09-30,-0.005295554163467275,0.0
baseline_last,y_XLF,0,2024-10-01,0.0011091066426889284,-0.005295554163467275
baseline_last,y_XLF,1,2024-10-01,0.0011091066426889284,-0.005295554163467275
baseline_last,y_XLF,2,2024-10-01,0.0011091066426889284,-0.005295554163467275
baseline_last,y_XLF,0,2024-10-02,-0.005318106496225106,0.0011091066426889284
baseline_last,y_XLF,1,2024-10-02,-0.005318106496225106,0.0011091066426889284
baseline_last,y_XLF,2,2024-10-02,-0.005318106496225106,0.0011091066426889284
baseline_last,y_XLF,0,2024-10-03,0.016930349352157537,-0.005318106496225106
baseline_last,y_XLF,1,2024-10-03,0.016930349352157537,-0.005318106496225106
baseline_last,y_XLF,2,2024-10-03,0.016930349352157537,-0.005318106496225106
baseline_last,y_XLF,1,2024-10-07,0.0057662135344236365,0.0
baseline_last,y_XLF,2,2024-10-07,0.0057662135344236365,0.0
baseline_last,y_XLF,3,2024-10-07,0.0057662135344236365,0.0
baseline_last,y_XLF,1,2024-10-08,0.009261302994275189,0.0057662135344236365
baseline_last,y_XLF,2,2024-10-08,0.009261302994275189,0.0057662135344236365
baseline_last,y_XLF,3,2024-10-08,0.009261302994275189,0.0057662135344236365
baseline_last,y_XLF,1,2024-10-09,-0.0030587161997305268,0.009261302994275189
baseline_last,y_XLF,2,2024-10-09,-0.0030587161997305268,0.009261302994275189
baseline_last,y_XLF,3,2024-10-09,-0.0030587161997305268,0.009261302994275189
baseline_last,y_XLF,1,2024-10-10,0.01928548377746675,-0.0030587161997305268
baseline_last,y_XLF,2,2024-10-10,0.01928548377746675,-0.0030587161997305268
baseline_last,y_XLF,3,2024-10-10,0.01928548377746675,-0.0030587161997305268
baseline_last,y_XLF,1,2024-10-14,0.0021367725314549446,0.0
baseline_last,y_XLF,2,2024-10-14,0.0021367725314549446,0.0
baseline_last,y_XLF,3,2024-10-14,0.0021367725314549446,0.0
baseline_last,y_XLF,1,2024-10-15,0.01236668988404288,0.0021367725314549446
baseline_last,y_XLF,2,2024-10-15,0.01236668988404288,0.0021367725314549446
baseline_last,y_XLF,3,2024-10-15,0.01236668988404288,0.0021367725314549446
baseline_last,y_XLF,1,2024-10-16,0.002738062056794943,0.01236668988404288
baseline_last,y_XLF,2,2024-10-16,0.002738062056794943,0.01236668988404288
baseline_last,y_XLF,3,2024-10-16,0.002738062056794943,0.01236668988404288
baseline_last,y_XLF,1,2024-10-17,0.00021008269670819146,0.002738062056794943
baseline_last,y_XLF,2,2024-10-17,0.00021008269670819146,0.002738062056794943
baseline_last,y_XLF,3,2024-10-17,0.00021008269670819146,0.002738062056794943
baseline_last,y_XLF,1,2024-10-21,-0.0019051420169492461,0.0
baseline_last,y_XLF,2,2024-10-21,-0.0019051420169492461,0.0
baseline_last,y_XLF,3,2024-10-21,-0.0019051420169492461,0.0
baseline_last,y_XLF,1,2024-10-22,-0.00084836431192159,-0.0019051420169492461
baseline_last,y_XLF,2,2024-10-22,-0.00084836431192159,-0.0019051420169492461
baseline_last,y_XLF,3,2024-10-22,-0.00084836431192159,-0.0019051420169492461
baseline_last,y_XLF,1,2024-10-23,0.0008490846450321943,-0.00084836431192159
baseline_last,y_XLF,2,2024-10-23,0.0008490846450321943,-0.00084836431192159
baseline_last,y_XLF,3,2024-10-23,0.0008490846450321943,-0.00084836431192159
baseline_last,y_XLF,1,2024-10-24,-0.01102865367351713,0.0008490846450321943
baseline_last,y_XLF,2,2024-10-24,-0.01102865367351713,0.0008490846450321943
baseline_last,y_XLF,3,2024-10-24,-0.01102865367351713,0.0008490846450321943
baseline_last,y_XLF,2,2024-10-28,-0.006142865875948478,0.0
baseline_last,y_XLF,3,2024-10-28,-0.006142865875948478,0.0
baseline_last,y_XLF,4,2024-10-28,-0.006142865875948478,0.0
baseline_last,y_XLF,2,2024-10-29,0.0044757876980701106,-0.006142865875948478
baseline_last,y_XLF,3,2024-10-29,0.0044757876980701106,-0.006142865875948478
baseline_last,y_XLF,4,2024-10-29,0.0044757876980701106,-0.006142865875948478
baseline_last,y_XLF,2,2024-10-30,-0.01379164780360631,0.0044757876980701106
baseline_last,y_XLF,3,2024-10-30,-0.01379164780360631,0.0044757876980701106
baseline_last,y_XLF,4,2024-10-30,-0.01379164780360631,0.0044757876980701106
baseline_last,y_XLF,2,2024-10-31,0.003442373586451497,-0.01379164780360631
baseline_last,y_XLF,3,2024-10-31,0.003442373586451497,-0.01379164780360631
baseline_last,y_XLF,4,2024-10-31,0.003442373586451497,-0.01379164780360631
baseline_last,y_XLF,2,2024-11-04,0.009291317461362025,0.0
baseline_last,y_XLF,3,2024-11-04,0.009291317461362025,0.0
baseline_last,y_XLF,4,2024-11-04,0.009291317461362025,0.0
baseline_last,y_XLF,2,2024-11-05,0.06080076504890708,0.009291317461362025
baseline_last,y_XLF,3,2024-11-05,0.06080076504890708,0.009291317461362025
baseline_last,y_XLF,4,2024-11-05,0.06080076504890708,0.009291317461362025
baseline_last,y_XLF,2,2024-11-06,-0.0161453034983583,0.06080076504890708
baseline_last,y_XLF,3,2024-11-06,-0.0161453034983583,0.06080076504890708
baseline_last,y_XLF,4,2024-11-06,-0.0161453034983583,0.06080076504890708
baseline_last,y_XLF,2,2024-11-07,0.009025487210978289,-0.0161453034983583
baseline_last,y_XLF,3,2024-11-07,0.009025487210978289,-0.0161453034983583
baseline_last,y_XLF,4,2024-11-07,0.009025487210978289,-0.0161453034983583
baseline_last,y_XLF,2,2024-11-11,-0.0030066042990463115,0.0
baseline_last,y_XLF,3,2024-11-11,-0.0030066042990463115,0.0
baseline_last,y_XLF,4,2024-11-11,-0.0030066042990463115,0.0
baseline_last,y_XLF,2,2024-11-12,0.000603181100908623,-0.0030066042990463115
baseline_last,y_XLF,3,2024-11-12,0.000603181100908623,-0.0030066042990463115
baseline_last,y_XLF,4,2024-11-12,0.000603181100908623,-0.0030066042990463115
baseline_last,y_XLF,2,2024-11-13,-0.00261200101614234,0.000603181100908623
baseline_last,y_XLF,3,2024-11-13,-0.00261200101614234,0.000603181100908623
baseline_last,y_XLF,4,2024-11-13,-0.00261200101614234,0.000603181100908623
baseline_last,y_XLF,2,2024-11-14,0.0046332866890350655,-0.00261200101614234
baseline_last,y_XLF,3,2024-11-14,0.0046332866890350655,-0.00261200101614234
baseline_last,y_XLF,4,2024-11-14,0.0046332866890350655,-0.00261200101614234
baseline_last,y_XLF,3,2024-11-18,-0.006597617182428128,0.0
baseline_last,y_XLF,4,2024-11-18,-0.006597617182428128,0.0
baseline_last,y_XLF,5,2024-11-18,-0.006597617182428128,0.0
baseline_last,y_XLF,3,2024-11-19,-0.0030185497562764674,-0.006597617182428128
baseline_last,y_XLF,4,2024-11-19,-0.0030185497562764674,-0.006597617182428128
baseline_last,y_XLF,5,2024-11-19,-0.0030185497562764674,-0.006597617182428128
baseline_last,y_XLF,3,2024-11-20,0.012716999405360863,-0.0030185497562764674
baseline_last,y_XLF,4,2024-11-20,0.012716999405360863,-0.0030185497562764674
baseline_last,y_XLF,5,2024-11-20,0.012716999405360863,-0.0030185497562764674
baseline_last,y_XLF,3,2024-11-21,0.011162077474515586,0.012716999405360863
baseline_last,y_XLF,4,2024-11-21,0.011162077474515586,0.012716999405360863
baseline_last,y_XLF,5,2024-11-21,0.011162077474515586,0.012716999405360863
baseline_last,y_XLF,3,2024-11-25,0.001958346547842771,0.0
baseline_last,y_XLF,4,2024-11-25,0.001958346547842771,0.0
baseline_last,y_XLF,5,2024-11-25,0.001958346547842771,0.0
baseline_last,y_XLF,3,2024-11-26,0.0019546707710322853,0.001958346547842771
baseline_last,y_XLF,4,2024-11-26,0.0019546707710322853,0.001958346547842771
baseline_last,y_XLF,5,2024-11-26,0.0019546707710322853,0.001958346547842771
baseline_last,y_XLF,3,2024-12-02,-0.0074760464589000986,0.0
baseline_last,y_XLF,4,2024-12-02,-0.0074760464589000986,0.0
baseline_last,y_XLF,5,2024-12-02,-0.0074760464589000986,0.0
baseline_last,y_XLF,3,2024-12-03,-0.003766179361327837,-0.0074760464589000986
baseline_last,y_XLF,4,2024-12-03,-0.003766179361327837,-0.0074760464589000986
baseline_last,y_XLF,5,2024-12-03,-0.003766179361327837,-0.0074760464589000986
baseline_last,y_XLF,3,2024-12-04,0.0029845479431558353,-0.003766179361327837
baseline_last,y_XLF,4,2024-12-04,0.0029845479431558353,-0.003766179361327837
baseline_last,y_XLF,5,2024-12-04,0.0029845479431558353,-0.003766179361327837
baseline_last,y_XLF,3,2024-12-05,-0.00019833669943225551,0.0029845479431558353
baseline_last,y_XLF,4,2024-12-05,-0.00019833669943225551,0.0029845479431558353
baseline_last,y_XLF,5,2024-12-05,-0.00019833669943225551,0.0029845479431558353
baseline_last,y_XLF,4,2024-12-09,-0.00020112960763774002,0.0
baseline_last,y_XLF,5,2024-12-09,-0.00020112960763774002,0.0
baseline_last,y_XLF,6,2024-12-09,-0.00020112960763774002,0.0
baseline_last,y_XLF,4,2024-12-10,0.0020120133075485214,-0.00020112960763774002
baseline_last,y_XLF,5,2024-12-10,0.0020120133075485214,-0.00020112960763774002
baseline_last,y_XLF,6,2024-12-10,0.0020120133075485214,-0.00020112960763774002
baseline_last,y_XLF,4,2024-12-11,-0.004417556724619964,0.0020120133075485214
baseline_last,y_XLF,5,2024-12-11,-0.004417556724619964,0.0020120133075485214
baseline_last,y_XLF,6,2024-12-11,-0.004417556724619964,0.0020120133075485214
baseline_last,y_XLF,4,2024-12-12,-0.0008068628547025503,-0.004417556724619964
baseline_last,y_XLF,5,2024-12-12,-0.0008068628547025503,-0.004417556724619964
baseline_last,y_XLF,6,2024-12-12,-0.0008068628547025503,-0.004417556724619964
baseline_last,y_XLF,4,2024-12-16,-0.00707796213320111,0.0
baseline_last,y_XLF,5,2024-12-16,-0.00707796213320111,0.0
baseline_last,y_XLF,6,2024-12-16,-0.00707796213320111,0.0
baseline_last,y_XLF,4,2024-12-17,-0.029938907534605597,-0.00707796213320111
baseline_last,y_XLF,5,2024-12-17,-0.029938907534605597,-0.00707796213320111
baseline_last,y_XLF,6,2024-12-17,-0.029938907534605597,-0.00707796213320111
baseline_last,y_XLF,4,2024-12-18,0.003569172222957606,-0.029938907534605597
baseline_last,y_XLF,5,2024-12-18,0.003569172222957606,-0.029938907534605597
baseline_last,y_XLF,6,2024-12-18,0.003569172222957606,-0.029938907534605597
baseline_last,y_XLF,4,2024-12-19,0.014853575814645747,0.003569172222957606
baseline_last,y_XLF,5,2024-12-19,0.014853575814645747,0.003569172222957606
baseline_last,y_XLF,6,2024-12-19,0.014853575814645747,0.003569172222957606
baseline_last,y_XLF,4,2024-12-23,0.011772001279358735,0.0
baseline_last,y_XLF,5,2024-12-23,0.011772001279358735,0.0
baseline_last,y_XLF,6,2024-12-23,0.011772001279358735,0.0
baseline_last,y_XLF,4,2024-12-26,-0.007330453531055103,0.0
baseline_last,y_XLF,5,2024-12-26,-0.007330453531055103,0.0
baseline_last,y_XLF,6,2024-12-26,-0.007330453531055103,0.0
baseline_last,y_XLF,5,2024-12-30,0.0010357638548137427,0.0
baseline_last,y_XLF,6,2024-12-30,0.0010357638548137427,0.0
baseline_last,y_XLF,7,2024-12-30,0.0010357638548137427,0.0
baseline_last,y_XLF,5,2025-01-02,0.007882240065106627,0.0
baseline_last,y_XLF,6,2025-01-02,0.007882240065106627,0.0
baseline_last,y_XLF,7,2025-01-02,0.007882240065106627,0.0
baseline_last,y_XLF,5,2025-01-06,-0.0022707704754005853,0.0
baseline_last,y_XLF,6,2025-01-06,-0.0022707704754005853,0.0
baseline_last,y_XLF,7,2025-01-06,-0.0022707704754005853,0.0
baseline_last,y_XLF,5,2025-01-07,0.0033105507388897504,-0.0022707704754005853
baseline_last,y_XLF,6,2025-01-07,0.0033105507388897504,-0.0022707704754005853
baseline_last,y_XLF,7,2025-01-07,0.0033105507388897504,-0.0022707704754005853
baseline_last,y_XLF,5,2025-01-13,0.012379450030173045,0.0
baseline_last,y_XLF,6,2025-01-13,0.012379450030173045,0.0
baseline_last,y_XLF,7,2025-01-13,0.012379450030173045,0.0
baseline_last,y_XLF,5,2025-01-14,0.02549223359473185,0.012379450030173045
baseline_last,y_XLF,6,2025-01-14,0.02549223359473185,0.012379450030173045
baseline_last,y_XLF,7,2025-01-14,0.02549223359473185,0.012379450030173045
baseline_last,y_XLF,5,2025-01-15,0.006669360884182796,0.02549223359473185
baseline_last,y_XLF,6,2025-01-15,0.006669360884182796,0.02549223359473185
baseline_last,y_XLF,7,2025-01-15,0.006669360884182796,0.02549223359473185
baseline_last,y_XLF,5,2025-01-16,0.008432111755182214,0.006669360884182796
baseline_last,y_XLF,6,2025-01-16,0.008432111755182214,0.006669360884182796
baseline_last,y_XLF,7,2025-01-16,0.008432111755182214,0.006669360884182796
baseline_last,y_XLF,6,2025-01-21,-0.004738407106839371,0.0
baseline_last,y_XLF,7,2025-01-21,-0.004738407106839371,0.0
baseline_last,y_XLF,8,2025-01-21,-0.004738407106839371,0.0
baseline_last,y_XLF,6,2025-01-22,0.005752888874157369,-0.004738407106839371
baseline_last,y_XLF,7,2025-01-22,0.005752888874157369,-0.004738407106839371
baseline_last,y_XLF,8,2025-01-22,0.005752888874157369,-0.004738407106839371
baseline_last,y_XLF,6,2025-01-23,0.002958440622578662,0.005752888874157369
baseline_last,y_XLF,7,2025-01-23,0.002958440622578662,0.005752888874157369
baseline_last,y_XLF,8,2025-01-23,0.002958440622578662,0.005752888874157369
baseline_last,y_XLF,6,2025-01-27,-0.0017506251775999404,0.0
baseline_last,y_XLF,7,2025-01-27,-0.0017506251775999404,0.0
baseline_last,y_XLF,8,2025-01-27,-0.0017506251775999404,0.0
baseline_last,y_XLF,6,2025-01-28,-0.0007794368549881581,-0.0017506251775999404
baseline_last,y_XLF,7,2025-01-28,-0.0007794368549881581,-0.0017506251775999404
baseline_last,y_XLF,8,2025-01-28,-0.0007794368549881581,-0.0017506251775999404
baseline_last,y_XLF,6,2025-01-29,0.009555285433661798,-0.0007794368549881581
baseline_last,y_XLF,7,2025-01-29,0.009555285433661798,-0.0007794368549881581
baseline_last,y_XLF,8,2025-01-29,0.009555285433661798,-0.0007794368549881581
baseline_last,y_XLF,6,2025-01-30,-0.005794814424435635,0.009555285433661798
baseline_last,y_XLF,7,2025-01-30,-0.005794814424435635,0.009555285433661798
baseline_last,y_XLF,8,2025-01-30,-0.005794814424435635,0.009555285433661798
baseline_last,y_XLF,6,2025-02-03,-0.0023408968810174624,0.0
baseline_last,y_XLF,7,2025-02-03,-0.0023408968810174624,0.0
baseline_last,y_XLF,8,2025-02-03,-0.0023408968810174624,0.0
baseline_last,y_XLF,6,2025-02-04,0.010559206704938262,-0.0023408968810174624
baseline_last,y_XLF,7,2025-02-04,0.010559206704938262,-0.0023408968810174624
baseline_last,y_XLF,8,2025-02-04,0.010559206704938262,-0.0023408968810174624
baseline_last,y_XLF,6,2025-02-05,0.008320466889144562,0.010559206704938262
baseline_last,y_XLF,7,2025-02-05,0.008320466889144562,0.010559206704938262
baseline_last,y_XLF,8,2025-02-05,0.008320466889144562,0.010559206704938262
baseline_last,y_XLF,6,2025-02-06,-0.005565210807994325,0.008320466889144562
baseline_last,y_XLF,7,2025-02-06,-0.005565210807994325,0.008320466889144562
baseline_last,y_XLF,8,2025-02-06,-0.005565210807994325,0.008320466889144562
baseline_last,y_XLF,7,2025-02-10,0.0025286975308049797,0.0
baseline_last,y_XLF,8,2025-02-10,0.0025286975308049797,0.0
baseline_last,y_XLF,9,2025-02-10,0.0025286975308049797,0.0
baseline_last,y_XLF,7,2025-02-11,-0.003492419083686138,0.0025286975308049797
baseline_last,y_XLF,8,2025-02-11,-0.003492419083686138,0.0025286975308049797
baseline_last,y_XLF,9,2025-02-11,-0.003492419083686138,0.0025286975308049797
baseline_last,y_XLF,7,2025-02-12,0.00661990273890245,-0.003492419083686138
baseline_last,y_XLF,8,2025-02-12,0.00661990273890245,-0.003492419083686138
baseline_last,y_XLF,9,2025-02-12,0.00661990273890245,-0.003492419083686138
baseline_last,y_XLF,7,2025-02-13,0.0019342698376372258,0.00661990273890245
baseline_last,y_XLF,8,2025-02-13,0.0019342698376372258,0.00661990273890245
baseline_last,y_XLF,9,2025-02-13,0.0019342698376372258,0.00661990273890245
baseline_last,y_XLF,7,2025-02-18,0.00038336880724254563,0.0
baseline_last,y_XLF,8,2025-02-18,0.00038336880724254563,0.0
baseline_last,y_XLF,9,2025-02-18,0.00038336880724254563,0.0
baseline_last,y_XLF,7,2025-02-19,-0.015328579237629314,0.00038336880724254563
baseline_last,y_XLF,8,2025-02-19,-0.015328579237629314,0.00038336880724254563
baseline_last,y_XLF,9,2025-02-19,-0.015328579237629314,0.00038336880724254563
baseline_last,y_XLF,7,2025-02-20,-0.012453776918368908,-0.015328579237629314
baseline_last,y_XLF,8,2025-02-20,-0.012453776918368908,-0.015328579237629314
baseline_last,y_XLF,9,2025-02-20,-0.012453776918368908,-0.015328579237629314
baseline_last,y_XLF,7,2025-02-24,-0.00019615934421923775,0.0
baseline_last,y_XLF,8,2025-02-24,-0.00019615934421923775,0.0
baseline_last,y_XLF,9,2025-02-24,-0.00019615934421923775,0.0
baseline_last,y_XLF,7,2025-02-25,-0.002158555625727976,-0.00019615934421923775
baseline_last,y_XLF,8,2025-02-25,-0.002158555625727976,-0.00019615934421923775
baseline_last,y_XLF,9,2025-02-25,-0.002158555625727976,-0.00019615934421923775
baseline_last,y_XLF,7,2025-02-26,0.005506563950493204,-0.002158555625727976
baseline_last,y_XLF,8,2025-02-26,0.005506563950493204,-0.002158555625727976
baseline_last,y_XLF,9,2025-02-26,0.005506563950493204,-0.002158555625727976
baseline_last,y_XLF,7,2025-02-27,0.02053575372981231,0.005506563950493204
baseline_last,y_XLF,8,2025-02-27,0.02053575372981231,0.005506563950493204
baseline_last,y_XLF,9,2025-02-27,0.02053575372981231,0.005506563950493204
baseline_last,y_XLF,8,2025-03-03,-0.03517589404733923,0.0
baseline_last,y_XLF,9,2025-03-03,-0.03517589404733923,0.0
baseline_last,y_XLF,10,2025-03-03,-0.03517589404733923,0.0
baseline_last,y_XLF,8,2025-03-04,0.005809202445479,-0.03517589404733923
baseline_last,y_XLF,9,2025-03-04,0.005809202445479,-0.03517589404733923
baseline_last,y_XLF,10,2025-03-04,0.005809202445479,-0.03517589404733923
baseline_last,y_XLF,8,2025-03-05,-0.016530514649694128,0.005809202445479
baseline_last,y_XLF,9,2025-03-05,-0.016530514649694128,0.005809202445479
baseline_last,y_XLF,10,2025-03-05,-0.016530514649694128,0.005809202445479
baseline_last,y_XLF,8,2025-03-06,-0.0052652249052556055,-0.016530514649694128
baseline_last,y_XLF,9,2025-03-06,-0.0052652249052556055,-0.016530514649694128
baseline_last,y_XLF,10,2025-03-06,-0.0052652249052556055,-0.016530514649694128
baseline_last,y_XLF,8,2025-03-10,-0.008538137535184398,0.0
baseline_last,y_XLF,9,2025-03-10,-0.008538137535184398,0.0
baseline_last,y_XLF,10,2025-03-10,-0.008538137535184398,0.0
baseline_last,y_XLF,8,2025-03-11,0.0014702644737538684,-0.008538137535184398
baseline_last,y_XLF,9,2025-03-11,0.0014702644737538684,-0.008538137535184398
baseline_last,y_XLF,10,2025-03-11,0.0014702644737538684,-0.008538137535184398
baseline_last,y_XLF,8,2025-03-12,-0.005452953441782871,0.0014702644737538684
baseline_last,y_XLF,9,2025-03-12,-0.005452953441782871,0.0014702644737538684
baseline_last,y_XLF,10,2025-03-12,-0.005452953441782871,0.0014702644737538684
baseline_last,y_XLF,8,2025-03-13,0.023196960382544374,-0.005452953441782871
baseline_last,y_XLF,9,2025-03-13,0.023196960382544374,-0.005452953441782871
baseline_last,y_XLF,10,2025-03-13,0.023196960382544374,-0.005452953441782871
baseline_last,y_XLF,8,2025-03-17,-0.0012222662832334086,0.0
baseline_last,y_XLF,9,2025-03-17,-0.0012222662832334086,0.0
baseline_last,y_XLF,10,2025-03-17,-0.0012222662832334086,0.0
baseline_last,y_XLF,8,2025-03-18,0.011013779530664847,-0.0012222662832334086
baseline_last,y_XLF,9,2025-03-18,0.011013779530664847,-0.0012222662832334086
baseline_last,y_XLF,10,2025-03-18,0.011013779530664847,-0.0012222662832334086
baseline_last,y_XLF,8,2025-03-19,0.0014121300551648286,0.011013779530664847
baseline_last,y_XLF,9,2025-03-19,0.0014121300551648286,0.011013779530664847
baseline_last,y_XLF,10,2025-03-19,0.0014121300551648286,0.011013779530664847
baseline_last,y_XLF,8,2025-03-20,-0.0036262491820679976,0.0014121300551648286
baseline_last,y_XLF,9,2025-03-20,-0.0036262491820679976,0.0014121300551648286
baseline_last,y_XLF,10,2025-03-20,-0.0036262491820679976,0.0014121300551648286
baseline_last,y_XLF,9,2025-03-24,0.005583274950086814,0.0
baseline_last,y_XLF,10,2025-03-24,0.005583274950086814,0.0
baseline_last,y_XLF,11,2025-03-24,0.005583274950086814,0.0
baseline_last,y_XLF,9,2025-03-25,-0.002974443991111797,0.005583274950086814
baseline_last,y_XLF,10,2025-03-25,-0.002974443991111797,0.005583274950086814
baseline_last,y_XLF,11,2025-03-25,-0.002974443991111797,0.005583274950086814
baseline_last,y_XLF,9,2025-03-26,-0.0019888273705813697,-0.002974443991111797
baseline_last,y_XLF,10,2025-03-26,-0.0019888273705813697,-0.002974443991111797
baseline_last,y_XLF,11,2025-03-26,-0.0019888273705813697,-0.002974443991111797
baseline_last,y_XLF,9,2025-03-27,-0.019330484382996782,-0.0019888273705813697
baseline_last,y_XLF,10,2025-03-27,-0.019330484382996782,-0.0019888273705813697
baseline_last,y_XLF,11,2025-03-27,-0.019330484382996782,-0.0019888273705813697
baseline_last,y_XLF,9,2025-03-31,-0.0012045716002883067,0.0
baseline_last,y_XLF,10,2025-03-31,-0.0012045716002883067,0.0
baseline_last,y_XLF,11,2025-03-31,-0.0012045716002883067,0.0
baseline_last,y_XLF,9,2025-04-01,0.008241153433036663,-0.0012045716002883067
baseline_last,y_XLF,10,2025-04-01,0.008241153433036663,-0.0012045716002883067
baseline_last,y_XLF,11,2025-04-01,0.008241153433036663,-0.0012045716002883067
baseline_last,y_XLF,9,2025-04-02,-0.04924243297310815,0.008241153433036663
baseline_last,y_XLF,10,2025-04-02,-0.04924243297310815,0.008241153433036663
baseline_last,y_XLF,11,2025-04-02,-0.04924243297310815,0.008241153433036663
baseline_last,y_XLF,9,2025-04-03,-0.07318094915166029,-0.04924243297310815
baseline_last,y_XLF,10,2025-04-03,-0.07318094915166029,-0.04924243297310815
baseline_last,y_XLF,11,2025-04-03,-0.07318094915166029,-0.04924243297310815
baseline_last,y_XLF,9,2025-04-07,-0.003855803962615867,0.0
baseline_last,y_XLF,10,2025-04-07,-0.003855803962615867,0.0
baseline_last,y_XLF,11,2025-04-07,-0.003855803962615867,0.0
baseline_last,y_XLF,9,2025-04-08,0.07536430723581367,-0.003855803962615867
baseline_last,y_XLF,10,2025-04-08,0.07536430723581367,-0.003855803962615867
baseline_last,y_XLF,11,2025-04-08,0.07536430723581367,-0.003855803962615867
baseline_last,y_XLF,9,2025-04-09,-0.02794828686912998,0.07536430723581367
baseline_last,y_XLF,10,2025-04-09,-0.02794828686912998,0.07536430723581367
baseline_last,y_XLF,11,2025-04-09,-0.02794828686912998,0.07536430723581367
baseline_last,y_XLF,9,2025-04-10,0.01655402022188146,-0.02794828686912998
baseline_last,y_XLF,10,2025-04-10,0.01655402022188146,-0.02794828686912998
baseline_last,y_XLF,11,2025-04-10,0.01655402022188146,-0.02794828686912998
baseline_last,y_XLF,10,2025-04-14,0.0025450566904061667,0.0
baseline_last,y_XLF,11,2025-04-14,0.0025450566904061667,0.0
baseline_last,y_XLF,12,2025-04-14,0.0025450566904061667,0.0
baseline_last,y_XLF,10,2025-04-15,-0.01565478292714817,0.0025450566904061667
baseline_last,y_XLF,11,2025-04-15,-0.01565478292714817,0.0025450566904061667
baseline_last,y_XLF,12,2025-04-15,-0.01565478292714817,0.0025450566904061667
baseline_last,y_XLF,10,2025-04-16,0.0025790518441681787,-0.01565478292714817
baseline_last,y_XLF,11,2025-04-16,0.0025790518441681787,-0.01565478292714817
baseline_last,y_XLF,12,2025-04-16,0.0025790518441681787,-0.01565478292714817
baseline_last,y_XLF,10,2025-04-21,0.033077705394745305,0.0
baseline_last,y_XLF,11,2025-04-21,0.033077705394745305,0.0
baseline_last,y_XLF,12,2025-04-21,0.033077705394745305,0.0
baseline_last,y_XLF,10,2025-04-22,0.011874522565940238,0.033077705394745305
baseline_last,y_XLF,11,2025-04-22,0.011874522565940238,0.033077705394745305
baseline_last,y_XLF,12,2025-04-22,0.011874522565940238,0.033077705394745305
baseline_last,y_XLF,10,2025-04-23,0.01110646839711582,0.011874522565940238
baseline_last,y_XLF,11,2025-04-23,0.01110646839711582,0.011874522565940238
baseline_last,y_XLF,12,2025-04-23,0.01110646839711582,0.011874522565940238
baseline_last,y_XLF,10,2025-04-24,-0.004766803158848698,0.01110646839711582
baseline_last,y_XLF,11,2025-04-24,-0.004766803158848698,0.01110646839711582
baseline_last,y_XLF,12,2025-04-24,-0.004766803158848698,0.01110646839711582
baseline_last,y_XLF,10,2025-04-28,0.01037996231970384,0.0
baseline_last,y_XLF,11,2025-04-28,0.01037996231970384,0.0
baseline_last,y_XLF,12,2025-04-28,0.01037996231970384,0.0
baseline_last,y_XLF,10,2025-04-29,0.0018491400109303946,0.01037996231970384
baseline_last,y_XLF,11,2025-04-29,0.0018491400109303946,0.01037996231970384
baseline_last,y_XLF,12,2025-04-29,0.0018491400109303946,0.01037996231970384
baseline_last,y_XLF,10,2025-04-30,-0.00020501930572103255,0.0018491400109303946
baseline_last,y_XLF,11,2025-04-30,-0.00020501930572103255,0.0018491400109303946
baseline_last,y_XLF,12,2025-04-30,-0.00020501930572103255,0.0018491400109303946
baseline_last,y_XLF,10,2025-05-01,0.020717836455749206,-0.00020501930572103255
baseline_last,y_XLF,11,2025-05-01,0.020717836455749206,-0.00020501930572103255
baseline_last,y_XLF,12,2025-05-01,0.020717836455749206,-0.00020501930572103255
baseline_last,y_XLF,11,2025-05-05,-0.0056634554576976415,0.0
baseline_last,y_XLF,12,2025-05-05,-0.0056634554576976415,0.0
baseline_last,y_XLF,13,2025-05-05,-0.0056634554576976415,0.0
baseline_last,y_XLF,11,2025-05-06,0.005899220782641601,-0.0056634554576976415
baseline_last,y_XLF,12,2025-05-06,0.005899220782641601,-0.0056634554576976415
baseline_last,y_XLF,13,2025-05-06,0.005899220782641601,-0.0056634554576976415
baseline_last,y_XLF,11,2025-05-07,0.008291072144025469,0.005899220782641601
baseline_last,y_XLF,12,2025-05-07,0.008291072144025469,0.005899220782641601
baseline_last,y_XLF,13,2025-05-07,0.008291072144025469,0.005899220782641601
baseline_last,y_XLF,11,2025-05-08,0.0,0.008291072144025469
baseline_last,y_XLF,12,2025-05-08,0.0,0.008291072144025469
baseline_last,y_XLF,13,2025-05-08,0.0,0.008291072144025469
baseline_last,y_XLF,11,2025-05-12,0.004128264143450577,0.0
baseline_last,y_XLF,12,2025-05-12,0.004128264143450577,0.0
baseline_last,y_XLF,13,2025-05-12,0.004128264143450577,0.0
baseline_last,y_XLF,11,2025-05-13,-0.0027408107995550157,0.004128264143450577
baseline_last,y_XLF,12,2025-05-13,-0.0027408107995550157,0.004128264143450577
baseline_last,y_XLF,13,2025-05-13,-0.0027408107995550157,0.004128264143450577
baseline_last,y_XLF,11,2025-05-14,0.006674537665802616,-0.0027408107995550157
baseline_last,y_XLF,12,2025-05-14,0.006674537665802616,-0.0027408107995550157
baseline_last,y_XLF,13,2025-05-14,0.006674537665802616,-0.0027408107995550157
baseline_last,y_XLF,11,2025-05-15,0.006045225410478139,0.006674537665802616
baseline_last,y_XLF,12,2025-05-15,0.006045225410478139,0.006674537665802616
baseline_last,y_XLF,13,2025-05-15,0.006045225410478139,0.006674537665802616
baseline_last,y_XLF,11,2025-05-19,-0.005424203632017788,0.0
baseline_last,y_XLF,12,2025-05-19,-0.005424203632017788,0.0
baseline_last,y_XLF,13,2025-05-19,-0.005424203632017788,0.0
baseline_last,y_XLF,11,2025-05-20,-0.020451904219941586,-0.005424203632017788
baseline_last,y_XLF,12,2025-05-20,-0.020451904219941586,-0.005424203632017788
baseline_last,y_XLF,13,2025-05-20,-0.020451904219941586,-0.005424203632017788
baseline_last,y_XLF,11,2025-05-21,-0.0011930744514782043,-0.020451904219941586
baseline_last,y_XLF,12,2025-05-21,-0.0011930744514782043,-0.020451904219941586
baseline_last,y_XLF,13,2025-05-21,-0.0011930744514782043,-0.020451904219941586
baseline_last,y_XLF,11,2025-05-22,-0.0035834987352220127,-0.0011930744514782043
baseline_last,y_XLF,12,2025-05-22,-0.0035834987352220127,-0.0011930744514782043
baseline_last,y_XLF,13,2025-05-22,-0.0035834987352220127,-0.0011930744514782043
baseline_last,y_XLF,12,2025-05-27,-0.006675923438676401,0.0
baseline_last,y_XLF,13,2025-05-27,-0.006675923438676401,0.0
baseline_last,y_XLF,14,2025-05-27,-0.006675923438676401,0.0
baseline_last,y_XLF,12,2025-05-28,0.00513935665791454,-0.006675923438676401
baseline_last,y_XLF,13,2025-05-28,0.00513935665791454,-0.006675923438676401
baseline_last,y_XLF,14,2025-05-28,0.00513935665791454,-0.006675923438676401
baseline_last,y_XLF,12,2025-05-29,0.0021632022942388307,0.00513935665791454
baseline_last,y_XLF,13,2025-05-29,0.0021632022942388307,0.00513935665791454
baseline_last,y_XLF,14,2025-05-29,0.0021632022942388307,0.00513935665791454
baseline_last,y_XLF,12,2025-06-02,0.0019615946542179685,0.0
baseline_last,y_XLF,13,2025-06-02,0.0019615946542179685,0.0
baseline_last,y_XLF,14,2025-06-02,0.0019615946542179685,0.0
baseline_last,y_XLF,12,2025-06-03,-0.005677404577111744,0.0019615946542179685
baseline_last,y_XLF,13,2025-06-03,-0.005677404577111744,0.0019615946542179685
baseline_last,y_XLF,14,2025-06-03,-0.005677404577111744,0.0019615946542179685
baseline_last,y_XLF,12,2025-06-04,-0.002756384463087791,-0.005677404577111744
baseline_last,y_XLF,13,2025-06-04,-0.002756384463087791,-0.005677404577111744
baseline_last,y_XLF,14,2025-06-04,-0.002756384463087791,-0.005677404577111744
baseline_last,y_XLF,12,2025-06-05,0.012438280336126928,-0.002756384463087791
baseline_last,y_XLF,13,2025-06-05,0.012438280336126928,-0.002756384463087791
baseline_last,y_XLF,14,2025-06-05,0.012438280336126928,-0.002756384463087791
baseline_last,y_XLF,12,2025-06-09,0.0011763893340901443,0.0
baseline_last,y_XLF,13,2025-06-09,0.0011763893340901443,0.0
baseline_last,y_XLF,14,2025-06-09,0.0011763893340901443,0.0
baseline_last,y_XLF,12,2025-06-10,-0.001175007068307532,0.0011763893340901443
baseline_last,y_XLF,13,2025-06-10,-0.001175007068307532,0.0011763893340901443
baseline_last,y_XLF,14,2025-06-10,-0.001175007068307532,0.0011763893340901443
baseline_last,y_XLF,12,2025-06-11,0.0,-0.001175007068307532
baseline_last,y_XLF,13,2025-06-11,0.0,-0.001175007068307532
baseline_last,y_XLF,14,2025-06-11,0.0,-0.001175007068307532
baseline_last,y_XLF,12,2025-06-12,-0.020392310125487034,0.0
baseline_last,y_XLF,13,2025-06-12,-0.020392310125487034,0.0
baseline_last,y_XLF,14,2025-06-12,-0.020392310125487034,0.0
baseline_last,y_XLF,13,2025-07-02,0.010832376216637796,0.0
baseline_last,y_XLF,14,2025-07-02,0.010832376216637796,0.0
baseline_last,y_XLF,15,2025-07-02,0.010832376216637796,0.0
baseline_last,y_XLF,13,2025-07-07,-0.008921812751726876,0.0
baseline_last,y_XLF,14,2025-07-07,-0.008921812751726876,0.0
baseline_last,y_XLF,15,2025-07-07,-0.008921812751726876,0.0
baseline_last,y_XLF,13,2025-07-08,0.0036391471929884123,-0.008921812751726876
baseline_last,y_XLF,14,2025-07-08,0.0036391471929884123,-0.008921812751726876
baseline_last,y_XLF,15,2025-07-08,0.0036391471929884123,-0.008921812751726876
baseline_last,y_XLF,13,2025-07-09,0.005916038227475218,0.0036391471929884123
baseline_last,y_XLF,14,2025-07-09,0.005916038227475218,0.0036391471929884123
baseline_last,y_XLF,15,2025-07-09,0.005916038227475218,0.0036391471929884123
baseline_last,y_XLF,13,2025-07-10,-0.010434480257143774,0.005916038227475218
baseline_last,y_XLF,14,2025-07-10,-0.010434480257143774,0.005916038227475218
baseline_last,y_XLF,15,2025-07-10,-0.010434480257143774,0.005916038227475218
baseline_last,y_XLF,13,2025-07-14,-0.017126440099849094,0.0
baseline_last,y_XLF,14,2025-07-14,-0.017126440099849094,0.0
baseline_last,y_XLF,15,2025-07-14,-0.017126440099849094,0.0
baseline_last,y_XLF,13,2025-07-15,0.006969946409623118,-0.017126440099849094
baseline_last,y_XLF,14,2025-07-15,0.006969946409623118,-0.017126440099849094
baseline_last,y_XLF,15,2025-07-15,0.006969946409623118,-0.017126440099849094
baseline_last,y_XLF,13,2025-07-16,0.009613541353136856,0.006969946409623118
baseline_last,y_XLF,14,2025-07-16,0.009613541353136856,0.006969946409623118
baseline_last,y_XLF,15,2025-07-16,0.009613541353136856,0.006969946409623118
baseline_last,y_XLF,13,2025-07-17,0.0005713771219928443,0.009613541353136856
baseline_last,y_XLF,14,2025-07-17,0.0005713771219928443,0.009613541353136856
baseline_last,y_XLF,15,2025-07-17,0.0005713771219928443,0.009613541353136856
baseline_last,y_XLF,13,2025-07-21,0.005535450296628053,0.0
baseline_last,y_XLF,14,2025-07-21,0.005535450296628053,0.0
baseline_last,y_XLF,15,2025-07-21,0.005535450296628053,0.0
baseline_last,y_XLF,13,2025-07-22,0.007972590665472623,0.005535450296628053
baseline_last,y_XLF,14,2025-07-22,0.007972590665472623,0.005535450296628053
baseline_last,y_XLF,15,2025-07-22,0.007972590665472623,0.005535450296628053
baseline_last,y_XLF,13,2025-07-23,-0.0005649561824438987,0.007972590665472623
baseline_last,y_XLF,14,2025-07-23,-0.0005649561824438987,0.007972590665472623
baseline_last,y_XLF,15,2025-07-23,-0.0005649561824438987,0.007972590665472623
baseline_last,y_XLF,14,2025-07-24,0.006971972870247756,-0.0005649561824438987
baseline_last,y_XLF,15,2025-07-24,0.006971972870247756,-0.0005649561824438987
baseline_last,y_XLF,16,2025-07-24,0.006971972870247756,-0.0005649561824438987
baseline_last,y_XLF,14,2025-07-28,-0.0050876245835156375,0.0
baseline_last,y_XLF,15,2025-07-28,-0.0050876245835156375,0.0
baseline_last,y_XLF,16,2025-07-28,-0.0050876245835156375,0.0
baseline_last,y_XLF,14,2025-07-29,-0.0018939114279084013,-0.0050876245835156375
baseline_last,y_XLF,15,2025-07-29,-0.0018939114279084013,-0.0050876245835156375
baseline_last,y_XLF,16,2025-07-29,-0.0018939114279084013,-0.0050876245835156375
baseline_last,y_XLF,14,2025-07-30,-0.006261905410859248,-0.0018939114279084013
baseline_last,y_XLF,15,2025-07-30,-0.006261905410859248,-0.0018939114279084013
baseline_last,y_XLF,16,2025-07-30,-0.006261905410859248,-0.0018939114279084013
baseline_last,y_XLF,14,2025-07-31,-0.01852193545538805,-0.006261905410859248
baseline_last,y_XLF,15,2025-07-31,-0.01852193545538805,-0.006261905410859248
baseline_last,y_XLF,16,2025-07-31,-0.01852193545538805,-0.006261905410859248
baseline_last,y_XLF,14,2025-08-04,-0.004045425546168935,0.0
baseline_last,y_XLF,15,2025-08-04,-0.004045425546168935,0.0
baseline_last,y_XLF,16,2025-08-04,-0.004045425546168935,0.0
baseline_last,y_XLF,14,2025-08-05,0.004835555241239353,-0.004045425546168935
baseline_last,y_XLF,15,2025-08-05,0.004835555241239353,-0.004045425546168935
baseline_last,y_XLF,16,2025-08-05,0.004835555241239353,-0.004045425546168935
baseline_last,y_XLF,14,2025-08-06,-0.011164667197282374,0.004835555241239353
baseline_last,y_XLF,15,2025-08-06,-0.011164667197282374,0.004835555241239353
baseline_last,y_XLF,16,2025-08-06,-0.011164667197282374,0.004835555241239353
baseline_last,y_XLF,14,2025-08-07,0.009344016823716217,-0.011164667197282374
baseline_last,y_XLF,15,2025-08-07,0.009344016823716217,-0.011164667197282374
baseline_last,y_XLF,16,2025-08-07,0.009344016823716217,-0.011164667197282374
baseline_last,y_XLF,14,2025-08-11,0.012155008255541278,0.0
baseline_last,y_XLF,15,2025-08-11,0.012155008255541278,0.0
baseline_last,y_XLF,16,2025-08-11,0.012155008255541278,0.0
baseline_last,y_XLF,14,2025-08-12,0.005718631499386673,0.012155008255541278
baseline_last,y_XLF,15,2025-08-12,0.005718631499386673,0.012155008255541278
baseline_last,y_XLF,16,2025-08-12,0.005718631499386673,0.012155008255541278
baseline_last,y_XLF,15,2025-08-13,0.00473847745019329,0.005718631499386673
baseline_last,y_XLF,16,2025-08-13,0.00473847745019329,0.005718631499386673
baseline_last,y_XLF,17,2025-08-13,0.00473847745019329,0.005718631499386673
baseline_last,y_XLF,15,2025-08-14,-0.010375428421309896,0.00473847745019329
baseline_last,y_XLF,16,2025-08-14,-0.010375428421309896,0.00473847745019329
baseline_last,y_XLF,17,2025-08-14,-0.010375428421309896,0.00473847745019329
baseline_last,y_XLF,15,2025-08-18,0.0019047337575488488,0.0
baseline_last,y_XLF,16,2025-08-18,0.0019047337575488488,0.0
baseline_last,y_XLF,17,2025-08-18,0.0019047337575488488,0.0
baseline_last,y_XLF,15,2025-08-19,0.005133084456511172,0.0019047337575488488
baseline_last,y_XLF,16,2025-08-19,0.005133084456511172,0.0019047337575488488
baseline_last,y_XLF,17,2025-08-19,0.005133084456511172,0.0019047337575488488
baseline_last,y_XLF,15,2025-08-20,-0.0032153939080915572,0.005133084456511172
baseline_last,y_XLF,16,2025-08-20,-0.0032153939080915572,0.005133084456511172
baseline_last,y_XLF,17,2025-08-20,-0.0032153939080915572,0.005133084456511172
baseline_last,y_XLF,15,2025-08-21,0.016508520590230225,-0.0032153939080915572
baseline_last,y_XLF,16,2025-08-21,0.016508520590230225,-0.0032153939080915572
baseline_last,y_XLF,17,2025-08-21,0.016508520590230225,-0.0032153939080915572
baseline_last,y_XLF,15,2025-08-25,0.007698064923114201,0.0
baseline_last,y_XLF,16,2025-08-25,0.007698064923114201,0.0
baseline_last,y_XLF,17,2025-08-25,0.007698064923114201,0.0
baseline_last,y_XLF,15,2025-08-26,0.002049553378982827,0.007698064923114201
baseline_last,y_XLF,16,2025-08-26,0.002049553378982827,0.007698064923114201
baseline_last,y_XLF,17,2025-08-26,0.002049553378982827,0.007698064923114201
baseline_last,y_XLF,15,2025-08-27,0.0013015870635415538,0.002049553378982827
baseline_last,y_XLF,16,2025-08-27,0.0013015870635415538,0.002049553378982827
baseline_last,y_XLF,17,2025-08-27,0.0013015870635415538,0.002049553378982827
baseline_last,y_XLF,15,2025-08-28,0.0025999329155401707,0.0013015870635415538
baseline_last,y_XLF,16,2025-08-28,0.0025999329155401707,0.0013015870635415538
baseline_last,y_XLF,17,2025-08-28,0.0025999329155401707,0.0013015870635415538
baseline_last,y_XLF,15,2025-09-02,-0.0016794430905363589,0.0
baseline_last,y_XLF,16,2025-09-02,-0.0016794430905363589,0.0
baseline_last,y_XLF,17,2025-09-02,-0.0016794430905363589,0.0
baseline_last,y_XLF,16,2025-09-03,0.010467335931992894,-0.0016794430905363589
baseline_last,y_XLF,17,2025-09-03,0.010467335931992894,-0.0016794430905363589
baseline_last,y_XLF,18,2025-09-03,0.010467335931992894,-0.0016794430905363589
baseline_last,y_XLF,16,2025-09-04,-0.018313047823674156,0.010467335931992894
baseline_last,y_XLF,17,2025-09-04,-0.018313047823674156,0.010467335931992894
baseline_last,y_XLF,18,2025-09-04,-0.018313047823674156,0.010467335931992894
baseline_last,y_XLF,16,2025-09-08,0.004330635321832199,0.0
baseline_last,y_XLF,17,2025-09-08,0.004330635321832199,0.0
baseline_last,y_XLF,18,2025-09-08,0.004330635321832199,0.0
baseline_last,y_XLF,16,2025-09-09,-0.0033746288793868873,0.004330635321832199
baseline_last,y_XLF,17,2025-09-09,-0.0033746288793868873,0.004330635321832199
baseline_last,y_XLF,18,2025-09-09,-0.0033746288793868873,0.004330635321832199
baseline_last,y_XLF,16,2025-09-10,0.016365670303610802,-0.0033746288793868873
baseline_last,y_XLF,17,2025-09-10,0.016365670303610802,-0.0033746288793868873
baseline_last,y_XLF,18,2025-09-10,0.016365670303610802,-0.0033746288793868873
baseline_last,y_XLF,16,2025-09-11,-0.004256895383629167,0.016365670303610802
baseline_last,y_XLF,17,2025-09-11,-0.004256895383629167,0.016365670303610802
baseline_last,y_XLF,18,2025-09-11,-0.004256895383629167,0.016365670303610802
baseline_last,y_XLF,16,2025-09-15,-0.0022354078181178183,0.0
baseline_last,y_XLF,17,2025-09-15,-0.0022354078181178183,0.0
baseline_last,y_XLF,18,2025-09-15,-0.0022354078181178183,0.0
baseline_last,y_XLF,16,2025-09-16,0.009708708624296847,-0.0022354078181178183
baseline_last,y_XLF,17,2025-09-16,0.009708708624296847,-0.0022354078181178183
baseline_last,y_XLF,18,2025-09-16,0.009708708624296847,-0.0022354078181178183
baseline_last,y_XLF,16,2025-09-17,0.0009245780383209112,0.009708708624296847
baseline_last,y_XLF,17,2025-09-17,0.0009245780383209112,0.009708708624296847
baseline_last,y_XLF,18,2025-09-17,0.0009245780383209112,0.009708708624296847
baseline_last,y_XLF,16,2025-09-18,0.0022168240370024073,0.0009245780383209112
baseline_last,y_XLF,17,2025-09-18,0.0022168240370024073,0.0009245780383209112
baseline_last,y_XLF,18,2025-09-18,0.0022168240370024073,0.0009245780383209112
baseline_last,y_XLF,16,2025-09-22,-0.004444484457596043,0.0
baseline_last,y_XLF,17,2025-09-22,-0.004444484457596043,0.0
baseline_last,y_XLF,18,2025-09-22,-0.004444484457596043,0.0
baseline_last,y_XLF,17,2025-09-23,-0.002790132597520034,-0.004444484457596043
baseline_last,y_XLF,18,2025-09-23,-0.002790132597520034,-0.004444484457596043
baseline_last,y_XLF,19,2025-09-23,-0.002790132597520034,-0.004444484457596043
baseline_last,y_XLF,17,2025-09-24,-0.002611428979049979,-0.002790132597520034
baseline_last,y_XLF,18,2025-09-24,-0.002611428979049979,-0.002790132597520034
baseline_last,y_XLF,19,2025-09-24,-0.002611428979049979,-0.002790132597520034
baseline_last,y_XLF,17,2025-09-25,0.0072938034672198615,-0.002611428979049979
baseline_last,y_XLF,18,2025-09-25,0.0072938034672198615,-0.002611428979049979
baseline_last,y_XLF,19,2025-09-25,0.0072938034672198615,-0.002611428979049979
baseline_last,y_XLF,17,2025-09-29,-0.00480324753845951,0.0
baseline_last,y_XLF,18,2025-09-29,-0.00480324753845951,0.0
baseline_last,y_XLF,19,2025-09-29,-0.00480324753845951,0.0
baseline_last,y_XLF,17,2025-09-30,-0.008910348848141014,-0.00480324753845951
baseline_last,y_XLF,18,2025-09-30,-0.008910348848141014,-0.00480324753845951
baseline_last,y_XLF,19,2025-09-30,-0.008910348848141014,-0.00480324753845951
baseline_last,y_XLF,17,2025-10-01,-0.0007491868214818398,-0.008910348848141014
baseline_last,y_XLF,18,2025-10-01,-0.0007491868214818398,-0.008910348848141014
baseline_last,y_XLF,19,2025-10-01,-0.0007491868214818398,-0.008910348848141014
baseline_last,y_XLF,17,2025-10-02,0.0069353711606781054,-0.0007491868214818398
baseline_last,y_XLF,18,2025-10-02,0.0069353711606781054,-0.0007491868214818398
baseline_last,y_XLF,19,2025-10-02,0.0069353711606781054,-0.0007491868214818398
baseline_last,y_XLF,17,2025-10-06,0.0013035261215625926,0.0
baseline_last,y_XLF,18,2025-10-06,0.0013035261215625926,0.0
baseline_last,y_XLF,19,2025-10-06,0.0013035261215625926,0.0
baseline_last,y_XLF,17,2025-10-07,-0.004835406107903895,0.0013035261215625926
baseline_last,y_XLF,18,2025-10-07,-0.004835406107903895,0.0013035261215625926
baseline_last,y_XLF,19,2025-10-07,-0.004835406107903895,0.0013035261215625926
baseline_last,y_XLF,17,2025-10-08,-0.003550746254775916,-0.004835406107903895
baseline_last,y_XLF,18,2025-10-08,-0.003550746254775916,-0.004835406107903895
baseline_last,y_XLF,19,2025-10-08,-0.003550746254775916,-0.004835406107903895
baseline_last,y_XLF,17,2025-10-09,-0.02175544316840261,-0.003550746254775916
baseline_last,y_XLF,18,2025-10-09,-0.02175544316840261,-0.003550746254775916
baseline_last,y_XLF,19,2025-10-09,-0.02175544316840261,-0.003550746254775916
baseline_last,y_XLF,18,2025-10-13,0.011014054233861925,0.0
baseline_last,y_XLF,19,2025-10-13,0.011014054233861925,0.0
baseline_last,y_XLF,20,2025-10-13,0.011014054233861925,0.0
baseline_last,y_XLF,18,2025-10-14,0.0,0.011014054233861925
baseline_last,y_XLF,19,2025-10-14,0.0,0.011014054233861925
baseline_last,y_XLF,20,2025-10-14,0.0,0.011014054233861925
baseline_last,y_XLF,18,2025-10-15,-0.027798729042364134,0.0
baseline_last,y_XLF,19,2025-10-15,-0.027798729042364134,0.0
baseline_last,y_XLF,20,2025-10-15,-0.027798729042364134,0.0
baseline_last,y_XLF,18,2025-10-16,0.008114447448343665,-0.027798729042364134
baseline_last,y_XLF,19,2025-10-16,0.008114447448343665,-0.027798729042364134
baseline_last,y_XLF,20,2025-10-16,0.008114447448343665,-0.027798729042364134
baseline_last,y_XLF,18,2025-10-20,-0.0011365890899049935,0.0
baseline_last,y_XLF,19,2025-10-20,-0.0011365890899049935,0.0
baseline_last,y_XLF,20,2025-10-20,-0.0011365890899049935,0.0
baseline_last,y_XLF,18,2025-10-21,-0.005689339376291791,-0.0011365890899049935
baseline_last,y_XLF,19,2025-10-21,-0.005689339376291791,-0.0011365890899049935
baseline_last,y_XLF,20,2025-10-21,-0.005689339376291791,-0.0011365890899049935
baseline_last,y_XLF,18,2025-10-22,0.002098005591420371,-0.005689339376291791
baseline_last,y_XLF,19,2025-10-22,0.002098005591420371,-0.005689339376291791
baseline_last,y_XLF,20,2025-10-22,0.002098005591420371,-0.005689339376291791
baseline_last,y_XLF,18,2025-10-23,0.010848901674569866,0.002098005591420371
baseline_last,y_XLF,19,2025-10-23,0.010848901674569866,0.002098005591420371
baseline_last,y_XLF,20,2025-10-23,0.010848901674569866,0.002098005591420371
baseline_last,y_XLF,18,2025-10-27,-0.006375431586477465,0.0
baseline_last,y_XLF,19,2025-10-27,-0.006375431586477465,0.0
baseline_last,y_XLF,20,2025-10-27,-0.006375431586477465,0.0
baseline_last,y_XLF,18,2025-10-28,-0.016984344737958068,-0.006375431586477465
baseline_last,y_XLF,19,2025-10-28,-0.016984344737958068,-0.006375431586477465
baseline_last,y_XLF,20,2025-10-28,-0.016984344737958068,-0.006375431586477465
baseline_last,y_XLF,18,2025-10-29,0.0026876311498889027,-0.016984344737958068
baseline_last,y_XLF,19,2025-10-29,0.0026876311498889027,-0.016984344737958068
baseline_last,y_XLF,20,2025-10-29,0.0026876311498889027,-0.016984344737958068
baseline_last,y_XLF,18,2025-10-30,0.0026804271503846344,0.0026876311498889027
baseline_last,y_XLF,19,2025-10-30,0.0026804271503846344,0.0026876311498889027
baseline_last,y_XLF,20,2025-10-30,0.0026804271503846344,0.0026876311498889027
baseline_last,y_XLF,19,2025-11-03,0.005177346050075249,0.0
baseline_last,y_XLF,20,2025-11-03,0.005177346050075249,0.0
baseline_last,y_XLF,21,2025-11-03,0.005177346050075249,0.0
baseline_last,y_XLF,19,2025-11-04,0.0034337617922599595,0.005177346050075249
baseline_last,y_XLF,20,2025-11-04,0.0034337617922599595,0.005177346050075249
baseline_last,y_XLF,21,2025-11-04,0.0034337617922599595,0.005177346050075249
baseline_last,y_XLF,19,2025-11-05,-0.0036121029501375856,0.0034337617922599595
baseline_last,y_XLF,20,2025-11-05,-0.0036121029501375856,0.0034337617922599595
baseline_last,y_XLF,21,2025-11-05,-0.0036121029501375856,0.0034337617922599595
baseline_last,y_XLF,19,2025-11-06,0.0070596874644843766,-0.0036121029501375856
baseline_last,y_XLF,20,2025-11-06,0.0070596874644843766,-0.0036121029501375856
baseline_last,y_XLF,21,2025-11-06,0.0070596874644843766,-0.0036121029501375856
baseline_last,y_XLF,19,2025-11-10,0.004530762485396522,0.0
baseline_last,y_XLF,20,2025-11-10,0.004530762485396522,0.0
baseline_last,y_XLF,21,2025-11-10,0.004530762485396522,0.0
baseline_last,y_XLF,19,2025-11-11,0.00864497377716722,0.004530762485396522
baseline_last,y_XLF,20,2025-11-11,0.00864497377716722,0.004530762485396522
baseline_last,y_XLF,21,2025-11-11,0.00864497377716722,0.004530762485396522
baseline_last,y_XLF,19,2025-11-12,-0.012856318132623112,0.00864497377716722
baseline_last,y_XLF,20,2025-11-12,-0.012856318132623112,0.00864497377716722
baseline_last,y_XLF,21,2025-11-12,-0.012856318132623112,0.00864497377716722
baseline_last,y_XLF,19,2025-11-13,-0.010003744937596704,-0.012856318132623112
baseline_last,y_XLF,20,2025-11-13,-0.010003744937596704,-0.012856318132623112
baseline_last,y_XLF,21,2025-11-13,-0.010003744937596704,-0.012856318132623112
baseline_last,y_XLF,19,2025-11-17,-0.0015549464767765642,0.0
baseline_last,y_XLF,20,2025-11-17,-0.0015549464767765642,0.0
baseline_last,y_XLF,21,2025-11-17,-0.0015549464767765642,0.0
baseline_last,y_XLF,19,2025-11-18,0.003698739924594463,-0.0015549464767765642
baseline_last,y_XLF,20,2025-11-18,0.003698739924594463,-0.0015549464767765642
baseline_last,y_XLF,21,2025-11-18,0.003698739924594463,-0.0015549464767765642
baseline_last,y_XLF,19,2025-11-19,-0.00872769983376731,0.003698739924594463
baseline_last,y_XLF,20,2025-11-19,-0.00872769983376731,0.003698739924594463
baseline_last,y_XLF,21,2025-11-19,-0.00872769983376731,0.003698739924594463
baseline_last,y_XLF,19,2025-11-20,0.010956658404933206,-0.00872769983376731
baseline_last,y_XLF,20,2025-11-20,0.010956658404933206,-0.00872769983376731
baseline_last,y_XLF,21,2025-11-20,0.010956658404933206,-0.00872769983376731
baseline_last,y_XLF,20,2025-11-24,0.012526487841339362,0.0
baseline_last,y_XLF,21,2025-11-24,0.012526487841339362,0.0
baseline_last,y_XLF,22,2025-11-24,0.012526487841339362,0.0
baseline_last,y_XLF,20,2025-11-25,0.007803599776059489,0.012526487841339362
baseline_last,y_XLF,21,2025-11-25,0.007803599776059489,0.012526487841339362
baseline_last,y_XLF,22,2025-11-25,0.007803599776059489,0.012526487841339362
baseline_last,y_XLF,20,2025-12-01,-0.0009453909008985129,0.0
baseline_last,y_XLF,21,2025-12-01,-0.0009453909008985129,0.0
baseline_last,y_XLF,22,2025-12-01,-0.0009453909008985129,0.0
baseline_last,y_XLF,20,2025-12-02,0.013436790598289061,-0.0009453909008985129
baseline_last,y_XLF,21,2025-12-02,0.013436790598289061,-0.0009453909008985129
baseline_last,y_XLF,22,2025-12-02,0.013436790598289061,-0.0009453909008985129
baseline_last,y_XLF,20,2025-12-03,0.0020541973257548474,0.013436790598289061
baseline_last,y_XLF,21,2025-12-03,0.0020541973257548474,0.013436790598289061
baseline_last,y_XLF,22,2025-12-03,0.0020541973257548474,0.013436790598289061
baseline_last,y_XLF,20,2025-12-04,0.0003726728900093068,0.0020541973257548474
baseline_last,y_XLF,21,2025-12-04,0.0003726728900093068,0.0020541973257548474
baseline_last,y_XLF,22,2025-12-04,0.0003726728900093068,0.0020541973257548474
baseline_last,y_XLF,20,2025-12-08,-0.003739701701419018,0.0
baseline_last,y_XLF,21,2025-12-08,-0.003739701701419018,0.0
baseline_last,y_XLF,22,2025-12-08,-0.003739701701419018,0.0
baseline_last,y_XLF,20,2025-12-09,0.011448955974568076,-0.003739701701419018
baseline_last,y_XLF,21,2025-12-09,0.011448955974568076,-0.003739701701419018
baseline_last,y_XLF,22,2025-12-09,0.011448955974568076,-0.003739701701419018
baseline_last,y_XLF,20,2025-12-10,0.01818516582706664,0.011448955974568076
baseline_last,y_XLF,21,2025-12-10,0.01818516582706664,0.011448955974568076
baseline_last,y_XLF,22,2025-12-10,0.01818516582706664,0.011448955974568076
baseline_last,y_XLF,20,2025-12-11,0.0014580279932445706,0.01818516582706664
baseline_last,y_XLF,21,2025-12-11,0.0014580279932445706,0.01818516582706664
baseline_last,y_XLF,22,2025-12-11,0.0014580279932445706,0.01818516582706664
baseline_last,y_XLF,21,2025-12-15,-0.006364804346536745,0.0
baseline_last,y_XLF,22,2025-12-15,-0.006364804346536745,0.0
baseline_last,y_XLF,23,2025-12-15,-0.006364804346536745,0.0
baseline_last,y_XLF,21,2025-12-16,-0.00018299439786328975,-0.006364804346536745
baseline_last,y_XLF,22,2025-12-16,-0.00018299439786328975,-0.006364804346536745
baseline_last,y_XLF,23,2025-12-16,-0.00018299439786328975,-0.006364804346536745
baseline_last,y_XLF,21,2025-12-17,-0.0016474612342792794,-0.00018299439786328975
baseline_last,y_XLF,22,2025-12-17,-0.0016474612342792794,-0.00018299439786328975
baseline_last,y_XLF,23,2025-12-17,-0.0016474612342792794,-0.00018299439786328975
baseline_last,y_XLF,21,2025-12-18,0.005500529284427902,-0.0016474612342792794
baseline_last,y_XLF,22,2025-12-18,0.005500529284427902,-0.0016474612342792794
baseline_last,y_XLF,23,2025-12-18,0.005500529284427902,-0.0016474612342792794
baseline_last,y_XLF,21,2025-12-23,0.0054122178497000295,0.0
baseline_last,y_XLF,22,2025-12-23,0.0054122178497000295,0.0
baseline_last,y_XLF,23,2025-12-23,0.0054122178497000295,0.0
baseline_last,y_XLF,21,2025-12-29,-0.0025307192773093012,0.0
baseline_last,y_XLF,22,2025-12-29,-0.0025307192773093012,0.0
baseline_last,y_XLF,23,2025-12-29,-0.0025307192773093012,0.0
baseline_last,y_XLF,21,2025-12-30,-0.00743022553723427,-0.0025307192773093012
baseline_last,y_XLF,22,2025-12-30,-0.00743022553723427,-0.0025307192773093012
baseline_last,y_XLF,23,2025-12-30,-0.00743022553723427,-0.0025307192773093012
baseline_last,y_XLF,22,2026-01-05,0.004810269955919377,0.0
baseline_last,y_XLF,23,2026-01-05,0.004810269955919377,0.0
baseline_last,y_XLF,24,2026-01-05,0.004810269955919377,0.0
baseline_last,y_XLF,22,2026-01-06,-0.014007108052379258,0.004810269955919377
baseline_last,y_XLF,23,2026-01-06,-0.014007108052379258,0.004810269955919377
baseline_last,y_XLF,24,2026-01-06,-0.014007108052379258,0.004810269955919377
baseline_last,y_XLF,22,2026-01-07,0.005214905814501236,-0.014007108052379258
baseline_last,y_XLF,23,2026-01-07,0.005214905814501236,-0.014007108052379258
baseline_last,y_XLF,24,2026-01-07,0.005214905814501236,-0.014007108052379258
baseline_last,y_XLF,22,2026-01-08,-0.0030411803041521246,0.005214905814501236
baseline_last,y_XLF,23,2026-01-08,-0.0030411803041521246,0.005214905814501236
baseline_last,y_XLF,24,2026-01-08,-0.0030411803041521246,0.005214905814501236
baseline_last,y_XLF,22,2026-01-12,-0.019171664961816437,0.0
baseline_last,y_XLF,23,2026-01-12,-0.019171664961816437,0.0
baseline_last,y_XLF,24,2026-01-12,-0.019171664961816437,0.0
baseline_last,y_XLF,22,2026-01-13,-0.0014751616638889464,-0.019171664961816437
baseline_last,y_XLF,23,2026-01-13,-0.0014751616638889464,-0.019171664961816437
baseline_last,y_XLF,24,2026-01-13,-0.0014751616638889464,-0.019171664961816437
baseline_last,y_XLF,22,2026-01-14,0.004062740531977971,-0.0014751616638889464
baseline_last,y_XLF,23,2026-01-14,0.004062740531977971,-0.0014751616638889464
baseline_last,y_XLF,24,2026-01-14,0.004062740531977971,-0.0014751616638889464
baseline_last,y_XLF,22,2026-01-15,0.0012874691226665291,0.004062740531977971
baseline_last,y_XLF,23,2026-01-15,0.0012874691226665291,0.004062740531977971
baseline_last,y_XLF,24,2026-01-15,0.0012874691226665291,0.004062740531977971
baseline_last,y_XLF,22,2026-01-21,0.006546993917177613,0.0
baseline_last,y_XLF,23,2026-01-21,0.006546993917177613,0.0
baseline_last,y_XLF,24,2026-01-21,0.006546993917177613,0.0
baseline_last,y_XLF,22,2026-01-22,-0.01375212153096328,0.006546993917177613
baseline_last,y_XLF,23,2026-01-22,-0.01375212153096328,0.006546993917177613
baseline_last,y_XLF,24,2026-01-22,-0.01375212153096328,0.006546993917177613
baseline_last,y_XLF,23,2026-01-26,-0.007676462246460347,0.0
baseline_last,y_XLF,24,2026-01-26,-0.007676462246460347,0.0
baseline_last,y_XLF,23,2026-01-27,-0.0001886475760981554,-0.007676462246460347
baseline_last,y_XLF,24,2026-01-27,-0.0001886475760981554,-0.007676462246460347
baseline_last,y_XLF,23,2026-01-28,0.010567985296390692,-0.0001886475760981554
baseline_last,y_XLF,24,2026-01-28,0.010567985296390692,-0.0001886475760981554
baseline_last,y_XLF,23,2026-01-29,-0.0020541664223860945,0.010567985296390692
baseline_last,y_XLF,24,2026-01-29,-0.0020541664223860945,0.010567985296390692
baseline_last,y_XLF,23,2026-02-02,-0.00925411829162559,0.0
baseline_last,y_XLF,24,2026-02-02,-0.00925411829162559,0.0
baseline_last,y_XLF,23,2026-02-03,0.008032884643780047,-0.00925411829162559
baseline_last,y_XLF,24,2026-02-03,0.008032884643780047,-0.00925411829162559
baseline_last,y_XLF,23,2026-02-04,-0.012416571169626023,0.008032884643780047
baseline_last,y_XLF,24,2026-02-04,-0.012416571169626023,0.008032884643780047
baseline_last,y_XLF,23,2026-02-05,0.018202240370448708,-0.012416571169626023
baseline_last,y_XLF,24,2026-02-05,0.018202240370448708,-0.012416571169626023
baseline_last,y_XLF,23,2026-02-09,-0.007230244708521738,0.0
baseline_last,y_XLF,24,2026-02-09,-0.007230244708521738,0.0
baseline_last,y_XLF,23,2026-02-10,-0.015126005044518664,-0.007230244708521738
baseline_last,y_XLF,24,2026-02-10,-0.015126005044518664,-0.007230244708521738
baseline_last,y_XLF,23,2026-02-11,-0.01990904471636612,-0.015126005044518664
baseline_last,y_XLF,24,2026-02-11,-0.01990904471636612,-0.015126005044518664
baseline_last,y_XLF,23,2026-02-12,-0.0007737880033411582,-0.01990904471636612
baseline_last,y_XLF,24,2026-02-12,-0.0007737880033411582,-0.01990904471636612
baseline_last,y_XLF,24,2026-02-17,0.0074712525660598494,0.0
baseline_last,y_XLF,24,2026-02-18,-0.008366583484167078,0.0074712525660598494
baseline_last,y_XLF,24,2026-02-19,0.006519657576983473,-0.008366583484167078
baseline_last,y_XLF,24,2026-02-23,0.004928050507705173,0.0
baseline_last,y_XLF,24,2026-02-24,0.017457814783051973,0.004928050507705173
baseline_last,y_XLF,24,2026-02-25,0.012145769830119946,0.017457814783051973
baseline_last,y_XLF,24,2026-02-26,-0.020380946568080316,0.012145769830119946
baseline_last,y_XLF,24,2026-03-02,-0.0017543889654265676,0.0
baseline_last,y_XLF,24,2026-03-03,0.005662974432961265,-0.0017543889654265676
baseline_last,y_XLF,24,2026-03-04,-0.005242727335216912,0.005662974432961265
baseline_last,y_XLF,24,2026-03-05,-0.01288307345909645,-0.005242727335216912
baseline_last,y_XLI,0,2024-08-05,0.012023230410309838,0.0
baseline_last,y_XLI,0,2024-08-06,-0.004834107688075906,0.012023230410309838
baseline_last,y_XLI,0,2024-08-07,0.023052829250552964,-0.004834107688075906
baseline_last,y_XLI,0,2024-08-08,0.00016103872108907957,0.023052829250552964
baseline_last,y_XLI,0,2024-08-12,0.010513542806165566,0.0
baseline_last,y_XLI,0,2024-08-13,0.004081688441829989,0.010513542806165566
baseline_last,y_XLI,0,2024-08-14,0.013470404996042129,0.004081688441829989
baseline_last,y_XLI,0,2024-08-15,-0.0014156087780134996,0.013470404996042129
baseline_last,y_XLI,0,2024-08-19,-0.002739876391770868,0.0
baseline_last,y_XLI,0,2024-08-20,0.006044472315712035,-0.002739876391770868
baseline_last,y_XLI,0,2024-08-21,-0.0012484361841432756,0.006044472315712035
baseline_last,y_XLI,0,2024-08-22,0.009999851952427807,-0.0012484361841432756
baseline_last,y_XLI,0,2024-08-26,0.0006193905286571155,0.0
baseline_last,y_XLI,1,2024-08-26,0.0006193905286571155,0.0
baseline_last,y_XLI,0,2024-08-27,-0.0004643307782870032,0.0006193905286571155
baseline_last,y_XLI,1,2024-08-27,-0.0004643307782870032,0.0006193905286571155
baseline_last,y_XLI,0,2024-08-28,0.0070456015104103376,-0.0004643307782870032
baseline_last,y_XLI,1,2024-08-28,0.0070456015104103376,-0.0004643307782870032
baseline_last,y_XLI,0,2024-08-29,0.010686559368195292,0.0070456015104103376
baseline_last,y_XLI,1,2024-08-29,0.010686559368195292,0.0070456015104103376
baseline_last,y_XLI,0,2024-09-03,0.0010111517885156296,0.0
baseline_last,y_XLI,1,2024-09-03,0.0010111517885156296,0.0
baseline_last,y_XLI,0,2024-09-04,-0.011656800502277354,0.0010111517885156296
baseline_last,y_XLI,1,2024-09-04,-0.011656800502277354,0.0010111517885156296
baseline_last,y_XLI,0,2024-09-05,-0.010143119906909859,-0.011656800502277354
baseline_last,y_XLI,1,2024-09-05,-0.010143119906909859,-0.011656800502277354
baseline_last,y_XLI,0,2024-09-09,0.0017210515247161329,0.0
baseline_last,y_XLI,1,2024-09-09,0.0017210515247161329,0.0
baseline_last,y_XLI,0,2024-09-10,0.0017965413974372346,0.0017210515247161329
baseline_last,y_XLI,1,2024-09-10,0.0017965413974372346,0.0017210515247161329
baseline_last,y_XLI,0,2024-09-11,0.007717895143603881,0.0017965413974372346
baseline_last,y_XLI,1,2024-09-11,0.007717895143603881,0.0017965413974372346
baseline_last,y_XLI,0,2024-09-12,0.010134771722088987,0.007717895143603881
baseline_last,y_XLI,1,2024-09-12,0.010134771722088987,0.007717895143603881
baseline_last,y_XLI,2,2024-09-12,0.010134771722088987,0.007717895143603881
baseline_last,y_XLI,0,2024-09-16,0.005486206819919293,0.0
baseline_last,y_XLI,1,2024-09-16,0.005486206819919293,0.0
baseline_last,y_XLI,2,2024-09-16,0.005486206819919293,0.0
baseline_last,y_XLI,0,2024-09-17,-0.0008337350918438124,0.005486206819919293
baseline_last,y_XLI,1,2024-09-17,-0.0008337350918438124,0.005486206819919293
baseline_last,y_XLI,2,2024-09-17,-0.0008337350918438124,0.005486206819919293
baseline_last,y_XLI,0,2024-09-18,0.01721655229618113,-0.0008337350918438124
baseline_last,y_XLI,1,2024-09-18,0.01721655229618113,-0.0008337350918438124
baseline_last,y_XLI,2,2024-09-18,0.01721655229618113,-0.0008337350918438124
baseline_last,y_XLI,0,2024-09-19,-0.007008783364983562,0.01721655229618113
baseline_last,y_XLI,1,2024-09-19,-0.007008783364983562,0.01721655229618113
baseline_last,y_XLI,2,2024-09-19,-0.007008783364983562,0.01721655229618113
baseline_last,y_XLI,0,2024-09-23,0.007183711321665287,0.0
baseline_last,y_XLI,1,2024-09-23,0.007183711321665287,0.0
baseline_last,y_XLI,2,2024-09-23,0.007183711321665287,0.0
baseline_last,y_XLI,0,2024-09-24,-0.0046806389369561385,0.007183711321665287
baseline_last,y_XLI,1,2024-09-24,-0.0046806389369561385,0.007183711321665287
baseline_last,y_XLI,2,2024-09-24,-0.0046806389369561385,0.007183711321665287
baseline_last,y_XLI,0,2024-09-25,0.005001113434424775,-0.0046806389369561385
baseline_last,y_XLI,1,2024-09-25,0.005001113434424775,-0.0046806389369561385
baseline_last,y_XLI,2,2024-09-25,0.005001113434424775,-0.0046806389369561385
baseline_last,y_XLI,0,2024-09-26,0.0014112222071089864,0.005001113434424775
baseline_last,y_XLI,1,2024-09-26,0.0014112222071089864,0.005001113434424775
baseline_last,y_XLI,2,2024-09-26,0.0014112222071089864,0.005001113434424775
baseline_last,y_XLI,0,2024-09-30,0.0005167562993591002,0.0
baseline_last,y_XLI,1,2024-09-30,0.0005167562993591002,0.0
baseline_last,y_XLI,2,2024-09-30,0.0005167562993591002,0.0
baseline_last,y_XLI,0,2024-10-01,-0.0018448836172246796,0.0005167562993591002
baseline_last,y_XLI,1,2024-10-01,-0.0018448836172246796,0.0005167562993591002
baseline_last,y_XLI,2,2024-10-01,-0.0018448836172246796,0.0005167562993591002
baseline_last,y_XLI,0,2024-10-02,-0.005101225705589241,-0.0018448836172246796
baseline_last,y_XLI,1,2024-10-02,-0.005101225705589241,-0.0018448836172246796
baseline_last,y_XLI,2,2024-10-02,-0.005101225705589241,-0.0018448836172246796
baseline_last,y_XLI,0,2024-10-03,0.006985152046395271,-0.005101225705589241
baseline_last,y_XLI,1,2024-10-03,0.006985152046395271,-0.005101225705589241
baseline_last,y_XLI,2,2024-10-03,0.006985152046395271,-0.005101225705589241
baseline_last,y_XLI,1,2024-10-07,0.0022193568212387493,0.0
baseline_last,y_XLI,2,2024-10-07,0.0022193568212387493,0.0
baseline_last,y_XLI,3,2024-10-07,0.0022193568212387493,0.0
baseline_last,y_XLI,1,2024-10-08,0.008931208625515108,0.0022193568212387493
baseline_last,y_XLI,2,2024-10-08,0.008931208625515108,0.0022193568212387493
baseline_last,y_XLI,3,2024-10-08,0.008931208625515108,0.0022193568212387493
baseline_last,y_XLI,1,2024-10-09,-0.005121102874491523,0.008931208625515108
baseline_last,y_XLI,2,2024-10-09,-0.005121102874491523,0.008931208625515108
baseline_last,y_XLI,3,2024-10-09,-0.005121102874491523,0.008931208625515108
baseline_last,y_XLI,1,2024-10-10,0.017869050456620572,-0.005121102874491523
baseline_last,y_XLI,2,2024-10-10,0.017869050456620572,-0.005121102874491523
baseline_last,y_XLI,3,2024-10-10,0.017869050456620572,-0.005121102874491523
baseline_last,y_XLI,1,2024-10-14,-0.007683950773859971,0.0
baseline_last,y_XLI,2,2024-10-14,-0.007683950773859971,0.0
baseline_last,y_XLI,3,2024-10-14,-0.007683950773859971,0.0
baseline_last,y_XLI,1,2024-10-15,0.007743451070707064,-0.007683950773859971
baseline_last,y_XLI,2,2024-10-15,0.007743451070707064,-0.007683950773859971
baseline_last,y_XLI,3,2024-10-15,0.007743451070707064,-0.007683950773859971
baseline_last,y_XLI,1,2024-10-16,-0.0028724663566187525,0.007743451070707064
baseline_last,y_XLI,2,2024-10-16,-0.0028724663566187525,0.007743451070707064
baseline_last,y_XLI,3,2024-10-16,-0.0028724663566187525,0.007743451070707064
baseline_last,y_XLI,1,2024-10-17,0.0030248398288192924,-0.0028724663566187525
baseline_last,y_XLI,2,2024-10-17,0.0030248398288192924,-0.0028724663566187525
baseline_last,y_XLI,3,2024-10-17,0.0030248398288192924,-0.0028724663566187525
baseline_last,y_XLI,1,2024-10-21,-0.012105461258580807,0.0
baseline_last,y_XLI,2,2024-10-21,-0.012105461258580807,0.0
baseline_last,y_XLI,3,2024-10-21,-0.012105461258580807,0.0
baseline_last,y_XLI,1,2024-10-22,-0.0029177386170660125,-0.012105461258580807
baseline_last,y_XLI,2,2024-10-22,-0.0029177386170660125,-0.012105461258580807
baseline_last,y_XLI,3,2024-10-22,-0.0029177386170660125,-0.012105461258580807
baseline_last,y_XLI,1,2024-10-23,-0.006876426191717688,-0.0029177386170660125
baseline_last,y_XLI,2,2024-10-23,-0.006876426191717688,-0.0029177386170660125
baseline_last,y_XLI,3,2024-10-23,-0.006876426191717688,-0.0029177386170660125
baseline_last,y_XLI,1,2024-10-24,-0.0026517814813882268,-0.006876426191717688
baseline_last,y_XLI,2,2024-10-24,-0.0026517814813882268,-0.006876426191717688
baseline_last,y_XLI,3,2024-10-24,-0.0026517814813882268,-0.006876426191717688
baseline_last,y_XLI,2,2024-10-28,-0.001325442952433864,0.0
baseline_last,y_XLI,3,2024-10-28,-0.001325442952433864,0.0
baseline_last,y_XLI,4,2024-10-28,-0.001325442952433864,0.0
baseline_last,y_XLI,2,2024-10-29,-0.0016960858543161317,-0.001325442952433864
baseline_last,y_XLI,3,2024-10-29,-0.0016960858543161317,-0.001325442952433864
baseline_last,y_XLI,4,2024-10-29,-0.0016960858543161317,-0.001325442952433864
baseline_last,y_XLI,2,2024-10-30,-0.011521998562606495,-0.0016960858543161317
baseline_last,y_XLI,3,2024-10-30,-0.011521998562606495,-0.0016960858543161317
baseline_last,y_XLI,4,2024-10-30,-0.011521998562606495,-0.0016960858543161317
baseline_last,y_XLI,2,2024-10-31,0.0013448373440316796,-0.011521998562606495
baseline_last,y_XLI,3,2024-10-31,0.0013448373440316796,-0.011521998562606495
baseline_last,y_XLI,4,2024-10-31,0.0013448373440316796,-0.011521998562606495
baseline_last,y_XLI,2,2024-11-04,0.016733823786453605,0.0
baseline_last,y_XLI,3,2024-11-04,0.016733823786453605,0.0
baseline_last,y_XLI,4,2024-11-04,0.016733823786453605,0.0
baseline_last,y_XLI,2,2024-11-05,0.039162418370459084,0.016733823786453605
baseline_last,y_XLI,3,2024-11-05,0.039162418370459084,0.016733823786453605
baseline_last,y_XLI,4,2024-11-05,0.039162418370459084,0.016733823786453605
baseline_last,y_XLI,2,2024-11-06,-0.006010000508940183,0.039162418370459084
baseline_last,y_XLI,3,2024-11-06,-0.006010000508940183,0.039162418370459084
baseline_last,y_XLI,4,2024-11-06,-0.006010000508940183,0.039162418370459084
baseline_last,y_XLI,2,2024-11-07,0.01074119545770924,-0.006010000508940183
baseline_last,y_XLI,3,2024-11-07,0.01074119545770924,-0.006010000508940183
baseline_last,y_XLI,4,2024-11-07,0.01074119545770924,-0.006010000508940183
baseline_last,y_XLI,2,2024-11-11,-0.008589934995174575,0.0
baseline_last,y_XLI,3,2024-11-11,-0.008589934995174575,0.0
baseline_last,y_XLI,4,2024-11-11,-0.008589934995174575,0.0
baseline_last,y_XLI,2,2024-11-12,0.0021132508394907656,-0.008589934995174575
baseline_last,y_XLI,3,2024-11-12,0.0021132508394907656,-0.008589934995174575
baseline_last,y_XLI,4,2024-11-12,0.0021132508394907656,-0.008589934995174575
baseline_last,y_XLI,2,2024-11-13,-0.01687046470411202,0.0021132508394907656
baseline_last,y_XLI,3,2024-11-13,-0.01687046470411202,0.0021132508394907656
baseline_last,y_XLI,4,2024-11-13,-0.01687046470411202,0.0021132508394907656
baseline_last,y_XLI,2,2024-11-14,-0.0053625087243724945,-0.01687046470411202
baseline_last,y_XLI,3,2024-11-14,-0.0053625087243724945,-0.01687046470411202
baseline_last,y_XLI,4,2024-11-14,-0.0053625087243724945,-0.01687046470411202
baseline_last,y_XLI,3,2024-11-18,-0.0008638205240801833,0.0
baseline_last,y_XLI,4,2024-11-18,-0.0008638205240801833,0.0
baseline_last,y_XLI,5,2024-11-18,-0.0008638205240801833,0.0
baseline_last,y_XLI,3,2024-11-19,0.0010806251900585817,-0.0008638205240801833
baseline_last,y_XLI,4,2024-11-19,0.0010806251900585817,-0.0008638205240801833
baseline_last,y_XLI,5,2024-11-19,0.0010806251900585817,-0.0008638205240801833
baseline_last,y_XLI,3,2024-11-20,0.012522638368021255,0.0010806251900585817
baseline_last,y_XLI,4,2024-11-20,0.012522638368021255,0.0010806251900585817
baseline_last,y_XLI,5,2024-11-20,0.012522638368021255,0.0010806251900585817
baseline_last,y_XLI,3,2024-11-21,0.013931342542734315,0.012522638368021255
baseline_last,y_XLI,4,2024-11-21,0.013931342542734315,0.012522638368021255
baseline_last,y_XLI,5,2024-11-21,0.013931342542734315,0.012522638368021255
baseline_last,y_XLI,3,2024-11-25,0.001184656007867435,0.0
baseline_last,y_XLI,4,2024-11-25,0.001184656007867435,0.0
baseline_last,y_XLI,5,2024-11-25,0.001184656007867435,0.0
baseline_last,y_XLI,3,2024-11-26,-0.0036883391796492804,0.001184656007867435
baseline_last,y_XLI,4,2024-11-26,-0.0036883391796492804,0.001184656007867435
baseline_last,y_XLI,5,2024-11-26,-0.0036883391796492804,0.001184656007867435
baseline_last,y_XLI,3,2024-12-02,-0.0062969445575639105,0.0
baseline_last,y_XLI,4,2024-12-02,-0.0062969445575639105,0.0
baseline_last,y_XLI,5,2024-12-02,-0.0062969445575639105,0.0
baseline_last,y_XLI,3,2024-12-03,0.004365400745693027,-0.0062969445575639105
baseline_last,y_XLI,4,2024-12-03,0.004365400745693027,-0.0062969445575639105
baseline_last,y_XLI,5,2024-12-03,0.004365400745693027,-0.0062969445575639105
baseline_last,y_XLI,3,2024-12-04,-0.01212764471115535,0.004365400745693027
baseline_last,y_XLI,4,2024-12-04,-0.01212764471115535,0.004365400745693027
baseline_last,y_XLI,5,2024-12-04,-0.01212764471115535,0.004365400745693027
baseline_last,y_XLI,3,2024-12-05,-0.002554682359773186,-0.01212764471115535
baseline_last,y_XLI,4,2024-12-05,-0.002554682359773186,-0.01212764471115535
baseline_last,y_XLI,5,2024-12-05,-0.002554682359773186,-0.01212764471115535
baseline_last,y_XLI,4,2024-12-09,-0.00243994689218896,0.0
baseline_last,y_XLI,5,2024-12-09,-0.00243994689218896,0.0
baseline_last,y_XLI,6,2024-12-09,-0.00243994689218896,0.0
baseline_last,y_XLI,4,2024-12-10,-0.0023024190386992105,-0.00243994689218896
baseline_last,y_XLI,5,2024-12-10,-0.0023024190386992105,-0.00243994689218896
baseline_last,y_XLI,6,2024-12-10,-0.0023024190386992105,-0.00243994689218896
baseline_last,y_XLI,4,2024-12-11,-0.0064176170583418735,-0.0023024190386992105
baseline_last,y_XLI,5,2024-12-11,-0.0064176170583418735,-0.0023024190386992105
baseline_last,y_XLI,6,2024-12-11,-0.0064176170583418735,-0.0023024190386992105
baseline_last,y_XLI,4,2024-12-12,-0.0026126012995084658,-0.0064176170583418735
baseline_last,y_XLI,5,2024-12-12,-0.0026126012995084658,-0.0064176170583418735
baseline_last,y_XLI,6,2024-12-12,-0.0026126012995084658,-0.0064176170583418735
baseline_last,y_XLI,4,2024-12-16,-0.009160508612234386,0.0
baseline_last,y_XLI,5,2024-12-16,-0.009160508612234386,0.0
baseline_last,y_XLI,6,2024-12-16,-0.009160508612234386,0.0
baseline_last,y_XLI,4,2024-12-17,-0.02824844708027363,-0.009160508612234386
baseline_last,y_XLI,5,2024-12-17,-0.02824844708027363,-0.009160508612234386
baseline_last,y_XLI,6,2024-12-17,-0.02824844708027363,-0.009160508612234386
baseline_last,y_XLI,4,2024-12-18,-0.0012837088009413078,-0.02824844708027363
baseline_last,y_XLI,5,2024-12-18,-0.0012837088009413078,-0.02824844708027363
baseline_last,y_XLI,6,2024-12-18,-0.0012837088009413078,-0.02824844708027363
baseline_last,y_XLI,4,2024-12-19,0.011718556251491208,-0.0012837088009413078
baseline_last,y_XLI,5,2024-12-19,0.011718556251491208,-0.0012837088009413078
baseline_last,y_XLI,6,2024-12-19,0.011718556251491208,-0.0012837088009413078
baseline_last,y_XLI,4,2024-12-23,0.0078124373612360465,0.0
baseline_last,y_XLI,5,2024-12-23,0.0078124373612360465,0.0
baseline_last,y_XLI,6,2024-12-23,0.0078124373612360465,0.0
baseline_last,y_XLI,4,2024-12-26,-0.007448277228731204,0.0
baseline_last,y_XLI,5,2024-12-26,-0.007448277228731204,0.0
baseline_last,y_XLI,6,2024-12-26,-0.007448277228731204,0.0
baseline_last,y_XLI,5,2024-12-30,-0.0012129007898981081,0.0
baseline_last,y_XLI,6,2024-12-30,-0.0012129007898981081,0.0
baseline_last,y_XLI,7,2024-12-30,-0.0012129007898981081,0.0
baseline_last,y_XLI,5,2025-01-02,0.010814733569464163,0.0
baseline_last,y_XLI,6,2025-01-02,0.010814733569464163,0.0
baseline_last,y_XLI,7,2025-01-02,0.010814733569464163,0.0
baseline_last,y_XLI,5,2025-01-06,-0.0009816282273480414,0.0
baseline_last,y_XLI,6,2025-01-06,-0.0009816282273480414,0.0
baseline_last,y_XLI,7,2025-01-06,-0.0009816282273480414,0.0
baseline_last,y_XLI,5,2025-01-07,0.003930371072581096,-0.0009816282273480414
baseline_last,y_XLI,6,2025-01-07,0.003930371072581096,-0.0009816282273480414
baseline_last,y_XLI,7,2025-01-07,0.003930371072581096,-0.0009816282273480414
baseline_last,y_XLI,5,2025-01-13,0.011816085975218549,0.0
baseline_last,y_XLI,6,2025-01-13,0.011816085975218549,0.0
baseline_last,y_XLI,7,2025-01-13,0.011816085975218549,0.0
baseline_last,y_XLI,5,2025-01-14,0.0063224667446304395,0.011816085975218549
baseline_last,y_XLI,6,2025-01-14,0.0063224667446304395,0.011816085975218549
baseline_last,y_XLI,7,2025-01-14,0.0063224667446304395,0.011816085975218549
baseline_last,y_XLI,5,2025-01-15,0.01212198059540981,0.0063224667446304395
baseline_last,y_XLI,6,2025-01-15,0.01212198059540981,0.0063224667446304395
baseline_last,y_XLI,7,2025-01-15,0.01212198059540981,0.0063224667446304395
baseline_last,y_XLI,5,2025-01-16,0.0059885684901570535,0.01212198059540981
baseline_last,y_XLI,6,2025-01-16,0.0059885684901570535,0.01212198059540981
baseline_last,y_XLI,7,2025-01-16,0.0059885684901570535,0.01212198059540981
baseline_last,y_XLI,6,2025-01-21,-0.0023472290274723084,0.0
baseline_last,y_XLI,7,2025-01-21,-0.0023472290274723084,0.0
baseline_last,y_XLI,8,2025-01-21,-0.0023472290274723084,0.0
baseline_last,y_XLI,6,2025-01-22,0.010124706195582478,-0.0023472290274723084
baseline_last,y_XLI,7,2025-01-22,0.010124706195582478,-0.0023472290274723084
baseline_last,y_XLI,8,2025-01-22,0.010124706195582478,-0.0023472290274723084
baseline_last,y_XLI,6,2025-01-23,-0.004235131236877132,0.010124706195582478
baseline_last,y_XLI,7,2025-01-23,-0.004235131236877132,0.010124706195582478
baseline_last,y_XLI,8,2025-01-23,-0.004235131236877132,0.010124706195582478
baseline_last,y_XLI,6,2025-01-27,-0.006610054150763878,0.0
baseline_last,y_XLI,7,2025-01-27,-0.006610054150763878,0.0
baseline_last,y_XLI,8,2025-01-27,-0.006610054150763878,0.0
baseline_last,y_XLI,6,2025-01-28,-0.003399460874705884,-0.006610054150763878
baseline_last,y_XLI,7,2025-01-28,-0.003399460874705884,-0.006610054150763878
baseline_last,y_XLI,8,2025-01-28,-0.003399460874705884,-0.006610054150763878
baseline_last,y_XLI,6,2025-01-29,0.011176388505485635,-0.003399460874705884
baseline_last,y_XLI,7,2025-01-29,0.011176388505485635,-0.003399460874705884
baseline_last,y_XLI,8,2025-01-29,0.011176388505485635,-0.003399460874705884
baseline_last,y_XLI,6,2025-01-30,-0.007033475091575148,0.011176388505485635
baseline_last,y_XLI,7,2025-01-30,-0.007033475091575148,0.011176388505485635
baseline_last,y_XLI,8,2025-01-30,-0.007033475091575148,0.011176388505485635
baseline_last,y_XLI,6,2025-02-03,0.0002920241496970899,0.0
baseline_last,y_XLI,7,2025-02-03,0.0002920241496970899,0.0
baseline_last,y_XLI,8,2025-02-03,0.0002920241496970899,0.0
baseline_last,y_XLI,6,2025-02-04,0.0007297343491512454,0.0002920241496970899
baseline_last,y_XLI,7,2025-02-04,0.0007297343491512454,0.0002920241496970899
baseline_last,y_XLI,8,2025-02-04,0.0007297343491512454,0.0002920241496970899
baseline_last,y_XLI,6,2025-02-05,0.004521753216939262,0.0007297343491512454
baseline_last,y_XLI,7,2025-02-05,0.004521753216939262,0.0007297343491512454
baseline_last,y_XLI,8,2025-02-05,0.004521753216939262,0.0007297343491512454
baseline_last,y_XLI,6,2025-02-06,-0.0029765631448588348,0.004521753216939262
baseline_last,y_XLI,7,2025-02-06,-0.0029765631448588348,0.004521753216939262
baseline_last,y_XLI,8,2025-02-06,-0.0029765631448588348,0.004521753216939262
baseline_last,y_XLI,7,2025-02-10,0.00036081189821879356,0.0
baseline_last,y_XLI,8,2025-02-10,0.00036081189821879356,0.0
baseline_last,y_XLI,9,2025-02-10,0.00036081189821879356,0.0
baseline_last,y_XLI,7,2025-02-11,-0.0062044628118357315,0.00036081189821879356
baseline_last,y_XLI,8,2025-02-11,-0.0062044628118357315,0.00036081189821879356
baseline_last,y_XLI,9,2025-02-11,-0.0062044628118357315,0.00036081189821879356
baseline_last,y_XLI,7,2025-02-12,0.0010162589072846284,-0.0062044628118357315
baseline_last,y_XLI,8,2025-02-12,0.0010162589072846284,-0.0062044628118357315
baseline_last,y_XLI,9,2025-02-12,0.0010162589072846284,-0.0062044628118357315
baseline_last,y_XLI,7,2025-02-13,-0.0024655997844352795,0.0010162589072846284
baseline_last,y_XLI,8,2025-02-13,-0.0024655997844352795,0.0010162589072846284
baseline_last,y_XLI,9,2025-02-13,-0.0024655997844352795,0.0010162589072846284
baseline_last,y_XLI,7,2025-02-18,0.0010099194374175724,0.0
baseline_last,y_XLI,8,2025-02-18,0.0010099194374175724,0.0
baseline_last,y_XLI,9,2025-02-18,0.0010099194374175724,0.0
baseline_last,y_XLI,7,2025-02-19,-0.006557686236951521,0.0010099194374175724
baseline_last,y_XLI,8,2025-02-19,-0.006557686236951521,0.0010099194374175724
baseline_last,y_XLI,9,2025-02-19,-0.006557686236951521,0.0010099194374175724
baseline_last,y_XLI,7,2025-02-20,-0.021906300064113537,-0.006557686236951521
baseline_last,y_XLI,8,2025-02-20,-0.021906300064113537,-0.006557686236951521
baseline_last,y_XLI,9,2025-02-20,-0.021906300064113537,-0.006557686236951521
baseline_last,y_XLI,7,2025-02-24,0.005140561656604925,0.0
baseline_last,y_XLI,8,2025-02-24,0.005140561656604925,0.0
baseline_last,y_XLI,9,2025-02-24,0.005140561656604925,0.0
baseline_last,y_XLI,7,2025-02-25,0.0005928510033925694,0.005140561656604925
baseline_last,y_XLI,8,2025-02-25,0.0005928510033925694,0.005140561656604925
baseline_last,y_XLI,9,2025-02-25,0.0005928510033925694,0.005140561656604925
baseline_last,y_XLI,7,2025-02-26,-0.0034814372615993294,0.0005928510033925694
baseline_last,y_XLI,8,2025-02-26,-0.0034814372615993294,0.0005928510033925694
baseline_last,y_XLI,9,2025-02-26,-0.0034814372615993294,0.0005928510033925694
baseline_last,y_XLI,7,2025-02-27,0.013379945328563236,-0.0034814372615993294
baseline_last,y_XLI,8,2025-02-27,0.013379945328563236,-0.0034814372615993294
baseline_last,y_XLI,9,2025-02-27,0.013379945328563236,-0.0034814372615993294
baseline_last,y_XLI,8,2025-03-03,-0.01949540716816711,0.0
baseline_last,y_XLI,9,2025-03-03,-0.01949540716816711,0.0
baseline_last,y_XLI,10,2025-03-03,-0.01949540716816711,0.0
baseline_last,y_XLI,8,2025-03-04,0.015785070326540085,-0.01949540716816711
baseline_last,y_XLI,9,2025-03-04,0.015785070326540085,-0.01949540716816711
baseline_last,y_XLI,10,2025-03-04,0.015785070326540085,-0.01949540716816711
baseline_last,y_XLI,8,2025-03-05,-0.008591732475558445,0.015785070326540085
baseline_last,y_XLI,9,2025-03-05,-0.008591732475558445,0.015785070326540085
baseline_last,y_XLI,10,2025-03-05,-0.008591732475558445,0.015785070326540085
baseline_last,y_XLI,8,2025-03-06,0.011680385268654225,-0.008591732475558445
baseline_last,y_XLI,9,2025-03-06,0.011680385268654225,-0.008591732475558445
baseline_last,y_XLI,10,2025-03-06,0.011680385268654225,-0.008591732475558445
baseline_last,y_XLI,8,2025-03-10,-0.015361368782411788,0.0
baseline_last,y_XLI,9,2025-03-10,-0.015361368782411788,0.0
baseline_last,y_XLI,10,2025-03-10,-0.015361368782411788,0.0
baseline_last,y_XLI,8,2025-03-11,-7.691439879153883e-05,-0.015361368782411788
baseline_last,y_XLI,9,2025-03-11,-7.691439879153883e-05,-0.015361368782411788
baseline_last,y_XLI,10,2025-03-11,-7.691439879153883e-05,-0.015361368782411788
baseline_last,y_XLI,8,2025-03-12,-0.010221960880729242,-7.691439879153883e-05
baseline_last,y_XLI,9,2025-03-12,-0.010221960880729242,-7.691439879153883e-05
baseline_last,y_XLI,10,2025-03-12,-0.010221960880729242,-7.691439879153883e-05
baseline_last,y_XLI,8,2025-03-13,0.01824830318875348,-0.010221960880729242
baseline_last,y_XLI,9,2025-03-13,0.01824830318875348,-0.010221960880729242
baseline_last,y_XLI,10,2025-03-13,0.01824830318875348,-0.010221960880729242
baseline_last,y_XLI,8,2025-03-17,-0.007973465067831365,0.0
baseline_last,y_XLI,9,2025-03-17,-0.007973465067831365,0.0
baseline_last,y_XLI,10,2025-03-17,-0.007973465067831365,0.0
baseline_last,y_XLI,8,2025-03-18,0.013269479563626785,-0.007973465067831365
baseline_last,y_XLI,9,2025-03-18,0.013269479563626785,-0.007973465067831365
baseline_last,y_XLI,10,2025-03-18,0.013269479563626785,-0.007973465067831365
baseline_last,y_XLI,8,2025-03-19,-0.005013623322145944,0.013269479563626785
baseline_last,y_XLI,9,2025-03-19,-0.005013623322145944,0.013269479563626785
baseline_last,y_XLI,10,2025-03-19,-0.005013623322145944,0.013269479563626785
baseline_last,y_XLI,8,2025-03-20,-0.005340088766861872,-0.005013623322145944
baseline_last,y_XLI,9,2025-03-20,-0.005340088766861872,-0.005013623322145944
baseline_last,y_XLI,10,2025-03-20,-0.005340088766861872,-0.005013623322145944
baseline_last,y_XLI,9,2025-03-24,0.0014894011367219129,0.0
baseline_last,y_XLI,10,2025-03-24,0.0014894011367219129,0.0
baseline_last,y_XLI,11,2025-03-24,0.0014894011367219129,0.0
baseline_last,y_XLI,9,2025-03-25,-0.006617691575256934,0.0014894011367219129
baseline_last,y_XLI,10,2025-03-25,-0.006617691575256934,0.0014894011367219129
baseline_last,y_XLI,11,2025-03-25,-0.006617691575256934,0.0014894011367219129
baseline_last,y_XLI,9,2025-03-26,-0.005314277654155042,-0.006617691575256934
baseline_last,y_XLI,10,2025-03-26,-0.005314277654155042,-0.006617691575256934
baseline_last,y_XLI,11,2025-03-26,-0.005314277654155042,-0.006617691575256934
baseline_last,y_XLI,9,2025-03-27,-0.02061871461670517,-0.005314277654155042
baseline_last,y_XLI,10,2025-03-27,-0.02061871461670517,-0.005314277654155042
baseline_last,y_XLI,11,2025-03-27,-0.02061871461670517,-0.005314277654155042
baseline_last,y_XLI,9,2025-03-31,0.005645696622606167,0.0
baseline_last,y_XLI,10,2025-03-31,0.005645696622606167,0.0
baseline_last,y_XLI,11,2025-03-31,0.005645696622606167,0.0
baseline_last,y_XLI,9,2025-04-01,0.009407679242958489,0.005645696622606167
baseline_last,y_XLI,10,2025-04-01,0.009407679242958489,0.005645696622606167
baseline_last,y_XLI,11,2025-04-01,0.009407679242958489,0.005645696622606167
baseline_last,y_XLI,9,2025-04-02,-0.054115132612175265,0.009407679242958489
baseline_last,y_XLI,10,2025-04-02,-0.054115132612175265,0.009407679242958489
baseline_last,y_XLI,11,2025-04-02,-0.054115132612175265,0.009407679242958489
baseline_last,y_XLI,9,2025-04-03,-0.06285253481970621,-0.054115132612175265
baseline_last,y_XLI,10,2025-04-03,-0.06285253481970621,-0.054115132612175265
baseline_last,y_XLI,11,2025-04-03,-0.06285253481970621,-0.054115132612175265
baseline_last,y_XLI,9,2025-04-07,-0.008263011808393728,0.0
baseline_last,y_XLI,10,2025-04-07,-0.008263011808393728,0.0
baseline_last,y_XLI,11,2025-04-07,-0.008263011808393728,0.0
baseline_last,y_XLI,9,2025-04-08,0.08881637095097594,-0.008263011808393728
baseline_last,y_XLI,10,2025-04-08,0.08881637095097594,-0.008263011808393728
baseline_last,y_XLI,11,2025-04-08,0.08881637095097594,-0.008263011808393728
baseline_last,y_XLI,9,2025-04-09,-0.02579682627776836,0.08881637095097594
baseline_last,y_XLI,10,2025-04-09,-0.02579682627776836,0.08881637095097594
baseline_last,y_XLI,11,2025-04-09,-0.02579682627776836,0.08881637095097594
baseline_last,y_XLI,9,2025-04-10,0.017653282856253893,-0.02579682627776836
baseline_last,y_XLI,10,2025-04-10,0.017653282856253893,-0.02579682627776836
baseline_last,y_XLI,11,2025-04-10,0.017653282856253893,-0.02579682627776836
baseline_last,y_XLI,10,2025-04-14,-0.004961518296979994,0.0
baseline_last,y_XLI,11,2025-04-14,-0.004961518296979994,0.0
baseline_last,y_XLI,12,2025-04-14,-0.004961518296979994,0.0
baseline_last,y_XLI,10,2025-04-15,-0.01369213135726799,-0.004961518296979994
baseline_last,y_XLI,11,2025-04-15,-0.01369213135726799,-0.004961518296979994
baseline_last,y_XLI,12,2025-04-15,-0.01369213135726799,-0.004961518296979994
baseline_last,y_XLI,10,2025-04-16,0.005456659244029494,-0.01369213135726799
baseline_last,y_XLI,11,2025-04-16,0.005456659244029494,-0.01369213135726799
baseline_last,y_XLI,12,2025-04-16,0.005456659244029494,-0.01369213135726799
baseline_last,y_XLI,10,2025-04-21,0.017470827346677265,0.0
baseline_last,y_XLI,11,2025-04-21,0.017470827346677265,0.0
baseline_last,y_XLI,12,2025-04-21,0.017470827346677265,0.0
baseline_last,y_XLI,10,2025-04-22,0.012517100959212879,0.017470827346677265
baseline_last,y_XLI,11,2025-04-22,0.012517100959212879,0.017470827346677265
baseline_last,y_XLI,12,2025-04-22,0.012517100959212879,0.017470827346677265
baseline_last,y_XLI,10,2025-04-23,0.022426464118537215,0.012517100959212879
baseline_last,y_XLI,11,2025-04-23,0.022426464118537215,0.012517100959212879
baseline_last,y_XLI,12,2025-04-23,0.022426464118537215,0.012517100959212879
baseline_last,y_XLI,10,2025-04-24,-7.751188869220549e-05,0.022426464118537215
baseline_last,y_XLI,11,2025-04-24,-7.751188869220549e-05,0.022426464118537215
baseline_last,y_XLI,12,2025-04-24,-7.751188869220549e-05,0.022426464118537215
baseline_last,y_XLI,10,2025-04-28,0.00648939471829757,0.0
baseline_last,y_XLI,11,2025-04-28,0.00648939471829757,0.0
baseline_last,y_XLI,12,2025-04-28,0.00648939471829757,0.0
baseline_last,y_XLI,10,2025-04-29,0.007215294682336282,0.00648939471829757
baseline_last,y_XLI,11,2025-04-29,0.007215294682336282,0.00648939471829757
baseline_last,y_XLI,12,2025-04-29,0.007215294682336282,0.00648939471829757
baseline_last,y_XLI,10,2025-04-30,0.007544610071945179,0.007215294682336282
baseline_last,y_XLI,11,2025-04-30,0.007544610071945179,0.007215294682336282
baseline_last,y_XLI,12,2025-04-30,0.007544610071945179,0.007215294682336282
baseline_last,y_XLI,10,2025-05-01,0.01792596309550598,0.007544610071945179
baseline_last,y_XLI,11,2025-05-01,0.01792596309550598,0.007544610071945179
baseline_last,y_XLI,12,2025-05-01,0.01792596309550598,0.007544610071945179
baseline_last,y_XLI,11,2025-05-05,-0.008763514077637868,0.0
baseline_last,y_XLI,12,2025-05-05,-0.008763514077637868,0.0
baseline_last,y_XLI,13,2025-05-05,-0.008763514077637868,0.0
baseline_last,y_XLI,11,2025-05-06,0.005094728795668191,-0.008763514077637868
baseline_last,y_XLI,12,2025-05-06,0.005094728795668191,-0.008763514077637868
baseline_last,y_XLI,13,2025-05-06,0.005094728795668191,-0.008763514077637868
baseline_last,y_XLI,11,2025-05-07,0.013790591897869131,0.005094728795668191
baseline_last,y_XLI,12,2025-05-07,0.013790591897869131,0.005094728795668191
baseline_last,y_XLI,13,2025-05-07,0.013790591897869131,0.005094728795668191
baseline_last,y_XLI,11,2025-05-08,0.0008088140663118359,0.013790591897869131
baseline_last,y_XLI,12,2025-05-08,0.0008088140663118359,0.013790591897869131
baseline_last,y_XLI,13,2025-05-08,0.0008088140663118359,0.013790591897869131
baseline_last,y_XLI,11,2025-05-12,0.006985000094527072,0.0
baseline_last,y_XLI,12,2025-05-12,0.006985000094527072,0.0
baseline_last,y_XLI,13,2025-05-12,0.006985000094527072,0.0
baseline_last,y_XLI,11,2025-05-13,-0.004813090646012874,0.006985000094527072
baseline_last,y_XLI,12,2025-05-13,-0.004813090646012874,0.006985000094527072
baseline_last,y_XLI,13,2025-05-13,-0.004813090646012874,0.006985000094527072
baseline_last,y_XLI,11,2025-05-14,0.01109529516051655,-0.004813090646012874
baseline_last,y_XLI,12,2025-05-14,0.01109529516051655,-0.004813090646012874
baseline_last,y_XLI,13,2025-05-14,0.01109529516051655,-0.004813090646012874
baseline_last,y_XLI,11,2025-05-15,0.011395624772605029,0.01109529516051655
baseline_last,y_XLI,12,2025-05-15,0.011395624772605029,0.01109529516051655
baseline_last,y_XLI,13,2025-05-15,0.011395624772605029,0.01109529516051655
baseline_last,y_XLI,11,2025-05-19,-0.00360445622425809,0.0
baseline_last,y_XLI,12,2025-05-19,-0.00360445622425809,0.0
baseline_last,y_XLI,13,2025-05-19,-0.00360445622425809,0.0
baseline_last,y_XLI,11,2025-05-20,-0.016904316116804763,-0.00360445622425809
baseline_last,y_XLI,12,2025-05-20,-0.016904316116804763,-0.00360445622425809
baseline_last,y_XLI,13,2025-05-20,-0.016904316116804763,-0.00360445622425809
baseline_last,y_XLI,11,2025-05-21,-0.0002123511318719018,-0.016904316116804763
baseline_last,y_XLI,12,2025-05-21,-0.0002123511318719018,-0.016904316116804763
baseline_last,y_XLI,13,2025-05-21,-0.0002123511318719018,-0.016904316116804763
baseline_last,y_XLI,11,2025-05-22,-0.003255578047921426,-0.0002123511318719018
baseline_last,y_XLI,12,2025-05-22,-0.003255578047921426,-0.0002123511318719018
baseline_last,y_XLI,13,2025-05-22,-0.003255578047921426,-0.0002123511318719018
baseline_last,y_XLI,12,2025-05-27,-0.004954207476914885,0.0
baseline_last,y_XLI,13,2025-05-27,-0.004954207476914885,0.0
baseline_last,y_XLI,14,2025-05-27,-0.004954207476914885,0.0
baseline_last,y_XLI,12,2025-05-28,0.0009115318785808402,-0.004954207476914885
baseline_last,y_XLI,13,2025-05-28,0.0009115318785808402,-0.004954207476914885
baseline_last,y_XLI,14,2025-05-28,0.0009115318785808402,-0.004954207476914885
baseline_last,y_XLI,12,2025-05-29,0.0006306520447301178,0.0009115318785808402
baseline_last,y_XLI,13,2025-05-29,0.0006306520447301178,0.0009115318785808402
baseline_last,y_XLI,14,2025-05-29,0.0006306520447301178,0.0009115318785808402
baseline_last,y_XLI,12,2025-06-02,0.007711847695224483,0.0
baseline_last,y_XLI,13,2025-06-02,0.007711847695224483,0.0
baseline_last,y_XLI,14,2025-06-02,0.007711847695224483,0.0
baseline_last,y_XLI,12,2025-06-03,0.0005564855944579783,0.007711847695224483
baseline_last,y_XLI,13,2025-06-03,0.0005564855944579783,0.007711847695224483
baseline_last,y_XLI,14,2025-06-03,0.0005564855944579783,0.007711847695224483
baseline_last,y_XLI,12,2025-06-04,-0.0006953541443481814,0.0005564855944579783
baseline_last,y_XLI,13,2025-06-04,-0.0006953541443481814,0.0005564855944579783
baseline_last,y_XLI,14,2025-06-04,-0.0006953541443481814,0.0005564855944579783
baseline_last,y_XLI,12,2025-06-05,0.008419049630149056,-0.0006953541443481814
baseline_last,y_XLI,13,2025-06-05,0.008419049630149056,-0.0006953541443481814
baseline_last,y_XLI,14,2025-06-05,0.008419049630149056,-0.0006953541443481814
baseline_last,y_XLI,12,2025-06-09,-0.004350816402427626,0.0
baseline_last,y_XLI,13,2025-06-09,-0.004350816402427626,0.0
baseline_last,y_XLI,14,2025-06-09,-0.004350816402427626,0.0
baseline_last,y_XLI,12,2025-06-10,0.000485619719754693,-0.004350816402427626
baseline_last,y_XLI,13,2025-06-10,0.000485619719754693,-0.004350816402427626
baseline_last,y_XLI,14,2025-06-10,0.000485619719754693,-0.004350816402427626
baseline_last,y_XLI,12,2025-06-11,-0.0026345446515333437,0.000485619719754693
baseline_last,y_XLI,13,2025-06-11,-0.0026345446515333437,0.000485619719754693
baseline_last,y_XLI,14,2025-06-11,-0.0026345446515333437,0.000485619719754693
baseline_last,y_XLI,12,2025-06-12,-0.008410963194853904,-0.0026345446515333437
baseline_last,y_XLI,13,2025-06-12,-0.008410963194853904,-0.0026345446515333437
baseline_last,y_XLI,14,2025-06-12,-0.008410963194853904,-0.0026345446515333437
baseline_last,y_XLI,13,2025-07-02,0.008504224977085473,0.0
baseline_last,y_XLI,14,2025-07-02,0.008504224977085473,0.0
baseline_last,y_XLI,15,2025-07-02,0.008504224977085473,0.0
baseline_last,y_XLI,13,2025-07-07,-0.00026855993331531547,0.0
baseline_last,y_XLI,14,2025-07-07,-0.00026855993331531547,0.0
baseline_last,y_XLI,15,2025-07-07,-0.00026855993331531547,0.0
baseline_last,y_XLI,13,2025-07-08,0.006986293050846637,-0.00026855993331531547
baseline_last,y_XLI,14,2025-07-08,0.006986293050846637,-0.00026855993331531547
baseline_last,y_XLI,15,2025-07-08,0.006986293050846637,-0.00026855993331531547
baseline_last,y_XLI,13,2025-07-09,0.005603879043678983,0.006986293050846637
baseline_last,y_XLI,14,2025-07-09,0.005603879043678983,0.006986293050846637
baseline_last,y_XLI,15,2025-07-09,0.005603879043678983,0.006986293050846637
baseline_last,y_XLI,13,2025-07-10,-0.003582374521528986,0.005603879043678983
baseline_last,y_XLI,14,2025-07-10,-0.003582374521528986,0.005603879043678983
baseline_last,y_XLI,15,2025-07-10,-0.003582374521528986,0.005603879043678983
baseline_last,y_XLI,13,2025-07-14,-0.00748282136716194,0.0
baseline_last,y_XLI,14,2025-07-14,-0.00748282136716194,0.0
baseline_last,y_XLI,15,2025-07-14,-0.00748282136716194,0.0
baseline_last,y_XLI,13,2025-07-15,0.003536049248656248,-0.00748282136716194
baseline_last,y_XLI,14,2025-07-15,0.003536049248656248,-0.00748282136716194
baseline_last,y_XLI,15,2025-07-15,0.003536049248656248,-0.00748282136716194
baseline_last,y_XLI,13,2025-07-16,0.009241450015613495,0.003536049248656248
baseline_last,y_XLI,14,2025-07-16,0.009241450015613495,0.003536049248656248
baseline_last,y_XLI,15,2025-07-16,0.009241450015613495,0.003536049248656248
baseline_last,y_XLI,13,2025-07-17,-0.002239807584171749,0.009241450015613495
baseline_last,y_XLI,14,2025-07-17,-0.002239807584171749,0.009241450015613495
baseline_last,y_XLI,15,2025-07-17,-0.002239807584171749,0.009241450015613495
baseline_last,y_XLI,13,2025-07-21,0.002389517959447973,0.0
baseline_last,y_XLI,14,2025-07-21,0.002389517959447973,0.0
baseline_last,y_XLI,15,2025-07-21,0.002389517959447973,0.0
baseline_last,y_XLI,13,2025-07-22,0.01794452992512796,0.002389517959447973
baseline_last,y_XLI,14,2025-07-22,0.01794452992512796,0.002389517959447973
baseline_last,y_XLI,15,2025-07-22,0.01794452992512796,0.002389517959447973
baseline_last,y_XLI,13,2025-07-23,-0.001691243924857977,0.01794452992512796
baseline_last,y_XLI,14,2025-07-23,-0.001691243924857977,0.01794452992512796
baseline_last,y_XLI,15,2025-07-23,-0.001691243924857977,0.01794452992512796
baseline_last,y_XLI,14,2025-07-24,0.009904191825520492,-0.001691243924857977
baseline_last,y_XLI,15,2025-07-24,0.009904191825520492,-0.001691243924857977
baseline_last,y_XLI,16,2025-07-24,0.009904191825520492,-0.001691243924857977
baseline_last,y_XLI,14,2025-07-28,-0.011390779375242466,0.0
baseline_last,y_XLI,15,2025-07-28,-0.011390779375242466,0.0
baseline_last,y_XLI,16,2025-07-28,-0.011390779375242466,0.0
baseline_last,y_XLI,14,2025-07-29,-0.0049100152615790815,-0.011390779375242466
baseline_last,y_XLI,15,2025-07-29,-0.0049100152615790815,-0.011390779375242466
baseline_last,y_XLI,16,2025-07-29,-0.0049100152615790815,-0.011390779375242466
baseline_last,y_XLI,14,2025-07-30,6.574539499015764e-05,-0.0049100152615790815
baseline_last,y_XLI,15,2025-07-30,6.574539499015764e-05,-0.0049100152615790815
baseline_last,y_XLI,16,2025-07-30,6.574539499015764e-05,-0.0049100152615790815
baseline_last,y_XLI,14,2025-07-31,-0.014933135260537966,6.574539499015764e-05
baseline_last,y_XLI,15,2025-07-31,-0.014933135260537966,6.574539499015764e-05
baseline_last,y_XLI,16,2025-07-31,-0.014933135260537966,6.574539499015764e-05
baseline_last,y_XLI,14,2025-08-04,-0.0020511964888952905,0.0
baseline_last,y_XLI,15,2025-08-04,-0.0020511964888952905,0.0
baseline_last,y_XLI,16,2025-08-04,-0.0020511964888952905,0.0
baseline_last,y_XLI,14,2025-08-05,0.0007955777944899101,-0.0020511964888952905
baseline_last,y_XLI,15,2025-08-05,0.0007955777944899101,-0.0020511964888952905
baseline_last,y_XLI,16,2025-08-05,0.0007955777944899101,-0.0020511964888952905
baseline_last,y_XLI,14,2025-08-06,-0.0014574677241898648,0.0007955777944899101
baseline_last,y_XLI,15,2025-08-06,-0.0014574677241898648,0.0007955777944899101
baseline_last,y_XLI,16,2025-08-06,-0.0014574677241898648,0.0007955777944899101
baseline_last,y_XLI,14,2025-08-07,0.0007961056519114607,-0.0014574677241898648
baseline_last,y_XLI,15,2025-08-07,0.0007961056519114607,-0.0014574677241898648
baseline_last,y_XLI,16,2025-08-07,0.0007961056519114607,-0.0014574677241898648
baseline_last,y_XLI,14,2025-08-11,0.010376481339145815,0.0
baseline_last,y_XLI,15,2025-08-11,0.010376481339145815,0.0
baseline_last,y_XLI,16,2025-08-11,0.010376481339145815,0.0
baseline_last,y_XLI,14,2025-08-12,0.003818273462265598,0.010376481339145815
baseline_last,y_XLI,15,2025-08-12,0.003818273462265598,0.010376481339145815
baseline_last,y_XLI,16,2025-08-12,0.003818273462265598,0.010376481339145815
baseline_last,y_XLI,15,2025-08-13,-0.008853536226871905,0.003818273462265598
baseline_last,y_XLI,16,2025-08-13,-0.008853536226871905,0.003818273462265598
baseline_last,y_XLI,17,2025-08-13,-0.008853536226871905,0.003818273462265598
baseline_last,y_XLI,15,2025-08-14,-0.004565700007029494,-0.008853536226871905
baseline_last,y_XLI,16,2025-08-14,-0.004565700007029494,-0.008853536226871905
baseline_last,y_XLI,17,2025-08-14,-0.004565700007029494,-0.008853536226871905
baseline_last,y_XLI,15,2025-08-18,0.00218495750815495,0.0
baseline_last,y_XLI,16,2025-08-18,0.00218495750815495,0.0
baseline_last,y_XLI,17,2025-08-18,0.00218495750815495,0.0
baseline_last,y_XLI,15,2025-08-19,-0.000924835317353101,0.00218495750815495
baseline_last,y_XLI,16,2025-08-19,-0.000924835317353101,0.00218495750815495
baseline_last,y_XLI,17,2025-08-19,-0.000924835317353101,0.00218495750815495
baseline_last,y_XLI,15,2025-08-20,-0.0035710033793583396,-0.000924835317353101
baseline_last,y_XLI,16,2025-08-20,-0.0035710033793583396,-0.000924835317353101
baseline_last,y_XLI,17,2025-08-20,-0.0035710033793583396,-0.000924835317353101
baseline_last,y_XLI,15,2025-08-21,0.016325967141143094,-0.0035710033793583396
baseline_last,y_XLI,16,2025-08-21,0.016325967141143094,-0.0035710033793583396
baseline_last,y_XLI,17,2025-08-21,0.016325967141143094,-0.0035710033793583396
baseline_last,y_XLI,15,2025-08-25,0.010289559405098236,0.0
baseline_last,y_XLI,16,2025-08-25,0.010289559405098236,0.0
baseline_last,y_XLI,17,2025-08-25,0.010289559405098236,0.0
baseline_last,y_XLI,15,2025-08-26,-0.00013068712318298203,0.010289559405098236
baseline_last,y_XLI,16,2025-08-26,-0.00013068712318298203,0.010289559405098236
baseline_last,y_XLI,17,2025-08-26,-0.00013068712318298203,0.010289559405098236
baseline_last,y_XLI,15,2025-08-27,0.0017630009524742807,-0.00013068712318298203
baseline_last,y_XLI,16,2025-08-27,0.0017630009524742807,-0.00013068712318298203
baseline_last,y_XLI,17,2025-08-27,0.0017630009524742807,-0.00013068712318298203
baseline_last,y_XLI,15,2025-08-28,-0.009190512943900275,0.0017630009524742807
baseline_last,y_XLI,16,2025-08-28,-0.009190512943900275,0.0017630009524742807
baseline_last,y_XLI,17,2025-08-28,-0.009190512943900275,0.0017630009524742807
baseline_last,y_XLI,15,2025-09-02,-0.005047809339790099,0.0
baseline_last,y_XLI,16,2025-09-02,-0.005047809339790099,0.0
baseline_last,y_XLI,17,2025-09-02,-0.005047809339790099,0.0
baseline_last,y_XLI,16,2025-09-03,0.011281745174848368,-0.005047809339790099
baseline_last,y_XLI,17,2025-09-03,0.011281745174848368,-0.005047809339790099
baseline_last,y_XLI,18,2025-09-03,0.011281745174848368,-0.005047809339790099
baseline_last,y_XLI,16,2025-09-04,-0.0036966740184048996,0.011281745174848368
baseline_last,y_XLI,17,2025-09-04,-0.0036966740184048996,0.011281745174848368
baseline_last,y_XLI,18,2025-09-04,-0.0036966740184048996,0.011281745174848368
baseline_last,y_XLI,16,2025-09-08,-0.006742965317202976,0.0
baseline_last,y_XLI,17,2025-09-08,-0.006742965317202976,0.0
baseline_last,y_XLI,18,2025-09-08,-0.006742965317202976,0.0
baseline_last,y_XLI,16,2025-09-09,0.007387648859620288,-0.006742965317202976
baseline_last,y_XLI,17,2025-09-09,0.007387648859620288,-0.006742965317202976
baseline_last,y_XLI,18,2025-09-09,0.007387648859620288,-0.006742965317202976
baseline_last,y_XLI,16,2025-09-10,0.009513767197061318,0.007387648859620288
baseline_last,y_XLI,17,2025-09-10,0.009513767197061318,0.007387648859620288
baseline_last,y_XLI,18,2025-09-10,0.009513767197061318,0.007387648859620288
baseline_last,y_XLI,16,2025-09-11,-0.007984276349555786,0.009513767197061318
baseline_last,y_XLI,17,2025-09-11,-0.007984276349555786,0.009513767197061318
baseline_last,y_XLI,18,2025-09-11,-0.007984276349555786,0.009513767197061318
baseline_last,y_XLI,16,2025-09-15,-0.0029551218258311307,0.0
baseline_last,y_XLI,17,2025-09-15,-0.0029551218258311307,0.0
baseline_last,y_XLI,18,2025-09-15,-0.0029551218258311307,0.0
baseline_last,y_XLI,16,2025-09-16,-0.004544549188922553,-0.0029551218258311307
baseline_last,y_XLI,17,2025-09-16,-0.004544549188922553,-0.0029551218258311307
baseline_last,y_XLI,18,2025-09-16,-0.004544549188922553,-0.0029551218258311307
baseline_last,y_XLI,16,2025-09-17,0.010652358273638418,-0.004544549188922553
baseline_last,y_XLI,17,2025-09-17,0.010652358273638418,-0.004544549188922553
baseline_last,y_XLI,18,2025-09-17,0.010652358273638418,-0.004544549188922553
baseline_last,y_XLI,16,2025-09-18,0.0024222460136762436,0.010652358273638418
baseline_last,y_XLI,17,2025-09-18,0.0024222460136762436,0.010652358273638418
baseline_last,y_XLI,18,2025-09-18,0.0024222460136762436,0.010652358273638418
baseline_last,y_XLI,16,2025-09-22,0.00026138864418445706,0.0
baseline_last,y_XLI,17,2025-09-22,0.00026138864418445706,0.0
baseline_last,y_XLI,18,2025-09-22,0.00026138864418445706,0.0
baseline_last,y_XLI,17,2025-09-23,-0.0051620771365213924,0.00026138864418445706
baseline_last,y_XLI,18,2025-09-23,-0.0051620771365213924,0.00026138864418445706
baseline_last,y_XLI,19,2025-09-23,-0.0051620771365213924,0.00026138864418445706
baseline_last,y_XLI,17,2025-09-24,-0.0067651213349265715,-0.0051620771365213924
baseline_last,y_XLI,18,2025-09-24,-0.0067651213349265715,-0.0051620771365213924
baseline_last,y_XLI,19,2025-09-24,-0.0067651213349265715,-0.0051620771365213924
baseline_last,y_XLI,17,2025-09-25,0.008993546010657383,-0.0067651213349265715
baseline_last,y_XLI,18,2025-09-25,0.008993546010657383,-0.0067651213349265715
baseline_last,y_XLI,19,2025-09-25,0.008993546010657383,-0.0067651213349265715
baseline_last,y_XLI,17,2025-09-29,0.007709846931507336,0.0
baseline_last,y_XLI,18,2025-09-29,0.007709846931507336,0.0
baseline_last,y_XLI,19,2025-09-29,0.007709846931507336,0.0
baseline_last,y_XLI,17,2025-09-30,-0.0027879158742935006,0.007709846931507336
baseline_last,y_XLI,18,2025-09-30,-0.0027879158742935006,0.007709846931507336
baseline_last,y_XLI,19,2025-09-30,-0.0027879158742935006,0.007709846931507336
baseline_last,y_XLI,17,2025-10-01,0.002600688320287148,-0.0027879158742935006
baseline_last,y_XLI,18,2025-10-01,0.002600688320287148,-0.0027879158742935006
baseline_last,y_XLI,19,2025-10-01,0.002600688320287148,-0.0027879158742935006
baseline_last,y_XLI,17,2025-10-02,0.0013619090636756148,0.002600688320287148
baseline_last,y_XLI,18,2025-10-02,0.0013619090636756148,0.002600688320287148
baseline_last,y_XLI,19,2025-10-02,0.0013619090636756148,0.002600688320287148
baseline_last,y_XLI,17,2025-10-06,-0.005672678505054041,0.0
baseline_last,y_XLI,18,2025-10-06,-0.005672678505054041,0.0
baseline_last,y_XLI,19,2025-10-06,-0.005672678505054041,0.0
baseline_last,y_XLI,17,2025-10-07,0.00868714764111056,-0.005672678505054041
baseline_last,y_XLI,18,2025-10-07,0.00868714764111056,-0.005672678505054041
baseline_last,y_XLI,19,2025-10-07,0.00868714764111056,-0.005672678505054041
baseline_last,y_XLI,17,2025-10-08,-0.014782412139570544,0.00868714764111056
baseline_last,y_XLI,18,2025-10-08,-0.014782412139570544,0.00868714764111056
baseline_last,y_XLI,19,2025-10-08,-0.014782412139570544,0.00868714764111056
baseline_last,y_XLI,17,2025-10-09,-0.022114974615258576,-0.014782412139570544
baseline_last,y_XLI,18,2025-10-09,-0.022114974615258576,-0.014782412139570544
baseline_last,y_XLI,19,2025-10-09,-0.022114974615258576,-0.014782412139570544
baseline_last,y_XLI,18,2025-10-13,0.011752287306708853,0.0
baseline_last,y_XLI,19,2025-10-13,0.011752287306708853,0.0
baseline_last,y_XLI,20,2025-10-13,0.011752287306708853,0.0
baseline_last,y_XLI,18,2025-10-14,-0.00417646754375145,0.011752287306708853
baseline_last,y_XLI,19,2025-10-14,-0.00417646754375145,0.011752287306708853
baseline_last,y_XLI,20,2025-10-14,-0.00417646754375145,0.011752287306708853
baseline_last,y_XLI,18,2025-10-15,-0.006553049176564518,-0.00417646754375145
baseline_last,y_XLI,19,2025-10-15,-0.006553049176564518,-0.00417646754375145
baseline_last,y_XLI,20,2025-10-15,-0.006553049176564518,-0.00417646754375145
baseline_last,y_XLI,18,2025-10-16,0.0008574591777723573,-0.006553049176564518
baseline_last,y_XLI,19,2025-10-16,0.0008574591777723573,-0.006553049176564518
baseline_last,y_XLI,20,2025-10-16,0.0008574591777723573,-0.006553049176564518
baseline_last,y_XLI,18,2025-10-20,0.008858807120356582,0.0
baseline_last,y_XLI,19,2025-10-20,0.008858807120356582,0.0
baseline_last,y_XLI,20,2025-10-20,0.008858807120356582,0.0
baseline_last,y_XLI,18,2025-10-21,-0.012977815387565927,0.008858807120356582
baseline_last,y_XLI,19,2025-10-21,-0.012977815387565927,0.008858807120356582
baseline_last,y_XLI,20,2025-10-21,-0.012977815387565927,0.008858807120356582
baseline_last,y_XLI,18,2025-10-22,0.012494225930091085,-0.012977815387565927
baseline_last,y_XLI,19,2025-10-22,0.012494225930091085,-0.012977815387565927
baseline_last,y_XLI,20,2025-10-22,0.012494225930091085,-0.012977815387565927
baseline_last,y_XLI,18,2025-10-23,0.0008399414464561605,0.012494225930091085
baseline_last,y_XLI,19,2025-10-23,0.0008399414464561605,0.012494225930091085
baseline_last,y_XLI,20,2025-10-23,0.0008399414464561605,0.012494225930091085
baseline_last,y_XLI,18,2025-10-27,-0.007125009484025724,0.0
baseline_last,y_XLI,19,2025-10-27,-0.007125009484025724,0.0
baseline_last,y_XLI,20,2025-10-27,-0.007125009484025724,0.0
baseline_last,y_XLI,18,2025-10-28,0.0025859917741211103,-0.007125009484025724
baseline_last,y_XLI,19,2025-10-28,0.0025859917741211103,-0.007125009484025724
baseline_last,y_XLI,20,2025-10-28,0.0025859917741211103,-0.007125009484025724
baseline_last,y_XLI,18,2025-10-29,-0.0025147522389993293,0.0025859917741211103
baseline_last,y_XLI,19,2025-10-29,-0.0025147522389993293,0.0025859917741211103
baseline_last,y_XLI,20,2025-10-29,-0.0025147522389993293,0.0025859917741211103
baseline_last,y_XLI,18,2025-10-30,0.0023918256870301136,-0.0025147522389993293
baseline_last,y_XLI,19,2025-10-30,0.0023918256870301136,-0.0025147522389993293
baseline_last,y_XLI,20,2025-10-30,0.0023918256870301136,-0.0025147522389993293
baseline_last,y_XLI,19,2025-11-03,-0.011593163536016027,0.0
baseline_last,y_XLI,20,2025-11-03,-0.011593163536016027,0.0
baseline_last,y_XLI,21,2025-11-03,-0.011593163536016027,0.0
baseline_last,y_XLI,19,2025-11-04,0.003866037690606783,-0.011593163536016027
baseline_last,y_XLI,20,2025-11-04,0.003866037690606783,-0.011593163536016027
baseline_last,y_XLI,21,2025-11-04,0.003866037690606783,-0.011593163536016027
baseline_last,y_XLI,19,2025-11-05,-0.003981772653883775,0.003866037690606783
baseline_last,y_XLI,20,2025-11-05,-0.003981772653883775,0.003866037690606783
baseline_last,y_XLI,21,2025-11-05,-0.003981772653883775,0.003866037690606783
baseline_last,y_XLI,19,2025-11-06,0.004849686995911373,-0.003981772653883775
baseline_last,y_XLI,20,2025-11-06,0.004849686995911373,-0.003981772653883775
baseline_last,y_XLI,21,2025-11-06,0.004849686995911373,-0.003981772653883775
baseline_last,y_XLI,19,2025-11-10,0.00025945380456282585,0.0
baseline_last,y_XLI,20,2025-11-10,0.00025945380456282585,0.0
baseline_last,y_XLI,21,2025-11-10,0.00025945380456282585,0.0
baseline_last,y_XLI,19,2025-11-11,0.000972525678072822,0.00025945380456282585
baseline_last,y_XLI,20,2025-11-11,0.000972525678072822,0.00025945380456282585
baseline_last,y_XLI,21,2025-11-11,0.000972525678072822,0.00025945380456282585
baseline_last,y_XLI,19,2025-11-12,-0.015480335480490215,0.000972525678072822
baseline_last,y_XLI,20,2025-11-12,-0.015480335480490215,0.000972525678072822
baseline_last,y_XLI,21,2025-11-12,-0.015480335480490215,0.000972525678072822
baseline_last,y_XLI,19,2025-11-13,6.577708116961567e-05,-0.015480335480490215
baseline_last,y_XLI,20,2025-11-13,6.577708116961567e-05,-0.015480335480490215
baseline_last,y_XLI,21,2025-11-13,6.577708116961567e-05,-0.015480335480490215
baseline_last,y_XLI,19,2025-11-17,-0.004451210927931881,0.0
baseline_last,y_XLI,20,2025-11-17,-0.004451210927931881,0.0
baseline_last,y_XLI,21,2025-11-17,-0.004451210927931881,0.0
baseline_last,y_XLI,19,2025-11-18,0.0033366543888766476,-0.004451210927931881
baseline_last,y_XLI,20,2025-11-18,0.0033366543888766476,-0.004451210927931881
baseline_last,y_XLI,21,2025-11-18,0.0033366543888766476,-0.004451210927931881
baseline_last,y_XLI,19,2025-11-19,-0.01676089047481566,0.0033366543888766476
baseline_last,y_XLI,20,2025-11-19,-0.01676089047481566,0.0033366543888766476
baseline_last,y_XLI,21,2025-11-19,-0.01676089047481566,0.0033366543888766476
baseline_last,y_XLI,19,2025-11-20,0.012176132906920545,-0.01676089047481566
baseline_last,y_XLI,20,2025-11-20,0.012176132906920545,-0.01676089047481566
baseline_last,y_XLI,21,2025-11-20,0.012176132906920545,-0.01676089047481566
baseline_last,y_XLI,20,2025-11-24,0.012799935816077967,0.0
baseline_last,y_XLI,21,2025-11-24,0.012799935816077967,0.0
baseline_last,y_XLI,22,2025-11-24,0.012799935816077967,0.0
baseline_last,y_XLI,20,2025-11-25,0.005792539893945348,0.012799935816077967
baseline_last,y_XLI,21,2025-11-25,0.005792539893945348,0.012799935816077967
baseline_last,y_XLI,22,2025-11-25,0.005792539893945348,0.012799935816077967
baseline_last,y_XLI,20,2025-12-01,0.008716197197907949,0.0
baseline_last,y_XLI,21,2025-12-01,0.008716197197907949,0.0
baseline_last,y_XLI,22,2025-12-01,0.008716197197907949,0.0
baseline_last,y_XLI,20,2025-12-02,0.00949213033397367,0.008716197197907949
baseline_last,y_XLI,21,2025-12-02,0.00949213033397367,0.008716197197907949
baseline_last,y_XLI,22,2025-12-02,0.00949213033397367,0.008716197197907949
baseline_last,y_XLI,20,2025-12-03,0.005187646988212835,0.00949213033397367
baseline_last,y_XLI,21,2025-12-03,0.005187646988212835,0.00949213033397367
baseline_last,y_XLI,22,2025-12-03,0.005187646988212835,0.00949213033397367
baseline_last,y_XLI,20,2025-12-04,-0.002773985930545675,0.005187646988212835
baseline_last,y_XLI,21,2025-12-04,-0.002773985930545675,0.005187646988212835
baseline_last,y_XLI,22,2025-12-04,-0.002773985930545675,0.005187646988212835
baseline_last,y_XLI,20,2025-12-08,-0.007319235345984221,0.0
baseline_last,y_XLI,21,2025-12-08,-0.007319235345984221,0.0
baseline_last,y_XLI,22,2025-12-08,-0.007319235345984221,0.0
baseline_last,y_XLI,20,2025-12-09,0.018269663327693086,-0.007319235345984221
baseline_last,y_XLI,21,2025-12-09,0.018269663327693086,-0.007319235345984221
baseline_last,y_XLI,22,2025-12-09,0.018269663327693086,-0.007319235345984221
baseline_last,y_XLI,20,2025-12-10,0.010701056978576151,0.018269663327693086
baseline_last,y_XLI,21,2025-12-10,0.010701056978576151,0.018269663327693086
baseline_last,y_XLI,22,2025-12-10,0.010701056978576151,0.018269663327693086
baseline_last,y_XLI,20,2025-12-11,-0.0062765307895484845,0.010701056978576151
baseline_last,y_XLI,21,2025-12-11,-0.0062765307895484845,0.010701056978576151
baseline_last,y_XLI,22,2025-12-11,-0.0062765307895484845,0.010701056978576151
baseline_last,y_XLI,21,2025-12-15,-0.005923998322894364,0.0
baseline_last,y_XLI,22,2025-12-15,-0.005923998322894364,0.0
baseline_last,y_XLI,23,2025-12-15,-0.005923998322894364,0.0
baseline_last,y_XLI,21,2025-12-16,-0.016211701033628345,-0.005923998322894364
baseline_last,y_XLI,22,2025-12-16,-0.016211701033628345,-0.005923998322894364
baseline_last,y_XLI,23,2025-12-16,-0.016211701033628345,-0.005923998322894364
baseline_last,y_XLI,21,2025-12-17,0.006513354710763419,-0.016211701033628345
baseline_last,y_XLI,22,2025-12-17,0.006513354710763419,-0.016211701033628345
baseline_last,y_XLI,23,2025-12-17,0.006513354710763419,-0.016211701033628345
baseline_last,y_XLI,21,2025-12-18,0.008606806298803837,0.006513354710763419
baseline_last,y_XLI,22,2025-12-18,0.008606806298803837,0.006513354710763419
baseline_last,y_XLI,23,2025-12-18,0.008606806298803837,0.006513354710763419
baseline_last,y_XLI,21,2025-12-23,0.003248579457232781,0.0
baseline_last,y_XLI,22,2025-12-23,0.003248579457232781,0.0
baseline_last,y_XLI,23,2025-12-23,0.003248579457232781,0.0
baseline_last,y_XLI,21,2025-12-29,-0.002868597961681707,0.0
baseline_last,y_XLI,22,2025-12-29,-0.002868597961681707,0.0
baseline_last,y_XLI,23,2025-12-29,-0.002868597961681707,0.0
baseline_last,y_XLI,21,2025-12-30,-0.00831097728535779,-0.002868597961681707
baseline_last,y_XLI,22,2025-12-30,-0.00831097728535779,-0.002868597961681707
baseline_last,y_XLI,23,2025-12-30,-0.00831097728535779,-0.002868597961681707
baseline_last,y_XLI,22,2026-01-05,0.01357521480193169,0.0
baseline_last,y_XLI,23,2026-01-05,0.01357521480193169,0.0
baseline_last,y_XLI,24,2026-01-05,0.01357521480193169,0.0
baseline_last,y_XLI,22,2026-01-06,-0.0188248547792208,0.01357521480193169
baseline_last,y_XLI,23,2026-01-06,-0.0188248547792208,0.01357521480193169
baseline_last,y_XLI,24,2026-01-06,-0.0188248547792208,0.01357521480193169
baseline_last,y_XLI,22,2026-01-07,0.007548574819322029,-0.0188248547792208
baseline_last,y_XLI,23,2026-01-07,0.007548574819322029,-0.0188248547792208
baseline_last,y_XLI,24,2026-01-07,0.007548574819322029,-0.0188248547792208
baseline_last,y_XLI,22,2026-01-08,0.010988290734570194,0.007548574819322029
baseline_last,y_XLI,23,2026-01-08,0.010988290734570194,0.007548574819322029
baseline_last,y_XLI,24,2026-01-08,0.010988290734570194,0.007548574819322029
baseline_last,y_XLI,22,2026-01-12,0.005147982762253145,0.0
baseline_last,y_XLI,23,2026-01-12,0.005147982762253145,0.0
baseline_last,y_XLI,24,2026-01-12,0.005147982762253145,0.0
baseline_last,y_XLI,22,2026-01-13,0.0015853287868634602,0.005147982762253145
baseline_last,y_XLI,23,2026-01-13,0.0015853287868634602,0.005147982762253145
baseline_last,y_XLI,24,2026-01-13,0.0015853287868634602,0.005147982762253145
baseline_last,y_XLI,22,2026-01-14,0.009192149921244619,0.0015853287868634602
baseline_last,y_XLI,23,2026-01-14,0.009192149921244619,0.0015853287868634602
baseline_last,y_XLI,24,2026-01-14,0.009192149921244619,0.0015853287868634602
baseline_last,y_XLI,22,2026-01-15,0.006755912205540282,0.009192149921244619
baseline_last,y_XLI,23,2026-01-15,0.006755912205540282,0.009192149921244619
baseline_last,y_XLI,24,2026-01-15,0.006755912205540282,0.009192149921244619
baseline_last,y_XLI,22,2026-01-21,-0.005169515551793347,0.0
baseline_last,y_XLI,23,2026-01-21,-0.005169515551793347,0.0
baseline_last,y_XLI,24,2026-01-21,-0.005169515551793347,0.0
baseline_last,y_XLI,22,2026-01-22,-0.007734131596960014,-0.005169515551793347
baseline_last,y_XLI,23,2026-01-22,-0.007734131596960014,-0.005169515551793347
baseline_last,y_XLI,24,2026-01-22,-0.007734131596960014,-0.005169515551793347
baseline_last,y_XLI,23,2026-01-26,0.004136711616878452,0.0
baseline_last,y_XLI,24,2026-01-26,0.004136711616878452,0.0
baseline_last,y_XLI,23,2026-01-27,-0.005573719753744211,0.004136711616878452
baseline_last,y_XLI,24,2026-01-27,-0.005573719753744211,0.004136711616878452
baseline_last,y_XLI,23,2026-01-28,0.010478866986102897,-0.005573719753744211
baseline_last,y_XLI,24,2026-01-28,0.010478866986102897,-0.005573719753744211
baseline_last,y_XLI,23,2026-01-29,-0.0025322450705399513,0.010478866986102897
baseline_last,y_XLI,24,2026-01-29,-0.0025322450705399513,0.010478866986102897
baseline_last,y_XLI,23,2026-02-02,0.008416424953043178,0.0
baseline_last,y_XLI,24,2026-02-02,0.008416424953043178,0.0
baseline_last,y_XLI,23,2026-02-03,0.0026636494716416603,0.008416424953043178
baseline_last,y_XLI,24,2026-02-03,0.0026636494716416603,0.008416424953043178
baseline_last,y_XLI,23,2026-02-04,-0.006021632186883785,0.0026636494716416603
baseline_last,y_XLI,24,2026-02-04,-0.006021632186883785,0.0026636494716416603
baseline_last,y_XLI,23,2026-02-05,0.02856802101375555,-0.006021632186883785
baseline_last,y_XLI,24,2026-02-05,0.02856802101375555,-0.006021632186883785
baseline_last,y_XLI,23,2026-02-09,0.001209019675053602,0.0
baseline_last,y_XLI,24,2026-02-09,0.001209019675053602,0.0
baseline_last,y_XLI,23,2026-02-10,0.00534755135528675,0.001209019675053602
baseline_last,y_XLI,24,2026-02-10,0.00534755135528675,0.001209019675053602
baseline_last,y_XLI,23,2026-02-11,-0.011953765623808232,0.00534755135528675
baseline_last,y_XLI,24,2026-02-11,-0.011953765623808232,0.00534755135528675
baseline_last,y_XLI,23,2026-02-12,0.008219960456991693,-0.011953765623808232
baseline_last,y_XLI,24,2026-02-12,0.008219960456991693,-0.011953765623808232
baseline_last,y_XLI,24,2026-02-17,-0.00022851578994431687,0.0
baseline_last,y_XLI,24,2026-02-18,0.007426891576902239,-0.00022851578994431687
baseline_last,y_XLI,24,2026-02-19,0.005047064807368384,0.007426891576902239
baseline_last,y_XLI,24,2026-02-23,0.012297625544624768,0.0
baseline_last,y_XLI,24,2026-02-24,-0.0077974328022243355,0.012297625544624768
baseline_last,y_XLI,24,2026-02-25,0.006264184547226659,-0.0077974328022243355
baseline_last,y_XLI,24,2026-02-26,0.0024901100679426413,0.006264184547226659
baseline_last,y_XLI,24,2026-03-02,-0.01934036653506066,0.0
baseline_last,y_XLI,24,2026-03-03,0.003020968832201598,-0.01934036653506066
baseline_last,y_XLI,24,2026-03-04,-0.022219717196031663,0.003020968832201598
baseline_last,y_XLI,24,2026-03-05,-0.012321255069561166,-0.022219717196031663
baseline_last,y_XLK,0,2024-08-05,0.013592865337741955,0.0
baseline_last,y_XLK,0,2024-08-06,-0.01620226482544973,0.013592865337741955
baseline_last,y_XLK,0,2024-08-07,0.03734682179574711,-0.01620226482544973
baseline_last,y_XLK,0,2024-08-08,0.004494044279352627,0.03734682179574711
baseline_last,y_XLK,0,2024-08-12,0.03072697191967433,0.0
baseline_last,y_XLK,0,2024-08-13,0.0054755242077912936,0.03072697191967433
baseline_last,y_XLK,0,2024-08-14,0.028764173503917023,0.0054755242077912936
baseline_last,y_XLK,0,2024-08-15,0.0016740060101385623,0.028764173503917023
baseline_last,y_XLK,0,2024-08-19,-0.0035102873888632757,0.0
baseline_last,y_XLK,0,2024-08-20,0.0058860647530327714,-0.0035102873888632757
baseline_last,y_XLK,0,2024-08-21,-0.023007490974612077,0.0058860647530327714
baseline_last,y_XLK,0,2024-08-22,0.016198594563828106,-0.023007490974612077
baseline_last,y_XLK,0,2024-08-26,0.006059266363122706,0.0
baseline_last,y_XLK,1,2024-08-26,0.006059266363122706,0.0
baseline_last,y_XLK,0,2024-08-27,-0.013798379066986777,0.006059266363122706
baseline_last,y_XLK,1,2024-08-27,-0.013798379066986777,0.006059266363122706
baseline_last,y_XLK,0,2024-08-28,-0.009023780775687329,-0.013798379066986777
baseline_last,y_XLK,1,2024-08-28,-0.009023780775687329,-0.013798379066986777
baseline_last,y_XLK,0,2024-08-29,0.01329097833776216,-0.009023780775687329
baseline_last,y_XLK,1,2024-08-29,0.01329097833776216,-0.009023780775687329
baseline_last,y_XLK,0,2024-09-03,-0.0025687971727617054,0.0
baseline_last,y_XLK,1,2024-09-03,-0.0025687971727617054,0.0
baseline_last,y_XLK,0,2024-09-04,-0.0015262604084921305,-0.0025687971727617054
baseline_last,y_XLK,1,2024-09-04,-0.0015262604084921305,-0.0025687971727617054
baseline_last,y_XLK,0,2024-09-05,-0.025937443724601827,-0.0015262604084921305
baseline_last,y_XLK,1,2024-09-05,-0.025937443724601827,-0.0015262604084921305
baseline_last,y_XLK,0,2024-09-09,0.014957124070620331,0.0
baseline_last,y_XLK,1,2024-09-09,0.014957124070620331,0.0
baseline_last,y_XLK,0,2024-09-10,0.03413179827603385,0.014957124070620331
baseline_last,y_XLK,1,2024-09-10,0.03413179827603385,0.014957124070620331
baseline_last,y_XLK,0,2024-09-11,0.008274493787029824,0.03413179827603385
baseline_last,y_XLK,1,2024-09-11,0.008274493787029824,0.03413179827603385
baseline_last,y_XLK,0,2024-09-12,0.005014985180587628,0.008274493787029824
baseline_last,y_XLK,1,2024-09-12,0.005014985180587628,0.008274493787029824
baseline_last,y_XLK,2,2024-09-12,0.005014985180587628,0.008274493787029824
baseline_last,y_XLK,0,2024-09-16,-0.0019581708715435964,0.0
baseline_last,y_XLK,1,2024-09-16,-0.0019581708715435964,0.0
baseline_last,y_XLK,2,2024-09-16,-0.0019581708715435964,0.0
baseline_last,y_XLK,0,2024-09-17,-0.009125387669932539,-0.0019581708715435964
baseline_last,y_XLK,1,2024-09-17,-0.009125387669932539,-0.0019581708715435964
baseline_last,y_XLK,2,2024-09-17,-0.009125387669932539,-0.0019581708715435964
baseline_last,y_XLK,0,2024-09-18,0.029700305379968484,-0.009125387669932539
baseline_last,y_XLK,1,2024-09-18,0.029700305379968484,-0.009125387669932539
baseline_last,y_XLK,2,2024-09-18,0.029700305379968484,-0.009125387669932539
baseline_last,y_XLK,0,2024-09-19,-0.004874424490652229,0.029700305379968484
baseline_last,y_XLK,1,2024-09-19,-0.004874424490652229,0.029700305379968484
baseline_last,y_XLK,2,2024-09-19,-0.004874424490652229,0.029700305379968484
baseline_last,y_XLK,0,2024-09-23,0.00684413769072445,0.0
baseline_last,y_XLK,1,2024-09-23,0.00684413769072445,0.0
baseline_last,y_XLK,2,2024-09-23,0.00684413769072445,0.0
baseline_last,y_XLK,0,2024-09-24,0.002862182173191119,0.00684413769072445
baseline_last,y_XLK,1,2024-09-24,0.002862182173191119,0.00684413769072445
baseline_last,y_XLK,2,2024-09-24,0.002862182173191119,0.00684413769072445
baseline_last,y_XLK,0,2024-09-25,0.013244183359941042,0.002862182173191119
baseline_last,y_XLK,1,2024-09-25,0.013244183359941042,0.002862182173191119
baseline_last,y_XLK,2,2024-09-25,0.013244183359941042,0.002862182173191119
baseline_last,y_XLK,0,2024-09-26,-0.009330211418282053,0.013244183359941042
baseline_last,y_XLK,1,2024-09-26,-0.009330211418282053,0.013244183359941042
baseline_last,y_XLK,2,2024-09-26,-0.009330211418282053,0.013244183359941042
baseline_last,y_XLK,0,2024-09-30,-0.024362256132713922,0.0
baseline_last,y_XLK,1,2024-09-30,-0.024362256132713922,0.0
baseline_last,y_XLK,2,2024-09-30,-0.024362256132713922,0.0
baseline_last,y_XLK,0,2024-10-01,0.00740036831126667,-0.024362256132713922
baseline_last,y_XLK,1,2024-10-01,0.00740036831126667,-0.024362256132713922
baseline_last,y_XLK,2,2024-10-01,0.00740036831126667,-0.024362256132713922
baseline_last,y_XLK,0,2024-10-02,0.0041462799642419945,0.00740036831126667
baseline_last,y_XLK,1,2024-10-02,0.0041462799642419945,0.00740036831126667
baseline_last,y_XLK,2,2024-10-02,0.0041462799642419945,0.00740036831126667
baseline_last,y_XLK,0,2024-10-03,0.011130432165739279,0.0041462799642419945
baseline_last,y_XLK,1,2024-10-03,0.011130432165739279,0.0041462799642419945
baseline_last,y_XLK,2,2024-10-03,0.011130432165739279,0.0041462799642419945
baseline_last,y_XLK,1,2024-10-07,0.018682317770967183,0.0
baseline_last,y_XLK,2,2024-10-07,0.018682317770967183,0.0
baseline_last,y_XLK,3,2024-10-07,0.018682317770967183,0.0
baseline_last,y_XLK,1,2024-10-08,0.01118817031368069,0.018682317770967183
baseline_last,y_XLK,2,2024-10-08,0.01118817031368069,0.018682317770967183
baseline_last,y_XLK,3,2024-10-08,0.01118817031368069,0.018682317770967183
baseline_last,y_XLK,1,2024-10-09,-0.0002603093096511522,0.01118817031368069
baseline_last,y_XLK,2,2024-10-09,-0.0002603093096511522,0.01118817031368069
baseline_last,y_XLK,3,2024-10-09,-0.0002603093096511522,0.01118817031368069
baseline_last,y_XLK,1,2024-10-10,0.0017360029961053236,-0.0002603093096511522
baseline_last,y_XLK,2,2024-10-10,0.0017360029961053236,-0.0002603093096511522
baseline_last,y_XLK,3,2024-10-10,0.0017360029961053236,-0.0002603093096511522
baseline_last,y_XLK,1,2024-10-14,-0.021982790146283904,0.0
baseline_last,y_XLK,2,2024-10-14,-0.021982790146283904,0.0
baseline_last,y_XLK,3,2024-10-14,-0.021982790146283904,0.0
baseline_last,y_XLK,1,2024-10-15,0.003104785762922724,-0.021982790146283904
baseline_last,y_XLK,2,2024-10-15,0.003104785762922724,-0.021982790146283904
baseline_last,y_XLK,3,2024-10-15,0.003104785762922724,-0.021982790146283904
baseline_last,y_XLK,1,2024-10-16,0.0030515308875318503,0.003104785762922724
baseline_last,y_XLK,2,2024-10-16,0.0030515308875318503,0.003104785762922724
baseline_last,y_XLK,3,2024-10-16,0.0030515308875318503,0.003104785762922724
baseline_last,y_XLK,1,2024-10-17,0.0035639263625881767,0.0030515308875318503
baseline_last,y_XLK,2,2024-10-17,0.0035639263625881767,0.0030515308875318503
baseline_last,y_XLK,3,2024-10-17,0.0035639263625881767,0.0030515308875318503
baseline_last,y_XLK,1,2024-10-21,-0.0010345475644281121,0.0
baseline_last,y_XLK,2,2024-10-21,-0.0010345475644281121,0.0
baseline_last,y_XLK,3,2024-10-21,-0.0010345475644281121,0.0
baseline_last,y_XLK,1,2024-10-22,-0.01432586321985907,-0.0010345475644281121
baseline_last,y_XLK,2,2024-10-22,-0.01432586321985907,-0.0010345475644281121
baseline_last,y_XLK,3,2024-10-22,-0.01432586321985907,-0.0010345475644281121
baseline_last,y_XLK,1,2024-10-23,0.0029331392763485287,-0.01432586321985907
baseline_last,y_XLK,2,2024-10-23,0.0029331392763485287,-0.01432586321985907
baseline_last,y_XLK,3,2024-10-23,0.0029331392763485287,-0.01432586321985907
baseline_last,y_XLK,1,2024-10-24,0.00519422248977941,0.0029331392763485287
baseline_last,y_XLK,2,2024-10-24,0.00519422248977941,0.0029331392763485287
baseline_last,y_XLK,3,2024-10-24,0.00519422248977941,0.0029331392763485287
baseline_last,y_XLK,2,2024-10-28,0.013465477941466242,0.0
baseline_last,y_XLK,3,2024-10-28,0.013465477941466242,0.0
baseline_last,y_XLK,4,2024-10-28,0.013465477941466242,0.0
baseline_last,y_XLK,2,2024-10-29,-0.01590103759477479,0.013465477941466242
baseline_last,y_XLK,3,2024-10-29,-0.01590103759477479,0.013465477941466242
baseline_last,y_XLK,4,2024-10-29,-0.01590103759477479,0.013465477941466242
baseline_last,y_XLK,2,2024-10-30,-0.03209778208406844,-0.01590103759477479
baseline_last,y_XLK,3,2024-10-30,-0.03209778208406844,-0.01590103759477479
baseline_last,y_XLK,4,2024-10-30,-0.03209778208406844,-0.01590103759477479
baseline_last,y_XLK,2,2024-10-31,0.007514355187098198,-0.03209778208406844
baseline_last,y_XLK,3,2024-10-31,0.007514355187098198,-0.03209778208406844
baseline_last,y_XLK,4,2024-10-31,0.007514355187098198,-0.03209778208406844
baseline_last,y_XLK,2,2024-11-04,0.01407879033370607,0.0
baseline_last,y_XLK,3,2024-11-04,0.01407879033370607,0.0
baseline_last,y_XLK,4,2024-11-04,0.01407879033370607,0.0
baseline_last,y_XLK,2,2024-11-05,0.028471928830785753,0.01407879033370607
baseline_last,y_XLK,3,2024-11-05,0.028471928830785753,0.01407879033370607
baseline_last,y_XLK,4,2024-11-05,0.028471928830785753,0.01407879033370607
baseline_last,y_XLK,2,2024-11-06,0.0174417064306307,0.028471928830785753
baseline_last,y_XLK,3,2024-11-06,0.0174417064306307,0.028471928830785753
baseline_last,y_XLK,4,2024-11-06,0.0174417064306307,0.028471928830785753
baseline_last,y_XLK,2,2024-11-07,-0.0010951594947873344,0.0174417064306307
baseline_last,y_XLK,3,2024-11-07,-0.0010951594947873344,0.0174417064306307
baseline_last,y_XLK,4,2024-11-07,-0.0010951594947873344,0.0174417064306307
baseline_last,y_XLK,2,2024-11-11,0.0012719219225387768,0.0
baseline_last,y_XLK,3,2024-11-11,0.0012719219225387768,0.0
baseline_last,y_XLK,4,2024-11-11,0.0012719219225387768,0.0
baseline_last,y_XLK,2,2024-11-12,-0.003472404704730536,0.0012719219225387768
baseline_last,y_XLK,3,2024-11-12,-0.003472404704730536,0.0012719219225387768
baseline_last,y_XLK,4,2024-11-12,-0.003472404704730536,0.0012719219225387768
baseline_last,y_XLK,2,2024-11-13,-0.003399482931451092,-0.003472404704730536
baseline_last,y_XLK,3,2024-11-13,-0.003399482931451092,-0.003472404704730536
baseline_last,y_XLK,4,2024-11-13,-0.003399482931451092,-0.003472404704730536
baseline_last,y_XLK,2,2024-11-14,-0.024815518202147224,-0.003399482931451092
baseline_last,y_XLK,3,2024-11-14,-0.024815518202147224,-0.003399482931451092
baseline_last,y_XLK,4,2024-11-14,-0.024815518202147224,-0.003399482931451092
baseline_last,y_XLK,3,2024-11-18,0.008193465630059071,0.0
baseline_last,y_XLK,4,2024-11-18,0.008193465630059071,0.0
baseline_last,y_XLK,5,2024-11-18,0.008193465630059071,0.0
baseline_last,y_XLK,3,2024-11-19,-0.0008645162611359281,0.008193465630059071
baseline_last,y_XLK,4,2024-11-19,-0.0008645162611359281,0.008193465630059071
baseline_last,y_XLK,5,2024-11-19,-0.0008645162611359281,0.008193465630059071
baseline_last,y_XLK,3,2024-11-20,0.010167387786784943,-0.0008645162611359281
baseline_last,y_XLK,4,2024-11-20,0.010167387786784943,-0.0008645162611359281
baseline_last,y_XLK,5,2024-11-20,0.010167387786784943,-0.0008645162611359281
baseline_last,y_XLK,3,2024-11-21,0.0005140386091475602,0.010167387786784943
baseline_last,y_XLK,4,2024-11-21,0.0005140386091475602,0.010167387786784943
baseline_last,y_XLK,5,2024-11-21,0.0005140386091475602,0.010167387786784943
baseline_last,y_XLK,3,2024-11-25,0.005008791951381486,0.0
baseline_last,y_XLK,4,2024-11-25,0.005008791951381486,0.0
baseline_last,y_XLK,5,2024-11-25,0.005008791951381486,0.0
baseline_last,y_XLK,3,2024-11-26,-0.013545719382350718,0.005008791951381486
baseline_last,y_XLK,4,2024-11-26,-0.013545719382350718,0.005008791951381486
baseline_last,y_XLK,5,2024-11-26,-0.013545719382350718,0.005008791951381486
baseline_last,y_XLK,3,2024-12-02,0.003602447056835878,0.0
baseline_last,y_XLK,4,2024-12-02,0.003602447056835878,0.0
baseline_last,y_XLK,5,2024-12-02,0.003602447056835878,0.0
baseline_last,y_XLK,3,2024-12-03,0.01828542451920656,0.003602447056835878
baseline_last,y_XLK,4,2024-12-03,0.01828542451920656,0.003602447056835878
baseline_last,y_XLK,5,2024-12-03,0.01828542451920656,0.003602447056835878
baseline_last,y_XLK,3,2024-12-04,-0.005059451166136264,0.01828542451920656
baseline_last,y_XLK,4,2024-12-04,-0.005059451166136264,0.01828542451920656
baseline_last,y_XLK,5,2024-12-04,-0.005059451166136264,0.01828542451920656
baseline_last,y_XLK,3,2024-12-05,0.0038763210629748635,-0.005059451166136264
baseline_last,y_XLK,4,2024-12-05,0.0038763210629748635,-0.005059451166136264
baseline_last,y_XLK,5,2024-12-05,0.0038763210629748635,-0.005059451166136264
baseline_last,y_XLK,4,2024-12-09,-0.013875488511640777,0.0
baseline_last,y_XLK,5,2024-12-09,-0.013875488511640777,0.0
baseline_last,y_XLK,6,2024-12-09,-0.013875488511640777,0.0
baseline_last,y_XLK,4,2024-12-10,0.01449452101500226,-0.013875488511640777
baseline_last,y_XLK,5,2024-12-10,0.01449452101500226,-0.013875488511640777
baseline_last,y_XLK,6,2024-12-10,0.01449452101500226,-0.013875488511640777
baseline_last,y_XLK,4,2024-12-11,-0.0055980415720697785,0.01449452101500226
baseline_last,y_XLK,5,2024-12-11,-0.0055980415720697785,0.01449452101500226
baseline_last,y_XLK,6,2024-12-11,-0.0055980415720697785,0.01449452101500226
baseline_last,y_XLK,4,2024-12-12,0.0042852905396102425,-0.0055980415720697785
baseline_last,y_XLK,5,2024-12-12,0.0042852905396102425,-0.0055980415720697785
baseline_last,y_XLK,6,2024-12-12,0.0042852905396102425,-0.0055980415720697785
baseline_last,y_XLK,4,2024-12-16,-0.006047073731622277,0.0
baseline_last,y_XLK,5,2024-12-16,-0.006047073731622277,0.0
baseline_last,y_XLK,6,2024-12-16,-0.006047073731622277,0.0
baseline_last,y_XLK,4,2024-12-17,-0.032252646273863705,-0.006047073731622277
baseline_last,y_XLK,5,2024-12-17,-0.032252646273863705,-0.006047073731622277
baseline_last,y_XLK,6,2024-12-17,-0.032252646273863705,-0.006047073731622277
baseline_last,y_XLK,4,2024-12-18,0.0010764770883413544,-0.032252646273863705
baseline_last,y_XLK,5,2024-12-18,0.0010764770883413544,-0.032252646273863705
baseline_last,y_XLK,6,2024-12-18,0.0010764770883413544,-0.032252646273863705
baseline_last,y_XLK,4,2024-12-19,0.014925416575518824,0.0010764770883413544
baseline_last,y_XLK,5,2024-12-19,0.014925416575518824,0.0010764770883413544
baseline_last,y_XLK,6,2024-12-19,0.014925416575518824,0.0010764770883413544
baseline_last,y_XLK,4,2024-12-23,0.010333130115946165,0.0
baseline_last,y_XLK,5,2024-12-23,0.010333130115946165,0.0
baseline_last,y_XLK,6,2024-12-23,0.010333130115946165,0.0
baseline_last,y_XLK,4,2024-12-26,-0.013295182092859847,0.0
baseline_last,y_XLK,5,2024-12-26,-0.013295182092859847,0.0
baseline_last,y_XLK,6,2024-12-26,-0.013295182092859847,0.0
baseline_last,y_XLK,5,2024-12-30,-0.008316627479341032,0.0
baseline_last,y_XLK,6,2024-12-30,-0.008316627479341032,0.0
baseline_last,y_XLK,7,2024-12-30,-0.008316627479341032,0.0
baseline_last,y_XLK,5,2025-01-02,0.016295182459353796,0.0
baseline_last,y_XLK,6,2025-01-02,0.016295182459353796,0.0
baseline_last,y_XLK,7,2025-01-02,0.016295182459353796,0.0
baseline_last,y_XLK,5,2025-01-06,-0.020062763298325903,0.0
baseline_last,y_XLK,6,2025-01-06,-0.020062763298325903,0.0
baseline_last,y_XLK,7,2025-01-06,-0.020062763298325903,0.0
baseline_last,y_XLK,5,2025-01-07,-0.0003419767278635133,-0.020062763298325903
baseline_last,y_XLK,6,2025-01-07,-0.0003419767278635133,-0.020062763298325903
baseline_last,y_XLK,7,2025-01-07,-0.0003419767278635133,-0.020062763298325903
baseline_last,y_XLK,5,2025-01-13,0.0026411638045382713,0.0
baseline_last,y_XLK,6,2025-01-13,0.0026411638045382713,0.0
baseline_last,y_XLK,7,2025-01-13,0.0026411638045382713,0.0
baseline_last,y_XLK,5,2025-01-14,0.019889350656249416,0.0026411638045382713
baseline_last,y_XLK,6,2025-01-14,0.019889350656249416,0.0026411638045382713
baseline_last,y_XLK,7,2025-01-14,0.019889350656249416,0.0026411638045382713
baseline_last,y_XLK,5,2025-01-15,-0.007705807394209563,0.019889350656249416
baseline_last,y_XLK,6,2025-01-15,-0.007705807394209563,0.019889350656249416
baseline_last,y_XLK,7,2025-01-15,-0.007705807394209563,0.019889350656249416
baseline_last,y_XLK,5,2025-01-16,0.015661587153182444,-0.007705807394209563
baseline_last,y_XLK,6,2025-01-16,0.015661587153182444,-0.007705807394209563
baseline_last,y_XLK,7,2025-01-16,0.015661587153182444,-0.007705807394209563
baseline_last,y_XLK,6,2025-01-21,0.022578984069296926,0.0
baseline_last,y_XLK,7,2025-01-21,0.022578984069296926,0.0
baseline_last,y_XLK,8,2025-01-21,0.022578984069296926,0.0
baseline_last,y_XLK,6,2025-01-22,0.001781412364173507,0.022578984069296926
baseline_last,y_XLK,7,2025-01-22,0.001781412364173507,0.022578984069296926
baseline_last,y_XLK,8,2025-01-22,0.001781412364173507,0.022578984069296926
baseline_last,y_XLK,6,2025-01-23,-0.010421019895996309,0.001781412364173507
baseline_last,y_XLK,7,2025-01-23,-0.010421019895996309,0.001781412364173507
baseline_last,y_XLK,8,2025-01-23,-0.010421019895996309,0.001781412364173507
baseline_last,y_XLK,6,2025-01-27,0.02667306089667476,0.0
baseline_last,y_XLK,7,2025-01-27,0.02667306089667476,0.0
baseline_last,y_XLK,8,2025-01-27,0.02667306089667476,0.0
baseline_last,y_XLK,6,2025-01-28,-0.008132135588034384,0.02667306089667476
baseline_last,y_XLK,7,2025-01-28,-0.008132135588034384,0.02667306089667476
baseline_last,y_XLK,8,2025-01-28,-0.008132135588034384,0.02667306089667476
baseline_last,y_XLK,6,2025-01-29,0.0018555266516131486,-0.008132135588034384
baseline_last,y_XLK,7,2025-01-29,0.0018555266516131486,-0.008132135588034384
baseline_last,y_XLK,8,2025-01-29,0.0018555266516131486,-0.008132135588034384
baseline_last,y_XLK,6,2025-01-30,-0.005857831620902698,0.0018555266516131486
baseline_last,y_XLK,7,2025-01-30,-0.005857831620902698,0.0018555266516131486
baseline_last,y_XLK,8,2025-01-30,-0.005857831620902698,0.0018555266516131486
baseline_last,y_XLK,6,2025-02-03,0.014404967390106771,0.0
baseline_last,y_XLK,7,2025-02-03,0.014404967390106771,0.0
baseline_last,y_XLK,8,2025-02-03,0.014404967390106771,0.0
baseline_last,y_XLK,6,2025-02-04,0.013897362300324678,0.014404967390106771
baseline_last,y_XLK,7,2025-02-04,0.013897362300324678,0.014404967390106771
baseline_last,y_XLK,8,2025-02-04,0.013897362300324678,0.014404967390106771
baseline_last,y_XLK,6,2025-02-05,0.002732799142770581,0.013897362300324678
baseline_last,y_XLK,7,2025-02-05,0.002732799142770581,0.013897362300324678
baseline_last,y_XLK,8,2025-02-05,0.002732799142770581,0.013897362300324678
baseline_last,y_XLK,6,2025-02-06,-0.008559393278988026,0.002732799142770581
baseline_last,y_XLK,7,2025-02-06,-0.008559393278988026,0.002732799142770581
baseline_last,y_XLK,8,2025-02-06,-0.008559393278988026,0.002732799142770581
baseline_last,y_XLK,7,2025-02-10,0.0004656461493550701,0.0
baseline_last,y_XLK,8,2025-02-10,0.0004656461493550701,0.0
baseline_last,y_XLK,9,2025-02-10,0.0004656461493550701,0.0
baseline_last,y_XLK,7,2025-02-11,-0.0021580358982258296,0.0004656461493550701
baseline_last,y_XLK,8,2025-02-11,-0.0021580358982258296,0.0004656461493550701
baseline_last,y_XLK,9,2025-02-11,-0.0021580358982258296,0.0004656461493550701
baseline_last,y_XLK,7,2025-02-12,0.014163338546339554,-0.0021580358982258296
baseline_last,y_XLK,8,2025-02-12,0.014163338546339554,-0.0021580358982258296
baseline_last,y_XLK,9,2025-02-12,0.014163338546339554,-0.0021580358982258296
baseline_last,y_XLK,7,2025-02-13,0.003386884969109216,0.014163338546339554
baseline_last,y_XLK,8,2025-02-13,0.003386884969109216,0.014163338546339554
baseline_last,y_XLK,9,2025-02-13,0.003386884969109216,0.014163338546339554
baseline_last,y_XLK,7,2025-02-18,8.261504842943523e-05,0.0
baseline_last,y_XLK,8,2025-02-18,8.261504842943523e-05,0.0
baseline_last,y_XLK,9,2025-02-18,8.261504842943523e-05,0.0
baseline_last,y_XLK,7,2025-02-19,-0.0031794339377660963,8.261504842943523e-05
baseline_last,y_XLK,8,2025-02-19,-0.0031794339377660963,8.261504842943523e-05
baseline_last,y_XLK,9,2025-02-19,-0.0031794339377660963,8.261504842943523e-05
baseline_last,y_XLK,7,2025-02-20,-0.02709084431070774,-0.0031794339377660963
baseline_last,y_XLK,8,2025-02-20,-0.02709084431070774,-0.0031794339377660963
baseline_last,y_XLK,9,2025-02-20,-0.02709084431070774,-0.0031794339377660963
baseline_last,y_XLK,7,2025-02-24,-0.012958416819712104,0.0
baseline_last,y_XLK,8,2025-02-24,-0.012958416819712104,0.0
baseline_last,y_XLK,9,2025-02-24,-0.012958416819712104,0.0
baseline_last,y_XLK,7,2025-02-25,0.01089678857981946,-0.012958416819712104
baseline_last,y_XLK,8,2025-02-25,0.01089678857981946,-0.012958416819712104
baseline_last,y_XLK,9,2025-02-25,0.01089678857981946,-0.012958416819712104
baseline_last,y_XLK,7,2025-02-26,-0.03640701988349293,0.01089678857981946
baseline_last,y_XLK,8,2025-02-26,-0.03640701988349293,0.01089678857981946
baseline_last,y_XLK,9,2025-02-26,-0.03640701988349293,0.01089678857981946
baseline_last,y_XLK,7,2025-02-27,0.013208141683312302,-0.03640701988349293
baseline_last,y_XLK,8,2025-02-27,0.013208141683312302,-0.03640701988349293
baseline_last,y_XLK,9,2025-02-27,0.013208141683312302,-0.03640701988349293
baseline_last,y_XLK,8,2025-03-03,-0.0007774169367357198,0.0
baseline_last,y_XLK,9,2025-03-03,-0.0007774169367357198,0.0
baseline_last,y_XLK,10,2025-03-03,-0.0007774169367357198,0.0
baseline_last,y_XLK,8,2025-03-04,0.01405034824063911,-0.0007774169367357198
baseline_last,y_XLK,9,2025-03-04,0.01405034824063911,-0.0007774169367357198
baseline_last,y_XLK,10,2025-03-04,0.01405034824063911,-0.0007774169367357198
baseline_last,y_XLK,8,2025-03-05,-0.02775652325278921,0.01405034824063911
baseline_last,y_XLK,9,2025-03-05,-0.02775652325278921,0.01405034824063911
baseline_last,y_XLK,10,2025-03-05,-0.02775652325278921,0.01405034824063911
baseline_last,y_XLK,8,2025-03-06,0.01448330413712795,-0.02775652325278921
baseline_last,y_XLK,9,2025-03-06,0.01448330413712795,-0.02775652325278921
baseline_last,y_XLK,10,2025-03-06,0.01448330413712795,-0.02775652325278921
baseline_last,y_XLK,8,2025-03-10,-0.0040621464901259285,0.0
baseline_last,y_XLK,9,2025-03-10,-0.0040621464901259285,0.0
baseline_last,y_XLK,10,2025-03-10,-0.0040621464901259285,0.0
baseline_last,y_XLK,8,2025-03-11,0.015738942800888944,-0.0040621464901259285
baseline_last,y_XLK,9,2025-03-11,0.015738942800888944,-0.0040621464901259285
baseline_last,y_XLK,10,2025-03-11,0.015738942800888944,-0.0040621464901259285
baseline_last,y_XLK,8,2025-03-12,-0.018990880753475547,0.015738942800888944
baseline_last,y_XLK,9,2025-03-12,-0.018990880753475547,0.015738942800888944
baseline_last,y_XLK,10,2025-03-12,-0.018990880753475547,0.015738942800888944
baseline_last,y_XLK,8,2025-03-13,0.030241733944785798,-0.018990880753475547
baseline_last,y_XLK,9,2025-03-13,0.030241733944785798,-0.018990880753475547
baseline_last,y_XLK,10,2025-03-13,0.030241733944785798,-0.018990880753475547
baseline_last,y_XLK,8,2025-03-17,-0.015225342943852915,0.0
baseline_last,y_XLK,9,2025-03-17,-0.015225342943852915,0.0
baseline_last,y_XLK,10,2025-03-17,-0.015225342943852915,0.0
baseline_last,y_XLK,8,2025-03-18,0.01300962331010913,-0.015225342943852915
baseline_last,y_XLK,9,2025-03-18,0.01300962331010913,-0.015225342943852915
baseline_last,y_XLK,10,2025-03-18,0.01300962331010913,-0.015225342943852915
baseline_last,y_XLK,8,2025-03-19,-0.0071193084647396265,0.01300962331010913
baseline_last,y_XLK,9,2025-03-19,-0.0071193084647396265,0.01300962331010913
baseline_last,y_XLK,10,2025-03-19,-0.0071193084647396265,0.01300962331010913
baseline_last,y_XLK,8,2025-03-20,0.0027181875065835914,-0.0071193084647396265
baseline_last,y_XLK,9,2025-03-20,0.0027181875065835914,-0.0071193084647396265
baseline_last,y_XLK,10,2025-03-20,0.0027181875065835914,-0.0071193084647396265
baseline_last,y_XLK,9,2025-03-24,0.0033083581962574105,0.0
baseline_last,y_XLK,10,2025-03-24,0.0033083581962574105,0.0
baseline_last,y_XLK,11,2025-03-24,0.0033083581962574105,0.0
baseline_last,y_XLK,9,2025-03-25,-0.022303758401208906,0.0033083581962574105
baseline_last,y_XLK,10,2025-03-25,-0.022303758401208906,0.0033083581962574105
baseline_last,y_XLK,11,2025-03-25,-0.022303758401208906,0.0033083581962574105
baseline_last,y_XLK,9,2025-03-26,-0.009228038124350024,-0.022303758401208906
baseline_last,y_XLK,10,2025-03-26,-0.009228038124350024,-0.022303758401208906
baseline_last,y_XLK,11,2025-03-26,-0.009228038124350024,-0.022303758401208906
baseline_last,y_XLK,9,2025-03-27,-0.024254108130870033,-0.009228038124350024
baseline_last,y_XLK,10,2025-03-27,-0.024254108130870033,-0.009228038124350024
baseline_last,y_XLK,11,2025-03-27,-0.024254108130870033,-0.009228038124350024
baseline_last,y_XLK,9,2025-03-31,0.007313103333808746,0.0
baseline_last,y_XLK,10,2025-03-31,0.007313103333808746,0.0
baseline_last,y_XLK,11,2025-03-31,0.007313103333808746,0.0
baseline_last,y_XLK,9,2025-04-01,0.007404149185691766,0.007313103333808746
baseline_last,y_XLK,10,2025-04-01,0.007404149185691766,0.007313103333808746
baseline_last,y_XLK,11,2025-04-01,0.007404149185691766,0.007313103333808746
baseline_last,y_XLK,9,2025-04-02,-0.06824790674657977,0.007404149185691766
baseline_last,y_XLK,10,2025-04-02,-0.06824790674657977,0.007404149185691766
baseline_last,y_XLK,11,2025-04-02,-0.06824790674657977,0.007404149185691766
baseline_last,y_XLK,9,2025-04-03,-0.06587103425514218,-0.06824790674657977
baseline_last,y_XLK,10,2025-04-03,-0.06587103425514218,-0.06824790674657977
baseline_last,y_XLK,11,2025-04-03,-0.06587103425514218,-0.06824790674657977
baseline_last,y_XLK,9,2025-04-07,-0.020331453070269734,0.0
baseline_last,y_XLK,10,2025-04-07,-0.020331453070269734,0.0
baseline_last,y_XLK,11,2025-04-07,-0.020331453070269734,0.0
baseline_last,y_XLK,9,2025-04-08,0.13425696308232604,-0.020331453070269734
baseline_last,y_XLK,10,2025-04-08,0.13425696308232604,-0.020331453070269734
baseline_last,y_XLK,11,2025-04-08,0.13425696308232604,-0.020331453070269734
baseline_last,y_XLK,9,2025-04-09,-0.04655159412211418,0.13425696308232604
baseline_last,y_XLK,10,2025-04-09,-0.04655159412211418,0.13425696308232604
baseline_last,y_XLK,11,2025-04-09,-0.04655159412211418,0.13425696308232604
baseline_last,y_XLK,9,2025-04-10,0.020476443148288004,-0.04655159412211418
baseline_last,y_XLK,10,2025-04-10,0.020476443148288004,-0.04655159412211418
baseline_last,y_XLK,11,2025-04-10,0.020476443148288004,-0.04655159412211418
baseline_last,y_XLK,10,2025-04-14,0.003647038247804435,0.0
baseline_last,y_XLK,11,2025-04-14,0.003647038247804435,0.0
baseline_last,y_XLK,12,2025-04-14,0.003647038247804435,0.0
baseline_last,y_XLK,10,2025-04-15,-0.034745348131745346,0.003647038247804435
baseline_last,y_XLK,11,2025-04-15,-0.034745348131745346,0.003647038247804435
baseline_last,y_XLK,12,2025-04-15,-0.034745348131745346,0.003647038247804435
baseline_last,y_XLK,10,2025-04-16,-0.005414894655491498,-0.034745348131745346
baseline_last,y_XLK,11,2025-04-16,-0.005414894655491498,-0.034745348131745346
baseline_last,y_XLK,12,2025-04-16,-0.005414894655491498,-0.034745348131745346
baseline_last,y_XLK,10,2025-04-21,0.024377312745142765,0.0
baseline_last,y_XLK,11,2025-04-21,0.024377312745142765,0.0
baseline_last,y_XLK,12,2025-04-21,0.024377312745142765,0.0
baseline_last,y_XLK,10,2025-04-22,0.028992876552094815,0.024377312745142765
baseline_last,y_XLK,11,2025-04-22,0.028992876552094815,0.024377312745142765
baseline_last,y_XLK,12,2025-04-22,0.028992876552094815,0.024377312745142765
baseline_last,y_XLK,10,2025-04-23,0.03731571535550837,0.028992876552094815
baseline_last,y_XLK,11,2025-04-23,0.03731571535550837,0.028992876552094815
baseline_last,y_XLK,12,2025-04-23,0.03731571535550837,0.028992876552094815
baseline_last,y_XLK,10,2025-04-24,0.014798254924457632,0.03731571535550837
baseline_last,y_XLK,11,2025-04-24,0.014798254924457632,0.03731571535550837
baseline_last,y_XLK,12,2025-04-24,0.014798254924457632,0.03731571535550837
baseline_last,y_XLK,10,2025-04-28,0.004660527547534654,0.0
baseline_last,y_XLK,11,2025-04-28,0.004660527547534654,0.0
baseline_last,y_XLK,12,2025-04-28,0.004660527547534654,0.0
baseline_last,y_XLK,10,2025-04-29,0.004160701611438888,0.004660527547534654
baseline_last,y_XLK,11,2025-04-29,0.004160701611438888,0.004660527547534654
baseline_last,y_XLK,12,2025-04-29,0.004160701611438888,0.004660527547534654
baseline_last,y_XLK,10,2025-04-30,0.014668729625953336,0.004160701611438888
baseline_last,y_XLK,11,2025-04-30,0.014668729625953336,0.004160701611438888
baseline_last,y_XLK,12,2025-04-30,0.014668729625953336,0.004160701611438888
baseline_last,y_XLK,10,2025-05-01,0.016709702700655527,0.014668729625953336
baseline_last,y_XLK,11,2025-05-01,0.016709702700655527,0.014668729625953336
baseline_last,y_XLK,12,2025-05-01,0.016709702700655527,0.014668729625953336
baseline_last,y_XLK,11,2025-05-05,-0.008307815121023077,0.0
baseline_last,y_XLK,12,2025-05-05,-0.008307815121023077,0.0
baseline_last,y_XLK,13,2025-05-05,-0.008307815121023077,0.0
baseline_last,y_XLK,11,2025-05-06,0.010015408707336304,-0.008307815121023077
baseline_last,y_XLK,12,2025-05-06,0.010015408707336304,-0.008307815121023077
baseline_last,y_XLK,13,2025-05-06,0.010015408707336304,-0.008307815121023077
baseline_last,y_XLK,11,2025-05-07,0.009545367965011486,0.010015408707336304
baseline_last,y_XLK,12,2025-05-07,0.009545367965011486,0.010015408707336304
baseline_last,y_XLK,13,2025-05-07,0.009545367965011486,0.010015408707336304
baseline_last,y_XLK,11,2025-05-08,-0.0012391974727828936,0.009545367965011486
baseline_last,y_XLK,12,2025-05-08,-0.0012391974727828936,0.009545367965011486
baseline_last,y_XLK,13,2025-05-08,-0.0012391974727828936,0.009545367965011486
baseline_last,y_XLK,11,2025-05-12,0.02160740970100039,0.0
baseline_last,y_XLK,12,2025-05-12,0.02160740970100039,0.0
baseline_last,y_XLK,13,2025-05-12,0.02160740970100039,0.0
baseline_last,y_XLK,11,2025-05-13,0.006491314210443466,0.02160740970100039
baseline_last,y_XLK,12,2025-05-13,0.006491314210443466,0.02160740970100039
baseline_last,y_XLK,13,2025-05-13,0.006491314210443466,0.02160740970100039
baseline_last,y_XLK,11,2025-05-14,0.0013666782667716149,0.006491314210443466
baseline_last,y_XLK,12,2025-05-14,0.0013666782667716149,0.006491314210443466
baseline_last,y_XLK,13,2025-05-14,0.0013666782667716149,0.006491314210443466
baseline_last,y_XLK,11,2025-05-15,0.0018768221776850336,0.0013666782667716149
baseline_last,y_XLK,12,2025-05-15,0.0018768221776850336,0.0013666782667716149
baseline_last,y_XLK,13,2025-05-15,0.0018768221776850336,0.0013666782667716149
baseline_last,y_XLK,11,2025-05-19,-0.0037519131712042686,0.0
baseline_last,y_XLK,12,2025-05-19,-0.0037519131712042686,0.0
baseline_last,y_XLK,13,2025-05-19,-0.0037519131712042686,0.0
baseline_last,y_XLK,11,2025-05-20,-0.018787121098328696,-0.0037519131712042686
baseline_last,y_XLK,12,2025-05-20,-0.018787121098328696,-0.0037519131712042686
baseline_last,y_XLK,13,2025-05-20,-0.018787121098328696,-0.0037519131712042686
baseline_last,y_XLK,11,2025-05-21,0.0002617103341890914,-0.018787121098328696
baseline_last,y_XLK,12,2025-05-21,0.0002617103341890914,-0.018787121098328696
baseline_last,y_XLK,13,2025-05-21,0.0002617103341890914,-0.018787121098328696
baseline_last,y_XLK,11,2025-05-22,-0.01103172970598143,0.0002617103341890914
baseline_last,y_XLK,12,2025-05-22,-0.01103172970598143,0.0002617103341890914
baseline_last,y_XLK,13,2025-05-22,-0.01103172970598143,0.0002617103341890914
baseline_last,y_XLK,12,2025-05-27,-0.00413431173122325,0.0
baseline_last,y_XLK,13,2025-05-27,-0.00413431173122325,0.0
baseline_last,y_XLK,14,2025-05-27,-0.00413431173122325,0.0
baseline_last,y_XLK,12,2025-05-28,0.001686532667133367,-0.00413431173122325
baseline_last,y_XLK,13,2025-05-28,0.001686532667133367,-0.00413431173122325
baseline_last,y_XLK,14,2025-05-28,0.001686532667133367,-0.00413431173122325
baseline_last,y_XLK,12,2025-05-29,-0.003108397145377695,0.001686532667133367
baseline_last,y_XLK,13,2025-05-29,-0.003108397145377695,0.001686532667133367
baseline_last,y_XLK,14,2025-05-29,-0.003108397145377695,0.001686532667133367
baseline_last,y_XLK,12,2025-06-02,0.015024605666195345,0.0
baseline_last,y_XLK,13,2025-06-02,0.015024605666195345,0.0
baseline_last,y_XLK,14,2025-06-02,0.015024605666195345,0.0
baseline_last,y_XLK,12,2025-06-03,0.001480318063873387,0.015024605666195345
baseline_last,y_XLK,13,2025-06-03,0.001480318063873387,0.015024605666195345
baseline_last,y_XLK,14,2025-06-03,0.001480318063873387,0.015024605666195345
baseline_last,y_XLK,12,2025-06-04,-0.0028293984819475204,0.001480318063873387
baseline_last,y_XLK,13,2025-06-04,-0.0028293984819475204,0.001480318063873387
baseline_last,y_XLK,14,2025-06-04,-0.0028293984819475204,0.001480318063873387
baseline_last,y_XLK,12,2025-06-05,0.009443917204052577,-0.0028293984819475204
baseline_last,y_XLK,13,2025-06-05,0.009443917204052577,-0.0028293984819475204
baseline_last,y_XLK,14,2025-06-05,0.009443917204052577,-0.0028293984819475204
baseline_last,y_XLK,12,2025-06-09,0.005594302140434104,0.0
baseline_last,y_XLK,13,2025-06-09,0.005594302140434104,0.0
baseline_last,y_XLK,14,2025-06-09,0.005594302140434104,0.0
baseline_last,y_XLK,12,2025-06-10,-0.002200379345908332,0.005594302140434104
baseline_last,y_XLK,13,2025-06-10,-0.002200379345908332,0.005594302140434104
baseline_last,y_XLK,14,2025-06-10,-0.002200379345908332,0.005594302140434104
baseline_last,y_XLK,12,2025-06-11,0.009278617568439396,-0.002200379345908332
baseline_last,y_XLK,13,2025-06-11,0.009278617568439396,-0.002200379345908332
baseline_last,y_XLK,14,2025-06-11,0.009278617568439396,-0.002200379345908332
baseline_last,y_XLK,12,2025-06-12,-0.014016652819540787,0.009278617568439396
baseline_last,y_XLK,13,2025-06-12,-0.014016652819540787,0.009278617568439396
baseline_last,y_XLK,14,2025-06-12,-0.014016652819540787,0.009278617568439396
baseline_last,y_XLK,13,2025-07-02,0.013169296025054011,0.0
baseline_last,y_XLK,14,2025-07-02,0.013169296025054011,0.0
baseline_last,y_XLK,15,2025-07-02,0.013169296025054011,0.0
baseline_last,y_XLK,13,2025-07-07,0.00537427838694815,0.0
baseline_last,y_XLK,14,2025-07-07,0.00537427838694815,0.0
baseline_last,y_XLK,15,2025-07-07,0.00537427838694815,0.0
baseline_last,y_XLK,13,2025-07-08,0.006008683727441344,0.00537427838694815
baseline_last,y_XLK,14,2025-07-08,0.006008683727441344,0.00537427838694815
baseline_last,y_XLK,15,2025-07-08,0.006008683727441344,0.00537427838694815
baseline_last,y_XLK,13,2025-07-09,-0.003296636775292461,0.006008683727441344
baseline_last,y_XLK,14,2025-07-09,-0.003296636775292461,0.006008683727441344
baseline_last,y_XLK,15,2025-07-09,-0.003296636775292461,0.006008683727441344
baseline_last,y_XLK,13,2025-07-10,-0.004397252123809259,-0.003296636775292461
baseline_last,y_XLK,14,2025-07-10,-0.004397252123809259,-0.003296636775292461
baseline_last,y_XLK,15,2025-07-10,-0.004397252123809259,-0.003296636775292461
baseline_last,y_XLK,13,2025-07-14,0.008879749284990801,0.0
baseline_last,y_XLK,14,2025-07-14,0.008879749284990801,0.0
baseline_last,y_XLK,15,2025-07-14,0.008879749284990801,0.0
baseline_last,y_XLK,13,2025-07-15,0.0031017262993522365,0.008879749284990801
baseline_last,y_XLK,14,2025-07-15,0.0031017262993522365,0.008879749284990801
baseline_last,y_XLK,15,2025-07-15,0.0031017262993522365,0.008879749284990801
baseline_last,y_XLK,13,2025-07-16,0.009083591159142701,0.0031017262993522365
baseline_last,y_XLK,14,2025-07-16,0.009083591159142701,0.0031017262993522365
baseline_last,y_XLK,15,2025-07-16,0.009083591159142701,0.0031017262993522365
baseline_last,y_XLK,13,2025-07-17,-0.0006511931605375221,0.009083591159142701
baseline_last,y_XLK,14,2025-07-17,-0.0006511931605375221,0.009083591159142701
baseline_last,y_XLK,15,2025-07-17,-0.0006511931605375221,0.009083591159142701
baseline_last,y_XLK,13,2025-07-21,-0.009263885607056488,0.0
baseline_last,y_XLK,14,2025-07-21,-0.009263885607056488,0.0
baseline_last,y_XLK,15,2025-07-21,-0.009263885607056488,0.0
baseline_last,y_XLK,13,2025-07-22,0.00571847566280792,-0.009263885607056488
baseline_last,y_XLK,14,2025-07-22,0.00571847566280792,-0.009263885607056488
baseline_last,y_XLK,15,2025-07-22,0.00571847566280792,-0.009263885607056488
baseline_last,y_XLK,13,2025-07-23,0.004226053412358155,0.00571847566280792
baseline_last,y_XLK,14,2025-07-23,0.004226053412358155,0.00571847566280792
baseline_last,y_XLK,15,2025-07-23,0.004226053412358155,0.00571847566280792
baseline_last,y_XLK,14,2025-07-24,0.0022953236863003657,0.004226053412358155
baseline_last,y_XLK,15,2025-07-24,0.0022953236863003657,0.004226053412358155
baseline_last,y_XLK,16,2025-07-24,0.0022953236863003657,0.004226053412358155
baseline_last,y_XLK,14,2025-07-28,3.801057737029545e-05,0.0
baseline_last,y_XLK,15,2025-07-28,3.801057737029545e-05,0.0
baseline_last,y_XLK,16,2025-07-28,3.801057737029545e-05,0.0
baseline_last,y_XLK,14,2025-07-29,0.00223407947501042,3.801057737029545e-05
baseline_last,y_XLK,15,2025-07-29,0.00223407947501042,3.801057737029545e-05
baseline_last,y_XLK,16,2025-07-29,0.00223407947501042,3.801057737029545e-05
baseline_last,y_XLK,14,2025-07-30,-0.007329585291990126,0.00223407947501042
baseline_last,y_XLK,15,2025-07-30,-0.007329585291990126,0.00223407947501042
baseline_last,y_XLK,16,2025-07-30,-0.007329585291990126,0.00223407947501042
baseline_last,y_XLK,14,2025-07-31,-0.021580260982841604,-0.007329585291990126
baseline_last,y_XLK,15,2025-07-31,-0.021580260982841604,-0.007329585291990126
baseline_last,y_XLK,16,2025-07-31,-0.021580260982841604,-0.007329585291990126
baseline_last,y_XLK,14,2025-08-04,-0.008273199102942441,0.0
baseline_last,y_XLK,15,2025-08-04,-0.008273199102942441,0.0
baseline_last,y_XLK,16,2025-08-04,-0.008273199102942441,0.0
baseline_last,y_XLK,14,2025-08-05,0.011263820945953906,-0.008273199102942441
baseline_last,y_XLK,15,2025-08-05,0.011263820945953906,-0.008273199102942441
baseline_last,y_XLK,16,2025-08-05,0.011263820945953906,-0.008273199102942441
baseline_last,y_XLK,14,2025-08-06,0.0009124520680541259,0.011263820945953906
baseline_last,y_XLK,15,2025-08-06,0.0009124520680541259,0.011263820945953906
baseline_last,y_XLK,16,2025-08-06,0.0009124520680541259,0.011263820945953906
baseline_last,y_XLK,14,2025-08-07,0.009989117046438789,0.0009124520680541259
baseline_last,y_XLK,15,2025-08-07,0.009989117046438789,0.0009124520680541259
baseline_last,y_XLK,16,2025-08-07,0.009989117046438789,0.0009124520680541259
baseline_last,y_XLK,14,2025-08-11,0.015485458289477227,0.0
baseline_last,y_XLK,15,2025-08-11,0.015485458289477227,0.0
baseline_last,y_XLK,16,2025-08-11,0.015485458289477227,0.0
baseline_last,y_XLK,14,2025-08-12,0.0003728835180578649,0.015485458289477227
baseline_last,y_XLK,15,2025-08-12,0.0003728835180578649,0.015485458289477227
baseline_last,y_XLK,16,2025-08-12,0.0003728835180578649,0.015485458289477227
baseline_last,y_XLK,15,2025-08-13,-0.002161644519657391,0.0003728835180578649
baseline_last,y_XLK,16,2025-08-13,-0.002161644519657391,0.0003728835180578649
baseline_last,y_XLK,17,2025-08-13,-0.002161644519657391,0.0003728835180578649
baseline_last,y_XLK,15,2025-08-14,-0.007582260028551335,-0.002161644519657391
baseline_last,y_XLK,16,2025-08-14,-0.007582260028551335,-0.002161644519657391
baseline_last,y_XLK,17,2025-08-14,-0.007582260028551335,-0.002161644519657391
baseline_last,y_XLK,15,2025-08-18,-0.017463459138355897,0.0
baseline_last,y_XLK,16,2025-08-18,-0.017463459138355897,0.0
baseline_last,y_XLK,17,2025-08-18,-0.017463459138355897,0.0
baseline_last,y_XLK,15,2025-08-19,-0.006765515697301883,-0.017463459138355897
baseline_last,y_XLK,16,2025-08-19,-0.006765515697301883,-0.017463459138355897
baseline_last,y_XLK,17,2025-08-19,-0.006765515697301883,-0.017463459138355897
baseline_last,y_XLK,15,2025-08-20,-0.00361737787625116,-0.006765515697301883
baseline_last,y_XLK,16,2025-08-20,-0.00361737787625116,-0.006765515697301883
baseline_last,y_XLK,17,2025-08-20,-0.00361737787625116,-0.006765515697301883
baseline_last,y_XLK,15,2025-08-21,0.013556822606256347,-0.00361737787625116
baseline_last,y_XLK,16,2025-08-21,0.013556822606256347,-0.00361737787625116
baseline_last,y_XLK,17,2025-08-21,0.013556822606256347,-0.00361737787625116
baseline_last,y_XLK,15,2025-08-25,0.004583050089905338,0.0
baseline_last,y_XLK,16,2025-08-25,0.004583050089905338,0.0
baseline_last,y_XLK,17,2025-08-25,0.004583050089905338,0.0
baseline_last,y_XLK,15,2025-08-26,0.005398803727852952,0.004583050089905338
baseline_last,y_XLK,16,2025-08-26,0.005398803727852952,0.004583050089905338
baseline_last,y_XLK,17,2025-08-26,0.005398803727852952,0.004583050089905338
baseline_last,y_XLK,15,2025-08-27,0.007903121636417154,0.005398803727852952
baseline_last,y_XLK,16,2025-08-27,0.007903121636417154,0.005398803727852952
baseline_last,y_XLK,17,2025-08-27,0.007903121636417154,0.005398803727852952
baseline_last,y_XLK,15,2025-08-28,-0.015344744087016138,0.007903121636417154
baseline_last,y_XLK,16,2025-08-28,-0.015344744087016138,0.007903121636417154
baseline_last,y_XLK,17,2025-08-28,-0.015344744087016138,0.007903121636417154
baseline_last,y_XLK,15,2025-09-02,0.005966318629450074,0.0
baseline_last,y_XLK,16,2025-09-02,0.005966318629450074,0.0
baseline_last,y_XLK,17,2025-09-02,0.005966318629450074,0.0
baseline_last,y_XLK,16,2025-09-03,0.0049359646612423536,0.005966318629450074
baseline_last,y_XLK,17,2025-09-03,0.0049359646612423536,0.005966318629450074
baseline_last,y_XLK,18,2025-09-03,0.0049359646612423536,0.005966318629450074
baseline_last,y_XLK,16,2025-09-04,0.0008374382801461522,0.0049359646612423536
baseline_last,y_XLK,17,2025-09-04,0.0008374382801461522,0.0049359646612423536
baseline_last,y_XLK,18,2025-09-04,0.0008374382801461522,0.0049359646612423536
baseline_last,y_XLK,16,2025-09-08,0.0019257691954353007,0.0
baseline_last,y_XLK,17,2025-09-08,0.0019257691954353007,0.0
baseline_last,y_XLK,18,2025-09-08,0.0019257691954353007,0.0
baseline_last,y_XLK,16,2025-09-09,0.018127641906036107,0.0019257691954353007
baseline_last,y_XLK,17,2025-09-09,0.018127641906036107,0.0019257691954353007
baseline_last,y_XLK,18,2025-09-09,0.018127641906036107,0.0019257691954353007
baseline_last,y_XLK,16,2025-09-10,0.003368555369382742,0.018127641906036107
baseline_last,y_XLK,17,2025-09-10,0.003368555369382742,0.018127641906036107
baseline_last,y_XLK,18,2025-09-10,0.003368555369382742,0.018127641906036107
baseline_last,y_XLK,16,2025-09-11,-0.0006640880660709891,0.003368555369382742
baseline_last,y_XLK,17,2025-09-11,-0.0006640880660709891,0.003368555369382742
baseline_last,y_XLK,18,2025-09-11,-0.0006640880660709891,0.003368555369382742
baseline_last,y_XLK,16,2025-09-15,-0.0034758285310176884,0.0
baseline_last,y_XLK,17,2025-09-15,-0.0034758285310176884,0.0
baseline_last,y_XLK,18,2025-09-15,-0.0034758285310176884,0.0
baseline_last,y_XLK,16,2025-09-16,-0.0034512107495844324,-0.0034758285310176884
baseline_last,y_XLK,17,2025-09-16,-0.0034512107495844324,-0.0034758285310176884
baseline_last,y_XLK,18,2025-09-16,-0.0034512107495844324,-0.0034758285310176884
baseline_last,y_XLK,16,2025-09-17,0.017278945726456385,-0.0034512107495844324
baseline_last,y_XLK,17,2025-09-17,0.017278945726456385,-0.0034512107495844324
baseline_last,y_XLK,18,2025-09-17,0.017278945726456385,-0.0034512107495844324
baseline_last,y_XLK,16,2025-09-18,0.010140533739601887,0.017278945726456385
baseline_last,y_XLK,17,2025-09-18,0.010140533739601887,0.017278945726456385
baseline_last,y_XLK,18,2025-09-18,0.010140533739601887,0.017278945726456385
baseline_last,y_XLK,16,2025-09-22,-0.00863218959416312,0.0
baseline_last,y_XLK,17,2025-09-22,-0.00863218959416312,0.0
baseline_last,y_XLK,18,2025-09-22,-0.00863218959416312,0.0
baseline_last,y_XLK,17,2025-09-23,-0.006173852788884493,-0.00863218959416312
baseline_last,y_XLK,18,2025-09-23,-0.006173852788884493,-0.00863218959416312
baseline_last,y_XLK,19,2025-09-23,-0.006173852788884493,-0.00863218959416312
baseline_last,y_XLK,17,2025-09-24,-0.0017593787530568727,-0.006173852788884493
baseline_last,y_XLK,18,2025-09-24,-0.0017593787530568727,-0.006173852788884493
baseline_last,y_XLK,19,2025-09-24,-0.0017593787530568727,-0.006173852788884493
baseline_last,y_XLK,17,2025-09-25,0.0030215349921083323,-0.0017593787530568727
baseline_last,y_XLK,18,2025-09-25,0.0030215349921083323,-0.0017593787530568727
baseline_last,y_XLK,19,2025-09-25,0.0030215349921083323,-0.0017593787530568727
baseline_last,y_XLK,17,2025-09-29,0.0054578414754302695,0.0
baseline_last,y_XLK,18,2025-09-29,0.0054578414754302695,0.0
baseline_last,y_XLK,19,2025-09-29,0.0054578414754302695,0.0
baseline_last,y_XLK,17,2025-09-30,0.009792127521145,0.0054578414754302695
baseline_last,y_XLK,18,2025-09-30,0.009792127521145,0.0054578414754302695
baseline_last,y_XLK,19,2025-09-30,0.009792127521145,0.0054578414754302695
baseline_last,y_XLK,17,2025-10-01,0.005410799025761914,0.009792127521145
baseline_last,y_XLK,18,2025-10-01,0.005410799025761914,0.009792127521145
baseline_last,y_XLK,19,2025-10-01,0.005410799025761914,0.009792127521145
baseline_last,y_XLK,17,2025-10-02,-0.005032207624090956,0.005410799025761914
baseline_last,y_XLK,18,2025-10-02,-0.005032207624090956,0.005410799025761914
baseline_last,y_XLK,19,2025-10-02,-0.005032207624090956,0.005410799025761914
baseline_last,y_XLK,17,2025-10-06,-0.006675909508848443,0.0
baseline_last,y_XLK,18,2025-10-06,-0.006675909508848443,0.0
baseline_last,y_XLK,19,2025-10-06,-0.006675909508848443,0.0
baseline_last,y_XLK,17,2025-10-07,0.017537098861290623,-0.006675909508848443
baseline_last,y_XLK,18,2025-10-07,0.017537098861290623,-0.006675909508848443
baseline_last,y_XLK,19,2025-10-07,0.017537098861290623,-0.006675909508848443
baseline_last,y_XLK,17,2025-10-08,-0.0016856441827191038,0.017537098861290623
baseline_last,y_XLK,18,2025-10-08,-0.0016856441827191038,0.017537098861290623
baseline_last,y_XLK,19,2025-10-08,-0.0016856441827191038,0.017537098861290623
baseline_last,y_XLK,17,2025-10-09,-0.04069607257475405,-0.0016856441827191038
baseline_last,y_XLK,18,2025-10-09,-0.04069607257475405,-0.0016856441827191038
baseline_last,y_XLK,19,2025-10-09,-0.04069607257475405,-0.0016856441827191038
baseline_last,y_XLK,18,2025-10-13,-0.012834422562449488,0.0
baseline_last,y_XLK,19,2025-10-13,-0.012834422562449488,0.0
baseline_last,y_XLK,20,2025-10-13,-0.012834422562449488,0.0
baseline_last,y_XLK,18,2025-10-14,0.009910700229627922,-0.012834422562449488
baseline_last,y_XLK,19,2025-10-14,0.009910700229627922,-0.012834422562449488
baseline_last,y_XLK,20,2025-10-14,0.009910700229627922,-0.012834422562449488
baseline_last,y_XLK,18,2025-10-15,0.0007387791202013716,0.009910700229627922
baseline_last,y_XLK,19,2025-10-15,0.0007387791202013716,0.009910700229627922
baseline_last,y_XLK,20,2025-10-15,0.0007387791202013716,0.009910700229627922
baseline_last,y_XLK,18,2025-10-16,0.0017573873057530331,0.0007387791202013716
baseline_last,y_XLK,19,2025-10-16,0.0017573873057530331,0.0007387791202013716
baseline_last,y_XLK,20,2025-10-16,0.0017573873057530331,0.0007387791202013716
baseline_last,y_XLK,18,2025-10-20,0.000520515832462598,0.0
baseline_last,y_XLK,19,2025-10-20,0.000520515832462598,0.0
baseline_last,y_XLK,20,2025-10-20,0.000520515832462598,0.0
baseline_last,y_XLK,18,2025-10-21,-0.009884231699416213,0.000520515832462598
baseline_last,y_XLK,19,2025-10-21,-0.009884231699416213,0.000520515832462598
baseline_last,y_XLK,20,2025-10-21,-0.009884231699416213,0.000520515832462598
baseline_last,y_XLK,18,2025-10-22,0.012609883898197616,-0.009884231699416213
baseline_last,y_XLK,19,2025-10-22,0.012609883898197616,-0.009884231699416213
baseline_last,y_XLK,20,2025-10-22,0.012609883898197616,-0.009884231699416213
baseline_last,y_XLK,18,2025-10-23,0.015531549537064482,0.012609883898197616
baseline_last,y_XLK,19,2025-10-23,0.015531549537064482,0.012609883898197616
baseline_last,y_XLK,20,2025-10-23,0.015531549537064482,0.012609883898197616
baseline_last,y_XLK,18,2025-10-27,0.00989962581242132,0.0
baseline_last,y_XLK,19,2025-10-27,0.00989962581242132,0.0
baseline_last,y_XLK,20,2025-10-27,0.00989962581242132,0.0
baseline_last,y_XLK,18,2025-10-28,0.007186395455704764,0.00989962581242132
baseline_last,y_XLK,19,2025-10-28,0.007186395455704764,0.00989962581242132
baseline_last,y_XLK,20,2025-10-28,0.007186395455704764,0.00989962581242132
baseline_last,y_XLK,18,2025-10-29,-0.01229730070601498,0.007186395455704764
baseline_last,y_XLK,19,2025-10-29,-0.01229730070601498,0.007186395455704764
baseline_last,y_XLK,20,2025-10-29,-0.01229730070601498,0.007186395455704764
baseline_last,y_XLK,18,2025-10-30,0.0009652764020697813,-0.01229730070601498
baseline_last,y_XLK,19,2025-10-30,0.0009652764020697813,-0.01229730070601498
baseline_last,y_XLK,20,2025-10-30,0.0009652764020697813,-0.01229730070601498
baseline_last,y_XLK,19,2025-11-03,-0.026398551772200185,0.0
baseline_last,y_XLK,20,2025-11-03,-0.026398551772200185,0.0
baseline_last,y_XLK,21,2025-11-03,-0.026398551772200185,0.0
baseline_last,y_XLK,19,2025-11-04,0.0039123494799286895,-0.026398551772200185
baseline_last,y_XLK,20,2025-11-04,0.0039123494799286895,-0.026398551772200185
baseline_last,y_XLK,21,2025-11-04,0.0039123494799286895,-0.026398551772200185
baseline_last,y_XLK,19,2025-11-05,-0.020095568399972397,0.0039123494799286895
baseline_last,y_XLK,20,2025-11-05,-0.020095568399972397,0.0039123494799286895
baseline_last,y_XLK,21,2025-11-05,-0.020095568399972397,0.0039123494799286895
baseline_last,y_XLK,19,2025-11-06,-0.003458359163478475,-0.020095568399972397
baseline_last,y_XLK,20,2025-11-06,-0.003458359163478475,-0.020095568399972397
baseline_last,y_XLK,21,2025-11-06,-0.003458359163478475,-0.020095568399972397
baseline_last,y_XLK,19,2025-11-10,-0.008527021868579232,0.0
baseline_last,y_XLK,20,2025-11-10,-0.008527021868579232,0.0
baseline_last,y_XLK,21,2025-11-10,-0.008527021868579232,0.0
baseline_last,y_XLK,19,2025-11-11,0.003105725146766769,-0.008527021868579232
baseline_last,y_XLK,20,2025-11-11,0.003105725146766769,-0.008527021868579232
baseline_last,y_XLK,21,2025-11-11,0.003105725146766769,-0.008527021868579232
baseline_last,y_XLK,19,2025-11-12,-0.024938894628394603,0.003105725146766769
baseline_last,y_XLK,20,2025-11-12,-0.024938894628394603,0.003105725146766769
baseline_last,y_XLK,21,2025-11-12,-0.024938894628394603,0.003105725146766769
baseline_last,y_XLK,19,2025-11-13,0.0054433525958546,-0.024938894628394603
baseline_last,y_XLK,20,2025-11-13,0.0054433525958546,-0.024938894628394603
baseline_last,y_XLK,21,2025-11-13,0.0054433525958546,-0.024938894628394603
baseline_last,y_XLK,19,2025-11-17,-0.016253027938932574,0.0
baseline_last,y_XLK,20,2025-11-17,-0.016253027938932574,0.0
baseline_last,y_XLK,21,2025-11-17,-0.016253027938932574,0.0
baseline_last,y_XLK,19,2025-11-18,0.0069525866299327,-0.016253027938932574
baseline_last,y_XLK,20,2025-11-18,0.0069525866299327,-0.016253027938932574
baseline_last,y_XLK,21,2025-11-18,0.0069525866299327,-0.016253027938932574
baseline_last,y_XLK,19,2025-11-19,-0.03139124720531028,0.0069525866299327
baseline_last,y_XLK,20,2025-11-19,-0.03139124720531028,0.0069525866299327
baseline_last,y_XLK,21,2025-11-19,-0.03139124720531028,0.0069525866299327
baseline_last,y_XLK,19,2025-11-20,0.003858246095568285,-0.03139124720531028
baseline_last,y_XLK,20,2025-11-20,0.003858246095568285,-0.03139124720531028
baseline_last,y_XLK,21,2025-11-20,0.003858246095568285,-0.03139124720531028
baseline_last,y_XLK,20,2025-11-24,0.002681372639006474,0.0
baseline_last,y_XLK,21,2025-11-24,0.002681372639006474,0.0
baseline_last,y_XLK,22,2025-11-24,0.002681372639006474,0.0
baseline_last,y_XLK,20,2025-11-25,0.01183769525386058,0.002681372639006474
baseline_last,y_XLK,21,2025-11-25,0.01183769525386058,0.002681372639006474
baseline_last,y_XLK,22,2025-11-25,0.01183769525386058,0.002681372639006474
baseline_last,y_XLK,20,2025-12-01,0.010302056611519061,0.0
baseline_last,y_XLK,21,2025-12-01,0.010302056611519061,0.0
baseline_last,y_XLK,22,2025-12-01,0.010302056611519061,0.0
baseline_last,y_XLK,20,2025-12-02,0.002385101567018877,0.010302056611519061
baseline_last,y_XLK,21,2025-12-02,0.002385101567018877,0.010302056611519061
baseline_last,y_XLK,22,2025-12-02,0.002385101567018877,0.010302056611519061
baseline_last,y_XLK,20,2025-12-03,0.0037242829127019927,0.002385101567018877
baseline_last,y_XLK,21,2025-12-03,0.0037242829127019927,0.002385101567018877
baseline_last,y_XLK,22,2025-12-03,0.0037242829127019927,0.002385101567018877
baseline_last,y_XLK,20,2025-12-04,0.007317813073295598,0.0037242829127019927
baseline_last,y_XLK,21,2025-12-04,0.007317813073295598,0.0037242829127019927
baseline_last,y_XLK,22,2025-12-04,0.007317813073295598,0.0037242829127019927
baseline_last,y_XLK,20,2025-12-08,0.002641705175143949,0.0
baseline_last,y_XLK,21,2025-12-08,0.002641705175143949,0.0
baseline_last,y_XLK,22,2025-12-08,0.002641705175143949,0.0
baseline_last,y_XLK,20,2025-12-09,0.004796639915539469,0.002641705175143949
baseline_last,y_XLK,21,2025-12-09,0.004796639915539469,0.002641705175143949
baseline_last,y_XLK,22,2025-12-09,0.004796639915539469,0.002641705175143949
baseline_last,y_XLK,20,2025-12-10,-0.005109938373929479,0.004796639915539469
baseline_last,y_XLK,21,2025-12-10,-0.005109938373929479,0.004796639915539469
baseline_last,y_XLK,22,2025-12-10,-0.005109938373929479,0.004796639915539469
baseline_last,y_XLK,20,2025-12-11,-0.028924754781091022,-0.005109938373929479
baseline_last,y_XLK,21,2025-12-11,-0.028924754781091022,-0.005109938373929479
baseline_last,y_XLK,22,2025-12-11,-0.028924754781091022,-0.005109938373929479
baseline_last,y_XLK,21,2025-12-15,0.0018270662908363988,0.0
baseline_last,y_XLK,22,2025-12-15,0.0018270662908363988,0.0
baseline_last,y_XLK,23,2025-12-15,0.0018270662908363988,0.0
baseline_last,y_XLK,21,2025-12-16,-0.022236200646995274,0.0018270662908363988
baseline_last,y_XLK,22,2025-12-16,-0.022236200646995274,0.0018270662908363988
baseline_last,y_XLK,23,2025-12-16,-0.022236200646995274,0.0018270662908363988
baseline_last,y_XLK,21,2025-12-17,0.015424348563592538,-0.022236200646995274
baseline_last,y_XLK,22,2025-12-17,0.015424348563592538,-0.022236200646995274
baseline_last,y_XLK,23,2025-12-17,0.015424348563592538,-0.022236200646995274
baseline_last,y_XLK,21,2025-12-18,0.021619390456640852,0.015424348563592538
baseline_last,y_XLK,22,2025-12-18,0.021619390456640852,0.015424348563592538
baseline_last,y_XLK,23,2025-12-18,0.021619390456640852,0.015424348563592538
baseline_last,y_XLK,21,2025-12-23,0.002398123404139252,0.0
baseline_last,y_XLK,22,2025-12-23,0.002398123404139252,0.0
baseline_last,y_XLK,23,2025-12-23,0.002398123404139252,0.0
baseline_last,y_XLK,21,2025-12-29,-0.003153434362622609,0.0
baseline_last,y_XLK,22,2025-12-29,-0.003153434362622609,0.0
baseline_last,y_XLK,23,2025-12-29,-0.003153434362622609,0.0
baseline_last,y_XLK,21,2025-12-30,-0.009903049344200499,-0.003153434362622609
baseline_last,y_XLK,22,2025-12-30,-0.009903049344200499,-0.003153434362622609
baseline_last,y_XLK,23,2025-12-30,-0.009903049344200499,-0.003153434362622609
baseline_last,y_XLK,22,2026-01-05,0.014036778093180935,0.0
baseline_last,y_XLK,23,2026-01-05,0.014036778093180935,0.0
baseline_last,y_XLK,24,2026-01-05,0.014036778093180935,0.0
baseline_last,y_XLK,22,2026-01-06,-0.0008182415423229061,0.014036778093180935
baseline_last,y_XLK,23,2026-01-06,-0.0008182415423229061,0.014036778093180935
baseline_last,y_XLK,24,2026-01-06,-0.0008182415423229061,0.014036778093180935
baseline_last,y_XLK,22,2026-01-07,-0.01562815331474887,-0.0008182415423229061
baseline_last,y_XLK,23,2026-01-07,-0.01562815331474887,-0.0008182415423229061
baseline_last,y_XLK,24,2026-01-07,-0.01562815331474887,-0.0008182415423229061
baseline_last,y_XLK,22,2026-01-08,0.013241738287446347,-0.01562815331474887
baseline_last,y_XLK,23,2026-01-08,0.013241738287446347,-0.01562815331474887
baseline_last,y_XLK,24,2026-01-08,0.013241738287446347,-0.01562815331474887
baseline_last,y_XLK,22,2026-01-12,-0.002111843945584835,0.0
baseline_last,y_XLK,23,2026-01-12,-0.002111843945584835,0.0
baseline_last,y_XLK,24,2026-01-12,-0.002111843945584835,0.0
baseline_last,y_XLK,22,2026-01-13,-0.012151821622167214,-0.002111843945584835
baseline_last,y_XLK,23,2026-01-13,-0.012151821622167214,-0.002111843945584835
baseline_last,y_XLK,24,2026-01-13,-0.012151821622167214,-0.002111843945584835
baseline_last,y_XLK,22,2026-01-14,0.005252313625803584,-0.012151821622167214
baseline_last,y_XLK,23,2026-01-14,0.005252313625803584,-0.012151821622167214
baseline_last,y_XLK,24,2026-01-14,0.005252313625803584,-0.012151821622167214
baseline_last,y_XLK,22,2026-01-15,0.0010998789765974681,0.005252313625803584
baseline_last,y_XLK,23,2026-01-15,0.0010998789765974681,0.005252313625803584
baseline_last,y_XLK,24,2026-01-15,0.0010998789765974681,0.005252313625803584
baseline_last,y_XLK,22,2026-01-21,0.007440423770140203,0.0
baseline_last,y_XLK,23,2026-01-21,0.007440423770140203,0.0
baseline_last,y_XLK,24,2026-01-21,0.007440423770140203,0.0
baseline_last,y_XLK,22,2026-01-22,0.0014494163997853526,0.007440423770140203
baseline_last,y_XLK,23,2026-01-22,0.0014494163997853526,0.007440423770140203
baseline_last,y_XLK,24,2026-01-22,0.0014494163997853526,0.007440423770140203
baseline_last,y_XLK,23,2026-01-26,0.013485769414087745,0.0
baseline_last,y_XLK,24,2026-01-26,0.013485769414087745,0.0
baseline_last,y_XLK,23,2026-01-27,0.007970230675164114,0.013485769414087745
baseline_last,y_XLK,24,2026-01-27,0.007970230675164114,0.013485769414087745
baseline_last,y_XLK,23,2026-01-28,-0.015814519050582843,0.007970230675164114
baseline_last,y_XLK,24,2026-01-28,-0.015814519050582843,0.007970230675164114
baseline_last,y_XLK,23,2026-01-29,-0.020358074036764928,-0.015814519050582843
baseline_last,y_XLK,24,2026-01-29,-0.020358074036764928,-0.015814519050582843
baseline_last,y_XLK,23,2026-02-02,-0.02189173066250938,0.0
baseline_last,y_XLK,24,2026-02-02,-0.02189173066250938,0.0
baseline_last,y_XLK,23,2026-02-03,-0.027871668516558534,-0.02189173066250938
baseline_last,y_XLK,24,2026-02-03,-0.027871668516558534,-0.02189173066250938
baseline_last,y_XLK,23,2026-02-04,-0.018027731844780126,-0.027871668516558534
baseline_last,y_XLK,24,2026-02-04,-0.018027731844780126,-0.027871668516558534
baseline_last,y_XLK,23,2026-02-05,0.04055149894562149,-0.018027731844780126
baseline_last,y_XLK,24,2026-02-05,0.04055149894562149,-0.018027731844780126
baseline_last,y_XLK,23,2026-02-09,-0.005580767476076165,0.0
baseline_last,y_XLK,24,2026-02-09,-0.005580767476076165,0.0
baseline_last,y_XLK,23,2026-02-10,0.0029463217113563367,-0.005580767476076165
baseline_last,y_XLK,24,2026-02-10,0.0029463217113563367,-0.005580767476076165
baseline_last,y_XLK,23,2026-02-11,-0.02629918496700312,0.0029463217113563367
baseline_last,y_XLK,24,2026-02-11,-0.02629918496700312,0.0029463217113563367
baseline_last,y_XLK,23,2026-02-12,0.0025141213120256634,-0.02629918496700312
baseline_last,y_XLK,24,2026-02-12,0.0025141213120256634,-0.02629918496700312
baseline_last,y_XLK,24,2026-02-17,0.010252423131440924,0.0
baseline_last,y_XLK,24,2026-02-18,-0.004967688099141054,0.010252423131440924
baseline_last,y_XLK,24,2026-02-19,0.004778533177825173,-0.004967688099141054
baseline_last,y_XLK,24,2026-02-23,0.012994535058036272,0.0
baseline_last,y_XLK,24,2026-02-24,0.01917037515827502,0.012994535058036272
baseline_last,y_XLK,24,2026-02-25,-0.013985036548647689,0.01917037515827502
baseline_last,y_XLK,24,2026-02-26,-0.015956315776545327,-0.013985036548647689
baseline_last,y_XLK,24,2026-03-02,-0.014619416542107189,0.0
baseline_last,y_XLK,24,2026-03-03,0.0170181551846591,-0.014619416542107189
baseline_last,y_XLK,24,2026-03-04,0.0024313239902344908,0.0170181551846591
baseline_last,y_XLK,24,2026-03-05,-0.02061634712974081,0.0024313239902344908
baseline_last,y_XLP,0,2024-08-05,0.006949841429952475,0.0
baseline_last,y_XLP,0,2024-08-06,0.001022338320619376,0.006949841429952475
baseline_last,y_XLP,0,2024-08-07,0.009065544685853855,0.001022338320619376
baseline_last,y_XLP,0,2024-08-08,0.0015182284354653408,0.009065544685853855
baseline_last,y_XLP,0,2024-08-12,0.004571485143404219,0.0
baseline_last,y_XLP,0,2024-08-13,0.004550681769303511,0.004571485143404219
baseline_last,y_XLP,0,2024-08-14,0.010318302509164434,0.004550681769303511
baseline_last,y_XLP,0,2024-08-15,0.002740018609581396,0.010318302509164434
baseline_last,y_XLP,0,2024-08-19,0.004951748876561579,0.0
baseline_last,y_XLP,0,2024-08-20,0.006774947159813083,0.004951748876561579
baseline_last,y_XLP,0,2024-08-21,-0.001468170169801275,0.006774947159813083
baseline_last,y_XLP,0,2024-08-22,0.002818178961611517,-0.001468170169801275
baseline_last,y_XLP,0,2024-08-26,0.0024266574758331494,0.0
baseline_last,y_XLP,1,2024-08-26,0.0024266574758331494,0.0
baseline_last,y_XLP,0,2024-08-27,-0.004236466456222332,0.0024266574758331494
baseline_last,y_XLP,1,2024-08-27,-0.004236466456222332,0.0024266574758331494
baseline_last,y_XLP,0,2024-08-28,-0.0049834677334915645,-0.004236466456222332
baseline_last,y_XLP,1,2024-08-28,-0.0049834677334915645,-0.004236466456222332
baseline_last,y_XLP,0,2024-08-29,0.007940395052887128,-0.0049834677334915645
baseline_last,y_XLP,1,2024-08-29,0.007940395052887128,-0.0049834677334915645
baseline_last,y_XLP,0,2024-09-03,0.00469378732472947,0.0
baseline_last,y_XLP,1,2024-09-03,0.00469378732472947,0.0
baseline_last,y_XLP,0,2024-09-04,-0.0038331418743716705,0.00469378732472947
baseline_last,y_XLP,1,2024-09-04,-0.0038331418743716705,0.00469378732472947
baseline_last,y_XLP,0,2024-09-05,-0.0020445711937714384,-0.0038331418743716705
baseline_last,y_XLP,1,2024-09-05,-0.0020445711937714384,-0.0038331418743716705
baseline_last,y_XLP,0,2024-09-09,-0.00023894592664119862,0.0
baseline_last,y_XLP,1,2024-09-09,-0.00023894592664119862,0.0
baseline_last,y_XLP,0,2024-09-10,-0.009329094645676772,-0.00023894592664119862
baseline_last,y_XLP,1,2024-09-10,-0.009329094645676772,-0.00023894592664119862
baseline_last,y_XLP,0,2024-09-11,0.0061570018211445365,-0.009329094645676772
baseline_last,y_XLP,1,2024-09-11,0.0061570018211445365,-0.009329094645676772
baseline_last,y_XLP,0,2024-09-12,0.0070794826371436415,0.0061570018211445365
baseline_last,y_XLP,1,2024-09-12,0.0070794826371436415,0.0061570018211445365
baseline_last,y_XLP,2,2024-09-12,0.0070794826371436415,0.0061570018211445365
baseline_last,y_XLP,0,2024-09-16,-0.009494382329490736,0.0
baseline_last,y_XLP,1,2024-09-16,-0.009494382329490736,0.0
baseline_last,y_XLP,2,2024-09-16,-0.009494382329490736,0.0
baseline_last,y_XLP,0,2024-09-17,-0.003834250999752431,-0.009494382329490736
baseline_last,y_XLP,1,2024-09-17,-0.003834250999752431,-0.009494382329490736
baseline_last,y_XLP,2,2024-09-17,-0.003834250999752431,-0.009494382329490736
baseline_last,y_XLP,0,2024-09-18,-0.005893595196201362,-0.003834250999752431
baseline_last,y_XLP,1,2024-09-18,-0.005893595196201362,-0.003834250999752431
baseline_last,y_XLP,2,2024-09-18,-0.005893595196201362,-0.003834250999752431
baseline_last,y_XLP,0,2024-09-19,0.004839713023451431,-0.005893595196201362
baseline_last,y_XLP,1,2024-09-19,0.004839713023451431,-0.005893595196201362
baseline_last,y_XLP,2,2024-09-19,0.004839713023451431,-0.005893595196201362
baseline_last,y_XLP,0,2024-09-23,-0.0024071023490870314,0.0
baseline_last,y_XLP,1,2024-09-23,-0.0024071023490870314,0.0
baseline_last,y_XLP,2,2024-09-23,-0.0024071023490870314,0.0
baseline_last,y_XLP,0,2024-09-24,-0.002533336864824598,-0.0024071023490870314
baseline_last,y_XLP,1,2024-09-24,-0.002533336864824598,-0.0024071023490870314
baseline_last,y_XLP,2,2024-09-24,-0.002533336864824598,-0.0024071023490870314
baseline_last,y_XLP,0,2024-09-25,0.002298115430727554,-0.002533336864824598
baseline_last,y_XLP,1,2024-09-25,0.002298115430727554,-0.002533336864824598
baseline_last,y_XLP,2,2024-09-25,0.002298115430727554,-0.002533336864824598
baseline_last,y_XLP,0,2024-09-26,0.001809976225300547,0.002298115430727554
baseline_last,y_XLP,1,2024-09-26,0.001809976225300547,0.002298115430727554
baseline_last,y_XLP,2,2024-09-26,0.001809976225300547,0.002298115430727554
baseline_last,y_XLP,0,2024-09-30,-0.003373274471106802,0.0
baseline_last,y_XLP,1,2024-09-30,-0.003373274471106802,0.0
baseline_last,y_XLP,2,2024-09-30,-0.003373274471106802,0.0
baseline_last,y_XLP,0,2024-10-01,-0.008462350469181756,-0.003373274471106802
baseline_last,y_XLP,1,2024-10-01,-0.008462350469181756,-0.003373274471106802
baseline_last,y_XLP,2,2024-10-01,-0.008462350469181756,-0.003373274471106802
baseline_last,y_XLP,0,2024-10-02,-0.009997617918337975,-0.008462350469181756
baseline_last,y_XLP,1,2024-10-02,-0.009997617918337975,-0.008462350469181756
baseline_last,y_XLP,2,2024-10-02,-0.009997617918337975,-0.008462350469181756
baseline_last,y_XLP,0,2024-10-03,0.003325312875654962,-0.009997617918337975
baseline_last,y_XLP,1,2024-10-03,0.003325312875654962,-0.009997617918337975
baseline_last,y_XLP,2,2024-10-03,0.003325312875654962,-0.009997617918337975
baseline_last,y_XLP,1,2024-10-07,0.004959043587006828,0.0
baseline_last,y_XLP,2,2024-10-07,0.004959043587006828,0.0
baseline_last,y_XLP,3,2024-10-07,0.004959043587006828,0.0
baseline_last,y_XLP,1,2024-10-08,0.006045119629535911,0.004959043587006828
baseline_last,y_XLP,2,2024-10-08,0.006045119629535911,0.004959043587006828
baseline_last,y_XLP,3,2024-10-08,0.006045119629535911,0.004959043587006828
baseline_last,y_XLP,1,2024-10-09,-0.004414623465650358,0.006045119629535911
baseline_last,y_XLP,2,2024-10-09,-0.004414623465650358,0.006045119629535911
baseline_last,y_XLP,3,2024-10-09,-0.004414623465650358,0.006045119629535911
baseline_last,y_XLP,1,2024-10-10,0.005542578258934672,-0.004414623465650358
baseline_last,y_XLP,2,2024-10-10,0.005542578258934672,-0.004414623465650358
baseline_last,y_XLP,3,2024-10-10,0.005542578258934672,-0.004414623465650358
baseline_last,y_XLP,1,2024-10-14,0.006343824578789237,0.0
baseline_last,y_XLP,2,2024-10-14,0.006343824578789237,0.0
baseline_last,y_XLP,3,2024-10-14,0.006343824578789237,0.0
baseline_last,y_XLP,1,2024-10-15,-0.0007273065656051569,0.006343824578789237
baseline_last,y_XLP,2,2024-10-15,-0.0007273065656051569,0.006343824578789237
baseline_last,y_XLP,3,2024-10-15,-0.0007273065656051569,0.006343824578789237
baseline_last,y_XLP,1,2024-10-16,-0.004488784601187734,-0.0007273065656051569
baseline_last,y_XLP,2,2024-10-16,-0.004488784601187734,-0.0007273065656051569
baseline_last,y_XLP,3,2024-10-16,-0.004488784601187734,-0.0007273065656051569
baseline_last,y_XLP,1,2024-10-17,0.0021935457421125015,-0.004488784601187734
baseline_last,y_XLP,2,2024-10-17,0.0021935457421125015,-0.004488784601187734
baseline_last,y_XLP,3,2024-10-17,0.0021935457421125015,-0.004488784601187734
baseline_last,y_XLP,1,2024-10-21,0.005640611863113154,0.0
baseline_last,y_XLP,2,2024-10-21,0.005640611863113154,0.0
baseline_last,y_XLP,3,2024-10-21,0.005640611863113154,0.0
baseline_last,y_XLP,1,2024-10-22,-0.0019509641624446683,0.005640611863113154
baseline_last,y_XLP,2,2024-10-22,-0.0019509641624446683,0.005640611863113154
baseline_last,y_XLP,3,2024-10-22,-0.0019509641624446683,0.005640611863113154
baseline_last,y_XLP,1,2024-10-23,-0.0013439339026503072,-0.0019509641624446683
baseline_last,y_XLP,2,2024-10-23,-0.0013439339026503072,-0.0019509641624446683
baseline_last,y_XLP,3,2024-10-23,-0.0013439339026503072,-0.0019509641624446683
baseline_last,y_XLP,1,2024-10-24,-0.008319179318327152,-0.0013439339026503072
baseline_last,y_XLP,2,2024-10-24,-0.008319179318327152,-0.0013439339026503072
baseline_last,y_XLP,3,2024-10-24,-0.008319179318327152,-0.0013439339026503072
baseline_last,y_XLP,2,2024-10-28,-0.00985091663605886,0.0
baseline_last,y_XLP,3,2024-10-28,-0.00985091663605886,0.0
baseline_last,y_XLP,4,2024-10-28,-0.00985091663605886,0.0
baseline_last,y_XLP,2,2024-10-29,-0.0016166753764753627,-0.00985091663605886
baseline_last,y_XLP,3,2024-10-29,-0.0016166753764753627,-0.00985091663605886
baseline_last,y_XLP,4,2024-10-29,-0.0016166753764753627,-0.00985091663605886
baseline_last,y_XLP,2,2024-10-30,-0.0019932033163786445,-0.0016166753764753627
baseline_last,y_XLP,3,2024-10-30,-0.0019932033163786445,-0.0016166753764753627
baseline_last,y_XLP,4,2024-10-30,-0.0019932033163786445,-0.0016166753764753627
baseline_last,y_XLP,2,2024-10-31,0.0003745582676639714,-0.0019932033163786445
baseline_last,y_XLP,3,2024-10-31,0.0003745582676639714,-0.0019932033163786445
baseline_last,y_XLP,4,2024-10-31,0.0003745582676639714,-0.0019932033163786445
baseline_last,y_XLP,2,2024-11-04,0.006345619965763882,0.0
baseline_last,y_XLP,3,2024-11-04,0.006345619965763882,0.0
baseline_last,y_XLP,4,2024-11-04,0.006345619965763882,0.0
baseline_last,y_XLP,2,2024-11-05,-0.01632042899882047,0.006345619965763882
baseline_last,y_XLP,3,2024-11-05,-0.01632042899882047,0.006345619965763882
baseline_last,y_XLP,4,2024-11-05,-0.01632042899882047,0.006345619965763882
baseline_last,y_XLP,2,2024-11-06,0.0036450900075777337,-0.01632042899882047
baseline_last,y_XLP,3,2024-11-06,0.0036450900075777337,-0.01632042899882047
baseline_last,y_XLP,4,2024-11-06,0.0036450900075777337,-0.01632042899882047
baseline_last,y_XLP,2,2024-11-07,0.012147743429594682,0.0036450900075777337
baseline_last,y_XLP,3,2024-11-07,0.012147743429594682,0.0036450900075777337
baseline_last,y_XLP,4,2024-11-07,0.012147743429594682,0.0036450900075777337
baseline_last,y_XLP,2,2024-11-11,0.0011173245709723556,0.0
baseline_last,y_XLP,3,2024-11-11,0.0011173245709723556,0.0
baseline_last,y_XLP,4,2024-11-11,0.0011173245709723556,0.0
baseline_last,y_XLP,2,2024-11-12,0.00297663122642966,0.0011173245709723556
baseline_last,y_XLP,3,2024-11-12,0.00297663122642966,0.0011173245709723556
baseline_last,y_XLP,4,2024-11-12,0.00297663122642966,0.0011173245709723556
baseline_last,y_XLP,2,2024-11-13,-0.0024731805995065193,0.00297663122642966
baseline_last,y_XLP,3,2024-11-13,-0.0024731805995065193,0.00297663122642966
baseline_last,y_XLP,4,2024-11-13,-0.0024731805995065193,0.00297663122642966
baseline_last,y_XLP,2,2024-11-14,-0.008801235916568784,-0.0024731805995065193
baseline_last,y_XLP,3,2024-11-14,-0.008801235916568784,-0.0024731805995065193
baseline_last,y_XLP,4,2024-11-14,-0.008801235916568784,-0.0024731805995065193
baseline_last,y_XLP,3,2024-11-18,0.001366132679347265,0.0
baseline_last,y_XLP,4,2024-11-18,0.001366132679347265,0.0
baseline_last,y_XLP,5,2024-11-18,0.001366132679347265,0.0
baseline_last,y_XLP,3,2024-11-19,-0.0050849844816738266,0.001366132679347265
baseline_last,y_XLP,4,2024-11-19,-0.0050849844816738266,0.001366132679347265
baseline_last,y_XLP,5,2024-11-19,-0.0050849844816738266,0.001366132679347265
baseline_last,y_XLP,3,2024-11-20,0.010845203267943804,-0.0050849844816738266
baseline_last,y_XLP,4,2024-11-20,0.010845203267943804,-0.0050849844816738266
baseline_last,y_XLP,5,2024-11-20,0.010845203267943804,-0.0050849844816738266
baseline_last,y_XLP,3,2024-11-21,0.00924892521624221,0.010845203267943804
baseline_last,y_XLP,4,2024-11-21,0.00924892521624221,0.010845203267943804
baseline_last,y_XLP,5,2024-11-21,0.00924892521624221,0.010845203267943804
baseline_last,y_XLP,3,2024-11-25,0.004131740457640198,0.0
baseline_last,y_XLP,4,2024-11-25,0.004131740457640198,0.0
baseline_last,y_XLP,5,2024-11-25,0.004131740457640198,0.0
baseline_last,y_XLP,3,2024-11-26,0.002057417498055214,0.004131740457640198
baseline_last,y_XLP,4,2024-11-26,0.002057417498055214,0.004131740457640198
baseline_last,y_XLP,5,2024-11-26,0.002057417498055214,0.004131740457640198
baseline_last,y_XLP,3,2024-12-02,-0.0051734110746397555,0.0
baseline_last,y_XLP,4,2024-12-02,-0.0051734110746397555,0.0
baseline_last,y_XLP,5,2024-12-02,-0.0051734110746397555,0.0
baseline_last,y_XLP,3,2024-12-03,-0.0027813769702216273,-0.0051734110746397555
baseline_last,y_XLP,4,2024-12-03,-0.0027813769702216273,-0.0051734110746397555
baseline_last,y_XLP,5,2024-12-03,-0.0027813769702216273,-0.0051734110746397555
baseline_last,y_XLP,3,2024-12-04,0.0040019767104435555,-0.0027813769702216273
baseline_last,y_XLP,4,2024-12-04,0.0040019767104435555,-0.0027813769702216273
baseline_last,y_XLP,5,2024-12-04,0.0040019767104435555,-0.0027813769702216273
baseline_last,y_XLP,3,2024-12-05,-0.0049524118039444565,0.0040019767104435555
baseline_last,y_XLP,4,2024-12-05,-0.0049524118039444565,0.0040019767104435555
baseline_last,y_XLP,5,2024-12-05,-0.0049524118039444565,0.0040019767104435555
baseline_last,y_XLP,4,2024-12-09,0.004741623114894233,0.0
baseline_last,y_XLP,5,2024-12-09,0.004741623114894233,0.0
baseline_last,y_XLP,6,2024-12-09,0.004741623114894233,0.0
baseline_last,y_XLP,4,2024-12-10,-0.007623383050868848,0.004741623114894233
baseline_last,y_XLP,5,2024-12-10,-0.007623383050868848,0.004741623114894233
baseline_last,y_XLP,6,2024-12-10,-0.007623383050868848,0.004741623114894233
baseline_last,y_XLP,4,2024-12-11,0.0029264462436668914,-0.007623383050868848
baseline_last,y_XLP,5,2024-12-11,0.0029264462436668914,-0.007623383050868848
baseline_last,y_XLP,6,2024-12-11,0.0029264462436668914,-0.007623383050868848
baseline_last,y_XLP,4,2024-12-12,-0.00255324076363328,0.0029264462436668914
baseline_last,y_XLP,5,2024-12-12,-0.00255324076363328,0.0029264462436668914
baseline_last,y_XLP,6,2024-12-12,-0.00255324076363328,0.0029264462436668914
baseline_last,y_XLP,4,2024-12-16,-0.0017154124295840623,0.0
baseline_last,y_XLP,5,2024-12-16,-0.0017154124295840623,0.0
baseline_last,y_XLP,6,2024-12-16,-0.0017154124295840623,0.0
baseline_last,y_XLP,4,2024-12-17,-0.015220384266308118,-0.0017154124295840623
baseline_last,y_XLP,5,2024-12-17,-0.015220384266308118,-0.0017154124295840623
baseline_last,y_XLP,6,2024-12-17,-0.015220384266308118,-0.0017154124295840623
baseline_last,y_XLP,4,2024-12-18,-0.007104585059434676,-0.015220384266308118
baseline_last,y_XLP,5,2024-12-18,-0.007104585059434676,-0.015220384266308118
baseline_last,y_XLP,6,2024-12-18,-0.007104585059434676,-0.015220384266308118
baseline_last,y_XLP,4,2024-12-19,0.0035150064384614765,-0.007104585059434676
baseline_last,y_XLP,5,2024-12-19,0.0035150064384614765,-0.007104585059434676
baseline_last,y_XLP,6,2024-12-19,0.0035150064384614765,-0.007104585059434676
baseline_last,y_XLP,4,2024-12-23,0.006589030266675566,0.0
baseline_last,y_XLP,5,2024-12-23,0.006589030266675566,0.0
baseline_last,y_XLP,6,2024-12-23,0.006589030266675566,0.0
baseline_last,y_XLP,4,2024-12-26,-0.0048939734168105264,0.0
baseline_last,y_XLP,5,2024-12-26,-0.0048939734168105264,0.0
baseline_last,y_XLP,6,2024-12-26,-0.0048939734168105264,0.0
baseline_last,y_XLP,5,2024-12-30,0.0030624099158835794,0.0
baseline_last,y_XLP,6,2024-12-30,0.0030624099158835794,0.0
baseline_last,y_XLP,7,2024-12-30,0.0030624099158835794,0.0
baseline_last,y_XLP,5,2025-01-02,-0.0005104516577078,0.0
baseline_last,y_XLP,6,2025-01-02,-0.0005104516577078,0.0
baseline_last,y_XLP,7,2025-01-02,-0.0005104516577078,0.0
baseline_last,y_XLP,5,2025-01-06,-0.003483575724138821,0.0
baseline_last,y_XLP,6,2025-01-06,-0.003483575724138821,0.0
baseline_last,y_XLP,7,2025-01-06,-0.003483575724138821,0.0
baseline_last,y_XLP,5,2025-01-07,0.001812515182934904,-0.003483575724138821
baseline_last,y_XLP,6,2025-01-07,0.001812515182934904,-0.003483575724138821
baseline_last,y_XLP,7,2025-01-07,0.001812515182934904,-0.003483575724138821
baseline_last,y_XLP,5,2025-01-13,0.0002616697749988628,0.0
baseline_last,y_XLP,6,2025-01-13,0.0002616697749988628,0.0
baseline_last,y_XLP,7,2025-01-13,0.0002616697749988628,0.0
baseline_last,y_XLP,5,2025-01-14,-0.003399177692672284,0.0002616697749988628
baseline_last,y_XLP,6,2025-01-14,-0.003399177692672284,0.0002616697749988628
baseline_last,y_XLP,7,2025-01-14,-0.003399177692672284,0.0002616697749988628
baseline_last,y_XLP,5,2025-01-15,0.007477417120709706,-0.003399177692672284
baseline_last,y_XLP,6,2025-01-15,0.007477417120709706,-0.003399177692672284
baseline_last,y_XLP,7,2025-01-15,0.007477417120709706,-0.003399177692672284
baseline_last,y_XLP,5,2025-01-16,0.005729038726350444,0.007477417120709706
baseline_last,y_XLP,6,2025-01-16,0.005729038726350444,0.007477417120709706
baseline_last,y_XLP,7,2025-01-16,0.005729038726350444,0.007477417120709706
baseline_last,y_XLP,6,2025-01-21,-0.0048970042361450306,0.0
baseline_last,y_XLP,7,2025-01-21,-0.0048970042361450306,0.0
baseline_last,y_XLP,8,2025-01-21,-0.0048970042361450306,0.0
baseline_last,y_XLP,6,2025-01-22,0.003625968977888583,-0.0048970042361450306
baseline_last,y_XLP,7,2025-01-22,0.003625968977888583,-0.0048970042361450306
baseline_last,y_XLP,8,2025-01-22,0.003625968977888583,-0.0048970042361450306
baseline_last,y_XLP,6,2025-01-23,0.005161414552830701,0.003625968977888583
baseline_last,y_XLP,7,2025-01-23,0.005161414552830701,0.003625968977888583
baseline_last,y_XLP,8,2025-01-23,0.005161414552830701,0.003625968977888583
baseline_last,y_XLP,6,2025-01-27,-0.015622981102210609,0.0
baseline_last,y_XLP,7,2025-01-27,-0.015622981102210609,0.0
baseline_last,y_XLP,8,2025-01-27,-0.015622981102210609,0.0
baseline_last,y_XLP,6,2025-01-28,0.0024122408085067715,-0.015622981102210609
baseline_last,y_XLP,7,2025-01-28,0.0024122408085067715,-0.015622981102210609
baseline_last,y_XLP,8,2025-01-28,0.0024122408085067715,-0.015622981102210609
baseline_last,y_XLP,6,2025-01-29,0.009879789393177019,0.0024122408085067715
baseline_last,y_XLP,7,2025-01-29,0.009879789393177019,0.0024122408085067715
baseline_last,y_XLP,8,2025-01-29,0.009879789393177019,0.0024122408085067715
baseline_last,y_XLP,6,2025-01-30,-0.009406825672373609,0.009879789393177019
baseline_last,y_XLP,7,2025-01-30,-0.009406825672373609,0.009879789393177019
baseline_last,y_XLP,8,2025-01-30,-0.009406825672373609,0.009879789393177019
baseline_last,y_XLP,6,2025-02-03,-0.008449969396131074,0.0
baseline_last,y_XLP,7,2025-02-03,-0.008449969396131074,0.0
baseline_last,y_XLP,8,2025-02-03,-0.008449969396131074,0.0
baseline_last,y_XLP,6,2025-02-04,0.006232451074855261,-0.008449969396131074
baseline_last,y_XLP,7,2025-02-04,0.006232451074855261,-0.008449969396131074
baseline_last,y_XLP,8,2025-02-04,0.006232451074855261,-0.008449969396131074
baseline_last,y_XLP,6,2025-02-05,0.004550695593022125,0.006232451074855261
baseline_last,y_XLP,7,2025-02-05,0.004550695593022125,0.006232451074855261
baseline_last,y_XLP,8,2025-02-05,0.004550695593022125,0.006232451074855261
baseline_last,y_XLP,6,2025-02-06,-0.001510059733706326,0.004550695593022125
baseline_last,y_XLP,7,2025-02-06,-0.001510059733706326,0.004550695593022125
baseline_last,y_XLP,8,2025-02-06,-0.001510059733706326,0.004550695593022125
baseline_last,y_XLP,7,2025-02-10,0.009644196199671606,0.0
baseline_last,y_XLP,8,2025-02-10,0.009644196199671606,0.0
baseline_last,y_XLP,9,2025-02-10,0.009644196199671606,0.0
baseline_last,y_XLP,7,2025-02-11,-0.0007442063429249357,0.009644196199671606
baseline_last,y_XLP,8,2025-02-11,-0.0007442063429249357,0.009644196199671606
baseline_last,y_XLP,9,2025-02-11,-0.0007442063429249357,0.009644196199671606
baseline_last,y_XLP,7,2025-02-12,0.010800780140132638,-0.0007442063429249357
baseline_last,y_XLP,8,2025-02-12,0.010800780140132638,-0.0007442063429249357
baseline_last,y_XLP,9,2025-02-12,0.010800780140132638,-0.0007442063429249357
baseline_last,y_XLP,7,2025-02-13,-0.009948567254026153,0.010800780140132638
baseline_last,y_XLP,8,2025-02-13,-0.009948567254026153,0.010800780140132638
baseline_last,y_XLP,9,2025-02-13,-0.009948567254026153,0.010800780140132638
baseline_last,y_XLP,7,2025-02-18,0.008034659131533672,0.0
baseline_last,y_XLP,8,2025-02-18,0.008034659131533672,0.0
baseline_last,y_XLP,9,2025-02-18,0.008034659131533672,0.0
baseline_last,y_XLP,7,2025-02-19,-0.0039238944962831646,0.008034659131533672
baseline_last,y_XLP,8,2025-02-19,-0.0039238944962831646,0.008034659131533672
baseline_last,y_XLP,9,2025-02-19,-0.0039238944962831646,0.008034659131533672
baseline_last,y_XLP,7,2025-02-20,0.011695129443229257,-0.0039238944962831646
baseline_last,y_XLP,8,2025-02-20,0.011695129443229257,-0.0039238944962831646
baseline_last,y_XLP,9,2025-02-20,0.011695129443229257,-0.0039238944962831646
baseline_last,y_XLP,7,2025-02-24,0.014193888727298543,0.0
baseline_last,y_XLP,8,2025-02-24,0.014193888727298543,0.0
baseline_last,y_XLP,9,2025-02-24,0.014193888727298543,0.0
baseline_last,y_XLP,7,2025-02-25,-0.01913874656065273,0.014193888727298543
baseline_last,y_XLP,8,2025-02-25,-0.01913874656065273,0.014193888727298543
baseline_last,y_XLP,9,2025-02-25,-0.01913874656065273,0.014193888727298543
baseline_last,y_XLP,7,2025-02-26,-0.00012196370356354347,-0.01913874656065273
baseline_last,y_XLP,8,2025-02-26,-0.00012196370356354347,-0.01913874656065273
baseline_last,y_XLP,9,2025-02-26,-0.00012196370356354347,-0.01913874656065273
baseline_last,y_XLP,7,2025-02-27,0.013294326954025548,-0.00012196370356354347
baseline_last,y_XLP,8,2025-02-27,0.013294326954025548,-0.00012196370356354347
baseline_last,y_XLP,9,2025-02-27,0.013294326954025548,-0.00012196370356354347
baseline_last,y_XLP,8,2025-03-03,-0.017002061080543696,0.0
baseline_last,y_XLP,9,2025-03-03,-0.017002061080543696,0.0
baseline_last,y_XLP,10,2025-03-03,-0.017002061080543696,0.0
baseline_last,y_XLP,8,2025-03-04,0.0041415247860454585,-0.017002061080543696
baseline_last,y_XLP,9,2025-03-04,0.0041415247860454585,-0.017002061080543696
baseline_last,y_XLP,10,2025-03-04,0.0041415247860454585,-0.017002061080543696
baseline_last,y_XLP,8,2025-03-05,0.0018193109359829762,0.0041415247860454585
baseline_last,y_XLP,9,2025-03-05,0.0018193109359829762,0.0041415247860454585
baseline_last,y_XLP,10,2025-03-05,0.0018193109359829762,0.0041415247860454585
baseline_last,y_XLP,8,2025-03-06,0.003269306178258047,0.0018193109359829762
baseline_last,y_XLP,9,2025-03-06,0.003269306178258047,0.0018193109359829762
baseline_last,y_XLP,10,2025-03-06,0.003269306178258047,0.0018193109359829762
baseline_last,y_XLP,8,2025-03-10,-0.014634624486924541,0.0
baseline_last,y_XLP,9,2025-03-10,-0.014634624486924541,0.0
baseline_last,y_XLP,10,2025-03-10,-0.014634624486924541,0.0
baseline_last,y_XLP,8,2025-03-11,-0.021725896021245084,-0.014634624486924541
baseline_last,y_XLP,9,2025-03-11,-0.021725896021245084,-0.014634624486924541
baseline_last,y_XLP,10,2025-03-11,-0.021725896021245084,-0.014634624486924541
baseline_last,y_XLP,8,2025-03-12,-0.004642393042635473,-0.021725896021245084
baseline_last,y_XLP,9,2025-03-12,-0.004642393042635473,-0.021725896021245084
baseline_last,y_XLP,10,2025-03-12,-0.004642393042635473,-0.021725896021245084
baseline_last,y_XLP,8,2025-03-13,0.002269037771288396,-0.004642393042635473
baseline_last,y_XLP,9,2025-03-13,0.002269037771288396,-0.004642393042635473
baseline_last,y_XLP,10,2025-03-13,0.002269037771288396,-0.004642393042635473
baseline_last,y_XLP,8,2025-03-17,-0.011404296183692986,0.0
baseline_last,y_XLP,9,2025-03-17,-0.011404296183692986,0.0
baseline_last,y_XLP,10,2025-03-17,-0.011404296183692986,0.0
baseline_last,y_XLP,8,2025-03-18,0.0,-0.011404296183692986
baseline_last,y_XLP,9,2025-03-18,0.0,-0.011404296183692986
baseline_last,y_XLP,10,2025-03-18,0.0,-0.011404296183692986
baseline_last,y_XLP,8,2025-03-19,-0.0048903893333689386,0.0
baseline_last,y_XLP,9,2025-03-19,-0.0048903893333689386,0.0
baseline_last,y_XLP,10,2025-03-19,-0.0048903893333689386,0.0
baseline_last,y_XLP,8,2025-03-20,-0.00037806290954967015,-0.0048903893333689386
baseline_last,y_XLP,9,2025-03-20,-0.00037806290954967015,-0.0048903893333689386
baseline_last,y_XLP,10,2025-03-20,-0.00037806290954967015,-0.0048903893333689386
baseline_last,y_XLP,9,2025-03-24,-0.00906808912434176,0.0
baseline_last,y_XLP,10,2025-03-24,-0.00906808912434176,0.0
baseline_last,y_XLP,11,2025-03-24,-0.00906808912434176,0.0
baseline_last,y_XLP,9,2025-03-25,0.015505889286993257,-0.00906808912434176
baseline_last,y_XLP,10,2025-03-25,0.015505889286993257,-0.00906808912434176
baseline_last,y_XLP,11,2025-03-25,0.015505889286993257,-0.00906808912434176
baseline_last,y_XLP,9,2025-03-26,0.011389127548802502,0.015505889286993257
baseline_last,y_XLP,10,2025-03-26,0.011389127548802502,0.015505889286993257
baseline_last,y_XLP,11,2025-03-26,0.011389127548802502,0.015505889286993257
baseline_last,y_XLP,9,2025-03-27,-0.004949776230635083,0.011389127548802502
baseline_last,y_XLP,10,2025-03-27,-0.004949776230635083,0.011389127548802502
baseline_last,y_XLP,11,2025-03-27,-0.004949776230635083,0.011389127548802502
baseline_last,y_XLP,9,2025-03-31,0.0014693724809597963,0.0
baseline_last,y_XLP,10,2025-03-31,0.0014693724809597963,0.0
baseline_last,y_XLP,11,2025-03-31,0.0014693724809597963,0.0
baseline_last,y_XLP,9,2025-04-01,-0.00293443318654818,0.0014693724809597963
baseline_last,y_XLP,10,2025-04-01,-0.00293443318654818,0.0014693724809597963
baseline_last,y_XLP,11,2025-04-01,-0.00293443318654818,0.0014693724809597963
baseline_last,y_XLP,9,2025-04-02,0.005763383489671092,-0.00293443318654818
baseline_last,y_XLP,10,2025-04-02,0.005763383489671092,-0.00293443318654818
baseline_last,y_XLP,11,2025-04-02,0.005763383489671092,-0.00293443318654818
baseline_last,y_XLP,9,2025-04-03,-0.04340400558473145,0.005763383489671092
baseline_last,y_XLP,10,2025-04-03,-0.04340400558473145,0.005763383489671092
baseline_last,y_XLP,11,2025-04-03,-0.04340400558473145,0.005763383489671092
baseline_last,y_XLP,9,2025-04-07,-0.015473955485887037,0.0
baseline_last,y_XLP,10,2025-04-07,-0.015473955485887037,0.0
baseline_last,y_XLP,11,2025-04-07,-0.015473955485887037,0.0
baseline_last,y_XLP,9,2025-04-08,0.03876874809427511,-0.015473955485887037
baseline_last,y_XLP,10,2025-04-08,0.03876874809427511,-0.015473955485887037
baseline_last,y_XLP,11,2025-04-08,0.03876874809427511,-0.015473955485887037
baseline_last,y_XLP,9,2025-04-09,0.0005043981731565061,0.03876874809427511
baseline_last,y_XLP,10,2025-04-09,0.0005043981731565061,0.03876874809427511
baseline_last,y_XLP,11,2025-04-09,0.0005043981731565061,0.03876874809427511
baseline_last,y_XLP,9,2025-04-10,0.012602418043458075,0.0005043981731565061
baseline_last,y_XLP,10,2025-04-10,0.012602418043458075,0.0005043981731565061
baseline_last,y_XLP,11,2025-04-10,0.012602418043458075,0.0005043981731565061
baseline_last,y_XLP,10,2025-04-14,-0.008443530846431013,0.0
baseline_last,y_XLP,11,2025-04-14,-0.008443530846431013,0.0
baseline_last,y_XLP,12,2025-04-14,-0.008443530846431013,0.0
baseline_last,y_XLP,10,2025-04-15,-0.010736801957292541,-0.008443530846431013
baseline_last,y_XLP,11,2025-04-15,-0.010736801957292541,-0.008443530846431013
baseline_last,y_XLP,12,2025-04-15,-0.010736801957292541,-0.008443530846431013
baseline_last,y_XLP,10,2025-04-16,0.02133240117752755,-0.010736801957292541
baseline_last,y_XLP,11,2025-04-16,0.02133240117752755,-0.010736801957292541
baseline_last,y_XLP,12,2025-04-16,0.02133240117752755,-0.010736801957292541
baseline_last,y_XLP,10,2025-04-21,0.01418175689298562,0.0
baseline_last,y_XLP,11,2025-04-21,0.01418175689298562,0.0
baseline_last,y_XLP,12,2025-04-21,0.01418175689298562,0.0
baseline_last,y_XLP,10,2025-04-22,-0.005714933616499773,0.01418175689298562
baseline_last,y_XLP,11,2025-04-22,-0.005714933616499773,0.01418175689298562
baseline_last,y_XLP,12,2025-04-22,-0.005714933616499773,0.01418175689298562
baseline_last,y_XLP,10,2025-04-23,-0.008805071983856716,-0.005714933616499773
baseline_last,y_XLP,11,2025-04-23,-0.008805071983856716,-0.005714933616499773
baseline_last,y_XLP,12,2025-04-23,-0.008805071983856716,-0.005714933616499773
baseline_last,y_XLP,10,2025-04-24,-0.0025910718068185012,-0.008805071983856716
baseline_last,y_XLP,11,2025-04-24,-0.0025910718068185012,-0.008805071983856716
baseline_last,y_XLP,12,2025-04-24,-0.0025910718068185012,-0.008805071983856716
baseline_last,y_XLP,10,2025-04-28,0.008315745979584177,0.0
baseline_last,y_XLP,11,2025-04-28,0.008315745979584177,0.0
baseline_last,y_XLP,12,2025-04-28,0.008315745979584177,0.0
baseline_last,y_XLP,10,2025-04-29,0.007262525976323042,0.008315745979584177
baseline_last,y_XLP,11,2025-04-29,0.007262525976323042,0.008315745979584177
baseline_last,y_XLP,12,2025-04-29,0.007262525976323042,0.008315745979584177
baseline_last,y_XLP,10,2025-04-30,-0.00867647089648349,0.007262525976323042
baseline_last,y_XLP,11,2025-04-30,-0.00867647089648349,0.007262525976323042
baseline_last,y_XLP,12,2025-04-30,-0.00867647089648349,0.007262525976323042
baseline_last,y_XLP,10,2025-05-01,0.0054240035922310526,-0.00867647089648349
baseline_last,y_XLP,11,2025-05-01,0.0054240035922310526,-0.00867647089648349
baseline_last,y_XLP,12,2025-05-01,0.0054240035922310526,-0.00867647089648349
baseline_last,y_XLP,11,2025-05-05,-0.0017180225318602638,0.0
baseline_last,y_XLP,12,2025-05-05,-0.0017180225318602638,0.0
baseline_last,y_XLP,13,2025-05-05,-0.0017180225318602638,0.0
baseline_last,y_XLP,11,2025-05-06,0.0015980178981072068,-0.0017180225318602638
baseline_last,y_XLP,12,2025-05-06,0.0015980178981072068,-0.0017180225318602638
baseline_last,y_XLP,13,2025-05-06,0.0015980178981072068,-0.0017180225318602638
baseline_last,y_XLP,11,2025-05-07,-0.0012273642813742658,0.0015980178981072068
baseline_last,y_XLP,12,2025-05-07,-0.0012273642813742658,0.0015980178981072068
baseline_last,y_XLP,13,2025-05-07,-0.0012273642813742658,0.0015980178981072068
baseline_last,y_XLP,11,2025-05-08,-0.0057752315740250415,-0.0012273642813742658
baseline_last,y_XLP,12,2025-05-08,-0.0057752315740250415,-0.0012273642813742658
baseline_last,y_XLP,13,2025-05-08,-0.0057752315740250415,-0.0012273642813742658
baseline_last,y_XLP,11,2025-05-12,-0.013451767955992455,0.0
baseline_last,y_XLP,12,2025-05-12,-0.013451767955992455,0.0
baseline_last,y_XLP,13,2025-05-12,-0.013451767955992455,0.0
baseline_last,y_XLP,11,2025-05-13,-0.0053791325858555394,-0.013451767955992455
baseline_last,y_XLP,12,2025-05-13,-0.0053791325858555394,-0.013451767955992455
baseline_last,y_XLP,13,2025-05-13,-0.0053791325858555394,-0.013451767955992455
baseline_last,y_XLP,11,2025-05-14,0.02050063481965192,-0.0053791325858555394
baseline_last,y_XLP,12,2025-05-14,0.02050063481965192,-0.0053791325858555394
baseline_last,y_XLP,13,2025-05-14,0.02050063481965192,-0.0053791325858555394
baseline_last,y_XLP,11,2025-05-15,0.011461731308038292,0.02050063481965192
baseline_last,y_XLP,12,2025-05-15,0.011461731308038292,0.02050063481965192
baseline_last,y_XLP,13,2025-05-15,0.011461731308038292,0.02050063481965192
baseline_last,y_XLP,11,2025-05-19,0.0035233417006819145,0.0
baseline_last,y_XLP,12,2025-05-19,0.0035233417006819145,0.0
baseline_last,y_XLP,13,2025-05-19,0.0035233417006819145,0.0
baseline_last,y_XLP,11,2025-05-20,-0.011622252443342362,0.0035233417006819145
baseline_last,y_XLP,12,2025-05-20,-0.011622252443342362,0.0035233417006819145
baseline_last,y_XLP,13,2025-05-20,-0.011622252443342362,0.0035233417006819145
baseline_last,y_XLP,11,2025-05-21,-0.004164592758236441,-0.011622252443342362
baseline_last,y_XLP,12,2025-05-21,-0.004164592758236441,-0.011622252443342362
baseline_last,y_XLP,13,2025-05-21,-0.004164592758236441,-0.011622252443342362
baseline_last,y_XLP,11,2025-05-22,0.003689957280387013,-0.004164592758236441
baseline_last,y_XLP,12,2025-05-22,0.003689957280387013,-0.004164592758236441
baseline_last,y_XLP,13,2025-05-22,0.003689957280387013,-0.004164592758236441
baseline_last,y_XLP,12,2025-05-27,-0.006800960690379054,0.0
baseline_last,y_XLP,13,2025-05-27,-0.006800960690379054,0.0
baseline_last,y_XLP,14,2025-05-27,-0.006800960690379054,0.0
baseline_last,y_XLP,12,2025-05-28,0.004035148482805617,-0.006800960690379054
baseline_last,y_XLP,13,2025-05-28,0.004035148482805617,-0.006800960690379054
baseline_last,y_XLP,14,2025-05-28,0.004035148482805617,-0.006800960690379054
baseline_last,y_XLP,12,2025-05-29,0.00876880224428156,0.004035148482805617
baseline_last,y_XLP,13,2025-05-29,0.00876880224428156,0.004035148482805617
baseline_last,y_XLP,14,2025-05-29,0.00876880224428156,0.004035148482805617
baseline_last,y_XLP,12,2025-06-02,-0.0009652489676322817,0.0
baseline_last,y_XLP,13,2025-06-02,-0.0009652489676322817,0.0
baseline_last,y_XLP,14,2025-06-02,-0.0009652489676322817,0.0
baseline_last,y_XLP,12,2025-06-03,-0.007004792866998066,-0.0009652489676322817
baseline_last,y_XLP,13,2025-06-03,-0.007004792866998066,-0.0009652489676322817
baseline_last,y_XLP,14,2025-06-03,-0.007004792866998066,-0.0009652489676322817
baseline_last,y_XLP,12,2025-06-04,-0.00960840678698982,-0.007004792866998066
baseline_last,y_XLP,13,2025-06-04,-0.00960840678698982,-0.007004792866998066
baseline_last,y_XLP,14,2025-06-04,-0.00960840678698982,-0.007004792866998066
baseline_last,y_XLP,12,2025-06-05,0.0031928958928086892,-0.00960840678698982
baseline_last,y_XLP,13,2025-06-05,0.0031928958928086892,-0.00960840678698982
baseline_last,y_XLP,14,2025-06-05,0.0031928958928086892,-0.00960840678698982
baseline_last,y_XLP,12,2025-06-09,0.0022062989903071095,0.0
baseline_last,y_XLP,13,2025-06-09,0.0022062989903071095,0.0
baseline_last,y_XLP,14,2025-06-09,0.0022062989903071095,0.0
baseline_last,y_XLP,12,2025-06-10,-0.0034246029971307657,0.0022062989903071095
baseline_last,y_XLP,13,2025-06-10,-0.0034246029971307657,0.0022062989903071095
baseline_last,y_XLP,14,2025-06-10,-0.0034246029971307657,0.0022062989903071095
baseline_last,y_XLP,12,2025-06-11,0.005890908395010941,-0.0034246029971307657
baseline_last,y_XLP,13,2025-06-11,0.005890908395010941,-0.0034246029971307657
baseline_last,y_XLP,14,2025-06-11,0.005890908395010941,-0.0034246029971307657
baseline_last,y_XLP,12,2025-06-12,-0.012201002338663391,0.005890908395010941
baseline_last,y_XLP,13,2025-06-12,-0.012201002338663391,0.005890908395010941
baseline_last,y_XLP,14,2025-06-12,-0.012201002338663391,0.005890908395010941
baseline_last,y_XLP,13,2025-07-02,-0.0004865274007881393,0.0
baseline_last,y_XLP,14,2025-07-02,-0.0004865274007881393,0.0
baseline_last,y_XLP,15,2025-07-02,-0.0004865274007881393,0.0
baseline_last,y_XLP,13,2025-07-07,-0.009255838959643214,0.0
baseline_last,y_XLP,14,2025-07-07,-0.009255838959643214,0.0
baseline_last,y_XLP,15,2025-07-07,-0.009255838959643214,0.0
baseline_last,y_XLP,13,2025-07-08,-0.006515097013988447,-0.009255838959643214
baseline_last,y_XLP,14,2025-07-08,-0.006515097013988447,-0.009255838959643214
baseline_last,y_XLP,15,2025-07-08,-0.006515097013988447,-0.009255838959643214
baseline_last,y_XLP,13,2025-07-09,0.0035881861096929146,-0.006515097013988447
baseline_last,y_XLP,14,2025-07-09,0.0035881861096929146,-0.006515097013988447
baseline_last,y_XLP,15,2025-07-09,0.0035881861096929146,-0.006515097013988447
baseline_last,y_XLP,13,2025-07-10,-0.003698701201497956,0.0035881861096929146
baseline_last,y_XLP,14,2025-07-10,-0.003698701201497956,0.0035881861096929146
baseline_last,y_XLP,15,2025-07-10,-0.003698701201497956,0.0035881861096929146
baseline_last,y_XLP,13,2025-07-14,-0.010014786901552886,0.0
baseline_last,y_XLP,14,2025-07-14,-0.010014786901552886,0.0
baseline_last,y_XLP,15,2025-07-14,-0.010014786901552886,0.0
baseline_last,y_XLP,13,2025-07-15,0.003496946457842709,-0.010014786901552886
baseline_last,y_XLP,14,2025-07-15,0.003496946457842709,-0.010014786901552886
baseline_last,y_XLP,15,2025-07-15,0.003496946457842709,-0.010014786901552886
baseline_last,y_XLP,13,2025-07-16,0.00945858040342662,0.003496946457842709
baseline_last,y_XLP,14,2025-07-16,0.00945858040342662,0.003496946457842709
baseline_last,y_XLP,15,2025-07-16,0.00945858040342662,0.003496946457842709
baseline_last,y_XLP,13,2025-07-17,-0.0027123299650454458,0.00945858040342662
baseline_last,y_XLP,14,2025-07-17,-0.0027123299650454458,0.00945858040342662
baseline_last,y_XLP,15,2025-07-17,-0.0027123299650454458,0.00945858040342662
baseline_last,y_XLP,13,2025-07-21,0.00914940131957187,0.0
baseline_last,y_XLP,14,2025-07-21,0.00914940131957187,0.0
baseline_last,y_XLP,15,2025-07-21,0.00914940131957187,0.0
baseline_last,y_XLP,13,2025-07-22,0.0003676253989211009,0.00914940131957187
baseline_last,y_XLP,14,2025-07-22,0.0003676253989211009,0.00914940131957187
baseline_last,y_XLP,15,2025-07-22,0.0003676253989211009,0.00914940131957187
baseline_last,y_XLP,13,2025-07-23,-0.0035518056055026115,0.0003676253989211009
baseline_last,y_XLP,14,2025-07-23,-0.0035518056055026115,0.0003676253989211009
baseline_last,y_XLP,15,2025-07-23,-0.0035518056055026115,0.0003676253989211009
baseline_last,y_XLP,14,2025-07-24,0.0017207503842184835,-0.0035518056055026115
baseline_last,y_XLP,15,2025-07-24,0.0017207503842184835,-0.0035518056055026115
baseline_last,y_XLP,16,2025-07-24,0.0017207503842184835,-0.0035518056055026115
baseline_last,y_XLP,14,2025-07-28,0.006570830298126662,0.0
baseline_last,y_XLP,15,2025-07-28,0.006570830298126662,0.0
baseline_last,y_XLP,16,2025-07-28,0.006570830298126662,0.0
baseline_last,y_XLP,14,2025-07-29,-0.00886802116147789,0.006570830298126662
baseline_last,y_XLP,15,2025-07-29,-0.00886802116147789,0.006570830298126662
baseline_last,y_XLP,16,2025-07-29,-0.00886802116147789,0.006570830298126662
baseline_last,y_XLP,14,2025-07-30,-0.008574679939815866,-0.00886802116147789
baseline_last,y_XLP,15,2025-07-30,-0.008574679939815866,-0.00886802116147789
baseline_last,y_XLP,16,2025-07-30,-0.008574679939815866,-0.00886802116147789
baseline_last,y_XLP,14,2025-07-31,0.004763079177237728,-0.008574679939815866
baseline_last,y_XLP,15,2025-07-31,0.004763079177237728,-0.008574679939815866
baseline_last,y_XLP,16,2025-07-31,0.004763079177237728,-0.008574679939815866
baseline_last,y_XLP,14,2025-08-04,-0.0009931324759511195,0.0
baseline_last,y_XLP,15,2025-08-04,-0.0009931324759511195,0.0
baseline_last,y_XLP,16,2025-08-04,-0.0009931324759511195,0.0
baseline_last,y_XLP,14,2025-08-05,0.014290940779291272,-0.0009931324759511195
baseline_last,y_XLP,15,2025-08-05,0.014290940779291272,-0.0009931324759511195
baseline_last,y_XLP,16,2025-08-05,0.014290940779291272,-0.0009931324759511195
baseline_last,y_XLP,14,2025-08-06,0.007596136887950022,0.014290940779291272
baseline_last,y_XLP,15,2025-08-06,0.007596136887950022,0.014290940779291272
baseline_last,y_XLP,16,2025-08-06,0.007596136887950022,0.014290940779291272
baseline_last,y_XLP,14,2025-08-07,0.0029183605696392334,0.007596136887950022
baseline_last,y_XLP,15,2025-08-07,0.0029183605696392334,0.007596136887950022
baseline_last,y_XLP,16,2025-08-07,0.0029183605696392334,0.007596136887950022
baseline_last,y_XLP,14,2025-08-11,0.0026694494338062036,0.0
baseline_last,y_XLP,15,2025-08-11,0.0026694494338062036,0.0
baseline_last,y_XLP,16,2025-08-11,0.0026694494338062036,0.0
baseline_last,y_XLP,14,2025-08-12,0.0,0.0026694494338062036
baseline_last,y_XLP,15,2025-08-12,0.0,0.0026694494338062036
baseline_last,y_XLP,16,2025-08-12,0.0,0.0026694494338062036
baseline_last,y_XLP,15,2025-08-13,-0.008955535226417233,0.0
baseline_last,y_XLP,16,2025-08-13,-0.008955535226417233,0.0
baseline_last,y_XLP,17,2025-08-13,-0.008955535226417233,0.0
baseline_last,y_XLP,15,2025-08-14,0.0015875388835446813,-0.008955535226417233
baseline_last,y_XLP,16,2025-08-14,0.0015875388835446813,-0.008955535226417233
baseline_last,y_XLP,17,2025-08-14,0.0015875388835446813,-0.008955535226417233
baseline_last,y_XLP,15,2025-08-18,0.010255081431183255,0.0
baseline_last,y_XLP,16,2025-08-18,0.010255081431183255,0.0
baseline_last,y_XLP,17,2025-08-18,0.010255081431183255,0.0
baseline_last,y_XLP,15,2025-08-19,0.005679755266244868,0.010255081431183255
baseline_last,y_XLP,16,2025-08-19,0.005679755266244868,0.010255081431183255
baseline_last,y_XLP,17,2025-08-19,0.005679755266244868,0.010255081431183255
baseline_last,y_XLP,15,2025-08-20,-0.009012259788528154,0.005679755266244868
baseline_last,y_XLP,16,2025-08-20,-0.009012259788528154,0.005679755266244868
baseline_last,y_XLP,17,2025-08-20,-0.009012259788528154,0.005679755266244868
baseline_last,y_XLP,15,2025-08-21,0.0,-0.009012259788528154
baseline_last,y_XLP,16,2025-08-21,0.0,-0.009012259788528154
baseline_last,y_XLP,17,2025-08-21,0.0,-0.009012259788528154
baseline_last,y_XLP,15,2025-08-25,-0.0065384058024315905,0.0
baseline_last,y_XLP,16,2025-08-25,-0.0065384058024315905,0.0
baseline_last,y_XLP,17,2025-08-25,-0.0065384058024315905,0.0
baseline_last,y_XLP,15,2025-08-26,0.0029803300142166034,-0.0065384058024315905
baseline_last,y_XLP,16,2025-08-26,0.0029803300142166034,-0.0065384058024315905
baseline_last,y_XLP,17,2025-08-26,0.0029803300142166034,-0.0065384058024315905
baseline_last,y_XLP,15,2025-08-27,-0.006314154647032555,0.0029803300142166034
baseline_last,y_XLP,16,2025-08-27,-0.006314154647032555,0.0029803300142166034
baseline_last,y_XLP,17,2025-08-27,-0.006314154647032555,0.0029803300142166034
baseline_last,y_XLP,15,2025-08-28,0.0064788304627076965,-0.006314154647032555
baseline_last,y_XLP,16,2025-08-28,0.0064788304627076965,-0.006314154647032555
baseline_last,y_XLP,17,2025-08-28,0.0064788304627076965,-0.006314154647032555
baseline_last,y_XLP,15,2025-09-02,-0.0007439978270539216,0.0
baseline_last,y_XLP,16,2025-09-02,-0.0007439978270539216,0.0
baseline_last,y_XLP,17,2025-09-02,-0.0007439978270539216,0.0
baseline_last,y_XLP,16,2025-09-03,0.0006204117681649635,-0.0007439978270539216
baseline_last,y_XLP,17,2025-09-03,0.0006204117681649635,-0.0007439978270539216
baseline_last,y_XLP,18,2025-09-03,0.0006204117681649635,-0.0007439978270539216
baseline_last,y_XLP,16,2025-09-04,0.0028522014610823376,0.0006204117681649635
baseline_last,y_XLP,17,2025-09-04,0.0028522014610823376,0.0006204117681649635
baseline_last,y_XLP,18,2025-09-04,0.0028522014610823376,0.0006204117681649635
baseline_last,y_XLP,16,2025-09-08,0.0019858681688389446,0.0
baseline_last,y_XLP,17,2025-09-08,0.0019858681688389446,0.0
baseline_last,y_XLP,18,2025-09-08,0.0019858681688389446,0.0
baseline_last,y_XLP,16,2025-09-09,-0.0097856409229361,0.0019858681688389446
baseline_last,y_XLP,17,2025-09-09,-0.0097856409229361,0.0019858681688389446
baseline_last,y_XLP,18,2025-09-09,-0.0097856409229361,0.0019858681688389446
baseline_last,y_XLP,16,2025-09-10,0.008131029473843698,-0.0097856409229361
baseline_last,y_XLP,17,2025-09-10,0.008131029473843698,-0.0097856409229361
baseline_last,y_XLP,18,2025-09-10,0.008131029473843698,-0.0097856409229361
baseline_last,y_XLP,16,2025-09-11,-0.0033503388484035224,0.008131029473843698
baseline_last,y_XLP,17,2025-09-11,-0.0033503388484035224,0.008131029473843698
baseline_last,y_XLP,18,2025-09-11,-0.0033503388484035224,0.008131029473843698
baseline_last,y_XLP,16,2025-09-15,0.004533971137881343,0.0
baseline_last,y_XLP,17,2025-09-15,0.004533971137881343,0.0
baseline_last,y_XLP,18,2025-09-15,0.004533971137881343,0.0
baseline_last,y_XLP,16,2025-09-16,0.006018009369718635,0.004533971137881343
baseline_last,y_XLP,17,2025-09-16,0.006018009369718635,0.004533971137881343
baseline_last,y_XLP,18,2025-09-16,0.006018009369718635,0.004533971137881343
baseline_last,y_XLP,16,2025-09-17,-0.008723747887073308,0.006018009369718635
baseline_last,y_XLP,17,2025-09-17,-0.008723747887073308,0.006018009369718635
baseline_last,y_XLP,18,2025-09-17,-0.008723747887073308,0.006018009369718635
baseline_last,y_XLP,16,2025-09-18,-0.0020116812637844816,-0.008723747887073308
baseline_last,y_XLP,17,2025-09-18,-0.0020116812637844816,-0.008723747887073308
baseline_last,y_XLP,18,2025-09-18,-0.0020116812637844816,-0.008723747887073308
baseline_last,y_XLP,16,2025-09-22,0.005002542160704504,0.0
baseline_last,y_XLP,17,2025-09-22,0.005002542160704504,0.0
baseline_last,y_XLP,18,2025-09-22,0.005002542160704504,0.0
baseline_last,y_XLP,17,2025-09-23,0.002169761214367405,0.005002542160704504
baseline_last,y_XLP,18,2025-09-23,0.002169761214367405,0.005002542160704504
baseline_last,y_XLP,19,2025-09-23,0.002169761214367405,0.005002542160704504
baseline_last,y_XLP,17,2025-09-24,-0.00955174516560553,0.002169761214367405
baseline_last,y_XLP,18,2025-09-24,-0.00955174516560553,0.002169761214367405
baseline_last,y_XLP,19,2025-09-24,-0.00955174516560553,0.002169761214367405
baseline_last,y_XLP,17,2025-09-25,0.002443153612319282,-0.00955174516560553
baseline_last,y_XLP,18,2025-09-25,0.002443153612319282,-0.00955174516560553
baseline_last,y_XLP,19,2025-09-25,0.002443153612319282,-0.00955174516560553
baseline_last,y_XLP,17,2025-09-29,0.0033285905815862993,0.0
baseline_last,y_XLP,18,2025-09-29,0.0033285905815862993,0.0
baseline_last,y_XLP,19,2025-09-29,0.0033285905815862993,0.0
baseline_last,y_XLP,17,2025-09-30,-0.0015311532725347243,0.0033285905815862993
baseline_last,y_XLP,18,2025-09-30,-0.0015311532725347243,0.0033285905815862993
baseline_last,y_XLP,19,2025-09-30,-0.0015311532725347243,0.0033285905815862993
baseline_last,y_XLP,17,2025-10-01,-0.0039616678730839405,-0.0015311532725347243
baseline_last,y_XLP,18,2025-10-01,-0.0039616678730839405,-0.0015311532725347243
baseline_last,y_XLP,19,2025-10-01,-0.0039616678730839405,-0.0015311532725347243
baseline_last,y_XLP,17,2025-10-02,0.0011546758451326244,-0.0039616678730839405
baseline_last,y_XLP,18,2025-10-02,0.0011546758451326244,-0.0039616678730839405
baseline_last,y_XLP,19,2025-10-02,0.0011546758451326244,-0.0039616678730839405
baseline_last,y_XLP,17,2025-10-06,0.00929514521002317,0.0
baseline_last,y_XLP,18,2025-10-06,0.00929514521002317,0.0
baseline_last,y_XLP,19,2025-10-06,0.00929514521002317,0.0
baseline_last,y_XLP,17,2025-10-07,-0.004988562958031295,0.00929514521002317
baseline_last,y_XLP,18,2025-10-07,-0.004988562958031295,0.00929514521002317
baseline_last,y_XLP,19,2025-10-07,-0.004988562958031295,0.00929514521002317
baseline_last,y_XLP,17,2025-10-08,0.003213859576640221,-0.004988562958031295
baseline_last,y_XLP,18,2025-10-08,0.003213859576640221,-0.004988562958031295
baseline_last,y_XLP,19,2025-10-08,0.003213859576640221,-0.004988562958031295
baseline_last,y_XLP,17,2025-10-09,0.0007687646422267491,0.003213859576640221
baseline_last,y_XLP,18,2025-10-09,0.0007687646422267491,0.003213859576640221
baseline_last,y_XLP,19,2025-10-09,0.0007687646422267491,0.003213859576640221
baseline_last,y_XLP,18,2025-10-13,0.016058581376052983,0.0
baseline_last,y_XLP,19,2025-10-13,0.016058581376052983,0.0
baseline_last,y_XLP,20,2025-10-13,0.016058581376052983,0.0
baseline_last,y_XLP,18,2025-10-14,0.0017702293801096225,0.016058581376052983
baseline_last,y_XLP,19,2025-10-14,0.0017702293801096225,0.016058581376052983
baseline_last,y_XLP,20,2025-10-14,0.0017702293801096225,0.016058581376052983
baseline_last,y_XLP,18,2025-10-15,-0.006941829707354241,0.0017702293801096225
baseline_last,y_XLP,19,2025-10-15,-0.006941829707354241,0.0017702293801096225
baseline_last,y_XLP,20,2025-10-15,-0.006941829707354241,0.0017702293801096225
baseline_last,y_XLP,18,2025-10-16,0.013345268690692302,-0.006941829707354241
baseline_last,y_XLP,19,2025-10-16,0.013345268690692302,-0.006941829707354241
baseline_last,y_XLP,20,2025-10-16,0.013345268690692302,-0.006941829707354241
baseline_last,y_XLP,18,2025-10-20,-0.004644772552793497,0.0
baseline_last,y_XLP,19,2025-10-20,-0.004644772552793497,0.0
baseline_last,y_XLP,20,2025-10-20,-0.004644772552793497,0.0
baseline_last,y_XLP,18,2025-10-21,0.0056752749882760245,-0.004644772552793497
baseline_last,y_XLP,19,2025-10-21,0.0056752749882760245,-0.004644772552793497
baseline_last,y_XLP,20,2025-10-21,0.0056752749882760245,-0.004644772552793497
baseline_last,y_XLP,18,2025-10-22,-0.004890872804419022,0.0056752749882760245
baseline_last,y_XLP,19,2025-10-22,-0.004890872804419022,0.0056752749882760245
baseline_last,y_XLP,20,2025-10-22,-0.004890872804419022,0.0056752749882760245
baseline_last,y_XLP,18,2025-10-23,-0.00327667195268444,-0.004890872804419022
baseline_last,y_XLP,19,2025-10-23,-0.00327667195268444,-0.004890872804419022
baseline_last,y_XLP,20,2025-10-23,-0.00327667195268444,-0.004890872804419022
baseline_last,y_XLP,18,2025-10-27,-0.009972251893357154,0.0
baseline_last,y_XLP,19,2025-10-27,-0.009972251893357154,0.0
baseline_last,y_XLP,20,2025-10-27,-0.009972251893357154,0.0
baseline_last,y_XLP,18,2025-10-28,-0.023587882519984005,-0.009972251893357154
baseline_last,y_XLP,19,2025-10-28,-0.023587882519984005,-0.009972251893357154
baseline_last,y_XLP,20,2025-10-28,-0.023587882519984005,-0.009972251893357154
baseline_last,y_XLP,18,2025-10-29,-0.0010447289193076248,-0.023587882519984005
baseline_last,y_XLP,19,2025-10-29,-0.0010447289193076248,-0.023587882519984005
baseline_last,y_XLP,20,2025-10-29,-0.0010447289193076248,-0.023587882519984005
baseline_last,y_XLP,18,2025-10-30,-0.0028757829838415017,-0.0010447289193076248
baseline_last,y_XLP,19,2025-10-30,-0.0028757829838415017,-0.0010447289193076248
baseline_last,y_XLP,20,2025-10-30,-0.0028757829838415017,-0.0010447289193076248
baseline_last,y_XLP,19,2025-11-03,0.004096099610378712,0.0
baseline_last,y_XLP,20,2025-11-03,0.004096099610378712,0.0
baseline_last,y_XLP,21,2025-11-03,0.004096099610378712,0.0
baseline_last,y_XLP,19,2025-11-04,-0.0006579367504280231,0.004096099610378712
baseline_last,y_XLP,20,2025-11-04,-0.0006579367504280231,0.004096099610378712
baseline_last,y_XLP,21,2025-11-04,-0.0006579367504280231,0.004096099610378712
baseline_last,y_XLP,19,2025-11-05,-0.004477239500817687,-0.0006579367504280231
baseline_last,y_XLP,20,2025-11-05,-0.004477239500817687,-0.0006579367504280231
baseline_last,y_XLP,21,2025-11-05,-0.004477239500817687,-0.0006579367504280231
baseline_last,y_XLP,19,2025-11-06,0.01468254186241591,-0.004477239500817687
baseline_last,y_XLP,20,2025-11-06,0.01468254186241591,-0.004477239500817687
baseline_last,y_XLP,21,2025-11-06,0.01468254186241591,-0.004477239500817687
baseline_last,y_XLP,19,2025-11-10,0.013083886641533704,0.0
baseline_last,y_XLP,20,2025-11-10,0.013083886641533704,0.0
baseline_last,y_XLP,21,2025-11-10,0.013083886641533704,0.0
baseline_last,y_XLP,19,2025-11-11,-0.0014206211659343326,0.013083886641533704
baseline_last,y_XLP,20,2025-11-11,-0.0014206211659343326,0.013083886641533704
baseline_last,y_XLP,21,2025-11-11,-0.0014206211659343326,0.013083886641533704
baseline_last,y_XLP,19,2025-11-12,0.0,-0.0014206211659343326
baseline_last,y_XLP,20,2025-11-12,0.0,-0.0014206211659343326
baseline_last,y_XLP,21,2025-11-12,0.0,-0.0014206211659343326
baseline_last,y_XLP,19,2025-11-13,-0.0007760228243410827,0.0
baseline_last,y_XLP,20,2025-11-13,-0.0007760228243410827,0.0
baseline_last,y_XLP,21,2025-11-13,-0.0007760228243410827,0.0
baseline_last,y_XLP,19,2025-11-17,0.004298603800262368,0.0
baseline_last,y_XLP,20,2025-11-17,0.004298603800262368,0.0
baseline_last,y_XLP,21,2025-11-17,0.004298603800262368,0.0
baseline_last,y_XLP,19,2025-11-18,-0.007652300133832446,0.004298603800262368
baseline_last,y_XLP,20,2025-11-18,-0.007652300133832446,0.004298603800262368
baseline_last,y_XLP,21,2025-11-18,-0.007652300133832446,0.004298603800262368
baseline_last,y_XLP,19,2025-11-19,0.0071885172696801725,-0.007652300133832446
baseline_last,y_XLP,20,2025-11-19,0.0071885172696801725,-0.007652300133832446
baseline_last,y_XLP,21,2025-11-19,0.0071885172696801725,-0.007652300133832446
baseline_last,y_XLP,19,2025-11-20,0.010900676844956436,0.0071885172696801725
baseline_last,y_XLP,20,2025-11-20,0.010900676844956436,0.0071885172696801725
baseline_last,y_XLP,21,2025-11-20,0.010900676844956436,0.0071885172696801725
baseline_last,y_XLP,20,2025-11-24,0.01376617910575062,0.0
baseline_last,y_XLP,21,2025-11-24,0.01376617910575062,0.0
baseline_last,y_XLP,22,2025-11-24,0.01376617910575062,0.0
baseline_last,y_XLP,20,2025-11-25,0.010889109993459156,0.01376617910575062
baseline_last,y_XLP,21,2025-11-25,0.010889109993459156,0.01376617910575062
baseline_last,y_XLP,22,2025-11-25,0.010889109993459156,0.01376617910575062
baseline_last,y_XLP,20,2025-12-01,-0.00655830246115785,0.0
baseline_last,y_XLP,21,2025-12-01,-0.00655830246115785,0.0
baseline_last,y_XLP,22,2025-12-01,-0.00655830246115785,0.0
baseline_last,y_XLP,20,2025-12-02,0.0007618354698994967,-0.00655830246115785
baseline_last,y_XLP,21,2025-12-02,0.0007618354698994967,-0.00655830246115785
baseline_last,y_XLP,22,2025-12-02,0.0007618354698994967,-0.00655830246115785
baseline_last,y_XLP,20,2025-12-03,-0.004820602034775634,0.0007618354698994967
baseline_last,y_XLP,21,2025-12-03,-0.004820602034775634,0.0007618354698994967
baseline_last,y_XLP,22,2025-12-03,-0.004820602034775634,0.0007618354698994967
baseline_last,y_XLP,20,2025-12-04,0.00012753951666355512,-0.004820602034775634
baseline_last,y_XLP,21,2025-12-04,0.00012753951666355512,-0.004820602034775634
baseline_last,y_XLP,22,2025-12-04,0.00012753951666355512,-0.004820602034775634
baseline_last,y_XLP,20,2025-12-08,0.00231330890447512,0.0
baseline_last,y_XLP,21,2025-12-08,0.00231330890447512,0.0
baseline_last,y_XLP,22,2025-12-08,0.00231330890447512,0.0
baseline_last,y_XLP,20,2025-12-09,0.0029491328571187303,0.00231330890447512
baseline_last,y_XLP,21,2025-12-09,0.0029491328571187303,0.00231330890447512
baseline_last,y_XLP,22,2025-12-09,0.0029491328571187303,0.00231330890447512
baseline_last,y_XLP,20,2025-12-10,0.0074150115614677325,0.0029491328571187303
baseline_last,y_XLP,21,2025-12-10,0.0074150115614677325,0.0029491328571187303
baseline_last,y_XLP,22,2025-12-10,0.0074150115614677325,0.0029491328571187303
baseline_last,y_XLP,20,2025-12-11,0.007867935564070061,0.0074150115614677325
baseline_last,y_XLP,21,2025-12-11,0.007867935564070061,0.0074150115614677325
baseline_last,y_XLP,22,2025-12-11,0.007867935564070061,0.0074150115614677325
baseline_last,y_XLP,21,2025-12-15,-0.0045204019701616804,0.0
baseline_last,y_XLP,22,2025-12-15,-0.0045204019701616804,0.0
baseline_last,y_XLP,23,2025-12-15,-0.0045204019701616804,0.0
baseline_last,y_XLP,21,2025-12-16,0.004667036063963126,-0.0045204019701616804
baseline_last,y_XLP,22,2025-12-16,0.004667036063963126,-0.0045204019701616804
baseline_last,y_XLP,23,2025-12-16,0.004667036063963126,-0.0045204019701616804
baseline_last,y_XLP,21,2025-12-17,-0.005775242244343004,0.004667036063963126
baseline_last,y_XLP,22,2025-12-17,-0.005775242244343004,0.004667036063963126
baseline_last,y_XLP,23,2025-12-17,-0.005775242244343004,0.004667036063963126
baseline_last,y_XLP,21,2025-12-18,-0.005177439370098957,-0.005775242244343004
baseline_last,y_XLP,22,2025-12-18,-0.005177439370098957,-0.005775242244343004
baseline_last,y_XLP,23,2025-12-18,-0.005177439370098957,-0.005775242244343004
baseline_last,y_XLP,21,2025-12-23,0.007869959921810166,0.0
baseline_last,y_XLP,22,2025-12-23,0.007869959921810166,0.0
baseline_last,y_XLP,23,2025-12-23,0.007869959921810166,0.0
baseline_last,y_XLP,21,2025-12-29,-0.001660670100219086,0.0
baseline_last,y_XLP,22,2025-12-29,-0.001660670100219086,0.0
baseline_last,y_XLP,23,2025-12-29,-0.001660670100219086,0.0
baseline_last,y_XLP,21,2025-12-30,-0.006014090998417765,-0.001660670100219086
baseline_last,y_XLP,22,2025-12-30,-0.006014090998417765,-0.001660670100219086
baseline_last,y_XLP,23,2025-12-30,-0.006014090998417765,-0.001660670100219086
baseline_last,y_XLP,22,2026-01-05,0.0015514253257831179,0.0
baseline_last,y_XLP,23,2026-01-05,0.0015514253257831179,0.0
baseline_last,y_XLP,24,2026-01-05,0.0015514253257831179,0.0
baseline_last,y_XLP,22,2026-01-06,-0.01097196928782207,0.0015514253257831179
baseline_last,y_XLP,23,2026-01-06,-0.01097196928782207,0.0015514253257831179
baseline_last,y_XLP,24,2026-01-06,-0.01097196928782207,0.0015514253257831179
baseline_last,y_XLP,22,2026-01-07,0.023753584306748232,-0.01097196928782207
baseline_last,y_XLP,23,2026-01-07,0.023753584306748232,-0.01097196928782207
baseline_last,y_XLP,24,2026-01-07,0.023753584306748232,-0.01097196928782207
baseline_last,y_XLP,22,2026-01-08,0.010326332654041037,0.023753584306748232
baseline_last,y_XLP,23,2026-01-08,0.010326332654041037,0.023753584306748232
baseline_last,y_XLP,24,2026-01-08,0.010326332654041037,0.023753584306748232
baseline_last,y_XLP,22,2026-01-12,0.01159890623143034,0.0
baseline_last,y_XLP,23,2026-01-12,0.01159890623143034,0.0
baseline_last,y_XLP,24,2026-01-12,0.01159890623143034,0.0
baseline_last,y_XLP,22,2026-01-13,0.013808442092886564,0.01159890623143034
baseline_last,y_XLP,23,2026-01-13,0.013808442092886564,0.01159890623143034
baseline_last,y_XLP,24,2026-01-13,0.013808442092886564,0.01159890623143034
baseline_last,y_XLP,22,2026-01-14,0.0017025341594691934,0.013808442092886564
baseline_last,y_XLP,23,2026-01-14,0.0017025341594691934,0.013808442092886564
baseline_last,y_XLP,24,2026-01-14,0.0017025341594691934,0.013808442092886564
baseline_last,y_XLP,22,2026-01-15,-0.0031565148423071676,0.0017025341594691934
baseline_last,y_XLP,23,2026-01-15,-0.0031565148423071676,0.0017025341594691934
baseline_last,y_XLP,24,2026-01-15,-0.0031565148423071676,0.0017025341594691934
baseline_last,y_XLP,22,2026-01-21,-0.002062176046885411,0.0
baseline_last,y_XLP,23,2026-01-21,-0.002062176046885411,0.0
baseline_last,y_XLP,24,2026-01-21,-0.002062176046885411,0.0
baseline_last,y_XLP,22,2026-01-22,0.007779349035586858,-0.002062176046885411
baseline_last,y_XLP,23,2026-01-22,0.007779349035586858,-0.002062176046885411
baseline_last,y_XLP,24,2026-01-22,0.007779349035586858,-0.002062176046885411
baseline_last,y_XLP,23,2026-01-26,0.004590539845568786,0.0
baseline_last,y_XLP,24,2026-01-26,0.004590539845568786,0.0
baseline_last,y_XLP,23,2026-01-27,-0.010101057362842503,0.004590539845568786
baseline_last,y_XLP,24,2026-01-27,-0.010101057362842503,0.004590539845568786
baseline_last,y_XLP,23,2026-01-28,-0.002308095749643191,-0.010101057362842503
baseline_last,y_XLP,24,2026-01-28,-0.002308095749643191,-0.010101057362842503
baseline_last,y_XLP,23,2026-01-29,0.01680268999101986,-0.002308095749643191
baseline_last,y_XLP,24,2026-01-29,0.01680268999101986,-0.002308095749643191
baseline_last,y_XLP,23,2026-02-02,0.016213050255408756,0.0
baseline_last,y_XLP,24,2026-02-02,0.016213050255408756,0.0
baseline_last,y_XLP,23,2026-02-03,0.013042914654292082,0.016213050255408756
baseline_last,y_XLP,24,2026-02-03,0.013042914654292082,0.016213050255408756
baseline_last,y_XLP,23,2026-02-04,-0.0008046867058651985,0.013042914654292082
baseline_last,y_XLP,24,2026-02-04,-0.0008046867058651985,0.013042914654292082
baseline_last,y_XLP,23,2026-02-05,0.011734978071195723,-0.0008046867058651985
baseline_last,y_XLP,24,2026-02-05,0.011734978071195723,-0.0008046867058651985
baseline_last,y_XLP,23,2026-02-09,-0.003202548076398637,0.0
baseline_last,y_XLP,24,2026-02-09,-0.003202548076398637,0.0
baseline_last,y_XLP,23,2026-02-10,0.014343086381115144,-0.003202548076398637
baseline_last,y_XLP,24,2026-02-10,0.014343086381115144,-0.003202548076398637
baseline_last,y_XLP,23,2026-02-11,0.00916286815172307,0.014343086381115144
baseline_last,y_XLP,24,2026-02-11,0.00916286815172307,0.014343086381115144
baseline_last,y_XLP,23,2026-02-12,0.0033628859414485124,0.00916286815172307
baseline_last,y_XLP,24,2026-02-12,0.0033628859414485124,0.00916286815172307
baseline_last,y_XLP,24,2026-02-17,-0.0018140140391244008,0.0
baseline_last,y_XLP,24,2026-02-18,-0.004202666319109261,-0.0018140140391244008
baseline_last,y_XLP,24,2026-02-19,0.002509424264834248,-0.004202666319109261
baseline_last,y_XLP,24,2026-02-23,0.008654564825241629,0.0
baseline_last,y_XLP,24,2026-02-24,-0.008134563683043994,0.008654564825241629
baseline_last,y_XLP,24,2026-02-25,-0.0016852210120086308,-0.008134563683043994
baseline_last,y_XLP,24,2026-02-26,0.01294172313729347,-0.0016852210120086308
baseline_last,y_XLP,24,2026-03-02,-0.010934519566159095,0.0
baseline_last,y_XLP,24,2026-03-03,-0.006610374011641662,-0.010934519566159095
baseline_last,y_XLP,24,2026-03-04,-0.020078016595595494,-0.006610374011641662
baseline_last,y_XLP,24,2026-03-05,0.00433198807309787,-0.020078016595595494
baseline_last,y_XLRE,0,2024-08-05,0.022140248382447325,0.0
baseline_last,y_XLRE,0,2024-08-06,-0.007220257436450606,0.022140248382447325
baseline_last,y_XLRE,0,2024-08-07,0.008484718305697081,-0.007220257436450606
baseline_last,y_XLRE,0,2024-08-08,0.005048289773204262,0.008484718305697081
baseline_last,y_XLRE,0,2024-08-12,0.006977686787768667,0.0
baseline_last,y_XLRE,0,2024-08-13,0.003584298188425983,0.006977686787768667
baseline_last,y_XLRE,0,2024-08-14,-0.0028570444947670914,0.003584298188425983
baseline_last,y_XLRE,0,2024-08-15,-0.0004776023670663987,-0.0028570444947670914
baseline_last,y_XLRE,0,2024-08-19,0.0009498921630606283,0.0
baseline_last,y_XLRE,0,2024-08-20,0.003321515179611101,0.0009498921630606283
baseline_last,y_XLRE,0,2024-08-21,0.0061478765075746455,0.003321515179611101
baseline_last,y_XLRE,0,2024-08-22,0.019271569213063833,0.0061478765075746455
baseline_last,y_XLRE,0,2024-08-26,0.002538138101291443,0.0
baseline_last,y_XLRE,1,2024-08-26,0.002538138101291443,0.0
baseline_last,y_XLRE,0,2024-08-27,-0.003452217258775314,0.002538138101291443
baseline_last,y_XLRE,1,2024-08-27,-0.003452217258775314,0.002538138101291443
baseline_last,y_XLRE,0,2024-08-28,-0.003926208758320171,-0.003452217258775314
baseline_last,y_XLRE,1,2024-08-28,-0.003926208758320171,-0.003452217258775314
baseline_last,y_XLRE,0,2024-08-29,0.009738038658253512,-0.003926208758320171
baseline_last,y_XLRE,1,2024-08-29,0.009738038658253512,-0.003926208758320171
baseline_last,y_XLRE,0,2024-09-03,0.0022909945914382224,0.0
baseline_last,y_XLRE,1,2024-09-03,0.0022909945914382224,0.0
baseline_last,y_XLRE,0,2024-09-04,-0.002742854435924591,0.0022909945914382224
baseline_last,y_XLRE,1,2024-09-04,-0.002742854435924591,0.0022909945914382224
baseline_last,y_XLRE,0,2024-09-05,0.0,-0.002742854435924591
baseline_last,y_XLRE,1,2024-09-05,0.0,-0.002742854435924591
baseline_last,y_XLRE,0,2024-09-09,0.01766688882302425,0.0
baseline_last,y_XLRE,1,2024-09-09,0.01766688882302425,0.0
baseline_last,y_XLRE,0,2024-09-10,-0.0026707294364962664,0.01766688882302425
baseline_last,y_XLRE,1,2024-09-10,-0.0026707294364962664,0.01766688882302425
baseline_last,y_XLRE,0,2024-09-11,0.0017853139774630655,-0.0026707294364962664
baseline_last,y_XLRE,1,2024-09-11,0.0017853139774630655,-0.0026707294364962664
baseline_last,y_XLRE,0,2024-09-12,0.007128439773492756,0.0017853139774630655
baseline_last,y_XLRE,1,2024-09-12,0.007128439773492756,0.0017853139774630655
baseline_last,y_XLRE,2,2024-09-12,0.007128439773492756,0.0017853139774630655
baseline_last,y_XLRE,0,2024-09-16,-0.007936500206268793,0.0
baseline_last,y_XLRE,1,2024-09-16,-0.007936500206268793,0.0
baseline_last,y_XLRE,2,2024-09-16,-0.007936500206268793,0.0
baseline_last,y_XLRE,0,2024-09-17,-0.0028889976210040302,-0.007936500206268793
baseline_last,y_XLRE,1,2024-09-17,-0.0028889976210040302,-0.007936500206268793
baseline_last,y_XLRE,2,2024-09-17,-0.0028889976210040302,-0.007936500206268793
baseline_last,y_XLRE,0,2024-09-18,-0.0024514126012239457,-0.0028889976210040302
baseline_last,y_XLRE,1,2024-09-18,-0.0024514126012239457,-0.0028889976210040302
baseline_last,y_XLRE,2,2024-09-18,-0.0024514126012239457,-0.0028889976210040302
baseline_last,y_XLRE,0,2024-09-19,-0.0017873083341080065,-0.0024514126012239457
baseline_last,y_XLRE,1,2024-09-19,-0.0017873083341080065,-0.0024514126012239457
baseline_last,y_XLRE,2,2024-09-19,-0.0017873083341080065,-0.0024514126012239457
baseline_last,y_XLRE,0,2024-09-23,0.0,0.0
baseline_last,y_XLRE,1,2024-09-23,0.0,0.0
baseline_last,y_XLRE,2,2024-09-23,0.0,0.0
baseline_last,y_XLRE,0,2024-09-24,-0.004235409721677796,0.0
baseline_last,y_XLRE,1,2024-09-24,-0.004235409721677796,0.0
baseline_last,y_XLRE,2,2024-09-24,-0.004235409721677796,0.0
baseline_last,y_XLRE,0,2024-09-25,-0.009849923404068428,-0.004235409721677796
baseline_last,y_XLRE,1,2024-09-25,-0.009849923404068428,-0.004235409721677796
baseline_last,y_XLRE,2,2024-09-25,-0.009849923404068428,-0.004235409721677796
baseline_last,y_XLRE,0,2024-09-26,0.0013565249227525111,-0.009849923404068428
baseline_last,y_XLRE,1,2024-09-26,0.0013565249227525111,-0.009849923404068428
baseline_last,y_XLRE,2,2024-09-26,0.0013565249227525111,-0.009849923404068428
baseline_last,y_XLRE,0,2024-09-30,-0.006044279296883559,0.0
baseline_last,y_XLRE,1,2024-09-30,-0.006044279296883559,0.0
baseline_last,y_XLRE,2,2024-09-30,-0.006044279296883559,0.0
baseline_last,y_XLRE,0,2024-10-01,-0.0036034896555304785,-0.006044279296883559
baseline_last,y_XLRE,1,2024-10-01,-0.0036034896555304785,-0.006044279296883559
baseline_last,y_XLRE,2,2024-10-01,-0.0036034896555304785,-0.006044279296883559
baseline_last,y_XLRE,0,2024-10-02,-0.009719909342633115,-0.0036034896555304785
baseline_last,y_XLRE,1,2024-10-02,-0.009719909342633115,-0.0036034896555304785
baseline_last,y_XLRE,2,2024-10-02,-0.009719909342633115,-0.0036034896555304785
baseline_last,y_XLRE,0,2024-10-03,-0.006619409706482893,-0.009719909342633115
baseline_last,y_XLRE,1,2024-10-03,-0.006619409706482893,-0.009719909342633115
baseline_last,y_XLRE,2,2024-10-03,-0.006619409706482893,-0.009719909342633115
baseline_last,y_XLRE,1,2024-10-07,0.003009198584486672,0.0
baseline_last,y_XLRE,2,2024-10-07,0.003009198584486672,0.0
baseline_last,y_XLRE,3,2024-10-07,0.003009198584486672,0.0
baseline_last,y_XLRE,1,2024-10-08,0.00046144431610684045,0.003009198584486672
baseline_last,y_XLRE,2,2024-10-08,0.00046144431610684045,0.003009198584486672
baseline_last,y_XLRE,3,2024-10-08,0.00046144431610684045,0.003009198584486672
baseline_last,y_XLRE,1,2024-10-09,-0.00830437487216762,0.00046144431610684045
baseline_last,y_XLRE,2,2024-10-09,-0.00830437487216762,0.00046144431610684045
baseline_last,y_XLRE,3,2024-10-09,-0.00830437487216762,0.00046144431610684045
baseline_last,y_XLRE,1,2024-10-10,0.010234939631047935,-0.00830437487216762
baseline_last,y_XLRE,2,2024-10-10,0.010234939631047935,-0.00830437487216762
baseline_last,y_XLRE,3,2024-10-10,0.010234939631047935,-0.00830437487216762
baseline_last,y_XLRE,1,2024-10-14,0.012577249386013456,0.0
baseline_last,y_XLRE,2,2024-10-14,0.012577249386013456,0.0
baseline_last,y_XLRE,3,2024-10-14,0.012577249386013456,0.0
baseline_last,y_XLRE,1,2024-10-15,0.0099369477296678,0.012577249386013456
baseline_last,y_XLRE,2,2024-10-15,0.0099369477296678,0.012577249386013456
baseline_last,y_XLRE,3,2024-10-15,0.0099369477296678,0.012577249386013456
baseline_last,y_XLRE,1,2024-10-16,-0.006484978575605815,0.0099369477296678
baseline_last,y_XLRE,2,2024-10-16,-0.006484978575605815,0.0099369477296678
baseline_last,y_XLRE,3,2024-10-16,-0.006484978575605815,0.0099369477296678
baseline_last,y_XLRE,1,2024-10-17,0.006977417674102204,-0.006484978575605815
baseline_last,y_XLRE,2,2024-10-17,0.006977417674102204,-0.006484978575605815
baseline_last,y_XLRE,3,2024-10-17,0.006977417674102204,-0.006484978575605815
baseline_last,y_XLRE,1,2024-10-21,0.0015974049769313936,0.0
baseline_last,y_XLRE,2,2024-10-21,0.0015974049769313936,0.0
baseline_last,y_XLRE,3,2024-10-21,0.0015974049769313936,0.0
baseline_last,y_XLRE,1,2024-10-22,0.009797331344744586,0.0015974049769313936
baseline_last,y_XLRE,2,2024-10-22,0.009797331344744586,0.0015974049769313936
baseline_last,y_XLRE,3,2024-10-22,0.009797331344744586,0.0015974049769313936
baseline_last,y_XLRE,1,2024-10-23,0.002256223716312178,0.009797331344744586
baseline_last,y_XLRE,2,2024-10-23,0.002256223716312178,0.009797331344744586
baseline_last,y_XLRE,3,2024-10-23,0.002256223716312178,0.009797331344744586
baseline_last,y_XLRE,1,2024-10-24,-0.007879230683376925,0.002256223716312178
baseline_last,y_XLRE,2,2024-10-24,-0.007879230683376925,0.002256223716312178
baseline_last,y_XLRE,3,2024-10-24,-0.007879230683376925,0.002256223716312178
baseline_last,y_XLRE,2,2024-10-28,-0.00904771222919809,0.0
baseline_last,y_XLRE,3,2024-10-28,-0.00904771222919809,0.0
baseline_last,y_XLRE,4,2024-10-28,-0.00904771222919809,0.0
baseline_last,y_XLRE,2,2024-10-29,0.0036521100893376346,-0.00904771222919809
baseline_last,y_XLRE,3,2024-10-29,0.0036521100893376346,-0.00904771222919809
baseline_last,y_XLRE,4,2024-10-29,0.0036521100893376346,-0.00904771222919809
baseline_last,y_XLRE,2,2024-10-30,-0.017511785007786496,0.0036521100893376346
baseline_last,y_XLRE,3,2024-10-30,-0.017511785007786496,0.0036521100893376346
baseline_last,y_XLRE,4,2024-10-30,-0.017511785007786496,0.0036521100893376346
baseline_last,y_XLRE,2,2024-10-31,-0.010648111003817462,-0.017511785007786496
baseline_last,y_XLRE,3,2024-10-31,-0.010648111003817462,-0.017511785007786496
baseline_last,y_XLRE,4,2024-10-31,-0.010648111003817462,-0.017511785007786496
baseline_last,y_XLRE,2,2024-11-04,0.013650990200659185,0.0
baseline_last,y_XLRE,3,2024-11-04,0.013650990200659185,0.0
baseline_last,y_XLRE,4,2024-11-04,0.013650990200659185,0.0
baseline_last,y_XLRE,2,2024-11-05,-0.02670615175935387,0.013650990200659185
baseline_last,y_XLRE,3,2024-11-05,-0.02670615175935387,0.013650990200659185
baseline_last,y_XLRE,4,2024-11-05,-0.02670615175935387,0.013650990200659185
baseline_last,y_XLRE,2,2024-11-06,0.012429566243393086,-0.02670615175935387
baseline_last,y_XLRE,3,2024-11-06,0.012429566243393086,-0.02670615175935387
baseline_last,y_XLRE,4,2024-11-06,0.012429566243393086,-0.02670615175935387
baseline_last,y_XLRE,2,2024-11-07,0.01714143168631499,0.012429566243393086
baseline_last,y_XLRE,3,2024-11-07,0.01714143168631499,0.012429566243393086
baseline_last,y_XLRE,4,2024-11-07,0.01714143168631499,0.012429566243393086
baseline_last,y_XLRE,2,2024-11-11,-0.012634760995171357,0.0
baseline_last,y_XLRE,3,2024-11-11,-0.012634760995171357,0.0
baseline_last,y_XLRE,4,2024-11-11,-0.012634760995171357,0.0
baseline_last,y_XLRE,2,2024-11-12,0.007910567638257815,-0.012634760995171357
baseline_last,y_XLRE,3,2024-11-12,0.007910567638257815,-0.012634760995171357
baseline_last,y_XLRE,4,2024-11-12,0.007910567638257815,-0.012634760995171357
baseline_last,y_XLRE,2,2024-11-13,-0.009002865150647632,0.007910567638257815
baseline_last,y_XLRE,3,2024-11-13,-0.009002865150647632,0.007910567638257815
baseline_last,y_XLRE,4,2024-11-13,-0.009002865150647632,0.007910567638257815
baseline_last,y_XLRE,2,2024-11-14,0.001164870630887327,-0.009002865150647632
baseline_last,y_XLRE,3,2024-11-14,0.001164870630887327,-0.009002865150647632
baseline_last,y_XLRE,4,2024-11-14,0.001164870630887327,-0.009002865150647632
baseline_last,y_XLRE,3,2024-11-18,0.004151413495998568,0.0
baseline_last,y_XLRE,4,2024-11-18,0.004151413495998568,0.0
baseline_last,y_XLRE,5,2024-11-18,0.004151413495998568,0.0
baseline_last,y_XLRE,3,2024-11-19,-0.0016077691774405434,0.004151413495998568
baseline_last,y_XLRE,4,2024-11-19,-0.0016077691774405434,0.004151413495998568
baseline_last,y_XLRE,5,2024-11-19,-0.0016077691774405434,0.004151413495998568
baseline_last,y_XLRE,3,2024-11-20,0.006671274506214742,-0.0016077691774405434
baseline_last,y_XLRE,4,2024-11-20,0.006671274506214742,-0.0016077691774405434
baseline_last,y_XLRE,5,2024-11-20,0.006671274506214742,-0.0016077691774405434
baseline_last,y_XLRE,3,2024-11-21,0.0075411569912882115,0.006671274506214742
baseline_last,y_XLRE,4,2024-11-21,0.0075411569912882115,0.006671274506214742
baseline_last,y_XLRE,5,2024-11-21,0.0075411569912882115,0.006671274506214742
baseline_last,y_XLRE,3,2024-11-25,0.004923859077899939,0.0
baseline_last,y_XLRE,4,2024-11-25,0.004923859077899939,0.0
baseline_last,y_XLRE,5,2024-11-25,0.004923859077899939,0.0
baseline_last,y_XLRE,3,2024-11-26,0.0069041133759135676,0.004923859077899939
baseline_last,y_XLRE,4,2024-11-26,0.0069041133759135676,0.004923859077899939
baseline_last,y_XLRE,5,2024-11-26,0.0069041133759135676,0.004923859077899939
baseline_last,y_XLRE,3,2024-12-02,-0.005866487639860751,0.0
baseline_last,y_XLRE,4,2024-12-02,-0.005866487639860751,0.0
baseline_last,y_XLRE,5,2024-12-02,-0.005866487639860751,0.0
baseline_last,y_XLRE,3,2024-12-03,-0.0027236084630203328,-0.005866487639860751
baseline_last,y_XLRE,4,2024-12-03,-0.0027236084630203328,-0.005866487639860751
baseline_last,y_XLRE,5,2024-12-03,-0.0027236084630203328,-0.005866487639860751
baseline_last,y_XLRE,3,2024-12-04,-0.0025033914559364767,-0.0027236084630203328
baseline_last,y_XLRE,4,2024-12-04,-0.0025033914559364767,-0.0027236084630203328
baseline_last,y_XLRE,5,2024-12-04,-0.0025033914559364767,-0.0027236084630203328
baseline_last,y_XLRE,3,2024-12-05,-0.0013689049015583876,-0.0025033914559364767
baseline_last,y_XLRE,4,2024-12-05,-0.0013689049015583876,-0.0025033914559364767
baseline_last,y_XLRE,5,2024-12-05,-0.0013689049015583876,-0.0025033914559364767
baseline_last,y_XLRE,4,2024-12-09,-0.016188005036830044,0.0
baseline_last,y_XLRE,5,2024-12-09,-0.016188005036830044,0.0
baseline_last,y_XLRE,6,2024-12-09,-0.016188005036830044,0.0
baseline_last,y_XLRE,4,2024-12-10,-0.0025491316517703977,-0.016188005036830044
baseline_last,y_XLRE,5,2024-12-10,-0.0025491316517703977,-0.016188005036830044
baseline_last,y_XLRE,6,2024-12-10,-0.0025491316517703977,-0.016188005036830044
baseline_last,y_XLRE,4,2024-12-11,-0.0006971545197631546,-0.0025491316517703977
baseline_last,y_XLRE,5,2024-12-11,-0.0006971545197631546,-0.0025491316517703977
baseline_last,y_XLRE,6,2024-12-11,-0.0006971545197631546,-0.0025491316517703977
baseline_last,y_XLRE,4,2024-12-12,-0.0041849179555588645,-0.0006971545197631546
baseline_last,y_XLRE,5,2024-12-12,-0.0041849179555588645,-0.0006971545197631546
baseline_last,y_XLRE,6,2024-12-12,-0.0041849179555588645,-0.0006971545197631546
baseline_last,y_XLRE,4,2024-12-16,-0.004459058046101916,0.0
baseline_last,y_XLRE,5,2024-12-16,-0.004459058046101916,0.0
baseline_last,y_XLRE,6,2024-12-16,-0.004459058046101916,0.0
baseline_last,y_XLRE,4,2024-12-17,-0.0391325854837371,-0.004459058046101916
baseline_last,y_XLRE,5,2024-12-17,-0.0391325854837371,-0.004459058046101916
baseline_last,y_XLRE,6,2024-12-17,-0.0391325854837371,-0.004459058046101916
baseline_last,y_XLRE,4,2024-12-18,-0.017173573619649884,-0.0391325854837371
baseline_last,y_XLRE,5,2024-12-18,-0.017173573619649884,-0.0391325854837371
baseline_last,y_XLRE,6,2024-12-18,-0.017173573619649884,-0.0391325854837371
baseline_last,y_XLRE,4,2024-12-19,0.018222474405012123,-0.017173573619649884
baseline_last,y_XLRE,5,2024-12-19,0.018222474405012123,-0.017173573619649884
baseline_last,y_XLRE,6,2024-12-19,0.018222474405012123,-0.017173573619649884
baseline_last,y_XLRE,4,2024-12-23,0.0066600379714245594,0.0
baseline_last,y_XLRE,5,2024-12-23,0.0066600379714245594,0.0
baseline_last,y_XLRE,6,2024-12-23,0.0066600379714245594,0.0
baseline_last,y_XLRE,4,2024-12-26,-0.008074331702703108,0.0
baseline_last,y_XLRE,5,2024-12-26,-0.008074331702703108,0.0
baseline_last,y_XLRE,6,2024-12-26,-0.008074331702703108,0.0
baseline_last,y_XLRE,5,2024-12-30,0.007930573425063425,0.0
baseline_last,y_XLRE,6,2024-12-30,0.007930573425063425,0.0
baseline_last,y_XLRE,7,2024-12-30,0.007930573425063425,0.0
baseline_last,y_XLRE,5,2025-01-02,0.013651010366145133,0.0
baseline_last,y_XLRE,6,2025-01-02,0.013651010366145133,0.0
baseline_last,y_XLRE,7,2025-01-02,0.013651010366145133,0.0
baseline_last,y_XLRE,5,2025-01-06,-0.007447862999682586,0.0
baseline_last,y_XLRE,6,2025-01-06,-0.007447862999682586,0.0
baseline_last,y_XLRE,7,2025-01-06,-0.007447862999682586,0.0
baseline_last,y_XLRE,5,2025-01-07,0.0042521413940403985,-0.007447862999682586
baseline_last,y_XLRE,6,2025-01-07,0.0042521413940403985,-0.007447862999682586
baseline_last,y_XLRE,7,2025-01-07,0.0042521413940403985,-0.007447862999682586
baseline_last,y_XLRE,5,2025-01-13,0.008568379517157387,0.0
baseline_last,y_XLRE,6,2025-01-13,0.008568379517157387,0.0
baseline_last,y_XLRE,7,2025-01-13,0.008568379517157387,0.0
baseline_last,y_XLRE,5,2025-01-14,0.004247891658006875,0.008568379517157387
baseline_last,y_XLRE,6,2025-01-14,0.004247891658006875,0.008568379517157387
baseline_last,y_XLRE,7,2025-01-14,0.004247891658006875,0.008568379517157387
baseline_last,y_XLRE,5,2025-01-15,0.022393723677732957,0.004247891658006875
baseline_last,y_XLRE,6,2025-01-15,0.022393723677732957,0.004247891658006875
baseline_last,y_XLRE,7,2025-01-15,0.022393723677732957,0.004247891658006875
baseline_last,y_XLRE,5,2025-01-16,-0.0002432561015218715,0.022393723677732957
baseline_last,y_XLRE,6,2025-01-16,-0.0002432561015218715,0.022393723677732957
baseline_last,y_XLRE,7,2025-01-16,-0.0002432561015218715,0.022393723677732957
baseline_last,y_XLRE,6,2025-01-21,-0.017451569380916965,0.0
baseline_last,y_XLRE,7,2025-01-21,-0.017451569380916965,0.0
baseline_last,y_XLRE,8,2025-01-21,-0.017451569380916965,0.0
baseline_last,y_XLRE,6,2025-01-22,0.008029146761899586,-0.017451569380916965
baseline_last,y_XLRE,7,2025-01-22,0.008029146761899586,-0.017451569380916965
baseline_last,y_XLRE,8,2025-01-22,0.008029146761899586,-0.017451569380916965
baseline_last,y_XLRE,6,2025-01-23,0.0028965464034622634,0.008029146761899586
baseline_last,y_XLRE,7,2025-01-23,0.0028965464034622634,0.008029146761899586
baseline_last,y_XLRE,8,2025-01-23,0.0028965464034622634,0.008029146761899586
baseline_last,y_XLRE,6,2025-01-27,-0.012154569667349957,0.0
baseline_last,y_XLRE,7,2025-01-27,-0.012154569667349957,0.0
baseline_last,y_XLRE,8,2025-01-27,-0.012154569667349957,0.0
baseline_last,y_XLRE,6,2025-01-28,-0.011580214740440464,-0.012154569667349957
baseline_last,y_XLRE,7,2025-01-28,-0.011580214740440464,-0.012154569667349957
baseline_last,y_XLRE,8,2025-01-28,-0.011580214740440464,-0.012154569667349957
baseline_last,y_XLRE,6,2025-01-29,0.013180373134249246,-0.011580214740440464
baseline_last,y_XLRE,7,2025-01-29,0.013180373134249246,-0.011580214740440464
baseline_last,y_XLRE,8,2025-01-29,0.013180373134249246,-0.011580214740440464
baseline_last,y_XLRE,6,2025-01-30,-0.0021681042743414425,0.013180373134249246
baseline_last,y_XLRE,7,2025-01-30,-0.0021681042743414425,0.013180373134249246
baseline_last,y_XLRE,8,2025-01-30,-0.0021681042743414425,0.013180373134249246
baseline_last,y_XLRE,6,2025-02-03,0.0,0.0
baseline_last,y_XLRE,7,2025-02-03,0.0,0.0
baseline_last,y_XLRE,8,2025-02-03,0.0,0.0
baseline_last,y_XLRE,6,2025-02-04,0.0157195765423479,0.0
baseline_last,y_XLRE,7,2025-02-04,0.0157195765423479,0.0
baseline_last,y_XLRE,8,2025-02-04,0.0157195765423479,0.0
baseline_last,y_XLRE,6,2025-02-05,0.0028571420518224144,0.0157195765423479
baseline_last,y_XLRE,7,2025-02-05,0.0028571420518224144,0.0157195765423479
baseline_last,y_XLRE,8,2025-02-05,0.0028571420518224144,0.0157195765423479
baseline_last,y_XLRE,6,2025-02-06,-0.0035612994035083556,0.0028571420518224144
baseline_last,y_XLRE,7,2025-02-06,-0.0035612994035083556,0.0028571420518224144
baseline_last,y_XLRE,8,2025-02-06,-0.0035612994035083556,0.0028571420518224144
baseline_last,y_XLRE,7,2025-02-10,0.0054722960669337795,0.0
baseline_last,y_XLRE,8,2025-02-10,0.0054722960669337795,0.0
baseline_last,y_XLRE,9,2025-02-10,0.0054722960669337795,0.0
baseline_last,y_XLRE,7,2025-02-11,-0.008518598303115299,0.0054722960669337795
baseline_last,y_XLRE,8,2025-02-11,-0.008518598303115299,0.0054722960669337795
baseline_last,y_XLRE,9,2025-02-11,-0.008518598303115299,0.0054722960669337795
baseline_last,y_XLRE,7,2025-02-12,0.007875751000973708,-0.008518598303115299
baseline_last,y_XLRE,8,2025-02-12,0.007875751000973708,-0.008518598303115299
baseline_last,y_XLRE,9,2025-02-12,0.007875751000973708,-0.008518598303115299
baseline_last,y_XLRE,7,2025-02-13,-0.004025495552705816,0.007875751000973708
baseline_last,y_XLRE,8,2025-02-13,-0.004025495552705816,0.007875751000973708
baseline_last,y_XLRE,9,2025-02-13,-0.004025495552705816,0.007875751000973708
baseline_last,y_XLRE,7,2025-02-18,0.001895253872215008,0.0
baseline_last,y_XLRE,8,2025-02-18,0.001895253872215008,0.0
baseline_last,y_XLRE,9,2025-02-18,0.001895253872215008,0.0
baseline_last,y_XLRE,7,2025-02-19,0.006857613884790448,0.001895253872215008
baseline_last,y_XLRE,8,2025-02-19,0.006857613884790448,0.001895253872215008
baseline_last,y_XLRE,9,2025-02-19,0.006857613884790448,0.001895253872215008
baseline_last,y_XLRE,7,2025-02-20,-0.008220019005631629,0.006857613884790448
baseline_last,y_XLRE,8,2025-02-20,-0.008220019005631629,0.006857613884790448
baseline_last,y_XLRE,9,2025-02-20,-0.008220019005631629,0.006857613884790448
baseline_last,y_XLRE,7,2025-02-24,0.010608154205168363,0.0
baseline_last,y_XLRE,8,2025-02-24,0.010608154205168363,0.0
baseline_last,y_XLRE,9,2025-02-24,0.010608154205168363,0.0
baseline_last,y_XLRE,7,2025-02-25,-0.004898483289955902,0.010608154205168363
baseline_last,y_XLRE,8,2025-02-25,-0.004898483289955902,0.010608154205168363
baseline_last,y_XLRE,9,2025-02-25,-0.004898483289955902,0.010608154205168363
baseline_last,y_XLRE,7,2025-02-26,0.004453711756381651,-0.004898483289955902
baseline_last,y_XLRE,8,2025-02-26,0.004453711756381651,-0.004898483289955902
baseline_last,y_XLRE,9,2025-02-26,0.004453711756381651,-0.004898483289955902
baseline_last,y_XLRE,7,2025-02-27,0.00700125776942917,0.004453711756381651
baseline_last,y_XLRE,8,2025-02-27,0.00700125776942917,0.004453711756381651
baseline_last,y_XLRE,9,2025-02-27,0.00700125776942917,0.004453711756381651
baseline_last,y_XLRE,8,2025-03-03,-0.011489027216905146,0.0
baseline_last,y_XLRE,9,2025-03-03,-0.011489027216905146,0.0
baseline_last,y_XLRE,10,2025-03-03,-0.011489027216905146,0.0
baseline_last,y_XLRE,8,2025-03-04,0.009297937220257513,-0.011489027216905146
baseline_last,y_XLRE,9,2025-03-04,0.009297937220257513,-0.011489027216905146
baseline_last,y_XLRE,10,2025-03-04,0.009297937220257513,-0.011489027216905146
baseline_last,y_XLRE,8,2025-03-05,-0.027406734346636652,0.009297937220257513
baseline_last,y_XLRE,9,2025-03-05,-0.027406734346636652,0.009297937220257513
baseline_last,y_XLRE,10,2025-03-05,-0.027406734346636652,0.009297937220257513
baseline_last,y_XLRE,8,2025-03-06,0.005683162477148729,-0.027406734346636652
baseline_last,y_XLRE,9,2025-03-06,0.005683162477148729,-0.027406734346636652
baseline_last,y_XLRE,10,2025-03-06,0.005683162477148729,-0.027406734346636652
baseline_last,y_XLRE,8,2025-03-10,-0.010461305441522573,0.0
baseline_last,y_XLRE,9,2025-03-10,-0.010461305441522573,0.0
baseline_last,y_XLRE,10,2025-03-10,-0.010461305441522573,0.0
baseline_last,y_XLRE,8,2025-03-11,-0.003604083129519431,-0.010461305441522573
baseline_last,y_XLRE,9,2025-03-11,-0.003604083129519431,-0.010461305441522573
baseline_last,y_XLRE,10,2025-03-11,-0.003604083129519431,-0.010461305441522573
baseline_last,y_XLRE,8,2025-03-12,-0.019532140961183386,-0.003604083129519431
baseline_last,y_XLRE,9,2025-03-12,-0.019532140961183386,-0.003604083129519431
baseline_last,y_XLRE,10,2025-03-12,-0.019532140961183386,-0.003604083129519431
baseline_last,y_XLRE,8,2025-03-13,0.019429394083263718,-0.019532140961183386
baseline_last,y_XLRE,9,2025-03-13,0.019429394083263718,-0.019532140961183386
baseline_last,y_XLRE,10,2025-03-13,0.019429394083263718,-0.019532140961183386
baseline_last,y_XLRE,8,2025-03-17,-0.006164118857690859,0.0
baseline_last,y_XLRE,9,2025-03-17,-0.006164118857690859,0.0
baseline_last,y_XLRE,10,2025-03-17,-0.006164118857690859,0.0
baseline_last,y_XLRE,8,2025-03-18,0.001192669272904734,-0.006164118857690859
baseline_last,y_XLRE,9,2025-03-18,0.001192669272904734,-0.006164118857690859
baseline_last,y_XLRE,10,2025-03-18,0.001192669272904734,-0.006164118857690859
baseline_last,y_XLRE,8,2025-03-19,-0.0011912485074135892,0.001192669272904734
baseline_last,y_XLRE,9,2025-03-19,-0.0011912485074135892,0.001192669272904734
baseline_last,y_XLRE,10,2025-03-19,-0.0011912485074135892,0.001192669272904734
baseline_last,y_XLRE,8,2025-03-20,-0.00978064110444754,-0.0011912485074135892
baseline_last,y_XLRE,9,2025-03-20,-0.00978064110444754,-0.0011912485074135892
baseline_last,y_XLRE,10,2025-03-20,-0.00978064110444754,-0.0011912485074135892
baseline_last,y_XLRE,9,2025-03-24,-0.011955966221130154,0.0
baseline_last,y_XLRE,10,2025-03-24,-0.011955966221130154,0.0
baseline_last,y_XLRE,11,2025-03-24,-0.011955966221130154,0.0
baseline_last,y_XLRE,9,2025-03-25,0.005082176257391602,-0.011955966221130154
baseline_last,y_XLRE,10,2025-03-25,0.005082176257391602,-0.011955966221130154
baseline_last,y_XLRE,11,2025-03-25,0.005082176257391602,-0.011955966221130154
baseline_last,y_XLRE,9,2025-03-26,-0.002407815359091736,0.005082176257391602
baseline_last,y_XLRE,10,2025-03-26,-0.002407815359091736,0.005082176257391602
baseline_last,y_XLRE,11,2025-03-26,-0.002407815359091736,0.005082176257391602
baseline_last,y_XLRE,9,2025-03-27,-0.0004827632417764294,-0.002407815359091736
baseline_last,y_XLRE,10,2025-03-27,-0.0004827632417764294,-0.002407815359091736
baseline_last,y_XLRE,11,2025-03-27,-0.0004827632417764294,-0.002407815359091736
baseline_last,y_XLRE,9,2025-03-31,0.0007170180817288596,0.0
baseline_last,y_XLRE,10,2025-03-31,0.0007170180817288596,0.0
baseline_last,y_XLRE,11,2025-03-31,0.0007170180817288596,0.0
baseline_last,y_XLRE,9,2025-04-01,0.00477557207998025,0.0007170180817288596
baseline_last,y_XLRE,10,2025-04-01,0.00477557207998025,0.0007170180817288596
baseline_last,y_XLRE,11,2025-04-01,0.00477557207998025,0.0007170180817288596
baseline_last,y_XLRE,9,2025-04-02,-0.02994307135871377,0.00477557207998025
baseline_last,y_XLRE,10,2025-04-02,-0.02994307135871377,0.00477557207998025
baseline_last,y_XLRE,11,2025-04-02,-0.02994307135871377,0.00477557207998025
baseline_last,y_XLRE,9,2025-04-03,-0.045565890880155724,-0.02994307135871377
baseline_last,y_XLRE,10,2025-04-03,-0.045565890880155724,-0.02994307135871377
baseline_last,y_XLRE,11,2025-04-03,-0.045565890880155724,-0.02994307135871377
baseline_last,y_XLRE,9,2025-04-07,-0.024723783884906148,0.0
baseline_last,y_XLRE,10,2025-04-07,-0.024723783884906148,0.0
baseline_last,y_XLRE,11,2025-04-07,-0.024723783884906148,0.0
baseline_last,y_XLRE,9,2025-04-08,0.05744319612961535,-0.024723783884906148
baseline_last,y_XLRE,10,2025-04-08,0.05744319612961535,-0.024723783884906148
baseline_last,y_XLRE,11,2025-04-08,0.05744319612961535,-0.024723783884906148
baseline_last,y_XLRE,9,2025-04-09,-0.021167953941117812,0.05744319612961535
baseline_last,y_XLRE,10,2025-04-09,-0.021167953941117812,0.05744319612961535
baseline_last,y_XLRE,11,2025-04-09,-0.021167953941117812,0.05744319612961535
baseline_last,y_XLRE,9,2025-04-10,0.014069732421722492,-0.021167953941117812
baseline_last,y_XLRE,10,2025-04-10,0.014069732421722492,-0.021167953941117812
baseline_last,y_XLRE,11,2025-04-10,0.014069732421722492,-0.021167953941117812
baseline_last,y_XLRE,10,2025-04-14,0.0015083620802327502,0.0
baseline_last,y_XLRE,11,2025-04-14,0.0015083620802327502,0.0
baseline_last,y_XLRE,12,2025-04-14,0.0015083620802327502,0.0
baseline_last,y_XLRE,10,2025-04-15,-0.0005020301168860986,0.0015083620802327502
baseline_last,y_XLRE,11,2025-04-15,-0.0005020301168860986,0.0015083620802327502
baseline_last,y_XLRE,12,2025-04-15,-0.0005020301168860986,0.0015083620802327502
baseline_last,y_XLRE,10,2025-04-16,0.015821153242472796,-0.0005020301168860986
baseline_last,y_XLRE,11,2025-04-16,0.015821153242472796,-0.0005020301168860986
baseline_last,y_XLRE,12,2025-04-16,0.015821153242472796,-0.0005020301168860986
baseline_last,y_XLRE,10,2025-04-21,0.020449342883177124,0.0
baseline_last,y_XLRE,11,2025-04-21,0.020449342883177124,0.0
baseline_last,y_XLRE,12,2025-04-21,0.020449342883177124,0.0
baseline_last,y_XLRE,10,2025-04-22,0.0012371144821259339,0.020449342883177124
baseline_last,y_XLRE,11,2025-04-22,0.0012371144821259339,0.020449342883177124
baseline_last,y_XLRE,12,2025-04-22,0.0012371144821259339,0.020449342883177124
baseline_last,y_XLRE,10,2025-04-23,0.0029650961752449856,0.0012371144821259339
baseline_last,y_XLRE,11,2025-04-23,0.0029650961752449856,0.0012371144821259339
baseline_last,y_XLRE,12,2025-04-23,0.0029650961752449856,0.0012371144821259339
baseline_last,y_XLRE,10,2025-04-24,-0.0014781651856837774,0.0029650961752449856
baseline_last,y_XLRE,11,2025-04-24,-0.0014781651856837774,0.0029650961752449856
baseline_last,y_XLRE,12,2025-04-24,-0.0014781651856837774,0.0029650961752449856
baseline_last,y_XLRE,10,2025-04-28,0.008092125739184608,0.0
baseline_last,y_XLRE,11,2025-04-28,0.008092125739184608,0.0
baseline_last,y_XLRE,12,2025-04-28,0.008092125739184608,0.0
baseline_last,y_XLRE,10,2025-04-29,0.0046218073424149075,0.008092125739184608
baseline_last,y_XLRE,11,2025-04-29,0.0046218073424149075,0.008092125739184608
baseline_last,y_XLRE,12,2025-04-29,0.0046218073424149075,0.008092125739184608
baseline_last,y_XLRE,10,2025-04-30,0.0029055071246348874,0.0046218073424149075
baseline_last,y_XLRE,11,2025-04-30,0.0029055071246348874,0.0046218073424149075
baseline_last,y_XLRE,12,2025-04-30,0.0029055071246348874,0.0046218073424149075
baseline_last,y_XLRE,10,2025-05-01,0.012312914834331057,0.0029055071246348874
baseline_last,y_XLRE,11,2025-05-01,0.012312914834331057,0.0029055071246348874
baseline_last,y_XLRE,12,2025-05-01,0.012312914834331057,0.0029055071246348874
baseline_last,y_XLRE,11,2025-05-05,-0.006924616965564123,0.0
baseline_last,y_XLRE,12,2025-05-05,-0.006924616965564123,0.0
baseline_last,y_XLRE,13,2025-05-05,-0.006924616965564123,0.0
baseline_last,y_XLRE,11,2025-05-06,-0.0007212176189789199,-0.006924616965564123
baseline_last,y_XLRE,12,2025-05-06,-0.0007212176189789199,-0.006924616965564123
baseline_last,y_XLRE,13,2025-05-06,-0.0007212176189789199,-0.006924616965564123
baseline_last,y_XLRE,11,2025-05-07,-0.004812342420504101,-0.0007212176189789199
baseline_last,y_XLRE,12,2025-05-07,-0.004812342420504101,-0.0007212176189789199
baseline_last,y_XLRE,13,2025-05-07,-0.004812342420504101,-0.0007212176189789199
baseline_last,y_XLRE,11,2025-05-08,0.006044421506798514,-0.004812342420504101
baseline_last,y_XLRE,12,2025-05-08,0.006044421506798514,-0.004812342420504101
baseline_last,y_XLRE,13,2025-05-08,0.006044421506798514,-0.004812342420504101
baseline_last,y_XLRE,11,2025-05-12,-0.013445405048687409,0.0
baseline_last,y_XLRE,12,2025-05-12,-0.013445405048687409,0.0
baseline_last,y_XLRE,13,2025-05-12,-0.013445405048687409,0.0
baseline_last,y_XLRE,11,2025-05-13,-0.008517833268111064,-0.013445405048687409
baseline_last,y_XLRE,12,2025-05-13,-0.008517833268111064,-0.013445405048687409
baseline_last,y_XLRE,13,2025-05-13,-0.008517833268111064,-0.013445405048687409
baseline_last,y_XLRE,11,2025-05-14,0.018409417263057337,-0.008517833268111064
baseline_last,y_XLRE,12,2025-05-14,0.018409417263057337,-0.008517833268111064
baseline_last,y_XLRE,13,2025-05-14,0.018409417263057337,-0.008517833268111064
baseline_last,y_XLRE,11,2025-05-15,0.012532935836770287,0.018409417263057337
baseline_last,y_XLRE,12,2025-05-15,0.012532935836770287,0.018409417263057337
baseline_last,y_XLRE,13,2025-05-15,0.012532935836770287,0.018409417263057337
baseline_last,y_XLRE,11,2025-05-19,-0.0052256040067309995,0.0
baseline_last,y_XLRE,12,2025-05-19,-0.0052256040067309995,0.0
baseline_last,y_XLRE,13,2025-05-19,-0.0052256040067309995,0.0
baseline_last,y_XLRE,11,2025-05-20,-0.02650429397031595,-0.0052256040067309995
baseline_last,y_XLRE,12,2025-05-20,-0.02650429397031595,-0.0052256040067309995
baseline_last,y_XLRE,13,2025-05-20,-0.02650429397031595,-0.0052256040067309995
baseline_last,y_XLRE,11,2025-05-21,-0.0034339523891820933,-0.02650429397031595
baseline_last,y_XLRE,12,2025-05-21,-0.0034339523891820933,-0.02650429397031595
baseline_last,y_XLRE,13,2025-05-21,-0.0034339523891820933,-0.02650429397031595
baseline_last,y_XLRE,11,2025-05-22,0.00024608614462628964,-0.0034339523891820933
baseline_last,y_XLRE,12,2025-05-22,0.00024608614462628964,-0.0034339523891820933
baseline_last,y_XLRE,13,2025-05-22,0.00024608614462628964,-0.0034339523891820933
baseline_last,y_XLRE,12,2025-05-27,0.0,0.0
baseline_last,y_XLRE,13,2025-05-27,0.0,0.0
baseline_last,y_XLRE,14,2025-05-27,0.0,0.0
baseline_last,y_XLRE,12,2025-05-28,0.009198672203549751,0.0
baseline_last,y_XLRE,13,2025-05-28,0.009198672203549751,0.0
baseline_last,y_XLRE,14,2025-05-28,0.009198672203549751,0.0
baseline_last,y_XLRE,12,2025-05-29,0.0009595050676858285,0.009198672203549751
baseline_last,y_XLRE,13,2025-05-29,0.0009595050676858285,0.009198672203549751
baseline_last,y_XLRE,14,2025-05-29,0.0009595050676858285,0.009198672203549751
baseline_last,y_XLRE,12,2025-06-02,-0.003589299000663182,0.0
baseline_last,y_XLRE,13,2025-06-02,-0.003589299000663182,0.0
baseline_last,y_XLRE,14,2025-06-02,-0.003589299000663182,0.0
baseline_last,y_XLRE,12,2025-06-03,0.003121899957767571,-0.003589299000663182
baseline_last,y_XLRE,13,2025-06-03,0.003121899957767571,-0.003589299000663182
baseline_last,y_XLRE,14,2025-06-03,0.003121899957767571,-0.003589299000663182
baseline_last,y_XLRE,12,2025-06-04,-0.00023946375888261873,0.003121899957767571
baseline_last,y_XLRE,13,2025-06-04,-0.00023946375888261873,0.003121899957767571
baseline_last,y_XLRE,14,2025-06-04,-0.00023946375888261873,0.003121899957767571
baseline_last,y_XLRE,12,2025-06-05,0.0028736900279406896,-0.00023946375888261873
baseline_last,y_XLRE,13,2025-06-05,0.0028736900279406896,-0.00023946375888261873
baseline_last,y_XLRE,14,2025-06-05,0.0028736900279406896,-0.00023946375888261873
baseline_last,y_XLRE,12,2025-06-09,0.008838861052107516,0.0
baseline_last,y_XLRE,13,2025-06-09,0.008838861052107516,0.0
baseline_last,y_XLRE,14,2025-06-09,0.008838861052107516,0.0
baseline_last,y_XLRE,12,2025-06-10,-0.005446280628016775,0.008838861052107516
baseline_last,y_XLRE,13,2025-06-10,-0.005446280628016775,0.008838861052107516
baseline_last,y_XLRE,14,2025-06-10,-0.005446280628016775,0.008838861052107516
baseline_last,y_XLRE,12,2025-06-11,0.005476105032773626,-0.005446280628016775
baseline_last,y_XLRE,13,2025-06-11,0.005476105032773626,-0.005446280628016775
baseline_last,y_XLRE,14,2025-06-11,0.005476105032773626,-0.005446280628016775
baseline_last,y_XLRE,12,2025-06-12,-0.008051039684554562,0.005476105032773626
baseline_last,y_XLRE,13,2025-06-12,-0.008051039684554562,0.005476105032773626
baseline_last,y_XLRE,14,2025-06-12,-0.008051039684554562,0.005476105032773626
baseline_last,y_XLRE,13,2025-07-02,0.00047879873972145326,0.0
baseline_last,y_XLRE,14,2025-07-02,0.00047879873972145326,0.0
baseline_last,y_XLRE,15,2025-07-02,0.00047879873972145326,0.0
baseline_last,y_XLRE,13,2025-07-07,-0.0014465036738722237,0.0
baseline_last,y_XLRE,14,2025-07-07,-0.0014465036738722237,0.0
baseline_last,y_XLRE,15,2025-07-07,-0.0014465036738722237,0.0
baseline_last,y_XLRE,13,2025-07-08,-0.00048277254414563764,-0.0014465036738722237
baseline_last,y_XLRE,14,2025-07-08,-0.00048277254414563764,-0.0014465036738722237
baseline_last,y_XLRE,15,2025-07-08,-0.00048277254414563764,-0.0014465036738722237
baseline_last,y_XLRE,13,2025-07-09,0.005072404867300984,-0.00048277254414563764
baseline_last,y_XLRE,14,2025-07-09,0.005072404867300984,-0.00048277254414563764
baseline_last,y_XLRE,15,2025-07-09,0.005072404867300984,-0.00048277254414563764
baseline_last,y_XLRE,13,2025-07-10,-0.0009613229537100976,0.005072404867300984
baseline_last,y_XLRE,14,2025-07-10,-0.0009613229537100976,0.005072404867300984
baseline_last,y_XLRE,15,2025-07-10,-0.0009613229537100976,0.005072404867300984
baseline_last,y_XLRE,13,2025-07-14,-0.012903064664720909,0.0
baseline_last,y_XLRE,14,2025-07-14,-0.012903064664720909,0.0
baseline_last,y_XLRE,15,2025-07-14,-0.012903064664720909,0.0
baseline_last,y_XLRE,13,2025-07-15,0.010893092691466988,-0.012903064664720909
baseline_last,y_XLRE,14,2025-07-15,0.010893092691466988,-0.012903064664720909
baseline_last,y_XLRE,15,2025-07-15,0.010893092691466988,-0.012903064664720909
baseline_last,y_XLRE,13,2025-07-16,-0.0009577769525161983,0.010893092691466988
baseline_last,y_XLRE,14,2025-07-16,-0.0009577769525161983,0.010893092691466988
baseline_last,y_XLRE,15,2025-07-16,-0.0009577769525161983,0.010893092691466988
baseline_last,y_XLRE,13,2025-07-17,0.0028762717869601495,-0.0009577769525161983
baseline_last,y_XLRE,14,2025-07-17,0.0028762717869601495,-0.0009577769525161983
baseline_last,y_XLRE,15,2025-07-17,0.0028762717869601495,-0.0009577769525161983
baseline_last,y_XLRE,13,2025-07-21,0.01738100410379806,0.0
baseline_last,y_XLRE,14,2025-07-21,0.01738100410379806,0.0
baseline_last,y_XLRE,15,2025-07-21,0.01738100410379806,0.0
baseline_last,y_XLRE,13,2025-07-22,0.002808376969635651,0.01738100410379806
baseline_last,y_XLRE,14,2025-07-22,0.002808376969635651,0.01738100410379806
baseline_last,y_XLRE,15,2025-07-22,0.002808376969635651,0.01738100410379806
baseline_last,y_XLRE,13,2025-07-23,-0.0014002560380090845,0.002808376969635651
baseline_last,y_XLRE,14,2025-07-23,-0.0014002560380090845,0.002808376969635651
baseline_last,y_XLRE,15,2025-07-23,-0.0014002560380090845,0.002808376969635651
baseline_last,y_XLRE,14,2025-07-24,0.0,-0.0014002560380090845
baseline_last,y_XLRE,15,2025-07-24,0.0,-0.0014002560380090845
baseline_last,y_XLRE,16,2025-07-24,0.0,-0.0014002560380090845
baseline_last,y_XLRE,14,2025-07-28,0.01664684173718123,0.0
baseline_last,y_XLRE,15,2025-07-28,0.01664684173718123,0.0
baseline_last,y_XLRE,16,2025-07-28,0.01664684173718123,0.0
baseline_last,y_XLRE,14,2025-07-29,-0.014035042749492965,0.01664684173718123
baseline_last,y_XLRE,15,2025-07-29,-0.014035042749492965,0.01664684173718123
baseline_last,y_XLRE,16,2025-07-29,-0.014035042749492965,0.01664684173718123
baseline_last,y_XLRE,14,2025-07-30,-0.017556353862179352,-0.014035042749492965
baseline_last,y_XLRE,15,2025-07-30,-0.017556353862179352,-0.014035042749492965
baseline_last,y_XLRE,16,2025-07-30,-0.017556353862179352,-0.014035042749492965
baseline_last,y_XLRE,14,2025-07-31,-0.0028978976682347835,-0.017556353862179352
baseline_last,y_XLRE,15,2025-07-31,-0.0028978976682347835,-0.017556353862179352
baseline_last,y_XLRE,16,2025-07-31,-0.0028978976682347835,-0.017556353862179352
baseline_last,y_XLRE,14,2025-08-04,0.003362113050911386,0.0
baseline_last,y_XLRE,15,2025-08-04,0.003362113050911386,0.0
baseline_last,y_XLRE,16,2025-08-04,0.003362113050911386,0.0
baseline_last,y_XLRE,14,2025-08-05,-0.00837721081690801,0.003362113050911386
baseline_last,y_XLRE,15,2025-08-05,-0.00837721081690801,0.003362113050911386
baseline_last,y_XLRE,16,2025-08-05,-0.00837721081690801,0.003362113050911386
baseline_last,y_XLRE,14,2025-08-06,0.0038619986405719064,-0.00837721081690801
baseline_last,y_XLRE,15,2025-08-06,0.0038619986405719064,-0.00837721081690801
baseline_last,y_XLRE,16,2025-08-06,0.0038619986405719064,-0.00837721081690801
baseline_last,y_XLRE,14,2025-08-07,-0.008174987734762218,0.0038619986405719064
baseline_last,y_XLRE,15,2025-08-07,-0.008174987734762218,0.0038619986405719064
baseline_last,y_XLRE,16,2025-08-07,-0.008174987734762218,0.0038619986405719064
baseline_last,y_XLRE,14,2025-08-11,0.0017069758698138315,0.0
baseline_last,y_XLRE,15,2025-08-11,0.0017069758698138315,0.0
baseline_last,y_XLRE,16,2025-08-11,0.0017069758698138315,0.0
baseline_last,y_XLRE,14,2025-08-12,0.006572411215646445,0.0017069758698138315
baseline_last,y_XLRE,15,2025-08-12,0.006572411215646445,0.0017069758698138315
baseline_last,y_XLRE,16,2025-08-12,0.006572411215646445,0.0017069758698138315
baseline_last,y_XLRE,15,2025-08-13,-0.007013180501649785,0.006572411215646445
baseline_last,y_XLRE,16,2025-08-13,-0.007013180501649785,0.006572411215646445
baseline_last,y_XLRE,17,2025-08-13,-0.007013180501649785,0.006572411215646445
baseline_last,y_XLRE,15,2025-08-14,0.006575801912058976,-0.007013180501649785
baseline_last,y_XLRE,16,2025-08-14,0.006575801912058976,-0.007013180501649785
baseline_last,y_XLRE,17,2025-08-14,0.006575801912058976,-0.007013180501649785
baseline_last,y_XLRE,15,2025-08-18,0.01783092935682351,0.0
baseline_last,y_XLRE,16,2025-08-18,0.01783092935682351,0.0
baseline_last,y_XLRE,17,2025-08-18,0.01783092935682351,0.0
baseline_last,y_XLRE,15,2025-08-19,0.003839755306053849,0.01783092935682351
baseline_last,y_XLRE,16,2025-08-19,0.003839755306053849,0.01783092935682351
baseline_last,y_XLRE,17,2025-08-19,0.003839755306053849,0.01783092935682351
baseline_last,y_XLRE,15,2025-08-20,-0.0035859547843819506,0.003839755306053849
baseline_last,y_XLRE,16,2025-08-20,-0.0035859547843819506,0.003839755306053849
baseline_last,y_XLRE,17,2025-08-20,-0.0035859547843819506,0.003839755306053849
baseline_last,y_XLRE,15,2025-08-21,0.01583491000612125,-0.0035859547843819506
baseline_last,y_XLRE,16,2025-08-21,0.01583491000612125,-0.0035859547843819506
baseline_last,y_XLRE,17,2025-08-21,0.01583491000612125,-0.0035859547843819506
baseline_last,y_XLRE,15,2025-08-25,-0.002848372714208902,0.0
baseline_last,y_XLRE,16,2025-08-25,-0.002848372714208902,0.0
baseline_last,y_XLRE,17,2025-08-25,-0.002848372714208902,0.0
baseline_last,y_XLRE,15,2025-08-26,0.004284671177710031,-0.002848372714208902
baseline_last,y_XLRE,16,2025-08-26,0.004284671177710031,-0.002848372714208902
baseline_last,y_XLRE,17,2025-08-26,0.004284671177710031,-0.002848372714208902
baseline_last,y_XLRE,15,2025-08-27,-0.002607157133094229,0.004284671177710031
baseline_last,y_XLRE,16,2025-08-27,-0.002607157133094229,0.004284671177710031
baseline_last,y_XLRE,17,2025-08-27,-0.002607157133094229,0.004284671177710031
baseline_last,y_XLRE,15,2025-08-28,0.005465729279951148,-0.002607157133094229
baseline_last,y_XLRE,16,2025-08-28,0.005465729279951148,-0.002607157133094229
baseline_last,y_XLRE,17,2025-08-28,0.005465729279951148,-0.002607157133094229
baseline_last,y_XLRE,15,2025-09-02,-0.0026448627129573854,0.0
baseline_last,y_XLRE,16,2025-09-02,-0.0026448627129573854,0.0
baseline_last,y_XLRE,17,2025-09-02,-0.0026448627129573854,0.0
baseline_last,y_XLRE,16,2025-09-03,0.006750163119261687,-0.0026448627129573854
baseline_last,y_XLRE,17,2025-09-03,0.006750163119261687,-0.0026448627129573854
baseline_last,y_XLRE,18,2025-09-03,0.006750163119261687,-0.0026448627129573854
baseline_last,y_XLRE,16,2025-09-04,0.010057541988697682,0.006750163119261687
baseline_last,y_XLRE,17,2025-09-04,0.010057541988697682,0.006750163119261687
baseline_last,y_XLRE,18,2025-09-04,0.010057541988697682,0.006750163119261687
baseline_last,y_XLRE,16,2025-09-08,-0.00047724197540710556,0.0
baseline_last,y_XLRE,17,2025-09-08,-0.00047724197540710556,0.0
baseline_last,y_XLRE,18,2025-09-08,-0.00047724197540710556,0.0
baseline_last,y_XLRE,16,2025-09-09,-0.0004776554133723021,-0.00047724197540710556
baseline_last,y_XLRE,17,2025-09-09,-0.0004776554133723021,-0.00047724197540710556
baseline_last,y_XLRE,18,2025-09-09,-0.0004776554133723021,-0.00047724197540710556
baseline_last,y_XLRE,16,2025-09-10,0.016244610348428168,-0.0004776554133723021
baseline_last,y_XLRE,17,2025-09-10,0.016244610348428168,-0.0004776554133723021
baseline_last,y_XLRE,18,2025-09-10,0.016244610348428168,-0.0004776554133723021
baseline_last,y_XLRE,16,2025-09-11,-0.004466411527536351,0.016244610348428168
baseline_last,y_XLRE,17,2025-09-11,-0.004466411527536351,0.016244610348428168
baseline_last,y_XLRE,18,2025-09-11,-0.004466411527536351,0.016244610348428168
baseline_last,y_XLRE,16,2025-09-15,-0.00591012378777056,0.0
baseline_last,y_XLRE,17,2025-09-15,-0.00591012378777056,0.0
baseline_last,y_XLRE,18,2025-09-15,-0.00591012378777056,0.0
baseline_last,y_XLRE,16,2025-09-16,-0.00047563197045263905,-0.00591012378777056
baseline_last,y_XLRE,17,2025-09-16,-0.00047563197045263905,-0.00591012378777056
baseline_last,y_XLRE,18,2025-09-16,-0.00047563197045263905,-0.00591012378777056
baseline_last,y_XLRE,16,2025-09-17,0.000713741229049436,-0.00047563197045263905
baseline_last,y_XLRE,17,2025-09-17,0.000713741229049436,-0.00047563197045263905
baseline_last,y_XLRE,18,2025-09-17,0.000713741229049436,-0.00047563197045263905
baseline_last,y_XLRE,16,2025-09-18,-0.004992902323686321,0.000713741229049436
baseline_last,y_XLRE,17,2025-09-18,-0.004992902323686321,0.000713741229049436
baseline_last,y_XLRE,18,2025-09-18,-0.004992902323686321,0.000713741229049436
baseline_last,y_XLRE,16,2025-09-22,0.00791943101294823,0.0
baseline_last,y_XLRE,17,2025-09-22,0.00791943101294823,0.0
baseline_last,y_XLRE,18,2025-09-22,0.00791943101294823,0.0
baseline_last,y_XLRE,17,2025-09-23,-0.010238158571175271,0.00791943101294823
baseline_last,y_XLRE,18,2025-09-23,-0.010238158571175271,0.00791943101294823
baseline_last,y_XLRE,19,2025-09-23,-0.010238158571175271,0.00791943101294823
baseline_last,y_XLRE,17,2025-09-24,-0.002405488112315224,-0.010238158571175271
baseline_last,y_XLRE,18,2025-09-24,-0.002405488112315224,-0.010238158571175271
baseline_last,y_XLRE,19,2025-09-24,-0.002405488112315224,-0.010238158571175271
baseline_last,y_XLRE,17,2025-09-25,0.009886654564658315,-0.002405488112315224
baseline_last,y_XLRE,18,2025-09-25,0.009886654564658315,-0.002405488112315224
baseline_last,y_XLRE,19,2025-09-25,0.009886654564658315,-0.002405488112315224
baseline_last,y_XLRE,17,2025-09-29,0.004051505020656876,0.0
baseline_last,y_XLRE,18,2025-09-29,0.004051505020656876,0.0
baseline_last,y_XLRE,19,2025-09-29,0.004051505020656876,0.0
baseline_last,y_XLRE,17,2025-09-30,0.0,0.004051505020656876
baseline_last,y_XLRE,18,2025-09-30,0.0,0.004051505020656876
baseline_last,y_XLRE,19,2025-09-30,0.0,0.004051505020656876
baseline_last,y_XLRE,17,2025-10-01,-0.005221913473201334,0.0
baseline_last,y_XLRE,18,2025-10-01,-0.005221913473201334,0.0
baseline_last,y_XLRE,19,2025-10-01,-0.005221913473201334,0.0
baseline_last,y_XLRE,17,2025-10-02,0.004056338411784655,-0.005221913473201334
baseline_last,y_XLRE,18,2025-10-02,0.004056338411784655,-0.005221913473201334
baseline_last,y_XLRE,19,2025-10-02,0.004056338411784655,-0.005221913473201334
baseline_last,y_XLRE,17,2025-10-06,-0.0031204713939047,0.0
baseline_last,y_XLRE,18,2025-10-06,-0.0031204713939047,0.0
baseline_last,y_XLRE,19,2025-10-06,-0.0031204713939047,0.0
baseline_last,y_XLRE,17,2025-10-07,-0.0050565759863016035,-0.0031204713939047
baseline_last,y_XLRE,18,2025-10-07,-0.0050565759863016035,-0.0031204713939047
baseline_last,y_XLRE,19,2025-10-07,-0.0050565759863016035,-0.0031204713939047
baseline_last,y_XLRE,17,2025-10-08,-0.004598266492077729,-0.0050565759863016035
baseline_last,y_XLRE,18,2025-10-08,-0.004598266492077729,-0.0050565759863016035
baseline_last,y_XLRE,19,2025-10-08,-0.004598266492077729,-0.0050565759863016035
baseline_last,y_XLRE,17,2025-10-09,-0.010940871438642641,-0.004598266492077729
baseline_last,y_XLRE,18,2025-10-09,-0.010940871438642641,-0.004598266492077729
baseline_last,y_XLRE,19,2025-10-09,-0.010940871438642641,-0.004598266492077729
baseline_last,y_XLRE,18,2025-10-13,0.00953303583876619,0.0
baseline_last,y_XLRE,19,2025-10-13,0.00953303583876619,0.0
baseline_last,y_XLRE,20,2025-10-13,0.00953303583876619,0.0
baseline_last,y_XLRE,18,2025-10-14,0.014527938411334373,0.00953303583876619
baseline_last,y_XLRE,19,2025-10-14,0.014527938411334373,0.00953303583876619
baseline_last,y_XLRE,20,2025-10-14,0.014527938411334373,0.00953303583876619
baseline_last,y_XLRE,18,2025-10-15,-0.0031026894392959248,0.014527938411334373
baseline_last,y_XLRE,19,2025-10-15,-0.0031026894392959248,0.014527938411334373
baseline_last,y_XLRE,20,2025-10-15,-0.0031026894392959248,0.014527938411334373
baseline_last,y_XLRE,18,2025-10-16,0.0064639968742670195,-0.0031026894392959248
baseline_last,y_XLRE,19,2025-10-16,0.0064639968742670195,-0.0031026894392959248
baseline_last,y_XLRE,20,2025-10-16,0.0064639968742670195,-0.0031026894392959248
baseline_last,y_XLRE,18,2025-10-20,-0.003060236363542246,0.0
baseline_last,y_XLRE,19,2025-10-20,-0.003060236363542246,0.0
baseline_last,y_XLRE,20,2025-10-20,-0.003060236363542246,0.0
baseline_last,y_XLRE,18,2025-10-21,0.004486431569966864,-0.003060236363542246
baseline_last,y_XLRE,19,2025-10-21,0.004486431569966864,-0.003060236363542246
baseline_last,y_XLRE,20,2025-10-21,0.004486431569966864,-0.003060236363542246
baseline_last,y_XLRE,18,2025-10-22,-0.0009402551779305046,0.004486431569966864
baseline_last,y_XLRE,19,2025-10-22,-0.0009402551779305046,0.004486431569966864
baseline_last,y_XLRE,20,2025-10-22,-0.0009402551779305046,0.004486431569966864
baseline_last,y_XLRE,18,2025-10-23,0.0035294568137198556,-0.0009402551779305046
baseline_last,y_XLRE,19,2025-10-23,0.0035294568137198556,-0.0009402551779305046
baseline_last,y_XLRE,20,2025-10-23,0.0035294568137198556,-0.0009402551779305046
baseline_last,y_XLRE,18,2025-10-27,-0.022227463524700175,0.0
baseline_last,y_XLRE,19,2025-10-27,-0.022227463524700175,0.0
baseline_last,y_XLRE,20,2025-10-27,-0.022227463524700175,0.0
baseline_last,y_XLRE,18,2025-10-28,-0.027279213728777396,-0.022227463524700175
baseline_last,y_XLRE,19,2025-10-28,-0.027279213728777396,-0.022227463524700175
baseline_last,y_XLRE,20,2025-10-28,-0.027279213728777396,-0.022227463524700175
baseline_last,y_XLRE,18,2025-10-29,0.005658027314987546,-0.027279213728777396
baseline_last,y_XLRE,19,2025-10-29,0.005658027314987546,-0.027279213728777396
baseline_last,y_XLRE,20,2025-10-29,0.005658027314987546,-0.027279213728777396
baseline_last,y_XLRE,18,2025-10-30,0.0004892178683570947,0.005658027314987546
baseline_last,y_XLRE,19,2025-10-30,0.0004892178683570947,0.005658027314987546
baseline_last,y_XLRE,20,2025-10-30,0.0004892178683570947,0.005658027314987546
baseline_last,y_XLRE,19,2025-11-03,0.002694087854238969,0.0
baseline_last,y_XLRE,20,2025-11-03,0.002694087854238969,0.0
baseline_last,y_XLRE,21,2025-11-03,0.002694087854238969,0.0
baseline_last,y_XLRE,19,2025-11-04,-0.0002442504591116945,0.002694087854238969
baseline_last,y_XLRE,20,2025-11-04,-0.0002442504591116945,0.002694087854238969
baseline_last,y_XLRE,21,2025-11-04,-0.0002442504591116945,0.002694087854238969
baseline_last,y_XLRE,19,2025-11-05,-0.004886391077677188,-0.0002442504591116945
baseline_last,y_XLRE,20,2025-11-05,-0.004886391077677188,-0.0002442504591116945
baseline_last,y_XLRE,21,2025-11-05,-0.004886391077677188,-0.0002442504591116945
baseline_last,y_XLRE,19,2025-11-06,0.013258002004791436,-0.004886391077677188
baseline_last,y_XLRE,20,2025-11-06,0.013258002004791436,-0.004886391077677188
baseline_last,y_XLRE,21,2025-11-06,0.013258002004791436,-0.004886391077677188
baseline_last,y_XLRE,19,2025-11-10,0.011154255983175432,0.0
baseline_last,y_XLRE,20,2025-11-10,0.011154255983175432,0.0
baseline_last,y_XLRE,21,2025-11-10,0.011154255983175432,0.0
baseline_last,y_XLRE,19,2025-11-11,-0.007913733068423245,0.011154255983175432
baseline_last,y_XLRE,20,2025-11-11,-0.007913733068423245,0.011154255983175432
baseline_last,y_XLRE,21,2025-11-11,-0.007913733068423245,0.011154255983175432
baseline_last,y_XLRE,19,2025-11-12,-0.013052899258971351,-0.007913733068423245
baseline_last,y_XLRE,20,2025-11-12,-0.013052899258971351,-0.007913733068423245
baseline_last,y_XLRE,21,2025-11-12,-0.013052899258971351,-0.007913733068423245
baseline_last,y_XLRE,19,2025-11-13,0.0029389963455459522,-0.013052899258971351
baseline_last,y_XLRE,20,2025-11-13,0.0029389963455459522,-0.013052899258971351
baseline_last,y_XLRE,21,2025-11-13,0.0029389963455459522,-0.013052899258971351
baseline_last,y_XLRE,19,2025-11-17,0.0036872678156958383,0.0
baseline_last,y_XLRE,20,2025-11-17,0.0036872678156958383,0.0
baseline_last,y_XLRE,21,2025-11-17,0.0036872678156958383,0.0
baseline_last,y_XLRE,19,2025-11-18,-0.007837449521271411,0.0036872678156958383
baseline_last,y_XLRE,20,2025-11-18,-0.007837449521271411,0.0036872678156958383
baseline_last,y_XLRE,21,2025-11-18,-0.007837449521271411,0.0036872678156958383
baseline_last,y_XLRE,19,2025-11-19,-0.0034558987602439917,-0.007837449521271411
baseline_last,y_XLRE,20,2025-11-19,-0.0034558987602439917,-0.007837449521271411
baseline_last,y_XLRE,21,2025-11-19,-0.0034558987602439917,-0.007837449521271411
baseline_last,y_XLRE,19,2025-11-20,0.013128627304507035,-0.0034558987602439917
baseline_last,y_XLRE,20,2025-11-20,0.013128627304507035,-0.0034558987602439917
baseline_last,y_XLRE,21,2025-11-20,0.013128627304507035,-0.0034558987602439917
baseline_last,y_XLRE,20,2025-11-24,0.008056706226654553,0.0
baseline_last,y_XLRE,21,2025-11-24,0.008056706226654553,0.0
baseline_last,y_XLRE,22,2025-11-24,0.008056706226654553,0.0
baseline_last,y_XLRE,20,2025-11-25,0.004359427289532647,0.008056706226654553
baseline_last,y_XLRE,21,2025-11-25,0.004359427289532647,0.008056706226654553
baseline_last,y_XLRE,22,2025-11-25,0.004359427289532647,0.008056706226654553
baseline_last,y_XLRE,20,2025-12-01,-0.002433681909862595,0.0
baseline_last,y_XLRE,21,2025-12-01,-0.002433681909862595,0.0
baseline_last,y_XLRE,22,2025-12-01,-0.002433681909862595,0.0
baseline_last,y_XLRE,20,2025-12-02,0.0019516200685703033,-0.002433681909862595
baseline_last,y_XLRE,21,2025-12-02,0.0019516200685703033,-0.002433681909862595
baseline_last,y_XLRE,22,2025-12-02,0.0019516200685703033,-0.002433681909862595
baseline_last,y_XLRE,20,2025-12-03,-0.0017043413332493706,0.0019516200685703033
baseline_last,y_XLRE,21,2025-12-03,-0.0017043413332493706,0.0019516200685703033
baseline_last,y_XLRE,22,2025-12-03,-0.0017043413332493706,0.0019516200685703033
baseline_last,y_XLRE,20,2025-12-04,-0.0002438930102596215,-0.0017043413332493706
baseline_last,y_XLRE,21,2025-12-04,-0.0002438930102596215,-0.0017043413332493706
baseline_last,y_XLRE,22,2025-12-04,-0.0002438930102596215,-0.0017043413332493706
baseline_last,y_XLRE,20,2025-12-08,-0.005890978002307645,0.0
baseline_last,y_XLRE,21,2025-12-08,-0.005890978002307645,0.0
baseline_last,y_XLRE,22,2025-12-08,-0.005890978002307645,0.0
baseline_last,y_XLRE,20,2025-12-09,0.0019753274977774016,-0.005890978002307645
baseline_last,y_XLRE,21,2025-12-09,0.0019753274977774016,-0.005890978002307645
baseline_last,y_XLRE,22,2025-12-09,0.0019753274977774016,-0.005890978002307645
baseline_last,y_XLRE,20,2025-12-10,0.005421275190892638,0.0019753274977774016
baseline_last,y_XLRE,21,2025-12-10,0.005421275190892638,0.0019753274977774016
baseline_last,y_XLRE,22,2025-12-10,0.005421275190892638,0.0019753274977774016
baseline_last,y_XLRE,20,2025-12-11,-0.0012254429364202402,0.005421275190892638
baseline_last,y_XLRE,21,2025-12-11,-0.0012254429364202402,0.005421275190892638
baseline_last,y_XLRE,22,2025-12-11,-0.0012254429364202402,0.005421275190892638
baseline_last,y_XLRE,21,2025-12-15,-0.008799841408291376,0.0
baseline_last,y_XLRE,22,2025-12-15,-0.008799841408291376,0.0
baseline_last,y_XLRE,23,2025-12-15,-0.008799841408291376,0.0
baseline_last,y_XLRE,21,2025-12-16,0.004438983051008538,-0.008799841408291376
baseline_last,y_XLRE,22,2025-12-16,0.004438983051008538,-0.008799841408291376
baseline_last,y_XLRE,23,2025-12-16,0.004438983051008538,-0.008799841408291376
baseline_last,y_XLRE,21,2025-12-17,-0.006138028765642511,0.004438983051008538
baseline_last,y_XLRE,22,2025-12-17,-0.006138028765642511,0.004438983051008538
baseline_last,y_XLRE,23,2025-12-17,-0.006138028765642511,0.004438983051008538
baseline_last,y_XLRE,21,2025-12-18,-0.0037054858929839174,-0.006138028765642511
baseline_last,y_XLRE,22,2025-12-18,-0.0037054858929839174,-0.006138028765642511
baseline_last,y_XLRE,23,2025-12-18,-0.0037054858929839174,-0.006138028765642511
baseline_last,y_XLRE,21,2025-12-23,0.00647083921250502,0.0
baseline_last,y_XLRE,22,2025-12-23,0.00647083921250502,0.0
baseline_last,y_XLRE,23,2025-12-23,0.00647083921250502,0.0
baseline_last,y_XLRE,21,2025-12-29,0.002215115683531721,0.0
baseline_last,y_XLRE,22,2025-12-29,0.002215115683531721,0.0
baseline_last,y_XLRE,23,2025-12-29,0.002215115683531721,0.0
baseline_last,y_XLRE,21,2025-12-30,-0.00908651118590631,0.002215115683531721
baseline_last,y_XLRE,22,2025-12-30,-0.00908651118590631,0.002215115683531721
baseline_last,y_XLRE,23,2025-12-30,-0.00908651118590631,0.002215115683531721
baseline_last,y_XLRE,22,2026-01-05,0.006678220522523981,0.0
baseline_last,y_XLRE,23,2026-01-05,0.006678220522523981,0.0
baseline_last,y_XLRE,24,2026-01-05,0.006678220522523981,0.0
baseline_last,y_XLRE,22,2026-01-06,-0.013759247243084638,0.006678220522523981
baseline_last,y_XLRE,23,2026-01-06,-0.013759247243084638,0.006678220522523981
baseline_last,y_XLRE,24,2026-01-06,-0.013759247243084638,0.006678220522523981
baseline_last,y_XLRE,22,2026-01-07,0.007473822661240526,-0.013759247243084638
baseline_last,y_XLRE,23,2026-01-07,0.007473822661240526,-0.013759247243084638
baseline_last,y_XLRE,24,2026-01-07,0.007473822661240526,-0.013759247243084638
baseline_last,y_XLRE,22,2026-01-08,0.0014837135343370722,0.007473822661240526
baseline_last,y_XLRE,23,2026-01-08,0.0014837135343370722,0.007473822661240526
baseline_last,y_XLRE,24,2026-01-08,0.0014837135343370722,0.007473822661240526
baseline_last,y_XLRE,22,2026-01-12,0.007631742526897911,0.0
baseline_last,y_XLRE,23,2026-01-12,0.007631742526897911,0.0
baseline_last,y_XLRE,24,2026-01-12,0.007631742526897911,0.0
baseline_last,y_XLRE,22,2026-01-13,0.011238677767966943,0.007631742526897911
baseline_last,y_XLRE,23,2026-01-13,0.011238677767966943,0.007631742526897911
baseline_last,y_XLRE,24,2026-01-13,0.011238677767966943,0.007631742526897911
baseline_last,y_XLRE,22,2026-01-14,0.007489765109021551,0.011238677767966943
baseline_last,y_XLRE,23,2026-01-14,0.007489765109021551,0.011238677767966943
baseline_last,y_XLRE,24,2026-01-14,0.007489765109021551,0.011238677767966943
baseline_last,y_XLRE,22,2026-01-15,0.012230175352573536,0.007489765109021551
baseline_last,y_XLRE,23,2026-01-15,0.012230175352573536,0.007489765109021551
baseline_last,y_XLRE,24,2026-01-15,0.012230175352573536,0.007489765109021551
baseline_last,y_XLRE,22,2026-01-21,-0.009867625871011088,0.0
baseline_last,y_XLRE,23,2026-01-21,-0.009867625871011088,0.0
baseline_last,y_XLRE,24,2026-01-21,-0.009867625871011088,0.0
baseline_last,y_XLRE,22,2026-01-22,0.0026738116670765866,-0.009867625871011088
baseline_last,y_XLRE,23,2026-01-22,0.0026738116670765866,-0.009867625871011088
baseline_last,y_XLRE,24,2026-01-22,0.0026738116670765866,-0.009867625871011088
baseline_last,y_XLRE,23,2026-01-26,0.0007277724019525422,0.0
baseline_last,y_XLRE,24,2026-01-26,0.0007277724019525422,0.0
baseline_last,y_XLRE,23,2026-01-27,-0.009697006687973686,0.0007277724019525422
baseline_last,y_XLRE,24,2026-01-27,-0.009697006687973686,0.0007277724019525422
baseline_last,y_XLRE,23,2026-01-28,0.012729509845468057,-0.009697006687973686
baseline_last,y_XLRE,24,2026-01-28,0.012729509845468057,-0.009697006687973686
baseline_last,y_XLRE,23,2026-01-29,0.001450359556204095,0.012729509845468057
baseline_last,y_XLRE,24,2026-01-29,0.001450359556204095,0.012729509845468057
baseline_last,y_XLRE,23,2026-02-02,-0.003662053577498825,0.0
baseline_last,y_XLRE,24,2026-02-02,-0.003662053577498825,0.0
baseline_last,y_XLRE,23,2026-02-03,0.01592741213694371,-0.003662053577498825
baseline_last,y_XLRE,24,2026-02-03,0.01592741213694371,-0.003662053577498825
baseline_last,y_XLRE,23,2026-02-04,-0.005547504759170763,0.01592741213694371
baseline_last,y_XLRE,24,2026-02-04,-0.005547504759170763,0.01592741213694371
baseline_last,y_XLRE,23,2026-02-05,0.018433231740687228,-0.005547504759170763
baseline_last,y_XLRE,24,2026-02-05,0.018433231740687228,-0.005547504759170763
baseline_last,y_XLRE,23,2026-02-09,0.013964500652967837,0.0
baseline_last,y_XLRE,24,2026-02-09,0.013964500652967837,0.0
baseline_last,y_XLRE,23,2026-02-10,-0.000933728183587057,0.013964500652967837
baseline_last,y_XLRE,24,2026-02-10,-0.000933728183587057,0.013964500652967837
baseline_last,y_XLRE,23,2026-02-11,0.0016355069175704173,-0.000933728183587057
baseline_last,y_XLRE,24,2026-02-11,0.0016355069175704173,-0.000933728183587057
baseline_last,y_XLRE,23,2026-02-12,0.014695616603961792,0.0016355069175704173
baseline_last,y_XLRE,24,2026-02-12,0.014695616603961792,0.0016355069175704173
baseline_last,y_XLRE,24,2026-02-17,-0.013427404893664674,0.0
baseline_last,y_XLRE,24,2026-02-18,-0.0034601549356726435,-0.013427404893664674
baseline_last,y_XLRE,24,2026-02-19,0.008333347314669615,-0.0034601549356726435
baseline_last,y_XLRE,24,2026-02-23,0.002751637931788453,0.0
baseline_last,y_XLRE,24,2026-02-24,-0.006631624023852423,0.002751637931788453
baseline_last,y_XLRE,24,2026-02-25,0.004373905327184735,-0.006631624023852423
baseline_last,y_XLRE,24,2026-02-26,0.004813180823553198,0.004373905327184735
baseline_last,y_XLRE,24,2026-03-02,-0.005009048615157163,0.0
baseline_last,y_XLRE,24,2026-03-03,0.0013729418202810262,-0.005009048615157163
baseline_last,y_XLRE,24,2026-03-04,-0.009597764740741366,0.0013729418202810262
baseline_last,y_XLRE,24,2026-03-05,-0.010383035564262344,-0.009597764740741366
baseline_last,y_XLU,0,2024-08-05,0.008441751791375296,0.0
baseline_last,y_XLU,0,2024-08-06,0.005626345218278761,0.008441751791375296
baseline_last,y_XLU,0,2024-08-07,0.0010917316572938152,0.005626345218278761
baseline_last,y_XLU,0,2024-08-08,0.00340790015191339,0.0010917316572938152
baseline_last,y_XLU,0,2024-08-12,0.005831438259035648,0.0
baseline_last,y_XLU,0,2024-08-13,-0.0006741579791542662,0.005831438259035648
baseline_last,y_XLU,0,2024-08-14,-0.00013498703920222788,-0.0006741579791542662
baseline_last,y_XLU,0,2024-08-15,0.004452808942507769,-0.00013498703920222788
baseline_last,y_XLU,0,2024-08-19,-0.002135275808850645,0.0
baseline_last,y_XLU,0,2024-08-20,0.0070884961465746965,-0.002135275808850645
baseline_last,y_XLU,0,2024-08-21,-0.0011954221046032165,0.0070884961465746965
baseline_last,y_XLU,0,2024-08-22,0.002792056455866554,-0.0011954221046032165
baseline_last,y_XLU,0,2024-08-26,-0.007904145770157633,0.0
baseline_last,y_XLU,1,2024-08-26,-0.007904145770157633,0.0
baseline_last,y_XLU,0,2024-08-27,0.0,-0.007904145770157633
baseline_last,y_XLU,1,2024-08-27,0.0,-0.007904145770157633
baseline_last,y_XLU,0,2024-08-28,0.005444160989517499,0.0
baseline_last,y_XLU,1,2024-08-28,0.005444160989517499,0.0
baseline_last,y_XLU,0,2024-08-29,0.007527785898848949,0.005444160989517499
baseline_last,y_XLU,1,2024-08-29,0.007527785898848949,0.005444160989517499
baseline_last,y_XLU,0,2024-09-03,0.008532397690855786,0.0
baseline_last,y_XLU,1,2024-09-03,0.008532397690855786,0.0
baseline_last,y_XLU,0,2024-09-04,-0.002473147689831423,0.008532397690855786
baseline_last,y_XLU,1,2024-09-04,-0.002473147689831423,0.008532397690855786
baseline_last,y_XLU,0,2024-09-05,-0.009524847933273906,-0.002473147689831423
baseline_last,y_XLU,1,2024-09-05,-0.009524847933273906,-0.002473147689831423
baseline_last,y_XLU,0,2024-09-09,0.0046949068887964795,0.0
baseline_last,y_XLU,1,2024-09-09,0.0046949068887964795,0.0
baseline_last,y_XLU,0,2024-09-10,0.0031153462936592824,0.0046949068887964795
baseline_last,y_XLU,1,2024-09-10,0.0031153462936592824,0.0046949068887964795
baseline_last,y_XLU,0,2024-09-11,0.002199708595304939,0.0031153462936592824
baseline_last,y_XLU,1,2024-09-11,0.002199708595304939,0.0031153462936592824
baseline_last,y_XLU,0,2024-09-12,0.014073771229477394,0.002199708595304939
baseline_last,y_XLU,1,2024-09-12,0.014073771229477394,0.002199708595304939
baseline_last,y_XLU,2,2024-09-12,0.014073771229477394,0.002199708595304939
baseline_last,y_XLU,0,2024-09-16,-0.0007581447718307821,0.0
baseline_last,y_XLU,1,2024-09-16,-0.0007581447718307821,0.0
baseline_last,y_XLU,2,2024-09-16,-0.0007581447718307821,0.0
baseline_last,y_XLU,0,2024-09-17,-0.007587199914256382,-0.0007581447718307821
baseline_last,y_XLU,1,2024-09-17,-0.007587199914256382,-0.0007581447718307821
baseline_last,y_XLU,2,2024-09-17,-0.007587199914256382,-0.0007581447718307821
baseline_last,y_XLU,0,2024-09-18,-0.005861493478533819,-0.007587199914256382
baseline_last,y_XLU,1,2024-09-18,-0.005861493478533819,-0.007587199914256382
baseline_last,y_XLU,2,2024-09-18,-0.005861493478533819,-0.007587199914256382
baseline_last,y_XLU,0,2024-09-19,0.0264035403069518,-0.005861493478533819
baseline_last,y_XLU,1,2024-09-19,0.0264035403069518,-0.005861493478533819
baseline_last,y_XLU,2,2024-09-19,0.0264035403069518,-0.005861493478533819
baseline_last,y_XLU,0,2024-09-23,-0.00709569211439387,0.0
baseline_last,y_XLU,1,2024-09-23,-0.00709569211439387,0.0
baseline_last,y_XLU,2,2024-09-23,-0.00709569211439387,0.0
baseline_last,y_XLU,0,2024-09-24,0.005265831645166141,-0.00709569211439387
baseline_last,y_XLU,1,2024-09-24,0.005265831645166141,-0.00709569211439387
baseline_last,y_XLU,2,2024-09-24,0.005265831645166141,-0.00709569211439387
baseline_last,y_XLU,0,2024-09-25,-0.006859694947698891,0.005265831645166141
baseline_last,y_XLU,1,2024-09-25,-0.006859694947698891,0.005265831645166141
baseline_last,y_XLU,2,2024-09-25,-0.006859694947698891,0.005265831645166141
baseline_last,y_XLU,0,2024-09-26,0.00992087859850943,-0.006859694947698891
baseline_last,y_XLU,1,2024-09-26,0.00992087859850943,-0.006859694947698891
baseline_last,y_XLU,2,2024-09-26,0.00992087859850943,-0.006859694947698891
baseline_last,y_XLU,0,2024-09-30,0.008046529017311732,0.0
baseline_last,y_XLU,1,2024-09-30,0.008046529017311732,0.0
baseline_last,y_XLU,2,2024-09-30,0.008046529017311732,0.0
baseline_last,y_XLU,0,2024-10-01,0.0004912782085371159,0.008046529017311732
baseline_last,y_XLU,1,2024-10-01,0.0004912782085371159,0.008046529017311732
baseline_last,y_XLU,2,2024-10-01,0.0004912782085371159,0.008046529017311732
baseline_last,y_XLU,0,2024-10-02,-0.0003682777295795914,0.0004912782085371159
baseline_last,y_XLU,1,2024-10-02,-0.0003682777295795914,0.0004912782085371159
baseline_last,y_XLU,2,2024-10-02,-0.0003682777295795914,0.0004912782085371159
baseline_last,y_XLU,0,2024-10-03,-0.0015962637906067334,-0.0003682777295795914
baseline_last,y_XLU,1,2024-10-03,-0.0015962637906067334,-0.0003682777295795914
baseline_last,y_XLU,2,2024-10-03,-0.0015962637906067334,-0.0003682777295795914
baseline_last,y_XLU,1,2024-10-07,0.0005035849050023522,0.0
baseline_last,y_XLU,2,2024-10-07,0.0005035849050023522,0.0
baseline_last,y_XLU,3,2024-10-07,0.0005035849050023522,0.0
baseline_last,y_XLU,1,2024-10-08,-0.008555638880003769,0.0005035849050023522
baseline_last,y_XLU,2,2024-10-08,-0.008555638880003769,0.0005035849050023522
baseline_last,y_XLU,3,2024-10-08,-0.008555638880003769,0.0005035849050023522
baseline_last,y_XLU,1,2024-10-09,-0.0030458486881734803,-0.008555638880003769
baseline_last,y_XLU,2,2024-10-09,-0.0030458486881734803,-0.008555638880003769
baseline_last,y_XLU,3,2024-10-09,-0.0030458486881734803,-0.008555638880003769
baseline_last,y_XLU,1,2024-10-10,0.008783341785181475,-0.0030458486881734803
baseline_last,y_XLU,2,2024-10-10,0.008783341785181475,-0.0030458486881734803
baseline_last,y_XLU,3,2024-10-10,0.008783341785181475,-0.0030458486881734803
baseline_last,y_XLU,1,2024-10-14,0.004486123876570991,0.0
baseline_last,y_XLU,2,2024-10-14,0.004486123876570991,0.0
baseline_last,y_XLU,3,2024-10-14,0.004486123876570991,0.0
baseline_last,y_XLU,1,2024-10-15,0.01984867125525369,0.004486123876570991
baseline_last,y_XLU,2,2024-10-15,0.01984867125525369,0.004486123876570991
baseline_last,y_XLU,3,2024-10-15,0.01984867125525369,0.004486123876570991
baseline_last,y_XLU,1,2024-10-16,-0.008879701084744118,0.01984867125525369
baseline_last,y_XLU,2,2024-10-16,-0.008879701084744118,0.01984867125525369
baseline_last,y_XLU,3,2024-10-16,-0.008879701084744118,0.01984867125525369
baseline_last,y_XLU,1,2024-10-17,0.005768102265319763,-0.008879701084744118
baseline_last,y_XLU,2,2024-10-17,0.005768102265319763,-0.008879701084744118
baseline_last,y_XLU,3,2024-10-17,0.005768102265319763,-0.008879701084744118
baseline_last,y_XLU,1,2024-10-21,-0.0035525560888713947,0.0
baseline_last,y_XLU,2,2024-10-21,-0.0035525560888713947,0.0
baseline_last,y_XLU,3,2024-10-21,-0.0035525560888713947,0.0
baseline_last,y_XLU,1,2024-10-22,0.00958945524703636,-0.0035525560888713947
baseline_last,y_XLU,2,2024-10-22,0.00958945524703636,-0.0035525560888713947
baseline_last,y_XLU,3,2024-10-22,0.00958945524703636,-0.0035525560888713947
baseline_last,y_XLU,1,2024-10-23,-0.006453970703729106,0.00958945524703636
baseline_last,y_XLU,2,2024-10-23,-0.006453970703729106,0.00958945524703636
baseline_last,y_XLU,3,2024-10-23,-0.006453970703729106,0.00958945524703636
baseline_last,y_XLU,1,2024-10-24,-0.014830373487779713,-0.006453970703729106
baseline_last,y_XLU,2,2024-10-24,-0.014830373487779713,-0.006453970703729106
baseline_last,y_XLU,3,2024-10-24,-0.014830373487779713,-0.006453970703729106
baseline_last,y_XLU,2,2024-10-28,-0.021355501556438394,0.0
baseline_last,y_XLU,3,2024-10-28,-0.021355501556438394,0.0
baseline_last,y_XLU,4,2024-10-28,-0.021355501556438394,0.0
baseline_last,y_XLU,2,2024-10-29,-0.002396556734910238,-0.021355501556438394
baseline_last,y_XLU,3,2024-10-29,-0.002396556734910238,-0.021355501556438394
baseline_last,y_XLU,4,2024-10-29,-0.002396556734910238,-0.021355501556438394
baseline_last,y_XLU,2,2024-10-30,0.010368176407261398,-0.002396556734910238
baseline_last,y_XLU,3,2024-10-30,0.010368176407261398,-0.002396556734910238
baseline_last,y_XLU,4,2024-10-30,0.010368176407261398,-0.002396556734910238
baseline_last,y_XLU,2,2024-10-31,-0.022275048153769683,0.010368176407261398
baseline_last,y_XLU,3,2024-10-31,-0.022275048153769683,0.010368176407261398
baseline_last,y_XLU,4,2024-10-31,-0.022275048153769683,0.010368176407261398
baseline_last,y_XLU,2,2024-11-04,0.015025961592565196,0.0
baseline_last,y_XLU,3,2024-11-04,0.015025961592565196,0.0
baseline_last,y_XLU,4,2024-11-04,0.015025961592565196,0.0
baseline_last,y_XLU,2,2024-11-05,-0.010336930707465664,0.015025961592565196
baseline_last,y_XLU,3,2024-11-05,-0.010336930707465664,0.015025961592565196
baseline_last,y_XLU,4,2024-11-05,-0.010336930707465664,0.015025961592565196
baseline_last,y_XLU,2,2024-11-06,0.0018054007550951656,-0.010336930707465664
baseline_last,y_XLU,3,2024-11-06,0.0018054007550951656,-0.010336930707465664
baseline_last,y_XLU,4,2024-11-06,0.0018054007550951656,-0.010336930707465664
baseline_last,y_XLU,2,2024-11-07,0.01917863438696399,0.0018054007550951656
baseline_last,y_XLU,3,2024-11-07,0.01917863438696399,0.0018054007550951656
baseline_last,y_XLU,4,2024-11-07,0.01917863438696399,0.0018054007550951656
baseline_last,y_XLU,2,2024-11-11,-0.011460932579701377,0.0
baseline_last,y_XLU,3,2024-11-11,-0.011460932579701377,0.0
baseline_last,y_XLU,4,2024-11-11,-0.011460932579701377,0.0
baseline_last,y_XLU,2,2024-11-12,-0.0017837791521124746,-0.011460932579701377
baseline_last,y_XLU,3,2024-11-12,-0.0017837791521124746,-0.011460932579701377
baseline_last,y_XLU,4,2024-11-12,-0.0017837791521124746,-0.011460932579701377
baseline_last,y_XLU,2,2024-11-13,-0.0034460837455713156,-0.0017837791521124746
baseline_last,y_XLU,3,2024-11-13,-0.0034460837455713156,-0.0017837791521124746
baseline_last,y_XLU,4,2024-11-13,-0.0034460837455713156,-0.0017837791521124746
baseline_last,y_XLU,2,2024-11-14,0.014984803099999278,-0.0034460837455713156
baseline_last,y_XLU,3,2024-11-14,0.014984803099999278,-0.0034460837455713156
baseline_last,y_XLU,4,2024-11-14,0.014984803099999278,-0.0034460837455713156
baseline_last,y_XLU,3,2024-11-18,0.0063799544045766154,0.0
baseline_last,y_XLU,4,2024-11-18,0.0063799544045766154,0.0
baseline_last,y_XLU,5,2024-11-18,0.0063799544045766154,0.0
baseline_last,y_XLU,3,2024-11-19,0.0004970659438525704,0.0063799544045766154
baseline_last,y_XLU,4,2024-11-19,0.0004970659438525704,0.0063799544045766154
baseline_last,y_XLU,5,2024-11-19,0.0004970659438525704,0.0063799544045766154
baseline_last,y_XLU,3,2024-11-20,0.017393383224288295,0.0004970659438525704
baseline_last,y_XLU,4,2024-11-20,0.017393383224288295,0.0004970659438525704
baseline_last,y_XLU,5,2024-11-20,0.017393383224288295,0.0004970659438525704
baseline_last,y_XLU,3,2024-11-21,-0.0053730283042230376,0.017393383224288295
baseline_last,y_XLU,4,2024-11-21,-0.0053730283042230376,0.017393383224288295
baseline_last,y_XLU,5,2024-11-21,-0.0053730283042230376,0.017393383224288295
baseline_last,y_XLU,3,2024-11-25,0.015931436479335037,0.0
baseline_last,y_XLU,4,2024-11-25,0.015931436479335037,0.0
baseline_last,y_XLU,5,2024-11-25,0.015931436479335037,0.0
baseline_last,y_XLU,3,2024-11-26,0.0,0.015931436479335037
baseline_last,y_XLU,4,2024-11-26,0.0,0.015931436479335037
baseline_last,y_XLU,5,2024-11-26,0.0,0.015931436479335037
baseline_last,y_XLU,3,2024-12-02,-0.008625959840228514,0.0
baseline_last,y_XLU,4,2024-12-02,-0.008625959840228514,0.0
baseline_last,y_XLU,5,2024-12-02,-0.008625959840228514,0.0
baseline_last,y_XLU,3,2024-12-03,-0.00012441401246010564,-0.008625959840228514
baseline_last,y_XLU,4,2024-12-03,-0.00012441401246010564,-0.008625959840228514
baseline_last,y_XLU,5,2024-12-03,-0.00012441401246010564,-0.008625959840228514
baseline_last,y_XLU,3,2024-12-04,0.0031079831602141006,-0.00012441401246010564
baseline_last,y_XLU,4,2024-12-04,0.0031079831602141006,-0.00012441401246010564
baseline_last,y_XLU,5,2024-12-04,0.0031079831602141006,-0.00012441401246010564
baseline_last,y_XLU,3,2024-12-05,-0.012393119943063358,0.0031079831602141006
baseline_last,y_XLU,4,2024-12-05,-0.012393119943063358,0.0031079831602141006
baseline_last,y_XLU,5,2024-12-05,-0.012393119943063358,0.0031079831602141006
baseline_last,y_XLU,4,2024-12-09,-0.007243575962979643,0.0
baseline_last,y_XLU,5,2024-12-09,-0.007243575962979643,0.0
baseline_last,y_XLU,6,2024-12-09,-0.007243575962979643,0.0
baseline_last,y_XLU,4,2024-12-10,-0.006272442727966121,-0.007243575962979643
baseline_last,y_XLU,5,2024-12-10,-0.006272442727966121,-0.007243575962979643
baseline_last,y_XLU,6,2024-12-10,-0.006272442727966121,-0.007243575962979643
baseline_last,y_XLU,4,2024-12-11,-0.0005154282967586576,-0.006272442727966121
baseline_last,y_XLU,5,2024-12-11,-0.0005154282967586576,-0.006272442727966121
baseline_last,y_XLU,6,2024-12-11,-0.0005154282967586576,-0.006272442727966121
baseline_last,y_XLU,4,2024-12-12,0.0006445921310405112,-0.0005154282967586576
baseline_last,y_XLU,5,2024-12-12,0.0006445921310405112,-0.0005154282967586576
baseline_last,y_XLU,6,2024-12-12,0.0006445921310405112,-0.0005154282967586576
baseline_last,y_XLU,4,2024-12-16,-0.004154953625190583,0.0
baseline_last,y_XLU,5,2024-12-16,-0.004154953625190583,0.0
baseline_last,y_XLU,6,2024-12-16,-0.004154953625190583,0.0
baseline_last,y_XLU,4,2024-12-17,-0.023598270178865288,-0.004154953625190583
baseline_last,y_XLU,5,2024-12-17,-0.023598270178865288,-0.004154953625190583
baseline_last,y_XLU,6,2024-12-17,-0.023598270178865288,-0.004154953625190583
baseline_last,y_XLU,4,2024-12-18,0.00454000670261423,-0.023598270178865288
baseline_last,y_XLU,5,2024-12-18,0.00454000670261423,-0.023598270178865288
baseline_last,y_XLU,6,2024-12-18,0.00454000670261423,-0.023598270178865288
baseline_last,y_XLU,4,2024-12-19,0.015951097688404303,0.00454000670261423
baseline_last,y_XLU,5,2024-12-19,0.015951097688404303,0.00454000670261423
baseline_last,y_XLU,6,2024-12-19,0.015951097688404303,0.00454000670261423
baseline_last,y_XLU,4,2024-12-23,0.005521913187489513,0.0
baseline_last,y_XLU,5,2024-12-23,0.005521913187489513,0.0
baseline_last,y_XLU,6,2024-12-23,0.005521913187489513,0.0
baseline_last,y_XLU,4,2024-12-26,-0.002883352130574335,0.0
baseline_last,y_XLU,5,2024-12-26,-0.002883352130574335,0.0
baseline_last,y_XLU,6,2024-12-26,-0.002883352130574335,0.0
baseline_last,y_XLU,5,2024-12-30,-0.0009238424054747174,0.0
baseline_last,y_XLU,6,2024-12-30,-0.0009238424054747174,0.0
baseline_last,y_XLU,7,2024-12-30,-0.0009238424054747174,0.0
baseline_last,y_XLU,5,2025-01-02,0.010620281392546005,0.0
baseline_last,y_XLU,6,2025-01-02,0.010620281392546005,0.0
baseline_last,y_XLU,7,2025-01-02,0.010620281392546005,0.0
baseline_last,y_XLU,5,2025-01-06,-0.0024926738902836254,0.0
baseline_last,y_XLU,6,2025-01-06,-0.0024926738902836254,0.0
baseline_last,y_XLU,7,2025-01-06,-0.0024926738902836254,0.0
baseline_last,y_XLU,5,2025-01-07,-0.00026319450837930525,-0.0024926738902836254
baseline_last,y_XLU,6,2025-01-07,-0.00026319450837930525,-0.0024926738902836254
baseline_last,y_XLU,7,2025-01-07,-0.00026319450837930525,-0.0024926738902836254
baseline_last,y_XLU,5,2025-01-13,0.013119216536406686,0.0
baseline_last,y_XLU,6,2025-01-13,0.013119216536406686,0.0
baseline_last,y_XLU,7,2025-01-13,0.013119216536406686,0.0
baseline_last,y_XLU,5,2025-01-14,0.014667074517448642,0.013119216536406686
baseline_last,y_XLU,6,2025-01-14,0.014667074517448642,0.013119216536406686
baseline_last,y_XLU,7,2025-01-14,0.014667074517448642,0.013119216536406686
baseline_last,y_XLU,5,2025-01-15,0.025263706504522032,0.014667074517448642
baseline_last,y_XLU,6,2025-01-15,0.025263706504522032,0.014667074517448642
baseline_last,y_XLU,7,2025-01-15,0.025263706504522032,0.014667074517448642
baseline_last,y_XLU,5,2025-01-16,0.0013970291998639528,0.025263706504522032
baseline_last,y_XLU,6,2025-01-16,0.0013970291998639528,0.025263706504522032
baseline_last,y_XLU,7,2025-01-16,0.0013970291998639528,0.025263706504522032
baseline_last,y_XLU,6,2025-01-21,-0.021611561064683427,0.0
baseline_last,y_XLU,7,2025-01-21,-0.021611561064683427,0.0
baseline_last,y_XLU,8,2025-01-21,-0.021611561064683427,0.0
baseline_last,y_XLU,6,2025-01-22,0.004724125745167784,-0.021611561064683427
baseline_last,y_XLU,7,2025-01-22,0.004724125745167784,-0.021611561064683427
baseline_last,y_XLU,8,2025-01-22,0.004724125745167784,-0.021611561064683427
baseline_last,y_XLU,6,2025-01-23,0.010166420347001548,0.004724125745167784
baseline_last,y_XLU,7,2025-01-23,0.010166420347001548,0.004724125745167784
baseline_last,y_XLU,8,2025-01-23,0.010166420347001548,0.004724125745167784
baseline_last,y_XLU,6,2025-01-27,-0.013779762106280735,0.0
baseline_last,y_XLU,7,2025-01-27,-0.013779762106280735,0.0
baseline_last,y_XLU,8,2025-01-27,-0.013779762106280735,0.0
baseline_last,y_XLU,6,2025-01-28,0.0020892043531444138,-0.013779762106280735
baseline_last,y_XLU,7,2025-01-28,0.0020892043531444138,-0.013779762106280735
baseline_last,y_XLU,8,2025-01-28,0.0020892043531444138,-0.013779762106280735
baseline_last,y_XLU,6,2025-01-29,0.02084961162688681,0.0020892043531444138
baseline_last,y_XLU,7,2025-01-29,0.02084961162688681,0.0020892043531444138
baseline_last,y_XLU,8,2025-01-29,0.02084961162688681,0.0020892043531444138
baseline_last,y_XLU,6,2025-01-30,-0.005871771442263474,0.02084961162688681
baseline_last,y_XLU,7,2025-01-30,-0.005871771442263474,0.02084961162688681
baseline_last,y_XLU,8,2025-01-30,-0.005871771442263474,0.02084961162688681
baseline_last,y_XLU,6,2025-02-03,-0.008812255698130378,0.0
baseline_last,y_XLU,7,2025-02-03,-0.008812255698130378,0.0
baseline_last,y_XLU,8,2025-02-03,-0.008812255698130378,0.0
baseline_last,y_XLU,6,2025-02-04,0.010050157765515433,-0.008812255698130378
baseline_last,y_XLU,7,2025-02-04,0.010050157765515433,-0.008812255698130378
baseline_last,y_XLU,8,2025-02-04,0.010050157765515433,-0.008812255698130378
baseline_last,y_XLU,6,2025-02-05,-0.0011480180471480361,0.010050157765515433
baseline_last,y_XLU,7,2025-02-05,-0.0011480180471480361,0.010050157765515433
baseline_last,y_XLU,8,2025-02-05,-0.0011480180471480361,0.010050157765515433
baseline_last,y_XLU,6,2025-02-06,-0.0020434114437856143,-0.0011480180471480361
baseline_last,y_XLU,7,2025-02-06,-0.0020434114437856143,-0.0011480180471480361
baseline_last,y_XLU,8,2025-02-06,-0.0020434114437856143,-0.0011480180471480361
baseline_last,y_XLU,7,2025-02-10,0.005063953863806869,0.0
baseline_last,y_XLU,8,2025-02-10,0.005063953863806869,0.0
baseline_last,y_XLU,9,2025-02-10,0.005063953863806869,0.0
baseline_last,y_XLU,7,2025-02-11,-0.0017633994387368235,0.005063953863806869
baseline_last,y_XLU,8,2025-02-11,-0.0017633994387368235,0.005063953863806869
baseline_last,y_XLU,9,2025-02-11,-0.0017633994387368235,0.005063953863806869
baseline_last,y_XLU,7,2025-02-12,0.002271218795001362,-0.0017633994387368235
baseline_last,y_XLU,8,2025-02-12,0.002271218795001362,-0.0017633994387368235
baseline_last,y_XLU,9,2025-02-12,0.002271218795001362,-0.0017633994387368235
baseline_last,y_XLU,7,2025-02-13,-0.004154646549271335,0.002271218795001362
baseline_last,y_XLU,8,2025-02-13,-0.004154646549271335,0.002271218795001362
baseline_last,y_XLU,9,2025-02-13,-0.004154646549271335,0.002271218795001362
baseline_last,y_XLU,7,2025-02-18,0.0052606763777320875,0.0
baseline_last,y_XLU,8,2025-02-18,0.0052606763777320875,0.0
baseline_last,y_XLU,9,2025-02-18,0.0052606763777320875,0.0
baseline_last,y_XLU,7,2025-02-19,-0.00012475935426292661,0.0052606763777320875
baseline_last,y_XLU,8,2025-02-19,-0.00012475935426292661,0.0052606763777320875
baseline_last,y_XLU,9,2025-02-19,-0.00012475935426292661,0.0052606763777320875
baseline_last,y_XLU,7,2025-02-20,0.000249256484237792,-0.00012475935426292661
baseline_last,y_XLU,8,2025-02-20,0.000249256484237792,-0.00012475935426292661
baseline_last,y_XLU,9,2025-02-20,0.000249256484237792,-0.00012475935426292661
baseline_last,y_XLU,7,2025-02-24,-0.005008159764354203,0.0
baseline_last,y_XLU,8,2025-02-24,-0.005008159764354203,0.0
baseline_last,y_XLU,9,2025-02-24,-0.005008159764354203,0.0
baseline_last,y_XLU,7,2025-02-25,0.00415265423174449,-0.005008159764354203
baseline_last,y_XLU,8,2025-02-25,0.00415265423174449,-0.005008159764354203
baseline_last,y_XLU,9,2025-02-25,0.00415265423174449,-0.005008159764354203
baseline_last,y_XLU,7,2025-02-26,-0.02218059053771959,0.00415265423174449
baseline_last,y_XLU,8,2025-02-26,-0.02218059053771959,0.00415265423174449
baseline_last,y_XLU,9,2025-02-26,-0.02218059053771959,0.00415265423174449
baseline_last,y_XLU,7,2025-02-27,0.015250542690386615,-0.02218059053771959
baseline_last,y_XLU,8,2025-02-27,0.015250542690386615,-0.02218059053771959
baseline_last,y_XLU,9,2025-02-27,0.015250542690386615,-0.02218059053771959
baseline_last,y_XLU,8,2025-03-03,-0.016261262785163932,0.0
baseline_last,y_XLU,9,2025-03-03,-0.016261262785163932,0.0
baseline_last,y_XLU,10,2025-03-03,-0.016261262785163932,0.0
baseline_last,y_XLU,8,2025-03-04,-0.007047710409169183,-0.016261262785163932
baseline_last,y_XLU,9,2025-03-04,-0.007047710409169183,-0.016261262785163932
baseline_last,y_XLU,10,2025-03-04,-0.007047710409169183,-0.016261262785163932
baseline_last,y_XLU,8,2025-03-05,-0.020776930787379744,-0.007047710409169183
baseline_last,y_XLU,9,2025-03-05,-0.020776930787379744,-0.007047710409169183
baseline_last,y_XLU,10,2025-03-05,-0.020776930787379744,-0.007047710409169183
baseline_last,y_XLU,8,2025-03-06,0.01858207053575267,-0.020776930787379744
baseline_last,y_XLU,9,2025-03-06,0.01858207053575267,-0.020776930787379744
baseline_last,y_XLU,10,2025-03-06,0.01858207053575267,-0.020776930787379744
baseline_last,y_XLU,8,2025-03-10,-0.00934217340781096,0.0
baseline_last,y_XLU,9,2025-03-10,-0.00934217340781096,0.0
baseline_last,y_XLU,10,2025-03-10,-0.00934217340781096,0.0
baseline_last,y_XLU,8,2025-03-11,-0.0031004080487339047,-0.00934217340781096
baseline_last,y_XLU,9,2025-03-11,-0.0031004080487339047,-0.00934217340781096
baseline_last,y_XLU,10,2025-03-11,-0.0031004080487339047,-0.00934217340781096
baseline_last,y_XLU,8,2025-03-12,0.002462089395850464,-0.0031004080487339047
baseline_last,y_XLU,9,2025-03-12,0.002462089395850464,-0.0031004080487339047
baseline_last,y_XLU,10,2025-03-12,0.002462089395850464,-0.0031004080487339047
baseline_last,y_XLU,8,2025-03-13,0.019519207282187923,0.002462089395850464
baseline_last,y_XLU,9,2025-03-13,0.019519207282187923,0.002462089395850464
baseline_last,y_XLU,10,2025-03-13,0.019519207282187923,0.002462089395850464
baseline_last,y_XLU,8,2025-03-17,-0.006944487104921349,0.0
baseline_last,y_XLU,9,2025-03-17,-0.006944487104921349,0.0
baseline_last,y_XLU,10,2025-03-17,-0.006944487104921349,0.0
baseline_last,y_XLU,8,2025-03-18,0.00368729547313551,-0.006944487104921349
baseline_last,y_XLU,9,2025-03-18,0.00368729547313551,-0.006944487104921349
baseline_last,y_XLU,10,2025-03-18,0.00368729547313551,-0.006944487104921349
baseline_last,y_XLU,8,2025-03-19,0.004053888283268581,0.00368729547313551
baseline_last,y_XLU,9,2025-03-19,0.004053888283268581,0.00368729547313551
baseline_last,y_XLU,10,2025-03-19,0.004053888283268581,0.00368729547313551
baseline_last,y_XLU,8,2025-03-20,-0.006434687113933135,0.004053888283268581
baseline_last,y_XLU,9,2025-03-20,-0.006434687113933135,0.004053888283268581
baseline_last,y_XLU,10,2025-03-20,-0.006434687113933135,0.004053888283268581
baseline_last,y_XLU,9,2025-03-24,-0.015990738489623846,0.0
baseline_last,y_XLU,10,2025-03-24,-0.015990738489623846,0.0
baseline_last,y_XLU,11,2025-03-24,-0.015990738489623846,0.0
baseline_last,y_XLU,9,2025-03-25,0.006630308630676041,-0.015990738489623846
baseline_last,y_XLU,10,2025-03-25,0.006630308630676041,-0.015990738489623846
baseline_last,y_XLU,11,2025-03-25,0.006630308630676041,-0.015990738489623846
baseline_last,y_XLU,9,2025-03-26,-0.00025832514934709394,0.006630308630676041
baseline_last,y_XLU,10,2025-03-26,-0.00025832514934709394,0.006630308630676041
baseline_last,y_XLU,11,2025-03-26,-0.00025832514934709394,0.006630308630676041
baseline_last,y_XLU,9,2025-03-27,0.007363514822353867,-0.00025832514934709394
baseline_last,y_XLU,10,2025-03-27,0.007363514822353867,-0.00025832514934709394
baseline_last,y_XLU,11,2025-03-27,0.007363514822353867,-0.00025832514934709394
baseline_last,y_XLU,9,2025-03-31,0.002536532571438155,0.0
baseline_last,y_XLU,10,2025-03-31,0.002536532571438155,0.0
baseline_last,y_XLU,11,2025-03-31,0.002536532571438155,0.0
baseline_last,y_XLU,9,2025-04-01,0.004680535050094692,0.002536532571438155
baseline_last,y_XLU,10,2025-04-01,0.004680535050094692,0.002536532571438155
baseline_last,y_XLU,11,2025-04-01,0.004680535050094692,0.002536532571438155
baseline_last,y_XLU,9,2025-04-02,-0.006295623105588399,0.004680535050094692
baseline_last,y_XLU,10,2025-04-02,-0.006295623105588399,0.004680535050094692
baseline_last,y_XLU,11,2025-04-02,-0.006295623105588399,0.004680535050094692
baseline_last,y_XLU,9,2025-04-03,-0.05562596326534219,-0.006295623105588399
baseline_last,y_XLU,10,2025-04-03,-0.05562596326534219,-0.006295623105588399
baseline_last,y_XLU,11,2025-04-03,-0.05562596326534219,-0.006295623105588399
baseline_last,y_XLU,9,2025-04-07,-0.004087758606392988,0.0
baseline_last,y_XLU,10,2025-04-07,-0.004087758606392988,0.0
baseline_last,y_XLU,11,2025-04-07,-0.004087758606392988,0.0
baseline_last,y_XLU,9,2025-04-08,0.03940359748523181,-0.004087758606392988
baseline_last,y_XLU,10,2025-04-08,0.03940359748523181,-0.004087758606392988
baseline_last,y_XLU,11,2025-04-08,0.03940359748523181,-0.004087758606392988
baseline_last,y_XLU,9,2025-04-09,-0.007502986240217835,0.03940359748523181
baseline_last,y_XLU,10,2025-04-09,-0.007502986240217835,0.03940359748523181
baseline_last,y_XLU,11,2025-04-09,-0.007502986240217835,0.03940359748523181
baseline_last,y_XLU,9,2025-04-10,0.012201539265065842,-0.007502986240217835
baseline_last,y_XLU,10,2025-04-10,0.012201539265065842,-0.007502986240217835
baseline_last,y_XLU,11,2025-04-10,0.012201539265065842,-0.007502986240217835
baseline_last,y_XLU,10,2025-04-14,-0.0001287804561014294,0.0
baseline_last,y_XLU,11,2025-04-14,-0.0001287804561014294,0.0
baseline_last,y_XLU,12,2025-04-14,-0.0001287804561014294,0.0
baseline_last,y_XLU,10,2025-04-15,-0.009011279069988887,-0.0001287804561014294
baseline_last,y_XLU,11,2025-04-15,-0.009011279069988887,-0.0001287804561014294
baseline_last,y_XLU,12,2025-04-15,-0.009011279069988887,-0.0001287804561014294
baseline_last,y_XLU,10,2025-04-16,0.010262327293589779,-0.009011279069988887
baseline_last,y_XLU,11,2025-04-16,0.010262327293589779,-0.009011279069988887
baseline_last,y_XLU,12,2025-04-16,0.010262327293589779,-0.009011279069988887
baseline_last,y_XLU,10,2025-04-21,0.02726201549496632,0.0
baseline_last,y_XLU,11,2025-04-21,0.02726201549496632,0.0
baseline_last,y_XLU,12,2025-04-21,0.02726201549496632,0.0
baseline_last,y_XLU,10,2025-04-22,0.00423076727123739,0.02726201549496632
baseline_last,y_XLU,11,2025-04-22,0.00423076727123739,0.02726201549496632
baseline_last,y_XLU,12,2025-04-22,0.00423076727123739,0.02726201549496632
baseline_last,y_XLU,10,2025-04-23,0.001531943204299946,0.00423076727123739
baseline_last,y_XLU,11,2025-04-23,0.001531943204299946,0.00423076727123739
baseline_last,y_XLU,12,2025-04-23,0.001531943204299946,0.00423076727123739
baseline_last,y_XLU,10,2025-04-24,-0.0030592992127923546,0.001531943204299946
baseline_last,y_XLU,11,2025-04-24,-0.0030592992127923546,0.001531943204299946
baseline_last,y_XLU,12,2025-04-24,-0.0030592992127923546,0.001531943204299946
baseline_last,y_XLU,10,2025-04-28,0.007752016280758944,0.0
baseline_last,y_XLU,11,2025-04-28,0.007752016280758944,0.0
baseline_last,y_XLU,12,2025-04-28,0.007752016280758944,0.0
baseline_last,y_XLU,10,2025-04-29,-0.005044178692547696,0.007752016280758944
baseline_last,y_XLU,11,2025-04-29,-0.005044178692547696,0.007752016280758944
baseline_last,y_XLU,12,2025-04-29,-0.005044178692547696,0.007752016280758944
baseline_last,y_XLU,10,2025-04-30,0.0029151441034991343,-0.005044178692547696
baseline_last,y_XLU,11,2025-04-30,0.0029151441034991343,-0.005044178692547696
baseline_last,y_XLU,12,2025-04-30,0.0029151441034991343,-0.005044178692547696
baseline_last,y_XLU,10,2025-05-01,0.007835052196098147,0.0029151441034991343
baseline_last,y_XLU,11,2025-05-01,0.007835052196098147,0.0029151441034991343
baseline_last,y_XLU,12,2025-05-01,0.007835052196098147,0.0029151441034991343
baseline_last,y_XLU,11,2025-05-05,0.0121934579749583,0.0
baseline_last,y_XLU,12,2025-05-05,0.0121934579749583,0.0
baseline_last,y_XLU,13,2025-05-05,0.0121934579749583,0.0
baseline_last,y_XLU,11,2025-05-06,0.002856396889075352,0.0121934579749583
baseline_last,y_XLU,12,2025-05-06,0.002856396889075352,0.0121934579749583
baseline_last,y_XLU,13,2025-05-06,0.002856396889075352,0.0121934579749583
baseline_last,y_XLU,11,2025-05-07,-0.008049471372886585,0.002856396889075352
baseline_last,y_XLU,12,2025-05-07,-0.008049471372886585,0.002856396889075352
baseline_last,y_XLU,13,2025-05-07,-0.008049471372886585,0.002856396889075352
baseline_last,y_XLU,11,2025-05-08,0.0017478056609758763,-0.008049471372886585
baseline_last,y_XLU,12,2025-05-08,0.0017478056609758763,-0.008049471372886585
baseline_last,y_XLU,13,2025-05-08,0.0017478056609758763,-0.008049471372886585
baseline_last,y_XLU,11,2025-05-12,-0.0013792344809012702,0.0
baseline_last,y_XLU,12,2025-05-12,-0.0013792344809012702,0.0
baseline_last,y_XLU,13,2025-05-12,-0.0013792344809012702,0.0
baseline_last,y_XLU,11,2025-05-13,-0.004394152022183739,-0.0013792344809012702
baseline_last,y_XLU,12,2025-05-13,-0.004394152022183739,-0.0013792344809012702
baseline_last,y_XLU,13,2025-05-13,-0.004394152022183739,-0.0013792344809012702
baseline_last,y_XLU,11,2025-05-14,0.021311421608442238,-0.004394152022183739
baseline_last,y_XLU,12,2025-05-14,0.021311421608442238,-0.004394152022183739
baseline_last,y_XLU,13,2025-05-14,0.021311421608442238,-0.004394152022183739
baseline_last,y_XLU,11,2025-05-15,0.014693236441219781,0.021311421608442238
baseline_last,y_XLU,12,2025-05-15,0.014693236441219781,0.021311421608442238
baseline_last,y_XLU,13,2025-05-15,0.014693236441219781,0.021311421608442238
baseline_last,y_XLU,11,2025-05-19,0.0029079637040809736,0.0
baseline_last,y_XLU,12,2025-05-19,0.0029079637040809736,0.0
baseline_last,y_XLU,13,2025-05-19,0.0029079637040809736,0.0
baseline_last,y_XLU,11,2025-05-20,-0.018243233829178362,0.0029079637040809736
baseline_last,y_XLU,12,2025-05-20,-0.018243233829178362,0.0029079637040809736
baseline_last,y_XLU,13,2025-05-20,-0.018243233829178362,0.0029079637040809736
baseline_last,y_XLU,11,2025-05-21,-0.014275143099032217,-0.018243233829178362
baseline_last,y_XLU,12,2025-05-21,-0.014275143099032217,-0.018243233829178362
baseline_last,y_XLU,13,2025-05-21,-0.014275143099032217,-0.018243233829178362
baseline_last,y_XLU,11,2025-05-22,0.011984925309932226,-0.014275143099032217
baseline_last,y_XLU,12,2025-05-22,0.011984925309932226,-0.014275143099032217
baseline_last,y_XLU,13,2025-05-22,0.011984925309932226,-0.014275143099032217
baseline_last,y_XLU,12,2025-05-27,-0.01395866040595406,0.0
baseline_last,y_XLU,13,2025-05-27,-0.01395866040595406,0.0
baseline_last,y_XLU,14,2025-05-27,-0.01395866040595406,0.0
baseline_last,y_XLU,12,2025-05-28,0.006953892580414678,-0.01395866040595406
baseline_last,y_XLU,13,2025-05-28,0.006953892580414678,-0.01395866040595406
baseline_last,y_XLU,14,2025-05-28,0.006953892580414678,-0.01395866040595406
baseline_last,y_XLU,12,2025-05-29,0.01023561615824442,0.006953892580414678
baseline_last,y_XLU,13,2025-05-29,0.01023561615824442,0.006953892580414678
baseline_last,y_XLU,14,2025-05-29,0.01023561615824442,0.006953892580414678
baseline_last,y_XLU,12,2025-06-02,0.0026770492003791446,0.0
baseline_last,y_XLU,13,2025-06-02,0.0026770492003791446,0.0
baseline_last,y_XLU,14,2025-06-02,0.0026770492003791446,0.0
baseline_last,y_XLU,12,2025-06-03,-0.017475780670134555,0.0026770492003791446
baseline_last,y_XLU,13,2025-06-03,-0.017475780670134555,0.0026770492003791446
baseline_last,y_XLU,14,2025-06-03,-0.017475780670134555,0.0026770492003791446
baseline_last,y_XLU,12,2025-06-04,-0.0016056606105263604,-0.017475780670134555
baseline_last,y_XLU,13,2025-06-04,-0.0016056606105263604,-0.017475780670134555
baseline_last,y_XLU,14,2025-06-04,-0.0016056606105263604,-0.017475780670134555
baseline_last,y_XLU,12,2025-06-05,0.004453684715561401,-0.0016056606105263604
baseline_last,y_XLU,13,2025-06-05,0.004453684715561401,-0.0016056606105263604
baseline_last,y_XLU,14,2025-06-05,0.004453684715561401,-0.0016056606105263604
baseline_last,y_XLU,12,2025-06-09,0.00235528232237181,0.0
baseline_last,y_XLU,13,2025-06-09,0.00235528232237181,0.0
baseline_last,y_XLU,14,2025-06-09,0.00235528232237181,0.0
baseline_last,y_XLU,12,2025-06-10,0.0006183699529058728,0.00235528232237181
baseline_last,y_XLU,13,2025-06-10,0.0006183699529058728,0.00235528232237181
baseline_last,y_XLU,14,2025-06-10,0.0006183699529058728,0.00235528232237181
baseline_last,y_XLU,12,2025-06-11,0.012112156553059084,0.0006183699529058728
baseline_last,y_XLU,13,2025-06-11,0.012112156553059084,0.0006183699529058728
baseline_last,y_XLU,14,2025-06-11,0.012112156553059084,0.0006183699529058728
baseline_last,y_XLU,12,2025-06-12,-0.00573949073925617,0.012112156553059084
baseline_last,y_XLU,13,2025-06-12,-0.00573949073925617,0.012112156553059084
baseline_last,y_XLU,14,2025-06-12,-0.00573949073925617,0.012112156553059084
baseline_last,y_XLU,13,2025-07-02,0.007509564265414159,0.0
baseline_last,y_XLU,14,2025-07-02,0.007509564265414159,0.0
baseline_last,y_XLU,15,2025-07-02,0.007509564265414159,0.0
baseline_last,y_XLU,13,2025-07-07,-0.010608471736737624,0.0
baseline_last,y_XLU,14,2025-07-07,-0.010608471736737624,0.0
baseline_last,y_XLU,15,2025-07-07,-0.010608471736737624,0.0
baseline_last,y_XLU,13,2025-07-08,0.009366538626564669,-0.010608471736737624
baseline_last,y_XLU,14,2025-07-08,0.009366538626564669,-0.010608471736737624
baseline_last,y_XLU,15,2025-07-08,0.009366538626564669,-0.010608471736737624
baseline_last,y_XLU,13,2025-07-09,0.008180669763873327,0.009366538626564669
baseline_last,y_XLU,14,2025-07-09,0.008180669763873327,0.009366538626564669
baseline_last,y_XLU,15,2025-07-09,0.008180669763873327,0.009366538626564669
baseline_last,y_XLU,13,2025-07-10,-0.0014533783079632157,0.008180669763873327
baseline_last,y_XLU,14,2025-07-10,-0.0014533783079632157,0.008180669763873327
baseline_last,y_XLU,15,2025-07-10,-0.0014533783079632157,0.008180669763873327
baseline_last,y_XLU,13,2025-07-14,-0.00954339585602193,0.0
baseline_last,y_XLU,14,2025-07-14,-0.00954339585602193,0.0
baseline_last,y_XLU,15,2025-07-14,-0.00954339585602193,0.0
baseline_last,y_XLU,13,2025-07-15,0.00048785506108361965,-0.00954339585602193
baseline_last,y_XLU,14,2025-07-15,0.00048785506108361965,-0.00954339585602193
baseline_last,y_XLU,15,2025-07-15,0.00048785506108361965,-0.00954339585602193
baseline_last,y_XLU,13,2025-07-16,0.004144887486275284,0.00048785506108361965
baseline_last,y_XLU,14,2025-07-16,0.004144887486275284,0.00048785506108361965
baseline_last,y_XLU,15,2025-07-16,0.004144887486275284,0.00048785506108361965
baseline_last,y_XLU,13,2025-07-17,0.016753680574142615,0.004144887486275284
baseline_last,y_XLU,14,2025-07-17,0.016753680574142615,0.004144887486275284
baseline_last,y_XLU,15,2025-07-17,0.016753680574142615,0.004144887486275284
baseline_last,y_XLU,13,2025-07-21,0.012259144232415586,0.0
baseline_last,y_XLU,14,2025-07-21,0.012259144232415586,0.0
baseline_last,y_XLU,15,2025-07-21,0.012259144232415586,0.0
baseline_last,y_XLU,13,2025-07-22,-0.007524931995377626,0.012259144232415586
baseline_last,y_XLU,14,2025-07-22,-0.007524931995377626,0.012259144232415586
baseline_last,y_XLU,15,2025-07-22,-0.007524931995377626,0.012259144232415586
baseline_last,y_XLU,13,2025-07-23,-0.0013032526678359302,-0.007524931995377626
baseline_last,y_XLU,14,2025-07-23,-0.0013032526678359302,-0.007524931995377626
baseline_last,y_XLU,15,2025-07-23,-0.0013032526678359302,-0.007524931995377626
baseline_last,y_XLU,14,2025-07-24,0.0026096313194678977,-0.0013032526678359302
baseline_last,y_XLU,15,2025-07-24,0.0026096313194678977,-0.0013032526678359302
baseline_last,y_XLU,16,2025-07-24,0.0026096313194678977,-0.0013032526678359302
baseline_last,y_XLU,14,2025-07-28,0.011480471686013072,0.0
baseline_last,y_XLU,15,2025-07-28,0.011480471686013072,0.0
baseline_last,y_XLU,16,2025-07-28,0.011480471686013072,0.0
baseline_last,y_XLU,14,2025-07-29,0.007448449505309318,0.011480471686013072
baseline_last,y_XLU,15,2025-07-29,0.007448449505309318,0.011480471686013072
baseline_last,y_XLU,16,2025-07-29,0.007448449505309318,0.011480471686013072
baseline_last,y_XLU,14,2025-07-30,0.005398460805240202,0.007448449505309318
baseline_last,y_XLU,15,2025-07-30,0.005398460805240202,0.007448449505309318
baseline_last,y_XLU,16,2025-07-30,0.005398460805240202,0.007448449505309318
baseline_last,y_XLU,14,2025-07-31,0.0015174894726426302,0.005398460805240202
baseline_last,y_XLU,15,2025-07-31,0.0015174894726426302,0.005398460805240202
baseline_last,y_XLU,16,2025-07-31,0.0015174894726426302,0.005398460805240202
baseline_last,y_XLU,14,2025-08-04,-0.010650433147686322,0.0
baseline_last,y_XLU,15,2025-08-04,-0.010650433147686322,0.0
baseline_last,y_XLU,16,2025-08-04,-0.010650433147686322,0.0
baseline_last,y_XLU,14,2025-08-05,-0.008913055142345971,-0.010650433147686322
baseline_last,y_XLU,15,2025-08-05,-0.008913055142345971,-0.010650433147686322
baseline_last,y_XLU,16,2025-08-05,-0.008913055142345971,-0.010650433147686322
baseline_last,y_XLU,14,2025-08-06,0.010861989057573185,-0.008913055142345971
baseline_last,y_XLU,15,2025-08-06,0.010861989057573185,-0.008913055142345971
baseline_last,y_XLU,16,2025-08-06,0.010861989057573185,-0.008913055142345971
baseline_last,y_XLU,14,2025-08-07,-0.004275060131584074,0.010861989057573185
baseline_last,y_XLU,15,2025-08-07,-0.004275060131584074,0.010861989057573185
baseline_last,y_XLU,16,2025-08-07,-0.004275060131584074,0.010861989057573185
baseline_last,y_XLU,14,2025-08-11,0.004306817948443564,0.0
baseline_last,y_XLU,15,2025-08-11,0.004306817948443564,0.0
baseline_last,y_XLU,16,2025-08-11,0.004306817948443564,0.0
baseline_last,y_XLU,14,2025-08-12,0.0022021129449945054,0.004306817948443564
baseline_last,y_XLU,15,2025-08-12,0.0022021129449945054,0.004306817948443564
baseline_last,y_XLU,16,2025-08-12,0.0022021129449945054,0.004306817948443564
baseline_last,y_XLU,15,2025-08-13,-0.006938779783859372,0.0022021129449945054
baseline_last,y_XLU,16,2025-08-13,-0.006938779783859372,0.0022021129449945054
baseline_last,y_XLU,17,2025-08-13,-0.006938779783859372,0.0022021129449945054
baseline_last,y_XLU,15,2025-08-14,-0.0029113895646866172,-0.006938779783859372
baseline_last,y_XLU,16,2025-08-14,-0.0029113895646866172,-0.006938779783859372
baseline_last,y_XLU,17,2025-08-14,-0.0029113895646866172,-0.006938779783859372
baseline_last,y_XLU,15,2025-08-18,0.009736180020752272,0.0
baseline_last,y_XLU,16,2025-08-18,0.009736180020752272,0.0
baseline_last,y_XLU,17,2025-08-18,0.009736180020752272,0.0
baseline_last,y_XLU,15,2025-08-19,0.0010454965393884574,0.009736180020752272
baseline_last,y_XLU,16,2025-08-19,0.0010454965393884574,0.009736180020752272
baseline_last,y_XLU,17,2025-08-19,0.0010454965393884574,0.009736180020752272
baseline_last,y_XLU,15,2025-08-20,-0.006846911925439403,0.0010454965393884574
baseline_last,y_XLU,16,2025-08-20,-0.006846911925439403,0.0010454965393884574
baseline_last,y_XLU,17,2025-08-20,-0.006846911925439403,0.0010454965393884574
baseline_last,y_XLU,15,2025-08-21,0.005375120475668904,-0.006846911925439403
baseline_last,y_XLU,16,2025-08-21,0.005375120475668904,-0.006846911925439403
baseline_last,y_XLU,17,2025-08-21,0.005375120475668904,-0.006846911925439403
baseline_last,y_XLU,15,2025-08-25,0.002233525791564883,0.0
baseline_last,y_XLU,16,2025-08-25,0.002233525791564883,0.0
baseline_last,y_XLU,17,2025-08-25,0.002233525791564883,0.0
baseline_last,y_XLU,15,2025-08-26,0.00023443594466643347,0.002233525791564883
baseline_last,y_XLU,16,2025-08-26,0.00023443594466643347,0.002233525791564883
baseline_last,y_XLU,17,2025-08-26,0.00023443594466643347,0.002233525791564883
baseline_last,y_XLU,15,2025-08-27,-0.007621874035321996,0.00023443594466643347
baseline_last,y_XLU,16,2025-08-27,-0.007621874035321996,0.00023443594466643347
baseline_last,y_XLU,17,2025-08-27,-0.007621874035321996,0.00023443594466643347
baseline_last,y_XLU,15,2025-08-28,-0.003663047874182257,-0.007621874035321996
baseline_last,y_XLU,16,2025-08-28,-0.003663047874182257,-0.007621874035321996
baseline_last,y_XLU,17,2025-08-28,-0.003663047874182257,-0.007621874035321996
baseline_last,y_XLU,15,2025-09-02,-0.0024988312913197808,0.0
baseline_last,y_XLU,16,2025-09-02,-0.0024988312913197808,0.0
baseline_last,y_XLU,17,2025-09-02,-0.0024988312913197808,0.0
baseline_last,y_XLU,16,2025-09-03,-0.0011929137067288043,-0.0024988312913197808
baseline_last,y_XLU,17,2025-09-03,-0.0011929137067288043,-0.0024988312913197808
baseline_last,y_XLU,18,2025-09-03,-0.0011929137067288043,-0.0024988312913197808
baseline_last,y_XLU,16,2025-09-04,-0.0031052060328556896,-0.0011929137067288043
baseline_last,y_XLU,17,2025-09-04,-0.0031052060328556896,-0.0011929137067288043
baseline_last,y_XLU,18,2025-09-04,-0.0031052060328556896,-0.0011929137067288043
baseline_last,y_XLU,16,2025-09-08,0.006899087683227112,0.0
baseline_last,y_XLU,17,2025-09-08,0.006899087683227112,0.0
baseline_last,y_XLU,18,2025-09-08,0.006899087683227112,0.0
baseline_last,y_XLU,16,2025-09-09,0.017189445560988448,0.006899087683227112
baseline_last,y_XLU,17,2025-09-09,0.017189445560988448,0.006899087683227112
baseline_last,y_XLU,18,2025-09-09,0.017189445560988448,0.006899087683227112
baseline_last,y_XLU,16,2025-09-10,0.005317950389328807,0.017189445560988448
baseline_last,y_XLU,17,2025-09-10,0.005317950389328807,0.017189445560988448
baseline_last,y_XLU,18,2025-09-10,0.005317950389328807,0.017189445560988448
baseline_last,y_XLU,16,2025-09-11,0.005054586937357941,0.005317950389328807
baseline_last,y_XLU,17,2025-09-11,0.005054586937357941,0.005317950389328807
baseline_last,y_XLU,18,2025-09-11,0.005054586937357941,0.005317950389328807
baseline_last,y_XLU,16,2025-09-15,-0.01820304738851153,0.0
baseline_last,y_XLU,17,2025-09-15,-0.01820304738851153,0.0
baseline_last,y_XLU,18,2025-09-15,-0.01820304738851153,0.0
baseline_last,y_XLU,16,2025-09-16,0.002495861613495798,-0.01820304738851153
baseline_last,y_XLU,17,2025-09-16,0.002495861613495798,-0.01820304738851153
baseline_last,y_XLU,18,2025-09-16,0.002495861613495798,-0.01820304738851153
baseline_last,y_XLU,16,2025-09-17,0.000711445893828877,0.002495861613495798
baseline_last,y_XLU,17,2025-09-17,0.000711445893828877,0.002495861613495798
baseline_last,y_XLU,18,2025-09-17,0.000711445893828877,0.002495861613495798
baseline_last,y_XLU,16,2025-09-18,0.006397177434880552,0.000711445893828877
baseline_last,y_XLU,17,2025-09-18,0.006397177434880552,0.000711445893828877
baseline_last,y_XLU,18,2025-09-18,0.006397177434880552,0.000711445893828877
baseline_last,y_XLU,16,2025-09-22,0.005164334793387404,0.0
baseline_last,y_XLU,17,2025-09-22,0.005164334793387404,0.0
baseline_last,y_XLU,18,2025-09-22,0.005164334793387404,0.0
baseline_last,y_XLU,17,2025-09-23,0.00712280604756832,0.005164334793387404
baseline_last,y_XLU,18,2025-09-23,0.00712280604756832,0.005164334793387404
baseline_last,y_XLU,19,2025-09-23,0.00712280604756832,0.005164334793387404
baseline_last,y_XLU,17,2025-09-24,-0.009623207417946644,0.00712280604756832
baseline_last,y_XLU,18,2025-09-24,-0.009623207417946644,0.00712280604756832
baseline_last,y_XLU,19,2025-09-24,-0.009623207417946644,0.00712280604756832
baseline_last,y_XLU,17,2025-09-25,0.016272509622588638,-0.009623207417946644
baseline_last,y_XLU,18,2025-09-25,0.016272509622588638,-0.009623207417946644
baseline_last,y_XLU,19,2025-09-25,0.016272509622588638,-0.009623207417946644
baseline_last,y_XLU,17,2025-09-29,0.001722984981645359,0.0
baseline_last,y_XLU,18,2025-09-29,0.001722984981645359,0.0
baseline_last,y_XLU,19,2025-09-29,0.001722984981645359,0.0
baseline_last,y_XLU,17,2025-09-30,0.00963194362243125,0.001722984981645359
baseline_last,y_XLU,18,2025-09-30,0.00963194362243125,0.001722984981645359
baseline_last,y_XLU,19,2025-09-30,0.00963194362243125,0.001722984981645359
baseline_last,y_XLU,17,2025-10-01,-0.0018171864670244453,0.00963194362243125
baseline_last,y_XLU,18,2025-10-01,-0.0018171864670244453,0.00963194362243125
baseline_last,y_XLU,19,2025-10-01,-0.0018171864670244453,0.00963194362243125
baseline_last,y_XLU,17,2025-10-02,0.011605478450498197,-0.0018171864670244453
baseline_last,y_XLU,18,2025-10-02,0.011605478450498197,-0.0018171864670244453
baseline_last,y_XLU,19,2025-10-02,0.011605478450498197,-0.0018171864670244453
baseline_last,y_XLU,17,2025-10-06,0.0045673212152888,0.0
baseline_last,y_XLU,18,2025-10-06,0.0045673212152888,0.0
baseline_last,y_XLU,19,2025-10-06,0.0045673212152888,0.0
baseline_last,y_XLU,17,2025-10-07,0.006875194017683661,0.0045673212152888
baseline_last,y_XLU,18,2025-10-07,0.006875194017683661,0.0045673212152888
baseline_last,y_XLU,19,2025-10-07,0.006875194017683661,0.0045673212152888
baseline_last,y_XLU,17,2025-10-08,-0.0025330913254637544,0.006875194017683661
baseline_last,y_XLU,18,2025-10-08,-0.0025330913254637544,0.006875194017683661
baseline_last,y_XLU,19,2025-10-08,-0.0025330913254637544,0.006875194017683661
baseline_last,y_XLU,17,2025-10-09,-0.004085321494271876,-0.0025330913254637544
baseline_last,y_XLU,18,2025-10-09,-0.004085321494271876,-0.0025330913254637544
baseline_last,y_XLU,19,2025-10-09,-0.004085321494271876,-0.0025330913254637544
baseline_last,y_XLU,18,2025-10-13,0.0089118001729791,0.0
baseline_last,y_XLU,19,2025-10-13,0.0089118001729791,0.0
baseline_last,y_XLU,20,2025-10-13,0.0089118001729791,0.0
baseline_last,y_XLU,18,2025-10-14,0.013086251590014086,0.0089118001729791
baseline_last,y_XLU,19,2025-10-14,0.013086251590014086,0.0089118001729791
baseline_last,y_XLU,20,2025-10-14,0.013086251590014086,0.0089118001729791
baseline_last,y_XLU,18,2025-10-15,-0.010871961981270495,0.013086251590014086
baseline_last,y_XLU,19,2025-10-15,-0.010871961981270495,0.013086251590014086
baseline_last,y_XLU,20,2025-10-15,-0.010871961981270495,0.013086251590014086
baseline_last,y_XLU,18,2025-10-16,-0.003482412357908804,-0.010871961981270495
baseline_last,y_XLU,19,2025-10-16,-0.003482412357908804,-0.010871961981270495
baseline_last,y_XLU,20,2025-10-16,-0.003482412357908804,-0.010871961981270495
baseline_last,y_XLU,18,2025-10-20,-0.010159449362714734,0.0
baseline_last,y_XLU,19,2025-10-20,-0.010159449362714734,0.0
baseline_last,y_XLU,20,2025-10-20,-0.010159449362714734,0.0
baseline_last,y_XLU,18,2025-10-21,-0.0023176723684522615,-0.010159449362714734
baseline_last,y_XLU,19,2025-10-21,-0.0023176723684522615,-0.010159449362714734
baseline_last,y_XLU,20,2025-10-21,-0.0023176723684522615,-0.010159449362714734
baseline_last,y_XLU,18,2025-10-22,-0.0007742671224973963,-0.0023176723684522615
baseline_last,y_XLU,19,2025-10-22,-0.0007742671224973963,-0.0023176723684522615
baseline_last,y_XLU,20,2025-10-22,-0.0007742671224973963,-0.0023176723684522615
baseline_last,y_XLU,18,2025-10-23,0.01173464963729054,-0.0007742671224973963
baseline_last,y_XLU,19,2025-10-23,0.01173464963729054,-0.0007742671224973963
baseline_last,y_XLU,20,2025-10-23,0.01173464963729054,-0.0007742671224973963
baseline_last,y_XLU,18,2025-10-27,-0.0164775224540602,0.0
baseline_last,y_XLU,19,2025-10-27,-0.0164775224540602,0.0
baseline_last,y_XLU,20,2025-10-27,-0.0164775224540602,0.0
baseline_last,y_XLU,18,2025-10-28,-0.0003328593591171991,-0.0164775224540602
baseline_last,y_XLU,19,2025-10-28,-0.0003328593591171991,-0.0164775224540602
baseline_last,y_XLU,20,2025-10-28,-0.0003328593591171991,-0.0164775224540602
baseline_last,y_XLU,18,2025-10-29,-0.004217537112569336,-0.0003328593591171991
baseline_last,y_XLU,19,2025-10-29,-0.004217537112569336,-0.0003328593591171991
baseline_last,y_XLU,20,2025-10-29,-0.004217537112569336,-0.0003328593591171991
baseline_last,y_XLU,18,2025-10-30,-0.006910443696217183,-0.004217537112569336
baseline_last,y_XLU,19,2025-10-30,-0.006910443696217183,-0.004217537112569336
baseline_last,y_XLU,20,2025-10-30,-0.006910443696217183,-0.004217537112569336
baseline_last,y_XLU,19,2025-11-03,-0.0035894431004593885,0.0
baseline_last,y_XLU,20,2025-11-03,-0.0035894431004593885,0.0
baseline_last,y_XLU,21,2025-11-03,-0.0035894431004593885,0.0
baseline_last,y_XLU,19,2025-11-04,0.0002250672281260968,-0.0035894431004593885
baseline_last,y_XLU,20,2025-11-04,0.0002250672281260968,-0.0035894431004593885
baseline_last,y_XLU,21,2025-11-04,0.0002250672281260968,-0.0035894431004593885
baseline_last,y_XLU,19,2025-11-05,-0.004389423857190877,0.0002250672281260968
baseline_last,y_XLU,20,2025-11-05,-0.004389423857190877,0.0002250672281260968
baseline_last,y_XLU,21,2025-11-05,-0.004389423857190877,0.0002250672281260968
baseline_last,y_XLU,19,2025-11-06,0.0139046141039465,-0.004389423857190877
baseline_last,y_XLU,20,2025-11-06,0.0139046141039465,-0.004389423857190877
baseline_last,y_XLU,21,2025-11-06,0.0139046141039465,-0.004389423857190877
baseline_last,y_XLU,19,2025-11-10,0.0005575879281185525,0.0
baseline_last,y_XLU,20,2025-11-10,0.0005575879281185525,0.0
baseline_last,y_XLU,21,2025-11-10,0.0005575879281185525,0.0
baseline_last,y_XLU,19,2025-11-11,0.0023408384108618563,0.0005575879281185525
baseline_last,y_XLU,20,2025-11-11,0.0023408384108618563,0.0005575879281185525
baseline_last,y_XLU,21,2025-11-11,0.0023408384108618563,0.0005575879281185525
baseline_last,y_XLU,19,2025-11-12,-0.013789976571058848,0.0023408384108618563
baseline_last,y_XLU,20,2025-11-12,-0.013789976571058848,0.0023408384108618563
baseline_last,y_XLU,21,2025-11-12,-0.013789976571058848,0.0023408384108618563
baseline_last,y_XLU,19,2025-11-13,0.0009021384356044937,-0.013789976571058848
baseline_last,y_XLU,20,2025-11-13,0.0009021384356044937,-0.013789976571058848
baseline_last,y_XLU,21,2025-11-13,0.0009021384356044937,-0.013789976571058848
baseline_last,y_XLU,19,2025-11-17,-0.003796329696811207,0.0
baseline_last,y_XLU,20,2025-11-17,-0.003796329696811207,0.0
baseline_last,y_XLU,21,2025-11-17,-0.003796329696811207,0.0
baseline_last,y_XLU,19,2025-11-18,-0.008406187011535171,-0.003796329696811207
baseline_last,y_XLU,20,2025-11-18,-0.008406187011535171,-0.003796329696811207
baseline_last,y_XLU,21,2025-11-18,-0.008406187011535171,-0.003796329696811207
baseline_last,y_XLU,19,2025-11-19,-0.0050864874018122785,-0.008406187011535171
baseline_last,y_XLU,20,2025-11-19,-0.0050864874018122785,-0.008406187011535171
baseline_last,y_XLU,21,2025-11-19,-0.0050864874018122785,-0.008406187011535171
baseline_last,y_XLU,19,2025-11-20,0.0014769673693519891,-0.0050864874018122785
baseline_last,y_XLU,20,2025-11-20,0.0014769673693519891,-0.0050864874018122785
baseline_last,y_XLU,21,2025-11-20,0.0014769673693519891,-0.0050864874018122785
baseline_last,y_XLU,20,2025-11-24,-0.0038138749034546393,0.0
baseline_last,y_XLU,21,2025-11-24,-0.0038138749034546393,0.0
baseline_last,y_XLU,22,2025-11-24,-0.0038138749034546393,0.0
baseline_last,y_XLU,20,2025-11-25,0.013286804921332385,-0.0038138749034546393
baseline_last,y_XLU,21,2025-11-25,0.013286804921332385,-0.0038138749034546393
baseline_last,y_XLU,22,2025-11-25,0.013286804921332385,-0.0038138749034546393
baseline_last,y_XLU,20,2025-12-01,-0.007117811985585698,0.0
baseline_last,y_XLU,21,2025-12-01,-0.007117811985585698,0.0
baseline_last,y_XLU,22,2025-12-01,-0.007117811985585698,0.0
baseline_last,y_XLU,20,2025-12-02,-0.0031862281611558796,-0.007117811985585698
baseline_last,y_XLU,21,2025-12-02,-0.0031862281611558796,-0.007117811985585698
baseline_last,y_XLU,22,2025-12-02,-0.0031862281611558796,-0.007117811985585698
baseline_last,y_XLU,20,2025-12-03,-0.002054748964728348,-0.0031862281611558796
baseline_last,y_XLU,21,2025-12-03,-0.002054748964728348,-0.0031862281611558796
baseline_last,y_XLU,22,2025-12-03,-0.002054748964728348,-0.0031862281611558796
baseline_last,y_XLU,20,2025-12-04,-0.009380020889626528,-0.002054748964728348
baseline_last,y_XLU,21,2025-12-04,-0.009380020889626528,-0.002054748964728348
baseline_last,y_XLU,22,2025-12-04,-0.009380020889626528,-0.002054748964728348
baseline_last,y_XLU,20,2025-12-08,0.0007021715679080831,0.0
baseline_last,y_XLU,21,2025-12-08,0.0007021715679080831,0.0
baseline_last,y_XLU,22,2025-12-08,0.0007021715679080831,0.0
baseline_last,y_XLU,20,2025-12-09,-0.0004678458467712865,0.0007021715679080831
baseline_last,y_XLU,21,2025-12-09,-0.0004678458467712865,0.0007021715679080831
baseline_last,y_XLU,22,2025-12-09,-0.0004678458467712865,0.0007021715679080831
baseline_last,y_XLU,20,2025-12-10,0.007254914905562293,-0.0004678458467712865
baseline_last,y_XLU,21,2025-12-10,0.007254914905562293,-0.0004678458467712865
baseline_last,y_XLU,22,2025-12-10,0.007254914905562293,-0.0004678458467712865
baseline_last,y_XLU,20,2025-12-11,-0.004879192633411189,0.007254914905562293
baseline_last,y_XLU,21,2025-12-11,-0.004879192633411189,0.007254914905562293
baseline_last,y_XLU,22,2025-12-11,-0.004879192633411189,0.007254914905562293
baseline_last,y_XLU,21,2025-12-15,-0.004164734802386105,0.0
baseline_last,y_XLU,22,2025-12-15,-0.004164734802386105,0.0
baseline_last,y_XLU,23,2025-12-15,-0.004164734802386105,0.0
baseline_last,y_XLU,21,2025-12-16,-0.006505619943031338,-0.004164734802386105
baseline_last,y_XLU,22,2025-12-16,-0.006505619943031338,-0.004164734802386105
baseline_last,y_XLU,23,2025-12-16,-0.006505619943031338,-0.004164734802386105
baseline_last,y_XLU,21,2025-12-17,0.009822285322100166,-0.006505619943031338
baseline_last,y_XLU,22,2025-12-17,0.009822285322100166,-0.006505619943031338
baseline_last,y_XLU,23,2025-12-17,0.009822285322100166,-0.006505619943031338
baseline_last,y_XLU,21,2025-12-18,-0.012737372149651871,0.009822285322100166
baseline_last,y_XLU,22,2025-12-18,-0.012737372149651871,0.009822285322100166
baseline_last,y_XLU,23,2025-12-18,-0.012737372149651871,0.009822285322100166
baseline_last,y_XLU,21,2025-12-23,0.00445805833336399,0.0
baseline_last,y_XLU,22,2025-12-23,0.00445805833336399,0.0
baseline_last,y_XLU,23,2025-12-23,0.00445805833336399,0.0
baseline_last,y_XLU,21,2025-12-29,0.0023331421534544816,0.0
baseline_last,y_XLU,22,2025-12-29,0.0023331421534544816,0.0
baseline_last,y_XLU,23,2025-12-29,0.0023331421534544816,0.0
baseline_last,y_XLU,21,2025-12-30,-0.006284926990635542,0.0023331421534544816
baseline_last,y_XLU,22,2025-12-30,-0.006284926990635542,0.0023331421534544816
baseline_last,y_XLU,23,2025-12-30,-0.006284926990635542,0.0023331421534544816
baseline_last,y_XLU,22,2026-01-05,0.004918011258091548,0.0
baseline_last,y_XLU,23,2026-01-05,0.004918011258091548,0.0
baseline_last,y_XLU,24,2026-01-05,0.004918011258091548,0.0
baseline_last,y_XLU,22,2026-01-06,-0.024236796066781308,0.004918011258091548
baseline_last,y_XLU,23,2026-01-06,-0.024236796066781308,0.004918011258091548
baseline_last,y_XLU,24,2026-01-06,-0.024236796066781308,0.004918011258091548
baseline_last,y_XLU,22,2026-01-07,0.0028660795233659275,-0.024236796066781308
baseline_last,y_XLU,23,2026-01-07,0.0028660795233659275,-0.024236796066781308
baseline_last,y_XLU,24,2026-01-07,0.0028660795233659275,-0.024236796066781308
baseline_last,y_XLU,22,2026-01-08,0.012383820487748887,0.0028660795233659275
baseline_last,y_XLU,23,2026-01-08,0.012383820487748887,0.0028660795233659275
baseline_last,y_XLU,24,2026-01-08,0.012383820487748887,0.0028660795233659275
baseline_last,y_XLU,22,2026-01-12,0.006340926055796503,0.0
baseline_last,y_XLU,23,2026-01-12,0.006340926055796503,0.0
baseline_last,y_XLU,24,2026-01-12,0.006340926055796503,0.0
baseline_last,y_XLU,22,2026-01-13,0.007467904462528541,0.006340926055796503
baseline_last,y_XLU,23,2026-01-13,0.007467904462528541,0.006340926055796503
baseline_last,y_XLU,24,2026-01-13,0.007467904462528541,0.006340926055796503
baseline_last,y_XLU,22,2026-01-14,0.010192320131316768,0.007467904462528541
baseline_last,y_XLU,23,2026-01-14,0.010192320131316768,0.007467904462528541
baseline_last,y_XLU,24,2026-01-14,0.010192320131316768,0.007467904462528541
baseline_last,y_XLU,22,2026-01-15,-0.005044742435772909,0.010192320131316768
baseline_last,y_XLU,23,2026-01-15,-0.005044742435772909,0.010192320131316768
baseline_last,y_XLU,24,2026-01-15,-0.005044742435772909,0.010192320131316768
baseline_last,y_XLU,22,2026-01-21,-0.0072059825660710786,0.0
baseline_last,y_XLU,23,2026-01-21,-0.0072059825660710786,0.0
baseline_last,y_XLU,24,2026-01-21,-0.0072059825660710786,0.0
baseline_last,y_XLU,22,2026-01-22,-0.0035120045515564247,-0.0072059825660710786
baseline_last,y_XLU,23,2026-01-22,-0.0035120045515564247,-0.0072059825660710786
baseline_last,y_XLU,24,2026-01-22,-0.0035120045515564247,-0.0072059825660710786
baseline_last,y_XLU,23,2026-01-26,0.01306278020162277,0.0
baseline_last,y_XLU,24,2026-01-26,0.01306278020162277,0.0
baseline_last,y_XLU,23,2026-01-27,-0.002302520686585763,0.01306278020162277
baseline_last,y_XLU,24,2026-01-27,-0.002302520686585763,0.01306278020162277
baseline_last,y_XLU,23,2026-01-28,0.0,-0.002302520686585763
baseline_last,y_XLU,24,2026-01-28,0.0,-0.002302520686585763
baseline_last,y_XLU,23,2026-01-29,-0.0018463380492486081,0.0
baseline_last,y_XLU,24,2026-01-29,-0.0018463380492486081,0.0
baseline_last,y_XLU,23,2026-02-02,0.014547225765371818,0.0
baseline_last,y_XLU,24,2026-02-02,0.014547225765371818,0.0
baseline_last,y_XLU,23,2026-02-03,-0.003700273848319169,0.014547225765371818
baseline_last,y_XLU,24,2026-02-03,-0.003700273848319169,0.014547225765371818
baseline_last,y_XLU,23,2026-02-04,0.00046417461041015073,-0.003700273848319169
baseline_last,y_XLU,24,2026-02-04,0.00046417461041015073,-0.003700273848319169
baseline_last,y_XLU,23,2026-02-05,0.005800464242478043,0.00046417461041015073
baseline_last,y_XLU,24,2026-02-05,0.005800464242478043,0.00046417461041015073
baseline_last,y_XLU,23,2026-02-09,0.016559365875883136,0.0
baseline_last,y_XLU,24,2026-02-09,0.016559365875883136,0.0
baseline_last,y_XLU,23,2026-02-10,0.008823515450602448,0.016559365875883136
baseline_last,y_XLU,24,2026-02-10,0.008823515450602448,0.016559365875883136
baseline_last,y_XLU,23,2026-02-11,0.014801521532935125,0.008823515450602448
baseline_last,y_XLU,24,2026-02-11,0.014801521532935125,0.008823515450602448
baseline_last,y_XLU,23,2026-02-12,0.027624309392265234,0.014801521532935125
baseline_last,y_XLU,24,2026-02-12,0.027624309392265234,0.014801521532935125
baseline_last,y_XLU,24,2026-02-17,-0.01660199310113908,0.0
baseline_last,y_XLU,24,2026-02-18,0.010962508075181177,-0.01660199310113908
baseline_last,y_XLU,24,2026-02-19,0.004771225716569072,0.010962508075181177
baseline_last,y_XLU,24,2026-02-23,0.011139684112341675,0.0
baseline_last,y_XLU,24,2026-02-24,0.0033898272208872093,0.011139684112341675
baseline_last,y_XLU,24,2026-02-25,-0.0038006820704398203,0.0033898272208872093
baseline_last,y_XLU,24,2026-02-26,0.011657465737663575,-0.0038006820704398203
baseline_last,y_XLU,24,2026-03-02,-0.006333106266097399,0.0
baseline_last,y_XLU,24,2026-03-03,0.004249007100831648,-0.006333106266097399
baseline_last,y_XLU,24,2026-03-04,-0.007827351984381004,0.004249007100831648
baseline_last,y_XLU,24,2026-03-05,-0.0034115104948093666,-0.007827351984381004
baseline_last,y_XLV,0,2024-08-05,0.004631014264948385,0.0
baseline_last,y_XLV,0,2024-08-06,-0.010168797884475667,0.004631014264948385
baseline_last,y_XLV,0,2024-08-07,0.0221218518210351,-0.010168797884475667
baseline_last,y_XLV,0,2024-08-08,0.004958427133664678,0.0221218518210351
baseline_last,y_XLV,0,2024-08-12,0.012114294528045688,0.0
baseline_last,y_XLV,0,2024-08-13,0.003570921279469008,0.012114294528045688
baseline_last,y_XLV,0,2024-08-14,0.006259784782244537,0.003570921279469008
baseline_last,y_XLV,0,2024-08-15,0.0010478451358497676,0.006259784782244537
baseline_last,y_XLV,0,2024-08-19,0.004031177752931381,0.0
baseline_last,y_XLV,0,2024-08-20,0.0016837785255379156,0.004031177752931381
baseline_last,y_XLV,0,2024-08-21,0.0006464484605377407,0.0016837785255379156
baseline_last,y_XLV,0,2024-08-22,0.0043287201519239815,0.0006464484605377407
baseline_last,y_XLV,0,2024-08-26,0.0015446062619379752,0.0
baseline_last,y_XLV,1,2024-08-26,0.0015446062619379752,0.0
baseline_last,y_XLV,0,2024-08-27,0.0011566932517306228,0.0015446062619379752
baseline_last,y_XLV,1,2024-08-27,0.0011566932517306228,0.0015446062619379752
baseline_last,y_XLV,0,2024-08-28,0.002118170988795409,0.0011566932517306228
baseline_last,y_XLV,1,2024-08-28,0.002118170988795409,0.0011566932517306228
baseline_last,y_XLV,0,2024-08-29,0.0069179901236609,0.002118170988795409
baseline_last,y_XLV,1,2024-08-29,0.0069179901236609,0.002118170988795409
baseline_last,y_XLV,0,2024-09-03,-0.0017207249016383264,0.0
baseline_last,y_XLV,1,2024-09-03,-0.0017207249016383264,0.0
baseline_last,y_XLV,0,2024-09-04,-0.013726756660423556,-0.0017207249016383264
baseline_last,y_XLV,1,2024-09-04,-0.013726756660423556,-0.0017207249016383264
baseline_last,y_XLV,0,2024-09-05,-0.0034308055182327157,-0.013726756660423556
baseline_last,y_XLV,1,2024-09-05,-0.0034308055182327157,-0.013726756660423556
baseline_last,y_XLV,0,2024-09-09,0.004579856809795224,0.0
baseline_last,y_XLV,1,2024-09-09,0.004579856809795224,0.0
baseline_last,y_XLV,0,2024-09-10,-0.002953604524396969,0.004579856809795224
baseline_last,y_XLV,1,2024-09-10,-0.002953604524396969,0.004579856809795224
baseline_last,y_XLV,0,2024-09-11,0.003606304726851306,-0.002953604524396969
baseline_last,y_XLV,1,2024-09-11,0.003606304726851306,-0.002953604524396969
baseline_last,y_XLV,0,2024-09-12,0.0020533979919294953,0.003606304726851306
baseline_last,y_XLV,1,2024-09-12,0.0020533979919294953,0.003606304726851306
baseline_last,y_XLV,2,2024-09-12,0.0020533979919294953,0.003606304726851306
baseline_last,y_XLV,0,2024-09-16,-0.010302919513985875,0.0
baseline_last,y_XLV,1,2024-09-16,-0.010302919513985875,0.0
baseline_last,y_XLV,2,2024-09-16,-0.010302919513985875,0.0
baseline_last,y_XLV,0,2024-09-17,-0.0016704930565133447,-0.010302919513985875
baseline_last,y_XLV,1,2024-09-17,-0.0016704930565133447,-0.010302919513985875
baseline_last,y_XLV,2,2024-09-17,-0.0016704930565133447,-0.010302919513985875
baseline_last,y_XLV,0,2024-09-18,0.003604447349311757,-0.0016704930565133447
baseline_last,y_XLV,1,2024-09-18,0.003604447349311757,-0.0016704930565133447
baseline_last,y_XLV,2,2024-09-18,0.003604447349311757,-0.0016704930565133447
baseline_last,y_XLV,0,2024-09-19,-0.004104688431757042,0.003604447349311757
baseline_last,y_XLV,1,2024-09-19,-0.004104688431757042,0.003604447349311757
baseline_last,y_XLV,2,2024-09-19,-0.004104688431757042,0.003604447349311757
baseline_last,y_XLV,0,2024-09-23,-0.0020077712617673216,0.0
baseline_last,y_XLV,1,2024-09-23,-0.0020077712617673216,0.0
baseline_last,y_XLV,2,2024-09-23,-0.0020077712617673216,0.0
baseline_last,y_XLV,0,2024-09-24,-0.009734632323534331,-0.0020077712617673216
baseline_last,y_XLV,1,2024-09-24,-0.009734632323534331,-0.0020077712617673216
baseline_last,y_XLV,2,2024-09-24,-0.009734632323534331,-0.0020077712617673216
baseline_last,y_XLV,0,2024-09-25,0.0033424338221306193,-0.009734632323534331
baseline_last,y_XLV,1,2024-09-25,0.0033424338221306193,-0.009734632323534331
baseline_last,y_XLV,2,2024-09-25,0.0033424338221306193,-0.009734632323534331
baseline_last,y_XLV,0,2024-09-26,-0.0005225307645209121,0.0033424338221306193
baseline_last,y_XLV,1,2024-09-26,-0.0005225307645209121,0.0033424338221306193
baseline_last,y_XLV,2,2024-09-26,-0.0005225307645209121,0.0033424338221306193
baseline_last,y_XLV,0,2024-09-30,-0.005259009056906572,0.0
baseline_last,y_XLV,1,2024-09-30,-0.005259009056906572,0.0
baseline_last,y_XLV,2,2024-09-30,-0.005259009056906572,0.0
baseline_last,y_XLV,0,2024-10-01,-0.0020234673756607258,-0.005259009056906572
baseline_last,y_XLV,1,2024-10-01,-0.0020234673756607258,-0.005259009056906572
baseline_last,y_XLV,2,2024-10-01,-0.0020234673756607258,-0.005259009056906572
baseline_last,y_XLV,0,2024-10-02,-0.009025420828416841,-0.0020234673756607258
baseline_last,y_XLV,1,2024-10-02,-0.009025420828416841,-0.0020234673756607258
baseline_last,y_XLV,2,2024-10-02,-0.009025420828416841,-0.0020234673756607258
baseline_last,y_XLV,0,2024-10-03,0.0007919178060757925,-0.009025420828416841
baseline_last,y_XLV,1,2024-10-03,0.0007919178060757925,-0.009025420828416841
baseline_last,y_XLV,2,2024-10-03,0.0007919178060757925,-0.009025420828416841
baseline_last,y_XLV,1,2024-10-07,0.005431687647895478,0.0
baseline_last,y_XLV,2,2024-10-07,0.005431687647895478,0.0
baseline_last,y_XLV,3,2024-10-07,0.005431687647895478,0.0
baseline_last,y_XLV,1,2024-10-08,0.010211471744613565,0.005431687647895478
baseline_last,y_XLV,2,2024-10-08,0.010211471744613565,0.005431687647895478
baseline_last,y_XLV,3,2024-10-08,0.010211471744613565,0.005431687647895478
baseline_last,y_XLV,1,2024-10-09,-0.0037172936393439215,0.010211471744613565
baseline_last,y_XLV,2,2024-10-09,-0.0037172936393439215,0.010211471744613565
baseline_last,y_XLV,3,2024-10-09,-0.0037172936393439215,0.010211471744613565
baseline_last,y_XLV,1,2024-10-10,0.007331335483921064,-0.0037172936393439215
baseline_last,y_XLV,2,2024-10-10,0.007331335483921064,-0.0037172936393439215
baseline_last,y_XLV,3,2024-10-10,0.007331335483921064,-0.0037172936393439215
baseline_last,y_XLV,1,2024-10-14,-0.012213891270240862,0.0
baseline_last,y_XLV,2,2024-10-14,-0.012213891270240862,0.0
baseline_last,y_XLV,3,2024-10-14,-0.012213891270240862,0.0
baseline_last,y_XLV,1,2024-10-15,0.002812953874026025,-0.012213891270240862
baseline_last,y_XLV,2,2024-10-15,0.002812953874026025,-0.012213891270240862
baseline_last,y_XLV,3,2024-10-15,0.002812953874026025,-0.012213891270240862
baseline_last,y_XLV,1,2024-10-16,-0.005806316307475856,0.002812953874026025
baseline_last,y_XLV,2,2024-10-16,-0.005806316307475856,0.002812953874026025
baseline_last,y_XLV,3,2024-10-16,-0.005806316307475856,0.002812953874026025
baseline_last,y_XLV,1,2024-10-17,0.0048560060731805965,-0.005806316307475856
baseline_last,y_XLV,2,2024-10-17,0.0048560060731805965,-0.005806316307475856
baseline_last,y_XLV,3,2024-10-17,0.0048560060731805965,-0.005806316307475856
baseline_last,y_XLV,1,2024-10-21,-0.001453792486454164,0.0
baseline_last,y_XLV,2,2024-10-21,-0.001453792486454164,0.0
baseline_last,y_XLV,3,2024-10-21,-0.001453792486454164,0.0
baseline_last,y_XLV,1,2024-10-22,-0.004698648497306723,-0.001453792486454164
baseline_last,y_XLV,2,2024-10-22,-0.004698648497306723,-0.001453792486454164
baseline_last,y_XLV,3,2024-10-22,-0.004698648497306723,-0.001453792486454164
baseline_last,y_XLV,1,2024-10-23,-0.0065823642293393325,-0.004698648497306723
baseline_last,y_XLV,2,2024-10-23,-0.0065823642293393325,-0.004698648497306723
baseline_last,y_XLV,3,2024-10-23,-0.0065823642293393325,-0.004698648497306723
baseline_last,y_XLV,1,2024-10-24,-0.005488295210631766,-0.0065823642293393325
baseline_last,y_XLV,2,2024-10-24,-0.005488295210631766,-0.0065823642293393325
baseline_last,y_XLV,3,2024-10-24,-0.005488295210631766,-0.0065823642293393325
baseline_last,y_XLV,2,2024-10-28,-0.002755369264866303,0.0
baseline_last,y_XLV,3,2024-10-28,-0.002755369264866303,0.0
baseline_last,y_XLV,4,2024-10-28,-0.002755369264866303,0.0
baseline_last,y_XLV,2,2024-10-29,-0.0018866225011316962,-0.002755369264866303
baseline_last,y_XLV,3,2024-10-29,-0.0018866225011316962,-0.002755369264866303
baseline_last,y_XLV,4,2024-10-29,-0.0018866225011316962,-0.002755369264866303
baseline_last,y_XLV,2,2024-10-30,-0.008439086488184477,-0.0018866225011316962
baseline_last,y_XLV,3,2024-10-30,-0.008439086488184477,-0.0018866225011316962
baseline_last,y_XLV,4,2024-10-30,-0.008439086488184477,-0.0018866225011316962
baseline_last,y_XLV,2,2024-10-31,0.0059235794740717385,-0.008439086488184477
baseline_last,y_XLV,3,2024-10-31,0.0059235794740717385,-0.008439086488184477
baseline_last,y_XLV,4,2024-10-31,0.0059235794740717385,-0.008439086488184477
baseline_last,y_XLV,2,2024-11-04,0.007358455576626843,0.0
baseline_last,y_XLV,3,2024-11-04,0.007358455576626843,0.0
baseline_last,y_XLV,4,2024-11-04,0.007358455576626843,0.0
baseline_last,y_XLV,2,2024-11-05,0.0012850380157518604,0.007358455576626843
baseline_last,y_XLV,3,2024-11-05,0.0012850380157518604,0.007358455576626843
baseline_last,y_XLV,4,2024-11-05,0.0012850380157518604,0.007358455576626843
baseline_last,y_XLV,2,2024-11-06,0.007227688410349042,0.0012850380157518604
baseline_last,y_XLV,3,2024-11-06,0.007227688410349042,0.0012850380157518604
baseline_last,y_XLV,4,2024-11-06,0.007227688410349042,0.0012850380157518604
baseline_last,y_XLV,2,2024-11-07,0.007175928395738884,0.007227688410349042
baseline_last,y_XLV,3,2024-11-07,0.007175928395738884,0.007227688410349042
baseline_last,y_XLV,4,2024-11-07,0.007175928395738884,0.007227688410349042
baseline_last,y_XLV,2,2024-11-11,-0.013931795879696174,0.0
baseline_last,y_XLV,3,2024-11-11,-0.013931795879696174,0.0
baseline_last,y_XLV,4,2024-11-11,-0.013931795879696174,0.0
baseline_last,y_XLV,2,2024-11-12,-0.0026488803283925,-0.013931795879696174
baseline_last,y_XLV,3,2024-11-12,-0.0026488803283925,-0.013931795879696174
baseline_last,y_XLV,4,2024-11-12,-0.0026488803283925,-0.013931795879696174
baseline_last,y_XLV,2,2024-11-13,-0.01573259746987976,-0.0026488803283925
baseline_last,y_XLV,3,2024-11-13,-0.01573259746987976,-0.0026488803283925
baseline_last,y_XLV,4,2024-11-13,-0.01573259746987976,-0.0026488803283925
baseline_last,y_XLV,2,2024-11-14,-0.018544182940750442,-0.01573259746987976
baseline_last,y_XLV,3,2024-11-14,-0.018544182940750442,-0.01573259746987976
baseline_last,y_XLV,4,2024-11-14,-0.018544182940750442,-0.01573259746987976
baseline_last,y_XLV,3,2024-11-18,-0.005143189318025265,0.0
baseline_last,y_XLV,4,2024-11-18,-0.005143189318025265,0.0
baseline_last,y_XLV,5,2024-11-18,-0.005143189318025265,0.0
baseline_last,y_XLV,3,2024-11-19,0.011826403955381926,-0.005143189318025265
baseline_last,y_XLV,4,2024-11-19,0.011826403955381926,-0.005143189318025265
baseline_last,y_XLV,5,2024-11-19,0.011826403955381926,-0.005143189318025265
baseline_last,y_XLV,3,2024-11-20,0.008048726837258657,0.011826403955381926
baseline_last,y_XLV,4,2024-11-20,0.008048726837258657,0.011826403955381926
baseline_last,y_XLV,5,2024-11-20,0.008048726837258657,0.011826403955381926
baseline_last,y_XLV,3,2024-11-21,0.0009026243247238774,0.008048726837258657
baseline_last,y_XLV,4,2024-11-21,0.0009026243247238774,0.008048726837258657
baseline_last,y_XLV,5,2024-11-21,0.0009026243247238774,0.008048726837258657
baseline_last,y_XLV,3,2024-11-25,0.005365086578400735,0.0
baseline_last,y_XLV,4,2024-11-25,0.005365086578400735,0.0
baseline_last,y_XLV,5,2024-11-25,0.005365086578400735,0.0
baseline_last,y_XLV,3,2024-11-26,0.005336242614221165,0.005365086578400735
baseline_last,y_XLV,4,2024-11-26,0.005336242614221165,0.005365086578400735
baseline_last,y_XLV,5,2024-11-26,0.005336242614221165,0.005365086578400735
baseline_last,y_XLV,3,2024-12-02,-0.0022424754486779497,0.0
baseline_last,y_XLV,4,2024-12-02,-0.0022424754486779497,0.0
baseline_last,y_XLV,5,2024-12-02,-0.0022424754486779497,0.0
baseline_last,y_XLV,3,2024-12-03,-0.000545093673566921,-0.0022424754486779497
baseline_last,y_XLV,4,2024-12-03,-0.000545093673566921,-0.0022424754486779497
baseline_last,y_XLV,5,2024-12-03,-0.000545093673566921,-0.0022424754486779497
baseline_last,y_XLV,3,2024-12-04,-0.011175997270387872,-0.000545093673566921
baseline_last,y_XLV,4,2024-12-04,-0.011175997270387872,-0.000545093673566921
baseline_last,y_XLV,5,2024-12-04,-0.011175997270387872,-0.000545093673566921
baseline_last,y_XLV,3,2024-12-05,-0.005651424675207517,-0.011175997270387872
baseline_last,y_XLV,4,2024-12-05,-0.005651424675207517,-0.011175997270387872
baseline_last,y_XLV,5,2024-12-05,-0.005651424675207517,-0.011175997270387872
baseline_last,y_XLV,4,2024-12-09,-0.00414632095667411,0.0
baseline_last,y_XLV,5,2024-12-09,-0.00414632095667411,0.0
baseline_last,y_XLV,6,2024-12-09,-0.00414632095667411,0.0
baseline_last,y_XLV,4,2024-12-10,-0.013601735487148936,-0.00414632095667411
baseline_last,y_XLV,5,2024-12-10,-0.013601735487148936,-0.00414632095667411
baseline_last,y_XLV,6,2024-12-10,-0.013601735487148936,-0.00414632095667411
baseline_last,y_XLV,4,2024-12-11,-0.007949951124831212,-0.013601735487148936
baseline_last,y_XLV,5,2024-12-11,-0.007949951124831212,-0.013601735487148936
baseline_last,y_XLV,6,2024-12-11,-0.007949951124831212,-0.013601735487148936
baseline_last,y_XLV,4,2024-12-12,-0.00014180531214647019,-0.007949951124831212
baseline_last,y_XLV,5,2024-12-12,-0.00014180531214647019,-0.007949951124831212
baseline_last,y_XLV,6,2024-12-12,-0.00014180531214647019,-0.007949951124831212
baseline_last,y_XLV,4,2024-12-16,-0.0007176788943400458,0.0
baseline_last,y_XLV,5,2024-12-16,-0.0007176788943400458,0.0
baseline_last,y_XLV,6,2024-12-16,-0.0007176788943400458,0.0
baseline_last,y_XLV,4,2024-12-17,-0.013576561812162269,-0.0007176788943400458
baseline_last,y_XLV,5,2024-12-17,-0.013576561812162269,-0.0007176788943400458
baseline_last,y_XLV,6,2024-12-17,-0.013576561812162269,-0.0007176788943400458
baseline_last,y_XLV,4,2024-12-18,-0.0075736132307313575,-0.013576561812162269
baseline_last,y_XLV,5,2024-12-18,-0.0075736132307313575,-0.013576561812162269
baseline_last,y_XLV,6,2024-12-18,-0.0075736132307313575,-0.013576561812162269
baseline_last,y_XLV,4,2024-12-19,0.012621046981279083,-0.0075736132307313575
baseline_last,y_XLV,5,2024-12-19,0.012621046981279083,-0.0075736132307313575
baseline_last,y_XLV,6,2024-12-19,0.012621046981279083,-0.0075736132307313575
baseline_last,y_XLV,4,2024-12-23,0.004108127344114143,0.0
baseline_last,y_XLV,5,2024-12-23,0.004108127344114143,0.0
baseline_last,y_XLV,6,2024-12-23,0.004108127344114143,0.0
baseline_last,y_XLV,4,2024-12-26,-0.0046562616057568285,0.0
baseline_last,y_XLV,5,2024-12-26,-0.0046562616057568285,0.0
baseline_last,y_XLV,6,2024-12-26,-0.0046562616057568285,0.0
baseline_last,y_XLV,5,2024-12-30,0.0024044268063494467,0.0
baseline_last,y_XLV,6,2024-12-30,0.0024044268063494467,0.0
baseline_last,y_XLV,7,2024-12-30,0.0024044268063494467,0.0
baseline_last,y_XLV,5,2025-01-02,0.009810522396269672,0.0
baseline_last,y_XLV,6,2025-01-02,0.009810522396269672,0.0
baseline_last,y_XLV,7,2025-01-02,0.009810522396269672,0.0
baseline_last,y_XLV,5,2025-01-06,0.004963290215322047,0.0
baseline_last,y_XLV,6,2025-01-06,0.004963290215322047,0.0
baseline_last,y_XLV,7,2025-01-06,0.004963290215322047,0.0
baseline_last,y_XLV,5,2025-01-07,0.005153497426529929,0.004963290215322047
baseline_last,y_XLV,6,2025-01-07,0.005153497426529929,0.004963290215322047
baseline_last,y_XLV,7,2025-01-07,0.005153497426529929,0.004963290215322047
baseline_last,y_XLV,5,2025-01-13,-0.010321081910182772,0.0
baseline_last,y_XLV,6,2025-01-13,-0.010321081910182772,0.0
baseline_last,y_XLV,7,2025-01-13,-0.010321081910182772,0.0
baseline_last,y_XLV,5,2025-01-14,0.0040715585481601035,-0.010321081910182772
baseline_last,y_XLV,6,2025-01-14,0.0040715585481601035,-0.010321081910182772
baseline_last,y_XLV,7,2025-01-14,0.0040715585481601035,-0.010321081910182772
baseline_last,y_XLV,5,2025-01-15,0.003983691882171625,0.0040715585481601035
baseline_last,y_XLV,6,2025-01-15,0.003983691882171625,0.0040715585481601035
baseline_last,y_XLV,7,2025-01-15,0.003983691882171625,0.0040715585481601035
baseline_last,y_XLV,5,2025-01-16,-0.006731376987586968,0.003983691882171625
baseline_last,y_XLV,6,2025-01-16,-0.006731376987586968,0.003983691882171625
baseline_last,y_XLV,7,2025-01-16,-0.006731376987586968,0.003983691882171625
baseline_last,y_XLV,6,2025-01-21,-0.0022455022126499635,0.0
baseline_last,y_XLV,7,2025-01-21,-0.0022455022126499635,0.0
baseline_last,y_XLV,8,2025-01-21,-0.0022455022126499635,0.0
baseline_last,y_XLV,6,2025-01-22,0.013363221343936083,-0.0022455022126499635
baseline_last,y_XLV,7,2025-01-22,0.013363221343936083,-0.0022455022126499635
baseline_last,y_XLV,8,2025-01-22,0.013363221343936083,-0.0022455022126499635
baseline_last,y_XLV,6,2025-01-23,0.001596363657525357,0.013363221343936083
baseline_last,y_XLV,7,2025-01-23,0.001596363657525357,0.013363221343936083
baseline_last,y_XLV,8,2025-01-23,0.001596363657525357,0.013363221343936083
baseline_last,y_XLV,6,2025-01-27,-0.006980757246313529,0.0
baseline_last,y_XLV,7,2025-01-27,-0.006980757246313529,0.0
baseline_last,y_XLV,8,2025-01-27,-0.006980757246313529,0.0
baseline_last,y_XLV,6,2025-01-28,-0.005869319498052139,-0.006980757246313529
baseline_last,y_XLV,7,2025-01-28,-0.005869319498052139,-0.006980757246313529
baseline_last,y_XLV,8,2025-01-28,-0.005869319498052139,-0.006980757246313529
baseline_last,y_XLV,6,2025-01-29,0.01153345180718457,-0.005869319498052139
baseline_last,y_XLV,7,2025-01-29,0.01153345180718457,-0.005869319498052139
baseline_last,y_XLV,8,2025-01-29,0.01153345180718457,-0.005869319498052139
baseline_last,y_XLV,6,2025-01-30,-0.003189847624154196,0.01153345180718457
baseline_last,y_XLV,7,2025-01-30,-0.003189847624154196,0.01153345180718457
baseline_last,y_XLV,8,2025-01-30,-0.003189847624154196,0.01153345180718457
baseline_last,y_XLV,6,2025-02-03,-0.002713043185219255,0.0
baseline_last,y_XLV,7,2025-02-03,-0.002713043185219255,0.0
baseline_last,y_XLV,8,2025-02-03,-0.002713043185219255,0.0
baseline_last,y_XLV,6,2025-02-04,0.009589171864215817,-0.002713043185219255
baseline_last,y_XLV,7,2025-02-04,0.009589171864215817,-0.002713043185219255
baseline_last,y_XLV,8,2025-02-04,0.009589171864215817,-0.002713043185219255
baseline_last,y_XLV,6,2025-02-05,-0.00895921786120113,0.009589171864215817
baseline_last,y_XLV,7,2025-02-05,-0.00895921786120113,0.009589171864215817
baseline_last,y_XLV,8,2025-02-05,-0.00895921786120113,0.009589171864215817
baseline_last,y_XLV,6,2025-02-06,-0.004690026385224311,-0.00895921786120113
baseline_last,y_XLV,7,2025-02-06,-0.004690026385224311,-0.00895921786120113
baseline_last,y_XLV,8,2025-02-06,-0.004690026385224311,-0.00895921786120113
baseline_last,y_XLV,7,2025-02-10,-0.0018456431042039867,0.0
baseline_last,y_XLV,8,2025-02-10,-0.0018456431042039867,0.0
baseline_last,y_XLV,9,2025-02-10,-0.0018456431042039867,0.0
baseline_last,y_XLV,7,2025-02-11,-0.0014378827832596253,-0.0018456431042039867
baseline_last,y_XLV,8,2025-02-11,-0.0014378827832596253,-0.0018456431042039867
baseline_last,y_XLV,9,2025-02-11,-0.0014378827832596253,-0.0018456431042039867
baseline_last,y_XLV,7,2025-02-12,0.003908840086390697,-0.0014378827832596253
baseline_last,y_XLV,8,2025-02-12,0.003908840086390697,-0.0014378827832596253
baseline_last,y_XLV,9,2025-02-12,0.003908840086390697,-0.0014378827832596253
baseline_last,y_XLV,7,2025-02-13,-0.0108613865145748,0.003908840086390697
baseline_last,y_XLV,8,2025-02-13,-0.0108613865145748,0.003908840086390697
baseline_last,y_XLV,9,2025-02-13,-0.0108613865145748,0.003908840086390697
baseline_last,y_XLV,7,2025-02-18,0.013008359984627571,0.0
baseline_last,y_XLV,8,2025-02-18,0.013008359984627571,0.0
baseline_last,y_XLV,9,2025-02-18,0.013008359984627571,0.0
baseline_last,y_XLV,7,2025-02-19,0.00560123852577088,0.013008359984627571
baseline_last,y_XLV,8,2025-02-19,0.00560123852577088,0.013008359984627571
baseline_last,y_XLV,9,2025-02-19,0.00560123852577088,0.013008359984627571
baseline_last,y_XLV,7,2025-02-20,-0.005366167442269587,0.00560123852577088
baseline_last,y_XLV,8,2025-02-20,-0.005366167442269587,0.00560123852577088
baseline_last,y_XLV,9,2025-02-20,-0.005366167442269587,0.00560123852577088
baseline_last,y_XLV,7,2025-02-24,0.008603267291470207,0.0
baseline_last,y_XLV,8,2025-02-24,0.008603267291470207,0.0
baseline_last,y_XLV,9,2025-02-24,0.008603267291470207,0.0
baseline_last,y_XLV,7,2025-02-25,-0.007186571689733912,0.008603267291470207
baseline_last,y_XLV,8,2025-02-25,-0.007186571689733912,0.008603267291470207
baseline_last,y_XLV,9,2025-02-25,-0.007186571689733912,0.008603267291470207
baseline_last,y_XLV,7,2025-02-26,-0.004058998225120569,-0.007186571689733912
baseline_last,y_XLV,8,2025-02-26,-0.004058998225120569,-0.007186571689733912
baseline_last,y_XLV,9,2025-02-26,-0.004058998225120569,-0.007186571689733912
baseline_last,y_XLV,7,2025-02-27,0.011615217560284385,-0.004058998225120569
baseline_last,y_XLV,8,2025-02-27,0.011615217560284385,-0.004058998225120569
baseline_last,y_XLV,9,2025-02-27,0.011615217560284385,-0.004058998225120569
baseline_last,y_XLV,8,2025-03-03,-0.009292741227348578,0.0
baseline_last,y_XLV,9,2025-03-03,-0.009292741227348578,0.0
baseline_last,y_XLV,10,2025-03-03,-0.009292741227348578,0.0
baseline_last,y_XLV,8,2025-03-04,0.010054577200627968,-0.009292741227348578
baseline_last,y_XLV,9,2025-03-04,0.010054577200627968,-0.009292741227348578
baseline_last,y_XLV,10,2025-03-04,0.010054577200627968,-0.009292741227348578
baseline_last,y_XLV,8,2025-03-05,-0.0027390405183803646,0.010054577200627968
baseline_last,y_XLV,9,2025-03-05,-0.0027390405183803646,0.010054577200627968
baseline_last,y_XLV,10,2025-03-05,-0.0027390405183803646,0.010054577200627968
baseline_last,y_XLV,8,2025-03-06,6.69893528537635e-05,-0.0027390405183803646
baseline_last,y_XLV,9,2025-03-06,6.69893528537635e-05,-0.0027390405183803646
baseline_last,y_XLV,10,2025-03-06,6.69893528537635e-05,-0.0027390405183803646
baseline_last,y_XLV,8,2025-03-10,-0.010902670775282064,0.0
baseline_last,y_XLV,9,2025-03-10,-0.010902670775282064,0.0
baseline_last,y_XLV,10,2025-03-10,-0.010902670775282064,0.0
baseline_last,y_XLV,8,2025-03-11,-0.009995818952233448,-0.010902670775282064
baseline_last,y_XLV,9,2025-03-11,-0.009995818952233448,-0.010902670775282064
baseline_last,y_XLV,10,2025-03-11,-0.009995818952233448,-0.010902670775282064
baseline_last,y_XLV,8,2025-03-12,-0.005325090830215262,-0.009995818952233448
baseline_last,y_XLV,9,2025-03-12,-0.005325090830215262,-0.009995818952233448
baseline_last,y_XLV,10,2025-03-12,-0.005325090830215262,-0.009995818952233448
baseline_last,y_XLV,8,2025-03-13,0.007647752149007259,-0.005325090830215262
baseline_last,y_XLV,9,2025-03-13,0.007647752149007259,-0.005325090830215262
baseline_last,y_XLV,10,2025-03-13,0.007647752149007259,-0.005325090830215262
baseline_last,y_XLV,8,2025-03-17,0.0004768070957190673,0.0
baseline_last,y_XLV,9,2025-03-17,0.0004768070957190673,0.0
baseline_last,y_XLV,10,2025-03-17,0.0004768070957190673,0.0
baseline_last,y_XLV,8,2025-03-18,0.0005449950285330019,0.0004768070957190673
baseline_last,y_XLV,9,2025-03-18,0.0005449950285330019,0.0004768070957190673
baseline_last,y_XLV,10,2025-03-18,0.0005449950285330019,0.0004768070957190673
baseline_last,y_XLV,8,2025-03-19,0.0006124419672925985,0.0005449950285330019
baseline_last,y_XLV,9,2025-03-19,0.0006124419672925985,0.0005449950285330019
baseline_last,y_XLV,10,2025-03-19,0.0006124419672925985,0.0005449950285330019
baseline_last,y_XLV,8,2025-03-20,-0.0027889981279934917,0.0006124419672925985
baseline_last,y_XLV,9,2025-03-20,-0.0027889981279934917,0.0006124419672925985
baseline_last,y_XLV,10,2025-03-20,-0.0027889981279934917,0.0006124419672925985
baseline_last,y_XLV,9,2025-03-24,-0.012776028585609778,0.0
baseline_last,y_XLV,10,2025-03-24,-0.012776028585609778,0.0
baseline_last,y_XLV,11,2025-03-24,-0.012776028585609778,0.0
baseline_last,y_XLV,9,2025-03-25,-0.0036482975179439325,-0.012776028585609778
baseline_last,y_XLV,10,2025-03-25,-0.0036482975179439325,-0.012776028585609778
baseline_last,y_XLV,11,2025-03-25,-0.0036482975179439325,-0.012776028585609778
baseline_last,y_XLV,9,2025-03-26,0.0015890509155636057,-0.0036482975179439325
baseline_last,y_XLV,10,2025-03-26,0.0015890509155636057,-0.0036482975179439325
baseline_last,y_XLV,11,2025-03-26,0.0015890509155636057,-0.0036482975179439325
baseline_last,y_XLV,9,2025-03-27,-0.003104135785615525,0.0015890509155636057
baseline_last,y_XLV,10,2025-03-27,-0.003104135785615525,0.0015890509155636057
baseline_last,y_XLV,11,2025-03-27,-0.003104135785615525,0.0015890509155636057
baseline_last,y_XLV,9,2025-03-31,-0.018286328215126102,0.0
baseline_last,y_XLV,10,2025-03-31,-0.018286328215126102,0.0
baseline_last,y_XLV,11,2025-03-31,-0.018286328215126102,0.0
baseline_last,y_XLV,9,2025-04-01,0.006697223660077745,-0.018286328215126102
baseline_last,y_XLV,10,2025-04-01,0.006697223660077745,-0.018286328215126102
baseline_last,y_XLV,11,2025-04-01,0.006697223660077745,-0.018286328215126102
baseline_last,y_XLV,9,2025-04-02,-0.008108077979380734,0.006697223660077745
baseline_last,y_XLV,10,2025-04-02,-0.008108077979380734,0.006697223660077745
baseline_last,y_XLV,11,2025-04-02,-0.008108077979380734,0.006697223660077745
baseline_last,y_XLV,9,2025-04-03,-0.05484511862558683,-0.008108077979380734
baseline_last,y_XLV,10,2025-04-03,-0.05484511862558683,-0.008108077979380734
baseline_last,y_XLV,11,2025-04-03,-0.05484511862558683,-0.008108077979380734
baseline_last,y_XLV,9,2025-04-07,-0.011080532507856788,0.0
baseline_last,y_XLV,10,2025-04-07,-0.011080532507856788,0.0
baseline_last,y_XLV,11,2025-04-07,-0.011080532507856788,0.0
baseline_last,y_XLV,9,2025-04-08,0.043465092188705645,-0.011080532507856788
baseline_last,y_XLV,10,2025-04-08,0.043465092188705645,-0.011080532507856788
baseline_last,y_XLV,11,2025-04-08,0.043465092188705645,-0.011080532507856788
baseline_last,y_XLV,9,2025-04-09,-0.027889803374456235,0.043465092188705645
baseline_last,y_XLV,10,2025-04-09,-0.027889803374456235,0.043465092188705645
baseline_last,y_XLV,11,2025-04-09,-0.027889803374456235,0.043465092188705645
baseline_last,y_XLV,9,2025-04-10,0.014678659230176416,-0.027889803374456235
baseline_last,y_XLV,10,2025-04-10,0.014678659230176416,-0.027889803374456235
baseline_last,y_XLV,11,2025-04-10,0.014678659230176416,-0.027889803374456235
baseline_last,y_XLV,10,2025-04-14,-0.006135353576628422,0.0
baseline_last,y_XLV,11,2025-04-14,-0.006135353576628422,0.0
baseline_last,y_XLV,12,2025-04-14,-0.006135353576628422,0.0
baseline_last,y_XLV,10,2025-04-15,-0.010167842303072328,-0.006135353576628422
baseline_last,y_XLV,11,2025-04-15,-0.010167842303072328,-0.006135353576628422
baseline_last,y_XLV,12,2025-04-15,-0.010167842303072328,-0.006135353576628422
baseline_last,y_XLV,10,2025-04-16,-0.005869847186730337,-0.010167842303072328
baseline_last,y_XLV,11,2025-04-16,-0.005869847186730337,-0.010167842303072328
baseline_last,y_XLV,12,2025-04-16,-0.005869847186730337,-0.010167842303072328
baseline_last,y_XLV,10,2025-04-21,0.018782361430162986,0.0
baseline_last,y_XLV,11,2025-04-21,0.018782361430162986,0.0
baseline_last,y_XLV,12,2025-04-21,0.018782361430162986,0.0
baseline_last,y_XLV,10,2025-04-22,0.004960747599333404,0.018782361430162986
baseline_last,y_XLV,11,2025-04-22,0.004960747599333404,0.018782361430162986
baseline_last,y_XLV,12,2025-04-22,0.004960747599333404,0.018782361430162986
baseline_last,y_XLV,10,2025-04-23,0.012230283135544529,0.004960747599333404
baseline_last,y_XLV,11,2025-04-23,0.012230283135544529,0.004960747599333404
baseline_last,y_XLV,12,2025-04-23,0.012230283135544529,0.004960747599333404
baseline_last,y_XLV,10,2025-04-24,0.004803778537140868,0.012230283135544529
baseline_last,y_XLV,11,2025-04-24,0.004803778537140868,0.012230283135544529
baseline_last,y_XLV,12,2025-04-24,0.004803778537140868,0.012230283135544529
baseline_last,y_XLV,10,2025-04-28,0.004906135274881596,0.0
baseline_last,y_XLV,11,2025-04-28,0.004906135274881596,0.0
baseline_last,y_XLV,12,2025-04-28,0.004906135274881596,0.0
baseline_last,y_XLV,10,2025-04-29,0.008543902885399524,0.004906135274881596
baseline_last,y_XLV,11,2025-04-29,0.008543902885399524,0.004906135274881596
baseline_last,y_XLV,12,2025-04-29,0.008543902885399524,0.004906135274881596
baseline_last,y_XLV,10,2025-04-30,-0.027265540007839872,0.008543902885399524
baseline_last,y_XLV,11,2025-04-30,-0.027265540007839872,0.008543902885399524
baseline_last,y_XLV,12,2025-04-30,-0.027265540007839872,0.008543902885399524
baseline_last,y_XLV,10,2025-05-01,0.013831966169283616,-0.027265540007839872
baseline_last,y_XLV,11,2025-05-01,0.013831966169283616,-0.027265540007839872
baseline_last,y_XLV,12,2025-05-01,0.013831966169283616,-0.027265540007839872
baseline_last,y_XLV,11,2025-05-05,-0.02758076290885314,0.0
baseline_last,y_XLV,12,2025-05-05,-0.02758076290885314,0.0
baseline_last,y_XLV,13,2025-05-05,-0.02758076290885314,0.0
baseline_last,y_XLV,11,2025-05-06,0.007667804983307436,-0.02758076290885314
baseline_last,y_XLV,12,2025-05-06,0.007667804983307436,-0.02758076290885314
baseline_last,y_XLV,13,2025-05-06,0.007667804983307436,-0.02758076290885314
baseline_last,y_XLV,11,2025-05-07,-0.009013012511102536,0.007667804983307436
baseline_last,y_XLV,12,2025-05-07,-0.009013012511102536,0.007667804983307436
baseline_last,y_XLV,13,2025-05-07,-0.009013012511102536,0.007667804983307436
baseline_last,y_XLV,11,2025-05-08,-0.010884210509323089,-0.009013012511102536
baseline_last,y_XLV,12,2025-05-08,-0.010884210509323089,-0.009013012511102536
baseline_last,y_XLV,13,2025-05-08,-0.010884210509323089,-0.009013012511102536
baseline_last,y_XLV,11,2025-05-12,-0.030082349105326922,0.0
baseline_last,y_XLV,12,2025-05-12,-0.030082349105326922,0.0
baseline_last,y_XLV,13,2025-05-12,-0.030082349105326922,0.0
baseline_last,y_XLV,11,2025-05-13,-0.0235079541762504,-0.030082349105326922
baseline_last,y_XLV,12,2025-05-13,-0.0235079541762504,-0.030082349105326922
baseline_last,y_XLV,13,2025-05-13,-0.0235079541762504,-0.030082349105326922
baseline_last,y_XLV,11,2025-05-14,0.013124230657245661,-0.0235079541762504
baseline_last,y_XLV,12,2025-05-14,0.013124230657245661,-0.0235079541762504
baseline_last,y_XLV,13,2025-05-14,0.013124230657245661,-0.0235079541762504
baseline_last,y_XLV,11,2025-05-15,0.020159223650434877,0.013124230657245661
baseline_last,y_XLV,12,2025-05-15,0.020159223650434877,0.013124230657245661
baseline_last,y_XLV,13,2025-05-15,0.020159223650434877,0.013124230657245661
baseline_last,y_XLV,11,2025-05-19,0.0024559876786220958,0.0
baseline_last,y_XLV,12,2025-05-19,0.0024559876786220958,0.0
baseline_last,y_XLV,13,2025-05-19,0.0024559876786220958,0.0
baseline_last,y_XLV,11,2025-05-20,-0.0231626483750228,0.0024559876786220958
baseline_last,y_XLV,12,2025-05-20,-0.0231626483750228,0.0024559876786220958
baseline_last,y_XLV,13,2025-05-20,-0.0231626483750228,0.0024559876786220958
baseline_last,y_XLV,11,2025-05-21,-0.007827825686261614,-0.0231626483750228
baseline_last,y_XLV,12,2025-05-21,-0.007827825686261614,-0.0231626483750228
baseline_last,y_XLV,13,2025-05-21,-0.007827825686261614,-0.0231626483750228
baseline_last,y_XLV,11,2025-05-22,-0.0016086974396498643,-0.007827825686261614
baseline_last,y_XLV,12,2025-05-22,-0.0016086974396498643,-0.007827825686261614
baseline_last,y_XLV,13,2025-05-22,-0.0016086974396498643,-0.007827825686261614
baseline_last,y_XLV,12,2025-05-27,-0.005145322834365529,0.0
baseline_last,y_XLV,13,2025-05-27,-0.005145322834365529,0.0
baseline_last,y_XLV,14,2025-05-27,-0.005145322834365529,0.0
baseline_last,y_XLV,12,2025-05-28,0.006693139634809553,-0.005145322834365529
baseline_last,y_XLV,13,2025-05-28,0.006693139634809553,-0.005145322834365529
baseline_last,y_XLV,14,2025-05-28,0.006693139634809553,-0.005145322834365529
baseline_last,y_XLV,12,2025-05-29,0.0021153646146780947,0.006693139634809553
baseline_last,y_XLV,13,2025-05-29,0.0021153646146780947,0.006693139634809553
baseline_last,y_XLV,14,2025-05-29,0.0021153646146780947,0.006693139634809553
baseline_last,y_XLV,12,2025-06-02,0.0023358332175691388,0.0
baseline_last,y_XLV,13,2025-06-02,0.0023358332175691388,0.0
baseline_last,y_XLV,14,2025-06-02,0.0023358332175691388,0.0
baseline_last,y_XLV,12,2025-06-03,0.0019542579464688625,0.0023358332175691388
baseline_last,y_XLV,13,2025-06-03,0.0019542579464688625,0.0023358332175691388
baseline_last,y_XLV,14,2025-06-03,0.0019542579464688625,0.0023358332175691388
baseline_last,y_XLV,12,2025-06-04,-0.0013502732516276206,0.0019542579464688625
baseline_last,y_XLV,13,2025-06-04,-0.0013502732516276206,0.0019542579464688625
baseline_last,y_XLV,14,2025-06-04,-0.0013502732516276206,0.0019542579464688625
baseline_last,y_XLV,12,2025-06-05,0.009541035843055656,-0.0013502732516276206
baseline_last,y_XLV,13,2025-06-05,0.009541035843055656,-0.0013502732516276206
baseline_last,y_XLV,14,2025-06-05,0.009541035843055656,-0.0013502732516276206
baseline_last,y_XLV,12,2025-06-09,0.011405126899590945,0.0
baseline_last,y_XLV,13,2025-06-09,0.011405126899590945,0.0
baseline_last,y_XLV,14,2025-06-09,0.011405126899590945,0.0
baseline_last,y_XLV,12,2025-06-10,0.0005159578136657572,0.011405126899590945
baseline_last,y_XLV,13,2025-06-10,0.0005159578136657572,0.011405126899590945
baseline_last,y_XLV,14,2025-06-10,0.0005159578136657572,0.011405126899590945
baseline_last,y_XLV,12,2025-06-11,0.007808411517905567,0.0005159578136657572
baseline_last,y_XLV,13,2025-06-11,0.007808411517905567,0.0005159578136657572
baseline_last,y_XLV,14,2025-06-11,0.007808411517905567,0.0005159578136657572
baseline_last,y_XLV,12,2025-06-12,-0.00497032704690914,0.007808411517905567
baseline_last,y_XLV,13,2025-06-12,-0.00497032704690914,0.007808411517905567
baseline_last,y_XLV,14,2025-06-12,-0.00497032704690914,0.007808411517905567
baseline_last,y_XLV,13,2025-07-02,0.0010343309158382663,0.0
baseline_last,y_XLV,14,2025-07-02,0.0010343309158382663,0.0
baseline_last,y_XLV,15,2025-07-02,0.0010343309158382663,0.0
baseline_last,y_XLV,13,2025-07-07,0.004540016037738903,0.0
baseline_last,y_XLV,14,2025-07-07,0.004540016037738903,0.0
baseline_last,y_XLV,15,2025-07-07,0.004540016037738903,0.0
baseline_last,y_XLV,13,2025-07-08,0.003852738700714564,0.004540016037738903
baseline_last,y_XLV,14,2025-07-08,0.003852738700714564,0.004540016037738903
baseline_last,y_XLV,15,2025-07-08,0.003852738700714564,0.004540016037738903
baseline_last,y_XLV,13,2025-07-09,0.0061259532249307025,0.003852738700714564
baseline_last,y_XLV,14,2025-07-09,0.0061259532249307025,0.003852738700714564
baseline_last,y_XLV,15,2025-07-09,0.0061259532249307025,0.003852738700714564
baseline_last,y_XLV,13,2025-07-10,-0.008289436820357765,0.0061259532249307025
baseline_last,y_XLV,14,2025-07-10,-0.008289436820357765,0.0061259532249307025
baseline_last,y_XLV,15,2025-07-10,-0.008289436820357765,0.0061259532249307025
baseline_last,y_XLV,13,2025-07-14,-0.017995968164390752,0.0
baseline_last,y_XLV,14,2025-07-14,-0.017995968164390752,0.0
baseline_last,y_XLV,15,2025-07-14,-0.017995968164390752,0.0
baseline_last,y_XLV,13,2025-07-15,0.012443358542400196,-0.017995968164390752
baseline_last,y_XLV,14,2025-07-15,0.012443358542400196,-0.017995968164390752
baseline_last,y_XLV,15,2025-07-15,0.012443358542400196,-0.017995968164390752
baseline_last,y_XLV,13,2025-07-16,-0.011396606611361992,0.012443358542400196
baseline_last,y_XLV,14,2025-07-16,-0.011396606611361992,0.012443358542400196
baseline_last,y_XLV,15,2025-07-16,-0.011396606611361992,0.012443358542400196
baseline_last,y_XLV,13,2025-07-17,-0.0066305350486630665,-0.011396606611361992
baseline_last,y_XLV,14,2025-07-17,-0.0066305350486630665,-0.011396606611361992
baseline_last,y_XLV,15,2025-07-17,-0.0066305350486630665,-0.011396606611361992
baseline_last,y_XLV,13,2025-07-21,0.018613177643613144,0.0
baseline_last,y_XLV,14,2025-07-21,0.018613177643613144,0.0
baseline_last,y_XLV,15,2025-07-21,0.018613177643613144,0.0
baseline_last,y_XLV,13,2025-07-22,0.02051970857178831,0.018613177643613144
baseline_last,y_XLV,14,2025-07-22,0.02051970857178831,0.018613177643613144
baseline_last,y_XLV,15,2025-07-22,0.02051970857178831,0.018613177643613144
baseline_last,y_XLV,13,2025-07-23,-0.003742668945110994,0.02051970857178831
baseline_last,y_XLV,14,2025-07-23,-0.003742668945110994,0.02051970857178831
baseline_last,y_XLV,15,2025-07-23,-0.003742668945110994,0.02051970857178831
baseline_last,y_XLV,14,2025-07-24,0.005303597597398735,-0.003742668945110994
baseline_last,y_XLV,15,2025-07-24,0.005303597597398735,-0.003742668945110994
baseline_last,y_XLV,16,2025-07-24,0.005303597597398735,-0.003742668945110994
baseline_last,y_XLV,14,2025-07-28,-0.0063567742536704275,0.0
baseline_last,y_XLV,15,2025-07-28,-0.0063567742536704275,0.0
baseline_last,y_XLV,16,2025-07-28,-0.0063567742536704275,0.0
baseline_last,y_XLV,14,2025-07-29,-0.0017852419237556205,-0.0063567742536704275
baseline_last,y_XLV,15,2025-07-29,-0.0017852419237556205,-0.0063567742536704275
baseline_last,y_XLV,16,2025-07-29,-0.0017852419237556205,-0.0063567742536704275
baseline_last,y_XLV,14,2025-07-30,-0.028020034139715877,-0.0017852419237556205
baseline_last,y_XLV,15,2025-07-30,-0.028020034139715877,-0.0017852419237556205
baseline_last,y_XLV,16,2025-07-30,-0.028020034139715877,-0.0017852419237556205
baseline_last,y_XLV,14,2025-07-31,0.005367015128056929,-0.028020034139715877
baseline_last,y_XLV,15,2025-07-31,0.005367015128056929,-0.028020034139715877
baseline_last,y_XLV,16,2025-07-31,0.005367015128056929,-0.028020034139715877
baseline_last,y_XLV,14,2025-08-04,-0.003834283937926508,0.0
baseline_last,y_XLV,15,2025-08-04,-0.003834283937926508,0.0
baseline_last,y_XLV,16,2025-08-04,-0.003834283937926508,0.0
baseline_last,y_XLV,14,2025-08-05,-0.015018932687186792,-0.003834283937926508
baseline_last,y_XLV,15,2025-08-05,-0.015018932687186792,-0.003834283937926508
baseline_last,y_XLV,16,2025-08-05,-0.015018932687186792,-0.003834283937926508
baseline_last,y_XLV,14,2025-08-06,-0.01149342721326807,-0.015018932687186792
baseline_last,y_XLV,15,2025-08-06,-0.01149342721326807,-0.015018932687186792
baseline_last,y_XLV,16,2025-08-06,-0.01149342721326807,-0.015018932687186792
baseline_last,y_XLV,14,2025-08-07,0.008914136553842544,-0.01149342721326807
baseline_last,y_XLV,15,2025-08-07,0.008914136553842544,-0.01149342721326807
baseline_last,y_XLV,16,2025-08-07,0.008914136553842544,-0.01149342721326807
baseline_last,y_XLV,14,2025-08-11,0.006907795591350574,0.0
baseline_last,y_XLV,15,2025-08-11,0.006907795591350574,0.0
baseline_last,y_XLV,16,2025-08-11,0.006907795591350574,0.0
baseline_last,y_XLV,14,2025-08-12,0.016007182151822397,0.006907795591350574
baseline_last,y_XLV,15,2025-08-12,0.016007182151822397,0.006907795591350574
baseline_last,y_XLV,16,2025-08-12,0.016007182151822397,0.006907795591350574
baseline_last,y_XLV,15,2025-08-13,0.005026762820179664,0.016007182151822397
baseline_last,y_XLV,16,2025-08-13,0.005026762820179664,0.016007182151822397
baseline_last,y_XLV,17,2025-08-13,0.005026762820179664,0.016007182151822397
baseline_last,y_XLV,15,2025-08-14,0.016796023156958828,0.005026762820179664
baseline_last,y_XLV,16,2025-08-14,0.016796023156958828,0.005026762820179664
baseline_last,y_XLV,17,2025-08-14,0.016796023156958828,0.005026762820179664
baseline_last,y_XLV,15,2025-08-18,0.00640211320145978,0.0
baseline_last,y_XLV,16,2025-08-18,0.00640211320145978,0.0
baseline_last,y_XLV,17,2025-08-18,0.00640211320145978,0.0
baseline_last,y_XLV,15,2025-08-19,0.005410921504549249,0.00640211320145978
baseline_last,y_XLV,16,2025-08-19,0.005410921504549249,0.00640211320145978
baseline_last,y_XLV,17,2025-08-19,0.005410921504549249,0.00640211320145978
baseline_last,y_XLV,15,2025-08-20,-0.0033454468917862856,0.005410921504549249
baseline_last,y_XLV,16,2025-08-20,-0.0033454468917862856,0.005410921504549249
baseline_last,y_XLV,17,2025-08-20,-0.0033454468917862856,0.005410921504549249
baseline_last,y_XLV,15,2025-08-21,0.008245773151036584,-0.0033454468917862856
baseline_last,y_XLV,16,2025-08-21,0.008245773151036584,-0.0033454468917862856
baseline_last,y_XLV,17,2025-08-21,0.008245773151036584,-0.0033454468917862856
baseline_last,y_XLV,15,2025-08-25,0.006240837298680635,0.0
baseline_last,y_XLV,16,2025-08-25,0.006240837298680635,0.0
baseline_last,y_XLV,17,2025-08-25,0.006240837298680635,0.0
baseline_last,y_XLV,15,2025-08-26,-0.0005837418515388659,0.006240837298680635
baseline_last,y_XLV,16,2025-08-26,-0.0005837418515388659,0.006240837298680635
baseline_last,y_XLV,17,2025-08-26,-0.0005837418515388659,0.006240837298680635
baseline_last,y_XLV,15,2025-08-27,-0.0039425870316533995,-0.0005837418515388659
baseline_last,y_XLV,16,2025-08-27,-0.0039425870316533995,-0.0005837418515388659
baseline_last,y_XLV,17,2025-08-27,-0.0039425870316533995,-0.0005837418515388659
baseline_last,y_XLV,15,2025-08-28,0.007329877549905994,-0.0039425870316533995
baseline_last,y_XLV,16,2025-08-28,0.007329877549905994,-0.0039425870316533995
baseline_last,y_XLV,17,2025-08-28,0.007329877549905994,-0.0039425870316533995
baseline_last,y_XLV,15,2025-09-02,-0.004725136576187339,0.0
baseline_last,y_XLV,16,2025-09-02,-0.004725136576187339,0.0
baseline_last,y_XLV,17,2025-09-02,-0.004725136576187339,0.0
baseline_last,y_XLV,16,2025-09-03,0.00379803310480753,-0.004725136576187339
baseline_last,y_XLV,17,2025-09-03,0.00379803310480753,-0.004725136576187339
baseline_last,y_XLV,18,2025-09-03,0.00379803310480753,-0.004725136576187339
baseline_last,y_XLV,16,2025-09-04,0.0034199587727621328,0.00379803310480753
baseline_last,y_XLV,17,2025-09-04,0.0034199587727621328,0.00379803310480753
baseline_last,y_XLV,18,2025-09-04,0.0034199587727621328,0.00379803310480753
baseline_last,y_XLV,16,2025-09-08,0.005368023997646798,0.0
baseline_last,y_XLV,17,2025-09-08,0.005368023997646798,0.0
baseline_last,y_XLV,18,2025-09-08,0.005368023997646798,0.0
baseline_last,y_XLV,16,2025-09-09,-0.009091577558817399,0.005368023997646798
baseline_last,y_XLV,17,2025-09-09,-0.009091577558817399,0.005368023997646798
baseline_last,y_XLV,18,2025-09-09,-0.009091577558817399,0.005368023997646798
baseline_last,y_XLV,16,2025-09-10,0.01740335297329465,-0.009091577558817399
baseline_last,y_XLV,17,2025-09-10,0.01740335297329465,-0.009091577558817399
baseline_last,y_XLV,18,2025-09-10,0.01740335297329465,-0.009091577558817399
baseline_last,y_XLV,16,2025-09-11,-0.011523019044871963,0.01740335297329465
baseline_last,y_XLV,17,2025-09-11,-0.011523019044871963,0.01740335297329465
baseline_last,y_XLV,18,2025-09-11,-0.011523019044871963,0.01740335297329465
baseline_last,y_XLV,16,2025-09-15,0.0,0.0
baseline_last,y_XLV,17,2025-09-15,0.0,0.0
baseline_last,y_XLV,18,2025-09-15,0.0,0.0
baseline_last,y_XLV,16,2025-09-16,0.0019718694941670556,0.0
baseline_last,y_XLV,17,2025-09-16,0.0019718694941670556,0.0
baseline_last,y_XLV,18,2025-09-16,0.0019718694941670556,0.0
baseline_last,y_XLV,16,2025-09-17,0.0019679888769359444,0.0019718694941670556
baseline_last,y_XLV,17,2025-09-17,0.0019679888769359444,0.0019718694941670556
baseline_last,y_XLV,18,2025-09-17,0.0019679888769359444,0.0019718694941670556
baseline_last,y_XLV,16,2025-09-18,-0.0013093783425932592,0.0019679888769359444
baseline_last,y_XLV,17,2025-09-18,-0.0013093783425932592,0.0019679888769359444
baseline_last,y_XLV,18,2025-09-18,-0.0013093783425932592,0.0019679888769359444
baseline_last,y_XLV,16,2025-09-22,0.00226889997605495,0.0
baseline_last,y_XLV,17,2025-09-22,0.00226889997605495,0.0
baseline_last,y_XLV,18,2025-09-22,0.00226889997605495,0.0
baseline_last,y_XLV,17,2025-09-23,-0.0040163622111477615,0.00226889997605495
baseline_last,y_XLV,18,2025-09-23,-0.0040163622111477615,0.00226889997605495
baseline_last,y_XLV,19,2025-09-23,-0.0040163622111477615,0.00226889997605495
baseline_last,y_XLV,17,2025-09-24,-0.016570094015506687,-0.0040163622111477615
baseline_last,y_XLV,18,2025-09-24,-0.016570094015506687,-0.0040163622111477615
baseline_last,y_XLV,19,2025-09-24,-0.016570094015506687,-0.0040163622111477615
baseline_last,y_XLV,17,2025-09-25,0.010213902093779703,-0.016570094015506687
baseline_last,y_XLV,18,2025-09-25,0.010213902093779703,-0.016570094015506687
baseline_last,y_XLV,19,2025-09-25,0.010213902093779703,-0.016570094015506687
baseline_last,y_XLV,17,2025-09-29,0.02406181105061278,0.0
baseline_last,y_XLV,18,2025-09-29,0.02406181105061278,0.0
baseline_last,y_XLV,19,2025-09-29,0.02406181105061278,0.0
baseline_last,y_XLV,17,2025-09-30,0.030897481493552537,0.02406181105061278
baseline_last,y_XLV,18,2025-09-30,0.030897481493552537,0.02406181105061278
baseline_last,y_XLV,19,2025-09-30,0.030897481493552537,0.02406181105061278
baseline_last,y_XLV,17,2025-10-01,-0.0019515988114386928,0.030897481493552537
baseline_last,y_XLV,18,2025-10-01,-0.0019515988114386928,0.030897481493552537
baseline_last,y_XLV,19,2025-10-01,-0.0019515988114386928,0.030897481493552537
baseline_last,y_XLV,17,2025-10-02,0.011383507478563315,-0.0019515988114386928
baseline_last,y_XLV,18,2025-10-02,0.011383507478563315,-0.0019515988114386928
baseline_last,y_XLV,19,2025-10-02,0.011383507478563315,-0.0019515988114386928
baseline_last,y_XLV,17,2025-10-06,0.0007632112202469177,0.0
baseline_last,y_XLV,18,2025-10-06,0.0007632112202469177,0.0
baseline_last,y_XLV,19,2025-10-06,0.0007632112202469177,0.0
baseline_last,y_XLV,17,2025-10-07,0.0019413151645273352,0.0007632112202469177
baseline_last,y_XLV,18,2025-10-07,0.0019413151645273352,0.0007632112202469177
baseline_last,y_XLV,19,2025-10-07,0.0019413151645273352,0.0007632112202469177
baseline_last,y_XLV,17,2025-10-08,-0.00221431685960205,0.0019413151645273352
baseline_last,y_XLV,18,2025-10-08,-0.00221431685960205,0.0019413151645273352
baseline_last,y_XLV,19,2025-10-08,-0.00221431685960205,0.0019413151645273352
baseline_last,y_XLV,17,2025-10-09,-0.01442542620988041,-0.00221431685960205
baseline_last,y_XLV,18,2025-10-09,-0.01442542620988041,-0.00221431685960205
baseline_last,y_XLV,19,2025-10-09,-0.01442542620988041,-0.00221431685960205
baseline_last,y_XLV,18,2025-10-13,0.002747374934527258,0.0
baseline_last,y_XLV,19,2025-10-13,0.002747374934527258,0.0
baseline_last,y_XLV,20,2025-10-13,0.002747374934527258,0.0
baseline_last,y_XLV,18,2025-10-14,0.0015456185154698598,0.002747374934527258
baseline_last,y_XLV,19,2025-10-14,0.0015456185154698598,0.002747374934527258
baseline_last,y_XLV,20,2025-10-14,0.0015456185154698598,0.002747374934527258
baseline_last,y_XLV,18,2025-10-15,-0.0016834001652120678,0.0015456185154698598
baseline_last,y_XLV,19,2025-10-15,-0.0016834001652120678,0.0015456185154698598
baseline_last,y_XLV,20,2025-10-15,-0.0016834001652120678,0.0015456185154698598
baseline_last,y_XLV,18,2025-10-16,0.006675076505776367,-0.0016834001652120678
baseline_last,y_XLV,19,2025-10-16,0.006675076505776367,-0.0016834001652120678
baseline_last,y_XLV,20,2025-10-16,0.006675076505776367,-0.0016834001652120678
baseline_last,y_XLV,18,2025-10-20,0.002348254329871846,0.0
baseline_last,y_XLV,19,2025-10-20,0.002348254329871846,0.0
baseline_last,y_XLV,20,2025-10-20,0.002348254329871846,0.0
baseline_last,y_XLV,18,2025-10-21,0.005719092011125859,0.002348254329871846
baseline_last,y_XLV,19,2025-10-21,0.005719092011125859,0.002348254329871846
baseline_last,y_XLV,20,2025-10-21,0.005719092011125859,0.002348254329871846
baseline_last,y_XLV,18,2025-10-22,0.0005479222523625538,0.005719092011125859
baseline_last,y_XLV,19,2025-10-22,0.0005479222523625538,0.005719092011125859
baseline_last,y_XLV,20,2025-10-22,0.0005479222523625538,0.005719092011125859
baseline_last,y_XLV,18,2025-10-23,-6.841342653363114e-05,0.0005479222523625538
baseline_last,y_XLV,19,2025-10-23,-6.841342653363114e-05,0.0005479222523625538
baseline_last,y_XLV,20,2025-10-23,-6.841342653363114e-05,0.0005479222523625538
baseline_last,y_XLV,18,2025-10-27,-0.006285497782675953,0.0
baseline_last,y_XLV,19,2025-10-27,-0.006285497782675953,0.0
baseline_last,y_XLV,20,2025-10-27,-0.006285497782675953,0.0
baseline_last,y_XLV,18,2025-10-28,-0.010106522573031795,-0.006285497782675953
baseline_last,y_XLV,19,2025-10-28,-0.010106522573031795,-0.006285497782675953
baseline_last,y_XLV,20,2025-10-28,-0.010106522573031795,-0.006285497782675953
baseline_last,y_XLV,18,2025-10-29,0.0022225741501951113,-0.010106522573031795
baseline_last,y_XLV,19,2025-10-29,0.0022225741501951113,-0.010106522573031795
baseline_last,y_XLV,20,2025-10-29,0.0022225741501951113,-0.010106522573031795
baseline_last,y_XLV,18,2025-10-30,-0.0003465103918605106,0.0022225741501951113
baseline_last,y_XLV,19,2025-10-30,-0.0003465103918605106,0.0022225741501951113
baseline_last,y_XLV,20,2025-10-30,-0.0003465103918605106,0.0022225741501951113
baseline_last,y_XLV,19,2025-11-03,0.004499957725708992,0.0
baseline_last,y_XLV,20,2025-11-03,0.004499957725708992,0.0
baseline_last,y_XLV,21,2025-11-03,0.004499957725708992,0.0
baseline_last,y_XLV,19,2025-11-04,0.003859350010434026,0.004499957725708992
baseline_last,y_XLV,20,2025-11-04,0.003859350010434026,0.004499957725708992
baseline_last,y_XLV,21,2025-11-04,0.003859350010434026,0.004499957725708992
baseline_last,y_XLV,19,2025-11-05,0.0019222563451712915,0.003859350010434026
baseline_last,y_XLV,20,2025-11-05,0.0019222563451712915,0.003859350010434026
baseline_last,y_XLV,21,2025-11-05,0.0019222563451712915,0.003859350010434026
baseline_last,y_XLV,19,2025-11-06,0.0013703609747739431,0.0019222563451712915
baseline_last,y_XLV,20,2025-11-06,0.0013703609747739431,0.0019222563451712915
baseline_last,y_XLV,21,2025-11-06,0.0013703609747739431,0.0019222563451712915
baseline_last,y_XLV,19,2025-11-10,0.023085221076130535,0.0
baseline_last,y_XLV,20,2025-11-10,0.023085221076130535,0.0
baseline_last,y_XLV,21,2025-11-10,0.023085221076130535,0.0
baseline_last,y_XLV,19,2025-11-11,0.014202350003676312,0.023085221076130535
baseline_last,y_XLV,20,2025-11-11,0.014202350003676312,0.023085221076130535
baseline_last,y_XLV,21,2025-11-11,0.014202350003676312,0.023085221076130535
baseline_last,y_XLV,19,2025-11-12,-0.0005235269249866947,0.014202350003676312
baseline_last,y_XLV,20,2025-11-12,-0.0005235269249866947,0.014202350003676312
baseline_last,y_XLV,21,2025-11-12,-0.0005235269249866947,0.014202350003676312
baseline_last,y_XLV,19,2025-11-13,-0.005957849307195007,-0.0005235269249866947
baseline_last,y_XLV,20,2025-11-13,-0.005957849307195007,-0.0005235269249866947
baseline_last,y_XLV,21,2025-11-13,-0.005957849307195007,-0.0005235269249866947
baseline_last,y_XLV,19,2025-11-17,0.005866871710869859,0.0
baseline_last,y_XLV,20,2025-11-17,0.005866871710869859,0.0
baseline_last,y_XLV,21,2025-11-17,0.005866871710869859,0.0
baseline_last,y_XLV,19,2025-11-18,-0.001703901710971567,0.005866871710869859
baseline_last,y_XLV,20,2025-11-18,-0.001703901710971567,0.005866871710869859
baseline_last,y_XLV,21,2025-11-18,-0.001703901710971567,0.005866871710869859
baseline_last,y_XLV,19,2025-11-19,-0.0059738851136939,-0.001703901710971567
baseline_last,y_XLV,20,2025-11-19,-0.0059738851136939,-0.001703901710971567
baseline_last,y_XLV,21,2025-11-19,-0.0059738851136939,-0.001703901710971567
baseline_last,y_XLV,19,2025-11-20,0.021067296052313278,-0.0059738851136939
baseline_last,y_XLV,20,2025-11-20,0.021067296052313278,-0.0059738851136939
baseline_last,y_XLV,21,2025-11-20,0.021067296052313278,-0.0059738851136939
baseline_last,y_XLV,20,2025-11-24,0.022607344097739013,0.0
baseline_last,y_XLV,21,2025-11-24,0.022607344097739013,0.0
baseline_last,y_XLV,22,2025-11-24,0.022607344097739013,0.0
baseline_last,y_XLV,20,2025-11-25,-0.0022045105554177047,0.022607344097739013
baseline_last,y_XLV,21,2025-11-25,-0.0022045105554177047,0.022607344097739013
baseline_last,y_XLV,22,2025-11-25,-0.0022045105554177047,0.022607344097739013
baseline_last,y_XLV,20,2025-12-01,-0.005988791516342462,0.0
baseline_last,y_XLV,21,2025-12-01,-0.005988791516342462,0.0
baseline_last,y_XLV,22,2025-12-01,-0.005988791516342462,0.0
baseline_last,y_XLV,20,2025-12-02,0.00466443719553622,-0.005988791516342462
baseline_last,y_XLV,21,2025-12-02,0.00466443719553622,-0.005988791516342462
baseline_last,y_XLV,22,2025-12-02,0.00466443719553622,-0.005988791516342462
baseline_last,y_XLV,20,2025-12-03,-0.007609019046707188,0.00466443719553622
baseline_last,y_XLV,21,2025-12-03,-0.007609019046707188,0.00466443719553622
baseline_last,y_XLV,22,2025-12-03,-0.007609019046707188,0.00466443719553622
baseline_last,y_XLV,20,2025-12-04,-0.004158526018841369,-0.007609019046707188
baseline_last,y_XLV,21,2025-12-04,-0.004158526018841369,-0.007609019046707188
baseline_last,y_XLV,22,2025-12-04,-0.004158526018841369,-0.007609019046707188
baseline_last,y_XLV,20,2025-12-08,-0.009707313291980157,0.0
baseline_last,y_XLV,21,2025-12-08,-0.009707313291980157,0.0
baseline_last,y_XLV,22,2025-12-08,-0.009707313291980157,0.0
baseline_last,y_XLV,20,2025-12-09,0.01453714071766643,-0.009707313291980157
baseline_last,y_XLV,21,2025-12-09,0.01453714071766643,-0.009707313291980157
baseline_last,y_XLV,22,2025-12-09,0.01453714071766643,-0.009707313291980157
baseline_last,y_XLV,20,2025-12-10,0.009464999685748987,0.01453714071766643
baseline_last,y_XLV,21,2025-12-10,0.009464999685748987,0.01453714071766643
baseline_last,y_XLV,22,2025-12-10,0.009464999685748987,0.01453714071766643
baseline_last,y_XLV,20,2025-12-11,0.0031254178165978086,0.009464999685748987
baseline_last,y_XLV,21,2025-12-11,0.0031254178165978086,0.009464999685748987
baseline_last,y_XLV,22,2025-12-11,0.0031254178165978086,0.009464999685748987
baseline_last,y_XLV,21,2025-12-15,-0.013004487870615922,0.0
baseline_last,y_XLV,22,2025-12-15,-0.013004487870615922,0.0
baseline_last,y_XLV,23,2025-12-15,-0.013004487870615922,0.0
baseline_last,y_XLV,21,2025-12-16,-0.0018174282748395498,-0.013004487870615922
baseline_last,y_XLV,22,2025-12-16,-0.0018174282748395498,-0.013004487870615922
baseline_last,y_XLV,23,2025-12-16,-0.0018174282748395498,-0.013004487870615922
baseline_last,y_XLV,21,2025-12-17,0.0007802875316209601,-0.0018174282748395498
baseline_last,y_XLV,22,2025-12-17,0.0007802875316209601,-0.0018174282748395498
baseline_last,y_XLV,23,2025-12-17,0.0007802875316209601,-0.0018174282748395498
baseline_last,y_XLV,21,2025-12-18,0.0066922378066234245,0.0007802875316209601
baseline_last,y_XLV,22,2025-12-18,0.0066922378066234245,0.0007802875316209601
baseline_last,y_XLV,23,2025-12-18,0.0066922378066234245,0.0007802875316209601
baseline_last,y_XLV,21,2025-12-23,0.0052261276849201455,0.0
baseline_last,y_XLV,22,2025-12-23,0.0052261276849201455,0.0
baseline_last,y_XLV,23,2025-12-23,0.0052261276849201455,0.0
baseline_last,y_XLV,21,2025-12-29,-0.0008343808795940877,0.0
baseline_last,y_XLV,22,2025-12-29,-0.0008343808795940877,0.0
baseline_last,y_XLV,23,2025-12-29,-0.0008343808795940877,0.0
baseline_last,y_XLV,21,2025-12-30,-0.00565255437708112,-0.0008343808795940877
baseline_last,y_XLV,22,2025-12-30,-0.00565255437708112,-0.0008343808795940877
baseline_last,y_XLV,23,2025-12-30,-0.00565255437708112,-0.0008343808795940877
baseline_last,y_XLV,22,2026-01-05,0.019672363156833406,0.0
baseline_last,y_XLV,23,2026-01-05,0.019672363156833406,0.0
baseline_last,y_XLV,24,2026-01-05,0.019672363156833406,0.0
baseline_last,y_XLV,22,2026-01-06,0.0099310984919192,0.019672363156833406
baseline_last,y_XLV,23,2026-01-06,0.0099310984919192,0.019672363156833406
baseline_last,y_XLV,24,2026-01-06,0.0099310984919192,0.019672363156833406
baseline_last,y_XLV,22,2026-01-07,-0.009645549978697376,0.0099310984919192
baseline_last,y_XLV,23,2026-01-07,-0.009645549978697376,0.0099310984919192
baseline_last,y_XLV,24,2026-01-07,-0.009645549978697376,0.0099310984919192
baseline_last,y_XLV,22,2026-01-08,-0.005122676344591515,-0.009645549978697376
baseline_last,y_XLV,23,2026-01-08,-0.005122676344591515,-0.009645549978697376
baseline_last,y_XLV,24,2026-01-08,-0.005122676344591515,-0.009645549978697376
baseline_last,y_XLV,22,2026-01-12,-0.004066586413725148,0.0
baseline_last,y_XLV,23,2026-01-12,-0.004066586413725148,0.0
baseline_last,y_XLV,24,2026-01-12,-0.004066586413725148,0.0
baseline_last,y_XLV,22,2026-01-13,0.007145560022558062,-0.004066586413725148
baseline_last,y_XLV,23,2026-01-13,0.007145560022558062,-0.004066586413725148
baseline_last,y_XLV,24,2026-01-13,0.007145560022558062,-0.004066586413725148
baseline_last,y_XLV,22,2026-01-14,-0.005701215589792419,0.007145560022558062
baseline_last,y_XLV,23,2026-01-14,-0.005701215589792419,0.007145560022558062
baseline_last,y_XLV,24,2026-01-14,-0.005701215589792419,0.007145560022558062
baseline_last,y_XLV,22,2026-01-15,-0.00777268838250722,-0.005701215589792419
baseline_last,y_XLV,23,2026-01-15,-0.00777268838250722,-0.005701215589792419
baseline_last,y_XLV,24,2026-01-15,-0.00777268838250722,-0.005701215589792419
baseline_last,y_XLV,22,2026-01-21,0.00018955377441010057,0.0
baseline_last,y_XLV,23,2026-01-21,0.00018955377441010057,0.0
baseline_last,y_XLV,24,2026-01-21,0.00018955377441010057,0.0
baseline_last,y_XLV,22,2026-01-22,-0.005117174761196441,0.00018955377441010057
baseline_last,y_XLV,23,2026-01-22,-0.005117174761196441,0.00018955377441010057
baseline_last,y_XLV,24,2026-01-22,-0.005117174761196441,0.00018955377441010057
baseline_last,y_XLV,23,2026-01-26,-0.01676160058803766,0.0
baseline_last,y_XLV,24,2026-01-26,-0.01676160058803766,0.0
baseline_last,y_XLV,23,2026-01-27,-0.007333543982172008,-0.01676160058803766
baseline_last,y_XLV,24,2026-01-27,-0.007333543982172008,-0.01676160058803766
baseline_last,y_XLV,23,2026-01-28,-0.0031753628548204516,-0.007333543982172008
baseline_last,y_XLV,24,2026-01-28,-0.0031753628548204516,-0.007333543982172008
baseline_last,y_XLV,23,2026-01-29,0.005981004584183713,-0.0031753628548204516
baseline_last,y_XLV,24,2026-01-29,0.005981004584183713,-0.0031753628548204516
baseline_last,y_XLV,23,2026-02-02,-0.010212578283496532,0.0
baseline_last,y_XLV,24,2026-02-02,-0.010212578283496532,0.0
baseline_last,y_XLV,23,2026-02-03,0.012524286822446884,-0.010212578283496532
baseline_last,y_XLV,24,2026-02-03,0.012524286822446884,-0.010212578283496532
baseline_last,y_XLV,23,2026-02-04,-0.007626754154433479,0.012524286822446884
baseline_last,y_XLV,24,2026-02-04,-0.007626754154433479,0.012524286822446884
baseline_last,y_XLV,23,2026-02-05,0.01853532965548288,-0.007626754154433479
baseline_last,y_XLV,24,2026-02-05,0.01853532965548288,-0.007626754154433479
baseline_last,y_XLV,23,2026-02-09,-0.00633319758686246,0.0
baseline_last,y_XLV,24,2026-02-09,-0.00633319758686246,0.0
baseline_last,y_XLV,23,2026-02-10,0.0059228620234355045,-0.00633319758686246
baseline_last,y_XLV,24,2026-02-10,0.0059228620234355045,-0.00633319758686246
baseline_last,y_XLV,23,2026-02-11,-0.0016000000000000458,0.0059228620234355045
baseline_last,y_XLV,24,2026-02-11,-0.0016000000000000458,0.0059228620234355045
baseline_last,y_XLV,23,2026-02-12,0.010705116467598197,-0.0016000000000000458
baseline_last,y_XLV,24,2026-02-12,0.010705116467598197,-0.0016000000000000458
baseline_last,y_XLV,24,2026-02-17,0.0019063548393352114,0.0
baseline_last,y_XLV,24,2026-02-18,-0.0026003911135334956,0.0019063548393352114
baseline_last,y_XLV,24,2026-02-19,-0.0027978328754046933,-0.0026003911135334956
baseline_last,y_XLV,24,2026-02-23,-0.004226051452746682,0.0
baseline_last,y_XLV,24,2026-02-24,-0.00025333050845488536,-0.004226051452746682
baseline_last,y_XLV,24,2026-02-25,-0.0025977549094136076,-0.00025333050845488536
baseline_last,y_XLV,24,2026-02-26,0.01765975614047033,-0.0025977549094136076
baseline_last,y_XLV,24,2026-03-02,-0.011291195987611191,0.0
baseline_last,y_XLV,24,2026-03-03,0.001977781981175708,-0.011291195987611191
baseline_last,y_XLV,24,2026-03-04,-0.019993628326219204,0.001977781981175708
baseline_last,y_XLV,24,2026-03-05,-0.007861780813959385,-0.019993628326219204
baseline_last,y_XLY,0,2024-08-05,0.011041198823721121,0.0
baseline_last,y_XLY,0,2024-08-06,-0.017449621646755342,0.011041198823721121
baseline_last,y_XLY,0,2024-08-07,0.021817056069055374,-0.017449621646755342
baseline_last,y_XLY,0,2024-08-08,0.0033379284390684383,0.021817056069055374
baseline_last,y_XLY,0,2024-08-12,0.02505049972953799,0.0
baseline_last,y_XLY,0,2024-08-13,-0.005337204498623738,0.02505049972953799
baseline_last,y_XLY,0,2024-08-14,0.03191176847918231,-0.005337204498623738
baseline_last,y_XLY,0,2024-08-15,0.0023536287188543614,0.03191176847918231
baseline_last,y_XLY,0,2024-08-19,-0.0009170385207023513,0.0
baseline_last,y_XLY,0,2024-08-20,0.012634243741173723,-0.0009170385207023513
baseline_last,y_XLY,0,2024-08-21,-0.017275358507519267,0.012634243741173723
baseline_last,y_XLY,0,2024-08-22,0.019315283859488774,-0.017275358507519267
baseline_last,y_XLY,0,2024-08-26,-0.0026285702065147465,0.0
baseline_last,y_XLY,1,2024-08-26,-0.0026285702065147465,0.0
baseline_last,y_XLY,0,2024-08-27,-0.009681554474129772,-0.0026285702065147465
baseline_last,y_XLY,1,2024-08-27,-0.009681554474129772,-0.0026285702065147465
baseline_last,y_XLY,0,2024-08-28,0.0011947191667245338,-0.009681554474129772
baseline_last,y_XLY,1,2024-08-28,0.0011947191667245338,-0.009681554474129772
baseline_last,y_XLY,0,2024-08-29,0.015080795845299866,0.0011947191667245338
baseline_last,y_XLY,1,2024-08-29,0.015080795845299866,0.0011947191667245338
baseline_last,y_XLY,0,2024-09-03,0.0026008912892079294,0.0
baseline_last,y_XLY,1,2024-09-03,0.0026008912892079294,0.0
baseline_last,y_XLY,0,2024-09-04,0.011349631413396066,0.0026008912892079294
baseline_last,y_XLY,1,2024-09-04,0.011349631413396066,0.0026008912892079294
baseline_last,y_XLY,0,2024-09-05,-0.02527659722044473,0.011349631413396066
baseline_last,y_XLY,1,2024-09-05,-0.02527659722044473,0.011349631413396066
baseline_last,y_XLY,0,2024-09-09,0.011455751563631988,0.0
baseline_last,y_XLY,1,2024-09-09,0.011455751563631988,0.0
baseline_last,y_XLY,0,2024-09-10,0.009990502571239901,0.011455751563631988
baseline_last,y_XLY,1,2024-09-10,0.009990502571239901,0.011455751563631988
baseline_last,y_XLY,0,2024-09-11,0.011266770566778606,0.009990502571239901
baseline_last,y_XLY,1,2024-09-11,0.011266770566778606,0.009990502571239901
baseline_last,y_XLY,0,2024-09-12,0.00679990382031348,0.011266770566778606
baseline_last,y_XLY,1,2024-09-12,0.00679990382031348,0.011266770566778606
baseline_last,y_XLY,2,2024-09-12,0.00679990382031348,0.011266770566778606
baseline_last,y_XLY,0,2024-09-16,0.005100257320783896,0.0
baseline_last,y_XLY,1,2024-09-16,0.005100257320783896,0.0
baseline_last,y_XLY,2,2024-09-16,0.005100257320783896,0.0
baseline_last,y_XLY,0,2024-09-17,-0.0019677770999391164,0.005100257320783896
baseline_last,y_XLY,1,2024-09-17,-0.0019677770999391164,0.005100257320783896
baseline_last,y_XLY,2,2024-09-17,-0.0019677770999391164,0.005100257320783896
baseline_last,y_XLY,0,2024-09-18,0.022775743369557455,-0.0019677770999391164
baseline_last,y_XLY,1,2024-09-18,0.022775743369557455,-0.0019677770999391164
baseline_last,y_XLY,2,2024-09-18,0.022775743369557455,-0.0019677770999391164
baseline_last,y_XLY,0,2024-09-19,-0.0022825762276763584,0.022775743369557455
baseline_last,y_XLY,1,2024-09-19,-0.0022825762276763584,0.022775743369557455
baseline_last,y_XLY,2,2024-09-19,-0.0022825762276763584,0.022775743369557455
baseline_last,y_XLY,0,2024-09-23,0.008758347020918711,0.0
baseline_last,y_XLY,1,2024-09-23,0.008758347020918711,0.0
baseline_last,y_XLY,2,2024-09-23,0.008758347020918711,0.0
baseline_last,y_XLY,0,2024-09-24,-0.0035927360469284464,0.008758347020918711
baseline_last,y_XLY,1,2024-09-24,-0.0035927360469284464,0.008758347020918711
baseline_last,y_XLY,2,2024-09-24,-0.0035927360469284464,0.008758347020918711
baseline_last,y_XLY,0,2024-09-25,0.0042565740490061454,-0.0035927360469284464
baseline_last,y_XLY,1,2024-09-25,0.0042565740490061454,-0.0035927360469284464
baseline_last,y_XLY,2,2024-09-25,0.0042565740490061454,-0.0035927360469284464
baseline_last,y_XLY,0,2024-09-26,0.0014959390502684577,0.0042565740490061454
baseline_last,y_XLY,1,2024-09-26,0.0014959390502684577,0.0042565740490061454
baseline_last,y_XLY,2,2024-09-26,0.0014959390502684577,0.0042565740490061454
baseline_last,y_XLY,0,2024-09-30,-0.004042423902878123,0.0
baseline_last,y_XLY,1,2024-09-30,-0.004042423902878123,0.0
baseline_last,y_XLY,2,2024-09-30,-0.004042423902878123,0.0
baseline_last,y_XLY,0,2024-10-01,-0.008468699832540838,-0.004042423902878123
baseline_last,y_XLY,1,2024-10-01,-0.008468699832540838,-0.004042423902878123
baseline_last,y_XLY,2,2024-10-01,-0.008468699832540838,-0.004042423902878123
baseline_last,y_XLY,0,2024-10-02,-0.011573202955691309,-0.008468699832540838
baseline_last,y_XLY,1,2024-10-02,-0.011573202955691309,-0.008468699832540838
baseline_last,y_XLY,2,2024-10-02,-0.011573202955691309,-0.008468699832540838
baseline_last,y_XLY,0,2024-10-03,0.01324266575546007,-0.011573202955691309
baseline_last,y_XLY,1,2024-10-03,0.01324266575546007,-0.011573202955691309
baseline_last,y_XLY,2,2024-10-03,0.01324266575546007,-0.011573202955691309
baseline_last,y_XLY,1,2024-10-07,0.009739189873101628,0.0
baseline_last,y_XLY,2,2024-10-07,0.009739189873101628,0.0
baseline_last,y_XLY,3,2024-10-07,0.009739189873101628,0.0
baseline_last,y_XLY,1,2024-10-08,0.007157579548600745,0.009739189873101628
baseline_last,y_XLY,2,2024-10-08,0.007157579548600745,0.009739189873101628
baseline_last,y_XLY,3,2024-10-08,0.007157579548600745,0.009739189873101628
baseline_last,y_XLY,1,2024-10-09,-0.00493936661669947,0.007157579548600745
baseline_last,y_XLY,2,2024-10-09,-0.00493936661669947,0.007157579548600745
baseline_last,y_XLY,3,2024-10-09,-0.00493936661669947,0.007157579548600745
baseline_last,y_XLY,1,2024-10-10,-0.004254903683742928,-0.00493936661669947
baseline_last,y_XLY,2,2024-10-10,-0.004254903683742928,-0.00493936661669947
baseline_last,y_XLY,3,2024-10-10,-0.004254903683742928,-0.00493936661669947
baseline_last,y_XLY,1,2024-10-14,0.0021778840660593435,0.0
baseline_last,y_XLY,2,2024-10-14,0.0021778840660593435,0.0
baseline_last,y_XLY,3,2024-10-14,0.0021778840660593435,0.0
baseline_last,y_XLY,1,2024-10-15,0.005255977276285462,0.0021778840660593435
baseline_last,y_XLY,2,2024-10-15,0.005255977276285462,0.0021778840660593435
baseline_last,y_XLY,3,2024-10-15,0.005255977276285462,0.0021778840660593435
baseline_last,y_XLY,1,2024-10-16,-0.0009049186549991983,0.005255977276285462
baseline_last,y_XLY,2,2024-10-16,-0.0009049186549991983,0.005255977276285462
baseline_last,y_XLY,3,2024-10-16,-0.0009049186549991983,0.005255977276285462
baseline_last,y_XLY,1,2024-10-17,0.0039249434485824075,-0.0009049186549991983
baseline_last,y_XLY,2,2024-10-17,0.0039249434485824075,-0.0009049186549991983
baseline_last,y_XLY,3,2024-10-17,0.0039249434485824075,-0.0009049186549991983
baseline_last,y_XLY,1,2024-10-21,-0.004041317057143612,0.0
baseline_last,y_XLY,2,2024-10-21,-0.004041317057143612,0.0
baseline_last,y_XLY,3,2024-10-21,-0.004041317057143612,0.0
baseline_last,y_XLY,1,2024-10-22,-0.01572319813245926,-0.004041317057143612
baseline_last,y_XLY,2,2024-10-22,-0.01572319813245926,-0.004041317057143612
baseline_last,y_XLY,3,2024-10-22,-0.01572319813245926,-0.004041317057143612
baseline_last,y_XLY,1,2024-10-23,0.031536653827282324,-0.01572319813245926
baseline_last,y_XLY,2,2024-10-23,0.031536653827282324,-0.01572319813245926
baseline_last,y_XLY,3,2024-10-23,0.031536653827282324,-0.01572319813245926
baseline_last,y_XLY,1,2024-10-24,0.003147160003152294,0.031536653827282324
baseline_last,y_XLY,2,2024-10-24,0.003147160003152294,0.031536653827282324
baseline_last,y_XLY,3,2024-10-24,0.003147160003152294,0.031536653827282324
baseline_last,y_XLY,2,2024-10-28,-0.005216576045195875,0.0
baseline_last,y_XLY,3,2024-10-28,-0.005216576045195875,0.0
baseline_last,y_XLY,4,2024-10-28,-0.005216576045195875,0.0
baseline_last,y_XLY,2,2024-10-29,-0.0013984484530545904,-0.005216576045195875
baseline_last,y_XLY,3,2024-10-29,-0.0013984484530545904,-0.005216576045195875
baseline_last,y_XLY,4,2024-10-29,-0.0013984484530545904,-0.005216576045195875
baseline_last,y_XLY,2,2024-10-30,-0.015303680604515368,-0.0013984484530545904
baseline_last,y_XLY,3,2024-10-30,-0.015303680604515368,-0.0013984484530545904
baseline_last,y_XLY,4,2024-10-30,-0.015303680604515368,-0.0013984484530545904
baseline_last,y_XLY,2,2024-10-31,0.016252647921792374,-0.015303680604515368
baseline_last,y_XLY,3,2024-10-31,0.016252647921792374,-0.015303680604515368
baseline_last,y_XLY,4,2024-10-31,0.016252647921792374,-0.015303680604515368
baseline_last,y_XLY,2,2024-11-04,0.017703122614795008,0.0
baseline_last,y_XLY,3,2024-11-04,0.017703122614795008,0.0
baseline_last,y_XLY,4,2024-11-04,0.017703122614795008,0.0
baseline_last,y_XLY,2,2024-11-05,0.031981499980015426,0.017703122614795008
baseline_last,y_XLY,3,2024-11-05,0.031981499980015426,0.017703122614795008
baseline_last,y_XLY,4,2024-11-05,0.031981499980015426,0.017703122614795008
baseline_last,y_XLY,2,2024-11-06,0.012844997288508297,0.031981499980015426
baseline_last,y_XLY,3,2024-11-06,0.012844997288508297,0.031981499980015426
baseline_last,y_XLY,4,2024-11-06,0.012844997288508297,0.031981499980015426
baseline_last,y_XLY,2,2024-11-07,0.01419079768186382,0.012844997288508297
baseline_last,y_XLY,3,2024-11-07,0.01419079768186382,0.012844997288508297
baseline_last,y_XLY,4,2024-11-07,0.01419079768186382,0.012844997288508297
baseline_last,y_XLY,2,2024-11-11,-0.013351002199942563,0.0
baseline_last,y_XLY,3,2024-11-11,-0.013351002199942563,0.0
baseline_last,y_XLY,4,2024-11-11,-0.013351002199942563,0.0
baseline_last,y_XLY,2,2024-11-12,0.00854383252282287,-0.013351002199942563
baseline_last,y_XLY,3,2024-11-12,0.00854383252282287,-0.013351002199942563
baseline_last,y_XLY,4,2024-11-12,0.00854383252282287,-0.013351002199942563
baseline_last,y_XLY,2,2024-11-13,-0.014195372877705892,0.00854383252282287
baseline_last,y_XLY,3,2024-11-13,-0.014195372877705892,0.00854383252282287
baseline_last,y_XLY,4,2024-11-13,-0.014195372877705892,0.00854383252282287
baseline_last,y_XLY,2,2024-11-14,-0.008547026300840033,-0.014195372877705892
baseline_last,y_XLY,3,2024-11-14,-0.008547026300840033,-0.014195372877705892
baseline_last,y_XLY,4,2024-11-14,-0.008547026300840033,-0.014195372877705892
baseline_last,y_XLY,3,2024-11-18,0.0007426870912894401,0.0
baseline_last,y_XLY,4,2024-11-18,0.0007426870912894401,0.0
baseline_last,y_XLY,5,2024-11-18,0.0007426870912894401,0.0
baseline_last,y_XLY,3,2024-11-19,-0.004406892486286784,0.0007426870912894401
baseline_last,y_XLY,4,2024-11-19,-0.004406892486286784,0.0007426870912894401
baseline_last,y_XLY,5,2024-11-19,-0.004406892486286784,0.0007426870912894401
baseline_last,y_XLY,3,2024-11-20,0.001770617138818098,-0.004406892486286784
baseline_last,y_XLY,4,2024-11-20,0.001770617138818098,-0.004406892486286784
baseline_last,y_XLY,5,2024-11-20,0.001770617138818098,-0.004406892486286784
baseline_last,y_XLY,3,2024-11-21,0.014418536099413792,0.001770617138818098
baseline_last,y_XLY,4,2024-11-21,0.014418536099413792,0.001770617138818098
baseline_last,y_XLY,5,2024-11-21,0.014418536099413792,0.001770617138818098
baseline_last,y_XLY,3,2024-11-25,0.00363093400967629,0.0
baseline_last,y_XLY,4,2024-11-25,0.00363093400967629,0.0
baseline_last,y_XLY,5,2024-11-25,0.00363093400967629,0.0
baseline_last,y_XLY,3,2024-11-26,-0.004929329128270266,0.00363093400967629
baseline_last,y_XLY,4,2024-11-26,-0.004929329128270266,0.00363093400967629
baseline_last,y_XLY,5,2024-11-26,-0.004929329128270266,0.00363093400967629
baseline_last,y_XLY,3,2024-12-02,-0.0007582083480348611,0.0
baseline_last,y_XLY,4,2024-12-02,-0.0007582083480348611,0.0
baseline_last,y_XLY,5,2024-12-02,-0.0007582083480348611,0.0
baseline_last,y_XLY,3,2024-12-03,0.009282884748771814,-0.0007582083480348611
baseline_last,y_XLY,4,2024-12-03,0.009282884748771814,-0.0007582083480348611
baseline_last,y_XLY,5,2024-12-03,0.009282884748771814,-0.0007582083480348611
baseline_last,y_XLY,3,2024-12-04,0.008180462049679038,0.009282884748771814
baseline_last,y_XLY,4,2024-12-04,0.008180462049679038,0.009282884748771814
baseline_last,y_XLY,5,2024-12-04,0.008180462049679038,0.009282884748771814
baseline_last,y_XLY,3,2024-12-05,0.021052660767264086,0.008180462049679038
baseline_last,y_XLY,4,2024-12-05,0.021052660767264086,0.008180462049679038
baseline_last,y_XLY,5,2024-12-05,0.021052660767264086,0.008180462049679038
baseline_last,y_XLY,4,2024-12-09,0.0016374170460418114,0.0
baseline_last,y_XLY,5,2024-12-09,0.0016374170460418114,0.0
baseline_last,y_XLY,6,2024-12-09,0.0016374170460418114,0.0
baseline_last,y_XLY,4,2024-12-10,0.017552992400003298,0.0016374170460418114
baseline_last,y_XLY,5,2024-12-10,0.017552992400003298,0.0016374170460418114
baseline_last,y_XLY,6,2024-12-10,0.017552992400003298,0.0016374170460418114
baseline_last,y_XLY,4,2024-12-11,-0.008286834470044746,0.017552992400003298
baseline_last,y_XLY,5,2024-12-11,-0.008286834470044746,0.017552992400003298
baseline_last,y_XLY,6,2024-12-11,-0.008286834470044746,0.017552992400003298
baseline_last,y_XLY,4,2024-12-12,0.0039649108805552835,-0.008286834470044746
baseline_last,y_XLY,5,2024-12-12,0.0039649108805552835,-0.008286834470044746
baseline_last,y_XLY,6,2024-12-12,0.0039649108805552835,-0.008286834470044746
baseline_last,y_XLY,4,2024-12-16,0.0031423983903478003,0.0
baseline_last,y_XLY,5,2024-12-16,0.0031423983903478003,0.0
baseline_last,y_XLY,6,2024-12-16,0.0031423983903478003,0.0
baseline_last,y_XLY,4,2024-12-17,-0.04506531511703005,0.0031423983903478003
baseline_last,y_XLY,5,2024-12-17,-0.04506531511703005,0.0031423983903478003
baseline_last,y_XLY,6,2024-12-17,-0.04506531511703005,0.0031423983903478003
baseline_last,y_XLY,4,2024-12-18,-0.00135592447611943,-0.04506531511703005
baseline_last,y_XLY,5,2024-12-18,-0.00135592447611943,-0.04506531511703005
baseline_last,y_XLY,6,2024-12-18,-0.00135592447611943,-0.04506531511703005
baseline_last,y_XLY,4,2024-12-19,0.002540213461942775,-0.00135592447611943
baseline_last,y_XLY,5,2024-12-19,0.002540213461942775,-0.00135592447611943
baseline_last,y_XLY,6,2024-12-19,0.002540213461942775,-0.00135592447611943
baseline_last,y_XLY,4,2024-12-23,0.023126909453738076,0.0
baseline_last,y_XLY,5,2024-12-23,0.023126909453738076,0.0
baseline_last,y_XLY,6,2024-12-23,0.023126909453738076,0.0
baseline_last,y_XLY,4,2024-12-26,-0.01652403268358793,0.0
baseline_last,y_XLY,5,2024-12-26,-0.01652403268358793,0.0
baseline_last,y_XLY,6,2024-12-26,-0.01652403268358793,0.0
baseline_last,y_XLY,5,2024-12-30,-0.007520490435980909,0.0
baseline_last,y_XLY,6,2024-12-30,-0.007520490435980909,0.0
baseline_last,y_XLY,7,2024-12-30,-0.007520490435980909,0.0
baseline_last,y_XLY,5,2025-01-02,0.020234880130356236,0.0
baseline_last,y_XLY,6,2025-01-02,0.020234880130356236,0.0
baseline_last,y_XLY,7,2025-01-02,0.020234880130356236,0.0
baseline_last,y_XLY,5,2025-01-06,-0.01935874012156813,0.0
baseline_last,y_XLY,6,2025-01-06,-0.01935874012156813,0.0
baseline_last,y_XLY,7,2025-01-06,-0.01935874012156813,0.0
baseline_last,y_XLY,5,2025-01-07,0.0028328827564976233,-0.01935874012156813
baseline_last,y_XLY,6,2025-01-07,0.0028328827564976233,-0.01935874012156813
baseline_last,y_XLY,7,2025-01-07,0.0028328827564976233,-0.01935874012156813
baseline_last,y_XLY,5,2025-01-13,-0.0019364124833040064,0.0
baseline_last,y_XLY,6,2025-01-13,-0.0019364124833040064,0.0
baseline_last,y_XLY,7,2025-01-13,-0.0019364124833040064,0.0
baseline_last,y_XLY,5,2025-01-14,0.025446773666248035,-0.0019364124833040064
baseline_last,y_XLY,6,2025-01-14,0.025446773666248035,-0.0019364124833040064
baseline_last,y_XLY,7,2025-01-14,0.025446773666248035,-0.0019364124833040064
baseline_last,y_XLY,5,2025-01-15,-0.005411837458247026,0.025446773666248035
baseline_last,y_XLY,6,2025-01-15,-0.005411837458247026,0.025446773666248035
baseline_last,y_XLY,7,2025-01-15,-0.005411837458247026,0.025446773666248035
baseline_last,y_XLY,5,2025-01-16,0.014023437872344502,-0.005411837458247026
baseline_last,y_XLY,6,2025-01-16,0.014023437872344502,-0.005411837458247026
baseline_last,y_XLY,7,2025-01-16,0.014023437872344502,-0.005411837458247026
baseline_last,y_XLY,6,2025-01-21,-0.00376784823717613,0.0
baseline_last,y_XLY,7,2025-01-21,-0.00376784823717613,0.0
baseline_last,y_XLY,8,2025-01-21,-0.00376784823717613,0.0
baseline_last,y_XLY,6,2025-01-22,0.0060427132862548305,-0.00376784823717613
baseline_last,y_XLY,7,2025-01-22,0.0060427132862548305,-0.00376784823717613
baseline_last,y_XLY,8,2025-01-22,0.0060427132862548305,-0.00376784823717613
baseline_last,y_XLY,6,2025-01-23,-0.00609287595596486,0.0060427132862548305
baseline_last,y_XLY,7,2025-01-23,-0.00609287595596486,0.0060427132862548305
baseline_last,y_XLY,8,2025-01-23,-0.00609287595596486,0.0060427132862548305
baseline_last,y_XLY,6,2025-01-27,0.0012104658287417358,0.0
baseline_last,y_XLY,7,2025-01-27,0.0012104658287417358,0.0
baseline_last,y_XLY,8,2025-01-27,0.0012104658287417358,0.0
baseline_last,y_XLY,6,2025-01-28,-0.002849758079907616,0.0012104658287417358
baseline_last,y_XLY,7,2025-01-28,-0.002849758079907616,0.0012104658287417358
baseline_last,y_XLY,8,2025-01-28,-0.002849758079907616,0.0012104658287417358
baseline_last,y_XLY,6,2025-01-29,0.009786098170477375,-0.002849758079907616
baseline_last,y_XLY,7,2025-01-29,0.009786098170477375,-0.002849758079907616
baseline_last,y_XLY,8,2025-01-29,0.009786098170477375,-0.002849758079907616
baseline_last,y_XLY,6,2025-01-30,-0.004416805230128884,0.009786098170477375
baseline_last,y_XLY,7,2025-01-30,-0.004416805230128884,0.009786098170477375
baseline_last,y_XLY,8,2025-01-30,-0.004416805230128884,0.009786098170477375
baseline_last,y_XLY,6,2025-02-03,0.0117852201090336,0.0
baseline_last,y_XLY,7,2025-02-03,0.0117852201090336,0.0
baseline_last,y_XLY,8,2025-02-03,0.0117852201090336,0.0
baseline_last,y_XLY,6,2025-02-04,-0.011345973272050003,0.0117852201090336
baseline_last,y_XLY,7,2025-02-04,-0.011345973272050003,0.0117852201090336
baseline_last,y_XLY,8,2025-02-04,-0.011345973272050003,0.0117852201090336
baseline_last,y_XLY,6,2025-02-05,0.003970904879678994,-0.011345973272050003
baseline_last,y_XLY,7,2025-02-05,0.003970904879678994,-0.011345973272050003
baseline_last,y_XLY,8,2025-02-05,0.003970904879678994,-0.011345973272050003
baseline_last,y_XLY,6,2025-02-06,-0.019558458842971138,0.003970904879678994
baseline_last,y_XLY,7,2025-02-06,-0.019558458842971138,0.003970904879678994
baseline_last,y_XLY,8,2025-02-06,-0.019558458842971138,0.003970904879678994
baseline_last,y_XLY,7,2025-02-10,-0.011354178792550407,0.0
baseline_last,y_XLY,8,2025-02-10,-0.011354178792550407,0.0
baseline_last,y_XLY,9,2025-02-10,-0.011354178792550407,0.0
baseline_last,y_XLY,7,2025-02-11,-0.00017875014924506605,-0.011354178792550407
baseline_last,y_XLY,8,2025-02-11,-0.00017875014924506605,-0.011354178792550407
baseline_last,y_XLY,9,2025-02-11,-0.00017875014924506605,-0.011354178792550407
baseline_last,y_XLY,7,2025-02-12,0.015017490585736315,-0.00017875014924506605
baseline_last,y_XLY,8,2025-02-12,0.015017490585736315,-0.00017875014924506605
baseline_last,y_XLY,9,2025-02-12,0.015017490585736315,-0.00017875014924506605
baseline_last,y_XLY,7,2025-02-13,-0.00044037631369131525,0.015017490585736315
baseline_last,y_XLY,8,2025-02-13,-0.00044037631369131525,0.015017490585736315
baseline_last,y_XLY,9,2025-02-13,-0.00044037631369131525,0.015017490585736315
baseline_last,y_XLY,7,2025-02-18,-0.0005741722825519657,0.0
baseline_last,y_XLY,8,2025-02-18,-0.0005741722825519657,0.0
baseline_last,y_XLY,9,2025-02-18,-0.0005741722825519657,0.0
baseline_last,y_XLY,7,2025-02-19,-0.008619232903237739,-0.0005741722825519657
baseline_last,y_XLY,8,2025-02-19,-0.008619232903237739,-0.0005741722825519657
baseline_last,y_XLY,9,2025-02-19,-0.008619232903237739,-0.0005741722825519657
baseline_last,y_XLY,7,2025-02-20,-0.026305113626694743,-0.008619232903237739
baseline_last,y_XLY,8,2025-02-20,-0.026305113626694743,-0.008619232903237739
baseline_last,y_XLY,9,2025-02-20,-0.026305113626694743,-0.008619232903237739
baseline_last,y_XLY,7,2025-02-24,-0.0052398209128925455,0.0
baseline_last,y_XLY,8,2025-02-24,-0.0052398209128925455,0.0
baseline_last,y_XLY,9,2025-02-24,-0.0052398209128925455,0.0
baseline_last,y_XLY,7,2025-02-25,-0.004112132811379676,-0.0052398209128925455
baseline_last,y_XLY,8,2025-02-25,-0.004112132811379676,-0.0052398209128925455
baseline_last,y_XLY,9,2025-02-25,-0.004112132811379676,-0.0052398209128925455
baseline_last,y_XLY,7,2025-02-26,-0.01442882886691177,-0.004112132811379676
baseline_last,y_XLY,8,2025-02-26,-0.01442882886691177,-0.004112132811379676
baseline_last,y_XLY,9,2025-02-26,-0.01442882886691177,-0.004112132811379676
baseline_last,y_XLY,7,2025-02-27,0.016617260989850058,-0.01442882886691177
baseline_last,y_XLY,8,2025-02-27,0.016617260989850058,-0.01442882886691177
baseline_last,y_XLY,9,2025-02-27,0.016617260989850058,-0.01442882886691177
baseline_last,y_XLY,8,2025-03-03,-0.017643087757083453,0.0
baseline_last,y_XLY,9,2025-03-03,-0.017643087757083453,0.0
baseline_last,y_XLY,10,2025-03-03,-0.017643087757083453,0.0
baseline_last,y_XLY,8,2025-03-04,0.015222811564242766,-0.017643087757083453
baseline_last,y_XLY,9,2025-03-04,0.015222811564242766,-0.017643087757083453
baseline_last,y_XLY,10,2025-03-04,0.015222811564242766,-0.017643087757083453
baseline_last,y_XLY,8,2025-03-05,-0.025353516807727683,0.015222811564242766
baseline_last,y_XLY,9,2025-03-05,-0.025353516807727683,0.015222811564242766
baseline_last,y_XLY,10,2025-03-05,-0.025353516807727683,0.015222811564242766
baseline_last,y_XLY,8,2025-03-06,-0.0018443570867134884,-0.025353516807727683
baseline_last,y_XLY,9,2025-03-06,-0.0018443570867134884,-0.025353516807727683
baseline_last,y_XLY,10,2025-03-06,-0.0018443570867134884,-0.025353516807727683
baseline_last,y_XLY,8,2025-03-10,-0.009781732720846592,0.0
baseline_last,y_XLY,9,2025-03-10,-0.009781732720846592,0.0
baseline_last,y_XLY,10,2025-03-10,-0.009781732720846592,0.0
baseline_last,y_XLY,8,2025-03-11,0.005804682758088431,-0.009781732720846592
baseline_last,y_XLY,9,2025-03-11,0.005804682758088431,-0.009781732720846592
baseline_last,y_XLY,10,2025-03-11,0.005804682758088431,-0.009781732720846592
baseline_last,y_XLY,8,2025-03-12,-0.02495815115202371,0.005804682758088431
baseline_last,y_XLY,9,2025-03-12,-0.02495815115202371,0.005804682758088431
baseline_last,y_XLY,10,2025-03-12,-0.02495815115202371,0.005804682758088431
baseline_last,y_XLY,8,2025-03-13,0.02128765913023245,-0.02495815115202371
baseline_last,y_XLY,9,2025-03-13,0.02128765913023245,-0.02495815115202371
baseline_last,y_XLY,10,2025-03-13,0.02128765913023245,-0.02495815115202371
baseline_last,y_XLY,8,2025-03-17,-0.01781641620505703,0.0
baseline_last,y_XLY,9,2025-03-17,-0.01781641620505703,0.0
baseline_last,y_XLY,10,2025-03-17,-0.01781641620505703,0.0
baseline_last,y_XLY,8,2025-03-18,0.01917328849239186,-0.01781641620505703
baseline_last,y_XLY,9,2025-03-18,0.01917328849239186,-0.01781641620505703
baseline_last,y_XLY,10,2025-03-18,0.01917328849239186,-0.01781641620505703
baseline_last,y_XLY,8,2025-03-19,-0.0023832687633832395,0.01917328849239186
baseline_last,y_XLY,9,2025-03-19,-0.0023832687633832395,0.01917328849239186
baseline_last,y_XLY,10,2025-03-19,-0.0023832687633832395,0.01917328849239186
baseline_last,y_XLY,8,2025-03-20,0.003608789704040438,-0.0023832687633832395
baseline_last,y_XLY,9,2025-03-20,0.003608789704040438,-0.0023832687633832395
baseline_last,y_XLY,10,2025-03-20,0.003608789704040438,-0.0023832687633832395
baseline_last,y_XLY,9,2025-03-24,0.007978862277154164,0.0
baseline_last,y_XLY,10,2025-03-24,0.007978862277154164,0.0
baseline_last,y_XLY,11,2025-03-24,0.007978862277154164,0.0
baseline_last,y_XLY,9,2025-03-25,-0.013063345160291506,0.007978862277154164
baseline_last,y_XLY,10,2025-03-25,-0.013063345160291506,0.007978862277154164
baseline_last,y_XLY,11,2025-03-25,-0.013063345160291506,0.007978862277154164
baseline_last,y_XLY,9,2025-03-26,0.0006396807003952176,-0.013063345160291506
baseline_last,y_XLY,10,2025-03-26,0.0006396807003952176,-0.013063345160291506
baseline_last,y_XLY,11,2025-03-26,0.0006396807003952176,-0.013063345160291506
baseline_last,y_XLY,9,2025-03-27,-0.031077966928591994,0.0006396807003952176
baseline_last,y_XLY,10,2025-03-27,-0.031077966928591994,0.0006396807003952176
baseline_last,y_XLY,11,2025-03-27,-0.031077966928591994,0.0006396807003952176
baseline_last,y_XLY,9,2025-03-31,0.010432449898566176,0.0
baseline_last,y_XLY,10,2025-03-31,0.010432449898566176,0.0
baseline_last,y_XLY,11,2025-03-31,0.010432449898566176,0.0
baseline_last,y_XLY,9,2025-04-01,0.018995612444242083,0.010432449898566176
baseline_last,y_XLY,10,2025-04-01,0.018995612444242083,0.010432449898566176
baseline_last,y_XLY,11,2025-04-01,0.018995612444242083,0.010432449898566176
baseline_last,y_XLY,9,2025-04-02,-0.060400444082277405,0.018995612444242083
baseline_last,y_XLY,10,2025-04-02,-0.060400444082277405,0.018995612444242083
baseline_last,y_XLY,11,2025-04-02,-0.060400444082277405,0.018995612444242083
baseline_last,y_XLY,9,2025-04-03,-0.04313449382369683,-0.060400444082277405
baseline_last,y_XLY,10,2025-04-03,-0.04313449382369683,-0.060400444082277405
baseline_last,y_XLY,11,2025-04-03,-0.04313449382369683,-0.060400444082277405
baseline_last,y_XLY,9,2025-04-07,-0.02375028593200923,0.0
baseline_last,y_XLY,10,2025-04-07,-0.02375028593200923,0.0
baseline_last,y_XLY,11,2025-04-07,-0.02375028593200923,0.0
baseline_last,y_XLY,9,2025-04-08,0.10888059614452938,-0.02375028593200923
baseline_last,y_XLY,10,2025-04-08,0.10888059614452938,-0.02375028593200923
baseline_last,y_XLY,11,2025-04-08,0.10888059614452938,-0.02375028593200923
baseline_last,y_XLY,9,2025-04-09,-0.03907132189917739,0.10888059614452938
baseline_last,y_XLY,10,2025-04-09,-0.03907132189917739,0.10888059614452938
baseline_last,y_XLY,11,2025-04-09,-0.03907132189917739,0.10888059614452938
baseline_last,y_XLY,9,2025-04-10,0.009685929585643738,-0.03907132189917739
baseline_last,y_XLY,10,2025-04-10,0.009685929585643738,-0.03907132189917739
baseline_last,y_XLY,11,2025-04-10,0.009685929585643738,-0.03907132189917739
baseline_last,y_XLY,10,2025-04-14,-0.007200278979652697,0.0
baseline_last,y_XLY,11,2025-04-14,-0.007200278979652697,0.0
baseline_last,y_XLY,12,2025-04-14,-0.007200278979652697,0.0
baseline_last,y_XLY,10,2025-04-15,-0.02466909188530031,-0.007200278979652697
baseline_last,y_XLY,11,2025-04-15,-0.02466909188530031,-0.007200278979652697
baseline_last,y_XLY,12,2025-04-15,-0.02466909188530031,-0.007200278979652697
baseline_last,y_XLY,10,2025-04-16,0.006296041406452568,-0.02466909188530031
baseline_last,y_XLY,11,2025-04-16,0.006296041406452568,-0.02466909188530031
baseline_last,y_XLY,12,2025-04-16,0.006296041406452568,-0.02466909188530031
baseline_last,y_XLY,10,2025-04-21,0.03164312342027631,0.0
baseline_last,y_XLY,11,2025-04-21,0.03164312342027631,0.0
baseline_last,y_XLY,12,2025-04-21,0.03164312342027631,0.0
baseline_last,y_XLY,10,2025-04-22,0.022346433199717852,0.03164312342027631
baseline_last,y_XLY,11,2025-04-22,0.022346433199717852,0.03164312342027631
baseline_last,y_XLY,12,2025-04-22,0.022346433199717852,0.03164312342027631
baseline_last,y_XLY,10,2025-04-23,0.019913689362026865,0.022346433199717852
baseline_last,y_XLY,11,2025-04-23,0.019913689362026865,0.022346433199717852
baseline_last,y_XLY,12,2025-04-23,0.019913689362026865,0.022346433199717852
baseline_last,y_XLY,10,2025-04-24,0.01797958359232532,0.019913689362026865
baseline_last,y_XLY,11,2025-04-24,0.01797958359232532,0.019913689362026865
baseline_last,y_XLY,12,2025-04-24,0.01797958359232532,0.019913689362026865
baseline_last,y_XLY,10,2025-04-28,0.007082529003435312,0.0
baseline_last,y_XLY,11,2025-04-28,0.007082529003435312,0.0
baseline_last,y_XLY,12,2025-04-28,0.007082529003435312,0.0
baseline_last,y_XLY,10,2025-04-29,-0.0090923270542278,0.007082529003435312
baseline_last,y_XLY,11,2025-04-29,-0.0090923270542278,0.007082529003435312
baseline_last,y_XLY,12,2025-04-29,-0.0090923270542278,0.007082529003435312
baseline_last,y_XLY,10,2025-04-30,0.005525823956078479,-0.0090923270542278
baseline_last,y_XLY,11,2025-04-30,0.005525823956078479,-0.0090923270542278
baseline_last,y_XLY,12,2025-04-30,0.005525823956078479,-0.0090923270542278
baseline_last,y_XLY,10,2025-05-01,0.015527927721020296,0.005525823956078479
baseline_last,y_XLY,11,2025-05-01,0.015527927721020296,0.005525823956078479
baseline_last,y_XLY,12,2025-05-01,0.015527927721020296,0.005525823956078479
baseline_last,y_XLY,11,2025-05-05,-0.00873094233950611,0.0
baseline_last,y_XLY,12,2025-05-05,-0.00873094233950611,0.0
baseline_last,y_XLY,13,2025-05-05,-0.00873094233950611,0.0
baseline_last,y_XLY,11,2025-05-06,0.0077954830717164025,-0.00873094233950611
baseline_last,y_XLY,12,2025-05-06,0.0077954830717164025,-0.00873094233950611
baseline_last,y_XLY,13,2025-05-06,0.0077954830717164025,-0.00873094233950611
baseline_last,y_XLY,11,2025-05-07,0.011803719764864606,0.0077954830717164025
baseline_last,y_XLY,12,2025-05-07,0.011803719764864606,0.0077954830717164025
baseline_last,y_XLY,13,2025-05-07,0.011803719764864606,0.0077954830717164025
baseline_last,y_XLY,11,2025-05-08,0.004815244691188436,0.011803719764864606
baseline_last,y_XLY,12,2025-05-08,0.004815244691188436,0.011803719764864606
baseline_last,y_XLY,13,2025-05-08,0.004815244691188436,0.011803719764864606
baseline_last,y_XLY,11,2025-05-12,0.013225392314031525,0.0
baseline_last,y_XLY,12,2025-05-12,0.013225392314031525,0.0
baseline_last,y_XLY,13,2025-05-12,0.013225392314031525,0.0
baseline_last,y_XLY,11,2025-05-13,0.0038555344543742542,0.013225392314031525
baseline_last,y_XLY,12,2025-05-13,0.0038555344543742542,0.013225392314031525
baseline_last,y_XLY,13,2025-05-13,0.0038555344543742542,0.013225392314031525
baseline_last,y_XLY,11,2025-05-14,-0.0022210702457765574,0.0038555344543742542
baseline_last,y_XLY,12,2025-05-14,-0.0022210702457765574,0.0038555344543742542
baseline_last,y_XLY,13,2025-05-14,-0.0022210702457765574,0.0038555344543742542
baseline_last,y_XLY,11,2025-05-15,0.009460614500405473,-0.0022210702457765574
baseline_last,y_XLY,12,2025-05-15,0.009460614500405473,-0.0022210702457765574
baseline_last,y_XLY,13,2025-05-15,0.009460614500405473,-0.0022210702457765574
baseline_last,y_XLY,11,2025-05-19,-0.005203498476664459,0.0
baseline_last,y_XLY,12,2025-05-19,-0.005203498476664459,0.0
baseline_last,y_XLY,13,2025-05-19,-0.005203498476664459,0.0
baseline_last,y_XLY,11,2025-05-20,-0.02027497673879297,-0.005203498476664459
baseline_last,y_XLY,12,2025-05-20,-0.02027497673879297,-0.005203498476664459
baseline_last,y_XLY,13,2025-05-20,-0.02027497673879297,-0.005203498476664459
baseline_last,y_XLY,11,2025-05-21,0.00429962739221601,-0.02027497673879297
baseline_last,y_XLY,12,2025-05-21,0.00429962739221601,-0.02027497673879297
baseline_last,y_XLY,13,2025-05-21,0.00429962739221601,-0.02027497673879297
baseline_last,y_XLY,11,2025-05-22,-0.008985795723069456,0.00429962739221601
baseline_last,y_XLY,12,2025-05-22,-0.008985795723069456,0.00429962739221601
baseline_last,y_XLY,13,2025-05-22,-0.008985795723069456,0.00429962739221601
baseline_last,y_XLY,12,2025-05-27,-0.009176013727147714,0.0
baseline_last,y_XLY,13,2025-05-27,-0.009176013727147714,0.0
baseline_last,y_XLY,14,2025-05-27,-0.009176013727147714,0.0
baseline_last,y_XLY,12,2025-05-28,0.00041878538523998365,-0.009176013727147714
baseline_last,y_XLY,13,2025-05-28,0.00041878538523998365,-0.009176013727147714
baseline_last,y_XLY,14,2025-05-28,0.00041878538523998365,-0.009176013727147714
baseline_last,y_XLY,12,2025-05-29,-0.005442573594478972,0.00041878538523998365
baseline_last,y_XLY,13,2025-05-29,-0.005442573594478972,0.00041878538523998365
baseline_last,y_XLY,14,2025-05-29,-0.005442573594478972,0.00041878538523998365
baseline_last,y_XLY,12,2025-06-02,0.005319640383887325,0.0
baseline_last,y_XLY,13,2025-06-02,0.005319640383887325,0.0
baseline_last,y_XLY,14,2025-06-02,0.005319640383887325,0.0
baseline_last,y_XLY,12,2025-06-03,-0.0026458170187203534,0.005319640383887325
baseline_last,y_XLY,13,2025-06-03,-0.0026458170187203534,0.005319640383887325
baseline_last,y_XLY,14,2025-06-03,-0.0026458170187203534,0.005319640383887325
baseline_last,y_XLY,12,2025-06-04,-0.025224513866993092,-0.0026458170187203534
baseline_last,y_XLY,13,2025-06-04,-0.025224513866993092,-0.0026458170187203534
baseline_last,y_XLY,14,2025-06-04,-0.025224513866993092,-0.0026458170187203534
baseline_last,y_XLY,12,2025-06-05,0.012986442923324404,-0.025224513866993092
baseline_last,y_XLY,13,2025-06-05,0.012986442923324404,-0.025224513866993092
baseline_last,y_XLY,14,2025-06-05,0.012986442923324404,-0.025224513866993092
baseline_last,y_XLY,12,2025-06-09,0.011969896239512945,0.0
baseline_last,y_XLY,13,2025-06-09,0.011969896239512945,0.0
baseline_last,y_XLY,14,2025-06-09,0.011969896239512945,0.0
baseline_last,y_XLY,12,2025-06-10,-0.007900859776085345,0.011969896239512945
baseline_last,y_XLY,13,2025-06-10,-0.007900859776085345,0.011969896239512945
baseline_last,y_XLY,14,2025-06-10,-0.007900859776085345,0.011969896239512945
baseline_last,y_XLY,12,2025-06-11,-0.004703784321867355,-0.007900859776085345
baseline_last,y_XLY,13,2025-06-11,-0.004703784321867355,-0.007900859776085345
baseline_last,y_XLY,14,2025-06-11,-0.004703784321867355,-0.007900859776085345
baseline_last,y_XLY,12,2025-06-12,-0.009218184454612643,-0.004703784321867355
baseline_last,y_XLY,13,2025-06-12,-0.009218184454612643,-0.004703784321867355
baseline_last,y_XLY,14,2025-06-12,-0.009218184454612643,-0.004703784321867355
baseline_last,y_XLY,13,2025-07-02,0.005454404579107175,0.0
baseline_last,y_XLY,14,2025-07-02,0.005454404579107175,0.0
baseline_last,y_XLY,15,2025-07-02,0.005454404579107175,0.0
baseline_last,y_XLY,13,2025-07-07,-0.003388173106093628,0.0
baseline_last,y_XLY,14,2025-07-07,-0.003388173106093628,0.0
baseline_last,y_XLY,15,2025-07-07,-0.003388173106093628,0.0
baseline_last,y_XLY,13,2025-07-08,0.005926556410650541,-0.003388173106093628
baseline_last,y_XLY,14,2025-07-08,0.005926556410650541,-0.003388173106093628
baseline_last,y_XLY,15,2025-07-08,0.005926556410650541,-0.003388173106093628
baseline_last,y_XLY,13,2025-07-09,0.011052769568518972,0.005926556410650541
baseline_last,y_XLY,14,2025-07-09,0.011052769568518972,0.005926556410650541
baseline_last,y_XLY,15,2025-07-09,0.011052769568518972,0.005926556410650541
baseline_last,y_XLY,13,2025-07-10,0.000271006703766119,0.011052769568518972
baseline_last,y_XLY,14,2025-07-10,0.000271006703766119,0.011052769568518972
baseline_last,y_XLY,15,2025-07-10,0.000271006703766119,0.011052769568518972
baseline_last,y_XLY,13,2025-07-14,-0.014308205638022597,0.0
baseline_last,y_XLY,14,2025-07-14,-0.014308205638022597,0.0
baseline_last,y_XLY,15,2025-07-14,-0.014308205638022597,0.0
baseline_last,y_XLY,13,2025-07-15,0.0018258662237682355,-0.014308205638022597
baseline_last,y_XLY,14,2025-07-15,0.0018258662237682355,-0.014308205638022597
baseline_last,y_XLY,15,2025-07-15,0.0018258662237682355,-0.014308205638022597
baseline_last,y_XLY,13,2025-07-16,0.0034173643899029216,0.0018258662237682355
baseline_last,y_XLY,14,2025-07-16,0.0034173643899029216,0.0018258662237682355
baseline_last,y_XLY,15,2025-07-16,0.0034173643899029216,0.0018258662237682355
baseline_last,y_XLY,13,2025-07-17,0.008854720121448612,0.0034173643899029216
baseline_last,y_XLY,14,2025-07-17,0.008854720121448612,0.0034173643899029216
baseline_last,y_XLY,15,2025-07-17,0.008854720121448612,0.0034173643899029216
baseline_last,y_XLY,13,2025-07-21,0.010124530114847152,0.0
baseline_last,y_XLY,14,2025-07-21,0.010124530114847152,0.0
baseline_last,y_XLY,15,2025-07-21,0.010124530114847152,0.0
baseline_last,y_XLY,13,2025-07-22,0.0047454588630897465,0.010124530114847152
baseline_last,y_XLY,14,2025-07-22,0.0047454588630897465,0.010124530114847152
baseline_last,y_XLY,15,2025-07-22,0.0047454588630897465,0.010124530114847152
baseline_last,y_XLY,13,2025-07-23,-0.016552632194511974,0.0047454588630897465
baseline_last,y_XLY,14,2025-07-23,-0.016552632194511974,0.0047454588630897465
baseline_last,y_XLY,15,2025-07-23,-0.016552632194511974,0.0047454588630897465
baseline_last,y_XLY,14,2025-07-24,0.009290786947912633,-0.016552632194511974
baseline_last,y_XLY,15,2025-07-24,0.009290786947912633,-0.016552632194511974
baseline_last,y_XLY,16,2025-07-24,0.009290786947912633,-0.016552632194511974
baseline_last,y_XLY,14,2025-07-28,-0.0068970738375521146,0.0
baseline_last,y_XLY,15,2025-07-28,-0.0068970738375521146,0.0
baseline_last,y_XLY,16,2025-07-28,-0.0068970738375521146,0.0
baseline_last,y_XLY,14,2025-07-29,-0.006321751535588338,-0.0068970738375521146
baseline_last,y_XLY,15,2025-07-29,-0.006321751535588338,-0.0068970738375521146
baseline_last,y_XLY,16,2025-07-29,-0.006321751535588338,-0.0068970738375521146
baseline_last,y_XLY,14,2025-07-30,-0.007930212864186492,-0.006321751535588338
baseline_last,y_XLY,15,2025-07-30,-0.007930212864186492,-0.006321751535588338
baseline_last,y_XLY,16,2025-07-30,-0.007930212864186492,-0.006321751535588338
baseline_last,y_XLY,14,2025-07-31,-0.024115966913630604,-0.007930212864186492
baseline_last,y_XLY,15,2025-07-31,-0.024115966913630604,-0.007930212864186492
baseline_last,y_XLY,16,2025-07-31,-0.024115966913630604,-0.007930212864186492
baseline_last,y_XLY,14,2025-08-04,0.001280734618504864,0.0
baseline_last,y_XLY,15,2025-08-04,0.001280734618504864,0.0
baseline_last,y_XLY,16,2025-08-04,0.001280734618504864,0.0
baseline_last,y_XLY,14,2025-08-05,0.02078479233958208,0.001280734618504864
baseline_last,y_XLY,15,2025-08-05,0.02078479233958208,0.001280734618504864
baseline_last,y_XLY,16,2025-08-05,0.02078479233958208,0.001280734618504864
baseline_last,y_XLY,14,2025-08-06,-0.00031329727250428707,0.02078479233958208
baseline_last,y_XLY,15,2025-08-06,-0.00031329727250428707,0.02078479233958208
baseline_last,y_XLY,16,2025-08-06,-0.00031329727250428707,0.02078479233958208
baseline_last,y_XLY,14,2025-08-07,0.0017457861646086315,-0.00031329727250428707
baseline_last,y_XLY,15,2025-08-07,0.0017457861646086315,-0.00031329727250428707
baseline_last,y_XLY,16,2025-08-07,0.0017457861646086315,-0.00031329727250428707
baseline_last,y_XLY,14,2025-08-11,0.01060801278581125,0.0
baseline_last,y_XLY,15,2025-08-11,0.01060801278581125,0.0
baseline_last,y_XLY,16,2025-08-11,0.01060801278581125,0.0
baseline_last,y_XLY,14,2025-08-12,0.013716170593453203,0.01060801278581125
baseline_last,y_XLY,15,2025-08-12,0.013716170593453203,0.01060801278581125
baseline_last,y_XLY,16,2025-08-12,0.013716170593453203,0.01060801278581125
baseline_last,y_XLY,15,2025-08-13,-0.0011312579012137114,0.013716170593453203
baseline_last,y_XLY,16,2025-08-13,-0.0011312579012137114,0.013716170593453203
baseline_last,y_XLY,17,2025-08-13,-0.0011312579012137114,0.013716170593453203
baseline_last,y_XLY,15,2025-08-14,-0.0023955633446387514,-0.0011312579012137114
baseline_last,y_XLY,16,2025-08-14,-0.0023955633446387514,-0.0011312579012137114
baseline_last,y_XLY,17,2025-08-14,-0.0023955633446387514,-0.0011312579012137114
baseline_last,y_XLY,15,2025-08-18,-0.0004782751775981309,0.0
baseline_last,y_XLY,16,2025-08-18,-0.0004782751775981309,0.0
baseline_last,y_XLY,17,2025-08-18,-0.0004782751775981309,0.0
baseline_last,y_XLY,15,2025-08-19,-0.009876067388507437,-0.0004782751775981309
baseline_last,y_XLY,16,2025-08-19,-0.009876067388507437,-0.0004782751775981309
baseline_last,y_XLY,17,2025-08-19,-0.009876067388507437,-0.0004782751775981309
baseline_last,y_XLY,15,2025-08-20,-0.0059319700092387295,-0.009876067388507437
baseline_last,y_XLY,16,2025-08-20,-0.0059319700092387295,-0.009876067388507437
baseline_last,y_XLY,17,2025-08-20,-0.0059319700092387295,-0.009876067388507437
baseline_last,y_XLY,15,2025-08-21,0.030367346242422544,-0.0059319700092387295
baseline_last,y_XLY,16,2025-08-21,0.030367346242422544,-0.0059319700092387295
baseline_last,y_XLY,17,2025-08-21,0.030367346242422544,-0.0059319700092387295
baseline_last,y_XLY,15,2025-08-25,0.004599538722775298,0.0
baseline_last,y_XLY,16,2025-08-25,0.004599538722775298,0.0
baseline_last,y_XLY,17,2025-08-25,0.004599538722775298,0.0
baseline_last,y_XLY,15,2025-08-26,0.00021397828025437882,0.004599538722775298
baseline_last,y_XLY,16,2025-08-26,0.00021397828025437882,0.004599538722775298
baseline_last,y_XLY,17,2025-08-26,0.00021397828025437882,0.004599538722775298
baseline_last,y_XLY,15,2025-08-27,0.0017111979348729545,0.00021397828025437882
baseline_last,y_XLY,16,2025-08-27,0.0017111979348729545,0.00021397828025437882
baseline_last,y_XLY,17,2025-08-27,0.0017111979348729545,0.00021397828025437882
baseline_last,y_XLY,15,2025-08-28,-0.010292492663661168,0.0017111979348729545
baseline_last,y_XLY,16,2025-08-28,-0.010292492663661168,0.0017111979348729545
baseline_last,y_XLY,17,2025-08-28,-0.010292492663661168,0.0017111979348729545
baseline_last,y_XLY,15,2025-09-02,0.004043313616733268,0.0
baseline_last,y_XLY,16,2025-09-02,0.004043313616733268,0.0
baseline_last,y_XLY,17,2025-09-02,0.004043313616733268,0.0
baseline_last,y_XLY,16,2025-09-03,0.01827314838211125,0.004043313616733268
baseline_last,y_XLY,17,2025-09-03,0.01827314838211125,0.004043313616733268
baseline_last,y_XLY,18,2025-09-03,0.01827314838211125,0.004043313616733268
baseline_last,y_XLY,16,2025-09-04,-0.00021258466018014843,0.01827314838211125
baseline_last,y_XLY,17,2025-09-04,-0.00021258466018014843,0.01827314838211125
baseline_last,y_XLY,18,2025-09-04,-0.00021258466018014843,0.01827314838211125
baseline_last,y_XLY,16,2025-09-08,-0.0013981799131658201,0.0
baseline_last,y_XLY,17,2025-09-08,-0.0013981799131658201,0.0
baseline_last,y_XLY,18,2025-09-08,-0.0013981799131658201,0.0
baseline_last,y_XLY,16,2025-09-09,-0.011964918190792928,-0.0013981799131658201
baseline_last,y_XLY,17,2025-09-09,-0.011964918190792928,-0.0013981799131658201
baseline_last,y_XLY,18,2025-09-09,-0.011964918190792928,-0.0013981799131658201
baseline_last,y_XLY,16,2025-09-10,0.019452899252754063,-0.011964918190792928
baseline_last,y_XLY,17,2025-09-10,0.019452899252754063,-0.011964918190792928
baseline_last,y_XLY,18,2025-09-10,0.019452899252754063,-0.011964918190792928
baseline_last,y_XLY,16,2025-09-11,0.005181245195606365,0.019452899252754063
baseline_last,y_XLY,17,2025-09-11,0.005181245195606365,0.019452899252754063
baseline_last,y_XLY,18,2025-09-11,0.005181245195606365,0.019452899252754063
baseline_last,y_XLY,16,2025-09-15,0.006148732762028208,0.0
baseline_last,y_XLY,17,2025-09-15,0.006148732762028208,0.0
baseline_last,y_XLY,18,2025-09-15,0.006148732762028208,0.0
baseline_last,y_XLY,16,2025-09-16,-0.0025187470430318992,0.006148732762028208
baseline_last,y_XLY,17,2025-09-16,-0.0025187470430318992,0.006148732762028208
baseline_last,y_XLY,18,2025-09-16,-0.0025187470430318992,0.006148732762028208
baseline_last,y_XLY,16,2025-09-17,-0.00451212244173349,-0.0025187470430318992
baseline_last,y_XLY,17,2025-09-17,-0.00451212244173349,-0.0025187470430318992
baseline_last,y_XLY,18,2025-09-17,-0.00451212244173349,-0.0025187470430318992
baseline_last,y_XLY,16,2025-09-18,0.0037840977202234782,-0.00451212244173349
baseline_last,y_XLY,17,2025-09-18,0.0037840977202234782,-0.00451212244173349
baseline_last,y_XLY,18,2025-09-18,0.0037840977202234782,-0.00451212244173349
baseline_last,y_XLY,16,2025-09-22,-0.009409583008897271,0.0
baseline_last,y_XLY,17,2025-09-22,-0.009409583008897271,0.0
baseline_last,y_XLY,18,2025-09-22,-0.009409583008897271,0.0
baseline_last,y_XLY,17,2025-09-23,0.007061215105035545,-0.009409583008897271
baseline_last,y_XLY,18,2025-09-23,0.007061215105035545,-0.009409583008897271
baseline_last,y_XLY,19,2025-09-23,0.007061215105035545,-0.009409583008897271
baseline_last,y_XLY,17,2025-09-24,-0.014106872220289168,0.007061215105035545
baseline_last,y_XLY,18,2025-09-24,-0.014106872220289168,0.007061215105035545
baseline_last,y_XLY,19,2025-09-24,-0.014106872220289168,0.007061215105035545
baseline_last,y_XLY,17,2025-09-25,0.014774410456240394,-0.014106872220289168
baseline_last,y_XLY,18,2025-09-25,0.014774410456240394,-0.014106872220289168
baseline_last,y_XLY,19,2025-09-25,0.014774410456240394,-0.014106872220289168
baseline_last,y_XLY,17,2025-09-29,-0.004651863098032782,0.0
baseline_last,y_XLY,18,2025-09-29,-0.004651863098032782,0.0
baseline_last,y_XLY,19,2025-09-29,-0.004651863098032782,0.0
baseline_last,y_XLY,17,2025-09-30,0.00625935267897737,-0.004651863098032782
baseline_last,y_XLY,18,2025-09-30,0.00625935267897737,-0.004651863098032782
baseline_last,y_XLY,19,2025-09-30,0.00625935267897737,-0.004651863098032782
baseline_last,y_XLY,17,2025-10-01,-0.0072157191048951574,0.00625935267897737
baseline_last,y_XLY,18,2025-10-01,-0.0072157191048951574,0.00625935267897737
baseline_last,y_XLY,19,2025-10-01,-0.0072157191048951574,0.00625935267897737
baseline_last,y_XLY,17,2025-10-02,-0.006432759854254733,-0.0072157191048951574
baseline_last,y_XLY,18,2025-10-02,-0.006432759854254733,-0.0072157191048951574
baseline_last,y_XLY,19,2025-10-02,-0.006432759854254733,-0.0072157191048951574
baseline_last,y_XLY,17,2025-10-06,-0.017507308334273386,0.0
baseline_last,y_XLY,18,2025-10-06,-0.017507308334273386,0.0
baseline_last,y_XLY,19,2025-10-06,-0.017507308334273386,0.0
baseline_last,y_XLY,17,2025-10-07,0.0029699117485064708,-0.017507308334273386
baseline_last,y_XLY,18,2025-10-07,0.0029699117485064708,-0.017507308334273386
baseline_last,y_XLY,19,2025-10-07,0.0029699117485064708,-0.017507308334273386
baseline_last,y_XLY,17,2025-10-08,-0.004991505664054818,0.0029699117485064708
baseline_last,y_XLY,18,2025-10-08,-0.004991505664054818,0.0029699117485064708
baseline_last,y_XLY,19,2025-10-08,-0.004991505664054818,0.0029699117485064708
baseline_last,y_XLY,17,2025-10-09,-0.027506210802040854,-0.004991505664054818
baseline_last,y_XLY,18,2025-10-09,-0.027506210802040854,-0.004991505664054818
baseline_last,y_XLY,19,2025-10-09,-0.027506210802040854,-0.004991505664054818
baseline_last,y_XLY,18,2025-10-13,0.0020952624278764986,0.0
baseline_last,y_XLY,19,2025-10-13,0.0020952624278764986,0.0
baseline_last,y_XLY,20,2025-10-13,0.0020952624278764986,0.0
baseline_last,y_XLY,18,2025-10-14,0.0014508103968000619,0.0020952624278764986
baseline_last,y_XLY,19,2025-10-14,0.0014508103968000619,0.0020952624278764986
baseline_last,y_XLY,20,2025-10-14,0.0014508103968000619,0.0020952624278764986
baseline_last,y_XLY,18,2025-10-15,-0.00967236762619017,0.0014508103968000619
baseline_last,y_XLY,19,2025-10-15,-0.00967236762619017,0.0014508103968000619
baseline_last,y_XLY,20,2025-10-15,-0.00967236762619017,0.0014508103968000619
baseline_last,y_XLY,18,2025-10-16,0.008605127699113702,-0.00967236762619017
baseline_last,y_XLY,19,2025-10-16,0.008605127699113702,-0.00967236762619017
baseline_last,y_XLY,20,2025-10-16,0.008605127699113702,-0.00967236762619017
baseline_last,y_XLY,18,2025-10-20,0.012231287779731925,0.0
baseline_last,y_XLY,19,2025-10-20,0.012231287779731925,0.0
baseline_last,y_XLY,20,2025-10-20,0.012231287779731925,0.0
baseline_last,y_XLY,18,2025-10-21,-0.007818710748230928,0.012231287779731925
baseline_last,y_XLY,19,2025-10-21,-0.007818710748230928,0.012231287779731925
baseline_last,y_XLY,20,2025-10-21,-0.007818710748230928,0.012231287779731925
baseline_last,y_XLY,18,2025-10-22,0.004509006996614939,-0.007818710748230928
baseline_last,y_XLY,19,2025-10-22,0.004509006996614939,-0.007818710748230928
baseline_last,y_XLY,20,2025-10-22,0.004509006996614939,-0.007818710748230928
baseline_last,y_XLY,18,2025-10-23,-0.0029785289102285395,0.004509006996614939
baseline_last,y_XLY,19,2025-10-23,-0.0029785289102285395,0.004509006996614939
baseline_last,y_XLY,20,2025-10-23,-0.0029785289102285395,0.004509006996614939
baseline_last,y_XLY,18,2025-10-27,0.00024885576449262814,0.0
baseline_last,y_XLY,19,2025-10-27,0.00024885576449262814,0.0
baseline_last,y_XLY,20,2025-10-27,0.00024885576449262814,0.0
baseline_last,y_XLY,18,2025-10-28,-0.008252486955758864,0.00024885576449262814
baseline_last,y_XLY,19,2025-10-28,-0.008252486955758864,0.00024885576449262814
baseline_last,y_XLY,20,2025-10-28,-0.008252486955758864,0.00024885576449262814
baseline_last,y_XLY,18,2025-10-29,-0.022579942954627952,-0.008252486955758864
baseline_last,y_XLY,19,2025-10-29,-0.022579942954627952,-0.008252486955758864
baseline_last,y_XLY,20,2025-10-29,-0.022579942954627952,-0.008252486955758864
baseline_last,y_XLY,18,2025-10-30,0.026438475215192714,-0.022579942954627952
baseline_last,y_XLY,19,2025-10-30,0.026438475215192714,-0.022579942954627952
baseline_last,y_XLY,20,2025-10-30,0.026438475215192714,-0.022579942954627952
baseline_last,y_XLY,19,2025-11-03,-0.016599183995874678,0.0
baseline_last,y_XLY,20,2025-11-03,-0.016599183995874678,0.0
baseline_last,y_XLY,21,2025-11-03,-0.016599183995874678,0.0
baseline_last,y_XLY,19,2025-11-04,0.012176720270924424,-0.016599183995874678
baseline_last,y_XLY,20,2025-11-04,0.012176720270924424,-0.016599183995874678
baseline_last,y_XLY,21,2025-11-04,0.012176720270924424,-0.016599183995874678
baseline_last,y_XLY,19,2025-11-05,-0.023106246506121475,0.012176720270924424
baseline_last,y_XLY,20,2025-11-05,-0.023106246506121475,0.012176720270924424
baseline_last,y_XLY,21,2025-11-05,-0.023106246506121475,0.012176720270924424
baseline_last,y_XLY,19,2025-11-06,0.0015711685124326635,-0.023106246506121475
baseline_last,y_XLY,20,2025-11-06,0.0015711685124326635,-0.023106246506121475
baseline_last,y_XLY,21,2025-11-06,0.0015711685124326635,-0.023106246506121475
baseline_last,y_XLY,19,2025-11-10,0.00246898351061442,0.0
baseline_last,y_XLY,20,2025-11-10,0.00246898351061442,0.0
baseline_last,y_XLY,21,2025-11-10,0.00246898351061442,0.0
baseline_last,y_XLY,19,2025-11-11,-0.006720917880396082,0.00246898351061442
baseline_last,y_XLY,20,2025-11-11,-0.006720917880396082,0.00246898351061442
baseline_last,y_XLY,21,2025-11-11,-0.006720917880396082,0.00246898351061442
baseline_last,y_XLY,19,2025-11-12,-0.024964283405666365,-0.006720917880396082
baseline_last,y_XLY,20,2025-11-12,-0.024964283405666365,-0.006720917880396082
baseline_last,y_XLY,21,2025-11-12,-0.024964283405666365,-0.006720917880396082
baseline_last,y_XLY,19,2025-11-13,-0.004784477418368405,-0.024964283405666365
baseline_last,y_XLY,20,2025-11-13,-0.004784477418368405,-0.024964283405666365
baseline_last,y_XLY,21,2025-11-13,-0.004784477418368405,-0.024964283405666365
baseline_last,y_XLY,19,2025-11-17,-0.018450512565486576,0.0
baseline_last,y_XLY,20,2025-11-17,-0.018450512565486576,0.0
baseline_last,y_XLY,21,2025-11-17,-0.018450512565486576,0.0
baseline_last,y_XLY,19,2025-11-18,4.4539085840122894e-05,-0.018450512565486576
baseline_last,y_XLY,20,2025-11-18,4.4539085840122894e-05,-0.018450512565486576
baseline_last,y_XLY,21,2025-11-18,4.4539085840122894e-05,-0.018450512565486576
baseline_last,y_XLY,19,2025-11-19,-0.01492135932683869,4.4539085840122894e-05
baseline_last,y_XLY,20,2025-11-19,-0.01492135932683869,4.4539085840122894e-05
baseline_last,y_XLY,21,2025-11-19,-0.01492135932683869,4.4539085840122894e-05
baseline_last,y_XLY,19,2025-11-20,0.019623754128421433,-0.01492135932683869
baseline_last,y_XLY,20,2025-11-20,0.019623754128421433,-0.01492135932683869
baseline_last,y_XLY,21,2025-11-20,0.019623754128421433,-0.01492135932683869
baseline_last,y_XLY,20,2025-11-24,0.021399489134592553,0.0
baseline_last,y_XLY,21,2025-11-24,0.021399489134592553,0.0
baseline_last,y_XLY,22,2025-11-24,0.021399489134592553,0.0
baseline_last,y_XLY,20,2025-11-25,0.00685523660395404,0.021399489134592553
baseline_last,y_XLY,21,2025-11-25,0.00685523660395404,0.021399489134592553
baseline_last,y_XLY,22,2025-11-25,0.00685523660395404,0.021399489134592553
baseline_last,y_XLY,20,2025-12-01,-0.000676310084231857,0.0
baseline_last,y_XLY,21,2025-12-01,-0.000676310084231857,0.0
baseline_last,y_XLY,22,2025-12-01,-0.000676310084231857,0.0
baseline_last,y_XLY,20,2025-12-02,0.01078502476998544,-0.000676310084231857
baseline_last,y_XLY,21,2025-12-02,0.01078502476998544,-0.000676310084231857
baseline_last,y_XLY,22,2025-12-02,0.01078502476998544,-0.000676310084231857
baseline_last,y_XLY,20,2025-12-03,-0.003556671026034519,0.01078502476998544
baseline_last,y_XLY,21,2025-12-03,-0.003556671026034519,0.01078502476998544
baseline_last,y_XLY,22,2025-12-03,-0.003556671026034519,0.01078502476998544
baseline_last,y_XLY,20,2025-12-04,0.005542995176835985,-0.003556671026034519
baseline_last,y_XLY,21,2025-12-04,0.005542995176835985,-0.003556671026034519
baseline_last,y_XLY,22,2025-12-04,0.005542995176835985,-0.003556671026034519
baseline_last,y_XLY,20,2025-12-08,-8.467989154481437e-05,0.0
baseline_last,y_XLY,21,2025-12-08,-8.467989154481437e-05,0.0
baseline_last,y_XLY,22,2025-12-08,-8.467989154481437e-05,0.0
baseline_last,y_XLY,20,2025-12-09,0.01466343210034915,-8.467989154481437e-05
baseline_last,y_XLY,21,2025-12-09,0.01466343210034915,-8.467989154481437e-05
baseline_last,y_XLY,22,2025-12-09,0.01466343210034915,-8.467989154481437e-05
baseline_last,y_XLY,20,2025-12-10,0.003926155178342716,0.01466343210034915
baseline_last,y_XLY,21,2025-12-10,0.003926155178342716,0.01466343210034915
baseline_last,y_XLY,22,2025-12-10,0.003926155178342716,0.01466343210034915
baseline_last,y_XLY,20,2025-12-11,0.004326802801105867,0.003926155178342716
baseline_last,y_XLY,21,2025-12-11,0.004326802801105867,0.003926155178342716
baseline_last,y_XLY,22,2025-12-11,0.004326802801105867,0.003926155178342716
baseline_last,y_XLY,21,2025-12-15,0.0016430085286605056,0.0
baseline_last,y_XLY,22,2025-12-15,0.0016430085286605056,0.0
baseline_last,y_XLY,23,2025-12-15,0.0016430085286605056,0.0
baseline_last,y_XLY,21,2025-12-16,-0.011564075235109605,0.0016430085286605056
baseline_last,y_XLY,22,2025-12-16,-0.011564075235109605,0.0016430085286605056
baseline_last,y_XLY,23,2025-12-16,-0.011564075235109605,0.0016430085286605056
baseline_last,y_XLY,21,2025-12-17,0.015101214654506423,-0.011564075235109605
baseline_last,y_XLY,22,2025-12-17,0.015101214654506423,-0.011564075235109605
baseline_last,y_XLY,23,2025-12-17,0.015101214654506423,-0.011564075235109605
baseline_last,y_XLY,21,2025-12-18,-0.004005215816009766,0.015101214654506423
baseline_last,y_XLY,22,2025-12-18,-0.004005215816009766,0.015101214654506423
baseline_last,y_XLY,23,2025-12-18,-0.004005215816009766,0.015101214654506423
baseline_last,y_XLY,21,2025-12-23,0.003437817592208736,0.0
baseline_last,y_XLY,22,2025-12-23,0.003437817592208736,0.0
baseline_last,y_XLY,23,2025-12-23,0.003437817592208736,0.0
baseline_last,y_XLY,21,2025-12-29,-0.004054595531289618,0.0
baseline_last,y_XLY,22,2025-12-29,-0.004054595531289618,0.0
baseline_last,y_XLY,23,2025-12-29,-0.004054595531289618,0.0
baseline_last,y_XLY,21,2025-12-30,-0.00789296230828107,-0.004054595531289618
baseline_last,y_XLY,22,2025-12-30,-0.00789296230828107,-0.004054595531289618
baseline_last,y_XLY,23,2025-12-30,-0.00789296230828107,-0.004054595531289618
baseline_last,y_XLY,22,2026-01-05,0.006400636937100801,0.0
baseline_last,y_XLY,23,2026-01-05,0.006400636937100801,0.0
baseline_last,y_XLY,24,2026-01-05,0.006400636937100801,0.0
baseline_last,y_XLY,22,2026-01-06,-0.0014041312412143014,0.006400636937100801
baseline_last,y_XLY,23,2026-01-06,-0.0014041312412143014,0.006400636937100801
baseline_last,y_XLY,24,2026-01-06,-0.0014041312412143014,0.006400636937100801
baseline_last,y_XLY,22,2026-01-07,0.016707995182564384,-0.0014041312412143014
baseline_last,y_XLY,23,2026-01-07,0.016707995182564384,-0.0014041312412143014
baseline_last,y_XLY,24,2026-01-07,0.016707995182564384,-0.0014041312412143014
baseline_last,y_XLY,22,2026-01-08,0.012121750043602608,0.016707995182564384
baseline_last,y_XLY,23,2026-01-08,0.012121750043602608,0.016707995182564384
baseline_last,y_XLY,24,2026-01-08,0.012121750043602608,0.016707995182564384
baseline_last,y_XLY,22,2026-01-12,-0.0024895403706309827,0.0
baseline_last,y_XLY,23,2026-01-12,-0.0024895403706309827,0.0
baseline_last,y_XLY,24,2026-01-12,-0.0024895403706309827,0.0
baseline_last,y_XLY,22,2026-01-13,-0.01577972062570987,-0.0024895403706309827
baseline_last,y_XLY,23,2026-01-13,-0.01577972062570987,-0.0024895403706309827
baseline_last,y_XLY,24,2026-01-13,-0.01577972062570987,-0.0024895403706309827
baseline_last,y_XLY,22,2026-01-14,0.003680956631838095,-0.01577972062570987
baseline_last,y_XLY,23,2026-01-14,0.003680956631838095,-0.01577972062570987
baseline_last,y_XLY,24,2026-01-14,0.003680956631838095,-0.01577972062570987
baseline_last,y_XLY,22,2026-01-15,-0.003259934037758261,0.003680956631838095
baseline_last,y_XLY,23,2026-01-15,-0.003259934037758261,0.003680956631838095
baseline_last,y_XLY,24,2026-01-15,-0.003259934037758261,0.003680956631838095
baseline_last,y_XLY,22,2026-01-21,0.01004943332264352,0.0
baseline_last,y_XLY,23,2026-01-21,0.01004943332264352,0.0
baseline_last,y_XLY,24,2026-01-21,0.01004943332264352,0.0
baseline_last,y_XLY,22,2026-01-22,0.004159146105141787,0.01004943332264352
baseline_last,y_XLY,23,2026-01-22,0.004159146105141787,0.01004943332264352
baseline_last,y_XLY,24,2026-01-22,0.004159146105141787,0.01004943332264352
baseline_last,y_XLY,23,2026-01-26,0.0030248753066148826,0.0
baseline_last,y_XLY,24,2026-01-26,0.0030248753066148826,0.0
baseline_last,y_XLY,23,2026-01-27,-0.00749862075175356,0.0030248753066148826
baseline_last,y_XLY,24,2026-01-27,-0.00749862075175356,0.0030248753066148826
baseline_last,y_XLY,23,2026-01-28,-0.004763030447970329,-0.00749862075175356
baseline_last,y_XLY,24,2026-01-28,-0.004763030447970329,-0.00749862075175356
baseline_last,y_XLY,23,2026-01-29,-0.00016506536890759094,-0.004763030447970329
baseline_last,y_XLY,24,2026-01-29,-0.00016506536890759094,-0.004763030447970329
baseline_last,y_XLY,23,2026-02-02,-0.008034790088755517,0.0
baseline_last,y_XLY,24,2026-02-02,-0.008034790088755517,0.0
baseline_last,y_XLY,23,2026-02-03,-0.007355974918278219,-0.008034790088755517
baseline_last,y_XLY,24,2026-02-03,-0.007355974918278219,-0.008034790088755517
baseline_last,y_XLY,23,2026-02-04,-0.02156533197998911,-0.007355974918278219
baseline_last,y_XLY,24,2026-02-04,-0.02156533197998911,-0.007355974918278219
baseline_last,y_XLY,23,2026-02-05,0.004084722311404443,-0.02156533197998911
baseline_last,y_XLY,24,2026-02-05,0.004084722311404443,-0.02156533197998911
baseline_last,y_XLY,23,2026-02-09,0.00663546370946011,0.0
baseline_last,y_XLY,24,2026-02-09,0.00663546370946011,0.0
baseline_last,y_XLY,23,2026-02-10,-0.004817034446073953,0.00663546370946011
baseline_last,y_XLY,24,2026-02-10,-0.004817034446073953,0.00663546370946011
baseline_last,y_XLY,23,2026-02-11,-0.013841753169525739,-0.004817034446073953
baseline_last,y_XLY,24,2026-02-11,-0.013841753169525739,-0.004817034446073953
baseline_last,y_XLY,23,2026-02-12,0.00043057825661274585,-0.013841753169525739
baseline_last,y_XLY,24,2026-02-12,0.00043057825661274585,-0.013841753169525739
baseline_last,y_XLY,24,2026-02-17,0.008445326782205553,0.0
baseline_last,y_XLY,24,2026-02-18,-0.006665517019933231,0.008445326782205553
baseline_last,y_XLY,24,2026-02-19,0.010409489906312519,-0.006665517019933231
baseline_last,y_XLY,24,2026-02-23,0.015218714953567192,0.0
baseline_last,y_XLY,24,2026-02-24,0.0029981024543921375,0.015218714953567192
baseline_last,y_XLY,24,2026-02-25,-0.0003415602304522869,0.0029981024543921375
baseline_last,y_XLY,24,2026-02-26,-0.0016232587479918514,-0.0003415602304522869
baseline_last,y_XLY,24,2026-03-02,-0.009183829279239775,0.0
baseline_last,y_XLY,24,2026-03-03,0.017750951105828472,-0.009183829279239775
baseline_last,y_XLY,24,2026-03-04,0.0013747200184588415,0.017750951105828472
baseline_last,y_XLY,24,2026-03-05,-0.018103822866607278,0.0013747200184588415
