model,target,fold_id,date,y_true,y_pred
mlp,y_BTC-USD,0,2024-08-03,-0.04223983565450573,0.005563121289014816
mlp,y_BTC-USD,0,2024-08-04,-0.07098647891315102,-0.013401024043560028
mlp,y_BTC-USD,0,2024-08-05,0.03783671505322772,0.010050401091575623
mlp,y_BTC-USD,0,2024-08-06,-0.017968550940289485,-0.0023342296481132507
mlp,y_BTC-USD,0,2024-08-07,0.12144256099404904,0.03334176167845726
mlp,y_BTC-USD,0,2024-08-08,-0.013450358103773374,-0.03628401458263397
mlp,y_BTC-USD,0,2024-08-09,0.001079157301276501,-0.012519203126430511
mlp,y_BTC-USD,0,2024-08-10,-0.036529632368097475,-0.0020747147500514984
mlp,y_BTC-USD,0,2024-08-11,0.010814659848586317,-0.02521660178899765
mlp,y_BTC-USD,0,2024-08-12,0.021144992390795814,0.005390409380197525
mlp,y_BTC-USD,0,2024-08-13,-0.0308911115194338,0.020691536366939545
mlp,y_BTC-USD,0,2024-08-14,-0.020041310813293967,-0.012624192982912064
mlp,y_BTC-USD,0,2024-08-15,0.023175912946963972,0.0004853382706642151
mlp,y_BTC-USD,0,2024-08-16,0.00993082725079053,0.0035612359642982483
mlp,y_BTC-USD,0,2024-08-17,-0.016728732324455264,-0.01849968731403351
mlp,y_BTC-USD,0,2024-08-18,0.01726094125025579,0.006739452481269836
mlp,y_BTC-USD,0,2024-08-19,-0.008079210921579816,0.014483492821455002
mlp,y_BTC-USD,0,2024-08-20,0.03664287570061453,-0.07902608811855316
mlp,y_BTC-USD,0,2024-08-21,-0.012967304646127387,0.054990462958812714
mlp,y_BTC-USD,0,2024-08-22,0.061482671821355916,0.0014261603355407715
mlp,y_BTC-USD,0,2024-08-23,0.0013205019089592707,0.01797293685376644
mlp,y_BTC-USD,1,2024-08-23,0.0013205019089592707,-0.00914204865694046
mlp,y_BTC-USD,0,2024-08-24,0.0024081210374646833,-0.029636874794960022
mlp,y_BTC-USD,1,2024-08-24,0.0024081210374646833,-0.060439951717853546
mlp,y_BTC-USD,0,2024-08-25,-0.022583597070127692,-0.03625677525997162
mlp,y_BTC-USD,1,2024-08-25,-0.022583597070127692,-0.025479495525360107
mlp,y_BTC-USD,0,2024-08-26,-0.05369739018896724,0.0012467838823795319
mlp,y_BTC-USD,1,2024-08-26,-0.05369739018896724,0.013859773054718971
mlp,y_BTC-USD,0,2024-08-27,-0.00800797843742207,-0.04599098861217499
mlp,y_BTC-USD,1,2024-08-27,-0.00800797843742207,0.0006821192800998688
mlp,y_BTC-USD,0,2024-08-28,0.006108236397788236,0.017015157267451286
mlp,y_BTC-USD,1,2024-08-28,0.006108236397788236,-0.011699117720127106
mlp,y_BTC-USD,0,2024-08-29,-0.004524521990973862,0.0023481808602809906
mlp,y_BTC-USD,1,2024-08-29,-0.004524521990973862,-0.011442465707659721
mlp,y_BTC-USD,0,2024-08-30,-0.002530098940268344,0.0031043924391269684
mlp,y_BTC-USD,1,2024-08-30,-0.002530098940268344,0.013233326375484467
mlp,y_BTC-USD,0,2024-08-31,-0.027885585694078285,-0.009625770151615143
mlp,y_BTC-USD,1,2024-08-31,-0.027885585694078285,-0.005195191130042076
mlp,y_BTC-USD,0,2024-09-01,0.031172733823612075,0.012020304799079895
mlp,y_BTC-USD,1,2024-09-01,0.031172733823612075,0.00725029781460762
mlp,y_BTC-USD,0,2024-09-02,-0.02844504270361159,0.004599429666996002
mlp,y_BTC-USD,1,2024-09-02,-0.02844504270361159,0.0098193921148777
mlp,y_BTC-USD,0,2024-09-03,0.00941156177702851,0.04161975160241127
mlp,y_BTC-USD,1,2024-09-03,0.00941156177702851,0.007188223302364349
mlp,y_BTC-USD,0,2024-09-04,-0.031240343288065575,0.01123206689953804
mlp,y_BTC-USD,1,2024-09-04,-0.031240343288065575,-0.002649829722940922
mlp,y_BTC-USD,0,2024-09-05,-0.03938239218868078,0.03280208259820938
mlp,y_BTC-USD,1,2024-09-05,-0.03938239218868078,-0.028823792934417725
mlp,y_BTC-USD,0,2024-09-06,0.003539165966313096,-0.003943450748920441
mlp,y_BTC-USD,1,2024-09-06,0.003539165966313096,-0.009447099640965462
mlp,y_BTC-USD,0,2024-09-07,0.012964221602682846,-0.003305003046989441
mlp,y_BTC-USD,1,2024-09-07,0.012964221602682846,0.005099973641335964
mlp,y_BTC-USD,0,2024-09-08,0.039713831911113884,0.01258118450641632
mlp,y_BTC-USD,1,2024-09-08,0.039713831911113884,-0.01358252763748169
mlp,y_BTC-USD,0,2024-09-09,0.011034389872275785,-0.07834197580814362
mlp,y_BTC-USD,1,2024-09-09,0.011034389872275785,-0.0240853913128376
mlp,y_BTC-USD,0,2024-09-10,-0.005300015516934153,-0.025834068655967712
mlp,y_BTC-USD,1,2024-09-10,-0.005300015516934153,0.0094103142619133
mlp,y_BTC-USD,0,2024-09-11,0.013669279499548104,-0.050055354833602905
mlp,y_BTC-USD,1,2024-09-11,0.013669279499548104,-0.023661963641643524
mlp,y_BTC-USD,0,2024-09-12,0.04205082955798245,-0.016414165496826172
mlp,y_BTC-USD,1,2024-09-12,0.04205082955798245,0.019224686548113823
mlp,y_BTC-USD,2,2024-09-12,0.04205082955798245,0.023974452167749405
mlp,y_BTC-USD,0,2024-09-13,-0.00934732588201681,-0.007572930306196213
mlp,y_BTC-USD,1,2024-09-13,-0.00934732588201681,0.004304012283682823
mlp,y_BTC-USD,2,2024-09-13,-0.00934732588201681,-0.018643151968717575
mlp,y_BTC-USD,0,2024-09-14,-0.013703582981947293,0.0007849149405956268
mlp,y_BTC-USD,1,2024-09-14,-0.013703582981947293,0.00212187971919775
mlp,y_BTC-USD,2,2024-09-14,-0.013703582981947293,-0.03155694156885147
mlp,y_BTC-USD,0,2024-09-15,-0.016733367188517922,0.008801624178886414
mlp,y_BTC-USD,1,2024-09-15,-0.016733367188517922,-0.018060531467199326
mlp,y_BTC-USD,2,2024-09-15,-0.016733367188517922,-0.01225392334163189
mlp,y_BTC-USD,0,2024-09-16,0.0363626062794542,-0.0421428382396698
mlp,y_BTC-USD,1,2024-09-16,0.0363626062794542,0.0074287038296461105
mlp,y_BTC-USD,2,2024-09-16,0.0363626062794542,-0.013197870925068855
mlp,y_BTC-USD,0,2024-09-17,0.02223798894564699,0.026960890740156174
mlp,y_BTC-USD,1,2024-09-17,0.02223798894564699,0.03855139762163162
mlp,y_BTC-USD,2,2024-09-17,0.02223798894564699,0.013314560055732727
mlp,y_BTC-USD,0,2024-09-18,0.020937291974474137,-0.0007125772535800934
mlp,y_BTC-USD,1,2024-09-18,0.020937291974474137,-0.0013504931703209877
mlp,y_BTC-USD,2,2024-09-18,0.020937291974474137,-0.005691345781087875
mlp,y_BTC-USD,0,2024-09-19,0.004012038411551844,-0.0177810937166214
mlp,y_BTC-USD,1,2024-09-19,0.004012038411551844,-0.023458436131477356
mlp,y_BTC-USD,2,2024-09-19,0.004012038411551844,-0.03195885568857193
mlp,y_BTC-USD,0,2024-09-20,0.003194394254405042,-0.039825744926929474
mlp,y_BTC-USD,1,2024-09-20,0.003194394254405042,0.010585848242044449
mlp,y_BTC-USD,2,2024-09-20,0.003194394254405042,0.04865538701415062
mlp,y_BTC-USD,0,2024-09-21,0.004004601863112578,0.01157408207654953
mlp,y_BTC-USD,1,2024-09-21,0.004004601863112578,-0.009194746613502502
mlp,y_BTC-USD,2,2024-09-21,0.004004601863112578,-0.007435426115989685
mlp,y_BTC-USD,0,2024-09-22,-0.005010473135318549,-0.012332059442996979
mlp,y_BTC-USD,1,2024-09-22,-0.005010473135318549,-0.044828303158283234
mlp,y_BTC-USD,2,2024-09-22,-0.005010473135318549,0.002125866711139679
mlp,y_BTC-USD,0,2024-09-23,0.01535087678718594,0.00231190025806427
mlp,y_BTC-USD,1,2024-09-23,0.01535087678718594,-0.033624209463596344
mlp,y_BTC-USD,2,2024-09-23,0.01535087678718594,0.021487895399332047
mlp,y_BTC-USD,0,2024-09-24,-0.018021597802944433,0.016417089849710464
mlp,y_BTC-USD,1,2024-09-24,-0.018021597802944433,0.0038322433829307556
mlp,y_BTC-USD,2,2024-09-24,-0.018021597802944433,0.02848855033516884
mlp,y_BTC-USD,0,2024-09-25,0.032273891570151925,-0.028517700731754303
mlp,y_BTC-USD,1,2024-09-25,0.032273891570151925,-0.009793717414140701
mlp,y_BTC-USD,2,2024-09-25,0.032273891570151925,-0.001077977940440178
mlp,y_BTC-USD,0,2024-09-26,0.00935309904070647,-0.00553373247385025
mlp,y_BTC-USD,1,2024-09-26,0.00935309904070647,0.007438668981194496
mlp,y_BTC-USD,2,2024-09-26,0.00935309904070647,-0.003744499757885933
mlp,y_BTC-USD,0,2024-09-27,0.0014741358273548943,-0.13554240763187408
mlp,y_BTC-USD,1,2024-09-27,0.0014741358273548943,-0.017949771136045456
mlp,y_BTC-USD,2,2024-09-27,0.0014741358273548943,-0.002445906400680542
mlp,y_BTC-USD,0,2024-09-30,-0.039357521968434894,0.001222662627696991
mlp,y_BTC-USD,1,2024-09-30,-0.039357521968434894,0.011362746357917786
mlp,y_BTC-USD,2,2024-09-30,-0.039357521968434894,-0.008189750835299492
mlp,y_BTC-USD,0,2024-10-01,-0.0033568819965540397,-0.007668066769838333
mlp,y_BTC-USD,1,2024-10-01,-0.0033568819965540397,0.020181719213724136
mlp,y_BTC-USD,2,2024-10-01,-0.0033568819965540397,-0.02113094925880432
mlp,y_BTC-USD,0,2024-10-02,0.0020882627636797935,0.005212552845478058
mlp,y_BTC-USD,1,2024-10-02,0.0020882627636797935,-0.009675871580839157
mlp,y_BTC-USD,2,2024-10-02,0.0020882627636797935,0.02334342524409294
mlp,y_BTC-USD,0,2024-10-03,0.021528753876634443,0.04343706741929054
mlp,y_BTC-USD,1,2024-10-03,0.021528753876634443,0.008136976510286331
mlp,y_BTC-USD,2,2024-10-03,0.021528753876634443,0.035326432436704636
mlp,y_BTC-USD,1,2024-10-04,0.0003620681473552878,-0.010607393458485603
mlp,y_BTC-USD,2,2024-10-04,0.0003620681473552878,0.007428769022226334
mlp,y_BTC-USD,3,2024-10-04,0.0003620681473552878,-0.011256689205765724
mlp,y_BTC-USD,1,2024-10-06,-0.009269383518558882,-0.02500135824084282
mlp,y_BTC-USD,2,2024-10-06,-0.009269383518558882,-0.01865549385547638
mlp,y_BTC-USD,3,2024-10-06,-0.009269383518558882,-0.015380416065454483
mlp,y_BTC-USD,1,2024-10-07,-0.001682150134457161,-0.00585298053920269
mlp,y_BTC-USD,2,2024-10-07,-0.001682150134457161,-0.019437899813055992
mlp,y_BTC-USD,3,2024-10-07,-0.001682150134457161,0.006734628230333328
mlp,y_BTC-USD,1,2024-10-08,-0.024944762232405493,-0.015734899789094925
mlp,y_BTC-USD,2,2024-10-08,-0.024944762232405493,0.018167927861213684
mlp,y_BTC-USD,3,2024-10-08,-0.024944762232405493,-0.019805269315838814
mlp,y_BTC-USD,1,2024-10-09,-0.005077433013489285,-0.01015162467956543
mlp,y_BTC-USD,2,2024-10-09,-0.005077433013489285,-0.006533034145832062
mlp,y_BTC-USD,3,2024-10-09,-0.005077433013489285,-0.012119847349822521
mlp,y_BTC-USD,1,2024-10-10,0.036011743668549645,0.010292112827301025
mlp,y_BTC-USD,2,2024-10-10,0.036011743668549645,0.009154211729764938
mlp,y_BTC-USD,3,2024-10-10,0.036011743668549645,-0.0019294507801532745
mlp,y_BTC-USD,1,2024-10-11,0.011977460447594401,0.014716781675815582
mlp,y_BTC-USD,2,2024-10-11,0.011977460447594401,-0.02507179230451584
mlp,y_BTC-USD,3,2024-10-11,0.011977460447594401,-0.019559670239686966
mlp,y_BTC-USD,1,2024-10-12,-0.005406426515387475,-0.004332400858402252
mlp,y_BTC-USD,2,2024-10-12,-0.005406426515387475,-0.0022773686796426773
mlp,y_BTC-USD,3,2024-10-12,-0.005406426515387475,0.022422369569540024
mlp,y_BTC-USD,1,2024-10-14,0.015064992457922477,-0.010016683489084244
mlp,y_BTC-USD,2,2024-10-14,0.015064992457922477,-0.0038936492055654526
mlp,y_BTC-USD,3,2024-10-14,0.015064992457922477,-0.00675736740231514
mlp,y_BTC-USD,1,2024-10-15,0.008526251733136592,0.005493283271789551
mlp,y_BTC-USD,2,2024-10-15,0.008526251733136592,-0.006491530686616898
mlp,y_BTC-USD,3,2024-10-15,0.008526251733136592,-0.018460463732481003
mlp,y_BTC-USD,1,2024-10-16,-0.0031485616380424464,0.01574762538075447
mlp,y_BTC-USD,2,2024-10-16,-0.0031485616380424464,0.012618225067853928
mlp,y_BTC-USD,3,2024-10-16,-0.0031485616380424464,-0.01176358014345169
mlp,y_BTC-USD,1,2024-10-17,0.015118035686984221,0.0025879964232444763
mlp,y_BTC-USD,2,2024-10-17,0.015118035686984221,0.007526185363531113
mlp,y_BTC-USD,3,2024-10-17,0.015118035686984221,0.007332582026720047
mlp,y_BTC-USD,1,2024-10-18,-0.0008192879217548965,-0.00786665827035904
mlp,y_BTC-USD,2,2024-10-18,-0.0008192879217548965,-0.025598671287298203
mlp,y_BTC-USD,3,2024-10-18,-0.0008192879217548965,-0.00926907081156969
mlp,y_BTC-USD,1,2024-10-19,0.009346740674458287,0.031144946813583374
mlp,y_BTC-USD,2,2024-10-19,0.009346740674458287,-0.002543969079852104
mlp,y_BTC-USD,3,2024-10-19,0.009346740674458287,0.019788052886724472
mlp,y_BTC-USD,1,2024-10-20,-0.023678423698328066,-0.0031846947968006134
mlp,y_BTC-USD,2,2024-10-20,-0.023678423698328066,-0.004212934523820877
mlp,y_BTC-USD,3,2024-10-20,-0.023678423698328066,0.00772685743868351
mlp,y_BTC-USD,1,2024-10-21,-9.567341618454961e-05,0.011851146817207336
mlp,y_BTC-USD,2,2024-10-21,-9.567341618454961e-05,-0.030747536569833755
mlp,y_BTC-USD,3,2024-10-21,-9.567341618454961e-05,0.11109587550163269
mlp,y_BTC-USD,1,2024-10-22,-0.01379441121005398,0.03614237159490585
mlp,y_BTC-USD,2,2024-10-22,-0.01379441121005398,-0.025100398808717728
mlp,y_BTC-USD,3,2024-10-22,-0.01379441121005398,0.021244589239358902
mlp,y_BTC-USD,1,2024-10-23,0.02602442034118191,0.004833754152059555
mlp,y_BTC-USD,2,2024-10-23,0.02602442034118191,-0.020408809185028076
mlp,y_BTC-USD,3,2024-10-23,0.02602442034118191,0.059487879276275635
mlp,y_BTC-USD,1,2024-10-24,-0.022280180844656217,0.014825157821178436
mlp,y_BTC-USD,2,2024-10-24,-0.022280180844656217,0.016432207077741623
mlp,y_BTC-USD,3,2024-10-24,-0.022280180844656217,0.03490811958909035
mlp,y_BTC-USD,1,2024-10-25,0.00558625096700216,0.0070350077003240585
mlp,y_BTC-USD,2,2024-10-25,0.00558625096700216,0.009785778820514679
mlp,y_BTC-USD,3,2024-10-25,0.00558625096700216,0.008695263415575027
mlp,y_BTC-USD,2,2024-10-27,0.029125296867722028,-0.026873480528593063
mlp,y_BTC-USD,3,2024-10-27,0.029125296867722028,0.017666835337877274
mlp,y_BTC-USD,4,2024-10-27,0.029125296867722028,0.00887022539973259
mlp,y_BTC-USD,2,2024-10-28,0.04023493905417541,0.10381188988685608
mlp,y_BTC-USD,3,2024-10-28,0.04023493905417541,-0.05233028531074524
mlp,y_BTC-USD,4,2024-10-28,0.04023493905417541,0.201398104429245
mlp,y_BTC-USD,2,2024-10-29,-0.005238593875544262,0.046261195093393326
mlp,y_BTC-USD,3,2024-10-29,-0.005238593875544262,0.05918122082948685
mlp,y_BTC-USD,4,2024-10-29,-0.005238593875544262,-0.03348743915557861
mlp,y_BTC-USD,2,2024-10-30,-0.029366396164960396,0.013838965445756912
mlp,y_BTC-USD,3,2024-10-30,-0.029366396164960396,0.02137713134288788
mlp,y_BTC-USD,4,2024-10-30,-0.029366396164960396,0.020123319700360298
mlp,y_BTC-USD,2,2024-10-31,-0.010435331387529279,0.00485595315694809
mlp,y_BTC-USD,3,2024-10-31,-0.010435331387529279,0.0012988653033971786
mlp,y_BTC-USD,4,2024-10-31,-0.010435331387529279,0.029435617849230766
mlp,y_BTC-USD,2,2024-11-01,-0.0027804900426771084,0.003538757562637329
mlp,y_BTC-USD,3,2024-11-01,-0.0027804900426771084,-0.025999128818511963
mlp,y_BTC-USD,4,2024-11-01,-0.0027804900426771084,-0.020404556766152382
mlp,y_BTC-USD,2,2024-11-02,-0.00791112711687536,-0.007740620523691177
mlp,y_BTC-USD,3,2024-11-02,-0.00791112711687536,-0.010893238708376884
mlp,y_BTC-USD,4,2024-11-02,-0.00791112711687536,0.002380291000008583
mlp,y_BTC-USD,2,2024-11-03,-0.013523338185854272,0.007945135235786438
mlp,y_BTC-USD,3,2024-11-03,-0.013523338185854272,0.034070514142513275
mlp,y_BTC-USD,4,2024-11-03,-0.013523338185854272,0.06989143043756485
mlp,y_BTC-USD,2,2024-11-04,0.02282879023690776,-0.011862389743328094
mlp,y_BTC-USD,3,2024-11-04,0.02282879023690776,0.027994148433208466
mlp,y_BTC-USD,4,2024-11-04,0.02282879023690776,-0.009375954046845436
mlp,y_BTC-USD,2,2024-11-05,0.09053568676993895,0.0024663936346769333
mlp,y_BTC-USD,3,2024-11-05,0.09053568676993895,0.00890989601612091
mlp,y_BTC-USD,4,2024-11-05,0.09053568676993895,-0.001083245500922203
mlp,y_BTC-USD,2,2024-11-06,0.003513808689745934,-0.0373130664229393
mlp,y_BTC-USD,3,2024-11-06,0.003513808689745934,-0.018785396590828896
mlp,y_BTC-USD,4,2024-11-06,0.003513808689745934,0.009213810786604881
mlp,y_BTC-USD,2,2024-11-07,0.008439738809541852,-0.00936965923756361
mlp,y_BTC-USD,3,2024-11-07,0.008439738809541852,-0.008391814306378365
mlp,y_BTC-USD,4,2024-11-07,0.008439738809541852,0.02654213272035122
mlp,y_BTC-USD,2,2024-11-08,0.0030490452928257916,0.00920908898115158
mlp,y_BTC-USD,3,2024-11-08,0.0030490452928257916,0.02711910754442215
mlp,y_BTC-USD,4,2024-11-08,0.0030490452928257916,0.04475591331720352
mlp,y_BTC-USD,2,2024-11-09,0.048129393514959595,-0.004702860489487648
mlp,y_BTC-USD,3,2024-11-09,0.048129393514959595,0.0036827921867370605
mlp,y_BTC-USD,4,2024-11-09,0.048129393514959595,-0.008781922981142998
mlp,y_BTC-USD,2,2024-11-10,0.10223522760015435,0.014418650418519974
mlp,y_BTC-USD,3,2024-11-10,0.10223522760015435,-0.004853900521993637
mlp,y_BTC-USD,4,2024-11-10,0.10223522760015435,0.004323160275816917
mlp,y_BTC-USD,2,2024-11-11,-0.008406532091926988,-0.023757273331284523
mlp,y_BTC-USD,3,2024-11-11,-0.008406532091926988,0.017174310982227325
mlp,y_BTC-USD,4,2024-11-11,-0.008406532091926988,0.02187725342810154
mlp,y_BTC-USD,2,2024-11-12,0.029882636380625716,-0.02212391421198845
mlp,y_BTC-USD,3,2024-11-12,0.029882636380625716,0.013473618775606155
mlp,y_BTC-USD,4,2024-11-12,0.029882636380625716,0.013513894751667976
mlp,y_BTC-USD,2,2024-11-13,-0.03680261786927608,0.006384734064340591
mlp,y_BTC-USD,3,2024-11-13,-0.03680261786927608,0.026248492300510406
mlp,y_BTC-USD,4,2024-11-13,-0.03680261786927608,-0.01189187727868557
mlp,y_BTC-USD,2,2024-11-14,0.04373133907381366,-0.0023919083178043365
mlp,y_BTC-USD,3,2024-11-14,0.04373133907381366,0.0428280234336853
mlp,y_BTC-USD,4,2024-11-14,0.04373133907381366,0.2177126407623291
mlp,y_BTC-USD,2,2024-11-15,-0.005573223886622736,0.0032505765557289124
mlp,y_BTC-USD,3,2024-11-15,-0.005573223886622736,-0.0742531269788742
mlp,y_BTC-USD,4,2024-11-15,-0.005573223886622736,0.035161249339580536
mlp,y_BTC-USD,3,2024-11-16,-0.007869224693816235,0.019312746822834015
mlp,y_BTC-USD,4,2024-11-16,-0.007869224693816235,0.00941220112144947
mlp,y_BTC-USD,5,2024-11-16,-0.007869224693816235,0.02981076017022133
mlp,y_BTC-USD,3,2024-11-17,0.007755383808848215,-0.015932021662592888
mlp,y_BTC-USD,4,2024-11-17,0.007755383808848215,0.0137809868901968
mlp,y_BTC-USD,5,2024-11-17,0.007755383808848215,0.016789056360721588
mlp,y_BTC-USD,3,2024-11-18,0.019892819836786257,0.037070080637931824
mlp,y_BTC-USD,4,2024-11-18,0.019892819836786257,0.014002671465277672
mlp,y_BTC-USD,5,2024-11-18,0.019892819836786257,-0.008166113868355751
mlp,y_BTC-USD,3,2024-11-19,0.02161166598491282,0.0804777517914772
mlp,y_BTC-USD,4,2024-11-19,0.02161166598491282,0.08563471585512161
mlp,y_BTC-USD,5,2024-11-19,0.02161166598491282,0.0339786522090435
mlp,y_BTC-USD,3,2024-11-20,0.044151545428309014,0.008716978132724762
mlp,y_BTC-USD,4,2024-11-20,0.044151545428309014,0.02498891018331051
mlp,y_BTC-USD,5,2024-11-20,0.044151545428309014,0.03516777232289314
mlp,y_BTC-USD,3,2024-11-21,0.005004201495724558,0.03345595300197601
mlp,y_BTC-USD,4,2024-11-21,0.005004201495724558,-0.011417608708143234
mlp,y_BTC-USD,5,2024-11-21,0.005004201495724558,0.10681156814098358
mlp,y_BTC-USD,3,2024-11-22,-0.012327389984975179,0.06332221627235413
mlp,y_BTC-USD,4,2024-11-22,-0.012327389984975179,0.1241532489657402
mlp,y_BTC-USD,5,2024-11-22,-0.012327389984975179,0.03642656281590462
mlp,y_BTC-USD,3,2024-11-23,0.002419161787646784,0.02689366787672043
mlp,y_BTC-USD,4,2024-11-23,0.002419161787646784,0.08424345403909683
mlp,y_BTC-USD,5,2024-11-23,0.002419161787646784,0.006279744207859039
mlp,y_BTC-USD,3,2024-11-25,-0.011997304040733403,-0.02139977365732193
mlp,y_BTC-USD,4,2024-11-25,-0.011997304040733403,-0.0063001979142427444
mlp,y_BTC-USD,5,2024-11-25,-0.011997304040733403,-0.017245516180992126
mlp,y_BTC-USD,3,2024-11-26,0.04323745271515378,0.038628950715065
mlp,y_BTC-USD,4,2024-11-26,0.04323745271515378,0.04676145315170288
mlp,y_BTC-USD,5,2024-11-26,0.04323745271515378,0.012845683842897415
mlp,y_BTC-USD,3,2024-11-27,-0.0032310787967048116,-0.009173805825412273
mlp,y_BTC-USD,4,2024-11-27,-0.0032310787967048116,0.030676374211907387
mlp,y_BTC-USD,5,2024-11-27,-0.0032310787967048116,-0.030746635049581528
mlp,y_BTC-USD,3,2024-11-28,0.018912786163713058,-0.026900967583060265
mlp,y_BTC-USD,4,2024-11-28,0.018912786163713058,-0.0017438456416130066
mlp,y_BTC-USD,5,2024-11-28,0.018912786163713058,-0.004965726286172867
mlp,y_BTC-USD,3,2024-11-29,-0.010388394458550332,0.0006729178130626678
mlp,y_BTC-USD,4,2024-11-29,-0.010388394458550332,0.029964128509163857
mlp,y_BTC-USD,5,2024-11-29,-0.010388394458550332,0.028364945203065872
mlp,y_BTC-USD,3,2024-11-30,0.008613193542348574,-0.00908341072499752
mlp,y_BTC-USD,4,2024-11-30,0.008613193542348574,0.007293956354260445
mlp,y_BTC-USD,5,2024-11-30,0.008613193542348574,-0.0032042432576417923
mlp,y_BTC-USD,3,2024-12-02,0.0014276215513644441,0.03089231625199318
mlp,y_BTC-USD,4,2024-12-02,0.0014276215513644441,0.0992196574807167
mlp,y_BTC-USD,5,2024-12-02,0.0014276215513644441,0.0373319648206234
mlp,y_BTC-USD,3,2024-12-03,0.02881567529768403,0.026601754128932953
mlp,y_BTC-USD,4,2024-12-03,0.02881567529768403,0.039818309247493744
mlp,y_BTC-USD,5,2024-12-03,0.02881567529768403,-0.002342645078897476
mlp,y_BTC-USD,3,2024-12-04,-0.022020788503929523,-0.021583084017038345
mlp,y_BTC-USD,4,2024-12-04,-0.022020788503929523,0.018863053992390633
mlp,y_BTC-USD,5,2024-12-04,-0.022020788503929523,0.014778699725866318
mlp,y_BTC-USD,3,2024-12-05,0.03444474217316973,-0.03970013186335564
mlp,y_BTC-USD,4,2024-12-05,0.03444474217316973,-0.015563951805233955
mlp,y_BTC-USD,5,2024-12-05,0.03444474217316973,0.01705266162753105
mlp,y_BTC-USD,3,2024-12-06,2.627082989481444e-05,-0.032063789665699005
mlp,y_BTC-USD,4,2024-12-06,2.627082989481444e-05,-0.00180099718272686
mlp,y_BTC-USD,5,2024-12-06,2.627082989481444e-05,-0.0067174844443798065
mlp,y_BTC-USD,3,2024-12-07,0.013136868131795154,0.05348046123981476
mlp,y_BTC-USD,4,2024-12-07,0.013136868131795154,0.03846260905265808
mlp,y_BTC-USD,5,2024-12-07,0.013136868131795154,0.01284986361861229
mlp,y_BTC-USD,4,2024-12-08,-0.03756861480096407,0.0019362233579158783
mlp,y_BTC-USD,5,2024-12-08,-0.03756861480096407,0.006191413849592209
mlp,y_BTC-USD,6,2024-12-08,-0.03756861480096407,-0.022926853969693184
mlp,y_BTC-USD,4,2024-12-09,-0.007772430783165474,-0.004603073000907898
mlp,y_BTC-USD,5,2024-12-09,-0.007772430783165474,-0.011511161923408508
mlp,y_BTC-USD,6,2024-12-09,-0.007772430783165474,-0.03122304379940033
mlp,y_BTC-USD,4,2024-12-10,0.04652269534294651,0.014289788901805878
mlp,y_BTC-USD,5,2024-12-10,0.04652269534294651,0.001819554716348648
mlp,y_BTC-USD,6,2024-12-10,0.04652269534294651,0.0028665587306022644
mlp,y_BTC-USD,4,2024-12-11,-0.011169293200355757,0.011426148936152458
mlp,y_BTC-USD,5,2024-12-11,-0.011169293200355757,0.008969198912382126
mlp,y_BTC-USD,6,2024-12-11,-0.011169293200355757,0.005294907838106155
mlp,y_BTC-USD,4,2024-12-12,0.014156490833941326,0.058476731181144714
mlp,y_BTC-USD,5,2024-12-12,0.014156490833941326,0.016812879592180252
mlp,y_BTC-USD,6,2024-12-12,0.014156490833941326,0.013799775391817093
mlp,y_BTC-USD,4,2024-12-13,-0.0008504799301751742,0.02836340107023716
mlp,y_BTC-USD,5,2024-12-13,-0.0008504799301751742,0.02615233138203621
mlp,y_BTC-USD,6,2024-12-13,-0.0008504799301751742,0.01390097662806511
mlp,y_BTC-USD,4,2024-12-14,0.02886101293644905,0.0400778204202652
mlp,y_BTC-USD,5,2024-12-14,0.02886101293644905,0.024790313094854355
mlp,y_BTC-USD,6,2024-12-14,0.02886101293644905,0.02773301675915718
mlp,y_BTC-USD,4,2024-12-16,0.001045771070669721,0.00889657624065876
mlp,y_BTC-USD,5,2024-12-16,0.001045771070669721,-0.021626584231853485
mlp,y_BTC-USD,6,2024-12-16,0.001045771070669721,0.01810634881258011
mlp,y_BTC-USD,4,2024-12-17,-0.057462106019896764,-0.00788728054612875
mlp,y_BTC-USD,5,2024-12-17,-0.057462106019896764,0.028154343366622925
mlp,y_BTC-USD,6,2024-12-17,-0.057462106019896764,-0.01005244068801403
mlp,y_BTC-USD,4,2024-12-18,-0.025495268879325628,0.018113138154149055
mlp,y_BTC-USD,5,2024-12-18,-0.025495268879325628,0.007274363189935684
mlp,y_BTC-USD,6,2024-12-18,-0.025495268879325628,-0.00010025128722190857
mlp,y_BTC-USD,4,2024-12-19,0.002717960528709318,-0.014877883717417717
mlp,y_BTC-USD,5,2024-12-19,0.002717960528709318,-0.01277352124452591
mlp,y_BTC-USD,6,2024-12-19,0.002717960528709318,-0.009209958836436272
mlp,y_BTC-USD,4,2024-12-20,-0.005433973434635808,-0.05331770330667496
mlp,y_BTC-USD,5,2024-12-20,-0.005433973434635808,0.01934966817498207
mlp,y_BTC-USD,6,2024-12-20,-0.005433973434635808,0.24977250397205353
mlp,y_BTC-USD,4,2024-12-21,-0.021802983021374844,0.01369975320994854
mlp,y_BTC-USD,5,2024-12-21,-0.021802983021374844,0.0268341526389122
mlp,y_BTC-USD,6,2024-12-21,-0.021802983021374844,-0.03195364400744438
mlp,y_BTC-USD,4,2024-12-22,-0.004402456102765462,-0.00455591082572937
mlp,y_BTC-USD,5,2024-12-22,-0.004402456102765462,0.01037408784031868
mlp,y_BTC-USD,6,2024-12-22,-0.004402456102765462,0.0033962540328502655
mlp,y_BTC-USD,4,2024-12-23,0.04213760595334648,0.006223177537322044
mlp,y_BTC-USD,5,2024-12-23,0.04213760595334648,0.007356371730566025
mlp,y_BTC-USD,6,2024-12-23,0.04213760595334648,0.01907622441649437
mlp,y_BTC-USD,4,2024-12-24,0.0063146152104343045,0.0063277240842580795
mlp,y_BTC-USD,5,2024-12-24,0.0063146152104343045,-0.008193448185920715
mlp,y_BTC-USD,6,2024-12-24,0.0063146152104343045,0.006429154425859451
mlp,y_BTC-USD,4,2024-12-26,-0.017022260795415023,0.009159475564956665
mlp,y_BTC-USD,5,2024-12-26,-0.017022260795415023,-0.00025861337780952454
mlp,y_BTC-USD,6,2024-12-26,-0.017022260795415023,-0.02199605107307434
mlp,y_BTC-USD,4,2024-12-27,0.010609799867287384,0.05093933641910553
mlp,y_BTC-USD,5,2024-12-27,0.010609799867287384,0.05012892559170723
mlp,y_BTC-USD,6,2024-12-27,0.010609799867287384,0.010324385017156601
mlp,y_BTC-USD,4,2024-12-28,-0.017167251608511402,0.012906810268759727
mlp,y_BTC-USD,5,2024-12-28,-0.017167251608511402,0.01358063519001007
mlp,y_BTC-USD,6,2024-12-28,-0.017167251608511402,0.016215428709983826
mlp,y_BTC-USD,4,2024-12-29,-0.00948373223930199,0.037188634276390076
mlp,y_BTC-USD,5,2024-12-29,-0.00948373223930199,0.011884953826665878
mlp,y_BTC-USD,6,2024-12-29,-0.00948373223930199,0.021158084273338318
mlp,y_BTC-USD,5,2024-12-30,0.008484077565384274,-0.001955553889274597
mlp,y_BTC-USD,6,2024-12-30,0.008484077565384274,0.005276087671518326
mlp,y_BTC-USD,7,2024-12-30,0.008484077565384274,0.023245446383953094
mlp,y_BTC-USD,5,2024-12-31,0.010602195613021781,0.010820955038070679
mlp,y_BTC-USD,6,2024-12-31,0.010602195613021781,-0.006536873057484627
mlp,y_BTC-USD,7,2024-12-31,0.010602195613021781,-0.01588396169245243
mlp,y_BTC-USD,5,2025-01-02,0.012597729955682757,-0.011579252779483795
mlp,y_BTC-USD,6,2025-01-02,0.012597729955682757,-0.030247025191783905
mlp,y_BTC-USD,7,2025-01-02,0.012597729955682757,-0.015375932678580284
mlp,y_BTC-USD,5,2025-01-03,0.0013128146911018934,-0.017788276076316833
mlp,y_BTC-USD,6,2025-01-03,0.0013128146911018934,0.0034577064216136932
mlp,y_BTC-USD,7,2025-01-03,0.0013128146911018934,-0.012247012928128242
mlp,y_BTC-USD,5,2025-01-04,0.0008014800420892421,0.036948058754205704
mlp,y_BTC-USD,6,2025-01-04,0.0008014800420892421,-0.01690679043531418
mlp,y_BTC-USD,7,2025-01-04,0.0008014800420892421,0.02557331696152687
mlp,y_BTC-USD,5,2025-01-05,0.03827621924594227,0.007483288645744324
mlp,y_BTC-USD,6,2025-01-05,0.03827621924594227,-0.0021557174623012543
mlp,y_BTC-USD,7,2025-01-05,0.03827621924594227,-0.005580911412835121
mlp,y_BTC-USD,5,2025-01-06,-0.05050430525956884,0.016346748918294907
mlp,y_BTC-USD,6,2025-01-06,-0.05050430525956884,-0.021573403850197792
mlp,y_BTC-USD,7,2025-01-06,-0.05050430525956884,0.03578229993581772
mlp,y_BTC-USD,5,2025-01-07,-0.019388436629511285,-0.007904276251792908
mlp,y_BTC-USD,6,2025-01-07,-0.019388436629511285,0.024167507886886597
mlp,y_BTC-USD,7,2025-01-07,-0.019388436629511285,0.017855621874332428
mlp,y_BTC-USD,5,2025-01-08,-0.026929603222076492,0.038492899388074875
mlp,y_BTC-USD,6,2025-01-08,-0.026929603222076492,-0.023656096309423447
mlp,y_BTC-USD,7,2025-01-08,-0.026929603222076492,0.05070105195045471
mlp,y_BTC-USD,5,2025-01-09,0.023976181025154863,0.012995194643735886
mlp,y_BTC-USD,6,2025-01-09,0.023976181025154863,-0.008744601160287857
mlp,y_BTC-USD,7,2025-01-09,0.023976181025154863,0.018925389274954796
mlp,y_BTC-USD,5,2025-01-10,-0.001424047578467369,0.0419941283762455
mlp,y_BTC-USD,6,2025-01-10,-0.001424047578467369,0.012663695961236954
mlp,y_BTC-USD,7,2025-01-10,-0.001424047578467369,0.03546106815338135
mlp,y_BTC-USD,5,2025-01-11,-0.0008264678561502592,0.028753411024808884
mlp,y_BTC-USD,6,2025-01-11,-0.0008264678561502592,0.0073236748576164246
mlp,y_BTC-USD,7,2025-01-11,-0.0008264678561502592,-0.01814734749495983
mlp,y_BTC-USD,5,2025-01-12,0.00029724205673309356,0.004212338477373123
mlp,y_BTC-USD,6,2025-01-12,0.00029724205673309356,0.005515191704034805
mlp,y_BTC-USD,7,2025-01-12,0.00029724205673309356,-0.03716782480478287
mlp,y_BTC-USD,5,2025-01-13,0.021345722040169157,-0.03160643205046654
mlp,y_BTC-USD,6,2025-01-13,0.021345722040169157,-0.0004412904381752014
mlp,y_BTC-USD,7,2025-01-13,0.021345722040169157,-0.01741652749478817
mlp,y_BTC-USD,5,2025-01-14,0.041129999632577796,-0.011648843064904213
mlp,y_BTC-USD,6,2025-01-14,0.041129999632577796,0.0018365569412708282
mlp,y_BTC-USD,7,2025-01-14,0.041129999632577796,-0.001651691272854805
mlp,y_BTC-USD,5,2025-01-15,-0.0074383335632930425,0.11100722849369049
mlp,y_BTC-USD,6,2025-01-15,-0.0074383335632930425,0.0028435811400413513
mlp,y_BTC-USD,7,2025-01-15,-0.0074383335632930425,-0.03375433385372162
mlp,y_BTC-USD,5,2025-01-16,0.04716598568833419,-0.04367376118898392
mlp,y_BTC-USD,6,2025-01-16,0.04716598568833419,-0.004359470680356026
mlp,y_BTC-USD,7,2025-01-16,0.04716598568833419,-0.007483707740902901
mlp,y_BTC-USD,5,2025-01-17,-0.000516635042589142,0.034201230853796005
mlp,y_BTC-USD,6,2025-01-17,-0.000516635042589142,0.01169491931796074
mlp,y_BTC-USD,7,2025-01-17,-0.000516635042589142,-0.05492613464593887
mlp,y_BTC-USD,5,2025-01-18,-0.03178356737719257,0.024992626160383224
mlp,y_BTC-USD,6,2025-01-18,-0.03178356737719257,-0.012913012877106667
mlp,y_BTC-USD,7,2025-01-18,-0.03178356737719257,-0.030025621876120567
mlp,y_BTC-USD,5,2025-01-19,0.009170622908047932,-0.024998091161251068
mlp,y_BTC-USD,6,2025-01-19,0.009170622908047932,-0.014810774475336075
mlp,y_BTC-USD,7,2025-01-19,0.009170622908047932,-0.016160620376467705
mlp,y_BTC-USD,6,2025-01-20,0.040479676535688514,0.014255043119192123
mlp,y_BTC-USD,7,2025-01-20,0.040479676535688514,0.009495770558714867
mlp,y_BTC-USD,8,2025-01-20,0.040479676535688514,0.01826293207705021
mlp,y_BTC-USD,6,2025-01-21,-0.023488299826845638,-0.011280233040452003
mlp,y_BTC-USD,7,2025-01-21,-0.023488299826845638,-0.025421345606446266
mlp,y_BTC-USD,8,2025-01-21,-0.023488299826845638,-0.04865735024213791
mlp,y_BTC-USD,6,2025-01-22,0.002962783076025932,0.028343651443719864
mlp,y_BTC-USD,7,2025-01-22,0.002962783076025932,0.013625932857394218
mlp,y_BTC-USD,8,2025-01-22,0.002962783076025932,-0.01275515928864479
mlp,y_BTC-USD,6,2025-01-23,0.008265785680243276,0.07102663815021515
mlp,y_BTC-USD,7,2025-01-23,0.008265785680243276,0.008643785491585732
mlp,y_BTC-USD,8,2025-01-23,0.008265785680243276,0.03970574587583542
mlp,y_BTC-USD,6,2025-01-24,-0.0010001569662844156,-0.00099148228764534
mlp,y_BTC-USD,7,2025-01-24,-0.0010001569662844156,0.01398550532758236
mlp,y_BTC-USD,8,2025-01-24,-0.0010001569662844156,-0.008449366316199303
mlp,y_BTC-USD,6,2025-01-25,-0.019406534499448846,-0.017984796315431595
mlp,y_BTC-USD,7,2025-01-25,-0.019406534499448846,-0.018163194879889488
mlp,y_BTC-USD,8,2025-01-25,-0.019406534499448846,-0.009223060682415962
mlp,y_BTC-USD,6,2025-01-26,-0.005792734886665207,0.005193118005990982
mlp,y_BTC-USD,7,2025-01-26,-0.005792734886665207,-0.006343899294734001
mlp,y_BTC-USD,8,2025-01-26,-0.005792734886665207,0.0074035669676959515
mlp,y_BTC-USD,6,2025-01-27,-0.007397669160641884,-0.00434475764632225
mlp,y_BTC-USD,7,2025-01-27,-0.007397669160641884,0.010005539283156395
mlp,y_BTC-USD,8,2025-01-27,-0.007397669160641884,0.008125824853777885
mlp,y_BTC-USD,6,2025-01-28,0.023395602825692086,-0.01918509416282177
mlp,y_BTC-USD,7,2025-01-28,0.023395602825692086,-0.028583941981196404
mlp,y_BTC-USD,8,2025-01-28,0.023395602825692086,-0.022645253688097
mlp,y_BTC-USD,6,2025-01-29,0.009952379879751394,0.006749939173460007
mlp,y_BTC-USD,7,2025-01-29,0.009952379879751394,-0.017379766330122948
mlp,y_BTC-USD,8,2025-01-29,0.009952379879751394,-0.022432055324316025
mlp,y_BTC-USD,6,2025-01-30,-0.022249243050878498,0.05432278290390968
mlp,y_BTC-USD,7,2025-01-30,-0.022249243050878498,-0.008632460609078407
mlp,y_BTC-USD,8,2025-01-30,-0.022249243050878498,-0.011583613231778145
mlp,y_BTC-USD,6,2025-01-31,-0.017080384621634526,-0.019722482189536095
mlp,y_BTC-USD,7,2025-01-31,-0.017080384621634526,-0.03485342860221863
mlp,y_BTC-USD,8,2025-01-31,-0.017080384621634526,-0.007989825680851936
mlp,y_BTC-USD,6,2025-02-01,-0.02947596219670423,-0.010513855144381523
mlp,y_BTC-USD,7,2025-02-01,-0.02947596219670423,0.019365428015589714
mlp,y_BTC-USD,8,2025-02-01,-0.02947596219670423,0.008454874157905579
mlp,y_BTC-USD,6,2025-02-02,0.03804365081173988,0.01894524320960045
mlp,y_BTC-USD,7,2025-02-02,0.03804365081173988,-0.0010790042579174042
mlp,y_BTC-USD,8,2025-02-02,0.03804365081173988,0.00314747029915452
mlp,y_BTC-USD,6,2025-02-03,-0.034846278405663456,-0.0011298879981040955
mlp,y_BTC-USD,7,2025-02-03,-0.034846278405663456,0.019096676260232925
mlp,y_BTC-USD,8,2025-02-03,-0.034846278405663456,0.04420619457960129
mlp,y_BTC-USD,6,2025-02-04,-0.012836943218062724,-0.06239073723554611
mlp,y_BTC-USD,7,2025-02-04,-0.012836943218062724,-0.03338279575109482
mlp,y_BTC-USD,8,2025-02-04,-0.012836943218062724,0.05159418657422066
mlp,y_BTC-USD,6,2025-02-05,-0.00022924323774897726,-0.05690712481737137
mlp,y_BTC-USD,7,2025-02-05,-0.00022924323774897726,0.020627453923225403
mlp,y_BTC-USD,8,2025-02-05,-0.00022924323774897726,0.0016888785175979137
mlp,y_BTC-USD,6,2025-02-06,-0.0006647556256734743,-0.05911276489496231
mlp,y_BTC-USD,7,2025-02-06,-0.0006647556256734743,0.03211939334869385
mlp,y_BTC-USD,8,2025-02-06,-0.0006647556256734743,0.038498055189847946
mlp,y_BTC-USD,6,2025-02-07,-0.00048309597099249757,0.023655369877815247
mlp,y_BTC-USD,7,2025-02-07,-0.00048309597099249757,0.006431108340620995
mlp,y_BTC-USD,8,2025-02-07,-0.00048309597099249757,0.0107383131980896
mlp,y_BTC-USD,6,2025-02-08,0.00018283765004545316,-0.003762872889637947
mlp,y_BTC-USD,7,2025-02-08,0.00018283765004545316,0.0003084298223257065
mlp,y_BTC-USD,8,2025-02-08,0.00018283765004545316,-0.02078275941312313
mlp,y_BTC-USD,7,2025-02-09,0.009714611676219231,-0.012629939243197441
mlp,y_BTC-USD,8,2025-02-09,0.009714611676219231,-0.0011711455881595612
mlp,y_BTC-USD,9,2025-02-09,0.009714611676219231,-0.0022222548723220825
mlp,y_BTC-USD,7,2025-02-10,-0.017345724709743937,0.00014811940491199493
mlp,y_BTC-USD,8,2025-02-10,-0.017345724709743937,0.0014817235060036182
mlp,y_BTC-USD,9,2025-02-10,-0.017345724709743937,-0.01418960839509964
mlp,y_BTC-USD,7,2025-02-11,0.02233406885677658,0.029362833127379417
mlp,y_BTC-USD,8,2025-02-11,0.02233406885677658,-0.03395889326930046
mlp,y_BTC-USD,9,2025-02-11,0.02233406885677658,-0.002623826265335083
mlp,y_BTC-USD,7,2025-02-12,-0.012892487184132717,0.0015985611826181412
mlp,y_BTC-USD,8,2025-02-12,-0.012892487184132717,-0.008637191727757454
mlp,y_BTC-USD,9,2025-02-12,-0.012892487184132717,-0.011900333687663078
mlp,y_BTC-USD,7,2025-02-13,0.009160278803397981,-0.0711926743388176
mlp,y_BTC-USD,8,2025-02-13,0.009160278803397981,-0.029832717031240463
mlp,y_BTC-USD,9,2025-02-13,0.009160278803397981,-0.029952973127365112
mlp,y_BTC-USD,7,2025-02-14,0.0007320640697474623,-0.12524040043354034
mlp,y_BTC-USD,8,2025-02-14,0.0007320640697474623,-0.013009542599320412
mlp,y_BTC-USD,9,2025-02-14,0.0007320640697474623,-0.012853890657424927
mlp,y_BTC-USD,7,2025-02-15,-0.014401672980240199,-0.022358881309628487
mlp,y_BTC-USD,8,2025-02-15,-0.014401672980240199,-0.02147478051483631
mlp,y_BTC-USD,9,2025-02-15,-0.014401672980240199,-0.005938373506069183
mlp,y_BTC-USD,7,2025-02-16,-0.004176223623530095,-0.020571677014231682
mlp,y_BTC-USD,8,2025-02-16,-0.004176223623530095,0.012887474149465561
mlp,y_BTC-USD,9,2025-02-16,-0.004176223623530095,-0.000743325799703598
mlp,y_BTC-USD,7,2025-02-17,-0.0024415545387781457,-0.00979810394346714
mlp,y_BTC-USD,8,2025-02-17,-0.0024415545387781457,0.014030275866389275
mlp,y_BTC-USD,9,2025-02-17,-0.0024415545387781457,0.018739119172096252
mlp,y_BTC-USD,7,2025-02-18,0.011472343504350446,-0.06955321133136749
mlp,y_BTC-USD,8,2025-02-18,0.011472343504350446,-0.03588572144508362
mlp,y_BTC-USD,9,2025-02-18,0.011472343504350446,-0.01928357407450676
mlp,y_BTC-USD,7,2025-02-19,0.017574558032842136,-0.02451835386455059
mlp,y_BTC-USD,8,2025-02-19,0.017574558032842136,-0.04677578806877136
mlp,y_BTC-USD,9,2025-02-19,0.017574558032842136,0.03688286989927292
mlp,y_BTC-USD,7,2025-02-20,-0.02245807176184722,0.01073061116039753
mlp,y_BTC-USD,8,2025-02-20,-0.02245807176184722,0.006666430737823248
mlp,y_BTC-USD,9,2025-02-20,-0.02245807176184722,-0.018543275073170662
mlp,y_BTC-USD,7,2025-02-21,0.0047043783073406065,0.02571619115769863
mlp,y_BTC-USD,8,2025-02-21,0.0047043783073406065,0.003247576765716076
mlp,y_BTC-USD,9,2025-02-21,0.0047043783073406065,0.041056908667087555
mlp,y_BTC-USD,7,2025-02-22,-0.0031460239332733453,-0.006767699494957924
mlp,y_BTC-USD,8,2025-02-22,-0.0031460239332733453,-0.03172457963228226
mlp,y_BTC-USD,9,2025-02-22,-0.0031460239332733453,-0.01084923930466175
mlp,y_BTC-USD,7,2025-02-23,-0.05043681513571874,-0.008852807804942131
mlp,y_BTC-USD,8,2025-02-23,-0.05043681513571874,-0.01745045743882656
mlp,y_BTC-USD,9,2025-02-23,-0.05043681513571874,-0.011805756017565727
mlp,y_BTC-USD,7,2025-02-24,-0.029337712021491935,-0.015277629718184471
mlp,y_BTC-USD,8,2025-02-24,-0.029337712021491935,0.03337888419628143
mlp,y_BTC-USD,9,2025-02-24,-0.029337712021491935,0.0018453896045684814
mlp,y_BTC-USD,7,2025-02-25,-0.04946290046952739,-0.00795556791126728
mlp,y_BTC-USD,8,2025-02-25,-0.04946290046952739,-0.04821089655160904
mlp,y_BTC-USD,9,2025-02-25,-0.04946290046952739,0.019613023847341537
mlp,y_BTC-USD,7,2025-02-26,0.004234922709094535,0.017859796062111855
mlp,y_BTC-USD,8,2025-02-26,0.004234922709094535,-4.809815436601639e-06
mlp,y_BTC-USD,9,2025-02-26,0.004234922709094535,-0.0176616832613945
mlp,y_BTC-USD,7,2025-02-27,-0.003910297790814532,-0.05389552563428879
mlp,y_BTC-USD,8,2025-02-27,-0.003910297790814532,-0.012498252093791962
mlp,y_BTC-USD,9,2025-02-27,-0.003910297790814532,0.01177099347114563
mlp,y_BTC-USD,7,2025-02-28,0.019661575342751147,-0.03959459066390991
mlp,y_BTC-USD,8,2025-02-28,0.019661575342751147,0.09008675813674927
mlp,y_BTC-USD,9,2025-02-28,0.019661575342751147,0.13571491837501526
mlp,y_BTC-USD,8,2025-03-01,0.09550452979612856,0.0075897048227488995
mlp,y_BTC-USD,9,2025-03-01,0.09550452979612856,-0.022544071078300476
mlp,y_BTC-USD,10,2025-03-01,0.09550452979612856,-0.016016803681850433
mlp,y_BTC-USD,8,2025-03-03,0.013437685575495406,-0.00010584807023406029
mlp,y_BTC-USD,9,2025-03-03,0.013437685575495406,-0.0008221417665481567
mlp,y_BTC-USD,10,2025-03-03,0.013437685575495406,0.005234316922724247
mlp,y_BTC-USD,8,2025-03-04,0.03899657851208138,-0.02339436300098896
mlp,y_BTC-USD,9,2025-03-04,0.03899657851208138,-0.044708140194416046
mlp,y_BTC-USD,10,2025-03-04,0.03899657851208138,0.006028355099260807
mlp,y_BTC-USD,8,2025-03-05,-0.007303133084179958,-0.02337425760924816
mlp,y_BTC-USD,9,2025-03-05,-0.007303133084179958,-0.008634665980935097
mlp,y_BTC-USD,10,2025-03-05,-0.007303133084179958,-0.017073821276426315
mlp,y_BTC-USD,8,2025-03-06,-0.0357824911826653,-0.011246496811509132
mlp,y_BTC-USD,9,2025-03-06,-0.0357824911826653,-0.0189317986369133
mlp,y_BTC-USD,10,2025-03-06,-0.0357824911826653,-0.026842594146728516
mlp,y_BTC-USD,8,2025-03-07,-0.006779571257010009,-0.02412872016429901
mlp,y_BTC-USD,9,2025-03-07,-0.006779571257010009,0.006796654313802719
mlp,y_BTC-USD,10,2025-03-07,-0.006779571257010009,-0.007501538842916489
mlp,y_BTC-USD,8,2025-03-08,-0.0644603432710168,-0.032471925020217896
mlp,y_BTC-USD,9,2025-03-08,-0.0644603432710168,-0.014481788501143456
mlp,y_BTC-USD,10,2025-03-08,-0.0644603432710168,-0.016997866332530975
mlp,y_BTC-USD,8,2025-03-09,-0.02567012890361897,0.014618827030062675
mlp,y_BTC-USD,9,2025-03-09,-0.02567012890361897,-0.005216930061578751
mlp,y_BTC-USD,10,2025-03-09,-0.02567012890361897,-0.012003566138446331
mlp,y_BTC-USD,8,2025-03-10,0.05513944554449135,-0.017681609839200974
mlp,y_BTC-USD,9,2025-03-10,0.05513944554449135,0.001162014901638031
mlp,y_BTC-USD,10,2025-03-10,0.05513944554449135,-0.0017036936478689313
mlp,y_BTC-USD,8,2025-03-11,0.010380466895202334,-0.043743547052145004
mlp,y_BTC-USD,9,2025-03-11,0.010380466895202334,0.01493179053068161
mlp,y_BTC-USD,10,2025-03-11,0.010380466895202334,-0.0022722184658050537
mlp,y_BTC-USD,8,2025-03-12,-0.0317197970748182,-0.047186363488435745
mlp,y_BTC-USD,9,2025-03-12,-0.0317197970748182,-0.010137263685464859
mlp,y_BTC-USD,10,2025-03-12,-0.0317197970748182,-0.03820408880710602
mlp,y_BTC-USD,8,2025-03-13,0.03580259620308812,-0.03400721028447151
mlp,y_BTC-USD,9,2025-03-13,0.03580259620308812,0.024507887661457062
mlp,y_BTC-USD,10,2025-03-13,0.03580259620308812,-0.03782081604003906
mlp,y_BTC-USD,8,2025-03-14,0.004454112352525463,-0.024837935343384743
mlp,y_BTC-USD,9,2025-03-14,0.004454112352525463,-0.00037288665771484375
mlp,y_BTC-USD,10,2025-03-14,0.004454112352525463,-0.03300338611006737
mlp,y_BTC-USD,8,2025-03-15,-0.020907717157540473,0.00870991125702858
mlp,y_BTC-USD,9,2025-03-15,-0.020907717157540473,0.0060208141803741455
mlp,y_BTC-USD,10,2025-03-15,-0.020907717157540473,0.009798686020076275
mlp,y_BTC-USD,8,2025-03-16,0.018115835083536647,-0.033566683530807495
mlp,y_BTC-USD,9,2025-03-16,0.018115835083536647,-0.0032524801790714264
mlp,y_BTC-USD,10,2025-03-16,0.018115835083536647,-0.0193592831492424
mlp,y_BTC-USD,8,2025-03-17,-0.016142449028442418,-0.022706711664795876
mlp,y_BTC-USD,9,2025-03-17,-0.016142449028442418,-0.03171240910887718
mlp,y_BTC-USD,10,2025-03-17,-0.016142449028442418,-0.005429530516266823
mlp,y_BTC-USD,8,2025-03-18,0.049997601050550955,0.044736139476299286
mlp,y_BTC-USD,9,2025-03-18,0.049997601050550955,-0.01130763441324234
mlp,y_BTC-USD,10,2025-03-18,0.049997601050550955,-0.006336304824799299
mlp,y_BTC-USD,8,2025-03-19,-0.030937253791171848,-0.0418093167245388
mlp,y_BTC-USD,9,2025-03-19,-0.030937253791171848,-0.018733948469161987
mlp,y_BTC-USD,10,2025-03-19,-0.030937253791171848,-0.00846599880605936
mlp,y_BTC-USD,8,2025-03-20,-0.0014727011460912154,0.02185836061835289
mlp,y_BTC-USD,9,2025-03-20,-0.0014727011460912154,-0.007605528458952904
mlp,y_BTC-USD,10,2025-03-20,-0.0014727011460912154,0.00761521328240633
mlp,y_BTC-USD,8,2025-03-21,-0.0025077306278807887,-0.013499004766345024
mlp,y_BTC-USD,9,2025-03-21,-0.0025077306278807887,-0.02234875224530697
mlp,y_BTC-USD,10,2025-03-21,-0.0025077306278807887,-0.022760871797800064
mlp,y_BTC-USD,9,2025-03-22,0.026503933905394295,-0.006649522110819817
mlp,y_BTC-USD,10,2025-03-22,0.026503933905394295,-0.019765449687838554
mlp,y_BTC-USD,11,2025-03-22,0.026503933905394295,-0.0010601188987493515
mlp,y_BTC-USD,9,2025-03-23,0.016786352378946434,0.005995802581310272
mlp,y_BTC-USD,10,2025-03-23,0.016786352378946434,-0.009322459809482098
mlp,y_BTC-USD,11,2025-03-23,0.016786352378946434,-0.007014831528067589
mlp,y_BTC-USD,9,2025-03-24,-0.0003109860024155253,0.024829085916280746
mlp,y_BTC-USD,10,2025-03-24,-0.0003109860024155253,-0.002854366786777973
mlp,y_BTC-USD,11,2025-03-24,-0.0003109860024155253,-0.017176782712340355
mlp,y_BTC-USD,9,2025-03-25,-0.00652577110204744,0.03745733201503754
mlp,y_BTC-USD,10,2025-03-25,-0.00652577110204744,-0.03797915577888489
mlp,y_BTC-USD,11,2025-03-25,-0.00652577110204744,0.0001398380845785141
mlp,y_BTC-USD,9,2025-03-26,0.003178549412391707,0.008879519999027252
mlp,y_BTC-USD,10,2025-03-26,0.003178549412391707,0.017386112362146378
mlp,y_BTC-USD,11,2025-03-26,0.003178549412391707,-0.00892469473183155
mlp,y_BTC-USD,9,2025-03-27,-0.032393289916566204,0.035367563366889954
mlp,y_BTC-USD,10,2025-03-27,-0.032393289916566204,-0.0621960312128067
mlp,y_BTC-USD,11,2025-03-27,-0.032393289916566204,-0.004484858363866806
mlp,y_BTC-USD,9,2025-03-28,-0.020812056603918605,0.033729374408721924
mlp,y_BTC-USD,10,2025-03-28,-0.020812056603918605,-0.003952006343752146
mlp,y_BTC-USD,11,2025-03-28,-0.020812056603918605,0.012355908751487732
mlp,y_BTC-USD,9,2025-03-29,-0.0031848691098436133,0.012132689356803894
mlp,y_BTC-USD,10,2025-03-29,-0.0031848691098436133,0.016772424802184105
mlp,y_BTC-USD,11,2025-03-29,-0.0031848691098436133,0.01594359241425991
mlp,y_BTC-USD,9,2025-03-30,0.0026038970780313253,0.0068836212158203125
mlp,y_BTC-USD,10,2025-03-30,0.0026038970780313253,-0.0008639945881441236
mlp,y_BTC-USD,11,2025-03-30,0.0026038970780313253,0.010713072493672371
mlp,y_BTC-USD,9,2025-03-31,0.0317418810684309,-0.014364970847964287
mlp,y_BTC-USD,10,2025-03-31,0.0317418810684309,-0.014790021814405918
mlp,y_BTC-USD,11,2025-03-31,0.0317418810684309,0.011073635891079903
mlp,y_BTC-USD,9,2025-04-01,-0.031507420800550134,0.10412371903657913
mlp,y_BTC-USD,10,2025-04-01,-0.031507420800550134,-0.03467126935720444
mlp,y_BTC-USD,11,2025-04-01,-0.031507420800550134,0.04712381958961487
mlp,y_BTC-USD,9,2025-04-02,0.007481504135517403,0.045873530209064484
mlp,y_BTC-USD,10,2025-04-02,0.007481504135517403,-0.05166254937648773
mlp,y_BTC-USD,11,2025-04-02,0.007481504135517403,0.03107207641005516
mlp,y_BTC-USD,9,2025-04-03,0.008916382019940938,-0.012284565716981888
mlp,y_BTC-USD,10,2025-04-03,0.008916382019940938,0.013822130858898163
mlp,y_BTC-USD,11,2025-04-03,0.008916382019940938,0.03638096898794174
mlp,y_BTC-USD,9,2025-04-04,-0.004043325726492686,-0.0009618811309337616
mlp,y_BTC-USD,10,2025-04-04,-0.004043325726492686,0.01530610490590334
mlp,y_BTC-USD,11,2025-04-04,-0.004043325726492686,0.022320104762911797
mlp,y_BTC-USD,9,2025-04-05,-0.06335339642726368,-0.00029912590980529785
mlp,y_BTC-USD,10,2025-04-05,-0.06335339642726368,-0.026890667155385017
mlp,y_BTC-USD,11,2025-04-05,-0.06335339642726368,0.006111814174801111
mlp,y_BTC-USD,9,2025-04-06,0.013051950296130821,-0.03900551050901413
mlp,y_BTC-USD,10,2025-04-06,0.013051950296130821,0.0081374142318964
mlp,y_BTC-USD,11,2025-04-06,0.013051950296130821,-0.0008753109723329544
mlp,y_BTC-USD,9,2025-04-07,-0.03739976334343409,0.027897119522094727
mlp,y_BTC-USD,10,2025-04-07,-0.03739976334343409,0.018057864159345627
mlp,y_BTC-USD,11,2025-04-07,-0.03739976334343409,-0.013603992760181427
mlp,y_BTC-USD,9,2025-04-08,0.0826253916648998,-0.03192904591560364
mlp,y_BTC-USD,10,2025-04-08,0.0826253916648998,-0.030648715794086456
mlp,y_BTC-USD,11,2025-04-08,0.0826253916648998,-0.002617591992020607
mlp,y_BTC-USD,9,2025-04-09,-0.0356990599146636,-0.009164508432149887
mlp,y_BTC-USD,10,2025-04-09,-0.0356990599146636,0.015339645557105541
mlp,y_BTC-USD,11,2025-04-09,-0.0356990599146636,0.0008329236879944801
mlp,y_BTC-USD,9,2025-04-10,0.04745546227457886,-0.02824953943490982
mlp,y_BTC-USD,10,2025-04-10,0.04745546227457886,0.010834036394953728
mlp,y_BTC-USD,11,2025-04-10,0.04745546227457886,-0.006438238546252251
mlp,y_BTC-USD,10,2025-04-11,0.022567917271733462,-0.05836625397205353
mlp,y_BTC-USD,11,2025-04-11,0.022567917271733462,-0.0019223615527153015
mlp,y_BTC-USD,12,2025-04-11,0.022567917271733462,0.019081473350524902
mlp,y_BTC-USD,10,2025-04-12,-0.01878516957885823,-0.01154026947915554
mlp,y_BTC-USD,11,2025-04-12,-0.01878516957885823,0.00744018005207181
mlp,y_BTC-USD,12,2025-04-12,-0.01878516957885823,0.003380797803401947
mlp,y_BTC-USD,10,2025-04-13,0.010245734631468162,-0.02654355950653553
mlp,y_BTC-USD,11,2025-04-13,0.010245734631468162,-0.015211468562483788
mlp,y_BTC-USD,12,2025-04-13,0.010245734631468162,-0.027216486632823944
mlp,y_BTC-USD,10,2025-04-14,-0.01033089354397465,-0.019262995570898056
mlp,y_BTC-USD,11,2025-04-14,-0.01033089354397465,0.0007170215249061584
mlp,y_BTC-USD,12,2025-04-14,-0.01033089354397465,0.004109185189008713
mlp,y_BTC-USD,10,2025-04-15,0.004360934564412222,0.006424791179597378
mlp,y_BTC-USD,11,2025-04-15,0.004360934564412222,-0.04536883533000946
mlp,y_BTC-USD,12,2025-04-15,0.004360934564412222,-0.00756344199180603
mlp,y_BTC-USD,10,2025-04-16,0.01025637449930672,-0.03024033084511757
mlp,y_BTC-USD,11,2025-04-16,0.01025637449930672,0.024344665929675102
mlp,y_BTC-USD,12,2025-04-16,0.01025637449930672,0.014485541731119156
mlp,y_BTC-USD,10,2025-04-17,-0.005241078764249063,-0.007015340030193329
mlp,y_BTC-USD,11,2025-04-17,-0.005241078764249063,0.027240563184022903
mlp,y_BTC-USD,12,2025-04-17,-0.005241078764249063,-0.0025500431656837463
mlp,y_BTC-USD,10,2025-04-18,0.007254038339443714,-0.012493534944951534
mlp,y_BTC-USD,11,2025-04-18,0.007254038339443714,0.08099988847970963
mlp,y_BTC-USD,12,2025-04-18,0.007254038339443714,-0.012691810727119446
mlp,y_BTC-USD,10,2025-04-21,0.06767662701452015,0.021452125161886215
mlp,y_BTC-USD,11,2025-04-21,0.06767662701452015,-0.011171519756317139
mlp,y_BTC-USD,12,2025-04-21,0.06767662701452015,0.03012915514409542
mlp,y_BTC-USD,10,2025-04-22,0.0027527134594511615,-0.013222350738942623
mlp,y_BTC-USD,11,2025-04-22,0.0027527134594511615,0.010149246081709862
mlp,y_BTC-USD,12,2025-04-22,0.0027527134594511615,0.0014410316944122314
mlp,y_BTC-USD,10,2025-04-23,0.0026114175645013393,-0.006627502851188183
mlp,y_BTC-USD,11,2025-04-23,0.0026114175645013393,0.02727748639881611
mlp,y_BTC-USD,12,2025-04-23,0.0026114175645013393,-0.033838167786598206
mlp,y_BTC-USD,10,2025-04-24,0.008267742531563593,0.0047218818217515945
mlp,y_BTC-USD,11,2025-04-24,0.008267742531563593,0.01061156764626503
mlp,y_BTC-USD,12,2025-04-24,0.008267742531563593,0.025855274870991707
mlp,y_BTC-USD,10,2025-04-25,-0.0007767095032226168,-0.005877557210624218
mlp,y_BTC-USD,11,2025-04-25,-0.0007767095032226168,-0.01011570543050766
mlp,y_BTC-USD,12,2025-04-25,-0.0007767095032226168,0.01612628623843193
mlp,y_BTC-USD,10,2025-04-26,-0.00942540809771053,-0.00425781449303031
mlp,y_BTC-USD,11,2025-04-26,-0.00942540809771053,0.009019725024700165
mlp,y_BTC-USD,12,2025-04-26,-0.00942540809771053,0.01172027736902237
mlp,y_BTC-USD,10,2025-04-27,0.013054325526514532,-0.04611790180206299
mlp,y_BTC-USD,11,2025-04-27,0.013054325526514532,0.005485529080033302
mlp,y_BTC-USD,12,2025-04-27,0.013054325526514532,-0.02133966237306595
mlp,y_BTC-USD,10,2025-04-28,-0.007306486319308303,0.0006139270262792706
mlp,y_BTC-USD,11,2025-04-28,-0.007306486319308303,0.02156595140695572
mlp,y_BTC-USD,12,2025-04-28,-0.007306486319308303,0.023737069219350815
mlp,y_BTC-USD,10,2025-04-29,-0.0008217291810309613,0.031525373458862305
mlp,y_BTC-USD,11,2025-04-29,-0.0008217291810309613,0.0120963454246521
mlp,y_BTC-USD,12,2025-04-29,-0.0008217291810309613,0.021730605512857437
mlp,y_BTC-USD,10,2025-04-30,0.02425526614507767,-0.002829967997968197
mlp,y_BTC-USD,11,2025-04-30,0.02425526614507767,-0.01764690689742565
mlp,y_BTC-USD,12,2025-04-30,0.02425526614507767,-0.015612926334142685
mlp,y_BTC-USD,10,2025-05-01,0.0043291974532626565,0.04862314462661743
mlp,y_BTC-USD,11,2025-05-01,0.0043291974532626565,-0.06848671287298203
mlp,y_BTC-USD,12,2025-05-01,0.0043291974532626565,-0.22973686456680298
mlp,y_BTC-USD,10,2025-05-02,-0.010507405827035687,-0.0019102698424831033
mlp,y_BTC-USD,11,2025-05-02,-0.010507405827035687,0.02805720455944538
mlp,y_BTC-USD,12,2025-05-02,-0.010507405827035687,0.05240925773978233
mlp,y_BTC-USD,11,2025-05-04,0.0045811763897039,-0.0025705592706799507
mlp,y_BTC-USD,12,2025-05-04,0.0045811763897039,-0.015272080898284912
mlp,y_BTC-USD,13,2025-05-04,0.0045811763897039,-0.026421179994940758
mlp,y_BTC-USD,11,2025-05-05,0.02168299794413664,-0.00029132887721061707
mlp,y_BTC-USD,12,2025-05-05,0.02168299794413664,-0.02379857748746872
mlp,y_BTC-USD,13,2025-05-05,0.02168299794413664,-0.010507145896553993
mlp,y_BTC-USD,11,2025-05-06,0.0023743581586117557,0.02744121290743351
mlp,y_BTC-USD,12,2025-05-06,0.0023743581586117557,-0.05852939188480377
mlp,y_BTC-USD,13,2025-05-06,0.0023743581586117557,0.04030079394578934
mlp,y_BTC-USD,11,2025-05-07,0.06399043746457878,0.010026483796536922
mlp,y_BTC-USD,12,2025-05-07,0.06399043746457878,-0.0034201033413410187
mlp,y_BTC-USD,13,2025-05-07,0.06399043746457878,0.032364584505558014
mlp,y_BTC-USD,11,2025-05-08,-0.002621130818400763,-0.00870157964527607
mlp,y_BTC-USD,12,2025-05-08,-0.002621130818400763,-0.02723035216331482
mlp,y_BTC-USD,13,2025-05-08,-0.002621130818400763,-0.022348502650856972
mlp,y_BTC-USD,11,2025-05-09,0.016756941758927724,-0.01683899760246277
mlp,y_BTC-USD,12,2025-05-09,0.016756941758927724,-0.011811934411525726
mlp,y_BTC-USD,13,2025-05-09,0.016756941758927724,-0.003762202337384224
mlp,y_BTC-USD,11,2025-05-10,-0.005635047193781384,0.015699665993452072
mlp,y_BTC-USD,12,2025-05-10,-0.005635047193781384,0.018423793837428093
mlp,y_BTC-USD,13,2025-05-10,-0.005635047193781384,0.004621179774403572
mlp,y_BTC-USD,11,2025-05-11,-0.01242389281274392,0.005393302999436855
mlp,y_BTC-USD,12,2025-05-11,-0.01242389281274392,-0.008462183177471161
mlp,y_BTC-USD,13,2025-05-11,-0.01242389281274392,0.015351920388638973
mlp,y_BTC-USD,11,2025-05-12,0.013197358248725033,-0.026999713853001595
mlp,y_BTC-USD,12,2025-05-12,0.013197358248725033,0.012481871992349625
mlp,y_BTC-USD,13,2025-05-12,0.013197358248725033,0.0027990005910396576
mlp,y_BTC-USD,11,2025-05-13,-0.006051642240404331,0.020205548033118248
mlp,y_BTC-USD,12,2025-05-13,-0.006051642240404331,0.010993633419275284
mlp,y_BTC-USD,13,2025-05-13,-0.006051642240404331,0.00863039493560791
mlp,y_BTC-USD,11,2025-05-14,0.00198211052629782,0.009132063016295433
mlp,y_BTC-USD,12,2025-05-14,0.00198211052629782,0.021539604291319847
mlp,y_BTC-USD,13,2025-05-14,0.00198211052629782,0.02495785802602768
mlp,y_BTC-USD,11,2025-05-15,-0.0024613470244020386,-0.025272352620959282
mlp,y_BTC-USD,12,2025-05-15,-0.0024613470244020386,0.0281178317964077
mlp,y_BTC-USD,13,2025-05-15,-0.0024613470244020386,0.008770020678639412
mlp,y_BTC-USD,11,2025-05-16,-0.0028814878109744146,-0.03324241191148758
mlp,y_BTC-USD,12,2025-05-16,-0.0028814878109744146,-0.023079827427864075
mlp,y_BTC-USD,13,2025-05-16,-0.0028814878109744146,-0.031156519427895546
mlp,y_BTC-USD,11,2025-05-17,0.03154266519659865,-0.0031789271160960197
mlp,y_BTC-USD,12,2025-05-17,0.03154266519659865,0.03282555192708969
mlp,y_BTC-USD,13,2025-05-17,0.03154266519659865,-0.004681766033172607
mlp,y_BTC-USD,11,2025-05-19,0.011220046530480143,-0.0016953591257333755
mlp,y_BTC-USD,12,2025-05-19,0.011220046530480143,-0.033753134310245514
mlp,y_BTC-USD,13,2025-05-19,0.011220046530480143,0.011984013952314854
mlp,y_BTC-USD,11,2025-05-20,0.027034018449719976,0.00429323548451066
mlp,y_BTC-USD,12,2025-05-20,0.027034018449719976,0.01667194999754429
mlp,y_BTC-USD,13,2025-05-20,0.027034018449719976,-0.0056702811270952225
mlp,y_BTC-USD,11,2025-05-21,0.018191448638679386,-0.006766900420188904
mlp,y_BTC-USD,12,2025-05-21,0.018191448638679386,0.009087257087230682
mlp,y_BTC-USD,13,2025-05-21,0.018191448638679386,-0.010551372542977333
mlp,y_BTC-USD,11,2025-05-22,-0.03927066820202352,0.0060522351413965225
mlp,y_BTC-USD,12,2025-05-22,-0.03927066820202352,-0.042678676545619965
mlp,y_BTC-USD,13,2025-05-22,-0.03927066820202352,-0.039642080664634705
mlp,y_BTC-USD,11,2025-05-23,0.004691674073487251,-0.0029397765174508095
mlp,y_BTC-USD,12,2025-05-23,0.004691674073487251,0.012501947581768036
mlp,y_BTC-USD,13,2025-05-23,0.004691674073487251,0.031427402049303055
mlp,y_BTC-USD,11,2025-05-24,0.011543009819045436,-0.015785744413733482
mlp,y_BTC-USD,12,2025-05-24,0.011543009819045436,-0.0030482932925224304
mlp,y_BTC-USD,13,2025-05-24,0.011543009819045436,0.011160464026033878
mlp,y_BTC-USD,12,2025-05-26,-0.004072780217708405,0.033059701323509216
mlp,y_BTC-USD,13,2025-05-26,-0.004072780217708405,0.016922077164053917
mlp,y_BTC-USD,14,2025-05-26,-0.004072780217708405,-0.012139398604631424
mlp,y_BTC-USD,12,2025-05-27,-0.010939184653144474,0.001422189176082611
mlp,y_BTC-USD,13,2025-05-27,-0.010939184653144474,0.014751174487173557
mlp,y_BTC-USD,14,2025-05-27,-0.010939184653144474,0.016981041058897972
mlp,y_BTC-USD,12,2025-05-28,-0.020041963379443528,-0.02314472198486328
mlp,y_BTC-USD,13,2025-05-28,-0.020041963379443528,-0.005181035026907921
mlp,y_BTC-USD,14,2025-05-28,-0.020041963379443528,0.02002117596566677
mlp,y_BTC-USD,12,2025-05-29,-0.015554336978341854,-0.007727999240159988
mlp,y_BTC-USD,13,2025-05-29,-0.015554336978341854,-0.009674513712525368
mlp,y_BTC-USD,14,2025-05-29,-0.015554336978341854,0.00962160900235176
mlp,y_BTC-USD,12,2025-05-30,0.006149348357177731,0.03967010974884033
mlp,y_BTC-USD,13,2025-05-30,0.006149348357177731,-4.4833868741989136e-05
mlp,y_BTC-USD,14,2025-05-30,0.006149348357177731,-0.027778610587120056
mlp,y_BTC-USD,12,2025-05-31,0.009690618169351017,0.12348177284002304
mlp,y_BTC-USD,13,2025-05-31,0.009690618169351017,-0.006961936131119728
mlp,y_BTC-USD,14,2025-05-31,0.009690618169351017,-0.006724553182721138
mlp,y_BTC-USD,12,2025-06-01,0.0021715582000447764,0.03712522238492966
mlp,y_BTC-USD,13,2025-06-01,0.0021715582000447764,-0.03664786368608475
mlp,y_BTC-USD,14,2025-06-01,0.0021715582000447764,0.0011953618377447128
mlp,y_BTC-USD,12,2025-06-02,-0.004241178746647534,-0.008452169597148895
mlp,y_BTC-USD,13,2025-06-02,-0.004241178746647534,-0.0037649087607860565
mlp,y_BTC-USD,14,2025-06-02,-0.004241178746647534,-0.005369273945689201
mlp,y_BTC-USD,12,2025-06-03,-0.0066439151364365845,0.02764141745865345
mlp,y_BTC-USD,13,2025-06-03,-0.0066439151364365845,0.020742803812026978
mlp,y_BTC-USD,14,2025-06-03,-0.0066439151364365845,-0.010077615268528461
mlp,y_BTC-USD,12,2025-06-04,-0.030134359325224014,0.027697747573256493
mlp,y_BTC-USD,13,2025-06-04,-0.030134359325224014,-0.015813136473298073
mlp,y_BTC-USD,14,2025-06-04,-0.030134359325224014,0.023738684132695198
mlp,y_BTC-USD,12,2025-06-05,0.027707252931573167,0.018806301057338715
mlp,y_BTC-USD,13,2025-06-05,0.027707252931573167,-0.01804153434932232
mlp,y_BTC-USD,14,2025-06-05,0.027707252931573167,0.0056608207523822784
mlp,y_BTC-USD,12,2025-06-06,0.011737496074678777,0.04909304901957512
mlp,y_BTC-USD,13,2025-06-06,0.011737496074678777,-0.02564450539648533
mlp,y_BTC-USD,14,2025-06-06,0.011737496074678777,-0.06569519639015198
mlp,y_BTC-USD,12,2025-06-07,0.0016855786016509722,-0.02991735190153122
mlp,y_BTC-USD,13,2025-06-07,0.0016855786016509722,-0.0036067981272935867
mlp,y_BTC-USD,14,2025-06-07,0.0016855786016509722,-0.011707842350006104
mlp,y_BTC-USD,12,2025-06-08,0.04253991795791734,0.028919264674186707
mlp,y_BTC-USD,13,2025-06-08,0.04253991795791734,-0.016461582854390144
mlp,y_BTC-USD,14,2025-06-08,0.04253991795791734,-0.0423782616853714
mlp,y_BTC-USD,12,2025-06-09,-0.0003342625487465778,-0.008265011012554169
mlp,y_BTC-USD,13,2025-06-09,-0.0003342625487465778,0.004957772791385651
mlp,y_BTC-USD,14,2025-06-09,-0.0003342625487465778,0.002703296020627022
mlp,y_BTC-USD,12,2025-06-10,-0.014244955298426398,-0.005329441279172897
mlp,y_BTC-USD,13,2025-06-10,-0.014244955298426398,0.0023622866719961166
mlp,y_BTC-USD,14,2025-06-10,-0.014244955298426398,0.015352992340922356
mlp,y_BTC-USD,12,2025-06-11,-0.025371753999169577,0.009190008044242859
mlp,y_BTC-USD,13,2025-06-11,-0.025371753999169577,-0.02654147706925869
mlp,y_BTC-USD,14,2025-06-11,-0.025371753999169577,0.023234033957123756
mlp,y_BTC-USD,12,2025-06-12,0.0015285141831733462,0.009868983179330826
mlp,y_BTC-USD,13,2025-06-12,0.0015285141831733462,-0.001955648884177208
mlp,y_BTC-USD,14,2025-06-12,0.0015285141831733462,0.002027992159128189
mlp,y_BTC-USD,12,2025-06-13,-0.0058304915798971235,-0.009565524756908417
mlp,y_BTC-USD,13,2025-06-13,-0.0058304915798971235,-0.006071919575333595
mlp,y_BTC-USD,14,2025-06-13,-0.0058304915798971235,-0.005748584866523743
mlp,y_BTC-USD,12,2025-06-14,0.0007548627203146641,0.02566571906208992
mlp,y_BTC-USD,13,2025-06-14,0.0007548627203146641,-0.009785199537873268
mlp,y_BTC-USD,14,2025-06-14,0.0007548627203146641,0.005262920632958412
mlp,y_BTC-USD,13,2025-07-02,0.007244728772290987,-0.038533374667167664
mlp,y_BTC-USD,14,2025-07-02,0.007244728772290987,-0.03248707205057144
mlp,y_BTC-USD,15,2025-07-02,0.007244728772290987,-0.009210754185914993
mlp,y_BTC-USD,13,2025-07-03,-0.014716556343200904,-0.01021047867834568
mlp,y_BTC-USD,14,2025-07-03,-0.014716556343200904,0.005712738260626793
mlp,y_BTC-USD,15,2025-07-03,-0.014716556343200904,-0.011922482401132584
mlp,y_BTC-USD,13,2025-07-04,0.0018220480395592098,0.04358894005417824
mlp,y_BTC-USD,14,2025-07-04,0.0018220480395592098,0.022644205018877983
mlp,y_BTC-USD,15,2025-07-04,0.0018220480395592098,-0.011652588844299316
mlp,y_BTC-USD,13,2025-07-05,0.009247710575546852,0.007339851930737495
mlp,y_BTC-USD,14,2025-07-05,0.009247710575546852,0.015084503218531609
mlp,y_BTC-USD,15,2025-07-05,0.009247710575546852,0.009358618408441544
mlp,y_BTC-USD,13,2025-07-06,-0.008534295352390808,-0.02487417496740818
mlp,y_BTC-USD,14,2025-07-06,-0.008534295352390808,-0.024268485605716705
mlp,y_BTC-USD,15,2025-07-06,-0.008534295352390808,-0.019384708255529404
mlp,y_BTC-USD,13,2025-07-07,0.006005750382996888,-0.009432142600417137
mlp,y_BTC-USD,14,2025-07-07,0.006005750382996888,-0.013442981988191605
mlp,y_BTC-USD,15,2025-07-07,0.006005750382996888,-0.00298897922039032
mlp,y_BTC-USD,13,2025-07-08,0.021810695604753683,0.027447201311588287
mlp,y_BTC-USD,14,2025-07-08,0.021810695604753683,0.010017940774559975
mlp,y_BTC-USD,15,2025-07-08,0.021810695604753683,-0.003895828500390053
mlp,y_BTC-USD,13,2025-07-09,0.041864660687494615,0.007533499971032143
mlp,y_BTC-USD,14,2025-07-09,0.041864660687494615,0.004200633615255356
mlp,y_BTC-USD,15,2025-07-09,0.041864660687494615,0.005708422511816025
mlp,y_BTC-USD,13,2025-07-10,0.013189291760499877,-0.013076940551400185
mlp,y_BTC-USD,14,2025-07-10,0.013189291760499877,-0.0020633526146411896
mlp,y_BTC-USD,15,2025-07-10,0.013189291760499877,0.0010920055210590363
mlp,y_BTC-USD,13,2025-07-13,0.006158578325259345,-0.02115134336054325
mlp,y_BTC-USD,14,2025-07-13,0.006158578325259345,-0.00898441206663847
mlp,y_BTC-USD,15,2025-07-13,0.006158578325259345,-0.0011560171842575073
mlp,y_BTC-USD,13,2025-07-14,-0.01729262210051885,-0.01025323010981083
mlp,y_BTC-USD,14,2025-07-14,-0.01729262210051885,-0.0004816316068172455
mlp,y_BTC-USD,15,2025-07-14,-0.01729262210051885,0.0012374278157949448
mlp,y_BTC-USD,13,2025-07-15,0.00816219450392297,-0.01431121863424778
mlp,y_BTC-USD,14,2025-07-15,0.00816219450392297,-0.0030869869515299797
mlp,y_BTC-USD,15,2025-07-15,0.00816219450392297,-0.026445232331752777
mlp,y_BTC-USD,13,2025-07-16,0.004643278306736054,0.014434175565838814
mlp,y_BTC-USD,14,2025-07-16,0.004643278306736054,0.027993516996502876
mlp,y_BTC-USD,15,2025-07-16,0.004643278306736054,0.02221055142581463
mlp,y_BTC-USD,13,2025-07-17,-0.01078563897020779,0.02611890248954296
mlp,y_BTC-USD,14,2025-07-17,-0.01078563897020779,0.06638357788324356
mlp,y_BTC-USD,15,2025-07-17,-0.01078563897020779,-0.016398325562477112
mlp,y_BTC-USD,13,2025-07-18,-0.0005360022928398989,-0.02144343964755535
mlp,y_BTC-USD,14,2025-07-18,-0.0005360022928398989,-0.0010339319705963135
mlp,y_BTC-USD,15,2025-07-18,-0.0005360022928398989,0.0009847432374954224
mlp,y_BTC-USD,13,2025-07-19,-0.00541960002562214,0.027700576931238174
mlp,y_BTC-USD,14,2025-07-19,-0.00541960002562214,0.002846160903573036
mlp,y_BTC-USD,15,2025-07-19,-0.00541960002562214,0.010481168515980244
mlp,y_BTC-USD,13,2025-07-20,0.0011828564931994912,0.03370317444205284
mlp,y_BTC-USD,14,2025-07-20,0.0011828564931994912,0.0008337255567312241
mlp,y_BTC-USD,15,2025-07-20,0.0011828564931994912,0.0094500333070755
mlp,y_BTC-USD,13,2025-07-21,0.02176332622218302,-0.0013699308037757874
mlp,y_BTC-USD,14,2025-07-21,0.02176332622218302,-0.019759241491556168
mlp,y_BTC-USD,15,2025-07-21,0.02176332622218302,-0.01356334239244461
mlp,y_BTC-USD,13,2025-07-22,-0.010337504434577038,0.0549490749835968
mlp,y_BTC-USD,14,2025-07-22,-0.010337504434577038,-0.010680527426302433
mlp,y_BTC-USD,15,2025-07-22,-0.010337504434577038,0.03163059055805206
mlp,y_BTC-USD,13,2025-07-23,-0.0032584822936673197,-0.01777147315442562
mlp,y_BTC-USD,14,2025-07-23,-0.0032584822936673197,-0.01683637499809265
mlp,y_BTC-USD,15,2025-07-23,-0.0032584822936673197,-0.012385640293359756
mlp,y_BTC-USD,14,2025-07-24,-0.006185093838706357,0.0051566436886787415
mlp,y_BTC-USD,15,2025-07-24,-0.006185093838706357,0.008274612948298454
mlp,y_BTC-USD,16,2025-07-24,-0.006185093838706357,-0.0009032413363456726
mlp,y_BTC-USD,14,2025-07-25,0.002647868724685587,-0.007974754087626934
mlp,y_BTC-USD,15,2025-07-25,0.002647868724685587,-0.030959460884332657
mlp,y_BTC-USD,16,2025-07-25,0.002647868724685587,-0.020667724311351776
mlp,y_BTC-USD,14,2025-07-26,0.012727075099638885,-0.005910815671086311
mlp,y_BTC-USD,15,2025-07-26,0.012727075099638885,0.01208164356648922
mlp,y_BTC-USD,16,2025-07-26,0.012727075099638885,-0.006829950958490372
mlp,y_BTC-USD,14,2025-07-27,-0.012758768211219684,0.013202087953686714
mlp,y_BTC-USD,15,2025-07-27,-0.012758768211219684,0.012385262176394463
mlp,y_BTC-USD,16,2025-07-27,-0.012758768211219684,-0.010281790047883987
mlp,y_BTC-USD,14,2025-07-28,-1.9742508661990676e-05,0.0054494719952344894
mlp,y_BTC-USD,15,2025-07-28,-1.9742508661990676e-05,0.004132136702537537
mlp,y_BTC-USD,16,2025-07-28,-1.9742508661990676e-05,-0.026827100664377213
mlp,y_BTC-USD,14,2025-07-29,-0.0007713643170961237,0.0012249443680047989
mlp,y_BTC-USD,15,2025-07-29,-0.0007713643170961237,0.02297804318368435
mlp,y_BTC-USD,16,2025-07-29,-0.0007713643170961237,0.0040297359228134155
mlp,y_BTC-USD,14,2025-07-30,-0.017592832754910526,0.033092692494392395
mlp,y_BTC-USD,15,2025-07-30,-0.017592832754910526,0.01520252600312233
mlp,y_BTC-USD,16,2025-07-30,-0.017592832754910526,0.014164090156555176
mlp,y_BTC-USD,14,2025-07-31,-0.021062154747402473,0.011335475370287895
mlp,y_BTC-USD,15,2025-07-31,-0.021062154747402473,0.012358658015727997
mlp,y_BTC-USD,16,2025-07-31,-0.021062154747402473,0.03870756924152374
mlp,y_BTC-USD,14,2025-08-01,-0.006999393518263508,0.016845697537064552
mlp,y_BTC-USD,15,2025-08-01,-0.006999393518263508,0.03155672177672386
mlp,y_BTC-USD,16,2025-08-01,-0.006999393518263508,0.009693559259176254
mlp,y_BTC-USD,14,2025-08-02,0.015025363723748075,-0.022821007296442986
mlp,y_BTC-USD,15,2025-08-02,0.015025363723748075,0.016500774770975113
mlp,y_BTC-USD,16,2025-08-02,0.015025363723748075,0.0010475143790245056
mlp,y_BTC-USD,14,2025-08-03,0.007478798363486527,0.02941039390861988
mlp,y_BTC-USD,15,2025-08-03,0.007478798363486527,0.04474937543272972
mlp,y_BTC-USD,16,2025-08-03,0.007478798363486527,-0.003317989408969879
mlp,y_BTC-USD,14,2025-08-04,-0.008085706753543476,0.0015500206500291824
mlp,y_BTC-USD,15,2025-08-04,-0.008085706753543476,0.0008843988180160522
mlp,y_BTC-USD,16,2025-08-04,-0.008085706753543476,-0.011241145431995392
mlp,y_BTC-USD,14,2025-08-05,0.007767158415357134,-0.005792871117591858
mlp,y_BTC-USD,15,2025-08-05,0.007767158415357134,0.011445300653576851
mlp,y_BTC-USD,16,2025-08-05,0.007767158415357134,0.01329604908823967
mlp,y_BTC-USD,14,2025-08-06,0.021463456180234486,0.010388730093836784
mlp,y_BTC-USD,15,2025-08-06,0.021463456180234486,0.007831377908587456
mlp,y_BTC-USD,16,2025-08-06,0.021463456180234486,-0.004504840821027756
mlp,y_BTC-USD,14,2025-08-07,-0.0068782400705657,0.020906919613480568
mlp,y_BTC-USD,15,2025-08-07,-0.0068782400705657,0.0010423026978969574
mlp,y_BTC-USD,16,2025-08-07,-0.0068782400705657,-0.05146273970603943
mlp,y_BTC-USD,14,2025-08-08,-0.0016142706587778388,0.05519732087850571
mlp,y_BTC-USD,15,2025-08-08,-0.0016142706587778388,0.030070746317505836
mlp,y_BTC-USD,16,2025-08-08,-0.0016142706587778388,-0.10426637530326843
mlp,y_BTC-USD,14,2025-08-09,0.02408918266480664,0.05194052308797836
mlp,y_BTC-USD,15,2025-08-09,0.02408918266480664,-0.008400442078709602
mlp,y_BTC-USD,16,2025-08-09,0.02408918266480664,-0.05908231437206268
mlp,y_BTC-USD,14,2025-08-10,-0.004822128356753663,-0.013516785576939583
mlp,y_BTC-USD,15,2025-08-10,-0.004822128356753663,0.0026156511157751083
mlp,y_BTC-USD,16,2025-08-10,-0.004822128356753663,-0.007867194712162018
mlp,y_BTC-USD,14,2025-08-11,0.012140515376580119,0.0053338054567575455
mlp,y_BTC-USD,15,2025-08-11,0.012140515376580119,0.011260423809289932
mlp,y_BTC-USD,16,2025-08-11,0.012140515376580119,0.0034835468977689743
mlp,y_BTC-USD,14,2025-08-12,0.026388279596092357,0.021792924031615257
mlp,y_BTC-USD,15,2025-08-12,0.026388279596092357,0.019999481737613678
mlp,y_BTC-USD,16,2025-08-12,0.026388279596092357,0.02811787836253643
mlp,y_BTC-USD,15,2025-08-13,-0.040411222672351976,-0.003801364451646805
mlp,y_BTC-USD,16,2025-08-13,-0.040411222672351976,-0.005365412682294846
mlp,y_BTC-USD,17,2025-08-13,-0.040411222672351976,0.01915867254137993
mlp,y_BTC-USD,15,2025-08-14,-0.008121240187970669,0.007787757553160191
mlp,y_BTC-USD,16,2025-08-14,-0.008121240187970669,0.0080820731818676
mlp,y_BTC-USD,17,2025-08-14,-0.008121240187970669,0.014921655878424644
mlp,y_BTC-USD,15,2025-08-15,0.0007921746665282559,1.5243887901306152e-05
mlp,y_BTC-USD,16,2025-08-15,0.0007921746665282559,0.007714968174695969
mlp,y_BTC-USD,17,2025-08-15,0.0007921746665282559,0.014647160656750202
mlp,y_BTC-USD,15,2025-08-16,-0.00032588834829794244,0.016050800681114197
mlp,y_BTC-USD,16,2025-08-16,-0.00032588834829794244,0.0040245745331048965
mlp,y_BTC-USD,17,2025-08-16,-0.00032588834829794244,0.008403705433011055
mlp,y_BTC-USD,15,2025-08-17,-0.01022323279139703,0.011618828400969505
mlp,y_BTC-USD,16,2025-08-17,-0.01022323279139703,0.004502784460783005
mlp,y_BTC-USD,17,2025-08-17,-0.01022323279139703,-0.008161693811416626
mlp,y_BTC-USD,15,2025-08-18,-0.029428514056440758,-0.009377390146255493
mlp,y_BTC-USD,16,2025-08-18,-0.029428514056440758,-0.01789272576570511
mlp,y_BTC-USD,17,2025-08-18,-0.029428514056440758,0.003481978550553322
mlp,y_BTC-USD,15,2025-08-19,0.012794003430595335,-0.0038473904132843018
mlp,y_BTC-USD,16,2025-08-19,0.012794003430595335,-0.009770467877388
mlp,y_BTC-USD,17,2025-08-19,0.012794003430595335,0.010639123618602753
mlp,y_BTC-USD,15,2025-08-20,-0.01623902974513114,0.012482596561312675
mlp,y_BTC-USD,16,2025-08-20,-0.01623902974513114,0.005935346707701683
mlp,y_BTC-USD,17,2025-08-20,-0.01623902974513114,0.0068880654871463776
mlp,y_BTC-USD,15,2025-08-21,0.03962900798880531,-0.0030989646911621094
mlp,y_BTC-USD,16,2025-08-21,0.03962900798880531,-0.013391617685556412
mlp,y_BTC-USD,17,2025-08-21,0.03962900798880531,0.011079266667366028
mlp,y_BTC-USD,15,2025-08-22,-0.012832252765613172,0.011103952303528786
mlp,y_BTC-USD,16,2025-08-22,-0.012832252765613172,0.00624413788318634
mlp,y_BTC-USD,17,2025-08-22,-0.012832252765613172,0.013161208480596542
mlp,y_BTC-USD,15,2025-08-23,-0.016605933647771742,-0.0037050824612379074
mlp,y_BTC-USD,16,2025-08-23,-0.016605933647771742,-0.00028443336486816406
mlp,y_BTC-USD,17,2025-08-23,-0.016605933647771742,0.008467484265565872
mlp,y_BTC-USD,15,2025-08-25,0.015240086898922645,0.023857761174440384
mlp,y_BTC-USD,16,2025-08-25,0.015240086898922645,0.007468851283192635
mlp,y_BTC-USD,17,2025-08-25,0.015240086898922645,0.013241086155176163
mlp,y_BTC-USD,15,2025-08-26,-0.005193022862549412,0.007286272943019867
mlp,y_BTC-USD,16,2025-08-26,-0.005193022862549412,0.04000863432884216
mlp,y_BTC-USD,17,2025-08-26,-0.005193022862549412,-0.00639556348323822
mlp,y_BTC-USD,15,2025-08-27,0.01189280397942638,0.006553802639245987
mlp,y_BTC-USD,16,2025-08-27,0.01189280397942638,0.008311064913868904
mlp,y_BTC-USD,17,2025-08-27,0.01189280397942638,0.01993521675467491
mlp,y_BTC-USD,15,2025-08-28,-0.036731759955323295,0.022646402940154076
mlp,y_BTC-USD,16,2025-08-28,-0.036731759955323295,0.004712551832199097
mlp,y_BTC-USD,17,2025-08-28,-0.036731759955323295,0.008641587570309639
mlp,y_BTC-USD,15,2025-08-29,0.003664157476186425,-1.6823410987854004e-05
mlp,y_BTC-USD,16,2025-08-29,0.003664157476186425,0.0011202432215213776
mlp,y_BTC-USD,17,2025-08-29,0.003664157476186425,0.005805220454931259
mlp,y_BTC-USD,15,2025-08-30,-0.00525107534173741,0.0030065644532442093
mlp,y_BTC-USD,16,2025-08-30,-0.00525107534173741,-0.039496928453445435
mlp,y_BTC-USD,17,2025-08-30,-0.00525107534173741,0.011757627129554749
mlp,y_BTC-USD,15,2025-08-31,0.009367272930950854,-0.008066145703196526
mlp,y_BTC-USD,16,2025-08-31,0.009367272930950854,-0.0040561482310295105
mlp,y_BTC-USD,17,2025-08-31,0.009367272930950854,-0.006307683885097504
mlp,y_BTC-USD,15,2025-09-01,0.017848801737061493,-0.02732604369521141
mlp,y_BTC-USD,16,2025-09-01,0.017848801737061493,0.004354413598775864
mlp,y_BTC-USD,17,2025-09-01,0.017848801737061493,-0.0297638401389122
mlp,y_BTC-USD,15,2025-09-02,0.004699840343410866,0.027153698727488518
mlp,y_BTC-USD,16,2025-09-02,0.004699840343410866,0.006909627467393875
mlp,y_BTC-USD,17,2025-09-02,0.004699840343410866,-0.01217649132013321
mlp,y_BTC-USD,16,2025-09-03,-0.008947195185422974,0.0049037691205739975
mlp,y_BTC-USD,17,2025-09-03,-0.008947195185422974,0.0159324798732996
mlp,y_BTC-USD,18,2025-09-03,-0.008947195185422974,0.015088450163602829
mlp,y_BTC-USD,16,2025-09-04,-0.0006558419928113235,0.01003190129995346
mlp,y_BTC-USD,17,2025-09-04,-0.0006558419928113235,0.021355489268898964
mlp,y_BTC-USD,18,2025-09-04,-0.0006558419928113235,-0.0022018887102603912
mlp,y_BTC-USD,16,2025-09-05,-0.0038525555367432407,-0.057620108127593994
mlp,y_BTC-USD,17,2025-09-05,-0.0038525555367432407,-0.0321514792740345
mlp,y_BTC-USD,18,2025-09-05,-0.0038525555367432407,0.0007848329842090607
mlp,y_BTC-USD,16,2025-09-06,0.008554542812086785,0.020028777420520782
mlp,y_BTC-USD,17,2025-09-06,0.008554542812086785,0.014242121949791908
mlp,y_BTC-USD,18,2025-09-06,0.008554542812086785,-0.023565761744976044
mlp,y_BTC-USD,16,2025-09-07,0.008130177859939192,0.020004967227578163
mlp,y_BTC-USD,17,2025-09-07,0.008130177859939192,-0.0007237326353788376
mlp,y_BTC-USD,18,2025-09-07,0.008130177859939192,-0.006331067532300949
mlp,y_BTC-USD,16,2025-09-08,-0.004826232823193166,-0.00591973215341568
mlp,y_BTC-USD,17,2025-09-08,-0.004826232823193166,-0.0040725842118263245
mlp,y_BTC-USD,18,2025-09-08,-0.004826232823193166,-0.01448722556233406
mlp,y_BTC-USD,16,2025-09-09,0.02174124101370767,0.016645178198814392
mlp,y_BTC-USD,17,2025-09-09,0.02174124101370767,-0.009530898183584213
mlp,y_BTC-USD,18,2025-09-09,0.02174124101370767,-0.030957624316215515
mlp,y_BTC-USD,16,2025-09-10,0.013620945043858246,-0.0025875642895698547
mlp,y_BTC-USD,17,2025-09-10,0.013620945043858246,0.015940262004733086
mlp,y_BTC-USD,18,2025-09-10,0.013620945043858246,0.029997896403074265
mlp,y_BTC-USD,16,2025-09-11,0.005142859655061782,0.017612595111131668
mlp,y_BTC-USD,17,2025-09-11,0.005142859655061782,0.003615753725171089
mlp,y_BTC-USD,18,2025-09-11,0.005142859655061782,0.0011218376457691193
mlp,y_BTC-USD,16,2025-09-12,-0.0013011908618274504,-0.026417583227157593
mlp,y_BTC-USD,17,2025-09-12,-0.0013011908618274504,0.028037071228027344
mlp,y_BTC-USD,18,2025-09-12,-0.0013011908618274504,0.010281112045049667
mlp,y_BTC-USD,16,2025-09-13,-0.004681752350561785,0.018901482224464417
mlp,y_BTC-USD,17,2025-09-13,-0.004681752350561785,0.004770072177052498
mlp,y_BTC-USD,18,2025-09-13,-0.004681752350561785,-0.026980720460414886
mlp,y_BTC-USD,16,2025-09-14,0.0003224981011604733,0.02508985996246338
mlp,y_BTC-USD,17,2025-09-14,0.0003224981011604733,0.003536045551300049
mlp,y_BTC-USD,18,2025-09-14,0.0003224981011604733,-0.002758752554655075
mlp,y_BTC-USD,16,2025-09-15,0.012112382641498831,0.009953275322914124
mlp,y_BTC-USD,17,2025-09-15,0.012112382641498831,-0.006508104503154755
mlp,y_BTC-USD,18,2025-09-15,0.012112382641498831,-0.0059318020939826965
mlp,y_BTC-USD,16,2025-09-16,-0.0032066883445814875,0.016547916457057
mlp,y_BTC-USD,17,2025-09-16,-0.0032066883445814875,0.003497770056128502
mlp,y_BTC-USD,18,2025-09-16,-0.0032066883445814875,-0.0005909837782382965
mlp,y_BTC-USD,16,2025-09-17,0.005741425944741474,-0.00048537179827690125
mlp,y_BTC-USD,17,2025-09-17,0.005741425944741474,0.014723282307386398
mlp,y_BTC-USD,18,2025-09-17,0.005741425944741474,-0.021369650959968567
mlp,y_BTC-USD,16,2025-09-18,-0.012364506846338497,0.016318194568157196
mlp,y_BTC-USD,17,2025-09-18,-0.012364506846338497,-0.046512387692928314
mlp,y_BTC-USD,18,2025-09-18,-0.012364506846338497,0.1997537761926651
mlp,y_BTC-USD,16,2025-09-19,0.0002861257573012477,-0.023106589913368225
mlp,y_BTC-USD,17,2025-09-19,0.0002861257573012477,-0.007009342312812805
mlp,y_BTC-USD,18,2025-09-19,0.0002861257573012477,0.2017638236284256
mlp,y_BTC-USD,16,2025-09-20,-0.003593675600818802,-0.022909365594387054
mlp,y_BTC-USD,17,2025-09-20,-0.003593675600818802,0.007341669872403145
mlp,y_BTC-USD,18,2025-09-20,-0.003593675600818802,-0.0037729106843471527
mlp,y_BTC-USD,16,2025-09-21,-0.02218083931492132,0.012218831107020378
mlp,y_BTC-USD,17,2025-09-21,-0.02218083931492132,0.03365331515669823
mlp,y_BTC-USD,18,2025-09-21,-0.02218083931492132,0.050807517021894455
mlp,y_BTC-USD,16,2025-09-22,-0.00651013327573835,-0.018572792410850525
mlp,y_BTC-USD,17,2025-09-22,-0.00651013327573835,-0.037203095853328705
mlp,y_BTC-USD,18,2025-09-22,-0.00651013327573835,0.0191185362637043
mlp,y_BTC-USD,17,2025-09-23,0.011731809832655538,0.009192556142807007
mlp,y_BTC-USD,18,2025-09-23,0.011731809832655538,-0.01784038171172142
mlp,y_BTC-USD,19,2025-09-23,0.011731809832655538,-0.016614992171525955
mlp,y_BTC-USD,17,2025-09-24,-0.03776048156409062,0.015774846076965332
mlp,y_BTC-USD,18,2025-09-24,-0.03776048156409062,0.2206893116235733
mlp,y_BTC-USD,19,2025-09-24,-0.03776048156409062,-0.08427754044532776
mlp,y_BTC-USD,17,2025-09-25,0.0060847628462732395,-0.04524762183427811
mlp,y_BTC-USD,18,2025-09-25,0.0060847628462732395,0.024811934679746628
mlp,y_BTC-USD,19,2025-09-25,0.0060847628462732395,-0.0015067458152770996
mlp,y_BTC-USD,17,2025-09-26,-0.0002814877077529365,0.008782735094428062
mlp,y_BTC-USD,18,2025-09-26,-0.0002814877077529365,0.00374404713511467
mlp,y_BTC-USD,19,2025-09-26,-0.0002814877077529365,0.036395587027072906
mlp,y_BTC-USD,17,2025-09-27,0.02225248016477188,0.03241901099681854
mlp,y_BTC-USD,18,2025-09-27,0.02225248016477188,0.016144659370183945
mlp,y_BTC-USD,19,2025-09-27,0.02225248016477188,0.029896661639213562
mlp,y_BTC-USD,17,2025-09-28,0.02031473906432546,0.013156302273273468
mlp,y_BTC-USD,18,2025-09-28,0.02031473906432546,-0.023132171481847763
mlp,y_BTC-USD,19,2025-09-28,0.02031473906432546,0.00021233037114143372
mlp,y_BTC-USD,17,2025-09-29,-0.003009577997342028,0.00116821750998497
mlp,y_BTC-USD,18,2025-09-29,-0.003009577997342028,-0.004404399544000626
mlp,y_BTC-USD,19,2025-09-29,-0.003009577997342028,0.016510918736457825
mlp,y_BTC-USD,17,2025-09-30,0.04026829179914837,-0.009643640369176865
mlp,y_BTC-USD,18,2025-09-30,0.04026829179914837,0.00834527239203453
mlp,y_BTC-USD,19,2025-09-30,0.04026829179914837,-0.02418939396739006
mlp,y_BTC-USD,17,2025-10-01,0.017128920845327356,0.05295698344707489
mlp,y_BTC-USD,18,2025-10-01,0.017128920845327356,0.030944887548685074
mlp,y_BTC-USD,19,2025-10-01,0.017128920845327356,-0.04364629462361336
mlp,y_BTC-USD,17,2025-10-02,0.013136036748664148,0.05174888297915459
mlp,y_BTC-USD,18,2025-10-02,0.013136036748664148,-0.015775319188833237
mlp,y_BTC-USD,19,2025-10-02,0.013136036748664148,0.0015680491924285889
mlp,y_BTC-USD,17,2025-10-03,0.001299606980548873,0.0017525330185890198
mlp,y_BTC-USD,18,2025-10-03,0.001299606980548873,0.009938951581716537
mlp,y_BTC-USD,19,2025-10-03,0.001299606980548873,-0.06052197143435478
mlp,y_BTC-USD,17,2025-10-04,0.008887425412982486,-0.010386593639850616
mlp,y_BTC-USD,18,2025-10-04,0.008887425412982486,-0.014161381870508194
mlp,y_BTC-USD,19,2025-10-04,0.008887425412982486,0.021997788920998573
mlp,y_BTC-USD,17,2025-10-05,0.010031736794915869,-0.00390905886888504
mlp,y_BTC-USD,18,2025-10-05,0.010031736794915869,0.017261233180761337
mlp,y_BTC-USD,19,2025-10-05,0.010031736794915869,-0.003724958747625351
mlp,y_BTC-USD,17,2025-10-06,-0.026461574802715715,0.016545455902814865
mlp,y_BTC-USD,18,2025-10-06,-0.026461574802715715,0.02200428768992424
mlp,y_BTC-USD,19,2025-10-06,-0.026461574802715715,0.04581812396645546
mlp,y_BTC-USD,17,2025-10-07,0.01567280940669602,-0.012421373277902603
mlp,y_BTC-USD,18,2025-10-07,0.01567280940669602,0.0149470753967762
mlp,y_BTC-USD,19,2025-10-07,0.01567280940669602,0.022397808730602264
mlp,y_BTC-USD,17,2025-10-08,-0.013370216251727518,-0.007117964327335358
mlp,y_BTC-USD,18,2025-10-08,-0.013370216251727518,0.010120045393705368
mlp,y_BTC-USD,19,2025-10-08,-0.013370216251727518,0.025707349181175232
mlp,y_BTC-USD,17,2025-10-09,-0.06976852117831744,-0.012508705258369446
mlp,y_BTC-USD,18,2025-10-09,-0.06976852117831744,-0.0022083409130573273
mlp,y_BTC-USD,19,2025-10-09,-0.06976852117831744,-0.002978254109621048
mlp,y_BTC-USD,17,2025-10-10,-0.02125599811033263,0.014756625518202782
mlp,y_BTC-USD,18,2025-10-10,-0.02125599811033263,0.014450859278440475
mlp,y_BTC-USD,19,2025-10-10,-0.02125599811033263,-0.010485995560884476
mlp,y_BTC-USD,17,2025-10-11,0.03936437283871608,0.006244886666536331
mlp,y_BTC-USD,18,2025-10-11,0.03936437283871608,-0.0031675584614276886
mlp,y_BTC-USD,19,2025-10-11,0.03936437283871608,0.011098943650722504
mlp,y_BTC-USD,17,2025-10-12,0.000879679657679322,-0.0066967010498046875
mlp,y_BTC-USD,18,2025-10-12,0.000879679657679322,-0.04260037839412689
mlp,y_BTC-USD,19,2025-10-12,0.000879679657679322,-0.0144570954144001
mlp,y_BTC-USD,18,2025-10-13,-0.01867262888064536,0.026060502976179123
mlp,y_BTC-USD,19,2025-10-13,-0.01867262888064536,-0.04597938433289528
mlp,y_BTC-USD,20,2025-10-13,-0.01867262888064536,-0.04342789202928543
mlp,y_BTC-USD,18,2025-10-14,-0.02064646024028005,-0.026579909026622772
mlp,y_BTC-USD,19,2025-10-14,-0.02064646024028005,-0.009739954024553299
mlp,y_BTC-USD,20,2025-10-14,-0.02064646024028005,0.002228759229183197
mlp,y_BTC-USD,18,2025-10-15,-0.023443318504017374,0.06130791828036308
mlp,y_BTC-USD,19,2025-10-15,-0.023443318504017374,-0.09334534406661987
mlp,y_BTC-USD,20,2025-10-15,-0.023443318504017374,0.004440955817699432
mlp,y_BTC-USD,18,2025-10-16,-0.01588236351834038,0.09608593583106995
mlp,y_BTC-USD,19,2025-10-16,-0.01588236351834038,0.00564948096871376
mlp,y_BTC-USD,20,2025-10-16,-0.01588236351834038,-0.03501319885253906
mlp,y_BTC-USD,18,2025-10-17,0.006861009972426446,-0.013429921120405197
mlp,y_BTC-USD,19,2025-10-17,0.006861009972426446,-0.016540106385946274
mlp,y_BTC-USD,20,2025-10-17,0.006861009972426446,0.004186093807220459
mlp,y_BTC-USD,18,2025-10-18,0.013698405510000455,-0.021005820482969284
mlp,y_BTC-USD,19,2025-10-18,0.013698405510000455,0.0003626979887485504
mlp,y_BTC-USD,20,2025-10-18,0.013698405510000455,-0.010660696774721146
mlp,y_BTC-USD,18,2025-10-19,0.01768912239467313,0.007622215896844864
mlp,y_BTC-USD,19,2025-10-19,0.01768912239467313,0.009552303701639175
mlp,y_BTC-USD,20,2025-10-19,0.01768912239467313,0.0035052504390478134
mlp,y_BTC-USD,18,2025-10-20,-0.019098105646452646,0.02391790971159935
mlp,y_BTC-USD,19,2025-10-20,-0.019098105646452646,0.012900806963443756
mlp,y_BTC-USD,20,2025-10-20,-0.019098105646452646,-0.0018714852631092072
mlp,y_BTC-USD,18,2025-10-21,-0.007267028792566799,-0.0185232013463974
mlp,y_BTC-USD,19,2025-10-21,-0.007267028792566799,-0.013632230460643768
mlp,y_BTC-USD,20,2025-10-21,-0.007267028792566799,-0.01751895248889923
mlp,y_BTC-USD,18,2025-10-22,0.022111355667553845,-0.005208279937505722
mlp,y_BTC-USD,19,2025-10-22,0.022111355667553845,-0.01734938845038414
mlp,y_BTC-USD,20,2025-10-22,0.022111355667553845,0.026894811540842056
mlp,y_BTC-USD,18,2025-10-23,0.008759859251149305,-0.010570567101240158
mlp,y_BTC-USD,19,2025-10-23,0.008759859251149305,0.0076551251113414764
mlp,y_BTC-USD,20,2025-10-23,0.008759859251149305,-0.002022393047809601
mlp,y_BTC-USD,18,2025-10-24,0.005474045023684315,-0.025673771277070045
mlp,y_BTC-USD,19,2025-10-24,0.005474045023684315,-0.00663028284907341
mlp,y_BTC-USD,20,2025-10-24,0.005474045023684315,0.0029360447078943253
mlp,y_BTC-USD,18,2025-10-25,0.025355383127430242,0.008554022759199142
mlp,y_BTC-USD,19,2025-10-25,0.025355383127430242,-0.044073257595300674
mlp,y_BTC-USD,20,2025-10-25,0.025355383127430242,-0.004036612808704376
mlp,y_BTC-USD,18,2025-10-26,-0.0030847352525406047,0.029082443565130234
mlp,y_BTC-USD,19,2025-10-26,-0.0030847352525406047,-0.02840006723999977
mlp,y_BTC-USD,20,2025-10-26,-0.0030847352525406047,0.011062568984925747
mlp,y_BTC-USD,18,2025-10-27,-0.01019252462848308,-0.020716585218906403
mlp,y_BTC-USD,19,2025-10-27,-0.01019252462848308,0.0064596571028232574
mlp,y_BTC-USD,20,2025-10-27,-0.01019252462848308,0.029600664973258972
mlp,y_BTC-USD,18,2025-10-28,-0.025681284408657135,0.02789197489619255
mlp,y_BTC-USD,19,2025-10-28,-0.025681284408657135,0.019767247140407562
mlp,y_BTC-USD,20,2025-10-28,-0.025681284408657135,0.001100132241845131
mlp,y_BTC-USD,18,2025-10-29,-0.015898895718551742,0.0023165270686149597
mlp,y_BTC-USD,19,2025-10-29,-0.015898895718551742,-0.002839755266904831
mlp,y_BTC-USD,20,2025-10-29,-0.015898895718551742,-0.025565948337316513
mlp,y_BTC-USD,18,2025-10-30,0.011547120379193476,-0.005302801728248596
mlp,y_BTC-USD,19,2025-10-30,0.011547120379193476,0.009195294231176376
mlp,y_BTC-USD,20,2025-10-30,0.011547120379193476,0.000999080017209053
mlp,y_BTC-USD,18,2025-10-31,0.004635536182247879,0.02366301789879799
mlp,y_BTC-USD,19,2025-10-31,0.004635536182247879,-0.017012935131788254
mlp,y_BTC-USD,20,2025-10-31,0.004635536182247879,-0.07324903458356857
mlp,y_BTC-USD,18,2025-11-01,0.005229768982454308,-0.010402459651231766
mlp,y_BTC-USD,19,2025-11-01,0.005229768982454308,-0.011925149708986282
mlp,y_BTC-USD,20,2025-11-01,0.005229768982454308,0.0030127298086881638
mlp,y_BTC-USD,19,2025-11-02,-0.03698585893164408,-0.0031481944024562836
mlp,y_BTC-USD,20,2025-11-02,-0.03698585893164408,-0.0028744079172611237
mlp,y_BTC-USD,21,2025-11-02,-0.03698585893164408,0.008902755565941334
mlp,y_BTC-USD,19,2025-11-03,-0.046523840630681046,-0.028761375695466995
mlp,y_BTC-USD,20,2025-11-03,-0.046523840630681046,0.01732204109430313
mlp,y_BTC-USD,21,2025-11-03,-0.046523840630681046,0.007264195010066032
mlp,y_BTC-USD,19,2025-11-04,0.02265282648549194,-0.044048089534044266
mlp,y_BTC-USD,20,2025-11-04,0.02265282648549194,0.009334919042885303
mlp,y_BTC-USD,21,2025-11-04,0.02265282648549194,0.05010788142681122
mlp,y_BTC-USD,19,2025-11-05,-0.02493503798083263,0.022546742111444473
mlp,y_BTC-USD,20,2025-11-05,-0.02493503798083263,-0.027518223971128464
mlp,y_BTC-USD,21,2025-11-05,-0.02493503798083263,-0.01596280187368393
mlp,y_BTC-USD,19,2025-11-06,0.020445121741957006,0.012201055884361267
mlp,y_BTC-USD,20,2025-11-06,0.020445121741957006,0.02676565572619438
mlp,y_BTC-USD,21,2025-11-06,0.020445121741957006,-0.01254764012992382
mlp,y_BTC-USD,19,2025-11-07,-0.010547196317199026,-0.005031656473875046
mlp,y_BTC-USD,20,2025-11-07,-0.010547196317199026,0.008060372434556484
mlp,y_BTC-USD,21,2025-11-07,-0.010547196317199026,0.008206501603126526
mlp,y_BTC-USD,19,2025-11-08,0.02383137448193029,0.00012634322047233582
mlp,y_BTC-USD,20,2025-11-08,0.02383137448193029,-0.015979468822479248
mlp,y_BTC-USD,21,2025-11-08,0.02383137448193029,-0.013298509642481804
mlp,y_BTC-USD,19,2025-11-09,0.012194017448672767,0.01781505160033703
mlp,y_BTC-USD,20,2025-11-09,0.012194017448672767,-0.004460735246539116
mlp,y_BTC-USD,21,2025-11-09,0.012194017448672767,-0.01843339391052723
mlp,y_BTC-USD,19,2025-11-10,-0.028294541304540788,-0.04557754471898079
mlp,y_BTC-USD,20,2025-11-10,-0.028294541304540788,-0.00817907601594925
mlp,y_BTC-USD,21,2025-11-10,-0.028294541304540788,0.002425558865070343
mlp,y_BTC-USD,19,2025-11-11,-0.012954505253314763,-0.012240935117006302
mlp,y_BTC-USD,20,2025-11-11,-0.012954505253314763,-0.019385505467653275
mlp,y_BTC-USD,21,2025-11-11,-0.012954505253314763,-0.012489385902881622
mlp,y_BTC-USD,19,2025-11-12,-0.01933536967351135,-0.0007895529270172119
mlp,y_BTC-USD,20,2025-11-12,-0.01933536967351135,0.002324828878045082
mlp,y_BTC-USD,21,2025-11-12,-0.01933536967351135,-0.021821361035108566
mlp,y_BTC-USD,19,2025-11-13,-0.053157837862490065,0.02141241356730461
mlp,y_BTC-USD,20,2025-11-13,-0.053157837862490065,-0.02098950743675232
mlp,y_BTC-USD,21,2025-11-13,-0.053157837862490065,0.02409876137971878
mlp,y_BTC-USD,19,2025-11-14,0.012196889211437911,0.017535267397761345
mlp,y_BTC-USD,20,2025-11-14,0.012196889211437911,0.0019629783928394318
mlp,y_BTC-USD,21,2025-11-14,0.012196889211437911,0.028748881071805954
mlp,y_BTC-USD,19,2025-11-15,-0.01435983820826503,-0.047360409051179886
mlp,y_BTC-USD,20,2025-11-15,-0.01435983820826503,0.018989194184541702
mlp,y_BTC-USD,21,2025-11-15,-0.01435983820826503,-0.0059402696788311005
mlp,y_BTC-USD,19,2025-11-16,-0.02212006537551514,0.012158215045928955
mlp,y_BTC-USD,20,2025-11-16,-0.02212006537551514,0.0192410908639431
mlp,y_BTC-USD,21,2025-11-16,-0.02212006537551514,0.019026394933462143
mlp,y_BTC-USD,19,2025-11-17,0.009284005043766586,-0.019884269684553146
mlp,y_BTC-USD,20,2025-11-17,0.009284005043766586,-0.0065904222428798676
mlp,y_BTC-USD,21,2025-11-17,0.009284005043766586,-0.035141557455062866
mlp,y_BTC-USD,19,2025-11-18,-0.015953746750565823,0.0223857369273901
mlp,y_BTC-USD,20,2025-11-18,-0.015953746750565823,0.014248649589717388
mlp,y_BTC-USD,21,2025-11-18,-0.015953746750565823,-0.002701643854379654
mlp,y_BTC-USD,19,2025-11-19,-0.05285126891851111,-0.007395617663860321
mlp,y_BTC-USD,20,2025-11-19,-0.05285126891851111,-0.007267575711011887
mlp,y_BTC-USD,21,2025-11-19,-0.05285126891851111,0.0008723605424165726
mlp,y_BTC-USD,19,2025-11-20,-0.017790340109098413,0.03590445592999458
mlp,y_BTC-USD,20,2025-11-20,-0.017790340109098413,-0.003232203423976898
mlp,y_BTC-USD,21,2025-11-20,-0.017790340109098413,0.008252667263150215
mlp,y_BTC-USD,19,2025-11-21,-0.0051983141515926645,0.005483832210302353
mlp,y_BTC-USD,20,2025-11-21,-0.0051983141515926645,-0.016914203763008118
mlp,y_BTC-USD,21,2025-11-21,-0.0051983141515926645,-0.006052970886230469
mlp,y_BTC-USD,20,2025-11-22,0.025477734635657168,0.019085722044110298
mlp,y_BTC-USD,21,2025-11-22,0.025477734635657168,0.03631233796477318
mlp,y_BTC-USD,22,2025-11-22,0.025477734635657168,-0.020778199657797813
mlp,y_BTC-USD,20,2025-11-23,0.01688329653360121,-0.02415446937084198
mlp,y_BTC-USD,21,2025-11-23,0.01688329653360121,0.0063550155609846115
mlp,y_BTC-USD,22,2025-11-23,0.01688329653360121,-0.0076538873836398125
mlp,y_BTC-USD,20,2025-11-24,-0.010520742688141405,0.001982295885682106
mlp,y_BTC-USD,21,2025-11-24,-0.010520742688141405,-0.005250571295619011
mlp,y_BTC-USD,22,2025-11-24,-0.010520742688141405,-0.0021413592621684074
mlp,y_BTC-USD,20,2025-11-25,0.03636830551491177,0.013833513483405113
mlp,y_BTC-USD,21,2025-11-25,0.03636830551491177,0.024727370589971542
mlp,y_BTC-USD,22,2025-11-25,0.03636830551491177,-0.01598457247018814
mlp,y_BTC-USD,20,2025-11-26,0.008473504729832548,-0.013813283294439316
mlp,y_BTC-USD,21,2025-11-26,0.008473504729832548,-0.002201950177550316
mlp,y_BTC-USD,22,2025-11-26,0.008473504729832548,-0.026568623259663582
mlp,y_BTC-USD,20,2025-11-27,-0.004010602738938163,-0.02497430145740509
mlp,y_BTC-USD,21,2025-11-27,-0.004010602738938163,0.0063218483701348305
mlp,y_BTC-USD,22,2025-11-27,-0.004010602738938163,-0.01657463051378727
mlp,y_BTC-USD,20,2025-11-28,-0.0007425028351905061,-0.0010104812681674957
mlp,y_BTC-USD,21,2025-11-28,-0.0007425028351905061,0.01701151207089424
mlp,y_BTC-USD,22,2025-11-28,-0.0007425028351905061,-0.010415851138532162
mlp,y_BTC-USD,20,2025-11-30,-0.045055292472078956,0.010093930177390575
mlp,y_BTC-USD,21,2025-11-30,-0.045055292472078956,0.016517436131834984
mlp,y_BTC-USD,22,2025-11-30,-0.045055292472078956,0.006886825896799564
mlp,y_BTC-USD,20,2025-12-01,0.05825464938016567,-0.006351755931973457
mlp,y_BTC-USD,21,2025-12-01,0.05825464938016567,0.010580390691757202
mlp,y_BTC-USD,22,2025-12-01,0.05825464938016567,-0.0031551849097013474
mlp,y_BTC-USD,20,2025-12-02,0.023837949867722363,-0.0013694725930690765
mlp,y_BTC-USD,21,2025-12-02,0.023837949867722363,0.018880225718021393
mlp,y_BTC-USD,22,2025-12-02,0.023837949867722363,0.0288216732442379
mlp,y_BTC-USD,20,2025-12-03,-0.014821043775501641,-0.019637614488601685
mlp,y_BTC-USD,21,2025-12-03,-0.014821043775501641,-0.00437343493103981
mlp,y_BTC-USD,22,2025-12-03,-0.014821043775501641,0.0026260786689817905
mlp,y_BTC-USD,20,2025-12-04,-0.029887330373216225,-0.0502888485789299
mlp,y_BTC-USD,21,2025-12-04,-0.029887330373216225,-0.01774442382156849
mlp,y_BTC-USD,22,2025-12-04,-0.029887330373216225,-0.0036941710859537125
mlp,y_BTC-USD,20,2025-12-05,-0.0012908122468182626,-0.004253663122653961
mlp,y_BTC-USD,21,2025-12-05,-0.0012908122468182626,-0.0013735294342041016
mlp,y_BTC-USD,22,2025-12-05,-0.0012908122468182626,-0.0101158507168293
mlp,y_BTC-USD,20,2025-12-06,0.012694471554050235,0.0035135168582201004
mlp,y_BTC-USD,21,2025-12-06,0.012694471554050235,-0.009899670258164406
mlp,y_BTC-USD,22,2025-12-06,0.012694471554050235,0.02880045957863331
mlp,y_BTC-USD,20,2025-12-07,0.0025945560296725123,0.012739282101392746
mlp,y_BTC-USD,21,2025-12-07,0.0025945560296725123,0.010432980954647064
mlp,y_BTC-USD,22,2025-12-07,0.0025945560296725123,0.0003609573468565941
mlp,y_BTC-USD,20,2025-12-08,0.022633530616329445,0.04831930622458458
mlp,y_BTC-USD,21,2025-12-08,0.022633530616329445,0.08411163836717606
mlp,y_BTC-USD,22,2025-12-08,0.022633530616329445,-0.06930240988731384
mlp,y_BTC-USD,20,2025-12-09,-0.007236522211271801,0.015515368431806564
mlp,y_BTC-USD,21,2025-12-09,-0.007236522211271801,-0.01875963620841503
mlp,y_BTC-USD,22,2025-12-09,-0.007236522211271801,-0.02375553920865059
mlp,y_BTC-USD,20,2025-12-10,0.005329119618741718,-0.0371275432407856
mlp,y_BTC-USD,21,2025-12-10,0.005329119618741718,0.0031422208994627
mlp,y_BTC-USD,22,2025-12-10,0.005329119618741718,0.0289967879652977
mlp,y_BTC-USD,20,2025-12-11,-0.024223213861206738,-0.04759582132101059
mlp,y_BTC-USD,21,2025-12-11,-0.024223213861206738,-0.0114109106361866
mlp,y_BTC-USD,22,2025-12-11,-0.024223213861206738,0.019385483115911484
mlp,y_BTC-USD,20,2025-12-12,0.00031346787642294593,0.012512214481830597
mlp,y_BTC-USD,21,2025-12-12,0.00031346787642294593,-0.012307578697800636
mlp,y_BTC-USD,22,2025-12-12,0.00031346787642294593,0.006798535585403442
mlp,y_BTC-USD,21,2025-12-13,-0.023516739363752315,-0.032887332141399384
mlp,y_BTC-USD,22,2025-12-13,-0.023516739363752315,-0.018112780526280403
mlp,y_BTC-USD,23,2025-12-13,-0.023516739363752315,-0.004550185054540634
mlp,y_BTC-USD,21,2025-12-15,0.01648005936140917,-0.024027545005083084
mlp,y_BTC-USD,22,2025-12-15,0.01648005936140917,-0.00016982806846499443
mlp,y_BTC-USD,23,2025-12-15,0.01648005936140917,0.03375279903411865
mlp,y_BTC-USD,21,2025-12-16,-0.01935507109105894,0.00930282473564148
mlp,y_BTC-USD,22,2025-12-16,-0.01935507109105894,0.0012979349121451378
mlp,y_BTC-USD,23,2025-12-16,-0.01935507109105894,-0.002544751390814781
mlp,y_BTC-USD,21,2025-12-17,-0.007908292107279613,0.012042561545968056
mlp,y_BTC-USD,22,2025-12-17,-0.007908292107279613,0.019585058093070984
mlp,y_BTC-USD,23,2025-12-17,-0.007908292107279613,-0.02594141662120819
mlp,y_BTC-USD,21,2025-12-18,0.03090097713717843,-0.03331553563475609
mlp,y_BTC-USD,22,2025-12-18,0.03090097713717843,-0.01784076727926731
mlp,y_BTC-USD,23,2025-12-18,0.03090097713717843,0.019946502521634102
mlp,y_BTC-USD,21,2025-12-19,0.002731077738661547,0.008896155282855034
mlp,y_BTC-USD,22,2025-12-19,0.002731077738661547,0.018534403294324875
mlp,y_BTC-USD,23,2025-12-19,0.002731077738661547,-0.023597532883286476
mlp,y_BTC-USD,21,2025-12-20,0.0031439599746445612,0.005553727969527245
mlp,y_BTC-USD,22,2025-12-20,0.0031439599746445612,-0.0029174545779824257
mlp,y_BTC-USD,23,2025-12-20,0.0031439599746445612,0.02104759030044079
mlp,y_BTC-USD,21,2025-12-21,-0.0014864790528285043,0.016668792814016342
mlp,y_BTC-USD,22,2025-12-21,-0.0014864790528285043,0.007771025411784649
mlp,y_BTC-USD,23,2025-12-21,-0.0014864790528285043,0.022022852674126625
mlp,y_BTC-USD,21,2025-12-23,0.0022646365284737513,0.026161765679717064
mlp,y_BTC-USD,22,2025-12-23,0.0022646365284737513,-0.019243551418185234
mlp,y_BTC-USD,23,2025-12-23,0.0022646365284737513,-0.001045992597937584
mlp,y_BTC-USD,21,2025-12-24,-0.004305562231041726,0.002063263673335314
mlp,y_BTC-USD,22,2025-12-24,-0.004305562231041726,0.0001590317115187645
mlp,y_BTC-USD,23,2025-12-24,-0.004305562231041726,-0.012686459347605705
mlp,y_BTC-USD,21,2025-12-25,0.0007644603322913834,0.0013679545372724533
mlp,y_BTC-USD,22,2025-12-25,0.0007644603322913834,-0.01544385775923729
mlp,y_BTC-USD,23,2025-12-25,0.0007644603322913834,-0.01617775857448578
mlp,y_BTC-USD,21,2025-12-26,0.005735605525503784,-0.015580803155899048
mlp,y_BTC-USD,22,2025-12-26,0.005735605525503784,-0.012659354135394096
mlp,y_BTC-USD,23,2025-12-26,0.005735605525503784,-0.0023257583379745483
mlp,y_BTC-USD,21,2025-12-27,0.00038358610925337544,0.010531587526202202
mlp,y_BTC-USD,22,2025-12-27,0.00038358610925337544,-0.011490968987345695
mlp,y_BTC-USD,23,2025-12-27,0.00038358610925337544,-0.005732867866754532
mlp,y_BTC-USD,21,2025-12-28,-0.007943173820266769,0.003545860294252634
mlp,y_BTC-USD,22,2025-12-28,-0.007943173820266769,0.0037325862795114517
mlp,y_BTC-USD,23,2025-12-28,-0.007943173820266769,0.0014238152652978897
mlp,y_BTC-USD,21,2025-12-29,0.014826942349620564,-0.02070792019367218
mlp,y_BTC-USD,22,2025-12-29,0.014826942349620564,-0.029636533930897713
mlp,y_BTC-USD,23,2025-12-29,0.014826942349620564,-0.03536535054445267
mlp,y_BTC-USD,21,2025-12-30,-0.01041844740246467,-0.03379758819937706
mlp,y_BTC-USD,22,2025-12-30,-0.01041844740246467,-0.016281699761748314
mlp,y_BTC-USD,23,2025-12-30,-0.01041844740246467,-0.020911430940032005
mlp,y_BTC-USD,21,2025-12-31,0.013977518339667538,-0.004475202411413193
mlp,y_BTC-USD,22,2025-12-31,0.013977518339667538,0.008458488620817661
mlp,y_BTC-USD,23,2025-12-31,0.013977518339667538,-0.00013045035302639008
mlp,y_BTC-USD,21,2026-01-01,0.013667122921255048,0.0173918716609478
mlp,y_BTC-USD,22,2026-01-01,0.013667122921255048,-0.02760258875787258
mlp,y_BTC-USD,23,2026-01-01,0.013667122921255048,-0.014599590562283993
mlp,y_BTC-USD,21,2026-01-02,0.007321078638514056,0.00025367364287376404
mlp,y_BTC-USD,22,2026-01-02,0.007321078638514056,-0.005099574103951454
mlp,y_BTC-USD,23,2026-01-02,0.007321078638514056,-0.005242183804512024
mlp,y_BTC-USD,21,2026-01-03,0.008943445698309516,-0.014587491750717163
mlp,y_BTC-USD,22,2026-01-03,0.008943445698309516,0.0116763636469841
mlp,y_BTC-USD,23,2026-01-03,0.008943445698309516,-0.0026809312403202057
mlp,y_BTC-USD,22,2026-01-04,0.027009825802690735,-0.007183758541941643
mlp,y_BTC-USD,23,2026-01-04,0.027009825802690735,-0.0073122503235936165
mlp,y_BTC-USD,24,2026-01-04,0.027009825802690735,-0.01271911896765232
mlp,y_BTC-USD,22,2026-01-05,-0.0016352711961346023,0.02948254533112049
mlp,y_BTC-USD,23,2026-01-05,-0.0016352711961346023,0.05786296725273132
mlp,y_BTC-USD,24,2026-01-05,-0.0016352711961346023,-0.08254078030586243
mlp,y_BTC-USD,22,2026-01-06,-0.025829527204251357,-0.0027333260513842106
mlp,y_BTC-USD,23,2026-01-06,-0.025829527204251357,0.01017037220299244
mlp,y_BTC-USD,24,2026-01-06,-0.025829527204251357,-0.0008598417043685913
mlp,y_BTC-USD,22,2026-01-07,-0.003076724046541912,0.004767813719809055
mlp,y_BTC-USD,23,2026-01-07,-0.003076724046541912,0.009583311155438423
mlp,y_BTC-USD,24,2026-01-07,-0.003076724046541912,-0.03006252646446228
mlp,y_BTC-USD,22,2026-01-08,-0.005646925984974294,0.008385416120290756
mlp,y_BTC-USD,23,2026-01-08,-0.005646925984974294,0.005369523540139198
mlp,y_BTC-USD,24,2026-01-08,-0.005646925984974294,0.008996736258268356
mlp,y_BTC-USD,22,2026-01-09,-0.001397069847536736,0.006773736327886581
mlp,y_BTC-USD,23,2026-01-09,-0.001397069847536736,-0.008905303664505482
mlp,y_BTC-USD,24,2026-01-09,-0.001397069847536736,0.0031321486458182335
mlp,y_BTC-USD,22,2026-01-10,0.004876964768804504,0.012203938327729702
mlp,y_BTC-USD,23,2026-01-10,0.004876964768804504,-0.01722457818686962
mlp,y_BTC-USD,24,2026-01-10,0.004876964768804504,0.0032068733125925064
mlp,y_BTC-USD,22,2026-01-11,0.004024457429802286,-0.006475504487752914
mlp,y_BTC-USD,23,2026-01-11,0.004024457429802286,0.004517519846558571
mlp,y_BTC-USD,24,2026-01-11,0.004024457429802286,-0.0117555633187294
mlp,y_BTC-USD,22,2026-01-12,0.04527528885126264,0.027722852304577827
mlp,y_BTC-USD,23,2026-01-12,0.04527528885126264,0.013288071379065514
mlp,y_BTC-USD,24,2026-01-12,0.04527528885126264,-0.042009659111499786
mlp,y_BTC-USD,22,2026-01-13,0.016864423365986925,-0.015354787930846214
mlp,y_BTC-USD,23,2026-01-13,0.016864423365986925,-0.005425935611128807
mlp,y_BTC-USD,24,2026-01-13,0.016864423365986925,-0.0021490678191184998
mlp,y_BTC-USD,22,2026-01-14,-0.01421799419905967,-0.009002313017845154
mlp,y_BTC-USD,23,2026-01-14,-0.01421799419905967,0.015432557091116905
mlp,y_BTC-USD,24,2026-01-14,-0.01421799419905967,-0.022364526987075806
mlp,y_BTC-USD,22,2026-01-15,-0.00027284132392391136,0.0005711140111088753
mlp,y_BTC-USD,23,2026-01-15,-0.00027284132392391136,-0.030161265283823013
mlp,y_BTC-USD,24,2026-01-15,-0.00027284132392391136,-0.03479938581585884
mlp,y_BTC-USD,22,2026-01-16,-0.004451136256293897,-0.00241178460419178
mlp,y_BTC-USD,23,2026-01-16,-0.004451136256293897,-0.028928378596901894
mlp,y_BTC-USD,24,2026-01-16,-0.004451136256293897,-0.04513978213071823
mlp,y_BTC-USD,22,2026-01-18,-0.011543146480490485,0.005129101686179638
mlp,y_BTC-USD,23,2026-01-18,-0.011543146480490485,0.0047309547662734985
mlp,y_BTC-USD,24,2026-01-18,-0.011543146480490485,0.002299271523952484
mlp,y_BTC-USD,22,2026-01-19,-0.04584033237499219,-0.0007273871451616287
mlp,y_BTC-USD,23,2026-01-19,-0.04584033237499219,-0.012341687455773354
mlp,y_BTC-USD,24,2026-01-19,-0.04584033237499219,-0.01651790365576744
mlp,y_BTC-USD,22,2026-01-21,0.000956534957143873,0.00027336692437529564
mlp,y_BTC-USD,23,2026-01-21,0.000956534957143873,0.01807444356381893
mlp,y_BTC-USD,24,2026-01-21,0.000956534957143873,-0.007647763937711716
mlp,y_BTC-USD,22,2026-01-22,0.00046300848627667257,-0.00641277153044939
mlp,y_BTC-USD,23,2026-01-22,0.00046300848627667257,0.026729268953204155
mlp,y_BTC-USD,24,2026-01-22,0.00046300848627667257,0.005542236380279064
mlp,y_BTC-USD,22,2026-01-23,-0.00439244250598092,-0.048064641654491425
mlp,y_BTC-USD,23,2026-01-23,-0.00439244250598092,0.007133690640330315
mlp,y_BTC-USD,24,2026-01-23,-0.00439244250598092,-0.00550074502825737
mlp,y_BTC-USD,22,2026-01-24,-0.028487203509257375,0.0014951142948120832
mlp,y_BTC-USD,23,2026-01-24,-0.028487203509257375,0.008071737363934517
mlp,y_BTC-USD,24,2026-01-24,-0.028487203509257375,-0.009787267073988914
mlp,y_BTC-USD,22,2026-01-25,0.019578126787931138,-0.021166354417800903
mlp,y_BTC-USD,23,2026-01-25,0.019578126787931138,0.008673761039972305
mlp,y_BTC-USD,24,2026-01-25,0.019578126787931138,-0.004579752683639526
mlp,y_BTC-USD,23,2026-01-26,0.009464787027023913,-0.004179324954748154
mlp,y_BTC-USD,24,2026-01-26,0.009464787027023913,0.035110294818878174
mlp,y_BTC-USD,23,2026-01-27,0.0009202877056453396,0.00030211545526981354
mlp,y_BTC-USD,24,2026-01-27,0.0009202877056453396,-0.01408456265926361
mlp,y_BTC-USD,23,2026-01-28,-0.05183614563372574,0.0020131953060626984
mlp,y_BTC-USD,24,2026-01-28,-0.05183614563372574,-0.004226706922054291
mlp,y_BTC-USD,23,2026-01-29,-0.005119696877728619,-0.006207413971424103
mlp,y_BTC-USD,24,2026-01-29,-0.005119696877728619,-0.023148085922002792
mlp,y_BTC-USD,23,2026-01-30,-0.06546567255435032,-0.012950150296092033
mlp,y_BTC-USD,24,2026-01-30,-0.06546567255435032,-0.012546677142381668
mlp,y_BTC-USD,23,2026-01-31,-0.02094439679701987,-0.023321272805333138
mlp,y_BTC-USD,24,2026-01-31,-0.02094439679701987,0.0059746745973825455
mlp,y_BTC-USD,23,2026-02-01,0.022271291537603544,0.006895260885357857
mlp,y_BTC-USD,24,2026-02-01,0.022271291537603544,0.003484494984149933
mlp,y_BTC-USD,23,2026-02-02,-0.03882661934945053,0.016205301508307457
mlp,y_BTC-USD,24,2026-02-02,-0.03882661934945053,-0.017246250063180923
mlp,y_BTC-USD,23,2026-02-03,-0.03455931736640505,-0.006304612383246422
mlp,y_BTC-USD,24,2026-02-03,-0.03455931736640505,0.008385250344872475
mlp,y_BTC-USD,23,2026-02-04,-0.14129892381358544,-0.0024178139865398407
mlp,y_BTC-USD,24,2026-02-04,-0.14129892381358544,-0.012392573058605194
mlp,y_BTC-USD,23,2026-02-05,0.1252476912623226,0.005049329251050949
mlp,y_BTC-USD,24,2026-02-05,0.1252476912623226,-0.006241276860237122
mlp,y_BTC-USD,23,2026-02-06,-0.018048541205989532,-0.010602975264191628
mlp,y_BTC-USD,24,2026-02-06,-0.018048541205989532,-0.014117013663053513
mlp,y_BTC-USD,23,2026-02-07,0.014184900201757111,-0.020615577697753906
mlp,y_BTC-USD,24,2026-02-07,0.014184900201757111,-0.015744928270578384
mlp,y_BTC-USD,23,2026-02-08,-0.00204861414171964,-0.011342521756887436
mlp,y_BTC-USD,24,2026-02-08,-0.00204861414171964,-0.0065278224647045135
mlp,y_BTC-USD,23,2026-02-09,-0.018921927121284043,-0.028750132769346237
mlp,y_BTC-USD,24,2026-02-09,-0.018921927121284043,-0.021608799695968628
mlp,y_BTC-USD,23,2026-02-10,-0.02619404614799148,0.008675133809447289
mlp,y_BTC-USD,24,2026-02-10,-0.02619404614799148,0.0027287062257528305
mlp,y_BTC-USD,23,2026-02-11,-0.011495780977477277,-0.0031379517167806625
mlp,y_BTC-USD,24,2026-02-11,-0.011495780977477277,-0.002705581486225128
mlp,y_BTC-USD,23,2026-02-12,0.039805596623848194,-0.00887957215309143
mlp,y_BTC-USD,24,2026-02-12,0.039805596623848194,0.015486941672861576
mlp,y_BTC-USD,23,2026-02-13,0.013212456278809848,0.03803695738315582
mlp,y_BTC-USD,24,2026-02-13,0.013212456278809848,0.025130819529294968
mlp,y_BTC-USD,23,2026-02-14,-0.014038567315427408,0.011962773278355598
mlp,y_BTC-USD,24,2026-02-14,-0.014038567315427408,0.003117026761174202
mlp,y_BTC-USD,24,2026-02-16,-0.019594358734823403,0.01890409365296364
mlp,y_BTC-USD,24,2026-02-17,-0.015836888807606253,0.007552221417427063
mlp,y_BTC-USD,24,2026-02-18,0.008012052068341324,-0.007931604981422424
mlp,y_BTC-USD,24,2026-02-19,0.015650197075734784,-0.013896293938159943
mlp,y_BTC-USD,24,2026-02-20,-2.435467576455963e-05,0.01988500915467739
mlp,y_BTC-USD,24,2026-02-21,-0.005064057803784272,0.009793524630367756
mlp,y_BTC-USD,24,2026-02-22,-0.04497014110892317,-0.008238507434725761
mlp,y_BTC-USD,24,2026-02-23,-0.008305824880296298,0.0178869366645813
mlp,y_BTC-USD,24,2026-02-24,0.060550552894326426,0.01676611602306366
mlp,y_BTC-USD,24,2026-02-25,-0.007450715585058165,-0.0054238829761743546
mlp,y_BTC-USD,24,2026-02-26,-0.023304501473983996,0.0050322674214839935
mlp,y_BTC-USD,24,2026-02-27,0.016910019957618205,-0.007322054356336594
mlp,y_BTC-USD,24,2026-02-28,-0.018773664883674046,0.0025526806712150574
mlp,y_BTC-USD,24,2026-03-01,0.04620988327616793,0.011299285106360912
mlp,y_BTC-USD,24,2026-03-02,-0.007011227255569463,0.014669877476990223
mlp,y_BTC-USD,24,2026-03-03,0.06467555605177866,-0.009442869573831558
mlp,y_BTC-USD,24,2026-03-04,-0.025710882421896564,-0.03892597556114197
mlp,y_BTC-USD,24,2026-03-05,-0.03817885179689062,-0.00865158811211586
mlp,y_BTC-USD,24,2026-03-06,-0.01267893913767526,0.00429163035005331
mlp,y_BTC-USD,24,2026-03-08,0.03687448277691541,-0.01347031258046627
mlp,y_GLD,0,2024-08-05,-0.00800071383261225,-0.004521932452917099
mlp,y_GLD,0,2024-08-06,-0.0006796279952806517,-0.009566830471158028
mlp,y_GLD,0,2024-08-07,0.015688013635013265,0.018313344568014145
mlp,y_GLD,0,2024-08-08,0.0024552612171102606,-0.009286733344197273
mlp,y_GLD,0,2024-08-12,-0.001532358906807807,-0.0008594421669840813
mlp,y_GLD,0,2024-08-13,-0.00815575125082435,-0.005521820858120918
mlp,y_GLD,0,2024-08-14,0.0031388449312383937,0.004737315699458122
mlp,y_GLD,0,2024-08-15,0.022387738526589596,-0.003024781122803688
mlp,y_GLD,0,2024-08-19,0.0036699887797402297,0.0084211565554142
mlp,y_GLD,0,2024-08-20,-0.0013336178629831386,0.04447637498378754
mlp,y_GLD,0,2024-08-21,-0.011975011209935715,-0.01482011191546917
mlp,y_GLD,0,2024-08-22,0.011553425520715921,0.01938677951693535
mlp,y_GLD,0,2024-08-26,0.002706671669018057,-0.004652153700590134
mlp,y_GLD,1,2024-08-26,0.002706671669018057,-0.020805571228265762
mlp,y_GLD,0,2024-08-27,-0.007026862307456638,-0.0171657707542181
mlp,y_GLD,1,2024-08-27,-0.007026862307456638,-0.02863214910030365
mlp,y_GLD,0,2024-08-28,0.005177980359189593,0.006912218406796455
mlp,y_GLD,1,2024-08-28,0.005177980359189593,0.001974890474230051
mlp,y_GLD,0,2024-08-29,-0.0071260085162319076,0.009806809946894646
mlp,y_GLD,1,2024-08-29,-0.0071260085162319076,0.008301908150315285
mlp,y_GLD,0,2024-09-03,0.000607926500195255,-0.001346241682767868
mlp,y_GLD,1,2024-09-03,0.000607926500195255,-0.01222941093146801
mlp,y_GLD,0,2024-09-04,0.008332306942507417,-0.006641186773777008
mlp,y_GLD,1,2024-09-04,0.008332306942507417,0.028446249663829803
mlp,y_GLD,0,2024-09-05,-0.00740263040895639,-7.485039532184601e-06
mlp,y_GLD,1,2024-09-05,-0.00740263040895639,-0.007256509270519018
mlp,y_GLD,0,2024-09-09,0.004404097525006145,-0.018029024824500084
mlp,y_GLD,1,2024-09-09,0.004404097525006145,0.0702565610408783
mlp,y_GLD,0,2024-09-10,-0.001590555949419148,-0.006782582029700279
mlp,y_GLD,1,2024-09-10,-0.001590555949419148,0.003418699372559786
mlp,y_GLD,0,2024-09-11,0.017567284525531468,-0.006711775436997414
mlp,y_GLD,1,2024-09-11,0.017567284525531468,-0.03935345634818077
mlp,y_GLD,0,2024-09-12,0.009943683944142245,-0.006039449945092201
mlp,y_GLD,1,2024-09-12,0.009943683944142245,-0.020348336547613144
mlp,y_GLD,2,2024-09-12,0.009943683944142245,-0.02135268598794937
mlp,y_GLD,0,2024-09-16,-0.005530911354914347,-0.019907044246792793
mlp,y_GLD,1,2024-09-16,-0.005530911354914347,0.004977778065949678
mlp,y_GLD,2,2024-09-16,-0.005530911354914347,0.033571671694517136
mlp,y_GLD,0,2024-09-17,-0.007710465405288747,0.014112886041402817
mlp,y_GLD,1,2024-09-17,-0.007710465405288747,0.010061085224151611
mlp,y_GLD,2,2024-09-17,-0.007710465405288747,-0.004858043044805527
mlp,y_GLD,0,2024-09-18,0.015540757281972128,0.0012144390493631363
mlp,y_GLD,1,2024-09-18,0.015540757281972128,0.02322317473590374
mlp,y_GLD,2,2024-09-18,0.015540757281972128,-0.014355557039380074
mlp,y_GLD,0,2024-09-19,0.012710660066880486,-0.028222588822245598
mlp,y_GLD,1,2024-09-19,0.012710660066880486,0.005226221401244402
mlp,y_GLD,2,2024-09-19,0.012710660066880486,0.011184360831975937
mlp,y_GLD,0,2024-09-23,0.01396907347432852,-0.001420784741640091
mlp,y_GLD,1,2024-09-23,0.01396907347432852,-0.033848173916339874
mlp,y_GLD,2,2024-09-23,0.01396907347432852,-0.010625392198562622
mlp,y_GLD,0,2024-09-24,-0.001381767735032069,-0.010548638179898262
mlp,y_GLD,1,2024-09-24,-0.001381767735032069,-0.020366773009300232
mlp,y_GLD,2,2024-09-24,-0.001381767735032069,0.00556388683617115
mlp,y_GLD,0,2024-09-25,0.005086884066794806,-0.0002497546374797821
mlp,y_GLD,1,2024-09-25,0.005086884066794806,0.007577158976346254
mlp,y_GLD,2,2024-09-25,0.005086884066794806,0.004821408540010452
mlp,y_GLD,0,2024-09-26,-0.007935830791900744,0.007868636399507523
mlp,y_GLD,1,2024-09-26,-0.007935830791900744,0.004377365577965975
mlp,y_GLD,2,2024-09-26,-0.007935830791900744,0.0036230701953172684
mlp,y_GLD,0,2024-09-30,0.010491249392624358,-0.0006753252819180489
mlp,y_GLD,1,2024-09-30,0.010491249392624358,0.017543908208608627
mlp,y_GLD,2,2024-09-30,0.010491249392624358,-0.0036337804049253464
mlp,y_GLD,0,2024-10-01,0.0002035871977259518,0.0026810821145772934
mlp,y_GLD,1,2024-10-01,0.0002035871977259518,-0.034708987921476364
mlp,y_GLD,2,2024-10-01,0.0002035871977259518,-0.0053246114403009415
mlp,y_GLD,0,2024-10-02,-0.0006920058878573387,-0.027622850611805916
mlp,y_GLD,1,2024-10-02,-0.0006920058878573387,0.028587527573108673
mlp,y_GLD,2,2024-10-02,-0.0006920058878573387,0.003177125006914139
mlp,y_GLD,0,2024-10-03,-0.001996030315693398,0.0047358255833387375
mlp,y_GLD,1,2024-10-03,-0.001996030315693398,0.005146035458892584
mlp,y_GLD,2,2024-10-03,-0.001996030315693398,-0.022546492516994476
mlp,y_GLD,1,2024-10-07,-0.007371925565205384,-0.008684372529387474
mlp,y_GLD,2,2024-10-07,-0.007371925565205384,-0.007230263203382492
mlp,y_GLD,3,2024-10-07,-0.007371925565205384,0.004551315680146217
mlp,y_GLD,1,2024-10-08,-0.005446185963701722,0.025637127459049225
mlp,y_GLD,2,2024-10-08,-0.005446185963701722,0.019630342721939087
mlp,y_GLD,3,2024-10-08,-0.005446185963701722,-0.012077150866389275
mlp,y_GLD,1,2024-10-09,0.007342892553628744,-0.0031882869079709053
mlp,y_GLD,2,2024-10-09,0.007342892553628744,-0.017855487763881683
mlp,y_GLD,3,2024-10-09,0.007342892553628744,0.0062767453491687775
mlp,y_GLD,1,2024-10-10,0.010913408354139564,0.020522896200418472
mlp,y_GLD,2,2024-10-10,0.010913408354139564,0.00014235079288482666
mlp,y_GLD,3,2024-10-10,0.010913408354139564,-0.004930535331368446
mlp,y_GLD,1,2024-10-14,0.003468359323146597,0.008075973019003868
mlp,y_GLD,2,2024-10-14,0.003468359323146597,0.007872950285673141
mlp,y_GLD,3,2024-10-14,0.003468359323146597,0.007819795981049538
mlp,y_GLD,1,2024-10-15,0.005001609209081437,0.030906498432159424
mlp,y_GLD,2,2024-10-15,0.005001609209081437,0.010292574763298035
mlp,y_GLD,3,2024-10-15,0.005001609209081437,0.01631855219602585
mlp,y_GLD,1,2024-10-16,0.005988310835030708,0.0017758687026798725
mlp,y_GLD,2,2024-10-16,0.005988310835030708,-0.014984074980020523
mlp,y_GLD,3,2024-10-16,0.005988310835030708,0.021706152707338333
mlp,y_GLD,1,2024-10-17,0.010618185005034864,-0.013016318902373314
mlp,y_GLD,2,2024-10-17,0.010618185005034864,-0.011823967099189758
mlp,y_GLD,3,2024-10-17,0.010618185005034864,-0.0031013134866952896
mlp,y_GLD,1,2024-10-21,0.01078732362833379,-0.0056991796009242535
mlp,y_GLD,2,2024-10-21,0.01078732362833379,0.015874937176704407
mlp,y_GLD,3,2024-10-21,0.01078732362833379,-0.0699707567691803
mlp,y_GLD,1,2024-10-22,-0.012050555849465017,0.01151278242468834
mlp,y_GLD,2,2024-10-22,-0.012050555849465017,0.0029763318598270416
mlp,y_GLD,3,2024-10-22,-0.012050555849465017,0.00542621873319149
mlp,y_GLD,1,2024-10-23,0.007693259346016168,-0.04209192469716072
mlp,y_GLD,2,2024-10-23,0.007693259346016168,0.014877337962388992
mlp,y_GLD,3,2024-10-23,0.007693259346016168,0.013983480632305145
mlp,y_GLD,1,2024-10-24,0.0020569789010425055,0.012825412675738335
mlp,y_GLD,2,2024-10-24,0.0020569789010425055,0.022781722247600555
mlp,y_GLD,3,2024-10-24,0.0020569789010425055,0.01709698885679245
mlp,y_GLD,2,2024-10-28,0.010894858433216914,0.023435968905687332
mlp,y_GLD,3,2024-10-28,0.010894858433216914,-0.1531483381986618
mlp,y_GLD,4,2024-10-28,0.010894858433216914,0.02801227755844593
mlp,y_GLD,2,2024-10-29,0.005505891218995584,-0.008472451940178871
mlp,y_GLD,3,2024-10-29,0.005505891218995584,-0.02833457477390766
mlp,y_GLD,4,2024-10-29,0.005505891218995584,0.07016253471374512
mlp,y_GLD,2,2024-10-30,-0.015495166963743756,-0.015994951128959656
mlp,y_GLD,3,2024-10-30,-0.015495166963743756,0.02219233475625515
mlp,y_GLD,4,2024-10-30,-0.015495166963743756,0.02384459227323532
mlp,y_GLD,2,2024-10-31,-0.004102375877353515,0.007162079215049744
mlp,y_GLD,3,2024-10-31,-0.004102375877353515,0.004064707085490227
mlp,y_GLD,4,2024-10-31,-0.004102375877353515,0.031447313725948334
mlp,y_GLD,2,2024-11-04,0.002254447895035039,-0.0077497586607933044
mlp,y_GLD,3,2024-11-04,0.002254447895035039,0.030175141990184784
mlp,y_GLD,4,2024-11-04,0.002254447895035039,-0.025930622592568398
mlp,y_GLD,2,2024-11-05,-0.030386729020158265,-0.01858397200703621
mlp,y_GLD,3,2024-11-05,-0.030386729020158265,-0.004364499822258949
mlp,y_GLD,4,2024-11-05,-0.030386729020158265,-0.00037516350857913494
mlp,y_GLD,2,2024-11-06,0.01607650385553039,0.039227232336997986
mlp,y_GLD,3,2024-11-06,0.01607650385553039,0.022957338020205498
mlp,y_GLD,4,2024-11-06,0.01607650385553039,0.007676274515688419
mlp,y_GLD,2,2024-11-07,-0.006769426092267272,-0.021599985659122467
mlp,y_GLD,3,2024-11-07,-0.006769426092267272,0.01900182105600834
mlp,y_GLD,4,2024-11-07,-0.006769426092267272,-0.017217526212334633
mlp,y_GLD,2,2024-11-11,-0.008631355179477884,0.0350445993244648
mlp,y_GLD,3,2024-11-11,-0.008631355179477884,0.005175240337848663
mlp,y_GLD,4,2024-11-11,-0.008631355179477884,-0.004160298965871334
mlp,y_GLD,2,2024-11-12,-0.010081225320474285,-0.004245072603225708
mlp,y_GLD,3,2024-11-12,-0.010081225320474285,0.004023239016532898
mlp,y_GLD,4,2024-11-12,-0.010081225320474285,-0.02388262376189232
mlp,y_GLD,2,2024-11-13,-0.0026091417886485724,0.0024462807923555374
mlp,y_GLD,3,2024-11-13,-0.0026091417886485724,-0.004108430817723274
mlp,y_GLD,4,2024-11-13,-0.0026091417886485724,0.03549422696232796
mlp,y_GLD,2,2024-11-14,-0.0017720694429754769,0.028666388243436813
mlp,y_GLD,3,2024-11-14,-0.0017720694429754769,0.04584253579378128
mlp,y_GLD,4,2024-11-14,-0.0017720694429754769,0.2138429582118988
mlp,y_GLD,3,2024-11-18,0.008959325127211315,-0.0008573047816753387
mlp,y_GLD,4,2024-11-18,0.008959325127211315,-0.03297035023570061
mlp,y_GLD,5,2024-11-18,0.008959325127211315,0.023279674351215363
mlp,y_GLD,3,2024-11-19,0.005632045702723465,-0.02151951752603054
mlp,y_GLD,4,2024-11-19,0.005632045702723465,0.07086452096700668
mlp,y_GLD,5,2024-11-19,0.005632045702723465,-0.05576746165752411
mlp,y_GLD,3,2024-11-20,0.00833950039098208,-0.012165265157818794
mlp,y_GLD,4,2024-11-20,0.00833950039098208,0.05437851324677467
mlp,y_GLD,5,2024-11-20,0.00833950039098208,0.07548002898693085
mlp,y_GLD,3,2024-11-21,0.012892210445830887,0.04138478636741638
mlp,y_GLD,4,2024-11-21,0.012892210445830887,-0.0591142512857914
mlp,y_GLD,5,2024-11-21,0.012892210445830887,0.007232229225337505
mlp,y_GLD,3,2024-11-25,0.0019383092584317474,0.006507504731416702
mlp,y_GLD,4,2024-11-25,0.0019383092584317474,0.020250076428055763
mlp,y_GLD,5,2024-11-25,0.0019383092584317474,-0.014555273577570915
mlp,y_GLD,3,2024-11-26,0.002222714763140843,0.034583017230033875
mlp,y_GLD,4,2024-11-26,0.002222714763140843,0.026803599670529366
mlp,y_GLD,5,2024-11-26,0.002222714763140843,-0.026246940717101097
mlp,y_GLD,3,2024-12-02,0.002012776164397767,-0.03732261806726456
mlp,y_GLD,4,2024-12-02,0.002012776164397767,-0.01023589912801981
mlp,y_GLD,5,2024-12-02,0.002012776164397767,0.01970023475587368
mlp,y_GLD,3,2024-12-03,0.003033679807253664,-0.059848763048648834
mlp,y_GLD,4,2024-12-03,0.003033679807253664,0.030980410054326057
mlp,y_GLD,5,2024-12-03,0.003033679807253664,-0.02140108309686184
mlp,y_GLD,3,2024-12-04,-0.007397709454119106,0.008023127913475037
mlp,y_GLD,4,2024-12-04,-0.007397709454119106,-0.005885109305381775
mlp,y_GLD,5,2024-12-04,-0.007397709454119106,-0.0062730200588703156
mlp,y_GLD,3,2024-12-05,0.0003705687954558279,0.008650794625282288
mlp,y_GLD,4,2024-12-05,0.0003705687954558279,0.007033686153590679
mlp,y_GLD,5,2024-12-05,0.0003705687954558279,0.02423584833741188
mlp,y_GLD,4,2024-12-09,0.01316431251835759,-0.0070951757952570915
mlp,y_GLD,5,2024-12-09,0.01316431251835759,0.015573995187878609
mlp,y_GLD,6,2024-12-09,0.01316431251835759,0.007352601736783981
mlp,y_GLD,4,2024-12-10,0.009533812345188464,0.0019004775676876307
mlp,y_GLD,5,2024-12-10,0.009533812345188464,-0.010280488058924675
mlp,y_GLD,6,2024-12-10,0.009533812345188464,-0.011565718799829483
mlp,y_GLD,4,2024-12-11,-0.014663722649505995,0.006946558132767677
mlp,y_GLD,5,2024-12-11,-0.014663722649505995,-0.008170560002326965
mlp,y_GLD,6,2024-12-11,-0.014663722649505995,0.003080751746892929
mlp,y_GLD,4,2024-12-12,-0.012091578404740733,0.0018282805103808641
mlp,y_GLD,5,2024-12-12,-0.012091578404740733,0.031080788001418114
mlp,y_GLD,6,2024-12-12,-0.012091578404740733,0.014559455215930939
mlp,y_GLD,4,2024-12-16,-0.0038386247250202787,0.04204593598842621
mlp,y_GLD,5,2024-12-16,-0.0038386247250202787,-0.0005491618067026138
mlp,y_GLD,6,2024-12-16,-0.0038386247250202787,0.022517643868923187
mlp,y_GLD,4,2024-12-17,-0.01918507783771295,0.01955326460301876
mlp,y_GLD,5,2024-12-17,-0.01918507783771295,-0.014091195538640022
mlp,y_GLD,6,2024-12-17,-0.01918507783771295,0.008883757516741753
mlp,y_GLD,4,2024-12-18,0.0014210967336198976,-0.00980621948838234
mlp,y_GLD,5,2024-12-18,0.0014210967336198976,-0.022310787811875343
mlp,y_GLD,6,2024-12-18,0.0014210967336198976,0.017703723162412643
mlp,y_GLD,4,2024-12-19,0.010434056495473909,-0.022220030426979065
mlp,y_GLD,5,2024-12-19,0.010434056495473909,0.023024478927254677
mlp,y_GLD,6,2024-12-19,0.010434056495473909,0.004644541069865227
mlp,y_GLD,4,2024-12-23,0.001992014086009908,-0.01903650164604187
mlp,y_GLD,5,2024-12-23,0.001992014086009908,-0.009504443034529686
mlp,y_GLD,6,2024-12-23,0.001992014086009908,0.041634924709796906
mlp,y_GLD,4,2024-12-26,-0.0068705038771270655,0.004438740201294422
mlp,y_GLD,5,2024-12-26,-0.0068705038771270655,-0.01293857954442501
mlp,y_GLD,6,2024-12-26,-0.0068705038771270655,0.01016843318939209
mlp,y_GLD,5,2024-12-30,0.006233636577161361,-0.01774563454091549
mlp,y_GLD,6,2024-12-30,0.006233636577161361,0.015558851882815361
mlp,y_GLD,7,2024-12-30,0.006233636577161361,-0.017466984689235687
mlp,y_GLD,5,2025-01-02,-0.007864039973028758,0.0037190113216638565
mlp,y_GLD,6,2025-01-02,-0.007864039973028758,0.006922729313373566
mlp,y_GLD,7,2025-01-02,-0.007864039973028758,0.016046598553657532
mlp,y_GLD,5,2025-01-06,0.005633435188264091,-0.026969516649842262
mlp,y_GLD,6,2025-01-06,0.005633435188264091,-0.011622127145528793
mlp,y_GLD,7,2025-01-06,0.005633435188264091,0.02615608274936676
mlp,y_GLD,5,2025-01-07,0.005315681488124113,-0.003397667780518532
mlp,y_GLD,6,2025-01-07,0.005315681488124113,0.0070151686668396
mlp,y_GLD,7,2025-01-07,0.005315681488124113,0.014186479151248932
mlp,y_GLD,5,2025-01-13,0.005249423200524239,-0.006531244143843651
mlp,y_GLD,6,2025-01-13,0.005249423200524239,-0.01699032634496689
mlp,y_GLD,7,2025-01-13,0.005249423200524239,-0.026704885065555573
mlp,y_GLD,5,2025-01-14,0.007488993695735191,-0.0054869335144758224
mlp,y_GLD,6,2025-01-14,0.007488993695735191,-0.00010519102215766907
mlp,y_GLD,7,2025-01-14,0.007488993695735191,0.0029450207948684692
mlp,y_GLD,5,2025-01-15,0.006910965874952435,-0.039430782198905945
mlp,y_GLD,6,2025-01-15,0.006910965874952435,-0.09726373851299286
mlp,y_GLD,7,2025-01-15,0.006910965874952435,-0.10543078929185867
mlp,y_GLD,5,2025-01-16,-0.005307269747253374,0.0020359139889478683
mlp,y_GLD,6,2025-01-16,-0.005307269747253374,0.00017334334552288055
mlp,y_GLD,7,2025-01-16,-0.005307269747253374,0.002468600869178772
mlp,y_GLD,6,2025-01-21,0.005135652699768123,0.00423264317214489
mlp,y_GLD,7,2025-01-21,0.005135652699768123,0.016296662390232086
mlp,y_GLD,8,2025-01-21,0.005135652699768123,-0.001054590567946434
mlp,y_GLD,6,2025-01-22,-0.0014148699521492336,0.008607398718595505
mlp,y_GLD,7,2025-01-22,-0.0014148699521492336,-0.04643968492746353
mlp,y_GLD,8,2025-01-22,-0.0014148699521492336,0.018984507769346237
mlp,y_GLD,6,2025-01-23,0.006218705580031125,0.025141384452581406
mlp,y_GLD,7,2025-01-23,0.006218705580031125,-0.037896521389484406
mlp,y_GLD,8,2025-01-23,0.006218705580031125,0.056643880903720856
mlp,y_GLD,6,2025-01-27,0.008656417783572623,-0.010218042880296707
mlp,y_GLD,7,2025-01-27,0.008656417783572623,-0.008147567510604858
mlp,y_GLD,8,2025-01-27,0.008656417783572623,0.002546612173318863
mlp,y_GLD,6,2025-01-28,-0.0038404097330004827,0.016111047938466072
mlp,y_GLD,7,2025-01-28,-0.0038404097330004827,0.004902590066194534
mlp,y_GLD,8,2025-01-28,-0.0038404097330004827,0.022666197270154953
mlp,y_GLD,6,2025-01-29,0.01514551884715587,-0.03435860201716423
mlp,y_GLD,7,2025-01-29,0.01514551884715587,0.03303030505776405
mlp,y_GLD,8,2025-01-29,0.01514551884715587,0.0219130776822567
mlp,y_GLD,6,2025-01-30,0.0019763991077346166,-0.03653327375650406
mlp,y_GLD,7,2025-01-30,0.0019763991077346166,0.005167216062545776
mlp,y_GLD,8,2025-01-30,0.0019763991077346166,-0.009206799790263176
mlp,y_GLD,6,2025-02-03,0.00984841707528572,-0.0004903208464384079
mlp,y_GLD,7,2025-02-03,0.00984841707528572,-0.02712313085794449
mlp,y_GLD,8,2025-02-03,0.00984841707528572,-0.005808008834719658
mlp,y_GLD,6,2025-02-04,0.006209542410714253,-0.006390482187271118
mlp,y_GLD,7,2025-02-04,0.006209542410714253,0.00523737445473671
mlp,y_GLD,8,2025-02-04,0.006209542410714253,0.03768239542841911
mlp,y_GLD,6,2025-02-05,-0.0026502562908058414,0.021210070699453354
mlp,y_GLD,7,2025-02-05,-0.0026502562908058414,0.0044822245836257935
mlp,y_GLD,8,2025-02-05,-0.0026502562908058414,-0.023822370916604996
mlp,y_GLD,6,2025-02-06,0.0017841598670260694,-0.06880030035972595
mlp,y_GLD,7,2025-02-06,0.0017841598670260694,-0.19117861986160278
mlp,y_GLD,8,2025-02-06,0.0017841598670260694,0.1254933774471283
mlp,y_GLD,7,2025-02-10,-0.0036516022155236305,0.010386370122432709
mlp,y_GLD,8,2025-02-10,-0.0036516022155236305,0.004673711955547333
mlp,y_GLD,9,2025-02-10,-0.0036516022155236305,-0.02149759978055954
mlp,y_GLD,7,2025-02-11,0.0010471549570203464,-0.058929964900016785
mlp,y_GLD,8,2025-02-11,0.0010471549570203464,0.06496711820363998
mlp,y_GLD,9,2025-02-11,0.0010471549570203464,0.00870438665151596
mlp,y_GLD,7,2025-02-12,0.009862831092105395,0.03782346099615097
mlp,y_GLD,8,2025-02-12,0.009862831092105395,0.050483740866184235
mlp,y_GLD,9,2025-02-12,0.009862831092105395,0.014187991619110107
mlp,y_GLD,7,2025-02-13,-0.014871773334245386,-0.09308876842260361
mlp,y_GLD,8,2025-02-13,-0.014871773334245386,0.04936166852712631
mlp,y_GLD,9,2025-02-13,-0.014871773334245386,-0.09546902775764465
mlp,y_GLD,7,2025-02-18,0.000554096378723612,-0.03323893994092941
mlp,y_GLD,8,2025-02-18,0.000554096378723612,0.022634357213974
mlp,y_GLD,9,2025-02-18,0.000554096378723612,0.07799462229013443
mlp,y_GLD,7,2025-02-19,0.0005168326664386491,0.04327131807804108
mlp,y_GLD,8,2025-02-19,0.0005168326664386491,0.06863731145858765
mlp,y_GLD,9,2025-02-19,0.0005168326664386491,0.045974597334861755
mlp,y_GLD,7,2025-02-20,-0.0009225433005247696,0.03852391615509987
mlp,y_GLD,8,2025-02-20,-0.0009225433005247696,-0.018723946064710617
mlp,y_GLD,9,2025-02-20,-0.0009225433005247696,0.016749903559684753
mlp,y_GLD,7,2025-02-24,-0.013188334192659745,0.027215301990509033
mlp,y_GLD,8,2025-02-24,-0.013188334192659745,-0.0007837507873773575
mlp,y_GLD,9,2025-02-24,-0.013188334192659745,0.014286041259765625
mlp,y_GLD,7,2025-02-25,0.0015263333689308212,0.05426379293203354
mlp,y_GLD,8,2025-02-25,0.0015263333689308212,-0.017613675445318222
mlp,y_GLD,9,2025-02-25,0.0015263333689308212,0.0014811865985393524
mlp,y_GLD,7,2025-02-26,-0.015239958822878874,0.03622205927968025
mlp,y_GLD,8,2025-02-26,-0.015239958822878874,0.03156275302171707
mlp,y_GLD,9,2025-02-26,-0.015239958822878874,-0.008844804018735886
mlp,y_GLD,7,2025-02-27,-0.006265820058134697,0.02219371125102043
mlp,y_GLD,8,2025-02-27,-0.006265820058134697,-0.02787243202328682
mlp,y_GLD,9,2025-02-27,-0.006265820058134697,-0.01794421300292015
mlp,y_GLD,8,2025-03-03,0.00869763593445505,-0.013149515725672245
mlp,y_GLD,9,2025-03-03,0.00869763593445505,-0.00016371160745620728
mlp,y_GLD,10,2025-03-03,0.00869763593445505,0.001973576843738556
mlp,y_GLD,8,2025-03-04,0.0020813110966890758,-0.01269989088177681
mlp,y_GLD,9,2025-03-04,0.0020813110966890758,0.02169833332300186
mlp,y_GLD,10,2025-03-04,0.0020813110966890758,0.01225205883383751
mlp,y_GLD,8,2025-03-05,-0.005081207410422395,-0.007108656689524651
mlp,y_GLD,9,2025-03-05,-0.005081207410422395,0.015991605818271637
mlp,y_GLD,10,2025-03-05,-0.005081207410422395,-0.020877066999673843
mlp,y_GLD,8,2025-03-06,0.0005219558189655249,0.01664520800113678
mlp,y_GLD,9,2025-03-06,0.0005219558189655249,0.015119951218366623
mlp,y_GLD,10,2025-03-06,0.0005219558189655249,0.003557950258255005
mlp,y_GLD,8,2025-03-10,0.011727541035094546,0.015735935419797897
mlp,y_GLD,9,2025-03-10,0.011727541035094546,0.040769025683403015
mlp,y_GLD,10,2025-03-10,0.011727541035094546,-0.0026666559278964996
mlp,y_GLD,8,2025-03-11,0.004346793335703092,0.02000024914741516
mlp,y_GLD,9,2025-03-11,0.004346793335703092,0.059577375650405884
mlp,y_GLD,10,2025-03-11,0.004346793335703092,0.022039230912923813
mlp,y_GLD,8,2025-03-12,0.017756144523255468,0.0004545394331216812
mlp,y_GLD,9,2025-03-12,0.017756144523255468,-0.01941114291548729
mlp,y_GLD,10,2025-03-12,0.017756144523255468,-0.02098366618156433
mlp,y_GLD,8,2025-03-13,0.00039975774946587883,-0.017155388370156288
mlp,y_GLD,9,2025-03-13,0.00039975774946587883,0.014430847018957138
mlp,y_GLD,10,2025-03-13,0.00039975774946587883,0.014355689287185669
mlp,y_GLD,8,2025-03-17,0.011671955843306048,-0.020691627636551857
mlp,y_GLD,9,2025-03-17,0.011671955843306048,0.014853782951831818
mlp,y_GLD,10,2025-03-17,0.011671955843306048,0.01823398843407631
mlp,y_GLD,8,2025-03-18,0.004107707999658539,0.01613347977399826
mlp,y_GLD,9,2025-03-18,0.004107707999658539,0.002061419188976288
mlp,y_GLD,10,2025-03-18,0.004107707999658539,-0.02272976189851761
mlp,y_GLD,8,2025-03-19,-0.0012805854303336028,0.007298057898879051
mlp,y_GLD,9,2025-03-19,-0.0012805854303336028,0.012498460710048676
mlp,y_GLD,10,2025-03-19,-0.0012805854303336028,-0.03259505331516266
mlp,y_GLD,8,2025-03-20,-0.008049901213267985,-0.008374926634132862
mlp,y_GLD,9,2025-03-20,-0.008049901213267985,0.0291118323802948
mlp,y_GLD,10,2025-03-20,-0.008049901213267985,0.023760315030813217
mlp,y_GLD,9,2025-03-24,0.004400365088198743,-0.0069768428802490234
mlp,y_GLD,10,2025-03-24,0.004400365088198743,0.017088335007429123
mlp,y_GLD,11,2025-03-24,0.004400365088198743,0.01211341843008995
mlp,y_GLD,9,2025-03-25,-0.0008259812019960622,0.02779918909072876
mlp,y_GLD,10,2025-03-25,-0.0008259812019960622,0.00027622655034065247
mlp,y_GLD,11,2025-03-25,-0.0008259812019960622,0.05037601664662361
mlp,y_GLD,9,2025-03-26,0.013405732882559862,-0.017874252051115036
mlp,y_GLD,10,2025-03-26,0.013405732882559862,-0.008689898997545242
mlp,y_GLD,11,2025-03-26,0.013405732882559862,0.014371547847986221
mlp,y_GLD,9,2025-03-27,0.007412123023167627,-0.01377909630537033
mlp,y_GLD,10,2025-03-27,0.007412123023167627,-0.05166856572031975
mlp,y_GLD,11,2025-03-27,0.007412123023167627,-0.04112805053591728
mlp,y_GLD,9,2025-03-31,-0.0019782303576065807,-0.019363287836313248
mlp,y_GLD,10,2025-03-31,-0.0019782303576065807,-0.021454237401485443
mlp,y_GLD,11,2025-03-31,-0.0019782303576065807,-0.013995390385389328
mlp,y_GLD,9,2025-04-01,0.0020516615880092903,0.13853849470615387
mlp,y_GLD,10,2025-04-01,0.0020516615880092903,-0.055970195680856705
mlp,y_GLD,11,2025-04-01,0.0020516615880092903,0.09428861737251282
mlp,y_GLD,9,2025-04-02,-0.006038278082531101,0.06014591455459595
mlp,y_GLD,10,2025-04-02,-0.006038278082531101,-0.003343837335705757
mlp,y_GLD,11,2025-04-02,-0.006038278082531101,-0.007731284946203232
mlp,y_GLD,9,2025-04-03,-0.02339226273628292,-0.007393933832645416
mlp,y_GLD,10,2025-04-03,-0.02339226273628292,-0.01907401718199253
mlp,y_GLD,11,2025-04-03,-0.02339226273628292,-0.016588672995567322
mlp,y_GLD,9,2025-04-07,0.005443793790763651,0.002271309494972229
mlp,y_GLD,10,2025-04-07,0.005443793790763651,-0.0026744045317173004
mlp,y_GLD,11,2025-04-07,0.005443793790763651,0.005305837839841843
mlp,y_GLD,9,2025-04-08,0.03699125081478161,0.014573045074939728
mlp,y_GLD,10,2025-04-08,0.03699125081478161,0.0016129612922668457
mlp,y_GLD,11,2025-04-08,0.03699125081478161,-0.001981031149625778
mlp,y_GLD,9,2025-04-09,0.0244235794430141,-0.008930668234825134
mlp,y_GLD,10,2025-04-09,0.0244235794430141,-0.012945640832185745
mlp,y_GLD,11,2025-04-09,0.0244235794430141,-0.017816632986068726
mlp,y_GLD,9,2025-04-10,0.019086664805096243,-0.0036703869700431824
mlp,y_GLD,10,2025-04-10,0.019086664805096243,-0.027914579957723618
mlp,y_GLD,11,2025-04-10,0.019086664805096243,0.011475339531898499
mlp,y_GLD,10,2025-04-14,0.005232379352138938,0.005881085991859436
mlp,y_GLD,11,2025-04-14,0.005232379352138938,0.024772707372903824
mlp,y_GLD,12,2025-04-14,0.005232379352138938,0.020424652844667435
mlp,y_GLD,10,2025-04-15,0.0325408102664011,0.0069226473569869995
mlp,y_GLD,11,2025-04-15,0.0325408102664011,0.028986219316720963
mlp,y_GLD,12,2025-04-15,0.0325408102664011,-0.034088414162397385
mlp,y_GLD,10,2025-04-16,-0.004390692094044635,-0.0013333186507225037
mlp,y_GLD,11,2025-04-16,-0.004390692094044635,-0.0037966929376125336
mlp,y_GLD,12,2025-04-16,-0.004390692094044635,-0.004387836903333664
mlp,y_GLD,10,2025-04-21,-0.014195668551963636,-0.009343377314507961
mlp,y_GLD,11,2025-04-21,-0.014195668551963636,-0.02442651428282261
mlp,y_GLD,12,2025-04-21,-0.014195668551963636,0.006571054458618164
mlp,y_GLD,10,2025-04-22,-0.023978630729734163,-0.010432682931423187
mlp,y_GLD,11,2025-04-22,-0.023978630729734163,-0.06341575086116791
mlp,y_GLD,12,2025-04-22,-0.023978630729734163,-0.043010223656892776
mlp,y_GLD,10,2025-04-23,0.014556277018207942,-0.0062541663646698
mlp,y_GLD,11,2025-04-23,0.014556277018207942,0.002832084894180298
mlp,y_GLD,12,2025-04-23,0.014556277018207942,-0.011910345405340195
mlp,y_GLD,10,2025-04-24,-0.010841679678267213,-0.009693127125501633
mlp,y_GLD,11,2025-04-24,-0.010841679678267213,0.019141223281621933
mlp,y_GLD,12,2025-04-24,-0.010841679678267213,0.004928022623062134
mlp,y_GLD,10,2025-04-28,-0.009738925467677295,-0.009596106596291065
mlp,y_GLD,11,2025-04-28,-0.009738925467677295,-0.01660389080643654
mlp,y_GLD,12,2025-04-28,-0.009738925467677295,0.014365468174219131
mlp,y_GLD,10,2025-04-29,-0.007482221012837242,-0.010567542165517807
mlp,y_GLD,11,2025-04-29,-0.007482221012837242,-0.004871997982263565
mlp,y_GLD,12,2025-04-29,-0.007482221012837242,-0.01576840505003929
mlp,y_GLD,10,2025-04-30,-0.02077228754256477,0.002943195402622223
mlp,y_GLD,11,2025-04-30,-0.02077228754256477,-0.004084732383489609
mlp,y_GLD,12,2025-04-30,-0.02077228754256477,-0.006327647715806961
mlp,y_GLD,10,2025-05-01,0.0017481999132260562,0.07878020405769348
mlp,y_GLD,11,2025-05-01,0.0017481999132260562,0.08059968054294586
mlp,y_GLD,12,2025-05-01,0.0017481999132260562,-0.038034576922655106
mlp,y_GLD,11,2025-05-05,0.02802400275899264,-0.03871328383684158
mlp,y_GLD,12,2025-05-05,0.02802400275899264,-0.0020837970077991486
mlp,y_GLD,13,2025-05-05,0.02802400275899264,0.006421275436878204
mlp,y_GLD,11,2025-05-06,-0.014993060801348546,0.1664411574602127
mlp,y_GLD,12,2025-05-06,-0.014993060801348546,-0.10988141596317291
mlp,y_GLD,13,2025-05-06,-0.014993060801348546,-0.046122319996356964
mlp,y_GLD,11,2025-05-07,-0.0196942722998793,-0.008756715804338455
mlp,y_GLD,12,2025-05-07,-0.0196942722998793,0.019378259778022766
mlp,y_GLD,13,2025-05-07,-0.0196942722998793,0.012100291438400745
mlp,y_GLD,11,2025-05-08,0.007254674259445482,0.02132270112633705
mlp,y_GLD,12,2025-05-08,0.007254674259445482,-0.03732600435614586
mlp,y_GLD,13,2025-05-08,0.007254674259445482,0.00530659407377243
mlp,y_GLD,11,2025-05-12,0.004258992599597278,0.005823496729135513
mlp,y_GLD,12,2025-05-12,0.004258992599597278,0.012696776539087296
mlp,y_GLD,13,2025-05-12,0.004258992599597278,0.003006286919116974
mlp,y_GLD,11,2025-05-13,-0.021037827999516923,-0.003730248659849167
mlp,y_GLD,12,2025-05-13,-0.021037827999516923,0.006060518324375153
mlp,y_GLD,13,2025-05-13,-0.021037827999516923,0.001559711992740631
mlp,y_GLD,11,2025-05-14,0.015963953531585195,-0.0038920342922210693
mlp,y_GLD,12,2025-05-14,0.015963953531585195,0.014045611023902893
mlp,y_GLD,13,2025-05-14,0.015963953531585195,0.0033761030063033104
mlp,y_GLD,11,2025-05-15,-0.012087047232674286,-0.008718844503164291
mlp,y_GLD,12,2025-05-15,-0.012087047232674286,-0.002295505255460739
mlp,y_GLD,13,2025-05-15,-0.012087047232674286,-0.00045659393072128296
mlp,y_GLD,11,2025-05-19,0.0186222454642182,-0.0026589632034301758
mlp,y_GLD,12,2025-05-19,0.0186222454642182,-0.019229169934988022
mlp,y_GLD,13,2025-05-19,0.0186222454642182,-0.0024515707045793533
mlp,y_GLD,11,2025-05-20,0.007378683875855163,-0.016180623322725296
mlp,y_GLD,12,2025-05-20,0.007378683875855163,0.011566165834665298
mlp,y_GLD,13,2025-05-20,0.007378683875855163,0.024361010640859604
mlp,y_GLD,11,2025-05-21,-0.008861493387459118,0.028861787170171738
mlp,y_GLD,12,2025-05-21,-0.008861493387459118,0.023799937218427658
mlp,y_GLD,13,2025-05-21,-0.008861493387459118,-0.007989965379238129
mlp,y_GLD,11,2025-05-22,0.021906288045034472,0.015310961753129959
mlp,y_GLD,12,2025-05-22,0.021906288045034472,-0.020219285041093826
mlp,y_GLD,13,2025-05-22,0.021906288045034472,-0.011623237282037735
mlp,y_GLD,12,2025-05-27,-0.002266017869971493,0.029164768755435944
mlp,y_GLD,13,2025-05-27,-0.002266017869971493,0.008873655460774899
mlp,y_GLD,14,2025-05-27,-0.002266017869971493,0.003949299454689026
mlp,y_GLD,12,2025-05-28,0.0059247154716219885,0.022212080657482147
mlp,y_GLD,13,2025-05-28,0.0059247154716219885,-0.004278901964426041
mlp,y_GLD,14,2025-05-28,0.0059247154716219885,-0.005115386098623276
mlp,y_GLD,12,2025-05-29,-0.006576942326457891,0.024502379819750786
mlp,y_GLD,13,2025-05-29,-0.006576942326457891,0.023684171959757805
mlp,y_GLD,14,2025-05-29,-0.006576942326457891,-0.0011728368699550629
mlp,y_GLD,12,2025-06-02,-0.008855551213511115,0.026088064536452293
mlp,y_GLD,13,2025-06-02,-0.008855551213511115,-0.002668933942914009
mlp,y_GLD,14,2025-06-02,-0.008855551213511115,-0.011315885931253433
mlp,y_GLD,12,2025-06-03,0.006441974072654677,-0.0060340650379657745
mlp,y_GLD,13,2025-06-03,0.006441974072654677,-0.0065963175147771835
mlp,y_GLD,14,2025-06-03,0.006441974072654677,-0.05535069480538368
mlp,y_GLD,12,2025-06-04,-0.00504987891618125,0.006470523774623871
mlp,y_GLD,13,2025-06-04,-0.00504987891618125,0.004681402817368507
mlp,y_GLD,14,2025-06-04,-0.00504987891618125,-0.0770467221736908
mlp,y_GLD,12,2025-06-05,-0.013416073696802311,0.012081880122423172
mlp,y_GLD,13,2025-06-05,-0.013416073696802311,-0.0039046090096235275
mlp,y_GLD,14,2025-06-05,-0.013416073696802311,-0.018075961619615555
mlp,y_GLD,12,2025-06-09,0.000293510988597534,-0.021460819989442825
mlp,y_GLD,13,2025-06-09,0.000293510988597534,-0.0027510197833180428
mlp,y_GLD,14,2025-06-09,0.000293510988597534,0.028529055416584015
mlp,y_GLD,12,2025-06-10,0.005412290790508978,0.00528489425778389
mlp,y_GLD,13,2025-06-10,0.005412290790508978,-0.0022990815341472626
mlp,y_GLD,14,2025-06-10,0.005412290790508978,-0.01811041682958603
mlp,y_GLD,12,2025-06-11,0.0124202002480438,-0.012422416359186172
mlp,y_GLD,13,2025-06-11,0.0124202002480438,-0.02085353620350361
mlp,y_GLD,14,2025-06-11,0.0124202002480438,-0.020957332104444504
mlp,y_GLD,12,2025-06-12,0.013100564311248064,0.002534370869398117
mlp,y_GLD,13,2025-06-12,0.013100564311248064,0.01201226282864809
mlp,y_GLD,14,2025-06-12,0.013100564311248064,-0.015873484313488007
mlp,y_GLD,13,2025-07-02,-0.006822911403597365,-0.036103878170251846
mlp,y_GLD,14,2025-07-02,-0.006822911403597365,-0.0023742541670799255
mlp,y_GLD,15,2025-07-02,-0.006822911403597365,0.009230516850948334
mlp,y_GLD,13,2025-07-07,-0.010443411868664265,-0.001819884404540062
mlp,y_GLD,14,2025-07-07,-0.010443411868664265,-0.00667300820350647
mlp,y_GLD,15,2025-07-07,-0.010443411868664265,-0.005479630082845688
mlp,y_GLD,13,2025-07-08,0.004471282664348264,-0.041862212121486664
mlp,y_GLD,14,2025-07-08,0.004471282664348264,0.04637696593999863
mlp,y_GLD,15,2025-07-08,0.004471282664348264,-0.00010263919830322266
mlp,y_GLD,13,2025-07-09,0.0022257895319868215,0.010907836258411407
mlp,y_GLD,14,2025-07-09,0.0022257895319868215,-0.0183725468814373
mlp,y_GLD,15,2025-07-09,0.0022257895319868215,-0.0016646534204483032
mlp,y_GLD,13,2025-07-10,0.009601575193336043,0.008070731535553932
mlp,y_GLD,14,2025-07-10,0.009601575193336043,0.010291274636983871
mlp,y_GLD,15,2025-07-10,0.009601575193336043,0.009565422311425209
mlp,y_GLD,13,2025-07-14,-0.004155705135267751,0.01996118575334549
mlp,y_GLD,14,2025-07-14,-0.004155705135267751,0.03206350654363632
mlp,y_GLD,15,2025-07-14,-0.004155705135267751,0.0003313608467578888
mlp,y_GLD,13,2025-07-15,0.004988096125243757,0.01727181114256382
mlp,y_GLD,14,2025-07-15,0.004988096125243757,-0.029503125697374344
mlp,y_GLD,15,2025-07-15,0.004988096125243757,0.0005093030631542206
mlp,y_GLD,13,2025-07-16,-0.0021735334020257513,0.0006122756749391556
mlp,y_GLD,14,2025-07-16,-0.0021735334020257513,0.01618347130715847
mlp,y_GLD,15,2025-07-16,-0.0021735334020257513,-0.011792417615652084
mlp,y_GLD,13,2025-07-17,0.002600924347578637,0.001291625201702118
mlp,y_GLD,14,2025-07-17,0.002600924347578637,0.03730729967355728
mlp,y_GLD,15,2025-07-17,0.002600924347578637,0.02075236290693283
mlp,y_GLD,13,2025-07-21,0.009484882235462067,0.001908421516418457
mlp,y_GLD,14,2025-07-21,0.009484882235462067,-0.015582088381052017
mlp,y_GLD,15,2025-07-21,0.009484882235462067,-0.016788378357887268
mlp,y_GLD,13,2025-07-22,-0.01240118112003663,-0.0057150088250637054
mlp,y_GLD,14,2025-07-22,-0.01240118112003663,-0.024490375071763992
mlp,y_GLD,15,2025-07-22,-0.01240118112003663,-0.008393097668886185
mlp,y_GLD,13,2025-07-23,-0.006118276977772341,0.0028209490701556206
mlp,y_GLD,14,2025-07-23,-0.006118276977772341,-0.010197330266237259
mlp,y_GLD,15,2025-07-23,-0.006118276977772341,0.0014361105859279633
mlp,y_GLD,14,2025-07-24,-0.0092499926477293,0.005251012742519379
mlp,y_GLD,15,2025-07-24,-0.0092499926477293,0.011245155707001686
mlp,y_GLD,16,2025-07-24,-0.0092499926477293,0.0167936272919178
mlp,y_GLD,14,2025-07-28,0.002750389076383808,0.01272231712937355
mlp,y_GLD,15,2025-07-28,0.002750389076383808,0.002693450078368187
mlp,y_GLD,16,2025-07-28,0.002750389076383808,-0.005754444748163223
mlp,y_GLD,14,2025-07-29,-0.017273497289540862,-0.00896541029214859
mlp,y_GLD,15,2025-07-29,-0.017273497289540862,0.018563445657491684
mlp,y_GLD,16,2025-07-29,-0.017273497289540862,0.00840890221297741
mlp,y_GLD,14,2025-07-30,0.0066454015709211944,0.011921361088752747
mlp,y_GLD,15,2025-07-30,0.0066454015709211944,-0.02383008599281311
mlp,y_GLD,16,2025-07-30,0.0066454015709211944,-0.025418397039175034
mlp,y_GLD,14,2025-07-31,0.020299689958884537,-0.020050380378961563
mlp,y_GLD,15,2025-07-31,0.020299689958884537,0.009908977895975113
mlp,y_GLD,16,2025-07-31,0.020299689958884537,0.02311691641807556
mlp,y_GLD,14,2025-08-04,0.0008040912066364925,0.0005296766757965088
mlp,y_GLD,15,2025-08-04,0.0008040912066364925,0.021041184663772583
mlp,y_GLD,16,2025-08-04,0.0008040912066364925,0.03225778415799141
mlp,y_GLD,14,2025-08-05,-0.00212110700071233,-0.009074222296476364
mlp,y_GLD,15,2025-08-05,-0.00212110700071233,0.001069728285074234
mlp,y_GLD,16,2025-08-05,-0.00212110700071233,-0.014869499951601028
mlp,y_GLD,14,2025-08-06,0.008437987494967825,-0.0372171588242054
mlp,y_GLD,15,2025-08-06,0.008437987494967825,0.012757568620145321
mlp,y_GLD,16,2025-08-06,0.008437987494967825,0.010477675125002861
mlp,y_GLD,14,2025-08-07,-0.00022357985855403495,-0.034858640283346176
mlp,y_GLD,15,2025-08-07,-0.00022357985855403495,0.042096178978681564
mlp,y_GLD,16,2025-08-07,-0.00022357985855403495,-0.03977876529097557
mlp,y_GLD,14,2025-08-11,-0.0009074665058316222,0.005976632237434387
mlp,y_GLD,15,2025-08-11,-0.0009074665058316222,-0.011886700987815857
mlp,y_GLD,16,2025-08-11,-0.0009074665058316222,-0.022264353930950165
mlp,y_GLD,14,2025-08-12,0.0030492830145867345,-0.03833979740738869
mlp,y_GLD,15,2025-08-12,0.0030492830145867345,-0.023302040994167328
mlp,y_GLD,16,2025-08-12,0.0030492830145867345,0.024825312197208405
mlp,y_GLD,15,2025-08-13,-0.006338706734070332,0.004521474242210388
mlp,y_GLD,16,2025-08-13,-0.006338706734070332,-0.005641888827085495
mlp,y_GLD,17,2025-08-13,-0.006338706734070332,-0.0036048367619514465
mlp,y_GLD,15,2025-08-14,0.0005858183101099534,0.007186615839600563
mlp,y_GLD,16,2025-08-14,0.0005858183101099534,-0.0029733404517173767
mlp,y_GLD,17,2025-08-14,0.0005858183101099534,0.017812326550483704
mlp,y_GLD,15,2025-08-18,-0.005473279447945512,-0.009823773056268692
mlp,y_GLD,16,2025-08-18,-0.005473279447945512,0.007138935849070549
mlp,y_GLD,17,2025-08-18,-0.005473279447945512,-0.00019978545606136322
mlp,y_GLD,15,2025-08-19,0.010122175284489776,0.02645215019583702
mlp,y_GLD,16,2025-08-19,0.010122175284489776,0.007508426904678345
mlp,y_GLD,17,2025-08-19,0.010122175284489776,0.0018511973321437836
mlp,y_GLD,15,2025-08-20,-0.0034698951143765644,-0.014524050056934357
mlp,y_GLD,16,2025-08-20,-0.0034698951143765644,0.022248312830924988
mlp,y_GLD,17,2025-08-20,-0.0034698951143765644,-0.02081524208188057
mlp,y_GLD,15,2025-08-21,0.01070642694476942,-0.0025623254477977753
mlp,y_GLD,16,2025-08-21,0.01070642694476942,0.031611211597919464
mlp,y_GLD,17,2025-08-21,0.01070642694476942,-0.0008638594299554825
mlp,y_GLD,15,2025-08-25,0.007262047243691283,0.016280438750982285
mlp,y_GLD,16,2025-08-25,0.007262047243691283,-9.62279736995697e-05
mlp,y_GLD,17,2025-08-25,0.007262047243691283,-0.0032445229589939117
mlp,y_GLD,15,2025-08-26,0.0020187288833615202,-0.024324536323547363
mlp,y_GLD,16,2025-08-26,0.0020187288833615202,-0.02805212512612343
mlp,y_GLD,17,2025-08-26,0.0020187288833615202,-0.029283758252859116
mlp,y_GLD,15,2025-08-27,0.007419038046796889,-0.011618178337812424
mlp,y_GLD,16,2025-08-27,0.007419038046796889,0.019644245505332947
mlp,y_GLD,17,2025-08-27,0.007419038046796889,0.01195230521261692
mlp,y_GLD,15,2025-08-28,0.00964990177666114,0.02285655215382576
mlp,y_GLD,16,2025-08-28,0.00964990177666114,0.020867597311735153
mlp,y_GLD,17,2025-08-28,0.00964990177666114,0.02386332117021084
mlp,y_GLD,15,2025-09-02,0.007831992196408066,0.026295289397239685
mlp,y_GLD,16,2025-09-02,0.007831992196408066,-0.042980123311281204
mlp,y_GLD,17,2025-09-02,0.007831992196408066,-0.0010810252279043198
mlp,y_GLD,16,2025-09-03,-0.004418882618094533,0.006747163832187653
mlp,y_GLD,17,2025-09-03,-0.004418882618094533,-0.0005475841462612152
mlp,y_GLD,18,2025-09-03,-0.004418882618094533,-0.012049026787281036
mlp,y_GLD,16,2025-09-04,0.01334594055214322,0.021624458953738213
mlp,y_GLD,17,2025-09-04,0.01334594055214322,-0.026196785271167755
mlp,y_GLD,18,2025-09-04,0.01334594055214322,-0.03860750049352646
mlp,y_GLD,16,2025-09-08,-0.002269905468609279,-0.004712175577878952
mlp,y_GLD,17,2025-09-08,-0.002269905468609279,0.013733906671404839
mlp,y_GLD,18,2025-09-08,-0.002269905468609279,-0.002726331353187561
mlp,y_GLD,16,2025-09-09,0.0035922056391106683,-0.01502908393740654
mlp,y_GLD,17,2025-09-09,0.0035922056391106683,-0.02166030928492546
mlp,y_GLD,18,2025-09-09,0.0035922056391106683,0.014337904751300812
mlp,y_GLD,16,2025-09-10,-0.0014913797811720864,-0.05928732082247734
mlp,y_GLD,17,2025-09-10,-0.0014913797811720864,-0.05061402544379234
mlp,y_GLD,18,2025-09-10,-0.0014913797811720864,0.043343476951122284
mlp,y_GLD,16,2025-09-11,0.0019715725978484144,-0.01213381439447403
mlp,y_GLD,17,2025-09-11,0.0019715725978484144,-0.03166402503848076
mlp,y_GLD,18,2025-09-11,0.0019715725978484144,-0.01032387837767601
mlp,y_GLD,16,2025-09-15,0.0020064107533963593,0.014511020854115486
mlp,y_GLD,17,2025-09-15,0.0020064107533963593,-0.009406320750713348
mlp,y_GLD,18,2025-09-15,0.0020064107533963593,0.0035542212426662445
mlp,y_GLD,16,2025-09-16,-0.007715171664187115,0.0023154281079769135
mlp,y_GLD,17,2025-09-16,-0.007715171664187115,-0.02262711152434349
mlp,y_GLD,18,2025-09-16,-0.007715171664187115,-0.0027181990444660187
mlp,y_GLD,16,2025-09-17,-0.0040063094596702875,0.03520810231566429
mlp,y_GLD,17,2025-09-17,-0.0040063094596702875,0.024915296584367752
mlp,y_GLD,18,2025-09-17,-0.0040063094596702875,-0.005199667066335678
mlp,y_GLD,16,2025-09-18,0.010607227252210416,0.029889732599258423
mlp,y_GLD,17,2025-09-18,0.010607227252210416,-0.07369047403335571
mlp,y_GLD,18,2025-09-18,0.010607227252210416,0.1456660032272339
mlp,y_GLD,16,2025-09-22,0.004086375052867464,0.002141643315553665
mlp,y_GLD,17,2025-09-22,0.004086375052867464,-0.025625690817832947
mlp,y_GLD,18,2025-09-22,0.004086375052867464,-0.006910145282745361
mlp,y_GLD,17,2025-09-23,-0.009063049726670935,-0.0017426740378141403
mlp,y_GLD,18,2025-09-23,-0.009063049726670935,0.040679559111595154
mlp,y_GLD,19,2025-09-23,-0.009063049726670935,-0.02170107327401638
mlp,y_GLD,17,2025-09-24,0.004165188877066628,0.0019081439822912216
mlp,y_GLD,18,2025-09-24,0.004165188877066628,-0.02008536085486412
mlp,y_GLD,19,2025-09-24,0.004165188877066628,-0.08264531195163727
mlp,y_GLD,17,2025-09-25,0.00577227044053652,-0.012294521555304527
mlp,y_GLD,18,2025-09-25,0.00577227044053652,-0.014906197786331177
mlp,y_GLD,19,2025-09-25,0.00577227044053652,0.041494689881801605
mlp,y_GLD,17,2025-09-29,0.008540004081594166,0.016371991485357285
mlp,y_GLD,18,2025-09-29,0.008540004081594166,-0.018836885690689087
mlp,y_GLD,19,2025-09-29,0.008540004081594166,0.025684403255581856
mlp,y_GLD,17,2025-09-30,0.0015753722020723782,-0.007784347981214523
mlp,y_GLD,18,2025-09-30,0.0015753722020723782,-0.009849309921264648
mlp,y_GLD,19,2025-09-30,0.0015753722020723782,0.007703622803092003
mlp,y_GLD,17,2025-10-01,-0.003482825151325697,-0.03056570142507553
mlp,y_GLD,18,2025-10-01,-0.003482825151325697,-0.011263348162174225
mlp,y_GLD,19,2025-10-01,-0.003482825151325697,0.004000459797680378
mlp,y_GLD,17,2025-10-02,0.008032937892485048,0.014552894979715347
mlp,y_GLD,18,2025-10-02,0.008032937892485048,-0.05401882156729698
mlp,y_GLD,19,2025-10-02,0.008032937892485048,-0.015374872833490372
mlp,y_GLD,17,2025-10-06,0.005159462258136571,-0.009646564722061157
mlp,y_GLD,18,2025-10-06,0.005159462258136571,-0.006184786558151245
mlp,y_GLD,19,2025-10-06,0.005159462258136571,6.460212171077728e-05
mlp,y_GLD,17,2025-10-07,0.01649095687844504,-0.023821551352739334
mlp,y_GLD,18,2025-10-07,0.01649095687844504,-0.019235093146562576
mlp,y_GLD,19,2025-10-07,0.01649095687844504,0.016079150140285492
mlp,y_GLD,17,2025-10-08,-0.018452848086064955,-0.05106820538640022
mlp,y_GLD,18,2025-10-08,-0.018452848086064955,-0.011890798807144165
mlp,y_GLD,19,2025-10-08,-0.018452848086064955,-0.05060747265815735
mlp,y_GLD,17,2025-10-09,0.01009770001194199,0.019012492150068283
mlp,y_GLD,18,2025-10-09,0.01009770001194199,-0.0004483908414840698
mlp,y_GLD,19,2025-10-09,0.01009770001194199,0.016582300886511803
mlp,y_GLD,18,2025-10-13,0.007141189222626965,0.035630591213703156
mlp,y_GLD,19,2025-10-13,0.007141189222626965,0.019689418375492096
mlp,y_GLD,20,2025-10-13,0.007141189222626965,-0.06484970450401306
mlp,y_GLD,18,2025-10-14,0.017332403569977117,-0.0015288107097148895
mlp,y_GLD,19,2025-10-14,0.017332403569977117,0.005370279774069786
mlp,y_GLD,20,2025-10-14,0.017332403569977117,-0.018323471769690514
mlp,y_GLD,18,2025-10-15,0.02338727694573106,-0.01031557098031044
mlp,y_GLD,19,2025-10-15,0.02338727694573106,-0.06541621685028076
mlp,y_GLD,20,2025-10-15,0.02338727694573106,0.06220189481973648
mlp,y_GLD,18,2025-10-16,-0.01881705572696668,0.02903299778699875
mlp,y_GLD,19,2025-10-16,-0.01881705572696668,-0.019190995022654533
mlp,y_GLD,20,2025-10-16,-0.01881705572696668,-0.012540234252810478
mlp,y_GLD,18,2025-10-20,-0.06426889260666147,0.024679504334926605
mlp,y_GLD,19,2025-10-20,-0.06426889260666147,0.008896139450371265
mlp,y_GLD,20,2025-10-20,-0.06426889260666147,-0.006270062644034624
mlp,y_GLD,18,2025-10-21,0.00010605594835544352,0.004667207598686218
mlp,y_GLD,19,2025-10-21,0.00010605594835544352,-0.020145228132605553
mlp,y_GLD,20,2025-10-21,0.00010605594835544352,-0.006700889207422733
mlp,y_GLD,18,2025-10-22,0.004002358382396931,0.03515958786010742
mlp,y_GLD,19,2025-10-22,0.004002358382396931,0.03524436801671982
mlp,y_GLD,20,2025-10-22,0.004002358382396931,0.00011627702042460442
mlp,y_GLD,18,2025-10-23,-0.0033528327110016187,0.01088814064860344
mlp,y_GLD,19,2025-10-23,-0.0033528327110016187,-0.035958774387836456
mlp,y_GLD,20,2025-10-23,-0.0033528327110016187,-0.005312297958880663
mlp,y_GLD,18,2025-10-27,-0.007166030388359279,-0.0037397369742393494
mlp,y_GLD,19,2025-10-27,-0.007166030388359279,-0.01249408908188343
mlp,y_GLD,20,2025-10-27,-0.007166030388359279,0.004847309086471796
mlp,y_GLD,18,2025-10-28,-0.0037872684129753864,-0.03400317206978798
mlp,y_GLD,19,2025-10-28,-0.0037872684129753864,-0.02172042988240719
mlp,y_GLD,20,2025-10-28,-0.0037872684129753864,0.04087954759597778
mlp,y_GLD,18,2025-10-29,0.01964188672951095,0.012547038495540619
mlp,y_GLD,19,2025-10-29,0.01964188672951095,-0.03562552481889725
mlp,y_GLD,20,2025-10-29,0.01964188672951095,0.015333497896790504
mlp,y_GLD,18,2025-10-30,-0.005430550723012573,-0.012349851429462433
mlp,y_GLD,19,2025-10-30,-0.005430550723012573,-0.01234603114426136
mlp,y_GLD,20,2025-10-30,-0.005430550723012573,-0.01418684609234333
mlp,y_GLD,19,2025-11-03,-0.01751719582531963,-0.009929666295647621
mlp,y_GLD,20,2025-11-03,-0.01751719582531963,0.01661550998687744
mlp,y_GLD,21,2025-11-03,-0.01751719582531963,0.026297271251678467
mlp,y_GLD,19,2025-11-04,0.011564369498526794,-0.11328078806400299
mlp,y_GLD,20,2025-11-04,0.011564369498526794,0.02405022457242012
mlp,y_GLD,21,2025-11-04,0.011564369498526794,8.899718523025513e-05
mlp,y_GLD,19,2025-11-05,-0.0012005195756796816,-0.07600001990795135
mlp,y_GLD,20,2025-11-05,-0.0012005195756796816,0.005529846530407667
mlp,y_GLD,21,2025-11-05,-0.0012005195756796816,0.01984621211886406
mlp,y_GLD,19,2025-11-06,0.006119021470095687,-0.05015174299478531
mlp,y_GLD,20,2025-11-06,0.006119021470095687,0.019003886729478836
mlp,y_GLD,21,2025-11-06,0.006119021470095687,-8.646398782730103e-06
mlp,y_GLD,19,2025-11-10,0.003937814406542062,-0.0027932655066251755
mlp,y_GLD,20,2025-11-10,0.003937814406542062,-0.005626560654491186
mlp,y_GLD,21,2025-11-10,0.003937814406542062,-0.04985145106911659
mlp,y_GLD,19,2025-11-11,0.016110762091908537,-0.07423149049282074
mlp,y_GLD,20,2025-11-11,0.016110762091908537,-0.00539050018414855
mlp,y_GLD,21,2025-11-11,0.016110762091908537,-0.023133564740419388
mlp,y_GLD,19,2025-11-12,-0.008083098515826892,-0.040801845490932465
mlp,y_GLD,20,2025-11-12,-0.008083098515826892,0.0077623832039535046
mlp,y_GLD,21,2025-11-12,-0.008083098515826892,0.006902333348989487
mlp,y_GLD,19,2025-11-13,-0.018047911171504505,-0.017182612791657448
mlp,y_GLD,20,2025-11-13,-0.018047911171504505,-0.01842782460153103
mlp,y_GLD,21,2025-11-13,-0.018047911171504505,0.015568934381008148
mlp,y_GLD,19,2025-11-17,0.007264932736103624,-0.010429808869957924
mlp,y_GLD,20,2025-11-17,0.007264932736103624,0.008038006722927094
mlp,y_GLD,21,2025-11-17,0.007264932736103624,0.0001786835491657257
mlp,y_GLD,19,2025-11-18,0.0016294519610446923,-0.021986206993460655
mlp,y_GLD,20,2025-11-18,0.0016294519610446923,0.010492697358131409
mlp,y_GLD,21,2025-11-18,0.0016294519610446923,0.006558693945407867
mlp,y_GLD,19,2025-11-19,-0.0002933255655774847,-0.018178610131144524
mlp,y_GLD,20,2025-11-19,-0.0002933255655774847,0.021243488416075706
mlp,y_GLD,21,2025-11-19,-0.0002933255655774847,0.0075867511332035065
mlp,y_GLD,19,2025-11-20,-0.0015473311468576778,-0.018323315307497978
mlp,y_GLD,20,2025-11-20,-0.0015473311468576778,0.0063625178299844265
mlp,y_GLD,21,2025-11-20,-0.0015473311468576778,-0.005404125899076462
mlp,y_GLD,20,2025-11-24,-0.0003156907704157108,0.013554614037275314
mlp,y_GLD,21,2025-11-24,-0.0003156907704157108,0.016138287261128426
mlp,y_GLD,22,2025-11-24,-0.0003156907704157108,-0.009535375982522964
mlp,y_GLD,20,2025-11-25,0.007998338908444147,0.029724668711423874
mlp,y_GLD,21,2025-11-25,0.007998338908444147,0.03648795932531357
mlp,y_GLD,22,2025-11-25,0.007998338908444147,0.011501528322696686
mlp,y_GLD,20,2025-12-01,-0.006440050713598433,0.0005803564563393593
mlp,y_GLD,21,2025-12-01,-0.006440050713598433,0.023482348769903183
mlp,y_GLD,22,2025-12-01,-0.006440050713598433,-0.0036467015743255615
mlp,y_GLD,20,2025-12-02,-0.0009296182229129313,0.005024735350161791
mlp,y_GLD,21,2025-12-02,-0.0009296182229129313,-0.0001442432403564453
mlp,y_GLD,22,2025-12-02,-0.0009296182229129313,0.03890459984540939
mlp,y_GLD,20,2025-12-03,0.0006461951944911615,-0.002339010126888752
mlp,y_GLD,21,2025-12-03,0.0006461951944911615,0.013682542368769646
mlp,y_GLD,22,2025-12-03,0.0006461951944911615,0.010905720293521881
mlp,y_GLD,20,2025-12-04,-0.0017823532991586566,0.0006966660730540752
mlp,y_GLD,21,2025-12-04,-0.0017823532991586566,-0.013716872781515121
mlp,y_GLD,22,2025-12-04,-0.0017823532991586566,0.0002250373363494873
mlp,y_GLD,20,2025-12-08,0.005137202012788666,0.10485860705375671
mlp,y_GLD,21,2025-12-08,0.005137202012788666,-0.12626998126506805
mlp,y_GLD,22,2025-12-08,0.005137202012788666,-0.054792582988739014
mlp,y_GLD,20,2025-12-09,0.00425914796716631,0.05106579512357712
mlp,y_GLD,21,2025-12-09,0.00425914796716631,0.040844958275556564
mlp,y_GLD,22,2025-12-09,0.00425914796716631,-0.014463141560554504
mlp,y_GLD,20,2025-12-10,0.010769830543307712,-0.006701309699565172
mlp,y_GLD,21,2025-12-10,0.010769830543307712,0.029889332130551338
mlp,y_GLD,22,2025-12-10,0.010769830543307712,0.024181362241506577
mlp,y_GLD,20,2025-12-11,0.005594579039939651,0.052128106355667114
mlp,y_GLD,21,2025-12-11,0.005594579039939651,0.005352582782506943
mlp,y_GLD,22,2025-12-11,0.005594579039939651,-0.03589323163032532
mlp,y_GLD,21,2025-12-15,0.00022745542760294057,-0.03012138232588768
mlp,y_GLD,22,2025-12-15,0.00022745542760294057,0.016420837491750717
mlp,y_GLD,23,2025-12-15,0.00022745542760294057,0.0009572729468345642
mlp,y_GLD,21,2025-12-16,0.008588228474273762,0.02100013941526413
mlp,y_GLD,22,2025-12-16,0.008588228474273762,-0.01426757127046585
mlp,y_GLD,23,2025-12-16,0.008588228474273762,-0.04798027500510216
mlp,y_GLD,21,2025-12-17,-0.0018032036998042456,0.031476885080337524
mlp,y_GLD,22,2025-12-17,-0.0018032036998042456,0.009383387863636017
mlp,y_GLD,23,2025-12-17,-0.0018032036998042456,-0.005459554493427277
mlp,y_GLD,21,2025-12-18,0.0011289903434379411,-0.029346588999032974
mlp,y_GLD,22,2025-12-18,0.0011289903434379411,0.05365025997161865
mlp,y_GLD,23,2025-12-18,0.0011289903434379411,-0.042717043310403824
mlp,y_GLD,21,2025-12-23,-0.004134082564786645,0.021263420581817627
mlp,y_GLD,22,2025-12-23,-0.004134082564786645,-0.020459070801734924
mlp,y_GLD,23,2025-12-23,-0.004134082564786645,-0.02131124958395958
mlp,y_GLD,21,2025-12-29,0.0007275678386380324,0.003605339676141739
mlp,y_GLD,22,2025-12-29,0.0007275678386380324,-0.011738955974578857
mlp,y_GLD,23,2025-12-29,0.0007275678386380324,0.001844765618443489
mlp,y_GLD,21,2025-12-30,-0.006467991163222386,0.014713039621710777
mlp,y_GLD,22,2025-12-30,-0.006467991163222386,0.018601613119244576
mlp,y_GLD,23,2025-12-30,-0.006467991163222386,0.0069246552884578705
mlp,y_GLD,22,2026-01-05,0.010813149047262716,-0.03850513696670532
mlp,y_GLD,23,2026-01-05,0.010813149047262716,0.02447781339287758
mlp,y_GLD,24,2026-01-05,0.010813149047262716,-0.07154086232185364
mlp,y_GLD,22,2026-01-06,-0.009559953917112063,-0.02831999957561493
mlp,y_GLD,23,2026-01-06,-0.009559953917112063,0.006576966494321823
mlp,y_GLD,24,2026-01-06,-0.009559953917112063,0.021704750135540962
mlp,y_GLD,22,2026-01-07,0.005522515913727544,-0.051842838525772095
mlp,y_GLD,23,2026-01-07,0.005522515913727544,-0.025229882448911667
mlp,y_GLD,24,2026-01-07,0.005522515913727544,-0.015533436089754105
mlp,y_GLD,22,2026-01-08,0.007242001159325273,0.022682618349790573
mlp,y_GLD,23,2026-01-08,0.007242001159325273,-0.046055350452661514
mlp,y_GLD,24,2026-01-08,0.007242001159325273,-0.017093822360038757
mlp,y_GLD,22,2026-01-12,-0.0014210408732292512,-0.043031126260757446
mlp,y_GLD,23,2026-01-12,-0.0014210408732292512,-0.02234702929854393
mlp,y_GLD,24,2026-01-12,-0.0014210408732292512,-0.012783344835042953
mlp,y_GLD,22,2026-01-13,0.010222226854542216,0.019827328622341156
mlp,y_GLD,23,2026-01-13,0.010222226854542216,0.016342151910066605
mlp,y_GLD,24,2026-01-13,0.010222226854542216,0.005822964012622833
mlp,y_GLD,22,2026-01-14,-0.0061276608305878,0.03058604896068573
mlp,y_GLD,23,2026-01-14,-0.0061276608305878,-0.011476878076791763
mlp,y_GLD,24,2026-01-14,-0.0061276608305878,-0.0037024356424808502
mlp,y_GLD,22,2026-01-15,-0.004818883830700504,-0.011391285806894302
mlp,y_GLD,23,2026-01-15,-0.004818883830700504,-0.008321758359670639
mlp,y_GLD,24,2026-01-15,-0.004818883830700504,0.00392647460103035
mlp,y_GLD,22,2026-01-21,0.01846258414950319,0.004932187497615814
mlp,y_GLD,23,2026-01-21,0.01846258414950319,0.0024952590465545654
mlp,y_GLD,24,2026-01-21,0.01846258414950319,0.02200899086892605
mlp,y_GLD,22,2026-01-22,0.013745304981574558,-0.011589165776968002
mlp,y_GLD,23,2026-01-22,0.013745304981574558,-0.007378339767456055
mlp,y_GLD,24,2026-01-22,0.013745304981574558,-0.0031963996589183807
mlp,y_GLD,23,2026-01-26,0.02453194232197564,-0.005674127489328384
mlp,y_GLD,24,2026-01-26,0.02453194232197564,-0.06612804532051086
mlp,y_GLD,23,2026-01-27,0.038773348494905324,-0.011646982282400131
mlp,y_GLD,24,2026-01-27,0.038773348494905324,-0.00504930317401886
mlp,y_GLD,23,2026-01-28,0.0027094717415592218,0.01640285924077034
mlp,y_GLD,24,2026-01-28,0.0027094717415592218,0.023831110447645187
mlp,y_GLD,23,2026-01-29,-0.10274245274560034,-0.00807870551943779
mlp,y_GLD,24,2026-01-29,-0.10274245274560034,-0.0016078874468803406
mlp,y_GLD,23,2026-02-02,0.06358720612372104,-0.0031961165368556976
mlp,y_GLD,24,2026-02-02,0.06358720612372104,0.008170781657099724
mlp,y_GLD,23,2026-02-03,-0.0007044119795716064,-0.008639384061098099
mlp,y_GLD,24,2026-02-03,-0.0007044119795716064,-0.010204236954450607
mlp,y_GLD,23,2026-02-04,-0.026631707613677613,0.02140200510621071
mlp,y_GLD,24,2026-02-04,-0.026631707613677613,-0.006174616515636444
mlp,y_GLD,23,2026-02-05,0.03073229479090611,0.02214929647743702
mlp,y_GLD,24,2026-02-05,0.03073229479090611,0.018580341711640358
mlp,y_GLD,23,2026-02-09,-0.009913720520981939,0.012563860975205898
mlp,y_GLD,24,2026-02-09,-0.009913720520981939,-0.01566265895962715
mlp,y_GLD,23,2026-02-10,0.011310577541873812,0.001233574002981186
mlp,y_GLD,24,2026-02-10,0.011310577541873812,0.008829150348901749
mlp,y_GLD,23,2026-02-11,-0.03472828959819363,0.016464227810502052
mlp,y_GLD,24,2026-02-11,-0.03472828959819363,0.010730793699622154
mlp,y_GLD,23,2026-02-12,0.024878663914389865,-0.003420807421207428
mlp,y_GLD,24,2026-02-12,0.024878663914389865,-0.0038471706211566925
mlp,y_GLD,24,2026-02-17,0.022489929267582198,-0.00684443861246109
mlp,y_GLD,24,2026-02-18,0.0027930496262249527,-0.024430587887763977
mlp,y_GLD,24,2026-02-19,0.019714504323102178,0.006281953305006027
mlp,y_GLD,24,2026-02-23,-0.01385890426498504,0.03424345701932907
mlp,y_GLD,24,2026-02-24,-0.0025072627221415233,-0.011857885867357254
mlp,y_GLD,24,2026-02-25,0.008575889154321725,0.010710075497627258
mlp,y_GLD,24,2026-02-26,0.01313141674919538,0.020439015701413155
mlp,y_GLD,24,2026-03-02,-0.04461221500318879,0.010081209242343903
mlp,y_GLD,24,2026-03-03,0.007818116439543887,-0.016675017774105072
mlp,y_GLD,24,2026-03-04,-0.012017768242597704,-0.0489627905189991
mlp,y_GLD,24,2026-03-05,0.01583250339069653,0.007406450808048248
mlp,y_TLT,0,2024-08-05,-0.022368550889996675,-0.008032664656639099
mlp,y_TLT,0,2024-08-06,-0.007039945492178679,0.00036988407373428345
mlp,y_TLT,0,2024-08-07,-0.006151853499033244,0.0029258206486701965
mlp,y_TLT,0,2024-08-08,0.00986178206100674,-0.03827878087759018
mlp,y_TLT,0,2024-08-12,0.006935122929059956,0.027906499803066254
mlp,y_TLT,0,2024-08-13,0.006270521022239128,-0.026978952810168266
mlp,y_TLT,0,2024-08-14,-0.008070343520724332,-0.002081848680973053
mlp,y_TLT,0,2024-08-15,0.0035014424876782524,-0.020588897168636322
mlp,y_TLT,0,2024-08-19,0.007968164045019321,-0.0020222924649715424
mlp,y_TLT,0,2024-08-20,0.0006079821175304367,0.0205860435962677
mlp,y_TLT,0,2024-08-21,-0.009925829403327091,0.07010963559150696
mlp,y_TLT,0,2024-08-22,0.006547180757068949,-0.026156092062592506
mlp,y_TLT,0,2024-08-26,-0.0017321272201223925,-0.0010635815560817719
mlp,y_TLT,1,2024-08-26,-0.0017321272201223925,-0.011866318061947823
mlp,y_TLT,0,2024-08-27,-0.0012249025003615577,0.03872133791446686
mlp,y_TLT,1,2024-08-27,-0.0012249025003615577,0.032249562442302704
mlp,y_TLT,0,2024-08-28,-0.003270162266437837,0.00944158062338829
mlp,y_TLT,1,2024-08-28,-0.003270162266437837,0.027748851105570793
mlp,y_TLT,0,2024-08-29,-0.010663461876560532,0.04681478440761566
mlp,y_TLT,1,2024-08-29,-0.010663461876560532,-0.005614515393972397
mlp,y_TLT,0,2024-09-03,0.012889861184252949,0.004163626581430435
mlp,y_TLT,1,2024-09-03,0.012889861184252949,0.0025461625773459673
mlp,y_TLT,0,2024-09-04,0.00565590486216605,-0.027968499809503555
mlp,y_TLT,1,2024-09-04,0.00565590486216605,0.0023565597366541624
mlp,y_TLT,0,2024-09-05,-0.00010045655008983356,0.015499025583267212
mlp,y_TLT,1,2024-09-05,-0.00010045655008983356,0.006790272891521454
mlp,y_TLT,0,2024-09-09,0.007000793032513997,0.12887434661388397
mlp,y_TLT,1,2024-09-09,0.007000793032513997,-0.005201028659939766
mlp,y_TLT,0,2024-09-10,-0.0007946322273765238,0.013734646141529083
mlp,y_TLT,1,2024-09-10,-0.0007946322273765238,-0.007136117666959763
mlp,y_TLT,0,2024-09-11,-0.004671519738422836,0.018845640122890472
mlp,y_TLT,1,2024-09-11,-0.004671519738422836,0.02152935415506363
mlp,y_TLT,0,2024-09-12,0.0026962379698411976,-0.038128919899463654
mlp,y_TLT,1,2024-09-12,0.0026962379698411976,0.010161591693758965
mlp,y_TLT,2,2024-09-12,0.0026962379698411976,0.029349446296691895
mlp,y_TLT,0,2024-09-16,-0.004835669483926441,0.017682164907455444
mlp,y_TLT,1,2024-09-16,-0.004835669483926441,-0.035344015806913376
mlp,y_TLT,2,2024-09-16,-0.004835669483926441,0.06722233444452286
mlp,y_TLT,0,2024-09-17,-0.012395693689927323,0.0021517314016819
mlp,y_TLT,1,2024-09-17,-0.012395693689927323,0.0014998281840234995
mlp,y_TLT,2,2024-09-17,-0.012395693689927323,0.06312096863985062
mlp,y_TLT,0,2024-09-18,-0.0033138276507249653,-0.0020663514733314514
mlp,y_TLT,1,2024-09-18,-0.0033138276507249653,0.0020222694147378206
mlp,y_TLT,2,2024-09-18,-0.0033138276507249653,0.020953670144081116
mlp,y_TLT,0,2024-09-19,-0.0038282870977541794,0.05024999380111694
mlp,y_TLT,1,2024-09-19,-0.0038282870977541794,0.05452341586351395
mlp,y_TLT,2,2024-09-19,-0.0038282870977541794,0.036240264773368835
mlp,y_TLT,0,2024-09-23,-0.00020291062925059666,0.015736564993858337
mlp,y_TLT,1,2024-09-23,-0.00020291062925059666,-0.0011482683476060629
mlp,y_TLT,2,2024-09-23,-0.00020291062925059666,0.005160167813301086
mlp,y_TLT,0,2024-09-24,-0.008312114144058191,0.009225942194461823
mlp,y_TLT,1,2024-09-24,-0.008312114144058191,0.0006649962160736322
mlp,y_TLT,2,2024-09-24,-0.008312114144058191,-0.007047776132822037
mlp,y_TLT,0,2024-09-25,0.0023510126824906052,-0.008922293782234192
mlp,y_TLT,1,2024-09-25,0.0023510126824906052,0.007885842584073544
mlp,y_TLT,2,2024-09-25,0.0023510126824906052,0.0019956454634666443
mlp,y_TLT,0,2024-09-26,0.005200682037067805,-0.00010311231017112732
mlp,y_TLT,1,2024-09-26,0.005200682037067805,-0.004661070182919502
mlp,y_TLT,2,2024-09-26,0.005200682037067805,0.05260112136602402
mlp,y_TLT,0,2024-09-30,0.007219794901542231,0.003887258470058441
mlp,y_TLT,1,2024-09-30,0.007219794901542231,0.012099718675017357
mlp,y_TLT,2,2024-09-30,0.007219794901542231,0.005011342465877533
mlp,y_TLT,0,2024-10-01,-0.008426964441155427,0.0003927759826183319
mlp,y_TLT,1,2024-10-01,-0.008426964441155427,-0.024482352659106255
mlp,y_TLT,2,2024-10-01,-0.008426964441155427,-0.0008295625448226929
mlp,y_TLT,0,2024-10-02,-0.009420643077179713,-0.011091724038124084
mlp,y_TLT,1,2024-10-02,-0.009420643077179713,0.0062752291560173035
mlp,y_TLT,2,2024-10-02,-0.009420643077179713,0.03383541852235794
mlp,y_TLT,0,2024-10-03,-0.012300881957621912,0.020522750914096832
mlp,y_TLT,1,2024-10-03,-0.012300881957621912,-0.00862530991435051
mlp,y_TLT,2,2024-10-03,-0.012300881957621912,0.029227755963802338
mlp,y_TLT,1,2024-10-07,0.0016874269369799855,-0.03262461721897125
mlp,y_TLT,2,2024-10-07,0.0016874269369799855,0.011956032365560532
mlp,y_TLT,3,2024-10-07,0.0016874269369799855,-0.003121979534626007
mlp,y_TLT,1,2024-10-08,-0.005684884944385238,0.010934855788946152
mlp,y_TLT,2,2024-10-08,-0.005684884944385238,-0.006295431405305862
mlp,y_TLT,3,2024-10-08,-0.005684884944385238,-0.01979367621243
mlp,y_TLT,1,2024-10-09,-0.00391735319266262,0.005181139335036278
mlp,y_TLT,2,2024-10-09,-0.00391735319266262,-0.021028636023402214
mlp,y_TLT,3,2024-10-09,-0.00391735319266262,0.00031716376543045044
mlp,y_TLT,1,2024-10-10,-0.004039166515118153,0.006869139149785042
mlp,y_TLT,2,2024-10-10,-0.004039166515118153,-0.017375998198986053
mlp,y_TLT,3,2024-10-10,-0.004039166515118153,-0.0005647279322147369
mlp,y_TLT,1,2024-10-14,0.012157648434101498,-0.009177852421998978
mlp,y_TLT,2,2024-10-14,0.012157648434101498,0.007624082267284393
mlp,y_TLT,3,2024-10-14,0.012157648434101498,-0.04086001217365265
mlp,y_TLT,1,2024-10-15,0.0042144549496681005,0.0055337511003017426
mlp,y_TLT,2,2024-10-15,0.0042144549496681005,-0.02304977737367153
mlp,y_TLT,3,2024-10-15,0.0042144549496681005,-0.0028242524713277817
mlp,y_TLT,1,2024-10-16,-0.015843041256527912,0.015317143872380257
mlp,y_TLT,2,2024-10-16,-0.015843041256527912,-0.021614866331219673
mlp,y_TLT,3,2024-10-16,-0.015843041256527912,-0.011325342580676079
mlp,y_TLT,1,2024-10-17,0.0007462097939257006,0.008409135043621063
mlp,y_TLT,2,2024-10-17,0.0007462097939257006,0.00030325353145599365
mlp,y_TLT,3,2024-10-17,0.0007462097939257006,0.01236729510128498
mlp,y_TLT,1,2024-10-21,0.0009759077019129148,-0.05066438019275665
mlp,y_TLT,2,2024-10-21,0.0009759077019129148,0.09021440893411636
mlp,y_TLT,3,2024-10-21,0.0009759077019129148,-0.06803231686353683
mlp,y_TLT,1,2024-10-22,-0.002708172707938994,-0.030480533838272095
mlp,y_TLT,2,2024-10-22,-0.002708172707938994,0.007849492132663727
mlp,y_TLT,3,2024-10-22,-0.002708172707938994,-0.022115463390946388
mlp,y_TLT,1,2024-10-23,0.006408393065260531,-0.004345003515481949
mlp,y_TLT,2,2024-10-23,0.006408393065260531,0.07327011972665787
mlp,y_TLT,3,2024-10-23,0.006408393065260531,0.00026761554181575775
mlp,y_TLT,1,2024-10-24,-0.005612109149179867,-7.27286096662283e-05
mlp,y_TLT,2,2024-10-24,-0.005612109149179867,-0.016237381845712662
mlp,y_TLT,3,2024-10-24,-0.005612109149179867,0.042982302606105804
mlp,y_TLT,2,2024-10-28,0.0015235289298340948,0.21373221278190613
mlp,y_TLT,3,2024-10-28,0.0015235289298340948,0.0992000550031662
mlp,y_TLT,4,2024-10-28,0.0015235289298340948,0.040868498384952545
mlp,y_TLT,2,2024-10-29,0.0029338213574119365,0.030178554356098175
mlp,y_TLT,3,2024-10-29,0.0029338213574119365,0.03857122361660004
mlp,y_TLT,4,2024-10-29,0.0029338213574119365,-0.017753809690475464
mlp,y_TLT,2,2024-10-30,0.0016250450119625892,-0.0044965967535972595
mlp,y_TLT,3,2024-10-30,0.0016250450119625892,-0.0022913236171007156
mlp,y_TLT,4,2024-10-30,0.0016250450119625892,-0.0001878291368484497
mlp,y_TLT,2,2024-10-31,-0.01409816760588345,0.04841454327106476
mlp,y_TLT,3,2024-10-31,-0.01409816760588345,0.013012196868658066
mlp,y_TLT,4,2024-10-31,-0.01409816760588345,-0.04756685346364975
mlp,y_TLT,2,2024-11-04,0.005311509892854893,0.02194806933403015
mlp,y_TLT,3,2024-11-04,0.005311509892854893,-0.008395599201321602
mlp,y_TLT,4,2024-11-04,0.005311509892854893,-0.012893540784716606
mlp,y_TLT,2,2024-11-05,-0.027388259105888046,-0.014889348298311234
mlp,y_TLT,3,2024-11-05,-0.027388259105888046,-0.009838664904236794
mlp,y_TLT,4,2024-11-05,-0.027388259105888046,-0.026039276272058487
mlp,y_TLT,2,2024-11-06,0.012527473512486287,0.034169554710388184
mlp,y_TLT,3,2024-11-06,0.012527473512486287,0.03359232097864151
mlp,y_TLT,4,2024-11-06,0.012527473512486287,-0.024738911539316177
mlp,y_TLT,2,2024-11-07,0.012701533353653316,0.011921506375074387
mlp,y_TLT,3,2024-11-07,0.012701533353653316,-0.016580769792199135
mlp,y_TLT,4,2024-11-07,0.012701533353653316,-0.011667013168334961
mlp,y_TLT,2,2024-11-11,-0.014993440666183022,-0.042633701115846634
mlp,y_TLT,3,2024-11-11,-0.014993440666183022,0.020264068618416786
mlp,y_TLT,4,2024-11-11,-0.014993440666183022,-0.007884660735726357
mlp,y_TLT,2,2024-11-12,-0.00948622931614962,-0.01627952605485916
mlp,y_TLT,3,2024-11-12,-0.00948622931614962,0.016686121001839638
mlp,y_TLT,4,2024-11-12,-0.00948622931614962,-0.01001417450606823
mlp,y_TLT,2,2024-11-13,0.005790725367673666,0.009885288774967194
mlp,y_TLT,3,2024-11-13,0.005790725367673666,-0.01230713352560997
mlp,y_TLT,4,2024-11-13,0.005790725367673666,-0.011395061388611794
mlp,y_TLT,2,2024-11-14,-0.0026570484651297077,0.3212496340274811
mlp,y_TLT,3,2024-11-14,-0.0026570484651297077,-0.1475253701210022
mlp,y_TLT,4,2024-11-14,-0.0026570484651297077,-0.008959535509347916
mlp,y_TLT,3,2024-11-18,0.005097504306904588,0.0031201746314764023
mlp,y_TLT,4,2024-11-18,0.005097504306904588,-0.003869183361530304
mlp,y_TLT,5,2024-11-18,0.005097504306904588,-0.01960701495409012
mlp,y_TLT,3,2024-11-19,-0.003197171128437537,-0.100812166929245
mlp,y_TLT,4,2024-11-19,-0.003197171128437537,0.045887503772974014
mlp,y_TLT,5,2024-11-19,-0.003197171128437537,0.08717165142297745
mlp,y_TLT,3,2024-11-20,-0.000774446762419001,0.024875668808817863
mlp,y_TLT,4,2024-11-20,-0.000774446762419001,0.0493599958717823
mlp,y_TLT,5,2024-11-20,-0.000774446762419001,-0.03487841412425041
mlp,y_TLT,3,2024-11-21,0.0005534515724503475,0.023132482543587685
mlp,y_TLT,4,2024-11-21,0.0005534515724503475,-0.0008194930851459503
mlp,y_TLT,5,2024-11-21,0.0005534515724503475,-0.1261567771434784
mlp,y_TLT,3,2024-11-25,-0.00388225111274898,-0.010449973866343498
mlp,y_TLT,4,2024-11-25,-0.00388225111274898,0.007471825927495956
mlp,y_TLT,5,2024-11-25,-0.00388225111274898,0.02451753243803978
mlp,y_TLT,3,2024-11-26,0.006928736979951999,-0.007753023877739906
mlp,y_TLT,4,2024-11-26,0.006928736979951999,0.015002742409706116
mlp,y_TLT,5,2024-11-26,0.006928736979951999,-0.0007420908659696579
mlp,y_TLT,3,2024-12-02,-0.008628795038114534,0.023157162591814995
mlp,y_TLT,4,2024-12-02,-0.008628795038114534,0.06270937621593475
mlp,y_TLT,5,2024-12-02,-0.008628795038114534,-0.009559594094753265
mlp,y_TLT,3,2024-12-03,0.01074556525733894,-0.013476455584168434
mlp,y_TLT,4,2024-12-03,0.01074556525733894,0.023651231080293655
mlp,y_TLT,5,2024-12-03,0.01074556525733894,0.02727588079869747
mlp,y_TLT,3,2024-12-04,0.002020217421788262,0.007907029241323471
mlp,y_TLT,4,2024-12-04,0.002020217421788262,0.009058231487870216
mlp,y_TLT,5,2024-12-04,0.002020217421788262,0.02200133167207241
mlp,y_TLT,3,2024-12-05,0.0014850941327582134,0.007237080484628677
mlp,y_TLT,4,2024-12-05,0.0014850941327582134,0.019795380532741547
mlp,y_TLT,5,2024-12-05,0.0014850941327582134,0.011701001785695553
mlp,y_TLT,4,2024-12-09,-0.004704845045274908,0.04328446462750435
mlp,y_TLT,5,2024-12-09,-0.004704845045274908,-0.01591244712471962
mlp,y_TLT,6,2024-12-09,-0.004704845045274908,-0.01354811992496252
mlp,y_TLT,4,2024-12-10,-0.009454170497773529,-0.0071602072566747665
mlp,y_TLT,5,2024-12-10,-0.009454170497773529,-0.0026790089905261993
mlp,y_TLT,6,2024-12-10,-0.009454170497773529,0.021204449236392975
mlp,y_TLT,4,2024-12-11,-0.012147535677257904,-0.01756182499229908
mlp,y_TLT,5,2024-12-11,-0.012147535677257904,-0.0027655325829982758
mlp,y_TLT,6,2024-12-11,-0.012147535677257904,0.002712476998567581
mlp,y_TLT,4,2024-12-12,-0.010210862606242044,0.05488156899809837
mlp,y_TLT,5,2024-12-12,-0.010210862606242044,-0.0005966406315565109
mlp,y_TLT,6,2024-12-12,-0.010210862606242044,-0.006294837221503258
mlp,y_TLT,4,2024-12-16,0.002433207752153832,0.0016744956374168396
mlp,y_TLT,5,2024-12-16,0.002433207752153832,-0.0032059140503406525
mlp,y_TLT,6,2024-12-16,0.002433207752153832,0.022669639438390732
mlp,y_TLT,4,2024-12-17,-0.012504256844886541,-0.04293740540742874
mlp,y_TLT,5,2024-12-17,-0.012504256844886541,-0.011571358889341354
mlp,y_TLT,6,2024-12-17,-0.012504256844886541,0.0022195447236299515
mlp,y_TLT,4,2024-12-18,-0.015141424927233804,-0.01253029890358448
mlp,y_TLT,5,2024-12-18,-0.015141424927233804,-0.00011413171887397766
mlp,y_TLT,6,2024-12-18,-0.015141424927233804,-0.012228659354150295
mlp,y_TLT,4,2024-12-19,0.005693990251774528,-0.02165287733078003
mlp,y_TLT,5,2024-12-19,0.005693990251774528,0.012904774397611618
mlp,y_TLT,6,2024-12-19,0.005693990251774528,0.005615152418613434
mlp,y_TLT,4,2024-12-23,0.004228384884106484,-0.0010290425270795822
mlp,y_TLT,5,2024-12-23,0.004228384884106484,-0.001984158530831337
mlp,y_TLT,6,2024-12-23,0.004228384884106484,-0.006498930975794792
mlp,y_TLT,4,2024-12-26,-0.008198755902080634,-0.011418882757425308
mlp,y_TLT,5,2024-12-26,-0.008198755902080634,0.012930179014801979
mlp,y_TLT,6,2024-12-26,-0.008198755902080634,0.034080781042575836
mlp,y_TLT,5,2024-12-30,-0.005353029943474086,-0.018612083047628403
mlp,y_TLT,6,2024-12-30,-0.005353029943474086,0.0058265142142772675
mlp,y_TLT,7,2024-12-30,-0.005353029943474086,-0.016918588429689407
mlp,y_TLT,5,2025-01-02,-0.0031975783165182348,0.010250743478536606
mlp,y_TLT,6,2025-01-02,-0.0031975783165182348,-0.008484270423650742
mlp,y_TLT,7,2025-01-02,-0.0031975783165182348,-0.001979048363864422
mlp,y_TLT,5,2025-01-06,-0.011277349671819592,0.0028310753405094147
mlp,y_TLT,6,2025-01-06,-0.011277349671819592,0.004256300628185272
mlp,y_TLT,7,2025-01-06,-0.011277349671819592,0.0036031976342201233
mlp,y_TLT,5,2025-01-07,0.0012802219487304534,0.019024919718503952
mlp,y_TLT,6,2025-01-07,0.0012802219487304534,-0.004345877096056938
mlp,y_TLT,7,2025-01-07,0.0012802219487304534,-0.0018465407192707062
mlp,y_TLT,5,2025-01-13,-0.0016389324288217377,0.024885527789592743
mlp,y_TLT,6,2025-01-13,-0.0016389324288217377,-0.013850454241037369
mlp,y_TLT,7,2025-01-13,-0.0016389324288217377,-0.002911294810473919
mlp,y_TLT,5,2025-01-14,0.017235394049260444,-0.007105771452188492
mlp,y_TLT,6,2025-01-14,0.017235394049260444,0.016380757093429565
mlp,y_TLT,7,2025-01-14,0.017235394049260444,-0.0030218474566936493
mlp,y_TLT,5,2025-01-15,0.00322724659786644,0.00038690678775310516
mlp,y_TLT,6,2025-01-15,0.00322724659786644,0.03650830686092377
mlp,y_TLT,7,2025-01-15,0.00322724659786644,-0.07391093671321869
mlp,y_TLT,5,2025-01-16,0.0017234193229516137,0.019587494432926178
mlp,y_TLT,6,2025-01-16,0.0017234193229516137,0.008654199540615082
mlp,y_TLT,7,2025-01-16,0.0017234193229516137,0.01491456851363182
mlp,y_TLT,6,2025-01-21,-0.005228914165501863,-0.02170943282544613
mlp,y_TLT,7,2025-01-21,-0.005228914165501863,0.007089616730809212
mlp,y_TLT,8,2025-01-21,-0.005228914165501863,-0.01091015711426735
mlp,y_TLT,6,2025-01-22,-0.007770688474414311,-0.004824891686439514
mlp,y_TLT,7,2025-01-22,-0.007770688474414311,-0.007702451199293137
mlp,y_TLT,8,2025-01-22,-0.007770688474414311,-0.026372937485575676
mlp,y_TLT,6,2025-01-23,0.004491450105859718,0.033510178327560425
mlp,y_TLT,7,2025-01-23,0.004491450105859718,0.04623216763138771
mlp,y_TLT,8,2025-01-23,0.004491450105859718,-0.0051706708036363125
mlp,y_TLT,6,2025-01-27,-0.0006800067555038369,0.0033088698983192444
mlp,y_TLT,7,2025-01-27,-0.0006800067555038369,0.019872251898050308
mlp,y_TLT,8,2025-01-27,-0.0006800067555038369,-0.0037018987350165844
mlp,y_TLT,6,2025-01-28,-0.002040771379546502,-0.021598568186163902
mlp,y_TLT,7,2025-01-28,-0.002040771379546502,-0.003627711907029152
mlp,y_TLT,8,2025-01-28,-0.002040771379546502,-0.027341948822140694
mlp,y_TLT,6,2025-01-29,0.003749551551226915,-0.0044309888035058975
mlp,y_TLT,7,2025-01-29,0.003749551551226915,0.06376088410615921
mlp,y_TLT,8,2025-01-29,0.003749551551226915,-0.021809302270412445
mlp,y_TLT,6,2025-01-30,-0.006565640872727041,-0.0015835519880056381
mlp,y_TLT,7,2025-01-30,-0.006565640872727041,0.03344007954001427
mlp,y_TLT,8,2025-01-30,-0.006565640872727041,-0.07090715318918228
mlp,y_TLT,6,2025-02-03,0.003062560416624338,-0.019202038645744324
mlp,y_TLT,7,2025-02-03,0.003062560416624338,0.024540137499570847
mlp,y_TLT,8,2025-02-03,0.003062560416624338,-0.012837743386626244
mlp,y_TLT,6,2025-02-04,0.016510394659921657,0.09769854694604874
mlp,y_TLT,7,2025-02-04,0.016510394659921657,0.023031502962112427
mlp,y_TLT,8,2025-02-04,0.016510394659921657,0.04929568991065025
mlp,y_TLT,6,2025-02-05,-0.0004450267020469356,0.012402590364217758
mlp,y_TLT,7,2025-02-05,-0.0004450267020469356,-0.0452934168279171
mlp,y_TLT,8,2025-02-05,-0.0004450267020469356,-0.03291301801800728
mlp,y_TLT,6,2025-02-06,-0.00645531511851638,0.037496693432331085
mlp,y_TLT,7,2025-02-06,-0.00645531511851638,0.061221893876791
mlp,y_TLT,8,2025-02-06,-0.00645531511851638,-0.005718549247831106
mlp,y_TLT,7,2025-02-10,-0.006404463930769433,0.018611153587698936
mlp,y_TLT,8,2025-02-10,-0.006404463930769433,-0.02352803200483322
mlp,y_TLT,9,2025-02-10,-0.006404463930769433,0.004681028425693512
mlp,y_TLT,7,2025-02-11,-0.013569961914463802,0.02056502178311348
mlp,y_TLT,8,2025-02-11,-0.013569961914463802,0.024078311398625374
mlp,y_TLT,9,2025-02-11,-0.013569961914463802,0.027257952839136124
mlp,y_TLT,7,2025-02-12,0.01662273531997749,0.04568802937865257
mlp,y_TLT,8,2025-02-12,0.01662273531997749,0.033444054424762726
mlp,y_TLT,9,2025-02-12,0.01662273531997749,0.0300399549305439
mlp,y_TLT,7,2025-02-13,0.005299826116787809,0.07531549036502838
mlp,y_TLT,8,2025-02-13,0.005299826116787809,-0.017568955197930336
mlp,y_TLT,9,2025-02-13,0.005299826116787809,0.0411161445081234
mlp,y_TLT,7,2025-02-18,0.001248552780812373,0.04570160433650017
mlp,y_TLT,8,2025-02-18,0.001248552780812373,-0.06728547066450119
mlp,y_TLT,9,2025-02-18,0.001248552780812373,0.039990682154893875
mlp,y_TLT,7,2025-02-19,0.003741168850526222,0.006116755306720734
mlp,y_TLT,8,2025-02-19,0.003741168850526222,-0.026025136932730675
mlp,y_TLT,9,2025-02-19,0.003741168850526222,0.05813523009419441
mlp,y_TLT,7,2025-02-20,0.012085027403194504,-0.02367410808801651
mlp,y_TLT,8,2025-02-20,0.012085027403194504,0.00427710497751832
mlp,y_TLT,9,2025-02-20,0.012085027403194504,0.014410082250833511
mlp,y_TLT,7,2025-02-24,0.01724688592207624,0.02882784977555275
mlp,y_TLT,8,2025-02-24,0.01724688592207624,0.017733315005898476
mlp,y_TLT,9,2025-02-24,0.01724688592207624,-0.0069145746529102325
mlp,y_TLT,7,2025-02-25,0.005906964370742562,0.0051727499812841415
mlp,y_TLT,8,2025-02-25,0.005906964370742562,0.035287220031023026
mlp,y_TLT,9,2025-02-25,0.005906964370742562,0.006134815514087677
mlp,y_TLT,7,2025-02-26,-0.007068422033070787,0.016360197216272354
mlp,y_TLT,8,2025-02-26,-0.007068422033070787,0.05800763890147209
mlp,y_TLT,9,2025-02-26,-0.007068422033070787,-0.029229529201984406
mlp,y_TLT,7,2025-02-27,0.012266091307345128,-0.003009878098964691
mlp,y_TLT,8,2025-02-27,0.012266091307345128,0.03175250068306923
mlp,y_TLT,9,2025-02-27,0.012266091307345128,-0.018884148448705673
mlp,y_TLT,8,2025-03-03,-0.012314975657354732,-0.008415604010224342
mlp,y_TLT,9,2025-03-03,-0.012314975657354732,0.01780819520354271
mlp,y_TLT,10,2025-03-03,-0.012314975657354732,-0.004082875791937113
mlp,y_TLT,8,2025-03-04,-0.007984170650322975,-0.0002205907367169857
mlp,y_TLT,9,2025-03-04,-0.007984170650322975,0.007364939898252487
mlp,y_TLT,10,2025-03-04,-0.007984170650322975,-0.012089451774954796
mlp,y_TLT,8,2025-03-05,-0.00330771032013355,-0.007971195504069328
mlp,y_TLT,9,2025-03-05,-0.00330771032013355,-0.014817655086517334
mlp,y_TLT,10,2025-03-05,-0.00330771032013355,0.015228250995278358
mlp,y_TLT,8,2025-03-06,-0.003207920613952364,-0.007635660003870726
mlp,y_TLT,9,2025-03-06,-0.003207920613952364,-0.008471384644508362
mlp,y_TLT,10,2025-03-06,-0.003207920613952364,-0.02795925736427307
mlp,y_TLT,8,2025-03-10,-0.007139083278418168,0.04373237490653992
mlp,y_TLT,9,2025-03-10,-0.007139083278418168,0.030082348734140396
mlp,y_TLT,10,2025-03-10,-0.007139083278418168,-0.024423640221357346
mlp,y_TLT,8,2025-03-11,-0.005973302516129819,-0.009609216824173927
mlp,y_TLT,9,2025-03-11,-0.005973302516129819,0.046830300241708755
mlp,y_TLT,10,2025-03-11,-0.005973302516129819,5.565537139773369e-05
mlp,y_TLT,8,2025-03-12,0.008791196896851039,-0.01051308587193489
mlp,y_TLT,9,2025-03-12,0.008791196896851039,-0.007319789379835129
mlp,y_TLT,10,2025-03-12,0.008791196896851039,-0.0037986417300999165
mlp,y_TLT,8,2025-03-13,-0.005295116001279854,-0.03820856288075447
mlp,y_TLT,9,2025-03-13,-0.005295116001279854,-0.0183287151157856
mlp,y_TLT,10,2025-03-13,-0.005295116001279854,-0.013991229236125946
mlp,y_TLT,8,2025-03-17,0.0009929868052489521,0.0280821043998003
mlp,y_TLT,9,2025-03-17,0.0009929868052489521,-0.023323509842157364
mlp,y_TLT,10,2025-03-17,0.0009929868052489521,-0.02671555057168007
mlp,y_TLT,8,2025-03-18,0.005181400885427623,-0.03517211601138115
mlp,y_TLT,9,2025-03-18,0.005181400885427623,-0.017135558649897575
mlp,y_TLT,10,2025-03-18,0.005181400885427623,0.045076191425323486
mlp,y_TLT,8,2025-03-19,0.0006580421122470703,0.01462165080010891
mlp,y_TLT,9,2025-03-19,0.0006580421122470703,0.03951425477862358
mlp,y_TLT,10,2025-03-19,0.0006580421122470703,0.02606571838259697
mlp,y_TLT,8,2025-03-20,-0.005918309641570585,0.015079496428370476
mlp,y_TLT,9,2025-03-20,-0.005918309641570585,-0.015388891100883484
mlp,y_TLT,10,2025-03-20,-0.005918309641570585,-0.027805935591459274
mlp,y_TLT,9,2025-03-24,-0.00011127790462195364,0.006646495312452316
mlp,y_TLT,10,2025-03-24,-0.00011127790462195364,-0.0014941967092454433
mlp,y_TLT,11,2025-03-24,-0.00011127790462195364,-0.029222652316093445
mlp,y_TLT,9,2025-03-25,-0.006573054924644106,0.05337629094719887
mlp,y_TLT,10,2025-03-25,-0.006573054924644106,-0.03584495559334755
mlp,y_TLT,11,2025-03-25,-0.006573054924644106,0.009318580850958824
mlp,y_TLT,9,2025-03-26,-0.0029157326269962924,-0.008509371429681778
mlp,y_TLT,10,2025-03-26,-0.0029157326269962924,0.0016080774366855621
mlp,y_TLT,11,2025-03-26,-0.0029157326269962924,-0.0023347344249486923
mlp,y_TLT,9,2025-03-27,0.013834097889148023,0.0494084395468235
mlp,y_TLT,10,2025-03-27,0.013834097889148023,-0.04947814717888832
mlp,y_TLT,11,2025-03-27,0.013834097889148023,0.06643112003803253
mlp,y_TLT,9,2025-03-31,0.008665418069222275,-0.017450453713536263
mlp,y_TLT,10,2025-03-31,0.008665418069222275,-0.024168159812688828
mlp,y_TLT,11,2025-03-31,0.008665418069222275,-0.010046025738120079
mlp,y_TLT,9,2025-04-01,-0.0006558949623377552,-0.0746966153383255
mlp,y_TLT,10,2025-04-01,-0.0006558949623377552,-0.07044462114572525
mlp,y_TLT,11,2025-04-01,-0.0006558949623377552,-0.10866055637598038
mlp,y_TLT,9,2025-04-02,0.004593930562262649,0.032455477863550186
mlp,y_TLT,10,2025-04-02,0.004593930562262649,-0.03636910021305084
mlp,y_TLT,11,2025-04-02,0.004593930562262649,-0.009592694230377674
mlp,y_TLT,9,2025-04-03,0.0108872650056977,-0.027920357882976532
mlp,y_TLT,10,2025-04-03,0.0108872650056977,0.00036995625123381615
mlp,y_TLT,11,2025-04-03,0.0108872650056977,-0.007471762597560883
mlp,y_TLT,9,2025-04-07,-0.018878307382398152,-0.0009943395853042603
mlp,y_TLT,10,2025-04-07,-0.018878307382398152,-0.035946428775787354
mlp,y_TLT,11,2025-04-07,-0.018878307382398152,0.024139681831002235
mlp,y_TLT,9,2025-04-08,0.005885640597837805,-0.011142449453473091
mlp,y_TLT,10,2025-04-08,0.005885640597837805,0.004584466572850943
mlp,y_TLT,11,2025-04-08,0.005885640597837805,0.003730976954102516
mlp,y_TLT,9,2025-04-09,-0.027568291218065366,0.014209676533937454
mlp,y_TLT,10,2025-04-09,-0.027568291218065366,0.006275177467614412
mlp,y_TLT,11,2025-04-09,-0.027568291218065366,0.011595740914344788
mlp,y_TLT,9,2025-04-10,0.005438529904652656,0.006768312305212021
mlp,y_TLT,10,2025-04-10,0.005438529904652656,0.004436373244971037
mlp,y_TLT,11,2025-04-10,0.005438529904652656,0.015710456296801567
mlp,y_TLT,10,2025-04-14,0.0035424608283660675,-0.02369069680571556
mlp,y_TLT,11,2025-04-14,0.0035424608283660675,-0.008677037432789803
mlp,y_TLT,12,2025-04-14,0.0035424608283660675,0.007035791873931885
mlp,y_TLT,10,2025-04-15,0.005579418358684363,0.03752627223730087
mlp,y_TLT,11,2025-04-15,0.005579418358684363,0.026866426691412926
mlp,y_TLT,12,2025-04-15,0.005579418358684363,0.048683859407901764
mlp,y_TLT,10,2025-04-16,-0.008832236972302066,-0.03154368698596954
mlp,y_TLT,11,2025-04-16,-0.008832236972302066,0.009540291503071785
mlp,y_TLT,12,2025-04-16,-0.008832236972302066,-0.018429867923259735
mlp,y_TLT,10,2025-04-21,0.005581570122111801,-0.0016722544096410275
mlp,y_TLT,11,2025-04-21,0.005581570122111801,-0.008427214808762074
mlp,y_TLT,12,2025-04-21,0.005581570122111801,-0.02112935483455658
mlp,y_TLT,10,2025-04-22,0.009713117600179011,-0.01262054592370987
mlp,y_TLT,11,2025-04-22,0.009713117600179011,-0.01860806904733181
mlp,y_TLT,12,2025-04-22,0.009713117600179011,0.016239993274211884
mlp,y_TLT,10,2025-04-23,0.010535879549711469,-0.011658195406198502
mlp,y_TLT,11,2025-04-23,0.010535879549711469,0.033814698457717896
mlp,y_TLT,12,2025-04-23,0.010535879549711469,0.01380186527967453
mlp,y_TLT,10,2025-04-24,0.007366425803466248,0.021967299282550812
mlp,y_TLT,11,2025-04-24,0.007366425803466248,0.006889013573527336
mlp,y_TLT,12,2025-04-24,0.007366425803466248,0.006033018231391907
mlp,y_TLT,10,2025-04-28,0.008384512470155148,0.019078316166996956
mlp,y_TLT,11,2025-04-28,0.008384512470155148,-0.00909610278904438
mlp,y_TLT,12,2025-04-28,0.008384512470155148,0.01584658771753311
mlp,y_TLT,10,2025-04-29,-0.008093038502040129,-0.00048265838995575905
mlp,y_TLT,11,2025-04-29,-0.008093038502040129,-0.011959122493863106
mlp,y_TLT,12,2025-04-29,-0.008093038502040129,0.020917154848575592
mlp,y_TLT,10,2025-04-30,-0.0050704962166168155,0.014047283679246902
mlp,y_TLT,11,2025-04-30,-0.0050704962166168155,-0.024851245805621147
mlp,y_TLT,12,2025-04-30,-0.0050704962166168155,-0.016326002776622772
mlp,y_TLT,10,2025-05-01,-0.010824228216099074,0.008727781474590302
mlp,y_TLT,11,2025-05-01,-0.010824228216099074,0.06462004780769348
mlp,y_TLT,12,2025-05-01,-0.010824228216099074,0.27817749977111816
mlp,y_TLT,11,2025-05-05,0.0033242939368243185,-0.0012603234499692917
mlp,y_TLT,12,2025-05-05,0.0033242939368243185,0.03423813730478287
mlp,y_TLT,13,2025-05-05,0.0033242939368243185,0.012468905188143253
mlp,y_TLT,11,2025-05-06,0.004227004051764238,0.055615007877349854
mlp,y_TLT,12,2025-05-06,0.004227004051764238,0.10007626563310623
mlp,y_TLT,13,2025-05-06,0.004227004051764238,0.08002135902643204
mlp,y_TLT,11,2025-05-07,-0.011149048972256104,-0.010674769058823586
mlp,y_TLT,12,2025-05-07,-0.011149048972256104,-0.0034031942486763
mlp,y_TLT,13,2025-05-07,-0.011149048972256104,-0.016559116542339325
mlp,y_TLT,11,2025-05-08,0.0014956210401326775,-0.08430208265781403
mlp,y_TLT,12,2025-05-08,0.0014956210401326775,0.16245752573013306
mlp,y_TLT,13,2025-05-08,0.0014956210401326775,0.04024621471762657
mlp,y_TLT,11,2025-05-12,-0.004058408185501183,0.008430207148194313
mlp,y_TLT,12,2025-05-12,-0.004058408185501183,0.008227959275245667
mlp,y_TLT,13,2025-05-12,-0.004058408185501183,0.0027222642675042152
mlp,y_TLT,11,2025-05-13,-0.006636243180125789,-0.005004331469535828
mlp,y_TLT,12,2025-05-13,-0.006636243180125789,0.008070312440395355
mlp,y_TLT,13,2025-05-13,-0.006636243180125789,-0.00467346515506506
mlp,y_TLT,11,2025-05-14,0.008790242810072568,0.01826407201588154
mlp,y_TLT,12,2025-05-14,0.008790242810072568,0.01715366542339325
mlp,y_TLT,13,2025-05-14,0.008790242810072568,0.029368486255407333
mlp,y_TLT,11,2025-05-15,0.002672358182987722,-0.014442555606365204
mlp,y_TLT,12,2025-05-15,0.002672358182987722,0.0001330934464931488
mlp,y_TLT,13,2025-05-15,0.002672358182987722,-0.001555553637444973
mlp,y_TLT,11,2025-05-19,-0.007205297209197048,-0.023100072517991066
mlp,y_TLT,12,2025-05-19,-0.007205297209197048,0.016857191920280457
mlp,y_TLT,13,2025-05-19,-0.007205297209197048,-0.020762698724865913
mlp,y_TLT,11,2025-05-20,-0.017089898713178342,0.02423870749771595
mlp,y_TLT,12,2025-05-20,-0.017089898713178342,0.01928871124982834
mlp,y_TLT,13,2025-05-20,-0.017089898713178342,-0.031359072774648666
mlp,y_TLT,11,2025-05-21,0.005239912235805777,0.009332774206995964
mlp,y_TLT,12,2025-05-21,0.005239912235805777,-0.0016854740679264069
mlp,y_TLT,13,2025-05-21,0.005239912235805777,-0.02950260415673256
mlp,y_TLT,11,2025-05-22,0.0016586137930580946,-0.011369073763489723
mlp,y_TLT,12,2025-05-22,0.0016586137930580946,0.03677687793970108
mlp,y_TLT,13,2025-05-22,0.0016586137930580946,0.07598860561847687
mlp,y_TLT,12,2025-05-27,-0.004315755188378456,-0.017611943185329437
mlp,y_TLT,13,2025-05-27,-0.004315755188378456,0.001020326279103756
mlp,y_TLT,14,2025-05-27,-0.004315755188378456,-0.017751673236489296
mlp,y_TLT,12,2025-05-28,0.009254831797722796,0.020287200808525085
mlp,y_TLT,13,2025-05-28,0.009254831797722796,-0.003842701204121113
mlp,y_TLT,14,2025-05-28,0.009254831797722796,-0.0008285343647003174
mlp,y_TLT,12,2025-05-29,0.001508988611063522,0.009257353842258453
mlp,y_TLT,13,2025-05-29,0.001508988611063522,-0.011605579406023026
mlp,y_TLT,14,2025-05-29,0.001508988611063522,0.009418128058314323
mlp,y_TLT,12,2025-06-02,-0.00176124528866195,-0.015242837369441986
mlp,y_TLT,13,2025-06-02,-0.00176124528866195,0.020119883120059967
mlp,y_TLT,14,2025-06-02,-0.00176124528866195,-0.009983072057366371
mlp,y_TLT,12,2025-06-03,0.01623323257324838,0.08102361112833023
mlp,y_TLT,13,2025-06-03,0.01623323257324838,-0.005499702878296375
mlp,y_TLT,14,2025-06-03,0.01623323257324838,-0.019547125324606895
mlp,y_TLT,12,2025-06-04,0.0006944311332974795,0.028227873146533966
mlp,y_TLT,13,2025-06-04,0.0006944311332974795,0.046292100101709366
mlp,y_TLT,14,2025-06-04,0.0006944311332974795,-0.00839194469153881
mlp,y_TLT,12,2025-06-05,-0.012723862020855292,-0.01789805293083191
mlp,y_TLT,13,2025-06-05,-0.012723862020855292,-0.02852347493171692
mlp,y_TLT,14,2025-06-05,-0.012723862020855292,0.006426156498491764
mlp,y_TLT,12,2025-06-09,0.005149764384827948,0.02544831484556198
mlp,y_TLT,13,2025-06-09,0.005149764384827948,-0.019801273941993713
mlp,y_TLT,14,2025-06-09,0.005149764384827948,0.01413687877357006
mlp,y_TLT,12,2025-06-10,0.003027623043210248,0.007076423615217209
mlp,y_TLT,13,2025-06-10,0.003027623043210248,-0.00611408706754446
mlp,y_TLT,14,2025-06-10,0.003027623043210248,-0.005215218290686607
mlp,y_TLT,12,2025-06-11,0.01195722163239088,0.018412940204143524
mlp,y_TLT,13,2025-06-11,0.01195722163239088,0.006942647509276867
mlp,y_TLT,14,2025-06-11,0.01195722163239088,-0.02334616146981716
mlp,y_TLT,12,2025-06-12,-0.009636128589180615,0.0004565417766571045
mlp,y_TLT,13,2025-06-12,-0.009636128589180615,0.002669406123459339
mlp,y_TLT,14,2025-06-12,-0.009636128589180615,-0.0034500602632761
mlp,y_TLT,13,2025-07-02,-0.006964968038882358,0.05530908331274986
mlp,y_TLT,14,2025-07-02,-0.006964968038882358,0.007008137181401253
mlp,y_TLT,15,2025-07-02,-0.006964968038882358,-0.021167321130633354
mlp,y_TLT,13,2025-07-07,-0.0012770891232737336,0.0017045950517058372
mlp,y_TLT,14,2025-07-07,-0.0012770891232737336,-0.010061291977763176
mlp,y_TLT,15,2025-07-07,-0.0012770891232737336,-0.011320231482386589
mlp,y_TLT,13,2025-07-08,0.010461541720878875,0.03762511536478996
mlp,y_TLT,14,2025-07-08,0.010461541720878875,-0.013602009043097496
mlp,y_TLT,15,2025-07-08,0.010461541720878875,0.007179809734225273
mlp,y_TLT,13,2025-07-09,0.0006901732238093761,0.001966702751815319
mlp,y_TLT,14,2025-07-09,0.0006901732238093761,0.0008906405419111252
mlp,y_TLT,15,2025-07-09,0.0006901732238093761,-0.01450495608150959
mlp,y_TLT,13,2025-07-10,-0.013794576434968953,-0.00879802368581295
mlp,y_TLT,14,2025-07-10,-0.013794576434968953,-0.004502754658460617
mlp,y_TLT,15,2025-07-10,-0.013794576434968953,-0.001495731994509697
mlp,y_TLT,13,2025-07-14,-0.007008423634629279,-0.0008452264592051506
mlp,y_TLT,14,2025-07-14,-0.007008423634629279,-0.005202511325478554
mlp,y_TLT,15,2025-07-14,-0.007008423634629279,0.0002738833427429199
mlp,y_TLT,13,2025-07-15,0.0014113373863384737,-0.01373350154608488
mlp,y_TLT,14,2025-07-15,0.0014113373863384737,0.00643492303788662
mlp,y_TLT,15,2025-07-15,0.0014113373863384737,-0.04810093343257904
mlp,y_TLT,13,2025-07-16,-0.00023486062567612542,-0.011773698963224888
mlp,y_TLT,14,2025-07-16,-0.00023486062567612542,0.0030183028429746628
mlp,y_TLT,15,2025-07-16,-0.00023486062567612542,0.036183785647153854
mlp,y_TLT,13,2025-07-17,0.001527460364535882,-0.039001282304525375
mlp,y_TLT,14,2025-07-17,0.001527460364535882,-0.031031062826514244
mlp,y_TLT,15,2025-07-17,0.001527460364535882,0.0032541733235120773
mlp,y_TLT,13,2025-07-21,0.006046519955589469,-0.027715187519788742
mlp,y_TLT,14,2025-07-21,0.006046519955589469,-0.006986362859606743
mlp,y_TLT,15,2025-07-21,0.006046519955589469,-0.0031622853130102158
mlp,y_TLT,13,2025-07-22,-0.005547822879723108,-0.0019977539777755737
mlp,y_TLT,14,2025-07-22,-0.005547822879723108,0.014613648876547813
mlp,y_TLT,15,2025-07-22,-0.005547822879723108,-0.004673944786190987
mlp,y_TLT,13,2025-07-23,-0.0017434178989321758,0.004114258103072643
mlp,y_TLT,14,2025-07-23,-0.0017434178989321758,-0.009612543508410454
mlp,y_TLT,15,2025-07-23,-0.0017434178989321758,-0.01165965385735035
mlp,y_TLT,14,2025-07-24,0.006287137714630964,0.006112362258136272
mlp,y_TLT,15,2025-07-24,0.006287137714630964,0.004510248079895973
mlp,y_TLT,16,2025-07-24,0.006287137714630964,-0.0009000407299026847
mlp,y_TLT,14,2025-07-28,0.01688600885053715,-0.006503915414214134
mlp,y_TLT,15,2025-07-28,0.01688600885053715,0.0007181223481893539
mlp,y_TLT,16,2025-07-28,0.01688600885053715,0.01761487126350403
mlp,y_TLT,14,2025-07-29,-0.005153495089195381,0.005054200068116188
mlp,y_TLT,15,2025-07-29,-0.005153495089195381,-0.05638696253299713
mlp,y_TLT,16,2025-07-29,-0.005153495089195381,-0.009670603089034557
mlp,y_TLT,14,2025-07-30,0.0005755265561553369,-0.02784447930753231
mlp,y_TLT,15,2025-07-30,0.0005755265561553369,0.02726607955992222
mlp,y_TLT,16,2025-07-30,0.0005755265561553369,0.0004967168206349015
mlp,y_TLT,14,2025-07-31,0.014216656736620426,-0.014426728710532188
mlp,y_TLT,15,2025-07-31,0.014216656736620426,-0.03578471392393112
mlp,y_TLT,16,2025-07-31,0.014216656736620426,-0.030110564082860947
mlp,y_TLT,14,2025-08-04,0.003066025893116997,-0.000687185674905777
mlp,y_TLT,15,2025-08-04,0.003066025893116997,0.00010202638804912567
mlp,y_TLT,16,2025-08-04,0.003066025893116997,-0.01886625587940216
mlp,y_TLT,14,2025-08-05,-0.005773788280607928,-0.006242457777261734
mlp,y_TLT,15,2025-08-05,-0.005773788280607928,-0.0028625577688217163
mlp,y_TLT,16,2025-08-05,-0.005773788280607928,-0.012826576828956604
mlp,y_TLT,14,2025-08-06,-0.0017081711500515073,0.023748502135276794
mlp,y_TLT,15,2025-08-06,-0.0017081711500515073,-0.017489535734057426
mlp,y_TLT,16,2025-08-06,-0.0017081711500515073,0.004156456328928471
mlp,y_TLT,14,2025-08-07,-0.00433424178665065,-0.011203033849596977
mlp,y_TLT,15,2025-08-07,-0.00433424178665065,-0.02772688679397106
mlp,y_TLT,16,2025-08-07,-0.00433424178665065,0.01911039836704731
mlp,y_TLT,14,2025-08-11,-0.005035008997963941,0.002929059788584709
mlp,y_TLT,15,2025-08-11,-0.005035008997963941,-0.00510345958173275
mlp,y_TLT,16,2025-08-11,-0.005035008997963941,0.009315785951912403
mlp,y_TLT,14,2025-08-12,0.008280504963370516,0.0077114347368478775
mlp,y_TLT,15,2025-08-12,0.008280504963370516,0.011964565142989159
mlp,y_TLT,16,2025-08-12,0.008280504963370516,-0.011367636732757092
mlp,y_TLT,15,2025-08-13,-0.007413996727425598,0.005447128787636757
mlp,y_TLT,16,2025-08-13,-0.007413996727425598,-0.022496327757835388
mlp,y_TLT,17,2025-08-13,-0.007413996727425598,-0.013481109403073788
mlp,y_TLT,15,2025-08-14,-0.00712483351900417,-0.014440847560763359
mlp,y_TLT,16,2025-08-14,-0.00712483351900417,0.007539474871009588
mlp,y_TLT,17,2025-08-14,-0.00712483351900417,-0.010920577682554722
mlp,y_TLT,15,2025-08-18,0.005803885202822601,-0.013659393414855003
mlp,y_TLT,16,2025-08-18,0.005803885202822601,0.003616856876760721
mlp,y_TLT,17,2025-08-18,0.005803885202822601,0.01206163503229618
mlp,y_TLT,15,2025-08-19,0.002192585527635016,0.014806367456912994
mlp,y_TLT,16,2025-08-19,0.002192585527635016,-0.0011498344829306006
mlp,y_TLT,17,2025-08-19,0.002192585527635016,0.008671578951179981
mlp,y_TLT,15,2025-08-20,-0.004951633613719197,0.016289159655570984
mlp,y_TLT,16,2025-08-20,-0.004951633613719197,0.00019535014871507883
mlp,y_TLT,17,2025-08-20,-0.004951633613719197,0.01866554096341133
mlp,y_TLT,15,2025-08-21,0.007406627835110591,-0.016868261620402336
mlp,y_TLT,16,2025-08-21,0.007406627835110591,-0.01144048385322094
mlp,y_TLT,17,2025-08-21,0.007406627835110591,0.0008071623742580414
mlp,y_TLT,15,2025-08-25,-0.0005759611938481735,-0.0009004678577184677
mlp,y_TLT,16,2025-08-25,-0.0005759611938481735,0.010639847256243229
mlp,y_TLT,17,2025-08-25,-0.0005759611938481735,-0.016436882317066193
mlp,y_TLT,15,2025-08-26,-0.0011526764475914275,0.016527000814676285
mlp,y_TLT,16,2025-08-26,-0.0011526764475914275,-0.0026293881237506866
mlp,y_TLT,17,2025-08-26,-0.0011526764475914275,0.013341573998332024
mlp,y_TLT,15,2025-08-27,0.006578117859149302,0.0034210849553346634
mlp,y_TLT,16,2025-08-27,0.006578117859149302,0.012540236115455627
mlp,y_TLT,17,2025-08-27,0.006578117859149302,-0.011341276578605175
mlp,y_TLT,15,2025-08-28,-0.007108406405488821,0.017348285764455795
mlp,y_TLT,16,2025-08-28,-0.007108406405488821,0.0310196653008461
mlp,y_TLT,17,2025-08-28,-0.007108406405488821,0.03406181558966637
mlp,y_TLT,15,2025-09-02,0.010977384762771436,0.0035231895744800568
mlp,y_TLT,16,2025-09-02,0.010977384762771436,0.0026574567891657352
mlp,y_TLT,17,2025-09-02,0.010977384762771436,-0.01486209873110056
mlp,y_TLT,16,2025-09-03,0.007623860604202726,0.0020552282221615314
mlp,y_TLT,17,2025-09-03,0.007623860604202726,-0.03148900344967842
mlp,y_TLT,18,2025-09-03,0.007623860604202726,0.019162818789482117
mlp,y_TLT,16,2025-09-04,0.015247205909363792,0.03959003463387489
mlp,y_TLT,17,2025-09-04,0.015247205909363792,0.012375696562230587
mlp,y_TLT,18,2025-09-04,0.015247205909363792,-0.013748589903116226
mlp,y_TLT,16,2025-09-08,-0.0056830043739143354,0.0025439891032874584
mlp,y_TLT,17,2025-09-08,-0.0056830043739143354,0.004975731484591961
mlp,y_TLT,18,2025-09-08,-0.0056830043739143354,-0.00614987313747406
mlp,y_TLT,16,2025-09-09,0.005715485503027029,0.015086871571838856
mlp,y_TLT,17,2025-09-09,0.005715485503027029,-0.02235499769449234
mlp,y_TLT,18,2025-09-09,0.005715485503027029,-0.002277050167322159
mlp,y_TLT,16,2025-09-10,0.006685846614571167,-0.004600374959409237
mlp,y_TLT,17,2025-09-10,0.006685846614571167,0.01000908762216568
mlp,y_TLT,18,2025-09-10,0.006685846614571167,0.007950186729431152
mlp,y_TLT,16,2025-09-11,-0.004316903394000371,-0.011925693601369858
mlp,y_TLT,17,2025-09-11,-0.004316903394000371,0.0060442965477705
mlp,y_TLT,18,2025-09-11,-0.004316903394000371,0.0003694407641887665
mlp,y_TLT,16,2025-09-15,0.002107460692758023,-0.006047356408089399
mlp,y_TLT,17,2025-09-15,0.002107460692758023,-0.004763933829963207
mlp,y_TLT,18,2025-09-15,0.002107460692758023,0.021219402551651
mlp,y_TLT,16,2025-09-16,-0.002545707930905805,-0.009692198596894741
mlp,y_TLT,17,2025-09-16,-0.002545707930905805,0.02127540484070778
mlp,y_TLT,18,2025-09-16,-0.002545707930905805,-0.008445557206869125
mlp,y_TLT,16,2025-09-17,-0.010319642904106807,0.007888603024184704
mlp,y_TLT,17,2025-09-17,-0.010319642904106807,0.006495088338851929
mlp,y_TLT,18,2025-09-17,-0.010319642904106807,0.03902856633067131
mlp,y_TLT,16,2025-09-18,-0.001905987540450016,-0.11091212928295135
mlp,y_TLT,17,2025-09-18,-0.001905987540450016,-0.15796834230422974
mlp,y_TLT,18,2025-09-18,-0.001905987540450016,0.0035852231085300446
mlp,y_TLT,16,2025-09-22,0.006989782446735093,-0.007223289925605059
mlp,y_TLT,17,2025-09-22,0.006989782446735093,0.006468574516475201
mlp,y_TLT,18,2025-09-22,0.006989782446735093,0.013901274651288986
mlp,y_TLT,17,2025-09-23,-0.003806426688141684,0.0006280364468693733
mlp,y_TLT,18,2025-09-23,-0.003806426688141684,0.03487590327858925
mlp,y_TLT,19,2025-09-23,-0.003806426688141684,0.04067691043019295
mlp,y_TLT,17,2025-09-24,0.0,0.0811215415596962
mlp,y_TLT,18,2025-09-24,0.0,0.0639641135931015
mlp,y_TLT,19,2025-09-24,0.0,0.09837979078292847
mlp,y_TLT,17,2025-09-25,-0.0008991653761573071,0.004826793912798166
mlp,y_TLT,18,2025-09-25,-0.0008991653761573071,-0.008022353053092957
mlp,y_TLT,19,2025-09-25,-0.0008991653761573071,-0.04859961196780205
mlp,y_TLT,17,2025-09-29,-0.0029007906629126,0.029595069587230682
mlp,y_TLT,18,2025-09-29,-0.0029007906629126,0.01794866845011711
mlp,y_TLT,19,2025-09-29,-0.0029007906629126,0.039567481726408005
mlp,y_TLT,17,2025-09-30,0.0025825215208672425,-0.02674855664372444
mlp,y_TLT,18,2025-09-30,0.0025825215208672425,-0.012745007872581482
mlp,y_TLT,19,2025-09-30,0.0025825215208672425,0.008739583194255829
mlp,y_TLT,17,2025-10-01,0.0029120035613003914,-0.02274341508746147
mlp,y_TLT,18,2025-10-01,0.0029120035613003914,0.0034002624452114105
mlp,y_TLT,19,2025-10-01,0.0029120035613003914,-0.010966267436742783
mlp,y_TLT,17,2025-10-02,-0.001898507335264199,0.05475104600191116
mlp,y_TLT,18,2025-10-02,-0.001898507335264199,0.019865158945322037
mlp,y_TLT,19,2025-10-02,-0.001898507335264199,0.01724366471171379
mlp,y_TLT,17,2025-10-06,0.0057516973956313056,-0.014590774662792683
mlp,y_TLT,18,2025-10-06,0.0057516973956313056,-0.011204425245523453
mlp,y_TLT,19,2025-10-06,0.0057516973956313056,-0.014030229300260544
mlp,y_TLT,17,2025-10-07,0.0007848741705307472,0.0023922352120280266
mlp,y_TLT,18,2025-10-07,0.0007848741705307472,0.01859527826309204
mlp,y_TLT,19,2025-10-07,0.0007848741705307472,-0.018962902948260307
mlp,y_TLT,17,2025-10-08,-0.0007842586261920248,0.03689868375658989
mlp,y_TLT,18,2025-10-08,-0.0007842586261920248,0.0015157386660575867
mlp,y_TLT,19,2025-10-08,-0.0007842586261920248,-0.08224751800298691
mlp,y_TLT,17,2025-10-09,0.016147202632312396,-0.0009630974382162094
mlp,y_TLT,18,2025-10-09,0.016147202632312396,0.004998520016670227
mlp,y_TLT,19,2025-10-09,0.016147202632312396,-0.0034914426505565643
mlp,y_TLT,18,2025-10-13,0.00320188958237666,0.05028926208615303
mlp,y_TLT,19,2025-10-13,0.00320188958237666,0.06645919382572174
mlp,y_TLT,20,2025-10-13,0.00320188958237666,0.05190051719546318
mlp,y_TLT,18,2025-10-14,-0.0022011194318288796,-0.03475211560726166
mlp,y_TLT,19,2025-10-14,-0.0022011194318288796,-0.012483008205890656
mlp,y_TLT,20,2025-10-14,-0.0022011194318288796,0.024222075939178467
mlp,y_TLT,18,2025-10-15,0.007500537974762134,-0.08659134805202484
mlp,y_TLT,19,2025-10-15,0.007500537974762134,-0.06490977108478546
mlp,y_TLT,20,2025-10-15,0.007500537974762134,-0.021901262924075127
mlp,y_TLT,18,2025-10-16,-0.0015328821987558028,0.019804053008556366
mlp,y_TLT,19,2025-10-16,-0.0015328821987558028,-0.06373675167560577
mlp,y_TLT,20,2025-10-16,-0.0015328821987558028,-0.08100125938653946
mlp,y_TLT,18,2025-10-20,0.004915340872299723,0.01725156232714653
mlp,y_TLT,19,2025-10-20,0.004915340872299723,-0.020694315433502197
mlp,y_TLT,20,2025-10-20,0.004915340872299723,0.02448783442378044
mlp,y_TLT,18,2025-10-21,0.0006521280893743153,0.001262221485376358
mlp,y_TLT,19,2025-10-21,0.0006521280893743153,-0.032503679394721985
mlp,y_TLT,20,2025-10-21,0.0006521280893743153,-0.003559710457921028
mlp,y_TLT,18,2025-10-22,-0.006843220085080759,-8.877366781234741e-05
mlp,y_TLT,19,2025-10-22,-0.006843220085080759,-0.02020832523703575
mlp,y_TLT,20,2025-10-22,-0.006843220085080759,-0.02666526287794113
mlp,y_TLT,18,2025-10-23,0.00043746238167674534,-0.0105047058314085
mlp,y_TLT,19,2025-10-23,0.00043746238167674534,-0.012138862162828445
mlp,y_TLT,20,2025-10-23,0.00043746238167674534,-0.02000066265463829
mlp,y_TLT,18,2025-10-27,0.0026148494906041986,-0.00723748654127121
mlp,y_TLT,19,2025-10-27,0.0026148494906041986,-0.021991683170199394
mlp,y_TLT,20,2025-10-27,0.0026148494906041986,-0.0006430260837078094
mlp,y_TLT,18,2025-10-28,-0.010106464087642153,0.04183383658528328
mlp,y_TLT,19,2025-10-28,-0.010106464087642153,-0.09706197679042816
mlp,y_TLT,20,2025-10-28,-0.010106464087642153,0.019459068775177002
mlp,y_TLT,18,2025-10-29,-0.005818438879822585,-0.019794389605522156
mlp,y_TLT,19,2025-10-29,-0.005818438879822585,-0.02300846204161644
mlp,y_TLT,20,2025-10-29,-0.005818438879822585,-0.021250205114483833
mlp,y_TLT,18,2025-10-30,-0.0029814108591097455,0.0038108862936496735
mlp,y_TLT,19,2025-10-30,-0.0029814108591097455,-0.010804843157529831
mlp,y_TLT,20,2025-10-30,-0.0029814108591097455,-0.006035361438989639
mlp,y_TLT,19,2025-11-03,0.0022287640478515502,0.050947148352861404
mlp,y_TLT,20,2025-11-03,0.0022287640478515502,-0.014342820271849632
mlp,y_TLT,21,2025-11-03,0.0022287640478515502,-0.008886069990694523
mlp,y_TLT,19,2025-11-04,-0.010896192955859307,-0.09071554243564606
mlp,y_TLT,20,2025-11-04,-0.010896192955859307,0.01878306269645691
mlp,y_TLT,21,2025-11-04,-0.010896192955859307,0.035251155495643616
mlp,y_TLT,19,2025-11-05,0.008992787599684027,0.03151021525263786
mlp,y_TLT,20,2025-11-05,0.008992787599684027,0.024279005825519562
mlp,y_TLT,21,2025-11-05,0.008992787599684027,-0.02658306062221527
mlp,y_TLT,19,2025-11-06,-0.0021167504796820724,-0.05552543327212334
mlp,y_TLT,20,2025-11-06,-0.0021167504796820724,0.004968587309122086
mlp,y_TLT,21,2025-11-06,-0.0021167504796820724,0.00828574039041996
mlp,y_TLT,19,2025-11-10,0.004578504336231415,-0.03664679080247879
mlp,y_TLT,20,2025-11-10,0.004578504336231415,0.05632435157895088
mlp,y_TLT,21,2025-11-10,0.004578504336231415,-0.015300952829420567
mlp,y_TLT,19,2025-11-11,0.0017784956664927964,0.015253957360982895
mlp,y_TLT,20,2025-11-11,0.0017784956664927964,0.01954907551407814
mlp,y_TLT,21,2025-11-11,0.0017784956664927964,0.0377083346247673
mlp,y_TLT,19,2025-11-12,-0.008211293683568655,-0.04039905220270157
mlp,y_TLT,20,2025-11-12,-0.008211293683568655,0.011504847556352615
mlp,y_TLT,21,2025-11-12,-0.008211293683568655,0.0051184119656682014
mlp,y_TLT,19,2025-11-13,-0.005705996575483985,-0.012704793363809586
mlp,y_TLT,20,2025-11-13,-0.005705996575483985,0.012825723737478256
mlp,y_TLT,21,2025-11-13,-0.005705996575483985,-0.0034384382888674736
mlp,y_TLT,19,2025-11-17,-0.0003367190030822975,-0.04215263947844505
mlp,y_TLT,20,2025-11-17,-0.0003367190030822975,-0.019914114847779274
mlp,y_TLT,21,2025-11-17,-0.0003367190030822975,-0.03123481012880802
mlp,y_TLT,19,2025-11-18,-0.002021081450251816,-0.007951252162456512
mlp,y_TLT,20,2025-11-18,-0.002021081450251816,-0.01861465349793434
mlp,y_TLT,21,2025-11-18,-0.002021081450251816,-0.008875147439539433
mlp,y_TLT,19,2025-11-19,0.003937902197598708,-0.012125123292207718
mlp,y_TLT,20,2025-11-19,0.003937902197598708,-0.01423279196023941
mlp,y_TLT,21,2025-11-19,0.003937902197598708,-0.013345636427402496
mlp,y_TLT,19,2025-11-20,0.0030258896321135875,-0.009405195713043213
mlp,y_TLT,20,2025-11-20,0.0030258896321135875,-0.01562820002436638
mlp,y_TLT,21,2025-11-20,0.0030258896321135875,0.027158575132489204
mlp,y_TLT,20,2025-11-24,0.0025552694196606662,-0.018001113086938858
mlp,y_TLT,21,2025-11-24,0.0025552694196606662,-0.0009248194983229041
mlp,y_TLT,22,2025-11-24,0.0025552694196606662,-0.01842852495610714
mlp,y_TLT,20,2025-11-25,0.004432486001140656,0.04018968716263771
mlp,y_TLT,21,2025-11-25,0.004432486001140656,0.00969324354082346
mlp,y_TLT,22,2025-11-25,0.004432486001140656,0.031194498762488365
mlp,y_TLT,20,2025-12-01,0.00045047996450375827,0.00792352482676506
mlp,y_TLT,21,2025-12-01,0.00045047996450375827,0.002555262763053179
mlp,y_TLT,22,2025-12-01,0.00045047996450375827,0.00812375545501709
mlp,y_TLT,20,2025-12-02,0.00281501375412474,0.03987453505396843
mlp,y_TLT,21,2025-12-02,0.00281501375412474,-0.023859897628426552
mlp,y_TLT,22,2025-12-02,0.00281501375412474,0.0052193994633853436
mlp,y_TLT,20,2025-12-03,-0.005389543589051082,0.006336059421300888
mlp,y_TLT,21,2025-12-03,-0.005389543589051082,-0.008203553967177868
mlp,y_TLT,22,2025-12-03,-0.005389543589051082,-0.00427313381806016
mlp,y_TLT,20,2025-12-04,-0.004628630173311277,-0.025844944640994072
mlp,y_TLT,21,2025-12-04,-0.004628630173311277,-0.026364224031567574
mlp,y_TLT,22,2025-12-04,-0.004628630173311277,0.009831497445702553
mlp,y_TLT,20,2025-12-08,0.001024108283190106,0.10675351321697235
mlp,y_TLT,21,2025-12-08,0.001024108283190106,-0.024302514269948006
mlp,y_TLT,22,2025-12-08,0.001024108283190106,-4.142057150602341e-06
mlp,y_TLT,20,2025-12-09,0.003865041590169538,-0.024245526641607285
mlp,y_TLT,21,2025-12-09,0.003865041590169538,-0.003131411038339138
mlp,y_TLT,22,2025-12-09,0.003865041590169538,-0.04521656036376953
mlp,y_TLT,20,2025-12-10,-0.0013588288146481053,0.024899184703826904
mlp,y_TLT,21,2025-12-10,-0.0013588288146481053,-0.0392453670501709
mlp,y_TLT,22,2025-12-10,-0.0013588288146481053,-0.01894562877714634
mlp,y_TLT,20,2025-12-11,-0.009638367263681946,0.028211120516061783
mlp,y_TLT,21,2025-12-11,-0.009638367263681946,-0.006161856465041637
mlp,y_TLT,22,2025-12-11,-0.009638367263681946,-0.0015733852051198483
mlp,y_TLT,21,2025-12-15,0.005491907150900088,0.031088342890143394
mlp,y_TLT,22,2025-12-15,0.005491907150900088,-0.003257444594055414
mlp,y_TLT,23,2025-12-15,0.005491907150900088,0.0460793562233448
mlp,y_TLT,21,2025-12-16,-0.0009103477333474164,-0.019719647243618965
mlp,y_TLT,22,2025-12-16,-0.0009103477333474164,0.02021075412631035
mlp,y_TLT,23,2025-12-16,-0.0009103477333474164,0.015738803893327713
mlp,y_TLT,21,2025-12-17,0.004783702377240351,-0.00965174287557602
mlp,y_TLT,22,2025-12-17,0.004783702377240351,-0.0010555763728916645
mlp,y_TLT,23,2025-12-17,0.004783702377240351,-0.006920322775840759
mlp,y_TLT,21,2025-12-18,-0.0037324594473431283,-0.011709491722285748
mlp,y_TLT,22,2025-12-18,-0.0037324594473431283,0.020142290741205215
mlp,y_TLT,23,2025-12-18,-0.0037324594473431283,0.01548803225159645
mlp,y_TLT,21,2025-12-23,0.006057222153968311,-0.07870420068502426
mlp,y_TLT,22,2025-12-23,0.006057222153968311,0.03219779580831528
mlp,y_TLT,23,2025-12-23,0.006057222153968311,0.011686969548463821
mlp,y_TLT,21,2025-12-29,-0.0023846097872392003,-0.0113208694383502
mlp,y_TLT,22,2025-12-29,-0.0023846097872392003,-0.0072256349958479404
mlp,y_TLT,23,2025-12-29,-0.0023846097872392003,-0.01781979575753212
mlp,y_TLT,21,2025-12-30,-0.007967145244616503,-0.027368444949388504
mlp,y_TLT,22,2025-12-30,-0.007967145244616503,0.01152227446436882
mlp,y_TLT,23,2025-12-30,-0.007967145244616503,-0.004566311836242676
mlp,y_TLT,22,2026-01-05,-0.002058156947074785,-0.028457799926400185
mlp,y_TLT,23,2026-01-05,-0.002058156947074785,0.08844026923179626
mlp,y_TLT,24,2026-01-05,-0.002058156947074785,-0.009655237197875977
mlp,y_TLT,22,2026-01-06,0.0058433247330964555,0.03831597417593002
mlp,y_TLT,23,2026-01-06,0.0058433247330964555,-0.03975672274827957
mlp,y_TLT,24,2026-01-06,0.0058433247330964555,0.05789829045534134
mlp,y_TLT,22,2026-01-07,-0.0050120026531351725,-0.022740088403224945
mlp,y_TLT,23,2026-01-07,-0.0050120026531351725,0.01830553635954857
mlp,y_TLT,24,2026-01-07,-0.0050120026531351725,0.008001642301678658
mlp,y_TLT,22,2026-01-08,0.006639946543332664,0.009675757959485054
mlp,y_TLT,23,2026-01-08,0.006639946543332664,0.013318676501512527
mlp,y_TLT,24,2026-01-08,0.006639946543332664,-0.010509422048926353
mlp,y_TLT,22,2026-01-12,0.0017109640797461356,-0.0020350986160337925
mlp,y_TLT,23,2026-01-12,0.0017109640797461356,0.011096104979515076
mlp,y_TLT,24,2026-01-12,0.0017109640797461356,-0.01997799426317215
mlp,y_TLT,22,2026-01-13,0.005807394216650108,0.004484349396079779
mlp,y_TLT,23,2026-01-13,0.005807394216650108,-0.015082161873579025
mlp,y_TLT,24,2026-01-13,0.005807394216650108,-0.011282764375209808
mlp,y_TLT,22,2026-01-14,-0.00022644135621230355,0.0028567989356815815
mlp,y_TLT,23,2026-01-14,-0.00022644135621230355,-0.005816567689180374
mlp,y_TLT,24,2026-01-14,-0.00022644135621230355,0.0013640709221363068
mlp,y_TLT,22,2026-01-15,-0.005775170854895317,0.0061524310149252415
mlp,y_TLT,23,2026-01-15,-0.005775170854895317,-0.006037317216396332
mlp,y_TLT,24,2026-01-15,-0.005775170854895317,-0.007285622879862785
mlp,y_TLT,22,2026-01-21,0.004352296548640222,-0.01633838564157486
mlp,y_TLT,23,2026-01-21,0.004352296548640222,-0.01353922113776207
mlp,y_TLT,24,2026-01-21,0.004352296548640222,0.003479285165667534
mlp,y_TLT,22,2026-01-22,0.002736865534053834,-0.0019140834920108318
mlp,y_TLT,23,2026-01-22,0.002736865534053834,-0.004458494484424591
mlp,y_TLT,24,2026-01-22,0.002736865534053834,-0.007424972951412201
mlp,y_TLT,23,2026-01-26,-0.006225249724905124,0.008990433067083359
mlp,y_TLT,24,2026-01-26,-0.006225249724905124,-0.027788428589701653
mlp,y_TLT,23,2026-01-27,-0.0022779077170819173,0.018347878009080887
mlp,y_TLT,24,2026-01-27,-0.0022779077170819173,0.03024587221443653
mlp,y_TLT,23,2026-01-28,0.00022832838621833496,-0.02791224606335163
mlp,y_TLT,24,2026-01-28,0.00022832838621833496,-0.009934602305293083
mlp,y_TLT,23,2026-01-29,-0.005592373836365461,-0.004847243428230286
mlp,y_TLT,24,2026-01-29,-0.005592373836365461,-0.015001509338617325
mlp,y_TLT,23,2026-02-02,0.0024263524124314984,0.009464651346206665
mlp,y_TLT,24,2026-02-02,0.0024263524124314984,-0.02498125657439232
mlp,y_TLT,23,2026-02-03,-0.0025357950217211878,0.01842575892806053
mlp,y_TLT,24,2026-02-03,-0.0025357950217211878,0.005684802308678627
mlp,y_TLT,23,2026-02-04,0.010862088013517734,-0.024995926767587662
mlp,y_TLT,24,2026-02-04,0.010862088013517734,0.03488789498806
mlp,y_TLT,23,2026-02-05,0.0006858486703522626,0.015553023666143417
mlp,y_TLT,24,2026-02-05,0.0006858486703522626,0.025003017857670784
mlp,y_TLT,23,2026-02-09,0.011540222236566144,0.0023997165262699127
mlp,y_TLT,24,2026-02-09,0.011540222236566144,0.007142128422856331
mlp,y_TLT,23,2026-02-10,-0.005308963519119914,0.018664132803678513
mlp,y_TLT,24,2026-02-10,-0.005308963519119914,-0.012848112732172012
mlp,y_TLT,23,2026-02-11,0.013286484481064065,-0.014220453798770905
mlp,y_TLT,24,2026-02-11,0.013286484481064065,0.006642969325184822
mlp,y_TLT,23,2026-02-12,0.005491390299201537,-0.03311876207590103
mlp,y_TLT,24,2026-02-12,0.005491390299201537,-0.0038500186055898666
mlp,y_TLT,24,2026-02-17,-0.003783260895432794,-0.025601079687476158
mlp,y_TLT,24,2026-02-18,0.001005302332834912,-0.008806351572275162
mlp,y_TLT,24,2026-02-19,-0.0023432357836378204,0.00023395195603370667
mlp,y_TLT,24,2026-02-23,0.0017830125807176689,-0.005334760993719101
mlp,y_TLT,24,2026-02-24,0.00011128783956837474,0.0028702672570943832
mlp,y_TLT,24,2026-02-25,0.004003873101027233,-0.04292190819978714
mlp,y_TLT,24,2026-02-26,0.006092860344002027,0.012526193633675575
mlp,y_TLT,24,2026-03-02,-0.0020087077775891027,0.026994632557034492
mlp,y_TLT,24,2026-03-03,-0.003130926739812079,-0.02563963644206524
mlp,y_TLT,24,2026-03-04,-0.004038144746941641,-0.020107394084334373
mlp,y_TLT,24,2026-03-05,-0.003716655340150754,-0.0009535569697618484
mlp,y_UUP,0,2024-08-05,0.0031678691271028736,-0.020312655717134476
mlp,y_UUP,0,2024-08-06,0.0021053400598705085,0.008885595947504044
mlp,y_UUP,0,2024-08-07,0.00140053909530935,0.020515363663434982
mlp,y_UUP,0,2024-08-08,-0.0010489893071279344,-0.0232643261551857
mlp,y_UUP,0,2024-08-12,-0.005250237737016383,0.005086768418550491
mlp,y_UUP,0,2024-08-13,0.0010556331662778806,-0.0010711774230003357
mlp,y_UUP,0,2024-08-14,0.0035149216787224713,0.0006409399211406708
mlp,y_UUP,0,2024-08-15,-0.004903712154580742,-0.010719973593950272
mlp,y_UUP,0,2024-08-19,-0.003538626535241951,-0.002702176570892334
mlp,y_UUP,0,2024-08-20,-0.003195993064965208,0.023614611476659775
mlp,y_UUP,0,2024-08-21,0.004631301106177377,-0.024960240349173546
mlp,y_UUP,0,2024-08-22,-0.00851072944336928,-0.00878366082906723
mlp,y_UUP,0,2024-08-26,-0.003211961501488503,-0.0003791600465774536
mlp,y_UUP,1,2024-08-26,-0.003211961501488503,0.021523859351873398
mlp,y_UUP,0,2024-08-27,0.0057285946796914455,-0.01292308047413826
mlp,y_UUP,1,2024-08-27,0.0057285946796914455,-0.012878727167844772
mlp,y_UUP,0,2024-08-28,0.0035599688300904653,0.01539992168545723
mlp,y_UUP,1,2024-08-28,0.0035599688300904653,-0.005809832364320755
mlp,y_UUP,0,2024-08-29,0.002837916204430524,0.052478525787591934
mlp,y_UUP,1,2024-08-29,0.002837916204430524,-0.020108964294195175
mlp,y_UUP,0,2024-09-03,-0.004943537525047281,-0.006301339715719223
mlp,y_UUP,1,2024-09-03,-0.004943537525047281,0.006554311141371727
mlp,y_UUP,0,2024-09-04,-0.0014194250768803096,-0.017779584974050522
mlp,y_UUP,1,2024-09-04,-0.0014194250768803096,0.017489425837993622
mlp,y_UUP,0,2024-09-05,0.001421442708305909,0.0017223283648490906
mlp,y_UUP,1,2024-09-05,0.001421442708305909,-0.005443137139081955
mlp,y_UUP,0,2024-09-09,0.0003533698120341544,0.08757007122039795
mlp,y_UUP,1,2024-09-09,0.0003533698120341544,-0.042707618325948715
mlp,y_UUP,0,2024-09-10,0.0010598077767638436,0.04861149564385414
mlp,y_UUP,1,2024-09-10,0.0010598077767638436,0.015072889626026154
mlp,y_UUP,0,2024-09-11,-0.0042343793838367505,-0.01536521315574646
mlp,y_UUP,1,2024-09-11,-0.0042343793838367505,-0.030438575893640518
mlp,y_UUP,0,2024-09-12,-0.0014174131650894761,0.01829926297068596
mlp,y_UUP,1,2024-09-12,-0.0014174131650894761,0.026579026132822037
mlp,y_UUP,2,2024-09-12,-0.0014174131650894761,0.002321939915418625
mlp,y_UUP,0,2024-09-16,0.003203957269218627,0.021889161318540573
mlp,y_UUP,1,2024-09-16,0.003203957269218627,-0.008623871952295303
mlp,y_UUP,2,2024-09-16,0.003203957269218627,0.02822211943566799
mlp,y_UUP,0,2024-09-17,0.001064623673856513,0.036676075309515
mlp,y_UUP,1,2024-09-17,0.001064623673856513,0.013782884925603867
mlp,y_UUP,2,2024-09-17,0.001064623673856513,0.015367522835731506
mlp,y_UUP,0,2024-09-18,-0.004253819668445957,-0.0005364753305912018
mlp,y_UUP,1,2024-09-18,-0.004253819668445957,0.016899801790714264
mlp,y_UUP,2,2024-09-18,-0.004253819668445957,-0.0026807785034179688
mlp,y_UUP,0,2024-09-19,0.0017799844150452326,0.0019149966537952423
mlp,y_UUP,1,2024-09-19,0.0017799844150452326,-0.0006464794278144836
mlp,y_UUP,2,2024-09-19,0.0017799844150452326,0.0584176704287529
mlp,y_UUP,0,2024-09-23,-0.005677773462449798,-0.0013801492750644684
mlp,y_UUP,1,2024-09-23,-0.005677773462449798,0.007474306970834732
mlp,y_UUP,2,2024-09-23,-0.005677773462449798,0.008363381028175354
mlp,y_UUP,0,2024-09-24,0.006780897536390107,-0.019161690026521683
mlp,y_UUP,1,2024-09-24,0.006780897536390107,0.019776955246925354
mlp,y_UUP,2,2024-09-24,0.006780897536390107,-0.005524646490812302
mlp,y_UUP,0,2024-09-25,-0.004608389897466925,-0.013248361647129059
mlp,y_UUP,1,2024-09-25,-0.004608389897466925,0.006325200200080872
mlp,y_UUP,2,2024-09-25,-0.004608389897466925,-0.0036053434014320374
mlp,y_UUP,0,2024-09-26,-0.0003560649609319899,0.02206524834036827
mlp,y_UUP,1,2024-09-26,-0.0003560649609319899,-0.01648903638124466
mlp,y_UUP,2,2024-09-26,-0.0003560649609319899,0.024330714717507362
mlp,y_UUP,0,2024-09-30,0.004258275230641262,0.02390957996249199
mlp,y_UUP,1,2024-09-30,0.004258275230641262,0.01798369362950325
mlp,y_UUP,2,2024-09-30,0.004258275230641262,0.004496246576309204
mlp,y_UUP,0,2024-10-01,0.0042403648996767185,0.010301019996404648
mlp,y_UUP,1,2024-10-01,0.0042403648996767185,0.017996085807681084
mlp,y_UUP,2,2024-10-01,0.0042403648996767185,0.007200788706541061
mlp,y_UUP,0,2024-10-02,0.0031667544245304047,0.016077708452939987
mlp,y_UUP,1,2024-10-02,0.0031667544245304047,-0.046893540769815445
mlp,y_UUP,2,2024-10-02,0.0031667544245304047,-0.008782405406236649
mlp,y_UUP,0,2024-10-03,0.005612126253534466,0.030446868389844894
mlp,y_UUP,1,2024-10-03,0.005612126253534466,-0.005498524755239487
mlp,y_UUP,2,2024-10-03,0.005612126253534466,0.0018031373620033264
mlp,y_UUP,1,2024-10-07,0.0,-0.015847571194171906
mlp,y_UUP,2,2024-10-07,0.0,0.0065740253776311874
mlp,y_UUP,3,2024-10-07,0.0,-0.015935074537992477
mlp,y_UUP,1,2024-10-08,0.0045311450475142845,0.031236974522471428
mlp,y_UUP,2,2024-10-08,0.0045311450475142845,0.0172637477517128
mlp,y_UUP,3,2024-10-08,0.0045311450475142845,0.0015682429075241089
mlp,y_UUP,1,2024-10-09,-0.00034699392106130045,0.008390679955482483
mlp,y_UUP,2,2024-10-09,-0.00034699392106130045,0.001939389854669571
mlp,y_UUP,3,2024-10-09,-0.00034699392106130045,0.012771431356668472
mlp,y_UUP,1,2024-10-10,0.0006942287352738052,-0.014018591493368149
mlp,y_UUP,2,2024-10-10,0.0006942287352738052,0.0009526945650577545
mlp,y_UUP,3,2024-10-10,0.0006942287352738052,-0.014808956533670425
mlp,y_UUP,1,2024-10-14,0.0006915881721456518,-0.011505428701639175
mlp,y_UUP,2,2024-10-14,0.0006915881721456518,0.02727322280406952
mlp,y_UUP,3,2024-10-14,0.0006915881721456518,-0.022094447165727615
mlp,y_UUP,1,2024-10-15,0.002764369600211758,0.006713982671499252
mlp,y_UUP,2,2024-10-15,0.002764369600211758,-0.004475798457860947
mlp,y_UUP,3,2024-10-15,0.002764369600211758,0.017135139554739
mlp,y_UUP,1,2024-10-16,0.00310128038545443,0.002236325293779373
mlp,y_UUP,2,2024-10-16,0.00310128038545443,0.014469623565673828
mlp,y_UUP,3,2024-10-16,0.00310128038545443,-0.007676657289266586
mlp,y_UUP,1,2024-10-17,-0.0027481550903893925,-0.00749935582280159
mlp,y_UUP,2,2024-10-17,-0.0027481550903893925,-0.02668958529829979
mlp,y_UUP,3,2024-10-17,-0.0027481550903893925,-0.032174259424209595
mlp,y_UUP,1,2024-10-21,0.0010287734181690933,-0.017994750291109085
mlp,y_UUP,2,2024-10-21,0.0010287734181690933,0.047879334539175034
mlp,y_UUP,3,2024-10-21,0.0010287734181690933,-0.029360666871070862
mlp,y_UUP,1,2024-10-22,0.0034258852257471606,-0.007693570107221603
mlp,y_UUP,2,2024-10-22,0.0034258852257471606,0.005178170278668404
mlp,y_UUP,3,2024-10-22,0.0034258852257471606,0.0034497715532779694
mlp,y_UUP,1,2024-10-23,-0.003755544123860366,0.021878987550735474
mlp,y_UUP,2,2024-10-23,-0.003755544123860366,0.026205826550722122
mlp,y_UUP,3,2024-10-23,-0.003755544123860366,-0.02003096044063568
mlp,y_UUP,1,2024-10-24,0.0034269884311235455,0.011948291212320328
mlp,y_UUP,2,2024-10-24,0.0034269884311235455,-0.009175438433885574
mlp,y_UUP,3,2024-10-24,0.0034269884311235455,0.0020679496228694916
mlp,y_UUP,2,2024-10-28,0.0003415425104607017,-0.21476559340953827
mlp,y_UUP,3,2024-10-28,0.0003415425104607017,-0.010493263602256775
mlp,y_UUP,4,2024-10-28,0.0003415425104607017,0.07095026969909668
mlp,y_UUP,2,2024-10-29,-0.002389981293013821,0.04166736826300621
mlp,y_UUP,3,2024-10-29,-0.002389981293013821,-0.016536027193069458
mlp,y_UUP,4,2024-10-29,-0.002389981293013821,0.05424527823925018
mlp,y_UUP,2,2024-10-30,-0.0006844171596310789,0.02450101636350155
mlp,y_UUP,3,2024-10-30,-0.0006844171596310789,0.019286159425973892
mlp,y_UUP,4,2024-10-30,-0.0006844171596310789,-0.02721923217177391
mlp,y_UUP,2,2024-10-31,0.004109597841857271,-0.048364732414484024
mlp,y_UUP,3,2024-10-31,0.004109597841857271,-0.07267934083938599
mlp,y_UUP,4,2024-10-31,0.004109597841857271,-0.01040969043970108
mlp,y_UUP,2,2024-11-04,-0.004108120590407882,0.005663203075528145
mlp,y_UUP,3,2024-11-04,-0.004108120590407882,0.0202365480363369
mlp,y_UUP,4,2024-11-04,-0.004108120590407882,0.03921545296907425
mlp,y_UUP,2,2024-11-05,0.016156706761030648,0.006140504032373428
mlp,y_UUP,3,2024-11-05,0.016156706761030648,-0.007698729634284973
mlp,y_UUP,4,2024-11-05,0.016156706761030648,-0.005035567097365856
mlp,y_UUP,2,2024-11-06,-0.00811902783953622,-0.023976493626832962
mlp,y_UUP,3,2024-11-06,-0.00811902783953622,0.03421023488044739
mlp,y_UUP,4,2024-11-06,-0.00811902783953622,0.011522607877850533
mlp,y_UUP,2,2024-11-07,0.006821320386064089,0.010976046323776245
mlp,y_UUP,3,2024-11-07,0.006821320386064089,0.042767077684402466
mlp,y_UUP,4,2024-11-07,0.006821320386064089,0.003511076793074608
mlp,y_UUP,2,2024-11-11,0.004378599693808161,-0.03340465947985649
mlp,y_UUP,3,2024-11-11,0.004378599693808161,-0.023781761527061462
mlp,y_UUP,4,2024-11-11,0.004378599693808161,-0.0018936563283205032
mlp,y_UUP,2,2024-11-12,0.00570087259354457,-0.006696060299873352
mlp,y_UUP,3,2024-11-12,0.00570087259354457,-0.017143703997135162
mlp,y_UUP,4,2024-11-12,0.00570087259354457,-0.010376243852078915
mlp,y_UUP,2,2024-11-13,0.0040013423503419965,-0.006201807409524918
mlp,y_UUP,3,2024-11-13,0.0040013423503419965,0.009944899007678032
mlp,y_UUP,4,2024-11-13,0.0040013423503419965,-0.010887155309319496
mlp,y_UUP,2,2024-11-14,-0.0009963146218071595,0.046095237135887146
mlp,y_UUP,3,2024-11-14,-0.0009963146218071595,-0.2077762633562088
mlp,y_UUP,4,2024-11-14,-0.0009963146218071595,-0.007273092865943909
mlp,y_UUP,3,2024-11-18,-0.0003341939815605377,-0.01183127611875534
mlp,y_UUP,4,2024-11-18,-0.0003341939815605377,0.002319769933819771
mlp,y_UUP,5,2024-11-18,-0.0003341939815605377,0.005421658977866173
mlp,y_UUP,3,2024-11-19,0.005013414257545978,-0.008806206285953522
mlp,y_UUP,4,2024-11-19,0.005013414257545978,-0.07034502923488617
mlp,y_UUP,5,2024-11-19,0.005013414257545978,-0.04029303789138794
mlp,y_UUP,3,2024-11-20,0.0033255578388811102,-0.0425981804728508
mlp,y_UUP,4,2024-11-20,0.0033255578388811102,-0.021737800911068916
mlp,y_UUP,5,2024-11-20,0.0033255578388811102,-0.022679733112454414
mlp,y_UUP,3,2024-11-21,0.00530326992272534,-0.01325296238064766
mlp,y_UUP,4,2024-11-21,0.00530326992272534,-0.03049302101135254
mlp,y_UUP,5,2024-11-21,0.00530326992272534,-0.013790944591164589
mlp,y_UUP,3,2024-11-25,0.0013280696947759463,-0.0013248622417449951
mlp,y_UUP,4,2024-11-25,0.0013280696947759463,0.01497349888086319
mlp,y_UUP,5,2024-11-25,0.0013280696947759463,0.0008956212550401688
mlp,y_UUP,3,2024-11-26,-0.008620798665325391,0.005612090229988098
mlp,y_UUP,4,2024-11-26,-0.008620798665325391,-0.02762681618332863
mlp,y_UUP,5,2024-11-26,-0.008620798665325391,0.015418663620948792
mlp,y_UUP,3,2024-12-02,-0.00033294384623994144,0.03777472674846649
mlp,y_UUP,4,2024-12-02,-0.00033294384623994144,-0.034075088798999786
mlp,y_UUP,5,2024-12-02,-0.00033294384623994144,-0.02652190811932087
mlp,y_UUP,3,2024-12-03,-0.00033312340584390476,0.004038453102111816
mlp,y_UUP,4,2024-12-03,-0.00033312340584390476,-0.055143922567367554
mlp,y_UUP,5,2024-12-03,-0.00033312340584390476,0.0031254105269908905
mlp,y_UUP,3,2024-12-04,-0.00533154454253959,-0.01335812732577324
mlp,y_UUP,4,2024-12-04,-0.00533154454253959,-0.0017018141224980354
mlp,y_UUP,5,2024-12-04,-0.00533154454253959,-0.008205713704228401
mlp,y_UUP,3,2024-12-05,0.002680095667681792,-0.053826212882995605
mlp,y_UUP,4,2024-12-05,0.002680095667681792,0.016900809481739998
mlp,y_UUP,5,2024-12-05,0.002680095667681792,-0.007980087772011757
mlp,y_UUP,4,2024-12-09,0.0023349064177400347,0.02691042236983776
mlp,y_UUP,5,2024-12-09,0.0023349064177400347,-0.009142601862549782
mlp,y_UUP,6,2024-12-09,0.0023349064177400347,0.016312748193740845
mlp,y_UUP,4,2024-12-10,0.0033277712693038364,-0.0239185132086277
mlp,y_UUP,5,2024-12-10,0.0033277712693038364,0.011864935979247093
mlp,y_UUP,6,2024-12-10,0.0033277712693038364,-0.012755308300256729
mlp,y_UUP,4,2024-12-11,0.0033167339373989524,-0.002188233658671379
mlp,y_UUP,5,2024-12-11,0.0033167339373989524,0.013198431581258774
mlp,y_UUP,6,2024-12-11,0.0033167339373989524,-0.0037155374884605408
mlp,y_UUP,4,2024-12-12,0.00033059058771600647,-0.012311894446611404
mlp,y_UUP,5,2024-12-12,0.00033059058771600647,-0.035726264119148254
mlp,y_UUP,6,2024-12-12,0.00033059058771600647,-0.024548005312681198
mlp,y_UUP,4,2024-12-16,0.000993016674382341,0.004668114706873894
mlp,y_UUP,5,2024-12-16,0.000993016674382341,0.013987393118441105
mlp,y_UUP,6,2024-12-16,0.000993016674382341,0.042548950761556625
mlp,y_UUP,4,2024-12-17,0.01157408796085968,0.014585928991436958
mlp,y_UUP,5,2024-12-17,0.01157408796085968,-0.02049831859767437
mlp,y_UUP,6,2024-12-17,0.01157408796085968,0.005181428045034409
mlp,y_UUP,4,2024-12-18,0.0019614295542853544,0.002833286300301552
mlp,y_UUP,5,2024-12-18,0.0019614295542853544,0.02170642837882042
mlp,y_UUP,6,2024-12-18,0.0019614295542853544,0.01291198655962944
mlp,y_UUP,4,2024-12-19,-0.004893941069314178,-0.007324844598770142
mlp,y_UUP,5,2024-12-19,-0.004893941069314178,-0.008193427696824074
mlp,y_UUP,6,2024-12-19,-0.004893941069314178,0.02739487588405609
mlp,y_UUP,4,2024-12-23,0.0027313151088972365,-0.02023906074464321
mlp,y_UUP,5,2024-12-23,0.0027313151088972365,0.016925659030675888
mlp,y_UUP,6,2024-12-23,0.0027313151088972365,0.01632223278284073
mlp,y_UUP,4,2024-12-26,-0.0017059239823745687,-0.0016178134828805923
mlp,y_UUP,5,2024-12-26,-0.0017059239823745687,0.007767753675580025
mlp,y_UUP,6,2024-12-26,-0.0017059239823745687,-0.009819168597459793
mlp,y_UUP,5,2024-12-30,0.004438336544380528,0.011786121875047684
mlp,y_UUP,6,2024-12-30,0.004438336544380528,-0.03297930583357811
mlp,y_UUP,7,2024-12-30,0.004438336544380528,0.0030269119888544083
mlp,y_UUP,5,2025-01-02,-0.003033391976163702,-0.0009676646441221237
mlp,y_UUP,6,2025-01-02,-0.003033391976163702,-0.014360520988702774
mlp,y_UUP,7,2025-01-02,-0.003033391976163702,0.0007113702595233917
mlp,y_UUP,5,2025-01-06,0.003742763232691848,-0.007263967767357826
mlp,y_UUP,6,2025-01-06,0.003742763232691848,0.006744589656591415
mlp,y_UUP,7,2025-01-06,0.003742763232691848,0.014620929956436157
mlp,y_UUP,5,2025-01-07,0.0037288071902383813,-0.004261786118149757
mlp,y_UUP,6,2025-01-07,0.0037288071902383813,0.012284744530916214
mlp,y_UUP,7,2025-01-07,0.0037288071902383813,-0.029733197763562202
mlp,y_UUP,5,2025-01-13,-0.00636516016943478,0.02516312152147293
mlp,y_UUP,6,2025-01-13,-0.00636516016943478,0.04025159403681755
mlp,y_UUP,7,2025-01-13,-0.00636516016943478,0.02105599269270897
mlp,y_UUP,5,2025-01-14,-0.001685793361994814,-0.007688479498028755
mlp,y_UUP,6,2025-01-14,-0.001685793361994814,-0.015731099992990494
mlp,y_UUP,7,2025-01-14,-0.001685793361994814,-0.007125057280063629
mlp,y_UUP,5,2025-01-15,0.0,0.06366684287786484
mlp,y_UUP,6,2025-01-15,0.0,-0.08447301387786865
mlp,y_UUP,7,2025-01-15,0.0,-0.002953227609395981
mlp,y_UUP,5,2025-01-16,0.003714954839920015,-0.003215556964278221
mlp,y_UUP,6,2025-01-16,0.003714954839920015,0.03630700707435608
mlp,y_UUP,7,2025-01-16,0.003714954839920015,-0.03575199842453003
mlp,y_UUP,6,2025-01-21,0.0017041797076291498,0.004422273486852646
mlp,y_UUP,7,2025-01-21,0.0017041797076291498,0.01420881599187851
mlp,y_UUP,8,2025-01-21,0.0017041797076291498,0.004352293908596039
mlp,y_UUP,6,2025-01-22,-0.00034026950687227053,-0.015158798545598984
mlp,y_UUP,7,2025-01-22,-0.00034026950687227053,-0.020907694473862648
mlp,y_UUP,8,2025-01-22,-0.00034026950687227053,0.021121500059962273
mlp,y_UUP,6,2025-01-23,-0.006126600247440495,-0.026036236435174942
mlp,y_UUP,7,2025-01-23,-0.006126600247440495,0.0017551109194755554
mlp,y_UUP,8,2025-01-23,-0.006126600247440495,-0.02184535562992096
mlp,y_UUP,6,2025-01-27,0.0041081937115605704,0.005058657377958298
mlp,y_UUP,7,2025-01-27,0.0041081937115605704,-0.0381549708545208
mlp,y_UUP,8,2025-01-27,0.0041081937115605704,0.006138719618320465
mlp,y_UUP,6,2025-01-28,0.0020457263794730896,0.03951031342148781
mlp,y_UUP,7,2025-01-28,0.0020457263794730896,-0.0020224228501319885
mlp,y_UUP,8,2025-01-28,0.0020457263794730896,-0.02378184348344803
mlp,y_UUP,6,2025-01-29,0.0,0.027352936565876007
mlp,y_UUP,7,2025-01-29,0.0,-0.010993778705596924
mlp,y_UUP,8,2025-01-29,0.0,0.06069265305995941
mlp,y_UUP,6,2025-01-30,0.00408303273956423,-0.009148333221673965
mlp,y_UUP,7,2025-01-30,0.00408303273956423,-0.0205601267516613
mlp,y_UUP,8,2025-01-30,0.00408303273956423,-0.041971638798713684
mlp,y_UUP,6,2025-02-03,-0.009109254016368307,-0.010836157947778702
mlp,y_UUP,7,2025-02-03,-0.009109254016368307,-0.0009682439267635345
mlp,y_UUP,8,2025-02-03,-0.009109254016368307,-0.001688160002231598
mlp,y_UUP,6,2025-02-04,-0.0017024388818798197,-0.10170195996761322
mlp,y_UUP,7,2025-02-04,-0.0017024388818798197,0.048687200993299484
mlp,y_UUP,8,2025-02-04,-0.0017024388818798197,-0.05037521570920944
mlp,y_UUP,6,2025-02-05,-0.0006821637588596552,0.021811572834849358
mlp,y_UUP,7,2025-02-05,-0.0006821637588596552,-0.050464339554309845
mlp,y_UUP,8,2025-02-05,-0.0006821637588596552,-0.03553815931081772
mlp,y_UUP,6,2025-02-06,0.004436889294068491,-0.06909649074077606
mlp,y_UUP,7,2025-02-06,0.004436889294068491,-0.17765237390995026
mlp,y_UUP,8,2025-02-06,0.004436889294068491,-0.049491383135318756
mlp,y_UUP,7,2025-02-10,-0.0033875765650906997,0.0037880241870880127
mlp,y_UUP,8,2025-02-10,-0.0033875765650906997,-0.021007247269153595
mlp,y_UUP,9,2025-02-10,-0.0033875765650906997,-0.010948680341243744
mlp,y_UUP,7,2025-02-11,0.0006798450677341084,-0.035826973617076874
mlp,y_UUP,8,2025-02-11,0.0006798450677341084,-0.023643851280212402
mlp,y_UUP,9,2025-02-11,0.0006798450677341084,-0.04177137464284897
mlp,y_UUP,7,2025-02-12,-0.008152196307170345,0.0377512164413929
mlp,y_UUP,8,2025-02-12,-0.008152196307170345,-0.019298531115055084
mlp,y_UUP,9,2025-02-12,-0.008152196307170345,0.035386987030506134
mlp,y_UUP,7,2025-02-13,-0.0027397336153183183,-0.00583672896027565
mlp,y_UUP,8,2025-02-13,-0.0027397336153183183,-0.03902324289083481
mlp,y_UUP,9,2025-02-13,-0.0027397336153183183,-0.07895185053348541
mlp,y_UUP,7,2025-02-18,0.001028019757339127,0.057796258479356766
mlp,y_UUP,8,2025-02-18,0.001028019757339127,-0.09790001064538956
mlp,y_UUP,9,2025-02-18,0.001028019757339127,-0.040936827659606934
mlp,y_UUP,7,2025-02-19,-0.007873953537306244,0.04514380171895027
mlp,y_UUP,8,2025-02-19,-0.007873953537306244,-0.01944289356470108
mlp,y_UUP,9,2025-02-19,-0.007873953537306244,-0.03501926362514496
mlp,y_UUP,7,2025-02-20,0.0034506311046857974,-0.02157074585556984
mlp,y_UUP,8,2025-02-20,0.0034506311046857974,0.01876649260520935
mlp,y_UUP,9,2025-02-20,0.0034506311046857974,-0.02678491175174713
mlp,y_UUP,7,2025-02-24,-0.00378012994298349,-0.012307928875088692
mlp,y_UUP,8,2025-02-24,-0.00378012994298349,0.0019683390855789185
mlp,y_UUP,9,2025-02-24,-0.00378012994298349,0.02450394630432129
mlp,y_UUP,7,2025-02-25,0.0020697190287868317,-0.011583738029003143
mlp,y_UUP,8,2025-02-25,0.0020697190287868317,0.005500108003616333
mlp,y_UUP,9,2025-02-25,0.0020697190287868317,0.03993768244981766
mlp,y_UUP,7,2025-02-26,0.007228884739607366,0.004156950861215591
mlp,y_UUP,8,2025-02-26,0.007228884739607366,-0.008572466671466827
mlp,y_UUP,9,2025-02-26,0.007228884739607366,0.022473517805337906
mlp,y_UUP,7,2025-02-27,0.004442954778288044,-0.030573289841413498
mlp,y_UUP,8,2025-02-27,0.004442954778288044,0.005527406930923462
mlp,y_UUP,9,2025-02-27,0.004442954778288044,-0.03512686491012573
mlp,y_UUP,8,2025-03-03,-0.008931696851646742,-0.0009523183107376099
mlp,y_UUP,9,2025-03-03,-0.008931696851646742,0.0012899115681648254
mlp,y_UUP,10,2025-03-03,-0.008931696851646742,0.0023231301456689835
mlp,y_UUP,8,2025-03-04,-0.012131732478756874,0.008718214929103851
mlp,y_UUP,9,2025-03-04,-0.012131732478756874,-0.006302788853645325
mlp,y_UUP,10,2025-03-04,-0.012131732478756874,0.016896335408091545
mlp,y_UUP,8,2025-03-05,-0.0007017217479134974,-0.02411048114299774
mlp,y_UUP,9,2025-03-05,-0.0007017217479134974,0.04523416981101036
mlp,y_UUP,10,2025-03-05,-0.0007017217479134974,-0.04288329929113388
mlp,y_UUP,8,2025-03-06,-0.0031601384288568735,0.008516345173120499
mlp,y_UUP,9,2025-03-06,-0.0031601384288568735,-0.04213032126426697
mlp,y_UUP,10,2025-03-06,-0.0031601384288568735,-0.001235196366906166
mlp,y_UUP,8,2025-03-10,-0.005631835324568346,-0.02722392976284027
mlp,y_UUP,9,2025-03-10,-0.005631835324568346,0.016694214195013046
mlp,y_UUP,10,2025-03-10,-0.005631835324568346,-0.048416100442409515
mlp,y_UUP,8,2025-03-11,0.002477865527757084,-0.049040280282497406
mlp,y_UUP,9,2025-03-11,0.002477865527757084,-0.010521486401557922
mlp,y_UUP,10,2025-03-11,0.002477865527757084,-0.02055906318128109
mlp,y_UUP,8,2025-03-12,0.003531118108928588,0.01428423821926117
mlp,y_UUP,9,2025-03-12,0.003531118108928588,0.037953898310661316
mlp,y_UUP,10,2025-03-12,0.003531118108928588,-0.008817694149911404
mlp,y_UUP,8,2025-03-13,-0.001055649599290276,-0.002674482762813568
mlp,y_UUP,9,2025-03-13,-0.001055649599290276,0.06631562113761902
mlp,y_UUP,10,2025-03-13,-0.001055649599290276,0.02875528298318386
mlp,y_UUP,8,2025-03-17,-0.000707250376537405,-0.011152945458889008
mlp,y_UUP,9,2025-03-17,-0.000707250376537405,0.025716226547956467
mlp,y_UUP,10,2025-03-17,-0.000707250376537405,0.019241956993937492
mlp,y_UUP,8,2025-03-18,0.0024769886719366863,-0.01585831493139267
mlp,y_UUP,9,2025-03-18,0.0024769886719366863,-0.012808442115783691
mlp,y_UUP,10,2025-03-18,0.0024769886719366863,-0.0001353733241558075
mlp,y_UUP,8,2025-03-19,0.0028238694461333314,-0.08155597001314163
mlp,y_UUP,9,2025-03-19,0.0028238694461333314,0.0029417574405670166
mlp,y_UUP,10,2025-03-19,0.0028238694461333314,-0.025150276720523834
mlp,y_UUP,8,2025-03-20,0.0031678552980189956,0.01546819880604744
mlp,y_UUP,9,2025-03-20,0.0031678552980189956,-0.004804037511348724
mlp,y_UUP,10,2025-03-20,0.0031678552980189956,-0.023267854005098343
mlp,y_UUP,9,2025-03-24,-0.001050773740895461,0.018128886818885803
mlp,y_UUP,10,2025-03-24,-0.001050773740895461,-0.0005210768431425095
mlp,y_UUP,11,2025-03-24,-0.001050773740895461,0.02670862525701523
mlp,y_UUP,9,2025-03-25,0.004558165507483336,-0.0023505575954914093
mlp,y_UUP,10,2025-03-25,0.004558165507483336,0.06235182285308838
mlp,y_UUP,11,2025-03-25,0.004558165507483336,0.03455343842506409
mlp,y_UUP,9,2025-03-26,-0.0031413184339357247,0.014973200857639313
mlp,y_UUP,10,2025-03-26,-0.0031413184339357247,0.003488350659608841
mlp,y_UUP,11,2025-03-26,-0.0031413184339357247,-0.0204085111618042
mlp,y_UUP,9,2025-03-27,-0.0017507223827670781,-0.019072070717811584
mlp,y_UUP,10,2025-03-27,-0.0017507223827670781,-0.06927705556154251
mlp,y_UUP,11,2025-03-27,-0.0017507223827670781,0.07599926739931107
mlp,y_UUP,9,2025-03-31,0.0010510727500887551,0.01877894252538681
mlp,y_UUP,10,2025-03-31,0.0010510727500887551,-0.008058457635343075
mlp,y_UUP,11,2025-03-31,0.0010510727500887551,-0.006775379180908203
mlp,y_UUP,9,2025-04-01,-0.004200152786805744,-0.007869809865951538
mlp,y_UUP,10,2025-04-01,-0.004200152786805744,0.06543984264135361
mlp,y_UUP,11,2025-04-01,-0.004200152786805744,0.017234809696674347
mlp,y_UUP,9,2025-04-02,-0.017574706211760383,-0.0029486045241355896
mlp,y_UUP,10,2025-04-02,-0.017574706211760383,-0.05263666808605194
mlp,y_UUP,11,2025-04-02,-0.017574706211760383,-0.012662891298532486
mlp,y_UUP,9,2025-04-03,0.011091247426236572,0.008785679936408997
mlp,y_UUP,10,2025-04-03,0.011091247426236572,0.01625392772257328
mlp,y_UUP,11,2025-04-03,0.011091247426236572,-0.015593931078910828
mlp,y_UUP,9,2025-04-07,-0.004580651394121782,-0.021613866090774536
mlp,y_UUP,10,2025-04-07,-0.004580651394121782,0.033898577094078064
mlp,y_UUP,11,2025-04-07,-0.004580651394121782,0.010855071246623993
mlp,y_UUP,9,2025-04-08,0.001415933133379843,0.01995474472641945
mlp,y_UUP,10,2025-04-08,0.001415933133379843,0.007003778591752052
mlp,y_UUP,11,2025-04-08,0.001415933133379843,0.017865091562271118
mlp,y_UUP,9,2025-04-09,-0.02085539659202096,0.02237580716609955
mlp,y_UUP,10,2025-04-09,-0.02085539659202096,0.007610386237502098
mlp,y_UUP,11,2025-04-09,-0.02085539659202096,-0.01470915786921978
mlp,y_UUP,9,2025-04-10,-0.009025242094572783,0.012363597750663757
mlp,y_UUP,10,2025-04-10,-0.009025242094572783,0.01058083027601242
mlp,y_UUP,11,2025-04-10,-0.009025242094572783,0.009019281715154648
mlp,y_UUP,10,2025-04-14,0.005482453136438137,-0.03346917778253555
mlp,y_UUP,11,2025-04-14,0.005482453136438137,0.00198277086019516
mlp,y_UUP,12,2025-04-14,0.005482453136438137,0.03244628384709358
mlp,y_UUP,10,2025-04-15,-0.00836060115105608,0.0098130963742733
mlp,y_UUP,11,2025-04-15,-0.00836060115105608,0.03681832551956177
mlp,y_UUP,12,2025-04-15,-0.00836060115105608,0.02580447867512703
mlp,y_UUP,10,2025-04-16,0.0007331036916207179,0.007567869499325752
mlp,y_UUP,11,2025-04-16,0.0007331036916207179,0.04874890297651291
mlp,y_UUP,12,2025-04-16,0.0007331036916207179,-0.0008241944015026093
mlp,y_UUP,10,2025-04-21,0.005547334418494421,0.013490861281752586
mlp,y_UUP,11,2025-04-21,0.005547334418494421,-0.01292385533452034
mlp,y_UUP,12,2025-04-21,0.005547334418494421,0.006372563540935516
mlp,y_UUP,10,2025-04-22,0.009194600471888581,0.06597542762756348
mlp,y_UUP,11,2025-04-22,0.009194600471888581,-0.010570282116532326
mlp,y_UUP,12,2025-04-22,0.009194600471888581,-0.018435776233673096
mlp,y_UUP,10,2025-04-23,-0.004373261671975159,-0.03132446110248566
mlp,y_UUP,11,2025-04-23,-0.004373261671975159,0.026557281613349915
mlp,y_UUP,12,2025-04-23,-0.004373261671975159,-0.02935849130153656
mlp,y_UUP,10,2025-04-24,0.002562214640636551,-0.006448795087635517
mlp,y_UUP,11,2025-04-24,0.002562214640636551,0.01683155447244644
mlp,y_UUP,12,2025-04-24,0.002562214640636551,0.009257923811674118
mlp,y_UUP,10,2025-04-28,0.003306419699212082,-0.012734190560877323
mlp,y_UUP,11,2025-04-28,0.003306419699212082,-0.002347320318222046
mlp,y_UUP,12,2025-04-28,0.003306419699212082,-0.003484286367893219
mlp,y_UUP,10,2025-04-29,0.0036616363976351707,0.023016637191176414
mlp,y_UUP,11,2025-04-29,0.0036616363976351707,0.007780265063047409
mlp,y_UUP,12,2025-04-29,0.0036616363976351707,-0.008133284747600555
mlp,y_UUP,10,2025-04-30,0.005837301939688899,-0.0223380196839571
mlp,y_UUP,11,2025-04-30,0.005837301939688899,0.01871580258011818
mlp,y_UUP,12,2025-04-30,0.005837301939688899,0.0010555125772953033
mlp,y_UUP,10,2025-05-01,-0.0014508563980556444,0.09275996685028076
mlp,y_UUP,11,2025-05-01,-0.0014508563980556444,0.024584181606769562
mlp,y_UUP,12,2025-05-01,-0.0014508563980556444,0.1006505936384201
mlp,y_UUP,11,2025-05-05,-0.006186280805252298,-0.03207007795572281
mlp,y_UUP,12,2025-05-05,-0.006186280805252298,0.031935010105371475
mlp,y_UUP,13,2025-05-05,-0.006186280805252298,0.031045563519001007
mlp,y_UUP,11,2025-05-06,0.007323345021169159,0.0711422935128212
mlp,y_UUP,12,2025-05-06,0.007323345021169159,0.05921318009495735
mlp,y_UUP,13,2025-05-06,0.007323345021169159,-0.03609838709235191
mlp,y_UUP,11,2025-05-07,0.0083605294502469,0.0025064125657081604
mlp,y_UUP,12,2025-05-07,0.0083605294502469,0.002368588000535965
mlp,y_UUP,13,2025-05-07,0.0083605294502469,0.004026304930448532
mlp,y_UUP,11,2025-05-08,-0.0028838591278508297,0.09307514876127243
mlp,y_UUP,12,2025-05-08,-0.0028838591278508297,0.07479165494441986
mlp,y_UUP,13,2025-05-08,-0.0028838591278508297,-0.0773887038230896
mlp,y_UUP,11,2025-05-12,-0.008556173649103216,-0.005850858986377716
mlp,y_UUP,12,2025-05-12,-0.008556173649103216,-0.014428652822971344
mlp,y_UUP,13,2025-05-12,-0.008556173649103216,-0.028309334069490433
mlp,y_UUP,11,2025-05-13,0.002157538849565599,-0.0033946335315704346
mlp,y_UUP,12,2025-05-13,0.002157538849565599,0.007749143987894058
mlp,y_UUP,13,2025-05-13,0.002157538849565599,0.0006522536277770996
mlp,y_UUP,11,2025-05-14,-0.002511650568030488,-0.014792807400226593
mlp,y_UUP,12,2025-05-14,-0.002511650568030488,0.011913351714611053
mlp,y_UUP,13,2025-05-14,-0.002511650568030488,-0.018048536032438278
mlp,y_UUP,11,2025-05-15,0.002877634851928157,0.027240969240665436
mlp,y_UUP,12,2025-05-15,0.002877634851928157,0.011025141924619675
mlp,y_UUP,13,2025-05-15,0.002877634851928157,-0.009622808545827866
mlp,y_UUP,11,2025-05-19,-0.0028891376246881206,0.005375627428293228
mlp,y_UUP,12,2025-05-19,-0.0028891376246881206,0.009995941072702408
mlp,y_UUP,13,2025-05-19,-0.0028891376246881206,-0.025325965136289597
mlp,y_UUP,11,2025-05-20,-0.004346263390120009,-0.00900321640074253
mlp,y_UUP,12,2025-05-20,-0.004346263390120009,-0.0008568167686462402
mlp,y_UUP,13,2025-05-20,-0.004346263390120009,-0.01902913674712181
mlp,y_UUP,11,2025-05-21,0.0029101572366034834,-0.027669019997119904
mlp,y_UUP,12,2025-05-21,0.0029101572366034834,0.008469607681035995
mlp,y_UUP,13,2025-05-21,0.0029101572366034834,-0.01993900164961815
mlp,y_UUP,11,2025-05-22,-0.0072542104455078915,0.07596392929553986
mlp,y_UUP,12,2025-05-22,-0.0072542104455078915,0.03156835213303566
mlp,y_UUP,13,2025-05-22,-0.0072542104455078915,0.03504784405231476
mlp,y_UUP,12,2025-05-27,0.003270303988399448,-0.010941941291093826
mlp,y_UUP,13,2025-05-27,0.003270303988399448,0.006177365779876709
mlp,y_UUP,14,2025-05-27,0.003270303988399448,-0.007280144840478897
mlp,y_UUP,12,2025-05-28,-0.005432882818489415,-0.0003550685942173004
mlp,y_UUP,13,2025-05-28,-0.005432882818489415,0.016494840383529663
mlp,y_UUP,14,2025-05-28,-0.005432882818489415,-0.002026919275522232
mlp,y_UUP,12,2025-05-29,-0.00036404138808676656,-0.012597057968378067
mlp,y_UUP,13,2025-05-29,-0.00036404138808676656,-0.005438748747110367
mlp,y_UUP,14,2025-05-29,-0.00036404138808676656,0.00019538775086402893
mlp,y_UUP,12,2025-06-02,0.006603136012040434,0.003892604261636734
mlp,y_UUP,13,2025-06-02,0.006603136012040434,0.006890963762998581
mlp,y_UUP,14,2025-06-02,0.006603136012040434,0.0004998520016670227
mlp,y_UUP,12,2025-06-03,-0.004373261671975159,0.030101928859949112
mlp,y_UUP,13,2025-06-03,-0.004373261671975159,-0.02997862920165062
mlp,y_UUP,14,2025-06-03,-0.004373261671975159,-0.03704271465539932
mlp,y_UUP,12,2025-06-04,-0.0007320303832677455,-0.022763095796108246
mlp,y_UUP,13,2025-06-04,-0.0007320303832677455,-0.028630223125219345
mlp,y_UUP,14,2025-06-04,-0.0007320303832677455,0.04458653926849365
mlp,y_UUP,12,2025-06-05,0.005128255519592173,-0.012597035616636276
mlp,y_UUP,13,2025-06-05,0.005128255519592173,-0.01564813032746315
mlp,y_UUP,14,2025-06-05,0.005128255519592173,-0.004808411002159119
mlp,y_UUP,12,2025-06-09,0.0010960035076723607,-0.007584463804960251
mlp,y_UUP,13,2025-06-09,0.0010960035076723607,-0.031058456748723984
mlp,y_UUP,14,2025-06-09,0.0010960035076723607,-0.0047388821840286255
mlp,y_UUP,12,2025-06-10,-0.00364960928872593,-0.0032968074083328247
mlp,y_UUP,13,2025-06-10,-0.00364960928872593,-0.00992153212428093
mlp,y_UUP,14,2025-06-10,-0.00364960928872593,0.0002465769648551941
mlp,y_UUP,12,2025-06-11,-0.007325955452520572,-0.006717216223478317
mlp,y_UUP,13,2025-06-11,-0.007325955452520572,-0.0001694299280643463
mlp,y_UUP,14,2025-06-11,-0.007325955452520572,0.004775423556566238
mlp,y_UUP,12,2025-06-12,0.0025830146841268053,-0.004298441112041473
mlp,y_UUP,13,2025-06-12,0.0025830146841268053,-0.0023987628519535065
mlp,y_UUP,14,2025-06-12,0.0025830146841268053,0.011691227555274963
mlp,y_UUP,13,2025-07-02,0.004841671551363502,-0.053824614733457565
mlp,y_UUP,14,2025-07-02,0.004841671551363502,0.04725363105535507
mlp,y_UUP,15,2025-07-02,0.004841671551363502,0.02034548670053482
mlp,y_UUP,13,2025-07-07,0.0007388637601535297,0.008611027151346207
mlp,y_UUP,14,2025-07-07,0.0007388637601535297,-0.002845611423254013
mlp,y_UUP,15,2025-07-07,0.0007388637601535297,0.005712100770324469
mlp,y_UUP,13,2025-07-08,0.0,-0.038319919258356094
mlp,y_UUP,14,2025-07-08,0.0,0.007266014814376831
mlp,y_UUP,15,2025-07-08,0.0,-0.03044954687356949
mlp,y_UUP,13,2025-07-09,0.0018456499839993867,-0.01584724709391594
mlp,y_UUP,14,2025-07-09,0.0018456499839993867,-0.008427552878856659
mlp,y_UUP,15,2025-07-09,0.0018456499839993867,0.02500663883984089
mlp,y_UUP,13,2025-07-10,0.002947686950965256,-0.003392186015844345
mlp,y_UUP,14,2025-07-10,0.002947686950965256,0.006506383419036865
mlp,y_UUP,15,2025-07-10,0.002947686950965256,0.006650175899267197
mlp,y_UUP,13,2025-07-14,0.005496515799067847,-0.01374610885977745
mlp,y_UUP,14,2025-07-14,0.005496515799067847,0.006469901651144028
mlp,y_UUP,15,2025-07-14,0.005496515799067847,0.006884372793138027
mlp,y_UUP,13,2025-07-15,-0.003644360765406307,-0.008062724024057388
mlp,y_UUP,14,2025-07-15,-0.003644360765406307,0.014854427427053452
mlp,y_UUP,15,2025-07-15,-0.003644360765406307,-0.009677337482571602
mlp,y_UUP,13,2025-07-16,0.0043891134172708846,0.02500338852405548
mlp,y_UUP,14,2025-07-16,0.0043891134172708846,-0.01227574422955513
mlp,y_UUP,15,2025-07-16,0.0043891134172708846,0.015725746750831604
mlp,y_UUP,13,2025-07-17,-0.001456596540572619,0.04593883827328682
mlp,y_UUP,14,2025-07-17,-0.001456596540572619,0.05402069538831711
mlp,y_UUP,15,2025-07-17,-0.001456596540572619,-0.04201982170343399
mlp,y_UUP,13,2025-07-21,-0.005139478670504571,-0.021318119019269943
mlp,y_UUP,14,2025-07-21,-0.005139478670504571,0.0009326785802841187
mlp,y_UUP,15,2025-07-21,-0.005139478670504571,0.008453812450170517
mlp,y_UUP,13,2025-07-22,-0.0014760915744503889,0.014128942042589188
mlp,y_UUP,14,2025-07-22,-0.0014760915744503889,-0.010210614651441574
mlp,y_UUP,15,2025-07-22,-0.0014760915744503889,0.009433393366634846
mlp,y_UUP,13,2025-07-23,0.0025868330866503086,-0.010783854871988297
mlp,y_UUP,14,2025-07-23,0.0025868330866503086,0.0036245211958885193
mlp,y_UUP,15,2025-07-23,0.0025868330866503086,-0.000746382400393486
mlp,y_UUP,14,2025-07-24,0.0022116164866963217,0.012334097176790237
mlp,y_UUP,15,2025-07-24,0.0022116164866963217,0.002561586908996105
mlp,y_UUP,16,2025-07-24,0.0022116164866963217,-0.005298251286149025
mlp,y_UUP,14,2025-07-28,0.0025454436429681593,-0.015842586755752563
mlp,y_UUP,15,2025-07-28,0.0025454436429681593,0.020492354407906532
mlp,y_UUP,16,2025-07-28,0.0025454436429681593,0.036842308938503265
mlp,y_UUP,14,2025-07-29,0.009793262800682934,0.027970924973487854
mlp,y_UUP,15,2025-07-29,0.009793262800682934,-0.02924567461013794
mlp,y_UUP,16,2025-07-29,0.009793262800682934,-0.006319088861346245
mlp,y_UUP,14,2025-07-30,0.0021551429434800706,0.02143484354019165
mlp,y_UUP,15,2025-07-30,0.0021551429434800706,-0.0076385848224163055
mlp,y_UUP,16,2025-07-30,0.0021551429434800706,0.005377242341637611
mlp,y_UUP,14,2025-07-31,-0.011827936996003596,-0.010143458843231201
mlp,y_UUP,15,2025-07-31,-0.011827936996003596,0.02991746924817562
mlp,y_UUP,16,2025-07-31,-0.011827936996003596,-0.014659380540251732
mlp,y_UUP,14,2025-08-04,0.0,0.01656908541917801
mlp,y_UUP,15,2025-08-04,0.0,0.0013408539816737175
mlp,y_UUP,16,2025-08-04,0.0,-0.012320501729846
mlp,y_UUP,14,2025-08-05,-0.005805531444171397,0.01406465470790863
mlp,y_UUP,15,2025-08-05,-0.005805531444171397,0.018791794776916504
mlp,y_UUP,16,2025-08-05,-0.005805531444171397,-0.008745772764086723
mlp,y_UUP,14,2025-08-06,-0.0007298930622796629,-0.003410063683986664
mlp,y_UUP,15,2025-08-06,-0.0007298930622796629,0.030516816303133965
mlp,y_UUP,16,2025-08-06,-0.0007298930622796629,0.016395054757595062
mlp,y_UUP,14,2025-08-07,0.00182617355009973,0.05878152698278427
mlp,y_UUP,15,2025-08-07,0.00182617355009973,0.03121732734143734
mlp,y_UUP,16,2025-08-07,0.00182617355009973,-0.0037379879504442215
mlp,y_UUP,14,2025-08-11,-0.005083564716449662,0.025524146854877472
mlp,y_UUP,15,2025-08-11,-0.005083564716449662,0.0068435752764344215
mlp,y_UUP,16,2025-08-11,-0.005083564716449662,-0.0008716527372598648
mlp,y_UUP,14,2025-08-12,-0.0025547337009745874,0.024814598262310028
mlp,y_UUP,15,2025-08-12,-0.0025547337009745874,-0.025080520659685135
mlp,y_UUP,16,2025-08-12,-0.0025547337009745874,-0.04984203726053238
mlp,y_UUP,15,2025-08-13,0.00365902912240168,0.032050952315330505
mlp,y_UUP,16,2025-08-13,0.00365902912240168,0.016237076371908188
mlp,y_UUP,17,2025-08-13,0.00365902912240168,-0.014027982950210571
mlp,y_UUP,15,2025-08-14,-0.003281106112732024,-0.0018473267555236816
mlp,y_UUP,16,2025-08-14,-0.003281106112732024,0.006036859005689621
mlp,y_UUP,17,2025-08-14,-0.003281106112732024,-0.0015798471868038177
mlp,y_UUP,15,2025-08-18,0.0025538016080142167,-0.0063895583152771
mlp,y_UUP,16,2025-08-18,0.0025538016080142167,0.006171382963657379
mlp,y_UUP,17,2025-08-18,0.0025538016080142167,0.014672164805233479
mlp,y_UUP,15,2025-08-19,-0.0007278399647878686,0.00805179588496685
mlp,y_UUP,16,2025-08-19,-0.0007278399647878686,0.008806439116597176
mlp,y_UUP,17,2025-08-19,-0.0007278399647878686,-0.0032542236149311066
mlp,y_UUP,15,2025-08-20,0.00509837521748735,0.005451824516057968
mlp,y_UUP,16,2025-08-20,0.00509837521748735,0.028518671169877052
mlp,y_UUP,17,2025-08-20,0.00509837521748735,0.010066238231956959
mlp,y_UUP,15,2025-08-21,-0.009782618095117046,-0.012090206146240234
mlp,y_UUP,16,2025-08-21,-0.009782618095117046,-0.0035498924553394318
mlp,y_UUP,17,2025-08-21,-0.009782618095117046,0.008563371375203133
mlp,y_UUP,15,2025-08-25,-0.002540824086737392,0.015019753947854042
mlp,y_UUP,16,2025-08-25,-0.002540824086737392,0.006656454876065254
mlp,y_UUP,17,2025-08-25,-0.002540824086737392,0.0009051784873008728
mlp,y_UUP,15,2025-08-26,0.0003639199823939343,0.0024845870211720467
mlp,y_UUP,16,2025-08-26,0.0003639199823939343,0.0020638499408960342
mlp,y_UUP,17,2025-08-26,0.0003639199823939343,-0.019374854862689972
mlp,y_UUP,15,2025-08-27,-0.0036377324222428564,0.016146507114171982
mlp,y_UUP,16,2025-08-27,-0.0036377324222428564,0.002338392660021782
mlp,y_UUP,17,2025-08-27,-0.0036377324222428564,-0.0005265139043331146
mlp,y_UUP,15,2025-08-28,-0.0007300875428108977,-0.011824706569314003
mlp,y_UUP,16,2025-08-28,-0.0007300875428108977,-0.02085292525589466
mlp,y_UUP,17,2025-08-28,-0.0007300875428108977,-0.022442180663347244
mlp,y_UUP,15,2025-09-02,-0.00181483343526323,0.0014055203646421432
mlp,y_UUP,16,2025-09-02,-0.00181483343526323,0.04617941379547119
mlp,y_UUP,17,2025-09-02,-0.00181483343526323,-0.013568006455898285
mlp,y_UUP,16,2025-09-03,0.0014545494712510099,-0.005960417911410332
mlp,y_UUP,17,2025-09-03,0.0014545494712510099,0.010654243640601635
mlp,y_UUP,18,2025-09-03,0.0014545494712510099,0.012109157629311085
mlp,y_UUP,16,2025-09-04,-0.005083564716449662,-0.023673539981245995
mlp,y_UUP,17,2025-09-04,-0.005083564716449662,-0.04496682435274124
mlp,y_UUP,18,2025-09-04,-0.005083564716449662,-0.002493305131793022
mlp,y_UUP,16,2025-09-08,0.004027821705168355,-0.006105927750468254
mlp,y_UUP,17,2025-09-08,0.004027821705168355,-0.008051544427871704
mlp,y_UUP,18,2025-09-08,0.004027821705168355,0.027313975617289543
mlp,y_UUP,16,2025-09-09,0.0007294325906452848,-0.03492408245801926
mlp,y_UUP,17,2025-09-09,0.0007294325906452848,0.00471172109246254
mlp,y_UUP,18,2025-09-09,0.0007294325906452848,-0.025268174707889557
mlp,y_UUP,16,2025-09-10,-0.0032799103121219364,0.019374657422304153
mlp,y_UUP,17,2025-09-10,-0.0032799103121219364,-0.0012605488300323486
mlp,y_UUP,18,2025-09-10,-0.0032799103121219364,-0.017330285161733627
mlp,y_UUP,16,2025-09-11,0.001462454766168575,0.00997898168861866
mlp,y_UUP,17,2025-09-11,0.001462454766168575,0.015885885804891586
mlp,y_UUP,18,2025-09-11,0.001462454766168575,0.007256519049406052
mlp,y_UUP,16,2025-09-15,-0.006227141612235143,0.005232946947216988
mlp,y_UUP,17,2025-09-15,-0.006227141612235143,0.004094716161489487
mlp,y_UUP,18,2025-09-15,-0.006227141612235143,0.00803262460976839
mlp,y_UUP,16,2025-09-16,0.003317388377493513,0.011844893917441368
mlp,y_UUP,17,2025-09-16,0.003317388377493513,-0.011369697749614716
mlp,y_UUP,18,2025-09-16,0.003317388377493513,0.014055823907256126
mlp,y_UUP,16,2025-09-17,0.004775931513894216,-0.04030824452638626
mlp,y_UUP,17,2025-09-17,0.004775931513894216,-0.013344183564186096
mlp,y_UUP,18,2025-09-17,0.004775931513894216,0.003921501338481903
mlp,y_UUP,16,2025-09-18,0.002925053772870889,-0.06029675155878067
mlp,y_UUP,17,2025-09-18,0.002925053772870889,0.0018338337540626526
mlp,y_UUP,18,2025-09-18,0.002925053772870889,-0.016325928270816803
mlp,y_UUP,16,2025-09-22,-0.0007317625206523237,0.019837332889437675
mlp,y_UUP,17,2025-09-22,-0.0007317625206523237,0.0004034601151943207
mlp,y_UUP,18,2025-09-22,-0.0007317625206523237,0.042657241225242615
mlp,y_UUP,17,2025-09-23,0.007323345021169159,0.0053334832191467285
mlp,y_UUP,18,2025-09-23,0.007323345021169159,-0.00648890808224678
mlp,y_UUP,19,2025-09-23,0.007323345021169159,-0.004894481971859932
mlp,y_UUP,17,2025-09-24,0.006906580442141541,-0.015639156103134155
mlp,y_UUP,18,2025-09-24,0.006906580442141541,0.060465529561042786
mlp,y_UUP,19,2025-09-24,0.006906580442141541,-0.05567164719104767
mlp,y_UUP,17,2025-09-25,-0.003610153805027938,-0.012566164135932922
mlp,y_UUP,18,2025-09-25,-0.003610153805027938,0.015006382018327713
mlp,y_UUP,19,2025-09-25,-0.003610153805027938,-0.01972217485308647
mlp,y_UUP,17,2025-09-29,-0.001089309716844622,-0.012079454958438873
mlp,y_UUP,18,2025-09-29,-0.001089309716844622,0.0060703326016664505
mlp,y_UUP,19,2025-09-29,-0.001089309716844622,0.01168542169034481
mlp,y_UUP,17,2025-09-30,-0.00036352310243092933,-0.00950111448764801
mlp,y_UUP,18,2025-09-30,-0.00036352310243092933,0.022454779595136642
mlp,y_UUP,19,2025-09-30,-0.00036352310243092933,0.012903280556201935
mlp,y_UUP,17,2025-10-01,0.0014545494712510099,-0.006625358015298843
mlp,y_UUP,18,2025-10-01,0.0014545494712510099,-0.041696373373270035
mlp,y_UUP,19,2025-10-01,0.0014545494712510099,0.02645188756287098
mlp,y_UUP,17,2025-10-02,-0.0018155639432109183,-0.0332673117518425
mlp,y_UUP,18,2025-10-02,-0.0018155639432109183,0.06763418018817902
mlp,y_UUP,19,2025-10-02,-0.0018155639432109183,-0.008807474747300148
mlp,y_UUP,17,2025-10-06,0.005792919620490444,-0.005859697237610817
mlp,y_UUP,18,2025-10-06,0.005792919620490444,-0.005087604746222496
mlp,y_UUP,19,2025-10-06,0.005792919620490444,0.02459208108484745
mlp,y_UUP,17,2025-10-07,0.002159797616071435,-0.005317617207765579
mlp,y_UUP,18,2025-10-07,0.002159797616071435,-0.0017002969980239868
mlp,y_UUP,19,2025-10-07,0.002159797616071435,0.021126216277480125
mlp,y_UUP,17,2025-10-08,0.006824713788897485,0.002145618200302124
mlp,y_UUP,18,2025-10-08,0.006824713788897485,-0.032635584473609924
mlp,y_UUP,19,2025-10-08,0.006824713788897485,0.028540654107928276
mlp,y_UUP,17,2025-10-09,-0.004994697571578999,-0.028484370559453964
mlp,y_UUP,18,2025-10-09,-0.004994697571578999,0.016051974147558212
mlp,y_UUP,19,2025-10-09,-0.004994697571578999,0.022873518988490105
mlp,y_UUP,18,2025-10-13,-0.0028581715355342485,-0.07795370370149612
mlp,y_UUP,19,2025-10-13,-0.0028581715355342485,-0.0015533659607172012
mlp,y_UUP,20,2025-10-13,-0.0028581715355342485,-0.09209802746772766
mlp,y_UUP,18,2025-10-14,-0.002866364095803986,-0.008382286876440048
mlp,y_UUP,19,2025-10-14,-0.002866364095803986,0.007693301886320114
mlp,y_UUP,20,2025-10-14,-0.002866364095803986,-0.011049285531044006
mlp,y_UUP,18,2025-10-15,-0.0039525624465105436,0.0357983261346817
mlp,y_UUP,19,2025-10-15,-0.0039525624465105436,-0.03872182220220566
mlp,y_UUP,20,2025-10-15,-0.0039525624465105436,-0.0012919902801513672
mlp,y_UUP,18,2025-10-16,0.00108223629625126,-0.10531260073184967
mlp,y_UUP,19,2025-10-16,0.00108223629625126,-0.019899511709809303
mlp,y_UUP,20,2025-10-16,0.00108223629625126,-0.09933316707611084
mlp,y_UUP,18,2025-10-20,0.003954054185318245,-0.03980100899934769
mlp,y_UUP,19,2025-10-20,0.003954054185318245,-0.0025101108476519585
mlp,y_UUP,20,2025-10-20,0.003954054185318245,-0.017629195004701614
mlp,y_UUP,18,2025-10-21,-0.0010741697624669921,-0.0024909935891628265
mlp,y_UUP,19,2025-10-21,-0.0010741697624669921,0.0009846342727541924
mlp,y_UUP,20,2025-10-21,-0.0010741697624669921,-0.031153198331594467
mlp,y_UUP,18,2025-10-22,0.0003584416146331648,-0.02280154451727867
mlp,y_UUP,19,2025-10-22,0.0003584416146331648,0.022825190797448158
mlp,y_UUP,20,2025-10-22,0.0003584416146331648,-0.033422160893678665
mlp,y_UUP,18,2025-10-23,0.0,0.006490768864750862
mlp,y_UUP,19,2025-10-23,0.0,0.018998529762029648
mlp,y_UUP,20,2025-10-23,0.0,-0.022023271769285202
mlp,y_UUP,18,2025-10-27,-0.0007172560209921519,-0.0030812975019216537
mlp,y_UUP,19,2025-10-27,-0.0007172560209921519,0.01187351904809475
mlp,y_UUP,20,2025-10-27,-0.0007172560209921519,-0.010198209434747696
mlp,y_UUP,18,2025-10-28,0.005742945572112079,0.03569978475570679
mlp,y_UUP,19,2025-10-28,0.005742945572112079,0.00404690857976675
mlp,y_UUP,20,2025-10-28,0.005742945572112079,-7.128342986106873e-05
mlp,y_UUP,18,2025-10-29,0.003925760626240837,0.002932075411081314
mlp,y_UUP,19,2025-10-29,0.003925760626240837,0.01824815757572651
mlp,y_UUP,20,2025-10-29,0.003925760626240837,-0.005982495844364166
mlp,y_UUP,18,2025-10-30,0.002843946782195239,0.01448341179639101
mlp,y_UUP,19,2025-10-30,0.002843946782195239,0.01611117459833622
mlp,y_UUP,20,2025-10-30,0.002843946782195239,-0.013432439416646957
mlp,y_UUP,19,2025-11-03,0.003188124202409881,0.018014684319496155
mlp,y_UUP,20,2025-11-03,0.003188124202409881,0.020940154790878296
mlp,y_UUP,21,2025-11-03,0.003188124202409881,-0.013392897322773933
mlp,y_UUP,19,2025-11-04,0.00035312574090240467,0.03658626228570938
mlp,y_UUP,20,2025-11-04,0.00035312574090240467,0.006585432216525078
mlp,y_UUP,21,2025-11-04,0.00035312574090240467,-0.014129329472780228
mlp,y_UUP,19,2025-11-05,-0.005294737805135563,0.006540916860103607
mlp,y_UUP,20,2025-11-05,-0.005294737805135563,-0.05415041372179985
mlp,y_UUP,21,2025-11-05,-0.005294737805135563,-0.021069468930363655
mlp,y_UUP,19,2025-11-06,-0.0007097601682591881,0.008634064346551895
mlp,y_UUP,20,2025-11-06,-0.0007097601682591881,0.0002391822636127472
mlp,y_UUP,21,2025-11-06,-0.0007097601682591881,0.004284145776182413
mlp,y_UUP,19,2025-11-10,-0.0014194503404467707,0.05671733617782593
mlp,y_UUP,20,2025-11-10,-0.0014194503404467707,-0.06714588403701782
mlp,y_UUP,21,2025-11-10,-0.0014194503404467707,0.008277717977762222
mlp,y_UUP,19,2025-11-11,0.00035531443925962414,0.10060708969831467
mlp,y_UUP,20,2025-11-11,0.00035531443925962414,-0.011665254831314087
mlp,y_UUP,21,2025-11-11,0.00035531443925962414,0.027177421376109123
mlp,y_UUP,19,2025-11-12,-0.0028418562393659474,0.03416035324335098
mlp,y_UUP,20,2025-11-12,-0.0028418562393659474,0.010878711938858032
mlp,y_UUP,21,2025-11-12,-0.0028418562393659474,0.008787715807557106
mlp,y_UUP,19,2025-11-13,0.0014250128366397607,-0.0042207688093185425
mlp,y_UUP,20,2025-11-13,0.0014250128366397607,-0.02426738664507866
mlp,y_UUP,21,2025-11-13,0.0014250128366397607,-0.006504920776933432
mlp,y_UUP,19,2025-11-17,0.0010645702563174542,-0.04199904948472977
mlp,y_UUP,20,2025-11-17,0.0010645702563174542,-0.012519165873527527
mlp,y_UUP,21,2025-11-17,0.0010645702563174542,-0.005565971601754427
mlp,y_UUP,19,2025-11-18,0.0063806988317842706,0.02275053970515728
mlp,y_UUP,20,2025-11-18,0.0063806988317842706,-0.01249002292752266
mlp,y_UUP,21,2025-11-18,0.0063806988317842706,-0.0013946243561804295
mlp,y_UUP,19,2025-11-19,0.0007045101153477784,0.024665189906954765
mlp,y_UUP,20,2025-11-19,0.0007045101153477784,-0.017969194799661636
mlp,y_UUP,21,2025-11-19,0.0007045101153477784,0.004890067968517542
mlp,y_UUP,19,2025-11-20,-0.0007040141302716574,0.013691144064068794
mlp,y_UUP,20,2025-11-20,-0.0007040141302716574,-0.04503212496638298
mlp,y_UUP,21,2025-11-20,-0.0007040141302716574,-0.011293571442365646
mlp,y_UUP,20,2025-11-24,-0.0028179015047613554,-0.01530805230140686
mlp,y_UUP,21,2025-11-24,-0.0028179015047613554,-0.00855177640914917
mlp,y_UUP,22,2025-11-24,-0.0028179015047613554,0.00155557319521904
mlp,y_UUP,20,2025-11-25,-0.002825864512623566,-0.003012053668498993
mlp,y_UUP,21,2025-11-25,-0.002825864512623566,-0.027938075363636017
mlp,y_UUP,22,2025-11-25,-0.002825864512623566,0.02472006529569626
mlp,y_UUP,20,2025-12-01,-0.00035462838302890987,0.006893668323755264
mlp,y_UUP,21,2025-12-01,-0.00035462838302890987,-0.005757252220064402
mlp,y_UUP,22,2025-12-01,-0.00035462838302890987,0.0020016059279441833
mlp,y_UUP,20,2025-12-02,-0.004966348731344494,-0.0010691136121749878
mlp,y_UUP,21,2025-12-02,-0.004966348731344494,-0.014479128643870354
mlp,y_UUP,22,2025-12-02,-0.004966348731344494,0.02418934740126133
mlp,y_UUP,20,2025-12-03,0.0021390785725139416,-0.009261894971132278
mlp,y_UUP,21,2025-12-03,0.0021390785725139416,-0.001915955450385809
mlp,y_UUP,22,2025-12-03,0.0021390785725139416,-0.026341356337070465
mlp,y_UUP,20,2025-12-04,-0.00106729142627493,-0.044002238661050797
mlp,y_UUP,21,2025-12-04,-0.00106729142627493,-0.013907326385378838
mlp,y_UUP,22,2025-12-04,-0.00106729142627493,0.0025468580424785614
mlp,y_UUP,20,2025-12-08,0.00142240885268885,-0.1709144562482834
mlp,y_UUP,21,2025-12-08,0.00142240885268885,0.09497273713350296
mlp,y_UUP,22,2025-12-08,0.00142240885268885,0.013774856925010681
mlp,y_UUP,20,2025-12-09,-0.00532670195853624,-0.0005930215120315552
mlp,y_UUP,21,2025-12-09,-0.00532670195853624,-0.001133000012487173
mlp,y_UUP,22,2025-12-09,-0.00532670195853624,-0.011501334607601166
mlp,y_UUP,20,2025-12-10,-0.0035701282998350514,0.010240796953439713
mlp,y_UUP,21,2025-12-10,-0.0035701282998350514,-0.015584344044327736
mlp,y_UUP,22,2025-12-10,-0.0035701282998350514,0.016097331419587135
mlp,y_UUP,20,2025-12-11,0.00143318204790166,-0.03817777708172798
mlp,y_UUP,21,2025-12-11,0.00143318204790166,0.044104740023612976
mlp,y_UUP,22,2025-12-11,0.00143318204790166,0.01192421093583107
mlp,y_UUP,21,2025-12-15,-0.0010741697624669921,0.026706743985414505
mlp,y_UUP,22,2025-12-15,-0.0010741697624669921,-0.012599360197782516
mlp,y_UUP,23,2025-12-15,-0.0010741697624669921,0.028265606611967087
mlp,y_UUP,21,2025-12-16,0.002150508290711839,0.011093778535723686
mlp,y_UUP,22,2025-12-16,0.002150508290711839,0.017918452620506287
mlp,y_UUP,23,2025-12-16,0.002150508290711839,0.002155046910047531
mlp,y_UUP,21,2025-12-17,0.0007153448741836765,-0.037979669868946075
mlp,y_UUP,22,2025-12-17,0.0007153448741836765,0.014005541801452637
mlp,y_UUP,23,2025-12-17,0.0007153448741836765,-0.00013023987412452698
mlp,y_UUP,21,2025-12-18,0.003216609854790775,0.0345197431743145
mlp,y_UUP,22,2025-12-18,0.003216609854790775,-0.0026407018303871155
mlp,y_UUP,23,2025-12-18,0.003216609854790775,0.03564458712935448
mlp,y_UUP,21,2025-12-23,0.0003712037373271304,-0.04010169580578804
mlp,y_UUP,22,2025-12-23,0.0003712037373271304,-0.029082663357257843
mlp,y_UUP,23,2025-12-23,0.0003712037373271304,-0.03505194932222366
mlp,y_UUP,21,2025-12-29,0.0025945031879870406,-0.007239890284836292
mlp,y_UUP,22,2025-12-29,0.0025945031879870406,-0.01338721439242363
mlp,y_UUP,23,2025-12-29,0.0025945031879870406,0.004490245133638382
mlp,y_UUP,21,2025-12-30,-0.0007393179659553883,0.0028487672097980976
mlp,y_UUP,22,2025-12-30,-0.0007393179659553883,-0.006493598222732544
mlp,y_UUP,23,2025-12-30,-0.0007393179659553883,0.009975817054510117
mlp,y_UUP,22,2026-01-05,0.003324719379479646,-0.042778633534908295
mlp,y_UUP,23,2026-01-05,0.003324719379479646,0.03944389894604683
mlp,y_UUP,24,2026-01-05,0.003324719379479646,0.05010683834552765
mlp,y_UUP,22,2026-01-06,0.001472787767013095,0.018387967720627785
mlp,y_UUP,23,2026-01-06,0.001472787767013095,0.002542369067668915
mlp,y_UUP,24,2026-01-06,0.001472787767013095,0.019136494025588036
mlp,y_UUP,22,2026-01-07,0.0025735181198816015,-0.038860879838466644
mlp,y_UUP,23,2026-01-07,0.0025735181198816015,0.010046523064374924
mlp,y_UUP,24,2026-01-07,0.0025735181198816015,0.015532748773694038
mlp,y_UUP,22,2026-01-08,0.002200200400997776,0.029760435223579407
mlp,y_UUP,23,2026-01-08,0.002200200400997776,-0.013838494196534157
mlp,y_UUP,24,2026-01-08,0.002200200400997776,0.0001858007162809372
mlp,y_UUP,22,2026-01-12,0.0025659711533103646,0.01319248229265213
mlp,y_UUP,23,2026-01-12,0.0025659711533103646,-0.021683601662516594
mlp,y_UUP,24,2026-01-12,0.0025659711533103646,0.0005519669502973557
mlp,y_UUP,22,2026-01-13,-0.0007312781530059986,0.03430461511015892
mlp,y_UUP,23,2026-01-13,-0.0007312781530059986,-0.0077120400965213776
mlp,y_UUP,24,2026-01-13,-0.0007312781530059986,-0.008721763268113136
mlp,y_UUP,22,2026-01-14,0.003658996770907086,0.013759378343820572
mlp,y_UUP,23,2026-01-14,0.003658996770907086,-0.0023590028285980225
mlp,y_UUP,24,2026-01-14,0.003658996770907086,-0.012746598571538925
mlp,y_UUP,22,2026-01-15,0.0,0.009508296847343445
mlp,y_UUP,23,2026-01-15,0.0,-0.008594878017902374
mlp,y_UUP,24,2026-01-15,0.0,-0.0060997772961854935
mlp,y_UUP,22,2026-01-21,-0.004400470745105078,-0.004238128662109375
mlp,y_UUP,23,2026-01-21,-0.004400470745105078,-0.013001196086406708
mlp,y_UUP,24,2026-01-21,-0.004400470745105078,-0.01849445328116417
mlp,y_UUP,22,2026-01-22,-0.008839770699457628,-0.01575097069144249
mlp,y_UUP,23,2026-01-22,-0.008839770699457628,-0.001601189374923706
mlp,y_UUP,24,2026-01-22,-0.008839770699457628,-0.007871298119425774
mlp,y_UUP,23,2026-01-26,-0.011575853821602311,0.0010291673243045807
mlp,y_UUP,24,2026-01-26,-0.011575853821602311,-0.0008637029677629471
mlp,y_UUP,23,2026-01-27,0.006044573160657096,0.024946998804807663
mlp,y_UUP,24,2026-01-27,0.006044573160657096,0.0008981060236692429
mlp,y_UUP,23,2026-01-28,-0.0015020281426685322,-0.022306598722934723
mlp,y_UUP,24,2026-01-28,-0.0015020281426685322,-0.028435492888092995
mlp,y_UUP,23,2026-01-29,0.009778120623911812,0.004461698234081268
mlp,y_UUP,24,2026-01-29,0.009778120623911812,0.028332853689789772
mlp,y_UUP,23,2026-02-02,-0.002593541882839334,0.003900531679391861
mlp,y_UUP,24,2026-02-02,-0.002593541882839334,0.004741629585623741
mlp,y_UUP,23,2026-02-03,0.0033432448860633013,0.005828402936458588
mlp,y_UUP,24,2026-02-03,0.0033432448860633013,-0.013075499795377254
mlp,y_UUP,23,2026-02-04,0.002961863125810149,0.008753225207328796
mlp,y_UUP,24,2026-02-04,0.002961863125810149,-0.016184618696570396
mlp,y_UUP,23,2026-02-05,-0.002953116399241118,-0.0012196563184261322
mlp,y_UUP,24,2026-02-05,-0.002953116399241118,0.002969147637486458
mlp,y_UUP,23,2026-02-09,0.0003732109440657272,0.0005942508578300476
mlp,y_UUP,24,2026-02-09,0.0003732109440657272,0.009065041318535805
mlp,y_UUP,23,2026-02-10,0.0011194286380433738,-0.0045846737921237946
mlp,y_UUP,24,2026-02-10,0.0011194286380433738,-0.00033103860914707184
mlp,y_UUP,23,2026-02-11,-0.0003727256395925638,-0.007932361215353012
mlp,y_UUP,24,2026-02-11,-0.0003727256395925638,-0.002768896520137787
mlp,y_UUP,23,2026-02-12,0.0,-0.012441448867321014
mlp,y_UUP,24,2026-02-12,0.0,-0.015407584607601166
mlp,y_UUP,24,2026-02-17,0.006317357014414382,0.005949916318058968
mlp,y_UUP,24,2026-02-18,0.0014771386868552838,-0.007160041481256485
mlp,y_UUP,24,2026-02-19,-0.0011062199748205215,-0.011934594251215458
mlp,y_UUP,24,2026-02-23,0.0007382967017723896,0.01686781831085682
mlp,y_UUP,24,2026-02-24,-0.0011066280328320133,-0.027562325820326805
mlp,y_UUP,24,2026-02-25,0.000738569343427864,0.04933866113424301
mlp,y_UUP,24,2026-02-26,-0.0007380242613336252,0.025340983644127846
mlp,y_UUP,24,2026-03-02,0.004756646949487964,-0.005795219913125038
mlp,y_UUP,24,2026-03-03,-0.0018208025756569768,0.016482995823025703
mlp,y_UUP,24,2026-03-04,0.002553801357676022,-0.014586251229047775
mlp,y_UUP,24,2026-03-05,-0.00036390935401831026,0.005427198484539986
mlp,y_XLB,0,2024-08-05,0.005111982366713175,0.018518147990107536
mlp,y_XLB,0,2024-08-06,-0.013562443502398436,0.0013153497129678726
mlp,y_XLB,0,2024-08-07,0.015467458879019125,0.022853655740618706
mlp,y_XLB,0,2024-08-08,-0.000789760785544491,-0.026438601315021515
mlp,y_XLB,0,2024-08-12,0.009980678275147259,0.003981774672865868
mlp,y_XLB,0,2024-08-13,0.0,-0.008509134873747826
mlp,y_XLB,0,2024-08-14,0.01583391763271269,-0.009237268939614296
mlp,y_XLB,0,2024-08-15,0.0012160454421095146,-0.011246730573475361
mlp,y_XLB,0,2024-08-19,-0.003626487735878814,-0.00405484065413475
mlp,y_XLB,0,2024-08-20,0.01147017428869579,0.025422057136893272
mlp,y_XLB,0,2024-08-21,-0.0020717665838776433,-0.03428629785776138
mlp,y_XLB,0,2024-08-22,0.013221142289661314,-0.005125811323523521
mlp,y_XLB,0,2024-08-26,0.00010729963101385742,-0.009813455864787102
mlp,y_XLB,1,2024-08-26,0.00010729963101385742,0.003094353713095188
mlp,y_XLB,0,2024-08-27,-0.004294139487712623,-0.01640430837869644
mlp,y_XLB,1,2024-08-27,-0.004294139487712623,-8.127745240926743e-05
mlp,y_XLB,0,2024-08-28,0.005498764719909399,-0.0033146683126688004
mlp,y_XLB,1,2024-08-28,0.005498764719909399,0.016704387962818146
mlp,y_XLB,0,2024-08-29,0.01093713458076584,0.0027103163301944733
mlp,y_XLB,1,2024-08-29,0.01093713458076584,0.014336763881146908
mlp,y_XLB,0,2024-09-03,-0.0041242811585234795,-0.022821538150310516
mlp,y_XLB,1,2024-09-03,-0.0041242811585234795,-0.014688416384160519
mlp,y_XLB,0,2024-09-04,-0.00784655548715163,-0.01300919521600008
mlp,y_XLB,1,2024-09-04,-0.00784655548715163,0.008964462205767632
mlp,y_XLB,0,2024-09-05,-0.012631856926981877,-0.008611394092440605
mlp,y_XLB,1,2024-09-05,-0.012631856926981877,0.0074949609115719795
mlp,y_XLB,0,2024-09-09,0.00044088626709837264,0.00034883804619312286
mlp,y_XLB,1,2024-09-09,0.00044088626709837264,-0.03599002584815025
mlp,y_XLB,0,2024-09-10,0.002422897292292614,-0.020251106470823288
mlp,y_XLB,1,2024-09-10,0.002422897292292614,-0.027758020907640457
mlp,y_XLB,0,2024-09-11,0.009228710038458932,-0.01971292309463024
mlp,y_XLB,1,2024-09-11,0.009228710038458932,-0.048556458204984665
mlp,y_XLB,0,2024-09-12,0.009035353936655666,-0.0036570262163877487
mlp,y_XLB,1,2024-09-12,0.009035353936655666,0.023806240409612656
mlp,y_XLB,2,2024-09-12,0.009035353936655666,0.027258217334747314
mlp,y_XLB,0,2024-09-16,0.001924188598533716,-0.02065194956958294
mlp,y_XLB,1,2024-09-16,0.001924188598533716,0.0423881858587265
mlp,y_XLB,2,2024-09-16,0.001924188598533716,-0.00044759176671504974
mlp,y_XLB,0,2024-09-17,-0.004267567093621749,-0.031167397275567055
mlp,y_XLB,1,2024-09-17,-0.004267567093621749,0.011509538628160954
mlp,y_XLB,2,2024-09-17,-0.004267567093621749,-0.0065569691359996796
mlp,y_XLB,0,2024-09-18,0.015107707934707726,-0.025581467896699905
mlp,y_XLB,1,2024-09-18,0.015107707934707726,0.037864480167627335
mlp,y_XLB,2,2024-09-18,0.015107707934707726,0.024940546602010727
mlp,y_XLB,0,2024-09-19,-0.007071975906386085,-0.03781796246767044
mlp,y_XLB,1,2024-09-19,-0.007071975906386085,-0.04889892041683197
mlp,y_XLB,2,2024-09-19,-0.007071975906386085,-0.047110553830862045
mlp,y_XLB,0,2024-09-23,0.013655112468113684,-0.01732824184000492
mlp,y_XLB,1,2024-09-23,0.013655112468113684,0.00543264951556921
mlp,y_XLB,2,2024-09-23,0.013655112468113684,0.018994245678186417
mlp,y_XLB,0,2024-09-24,-0.00668334514734803,0.01365651749074459
mlp,y_XLB,1,2024-09-24,-0.00668334514734803,-0.0011875862255692482
mlp,y_XLB,2,2024-09-24,-0.00668334514734803,0.019384417682886124
mlp,y_XLB,0,2024-09-25,0.02071056594517051,0.0002056080847978592
mlp,y_XLB,1,2024-09-25,0.02071056594517051,0.013313385657966137
mlp,y_XLB,2,2024-09-25,0.02071056594517051,0.005103405565023422
mlp,y_XLB,0,2024-09-26,-0.0017508883746425452,-0.00751323439180851
mlp,y_XLB,1,2024-09-26,-0.0017508883746425452,-0.03473588079214096
mlp,y_XLB,2,2024-09-26,-0.0017508883746425452,0.0017480924725532532
mlp,y_XLB,0,2024-09-30,-0.0024901422569747478,-0.01789531297981739
mlp,y_XLB,1,2024-09-30,-0.0024901422569747478,0.011014156974852085
mlp,y_XLB,2,2024-09-30,-0.0024901422569747478,-0.0026030167937278748
mlp,y_XLB,0,2024-10-01,-0.003848637506332797,-0.01840253546833992
mlp,y_XLB,1,2024-10-01,-0.003848637506332797,0.0035543860867619514
mlp,y_XLB,2,2024-10-01,-0.003848637506332797,0.021057162433862686
mlp,y_XLB,0,2024-10-02,-0.011068133346521014,0.016965193673968315
mlp,y_XLB,1,2024-10-02,-0.011068133346521014,0.009053965099155903
mlp,y_XLB,2,2024-10-02,-0.011068133346521014,-0.021960873156785965
mlp,y_XLB,0,2024-10-03,0.004857005737312292,0.008835485205054283
mlp,y_XLB,1,2024-10-03,0.004857005737312292,0.00177858117967844
mlp,y_XLB,2,2024-10-03,0.004857005737312292,-0.018238328397274017
mlp,y_XLB,1,2024-10-07,-0.004636932825391016,-0.025514379143714905
mlp,y_XLB,2,2024-10-07,-0.004636932825391016,0.014491444453597069
mlp,y_XLB,3,2024-10-07,-0.004636932825391016,0.014053471386432648
mlp,y_XLB,1,2024-10-08,0.006352772408346752,0.029880687594413757
mlp,y_XLB,2,2024-10-08,0.006352772408346752,-0.011850375682115555
mlp,y_XLB,3,2024-10-08,0.006352772408346752,0.02763981558382511
mlp,y_XLB,1,2024-10-09,0.0023143985892406516,0.023289408534765244
mlp,y_XLB,2,2024-10-09,0.0023143985892406516,0.0003091655671596527
mlp,y_XLB,3,2024-10-09,0.0023143985892406516,-0.007988899946212769
mlp,y_XLB,1,2024-10-10,0.006507783288780322,-0.00128124188631773
mlp,y_XLB,2,2024-10-10,0.006507783288780322,0.022510334849357605
mlp,y_XLB,3,2024-10-10,0.006507783288780322,0.004078458994626999
mlp,y_XLB,1,2024-10-14,-0.001037109660457114,-0.026723559945821762
mlp,y_XLB,2,2024-10-14,-0.001037109660457114,0.004745325073599815
mlp,y_XLB,3,2024-10-14,-0.001037109660457114,0.023482367396354675
mlp,y_XLB,1,2024-10-15,0.007784976963336909,-0.026340503245592117
mlp,y_XLB,2,2024-10-15,0.007784976963336909,-0.005327507853507996
mlp,y_XLB,3,2024-10-15,0.007784976963336909,0.00893944501876831
mlp,y_XLB,1,2024-10-16,0.0015449678535186528,-0.010376404039561749
mlp,y_XLB,2,2024-10-16,0.0015449678535186528,0.0032052434980869293
mlp,y_XLB,3,2024-10-16,0.0015449678535186528,-0.00276251882314682
mlp,y_XLB,1,2024-10-17,0.004010703897839418,0.0022297678515315056
mlp,y_XLB,2,2024-10-17,0.004010703897839418,0.008323896676301956
mlp,y_XLB,3,2024-10-17,0.004010703897839418,-0.022394221276044846
mlp,y_XLB,1,2024-10-21,-0.009186635985069747,0.026603464037179947
mlp,y_XLB,2,2024-10-21,-0.009186635985069747,-0.04761229082942009
mlp,y_XLB,3,2024-10-21,-0.009186635985069747,-0.04432104155421257
mlp,y_XLB,1,2024-10-22,-0.002708539800516774,0.005460959859192371
mlp,y_XLB,2,2024-10-22,-0.002708539800516774,-0.0038641318678855896
mlp,y_XLB,3,2024-10-22,-0.002708539800516774,0.02738647535443306
mlp,y_XLB,1,2024-10-23,-0.012222062709831505,-0.035320959985256195
mlp,y_XLB,2,2024-10-23,-0.012222062709831505,-0.011699065566062927
mlp,y_XLB,3,2024-10-23,-0.012222062709831505,0.019144004210829735
mlp,y_XLB,1,2024-10-24,-0.006345052011708319,-0.02696363627910614
mlp,y_XLB,2,2024-10-24,-0.006345052011708319,-0.03233734145760536
mlp,y_XLB,3,2024-10-24,-0.006345052011708319,-0.012437786906957626
mlp,y_XLB,2,2024-10-28,-0.006438757743380874,0.04425833374261856
mlp,y_XLB,3,2024-10-28,-0.006438757743380874,-0.13806481659412384
mlp,y_XLB,4,2024-10-28,-0.006438757743380874,0.15610752999782562
mlp,y_XLB,2,2024-10-29,0.005418089148432337,-0.027583088725805283
mlp,y_XLB,3,2024-10-29,0.005418089148432337,-0.006165739148855209
mlp,y_XLB,4,2024-10-29,0.005418089148432337,-0.04473436623811722
mlp,y_XLB,2,2024-10-30,-0.013207917063865038,0.0031760744750499725
mlp,y_XLB,3,2024-10-30,-0.013207917063865038,-0.035063084214925766
mlp,y_XLB,4,2024-10-30,-0.013207917063865038,-0.005209674127399921
mlp,y_XLB,2,2024-10-31,-0.0027840298866111945,0.033345624804496765
mlp,y_XLB,3,2024-10-31,-0.0027840298866111945,0.01119409129023552
mlp,y_XLB,4,2024-10-31,-0.0027840298866111945,-0.025680996477603912
mlp,y_XLB,2,2024-11-04,0.0014966504731617203,-0.023641053587198257
mlp,y_XLB,3,2024-11-04,0.0014966504731617203,0.01488332450389862
mlp,y_XLB,4,2024-11-04,0.0014966504731617203,0.05117522180080414
mlp,y_XLB,2,2024-11-05,0.0137703498872217,-0.0010357610881328583
mlp,y_XLB,3,2024-11-05,0.0137703498872217,0.0022918730974197388
mlp,y_XLB,4,2024-11-05,0.0137703498872217,0.007735672872513533
mlp,y_XLB,2,2024-11-06,0.0038958865460381187,0.016328703612089157
mlp,y_XLB,3,2024-11-06,0.0038958865460381187,-0.006955217570066452
mlp,y_XLB,4,2024-11-06,0.0038958865460381187,0.01965310238301754
mlp,y_XLB,2,2024-11-07,-0.009125161028633921,-0.002416081726551056
mlp,y_XLB,3,2024-11-07,-0.009125161028633921,-0.009129475802183151
mlp,y_XLB,4,2024-11-07,-0.009125161028633921,0.0022484948858618736
mlp,y_XLB,2,2024-11-11,-0.01701038562157431,-0.015823081135749817
mlp,y_XLB,3,2024-11-11,-0.01701038562157431,0.014339150860905647
mlp,y_XLB,4,2024-11-11,-0.01701038562157431,0.01331599336117506
mlp,y_XLB,2,2024-11-12,0.002379399405953775,-0.016082685440778732
mlp,y_XLB,3,2024-11-12,0.002379399405953775,0.02516748383641243
mlp,y_XLB,4,2024-11-12,0.002379399405953775,-0.010147319175302982
mlp,y_XLB,2,2024-11-13,-0.008200185741017774,0.007162179797887802
mlp,y_XLB,3,2024-11-13,-0.008200185741017774,0.00568019226193428
mlp,y_XLB,4,2024-11-13,-0.008200185741017774,0.0024208230897784233
mlp,y_XLB,2,2024-11-14,-0.006962629920673091,-0.08644331991672516
mlp,y_XLB,3,2024-11-14,-0.006962629920673091,-0.04918697848916054
mlp,y_XLB,4,2024-11-14,-0.006962629920673091,0.029907524585723877
mlp,y_XLB,3,2024-11-18,-0.0032612439748742617,-0.058563072234392166
mlp,y_XLB,4,2024-11-18,-0.0032612439748742617,-0.03293426334857941
mlp,y_XLB,5,2024-11-18,-0.0032612439748742617,0.047259628772735596
mlp,y_XLB,3,2024-11-19,0.008179786215697593,0.06995357573032379
mlp,y_XLB,4,2024-11-19,0.008179786215697593,0.00401525292545557
mlp,y_XLB,5,2024-11-19,0.008179786215697593,0.021202638745307922
mlp,y_XLB,3,2024-11-20,0.012224157675776892,0.035688888281583786
mlp,y_XLB,4,2024-11-20,0.012224157675776892,0.03726773336529732
mlp,y_XLB,5,2024-11-20,0.012224157675776892,0.02489301562309265
mlp,y_XLB,3,2024-11-21,0.0055572645943084975,-0.017810024321079254
mlp,y_XLB,4,2024-11-21,0.0055572645943084975,0.039842043071985245
mlp,y_XLB,5,2024-11-21,0.0055572645943084975,0.0205388143658638
mlp,y_XLB,3,2024-11-25,-0.007468837604189038,0.006925489753484726
mlp,y_XLB,4,2024-11-25,-0.007468837604189038,0.018587302416563034
mlp,y_XLB,5,2024-11-25,-0.007468837604189038,-0.01665637269616127
mlp,y_XLB,3,2024-11-26,-0.0005299172791831674,0.029414331540465355
mlp,y_XLB,4,2024-11-26,-0.0005299172791831674,0.0552835576236248
mlp,y_XLB,5,2024-11-26,-0.0005299172791831674,0.060893505811691284
mlp,y_XLB,3,2024-12-02,-0.0031673314718291268,0.05958594009280205
mlp,y_XLB,4,2024-12-02,-0.0031673314718291268,0.02755305916070938
mlp,y_XLB,5,2024-12-02,-0.0031673314718291268,-0.005078326910734177
mlp,y_XLB,3,2024-12-03,-0.009743680996964321,0.020744003355503082
mlp,y_XLB,4,2024-12-03,-0.009743680996964321,-0.019477467983961105
mlp,y_XLB,5,2024-12-03,-0.009743680996964321,-0.012989301234483719
mlp,y_XLB,3,2024-12-04,-0.013155043798557475,-0.0074409134685993195
mlp,y_XLB,4,2024-12-04,-0.013155043798557475,0.027640264481306076
mlp,y_XLB,5,2024-12-04,-0.013155043798557475,-0.025471065193414688
mlp,y_XLB,3,2024-12-05,-0.003901633896615353,0.031588152050971985
mlp,y_XLB,4,2024-12-05,-0.003901633896615353,0.027441687881946564
mlp,y_XLB,5,2024-12-05,-0.003901633896615353,-0.0037083812057971954
mlp,y_XLB,4,2024-12-09,-0.010229526348772278,0.051359813660383224
mlp,y_XLB,5,2024-12-09,-0.010229526348772278,-0.0001299045979976654
mlp,y_XLB,6,2024-12-09,-0.010229526348772278,0.004990041255950928
mlp,y_XLB,4,2024-12-10,-0.0035185297306817853,0.025900948792696
mlp,y_XLB,5,2024-12-10,-0.0035185297306817853,-0.0067143067717552185
mlp,y_XLB,6,2024-12-10,-0.0035185297306817853,-0.029991909861564636
mlp,y_XLB,4,2024-12-11,-0.006951176317064989,-0.0032900674268603325
mlp,y_XLB,5,2024-12-11,-0.006951176317064989,0.00043240562081336975
mlp,y_XLB,6,2024-12-11,-0.006951176317064989,0.0032976381480693817
mlp,y_XLB,4,2024-12-12,-0.008555612655548606,-0.009717484004795551
mlp,y_XLB,5,2024-12-12,-0.008555612655548606,0.015608243644237518
mlp,y_XLB,6,2024-12-12,-0.008555612655548606,0.016283810138702393
mlp,y_XLB,4,2024-12-16,-0.005540437169537449,-0.012076356448233128
mlp,y_XLB,5,2024-12-16,-0.005540437169537449,-0.008543096482753754
mlp,y_XLB,6,2024-12-16,-0.005540437169537449,0.025645509362220764
mlp,y_XLB,4,2024-12-17,-0.028425179728469807,-0.012335424311459064
mlp,y_XLB,5,2024-12-17,-0.028425179728469807,-0.0036339089274406433
mlp,y_XLB,6,2024-12-17,-0.028425179728469807,-0.0012125596404075623
mlp,y_XLB,4,2024-12-18,-0.010766601940183307,0.01527221966534853
mlp,y_XLB,5,2024-12-18,-0.010766601940183307,-0.020616158843040466
mlp,y_XLB,6,2024-12-18,-0.010766601940183307,-0.013401461765170097
mlp,y_XLB,4,2024-12-19,0.012421702163413206,0.020811110734939575
mlp,y_XLB,5,2024-12-19,0.012421702163413206,-0.012687496840953827
mlp,y_XLB,6,2024-12-19,0.012421702163413206,0.007219269871711731
mlp,y_XLB,4,2024-12-23,0.005407237768176865,0.008478064090013504
mlp,y_XLB,5,2024-12-23,0.005407237768176865,-0.008590023964643478
mlp,y_XLB,6,2024-12-23,0.005407237768176865,-0.019048679620027542
mlp,y_XLB,4,2024-12-26,-0.005386434487613667,0.011213314719498158
mlp,y_XLB,5,2024-12-26,-0.005386434487613667,0.018337972462177277
mlp,y_XLB,6,2024-12-26,-0.005386434487613667,0.019387997686862946
mlp,y_XLB,5,2024-12-30,0.004057252066464789,0.04527291655540466
mlp,y_XLB,6,2024-12-30,0.004057252066464789,0.007976491004228592
mlp,y_XLB,7,2024-12-30,0.004057252066464789,-0.028757436200976372
mlp,y_XLB,5,2025-01-02,-0.00024023863392585998,-0.004060756415128708
mlp,y_XLB,6,2025-01-02,-0.00024023863392585998,-0.002447236329317093
mlp,y_XLB,7,2025-01-02,-0.00024023863392585998,0.015941280871629715
mlp,y_XLB,5,2025-01-06,-0.0005970492055510368,0.008518606424331665
mlp,y_XLB,6,2025-01-06,-0.0005970492055510368,-0.009367059916257858
mlp,y_XLB,7,2025-01-06,-0.0005970492055510368,-0.006585575640201569
mlp,y_XLB,5,2025-01-07,0.005495836659227704,-0.0005388632416725159
mlp,y_XLB,6,2025-01-07,0.005495836659227704,-0.0034456104040145874
mlp,y_XLB,7,2025-01-07,0.005495836659227704,-0.01598934270441532
mlp,y_XLB,5,2025-01-13,0.01244721487810585,-0.007345370948314667
mlp,y_XLB,6,2025-01-13,0.01244721487810585,0.015926174819469452
mlp,y_XLB,7,2025-01-13,0.01244721487810585,0.002730797976255417
mlp,y_XLB,5,2025-01-14,0.009510522177124336,0.0011810362339019775
mlp,y_XLB,6,2025-01-14,0.009510522177124336,-0.02248905971646309
mlp,y_XLB,7,2025-01-14,0.009510522177124336,-0.010943863540887833
mlp,y_XLB,5,2025-01-15,0.008271961289280982,0.13407640159130096
mlp,y_XLB,6,2025-01-15,0.008271961289280982,0.11229637265205383
mlp,y_XLB,7,2025-01-15,0.008271961289280982,-0.08082007616758347
mlp,y_XLB,5,2025-01-16,0.006495058150334687,-0.0023689642548561096
mlp,y_XLB,6,2025-01-16,0.006495058150334687,0.01146220788359642
mlp,y_XLB,7,2025-01-16,0.006495058150334687,-0.005073290318250656
mlp,y_XLB,6,2025-01-21,-0.00804828221289533,-0.004790749400854111
mlp,y_XLB,7,2025-01-21,-0.00804828221289533,-0.008056111633777618
mlp,y_XLB,8,2025-01-21,-0.00804828221289533,-0.012236423790454865
mlp,y_XLB,6,2025-01-22,0.005521732763602127,-0.04722301661968231
mlp,y_XLB,7,2025-01-22,0.005521732763602127,-0.024239305406808853
mlp,y_XLB,8,2025-01-22,0.005521732763602127,0.010325759649276733
mlp,y_XLB,6,2025-01-23,-0.0025776169400308913,-0.03850581496953964
mlp,y_XLB,7,2025-01-23,-0.0025776169400308913,0.012547701597213745
mlp,y_XLB,8,2025-01-23,-0.0025776169400308913,0.03532640263438225
mlp,y_XLB,6,2025-01-27,-0.0032566270906391193,-0.008521802723407745
mlp,y_XLB,7,2025-01-27,-0.0032566270906391193,-0.00853189267218113
mlp,y_XLB,8,2025-01-27,-0.0032566270906391193,-0.008796263486146927
mlp,y_XLB,6,2025-01-28,-0.0018026121306800036,0.005882464349269867
mlp,y_XLB,7,2025-01-28,-0.0018026121306800036,0.01864294335246086
mlp,y_XLB,8,2025-01-28,-0.0018026121306800036,-0.0003101564943790436
mlp,y_XLB,6,2025-01-29,0.00948084781092362,-0.0027218610048294067
mlp,y_XLB,7,2025-01-29,0.00948084781092362,-0.03638811782002449
mlp,y_XLB,8,2025-01-29,0.00948084781092362,0.0033959075808525085
mlp,y_XLB,6,2025-01-30,-0.007267424030393155,-0.025844190269708633
mlp,y_XLB,7,2025-01-30,-0.007267424030393155,0.04788502678275108
mlp,y_XLB,8,2025-01-30,-0.007267424030393155,0.02897900715470314
mlp,y_XLB,6,2025-02-03,0.0029253556297950123,0.029646966606378555
mlp,y_XLB,7,2025-02-03,0.0029253556297950123,0.03197140619158745
mlp,y_XLB,8,2025-02-03,0.0029253556297950123,0.00765480101108551
mlp,y_XLB,6,2025-02-04,-0.0007853790477418965,-0.026540856808423996
mlp,y_XLB,7,2025-02-04,-0.0007853790477418965,0.0212809257209301
mlp,y_XLB,8,2025-02-04,-0.0007853790477418965,0.022974077612161636
mlp,y_XLB,6,2025-02-05,0.0034804166610606924,0.05425732955336571
mlp,y_XLB,7,2025-02-05,0.0034804166610606924,-0.0007954612374305725
mlp,y_XLB,8,2025-02-05,0.0034804166610606924,0.019037727266550064
mlp,y_XLB,6,2025-02-06,-0.012195144246829104,-0.004421751946210861
mlp,y_XLB,7,2025-02-06,-0.012195144246829104,0.0616985447704792
mlp,y_XLB,8,2025-02-06,-0.012195144246829104,-0.040834859013557434
mlp,y_XLB,7,2025-02-10,0.005859853510238766,-0.011777015402913094
mlp,y_XLB,8,2025-02-10,0.005859853510238766,0.015286583453416824
mlp,y_XLB,9,2025-02-10,0.005859853510238766,0.021271228790283203
mlp,y_XLB,7,2025-02-11,-0.007170057946809916,0.036203090101480484
mlp,y_XLB,8,2025-02-11,-0.007170057946809916,0.014403589069843292
mlp,y_XLB,9,2025-02-11,-0.007170057946809916,0.008527755737304688
mlp,y_XLB,7,2025-02-12,0.017377615829040405,0.01420014351606369
mlp,y_XLB,8,2025-02-12,0.017377615829040405,-0.006131887435913086
mlp,y_XLB,9,2025-02-12,0.017377615829040405,0.05274480581283569
mlp,y_XLB,7,2025-02-13,-0.0034383390817349646,0.0019175298511981964
mlp,y_XLB,8,2025-02-13,-0.0034383390817349646,0.24298147857189178
mlp,y_XLB,9,2025-02-13,-0.0034383390817349646,0.09251396358013153
mlp,y_XLB,7,2025-02-18,-0.011759576778724856,0.05191264674067497
mlp,y_XLB,8,2025-02-18,-0.011759576778724856,0.08903840184211731
mlp,y_XLB,9,2025-02-18,-0.011759576778724856,-0.04949196055531502
mlp,y_XLB,7,2025-02-19,-0.002335439682778939,0.008468035608530045
mlp,y_XLB,8,2025-02-19,-0.002335439682778939,-0.040946319699287415
mlp,y_XLB,9,2025-02-19,-0.002335439682778939,0.06679295003414154
mlp,y_XLB,7,2025-02-20,-0.018281156186566783,-0.007724350318312645
mlp,y_XLB,8,2025-02-20,-0.018281156186566783,-0.00782524049282074
mlp,y_XLB,9,2025-02-20,-0.018281156186566783,-0.007833365350961685
mlp,y_XLB,7,2025-02-24,0.00772994505652469,0.0005113892257213593
mlp,y_XLB,8,2025-02-24,0.00772994505652469,-0.004677552729845047
mlp,y_XLB,9,2025-02-24,0.00772994505652469,0.05718085169792175
mlp,y_XLB,7,2025-02-25,-0.00045125609121132726,-0.017881318926811218
mlp,y_XLB,8,2025-02-25,-0.00045125609121132726,-0.016040097922086716
mlp,y_XLB,9,2025-02-25,-0.00045125609121132726,0.009598782286047935
mlp,y_XLB,7,2025-02-26,-0.00677119470352705,-0.04345497861504555
mlp,y_XLB,8,2025-02-26,-0.00677119470352705,0.0026472024619579315
mlp,y_XLB,9,2025-02-26,-0.00677119470352705,0.0011543221771717072
mlp,y_XLB,7,2025-02-27,0.008521717541985163,0.004846971482038498
mlp,y_XLB,8,2025-02-27,0.008521717541985163,-0.0002710595726966858
mlp,y_XLB,9,2025-02-27,0.008521717541985163,0.02515554241836071
mlp,y_XLB,8,2025-03-03,-0.013566434654982529,0.01195492222905159
mlp,y_XLB,9,2025-03-03,-0.013566434654982529,0.019473060965538025
mlp,y_XLB,10,2025-03-03,-0.013566434654982529,0.022250482812523842
mlp,y_XLB,8,2025-03-04,0.026107201246319933,-0.0008530542254447937
mlp,y_XLB,9,2025-03-04,0.026107201246319933,-0.0018533580005168915
mlp,y_XLB,10,2025-03-04,0.026107201246319933,-0.024423692375421524
mlp,y_XLB,8,2025-03-05,-0.005224826636778701,0.005128107964992523
mlp,y_XLB,9,2025-03-05,-0.005224826636778701,0.02358832396566868
mlp,y_XLB,10,2025-03-05,-0.005224826636778701,0.01428878866136074
mlp,y_XLB,8,2025-03-06,0.002740260091037783,0.007648162543773651
mlp,y_XLB,9,2025-03-06,0.002740260091037783,0.0032347068190574646
mlp,y_XLB,10,2025-03-06,0.002740260091037783,-0.005704794079065323
mlp,y_XLB,8,2025-03-10,-0.007675281427588998,0.024736594408750534
mlp,y_XLB,9,2025-03-10,-0.007675281427588998,0.026557309553027153
mlp,y_XLB,10,2025-03-10,-0.007675281427588998,-0.032479871064424515
mlp,y_XLB,8,2025-03-11,-0.0046877698686720315,0.0087987519800663
mlp,y_XLB,9,2025-03-11,-0.0046877698686720315,0.049277856945991516
mlp,y_XLB,10,2025-03-11,-0.0046877698686720315,-0.06781484186649323
mlp,y_XLB,8,2025-03-12,-0.0007063032040822703,-0.00845620408654213
mlp,y_XLB,9,2025-03-12,-0.0007063032040822703,0.020167198032140732
mlp,y_XLB,10,2025-03-12,-0.0007063032040822703,0.008507877588272095
mlp,y_XLB,8,2025-03-13,0.0130788245607103,-0.01582103595137596
mlp,y_XLB,9,2025-03-13,0.0130788245607103,0.009925119578838348
mlp,y_XLB,10,2025-03-13,0.0130788245607103,-0.02548331394791603
mlp,y_XLB,8,2025-03-17,-0.001722780602750662,-0.009705383330583572
mlp,y_XLB,9,2025-03-17,-0.001722780602750662,-0.0258721262216568
mlp,y_XLB,10,2025-03-17,-0.001722780602750662,-0.008125144988298416
mlp,y_XLB,8,2025-03-18,0.003336725748773306,0.013667378574609756
mlp,y_XLB,9,2025-03-18,0.003336725748773306,-0.010943658649921417
mlp,y_XLB,10,2025-03-18,0.003336725748773306,-0.023545194417238235
mlp,y_XLB,8,2025-03-19,-0.006307344412754934,0.04091580584645271
mlp,y_XLB,9,2025-03-19,-0.006307344412754934,-0.03932696208357811
mlp,y_XLB,10,2025-03-19,-0.006307344412754934,-0.057157400995492935
mlp,y_XLB,8,2025-03-20,-0.00992499833192928,0.03166048601269722
mlp,y_XLB,9,2025-03-20,-0.00992499833192928,-0.00018706545233726501
mlp,y_XLB,10,2025-03-20,-0.00992499833192928,0.02677718736231327
mlp,y_XLB,9,2025-03-24,-0.00023124083348002866,-0.006153617054224014
mlp,y_XLB,10,2025-03-24,-0.00023124083348002866,0.003069445490837097
mlp,y_XLB,11,2025-03-24,-0.00023124083348002866,0.012643910944461823
mlp,y_XLB,9,2025-03-25,0.001849280423146915,-0.04944376274943352
mlp,y_XLB,10,2025-03-25,0.001849280423146915,-0.06326985359191895
mlp,y_XLB,11,2025-03-25,0.001849280423146915,0.04945100098848343
mlp,y_XLB,9,2025-03-26,-0.0004614667244073889,-0.009293347597122192
mlp,y_XLB,10,2025-03-26,-0.0004614667244073889,0.0006241835653781891
mlp,y_XLB,11,2025-03-26,-0.0004614667244073889,-0.0090995654463768
mlp,y_XLB,9,2025-03-27,-0.018351703987196988,-0.024012379348278046
mlp,y_XLB,10,2025-03-27,-0.018351703987196988,-0.031233754009008408
mlp,y_XLB,11,2025-03-27,-0.018351703987196988,0.010691724717617035
mlp,y_XLB,9,2025-03-31,0.003721789564685496,0.03547428175806999
mlp,y_XLB,10,2025-03-31,0.003721789564685496,-0.006842870265245438
mlp,y_XLB,11,2025-03-31,0.003721789564685496,-0.020750034600496292
mlp,y_XLB,9,2025-04-01,0.008227123492372979,0.03689476475119591
mlp,y_XLB,10,2025-04-01,0.008227123492372979,-0.03715470805764198
mlp,y_XLB,11,2025-04-01,0.008227123492372979,0.04518619179725647
mlp,y_XLB,9,2025-04-02,-0.045167213534979656,-0.022573359310626984
mlp,y_XLB,10,2025-04-02,-0.045167213534979656,-0.03656712546944618
mlp,y_XLB,11,2025-04-02,-0.045167213534979656,-0.012049145996570587
mlp,y_XLB,9,2025-04-03,-0.06259035584718209,-0.011427458375692368
mlp,y_XLB,10,2025-04-03,-0.06259035584718209,0.006068941205739975
mlp,y_XLB,11,2025-04-03,-0.06259035584718209,-0.004659317433834076
mlp,y_XLB,9,2025-04-07,-0.030797388342337362,0.0072632767260074615
mlp,y_XLB,10,2025-04-07,-0.030797388342337362,-0.029890675097703934
mlp,y_XLB,11,2025-04-07,-0.030797388342337362,0.04293996840715408
mlp,y_XLB,9,2025-04-08,0.0873839131882379,-0.0009343437850475311
mlp,y_XLB,10,2025-04-08,0.0873839131882379,0.011117145419120789
mlp,y_XLB,11,2025-04-08,0.0873839131882379,-0.016278110444545746
mlp,y_XLB,9,2025-04-09,-0.03194650404021748,0.0006639920175075531
mlp,y_XLB,10,2025-04-09,-0.03194650404021748,0.0035555288195610046
mlp,y_XLB,11,2025-04-09,-0.03194650404021748,0.00481192022562027
mlp,y_XLB,9,2025-04-10,0.029675159279204166,0.02328305132687092
mlp,y_XLB,10,2025-04-10,0.029675159279204166,-0.00903361290693283
mlp,y_XLB,11,2025-04-10,0.029675159279204166,0.0076895467936992645
mlp,y_XLB,10,2025-04-14,-0.007855544447434526,-0.01690966635942459
mlp,y_XLB,11,2025-04-14,-0.007855544447434526,0.0419917032122612
mlp,y_XLB,12,2025-04-14,-0.007855544447434526,0.015240978449583054
mlp,y_XLB,10,2025-04-15,-0.007794241976194383,0.01836353912949562
mlp,y_XLB,11,2025-04-15,-0.007794241976194383,-0.00803675502538681
mlp,y_XLB,12,2025-04-15,-0.007794241976194383,0.00010150298476219177
mlp,y_XLB,10,2025-04-16,0.006857868244803278,-0.0335838608443737
mlp,y_XLB,11,2025-04-16,0.006857868244803278,-0.03457986190915108
mlp,y_XLB,12,2025-04-16,0.006857868244803278,-0.028317483142018318
mlp,y_XLB,10,2025-04-21,0.023390254631922236,0.024250024929642677
mlp,y_XLB,11,2025-04-21,0.023390254631922236,-0.005403883755207062
mlp,y_XLB,12,2025-04-21,0.023390254631922236,-0.005816720426082611
mlp,y_XLB,10,2025-04-22,0.0012288487981158003,-0.016423851251602173
mlp,y_XLB,11,2025-04-22,0.0012288487981158003,0.02762790024280548
mlp,y_XLB,12,2025-04-22,0.0012288487981158003,0.02638772502541542
mlp,y_XLB,10,2025-04-23,0.021600357832558092,0.008847832679748535
mlp,y_XLB,11,2025-04-23,0.021600357832558092,0.03226985037326813
mlp,y_XLB,12,2025-04-23,0.021600357832558092,0.06573818624019623
mlp,y_XLB,10,2025-04-24,-0.007448283844024184,-0.0006650127470493317
mlp,y_XLB,11,2025-04-24,-0.007448283844024184,0.0008648447692394257
mlp,y_XLB,12,2025-04-24,-0.007448283844024184,-0.016113145276904106
mlp,y_XLB,10,2025-04-28,0.008336316515050068,-0.0037194378674030304
mlp,y_XLB,11,2025-04-28,0.008336316515050068,-0.000969860702753067
mlp,y_XLB,12,2025-04-28,0.008336316515050068,0.0032786987721920013
mlp,y_XLB,10,2025-04-29,0.0051521835351713285,0.021232567727565765
mlp,y_XLB,11,2025-04-29,0.0051521835351713285,-0.027231410145759583
mlp,y_XLB,12,2025-04-29,0.0051521835351713285,0.012101635336875916
mlp,y_XLB,10,2025-04-30,-0.004410599618881017,-0.013780482113361359
mlp,y_XLB,11,2025-04-30,-0.004410599618881017,0.00432833656668663
mlp,y_XLB,12,2025-04-30,-0.004410599618881017,0.009566057473421097
mlp,y_XLB,10,2025-05-01,0.01688222684015095,-0.0003436245024204254
mlp,y_XLB,11,2025-05-01,0.01688222684015095,0.019062943756580353
mlp,y_XLB,12,2025-05-01,0.01688222684015095,-0.001305941492319107
mlp,y_XLB,11,2025-05-05,-0.007236118286974569,0.0097896046936512
mlp,y_XLB,12,2025-05-05,-0.007236118286974569,0.009580221027135849
mlp,y_XLB,13,2025-05-05,-0.007236118286974569,0.0031767450273036957
mlp,y_XLB,11,2025-05-06,-0.005496419789998375,0.12683378159999847
mlp,y_XLB,12,2025-05-06,-0.005496419789998375,0.044524889439344406
mlp,y_XLB,13,2025-05-06,-0.005496419789998375,-0.06034985929727554
mlp,y_XLB,11,2025-05-07,0.013336444872715347,0.00804053246974945
mlp,y_XLB,12,2025-05-07,0.013336444872715347,5.289912223815918e-07
mlp,y_XLB,13,2025-05-07,0.013336444872715347,-0.018167495727539062
mlp,y_XLB,11,2025-05-08,0.002608531167760386,0.030327409505844116
mlp,y_XLB,12,2025-05-08,0.002608531167760386,-0.10039246082305908
mlp,y_XLB,13,2025-05-08,0.002608531167760386,-0.03590773791074753
mlp,y_XLB,11,2025-05-12,-0.004969963514753428,0.00974348932504654
mlp,y_XLB,12,2025-05-12,-0.004969963514753428,-0.009826432913541794
mlp,y_XLB,13,2025-05-12,-0.004969963514753428,0.003023851662874222
mlp,y_XLB,11,2025-05-13,-0.00917645109396581,-0.02028319053351879
mlp,y_XLB,12,2025-05-13,-0.00917645109396581,-0.0005457252264022827
mlp,y_XLB,13,2025-05-13,-0.00917645109396581,0.007729644887149334
mlp,y_XLB,11,2025-05-14,0.010199303092865764,-0.004139326512813568
mlp,y_XLB,12,2025-05-14,0.010199303092865764,-0.023164041340351105
mlp,y_XLB,13,2025-05-14,0.010199303092865764,0.002512659877538681
mlp,y_XLB,11,2025-05-15,0.010212444477118776,0.012646116316318512
mlp,y_XLB,12,2025-05-15,0.010212444477118776,-0.0190535057336092
mlp,y_XLB,13,2025-05-15,0.010212444477118776,-0.01386106014251709
mlp,y_XLB,11,2025-05-19,-0.0017187343732765203,0.03212764859199524
mlp,y_XLB,12,2025-05-19,-0.0017187343732765203,-0.00365462526679039
mlp,y_XLB,13,2025-05-19,-0.0017187343732765203,0.011845596134662628
mlp,y_XLB,11,2025-05-20,-0.013315034265416581,0.006095044314861298
mlp,y_XLB,12,2025-05-20,-0.013315034265416581,-0.0022499822080135345
mlp,y_XLB,13,2025-05-20,-0.013315034265416581,0.01066778413951397
mlp,y_XLB,11,2025-05-21,-0.0010469743827774547,0.04666917026042938
mlp,y_XLB,12,2025-05-21,-0.0010469743827774547,0.018102537840604782
mlp,y_XLB,13,2025-05-21,-0.0010469743827774547,0.050010278820991516
mlp,y_XLB,11,2025-05-22,-0.0019797110060242318,0.045682743191719055
mlp,y_XLB,12,2025-05-22,-0.0019797110060242318,0.08283029496669769
mlp,y_XLB,13,2025-05-22,-0.0019797110060242318,0.025239331647753716
mlp,y_XLB,12,2025-05-27,-0.013646700565680292,0.002298470586538315
mlp,y_XLB,13,2025-05-27,-0.013646700565680292,-0.00727388821542263
mlp,y_XLB,14,2025-05-27,-0.013646700565680292,0.013750478625297546
mlp,y_XLB,12,2025-05-28,0.003720491335361009,-0.022505871951580048
mlp,y_XLB,13,2025-05-28,0.003720491335361009,-0.017684273421764374
mlp,y_XLB,14,2025-05-28,0.003720491335361009,-0.006182555109262466
mlp,y_XLB,12,2025-05-29,0.00011572225940081893,0.0038847438991069794
mlp,y_XLB,13,2025-05-29,0.00011572225940081893,0.0040446072816848755
mlp,y_XLB,14,2025-05-29,0.00011572225940081893,0.007037747651338577
mlp,y_XLB,12,2025-06-02,0.01024751382693423,-0.006539683789014816
mlp,y_XLB,13,2025-06-02,0.01024751382693423,0.02163057029247284
mlp,y_XLB,14,2025-06-02,0.01024751382693423,0.00906919315457344
mlp,y_XLB,12,2025-06-03,0.003761084169517259,-0.002736750990152359
mlp,y_XLB,13,2025-06-03,0.003761084169517259,-0.026500605046749115
mlp,y_XLB,14,2025-06-03,0.003761084169517259,-0.02325989305973053
mlp,y_XLB,12,2025-06-04,-0.00590429682158633,0.017904557287693024
mlp,y_XLB,13,2025-06-04,-0.00590429682158633,0.03463498502969742
mlp,y_XLB,14,2025-06-04,-0.00590429682158633,-0.06304029375314713
mlp,y_XLB,12,2025-06-05,0.002626999429363064,-0.02007683366537094
mlp,y_XLB,13,2025-06-05,0.002626999429363064,0.0007463786751031876
mlp,y_XLB,14,2025-06-05,0.002626999429363064,0.0013780370354652405
mlp,y_XLB,12,2025-06-09,0.0062236674812168324,0.015089545398950577
mlp,y_XLB,13,2025-06-09,0.0062236674812168324,0.024419955909252167
mlp,y_XLB,14,2025-06-09,0.0062236674812168324,0.02295573800802231
mlp,y_XLB,12,2025-06-10,-0.009896433603299282,0.002886209636926651
mlp,y_XLB,13,2025-06-10,-0.009896433603299282,0.0008543543517589569
mlp,y_XLB,14,2025-06-10,-0.009896433603299282,-0.008516289293766022
mlp,y_XLB,12,2025-06-11,0.0042026061506392764,-0.020140158012509346
mlp,y_XLB,13,2025-06-11,0.0042026061506392764,0.008970547467470169
mlp,y_XLB,14,2025-06-11,0.0042026061506392764,-0.015691310167312622
mlp,y_XLB,12,2025-06-12,-0.011650268571368305,0.0017673410475254059
mlp,y_XLB,13,2025-06-12,-0.011650268571368305,0.007210989482700825
mlp,y_XLB,14,2025-06-12,-0.011650268571368305,-0.0009654052555561066
mlp,y_XLB,13,2025-07-02,-0.0006561572512118197,-0.03466477245092392
mlp,y_XLB,14,2025-07-02,-0.0006561572512118197,-0.09450840950012207
mlp,y_XLB,15,2025-07-02,-0.0006561572512118197,0.007099197246134281
mlp,y_XLB,13,2025-07-07,0.00817774974280594,0.015276411548256874
mlp,y_XLB,14,2025-07-07,0.00817774974280594,-0.0036805197596549988
mlp,y_XLB,15,2025-07-07,0.00817774974280594,0.0015101947356015444
mlp,y_XLB,13,2025-07-08,0.006028664280088192,0.012615147978067398
mlp,y_XLB,14,2025-07-08,0.006028664280088192,-0.057207390666007996
mlp,y_XLB,15,2025-07-08,0.006028664280088192,0.010258135385811329
mlp,y_XLB,13,2025-07-09,0.005338798312418236,-0.008699161931872368
mlp,y_XLB,14,2025-07-09,0.005338798312418236,0.00323418527841568
mlp,y_XLB,15,2025-07-09,0.005338798312418236,0.005030781961977482
mlp,y_XLB,13,2025-07-10,-0.008128216315972936,0.00430182833224535
mlp,y_XLB,14,2025-07-10,-0.008128216315972936,-0.00934591144323349
mlp,y_XLB,15,2025-07-10,-0.008128216315972936,-3.238650970160961e-05
mlp,y_XLB,13,2025-07-14,-0.02054717802042727,-0.004515135660767555
mlp,y_XLB,14,2025-07-14,-0.02054717802042727,-0.004910081624984741
mlp,y_XLB,15,2025-07-14,-0.02054717802042727,0.03100157342851162
mlp,y_XLB,13,2025-07-15,0.002692314840146315,-0.0018642842769622803
mlp,y_XLB,14,2025-07-15,0.002692314840146315,0.009467251598834991
mlp,y_XLB,15,2025-07-15,0.002692314840146315,0.02885412983596325
mlp,y_XLB,13,2025-07-16,0.007048619474375739,0.014029556885361671
mlp,y_XLB,14,2025-07-16,0.007048619474375739,-0.0005560852587223053
mlp,y_XLB,15,2025-07-16,0.007048619474375739,-0.0035976252984255552
mlp,y_XLB,13,2025-07-17,0.002333037658861059,0.0034786537289619446
mlp,y_XLB,14,2025-07-17,0.002333037658861059,-0.02935020625591278
mlp,y_XLB,15,2025-07-17,0.002333037658861059,-0.021759534254670143
mlp,y_XLB,13,2025-07-21,0.01378476046802346,-0.014583639800548553
mlp,y_XLB,14,2025-07-21,0.01378476046802346,-0.01208246499300003
mlp,y_XLB,15,2025-07-21,0.01378476046802346,-0.011606395244598389
mlp,y_XLB,13,2025-07-22,0.0033720701201496173,0.01268429309129715
mlp,y_XLB,14,2025-07-22,0.0033720701201496173,-0.0047013163566589355
mlp,y_XLB,15,2025-07-22,0.0033720701201496173,0.029794523492455482
mlp,y_XLB,13,2025-07-23,-0.010299150075573027,0.007152669131755829
mlp,y_XLB,14,2025-07-23,-0.010299150075573027,0.0010966882109642029
mlp,y_XLB,15,2025-07-23,-0.010299150075573027,-0.018152572214603424
mlp,y_XLB,14,2025-07-24,0.011830377546582449,-0.0017625316977500916
mlp,y_XLB,15,2025-07-24,0.011830377546582449,-0.010483344085514545
mlp,y_XLB,16,2025-07-24,0.011830377546582449,-0.0016507133841514587
mlp,y_XLB,14,2025-07-28,-0.003844882553921569,0.002979949116706848
mlp,y_XLB,15,2025-07-28,-0.003844882553921569,-0.03845084831118584
mlp,y_XLB,16,2025-07-28,-0.003844882553921569,-0.026210106909275055
mlp,y_XLB,14,2025-07-29,-0.020180867572610617,-0.024571813642978668
mlp,y_XLB,15,2025-07-29,-0.020180867572610617,-0.011020132340490818
mlp,y_XLB,16,2025-07-29,-0.020180867572610617,0.023224856704473495
mlp,y_XLB,14,2025-07-30,-0.012605433354915152,0.026472652330994606
mlp,y_XLB,15,2025-07-30,-0.012605433354915152,-0.03775663301348686
mlp,y_XLB,16,2025-07-30,-0.012605433354915152,0.023388709872961044
mlp,y_XLB,14,2025-07-31,-0.011512698818938905,0.007940143346786499
mlp,y_XLB,15,2025-07-31,-0.011512698818938905,-0.04691911116242409
mlp,y_XLB,16,2025-07-31,-0.011512698818938905,0.025744564831256866
mlp,y_XLB,14,2025-08-04,0.007055838413627669,0.010674670338630676
mlp,y_XLB,15,2025-08-04,0.007055838413627669,0.0029177654068917036
mlp,y_XLB,16,2025-08-04,0.007055838413627669,-0.010174684226512909
mlp,y_XLB,14,2025-08-05,-0.010848625834342207,0.011193841695785522
mlp,y_XLB,15,2025-08-05,-0.010848625834342207,0.03635092452168465
mlp,y_XLB,16,2025-08-05,-0.010848625834342207,0.02290646731853485
mlp,y_XLB,14,2025-08-06,0.004341409545238317,-0.006180990487337112
mlp,y_XLB,15,2025-08-06,0.004341409545238317,-0.005708976648747921
mlp,y_XLB,16,2025-08-06,0.004341409545238317,0.0047975629568099976
mlp,y_XLB,14,2025-08-07,0.005004985878530155,-0.0504012331366539
mlp,y_XLB,15,2025-08-07,0.005004985878530155,-0.05806626006960869
mlp,y_XLB,16,2025-08-07,0.005004985878530155,0.03994119167327881
mlp,y_XLB,14,2025-08-11,0.013045994141797967,-0.010586895048618317
mlp,y_XLB,15,2025-08-11,0.013045994141797967,0.006937303580343723
mlp,y_XLB,16,2025-08-11,0.013045994141797967,0.0010309666395187378
mlp,y_XLB,14,2025-08-12,0.018812953417544964,0.0013193264603614807
mlp,y_XLB,15,2025-08-12,0.018812953417544964,0.03057445026934147
mlp,y_XLB,16,2025-08-12,0.018812953417544964,-0.022563718259334564
mlp,y_XLB,15,2025-08-13,-0.010441869241448298,-0.003822161117568612
mlp,y_XLB,16,2025-08-13,-0.010441869241448298,-0.002351410686969757
mlp,y_XLB,17,2025-08-13,-0.010441869241448298,-0.019439388066530228
mlp,y_XLB,15,2025-08-14,0.0,-0.012700901366770267
mlp,y_XLB,16,2025-08-14,0.0,-0.0073466673493385315
mlp,y_XLB,17,2025-08-14,0.0,0.004072925075888634
mlp,y_XLB,15,2025-08-18,0.006032861677516488,0.003405950730666518
mlp,y_XLB,16,2025-08-18,0.006032861677516488,-0.023457683622837067
mlp,y_XLB,17,2025-08-18,0.006032861677516488,0.0040628332644701
mlp,y_XLB,15,2025-08-19,0.0007772766873981318,-0.002865734277293086
mlp,y_XLB,16,2025-08-19,0.0007772766873981318,-0.00963999330997467
mlp,y_XLB,17,2025-08-19,0.0007772766873981318,-0.008362077176570892
mlp,y_XLB,15,2025-08-20,0.0029960562727116002,0.0021551514510065317
mlp,y_XLB,16,2025-08-20,0.0029960562727116002,-0.011268198490142822
mlp,y_XLB,17,2025-08-20,0.0029960562727116002,-0.009397109039127827
mlp,y_XLB,15,2025-08-21,0.01980302928527311,-0.0027339409571141005
mlp,y_XLB,16,2025-08-21,0.01980302928527311,0.011518310755491257
mlp,y_XLB,17,2025-08-21,0.01980302928527311,-0.02615041472017765
mlp,y_XLB,15,2025-08-25,0.0027271949397194017,0.004509239457547665
mlp,y_XLB,16,2025-08-25,0.0027271949397194017,-0.01750882714986801
mlp,y_XLB,17,2025-08-25,0.0027271949397194017,-0.021378783509135246
mlp,y_XLB,15,2025-08-26,0.0025021685460733245,-0.025611907243728638
mlp,y_XLB,16,2025-08-26,0.0025021685460733245,-0.03571111708879471
mlp,y_XLB,17,2025-08-26,0.0025021685460733245,-0.023547299206256866
mlp,y_XLB,15,2025-08-27,0.0,-0.015496735461056232
mlp,y_XLB,16,2025-08-27,0.0,0.02818968892097473
mlp,y_XLB,17,2025-08-27,0.0,-0.018253657966852188
mlp,y_XLB,15,2025-08-28,0.00141067746800827,-0.0017169180791825056
mlp,y_XLB,16,2025-08-28,0.00141067746800827,-0.03132971376180649
mlp,y_XLB,17,2025-08-28,0.00141067746800827,-0.034907419234514236
mlp,y_XLB,15,2025-09-02,-0.006769260381853215,0.023030931130051613
mlp,y_XLB,16,2025-09-02,-0.006769260381853215,-0.0025619417428970337
mlp,y_XLB,17,2025-09-02,-0.006769260381853215,0.01907588355243206
mlp,y_XLB,16,2025-09-03,0.003847418484176357,-0.014817290008068085
mlp,y_XLB,17,2025-09-03,0.003847418484176357,-0.012645868584513664
mlp,y_XLB,18,2025-09-03,0.003847418484176357,-0.028038740158081055
mlp,y_XLB,16,2025-09-04,0.00700831318024564,-0.003983423113822937
mlp,y_XLB,17,2025-09-04,0.00700831318024564,0.01087462529540062
mlp,y_XLB,18,2025-09-04,0.00700831318024564,0.002639293670654297
mlp,y_XLB,16,2025-09-08,-0.016297305718619315,-0.018625758588314056
mlp,y_XLB,17,2025-09-08,-0.016297305718619315,-0.007849868386983871
mlp,y_XLB,18,2025-09-08,-0.016297305718619315,0.001779600977897644
mlp,y_XLB,16,2025-09-09,0.00187761407954401,0.013982310891151428
mlp,y_XLB,17,2025-09-09,0.00187761407954401,0.01736830733716488
mlp,y_XLB,18,2025-09-09,0.00187761407954401,0.03707458823919296
mlp,y_XLB,16,2025-09-10,0.02094590037522681,-0.031200535595417023
mlp,y_XLB,17,2025-09-10,0.02094590037522681,0.031721264123916626
mlp,y_XLB,18,2025-09-10,0.02094590037522681,0.0005531162023544312
mlp,y_XLB,16,2025-09-11,-0.01004209763676489,-0.007280327379703522
mlp,y_XLB,17,2025-09-11,-0.01004209763676489,-0.0052845655009150505
mlp,y_XLB,18,2025-09-11,-0.01004209763676489,-0.01785546913743019
mlp,y_XLB,16,2025-09-15,-0.00307893308728302,0.00010476633906364441
mlp,y_XLB,17,2025-09-15,-0.00307893308728302,-0.00672118179500103
mlp,y_XLB,18,2025-09-15,-0.00307893308728302,0.04333632439374924
mlp,y_XLB,16,2025-09-16,0.002316310398171817,-0.000953037291765213
mlp,y_XLB,17,2025-09-16,0.002316310398171817,-0.011175588704645634
mlp,y_XLB,18,2025-09-16,0.002316310398171817,0.00016902387142181396
mlp,y_XLB,16,2025-09-17,0.0,0.005740925669670105
mlp,y_XLB,17,2025-09-17,0.0,0.004289807751774788
mlp,y_XLB,18,2025-09-17,0.0,-0.01766844093799591
mlp,y_XLB,16,2025-09-18,-0.00044016219268772083,0.019918758422136307
mlp,y_XLB,17,2025-09-18,-0.00044016219268772083,-0.01630466990172863
mlp,y_XLB,18,2025-09-18,-0.00044016219268772083,0.07817219942808151
mlp,y_XLB,16,2025-09-22,-0.0032090570492713244,-0.02253885567188263
mlp,y_XLB,17,2025-09-22,-0.0032090570492713244,-0.004318770952522755
mlp,y_XLB,18,2025-09-22,-0.0032090570492713244,-0.026746395975351334
mlp,y_XLB,17,2025-09-23,-0.012211387538798246,-0.03965932875871658
mlp,y_XLB,18,2025-09-23,-0.012211387538798246,0.016561418771743774
mlp,y_XLB,19,2025-09-23,-0.012211387538798246,0.01541212946176529
mlp,y_XLB,17,2025-09-24,-0.013036663618001487,-0.056132420897483826
mlp,y_XLB,18,2025-09-24,-0.013036663618001487,0.1594475507736206
mlp,y_XLB,19,2025-09-24,-0.013036663618001487,0.08805327862501144
mlp,y_XLB,17,2025-09-25,0.011614679448661791,-0.007868179120123386
mlp,y_XLB,18,2025-09-25,0.011614679448661791,-0.03429751098155975
mlp,y_XLB,19,2025-09-25,0.011614679448661791,0.0008574533276259899
mlp,y_XLB,17,2025-09-29,0.004933884095687846,-0.015585146844387054
mlp,y_XLB,18,2025-09-29,0.004933884095687846,0.009666211903095245
mlp,y_XLB,19,2025-09-29,0.004933884095687846,0.005319505464285612
mlp,y_XLB,17,2025-09-30,-0.0104888199461457,-0.0142471669241786
mlp,y_XLB,18,2025-09-30,-0.0104888199461457,-0.02746383100748062
mlp,y_XLB,19,2025-09-30,-0.0104888199461457,-0.014142077416181564
mlp,y_XLB,17,2025-10-01,0.011614808731960524,0.009739678353071213
mlp,y_XLB,18,2025-10-01,0.011614808731960524,0.02222512662410736
mlp,y_XLB,19,2025-10-01,0.011614808731960524,0.010002724826335907
mlp,y_XLB,17,2025-10-02,0.0016720688338422995,0.039685845375061035
mlp,y_XLB,18,2025-10-02,0.0016720688338422995,0.07340014725923538
mlp,y_XLB,19,2025-10-02,0.0016720688338422995,-0.0025398912839591503
mlp,y_XLB,17,2025-10-06,-0.004009836330787886,0.011768536642193794
mlp,y_XLB,18,2025-10-06,-0.004009836330787886,0.011252053081989288
mlp,y_XLB,19,2025-10-06,-0.004009836330787886,0.02870391681790352
mlp,y_XLB,17,2025-10-07,0.005367973134748905,0.012042829766869545
mlp,y_XLB,18,2025-10-07,0.005367973134748905,-0.019144993275403976
mlp,y_XLB,19,2025-10-07,0.005367973134748905,0.004266142379492521
mlp,y_XLB,17,2025-10-08,-0.013681901317758705,0.01387036219239235
mlp,y_XLB,18,2025-10-08,-0.013681901317758705,0.03374487906694412
mlp,y_XLB,19,2025-10-08,-0.013681901317758705,0.052835650742053986
mlp,y_XLB,17,2025-10-09,-0.020525548697734597,0.008028771728277206
mlp,y_XLB,18,2025-10-09,-0.020525548697734597,0.03404190391302109
mlp,y_XLB,19,2025-10-09,-0.020525548697734597,-0.04955524951219559
mlp,y_XLB,18,2025-10-13,0.009973930675745146,0.06487619131803513
mlp,y_XLB,19,2025-10-13,0.009973930675745146,-0.05701621621847153
mlp,y_XLB,20,2025-10-13,0.009973930675745146,0.045732878148555756
mlp,y_XLB,18,2025-10-14,-0.004488872656121745,0.003492642194032669
mlp,y_XLB,19,2025-10-14,-0.004488872656121745,-0.013437772169709206
mlp,y_XLB,20,2025-10-14,-0.004488872656121745,-0.004964374005794525
mlp,y_XLB,18,2025-10-15,-0.007439950814700724,0.06243571639060974
mlp,y_XLB,19,2025-10-15,-0.007439950814700724,0.03256082162261009
mlp,y_XLB,20,2025-10-15,-0.007439950814700724,-0.027519095689058304
mlp,y_XLB,18,2025-10-16,-0.001930737828743867,0.020393669605255127
mlp,y_XLB,19,2025-10-16,-0.001930737828743867,0.05508570000529289
mlp,y_XLB,20,2025-10-16,-0.001930737828743867,-0.025489892810583115
mlp,y_XLB,18,2025-10-20,-0.0038232647245189932,0.017543233931064606
mlp,y_XLB,19,2025-10-20,-0.0038232647245189932,0.021986963227391243
mlp,y_XLB,20,2025-10-20,-0.0038232647245189932,-0.01014949195086956
mlp,y_XLB,18,2025-10-21,-0.0030476878707788035,-0.0007771402597427368
mlp,y_XLB,19,2025-10-21,-0.0030476878707788035,-0.0002968660555779934
mlp,y_XLB,20,2025-10-21,-0.0030476878707788035,-0.016424108296632767
mlp,y_XLB,18,2025-10-22,0.012001741104257002,0.08201580494642258
mlp,y_XLB,19,2025-10-22,0.012001741104257002,-0.04701218381524086
mlp,y_XLB,20,2025-10-22,0.012001741104257002,0.010098585858941078
mlp,y_XLB,18,2025-10-23,-0.0041395786256104294,0.022587336599826813
mlp,y_XLB,19,2025-10-23,-0.0041395786256104294,0.0007772962562739849
mlp,y_XLB,20,2025-10-23,-0.0041395786256104294,-0.019327327609062195
mlp,y_XLB,18,2025-10-27,0.001348694678694029,-0.01637265458703041
mlp,y_XLB,19,2025-10-27,0.001348694678694029,0.02021462842822075
mlp,y_XLB,20,2025-10-27,0.001348694678694029,-0.006652688607573509
mlp,y_XLB,18,2025-10-28,-0.01964305620055029,0.023654289543628693
mlp,y_XLB,19,2025-10-28,-0.01964305620055029,0.019810494035482407
mlp,y_XLB,20,2025-10-28,-0.01964305620055029,-0.015383774414658546
mlp,y_XLB,18,2025-10-29,-0.013395864812801972,0.018516547977924347
mlp,y_XLB,19,2025-10-29,-0.013395864812801972,0.03522466868162155
mlp,y_XLB,20,2025-10-29,-0.013395864812801972,-0.001930752769112587
mlp,y_XLB,18,2025-10-30,-0.0058025335534617195,0.0009105801582336426
mlp,y_XLB,19,2025-10-30,-0.0058025335534617195,-0.022820008918642998
mlp,y_XLB,20,2025-10-30,-0.0058025335534617195,-0.015669893473386765
mlp,y_XLB,19,2025-11-03,-0.004933004028044974,0.040467891842126846
mlp,y_XLB,20,2025-11-03,-0.004933004028044974,-0.039907053112983704
mlp,y_XLB,21,2025-11-03,-0.004933004028044974,0.008850909769535065
mlp,y_XLB,19,2025-11-04,0.005901754377707125,0.04059743881225586
mlp,y_XLB,20,2025-11-04,0.005901754377707125,0.0010171812027692795
mlp,y_XLB,21,2025-11-04,0.005901754377707125,-0.012362070381641388
mlp,y_XLB,19,2025-11-05,-0.004928373146427023,-0.03214624151587486
mlp,y_XLB,20,2025-11-05,-0.004928373146427023,0.006744125857949257
mlp,y_XLB,21,2025-11-05,-0.004928373146427023,0.03526902198791504
mlp,y_XLB,19,2025-11-06,0.012028224356960049,0.034750793129205704
mlp,y_XLB,20,2025-11-06,0.012028224356960049,-0.02329418435692787
mlp,y_XLB,21,2025-11-06,0.012028224356960049,-0.01967884972691536
mlp,y_XLB,19,2025-11-10,0.010389012339624415,0.007756389211863279
mlp,y_XLB,20,2025-11-10,0.010389012339624415,-0.020800422877073288
mlp,y_XLB,21,2025-11-10,0.010389012339624415,-0.0028811427764594555
mlp,y_XLB,19,2025-11-11,0.00708334716890846,-0.05477777123451233
mlp,y_XLB,20,2025-11-11,0.00708334716890846,-0.003957292065024376
mlp,y_XLB,21,2025-11-11,0.00708334716890846,-0.006194055546075106
mlp,y_XLB,19,2025-11-12,-0.006579750372803561,-0.012139640748500824
mlp,y_XLB,20,2025-11-12,-0.006579750372803561,-0.030319148674607277
mlp,y_XLB,21,2025-11-12,-0.006579750372803561,0.002205959986895323
mlp,y_XLB,19,2025-11-13,-0.009135540333595982,0.00342199532315135
mlp,y_XLB,20,2025-11-13,-0.009135540333595982,-0.03818528354167938
mlp,y_XLB,21,2025-11-13,-0.009135540333595982,-0.007768224459141493
mlp,y_XLB,19,2025-11-17,0.0008191996415913838,-0.030801303684711456
mlp,y_XLB,20,2025-11-17,0.0008191996415913838,-0.015464171767234802
mlp,y_XLB,21,2025-11-17,0.0008191996415913838,-0.0023190085776150227
mlp,y_XLB,19,2025-11-18,0.0025725200375077417,0.010094709694385529
mlp,y_XLB,20,2025-11-18,0.0025725200375077417,-0.0033823177218437195
mlp,y_XLB,21,2025-11-18,0.0025725200375077417,-0.002030664589256048
mlp,y_XLB,19,2025-11-19,-0.014928805313656368,0.00972728431224823
mlp,y_XLB,20,2025-11-19,-0.014928805313656368,-0.0041655078530311584
mlp,y_XLB,21,2025-11-19,-0.014928805313656368,-0.005464783404022455
mlp,y_XLB,19,2025-11-20,0.022377468211935314,-0.011764276772737503
mlp,y_XLB,20,2025-11-20,0.022377468211935314,-0.01805407553911209
mlp,y_XLB,21,2025-11-20,0.022377468211935314,-0.020486950874328613
mlp,y_XLB,20,2025-11-24,0.014909888309899477,-0.00825081393122673
mlp,y_XLB,21,2025-11-24,0.014909888309899477,-0.005034762434661388
mlp,y_XLB,22,2025-11-24,0.014909888309899477,-0.01828891411423683
mlp,y_XLB,20,2025-11-25,0.012299301548209352,0.0014154668897390366
mlp,y_XLB,21,2025-11-25,0.012299301548209352,-0.009960172697901726
mlp,y_XLB,22,2025-11-25,0.012299301548209352,0.0019081085920333862
mlp,y_XLB,20,2025-12-01,-0.009082746093119876,-0.005125785246491432
mlp,y_XLB,21,2025-12-01,-0.009082746093119876,0.0005755500169470906
mlp,y_XLB,22,2025-12-01,-0.009082746093119876,-0.005102217197418213
mlp,y_XLB,20,2025-12-02,0.007015929136573007,0.01648075319826603
mlp,y_XLB,21,2025-12-02,0.007015929136573007,-0.014757303521037102
mlp,y_XLB,22,2025-12-02,0.007015929136573007,-0.004393372684717178
mlp,y_XLB,20,2025-12-03,-0.005843317365545997,-0.013437828049063683
mlp,y_XLB,21,2025-12-03,-0.005843317365545997,0.0018351544858887792
mlp,y_XLB,22,2025-12-03,-0.005843317365545997,-0.01370534673333168
mlp,y_XLB,20,2025-12-04,-0.0032779754566182318,0.006753852590918541
mlp,y_XLB,21,2025-12-04,-0.0032779754566182318,0.015764543786644936
mlp,y_XLB,22,2025-12-04,-0.0032779754566182318,0.02276036888360977
mlp,y_XLB,20,2025-12-08,-0.002069935092296027,-0.06778786331415176
mlp,y_XLB,21,2025-12-08,-0.002069935092296027,0.015433719381690025
mlp,y_XLB,22,2025-12-08,-0.002069935092296027,0.05299565941095352
mlp,y_XLB,20,2025-12-09,0.019589848510261687,0.0020946133881807327
mlp,y_XLB,21,2025-12-09,0.019589848510261687,-0.004002793226391077
mlp,y_XLB,22,2025-12-09,0.019589848510261687,-0.0020387209951877594
mlp,y_XLB,20,2025-12-10,0.019891411567286355,-0.016300290822982788
mlp,y_XLB,21,2025-12-10,0.019891411567286355,0.012511441484093666
mlp,y_XLB,22,2025-12-10,0.019891411567286355,0.002658763900399208
mlp,y_XLB,20,2025-12-11,0.0006649843624570995,-0.0022947732359170914
mlp,y_XLB,21,2025-12-11,0.0006649843624570995,0.0571492537856102
mlp,y_XLB,22,2025-12-11,0.0006649843624570995,-0.03681228309869766
mlp,y_XLB,21,2025-12-15,-0.0026595125396929875,-0.052679263055324554
mlp,y_XLB,22,2025-12-15,-0.0026595125396929875,0.0469992458820343
mlp,y_XLB,23,2025-12-15,-0.0026595125396929875,-0.027027273550629616
mlp,y_XLB,21,2025-12-16,0.004222173350333147,-0.011426931247115135
mlp,y_XLB,22,2025-12-16,0.004222173350333147,-0.0035374946892261505
mlp,y_XLB,23,2025-12-16,0.004222173350333147,0.012744255363941193
mlp,y_XLB,21,2025-12-17,-0.0004425796214825306,0.023507477715611458
mlp,y_XLB,22,2025-12-17,-0.0004425796214825306,0.005347013473510742
mlp,y_XLB,23,2025-12-17,-0.0004425796214825306,-0.004083013162016869
mlp,y_XLB,21,2025-12-18,0.004427755849331971,0.02396484650671482
mlp,y_XLB,22,2025-12-18,0.004427755849331971,0.03313625603914261
mlp,y_XLB,23,2025-12-18,0.004427755849331971,0.034642886370420456
mlp,y_XLB,21,2025-12-23,0.0019672164500086353,-0.017448224127292633
mlp,y_XLB,22,2025-12-23,0.0019672164500086353,-0.0006376504898071289
mlp,y_XLB,23,2025-12-23,0.0019672164500086353,0.004736417904496193
mlp,y_XLB,21,2025-12-29,-0.00021867371804618063,-0.007983804680407047
mlp,y_XLB,22,2025-12-29,-0.00021867371804618063,0.013617346063256264
mlp,y_XLB,23,2025-12-29,-0.00021867371804618063,-4.30326908826828e-05
mlp,y_XLB,21,2025-12-30,-0.008309667000199084,-0.004680944141000509
mlp,y_XLB,22,2025-12-30,-0.008309667000199084,0.01259666122496128
mlp,y_XLB,23,2025-12-30,-0.008309667000199084,0.020862888544797897
mlp,y_XLB,22,2026-01-05,0.019750925993565538,-0.004610344767570496
mlp,y_XLB,23,2026-01-05,0.019750925993565538,-0.01518048532307148
mlp,y_XLB,24,2026-01-05,0.019750925993565538,0.04690290987491608
mlp,y_XLB,22,2026-01-06,-0.017263151469983584,0.011939173564314842
mlp,y_XLB,23,2026-01-06,-0.017263151469983584,0.005398128181695938
mlp,y_XLB,24,2026-01-06,-0.017263151469983584,-0.025963908061385155
mlp,y_XLB,22,2026-01-07,0.017566402944802384,0.003973996266722679
mlp,y_XLB,23,2026-01-07,0.017566402944802384,0.008905163034796715
mlp,y_XLB,24,2026-01-07,0.017566402944802384,0.0019853366538882256
mlp,y_XLB,22,2026-01-08,0.01599996466385689,-0.002923373132944107
mlp,y_XLB,23,2026-01-08,0.01599996466385689,0.01964842528104782
mlp,y_XLB,24,2026-01-08,0.01599996466385689,-0.008715631440281868
mlp,y_XLB,22,2026-01-12,0.004328093208809003,0.002870040014386177
mlp,y_XLB,23,2026-01-12,0.004328093208809003,-0.006417004391551018
mlp,y_XLB,24,2026-01-12,0.004328093208809003,0.021969247609376907
mlp,y_XLB,22,2026-01-13,0.0004104341873907291,0.023792177438735962
mlp,y_XLB,23,2026-01-13,0.0004104341873907291,-0.004107380285859108
mlp,y_XLB,24,2026-01-13,0.0004104341873907291,-0.021192215383052826
mlp,y_XLB,22,2026-01-14,0.0043076735276441624,0.009049829095602036
mlp,y_XLB,23,2026-01-14,0.0043076735276441624,0.020425844937562943
mlp,y_XLB,24,2026-01-14,0.0043076735276441624,-0.007509105838835239
mlp,y_XLB,22,2026-01-15,-0.005718929422645291,-0.026156030595302582
mlp,y_XLB,23,2026-01-15,-0.005718929422645291,-0.0010964404791593552
mlp,y_XLB,24,2026-01-15,-0.005718929422645291,-0.010128290392458439
mlp,y_XLB,22,2026-01-21,0.005686408808944554,-0.012982577085494995
mlp,y_XLB,23,2026-01-21,0.005686408808944554,-0.001131923869252205
mlp,y_XLB,24,2026-01-21,0.005686408808944554,-0.011217379942536354
mlp,y_XLB,22,2026-01-22,0.009087252802496781,0.01191539317369461
mlp,y_XLB,23,2026-01-22,0.009087252802496781,0.0009117331355810165
mlp,y_XLB,24,2026-01-22,0.009087252802496781,0.011698862537741661
mlp,y_XLB,23,2026-01-26,-0.0009993851345294624,0.0010603759437799454
mlp,y_XLB,24,2026-01-26,-0.0009993851345294624,-0.013310935348272324
mlp,y_XLB,23,2026-01-27,-0.0006002156777037415,-0.022768201306462288
mlp,y_XLB,24,2026-01-27,-0.0006002156777037415,0.012169728055596352
mlp,y_XLB,23,2026-01-28,0.0010009857116488607,-0.006808025762438774
mlp,y_XLB,24,2026-01-28,0.0010009857116488607,-0.019024716690182686
mlp,y_XLB,23,2026-01-29,-0.014599990844726518,0.014725237153470516
mlp,y_XLB,24,2026-01-29,-0.014599990844726518,-0.008101949468255043
mlp,y_XLB,23,2026-02-02,0.021148020237486964,-0.009299321100115776
mlp,y_XLB,24,2026-02-02,0.021148020237486964,0.031184909865260124
mlp,y_XLB,23,2026-02-03,0.02347137295466961,-5.8630481362342834e-05
mlp,y_XLB,24,2026-02-03,0.02347137295466961,-0.002561016473919153
mlp,y_XLB,23,2026-02-04,-0.02678742351123886,-0.0013807136565446854
mlp,y_XLB,24,2026-02-04,-0.02678742351123886,0.033895447850227356
mlp,y_XLB,23,2026-02-05,0.019999966763033727,-0.0024322066456079483
mlp,y_XLB,24,2026-02-05,0.019999966763033727,0.031182562932372093
mlp,y_XLB,23,2026-02-09,0.013990025641374304,0.0009680837392807007
mlp,y_XLB,24,2026-02-09,0.013990025641374304,-0.003386047203093767
mlp,y_XLB,23,2026-02-10,0.01341899615422859,0.011714484542608261
mlp,y_XLB,24,2026-02-10,0.01341899615422859,0.0053313784301280975
mlp,y_XLB,23,2026-02-11,-0.014733254691661535,0.008623270317912102
mlp,y_XLB,24,2026-02-11,-0.014733254691661535,-0.002361019141972065
mlp,y_XLB,23,2026-02-12,0.009085737755060386,0.0015691090375185013
mlp,y_XLB,24,2026-02-12,0.009085737755060386,0.006772177293896675
mlp,y_XLB,24,2026-02-17,0.006072100383141876,0.012857431545853615
mlp,y_XLB,24,2026-02-18,-0.0035835274437678866,0.0023140739649534225
mlp,y_XLB,24,2026-02-19,0.002460670999665737,0.00762719102203846
mlp,y_XLB,24,2026-02-23,0.007552899033115512,0.005174767225980759
mlp,y_XLB,24,2026-02-24,-0.005622174543272962,-0.011461354792118073
mlp,y_XLB,24,2026-02-25,-0.0011308211786292821,0.02750241570174694
mlp,y_XLB,24,2026-02-26,0.007735846177586936,0.04898431897163391
mlp,y_XLB,24,2026-03-02,-0.024600964756638977,-0.007008674554526806
mlp,y_XLB,24,2026-03-03,-0.0003850685077488869,0.008011460304260254
mlp,y_XLB,24,2026-03-04,-0.02099376687849308,-0.00033240579068660736
mlp,y_XLB,24,2026-03-05,-0.019083241899678693,0.00504877045750618
mlp,y_XLC,0,2024-08-05,0.011784736536268436,0.023845817893743515
mlp,y_XLC,0,2024-08-06,-0.005283311494377663,0.015868086367845535
mlp,y_XLC,0,2024-08-07,0.01991788361026381,-0.0209309384226799
mlp,y_XLC,0,2024-08-08,0.008521689065428495,-0.017794635146856308
mlp,y_XLC,0,2024-08-12,0.012999300968778105,-0.020528405904769897
mlp,y_XLC,0,2024-08-13,-0.0057163533474250405,-0.002908075228333473
mlp,y_XLC,0,2024-08-14,0.009034394169033177,-0.018095944076776505
mlp,y_XLC,0,2024-08-15,0.0030232402109731105,-0.020619593560695648
mlp,y_XLC,0,2024-08-19,-0.0006878296610807189,-0.019181974232196808
mlp,y_XLC,0,2024-08-20,0.00424410521889107,-0.04721450060606003
mlp,y_XLC,0,2024-08-21,-0.007538626713751606,0.026444774121046066
mlp,y_XLC,0,2024-08-22,0.007020403858674973,-0.027482498437166214
mlp,y_XLC,0,2024-08-26,-0.0022805037297490838,0.00903550535440445
mlp,y_XLC,1,2024-08-26,-0.0022805037297490838,0.007213433273136616
mlp,y_XLC,0,2024-08-27,-0.006628612812312418,-0.00916444044560194
mlp,y_XLC,1,2024-08-27,-0.006628612812312418,-0.002941080369055271
mlp,y_XLC,0,2024-08-28,-0.002070818083036108,0.0067877741530537605
mlp,y_XLC,1,2024-08-28,-0.002070818083036108,0.007088677026331425
mlp,y_XLC,0,2024-08-29,0.006686601906978895,-0.010136467404663563
mlp,y_XLC,1,2024-08-29,0.006686601906978895,0.01233599055558443
mlp,y_XLC,0,2024-09-03,-0.004783135878855149,-0.009549404494464397
mlp,y_XLC,1,2024-09-03,-0.004783135878855149,-0.018942249938845634
mlp,y_XLC,0,2024-09-04,0.002930445878009058,-0.00983524415642023
mlp,y_XLC,1,2024-09-04,0.002930445878009058,0.002713187597692013
mlp,y_XLC,0,2024-09-05,-0.02092098325662395,-0.00951779168099165
mlp,y_XLC,1,2024-09-05,-0.02092098325662395,0.000537618063390255
mlp,y_XLC,0,2024-09-09,-0.00023769062557399412,-0.05380512401461601
mlp,y_XLC,1,2024-09-09,-0.00023769062557399412,-0.03153170645236969
mlp,y_XLC,0,2024-09-10,0.0041611750155921,-0.05166783556342125
mlp,y_XLC,1,2024-09-10,0.0041611750155921,-0.005855820141732693
mlp,y_XLC,0,2024-09-11,0.01870713459773099,0.044717855751514435
mlp,y_XLC,1,2024-09-11,0.01870713459773099,-0.007219373248517513
mlp,y_XLC,0,2024-09-12,0.009646765729539819,0.005131370387971401
mlp,y_XLC,1,2024-09-12,0.009646765729539819,0.013657228089869022
mlp,y_XLC,2,2024-09-12,0.009646765729539819,0.02089802734553814
mlp,y_XLC,0,2024-09-16,0.0,0.010707813315093517
mlp,y_XLC,1,2024-09-16,0.0,0.04460979625582695
mlp,y_XLC,2,2024-09-16,0.0,0.0032212818041443825
mlp,y_XLC,0,2024-09-17,-0.0007974576900214858,-0.02392043173313141
mlp,y_XLC,1,2024-09-17,-0.0007974576900214858,0.0014302833005785942
mlp,y_XLC,2,2024-09-17,-0.0007974576900214858,0.023831890895962715
mlp,y_XLC,0,2024-09-18,0.013567511778174834,-0.029852833598852158
mlp,y_XLC,1,2024-09-18,0.013567511778174834,-0.0002340143546462059
mlp,y_XLC,2,2024-09-18,0.013567511778174834,-0.01493107434362173
mlp,y_XLC,0,2024-09-19,0.0,-0.0038117514923214912
mlp,y_XLC,1,2024-09-19,0.0,0.017155319452285767
mlp,y_XLC,2,2024-09-19,0.0,-0.013853348791599274
mlp,y_XLC,0,2024-09-23,0.004728088911464923,0.014945588074624538
mlp,y_XLC,1,2024-09-23,0.004728088911464923,-0.005367272533476353
mlp,y_XLC,2,2024-09-23,0.004728088911464923,-0.013854749500751495
mlp,y_XLC,0,2024-09-24,-0.0031372551060746545,-0.00953726377338171
mlp,y_XLC,1,2024-09-24,-0.0031372551060746545,0.020337611436843872
mlp,y_XLC,2,2024-09-24,-0.0031372551060746545,0.003664366900920868
mlp,y_XLC,0,2024-09-25,0.005619841154641536,-0.009499086998403072
mlp,y_XLC,1,2024-09-25,0.005619841154641536,0.0024982793256640434
mlp,y_XLC,2,2024-09-25,0.005619841154641536,-0.0019087819382548332
mlp,y_XLC,0,2024-09-26,0.0060357348316131265,0.027439747005701065
mlp,y_XLC,1,2024-09-26,0.0060357348316131265,-0.02111487276852131
mlp,y_XLC,2,2024-09-26,0.0060357348316131265,0.016263296827673912
mlp,y_XLC,0,2024-09-30,0.0007744004883809552,-0.0043798694387078285
mlp,y_XLC,1,2024-09-30,0.0007744004883809552,-0.0023433109745383263
mlp,y_XLC,2,2024-09-30,0.0007744004883809552,-0.0045416392385959625
mlp,y_XLC,0,2024-10-01,-0.0030949482895885616,-0.010488225147128105
mlp,y_XLC,1,2024-10-01,-0.0030949482895885616,0.006031723693013191
mlp,y_XLC,2,2024-10-01,-0.0030949482895885616,0.0120482686907053
mlp,y_XLC,0,2024-10-02,-0.0034373748283759165,-0.00661985669285059
mlp,y_XLC,1,2024-10-02,-0.0034373748283759165,0.04096690192818642
mlp,y_XLC,2,2024-10-02,-0.0034373748283759165,0.0034672943875193596
mlp,y_XLC,0,2024-10-03,0.011126057415631552,0.015271220356225967
mlp,y_XLC,1,2024-10-03,0.011126057415631552,-0.0014436552301049232
mlp,y_XLC,2,2024-10-03,0.011126057415631552,0.028293976560235023
mlp,y_XLC,1,2024-10-07,0.008810981241044846,-0.011029514484107494
mlp,y_XLC,2,2024-10-07,0.008810981241044846,0.01109846867620945
mlp,y_XLC,3,2024-10-07,0.008810981241044846,0.021389076486229897
mlp,y_XLC,1,2024-10-08,0.0003318614844232126,0.018398534506559372
mlp,y_XLC,2,2024-10-08,0.0003318614844232126,0.03485020995140076
mlp,y_XLC,3,2024-10-08,0.0003318614844232126,-0.03545595332980156
mlp,y_XLC,1,2024-10-09,-0.007405064081841051,0.015670377761125565
mlp,y_XLC,2,2024-10-09,-0.007405064081841051,-0.032464586198329926
mlp,y_XLC,3,2024-10-09,-0.007405064081841051,0.010867498815059662
mlp,y_XLC,1,2024-10-10,0.006903494100779728,-0.00463636452332139
mlp,y_XLC,2,2024-10-10,0.006903494100779728,0.011325215920805931
mlp,y_XLC,3,2024-10-10,0.006903494100779728,0.014281559735536575
mlp,y_XLC,1,2024-10-14,0.0022015041438523397,0.00035895686596632004
mlp,y_XLC,2,2024-10-14,0.0022015041438523397,0.023348012939095497
mlp,y_XLC,3,2024-10-14,0.0022015041438523397,-0.007226821035146713
mlp,y_XLC,1,2024-10-15,-0.0006590939876870427,0.018702611327171326
mlp,y_XLC,2,2024-10-15,-0.0006590939876870427,-0.029648179188370705
mlp,y_XLC,3,2024-10-15,-0.0006590939876870427,-0.02265562117099762
mlp,y_XLC,1,2024-10-16,-0.00472570039716369,-0.008343511261045933
mlp,y_XLC,2,2024-10-16,-0.00472570039716369,-0.00948673952370882
mlp,y_XLC,3,2024-10-16,-0.00472570039716369,0.008845511823892593
mlp,y_XLC,1,2024-10-17,0.0073984375547693215,-0.007601900026202202
mlp,y_XLC,2,2024-10-17,0.0073984375547693215,0.0028344690799713135
mlp,y_XLC,3,2024-10-17,0.0073984375547693215,0.00455830991268158
mlp,y_XLC,1,2024-10-21,0.0014306243063504365,0.003977104090154171
mlp,y_XLC,2,2024-10-21,0.0014306243063504365,0.04309149831533432
mlp,y_XLC,3,2024-10-21,0.0014306243063504365,-0.060500118881464005
mlp,y_XLC,1,2024-10-22,-0.007582511778281176,-0.017710614949464798
mlp,y_XLC,2,2024-10-22,-0.007582511778281176,0.03143070638179779
mlp,y_XLC,3,2024-10-22,-0.007582511778281176,-0.02813301607966423
mlp,y_XLC,1,2024-10-23,0.0034327223371626303,0.0013658320531249046
mlp,y_XLC,2,2024-10-23,0.0034327223371626303,0.029959285631775856
mlp,y_XLC,3,2024-10-23,0.0034327223371626303,-0.00903439149260521
mlp,y_XLC,1,2024-10-24,0.0025379886649150585,0.033675771206617355
mlp,y_XLC,2,2024-10-24,0.0025379886649150585,-0.007998385466635227
mlp,y_XLC,3,2024-10-24,0.0025379886649150585,0.027217824012041092
mlp,y_XLC,2,2024-10-28,0.009406084969266315,0.019155679270625114
mlp,y_XLC,3,2024-10-28,0.009406084969266315,-0.07003740966320038
mlp,y_XLC,4,2024-10-28,0.009406084969266315,-0.09099848568439484
mlp,y_XLC,2,2024-10-29,0.006067829830971538,-0.027949947863817215
mlp,y_XLC,3,2024-10-29,0.006067829830971538,-0.09835490584373474
mlp,y_XLC,4,2024-10-29,0.006067829830971538,-0.008948467671871185
mlp,y_XLC,2,2024-10-30,-0.008723733324261018,-0.034066252410411835
mlp,y_XLC,3,2024-10-30,-0.008723733324261018,0.010640982538461685
mlp,y_XLC,4,2024-10-30,-0.008723733324261018,0.021783484145998955
mlp,y_XLC,2,2024-10-31,0.003911354958364477,-0.04531428962945938
mlp,y_XLC,3,2024-10-31,0.003911354958364477,-0.001699339598417282
mlp,y_XLC,4,2024-10-31,0.003911354958364477,-0.06145336106419563
mlp,y_XLC,2,2024-11-04,0.011076127357304788,-0.00283050537109375
mlp,y_XLC,3,2024-11-04,0.011076127357304788,-0.013979408890008926
mlp,y_XLC,4,2024-11-04,0.011076127357304788,-0.0006923191249370575
mlp,y_XLC,2,2024-11-05,0.024594562817006782,-0.03334399312734604
mlp,y_XLC,3,2024-11-05,0.024594562817006782,-0.0025588013231754303
mlp,y_XLC,4,2024-11-05,0.024594562817006782,0.020055416971445084
mlp,y_XLC,2,2024-11-06,0.013102571901873805,-0.012151254341006279
mlp,y_XLC,3,2024-11-06,0.013102571901873805,0.03473884239792824
mlp,y_XLC,4,2024-11-06,0.013102571901873805,-0.024099327623844147
mlp,y_XLC,2,2024-11-07,-0.004862785170139383,0.015117086470127106
mlp,y_XLC,3,2024-11-07,-0.004862785170139383,0.006881881505250931
mlp,y_XLC,4,2024-11-07,-0.004862785170139383,-0.02351168915629387
mlp,y_XLC,2,2024-11-11,0.0045492372016833205,-0.05061482638120651
mlp,y_XLC,3,2024-11-11,0.0045492372016833205,-0.011415667831897736
mlp,y_XLC,4,2024-11-11,0.0045492372016833205,-0.00391121581196785
mlp,y_XLC,2,2024-11-12,0.00041165790319830364,-0.002842240035533905
mlp,y_XLC,3,2024-11-12,0.00041165790319830364,-0.012876279652118683
mlp,y_XLC,4,2024-11-12,0.00041165790319830364,0.005683135241270065
mlp,y_XLC,2,2024-11-13,-0.001131712884250069,-0.016609905287623405
mlp,y_XLC,3,2024-11-13,-0.001131712884250069,-0.019277390092611313
mlp,y_XLC,4,2024-11-13,-0.001131712884250069,-0.0035071708261966705
mlp,y_XLC,2,2024-11-14,-0.01998131929657021,0.08633514493703842
mlp,y_XLC,3,2024-11-14,-0.01998131929657021,-0.11414764821529388
mlp,y_XLC,4,2024-11-14,-0.01998131929657021,-0.0463373176753521
mlp,y_XLC,3,2024-11-18,0.006556414395814114,-0.037609975785017014
mlp,y_XLC,4,2024-11-18,0.006556414395814114,0.006993923336267471
mlp,y_XLC,5,2024-11-18,0.006556414395814114,-0.002243064809590578
mlp,y_XLC,3,2024-11-19,0.00641012504858951,-0.09050518274307251
mlp,y_XLC,4,2024-11-19,0.00641012504858951,-0.05170455202460289
mlp,y_XLC,5,2024-11-19,0.00641012504858951,-0.026760678738355637
mlp,y_XLC,3,2024-11-20,-0.002568223890519028,-0.01160009577870369
mlp,y_XLC,4,2024-11-20,-0.002568223890519028,-0.02210056409239769
mlp,y_XLC,5,2024-11-20,-0.002568223890519028,0.01579715497791767
mlp,y_XLC,3,2024-11-21,-0.00216304140926471,-0.08666230738162994
mlp,y_XLC,4,2024-11-21,-0.00216304140926471,-0.0762704610824585
mlp,y_XLC,5,2024-11-21,-0.00216304140926471,-0.030525296926498413
mlp,y_XLC,3,2024-11-25,0.0036968691339489546,-0.0047225020825862885
mlp,y_XLC,4,2024-11-25,0.0036968691339489546,0.0005425922572612762
mlp,y_XLC,5,2024-11-25,0.0036968691339489546,-0.0003543589264154434
mlp,y_XLC,3,2024-11-26,0.0013300678508083585,-0.019009418785572052
mlp,y_XLC,4,2024-11-26,0.0013300678508083585,-0.009673964232206345
mlp,y_XLC,5,2024-11-26,0.0013300678508083585,0.034074146300554276
mlp,y_XLC,3,2024-12-02,0.008063580285210703,-0.011144224554300308
mlp,y_XLC,4,2024-12-02,0.008063580285210703,-0.03060838207602501
mlp,y_XLC,5,2024-12-02,0.008063580285210703,0.10993543267250061
mlp,y_XLC,3,2024-12-03,0.002299850387408764,0.022984126582741737
mlp,y_XLC,4,2024-12-03,0.002299850387408764,0.01912558451294899
mlp,y_XLC,5,2024-12-03,0.002299850387408764,0.027386754751205444
mlp,y_XLC,3,2024-12-04,-0.002294573212317519,0.006306281313300133
mlp,y_XLC,4,2024-12-04,-0.002294573212317519,0.005100380629301071
mlp,y_XLC,5,2024-12-04,-0.002294573212317519,0.016646608710289
mlp,y_XLC,3,2024-12-05,0.009199169304073163,-0.019979942589998245
mlp,y_XLC,4,2024-12-05,0.009199169304073163,-0.0007129386067390442
mlp,y_XLC,5,2024-12-05,0.009199169304073163,0.036503247916698456
mlp,y_XLC,4,2024-12-09,0.01569150593388935,-0.015991684049367905
mlp,y_XLC,5,2024-12-09,0.01569150593388935,-0.016405362635850906
mlp,y_XLC,6,2024-12-09,0.01569150593388935,-0.04488188028335571
mlp,y_XLC,4,2024-12-10,0.016346013236672174,-0.003793630748987198
mlp,y_XLC,5,2024-12-10,0.016346013236672174,0.01678852178156376
mlp,y_XLC,6,2024-12-10,0.016346013236672174,0.008956193923950195
mlp,y_XLC,4,2024-12-11,0.0018633283823765723,0.0019309967756271362
mlp,y_XLC,5,2024-12-11,0.0018633283823765723,0.020360756665468216
mlp,y_XLC,6,2024-12-11,0.0018633283823765723,0.016981419175863266
mlp,y_XLC,4,2024-12-12,-0.011942121668421346,-0.004283685237169266
mlp,y_XLC,5,2024-12-12,-0.011942121668421346,0.015878070145845413
mlp,y_XLC,6,2024-12-12,-0.011942121668421346,-0.008939199149608612
mlp,y_XLC,4,2024-12-16,-0.007500312312445301,-0.0044540055096149445
mlp,y_XLC,5,2024-12-16,-0.007500312312445301,-0.040048569440841675
mlp,y_XLC,6,2024-12-16,-0.007500312312445301,0.003581983968615532
mlp,y_XLC,4,2024-12-17,-0.028537320207438377,-0.004337597638368607
mlp,y_XLC,5,2024-12-17,-0.028537320207438377,-0.027064405381679535
mlp,y_XLC,6,2024-12-17,-0.028537320207438377,0.01748480275273323
mlp,y_XLC,4,2024-12-18,-0.0027634517185632923,0.0033896155655384064
mlp,y_XLC,5,2024-12-18,-0.0027634517185632923,-0.01607726700603962
mlp,y_XLC,6,2024-12-18,-0.0027634517185632923,0.01740851253271103
mlp,y_XLC,4,2024-12-19,0.005439788482778596,0.0218665711581707
mlp,y_XLC,5,2024-12-19,0.005439788482778596,-0.011200075969099998
mlp,y_XLC,6,2024-12-19,0.005439788482778596,-0.004764355719089508
mlp,y_XLC,4,2024-12-23,0.00946663328547559,0.011544477194547653
mlp,y_XLC,5,2024-12-23,0.00946663328547559,0.0043809120543301105
mlp,y_XLC,6,2024-12-23,0.00946663328547559,-0.003469647839665413
mlp,y_XLC,4,2024-12-26,-0.008885228078306273,0.029869627207517624
mlp,y_XLC,5,2024-12-26,-0.008885228078306273,-0.0011869152076542377
mlp,y_XLC,6,2024-12-26,-0.008885228078306273,0.0010031908750534058
mlp,y_XLC,5,2024-12-30,-0.0032945637670491745,-0.00959629938006401
mlp,y_XLC,6,2024-12-30,-0.0032945637670491745,-0.0014492310583591461
mlp,y_XLC,7,2024-12-30,-0.0032945637670491745,0.025197114795446396
mlp,y_XLC,5,2025-01-02,0.006167851221575482,0.006923537235707045
mlp,y_XLC,6,2025-01-02,0.006167851221575482,0.0014576315879821777
mlp,y_XLC,7,2025-01-02,0.006167851221575482,-0.0027059558779001236
mlp,y_XLC,5,2025-01-06,-0.011117993341442145,0.040346451103687286
mlp,y_XLC,6,2025-01-06,-0.011117993341442145,-0.015216771513223648
mlp,y_XLC,7,2025-01-06,-0.011117993341442145,-0.037444714456796646
mlp,y_XLC,5,2025-01-07,-0.00592804888675047,0.006078725215047598
mlp,y_XLC,6,2025-01-07,-0.00592804888675047,0.007018260657787323
mlp,y_XLC,7,2025-01-07,-0.00592804888675047,0.005531316623091698
mlp,y_XLC,5,2025-01-13,-0.003338559626510418,0.011334003880620003
mlp,y_XLC,6,2025-01-13,-0.003338559626510418,-0.04512142762541771
mlp,y_XLC,7,2025-01-13,-0.003338559626510418,0.04095163941383362
mlp,y_XLC,5,2025-01-14,0.016434587900540087,0.014252237975597382
mlp,y_XLC,6,2025-01-14,0.016434587900540087,0.002600284293293953
mlp,y_XLC,7,2025-01-14,0.016434587900540087,0.009423219598829746
mlp,y_XLC,5,2025-01-15,-0.0056641786706318475,0.06660689413547516
mlp,y_XLC,6,2025-01-15,-0.0056641786706318475,0.045023661106824875
mlp,y_XLC,7,2025-01-15,-0.0056641786706318475,0.07622473686933517
mlp,y_XLC,5,2025-01-16,0.008699990650159473,-0.011371180415153503
mlp,y_XLC,6,2025-01-16,0.008699990650159473,-0.03117050789296627
mlp,y_XLC,7,2025-01-16,0.008699990650159473,0.0026929136365652084
mlp,y_XLC,6,2025-01-21,0.009972560077431192,0.000462997704744339
mlp,y_XLC,7,2025-01-21,0.009972560077431192,0.011975142173469067
mlp,y_XLC,8,2025-01-21,0.009972560077431192,0.00403522327542305
mlp,y_XLC,6,2025-01-22,0.0026196406838625563,0.024320412427186966
mlp,y_XLC,7,2025-01-22,0.0026196406838625563,-0.0010265568271279335
mlp,y_XLC,8,2025-01-22,0.0026196406838625563,0.04484735429286957
mlp,y_XLC,6,2025-01-23,0.00904440760053693,0.014148939400911331
mlp,y_XLC,7,2025-01-23,0.00904440760053693,-0.013016811572015285
mlp,y_XLC,8,2025-01-23,0.00904440760053693,0.005864616483449936
mlp,y_XLC,6,2025-01-27,0.0048547518565493775,0.009800553321838379
mlp,y_XLC,7,2025-01-27,0.0048547518565493775,-0.013697310350835323
mlp,y_XLC,8,2025-01-27,0.0048547518565493775,-0.029773391783237457
mlp,y_XLC,6,2025-01-28,0.0044370391424761735,-0.007550589740276337
mlp,y_XLC,7,2025-01-28,0.0044370391424761735,0.007460561580955982
mlp,y_XLC,8,2025-01-28,0.0044370391424761735,0.018834706395864487
mlp,y_XLC,6,2025-01-29,0.0009816699107254578,0.05541839823126793
mlp,y_XLC,7,2025-01-29,0.0009816699107254578,0.038034968078136444
mlp,y_XLC,8,2025-01-29,0.0009816699107254578,-0.009126190096139908
mlp,y_XLC,6,2025-01-30,0.004020672247130319,0.009759210050106049
mlp,y_XLC,7,2025-01-30,0.004020672247130319,-0.037198249250650406
mlp,y_XLC,8,2025-01-30,0.004020672247130319,-0.034186944365501404
mlp,y_XLC,6,2025-02-03,0.008966804173820897,0.019927900284528732
mlp,y_XLC,7,2025-02-03,0.008966804173820897,-0.014851686544716358
mlp,y_XLC,8,2025-02-03,0.008966804173820897,0.03429561108350754
mlp,y_XLC,6,2025-02-04,-0.009659933721110181,-0.014322374016046524
mlp,y_XLC,7,2025-02-04,-0.009659933721110181,0.06808703392744064
mlp,y_XLC,8,2025-02-04,-0.009659933721110181,0.10422638803720474
mlp,y_XLC,6,2025-02-05,0.004291886873276862,0.04332957789301872
mlp,y_XLC,7,2025-02-05,0.004291886873276862,0.014065301977097988
mlp,y_XLC,8,2025-02-05,0.004291886873276862,0.05785384774208069
mlp,y_XLC,6,2025-02-06,-0.0021368101512057036,0.0769818127155304
mlp,y_XLC,7,2025-02-06,-0.0021368101512057036,-0.06021878495812416
mlp,y_XLC,8,2025-02-06,-0.0021368101512057036,0.0846264585852623
mlp,y_XLC,7,2025-02-10,0.001647331566053012,-0.010941492393612862
mlp,y_XLC,8,2025-02-10,0.001647331566053012,-0.015240970999002457
mlp,y_XLC,9,2025-02-10,0.001647331566053012,0.02327324077486992
mlp,y_XLC,7,2025-02-11,0.0010641673885622982,0.020795587450265884
mlp,y_XLC,8,2025-02-11,0.0010641673885622982,0.032456181943416595
mlp,y_XLC,9,2025-02-11,0.0010641673885622982,-0.029581714421510696
mlp,y_XLC,7,2025-02-12,0.011499745117589555,-0.0856998935341835
mlp,y_XLC,8,2025-02-12,0.011499745117589555,0.020541343837976456
mlp,y_XLC,9,2025-02-12,0.011499745117589555,0.014176664873957634
mlp,y_XLC,7,2025-02-13,0.006114399629876477,0.06834633648395538
mlp,y_XLC,8,2025-02-13,0.006114399629876477,0.08897470682859421
mlp,y_XLC,9,2025-02-13,0.006114399629876477,-0.03696860745549202
mlp,y_XLC,7,2025-02-18,0.0011448508124574097,-0.024077177047729492
mlp,y_XLC,8,2025-02-18,0.0011448508124574097,0.06449771672487259
mlp,y_XLC,9,2025-02-18,0.0011448508124574097,-0.029825802892446518
mlp,y_XLC,7,2025-02-19,-0.004669314473285557,0.003788999281823635
mlp,y_XLC,8,2025-02-19,-0.004669314473285557,0.014505527913570404
mlp,y_XLC,9,2025-02-19,-0.004669314473285557,-0.04449709132313728
mlp,y_XLC,7,2025-02-20,-0.013690762941755752,0.00237948726862669
mlp,y_XLC,8,2025-02-20,-0.013690762941755752,-0.0054885707795619965
mlp,y_XLC,9,2025-02-20,-0.013690762941755752,0.01603282243013382
mlp,y_XLC,7,2025-02-24,-0.014822662441317469,-0.008468701504170895
mlp,y_XLC,8,2025-02-24,-0.014822662441317469,0.08275458961725235
mlp,y_XLC,9,2025-02-24,-0.014822662441317469,-0.016927611082792282
mlp,y_XLC,7,2025-02-25,-0.0017700576026210557,-0.014348306693136692
mlp,y_XLC,8,2025-02-25,-0.0017700576026210557,0.014157235622406006
mlp,y_XLC,9,2025-02-25,-0.0017700576026210557,-0.010907944291830063
mlp,y_XLC,7,2025-02-26,-0.009654254495694015,0.01195963378995657
mlp,y_XLC,8,2025-02-26,-0.009654254495694015,0.038290753960609436
mlp,y_XLC,9,2025-02-26,-0.009654254495694015,-0.01797671616077423
mlp,y_XLC,7,2025-02-27,0.014622436355272939,-0.014252903871238232
mlp,y_XLC,8,2025-02-27,0.014622436355272939,0.025414198637008667
mlp,y_XLC,9,2025-02-27,0.014622436355272939,-0.0069698765873909
mlp,y_XLC,8,2025-03-03,-0.007922346520165324,0.007261060178279877
mlp,y_XLC,9,2025-03-03,-0.007922346520165324,0.004847466945648193
mlp,y_XLC,10,2025-03-03,-0.007922346520165324,0.0053193289786577225
mlp,y_XLC,8,2025-03-04,0.01287678569529005,0.00873316079378128
mlp,y_XLC,9,2025-03-04,0.01287678569529005,0.007057212293148041
mlp,y_XLC,10,2025-03-04,0.01287678569529005,0.014029189944267273
mlp,y_XLC,8,2025-03-05,-0.0179363665532013,0.005440589040517807
mlp,y_XLC,9,2025-03-05,-0.0179363665532013,0.0303410142660141
mlp,y_XLC,10,2025-03-05,-0.0179363665532013,0.01913687400519848
mlp,y_XLC,8,2025-03-06,0.006422498381162711,-0.026646418496966362
mlp,y_XLC,9,2025-03-06,0.006422498381162711,0.00924370065331459
mlp,y_XLC,10,2025-03-06,0.006422498381162711,-0.028091760352253914
mlp,y_XLC,8,2025-03-10,-0.014725437224468285,0.07949668914079666
mlp,y_XLC,9,2025-03-10,-0.014725437224468285,-0.0072693489491939545
mlp,y_XLC,10,2025-03-10,-0.014725437224468285,-0.005601122975349426
mlp,y_XLC,8,2025-03-11,0.004981972409042079,0.015518523752689362
mlp,y_XLC,9,2025-03-11,0.004981972409042079,0.009774960577487946
mlp,y_XLC,10,2025-03-11,0.004981972409042079,-0.003865022212266922
mlp,y_XLC,8,2025-03-12,-0.020551638843666065,0.006150424480438232
mlp,y_XLC,9,2025-03-12,-0.020551638843666065,0.005422376096248627
mlp,y_XLC,10,2025-03-12,-0.020551638843666065,0.012197578325867653
mlp,y_XLC,8,2025-03-13,0.01834669956615853,-0.008959129452705383
mlp,y_XLC,9,2025-03-13,0.01834669956615853,-0.006201218813657761
mlp,y_XLC,10,2025-03-13,0.01834669956615853,-0.007615393027663231
mlp,y_XLC,8,2025-03-17,-0.013981603704568468,0.009709149599075317
mlp,y_XLC,9,2025-03-17,-0.013981603704568468,-0.03253134712576866
mlp,y_XLC,10,2025-03-17,-0.013981603704568468,-0.01897200010716915
mlp,y_XLC,8,2025-03-18,0.011886142755613172,-0.028328627347946167
mlp,y_XLC,9,2025-03-18,0.011886142755613172,-0.012238811701536179
mlp,y_XLC,10,2025-03-18,0.011886142755613172,-0.022507844492793083
mlp,y_XLC,8,2025-03-19,-0.0021639711847137866,0.09273350983858109
mlp,y_XLC,9,2025-03-19,-0.0021639711847137866,-0.031439121812582016
mlp,y_XLC,10,2025-03-19,-0.0021639711847137866,0.028640415519475937
mlp,y_XLC,8,2025-03-20,0.007848050614496005,0.007553812116384506
mlp,y_XLC,9,2025-03-20,0.007848050614496005,-0.005216192454099655
mlp,y_XLC,10,2025-03-20,0.007848050614496005,0.0417742058634758
mlp,y_XLC,9,2025-03-24,0.012665870484181774,-0.009922828525304794
mlp,y_XLC,10,2025-03-24,0.012665870484181774,0.00919951032847166
mlp,y_XLC,11,2025-03-24,0.012665870484181774,0.025466568768024445
mlp,y_XLC,9,2025-03-25,-0.008505120229063023,0.029843026772141457
mlp,y_XLC,10,2025-03-25,-0.008505120229063023,-0.01724853925406933
mlp,y_XLC,11,2025-03-25,-0.008505120229063023,0.09987008571624756
mlp,y_XLC,9,2025-03-26,-0.004440323508174138,-0.0069559477269649506
mlp,y_XLC,10,2025-03-26,-0.004440323508174138,-0.0010639270767569542
mlp,y_XLC,11,2025-03-26,-0.004440323508174138,0.006723958998918533
mlp,y_XLC,9,2025-03-27,-0.02949829921818592,-0.018171917647123337
mlp,y_XLC,10,2025-03-27,-0.02949829921818592,0.05642850697040558
mlp,y_XLC,11,2025-03-27,-0.02949829921818592,-0.006778474897146225
mlp,y_XLC,9,2025-03-31,0.0006221810166775477,-0.006942432373762131
mlp,y_XLC,10,2025-03-31,0.0006221810166775477,-0.006439344957470894
mlp,y_XLC,11,2025-03-31,0.0006221810166775477,0.00496896356344223
mlp,y_XLC,9,2025-04-01,0.0035227821658205816,0.007220905274152756
mlp,y_XLC,10,2025-04-01,0.0035227821658205816,0.14843548834323883
mlp,y_XLC,11,2025-04-01,0.0035227821658205816,0.04750657081604004
mlp,y_XLC,9,2025-04-02,-0.044605024369473445,-0.0127653107047081
mlp,y_XLC,10,2025-04-02,-0.044605024369473445,-0.07121172547340393
mlp,y_XLC,11,2025-04-02,-0.044605024369473445,0.00950353592634201
mlp,y_XLC,9,2025-04-03,-0.05727867028930156,0.0215163454413414
mlp,y_XLC,10,2025-04-03,-0.05727867028930156,0.0033711176365613937
mlp,y_XLC,11,2025-04-03,-0.05727867028930156,-0.0012899748980998993
mlp,y_XLC,9,2025-04-07,-0.013966775657459518,-0.044108111411333084
mlp,y_XLC,10,2025-04-07,-0.013966775657459518,0.02401164546608925
mlp,y_XLC,11,2025-04-07,-0.013966775657459518,0.014609444886446
mlp,y_XLC,9,2025-04-08,0.0883548285073259,0.012515941634774208
mlp,y_XLC,10,2025-04-08,0.0883548285073259,-0.010477995499968529
mlp,y_XLC,11,2025-04-08,0.0883548285073259,-0.003756430000066757
mlp,y_XLC,9,2025-04-09,-0.03456373906800414,-0.013520095497369766
mlp,y_XLC,10,2025-04-09,-0.03456373906800414,-0.01420045830309391
mlp,y_XLC,11,2025-04-09,-0.03456373906800414,-0.015968145802617073
mlp,y_XLC,9,2025-04-10,0.008508253619412987,-0.017003890126943588
mlp,y_XLC,10,2025-04-10,0.008508253619412987,-0.0012449892237782478
mlp,y_XLC,11,2025-04-10,0.008508253619412987,0.05647125840187073
mlp,y_XLC,10,2025-04-14,0.0025033205260884817,0.006907124072313309
mlp,y_XLC,11,2025-04-14,0.0025033205260884817,-0.02664417400956154
mlp,y_XLC,12,2025-04-14,0.0025033205260884817,0.01799352467060089
mlp,y_XLC,10,2025-04-15,-0.02692443332369543,-0.024997862055897713
mlp,y_XLC,11,2025-04-15,-0.02692443332369543,0.023252181708812714
mlp,y_XLC,12,2025-04-15,-0.02692443332369543,0.019405119121074677
mlp,y_XLC,10,2025-04-16,0.006471198647552745,-0.005894273519515991
mlp,y_XLC,11,2025-04-16,0.006471198647552745,-0.0175321064889431
mlp,y_XLC,12,2025-04-16,0.006471198647552745,0.023375000804662704
mlp,y_XLC,10,2025-04-21,0.0260829757205141,-0.009763078764081001
mlp,y_XLC,11,2025-04-21,0.0260829757205141,0.006572667509317398
mlp,y_XLC,12,2025-04-21,0.0260829757205141,-0.012463977560400963
mlp,y_XLC,10,2025-04-22,0.016025587841027145,0.01543528400361538
mlp,y_XLC,11,2025-04-22,0.016025587841027145,0.00020140781998634338
mlp,y_XLC,12,2025-04-22,0.016025587841027145,0.01937181130051613
mlp,y_XLC,10,2025-04-23,0.020015253130610366,0.013386152684688568
mlp,y_XLC,11,2025-04-23,0.020015253130610366,-0.021708231419324875
mlp,y_XLC,12,2025-04-23,0.020015253130610366,0.0025084391236305237
mlp,y_XLC,10,2025-04-24,0.006291987329153148,-0.005396740511059761
mlp,y_XLC,11,2025-04-24,0.006291987329153148,0.005997888743877411
mlp,y_XLC,12,2025-04-24,0.006291987329153148,-0.013354584574699402
mlp,y_XLC,10,2025-04-28,0.007284626687776408,-0.018851151689887047
mlp,y_XLC,11,2025-04-28,0.007284626687776408,-0.03449660539627075
mlp,y_XLC,12,2025-04-28,0.007284626687776408,-0.01440437138080597
mlp,y_XLC,10,2025-04-29,0.0003144814977227295,-0.014336997643113136
mlp,y_XLC,11,2025-04-29,0.0003144814977227295,0.00958920270204544
mlp,y_XLC,12,2025-04-29,0.0003144814977227295,0.0073870085179805756
mlp,y_XLC,10,2025-04-30,0.005134028890448672,0.003831077367067337
mlp,y_XLC,11,2025-04-30,0.005134028890448672,-0.0004822090268135071
mlp,y_XLC,12,2025-04-30,0.005134028890448672,0.014615599066019058
mlp,y_XLC,10,2025-05-01,0.015532174477940863,0.016055675223469734
mlp,y_XLC,11,2025-05-01,0.015532174477940863,0.0541888028383255
mlp,y_XLC,12,2025-05-01,0.015532174477940863,0.020183224231004715
mlp,y_XLC,11,2025-05-05,-0.0002048450506462185,0.016291219741106033
mlp,y_XLC,12,2025-05-05,-0.0002048450506462185,0.0294242762029171
mlp,y_XLC,13,2025-05-05,-0.0002048450506462185,0.009069852530956268
mlp,y_XLC,11,2025-05-06,-0.0018437465965530642,0.07506716996431351
mlp,y_XLC,12,2025-05-06,-0.0018437465965530642,0.01335737481713295
mlp,y_XLC,13,2025-05-06,-0.0018437465965530642,0.053027115762233734
mlp,y_XLC,11,2025-05-07,0.002360236963903972,0.0011788159608840942
mlp,y_XLC,12,2025-05-07,0.002360236963903972,-0.010226182639598846
mlp,y_XLC,13,2025-05-07,0.002360236963903972,-0.01187952421605587
mlp,y_XLC,11,2025-05-08,-0.005118765367035594,0.05696432292461395
mlp,y_XLC,12,2025-05-08,-0.005118765367035594,-0.02161245048046112
mlp,y_XLC,13,2025-05-08,-0.005118765367035594,0.08156148344278336
mlp,y_XLC,11,2025-05-12,0.00977827658496122,-0.0073317065834999084
mlp,y_XLC,12,2025-05-12,0.00977827658496122,-0.0006049461662769318
mlp,y_XLC,13,2025-05-12,0.00977827658496122,-0.028897061944007874
mlp,y_XLC,11,2025-05-13,0.005191215962670137,0.0051714032888412476
mlp,y_XLC,12,2025-05-13,0.005191215962670137,-0.024339154362678528
mlp,y_XLC,13,2025-05-13,0.005191215962670137,-0.00021626800298690796
mlp,y_XLC,11,2025-05-14,0.003972520323313189,-0.010503221303224564
mlp,y_XLC,12,2025-05-14,0.003972520323313189,-0.004128921777009964
mlp,y_XLC,13,2025-05-14,0.003972520323313189,-0.01989663392305374
mlp,y_XLC,11,2025-05-15,0.0068255993373114165,0.003763638436794281
mlp,y_XLC,12,2025-05-15,0.0068255993373114165,0.014967154711484909
mlp,y_XLC,13,2025-05-15,0.0068255993373114165,-0.02437742054462433
mlp,y_XLC,11,2025-05-19,-0.0024538721906677274,0.038859277963638306
mlp,y_XLC,12,2025-05-19,-0.0024538721906677274,-0.016437919810414314
mlp,y_XLC,13,2025-05-19,-0.0024538721906677274,0.04947295039892197
mlp,y_XLC,11,2025-05-20,-0.007478061207250475,-0.05345960333943367
mlp,y_XLC,12,2025-05-20,-0.007478061207250475,-0.022898398339748383
mlp,y_XLC,13,2025-05-20,-0.007478061207250475,-0.0068185776472091675
mlp,y_XLC,11,2025-05-21,-0.0021809835454933424,0.03750167787075043
mlp,y_XLC,12,2025-05-21,-0.0021809835454933424,-0.004759974777698517
mlp,y_XLC,13,2025-05-21,-0.0021809835454933424,-0.022997375577688217
mlp,y_XLC,11,2025-05-22,-0.004570240637581602,0.04860736429691315
mlp,y_XLC,12,2025-05-22,-0.004570240637581602,0.03428468480706215
mlp,y_XLC,13,2025-05-22,-0.004570240637581602,0.04177183657884598
mlp,y_XLC,12,2025-05-27,-0.00019630447004770346,0.0099179707467556
mlp,y_XLC,13,2025-05-27,-0.00019630447004770346,0.009932279586791992
mlp,y_XLC,14,2025-05-27,-0.00019630447004770346,-0.01406831480562687
mlp,y_XLC,12,2025-05-28,-0.00805513093983945,0.03241648152470589
mlp,y_XLC,13,2025-05-28,-0.00805513093983945,-0.001689612865447998
mlp,y_XLC,14,2025-05-28,-0.00805513093983945,0.019888952374458313
mlp,y_XLC,12,2025-05-29,0.004159278324418425,0.0018305331468582153
mlp,y_XLC,13,2025-05-29,0.004159278324418425,-0.022745244204998016
mlp,y_XLC,14,2025-05-29,0.004159278324418425,-0.00663711316883564
mlp,y_XLC,12,2025-06-02,-0.0028458425152884104,0.0008996166288852692
mlp,y_XLC,13,2025-06-02,-0.0028458425152884104,-0.005626581609249115
mlp,y_XLC,14,2025-06-02,-0.0028458425152884104,0.005379732698202133
mlp,y_XLC,12,2025-06-03,0.006397020674496323,-0.01125851646065712
mlp,y_XLC,13,2025-06-03,0.006397020674496323,0.02615971863269806
mlp,y_XLC,14,2025-06-03,0.006397020674496323,-0.008453922346234322
mlp,y_XLC,12,2025-06-04,0.0013690468616389673,0.006610225886106491
mlp,y_XLC,13,2025-06-04,0.0013690468616389673,0.03619451820850372
mlp,y_XLC,14,2025-06-04,0.0013690468616389673,0.024391651153564453
mlp,y_XLC,12,2025-06-05,0.012792933607605361,0.007500547915697098
mlp,y_XLC,13,2025-06-05,0.012792933607605361,-0.007672883570194244
mlp,y_XLC,14,2025-06-05,0.012792933607605361,-0.00278485007584095
mlp,y_XLC,12,2025-06-09,0.012667985271238802,0.019453052431344986
mlp,y_XLC,13,2025-06-09,0.012667985271238802,-0.0023974403738975525
mlp,y_XLC,14,2025-06-09,0.012667985271238802,-0.021018657833337784
mlp,y_XLC,12,2025-06-10,-0.002291815598653657,0.014811713248491287
mlp,y_XLC,13,2025-06-10,-0.002291815598653657,-0.01334834098815918
mlp,y_XLC,14,2025-06-10,-0.002291815598653657,-0.007557262666523457
mlp,y_XLC,12,2025-06-11,-0.008135544158381913,0.0023817159235477448
mlp,y_XLC,13,2025-06-11,-0.008135544158381913,0.03639525920152664
mlp,y_XLC,14,2025-06-11,-0.008135544158381913,-0.0014636330306529999
mlp,y_XLC,12,2025-06-12,-0.010132220973862238,0.011490743607282639
mlp,y_XLC,13,2025-06-12,-0.010132220973862238,-0.01539543829858303
mlp,y_XLC,14,2025-06-12,-0.010132220973862238,0.02079147845506668
mlp,y_XLC,13,2025-07-02,0.0054909235173647986,-0.005267195403575897
mlp,y_XLC,14,2025-07-02,0.0054909235173647986,0.01988464966416359
mlp,y_XLC,15,2025-07-02,0.0054909235173647986,-0.04347401484847069
mlp,y_XLC,13,2025-07-07,-0.0020560823874359313,-0.007737681269645691
mlp,y_XLC,14,2025-07-07,-0.0020560823874359313,0.015468254685401917
mlp,y_XLC,15,2025-07-07,-0.0020560823874359313,0.007406517863273621
mlp,y_XLC,13,2025-07-08,0.002622243254835732,0.04077673703432083
mlp,y_XLC,14,2025-07-08,0.002622243254835732,-0.011815776117146015
mlp,y_XLC,15,2025-07-08,0.002622243254835732,-0.009201370179653168
mlp,y_XLC,13,2025-07-09,-0.0033625867137720977,0.0003825239837169647
mlp,y_XLC,14,2025-07-09,-0.0033625867137720977,-0.010982973501086235
mlp,y_XLC,15,2025-07-09,-0.0033625867137720977,0.008976027369499207
mlp,y_XLC,13,2025-07-10,-0.006466690719218349,0.017185073345899582
mlp,y_XLC,14,2025-07-10,-0.006466690719218349,0.0018458440899848938
mlp,y_XLC,15,2025-07-10,-0.006466690719218349,0.019351519644260406
mlp,y_XLC,13,2025-07-14,-0.009902009510687537,-0.022768616676330566
mlp,y_XLC,14,2025-07-14,-0.009902009510687537,-0.0013507213443517685
mlp,y_XLC,15,2025-07-14,-0.009902009510687537,0.006756380200386047
mlp,y_XLC,13,2025-07-15,0.003019196897828369,-0.026622071862220764
mlp,y_XLC,14,2025-07-15,0.003019196897828369,-0.019369710236787796
mlp,y_XLC,15,2025-07-15,0.003019196897828369,-0.02651844546198845
mlp,y_XLC,13,2025-07-16,0.0034804495735434315,-0.02625836804509163
mlp,y_XLC,14,2025-07-16,0.0034804495735434315,0.014159858226776123
mlp,y_XLC,15,2025-07-16,0.0034804495735434315,0.01184995099902153
mlp,y_XLC,13,2025-07-17,-0.00459320878141245,0.0017706900835037231
mlp,y_XLC,14,2025-07-17,-0.00459320878141245,0.0017805136740207672
mlp,y_XLC,15,2025-07-17,-0.00459320878141245,-0.05256315693259239
mlp,y_XLC,13,2025-07-21,0.0023232224963938286,-0.009203467518091202
mlp,y_XLC,14,2025-07-21,0.0023232224963938286,0.011328347027301788
mlp,y_XLC,15,2025-07-21,0.0023232224963938286,0.0064751505851745605
mlp,y_XLC,13,2025-07-22,0.0054700512645955435,-0.017305685207247734
mlp,y_XLC,14,2025-07-22,0.0054700512645955435,0.007782174274325371
mlp,y_XLC,15,2025-07-22,0.0054700512645955435,0.000708945095539093
mlp,y_XLC,13,2025-07-23,0.0016597442782730898,-0.02633642591536045
mlp,y_XLC,14,2025-07-23,0.0016597442782730898,-0.014014072716236115
mlp,y_XLC,15,2025-07-23,0.0016597442782730898,0.01355322077870369
mlp,y_XLC,14,2025-07-24,-0.009297550462841087,-0.013745604082942009
mlp,y_XLC,15,2025-07-24,-0.009297550462841087,-0.009383287280797958
mlp,y_XLC,16,2025-07-24,-0.009297550462841087,-0.003951456397771835
mlp,y_XLC,14,2025-07-28,-0.00859489081211573,0.003847956657409668
mlp,y_XLC,15,2025-07-28,-0.00859489081211573,0.006461229175329208
mlp,y_XLC,16,2025-07-28,-0.00859489081211573,-0.0032698847353458405
mlp,y_XLC,14,2025-07-29,0.0031096623543902524,0.047316499054431915
mlp,y_XLC,15,2025-07-29,0.0031096623543902524,-0.01787896826863289
mlp,y_XLC,16,2025-07-29,0.0031096623543902524,0.002572469413280487
mlp,y_XLC,14,2025-07-30,0.009018377971976133,0.01637411117553711
mlp,y_XLC,15,2025-07-30,0.009018377971976133,-0.01901216432452202
mlp,y_XLC,16,2025-07-30,0.009018377971976133,0.0037326738238334656
mlp,y_XLC,14,2025-07-31,-0.012010088783497297,-0.03202350437641144
mlp,y_XLC,15,2025-07-31,-0.012010088783497297,-0.026249956339597702
mlp,y_XLC,16,2025-07-31,-0.012010088783497297,0.009946055710315704
mlp,y_XLC,14,2025-08-04,-0.00776635806699244,0.013370383530855179
mlp,y_XLC,15,2025-08-04,-0.00776635806699244,-0.01124262809753418
mlp,y_XLC,16,2025-08-04,-0.00776635806699244,-0.02225847914814949
mlp,y_XLC,14,2025-08-05,0.00382035458873764,-0.008037727326154709
mlp,y_XLC,15,2025-08-05,0.00382035458873764,-0.0008775554597377777
mlp,y_XLC,16,2025-08-05,0.00382035458873764,-0.014237377792596817
mlp,y_XLC,14,2025-08-06,-0.004269956198904801,0.023689638823270798
mlp,y_XLC,15,2025-08-06,-0.004269956198904801,0.011545032262802124
mlp,y_XLC,16,2025-08-06,-0.004269956198904801,0.007509561255574226
mlp,y_XLC,14,2025-08-07,0.003356003842183819,-0.005330279469490051
mlp,y_XLC,15,2025-08-07,0.003356003842183819,0.0070173479616642
mlp,y_XLC,16,2025-08-07,0.003356003842183819,0.0003929547965526581
mlp,y_XLC,14,2025-08-11,0.019134803077398566,0.001843450590968132
mlp,y_XLC,15,2025-08-11,0.019134803077398566,0.0012775994837284088
mlp,y_XLC,16,2025-08-11,0.019134803077398566,0.009742474183440208
mlp,y_XLC,14,2025-08-12,0.00780040569884477,-0.003177996724843979
mlp,y_XLC,15,2025-08-12,0.00780040569884477,0.03740553930401802
mlp,y_XLC,16,2025-08-12,0.00780040569884477,0.05020599439740181
mlp,y_XLC,15,2025-08-13,0.0008099702169868106,0.010133042931556702
mlp,y_XLC,16,2025-08-13,0.0008099702169868106,0.018410805612802505
mlp,y_XLC,17,2025-08-13,0.0008099702169868106,0.005446700379252434
mlp,y_XLC,15,2025-08-14,0.0025180137620106624,0.0015042908489704132
mlp,y_XLC,16,2025-08-14,0.0025180137620106624,0.0055407993495464325
mlp,y_XLC,17,2025-08-14,0.0025180137620106624,0.002669746056199074
mlp,y_XLC,15,2025-08-18,-0.005595675577951487,-0.008562378585338593
mlp,y_XLC,16,2025-08-18,-0.005595675577951487,0.0006576627492904663
mlp,y_XLC,17,2025-08-18,-0.005595675577951487,-0.0065026432275772095
mlp,y_XLC,15,2025-08-19,-0.002995144679813655,0.013153444975614548
mlp,y_XLC,16,2025-08-19,-0.002995144679813655,0.013541921973228455
mlp,y_XLC,17,2025-08-19,-0.002995144679813655,-0.010092759504914284
mlp,y_XLC,15,2025-08-20,-0.0010923709673066329,-0.00950659066438675
mlp,y_XLC,16,2025-08-20,-0.0010923709673066329,0.01883016899228096
mlp,y_XLC,17,2025-08-20,-0.0010923709673066329,0.016166113317012787
mlp,y_XLC,15,2025-08-21,0.014398904684524538,-0.016741052269935608
mlp,y_XLC,16,2025-08-21,0.014398904684524538,-0.006904486566781998
mlp,y_XLC,17,2025-08-21,0.014398904684524538,0.009558609686791897
mlp,y_XLC,15,2025-08-25,-0.004395044779220703,0.026747504249215126
mlp,y_XLC,16,2025-08-25,-0.004395044779220703,0.0020213909447193146
mlp,y_XLC,17,2025-08-25,-0.004395044779220703,-0.015961969271302223
mlp,y_XLC,15,2025-08-26,0.0017117778035189435,-0.013350222259759903
mlp,y_XLC,16,2025-08-26,0.0017117778035189435,0.039752356708049774
mlp,y_XLC,17,2025-08-26,0.0017117778035189435,0.020024927332997322
mlp,y_XLC,15,2025-08-27,0.003777256468813439,-0.005418591201305389
mlp,y_XLC,16,2025-08-27,0.003777256468813439,0.04610298573970795
mlp,y_XLC,17,2025-08-27,0.003777256468813439,-0.029698839411139488
mlp,y_XLC,15,2025-08-28,-0.0019711568205514896,-0.002246282994747162
mlp,y_XLC,16,2025-08-28,-0.0019711568205514896,0.02162899449467659
mlp,y_XLC,17,2025-08-28,-0.0019711568205514896,0.015575808472931385
mlp,y_XLC,15,2025-09-02,0.016726642892601173,-0.008386962115764618
mlp,y_XLC,16,2025-09-02,0.016726642892601173,0.028129588812589645
mlp,y_XLC,17,2025-09-02,0.016726642892601173,-0.02443842403590679
mlp,y_XLC,16,2025-09-03,0.009021834742270363,-0.009146004915237427
mlp,y_XLC,17,2025-09-03,0.009021834742270363,0.0030506085604429245
mlp,y_XLC,18,2025-09-03,0.009021834742270363,0.020929817110300064
mlp,y_XLC,16,2025-09-04,0.00534712876710719,0.0035563502460718155
mlp,y_XLC,17,2025-09-04,0.00534712876710719,0.0239560529589653
mlp,y_XLC,18,2025-09-04,0.00534712876710719,0.007100344635546207
mlp,y_XLC,16,2025-09-08,0.005661052106001874,0.0024371836334466934
mlp,y_XLC,17,2025-09-08,0.005661052106001874,-0.01304992102086544
mlp,y_XLC,18,2025-09-08,0.005661052106001874,0.016406774520874023
mlp,y_XLC,16,2025-09-09,-0.007361303319261436,0.032771117985248566
mlp,y_XLC,17,2025-09-09,-0.007361303319261436,0.002972075715661049
mlp,y_XLC,18,2025-09-09,-0.007361303319261436,0.018832076340913773
mlp,y_XLC,16,2025-09-10,0.015355075954161412,-0.011059794574975967
mlp,y_XLC,17,2025-09-10,0.015355075954161412,-0.0214086901396513
mlp,y_XLC,18,2025-09-10,0.015355075954161412,0.023752115666866302
mlp,y_XLC,16,2025-09-11,0.008334823226708421,-0.01797659322619438
mlp,y_XLC,17,2025-09-11,0.008334823226708421,0.009890645742416382
mlp,y_XLC,18,2025-09-11,0.008334823226708421,0.011264909990131855
mlp,y_XLC,16,2025-09-15,-0.004033639783845855,-0.00860348716378212
mlp,y_XLC,17,2025-09-15,-0.004033639783845855,-0.029228271916508675
mlp,y_XLC,18,2025-09-15,-0.004033639783845855,-0.011584021151065826
mlp,y_XLC,16,2025-09-16,0.002615628355119748,0.01762944646179676
mlp,y_XLC,17,2025-09-16,0.002615628355119748,0.017334574833512306
mlp,y_XLC,18,2025-09-16,0.002615628355119748,-0.0008525485172867775
mlp,y_XLC,16,2025-09-17,0.0007572844024363867,0.032575275748968124
mlp,y_XLC,17,2025-09-17,0.0007572844024363867,0.007959052920341492
mlp,y_XLC,18,2025-09-17,0.0007572844024363867,0.016017664223909378
mlp,y_XLC,16,2025-09-18,0.0041205116443514544,-0.09003856778144836
mlp,y_XLC,17,2025-09-18,0.0041205116443514544,-0.11677709221839905
mlp,y_XLC,18,2025-09-18,0.0041205116443514544,0.16939415037631989
mlp,y_XLC,16,2025-09-22,-0.0014336095791197545,-0.06378591060638428
mlp,y_XLC,17,2025-09-22,-0.0014336095791197545,0.032772473990917206
mlp,y_XLC,18,2025-09-22,-0.0014336095791197545,-0.01621447503566742
mlp,y_XLC,17,2025-09-23,-0.008276324093239418,-0.0016511138528585434
mlp,y_XLC,18,2025-09-23,-0.008276324093239418,-0.012998859398066998
mlp,y_XLC,19,2025-09-23,-0.008276324093239418,-0.10586512088775635
mlp,y_XLC,17,2025-09-24,-0.0034063095725317405,-0.07694824784994125
mlp,y_XLC,18,2025-09-24,-0.0034063095725317405,0.11310276389122009
mlp,y_XLC,19,2025-09-24,-0.0034063095725317405,0.08778473734855652
mlp,y_XLC,17,2025-09-25,0.009741098298041706,-0.025729479268193245
mlp,y_XLC,18,2025-09-25,0.009741098298041706,-0.028692085295915604
mlp,y_XLC,19,2025-09-25,0.009741098298041706,0.015300687402486801
mlp,y_XLC,17,2025-09-29,-0.0015183578156720001,-0.00113661028444767
mlp,y_XLC,18,2025-09-29,-0.0015183578156720001,-0.0074273208156228065
mlp,y_XLC,19,2025-09-29,-0.0015183578156720001,-0.029453057795763016
mlp,y_XLC,17,2025-09-30,-0.014023861864980058,0.019403601065278053
mlp,y_XLC,18,2025-09-30,-0.014023861864980058,0.025769028812646866
mlp,y_XLC,19,2025-09-30,-0.014023861864980058,-0.027095209807157516
mlp,y_XLC,17,2025-10-01,-0.0022277604170869436,0.03476841375231743
mlp,y_XLC,18,2025-10-01,-0.0022277604170869436,-0.051472630351781845
mlp,y_XLC,19,2025-10-01,-0.0022277604170869436,-0.044986434280872345
mlp,y_XLC,17,2025-10-02,-0.0005151806747434318,-0.014468615874648094
mlp,y_XLC,18,2025-10-02,-0.0005151806747434318,0.006130329333245754
mlp,y_XLC,19,2025-10-02,-0.0005151806747434318,-0.029116466641426086
mlp,y_XLC,17,2025-10-06,-0.0038623905525715374,-0.0004419758915901184
mlp,y_XLC,18,2025-10-06,-0.0038623905525715374,0.011578303761780262
mlp,y_XLC,19,2025-10-06,-0.0038623905525715374,-0.019866742193698883
mlp,y_XLC,17,2025-10-07,-0.004135756430715065,0.0018209051340818405
mlp,y_XLC,18,2025-10-07,-0.004135756430715065,0.016821689903736115
mlp,y_XLC,19,2025-10-07,-0.004135756430715065,-0.007291907444596291
mlp,y_XLC,17,2025-10-08,-0.00571037248245343,-0.05281023681163788
mlp,y_XLC,18,2025-10-08,-0.00571037248245343,0.024293202906847
mlp,y_XLC,19,2025-10-08,-0.00571037248245343,-0.022928981110453606
mlp,y_XLC,17,2025-10-09,-0.018447552305029924,0.026085499674081802
mlp,y_XLC,18,2025-10-09,-0.018447552305029924,-0.01737029477953911
mlp,y_XLC,19,2025-10-09,-0.018447552305029924,-0.016139298677444458
mlp,y_XLC,18,2025-10-13,0.0065882090643460955,-0.004255666397511959
mlp,y_XLC,19,2025-10-13,0.0065882090643460955,0.004849780350923538
mlp,y_XLC,20,2025-10-13,0.0065882090643460955,-0.038246478885412216
mlp,y_XLC,18,2025-10-14,0.007068698415938712,0.014997520484030247
mlp,y_XLC,19,2025-10-14,0.007068698415938712,-0.016747651621699333
mlp,y_XLC,20,2025-10-14,0.007068698415938712,0.023837560787796974
mlp,y_XLC,18,2025-10-15,-0.01065855783739078,0.016607042402029037
mlp,y_XLC,19,2025-10-15,-0.01065855783739078,0.026166420429944992
mlp,y_XLC,20,2025-10-15,-0.01065855783739078,0.028264101594686508
mlp,y_XLC,18,2025-10-16,0.006744344622333642,-0.025407444685697556
mlp,y_XLC,19,2025-10-16,0.006744344622333642,-0.04376335069537163
mlp,y_XLC,20,2025-10-16,0.006744344622333642,-0.01459035649895668
mlp,y_XLC,18,2025-10-20,0.0035272440705136354,0.011106426827609539
mlp,y_XLC,19,2025-10-20,0.0035272440705136354,0.016708582639694214
mlp,y_XLC,20,2025-10-20,0.0035272440705136354,0.0038578175008296967
mlp,y_XLC,18,2025-10-21,-0.008658410306786268,0.00966231245547533
mlp,y_XLC,19,2025-10-21,-0.008658410306786268,-0.003285769373178482
mlp,y_XLC,20,2025-10-21,-0.008658410306786268,-0.0114264115691185
mlp,y_XLC,18,2025-10-22,-0.003372527138309711,0.029335688799619675
mlp,y_XLC,19,2025-10-22,-0.003372527138309711,-0.011920008808374405
mlp,y_XLC,20,2025-10-22,-0.003372527138309711,-0.040882658213377
mlp,y_XLC,18,2025-10-23,0.002603055979085944,-0.000500665046274662
mlp,y_XLC,19,2025-10-23,0.002603055979085944,-0.02046649530529976
mlp,y_XLC,20,2025-10-23,0.002603055979085944,-0.005416829138994217
mlp,y_XLC,18,2025-10-27,-0.0049505312722244454,0.003906754776835442
mlp,y_XLC,19,2025-10-27,-0.0049505312722244454,-0.007312290370464325
mlp,y_XLC,20,2025-10-27,-0.0049505312722244454,-0.0033976323902606964
mlp,y_XLC,18,2025-10-28,-0.002487547653430622,-0.015845565125346184
mlp,y_XLC,19,2025-10-28,-0.002487547653430622,0.010003436356782913
mlp,y_XLC,20,2025-10-28,-0.002487547653430622,-0.014546182006597519
mlp,y_XLC,18,2025-10-29,-0.016940433195769544,0.008943253196775913
mlp,y_XLC,19,2025-10-29,-0.016940433195769544,-0.025201307609677315
mlp,y_XLC,20,2025-10-29,-0.016940433195769544,0.008031882345676422
mlp,y_XLC,18,2025-10-30,0.00428621222649106,-0.015027369372546673
mlp,y_XLC,19,2025-10-30,0.00428621222649106,-0.021006949245929718
mlp,y_XLC,20,2025-10-30,0.00428621222649106,-0.011008359491825104
mlp,y_XLC,19,2025-11-03,-0.006866784938220127,0.018172312527894974
mlp,y_XLC,20,2025-11-03,-0.006866784938220127,-0.007051944732666016
mlp,y_XLC,21,2025-11-03,-0.006866784938220127,0.02193998545408249
mlp,y_XLC,19,2025-11-04,0.005407327928086403,-0.03417856991291046
mlp,y_XLC,20,2025-11-04,0.005407327928086403,0.0040083713829517365
mlp,y_XLC,21,2025-11-04,0.005407327928086403,0.02457544580101967
mlp,y_XLC,19,2025-11-05,-0.00899312157322063,0.0054689981043338776
mlp,y_XLC,20,2025-11-05,-0.00899312157322063,0.007891621440649033
mlp,y_XLC,21,2025-11-05,-0.00899312157322063,0.02373070828616619
mlp,y_XLC,19,2025-11-06,-0.0025800561009664547,-0.010770000517368317
mlp,y_XLC,20,2025-11-06,-0.0025800561009664547,-0.0004367716610431671
mlp,y_XLC,21,2025-11-06,-0.0025800561009664547,-0.02732749655842781
mlp,y_XLC,19,2025-11-10,0.008121461172466926,-0.005762714892625809
mlp,y_XLC,20,2025-11-10,0.008121461172466926,-0.015371814370155334
mlp,y_XLC,21,2025-11-10,0.008121461172466926,0.034400198608636856
mlp,y_XLC,19,2025-11-11,-0.0057793100859779845,-0.03946632519364357
mlp,y_XLC,20,2025-11-11,-0.0057793100859779845,-0.01297016441822052
mlp,y_XLC,21,2025-11-11,-0.0057793100859779845,-0.07442224025726318
mlp,y_XLC,19,2025-11-12,-0.014180027736483414,-0.022099219262599945
mlp,y_XLC,20,2025-11-12,-0.014180027736483414,0.01154797151684761
mlp,y_XLC,21,2025-11-12,-0.014180027736483414,0.008863769471645355
mlp,y_XLC,19,2025-11-13,-0.005360464188339353,-0.0124442707747221
mlp,y_XLC,20,2025-11-13,-0.005360464188339353,-0.03391295298933983
mlp,y_XLC,21,2025-11-13,-0.005360464188339353,0.02465019002556801
mlp,y_XLC,19,2025-11-17,0.005666494097301467,0.004509914666414261
mlp,y_XLC,20,2025-11-17,0.005666494097301467,-0.018689420074224472
mlp,y_XLC,21,2025-11-17,0.005666494097301467,-0.00276758149266243
mlp,y_XLC,19,2025-11-18,-0.005545093538284029,-0.007780667394399643
mlp,y_XLC,20,2025-11-18,-0.005545093538284029,-0.0012557543814182281
mlp,y_XLC,21,2025-11-18,-0.005545093538284029,-0.01106765866279602
mlp,y_XLC,19,2025-11-19,-0.01097222133306519,0.0010640807449817657
mlp,y_XLC,20,2025-11-19,-0.01097222133306519,0.00476456806063652
mlp,y_XLC,21,2025-11-19,-0.01097222133306519,-0.0056305937469005585
mlp,y_XLC,19,2025-11-20,0.017550265443301516,0.008772358298301697
mlp,y_XLC,20,2025-11-20,0.017550265443301516,-0.01243915781378746
mlp,y_XLC,21,2025-11-20,0.017550265443301516,-0.02561701461672783
mlp,y_XLC,20,2025-11-24,0.011414969053105795,-0.002658676356077194
mlp,y_XLC,21,2025-11-24,0.011414969053105795,-0.00362270325422287
mlp,y_XLC,22,2025-11-24,0.011414969053105795,-0.0030625462532043457
mlp,y_XLC,20,2025-11-25,0.0013997682744995021,0.028554461896419525
mlp,y_XLC,21,2025-11-25,0.0013997682744995021,0.01335836760699749
mlp,y_XLC,22,2025-11-25,0.0013997682744995021,0.0023404620587825775
mlp,y_XLC,20,2025-12-01,0.0033086878397272645,0.020249567925930023
mlp,y_XLC,21,2025-12-01,0.0033086878397272645,0.01505095511674881
mlp,y_XLC,22,2025-12-01,0.0033086878397272645,-0.004906222224235535
mlp,y_XLC,20,2025-12-02,-0.000867835928061722,-0.027243997901678085
mlp,y_XLC,21,2025-12-02,-0.000867835928061722,-0.008253160864114761
mlp,y_XLC,22,2025-12-02,-0.000867835928061722,-0.0405254103243351
mlp,y_XLC,20,2025-12-03,0.00573262567924826,-0.009902145713567734
mlp,y_XLC,21,2025-12-03,0.00573262567924826,-0.031105641275644302
mlp,y_XLC,22,2025-12-03,0.00573262567924826,-0.004832535982131958
mlp,y_XLC,20,2025-12-04,0.011572693862949013,-0.01072666421532631
mlp,y_XLC,21,2025-12-04,0.011572693862949013,-0.002749357372522354
mlp,y_XLC,22,2025-12-04,0.011572693862949013,0.022776253521442413
mlp,y_XLC,20,2025-12-08,0.0011181586355302198,-0.21534818410873413
mlp,y_XLC,21,2025-12-08,0.0011181586355302198,-0.005273018032312393
mlp,y_XLC,22,2025-12-08,0.0011181586355302198,0.12187615782022476
mlp,y_XLC,20,2025-12-09,0.005842403402497531,-0.03135285899043083
mlp,y_XLC,21,2025-12-09,0.005842403402497531,0.01526552066206932
mlp,y_XLC,22,2025-12-09,0.005842403402497531,0.004018392413854599
mlp,y_XLC,20,2025-12-10,-0.0022209098178808118,0.02580537274479866
mlp,y_XLC,21,2025-12-10,-0.0022209098178808118,0.014782540500164032
mlp,y_XLC,22,2025-12-10,-0.0022209098178808118,-0.009273558855056763
mlp,y_XLC,20,2025-12-11,-0.0022257877111721003,-0.005510371178388596
mlp,y_XLC,21,2025-12-11,-0.0022257877111721003,-0.07778047025203705
mlp,y_XLC,22,2025-12-11,-0.0022257877111721003,0.015462420880794525
mlp,y_XLC,21,2025-12-15,0.0006863536505308243,-0.019942861050367355
mlp,y_XLC,22,2025-12-15,0.0006863536505308243,0.032526470720767975
mlp,y_XLC,23,2025-12-15,0.0006863536505308243,0.0475982129573822
mlp,y_XLC,21,2025-12-16,-0.007201081402350762,0.003717951476573944
mlp,y_XLC,22,2025-12-16,-0.007201081402350762,-0.0018099956214427948
mlp,y_XLC,23,2025-12-16,-0.007201081402350762,-0.025149159133434296
mlp,y_XLC,21,2025-12-17,0.005699031721761338,0.03202029690146446
mlp,y_XLC,22,2025-12-17,0.005699031721761338,-0.02832924574613571
mlp,y_XLC,23,2025-12-17,0.005699031721761338,-0.014481921680271626
mlp,y_XLC,21,2025-12-18,0.0004292653844522043,-0.010686196386814117
mlp,y_XLC,22,2025-12-18,0.0004292653844522043,0.026913873851299286
mlp,y_XLC,23,2025-12-18,0.0004292653844522043,0.020300796255469322
mlp,y_XLC,21,2025-12-23,0.005963003253102617,0.009260455146431923
mlp,y_XLC,22,2025-12-23,0.005963003253102617,0.005513578653335571
mlp,y_XLC,23,2025-12-23,0.005963003253102617,0.04434113949537277
mlp,y_XLC,21,2025-12-29,0.003393006429297074,-0.010179419070482254
mlp,y_XLC,22,2025-12-29,0.003393006429297074,-0.0012112297117710114
mlp,y_XLC,23,2025-12-29,0.003393006429297074,0.0038055051118135452
mlp,y_XLC,21,2025-12-30,-0.004818663373172716,-0.004703503102064133
mlp,y_XLC,22,2025-12-30,-0.004818663373172716,-0.017126470804214478
mlp,y_XLC,23,2025-12-30,-0.004818663373172716,0.0007555335760116577
mlp,y_XLC,22,2026-01-05,-0.0035668634305335845,0.0351327583193779
mlp,y_XLC,23,2026-01-05,-0.0035668634305335845,0.028609061613678932
mlp,y_XLC,24,2026-01-05,-0.0035668634305335845,0.006796317175030708
mlp,y_XLC,22,2026-01-06,-0.00204555944275564,0.02121926099061966
mlp,y_XLC,23,2026-01-06,-0.00204555944275564,-0.0014019664376974106
mlp,y_XLC,24,2026-01-06,-0.00204555944275564,-0.026671431958675385
mlp,y_XLC,22,2026-01-07,0.003330831251523003,0.0295376256108284
mlp,y_XLC,23,2026-01-07,0.003330831251523003,0.023199686780571938
mlp,y_XLC,24,2026-01-07,0.003330831251523003,0.007155662402510643
mlp,y_XLC,22,2026-01-08,0.0036601999735166313,0.028728321194648743
mlp,y_XLC,23,2026-01-08,0.0036601999735166313,-0.0016494281589984894
mlp,y_XLC,24,2026-01-08,0.0036601999735166313,0.022017043083906174
mlp,y_XLC,22,2026-01-12,-0.00561466307932601,0.012924157083034515
mlp,y_XLC,23,2026-01-12,-0.00561466307932601,0.02875307761132717
mlp,y_XLC,24,2026-01-12,-0.00561466307932601,-0.0035107508301734924
mlp,y_XLC,22,2026-01-13,-0.0021387629506834926,-0.02069767564535141
mlp,y_XLC,23,2026-01-13,-0.0021387629506834926,0.008760092779994011
mlp,y_XLC,24,2026-01-13,-0.0021387629506834926,0.029467497020959854
mlp,y_XLC,22,2026-01-14,-0.0036865595629790304,-0.00685824453830719
mlp,y_XLC,23,2026-01-14,-0.0036865595629790304,-0.023702722042798996
mlp,y_XLC,24,2026-01-14,-0.0036865595629790304,0.002020256593823433
mlp,y_XLC,22,2026-01-15,-0.008949323842360246,0.035193830728530884
mlp,y_XLC,23,2026-01-15,-0.008949323842360246,-0.030993549153208733
mlp,y_XLC,24,2026-01-15,-0.008949323842360246,-0.008748352527618408
mlp,y_XLC,22,2026-01-21,0.014132450365506255,-0.011492542922496796
mlp,y_XLC,23,2026-01-21,0.014132450365506255,-0.0020208172500133514
mlp,y_XLC,24,2026-01-21,0.014132450365506255,0.006940219551324844
mlp,y_XLC,22,2026-01-22,0.006107519006216311,-0.015395455062389374
mlp,y_XLC,23,2026-01-22,0.006107519006216311,-0.0030254898592829704
mlp,y_XLC,24,2026-01-22,0.006107519006216311,0.0113140270113945
mlp,y_XLC,23,2026-01-26,-0.007387239042081828,0.006812207400798798
mlp,y_XLC,24,2026-01-26,-0.007387239042081828,-0.015176575630903244
mlp,y_XLC,23,2026-01-27,-0.00128316102584225,0.0019504912197589874
mlp,y_XLC,24,2026-01-27,-0.00128316102584225,-0.006202328950166702
mlp,y_XLC,23,2026-01-28,0.026038551738992277,-0.012703737244009972
mlp,y_XLC,24,2026-01-28,0.026038551738992277,0.0040361471474170685
mlp,y_XLC,23,2026-01-29,0.002420910871616222,0.03880465030670166
mlp,y_XLC,24,2026-01-29,0.002420910871616222,0.001462012529373169
mlp,y_XLC,23,2026-02-02,-0.016127687262526003,-0.02402622252702713
mlp,y_XLC,24,2026-02-02,-0.016127687262526003,-0.014899048954248428
mlp,y_XLC,23,2026-02-03,-0.007983648964384527,0.001652287319302559
mlp,y_XLC,24,2026-02-03,-0.007983648964384527,0.0030063167214393616
mlp,y_XLC,23,2026-02-04,-0.005051403697512669,0.002018377184867859
mlp,y_XLC,24,2026-02-04,-0.005051403697512669,-0.014477219432592392
mlp,y_XLC,23,2026-02-05,-0.0038722739160773623,-0.023663632571697235
mlp,y_XLC,24,2026-02-05,-0.0038722739160773623,0.040904246270656586
mlp,y_XLC,23,2026-02-09,0.00598908790285968,-0.008784938603639603
mlp,y_XLC,24,2026-02-09,0.00598908790285968,0.0034828782081604004
mlp,y_XLC,23,2026-02-10,-0.00714410575101132,0.0018948167562484741
mlp,y_XLC,24,2026-02-10,-0.00714410575101132,-0.009146977216005325
mlp,y_XLC,23,2026-02-11,-0.017988680080084363,-0.008107487112283707
mlp,y_XLC,24,2026-02-11,-0.017988680080084363,0.05314042046666145
mlp,y_XLC,23,2026-02-12,-0.000523356236158401,0.004871385172009468
mlp,y_XLC,24,2026-02-12,-0.000523356236158401,-0.025971494615077972
mlp,y_XLC,24,2026-02-17,0.0016607937891393032,-0.01215251162648201
mlp,y_XLC,24,2026-02-18,0.004799747528885678,0.01595088094472885
mlp,y_XLC,24,2026-02-19,0.014417263078938314,0.004994912073016167
mlp,y_XLC,24,2026-02-23,0.006934839177575647,-0.030734624713659286
mlp,y_XLC,24,2026-02-24,0.0029269656264785393,-0.013365145772695541
mlp,y_XLC,24,2026-02-25,0.0018884224953057416,0.002354338765144348
mlp,y_XLC,24,2026-02-26,0.011394806521118905,0.007722020149230957
mlp,y_XLC,24,2026-03-02,0.0007635219800927739,0.0029752105474472046
mlp,y_XLC,24,2026-03-03,0.007036299063213125,0.00732041522860527
mlp,y_XLC,24,2026-03-04,-0.002946363089684545,0.04412514716386795
mlp,y_XLC,24,2026-03-05,-0.008274259850833743,0.012377697974443436
mlp,y_XLE,0,2024-08-05,0.0061308513333226955,-0.007355047389864922
mlp,y_XLE,0,2024-08-06,0.004023775304114796,0.016400765627622604
mlp,y_XLE,0,2024-08-07,0.021527542183078063,-0.003707602620124817
mlp,y_XLE,0,2024-08-08,0.002241991290100609,-0.022796252742409706
mlp,y_XLE,0,2024-08-12,-0.00968276136238122,-0.0081360824406147
mlp,y_XLE,0,2024-08-13,0.005843920328309604,0.024546537548303604
mlp,y_XLE,0,2024-08-14,0.01195526462180485,-0.0032204343006014824
mlp,y_XLE,0,2024-08-15,-0.0011039415927895924,0.008097857236862183
mlp,y_XLE,0,2024-08-19,-0.026350551463097616,0.02389352396130562
mlp,y_XLE,0,2024-08-20,0.0016915204683649598,0.04917919263243675
mlp,y_XLE,0,2024-08-21,0.002589260825728301,0.09454269707202911
mlp,y_XLE,0,2024-08-22,0.014933708866977868,0.031988486647605896
mlp,y_XLE,0,2024-08-26,-0.009320133129440134,-0.009007852524518967
mlp,y_XLE,1,2024-08-26,-0.009320133129440134,0.01943303272128105
mlp,y_XLE,0,2024-08-27,-0.006419480655098231,0.032169077545404434
mlp,y_XLE,1,2024-08-27,-0.006419480655098231,0.007703598588705063
mlp,y_XLE,0,2024-08-28,0.01303344302955134,0.00867142528295517
mlp,y_XLE,1,2024-08-28,0.01303344302955134,0.005819614976644516
mlp,y_XLE,0,2024-08-29,0.0037386406858141985,0.009860238060355186
mlp,y_XLE,1,2024-08-29,0.0037386406858141985,-0.0028004758059978485
mlp,y_XLE,0,2024-09-03,-0.013818807768049668,-0.025218650698661804
mlp,y_XLE,1,2024-09-03,-0.013818807768049668,-0.009165804833173752
mlp,y_XLE,0,2024-09-04,-0.007746549420837523,0.02493571862578392
mlp,y_XLE,1,2024-09-04,-0.007746549420837523,-0.012839073315262794
mlp,y_XLE,0,2024-09-05,-0.012514398488310596,-0.017746392637491226
mlp,y_XLE,1,2024-09-05,-0.012514398488310596,0.021946489810943604
mlp,y_XLE,0,2024-09-09,-0.017199631501240153,-0.03893660381436348
mlp,y_XLE,1,2024-09-09,-0.017199631501240153,-0.03530573472380638
mlp,y_XLE,0,2024-09-10,-0.009278882809441558,0.01768183708190918
mlp,y_XLE,1,2024-09-10,-0.009278882809441558,-0.0017404593527317047
mlp,y_XLE,0,2024-09-11,0.009010078344251493,-0.028548378497362137
mlp,y_XLE,1,2024-09-11,0.009010078344251493,-0.038976192474365234
mlp,y_XLE,0,2024-09-12,0.005639666922565567,-0.00384550541639328
mlp,y_XLE,1,2024-09-12,0.005639666922565567,-0.05920584499835968
mlp,y_XLE,2,2024-09-12,0.005639666922565567,0.05253584682941437
mlp,y_XLE,0,2024-09-16,0.013514936237957631,0.010847475379705429
mlp,y_XLE,1,2024-09-16,0.013514936237957631,0.04224612936377525
mlp,y_XLE,2,2024-09-16,0.013514936237957631,0.0912163108587265
mlp,y_XLE,0,2024-09-17,0.0019375887745565201,-0.04756414145231247
mlp,y_XLE,1,2024-09-17,0.0019375887745565201,-0.009627807885408401
mlp,y_XLE,2,2024-09-17,0.0019375887745565201,0.020951109007000923
mlp,y_XLE,0,2024-09-18,0.011943989712195124,0.02352294698357582
mlp,y_XLE,1,2024-09-18,0.011943989712195124,-0.02453620359301567
mlp,y_XLE,2,2024-09-18,0.011943989712195124,0.0036755800247192383
mlp,y_XLE,0,2024-09-19,-0.002248111735721703,-0.011364053934812546
mlp,y_XLE,1,2024-09-19,-0.002248111735721703,0.022477995604276657
mlp,y_XLE,2,2024-09-19,-0.002248111735721703,0.012094851583242416
mlp,y_XLE,0,2024-09-23,-0.002468702309007864,0.011382950469851494
mlp,y_XLE,1,2024-09-23,-0.002468702309007864,-0.00935986265540123
mlp,y_XLE,2,2024-09-23,-0.002468702309007864,0.011986346915364265
mlp,y_XLE,0,2024-09-24,-0.019572414607229915,0.004094997420907021
mlp,y_XLE,1,2024-09-24,-0.019572414607229915,-0.03610069677233696
mlp,y_XLE,2,2024-09-24,-0.019572414607229915,0.011294325813651085
mlp,y_XLE,0,2024-09-25,-0.019619257641427468,-0.01464180089533329
mlp,y_XLE,1,2024-09-25,-0.019619257641427468,-0.012651337310671806
mlp,y_XLE,2,2024-09-25,-0.019619257641427468,-0.009238261729478836
mlp,y_XLE,0,2024-09-26,0.02036292052097899,0.0038910768926143646
mlp,y_XLE,1,2024-09-26,0.02036292052097899,-0.02255209907889366
mlp,y_XLE,2,2024-09-26,0.02036292052097899,-0.016619401052594185
mlp,y_XLE,0,2024-09-30,0.022779006152215286,0.027468029409646988
mlp,y_XLE,1,2024-09-30,0.022779006152215286,0.0016015097498893738
mlp,y_XLE,2,2024-09-30,0.022779006152215286,0.033237360417842865
mlp,y_XLE,0,2024-10-01,0.010245096485526073,0.03014608472585678
mlp,y_XLE,1,2024-10-01,0.010245096485526073,-0.01003703847527504
mlp,y_XLE,2,2024-10-01,0.010245096485526073,-0.03424457460641861
mlp,y_XLE,0,2024-10-02,0.017636654318403,0.01260208711028099
mlp,y_XLE,1,2024-10-02,0.017636654318403,-0.018969882279634476
mlp,y_XLE,2,2024-10-02,0.017636654318403,0.05658181756734848
mlp,y_XLE,0,2024-10-03,0.009315426270464888,0.013416625559329987
mlp,y_XLE,1,2024-10-03,0.009315426270464888,0.01620422676205635
mlp,y_XLE,2,2024-10-03,0.009315426270464888,0.013088466599583626
mlp,y_XLE,1,2024-10-07,-0.026093489142903437,0.010639842599630356
mlp,y_XLE,2,2024-10-07,-0.026093489142903437,-0.004441600292921066
mlp,y_XLE,3,2024-10-07,-0.026093489142903437,-0.003249518573284149
mlp,y_XLE,1,2024-10-08,0.006039212892686718,-0.03965771943330765
mlp,y_XLE,2,2024-10-08,0.006039212892686718,-0.012202734127640724
mlp,y_XLE,3,2024-10-08,0.006039212892686718,0.007868412882089615
mlp,y_XLE,1,2024-10-09,0.006767105328696177,-0.00933549739420414
mlp,y_XLE,2,2024-10-09,0.006767105328696177,0.01567007414996624
mlp,y_XLE,3,2024-10-09,0.006767105328696177,-0.0006822459399700165
mlp,y_XLE,1,2024-10-10,0.0061795561200574944,0.00014141947031021118
mlp,y_XLE,2,2024-10-10,0.0061795561200574944,-0.010506783612072468
mlp,y_XLE,3,2024-10-10,0.0061795561200574944,-0.0037373825907707214
mlp,y_XLE,1,2024-10-14,-0.032230178883911775,-0.007478825747966766
mlp,y_XLE,2,2024-10-14,-0.032230178883911775,-0.0137330312281847
mlp,y_XLE,3,2024-10-14,-0.032230178883911775,-0.02949221059679985
mlp,y_XLE,1,2024-10-15,0.004789442098403596,0.009468495845794678
mlp,y_XLE,2,2024-10-15,0.004789442098403596,0.03486932814121246
mlp,y_XLE,3,2024-10-15,0.004789442098403596,0.0257025845348835
mlp,y_XLE,1,2024-10-16,0.004766700814831992,-0.009410817176103592
mlp,y_XLE,2,2024-10-16,0.004766700814831992,0.008148545399308205
mlp,y_XLE,3,2024-10-16,0.004766700814831992,0.013699762523174286
mlp,y_XLE,1,2024-10-17,-0.0033098792549732803,0.045424263924360275
mlp,y_XLE,2,2024-10-17,-0.0033098792549732803,0.02417043410241604
mlp,y_XLE,3,2024-10-17,-0.0033098792549732803,0.005589399486780167
mlp,y_XLE,1,2024-10-21,0.0023315340017875386,0.004681684076786041
mlp,y_XLE,2,2024-10-21,0.0023315340017875386,0.004098428413271904
mlp,y_XLE,3,2024-10-21,0.0023315340017875386,-0.08563117682933807
mlp,y_XLE,1,2024-10-22,-0.005205964790783946,8.336827158927917e-05
mlp,y_XLE,2,2024-10-22,-0.005205964790783946,-0.008297326043248177
mlp,y_XLE,3,2024-10-22,-0.005205964790783946,0.01451234519481659
mlp,y_XLE,1,2024-10-23,-0.00011136370074482649,-0.003892224282026291
mlp,y_XLE,2,2024-10-23,-0.00011136370074482649,-0.006211189553141594
mlp,y_XLE,3,2024-10-23,-0.00011136370074482649,-0.0003889352083206177
mlp,y_XLE,1,2024-10-24,-0.00033403977773671656,0.015519578009843826
mlp,y_XLE,2,2024-10-24,-0.00033403977773671656,0.00929809920489788
mlp,y_XLE,3,2024-10-24,-0.00033403977773671656,-0.01355026289820671
mlp,y_XLE,2,2024-10-28,-0.015246630136527273,0.0878540426492691
mlp,y_XLE,3,2024-10-28,-0.015246630136527273,-0.17896510660648346
mlp,y_XLE,4,2024-10-28,-0.015246630136527273,0.1357823610305786
mlp,y_XLE,2,2024-10-29,0.0022768633627650026,0.0691126137971878
mlp,y_XLE,3,2024-10-29,0.0022768633627650026,0.0383334681391716
mlp,y_XLE,4,2024-10-29,0.0022768633627650026,0.10384998470544815
mlp,y_XLE,2,2024-10-30,0.006247150339873109,0.007349591702222824
mlp,y_XLE,3,2024-10-30,0.006247150339873109,-0.008410494774580002
mlp,y_XLE,4,2024-10-30,0.006247150339873109,0.01892421767115593
mlp,y_XLE,2,2024-10-31,-0.0063212630715896445,0.009015820920467377
mlp,y_XLE,3,2024-10-31,-0.0063212630715896445,-0.05352908745408058
mlp,y_XLE,4,2024-10-31,-0.0063212630715896445,0.05013223737478256
mlp,y_XLE,2,2024-11-04,0.006698660489806052,0.007024634629487991
mlp,y_XLE,3,2024-11-04,0.006698660489806052,0.014877282083034515
mlp,y_XLE,4,2024-11-04,0.006698660489806052,0.02296566218137741
mlp,y_XLE,2,2024-11-05,0.037595662199719326,-0.009349919855594635
mlp,y_XLE,3,2024-11-05,0.037595662199719326,0.014889184385538101
mlp,y_XLE,4,2024-11-05,0.037595662199719326,-0.0028101205825805664
mlp,y_XLE,2,2024-11-06,-0.004596024675739163,-0.01644362136721611
mlp,y_XLE,3,2024-11-06,-0.004596024675739163,-0.013510335236787796
mlp,y_XLE,4,2024-11-06,-0.004596024675739163,0.0010364949703216553
mlp,y_XLE,2,2024-11-07,0.006657469623720935,0.031996630132198334
mlp,y_XLE,3,2024-11-07,0.006657469623720935,0.01771954819560051
mlp,y_XLE,4,2024-11-07,0.006657469623720935,0.013635486364364624
mlp,y_XLE,2,2024-11-11,-0.005303343400044347,0.05956663191318512
mlp,y_XLE,3,2024-11-11,-0.005303343400044347,0.001258302479982376
mlp,y_XLE,4,2024-11-11,-0.005303343400044347,0.044521063566207886
mlp,y_XLE,2,2024-11-12,0.0077842990989827054,0.03138981759548187
mlp,y_XLE,3,2024-11-12,0.0077842990989827054,0.023086439818143845
mlp,y_XLE,4,2024-11-12,0.0077842990989827054,0.024848688393831253
mlp,y_XLE,2,2024-11-13,0.0038090469576079755,-0.011611022055149078
mlp,y_XLE,3,2024-11-13,0.0038090469576079755,0.02186523750424385
mlp,y_XLE,4,2024-11-13,0.0038090469576079755,0.006983630359172821
mlp,y_XLE,2,2024-11-14,-0.0014756844346592857,0.13860493898391724
mlp,y_XLE,3,2024-11-14,-0.0014756844346592857,-0.06698912382125854
mlp,y_XLE,4,2024-11-14,-0.0014756844346592857,0.08733347058296204
mlp,y_XLE,3,2024-11-18,-0.006354752472762737,0.018871720880270004
mlp,y_XLE,4,2024-11-18,-0.006354752472762737,0.017695367336273193
mlp,y_XLE,5,2024-11-18,-0.006354752472762737,0.05170702189207077
mlp,y_XLE,3,2024-11-19,0.010064920017777812,-0.07494786381721497
mlp,y_XLE,4,2024-11-19,0.010064920017777812,0.05863276869058609
mlp,y_XLE,5,2024-11-19,0.010064920017777812,0.05499773472547531
mlp,y_XLE,3,2024-11-20,0.008096444991377849,-0.046003248542547226
mlp,y_XLE,4,2024-11-20,0.008096444991377849,-0.0005213581025600433
mlp,y_XLE,5,2024-11-20,0.008096444991377849,0.023718325421214104
mlp,y_XLE,3,2024-11-21,0.0015443966137553833,-0.033542413264513016
mlp,y_XLE,4,2024-11-21,0.0015443966137553833,0.009622137993574142
mlp,y_XLE,5,2024-11-21,0.0015443966137553833,0.0023587755858898163
mlp,y_XLE,3,2024-11-25,-0.001363445762299298,-0.002494845539331436
mlp,y_XLE,4,2024-11-25,-0.001363445762299298,-0.0163239948451519
mlp,y_XLE,5,2024-11-25,-0.001363445762299298,-0.02076870948076248
mlp,y_XLE,3,2024-11-26,-0.0010501143419804349,0.011749986559152603
mlp,y_XLE,4,2024-11-26,-0.0010501143419804349,-0.006156161427497864
mlp,y_XLE,5,2024-11-26,-0.0010501143419804349,0.008645152673125267
mlp,y_XLE,3,2024-12-02,-0.00010564614731378708,-0.10772636532783508
mlp,y_XLE,4,2024-12-02,-0.00010564614731378708,0.015203408896923065
mlp,y_XLE,5,2024-12-02,-0.00010564614731378708,0.009443679824471474
mlp,y_XLE,3,2024-12-03,-0.024124440756533305,0.015038147568702698
mlp,y_XLE,4,2024-12-03,-0.024124440756533305,0.04073689132928848
mlp,y_XLE,5,2024-12-03,-0.024124440756533305,0.06000527739524841
mlp,y_XLE,3,2024-12-04,0.0039032097089928275,0.0008856020867824554
mlp,y_XLE,4,2024-12-04,0.0039032097089928275,0.007890269160270691
mlp,y_XLE,5,2024-12-04,0.0039032097089928275,-0.007763879373669624
mlp,y_XLE,3,2024-12-05,-0.016956395888747644,0.029156651347875595
mlp,y_XLE,4,2024-12-05,-0.016956395888747644,0.004340216517448425
mlp,y_XLE,5,2024-12-05,-0.016956395888747644,0.017003105953335762
mlp,y_XLE,4,2024-12-09,-0.006822870382610979,0.008910030126571655
mlp,y_XLE,5,2024-12-09,-0.006822870382610979,-0.034541189670562744
mlp,y_XLE,6,2024-12-09,-0.006822870382610979,0.01842387393116951
mlp,y_XLE,4,2024-12-10,0.0016619589868058782,0.009590774774551392
mlp,y_XLE,5,2024-12-10,0.0016619589868058782,0.012105429545044899
mlp,y_XLE,6,2024-12-10,0.0016619589868058782,0.019198738038539886
mlp,y_XLE,4,2024-12-11,-0.008075261223531305,0.0021621733903884888
mlp,y_XLE,5,2024-12-11,-0.008075261223531305,0.0024562086910009384
mlp,y_XLE,6,2024-12-11,-0.008075261223531305,-0.0023527275770902634
mlp,y_XLE,4,2024-12-12,-0.005018127073042944,-0.058849871158599854
mlp,y_XLE,5,2024-12-12,-0.005018127073042944,-0.04541706293821335
mlp,y_XLE,6,2024-12-12,-0.005018127073042944,-0.005524236708879471
mlp,y_XLE,4,2024-12-16,-0.007449081738816421,0.00516635924577713
mlp,y_XLE,5,2024-12-16,-0.007449081738816421,0.025481948629021645
mlp,y_XLE,6,2024-12-16,-0.007449081738816421,-0.02629871293902397
mlp,y_XLE,4,2024-12-17,-0.029557667680115585,0.011064447462558746
mlp,y_XLE,5,2024-12-17,-0.029557667680115585,-0.009912257082760334
mlp,y_XLE,6,2024-12-17,-0.029557667680115585,0.016679469496011734
mlp,y_XLE,4,2024-12-18,-0.008685348331939235,0.007360376417636871
mlp,y_XLE,5,2024-12-18,-0.008685348331939235,-0.023351924493908882
mlp,y_XLE,6,2024-12-18,-0.008685348331939235,-0.019398342818021774
mlp,y_XLE,4,2024-12-19,0.009841596479849724,0.019081193953752518
mlp,y_XLE,5,2024-12-19,0.009841596479849724,0.01117439940571785
mlp,y_XLE,6,2024-12-19,0.009841596479849724,-0.004808098077774048
mlp,y_XLE,4,2024-12-23,0.008459417192344887,0.004910554736852646
mlp,y_XLE,5,2024-12-23,0.008459417192344887,-0.0019434597343206406
mlp,y_XLE,6,2024-12-23,0.008459417192344887,-0.011296449229121208
mlp,y_XLE,4,2024-12-26,-0.00011830545199809084,-0.028967395424842834
mlp,y_XLE,5,2024-12-26,-0.00011830545199809084,-0.022315794602036476
mlp,y_XLE,6,2024-12-26,-0.00011830545199809084,0.004949692636728287
mlp,y_XLE,5,2024-12-30,0.013128296656031324,0.010965675115585327
mlp,y_XLE,6,2024-12-30,0.013128296656031324,-0.030734222382307053
mlp,y_XLE,7,2024-12-30,0.013128296656031324,-0.014653932303190231
mlp,y_XLE,5,2025-01-02,0.009346810465523658,-0.0011698566377162933
mlp,y_XLE,6,2025-01-02,0.009346810465523658,-0.0001319143921136856
mlp,y_XLE,7,2025-01-02,0.009346810465523658,0.008920375257730484
mlp,y_XLE,5,2025-01-06,0.009992068680033217,-0.001733599230647087
mlp,y_XLE,6,2025-01-06,0.009992068680033217,-0.009946875274181366
mlp,y_XLE,7,2025-01-06,0.009992068680033217,-0.02207747846841812
mlp,y_XLE,5,2025-01-07,0.001023408210235166,-0.010299929417669773
mlp,y_XLE,6,2025-01-07,0.001023408210235166,-0.006212076172232628
mlp,y_XLE,7,2025-01-07,0.001023408210235166,-0.018294963985681534
mlp,y_XLE,5,2025-01-13,0.010747979190166568,0.023630650714039803
mlp,y_XLE,6,2025-01-13,0.010747979190166568,0.03124445676803589
mlp,y_XLE,7,2025-01-13,0.010747979190166568,0.006332090124487877
mlp,y_XLE,5,2025-01-14,0.014799229070330266,-0.009324729442596436
mlp,y_XLE,6,2025-01-14,0.014799229070330266,-0.005596652626991272
mlp,y_XLE,7,2025-01-14,0.014799229070330266,-0.004860583692789078
mlp,y_XLE,5,2025-01-15,0.007237875189941123,0.11651592701673508
mlp,y_XLE,6,2025-01-15,0.007237875189941123,-0.029525944963097572
mlp,y_XLE,7,2025-01-15,0.007237875189941123,-0.016570836305618286
mlp,y_XLE,5,2025-01-16,0.007721965606004133,0.006158316507935524
mlp,y_XLE,6,2025-01-16,0.007721965606004133,-0.017929131165146828
mlp,y_XLE,7,2025-01-16,0.007721965606004133,0.020633229985833168
mlp,y_XLE,6,2025-01-21,-0.018185776093498807,-0.01220298744738102
mlp,y_XLE,7,2025-01-21,-0.018185776093498807,0.016117334365844727
mlp,y_XLE,8,2025-01-21,-0.018185776093498807,0.008022956550121307
mlp,y_XLE,6,2025-01-22,0.004576171727521006,0.018070362508296967
mlp,y_XLE,7,2025-01-22,0.004576171727521006,-7.157772779464722e-05
mlp,y_XLE,8,2025-01-22,0.004576171727521006,0.025034941732883453
mlp,y_XLE,6,2025-01-23,-0.009652799535907586,0.01653151959180832
mlp,y_XLE,7,2025-01-23,-0.009652799535907586,-0.02903466671705246
mlp,y_XLE,8,2025-01-23,-0.009652799535907586,0.05305568128824234
mlp,y_XLE,6,2025-01-27,-0.009517533083066798,-0.036890484392642975
mlp,y_XLE,7,2025-01-27,-0.009517533083066798,0.01465526968240738
mlp,y_XLE,8,2025-01-27,-0.009517533083066798,0.004714809358119965
mlp,y_XLE,6,2025-01-28,0.0022346296863511306,0.000404946506023407
mlp,y_XLE,7,2025-01-28,0.0022346296863511306,-0.008072808384895325
mlp,y_XLE,8,2025-01-28,0.0022346296863511306,-0.019715718924999237
mlp,y_XLE,6,2025-01-29,0.005128267781979501,0.04264557361602783
mlp,y_XLE,7,2025-01-29,0.005128267781979501,-0.058002106845378876
mlp,y_XLE,8,2025-01-29,0.005128267781979501,-0.021314620971679688
mlp,y_XLE,6,2025-01-30,-0.027950376551716505,0.04070323705673218
mlp,y_XLE,7,2025-01-30,-0.027950376551716505,-0.028027884662151337
mlp,y_XLE,8,2025-01-30,-0.027950376551716505,0.006487928330898285
mlp,y_XLE,6,2025-02-03,0.020977478663444016,-0.0054735057055950165
mlp,y_XLE,7,2025-02-03,0.020977478663444016,0.008798899129033089
mlp,y_XLE,8,2025-02-03,0.020977478663444016,0.02798847109079361
mlp,y_XLE,6,2025-02-04,0.002110196956094157,0.022163178771734238
mlp,y_XLE,7,2025-02-04,0.002110196956094157,-0.015186633914709091
mlp,y_XLE,8,2025-02-04,0.002110196956094157,-0.040086619555950165
mlp,y_XLE,6,2025-02-05,-0.01839744642776009,-0.04234349727630615
mlp,y_XLE,7,2025-02-05,-0.01839744642776009,-0.07374823838472366
mlp,y_XLE,8,2025-02-05,-0.01839744642776009,-0.0034966394305229187
mlp,y_XLE,6,2025-02-06,-0.00011296253551662527,-0.030105330049991608
mlp,y_XLE,7,2025-02-06,-0.00011296253551662527,0.040511488914489746
mlp,y_XLE,8,2025-02-06,-0.00011296253551662527,0.0566786527633667
mlp,y_XLE,7,2025-02-10,0.008065419533350271,-0.006026022136211395
mlp,y_XLE,8,2025-02-10,0.008065419533350271,0.007294833660125732
mlp,y_XLE,9,2025-02-10,0.008065419533350271,0.011020449921488762
mlp,y_XLE,7,2025-02-11,-0.024112237462998398,-0.018821988254785538
mlp,y_XLE,8,2025-02-11,-0.024112237462998398,-0.01552937924861908
mlp,y_XLE,9,2025-02-11,-0.024112237462998398,0.02299918420612812
mlp,y_XLE,7,2025-02-12,0.007524643097674755,-0.034962937235832214
mlp,y_XLE,8,2025-02-12,0.007524643097674755,-0.024819642305374146
mlp,y_XLE,9,2025-02-12,0.007524643097674755,-0.00085444375872612
mlp,y_XLE,7,2025-02-13,0.004012864720494669,-0.151940256357193
mlp,y_XLE,8,2025-02-13,0.004012864720494669,-0.07734617590904236
mlp,y_XLE,9,2025-02-13,0.004012864720494669,0.06605062633752823
mlp,y_XLE,7,2025-02-18,0.007885959968822132,-0.052262380719184875
mlp,y_XLE,8,2025-02-18,0.007885959968822132,0.0997866615653038
mlp,y_XLE,9,2025-02-18,0.007885959968822132,0.063836969435215
mlp,y_XLE,7,2025-02-19,0.009128472571485524,0.016060572117567062
mlp,y_XLE,8,2025-02-19,0.009128472571485524,0.10387489944696426
mlp,y_XLE,9,2025-02-19,0.009128472571485524,-0.0017935354262590408
mlp,y_XLE,7,2025-02-20,-0.020783947204331854,-0.011196743696928024
mlp,y_XLE,8,2025-02-20,-0.020783947204331854,0.005195893347263336
mlp,y_XLE,9,2025-02-20,-0.020783947204331854,0.0046592410653829575
mlp,y_XLE,7,2025-02-24,-0.014403484284976287,-0.005553394556045532
mlp,y_XLE,8,2025-02-24,-0.014403484284976287,0.053302280604839325
mlp,y_XLE,9,2025-02-24,-0.014403484284976287,0.0893411710858345
mlp,y_XLE,7,2025-02-25,-0.0056894187418702336,-0.0091487355530262
mlp,y_XLE,8,2025-02-25,-0.0056894187418702336,0.01338379830121994
mlp,y_XLE,9,2025-02-25,-0.0056894187418702336,0.0038342755287885666
mlp,y_XLE,7,2025-02-26,0.005385303517316142,-0.03292512893676758
mlp,y_XLE,8,2025-02-26,0.005385303517316142,-0.005235757678747177
mlp,y_XLE,9,2025-02-26,0.005385303517316142,-0.01776810921728611
mlp,y_XLE,7,2025-02-27,0.015511642420221516,-0.009423032402992249
mlp,y_XLE,8,2025-02-27,0.015511642420221516,-0.02815723419189453
mlp,y_XLE,9,2025-02-27,0.015511642420221516,0.013428671285510063
mlp,y_XLE,8,2025-03-03,-0.009678879537496576,-0.004784572869539261
mlp,y_XLE,9,2025-03-03,-0.009678879537496576,-0.0020160041749477386
mlp,y_XLE,10,2025-03-03,-0.009678879537496576,-0.009725944139063358
mlp,y_XLE,8,2025-03-04,-0.014602829367314052,-0.01730438321828842
mlp,y_XLE,9,2025-03-04,-0.014602829367314052,-0.018940044566988945
mlp,y_XLE,10,2025-03-04,-0.014602829367314052,-0.035941652953624725
mlp,y_XLE,8,2025-03-05,0.003033820144153543,0.0004609599709510803
mlp,y_XLE,9,2025-03-05,0.003033820144153543,-0.00840572640299797
mlp,y_XLE,10,2025-03-05,0.003033820144153543,-0.02197297289967537
mlp,y_XLE,8,2025-03-06,0.017101065408050786,-0.0074285417795181274
mlp,y_XLE,9,2025-03-06,0.017101065408050786,0.023598985746502876
mlp,y_XLE,10,2025-03-06,0.017101065408050786,-0.013493179343640804
mlp,y_XLE,8,2025-03-10,-0.00794742913387203,0.004741378128528595
mlp,y_XLE,9,2025-03-10,-0.00794742913387203,0.03318609297275543
mlp,y_XLE,10,2025-03-10,-0.00794742913387203,-0.01123530138283968
mlp,y_XLE,8,2025-03-11,0.004577782465690072,0.027358733117580414
mlp,y_XLE,9,2025-03-11,0.004577782465690072,-0.018654797226190567
mlp,y_XLE,10,2025-03-11,0.004577782465690072,-0.01729986071586609
mlp,y_XLE,8,2025-03-12,-0.006835158257715412,0.0071568563580513
mlp,y_XLE,9,2025-03-12,-0.006835158257715412,0.015727194026112556
mlp,y_XLE,10,2025-03-12,-0.006835158257715412,-0.02102844789624214
mlp,y_XLE,8,2025-03-13,0.029593908647804312,-0.0017864927649497986
mlp,y_XLE,9,2025-03-13,0.029593908647804312,-0.013153611682355404
mlp,y_XLE,10,2025-03-13,0.029593908647804312,0.006951815914362669
mlp,y_XLE,8,2025-03-17,0.0016448902791177389,-0.015094898641109467
mlp,y_XLE,9,2025-03-17,0.0016448902791177389,-0.04662591218948364
mlp,y_XLE,10,2025-03-17,0.0016448902791177389,-0.06832294911146164
mlp,y_XLE,8,2025-03-18,0.01631278535462566,0.02301006019115448
mlp,y_XLE,9,2025-03-18,0.01631278535462566,0.017258083447813988
mlp,y_XLE,10,2025-03-18,0.01631278535462566,-0.004457411821931601
mlp,y_XLE,8,2025-03-19,0.003662520515312684,-0.029207367449998856
mlp,y_XLE,9,2025-03-19,0.003662520515312684,0.04588466137647629
mlp,y_XLE,10,2025-03-19,0.003662520515312684,0.030810609459877014
mlp,y_XLE,8,2025-03-20,-0.00697649327191463,-0.005005046725273132
mlp,y_XLE,9,2025-03-20,-0.00697649327191463,0.010870115831494331
mlp,y_XLE,10,2025-03-20,-0.00697649327191463,-0.033321063965559006
mlp,y_XLE,9,2025-03-24,0.004092676448119059,0.013062747195363045
mlp,y_XLE,10,2025-03-24,0.004092676448119059,0.00691349757835269
mlp,y_XLE,11,2025-03-24,0.004092676448119059,-0.024396415799856186
mlp,y_XLE,9,2025-03-25,0.0058993423814586166,0.10184166580438614
mlp,y_XLE,10,2025-03-25,0.0058993423814586166,0.025748077780008316
mlp,y_XLE,11,2025-03-25,0.0058993423814586166,-0.05283138528466225
mlp,y_XLE,9,2025-03-26,-0.009703526888329539,0.00958443246781826
mlp,y_XLE,10,2025-03-26,-0.009703526888329539,0.024974433705210686
mlp,y_XLE,11,2025-03-26,-0.009703526888329539,0.01260337233543396
mlp,y_XLE,9,2025-03-27,-0.0047378190044133905,0.024835718795657158
mlp,y_XLE,10,2025-03-27,-0.0047378190044133905,0.012420388869941235
mlp,y_XLE,11,2025-03-27,-0.0047378190044133905,-0.06303192675113678
mlp,y_XLE,9,2025-03-31,0.005885454356105102,0.009823082014918327
mlp,y_XLE,10,2025-03-31,0.005885454356105102,-0.009801101870834827
mlp,y_XLE,11,2025-03-31,0.005885454356105102,0.041389741003513336
mlp,y_XLE,9,2025-04-01,0.0013829619454512887,0.05127442628145218
mlp,y_XLE,10,2025-04-01,0.0013829619454512887,0.06099388748407364
mlp,y_XLE,11,2025-04-01,0.0013829619454512887,0.0015718154609203339
mlp,y_XLE,9,2025-04-02,-0.07850844721450867,0.03060324303805828
mlp,y_XLE,10,2025-04-02,-0.07850844721450867,-0.013856575824320316
mlp,y_XLE,11,2025-04-02,-0.07850844721450867,-0.04370397701859474
mlp,y_XLE,9,2025-04-03,-0.09199903170306623,0.0066634733229875565
mlp,y_XLE,10,2025-04-03,-0.09199903170306623,-0.012427057139575481
mlp,y_XLE,11,2025-04-03,-0.09199903170306623,-0.020969625562429428
mlp,y_XLE,9,2025-04-07,-0.023131030751194714,-0.0006009433418512344
mlp,y_XLE,10,2025-04-07,-0.023131030751194714,-0.04360315948724747
mlp,y_XLE,11,2025-04-07,-0.023131030751194714,-0.018919210880994797
mlp,y_XLE,9,2025-04-08,0.07744638040551988,0.0030650217086076736
mlp,y_XLE,10,2025-04-08,0.07744638040551988,0.009336593560874462
mlp,y_XLE,11,2025-04-08,0.07744638040551988,-0.02063155546784401
mlp,y_XLE,9,2025-04-09,-0.06532292099357151,0.003530513495206833
mlp,y_XLE,10,2025-04-09,-0.06532292099357151,0.008012883365154266
mlp,y_XLE,11,2025-04-09,-0.06532292099357151,-0.004839997738599777
mlp,y_XLE,9,2025-04-10,0.024811429255521045,-0.020900428295135498
mlp,y_XLE,10,2025-04-10,0.024811429255521045,-0.02926500514149666
mlp,y_XLE,11,2025-04-10,0.024811429255521045,-0.02536989375948906
mlp,y_XLE,10,2025-04-14,-0.0015156312191966226,-0.01445270050317049
mlp,y_XLE,11,2025-04-14,-0.0015156312191966226,-0.004355031996965408
mlp,y_XLE,12,2025-04-14,-0.0015156312191966226,0.08563053607940674
mlp,y_XLE,10,2025-04-15,0.00822254317812443,-0.008736085146665573
mlp,y_XLE,11,2025-04-15,0.00822254317812443,-0.007865015417337418
mlp,y_XLE,12,2025-04-15,0.00822254317812443,0.046459611505270004
mlp,y_XLE,10,2025-04-16,0.022584659836744958,-0.01814751699566841
mlp,y_XLE,11,2025-04-16,0.022584659836744958,0.024512402713298798
mlp,y_XLE,12,2025-04-16,0.022584659836744958,0.004237554967403412
mlp,y_XLE,10,2025-04-21,0.025450446165918184,0.02332877740263939
mlp,y_XLE,11,2025-04-21,0.025450446165918184,0.00336470827460289
mlp,y_XLE,12,2025-04-21,0.025450446165918184,-0.014056723564863205
mlp,y_XLE,10,2025-04-22,-0.0018430075530242451,0.01767001673579216
mlp,y_XLE,11,2025-04-22,-0.0018430075530242451,-0.04553743079304695
mlp,y_XLE,12,2025-04-22,-0.0018430075530242451,-0.014521721750497818
mlp,y_XLE,10,2025-04-23,0.016001967552903285,0.005908958148211241
mlp,y_XLE,11,2025-04-23,0.016001967552903285,-0.00468653067946434
mlp,y_XLE,12,2025-04-23,0.016001967552903285,0.027589354664087296
mlp,y_XLE,10,2025-04-24,-0.0018172348704746932,0.015748491510748863
mlp,y_XLE,11,2025-04-24,-0.0018172348704746932,0.00899704173207283
mlp,y_XLE,12,2025-04-24,-0.0018172348704746932,0.008643429726362228
mlp,y_XLE,10,2025-04-28,-0.002892620037885818,-0.00837258342653513
mlp,y_XLE,11,2025-04-28,-0.002892620037885818,-0.025322820991277695
mlp,y_XLE,12,2025-04-28,-0.002892620037885818,0.002918452024459839
mlp,y_XLE,10,2025-04-29,-0.026955161508367187,-0.0018432369688525796
mlp,y_XLE,11,2025-04-29,-0.026955161508367187,0.014963790774345398
mlp,y_XLE,12,2025-04-29,-0.026955161508367187,6.657466292381287e-05
mlp,y_XLE,10,2025-04-30,0.003726670167192303,0.0022739036940038204
mlp,y_XLE,11,2025-04-30,0.003726670167192303,-0.012857150286436081
mlp,y_XLE,12,2025-04-30,0.003726670167192303,-0.008256539702415466
mlp,y_XLE,10,2025-05-01,0.014603954404578623,0.049191199243068695
mlp,y_XLE,11,2025-05-01,0.014603954404578623,-0.12548533082008362
mlp,y_XLE,12,2025-05-01,0.014603954404578623,0.17108401656150818
mlp,y_XLE,11,2025-05-05,0.000248399325823323,-0.003445204347372055
mlp,y_XLE,12,2025-05-05,0.000248399325823323,-0.010610338300466537
mlp,y_XLE,13,2025-05-05,0.000248399325823323,-0.020165611058473587
mlp,y_XLE,11,2025-05-06,0.00037260361708235656,-0.06733447313308716
mlp,y_XLE,12,2025-05-06,0.00037260361708235656,-0.010343018919229507
mlp,y_XLE,13,2025-05-06,0.00037260361708235656,0.0014393320307135582
mlp,y_XLE,11,2025-05-07,0.013159614827655153,-0.0075404830276966095
mlp,y_XLE,12,2025-05-07,0.013159614827655153,-0.003688547760248184
mlp,y_XLE,13,2025-05-07,0.013159614827655153,-0.008225743658840656
mlp,y_XLE,11,2025-05-08,0.010047672643058059,-0.03726525232195854
mlp,y_XLE,12,2025-05-08,0.010047672643058059,0.040174636989831924
mlp,y_XLE,13,2025-05-08,0.010047672643058059,0.01256838534027338
mlp,y_XLE,11,2025-05-12,0.014069397806465211,0.017348725348711014
mlp,y_XLE,12,2025-05-12,0.014069397806465211,0.00384337455034256
mlp,y_XLE,13,2025-05-12,0.014069397806465211,-0.011647560633718967
mlp,y_XLE,11,2025-05-13,-0.006062652517193845,0.0016356296837329865
mlp,y_XLE,12,2025-05-13,-0.006062652517193845,-0.012925658375024796
mlp,y_XLE,13,2025-05-13,-0.006062652517193845,0.010953130200505257
mlp,y_XLE,11,2025-05-14,0.004222886010434079,-0.013452660292387009
mlp,y_XLE,12,2025-05-14,0.004222886010434079,-0.011997498571872711
mlp,y_XLE,13,2025-05-14,0.004222886010434079,-0.005532815121114254
mlp,y_XLE,11,2025-05-15,-0.001518495683157206,-0.010473046451807022
mlp,y_XLE,12,2025-05-15,-0.001518495683157206,-0.02613471820950508
mlp,y_XLE,13,2025-05-15,-0.001518495683157206,0.0069474889896810055
mlp,y_XLE,11,2025-05-19,-0.009245064589995078,-0.047137122601270676
mlp,y_XLE,12,2025-05-19,-0.009245064589995078,0.007487725466489792
mlp,y_XLE,13,2025-05-19,-0.009245064589995078,0.03869875520467758
mlp,y_XLE,11,2025-05-20,-0.018423169005193474,0.01349654421210289
mlp,y_XLE,12,2025-05-20,-0.018423169005193474,-0.06354846060276031
mlp,y_XLE,13,2025-05-20,-0.018423169005193474,0.005660222377628088
mlp,y_XLE,11,2025-05-21,-0.003900071815325923,-0.04578321799635887
mlp,y_XLE,12,2025-05-21,-0.003900071815325923,-0.04863666743040085
mlp,y_XLE,13,2025-05-21,-0.003900071815325923,-0.018796958029270172
mlp,y_XLE,11,2025-05-22,0.0031810717377478426,0.07260218262672424
mlp,y_XLE,12,2025-05-22,0.0031810717377478426,0.07373650372028351
mlp,y_XLE,13,2025-05-22,0.0031810717377478426,0.011437958106398582
mlp,y_XLE,12,2025-05-27,-0.01269650633231334,-0.015870198607444763
mlp,y_XLE,13,2025-05-27,-0.01269650633231334,0.020732909440994263
mlp,y_XLE,14,2025-05-27,-0.01269650633231334,-0.010190527886152267
mlp,y_XLE,12,2025-05-28,0.007471005945166809,-0.000317990779876709
mlp,y_XLE,13,2025-05-28,0.007471005945166809,-0.0043615298345685005
mlp,y_XLE,14,2025-05-28,0.007471005945166809,0.004039225168526173
mlp,y_XLE,12,2025-05-29,-0.008874492325381622,-0.035928837954998016
mlp,y_XLE,13,2025-05-29,-0.008874492325381622,-0.004182814620435238
mlp,y_XLE,14,2025-05-29,-0.008874492325381622,-0.004375156946480274
mlp,y_XLE,12,2025-06-02,0.011864487846782401,-0.004344169050455093
mlp,y_XLE,13,2025-06-02,0.011864487846782401,-0.002409718930721283
mlp,y_XLE,14,2025-06-02,0.011864487846782401,0.021698186174035072
mlp,y_XLE,12,2025-06-03,-0.0195024441236199,0.012805532664060593
mlp,y_XLE,13,2025-06-03,-0.0195024441236199,-0.029023297131061554
mlp,y_XLE,14,2025-06-03,-0.0195024441236199,0.004307367838919163
mlp,y_XLE,12,2025-06-04,-0.0009761124053815351,-0.03867538645863533
mlp,y_XLE,13,2025-06-04,-0.0009761124053815351,-0.0084261829033494
mlp,y_XLE,14,2025-06-04,-0.0009761124053815351,0.02073153667151928
mlp,y_XLE,12,2025-06-05,0.018810219165728004,0.006066527217626572
mlp,y_XLE,13,2025-06-05,0.018810219165728004,0.004798628389835358
mlp,y_XLE,14,2025-06-05,0.018810219165728004,-0.012398753315210342
mlp,y_XLE,12,2025-06-09,0.01782929807752165,-0.01763264462351799
mlp,y_XLE,13,2025-06-09,0.01782929807752165,-0.0016828523948788643
mlp,y_XLE,14,2025-06-09,0.01782929807752165,-0.02357451245188713
mlp,y_XLE,12,2025-06-10,0.01446044579468908,0.0051185451447963715
mlp,y_XLE,13,2025-06-10,0.01446044579468908,0.0019037509337067604
mlp,y_XLE,14,2025-06-10,0.01446044579468908,0.021999670192599297
mlp,y_XLE,12,2025-06-11,0.0034766130298602427,0.06201985105872154
mlp,y_XLE,13,2025-06-11,0.0034766130298602427,0.003638322465121746
mlp,y_XLE,14,2025-06-11,0.0034766130298602427,0.03458016365766525
mlp,y_XLE,12,2025-06-12,0.017438485553608496,-0.0057074204087257385
mlp,y_XLE,13,2025-06-12,0.017438485553608496,0.0035440088249742985
mlp,y_XLE,14,2025-06-12,0.017438485553608496,0.01636153645813465
mlp,y_XLE,13,2025-07-02,0.0011503108901305126,-0.04253159463405609
mlp,y_XLE,14,2025-07-02,0.0011503108901305126,0.0030450932681560516
mlp,y_XLE,15,2025-07-02,0.0011503108901305126,-0.033246517181396484
mlp,y_XLE,13,2025-07-07,0.026917223628814213,0.00675992900505662
mlp,y_XLE,14,2025-07-07,0.026917223628814213,0.009559093043208122
mlp,y_XLE,15,2025-07-07,0.026917223628814213,-0.007271867245435715
mlp,y_XLE,13,2025-07-08,-0.005084258053406843,0.018900223076343536
mlp,y_XLE,14,2025-07-08,-0.005084258053406843,-0.014429301954805851
mlp,y_XLE,15,2025-07-08,-0.005084258053406843,-0.03461906313896179
mlp,y_XLE,13,2025-07-09,0.00760852055604766,-0.007235837168991566
mlp,y_XLE,14,2025-07-09,0.00760852055604766,-0.00040709786117076874
mlp,y_XLE,15,2025-07-09,0.00760852055604766,-0.003197595477104187
mlp,y_XLE,13,2025-07-10,0.004508076861722277,0.00042933691293001175
mlp,y_XLE,14,2025-07-10,0.004508076861722277,-0.004031374119222164
mlp,y_XLE,15,2025-07-10,0.004508076861722277,0.016559302806854248
mlp,y_XLE,13,2025-07-14,-0.014407357991669256,-0.011990734376013279
mlp,y_XLE,14,2025-07-14,-0.014407357991669256,0.018308931961655617
mlp,y_XLE,15,2025-07-14,-0.014407357991669256,-0.018680110573768616
mlp,y_XLE,13,2025-07-15,-0.008632654637989678,0.015207908116281033
mlp,y_XLE,14,2025-07-15,-0.008632654637989678,0.005312945693731308
mlp,y_XLE,15,2025-07-15,-0.008632654637989678,-0.012899987399578094
mlp,y_XLE,13,2025-07-16,0.0061535642182029004,0.015551731921732426
mlp,y_XLE,14,2025-07-16,0.0061535642182029004,0.017091352492570877
mlp,y_XLE,15,2025-07-16,0.0061535642182029004,-0.002426445484161377
mlp,y_XLE,13,2025-07-17,-0.008077622399852435,0.0005118781700730324
mlp,y_XLE,14,2025-07-17,-0.008077622399852435,0.022366134449839592
mlp,y_XLE,15,2025-07-17,-0.008077622399852435,0.03866666927933693
mlp,y_XLE,13,2025-07-21,0.004702029646522332,-0.007064982317388058
mlp,y_XLE,14,2025-07-21,0.004702029646522332,-0.0057512130588293076
mlp,y_XLE,15,2025-07-21,0.004702029646522332,-0.002392984926700592
mlp,y_XLE,13,2025-07-22,0.01567798064398862,-0.007307182066142559
mlp,y_XLE,14,2025-07-22,0.01567798064398862,-0.00688185915350914
mlp,y_XLE,15,2025-07-22,0.01567798064398862,-0.007024291902780533
mlp,y_XLE,13,2025-07-23,0.007142037293491832,-0.00027551595121622086
mlp,y_XLE,14,2025-07-23,0.007142037293491832,0.0025525810196995735
mlp,y_XLE,15,2025-07-23,0.007142037293491832,0.003765854984521866
mlp,y_XLE,14,2025-07-24,-0.0037744239177321948,0.0064153410494327545
mlp,y_XLE,15,2025-07-24,-0.0037744239177321948,0.014151498675346375
mlp,y_XLE,16,2025-07-24,-0.0037744239177321948,-0.004040208179503679
mlp,y_XLE,14,2025-07-28,0.009762792611131221,0.02598719112575054
mlp,y_XLE,15,2025-07-28,0.009762792611131221,-0.009206566959619522
mlp,y_XLE,16,2025-07-28,0.009762792611131221,0.012922244146466255
mlp,y_XLE,14,2025-07-29,-0.014277608345967252,0.0081844013184309
mlp,y_XLE,15,2025-07-29,-0.014277608345967252,0.02135041356086731
mlp,y_XLE,16,2025-07-29,-0.014277608345967252,0.04241328313946724
mlp,y_XLE,14,2025-07-30,-0.005360463205195343,0.020220747217535973
mlp,y_XLE,15,2025-07-30,-0.005360463205195343,-0.007947668433189392
mlp,y_XLE,16,2025-07-30,-0.005360463205195343,-0.013763990253210068
mlp,y_XLE,14,2025-07-31,-0.018575812825283422,0.002258695662021637
mlp,y_XLE,15,2025-07-31,-0.018575812825283422,0.02539248764514923
mlp,y_XLE,16,2025-07-31,-0.018575812825283422,0.012090105563402176
mlp,y_XLE,14,2025-08-04,0.0012881388274901262,-0.0015250276774168015
mlp,y_XLE,15,2025-08-04,0.0012881388274901262,-0.015826895833015442
mlp,y_XLE,16,2025-08-04,0.0012881388274901262,-0.029088737443089485
mlp,y_XLE,14,2025-08-05,-0.009238691625645279,-0.017202967777848244
mlp,y_XLE,15,2025-08-05,-0.009238691625645279,0.02746480517089367
mlp,y_XLE,16,2025-08-05,-0.009238691625645279,0.01056082546710968
mlp,y_XLE,14,2025-08-06,-0.003895158901415674,-0.027231482788920403
mlp,y_XLE,15,2025-08-06,-0.003895158901415674,-0.025341808795928955
mlp,y_XLE,16,2025-08-06,-0.003895158901415674,-0.007150063756853342
mlp,y_XLE,14,2025-08-07,0.006398879324843509,0.0510314479470253
mlp,y_XLE,15,2025-08-07,0.006398879324843509,0.008615490049123764
mlp,y_XLE,16,2025-08-07,0.006398879324843509,0.03331207111477852
mlp,y_XLE,14,2025-08-11,0.004866428807224876,0.023039815947413445
mlp,y_XLE,15,2025-08-11,0.004866428807224876,0.0009142905473709106
mlp,y_XLE,16,2025-08-11,0.004866428807224876,-0.01318943127989769
mlp,y_XLE,14,2025-08-12,0.011575698101115028,0.017715562134981155
mlp,y_XLE,15,2025-08-12,0.011575698101115028,0.004524800926446915
mlp,y_XLE,16,2025-08-12,0.011575698101115028,0.030089812353253365
mlp,y_XLE,15,2025-08-13,-0.0009341286611133093,0.007254056632518768
mlp,y_XLE,16,2025-08-13,-0.0009341286611133093,-0.009640505537390709
mlp,y_XLE,17,2025-08-13,-0.0009341286611133093,-0.004059780389070511
mlp,y_XLE,15,2025-08-14,0.0,0.010672561824321747
mlp,y_XLE,16,2025-08-14,0.0,0.0009131454862654209
mlp,y_XLE,17,2025-08-14,0.0,0.02135470137000084
mlp,y_XLE,15,2025-08-18,0.000352648430773872,-0.010366562753915787
mlp,y_XLE,16,2025-08-18,0.000352648430773872,0.011890044435858727
mlp,y_XLE,17,2025-08-18,0.000352648430773872,0.0038255490362644196
mlp,y_XLE,15,2025-08-19,0.008345107699537113,0.02376510016620159
mlp,y_XLE,16,2025-08-19,0.008345107699537113,0.02499842457473278
mlp,y_XLE,17,2025-08-19,0.008345107699537113,0.025499995797872543
mlp,y_XLE,15,2025-08-20,0.00687725497393421,0.01544073224067688
mlp,y_XLE,16,2025-08-20,0.00687725497393421,0.01972886361181736
mlp,y_XLE,17,2025-08-20,0.00687725497393421,0.002436470240354538
mlp,y_XLE,15,2025-08-21,0.02037504470496887,0.00851355493068695
mlp,y_XLE,16,2025-08-21,0.02037504470496887,0.01727958954870701
mlp,y_XLE,17,2025-08-21,0.02037504470496887,0.000354621559381485
mlp,y_XLE,15,2025-08-25,-0.0015842456730275067,0.0019952207803726196
mlp,y_XLE,16,2025-08-25,-0.0015842456730275067,0.0006422451697289944
mlp,y_XLE,17,2025-08-25,-0.0015842456730275067,0.007665049284696579
mlp,y_XLE,15,2025-08-26,0.011220599851552882,-0.02448461949825287
mlp,y_XLE,16,2025-08-26,0.011220599851552882,-0.021135518327355385
mlp,y_XLE,17,2025-08-26,0.011220599851552882,0.03479431942105293
mlp,y_XLE,15,2025-08-27,0.007621623464594496,0.023200009018182755
mlp,y_XLE,16,2025-08-27,0.007621623464594496,0.008758429437875748
mlp,y_XLE,17,2025-08-27,0.007621623464594496,-0.020174838602542877
mlp,y_XLE,15,2025-08-28,0.005450449532823587,0.025765758007764816
mlp,y_XLE,16,2025-08-28,0.005450449532823587,0.019578155130147934
mlp,y_XLE,17,2025-08-28,0.005450449532823587,-0.048884257674217224
mlp,y_XLE,15,2025-09-02,-0.022425995586212277,0.0009852349758148193
mlp,y_XLE,16,2025-09-02,-0.022425995586212277,0.005164248403161764
mlp,y_XLE,17,2025-09-02,-0.022425995586212277,-0.009477922692894936
mlp,y_XLE,16,2025-09-03,0.006667505026652032,-0.01124059222638607
mlp,y_XLE,17,2025-09-03,0.006667505026652032,0.02034733071923256
mlp,y_XLE,18,2025-09-03,0.006667505026652032,-0.00024313665926456451
mlp,y_XLE,16,2025-09-04,-0.019308496454514823,0.021398549899458885
mlp,y_XLE,17,2025-09-04,-0.019308496454514823,0.01384170725941658
mlp,y_XLE,18,2025-09-04,-0.019308496454514823,0.01288137398660183
mlp,y_XLE,16,2025-09-08,0.004818806415020305,0.014961892738938332
mlp,y_XLE,17,2025-09-08,0.004818806415020305,0.00047064200043678284
mlp,y_XLE,18,2025-09-08,0.004818806415020305,0.03123769909143448
mlp,y_XLE,16,2025-09-09,0.017469684211813608,0.024913737550377846
mlp,y_XLE,17,2025-09-09,0.017469684211813608,0.062317121773958206
mlp,y_XLE,18,2025-09-09,0.017469684211813608,-0.04517832398414612
mlp,y_XLE,16,2025-09-10,0.00022441649751248072,-0.0529523529112339
mlp,y_XLE,17,2025-09-10,0.00022441649751248072,0.030601825565099716
mlp,y_XLE,18,2025-09-10,0.00022441649751248072,-0.019801665097475052
mlp,y_XLE,16,2025-09-11,-0.005946442921583084,0.013841282576322556
mlp,y_XLE,17,2025-09-11,-0.005946442921583084,0.008212920278310776
mlp,y_XLE,18,2025-09-11,-0.005946442921583084,-0.03036596067249775
mlp,y_XLE,16,2025-09-15,0.016761004937895896,-0.023459849879145622
mlp,y_XLE,17,2025-09-15,0.016761004937895896,0.0064332447946071625
mlp,y_XLE,18,2025-09-15,0.016761004937895896,0.037099093198776245
mlp,y_XLE,16,2025-09-16,0.0023390044748878847,-0.007818754762411118
mlp,y_XLE,17,2025-09-16,0.0023390044748878847,0.03938436880707741
mlp,y_XLE,18,2025-09-16,0.0023390044748878847,0.02463369444012642
mlp,y_XLE,16,2025-09-17,-0.003111452554746541,0.03655662387609482
mlp,y_XLE,17,2025-09-17,-0.003111452554746541,0.009944852441549301
mlp,y_XLE,18,2025-09-17,-0.003111452554746541,0.034588247537612915
mlp,y_XLE,16,2025-09-18,-0.013264989860671816,0.03266912326216698
mlp,y_XLE,17,2025-09-18,-0.013264989860671816,0.09589144587516785
mlp,y_XLE,18,2025-09-18,-0.013264989860671816,-0.06889136135578156
mlp,y_XLE,16,2025-09-22,0.017223692982490046,0.01721075549721718
mlp,y_XLE,17,2025-09-22,0.017223692982490046,0.09051620960235596
mlp,y_XLE,18,2025-09-22,0.017223692982490046,0.04596926271915436
mlp,y_XLE,17,2025-09-23,0.013007366049357927,-0.014847889542579651
mlp,y_XLE,18,2025-09-23,0.013007366049357927,-0.0013667289167642593
mlp,y_XLE,19,2025-09-23,0.013007366049357927,0.0337480753660202
mlp,y_XLE,17,2025-09-24,0.008966217413226785,0.08607527613639832
mlp,y_XLE,18,2025-09-24,0.008966217413226785,-0.09657969325780869
mlp,y_XLE,19,2025-09-24,0.008966217413226785,0.06733733415603638
mlp,y_XLE,17,2025-09-25,0.009215504136673935,0.03533704951405525
mlp,y_XLE,18,2025-09-25,0.009215504136673935,0.02997315488755703
mlp,y_XLE,19,2025-09-25,0.009215504136673935,-0.009318983182311058
mlp,y_XLE,17,2025-09-29,-0.010631265357971653,0.003912650048732758
mlp,y_XLE,18,2025-09-29,-0.010631265357971653,0.007404913194477558
mlp,y_XLE,19,2025-09-29,-0.010631265357971653,-0.015186678618192673
mlp,y_XLE,17,2025-09-30,0.0,0.04320213571190834
mlp,y_XLE,18,2025-09-30,0.0,0.0195815097540617
mlp,y_XLE,19,2025-09-30,0.0,0.002977689728140831
mlp,y_XLE,17,2025-10-01,-0.010073812789187064,0.003486771136522293
mlp,y_XLE,18,2025-10-01,-0.010073812789187064,0.020022261887788773
mlp,y_XLE,19,2025-10-01,-0.010073812789187064,-0.016687003895640373
mlp,y_XLE,17,2025-10-02,0.005314324507098567,0.051520418375730515
mlp,y_XLE,18,2025-10-02,0.005314324507098567,0.011657202616333961
mlp,y_XLE,19,2025-10-02,0.005314324507098567,0.005380166694521904
mlp,y_XLE,17,2025-10-06,0.0015668735967460101,-0.023285139352083206
mlp,y_XLE,18,2025-10-06,0.0015668735967460101,0.0023235902190208435
mlp,y_XLE,19,2025-10-06,0.0015668735967460101,-0.042747870087623596
mlp,y_XLE,17,2025-10-07,-0.005810674717000364,0.003144729882478714
mlp,y_XLE,18,2025-10-07,-0.005810674717000364,0.0066136810928583145
mlp,y_XLE,19,2025-10-07,-0.005810674717000364,-0.015629207715392113
mlp,y_XLE,17,2025-10-08,-0.013600123152389787,0.010844085365533829
mlp,y_XLE,18,2025-10-08,-0.013600123152389787,0.0013048406690359116
mlp,y_XLE,19,2025-10-08,-0.013600123152389787,-0.004190521314740181
mlp,y_XLE,17,2025-10-09,-0.028942577860294416,-0.009530629962682724
mlp,y_XLE,18,2025-10-09,-0.028942577860294416,-0.02189554087817669
mlp,y_XLE,19,2025-10-09,-0.028942577860294416,-0.022164372727274895
mlp,y_XLE,18,2025-10-13,-0.00011571040935831611,0.017781689763069153
mlp,y_XLE,19,2025-10-13,-0.00011571040935831611,-0.008986780419945717
mlp,y_XLE,20,2025-10-13,-0.00011571040935831611,0.0002971673384308815
mlp,y_XLE,18,2025-10-14,-0.0005788862595403899,0.01236843690276146
mlp,y_XLE,19,2025-10-14,-0.0005788862595403899,-0.034449923783540726
mlp,y_XLE,20,2025-10-14,-0.0005788862595403899,0.01444507110863924
mlp,y_XLE,18,2025-10-15,-0.01204821854605409,0.006965132430195808
mlp,y_XLE,19,2025-10-15,-0.01204821854605409,0.061520203948020935
mlp,y_XLE,20,2025-10-15,-0.01204821854605409,-0.007251468487083912
mlp,y_XLE,18,2025-10-16,0.008208264258199316,-0.0437130331993103
mlp,y_XLE,19,2025-10-16,0.008208264258199316,0.06716763973236084
mlp,y_XLE,20,2025-10-16,0.008208264258199316,0.07914803922176361
mlp,y_XLE,18,2025-10-20,-0.002301687549988718,0.03047078847885132
mlp,y_XLE,19,2025-10-20,-0.002301687549988718,0.018222136422991753
mlp,y_XLE,20,2025-10-20,-0.002301687549988718,0.0417974554002285
mlp,y_XLE,18,2025-10-21,0.012804226868249113,-0.016594721004366875
mlp,y_XLE,19,2025-10-21,0.012804226868249113,0.021363092586398125
mlp,y_XLE,20,2025-10-21,0.012804226868249113,0.009886636398732662
mlp,y_XLE,18,2025-10-22,0.013325735887206314,-0.027168946340680122
mlp,y_XLE,19,2025-10-22,0.013325735887206314,-0.04071810096502304
mlp,y_XLE,20,2025-10-22,0.013325735887206314,-0.006387709639966488
mlp,y_XLE,18,2025-10-23,-0.010115792650812083,-0.00837668590247631
mlp,y_XLE,19,2025-10-23,-0.010115792650812083,-0.027482960373163223
mlp,y_XLE,20,2025-10-23,-0.010115792650812083,0.027238372713327408
mlp,y_XLE,18,2025-10-27,-0.0104213859841088,-0.006301013752818108
mlp,y_XLE,19,2025-10-27,-0.0104213859841088,-0.02833523415029049
mlp,y_XLE,20,2025-10-27,-0.0104213859841088,-0.01514999195933342
mlp,y_XLE,18,2025-10-28,0.0074405035835558575,0.02991441637277603
mlp,y_XLE,19,2025-10-28,0.0074405035835558575,0.03836393356323242
mlp,y_XLE,20,2025-10-28,0.0074405035835558575,0.05545436963438988
mlp,y_XLE,18,2025-10-29,-0.0059084760604517506,0.004735232330858707
mlp,y_XLE,19,2025-10-29,-0.0059084760604517506,-0.0009164642542600632
mlp,y_XLE,20,2025-10-29,-0.0059084760604517506,-0.007996498607099056
mlp,y_XLE,18,2025-10-30,0.00731511775759186,-0.012493440881371498
mlp,y_XLE,19,2025-10-30,0.00731511775759186,-0.032806821167469025
mlp,y_XLE,20,2025-10-30,0.00731511775759186,-0.014238225296139717
mlp,y_XLE,19,2025-11-03,-0.01077822607151302,0.029235942289233208
mlp,y_XLE,20,2025-11-03,-0.01077822607151302,-0.0026047402061522007
mlp,y_XLE,21,2025-11-03,-0.01077822607151302,0.014850081875920296
mlp,y_XLE,19,2025-11-04,0.0026378506639943566,-0.02390206977725029
mlp,y_XLE,20,2025-11-04,0.0026378506639943566,0.01763511821627617
mlp,y_XLE,21,2025-11-04,0.0026378506639943566,-0.023954570293426514
mlp,y_XLE,19,2025-11-05,0.009723129895660376,0.028514685109257698
mlp,y_XLE,20,2025-11-05,0.009723129895660376,-0.001361520029604435
mlp,y_XLE,21,2025-11-05,0.009723129895660376,0.006464460864663124
mlp,y_XLE,19,2025-11-06,0.014387722244566525,-0.01547220628708601
mlp,y_XLE,20,2025-11-06,0.014387722244566525,0.020210999995470047
mlp,y_XLE,21,2025-11-06,0.014387722244566525,0.014932489022612572
mlp,y_XLE,19,2025-11-10,0.01306034783763943,-0.04837227612733841
mlp,y_XLE,20,2025-11-10,0.01306034783763943,0.01669548824429512
mlp,y_XLE,21,2025-11-10,0.01306034783763943,-0.04198111593723297
mlp,y_XLE,19,2025-11-11,-0.013984477309207488,0.049845024943351746
mlp,y_XLE,20,2025-11-11,-0.013984477309207488,-0.016071708872914314
mlp,y_XLE,21,2025-11-11,-0.013984477309207488,0.0564509853720665
mlp,y_XLE,19,2025-11-12,0.00254849750163344,-0.022184737026691437
mlp,y_XLE,20,2025-11-12,0.00254849750163344,-0.045643147081136703
mlp,y_XLE,21,2025-11-12,0.00254849750163344,0.01726183295249939
mlp,y_XLE,19,2025-11-13,0.01702026914176491,0.019842857494950294
mlp,y_XLE,20,2025-11-13,0.01702026914176491,0.027269121259450912
mlp,y_XLE,21,2025-11-13,0.01702026914176491,-0.019022967666387558
mlp,y_XLE,19,2025-11-17,0.007969876398522757,0.004167197272181511
mlp,y_XLE,20,2025-11-17,0.007969876398522757,0.01973305270075798
mlp,y_XLE,21,2025-11-17,0.007969876398522757,0.01762300170958042
mlp,y_XLE,19,2025-11-18,-0.012958431654343183,-0.015979791060090065
mlp,y_XLE,20,2025-11-18,-0.012958431654343183,0.001869971863925457
mlp,y_XLE,21,2025-11-18,-0.012958431654343183,-0.01766939088702202
mlp,y_XLE,19,2025-11-19,-0.011348428330467009,-0.0031096432358026505
mlp,y_XLE,20,2025-11-19,-0.011348428330467009,0.0007714135572314262
mlp,y_XLE,21,2025-11-19,-0.011348428330467009,0.017117049545049667
mlp,y_XLE,19,2025-11-20,0.006301968357415255,-0.021414903923869133
mlp,y_XLE,20,2025-11-20,0.006301968357415255,0.022488653659820557
mlp,y_XLE,21,2025-11-20,0.006301968357415255,0.008434375748038292
mlp,y_XLE,20,2025-11-24,-0.006280060009136279,0.0055080559104681015
mlp,y_XLE,21,2025-11-24,-0.006280060009136279,0.019028762355446815
mlp,y_XLE,22,2025-11-24,-0.006280060009136279,-0.017610546201467514
mlp,y_XLE,20,2025-11-25,0.007561138414377888,0.01043784525245428
mlp,y_XLE,21,2025-11-25,0.007561138414377888,0.05546851456165314
mlp,y_XLE,22,2025-11-25,0.007561138414377888,-0.0013325661420822144
mlp,y_XLE,20,2025-12-01,-0.012921536948137136,0.008567488752305508
mlp,y_XLE,21,2025-12-01,-0.012921536948137136,0.008050983771681786
mlp,y_XLE,22,2025-12-01,-0.012921536948137136,0.003405563533306122
mlp,y_XLE,20,2025-12-02,0.01874857874131597,-0.01467119436711073
mlp,y_XLE,21,2025-12-02,0.01874857874131597,-0.004226014018058777
mlp,y_XLE,22,2025-12-02,0.01874857874131597,0.00824059173464775
mlp,y_XLE,20,2025-12-03,0.004246976879925812,0.007781657390296459
mlp,y_XLE,21,2025-12-03,0.004246976879925812,-0.014920003712177277
mlp,y_XLE,22,2025-12-03,0.004246976879925812,-0.011341217905282974
mlp,y_XLE,20,2025-12-04,-0.0041206335130897775,0.011662865988910198
mlp,y_XLE,21,2025-12-04,-0.0041206335130897775,-0.02731284871697426
mlp,y_XLE,22,2025-12-04,-0.0041206335130897775,-0.014431267976760864
mlp,y_XLE,20,2025-12-08,0.006164777024993073,-0.041963979601860046
mlp,y_XLE,21,2025-12-08,0.006164777024993073,-0.024443745613098145
mlp,y_XLE,22,2025-12-08,0.006164777024993073,-0.06127715855836868
mlp,y_XLE,20,2025-12-09,0.010503233386282451,-0.03073989227414131
mlp,y_XLE,21,2025-12-09,0.010503233386282451,-0.022844210267066956
mlp,y_XLE,22,2025-12-09,0.010503233386282451,0.005162619054317474
mlp,y_XLE,20,2025-12-10,-0.00476394861227003,-0.0029355594888329506
mlp,y_XLE,21,2025-12-10,-0.00476394861227003,0.008648008108139038
mlp,y_XLE,22,2025-12-10,-0.00476394861227003,-0.0014621764421463013
mlp,y_XLE,20,2025-12-11,-0.00979114544548676,0.0298718623816967
mlp,y_XLE,21,2025-12-11,-0.00979114544548676,-0.00959249958395958
mlp,y_XLE,22,2025-12-11,-0.00979114544548676,-0.015231799334287643
mlp,y_XLE,21,2025-12-15,-0.030537727268973525,-0.02535737305879593
mlp,y_XLE,22,2025-12-15,-0.030537727268973525,0.025503600016236305
mlp,y_XLE,23,2025-12-15,-0.030537727268973525,0.01106707751750946
mlp,y_XLE,21,2025-12-16,0.022141025679304427,0.014452975243330002
mlp,y_XLE,22,2025-12-16,0.022141025679304427,0.04205987602472305
mlp,y_XLE,23,2025-12-16,0.022141025679304427,-0.029657652601599693
mlp,y_XLE,21,2025-12-17,-0.014515376317443485,0.03247704356908798
mlp,y_XLE,22,2025-12-17,-0.014515376317443485,0.006079241633415222
mlp,y_XLE,23,2025-12-17,-0.014515376317443485,0.013313792645931244
mlp,y_XLE,21,2025-12-18,0.0,-0.054805368185043335
mlp,y_XLE,22,2025-12-18,0.0,0.00931459292769432
mlp,y_XLE,23,2025-12-18,0.0,0.004501432180404663
mlp,y_XLE,21,2025-12-23,-0.002921372317196247,-0.0340106338262558
mlp,y_XLE,22,2025-12-23,-0.002921372317196247,-0.0044103264808654785
mlp,y_XLE,23,2025-12-23,-0.002921372317196247,-0.043959442526102066
mlp,y_XLE,21,2025-12-29,0.007619904991636561,0.014291539788246155
mlp,y_XLE,22,2025-12-29,0.007619904991636561,-0.0048653557896614075
mlp,y_XLE,23,2025-12-29,0.007619904991636561,0.004884675145149231
mlp,y_XLE,21,2025-12-30,-0.0055604983338698455,0.025764785706996918
mlp,y_XLE,22,2025-12-30,-0.0055604983338698455,-0.01757914572954178
mlp,y_XLE,23,2025-12-30,-0.0055604983338698455,0.0115390345454216
mlp,y_XLE,22,2026-01-05,-0.0266581364101266,-0.013422966003417969
mlp,y_XLE,23,2026-01-05,-0.0266581364101266,0.022739827632904053
mlp,y_XLE,24,2026-01-05,-0.0266581364101266,0.032015345990657806
mlp,y_XLE,22,2026-01-06,-0.011174371786886517,0.019716285169124603
mlp,y_XLE,23,2026-01-06,-0.011174371786886517,-0.004501700401306152
mlp,y_XLE,24,2026-01-06,-0.011174371786886517,0.008547411300241947
mlp,y_XLE,22,2026-01-07,0.03146461633807829,-0.02995176613330841
mlp,y_XLE,23,2026-01-07,0.03146461633807829,0.005337804555892944
mlp,y_XLE,24,2026-01-07,0.03146461633807829,-0.0037132157012820244
mlp,y_XLE,22,2026-01-08,0.0025778503512676743,0.000873170793056488
mlp,y_XLE,23,2026-01-08,0.0025778503512676743,0.012653589248657227
mlp,y_XLE,24,2026-01-08,0.0025778503512676743,0.00987485982477665
mlp,y_XLE,22,2026-01-12,0.014242551688365745,0.02494979277253151
mlp,y_XLE,23,2026-01-12,0.014242551688365745,0.0010584108531475067
mlp,y_XLE,24,2026-01-12,0.014242551688365745,0.0026816800236701965
mlp,y_XLE,22,2026-01-13,0.022553220708319444,0.01192125491797924
mlp,y_XLE,23,2026-01-13,0.022553220708319444,-0.02019207924604416
mlp,y_XLE,24,2026-01-13,0.022553220708319444,0.020072665065526962
mlp,y_XLE,22,2026-01-14,-0.009363311487326276,0.0066024139523506165
mlp,y_XLE,23,2026-01-14,-0.009363311487326276,-0.0020381473004817963
mlp,y_XLE,24,2026-01-14,-0.009363311487326276,0.003113706596195698
mlp,y_XLE,22,2026-01-15,0.0016802775747082332,-0.015292521566152573
mlp,y_XLE,23,2026-01-15,0.0016802775747082332,0.006405521184206009
mlp,y_XLE,24,2026-01-15,0.0016802775747082332,-0.009306850843131542
mlp,y_XLE,22,2026-01-21,0.0032820481520432487,-0.0046044401824474335
mlp,y_XLE,23,2026-01-21,0.0032820481520432487,-0.007851362228393555
mlp,y_XLE,24,2026-01-21,0.0032820481520432487,0.0009428272023797035
mlp,y_XLE,22,2026-01-22,0.005724775713972674,0.017827920615673065
mlp,y_XLE,23,2026-01-22,0.005724775713972674,-0.004031434655189514
mlp,y_XLE,24,2026-01-22,0.005724775713972674,0.016298316419124603
mlp,y_XLE,23,2026-01-26,0.009142562720069636,-0.006590947508811951
mlp,y_XLE,24,2026-01-26,0.009142562720069636,0.010496647097170353
mlp,y_XLE,23,2026-01-27,0.007650515041750516,0.048202984035015106
mlp,y_XLE,24,2026-01-27,0.007650515041750516,0.006787625141441822
mlp,y_XLE,23,2026-01-28,0.009190791038654833,-0.030972667038440704
mlp,y_XLE,24,2026-01-28,0.009190791038654833,0.007713732309639454
mlp,y_XLE,23,2026-01-29,0.010690970767606167,-0.028622198849916458
mlp,y_XLE,24,2026-01-29,0.010690970767606167,0.009753582067787647
mlp,y_XLE,23,2026-02-02,0.03236761152006573,-0.021895747631788254
mlp,y_XLE,24,2026-02-02,0.03236761152006573,0.004100500606000423
mlp,y_XLE,23,2026-02-03,0.022450236176059235,0.008281916379928589
mlp,y_XLE,24,2026-02-03,0.022450236176059235,0.0012105172500014305
mlp,y_XLE,23,2026-02-04,-0.01173580778143335,-0.028254618868231773
mlp,y_XLE,24,2026-02-04,-0.01173580778143335,-0.007933148182928562
mlp,y_XLE,23,2026-02-05,0.01991957352545981,-0.01286090537905693
mlp,y_XLE,24,2026-02-05,0.01991957352545981,0.0010323422029614449
mlp,y_XLE,23,2026-02-09,-0.0011185227307315415,-0.0006668455898761749
mlp,y_XLE,24,2026-02-09,-0.0011185227307315415,0.007945388555526733
mlp,y_XLE,23,2026-02-10,0.02612910905818988,-0.004563737660646439
mlp,y_XLE,24,2026-02-10,0.02612910905818988,0.010276482440531254
mlp,y_XLE,23,2026-02-11,-0.018188432308585023,-0.01153538003563881
mlp,y_XLE,24,2026-02-11,-0.018188432308585023,-0.0039235567674040794
mlp,y_XLE,23,2026-02-12,0.006854370785891906,-0.026000840589404106
mlp,y_XLE,24,2026-02-12,0.006854370785891906,0.026072189211845398
mlp,y_XLE,24,2026-02-17,0.019162767986918627,0.009550546295940876
mlp,y_XLE,24,2026-02-18,0.0073019630301647265,0.008630914613604546
mlp,y_XLE,24,2026-02-19,-0.00543673859009397,-0.012765766121447086
mlp,y_XLE,24,2026-02-23,-0.0009066736241948314,0.024376560002565384
mlp,y_XLE,24,2026-02-24,-0.004174220482861646,-0.015534714795649052
mlp,y_XLE,24,2026-02-25,0.0032804867628890566,-0.02398822456598282
mlp,y_XLE,24,2026-02-26,0.015803795530283438,0.025022145360708237
mlp,y_XLE,24,2026-03-02,-0.009116417416152545,-0.005544918589293957
mlp,y_XLE,24,2026-03-03,-0.005838673538251293,0.0040929289534688
mlp,y_XLE,24,2026-03-04,0.005161077106513812,0.027966249734163284
mlp,y_XLE,24,2026-03-05,0.0015934871338054712,-0.003432109020650387
mlp,y_XLF,0,2024-08-05,0.0161606878396221,-0.0019184192642569542
mlp,y_XLF,0,2024-08-06,0.0012048322924362864,-0.006389823742210865
mlp,y_XLF,0,2024-08-07,0.016125286877605394,0.022624727338552475
mlp,y_XLF,0,2024-08-08,0.004263372310600477,0.001291525550186634
mlp,y_XLF,0,2024-08-12,0.008297861643032256,0.03770603984594345
mlp,y_XLF,0,2024-08-13,0.012226667001537628,-0.010155702941119671
mlp,y_XLF,0,2024-08-14,0.009291621612003365,-0.019150633364915848
mlp,y_XLF,0,2024-08-15,0.007364560692824762,0.00787193700671196
mlp,y_XLF,0,2024-08-19,-0.003181147354894498,-0.035610176622867584
mlp,y_XLF,0,2024-08-20,-0.0015955163812568784,0.016432031989097595
mlp,y_XLF,0,2024-08-21,0.00570773502274724,0.010062423534691334
mlp,y_XLF,0,2024-08-22,0.008626600766895587,-0.03418988361954689
mlp,y_XLF,0,2024-08-26,0.005160512944490714,-0.020711909979581833
mlp,y_XLF,1,2024-08-26,0.005160512944490714,-0.010528894141316414
mlp,y_XLF,0,2024-08-27,0.0024553662330537573,-0.005986678414046764
mlp,y_XLF,1,2024-08-27,0.0024553662330537573,0.013521039858460426
mlp,y_XLF,0,2024-08-28,0.008906624709021704,-0.010993423871695995
mlp,y_XLF,1,2024-08-28,0.008906624709021704,-0.010404421016573906
mlp,y_XLF,0,2024-08-29,0.009490316227723117,0.011181158013641834
mlp,y_XLF,1,2024-08-29,0.009490316227723117,-0.0028451108373701572
mlp,y_XLF,0,2024-09-03,0.0011014193686660345,-0.0004791123792529106
mlp,y_XLF,1,2024-09-03,0.0011014193686660345,-0.015897611156105995
mlp,y_XLF,0,2024-09-04,-0.011001132286602266,-0.042296215891838074
mlp,y_XLF,1,2024-09-04,-0.011001132286602266,0.0050576371140778065
mlp,y_XLF,0,2024-09-05,-0.014683034920579874,-0.01264686044305563
mlp,y_XLF,1,2024-09-05,-0.014683034920579874,-0.020639872178435326
mlp,y_XLF,0,2024-09-09,-0.010233598862143256,0.013298583216965199
mlp,y_XLF,1,2024-09-09,-0.010233598862143256,-0.05168022960424423
mlp,y_XLF,0,2024-09-10,-0.004720195099177649,0.008718625642359257
mlp,y_XLF,1,2024-09-10,-0.004720195099177649,-0.01995856501162052
mlp,y_XLF,0,2024-09-11,0.0022584683318331855,-0.023523904383182526
mlp,y_XLF,1,2024-09-11,0.0022584683318331855,-0.008459977805614471
mlp,y_XLF,0,2024-09-12,0.0029291381520903936,-0.028630178421735764
mlp,y_XLF,1,2024-09-12,0.0029291381520903936,-0.010555675253272057
mlp,y_XLF,2,2024-09-12,0.0029291381520903936,0.038796115666627884
mlp,y_XLF,0,2024-09-16,0.005322675762467366,-0.06075245514512062
mlp,y_XLF,1,2024-09-16,0.005322675762467366,0.04355009272694588
mlp,y_XLF,2,2024-09-16,0.005322675762467366,-0.04325638711452484
mlp,y_XLF,0,2024-09-17,-0.003088512681581168,0.023468036204576492
mlp,y_XLF,1,2024-09-17,-0.003088512681581168,0.0045065865851938725
mlp,y_XLF,2,2024-09-17,-0.003088512681581168,0.001912139356136322
mlp,y_XLF,0,2024-09-18,0.011064341364667163,0.0033501507714390755
mlp,y_XLF,1,2024-09-18,0.011064341364667163,-0.006943185348063707
mlp,y_XLF,2,2024-09-18,0.011064341364667163,-0.0039336197078228
mlp,y_XLF,0,2024-09-19,-0.0006565547284226314,-0.009578789584338665
mlp,y_XLF,1,2024-09-19,-0.0006565547284226314,0.03671865165233612
mlp,y_XLF,2,2024-09-19,-0.0006565547284226314,-0.0179782435297966
mlp,y_XLF,0,2024-09-23,-0.008362584441980458,0.02204786241054535
mlp,y_XLF,1,2024-09-23,-0.008362584441980458,0.0074197775684297085
mlp,y_XLF,2,2024-09-23,-0.008362584441980458,-0.0038384143263101578
mlp,y_XLF,0,2024-09-24,-0.005992110055111022,-0.034219298511743546
mlp,y_XLF,1,2024-09-24,-0.005992110055111022,-0.002289889380335808
mlp,y_XLF,2,2024-09-24,-0.005992110055111022,0.0048646628856658936
mlp,y_XLF,0,2024-09-25,0.005135080195465047,0.01424862165004015
mlp,y_XLF,1,2024-09-25,0.005135080195465047,-0.002988251391798258
mlp,y_XLF,2,2024-09-25,0.005135080195465047,-0.0072836801409721375
mlp,y_XLF,0,2024-09-26,0.0028875897745084256,-0.008100687526166439
mlp,y_XLF,1,2024-09-26,0.0028875897745084256,0.0012438814155757427
mlp,y_XLF,2,2024-09-26,0.0028875897745084256,-0.00846879556775093
mlp,y_XLF,0,2024-09-30,-0.005295554163467275,-0.011764195747673512
mlp,y_XLF,1,2024-09-30,-0.005295554163467275,-0.00929865799844265
mlp,y_XLF,2,2024-09-30,-0.005295554163467275,-0.00099186971783638
mlp,y_XLF,0,2024-10-01,0.0011091066426889284,0.023375455290079117
mlp,y_XLF,1,2024-10-01,0.0011091066426889284,0.0047036162577569485
mlp,y_XLF,2,2024-10-01,0.0011091066426889284,-0.012910213321447372
mlp,y_XLF,0,2024-10-02,-0.005318106496225106,0.06978204101324081
mlp,y_XLF,1,2024-10-02,-0.005318106496225106,-0.004230659920722246
mlp,y_XLF,2,2024-10-02,-0.005318106496225106,0.02222125604748726
mlp,y_XLF,0,2024-10-03,0.016930349352157537,0.024201147258281708
mlp,y_XLF,1,2024-10-03,0.016930349352157537,0.003163169603794813
mlp,y_XLF,2,2024-10-03,0.016930349352157537,0.027987420558929443
mlp,y_XLF,1,2024-10-07,0.0057662135344236365,0.009159108623862267
mlp,y_XLF,2,2024-10-07,0.0057662135344236365,-0.024744544178247452
mlp,y_XLF,3,2024-10-07,0.0057662135344236365,0.006470194086432457
mlp,y_XLF,1,2024-10-08,0.009261302994275189,0.0349607840180397
mlp,y_XLF,2,2024-10-08,0.009261302994275189,0.027765855193138123
mlp,y_XLF,3,2024-10-08,0.009261302994275189,0.018987206742167473
mlp,y_XLF,1,2024-10-09,-0.0030587161997305268,0.0095730721950531
mlp,y_XLF,2,2024-10-09,-0.0030587161997305268,0.024084385484457016
mlp,y_XLF,3,2024-10-09,-0.0030587161997305268,-0.005904529243707657
mlp,y_XLF,1,2024-10-10,0.01928548377746675,-0.010078860446810722
mlp,y_XLF,2,2024-10-10,0.01928548377746675,-0.017842309549450874
mlp,y_XLF,3,2024-10-10,0.01928548377746675,-0.01436882559210062
mlp,y_XLF,1,2024-10-14,0.0021367725314549446,0.005479692947119474
mlp,y_XLF,2,2024-10-14,0.0021367725314549446,-0.006195530295372009
mlp,y_XLF,3,2024-10-14,0.0021367725314549446,-0.003843998536467552
mlp,y_XLF,1,2024-10-15,0.01236668988404288,-0.02117125317454338
mlp,y_XLF,2,2024-10-15,0.01236668988404288,-0.016899174079298973
mlp,y_XLF,3,2024-10-15,0.01236668988404288,-0.01196860708296299
mlp,y_XLF,1,2024-10-16,0.002738062056794943,-0.003649546764791012
mlp,y_XLF,2,2024-10-16,0.002738062056794943,-0.022950071841478348
mlp,y_XLF,3,2024-10-16,0.002738062056794943,-0.021698690950870514
mlp,y_XLF,1,2024-10-17,0.00021008269670819146,-0.01636878214776516
mlp,y_XLF,2,2024-10-17,0.00021008269670819146,-0.004231804981827736
mlp,y_XLF,3,2024-10-17,0.00021008269670819146,-0.011251175776124
mlp,y_XLF,1,2024-10-21,-0.0019051420169492461,0.06963157653808594
mlp,y_XLF,2,2024-10-21,-0.0019051420169492461,-0.005683470517396927
mlp,y_XLF,3,2024-10-21,-0.0019051420169492461,-0.021351413801312447
mlp,y_XLF,1,2024-10-22,-0.00084836431192159,0.005810206290334463
mlp,y_XLF,2,2024-10-22,-0.00084836431192159,0.02325953170657158
mlp,y_XLF,3,2024-10-22,-0.00084836431192159,-0.023297211155295372
mlp,y_XLF,1,2024-10-23,0.0008490846450321943,0.00643175421282649
mlp,y_XLF,2,2024-10-23,0.0008490846450321943,0.0016052164137363434
mlp,y_XLF,3,2024-10-23,0.0008490846450321943,0.02286628447473049
mlp,y_XLF,1,2024-10-24,-0.01102865367351713,-0.015383109450340271
mlp,y_XLF,2,2024-10-24,-0.01102865367351713,0.040981341153383255
mlp,y_XLF,3,2024-10-24,-0.01102865367351713,0.005542641505599022
mlp,y_XLF,2,2024-10-28,-0.006142865875948478,-0.06415839493274689
mlp,y_XLF,3,2024-10-28,-0.006142865875948478,0.17902188003063202
mlp,y_XLF,4,2024-10-28,-0.006142865875948478,0.04352262243628502
mlp,y_XLF,2,2024-10-29,0.0044757876980701106,0.02546289935708046
mlp,y_XLF,3,2024-10-29,0.0044757876980701106,-0.021366460248827934
mlp,y_XLF,4,2024-10-29,0.0044757876980701106,0.028132524341344833
mlp,y_XLF,2,2024-10-30,-0.01379164780360631,0.008662007749080658
mlp,y_XLF,3,2024-10-30,-0.01379164780360631,-0.0011615101248025894
mlp,y_XLF,4,2024-10-30,-0.01379164780360631,0.011197498068213463
mlp,y_XLF,2,2024-10-31,0.003442373586451497,-0.040803998708724976
mlp,y_XLF,3,2024-10-31,0.003442373586451497,0.04658939689397812
mlp,y_XLF,4,2024-10-31,0.003442373586451497,-0.025109943002462387
mlp,y_XLF,2,2024-11-04,0.009291317461362025,-0.004342112690210342
mlp,y_XLF,3,2024-11-04,0.009291317461362025,0.0064394306391477585
mlp,y_XLF,4,2024-11-04,0.009291317461362025,-0.029196124523878098
mlp,y_XLF,2,2024-11-05,0.06080076504890708,0.010687749832868576
mlp,y_XLF,3,2024-11-05,0.06080076504890708,0.009200183674693108
mlp,y_XLF,4,2024-11-05,0.06080076504890708,0.014417269267141819
mlp,y_XLF,2,2024-11-06,-0.0161453034983583,-0.042858075350522995
mlp,y_XLF,3,2024-11-06,-0.0161453034983583,0.01608431152999401
mlp,y_XLF,4,2024-11-06,-0.0161453034983583,-0.006263726390898228
mlp,y_XLF,2,2024-11-07,0.009025487210978289,0.00019046664237976074
mlp,y_XLF,3,2024-11-07,0.009025487210978289,0.00015647336840629578
mlp,y_XLF,4,2024-11-07,0.009025487210978289,-0.010484796948730946
mlp,y_XLF,2,2024-11-11,-0.0030066042990463115,0.030148927122354507
mlp,y_XLF,3,2024-11-11,-0.0030066042990463115,-0.029746275395154953
mlp,y_XLF,4,2024-11-11,-0.0030066042990463115,-0.014855603687465191
mlp,y_XLF,2,2024-11-12,0.000603181100908623,-0.003784526139497757
mlp,y_XLF,3,2024-11-12,0.000603181100908623,-0.03847307711839676
mlp,y_XLF,4,2024-11-12,0.000603181100908623,0.01416736375540495
mlp,y_XLF,2,2024-11-13,-0.00261200101614234,-0.021449118852615356
mlp,y_XLF,3,2024-11-13,-0.00261200101614234,-0.013047824613749981
mlp,y_XLF,4,2024-11-13,-0.00261200101614234,0.0318305529654026
mlp,y_XLF,2,2024-11-14,0.0046332866890350655,-0.008926408365368843
mlp,y_XLF,3,2024-11-14,0.0046332866890350655,0.060192711651325226
mlp,y_XLF,4,2024-11-14,0.0046332866890350655,0.16501197218894958
mlp,y_XLF,3,2024-11-18,-0.006597617182428128,-0.006650695577263832
mlp,y_XLF,4,2024-11-18,-0.006597617182428128,-0.0018427716568112373
mlp,y_XLF,5,2024-11-18,-0.006597617182428128,0.020647380501031876
mlp,y_XLF,3,2024-11-19,-0.0030185497562764674,0.03251601755619049
mlp,y_XLF,4,2024-11-19,-0.0030185497562764674,0.06211617961525917
mlp,y_XLF,5,2024-11-19,-0.0030185497562764674,0.047651346772909164
mlp,y_XLF,3,2024-11-20,0.012716999405360863,0.025367332622408867
mlp,y_XLF,4,2024-11-20,0.012716999405360863,0.02610783278942108
mlp,y_XLF,5,2024-11-20,0.012716999405360863,-0.04244229942560196
mlp,y_XLF,3,2024-11-21,0.011162077474515586,0.04493018239736557
mlp,y_XLF,4,2024-11-21,0.011162077474515586,0.01740926131606102
mlp,y_XLF,5,2024-11-21,0.011162077474515586,0.03372740000486374
mlp,y_XLF,3,2024-11-25,0.001958346547842771,-0.011039379984140396
mlp,y_XLF,4,2024-11-25,0.001958346547842771,0.0020957160741090775
mlp,y_XLF,5,2024-11-25,0.001958346547842771,-0.0029578562825918198
mlp,y_XLF,3,2024-11-26,0.0019546707710322853,0.00842168740928173
mlp,y_XLF,4,2024-11-26,0.0019546707710322853,0.0060074208304286
mlp,y_XLF,5,2024-11-26,0.0019546707710322853,0.006229422986507416
mlp,y_XLF,3,2024-12-02,-0.0074760464589000986,0.05094657093286514
mlp,y_XLF,4,2024-12-02,-0.0074760464589000986,-0.018070589751005173
mlp,y_XLF,5,2024-12-02,-0.0074760464589000986,-0.014242168515920639
mlp,y_XLF,3,2024-12-03,-0.003766179361327837,-0.06041303277015686
mlp,y_XLF,4,2024-12-03,-0.003766179361327837,0.026742510497570038
mlp,y_XLF,5,2024-12-03,-0.003766179361327837,-0.026949796825647354
mlp,y_XLF,3,2024-12-04,0.0029845479431558353,-0.000913543626666069
mlp,y_XLF,4,2024-12-04,0.0029845479431558353,-0.012831407599151134
mlp,y_XLF,5,2024-12-04,0.0029845479431558353,-0.00691802054643631
mlp,y_XLF,3,2024-12-05,-0.00019833669943225551,-0.002091173082590103
mlp,y_XLF,4,2024-12-05,-0.00019833669943225551,0.019438069313764572
mlp,y_XLF,5,2024-12-05,-0.00019833669943225551,0.054282452911138535
mlp,y_XLF,4,2024-12-09,-0.00020112960763774002,0.005832242779433727
mlp,y_XLF,5,2024-12-09,-0.00020112960763774002,-0.004245264455676079
mlp,y_XLF,6,2024-12-09,-0.00020112960763774002,0.0239105261862278
mlp,y_XLF,4,2024-12-10,0.0020120133075485214,-0.02919221669435501
mlp,y_XLF,5,2024-12-10,0.0020120133075485214,-0.016049351543188095
mlp,y_XLF,6,2024-12-10,0.0020120133075485214,-0.003344297409057617
mlp,y_XLF,4,2024-12-11,-0.004417556724619964,-0.0071053411811590195
mlp,y_XLF,5,2024-12-11,-0.004417556724619964,-0.005802277475595474
mlp,y_XLF,6,2024-12-11,-0.004417556724619964,0.014458997175097466
mlp,y_XLF,4,2024-12-12,-0.0008068628547025503,-0.018075425177812576
mlp,y_XLF,5,2024-12-12,-0.0008068628547025503,0.013305041939020157
mlp,y_XLF,6,2024-12-12,-0.0008068628547025503,0.016035277396440506
mlp,y_XLF,4,2024-12-16,-0.00707796213320111,0.014896620996296406
mlp,y_XLF,5,2024-12-16,-0.00707796213320111,-0.017909355461597443
mlp,y_XLF,6,2024-12-16,-0.00707796213320111,-0.03404304385185242
mlp,y_XLF,4,2024-12-17,-0.029938907534605597,0.013215524144470692
mlp,y_XLF,5,2024-12-17,-0.029938907534605597,-0.015008535236120224
mlp,y_XLF,6,2024-12-17,-0.029938907534605597,-0.00019804108887910843
mlp,y_XLF,4,2024-12-18,0.003569172222957606,0.011370043270289898
mlp,y_XLF,5,2024-12-18,0.003569172222957606,-0.012654878199100494
mlp,y_XLF,6,2024-12-18,0.003569172222957606,0.02378217503428459
mlp,y_XLF,4,2024-12-19,0.014853575814645747,0.006142121739685535
mlp,y_XLF,5,2024-12-19,0.014853575814645747,-0.004891224205493927
mlp,y_XLF,6,2024-12-19,0.014853575814645747,-0.0347796231508255
mlp,y_XLF,4,2024-12-23,0.011772001279358735,0.004863852635025978
mlp,y_XLF,5,2024-12-23,0.011772001279358735,-0.012801259756088257
mlp,y_XLF,6,2024-12-23,0.011772001279358735,0.0025094877928495407
mlp,y_XLF,4,2024-12-26,-0.007330453531055103,-0.044670071452856064
mlp,y_XLF,5,2024-12-26,-0.007330453531055103,0.014642510563135147
mlp,y_XLF,6,2024-12-26,-0.007330453531055103,0.0037499871104955673
mlp,y_XLF,5,2024-12-30,0.0010357638548137427,0.0379880927503109
mlp,y_XLF,6,2024-12-30,0.0010357638548137427,0.010959876701235771
mlp,y_XLF,7,2024-12-30,0.0010357638548137427,0.009621934965252876
mlp,y_XLF,5,2025-01-02,0.007882240065106627,-0.0005920305848121643
mlp,y_XLF,6,2025-01-02,0.007882240065106627,0.006230407394468784
mlp,y_XLF,7,2025-01-02,0.007882240065106627,0.007419213652610779
mlp,y_XLF,5,2025-01-06,-0.0022707704754005853,-0.04954905807971954
mlp,y_XLF,6,2025-01-06,-0.0022707704754005853,-0.04555431380867958
mlp,y_XLF,7,2025-01-06,-0.0022707704754005853,0.05043650418519974
mlp,y_XLF,5,2025-01-07,0.0033105507388897504,-0.014054948464035988
mlp,y_XLF,6,2025-01-07,0.0033105507388897504,0.008495556190609932
mlp,y_XLF,7,2025-01-07,0.0033105507388897504,-0.006833231076598167
mlp,y_XLF,5,2025-01-13,0.012379450030173045,-0.04060060530900955
mlp,y_XLF,6,2025-01-13,0.012379450030173045,0.00105985626578331
mlp,y_XLF,7,2025-01-13,0.012379450030173045,-0.004641873762011528
mlp,y_XLF,5,2025-01-14,0.02549223359473185,0.0008404608815908432
mlp,y_XLF,6,2025-01-14,0.02549223359473185,0.024292070418596268
mlp,y_XLF,7,2025-01-14,0.02549223359473185,0.006958475336432457
mlp,y_XLF,5,2025-01-15,0.006669360884182796,-0.022473329678177834
mlp,y_XLF,6,2025-01-15,0.006669360884182796,-0.024466663599014282
mlp,y_XLF,7,2025-01-15,0.006669360884182796,-0.03897668421268463
mlp,y_XLF,5,2025-01-16,0.008432111755182214,-0.010976847261190414
mlp,y_XLF,6,2025-01-16,0.008432111755182214,0.004390241578221321
mlp,y_XLF,7,2025-01-16,0.008432111755182214,0.0044235046952962875
mlp,y_XLF,6,2025-01-21,-0.004738407106839371,0.01126239076256752
mlp,y_XLF,7,2025-01-21,-0.004738407106839371,0.007547886110842228
mlp,y_XLF,8,2025-01-21,-0.004738407106839371,-0.004876641556620598
mlp,y_XLF,6,2025-01-22,0.005752888874157369,0.03249339014291763
mlp,y_XLF,7,2025-01-22,0.005752888874157369,-0.006567619740962982
mlp,y_XLF,8,2025-01-22,0.005752888874157369,-0.03386271744966507
mlp,y_XLF,6,2025-01-23,0.002958440622578662,-0.00910918228328228
mlp,y_XLF,7,2025-01-23,0.002958440622578662,-0.03039470501244068
mlp,y_XLF,8,2025-01-23,0.002958440622578662,-0.007537586614489555
mlp,y_XLF,6,2025-01-27,-0.0017506251775999404,-0.033210817724466324
mlp,y_XLF,7,2025-01-27,-0.0017506251775999404,-0.012412911280989647
mlp,y_XLF,8,2025-01-27,-0.0017506251775999404,0.022770365700125694
mlp,y_XLF,6,2025-01-28,-0.0007794368549881581,-0.014661822468042374
mlp,y_XLF,7,2025-01-28,-0.0007794368549881581,0.04547248035669327
mlp,y_XLF,8,2025-01-28,-0.0007794368549881581,-0.011796588078141212
mlp,y_XLF,6,2025-01-29,0.009555285433661798,0.005945124663412571
mlp,y_XLF,7,2025-01-29,0.009555285433661798,0.014503858983516693
mlp,y_XLF,8,2025-01-29,0.009555285433661798,-0.015746695920825005
mlp,y_XLF,6,2025-01-30,-0.005794814424435635,-0.08401700109243393
mlp,y_XLF,7,2025-01-30,-0.005794814424435635,-0.08174114674329758
mlp,y_XLF,8,2025-01-30,-0.005794814424435635,0.008228758350014687
mlp,y_XLF,6,2025-02-03,-0.0023408968810174624,-0.03846552595496178
mlp,y_XLF,7,2025-02-03,-0.0023408968810174624,-0.0039598289877176285
mlp,y_XLF,8,2025-02-03,-0.0023408968810174624,0.007017785683274269
mlp,y_XLF,6,2025-02-04,0.010559206704938262,-0.023278798907995224
mlp,y_XLF,7,2025-02-04,0.010559206704938262,-0.01837279088795185
mlp,y_XLF,8,2025-02-04,0.010559206704938262,0.03633984178304672
mlp,y_XLF,6,2025-02-05,0.008320466889144562,-0.06419722735881805
mlp,y_XLF,7,2025-02-05,0.008320466889144562,0.005199611186981201
mlp,y_XLF,8,2025-02-05,0.008320466889144562,-0.014902381226420403
mlp,y_XLF,6,2025-02-06,-0.005565210807994325,-0.009002242237329483
mlp,y_XLF,7,2025-02-06,-0.005565210807994325,-0.021793076768517494
mlp,y_XLF,8,2025-02-06,-0.005565210807994325,0.04690123349428177
mlp,y_XLF,7,2025-02-10,0.0025286975308049797,0.006878549233078957
mlp,y_XLF,8,2025-02-10,0.0025286975308049797,-0.026948964223265648
mlp,y_XLF,9,2025-02-10,0.0025286975308049797,-0.023828424513339996
mlp,y_XLF,7,2025-02-11,-0.003492419083686138,-0.007676759734749794
mlp,y_XLF,8,2025-02-11,-0.003492419083686138,0.04140555113554001
mlp,y_XLF,9,2025-02-11,-0.003492419083686138,0.010058339685201645
mlp,y_XLF,7,2025-02-12,0.00661990273890245,-0.0346062034368515
mlp,y_XLF,8,2025-02-12,0.00661990273890245,-0.01835656724870205
mlp,y_XLF,9,2025-02-12,0.00661990273890245,0.05934780091047287
mlp,y_XLF,7,2025-02-13,0.0019342698376372258,-0.028118139132857323
mlp,y_XLF,8,2025-02-13,0.0019342698376372258,0.06592821329832077
mlp,y_XLF,9,2025-02-13,0.0019342698376372258,0.07430604100227356
mlp,y_XLF,7,2025-02-18,0.00038336880724254563,-0.015534108504652977
mlp,y_XLF,8,2025-02-18,0.00038336880724254563,-0.015532413497567177
mlp,y_XLF,9,2025-02-18,0.00038336880724254563,0.06516841053962708
mlp,y_XLF,7,2025-02-19,-0.015328579237629314,0.025047825649380684
mlp,y_XLF,8,2025-02-19,-0.015328579237629314,0.00386141799390316
mlp,y_XLF,9,2025-02-19,-0.015328579237629314,0.006482701748609543
mlp,y_XLF,7,2025-02-20,-0.012453776918368908,0.017215166240930557
mlp,y_XLF,8,2025-02-20,-0.012453776918368908,-0.01801403984427452
mlp,y_XLF,9,2025-02-20,-0.012453776918368908,0.0024828054010868073
mlp,y_XLF,7,2025-02-24,-0.00019615934421923775,-0.017428090795874596
mlp,y_XLF,8,2025-02-24,-0.00019615934421923775,0.01702779345214367
mlp,y_XLF,9,2025-02-24,-0.00019615934421923775,-0.0499921590089798
mlp,y_XLF,7,2025-02-25,-0.002158555625727976,0.00787423737347126
mlp,y_XLF,8,2025-02-25,-0.002158555625727976,-0.02881821244955063
mlp,y_XLF,9,2025-02-25,-0.002158555625727976,0.0027805715799331665
mlp,y_XLF,7,2025-02-26,0.005506563950493204,-0.008324507623910904
mlp,y_XLF,8,2025-02-26,0.005506563950493204,-0.016289418563246727
mlp,y_XLF,9,2025-02-26,0.005506563950493204,-0.0297771617770195
mlp,y_XLF,7,2025-02-27,0.02053575372981231,-0.024618348106741905
mlp,y_XLF,8,2025-02-27,0.02053575372981231,0.01758441887795925
mlp,y_XLF,9,2025-02-27,0.02053575372981231,-0.012864470481872559
mlp,y_XLF,8,2025-03-03,-0.03517589404733923,-0.0003093387931585312
mlp,y_XLF,9,2025-03-03,-0.03517589404733923,0.012553602457046509
mlp,y_XLF,10,2025-03-03,-0.03517589404733923,-0.0012550819665193558
mlp,y_XLF,8,2025-03-04,0.005809202445479,0.005142906680703163
mlp,y_XLF,9,2025-03-04,0.005809202445479,-0.01034126803278923
mlp,y_XLF,10,2025-03-04,0.005809202445479,-0.0050520459190011024
mlp,y_XLF,8,2025-03-05,-0.016530514649694128,0.01678355596959591
mlp,y_XLF,9,2025-03-05,-0.016530514649694128,-0.017635434865951538
mlp,y_XLF,10,2025-03-05,-0.016530514649694128,-0.004033579491078854
mlp,y_XLF,8,2025-03-06,-0.0052652249052556055,0.004864977672696114
mlp,y_XLF,9,2025-03-06,-0.0052652249052556055,-0.017034757882356644
mlp,y_XLF,10,2025-03-06,-0.0052652249052556055,-0.0009698309004306793
mlp,y_XLF,8,2025-03-10,-0.008538137535184398,0.03893269598484039
mlp,y_XLF,9,2025-03-10,-0.008538137535184398,0.06922966241836548
mlp,y_XLF,10,2025-03-10,-0.008538137535184398,-0.03305625542998314
mlp,y_XLF,8,2025-03-11,0.0014702644737538684,0.021775508299469948
mlp,y_XLF,9,2025-03-11,0.0014702644737538684,0.07109224796295166
mlp,y_XLF,10,2025-03-11,0.0014702644737538684,-0.0664505660533905
mlp,y_XLF,8,2025-03-12,-0.005452953441782871,0.009408773854374886
mlp,y_XLF,9,2025-03-12,-0.005452953441782871,0.008436094969511032
mlp,y_XLF,10,2025-03-12,-0.005452953441782871,-0.02495015226304531
mlp,y_XLF,8,2025-03-13,0.023196960382544374,-0.025152066722512245
mlp,y_XLF,9,2025-03-13,0.023196960382544374,0.010576613247394562
mlp,y_XLF,10,2025-03-13,0.023196960382544374,0.0016166120767593384
mlp,y_XLF,8,2025-03-17,-0.0012222662832334086,0.019102251157164574
mlp,y_XLF,9,2025-03-17,-0.0012222662832334086,-0.017593376338481903
mlp,y_XLF,10,2025-03-17,-0.0012222662832334086,0.010760108008980751
mlp,y_XLF,8,2025-03-18,0.011013779530664847,0.01708166114985943
mlp,y_XLF,9,2025-03-18,0.011013779530664847,0.026181861758232117
mlp,y_XLF,10,2025-03-18,0.011013779530664847,-0.01836419105529785
mlp,y_XLF,8,2025-03-19,0.0014121300551648286,0.06285728514194489
mlp,y_XLF,9,2025-03-19,0.0014121300551648286,0.021632879972457886
mlp,y_XLF,10,2025-03-19,0.0014121300551648286,-3.160163760185242e-05
mlp,y_XLF,8,2025-03-20,-0.0036262491820679976,0.015551986172795296
mlp,y_XLF,9,2025-03-20,-0.0036262491820679976,-0.021902671083807945
mlp,y_XLF,10,2025-03-20,-0.0036262491820679976,0.008438723161816597
mlp,y_XLF,9,2025-03-24,0.005583274950086814,0.010396219789981842
mlp,y_XLF,10,2025-03-24,0.005583274950086814,-0.008642286993563175
mlp,y_XLF,11,2025-03-24,0.005583274950086814,0.028380872681736946
mlp,y_XLF,9,2025-03-25,-0.002974443991111797,0.08904725313186646
mlp,y_XLF,10,2025-03-25,-0.002974443991111797,-0.0019895732402801514
mlp,y_XLF,11,2025-03-25,-0.002974443991111797,0.06046728044748306
mlp,y_XLF,9,2025-03-26,-0.0019888273705813697,0.009072758257389069
mlp,y_XLF,10,2025-03-26,-0.0019888273705813697,-0.009449029341340065
mlp,y_XLF,11,2025-03-26,-0.0019888273705813697,-0.011022187769412994
mlp,y_XLF,9,2025-03-27,-0.019330484382996782,0.07287807762622833
mlp,y_XLF,10,2025-03-27,-0.019330484382996782,0.012485578656196594
mlp,y_XLF,11,2025-03-27,-0.019330484382996782,-0.024094108492136
mlp,y_XLF,9,2025-03-31,-0.0012045716002883067,0.022197656333446503
mlp,y_XLF,10,2025-03-31,-0.0012045716002883067,-0.049738772213459015
mlp,y_XLF,11,2025-03-31,-0.0012045716002883067,-0.01257338933646679
mlp,y_XLF,9,2025-04-01,0.008241153433036663,0.11260482668876648
mlp,y_XLF,10,2025-04-01,0.008241153433036663,0.18808457255363464
mlp,y_XLF,11,2025-04-01,0.008241153433036663,0.05997099727392197
mlp,y_XLF,9,2025-04-02,-0.04924243297310815,-0.03299989551305771
mlp,y_XLF,10,2025-04-02,-0.04924243297310815,0.0030179060995578766
mlp,y_XLF,11,2025-04-02,-0.04924243297310815,-0.07441645860671997
mlp,y_XLF,9,2025-04-03,-0.07318094915166029,0.007774420082569122
mlp,y_XLF,10,2025-04-03,-0.07318094915166029,0.013938948512077332
mlp,y_XLF,11,2025-04-03,-0.07318094915166029,0.008683143183588982
mlp,y_XLF,9,2025-04-07,-0.003855803962615867,0.06805409491062164
mlp,y_XLF,10,2025-04-07,-0.003855803962615867,0.04333129897713661
mlp,y_XLF,11,2025-04-07,-0.003855803962615867,0.04019505903124809
mlp,y_XLF,9,2025-04-08,0.07536430723581367,0.010862588882446289
mlp,y_XLF,10,2025-04-08,0.07536430723581367,0.0043267905712127686
mlp,y_XLF,11,2025-04-08,0.07536430723581367,0.023157764226198196
mlp,y_XLF,9,2025-04-09,-0.02794828686912998,-0.010586172342300415
mlp,y_XLF,10,2025-04-09,-0.02794828686912998,0.00402982160449028
mlp,y_XLF,11,2025-04-09,-0.02794828686912998,-0.01211819052696228
mlp,y_XLF,9,2025-04-10,0.01655402022188146,-0.02972056157886982
mlp,y_XLF,10,2025-04-10,0.01655402022188146,-0.011535589583218098
mlp,y_XLF,11,2025-04-10,0.01655402022188146,0.019565843045711517
mlp,y_XLF,10,2025-04-14,0.0025450566904061667,0.017760243266820908
mlp,y_XLF,11,2025-04-14,0.0025450566904061667,0.0107601098716259
mlp,y_XLF,12,2025-04-14,0.0025450566904061667,-0.017549240961670876
mlp,y_XLF,10,2025-04-15,-0.01565478292714817,-0.025850873440504074
mlp,y_XLF,11,2025-04-15,-0.01565478292714817,-0.01601085439324379
mlp,y_XLF,12,2025-04-15,-0.01565478292714817,-0.017081312835216522
mlp,y_XLF,10,2025-04-16,0.0025790518441681787,0.016110677272081375
mlp,y_XLF,11,2025-04-16,0.0025790518441681787,0.020569847896695137
mlp,y_XLF,12,2025-04-16,0.0025790518441681787,-0.012145798653364182
mlp,y_XLF,10,2025-04-21,0.033077705394745305,-0.027234593406319618
mlp,y_XLF,11,2025-04-21,0.033077705394745305,-0.01489352434873581
mlp,y_XLF,12,2025-04-21,0.033077705394745305,-0.02429773472249508
mlp,y_XLF,10,2025-04-22,0.011874522565940238,-0.012521360069513321
mlp,y_XLF,11,2025-04-22,0.011874522565940238,-0.019463272765278816
mlp,y_XLF,12,2025-04-22,0.011874522565940238,0.0011902041733264923
mlp,y_XLF,10,2025-04-23,0.01110646839711582,0.03912592679262161
mlp,y_XLF,11,2025-04-23,0.01110646839711582,-0.023386210203170776
mlp,y_XLF,12,2025-04-23,0.01110646839711582,0.02980061247944832
mlp,y_XLF,10,2025-04-24,-0.004766803158848698,-0.003413247875869274
mlp,y_XLF,11,2025-04-24,-0.004766803158848698,-0.014423146843910217
mlp,y_XLF,12,2025-04-24,-0.004766803158848698,-0.007061272393912077
mlp,y_XLF,10,2025-04-28,0.01037996231970384,-0.014132444746792316
mlp,y_XLF,11,2025-04-28,0.01037996231970384,-0.023489907383918762
mlp,y_XLF,12,2025-04-28,0.01037996231970384,0.0035995766520500183
mlp,y_XLF,10,2025-04-29,0.0018491400109303946,0.010214010253548622
mlp,y_XLF,11,2025-04-29,0.0018491400109303946,-0.016304848715662956
mlp,y_XLF,12,2025-04-29,0.0018491400109303946,-0.00025093741714954376
mlp,y_XLF,10,2025-04-30,-0.00020501930572103255,-0.00423063337802887
mlp,y_XLF,11,2025-04-30,-0.00020501930572103255,-0.0057950387708842754
mlp,y_XLF,12,2025-04-30,-0.00020501930572103255,0.009104825556278229
mlp,y_XLF,10,2025-05-01,0.020717836455749206,-0.08719560503959656
mlp,y_XLF,11,2025-05-01,0.020717836455749206,0.06154454126954079
mlp,y_XLF,12,2025-05-01,0.020717836455749206,0.0660945475101471
mlp,y_XLF,11,2025-05-05,-0.0056634554576976415,-0.021978281438350677
mlp,y_XLF,12,2025-05-05,-0.0056634554576976415,-0.028409119695425034
mlp,y_XLF,13,2025-05-05,-0.0056634554576976415,0.004288479685783386
mlp,y_XLF,11,2025-05-06,0.005899220782641601,-0.002548207063227892
mlp,y_XLF,12,2025-05-06,0.005899220782641601,-0.014126560650765896
mlp,y_XLF,13,2025-05-06,0.005899220782641601,-0.038882337510585785
mlp,y_XLF,11,2025-05-07,0.008291072144025469,-0.005329331383109093
mlp,y_XLF,12,2025-05-07,0.008291072144025469,0.00222049281001091
mlp,y_XLF,13,2025-05-07,0.008291072144025469,-0.0006747208535671234
mlp,y_XLF,11,2025-05-08,0.0,0.01682278886437416
mlp,y_XLF,12,2025-05-08,0.0,0.11362402141094208
mlp,y_XLF,13,2025-05-08,0.0,0.04636576026678085
mlp,y_XLF,11,2025-05-12,0.004128264143450577,0.004427874460816383
mlp,y_XLF,12,2025-05-12,0.004128264143450577,-0.01760961301624775
mlp,y_XLF,13,2025-05-12,0.004128264143450577,-0.013363413512706757
mlp,y_XLF,11,2025-05-13,-0.0027408107995550157,0.01895822398364544
mlp,y_XLF,12,2025-05-13,-0.0027408107995550157,-0.0012298021465539932
mlp,y_XLF,13,2025-05-13,-0.0027408107995550157,0.0005079507827758789
mlp,y_XLF,11,2025-05-14,0.006674537665802616,0.012931404635310173
mlp,y_XLF,12,2025-05-14,0.006674537665802616,-0.009055478498339653
mlp,y_XLF,13,2025-05-14,0.006674537665802616,0.003575000911951065
mlp,y_XLF,11,2025-05-15,0.006045225410478139,0.005940631963312626
mlp,y_XLF,12,2025-05-15,0.006045225410478139,0.006274932995438576
mlp,y_XLF,13,2025-05-15,0.006045225410478139,-0.017866771668195724
mlp,y_XLF,11,2025-05-19,-0.005424203632017788,0.025612685829401016
mlp,y_XLF,12,2025-05-19,-0.005424203632017788,-0.01094042882323265
mlp,y_XLF,13,2025-05-19,-0.005424203632017788,-0.012383278459310532
mlp,y_XLF,11,2025-05-20,-0.020451904219941586,0.011437801644206047
mlp,y_XLF,12,2025-05-20,-0.020451904219941586,0.002153303474187851
mlp,y_XLF,13,2025-05-20,-0.020451904219941586,-0.023280411958694458
mlp,y_XLF,11,2025-05-21,-0.0011930744514782043,-0.000784293282777071
mlp,y_XLF,12,2025-05-21,-0.0011930744514782043,0.00867459550499916
mlp,y_XLF,13,2025-05-21,-0.0011930744514782043,-0.014495337381958961
mlp,y_XLF,11,2025-05-22,-0.0035834987352220127,0.0017930599860846996
mlp,y_XLF,12,2025-05-22,-0.0035834987352220127,0.008225945755839348
mlp,y_XLF,13,2025-05-22,-0.0035834987352220127,0.07267389446496964
mlp,y_XLF,12,2025-05-27,-0.006675923438676401,-0.00029436685144901276
mlp,y_XLF,13,2025-05-27,-0.006675923438676401,0.00031611695885658264
mlp,y_XLF,14,2025-05-27,-0.006675923438676401,0.0003848690539598465
mlp,y_XLF,12,2025-05-28,0.00513935665791454,-0.021674970164895058
mlp,y_XLF,13,2025-05-28,0.00513935665791454,-0.020574040710926056
mlp,y_XLF,14,2025-05-28,0.00513935665791454,-0.02194392681121826
mlp,y_XLF,12,2025-05-29,0.0021632022942388307,-0.011735698208212852
mlp,y_XLF,13,2025-05-29,0.0021632022942388307,0.021664433181285858
mlp,y_XLF,14,2025-05-29,0.0021632022942388307,0.025929436087608337
mlp,y_XLF,12,2025-06-02,0.0019615946542179685,-0.010839488357305527
mlp,y_XLF,13,2025-06-02,0.0019615946542179685,-0.023491062223911285
mlp,y_XLF,14,2025-06-02,0.0019615946542179685,-0.011594414710998535
mlp,y_XLF,12,2025-06-03,-0.005677404577111744,0.016018614172935486
mlp,y_XLF,13,2025-06-03,-0.005677404577111744,0.032221339643001556
mlp,y_XLF,14,2025-06-03,-0.005677404577111744,-0.022441953420639038
mlp,y_XLF,12,2025-06-04,-0.002756384463087791,-0.016659442335367203
mlp,y_XLF,13,2025-06-04,-0.002756384463087791,0.019966863095760345
mlp,y_XLF,14,2025-06-04,-0.002756384463087791,-0.10364652425050735
mlp,y_XLF,12,2025-06-05,0.012438280336126928,-0.014805708080530167
mlp,y_XLF,13,2025-06-05,0.012438280336126928,-0.0002945251762866974
mlp,y_XLF,14,2025-06-05,0.012438280336126928,0.0014323703944683075
mlp,y_XLF,12,2025-06-09,0.0011763893340901443,-0.019878597930073738
mlp,y_XLF,13,2025-06-09,0.0011763893340901443,0.0410405695438385
mlp,y_XLF,14,2025-06-09,0.0011763893340901443,-0.009722080081701279
mlp,y_XLF,12,2025-06-10,-0.001175007068307532,0.010591026395559311
mlp,y_XLF,13,2025-06-10,-0.001175007068307532,-0.007260724902153015
mlp,y_XLF,14,2025-06-10,-0.001175007068307532,-0.008655916899442673
mlp,y_XLF,12,2025-06-11,0.0,-0.000622747465968132
mlp,y_XLF,13,2025-06-11,0.0,0.0029482021927833557
mlp,y_XLF,14,2025-06-11,0.0,-0.023974567651748657
mlp,y_XLF,12,2025-06-12,-0.020392310125487034,-0.013766271062195301
mlp,y_XLF,13,2025-06-12,-0.020392310125487034,0.0046062469482421875
mlp,y_XLF,14,2025-06-12,-0.020392310125487034,-0.019336074590682983
mlp,y_XLF,13,2025-07-02,0.010832376216637796,0.015566375106573105
mlp,y_XLF,14,2025-07-02,0.010832376216637796,0.00018798932433128357
mlp,y_XLF,15,2025-07-02,0.010832376216637796,-0.04501839727163315
mlp,y_XLF,13,2025-07-07,-0.008921812751726876,-0.013410268351435661
mlp,y_XLF,14,2025-07-07,-0.008921812751726876,-0.015356242656707764
mlp,y_XLF,15,2025-07-07,-0.008921812751726876,-0.002701032906770706
mlp,y_XLF,13,2025-07-08,0.0036391471929884123,0.0077639296650886536
mlp,y_XLF,14,2025-07-08,0.0036391471929884123,0.066020168364048
mlp,y_XLF,15,2025-07-08,0.0036391471929884123,-0.0416930615901947
mlp,y_XLF,13,2025-07-09,0.005916038227475218,0.0037427209317684174
mlp,y_XLF,14,2025-07-09,0.005916038227475218,0.005054645240306854
mlp,y_XLF,15,2025-07-09,0.005916038227475218,-0.014510948210954666
mlp,y_XLF,13,2025-07-10,-0.010434480257143774,-0.009214930236339569
mlp,y_XLF,14,2025-07-10,-0.010434480257143774,-0.0014863349497318268
mlp,y_XLF,15,2025-07-10,-0.010434480257143774,0.006257299333810806
mlp,y_XLF,13,2025-07-14,-0.017126440099849094,0.0063244253396987915
mlp,y_XLF,14,2025-07-14,-0.017126440099849094,-0.007220938801765442
mlp,y_XLF,15,2025-07-14,-0.017126440099849094,0.014626547694206238
mlp,y_XLF,13,2025-07-15,0.006969946409623118,0.03671330213546753
mlp,y_XLF,14,2025-07-15,0.006969946409623118,0.006135500967502594
mlp,y_XLF,15,2025-07-15,0.006969946409623118,0.016808461397886276
mlp,y_XLF,13,2025-07-16,0.009613541353136856,0.014610767364501953
mlp,y_XLF,14,2025-07-16,0.009613541353136856,0.042451128363609314
mlp,y_XLF,15,2025-07-16,0.009613541353136856,-0.016906671226024628
mlp,y_XLF,13,2025-07-17,0.0005713771219928443,0.12219258397817612
mlp,y_XLF,14,2025-07-17,0.0005713771219928443,-0.010598909109830856
mlp,y_XLF,15,2025-07-17,0.0005713771219928443,-0.05562209337949753
mlp,y_XLF,13,2025-07-21,0.005535450296628053,-0.01651410385966301
mlp,y_XLF,14,2025-07-21,0.005535450296628053,-0.010107479989528656
mlp,y_XLF,15,2025-07-21,0.005535450296628053,-0.00756971538066864
mlp,y_XLF,13,2025-07-22,0.007972590665472623,-0.01835039258003235
mlp,y_XLF,14,2025-07-22,0.007972590665472623,-0.004987800493836403
mlp,y_XLF,15,2025-07-22,0.007972590665472623,-0.01729387417435646
mlp,y_XLF,13,2025-07-23,-0.0005649561824438987,0.0012188814580440521
mlp,y_XLF,14,2025-07-23,-0.0005649561824438987,0.03390461578965187
mlp,y_XLF,15,2025-07-23,-0.0005649561824438987,0.010222002863883972
mlp,y_XLF,14,2025-07-24,0.006971972870247756,0.002770179882645607
mlp,y_XLF,15,2025-07-24,0.006971972870247756,-0.0033058039844036102
mlp,y_XLF,16,2025-07-24,0.006971972870247756,-0.010476233437657356
mlp,y_XLF,14,2025-07-28,-0.0050876245835156375,-0.0232863649725914
mlp,y_XLF,15,2025-07-28,-0.0050876245835156375,0.00708552822470665
mlp,y_XLF,16,2025-07-28,-0.0050876245835156375,0.010605916380882263
mlp,y_XLF,14,2025-07-29,-0.0018939114279084013,-0.022866860032081604
mlp,y_XLF,15,2025-07-29,-0.0018939114279084013,-0.0010800212621688843
mlp,y_XLF,16,2025-07-29,-0.0018939114279084013,0.03466419503092766
mlp,y_XLF,14,2025-07-30,-0.006261905410859248,-0.02513156831264496
mlp,y_XLF,15,2025-07-30,-0.006261905410859248,-0.019150417298078537
mlp,y_XLF,16,2025-07-30,-0.006261905410859248,0.0307619571685791
mlp,y_XLF,14,2025-07-31,-0.01852193545538805,0.01021263375878334
mlp,y_XLF,15,2025-07-31,-0.01852193545538805,0.004945196211338043
mlp,y_XLF,16,2025-07-31,-0.01852193545538805,0.025307457894086838
mlp,y_XLF,14,2025-08-04,-0.004045425546168935,0.0017139948904514313
mlp,y_XLF,15,2025-08-04,-0.004045425546168935,0.0001409687101840973
mlp,y_XLF,16,2025-08-04,-0.004045425546168935,0.013888128101825714
mlp,y_XLF,14,2025-08-05,0.004835555241239353,0.01266011968255043
mlp,y_XLF,15,2025-08-05,0.004835555241239353,0.014609139412641525
mlp,y_XLF,16,2025-08-05,0.004835555241239353,-0.013672702945768833
mlp,y_XLF,14,2025-08-06,-0.011164667197282374,-0.006347237154841423
mlp,y_XLF,15,2025-08-06,-0.011164667197282374,-0.00987045094370842
mlp,y_XLF,16,2025-08-06,-0.011164667197282374,0.008261051028966904
mlp,y_XLF,14,2025-08-07,0.009344016823716217,-0.023694150149822235
mlp,y_XLF,15,2025-08-07,0.009344016823716217,0.004209164530038834
mlp,y_XLF,16,2025-08-07,0.009344016823716217,0.016271434724330902
mlp,y_XLF,14,2025-08-11,0.012155008255541278,-0.006060732528567314
mlp,y_XLF,15,2025-08-11,0.012155008255541278,-0.01699097454547882
mlp,y_XLF,16,2025-08-11,0.012155008255541278,0.022893786430358887
mlp,y_XLF,14,2025-08-12,0.005718631499386673,0.007969025522470474
mlp,y_XLF,15,2025-08-12,0.005718631499386673,0.024403326213359833
mlp,y_XLF,16,2025-08-12,0.005718631499386673,-0.015022201463580132
mlp,y_XLF,15,2025-08-13,0.00473847745019329,-0.004571396857500076
mlp,y_XLF,16,2025-08-13,0.00473847745019329,-0.00357021763920784
mlp,y_XLF,17,2025-08-13,0.00473847745019329,-0.005776308476924896
mlp,y_XLF,15,2025-08-14,-0.010375428421309896,0.005365915596485138
mlp,y_XLF,16,2025-08-14,-0.010375428421309896,0.017649315297603607
mlp,y_XLF,17,2025-08-14,-0.010375428421309896,0.005049575120210648
mlp,y_XLF,15,2025-08-18,0.0019047337575488488,-0.0108875073492527
mlp,y_XLF,16,2025-08-18,0.0019047337575488488,0.0041151344776153564
mlp,y_XLF,17,2025-08-18,0.0019047337575488488,0.0017188005149364471
mlp,y_XLF,15,2025-08-19,0.005133084456511172,-0.0034262090921401978
mlp,y_XLF,16,2025-08-19,0.005133084456511172,0.008849024772644043
mlp,y_XLF,17,2025-08-19,0.005133084456511172,-0.025542378425598145
mlp,y_XLF,15,2025-08-20,-0.0032153939080915572,0.006522677838802338
mlp,y_XLF,16,2025-08-20,-0.0032153939080915572,-0.012535039335489273
mlp,y_XLF,17,2025-08-20,-0.0032153939080915572,-0.010821308009326458
mlp,y_XLF,15,2025-08-21,0.016508520590230225,0.002642206847667694
mlp,y_XLF,16,2025-08-21,0.016508520590230225,-0.02178177982568741
mlp,y_XLF,17,2025-08-21,0.016508520590230225,0.00372418574988842
mlp,y_XLF,15,2025-08-25,0.007698064923114201,-0.015220649540424347
mlp,y_XLF,16,2025-08-25,0.007698064923114201,0.015938032418489456
mlp,y_XLF,17,2025-08-25,0.007698064923114201,0.030022893100976944
mlp,y_XLF,15,2025-08-26,0.002049553378982827,0.0024154186248779297
mlp,y_XLF,16,2025-08-26,0.002049553378982827,0.04826635867357254
mlp,y_XLF,17,2025-08-26,0.002049553378982827,-0.0069016506895422935
mlp,y_XLF,15,2025-08-27,0.0013015870635415538,-0.021507546305656433
mlp,y_XLF,16,2025-08-27,0.0013015870635415538,-0.005974031984806061
mlp,y_XLF,17,2025-08-27,0.0013015870635415538,-0.022443067282438278
mlp,y_XLF,15,2025-08-28,0.0025999329155401707,-0.030485861003398895
mlp,y_XLF,16,2025-08-28,0.0025999329155401707,0.0218735970556736
mlp,y_XLF,17,2025-08-28,0.0025999329155401707,0.02036755532026291
mlp,y_XLF,15,2025-09-02,-0.0016794430905363589,-0.020054951310157776
mlp,y_XLF,16,2025-09-02,-0.0016794430905363589,-0.040503304451704025
mlp,y_XLF,17,2025-09-02,-0.0016794430905363589,0.003923594951629639
mlp,y_XLF,16,2025-09-03,0.010467335931992894,0.01536155492067337
mlp,y_XLF,17,2025-09-03,0.010467335931992894,0.007491951808333397
mlp,y_XLF,18,2025-09-03,0.010467335931992894,0.018255962058901787
mlp,y_XLF,16,2025-09-04,-0.018313047823674156,-0.041457027196884155
mlp,y_XLF,17,2025-09-04,-0.018313047823674156,-0.041971605271101
mlp,y_XLF,18,2025-09-04,-0.018313047823674156,0.008639981970191002
mlp,y_XLF,16,2025-09-08,0.004330635321832199,0.008056864142417908
mlp,y_XLF,17,2025-09-08,0.004330635321832199,0.0006399266421794891
mlp,y_XLF,18,2025-09-08,0.004330635321832199,-0.0017952751368284225
mlp,y_XLF,16,2025-09-09,-0.0033746288793868873,-0.011178458109498024
mlp,y_XLF,17,2025-09-09,-0.0033746288793868873,0.01996568590402603
mlp,y_XLF,18,2025-09-09,-0.0033746288793868873,0.02169320173561573
mlp,y_XLF,16,2025-09-10,0.016365670303610802,0.00975528359413147
mlp,y_XLF,17,2025-09-10,0.016365670303610802,0.02226388081908226
mlp,y_XLF,18,2025-09-10,0.016365670303610802,0.00046621449291706085
mlp,y_XLF,16,2025-09-11,-0.004256895383629167,-0.018224937841296196
mlp,y_XLF,17,2025-09-11,-0.004256895383629167,-0.004049861803650856
mlp,y_XLF,18,2025-09-11,-0.004256895383629167,-0.019853392615914345
mlp,y_XLF,16,2025-09-15,-0.0022354078181178183,0.005473189055919647
mlp,y_XLF,17,2025-09-15,-0.0022354078181178183,-0.005387783050537109
mlp,y_XLF,18,2025-09-15,-0.0022354078181178183,-0.04667215049266815
mlp,y_XLF,16,2025-09-16,0.009708708624296847,0.04014603793621063
mlp,y_XLF,17,2025-09-16,0.009708708624296847,-0.022909261286258698
mlp,y_XLF,18,2025-09-16,0.009708708624296847,0.005715647712349892
mlp,y_XLF,16,2025-09-17,0.0009245780383209112,-0.0007975995540618896
mlp,y_XLF,17,2025-09-17,0.0009245780383209112,-0.018943116068840027
mlp,y_XLF,18,2025-09-17,0.0009245780383209112,0.019611617550253868
mlp,y_XLF,16,2025-09-18,0.0022168240370024073,-0.05484507232904434
mlp,y_XLF,17,2025-09-18,0.0022168240370024073,0.08179163932800293
mlp,y_XLF,18,2025-09-18,0.0022168240370024073,-0.06485375761985779
mlp,y_XLF,16,2025-09-22,-0.004444484457596043,-0.020073164254426956
mlp,y_XLF,17,2025-09-22,-0.004444484457596043,0.02152310311794281
mlp,y_XLF,18,2025-09-22,-0.004444484457596043,-0.00759832002222538
mlp,y_XLF,17,2025-09-23,-0.002790132597520034,-0.03798132762312889
mlp,y_XLF,18,2025-09-23,-0.002790132597520034,-0.02052645944058895
mlp,y_XLF,19,2025-09-23,-0.002790132597520034,-0.05745207145810127
mlp,y_XLF,17,2025-09-24,-0.002611428979049979,0.045515257865190506
mlp,y_XLF,18,2025-09-24,-0.002611428979049979,0.020012302324175835
mlp,y_XLF,19,2025-09-24,-0.002611428979049979,-0.10112614929676056
mlp,y_XLF,17,2025-09-25,0.0072938034672198615,-0.0228034146130085
mlp,y_XLF,18,2025-09-25,0.0072938034672198615,-0.003006899729371071
mlp,y_XLF,19,2025-09-25,0.0072938034672198615,-0.045063186436891556
mlp,y_XLF,17,2025-09-29,-0.00480324753845951,-0.003285706043243408
mlp,y_XLF,18,2025-09-29,-0.00480324753845951,0.0032238755375146866
mlp,y_XLF,19,2025-09-29,-0.00480324753845951,0.009554382413625717
mlp,y_XLF,17,2025-09-30,-0.008910348848141014,0.016786180436611176
mlp,y_XLF,18,2025-09-30,-0.008910348848141014,-0.015505999326705933
mlp,y_XLF,19,2025-09-30,-0.008910348848141014,0.0061516351997852325
mlp,y_XLF,17,2025-10-01,-0.0007491868214818398,0.016146767884492874
mlp,y_XLF,18,2025-10-01,-0.0007491868214818398,0.01388373039662838
mlp,y_XLF,19,2025-10-01,-0.0007491868214818398,-0.11312738060951233
mlp,y_XLF,17,2025-10-02,0.0069353711606781054,0.01161210611462593
mlp,y_XLF,18,2025-10-02,0.0069353711606781054,0.04463765770196915
mlp,y_XLF,19,2025-10-02,0.0069353711606781054,-0.07363612949848175
mlp,y_XLF,17,2025-10-06,0.0013035261215625926,-0.008428307250142097
mlp,y_XLF,18,2025-10-06,0.0013035261215625926,0.0056342557072639465
mlp,y_XLF,19,2025-10-06,0.0013035261215625926,0.034913673996925354
mlp,y_XLF,17,2025-10-07,-0.004835406107903895,0.0036776848137378693
mlp,y_XLF,18,2025-10-07,-0.004835406107903895,0.007764887064695358
mlp,y_XLF,19,2025-10-07,-0.004835406107903895,-0.010992128401994705
mlp,y_XLF,17,2025-10-08,-0.003550746254775916,-0.015947014093399048
mlp,y_XLF,18,2025-10-08,-0.003550746254775916,0.03820251673460007
mlp,y_XLF,19,2025-10-08,-0.003550746254775916,0.06653797626495361
mlp,y_XLF,17,2025-10-09,-0.02175544316840261,0.012784712016582489
mlp,y_XLF,18,2025-10-09,-0.02175544316840261,-0.002442970871925354
mlp,y_XLF,19,2025-10-09,-0.02175544316840261,-0.02666560187935829
mlp,y_XLF,18,2025-10-13,0.011014054233861925,-0.01042712852358818
mlp,y_XLF,19,2025-10-13,0.011014054233861925,-0.022084470838308334
mlp,y_XLF,20,2025-10-13,0.011014054233861925,0.037955693900585175
mlp,y_XLF,18,2025-10-14,0.0,-0.02692178077995777
mlp,y_XLF,19,2025-10-14,0.0,-0.023956406861543655
mlp,y_XLF,20,2025-10-14,0.0,0.0007452461868524551
mlp,y_XLF,18,2025-10-15,-0.027798729042364134,0.07746704667806625
mlp,y_XLF,19,2025-10-15,-0.027798729042364134,-0.06468476355075836
mlp,y_XLF,20,2025-10-15,-0.027798729042364134,0.008861156180500984
mlp,y_XLF,18,2025-10-16,0.008114447448343665,0.041624560952186584
mlp,y_XLF,19,2025-10-16,0.008114447448343665,-0.10263735055923462
mlp,y_XLF,20,2025-10-16,0.008114447448343665,-0.0011192411184310913
mlp,y_XLF,18,2025-10-20,-0.0011365890899049935,0.02549019642174244
mlp,y_XLF,19,2025-10-20,-0.0011365890899049935,0.0174749456346035
mlp,y_XLF,20,2025-10-20,-0.0011365890899049935,0.00044676102697849274
mlp,y_XLF,18,2025-10-21,-0.005689339376291791,0.001508096233010292
mlp,y_XLF,19,2025-10-21,-0.005689339376291791,0.0099015012383461
mlp,y_XLF,20,2025-10-21,-0.005689339376291791,-0.005091950297355652
mlp,y_XLF,18,2025-10-22,0.002098005591420371,0.09105145186185837
mlp,y_XLF,19,2025-10-22,0.002098005591420371,-0.07505282759666443
mlp,y_XLF,20,2025-10-22,0.002098005591420371,0.014377811923623085
mlp,y_XLF,18,2025-10-23,0.010848901674569866,-0.0028802845627069473
mlp,y_XLF,19,2025-10-23,0.010848901674569866,-0.03515898808836937
mlp,y_XLF,20,2025-10-23,0.010848901674569866,0.016982508823275566
mlp,y_XLF,18,2025-10-27,-0.006375431586477465,-0.0006873961538076401
mlp,y_XLF,19,2025-10-27,-0.006375431586477465,0.021740086376667023
mlp,y_XLF,20,2025-10-27,-0.006375431586477465,-0.01618802919983864
mlp,y_XLF,18,2025-10-28,-0.016984344737958068,0.02338838018476963
mlp,y_XLF,19,2025-10-28,-0.016984344737958068,-0.10169258713722229
mlp,y_XLF,20,2025-10-28,-0.016984344737958068,-0.03054206445813179
mlp,y_XLF,18,2025-10-29,0.0026876311498889027,0.017592227086424828
mlp,y_XLF,19,2025-10-29,0.0026876311498889027,0.019856229424476624
mlp,y_XLF,20,2025-10-29,0.0026876311498889027,-0.000856790691614151
mlp,y_XLF,18,2025-10-30,0.0026804271503846344,-0.007523061707615852
mlp,y_XLF,19,2025-10-30,0.0026804271503846344,0.002160787582397461
mlp,y_XLF,20,2025-10-30,0.0026804271503846344,-0.0034536104649305344
mlp,y_XLF,19,2025-11-03,0.005177346050075249,0.003903675824403763
mlp,y_XLF,20,2025-11-03,0.005177346050075249,-0.02483583614230156
mlp,y_XLF,21,2025-11-03,0.005177346050075249,-0.005469001829624176
mlp,y_XLF,19,2025-11-04,0.0034337617922599595,-0.056040260940790176
mlp,y_XLF,20,2025-11-04,0.0034337617922599595,0.007635435089468956
mlp,y_XLF,21,2025-11-04,0.0034337617922599595,0.006338231265544891
mlp,y_XLF,19,2025-11-05,-0.0036121029501375856,-0.020345795899629593
mlp,y_XLF,20,2025-11-05,-0.0036121029501375856,0.016011711210012436
mlp,y_XLF,21,2025-11-05,-0.0036121029501375856,-0.005543224513530731
mlp,y_XLF,19,2025-11-06,0.0070596874644843766,0.006517577916383743
mlp,y_XLF,20,2025-11-06,0.0070596874644843766,0.015822801738977432
mlp,y_XLF,21,2025-11-06,0.0070596874644843766,0.005222685635089874
mlp,y_XLF,19,2025-11-10,0.004530762485396522,-0.03398270532488823
mlp,y_XLF,20,2025-11-10,0.004530762485396522,-0.04529077932238579
mlp,y_XLF,21,2025-11-10,0.004530762485396522,0.015506632626056671
mlp,y_XLF,19,2025-11-11,0.00864497377716722,0.0007042363286018372
mlp,y_XLF,20,2025-11-11,0.00864497377716722,-0.004588065668940544
mlp,y_XLF,21,2025-11-11,0.00864497377716722,0.062133077532052994
mlp,y_XLF,19,2025-11-12,-0.012856318132623112,0.014541197568178177
mlp,y_XLF,20,2025-11-12,-0.012856318132623112,0.0027680154889822006
mlp,y_XLF,21,2025-11-12,-0.012856318132623112,0.02301761880517006
mlp,y_XLF,19,2025-11-13,-0.010003744937596704,-0.015435490757226944
mlp,y_XLF,20,2025-11-13,-0.010003744937596704,-0.005667638033628464
mlp,y_XLF,21,2025-11-13,-0.010003744937596704,0.0032903142273426056
mlp,y_XLF,19,2025-11-17,-0.0015549464767765642,0.008279811590909958
mlp,y_XLF,20,2025-11-17,-0.0015549464767765642,-0.005671456456184387
mlp,y_XLF,21,2025-11-17,-0.0015549464767765642,0.021573174744844437
mlp,y_XLF,19,2025-11-18,0.003698739924594463,-0.009690094739198685
mlp,y_XLF,20,2025-11-18,0.003698739924594463,-0.007544372230768204
mlp,y_XLF,21,2025-11-18,0.003698739924594463,0.008767273277044296
mlp,y_XLF,19,2025-11-19,-0.00872769983376731,-0.0016212575137615204
mlp,y_XLF,20,2025-11-19,-0.00872769983376731,-0.015843821689486504
mlp,y_XLF,21,2025-11-19,-0.00872769983376731,0.021943431347608566
mlp,y_XLF,19,2025-11-20,0.010956658404933206,-0.10631498694419861
mlp,y_XLF,20,2025-11-20,0.010956658404933206,0.014081008732318878
mlp,y_XLF,21,2025-11-20,0.010956658404933206,0.00784490630030632
mlp,y_XLF,20,2025-11-24,0.012526487841339362,-0.006256628781557083
mlp,y_XLF,21,2025-11-24,0.012526487841339362,-0.004047490656375885
mlp,y_XLF,22,2025-11-24,0.012526487841339362,0.0013889633119106293
mlp,y_XLF,20,2025-11-25,0.007803599776059489,-0.008480735123157501
mlp,y_XLF,21,2025-11-25,0.007803599776059489,0.009306319057941437
mlp,y_XLF,22,2025-11-25,0.007803599776059489,0.020351339131593704
mlp,y_XLF,20,2025-12-01,-0.0009453909008985129,-0.0011883517727255821
mlp,y_XLF,21,2025-12-01,-0.0009453909008985129,-0.00654119998216629
mlp,y_XLF,22,2025-12-01,-0.0009453909008985129,0.005406524986028671
mlp,y_XLF,20,2025-12-02,0.013436790598289061,0.024641940370202065
mlp,y_XLF,21,2025-12-02,0.013436790598289061,-0.010215114802122116
mlp,y_XLF,22,2025-12-02,0.013436790598289061,0.025496631860733032
mlp,y_XLF,20,2025-12-03,0.0020541973257548474,-0.017759596928954124
mlp,y_XLF,21,2025-12-03,0.0020541973257548474,-0.023381540551781654
mlp,y_XLF,22,2025-12-03,0.0020541973257548474,0.004608068615198135
mlp,y_XLF,20,2025-12-04,0.0003726728900093068,0.005933247972279787
mlp,y_XLF,21,2025-12-04,0.0003726728900093068,-0.0028958506882190704
mlp,y_XLF,22,2025-12-04,0.0003726728900093068,0.02392791211605072
mlp,y_XLF,20,2025-12-08,-0.003739701701419018,-0.02337418869137764
mlp,y_XLF,21,2025-12-08,-0.003739701701419018,0.031962763518095016
mlp,y_XLF,22,2025-12-08,-0.003739701701419018,0.18880832195281982
mlp,y_XLF,20,2025-12-09,0.011448955974568076,-0.02667810022830963
mlp,y_XLF,21,2025-12-09,0.011448955974568076,0.0019483678042888641
mlp,y_XLF,22,2025-12-09,0.011448955974568076,0.004494674503803253
mlp,y_XLF,20,2025-12-10,0.01818516582706664,-0.04301423951983452
mlp,y_XLF,21,2025-12-10,0.01818516582706664,0.04488850757479668
mlp,y_XLF,22,2025-12-10,0.01818516582706664,0.038929861038923264
mlp,y_XLF,20,2025-12-11,0.0014580279932445706,-0.04986052215099335
mlp,y_XLF,21,2025-12-11,0.0014580279932445706,-0.013798857107758522
mlp,y_XLF,22,2025-12-11,0.0014580279932445706,0.003480866551399231
mlp,y_XLF,21,2025-12-15,-0.006364804346536745,0.03663882240653038
mlp,y_XLF,22,2025-12-15,-0.006364804346536745,0.047345321625471115
mlp,y_XLF,23,2025-12-15,-0.006364804346536745,0.036162953823804855
mlp,y_XLF,21,2025-12-16,-0.00018299439786328975,-0.0026649050414562225
mlp,y_XLF,22,2025-12-16,-0.00018299439786328975,0.03170664235949516
mlp,y_XLF,23,2025-12-16,-0.00018299439786328975,0.008959513157606125
mlp,y_XLF,21,2025-12-17,-0.0016474612342792794,-0.014256475493311882
mlp,y_XLF,22,2025-12-17,-0.0016474612342792794,-0.006151413545012474
mlp,y_XLF,23,2025-12-17,-0.0016474612342792794,0.015877746045589447
mlp,y_XLF,21,2025-12-18,0.005500529284427902,0.04888414964079857
mlp,y_XLF,22,2025-12-18,0.005500529284427902,0.05295472964644432
mlp,y_XLF,23,2025-12-18,0.005500529284427902,-0.06213987618684769
mlp,y_XLF,21,2025-12-23,0.0054122178497000295,0.04368264600634575
mlp,y_XLF,22,2025-12-23,0.0054122178497000295,0.018852639943361282
mlp,y_XLF,23,2025-12-23,0.0054122178497000295,-0.009933370165526867
mlp,y_XLF,21,2025-12-29,-0.0025307192773093012,0.004246857017278671
mlp,y_XLF,22,2025-12-29,-0.0025307192773093012,0.007652886211872101
mlp,y_XLF,23,2025-12-29,-0.0025307192773093012,0.009040385484695435
mlp,y_XLF,21,2025-12-30,-0.00743022553723427,-0.007611874490976334
mlp,y_XLF,22,2025-12-30,-0.00743022553723427,-0.009886331856250763
mlp,y_XLF,23,2025-12-30,-0.00743022553723427,0.0024365559220314026
mlp,y_XLF,22,2026-01-05,0.004810269955919377,0.01599704474210739
mlp,y_XLF,23,2026-01-05,0.004810269955919377,-0.0031624063849449158
mlp,y_XLF,24,2026-01-05,0.004810269955919377,-0.010884163901209831
mlp,y_XLF,22,2026-01-06,-0.014007108052379258,0.014697175472974777
mlp,y_XLF,23,2026-01-06,-0.014007108052379258,0.002966560423374176
mlp,y_XLF,24,2026-01-06,-0.014007108052379258,0.00982275977730751
mlp,y_XLF,22,2026-01-07,0.005214905814501236,0.008123956620693207
mlp,y_XLF,23,2026-01-07,0.005214905814501236,-0.011128144338726997
mlp,y_XLF,24,2026-01-07,0.005214905814501236,0.04427538439631462
mlp,y_XLF,22,2026-01-08,-0.0030411803041521246,0.013959202915430069
mlp,y_XLF,23,2026-01-08,-0.0030411803041521246,-0.02806803211569786
mlp,y_XLF,24,2026-01-08,-0.0030411803041521246,0.02213483303785324
mlp,y_XLF,22,2026-01-12,-0.019171664961816437,-0.004807913675904274
mlp,y_XLF,23,2026-01-12,-0.019171664961816437,0.03727000206708908
mlp,y_XLF,24,2026-01-12,-0.019171664961816437,-0.03282252699136734
mlp,y_XLF,22,2026-01-13,-0.0014751616638889464,-0.013462448492646217
mlp,y_XLF,23,2026-01-13,-0.0014751616638889464,-0.011787334457039833
mlp,y_XLF,24,2026-01-13,-0.0014751616638889464,-0.010571107268333435
mlp,y_XLF,22,2026-01-14,0.004062740531977971,0.008054833859205246
mlp,y_XLF,23,2026-01-14,0.004062740531977971,-0.009708348661661148
mlp,y_XLF,24,2026-01-14,0.004062740531977971,-0.021078191697597504
mlp,y_XLF,22,2026-01-15,0.0012874691226665291,-0.0032478123903274536
mlp,y_XLF,23,2026-01-15,0.0012874691226665291,0.022759929299354553
mlp,y_XLF,24,2026-01-15,0.0012874691226665291,0.012590866535902023
mlp,y_XLF,22,2026-01-21,0.006546993917177613,-0.017298690974712372
mlp,y_XLF,23,2026-01-21,0.006546993917177613,-0.01244070753455162
mlp,y_XLF,24,2026-01-21,0.006546993917177613,-0.005890246480703354
mlp,y_XLF,22,2026-01-22,-0.01375212153096328,-0.014970287680625916
mlp,y_XLF,23,2026-01-22,-0.01375212153096328,0.0002919882535934448
mlp,y_XLF,24,2026-01-22,-0.01375212153096328,-0.002304978668689728
mlp,y_XLF,23,2026-01-26,-0.007676462246460347,0.0065076760947704315
mlp,y_XLF,24,2026-01-26,-0.007676462246460347,-0.008095543831586838
mlp,y_XLF,23,2026-01-27,-0.0001886475760981554,0.003306891769170761
mlp,y_XLF,24,2026-01-27,-0.0001886475760981554,0.01623733714222908
mlp,y_XLF,23,2026-01-28,0.010567985296390692,0.009434191510081291
mlp,y_XLF,24,2026-01-28,0.010567985296390692,-0.015036888420581818
mlp,y_XLF,23,2026-01-29,-0.0020541664223860945,-0.012808235362172127
mlp,y_XLF,24,2026-01-29,-0.0020541664223860945,0.009473633021116257
mlp,y_XLF,23,2026-02-02,-0.00925411829162559,0.0045649949461221695
mlp,y_XLF,24,2026-02-02,-0.00925411829162559,-0.03092465177178383
mlp,y_XLF,23,2026-02-03,0.008032884643780047,0.00036442652344703674
mlp,y_XLF,24,2026-02-03,0.008032884643780047,-0.003189917653799057
mlp,y_XLF,23,2026-02-04,-0.012416571169626023,0.0051273927092552185
mlp,y_XLF,24,2026-02-04,-0.012416571169626023,-0.009555365890264511
mlp,y_XLF,23,2026-02-05,0.018202240370448708,0.011271882802248001
mlp,y_XLF,24,2026-02-05,0.018202240370448708,-0.00037812069058418274
mlp,y_XLF,23,2026-02-09,-0.007230244708521738,-0.0034503135830163956
mlp,y_XLF,24,2026-02-09,-0.007230244708521738,0.000586729496717453
mlp,y_XLF,23,2026-02-10,-0.015126005044518664,0.015900682657957077
mlp,y_XLF,24,2026-02-10,-0.015126005044518664,-0.0036902911961078644
mlp,y_XLF,23,2026-02-11,-0.01990904471636612,-0.011226927861571312
mlp,y_XLF,24,2026-02-11,-0.01990904471636612,-0.009793762117624283
mlp,y_XLF,23,2026-02-12,-0.0007737880033411582,0.0054559484124183655
mlp,y_XLF,24,2026-02-12,-0.0007737880033411582,-0.020762789994478226
mlp,y_XLF,24,2026-02-17,0.0074712525660598494,-0.021940812468528748
mlp,y_XLF,24,2026-02-18,-0.008366583484167078,-0.003938715904951096
mlp,y_XLF,24,2026-02-19,0.006519657576983473,0.0035524964332580566
mlp,y_XLF,24,2026-02-23,0.004928050507705173,-0.0008157417178153992
mlp,y_XLF,24,2026-02-24,0.017457814783051973,-0.0003269091248512268
mlp,y_XLF,24,2026-02-25,0.012145769830119946,0.0212458074092865
mlp,y_XLF,24,2026-02-26,-0.020380946568080316,0.011044319719076157
mlp,y_XLF,24,2026-03-02,-0.0017543889654265676,0.020610887557268143
mlp,y_XLF,24,2026-03-03,0.005662974432961265,0.014854658395051956
mlp,y_XLF,24,2026-03-04,-0.005242727335216912,-0.02723725326359272
mlp,y_XLF,24,2026-03-05,-0.01288307345909645,-0.003154754638671875
mlp,y_XLI,0,2024-08-05,0.012023230410309838,0.009372171014547348
mlp,y_XLI,0,2024-08-06,-0.004834107688075906,-0.0007901866920292377
mlp,y_XLI,0,2024-08-07,0.023052829250552964,0.0029383148066699505
mlp,y_XLI,0,2024-08-08,0.00016103872108907957,-0.006657566409558058
mlp,y_XLI,0,2024-08-12,0.010513542806165566,-0.03045915812253952
mlp,y_XLI,0,2024-08-13,0.004081688441829989,-0.016404615715146065
mlp,y_XLI,0,2024-08-14,0.013470404996042129,0.001164932269603014
mlp,y_XLI,0,2024-08-15,-0.0014156087780134996,-0.002791635226458311
mlp,y_XLI,0,2024-08-19,-0.002739876391770868,0.0021371408365666866
mlp,y_XLI,0,2024-08-20,0.006044472315712035,0.006859962362796068
mlp,y_XLI,0,2024-08-21,-0.0012484361841432756,0.0005042147822678089
mlp,y_XLI,0,2024-08-22,0.009999851952427807,-0.01864565536379814
mlp,y_XLI,0,2024-08-26,0.0006193905286571155,-0.008242132142186165
mlp,y_XLI,1,2024-08-26,0.0006193905286571155,0.01279124990105629
mlp,y_XLI,0,2024-08-27,-0.0004643307782870032,0.004063277039676905
mlp,y_XLI,1,2024-08-27,-0.0004643307782870032,-0.001727871596813202
mlp,y_XLI,0,2024-08-28,0.0070456015104103376,0.011154204607009888
mlp,y_XLI,1,2024-08-28,0.0070456015104103376,0.024463318288326263
mlp,y_XLI,0,2024-08-29,0.010686559368195292,-0.011410098522901535
mlp,y_XLI,1,2024-08-29,0.010686559368195292,-0.015528514981269836
mlp,y_XLI,0,2024-09-03,0.0010111517885156296,-0.012474210932850838
mlp,y_XLI,1,2024-09-03,0.0010111517885156296,-0.01357860118150711
mlp,y_XLI,0,2024-09-04,-0.011656800502277354,-0.02115144394338131
mlp,y_XLI,1,2024-09-04,-0.011656800502277354,0.0164889357984066
mlp,y_XLI,0,2024-09-05,-0.010143119906909859,0.012345055118203163
mlp,y_XLI,1,2024-09-05,-0.010143119906909859,0.003252144902944565
mlp,y_XLI,0,2024-09-09,0.0017210515247161329,0.036941833794116974
mlp,y_XLI,1,2024-09-09,0.0017210515247161329,-0.10383298993110657
mlp,y_XLI,0,2024-09-10,0.0017965413974372346,0.03152935206890106
mlp,y_XLI,1,2024-09-10,0.0017965413974372346,-0.056583233177661896
mlp,y_XLI,0,2024-09-11,0.007717895143603881,-0.02539004571735859
mlp,y_XLI,1,2024-09-11,0.007717895143603881,0.03630134463310242
mlp,y_XLI,0,2024-09-12,0.010134771722088987,-0.019394448027014732
mlp,y_XLI,1,2024-09-12,0.010134771722088987,0.011568669229745865
mlp,y_XLI,2,2024-09-12,0.010134771722088987,0.01539955660700798
mlp,y_XLI,0,2024-09-16,0.005486206819919293,0.03914693370461464
mlp,y_XLI,1,2024-09-16,0.005486206819919293,-0.059667736291885376
mlp,y_XLI,2,2024-09-16,0.005486206819919293,0.029269397258758545
mlp,y_XLI,0,2024-09-17,-0.0008337350918438124,0.016266485676169395
mlp,y_XLI,1,2024-09-17,-0.0008337350918438124,0.0019048824906349182
mlp,y_XLI,2,2024-09-17,-0.0008337350918438124,-0.004932738840579987
mlp,y_XLI,0,2024-09-18,0.01721655229618113,-0.009043456055223942
mlp,y_XLI,1,2024-09-18,0.01721655229618113,0.004671178758144379
mlp,y_XLI,2,2024-09-18,0.01721655229618113,-0.008273610845208168
mlp,y_XLI,0,2024-09-19,-0.007008783364983562,-0.0029692254029214382
mlp,y_XLI,1,2024-09-19,-0.007008783364983562,-0.06373757123947144
mlp,y_XLI,2,2024-09-19,-0.007008783364983562,-0.02351434715092182
mlp,y_XLI,0,2024-09-23,0.007183711321665287,0.00016283290460705757
mlp,y_XLI,1,2024-09-23,0.007183711321665287,0.015855230391025543
mlp,y_XLI,2,2024-09-23,0.007183711321665287,-0.006001563742756844
mlp,y_XLI,0,2024-09-24,-0.0046806389369561385,-0.0061879451386630535
mlp,y_XLI,1,2024-09-24,-0.0046806389369561385,0.010922938585281372
mlp,y_XLI,2,2024-09-24,-0.0046806389369561385,-0.004926547408103943
mlp,y_XLI,0,2024-09-25,0.005001113434424775,-0.011210966855287552
mlp,y_XLI,1,2024-09-25,0.005001113434424775,0.0004904158413410187
mlp,y_XLI,2,2024-09-25,0.005001113434424775,0.0016346648335456848
mlp,y_XLI,0,2024-09-26,0.0014112222071089864,0.01759686879813671
mlp,y_XLI,1,2024-09-26,0.0014112222071089864,-0.014845050871372223
mlp,y_XLI,2,2024-09-26,0.0014112222071089864,-0.012592516839504242
mlp,y_XLI,0,2024-09-30,0.0005167562993591002,0.007696634624153376
mlp,y_XLI,1,2024-09-30,0.0005167562993591002,-0.0032952725887298584
mlp,y_XLI,2,2024-09-30,0.0005167562993591002,-0.018785931169986725
mlp,y_XLI,0,2024-10-01,-0.0018448836172246796,0.003502212930470705
mlp,y_XLI,1,2024-10-01,-0.0018448836172246796,0.008325204253196716
mlp,y_XLI,2,2024-10-01,-0.0018448836172246796,-0.004020906984806061
mlp,y_XLI,0,2024-10-02,-0.005101225705589241,-0.009691700339317322
mlp,y_XLI,1,2024-10-02,-0.005101225705589241,-0.03456965088844299
mlp,y_XLI,2,2024-10-02,-0.005101225705589241,0.0058962441980838776
mlp,y_XLI,0,2024-10-03,0.006985152046395271,-0.0014949892647564411
mlp,y_XLI,1,2024-10-03,0.006985152046395271,0.0016856268048286438
mlp,y_XLI,2,2024-10-03,0.006985152046395271,0.033998601138591766
mlp,y_XLI,1,2024-10-07,0.0022193568212387493,0.01395183801651001
mlp,y_XLI,2,2024-10-07,0.0022193568212387493,0.0020298324525356293
mlp,y_XLI,3,2024-10-07,0.0022193568212387493,-0.0250619575381279
mlp,y_XLI,1,2024-10-08,0.008931208625515108,-0.013909220695495605
mlp,y_XLI,2,2024-10-08,0.008931208625515108,-0.00016433373093605042
mlp,y_XLI,3,2024-10-08,0.008931208625515108,-0.002003652974963188
mlp,y_XLI,1,2024-10-09,-0.005121102874491523,0.013914186507463455
mlp,y_XLI,2,2024-10-09,-0.005121102874491523,-0.009665720164775848
mlp,y_XLI,3,2024-10-09,-0.005121102874491523,-0.027052128687500954
mlp,y_XLI,1,2024-10-10,0.017869050456620572,0.022294633090496063
mlp,y_XLI,2,2024-10-10,0.017869050456620572,-0.009031042456626892
mlp,y_XLI,3,2024-10-10,0.017869050456620572,-0.006500305607914925
mlp,y_XLI,1,2024-10-14,-0.007683950773859971,0.0016239210963249207
mlp,y_XLI,2,2024-10-14,-0.007683950773859971,0.02437904104590416
mlp,y_XLI,3,2024-10-14,-0.007683950773859971,0.016010554507374763
mlp,y_XLI,1,2024-10-15,0.007743451070707064,0.008626580238342285
mlp,y_XLI,2,2024-10-15,0.007743451070707064,-0.015481634065508842
mlp,y_XLI,3,2024-10-15,0.007743451070707064,-0.0044542718678712845
mlp,y_XLI,1,2024-10-16,-0.0028724663566187525,-0.002188999205827713
mlp,y_XLI,2,2024-10-16,-0.0028724663566187525,0.0001250244677066803
mlp,y_XLI,3,2024-10-16,-0.0028724663566187525,-0.009274113923311234
mlp,y_XLI,1,2024-10-17,0.0030248398288192924,0.02234508842229843
mlp,y_XLI,2,2024-10-17,0.0030248398288192924,0.011423081159591675
mlp,y_XLI,3,2024-10-17,0.0030248398288192924,0.00904175452888012
mlp,y_XLI,1,2024-10-21,-0.012105461258580807,-0.008995380252599716
mlp,y_XLI,2,2024-10-21,-0.012105461258580807,-0.014881167560815811
mlp,y_XLI,3,2024-10-21,-0.012105461258580807,-0.008425181731581688
mlp,y_XLI,1,2024-10-22,-0.0029177386170660125,0.010176587849855423
mlp,y_XLI,2,2024-10-22,-0.0029177386170660125,-0.024961087852716446
mlp,y_XLI,3,2024-10-22,-0.0029177386170660125,0.025700582191348076
mlp,y_XLI,1,2024-10-23,-0.006876426191717688,0.02040944993495941
mlp,y_XLI,2,2024-10-23,-0.006876426191717688,-0.012034423649311066
mlp,y_XLI,3,2024-10-23,-0.006876426191717688,0.02537408657371998
mlp,y_XLI,1,2024-10-24,-0.0026517814813882268,0.006689131259918213
mlp,y_XLI,2,2024-10-24,-0.0026517814813882268,0.00982210785150528
mlp,y_XLI,3,2024-10-24,-0.0026517814813882268,-0.07582501322031021
mlp,y_XLI,2,2024-10-28,-0.001325442952433864,0.16758449375629425
mlp,y_XLI,3,2024-10-28,-0.001325442952433864,-0.15834534168243408
mlp,y_XLI,4,2024-10-28,-0.001325442952433864,-0.15958356857299805
mlp,y_XLI,2,2024-10-29,-0.0016960858543161317,0.04097183048725128
mlp,y_XLI,3,2024-10-29,-0.0016960858543161317,-0.011290321126580238
mlp,y_XLI,4,2024-10-29,-0.0016960858543161317,-0.04457554966211319
mlp,y_XLI,2,2024-10-30,-0.011521998562606495,-0.009048284962773323
mlp,y_XLI,3,2024-10-30,-0.011521998562606495,-0.02286231517791748
mlp,y_XLI,4,2024-10-30,-0.011521998562606495,0.010655667632818222
mlp,y_XLI,2,2024-10-31,0.0013448373440316796,0.006722435355186462
mlp,y_XLI,3,2024-10-31,0.0013448373440316796,0.026442306116223335
mlp,y_XLI,4,2024-10-31,0.0013448373440316796,0.012998435646295547
mlp,y_XLI,2,2024-11-04,0.016733823786453605,-0.003350093960762024
mlp,y_XLI,3,2024-11-04,0.016733823786453605,-0.00586305744946003
mlp,y_XLI,4,2024-11-04,0.016733823786453605,-0.006353482604026794
mlp,y_XLI,2,2024-11-05,0.039162418370459084,-0.004108153283596039
mlp,y_XLI,3,2024-11-05,0.039162418370459084,0.010929910466074944
mlp,y_XLI,4,2024-11-05,0.039162418370459084,-0.00048293545842170715
mlp,y_XLI,2,2024-11-06,-0.006010000508940183,-0.0010013654828071594
mlp,y_XLI,3,2024-11-06,-0.006010000508940183,-0.012717057019472122
mlp,y_XLI,4,2024-11-06,-0.006010000508940183,0.019149724394083023
mlp,y_XLI,2,2024-11-07,0.01074119545770924,0.008323665708303452
mlp,y_XLI,3,2024-11-07,0.01074119545770924,-0.029713837429881096
mlp,y_XLI,4,2024-11-07,0.01074119545770924,-0.010697498917579651
mlp,y_XLI,2,2024-11-11,-0.008589934995174575,0.06313884258270264
mlp,y_XLI,3,2024-11-11,-0.008589934995174575,-0.01846458576619625
mlp,y_XLI,4,2024-11-11,-0.008589934995174575,-0.0008422024548053741
mlp,y_XLI,2,2024-11-12,0.0021132508394907656,0.007872581481933594
mlp,y_XLI,3,2024-11-12,0.0021132508394907656,-0.0051317233592271805
mlp,y_XLI,4,2024-11-12,0.0021132508394907656,0.00921504944562912
mlp,y_XLI,2,2024-11-13,-0.01687046470411202,-0.0003917217254638672
mlp,y_XLI,3,2024-11-13,-0.01687046470411202,0.05145605653524399
mlp,y_XLI,4,2024-11-13,-0.01687046470411202,0.008074376732110977
mlp,y_XLI,2,2024-11-14,-0.0053625087243724945,0.1909777969121933
mlp,y_XLI,3,2024-11-14,-0.0053625087243724945,0.020265376195311546
mlp,y_XLI,4,2024-11-14,-0.0053625087243724945,-0.09986617416143417
mlp,y_XLI,3,2024-11-18,-0.0008638205240801833,-0.00033117085695266724
mlp,y_XLI,4,2024-11-18,-0.0008638205240801833,-0.026750974357128143
mlp,y_XLI,5,2024-11-18,-0.0008638205240801833,-0.008806048892438412
mlp,y_XLI,3,2024-11-19,0.0010806251900585817,0.12146931141614914
mlp,y_XLI,4,2024-11-19,0.0010806251900585817,-0.08555973321199417
mlp,y_XLI,5,2024-11-19,0.0010806251900585817,0.049242403358221054
mlp,y_XLI,3,2024-11-20,0.012522638368021255,0.005664883181452751
mlp,y_XLI,4,2024-11-20,0.012522638368021255,-0.06409022957086563
mlp,y_XLI,5,2024-11-20,0.012522638368021255,0.0178828127682209
mlp,y_XLI,3,2024-11-21,0.013931342542734315,0.025480324402451515
mlp,y_XLI,4,2024-11-21,0.013931342542734315,-0.0956125482916832
mlp,y_XLI,5,2024-11-21,0.013931342542734315,-0.03177916258573532
mlp,y_XLI,3,2024-11-25,0.001184656007867435,-0.016455143690109253
mlp,y_XLI,4,2024-11-25,0.001184656007867435,-0.00848940759897232
mlp,y_XLI,5,2024-11-25,0.001184656007867435,-0.006424270570278168
mlp,y_XLI,3,2024-11-26,-0.0036883391796492804,-0.0132822934538126
mlp,y_XLI,4,2024-11-26,-0.0036883391796492804,0.02146197482943535
mlp,y_XLI,5,2024-11-26,-0.0036883391796492804,0.0036944951862096786
mlp,y_XLI,3,2024-12-02,-0.0062969445575639105,0.029904289171099663
mlp,y_XLI,4,2024-12-02,-0.0062969445575639105,-0.0024463124573230743
mlp,y_XLI,5,2024-12-02,-0.0062969445575639105,-0.012268859893083572
mlp,y_XLI,3,2024-12-03,0.004365400745693027,-0.003742581233382225
mlp,y_XLI,4,2024-12-03,0.004365400745693027,0.010109618306159973
mlp,y_XLI,5,2024-12-03,0.004365400745693027,-0.003158608451485634
mlp,y_XLI,3,2024-12-04,-0.01212764471115535,-0.001222284510731697
mlp,y_XLI,4,2024-12-04,-0.01212764471115535,-0.0034557953476905823
mlp,y_XLI,5,2024-12-04,-0.01212764471115535,0.011849727481603622
mlp,y_XLI,3,2024-12-05,-0.002554682359773186,0.004680396988987923
mlp,y_XLI,4,2024-12-05,-0.002554682359773186,0.010658429935574532
mlp,y_XLI,5,2024-12-05,-0.002554682359773186,-0.031539224088191986
mlp,y_XLI,4,2024-12-09,-0.00243994689218896,0.02389387972652912
mlp,y_XLI,5,2024-12-09,-0.00243994689218896,-0.03160917013883591
mlp,y_XLI,6,2024-12-09,-0.00243994689218896,-0.007654949091374874
mlp,y_XLI,4,2024-12-10,-0.0023024190386992105,-0.008782029151916504
mlp,y_XLI,5,2024-12-10,-0.0023024190386992105,-0.03091111220419407
mlp,y_XLI,6,2024-12-10,-0.0023024190386992105,0.001195032149553299
mlp,y_XLI,4,2024-12-11,-0.0064176170583418735,-0.005235299468040466
mlp,y_XLI,5,2024-12-11,-0.0064176170583418735,-0.0014215093106031418
mlp,y_XLI,6,2024-12-11,-0.0064176170583418735,0.00905800610780716
mlp,y_XLI,4,2024-12-12,-0.0026126012995084658,0.017482317984104156
mlp,y_XLI,5,2024-12-12,-0.0026126012995084658,-0.016084890812635422
mlp,y_XLI,6,2024-12-12,-0.0026126012995084658,0.026335207745432854
mlp,y_XLI,4,2024-12-16,-0.009160508612234386,0.02162986248731613
mlp,y_XLI,5,2024-12-16,-0.009160508612234386,-0.02348555624485016
mlp,y_XLI,6,2024-12-16,-0.009160508612234386,-0.004089699126780033
mlp,y_XLI,4,2024-12-17,-0.02824844708027363,-0.014286153018474579
mlp,y_XLI,5,2024-12-17,-0.02824844708027363,-0.007531195878982544
mlp,y_XLI,6,2024-12-17,-0.02824844708027363,-0.01004989817738533
mlp,y_XLI,4,2024-12-18,-0.0012837088009413078,0.003848988562822342
mlp,y_XLI,5,2024-12-18,-0.0012837088009413078,0.006412636488676071
mlp,y_XLI,6,2024-12-18,-0.0012837088009413078,0.02903532050549984
mlp,y_XLI,4,2024-12-19,0.011718556251491208,-0.003529798239469528
mlp,y_XLI,5,2024-12-19,0.011718556251491208,-0.03865067660808563
mlp,y_XLI,6,2024-12-19,0.011718556251491208,-0.00039351917803287506
mlp,y_XLI,4,2024-12-23,0.0078124373612360465,0.007213309407234192
mlp,y_XLI,5,2024-12-23,0.0078124373612360465,-0.018434755504131317
mlp,y_XLI,6,2024-12-23,0.0078124373612360465,0.006364127621054649
mlp,y_XLI,4,2024-12-26,-0.007448277228731204,-0.00033484771847724915
mlp,y_XLI,5,2024-12-26,-0.007448277228731204,0.020666558295488358
mlp,y_XLI,6,2024-12-26,-0.007448277228731204,-0.025521866977214813
mlp,y_XLI,5,2024-12-30,-0.0012129007898981081,0.03260614722967148
mlp,y_XLI,6,2024-12-30,-0.0012129007898981081,0.010642793029546738
mlp,y_XLI,7,2024-12-30,-0.0012129007898981081,0.024043627083301544
mlp,y_XLI,5,2025-01-02,0.010814733569464163,-0.014678288251161575
mlp,y_XLI,6,2025-01-02,0.010814733569464163,-0.015114393085241318
mlp,y_XLI,7,2025-01-02,0.010814733569464163,-0.003277434967458248
mlp,y_XLI,5,2025-01-06,-0.0009816282273480414,0.01592319831252098
mlp,y_XLI,6,2025-01-06,-0.0009816282273480414,0.001092536374926567
mlp,y_XLI,7,2025-01-06,-0.0009816282273480414,-0.013029147870838642
mlp,y_XLI,5,2025-01-07,0.003930371072581096,0.0043411776423454285
mlp,y_XLI,6,2025-01-07,0.003930371072581096,-0.009877495467662811
mlp,y_XLI,7,2025-01-07,0.003930371072581096,-0.01003702450543642
mlp,y_XLI,5,2025-01-13,0.011816085975218549,0.02052205428481102
mlp,y_XLI,6,2025-01-13,0.011816085975218549,0.0239469762891531
mlp,y_XLI,7,2025-01-13,0.011816085975218549,0.016524430364370346
mlp,y_XLI,5,2025-01-14,0.0063224667446304395,0.0046705156564712524
mlp,y_XLI,6,2025-01-14,0.0063224667446304395,-0.0014600995928049088
mlp,y_XLI,7,2025-01-14,0.0063224667446304395,0.015091166831552982
mlp,y_XLI,5,2025-01-15,0.01212198059540981,0.04511972889304161
mlp,y_XLI,6,2025-01-15,0.01212198059540981,0.01625778339803219
mlp,y_XLI,7,2025-01-15,0.01212198059540981,0.07279031723737717
mlp,y_XLI,5,2025-01-16,0.0059885684901570535,-0.010834512300789356
mlp,y_XLI,6,2025-01-16,0.0059885684901570535,-0.010826812125742435
mlp,y_XLI,7,2025-01-16,0.0059885684901570535,-0.00846194103360176
mlp,y_XLI,6,2025-01-21,-0.0023472290274723084,-0.020660657435655594
mlp,y_XLI,7,2025-01-21,-0.0023472290274723084,0.010596630163490772
mlp,y_XLI,8,2025-01-21,-0.0023472290274723084,-0.006240807473659515
mlp,y_XLI,6,2025-01-22,0.010124706195582478,-0.010405058041214943
mlp,y_XLI,7,2025-01-22,0.010124706195582478,-0.0012774234637618065
mlp,y_XLI,8,2025-01-22,0.010124706195582478,-0.011536188423633575
mlp,y_XLI,6,2025-01-23,-0.004235131236877132,0.04492177069187164
mlp,y_XLI,7,2025-01-23,-0.004235131236877132,-0.07622791826725006
mlp,y_XLI,8,2025-01-23,-0.004235131236877132,0.02234921231865883
mlp,y_XLI,6,2025-01-27,-0.006610054150763878,-0.003695327788591385
mlp,y_XLI,7,2025-01-27,-0.006610054150763878,0.013701044954359531
mlp,y_XLI,8,2025-01-27,-0.006610054150763878,0.017741261050105095
mlp,y_XLI,6,2025-01-28,-0.003399460874705884,-0.00838757585734129
mlp,y_XLI,7,2025-01-28,-0.003399460874705884,-0.005122748203575611
mlp,y_XLI,8,2025-01-28,-0.003399460874705884,0.03523467108607292
mlp,y_XLI,6,2025-01-29,0.011176388505485635,0.013121083378791809
mlp,y_XLI,7,2025-01-29,0.011176388505485635,-0.018064312636852264
mlp,y_XLI,8,2025-01-29,0.011176388505485635,-0.04676558077335358
mlp,y_XLI,6,2025-01-30,-0.007033475091575148,-0.013765977695584297
mlp,y_XLI,7,2025-01-30,-0.007033475091575148,-0.034343086183071136
mlp,y_XLI,8,2025-01-30,-0.007033475091575148,-0.02667783945798874
mlp,y_XLI,6,2025-02-03,0.0002920241496970899,0.011262169107794762
mlp,y_XLI,7,2025-02-03,0.0002920241496970899,-0.017432622611522675
mlp,y_XLI,8,2025-02-03,0.0002920241496970899,0.04403088986873627
mlp,y_XLI,6,2025-02-04,0.0007297343491512454,-0.008640790358185768
mlp,y_XLI,7,2025-02-04,0.0007297343491512454,0.048216015100479126
mlp,y_XLI,8,2025-02-04,0.0007297343491512454,0.04582563415169716
mlp,y_XLI,6,2025-02-05,0.004521753216939262,0.01687203161418438
mlp,y_XLI,7,2025-02-05,0.004521753216939262,0.03544590249657631
mlp,y_XLI,8,2025-02-05,0.004521753216939262,0.0964503362774849
mlp,y_XLI,6,2025-02-06,-0.0029765631448588348,0.01563539169728756
mlp,y_XLI,7,2025-02-06,-0.0029765631448588348,0.03686744347214699
mlp,y_XLI,8,2025-02-06,-0.0029765631448588348,0.0793163925409317
mlp,y_XLI,7,2025-02-10,0.00036081189821879356,-0.0009093349799513817
mlp,y_XLI,8,2025-02-10,0.00036081189821879356,0.006444718688726425
mlp,y_XLI,9,2025-02-10,0.00036081189821879356,0.036935511976480484
mlp,y_XLI,7,2025-02-11,-0.0062044628118357315,-0.019746199250221252
mlp,y_XLI,8,2025-02-11,-0.0062044628118357315,-0.024767301976680756
mlp,y_XLI,9,2025-02-11,-0.0062044628118357315,-0.03511051461100578
mlp,y_XLI,7,2025-02-12,0.0010162589072846284,0.01577283814549446
mlp,y_XLI,8,2025-02-12,0.0010162589072846284,-0.03425205498933792
mlp,y_XLI,9,2025-02-12,0.0010162589072846284,0.016854871064424515
mlp,y_XLI,7,2025-02-13,-0.0024655997844352795,0.09733125567436218
mlp,y_XLI,8,2025-02-13,-0.0024655997844352795,0.0779719203710556
mlp,y_XLI,9,2025-02-13,-0.0024655997844352795,-0.028152097016572952
mlp,y_XLI,7,2025-02-18,0.0010099194374175724,0.033028822392225266
mlp,y_XLI,8,2025-02-18,0.0010099194374175724,0.0006776971858926117
mlp,y_XLI,9,2025-02-18,0.0010099194374175724,-0.1415589153766632
mlp,y_XLI,7,2025-02-19,-0.006557686236951521,0.04509887099266052
mlp,y_XLI,8,2025-02-19,-0.006557686236951521,-0.008591420948505402
mlp,y_XLI,9,2025-02-19,-0.006557686236951521,-0.012593615800142288
mlp,y_XLI,7,2025-02-20,-0.021906300064113537,-0.0063124774023890495
mlp,y_XLI,8,2025-02-20,-0.021906300064113537,-0.010918347164988518
mlp,y_XLI,9,2025-02-20,-0.021906300064113537,0.029550373554229736
mlp,y_XLI,7,2025-02-24,0.005140561656604925,0.013772065751254559
mlp,y_XLI,8,2025-02-24,0.005140561656604925,0.008843783289194107
mlp,y_XLI,9,2025-02-24,0.005140561656604925,-0.017763826996088028
mlp,y_XLI,7,2025-02-25,0.0005928510033925694,0.019477151334285736
mlp,y_XLI,8,2025-02-25,0.0005928510033925694,-0.0035651775542646646
mlp,y_XLI,9,2025-02-25,0.0005928510033925694,0.002431880682706833
mlp,y_XLI,7,2025-02-26,-0.0034814372615993294,0.016281858086586
mlp,y_XLI,8,2025-02-26,-0.0034814372615993294,0.005328193306922913
mlp,y_XLI,9,2025-02-26,-0.0034814372615993294,-0.048813555389642715
mlp,y_XLI,7,2025-02-27,0.013379945328563236,0.004593002609908581
mlp,y_XLI,8,2025-02-27,0.013379945328563236,-0.002163356402888894
mlp,y_XLI,9,2025-02-27,0.013379945328563236,-0.02080560103058815
mlp,y_XLI,8,2025-03-03,-0.01949540716816711,0.00261288951151073
mlp,y_XLI,9,2025-03-03,-0.01949540716816711,0.0006012134253978729
mlp,y_XLI,10,2025-03-03,-0.01949540716816711,-0.005151819437742233
mlp,y_XLI,8,2025-03-04,0.015785070326540085,-0.0030184725765138865
mlp,y_XLI,9,2025-03-04,0.015785070326540085,0.004845336079597473
mlp,y_XLI,10,2025-03-04,0.015785070326540085,-0.0013192817568778992
mlp,y_XLI,8,2025-03-05,-0.008591732475558445,0.017077334225177765
mlp,y_XLI,9,2025-03-05,-0.008591732475558445,0.029139496386051178
mlp,y_XLI,10,2025-03-05,-0.008591732475558445,0.007092313840985298
mlp,y_XLI,8,2025-03-06,0.011680385268654225,-0.008589155972003937
mlp,y_XLI,9,2025-03-06,0.011680385268654225,-0.01059311255812645
mlp,y_XLI,10,2025-03-06,0.011680385268654225,-0.004023738205432892
mlp,y_XLI,8,2025-03-10,-0.015361368782411788,0.009383752010762691
mlp,y_XLI,9,2025-03-10,-0.015361368782411788,-0.029378551989793777
mlp,y_XLI,10,2025-03-10,-0.015361368782411788,0.007688732817769051
mlp,y_XLI,8,2025-03-11,-7.691439879153883e-05,-0.024250708520412445
mlp,y_XLI,9,2025-03-11,-7.691439879153883e-05,0.0028644129633903503
mlp,y_XLI,10,2025-03-11,-7.691439879153883e-05,0.009435158222913742
mlp,y_XLI,8,2025-03-12,-0.010221960880729242,-0.021545521914958954
mlp,y_XLI,9,2025-03-12,-0.010221960880729242,-0.015711192041635513
mlp,y_XLI,10,2025-03-12,-0.010221960880729242,-0.0018241964280605316
mlp,y_XLI,8,2025-03-13,0.01824830318875348,-0.0020367710385471582
mlp,y_XLI,9,2025-03-13,0.01824830318875348,-0.01086672767996788
mlp,y_XLI,10,2025-03-13,0.01824830318875348,-0.0016597546637058258
mlp,y_XLI,8,2025-03-17,-0.007973465067831365,-0.003888420993462205
mlp,y_XLI,9,2025-03-17,-0.007973465067831365,-0.05126306042075157
mlp,y_XLI,10,2025-03-17,-0.007973465067831365,0.013248320668935776
mlp,y_XLI,8,2025-03-18,0.013269479563626785,0.006135175004601479
mlp,y_XLI,9,2025-03-18,0.013269479563626785,-0.06299173831939697
mlp,y_XLI,10,2025-03-18,0.013269479563626785,0.012236375361680984
mlp,y_XLI,8,2025-03-19,-0.005013623322145944,0.020507071167230606
mlp,y_XLI,9,2025-03-19,-0.005013623322145944,0.0387561209499836
mlp,y_XLI,10,2025-03-19,-0.005013623322145944,-0.01568402722477913
mlp,y_XLI,8,2025-03-20,-0.005340088766861872,-0.005118491593748331
mlp,y_XLI,9,2025-03-20,-0.005340088766861872,0.016966234892606735
mlp,y_XLI,10,2025-03-20,-0.005340088766861872,-0.0032655224204063416
mlp,y_XLI,9,2025-03-24,0.0014894011367219129,-0.032883334904909134
mlp,y_XLI,10,2025-03-24,0.0014894011367219129,-0.014534428715705872
mlp,y_XLI,11,2025-03-24,0.0014894011367219129,0.015252509154379368
mlp,y_XLI,9,2025-03-25,-0.006617691575256934,-0.11932235956192017
mlp,y_XLI,10,2025-03-25,-0.006617691575256934,0.022889340296387672
mlp,y_XLI,11,2025-03-25,-0.006617691575256934,-0.03157677873969078
mlp,y_XLI,9,2025-03-26,-0.005314277654155042,0.0037128515541553497
mlp,y_XLI,10,2025-03-26,-0.005314277654155042,-0.005679592490196228
mlp,y_XLI,11,2025-03-26,-0.005314277654155042,0.007731867954134941
mlp,y_XLI,9,2025-03-27,-0.02061871461670517,0.000708896666765213
mlp,y_XLI,10,2025-03-27,-0.02061871461670517,0.003199741244316101
mlp,y_XLI,11,2025-03-27,-0.02061871461670517,0.026156112551689148
mlp,y_XLI,9,2025-03-31,0.005645696622606167,0.012759242206811905
mlp,y_XLI,10,2025-03-31,0.005645696622606167,0.005404043942689896
mlp,y_XLI,11,2025-03-31,0.005645696622606167,-0.011250585317611694
mlp,y_XLI,9,2025-04-01,0.009407679242958489,-0.14205485582351685
mlp,y_XLI,10,2025-04-01,0.009407679242958489,0.020734354853630066
mlp,y_XLI,11,2025-04-01,0.009407679242958489,-0.03641160577535629
mlp,y_XLI,9,2025-04-02,-0.054115132612175265,-0.0535387359559536
mlp,y_XLI,10,2025-04-02,-0.054115132612175265,-0.019151993095874786
mlp,y_XLI,11,2025-04-02,-0.054115132612175265,-0.10285577178001404
mlp,y_XLI,9,2025-04-03,-0.06285253481970621,0.021169133484363556
mlp,y_XLI,10,2025-04-03,-0.06285253481970621,0.006734738126397133
mlp,y_XLI,11,2025-04-03,-0.06285253481970621,-0.029205702245235443
mlp,y_XLI,9,2025-04-07,-0.008263011808393728,-0.0052129849791526794
mlp,y_XLI,10,2025-04-07,-0.008263011808393728,-0.013945218175649643
mlp,y_XLI,11,2025-04-07,-0.008263011808393728,0.030008094385266304
mlp,y_XLI,9,2025-04-08,0.08881637095097594,-0.0181480310857296
mlp,y_XLI,10,2025-04-08,0.08881637095097594,-0.028991490602493286
mlp,y_XLI,11,2025-04-08,0.08881637095097594,0.005820751190185547
mlp,y_XLI,9,2025-04-09,-0.02579682627776836,0.026721086353063583
mlp,y_XLI,10,2025-04-09,-0.02579682627776836,0.006594788283109665
mlp,y_XLI,11,2025-04-09,-0.02579682627776836,0.011807646602392197
mlp,y_XLI,9,2025-04-10,0.017653282856253893,0.02483637072145939
mlp,y_XLI,10,2025-04-10,0.017653282856253893,-0.00995345413684845
mlp,y_XLI,11,2025-04-10,0.017653282856253893,-0.022953014820814133
mlp,y_XLI,10,2025-04-14,-0.004961518296979994,0.0017271768301725388
mlp,y_XLI,11,2025-04-14,-0.004961518296979994,0.004621170461177826
mlp,y_XLI,12,2025-04-14,-0.004961518296979994,0.027189116925001144
mlp,y_XLI,10,2025-04-15,-0.01369213135726799,-0.01250695064663887
mlp,y_XLI,11,2025-04-15,-0.01369213135726799,-0.02257727086544037
mlp,y_XLI,12,2025-04-15,-0.01369213135726799,-0.012516015209257603
mlp,y_XLI,10,2025-04-16,0.005456659244029494,0.024593735113739967
mlp,y_XLI,11,2025-04-16,0.005456659244029494,-0.022402726113796234
mlp,y_XLI,12,2025-04-16,0.005456659244029494,-0.009687514044344425
mlp,y_XLI,10,2025-04-21,0.017470827346677265,-0.003092702478170395
mlp,y_XLI,11,2025-04-21,0.017470827346677265,-0.0031782817095518112
mlp,y_XLI,12,2025-04-21,0.017470827346677265,-0.0005083652213215828
mlp,y_XLI,10,2025-04-22,0.012517100959212879,-0.016949012875556946
mlp,y_XLI,11,2025-04-22,0.012517100959212879,-0.015300258994102478
mlp,y_XLI,12,2025-04-22,0.012517100959212879,0.0005316818132996559
mlp,y_XLI,10,2025-04-23,0.022426464118537215,-0.04601631313562393
mlp,y_XLI,11,2025-04-23,0.022426464118537215,0.05021693557500839
mlp,y_XLI,12,2025-04-23,0.022426464118537215,0.02153422310948372
mlp,y_XLI,10,2025-04-24,-7.751188869220549e-05,0.007083244621753693
mlp,y_XLI,11,2025-04-24,-7.751188869220549e-05,0.011474003084003925
mlp,y_XLI,12,2025-04-24,-7.751188869220549e-05,0.005374177359044552
mlp,y_XLI,10,2025-04-28,0.00648939471829757,0.0015092100948095322
mlp,y_XLI,11,2025-04-28,0.00648939471829757,0.026824939996004105
mlp,y_XLI,12,2025-04-28,0.00648939471829757,0.006221161223948002
mlp,y_XLI,10,2025-04-29,0.007215294682336282,0.003279615193605423
mlp,y_XLI,11,2025-04-29,0.007215294682336282,0.008263513445854187
mlp,y_XLI,12,2025-04-29,0.007215294682336282,-0.01450589019805193
mlp,y_XLI,10,2025-04-30,0.007544610071945179,-0.005953729152679443
mlp,y_XLI,11,2025-04-30,0.007544610071945179,-0.004278551787137985
mlp,y_XLI,12,2025-04-30,0.007544610071945179,0.015488251112401485
mlp,y_XLI,10,2025-05-01,0.01792596309550598,-0.1165941059589386
mlp,y_XLI,11,2025-05-01,0.01792596309550598,-0.032453157007694244
mlp,y_XLI,12,2025-05-01,0.01792596309550598,-0.06773200631141663
mlp,y_XLI,11,2025-05-05,-0.008763514077637868,-0.03176845237612724
mlp,y_XLI,12,2025-05-05,-0.008763514077637868,-0.0052753472700715065
mlp,y_XLI,13,2025-05-05,-0.008763514077637868,-0.005349641665816307
mlp,y_XLI,11,2025-05-06,0.005094728795668191,-0.048561565577983856
mlp,y_XLI,12,2025-05-06,0.005094728795668191,0.03997015580534935
mlp,y_XLI,13,2025-05-06,0.005094728795668191,0.049378205090761185
mlp,y_XLI,11,2025-05-07,0.013790591897869131,0.017211344093084335
mlp,y_XLI,12,2025-05-07,0.013790591897869131,0.00719087477773428
mlp,y_XLI,13,2025-05-07,0.013790591897869131,0.009577883407473564
mlp,y_XLI,11,2025-05-08,0.0008088140663118359,-0.03335114195942879
mlp,y_XLI,12,2025-05-08,0.0008088140663118359,0.08586420863866806
mlp,y_XLI,13,2025-05-08,0.0008088140663118359,-0.0194426029920578
mlp,y_XLI,11,2025-05-12,0.006985000094527072,0.024902962148189545
mlp,y_XLI,12,2025-05-12,0.006985000094527072,-0.012950495816767216
mlp,y_XLI,13,2025-05-12,0.006985000094527072,-0.005353583954274654
mlp,y_XLI,11,2025-05-13,-0.004813090646012874,0.004322897642850876
mlp,y_XLI,12,2025-05-13,-0.004813090646012874,-0.010915418155491352
mlp,y_XLI,13,2025-05-13,-0.004813090646012874,0.0031682662665843964
mlp,y_XLI,11,2025-05-14,0.01109529516051655,0.03292284160852432
mlp,y_XLI,12,2025-05-14,0.01109529516051655,0.025182683020830154
mlp,y_XLI,13,2025-05-14,0.01109529516051655,0.00743598397821188
mlp,y_XLI,11,2025-05-15,0.011395624772605029,0.010378170758485794
mlp,y_XLI,12,2025-05-15,0.011395624772605029,0.008474680595099926
mlp,y_XLI,13,2025-05-15,0.011395624772605029,0.009147911332547665
mlp,y_XLI,11,2025-05-19,-0.00360445622425809,-0.010350383818149567
mlp,y_XLI,12,2025-05-19,-0.00360445622425809,0.029765959829092026
mlp,y_XLI,13,2025-05-19,-0.00360445622425809,-0.03623232617974281
mlp,y_XLI,11,2025-05-20,-0.016904316116804763,0.000980159267783165
mlp,y_XLI,12,2025-05-20,-0.016904316116804763,0.012840398587286472
mlp,y_XLI,13,2025-05-20,-0.016904316116804763,0.011286433786153793
mlp,y_XLI,11,2025-05-21,-0.0002123511318719018,0.0027097947895526886
mlp,y_XLI,12,2025-05-21,-0.0002123511318719018,0.019528165459632874
mlp,y_XLI,13,2025-05-21,-0.0002123511318719018,-0.009239332750439644
mlp,y_XLI,11,2025-05-22,-0.003255578047921426,-0.0578901469707489
mlp,y_XLI,12,2025-05-22,-0.003255578047921426,-0.031190764158964157
mlp,y_XLI,13,2025-05-22,-0.003255578047921426,0.03484279662370682
mlp,y_XLI,12,2025-05-27,-0.004954207476914885,0.0035851923748850822
mlp,y_XLI,13,2025-05-27,-0.004954207476914885,-0.0032762503251433372
mlp,y_XLI,14,2025-05-27,-0.004954207476914885,-0.017289001494646072
mlp,y_XLI,12,2025-05-28,0.0009115318785808402,-0.018004000186920166
mlp,y_XLI,13,2025-05-28,0.0009115318785808402,-0.021438999101519585
mlp,y_XLI,14,2025-05-28,0.0009115318785808402,0.03202939033508301
mlp,y_XLI,12,2025-05-29,0.0006306520447301178,-0.020379621535539627
mlp,y_XLI,13,2025-05-29,0.0006306520447301178,-0.0041464585810899734
mlp,y_XLI,14,2025-05-29,0.0006306520447301178,-0.004482457414269447
mlp,y_XLI,12,2025-06-02,0.007711847695224483,-0.0014537759125232697
mlp,y_XLI,13,2025-06-02,0.007711847695224483,0.021919403225183487
mlp,y_XLI,14,2025-06-02,0.007711847695224483,0.01853230409324169
mlp,y_XLI,12,2025-06-03,0.0005564855944579783,-0.009812970645725727
mlp,y_XLI,13,2025-06-03,0.0005564855944579783,0.011474467813968658
mlp,y_XLI,14,2025-06-03,0.0005564855944579783,-0.05374594032764435
mlp,y_XLI,12,2025-06-04,-0.0006953541443481814,0.0037762708961963654
mlp,y_XLI,13,2025-06-04,-0.0006953541443481814,0.011159120127558708
mlp,y_XLI,14,2025-06-04,-0.0006953541443481814,0.008878091350197792
mlp,y_XLI,12,2025-06-05,0.008419049630149056,-0.016995061188936234
mlp,y_XLI,13,2025-06-05,0.008419049630149056,-0.001335205975919962
mlp,y_XLI,14,2025-06-05,0.008419049630149056,-0.024515947327017784
mlp,y_XLI,12,2025-06-09,-0.004350816402427626,-0.007510152645409107
mlp,y_XLI,13,2025-06-09,-0.004350816402427626,0.023239511996507645
mlp,y_XLI,14,2025-06-09,-0.004350816402427626,0.03841831535100937
mlp,y_XLI,12,2025-06-10,0.000485619719754693,-0.013810005970299244
mlp,y_XLI,13,2025-06-10,0.000485619719754693,0.0006708428263664246
mlp,y_XLI,14,2025-06-10,0.000485619719754693,0.003262501209974289
mlp,y_XLI,12,2025-06-11,-0.0026345446515333437,0.027791280299425125
mlp,y_XLI,13,2025-06-11,-0.0026345446515333437,-0.010056682862341404
mlp,y_XLI,14,2025-06-11,-0.0026345446515333437,-0.017108313739299774
mlp,y_XLI,12,2025-06-12,-0.008410963194853904,0.015536359511315823
mlp,y_XLI,13,2025-06-12,-0.008410963194853904,-0.027771221473813057
mlp,y_XLI,14,2025-06-12,-0.008410963194853904,-0.01912238448858261
mlp,y_XLI,13,2025-07-02,0.008504224977085473,0.03800520673394203
mlp,y_XLI,14,2025-07-02,0.008504224977085473,0.01732696034014225
mlp,y_XLI,15,2025-07-02,0.008504224977085473,0.023027002811431885
mlp,y_XLI,13,2025-07-07,-0.00026855993331531547,-0.004747874103486538
mlp,y_XLI,14,2025-07-07,-0.00026855993331531547,0.0038300175219774246
mlp,y_XLI,15,2025-07-07,-0.00026855993331531547,-0.00714491680264473
mlp,y_XLI,13,2025-07-08,0.006986293050846637,0.003574751317501068
mlp,y_XLI,14,2025-07-08,0.006986293050846637,0.03396918624639511
mlp,y_XLI,15,2025-07-08,0.006986293050846637,0.013516709208488464
mlp,y_XLI,13,2025-07-09,0.005603879043678983,0.0029010572470724583
mlp,y_XLI,14,2025-07-09,0.005603879043678983,0.00016880035400390625
mlp,y_XLI,15,2025-07-09,0.005603879043678983,0.0037857964634895325
mlp,y_XLI,13,2025-07-10,-0.003582374521528986,0.007202127017080784
mlp,y_XLI,14,2025-07-10,-0.003582374521528986,0.005023021250963211
mlp,y_XLI,15,2025-07-10,-0.003582374521528986,-0.008224476128816605
mlp,y_XLI,13,2025-07-14,-0.00748282136716194,0.025970537215471268
mlp,y_XLI,14,2025-07-14,-0.00748282136716194,0.011312127113342285
mlp,y_XLI,15,2025-07-14,-0.00748282136716194,-0.0006075650453567505
mlp,y_XLI,13,2025-07-15,0.003536049248656248,-0.03911050781607628
mlp,y_XLI,14,2025-07-15,0.003536049248656248,0.016150211915373802
mlp,y_XLI,15,2025-07-15,0.003536049248656248,0.008945152163505554
mlp,y_XLI,13,2025-07-16,0.009241450015613495,0.006248916499316692
mlp,y_XLI,14,2025-07-16,0.009241450015613495,0.013764938339591026
mlp,y_XLI,15,2025-07-16,0.009241450015613495,-0.003813214600086212
mlp,y_XLI,13,2025-07-17,-0.002239807584171749,0.018991410732269287
mlp,y_XLI,14,2025-07-17,-0.002239807584171749,0.08404340595006943
mlp,y_XLI,15,2025-07-17,-0.002239807584171749,0.032567113637924194
mlp,y_XLI,13,2025-07-21,0.002389517959447973,-0.013043995946645737
mlp,y_XLI,14,2025-07-21,0.002389517959447973,0.008744308724999428
mlp,y_XLI,15,2025-07-21,0.002389517959447973,-0.012344073504209518
mlp,y_XLI,13,2025-07-22,0.01794452992512796,-0.010258318856358528
mlp,y_XLI,14,2025-07-22,0.01794452992512796,0.041869714856147766
mlp,y_XLI,15,2025-07-22,0.01794452992512796,-0.014617346227169037
mlp,y_XLI,13,2025-07-23,-0.001691243924857977,0.00307663157582283
mlp,y_XLI,14,2025-07-23,-0.001691243924857977,0.04234775900840759
mlp,y_XLI,15,2025-07-23,-0.001691243924857977,0.003150802105665207
mlp,y_XLI,14,2025-07-24,0.009904191825520492,0.017378082498908043
mlp,y_XLI,15,2025-07-24,0.009904191825520492,-0.011835813522338867
mlp,y_XLI,16,2025-07-24,0.009904191825520492,-0.008857784792780876
mlp,y_XLI,14,2025-07-28,-0.011390779375242466,0.011091900989413261
mlp,y_XLI,15,2025-07-28,-0.011390779375242466,0.02817457914352417
mlp,y_XLI,16,2025-07-28,-0.011390779375242466,-0.023462755605578423
mlp,y_XLI,14,2025-07-29,-0.0049100152615790815,0.005074618384242058
mlp,y_XLI,15,2025-07-29,-0.0049100152615790815,-0.014196638017892838
mlp,y_XLI,16,2025-07-29,-0.0049100152615790815,-0.008273746818304062
mlp,y_XLI,14,2025-07-30,6.574539499015764e-05,0.015668196603655815
mlp,y_XLI,15,2025-07-30,6.574539499015764e-05,-0.0008683539927005768
mlp,y_XLI,16,2025-07-30,6.574539499015764e-05,-0.0063401926308870316
mlp,y_XLI,14,2025-07-31,-0.014933135260537966,-0.003496995195746422
mlp,y_XLI,15,2025-07-31,-0.014933135260537966,0.006060142070055008
mlp,y_XLI,16,2025-07-31,-0.014933135260537966,0.016411080956459045
mlp,y_XLI,14,2025-08-04,-0.0020511964888952905,0.0017720479518175125
mlp,y_XLI,15,2025-08-04,-0.0020511964888952905,0.011945247650146484
mlp,y_XLI,16,2025-08-04,-0.0020511964888952905,-0.0156613290309906
mlp,y_XLI,14,2025-08-05,0.0007955777944899101,0.004934977740049362
mlp,y_XLI,15,2025-08-05,0.0007955777944899101,-0.021216891705989838
mlp,y_XLI,16,2025-08-05,0.0007955777944899101,-0.0025451816618442535
mlp,y_XLI,14,2025-08-06,-0.0014574677241898648,0.005780717357993126
mlp,y_XLI,15,2025-08-06,-0.0014574677241898648,-0.02335313893854618
mlp,y_XLI,16,2025-08-06,-0.0014574677241898648,-0.02590004727244377
mlp,y_XLI,14,2025-08-07,0.0007961056519114607,0.008405599743127823
mlp,y_XLI,15,2025-08-07,0.0007961056519114607,-0.00799177959561348
mlp,y_XLI,16,2025-08-07,0.0007961056519114607,-0.012517603114247322
mlp,y_XLI,14,2025-08-11,0.010376481339145815,0.02137708105146885
mlp,y_XLI,15,2025-08-11,0.010376481339145815,-0.025870323181152344
mlp,y_XLI,16,2025-08-11,0.010376481339145815,-0.02107929438352585
mlp,y_XLI,14,2025-08-12,0.003818273462265598,0.01643279753625393
mlp,y_XLI,15,2025-08-12,0.003818273462265598,-0.053152650594711304
mlp,y_XLI,16,2025-08-12,0.003818273462265598,-0.010990474373102188
mlp,y_XLI,15,2025-08-13,-0.008853536226871905,-0.03043435327708721
mlp,y_XLI,16,2025-08-13,-0.008853536226871905,-0.03889777511358261
mlp,y_XLI,17,2025-08-13,-0.008853536226871905,-0.018472883850336075
mlp,y_XLI,15,2025-08-14,-0.004565700007029494,-0.009293511509895325
mlp,y_XLI,16,2025-08-14,-0.004565700007029494,-0.0142828319221735
mlp,y_XLI,17,2025-08-14,-0.004565700007029494,0.017761338502168655
mlp,y_XLI,15,2025-08-18,0.00218495750815495,-0.007753919810056686
mlp,y_XLI,16,2025-08-18,0.00218495750815495,-0.003860797733068466
mlp,y_XLI,17,2025-08-18,0.00218495750815495,-0.0056459493935108185
mlp,y_XLI,15,2025-08-19,-0.000924835317353101,-0.005716998130083084
mlp,y_XLI,16,2025-08-19,-0.000924835317353101,-0.0011023767292499542
mlp,y_XLI,17,2025-08-19,-0.000924835317353101,0.022150211036205292
mlp,y_XLI,15,2025-08-20,-0.0035710033793583396,-0.005402788519859314
mlp,y_XLI,16,2025-08-20,-0.0035710033793583396,0.006896499544382095
mlp,y_XLI,17,2025-08-20,-0.0035710033793583396,-0.014424491673707962
mlp,y_XLI,15,2025-08-21,0.016325967141143094,0.006924353539943695
mlp,y_XLI,16,2025-08-21,0.016325967141143094,0.008477818220853806
mlp,y_XLI,17,2025-08-21,0.016325967141143094,-0.0016003064811229706
mlp,y_XLI,15,2025-08-25,0.010289559405098236,5.0999224185943604e-05
mlp,y_XLI,16,2025-08-25,0.010289559405098236,-0.004974687471985817
mlp,y_XLI,17,2025-08-25,0.010289559405098236,-0.0018104463815689087
mlp,y_XLI,15,2025-08-26,-0.00013068712318298203,0.01937185972929001
mlp,y_XLI,16,2025-08-26,-0.00013068712318298203,0.01434364914894104
mlp,y_XLI,17,2025-08-26,-0.00013068712318298203,-0.002285543829202652
mlp,y_XLI,15,2025-08-27,0.0017630009524742807,-0.019673584029078484
mlp,y_XLI,16,2025-08-27,0.0017630009524742807,-0.0024332329630851746
mlp,y_XLI,17,2025-08-27,0.0017630009524742807,0.03785853460431099
mlp,y_XLI,15,2025-08-28,-0.009190512943900275,0.009851150214672089
mlp,y_XLI,16,2025-08-28,-0.009190512943900275,0.0008704550564289093
mlp,y_XLI,17,2025-08-28,-0.009190512943900275,0.030358292162418365
mlp,y_XLI,15,2025-09-02,-0.005047809339790099,-0.009049952030181885
mlp,y_XLI,16,2025-09-02,-0.005047809339790099,0.01370926946401596
mlp,y_XLI,17,2025-09-02,-0.005047809339790099,0.059974756091833115
mlp,y_XLI,16,2025-09-03,0.011281745174848368,0.008870817720890045
mlp,y_XLI,17,2025-09-03,0.011281745174848368,0.0019029118120670319
mlp,y_XLI,18,2025-09-03,0.011281745174848368,0.009253546595573425
mlp,y_XLI,16,2025-09-04,-0.0036966740184048996,-0.005396585911512375
mlp,y_XLI,17,2025-09-04,-0.0036966740184048996,0.028600063174962997
mlp,y_XLI,18,2025-09-04,-0.0036966740184048996,0.02240748330950737
mlp,y_XLI,16,2025-09-08,-0.006742965317202976,0.008759647607803345
mlp,y_XLI,17,2025-09-08,-0.006742965317202976,-0.0004032924771308899
mlp,y_XLI,18,2025-09-08,-0.006742965317202976,-0.0017418451607227325
mlp,y_XLI,16,2025-09-09,0.007387648859620288,-0.0351082906126976
mlp,y_XLI,17,2025-09-09,0.007387648859620288,-0.006347592920064926
mlp,y_XLI,18,2025-09-09,0.007387648859620288,0.013647641986608505
mlp,y_XLI,16,2025-09-10,0.009513767197061318,0.0319051593542099
mlp,y_XLI,17,2025-09-10,0.009513767197061318,-0.03779701516032219
mlp,y_XLI,18,2025-09-10,0.009513767197061318,0.025912437587976456
mlp,y_XLI,16,2025-09-11,-0.007984276349555786,0.01049456000328064
mlp,y_XLI,17,2025-09-11,-0.007984276349555786,0.009500287473201752
mlp,y_XLI,18,2025-09-11,-0.007984276349555786,-0.010253626853227615
mlp,y_XLI,16,2025-09-15,-0.0029551218258311307,-0.009225234389305115
mlp,y_XLI,17,2025-09-15,-0.0029551218258311307,-0.034506287425756454
mlp,y_XLI,18,2025-09-15,-0.0029551218258311307,-0.059217289090156555
mlp,y_XLI,16,2025-09-16,-0.004544549188922553,-0.004436394199728966
mlp,y_XLI,17,2025-09-16,-0.004544549188922553,0.009546514600515366
mlp,y_XLI,18,2025-09-16,-0.004544549188922553,-0.005953803658485413
mlp,y_XLI,16,2025-09-17,0.010652358273638418,-0.028412042185664177
mlp,y_XLI,17,2025-09-17,0.010652358273638418,-0.0022979415953159332
mlp,y_XLI,18,2025-09-17,0.010652358273638418,-0.02767973765730858
mlp,y_XLI,16,2025-09-18,0.0024222460136762436,0.092996746301651
mlp,y_XLI,17,2025-09-18,0.0024222460136762436,-0.11072704195976257
mlp,y_XLI,18,2025-09-18,0.0024222460136762436,0.1499488353729248
mlp,y_XLI,16,2025-09-22,0.00026138864418445706,-0.032022856175899506
mlp,y_XLI,17,2025-09-22,0.00026138864418445706,-0.005162190645933151
mlp,y_XLI,18,2025-09-22,0.00026138864418445706,0.00253179669380188
mlp,y_XLI,17,2025-09-23,-0.0051620771365213924,0.01058727502822876
mlp,y_XLI,18,2025-09-23,-0.0051620771365213924,0.0008995272219181061
mlp,y_XLI,19,2025-09-23,-0.0051620771365213924,-0.010313239879906178
mlp,y_XLI,17,2025-09-24,-0.0067651213349265715,-0.059668537229299545
mlp,y_XLI,18,2025-09-24,-0.0067651213349265715,0.16154441237449646
mlp,y_XLI,19,2025-09-24,-0.0067651213349265715,0.1168026477098465
mlp,y_XLI,17,2025-09-25,0.008993546010657383,-0.00930747389793396
mlp,y_XLI,18,2025-09-25,0.008993546010657383,-0.014376215636730194
mlp,y_XLI,19,2025-09-25,0.008993546010657383,0.005417102947831154
mlp,y_XLI,17,2025-09-29,0.007709846931507336,0.008144740015268326
mlp,y_XLI,18,2025-09-29,0.007709846931507336,-0.017234496772289276
mlp,y_XLI,19,2025-09-29,0.007709846931507336,0.027816470712423325
mlp,y_XLI,17,2025-09-30,-0.0027879158742935006,-0.013759981840848923
mlp,y_XLI,18,2025-09-30,-0.0027879158742935006,0.03095192089676857
mlp,y_XLI,19,2025-09-30,-0.0027879158742935006,-0.06569954007863998
mlp,y_XLI,17,2025-10-01,0.002600688320287148,-0.006825495511293411
mlp,y_XLI,18,2025-10-01,0.002600688320287148,-0.0025436952710151672
mlp,y_XLI,19,2025-10-01,0.002600688320287148,-0.011711648665368557
mlp,y_XLI,17,2025-10-02,0.0013619090636756148,-0.01967765763401985
mlp,y_XLI,18,2025-10-02,0.0013619090636756148,0.045820411294698715
mlp,y_XLI,19,2025-10-02,0.0013619090636756148,-0.062496017664670944
mlp,y_XLI,17,2025-10-06,-0.005672678505054041,0.03592388704419136
mlp,y_XLI,18,2025-10-06,-0.005672678505054041,-0.007544036954641342
mlp,y_XLI,19,2025-10-06,-0.005672678505054041,0.009647846221923828
mlp,y_XLI,17,2025-10-07,0.00868714764111056,0.023170921951532364
mlp,y_XLI,18,2025-10-07,0.00868714764111056,0.0030884183943271637
mlp,y_XLI,19,2025-10-07,0.00868714764111056,0.0024314401671290398
mlp,y_XLI,17,2025-10-08,-0.014782412139570544,0.027326561510562897
mlp,y_XLI,18,2025-10-08,-0.014782412139570544,0.056903813034296036
mlp,y_XLI,19,2025-10-08,-0.014782412139570544,-0.045763399451971054
mlp,y_XLI,17,2025-10-09,-0.022114974615258576,-0.008908480405807495
mlp,y_XLI,18,2025-10-09,-0.022114974615258576,0.003948438912630081
mlp,y_XLI,19,2025-10-09,-0.022114974615258576,-0.009705636650323868
mlp,y_XLI,18,2025-10-13,0.011752287306708853,0.06354722380638123
mlp,y_XLI,19,2025-10-13,0.011752287306708853,0.06312161684036255
mlp,y_XLI,20,2025-10-13,0.011752287306708853,0.06973165273666382
mlp,y_XLI,18,2025-10-14,-0.00417646754375145,-0.03085346147418022
mlp,y_XLI,19,2025-10-14,-0.00417646754375145,0.005132458172738552
mlp,y_XLI,20,2025-10-14,-0.00417646754375145,-0.010401938110589981
mlp,y_XLI,18,2025-10-15,-0.006553049176564518,0.03829100355505943
mlp,y_XLI,19,2025-10-15,-0.006553049176564518,-0.023659780621528625
mlp,y_XLI,20,2025-10-15,-0.006553049176564518,0.06553652882575989
mlp,y_XLI,18,2025-10-16,0.0008574591777723573,0.06438681483268738
mlp,y_XLI,19,2025-10-16,0.0008574591777723573,-0.046783510595560074
mlp,y_XLI,20,2025-10-16,0.0008574591777723573,0.09563376009464264
mlp,y_XLI,18,2025-10-20,0.008858807120356582,0.010580655187368393
mlp,y_XLI,19,2025-10-20,0.008858807120356582,-0.026334870606660843
mlp,y_XLI,20,2025-10-20,0.008858807120356582,-0.014602512121200562
mlp,y_XLI,18,2025-10-21,-0.012977815387565927,0.028039950877428055
mlp,y_XLI,19,2025-10-21,-0.012977815387565927,-0.005927440710365772
mlp,y_XLI,20,2025-10-21,-0.012977815387565927,-0.012480534613132477
mlp,y_XLI,18,2025-10-22,0.012494225930091085,0.03692376986145973
mlp,y_XLI,19,2025-10-22,0.012494225930091085,-0.03586741164326668
mlp,y_XLI,20,2025-10-22,0.012494225930091085,-0.017639171332120895
mlp,y_XLI,18,2025-10-23,0.0008399414464561605,-0.007141202688217163
mlp,y_XLI,19,2025-10-23,0.0008399414464561605,-0.0251273512840271
mlp,y_XLI,20,2025-10-23,0.0008399414464561605,0.01294311136007309
mlp,y_XLI,18,2025-10-27,-0.007125009484025724,-0.019547728821635246
mlp,y_XLI,19,2025-10-27,-0.007125009484025724,0.010468767024576664
mlp,y_XLI,20,2025-10-27,-0.007125009484025724,-0.005068391561508179
mlp,y_XLI,18,2025-10-28,0.0025859917741211103,0.050486836582422256
mlp,y_XLI,19,2025-10-28,0.0025859917741211103,-0.016686193645000458
mlp,y_XLI,20,2025-10-28,0.0025859917741211103,-0.036777447909116745
mlp,y_XLI,18,2025-10-29,-0.0025147522389993293,0.007347915321588516
mlp,y_XLI,19,2025-10-29,-0.0025147522389993293,0.0017125848680734634
mlp,y_XLI,20,2025-10-29,-0.0025147522389993293,-0.00321410596370697
mlp,y_XLI,18,2025-10-30,0.0023918256870301136,0.02398589625954628
mlp,y_XLI,19,2025-10-30,0.0023918256870301136,-0.017921142280101776
mlp,y_XLI,20,2025-10-30,0.0023918256870301136,-0.0201052688062191
mlp,y_XLI,19,2025-11-03,-0.011593163536016027,-0.003316928632557392
mlp,y_XLI,20,2025-11-03,-0.011593163536016027,0.03636237606406212
mlp,y_XLI,21,2025-11-03,-0.011593163536016027,-0.011097900569438934
mlp,y_XLI,19,2025-11-04,0.003866037690606783,0.0002851216122508049
mlp,y_XLI,20,2025-11-04,0.003866037690606783,0.014117773622274399
mlp,y_XLI,21,2025-11-04,0.003866037690606783,0.02206283062696457
mlp,y_XLI,19,2025-11-05,-0.003981772653883775,0.06305929273366928
mlp,y_XLI,20,2025-11-05,-0.003981772653883775,0.006180796772241592
mlp,y_XLI,21,2025-11-05,-0.003981772653883775,0.0516650453209877
mlp,y_XLI,19,2025-11-06,0.004849686995911373,0.022757988423109055
mlp,y_XLI,20,2025-11-06,0.004849686995911373,0.0060794055461883545
mlp,y_XLI,21,2025-11-06,0.004849686995911373,0.01515136007219553
mlp,y_XLI,19,2025-11-10,0.00025945380456282585,-0.00840358342975378
mlp,y_XLI,20,2025-11-10,0.00025945380456282585,-0.015445336699485779
mlp,y_XLI,21,2025-11-10,0.00025945380456282585,0.02875681221485138
mlp,y_XLI,19,2025-11-11,0.000972525678072822,0.0761374905705452
mlp,y_XLI,20,2025-11-11,0.000972525678072822,0.035251203924417496
mlp,y_XLI,21,2025-11-11,0.000972525678072822,-0.013452213257551193
mlp,y_XLI,19,2025-11-12,-0.015480335480490215,0.019507568329572678
mlp,y_XLI,20,2025-11-12,-0.015480335480490215,0.03843745216727257
mlp,y_XLI,21,2025-11-12,-0.015480335480490215,0.023735426366329193
mlp,y_XLI,19,2025-11-13,6.577708116961567e-05,-0.026451747864484787
mlp,y_XLI,20,2025-11-13,6.577708116961567e-05,0.010942492634057999
mlp,y_XLI,21,2025-11-13,6.577708116961567e-05,-0.011855865828692913
mlp,y_XLI,19,2025-11-17,-0.004451210927931881,-0.005713055841624737
mlp,y_XLI,20,2025-11-17,-0.004451210927931881,-0.006008435040712357
mlp,y_XLI,21,2025-11-17,-0.004451210927931881,-0.007477527484297752
mlp,y_XLI,19,2025-11-18,0.0033366543888766476,-0.0010495511814951897
mlp,y_XLI,20,2025-11-18,0.0033366543888766476,-0.017054984346032143
mlp,y_XLI,21,2025-11-18,0.0033366543888766476,-0.014623038470745087
mlp,y_XLI,19,2025-11-19,-0.01676089047481566,-0.009151710197329521
mlp,y_XLI,20,2025-11-19,-0.01676089047481566,0.0018303655087947845
mlp,y_XLI,21,2025-11-19,-0.01676089047481566,-0.019966378808021545
mlp,y_XLI,19,2025-11-20,0.012176132906920545,-0.00014397501945495605
mlp,y_XLI,20,2025-11-20,0.012176132906920545,-0.008261162787675858
mlp,y_XLI,21,2025-11-20,0.012176132906920545,0.02390492707490921
mlp,y_XLI,20,2025-11-24,0.012799935816077967,-0.005100291222333908
mlp,y_XLI,21,2025-11-24,0.012799935816077967,0.005102795548737049
mlp,y_XLI,22,2025-11-24,0.012799935816077967,0.002463776618242264
mlp,y_XLI,20,2025-11-25,0.005792539893945348,-0.02462330088019371
mlp,y_XLI,21,2025-11-25,0.005792539893945348,-0.03209460526704788
mlp,y_XLI,22,2025-11-25,0.005792539893945348,0.006130389869213104
mlp,y_XLI,20,2025-12-01,0.008716197197907949,-0.0041333772242069244
mlp,y_XLI,21,2025-12-01,0.008716197197907949,0.0016069570556282997
mlp,y_XLI,22,2025-12-01,0.008716197197907949,0.02179677039384842
mlp,y_XLI,20,2025-12-02,0.00949213033397367,0.006554294377565384
mlp,y_XLI,21,2025-12-02,0.00949213033397367,-0.018607046455144882
mlp,y_XLI,22,2025-12-02,0.00949213033397367,0.007274165749549866
mlp,y_XLI,20,2025-12-03,0.005187646988212835,0.017483647912740707
mlp,y_XLI,21,2025-12-03,0.005187646988212835,-0.018082480877637863
mlp,y_XLI,22,2025-12-03,0.005187646988212835,-0.0021502189338207245
mlp,y_XLI,20,2025-12-04,-0.002773985930545675,-0.007732365280389786
mlp,y_XLI,21,2025-12-04,-0.002773985930545675,0.0180826373398304
mlp,y_XLI,22,2025-12-04,-0.002773985930545675,0.013339400291442871
mlp,y_XLI,20,2025-12-08,-0.007319235345984221,0.0986175537109375
mlp,y_XLI,21,2025-12-08,-0.007319235345984221,0.06070601940155029
mlp,y_XLI,22,2025-12-08,-0.007319235345984221,-0.07060903310775757
mlp,y_XLI,20,2025-12-09,0.018269663327693086,0.008026670664548874
mlp,y_XLI,21,2025-12-09,0.018269663327693086,0.05585600435733795
mlp,y_XLI,22,2025-12-09,0.018269663327693086,-0.002506103366613388
mlp,y_XLI,20,2025-12-10,0.010701056978576151,-0.008171696215867996
mlp,y_XLI,21,2025-12-10,0.010701056978576151,-0.03316793590784073
mlp,y_XLI,22,2025-12-10,0.010701056978576151,0.04511915519833565
mlp,y_XLI,20,2025-12-11,-0.0062765307895484845,0.009511984884738922
mlp,y_XLI,21,2025-12-11,-0.0062765307895484845,0.01794024556875229
mlp,y_XLI,22,2025-12-11,-0.0062765307895484845,-0.052174996584653854
mlp,y_XLI,21,2025-12-15,-0.005923998322894364,-0.005825365893542767
mlp,y_XLI,22,2025-12-15,-0.005923998322894364,0.01782703772187233
mlp,y_XLI,23,2025-12-15,-0.005923998322894364,0.027877243235707283
mlp,y_XLI,21,2025-12-16,-0.016211701033628345,-0.002167266793549061
mlp,y_XLI,22,2025-12-16,-0.016211701033628345,0.004652965813875198
mlp,y_XLI,23,2025-12-16,-0.016211701033628345,0.01708734780550003
mlp,y_XLI,21,2025-12-17,0.006513354710763419,-0.003686988726258278
mlp,y_XLI,22,2025-12-17,0.006513354710763419,0.036023758351802826
mlp,y_XLI,23,2025-12-17,0.006513354710763419,0.02777915634214878
mlp,y_XLI,21,2025-12-18,0.008606806298803837,-0.006475356407463551
mlp,y_XLI,22,2025-12-18,0.008606806298803837,-0.016869518905878067
mlp,y_XLI,23,2025-12-18,0.008606806298803837,-0.045634832233190536
mlp,y_XLI,21,2025-12-23,0.003248579457232781,0.023134823888540268
mlp,y_XLI,22,2025-12-23,0.003248579457232781,0.0018100067973136902
mlp,y_XLI,23,2025-12-23,0.003248579457232781,0.03731171041727066
mlp,y_XLI,21,2025-12-29,-0.002868597961681707,-0.015170274302363396
mlp,y_XLI,22,2025-12-29,-0.002868597961681707,-0.00863129273056984
mlp,y_XLI,23,2025-12-29,-0.002868597961681707,0.005625449120998383
mlp,y_XLI,21,2025-12-30,-0.00831097728535779,-0.0144591573625803
mlp,y_XLI,22,2025-12-30,-0.00831097728535779,-0.0086267851293087
mlp,y_XLI,23,2025-12-30,-0.00831097728535779,0.006955597549676895
mlp,y_XLI,22,2026-01-05,0.01357521480193169,-0.04252776876091957
mlp,y_XLI,23,2026-01-05,0.01357521480193169,-0.06473790109157562
mlp,y_XLI,24,2026-01-05,0.01357521480193169,-0.06435417383909225
mlp,y_XLI,22,2026-01-06,-0.0188248547792208,0.015463937073946
mlp,y_XLI,23,2026-01-06,-0.0188248547792208,-0.007131438702344894
mlp,y_XLI,24,2026-01-06,-0.0188248547792208,0.02472405880689621
mlp,y_XLI,22,2026-01-07,0.007548574819322029,-0.003846164792776108
mlp,y_XLI,23,2026-01-07,0.007548574819322029,-0.00586024671792984
mlp,y_XLI,24,2026-01-07,0.007548574819322029,-0.045248471200466156
mlp,y_XLI,22,2026-01-08,0.010988290734570194,0.015430893748998642
mlp,y_XLI,23,2026-01-08,0.010988290734570194,-0.011290598660707474
mlp,y_XLI,24,2026-01-08,0.010988290734570194,-0.002611406147480011
mlp,y_XLI,22,2026-01-12,0.005147982762253145,0.0075995661318302155
mlp,y_XLI,23,2026-01-12,0.005147982762253145,-0.031003233045339584
mlp,y_XLI,24,2026-01-12,0.005147982762253145,-0.05260208994150162
mlp,y_XLI,22,2026-01-13,0.0015853287868634602,0.019816327840089798
mlp,y_XLI,23,2026-01-13,0.0015853287868634602,0.00621366873383522
mlp,y_XLI,24,2026-01-13,0.0015853287868634602,0.03465288504958153
mlp,y_XLI,22,2026-01-14,0.009192149921244619,0.0014500990509986877
mlp,y_XLI,23,2026-01-14,0.009192149921244619,-0.020178813487291336
mlp,y_XLI,24,2026-01-14,0.009192149921244619,0.008930332958698273
mlp,y_XLI,22,2026-01-15,0.006755912205540282,-0.03824237361550331
mlp,y_XLI,23,2026-01-15,0.006755912205540282,-0.02313436195254326
mlp,y_XLI,24,2026-01-15,0.006755912205540282,-0.014016255736351013
mlp,y_XLI,22,2026-01-21,-0.005169515551793347,-0.006387416273355484
mlp,y_XLI,23,2026-01-21,-0.005169515551793347,-0.01048291102051735
mlp,y_XLI,24,2026-01-21,-0.005169515551793347,0.013716433197259903
mlp,y_XLI,22,2026-01-22,-0.007734131596960014,0.002242092043161392
mlp,y_XLI,23,2026-01-22,-0.007734131596960014,-0.020199667662382126
mlp,y_XLI,24,2026-01-22,-0.007734131596960014,0.000405631959438324
mlp,y_XLI,23,2026-01-26,0.004136711616878452,-0.025517884641885757
mlp,y_XLI,24,2026-01-26,0.004136711616878452,-0.007689986377954483
mlp,y_XLI,23,2026-01-27,-0.005573719753744211,-0.01378326490521431
mlp,y_XLI,24,2026-01-27,-0.005573719753744211,0.009407274425029755
mlp,y_XLI,23,2026-01-28,0.010478866986102897,-0.0031446032226085663
mlp,y_XLI,24,2026-01-28,0.010478866986102897,0.016794033348560333
mlp,y_XLI,23,2026-01-29,-0.0025322450705399513,-0.01780153438448906
mlp,y_XLI,24,2026-01-29,-0.0025322450705399513,-0.008168332278728485
mlp,y_XLI,23,2026-02-02,0.008416424953043178,0.005728457123041153
mlp,y_XLI,24,2026-02-02,0.008416424953043178,-0.024939678609371185
mlp,y_XLI,23,2026-02-03,0.0026636494716416603,-0.012345392256975174
mlp,y_XLI,24,2026-02-03,0.0026636494716416603,-0.006444886326789856
mlp,y_XLI,23,2026-02-04,-0.006021632186883785,0.0007619261741638184
mlp,y_XLI,24,2026-02-04,-0.006021632186883785,0.012234970927238464
mlp,y_XLI,23,2026-02-05,0.02856802101375555,0.026199962943792343
mlp,y_XLI,24,2026-02-05,0.02856802101375555,0.017519235610961914
mlp,y_XLI,23,2026-02-09,0.001209019675053602,0.010384716093540192
mlp,y_XLI,24,2026-02-09,0.001209019675053602,0.023427393287420273
mlp,y_XLI,23,2026-02-10,0.00534755135528675,-0.01714431121945381
mlp,y_XLI,24,2026-02-10,0.00534755135528675,-0.008846722543239594
mlp,y_XLI,23,2026-02-11,-0.011953765623808232,0.03189097344875336
mlp,y_XLI,24,2026-02-11,-0.011953765623808232,0.0003680698573589325
mlp,y_XLI,23,2026-02-12,0.008219960456991693,-0.0019426904618740082
mlp,y_XLI,24,2026-02-12,0.008219960456991693,0.0032624192535877228
mlp,y_XLI,24,2026-02-17,-0.00022851578994431687,0.020222440361976624
mlp,y_XLI,24,2026-02-18,0.007426891576902239,0.017187099903821945
mlp,y_XLI,24,2026-02-19,0.005047064807368384,0.008742038160562515
mlp,y_XLI,24,2026-02-23,0.012297625544624768,0.0010356791317462921
mlp,y_XLI,24,2026-02-24,-0.0077974328022243355,0.03460929915308952
mlp,y_XLI,24,2026-02-25,0.006264184547226659,0.0170823335647583
mlp,y_XLI,24,2026-02-26,0.0024901100679426413,-0.04148351401090622
mlp,y_XLI,24,2026-03-02,-0.01934036653506066,0.022662274539470673
mlp,y_XLI,24,2026-03-03,0.003020968832201598,0.006180323660373688
mlp,y_XLI,24,2026-03-04,-0.022219717196031663,-0.006348364055156708
mlp,y_XLI,24,2026-03-05,-0.012321255069561166,0.03233207017183304
mlp,y_XLK,0,2024-08-05,0.013592865337741955,0.00628197006881237
mlp,y_XLK,0,2024-08-06,-0.01620226482544973,0.00880467239767313
mlp,y_XLK,0,2024-08-07,0.03734682179574711,0.026309818029403687
mlp,y_XLK,0,2024-08-08,0.004494044279352627,0.003163912333548069
mlp,y_XLK,0,2024-08-12,0.03072697191967433,0.017888259142637253
mlp,y_XLK,0,2024-08-13,0.0054755242077912936,-0.012540086172521114
mlp,y_XLK,0,2024-08-14,0.028764173503917023,-0.003191961906850338
mlp,y_XLK,0,2024-08-15,0.0016740060101385623,-0.00044603925198316574
mlp,y_XLK,0,2024-08-19,-0.0035102873888632757,-0.012214820832014084
mlp,y_XLK,0,2024-08-20,0.0058860647530327714,-0.044334281235933304
mlp,y_XLK,0,2024-08-21,-0.023007490974612077,0.041975803673267365
mlp,y_XLK,0,2024-08-22,0.016198594563828106,-0.0172213613986969
mlp,y_XLK,0,2024-08-26,0.006059266363122706,-0.013721357099711895
mlp,y_XLK,1,2024-08-26,0.006059266363122706,0.003229169175028801
mlp,y_XLK,0,2024-08-27,-0.013798379066986777,0.0157022587954998
mlp,y_XLK,1,2024-08-27,-0.013798379066986777,0.021450800821185112
mlp,y_XLK,0,2024-08-28,-0.009023780775687329,-0.002359810285270214
mlp,y_XLK,1,2024-08-28,-0.009023780775687329,0.04058430343866348
mlp,y_XLK,0,2024-08-29,0.01329097833776216,0.008893860504031181
mlp,y_XLK,1,2024-08-29,0.01329097833776216,-0.024726983159780502
mlp,y_XLK,0,2024-09-03,-0.0025687971727617054,-0.010456942021846771
mlp,y_XLK,1,2024-09-03,-0.0025687971727617054,-0.0037900470197200775
mlp,y_XLK,0,2024-09-04,-0.0015262604084921305,0.00850607082247734
mlp,y_XLK,1,2024-09-04,-0.0015262604084921305,-0.014603748917579651
mlp,y_XLK,0,2024-09-05,-0.025937443724601827,-0.013593672774732113
mlp,y_XLK,1,2024-09-05,-0.025937443724601827,0.018914010375738144
mlp,y_XLK,0,2024-09-09,0.014957124070620331,-0.011641873978078365
mlp,y_XLK,1,2024-09-09,0.014957124070620331,0.08018141984939575
mlp,y_XLK,0,2024-09-10,0.03413179827603385,-0.0035074949264526367
mlp,y_XLK,1,2024-09-10,0.03413179827603385,0.018015598878264427
mlp,y_XLK,0,2024-09-11,0.008274493787029824,-0.055772438645362854
mlp,y_XLK,1,2024-09-11,0.008274493787029824,-0.03125124052166939
mlp,y_XLK,0,2024-09-12,0.005014985180587628,-0.005971486680209637
mlp,y_XLK,1,2024-09-12,0.005014985180587628,-0.010148365050554276
mlp,y_XLK,2,2024-09-12,0.005014985180587628,0.0002513974905014038
mlp,y_XLK,0,2024-09-16,-0.0019581708715435964,0.0009297290816903114
mlp,y_XLK,1,2024-09-16,-0.0019581708715435964,-0.06592747569084167
mlp,y_XLK,2,2024-09-16,-0.0019581708715435964,-0.01992354914546013
mlp,y_XLK,0,2024-09-17,-0.009125387669932539,-0.0010813204571604729
mlp,y_XLK,1,2024-09-17,-0.009125387669932539,-0.060307037085294724
mlp,y_XLK,2,2024-09-17,-0.009125387669932539,0.006197124719619751
mlp,y_XLK,0,2024-09-18,0.029700305379968484,-0.03114280104637146
mlp,y_XLK,1,2024-09-18,0.029700305379968484,0.015050748363137245
mlp,y_XLK,2,2024-09-18,0.029700305379968484,0.014743000268936157
mlp,y_XLK,0,2024-09-19,-0.004874424490652229,-0.013015625067055225
mlp,y_XLK,1,2024-09-19,-0.004874424490652229,-0.07581031322479248
mlp,y_XLK,2,2024-09-19,-0.004874424490652229,-0.09169983863830566
mlp,y_XLK,0,2024-09-23,0.00684413769072445,0.011287332512438297
mlp,y_XLK,1,2024-09-23,0.00684413769072445,0.006561148911714554
mlp,y_XLK,2,2024-09-23,0.00684413769072445,0.007204592227935791
mlp,y_XLK,0,2024-09-24,0.002862182173191119,0.01044536754488945
mlp,y_XLK,1,2024-09-24,0.002862182173191119,0.000910196453332901
mlp,y_XLK,2,2024-09-24,0.002862182173191119,-0.012532223016023636
mlp,y_XLK,0,2024-09-25,0.013244183359941042,-0.0071705421432852745
mlp,y_XLK,1,2024-09-25,0.013244183359941042,0.0047351643443107605
mlp,y_XLK,2,2024-09-25,0.013244183359941042,0.02278406172990799
mlp,y_XLK,0,2024-09-26,-0.009330211418282053,0.0124972527846694
mlp,y_XLK,1,2024-09-26,-0.009330211418282053,-0.031169500201940536
mlp,y_XLK,2,2024-09-26,-0.009330211418282053,0.014192383736371994
mlp,y_XLK,0,2024-09-30,-0.024362256132713922,-0.007761460728943348
mlp,y_XLK,1,2024-09-30,-0.024362256132713922,-0.02480931207537651
mlp,y_XLK,2,2024-09-30,-0.024362256132713922,-0.007016900926828384
mlp,y_XLK,0,2024-10-01,0.00740036831126667,-0.029399313032627106
mlp,y_XLK,1,2024-10-01,0.00740036831126667,-0.01802218332886696
mlp,y_XLK,2,2024-10-01,0.00740036831126667,-0.0068013034760952
mlp,y_XLK,0,2024-10-02,0.0041462799642419945,0.02704862505197525
mlp,y_XLK,1,2024-10-02,0.0041462799642419945,0.010170605964958668
mlp,y_XLK,2,2024-10-02,0.0041462799642419945,-0.05785122141242027
mlp,y_XLK,0,2024-10-03,0.011130432165739279,0.0050834594294428825
mlp,y_XLK,1,2024-10-03,0.011130432165739279,-0.05504206195473671
mlp,y_XLK,2,2024-10-03,0.011130432165739279,0.019720135256648064
mlp,y_XLK,1,2024-10-07,0.018682317770967183,-0.02745426818728447
mlp,y_XLK,2,2024-10-07,0.018682317770967183,-0.047554027289152145
mlp,y_XLK,3,2024-10-07,0.018682317770967183,0.02089577168226242
mlp,y_XLK,1,2024-10-08,0.01118817031368069,0.003888417035341263
mlp,y_XLK,2,2024-10-08,0.01118817031368069,-0.023744642734527588
mlp,y_XLK,3,2024-10-08,0.01118817031368069,-0.016986345872282982
mlp,y_XLK,1,2024-10-09,-0.0002603093096511522,0.01751082018017769
mlp,y_XLK,2,2024-10-09,-0.0002603093096511522,0.00869189202785492
mlp,y_XLK,3,2024-10-09,-0.0002603093096511522,-0.018758701160550117
mlp,y_XLK,1,2024-10-10,0.0017360029961053236,0.011862341314554214
mlp,y_XLK,2,2024-10-10,0.0017360029961053236,0.006834784522652626
mlp,y_XLK,3,2024-10-10,0.0017360029961053236,0.010983247309923172
mlp,y_XLK,1,2024-10-14,-0.021982790146283904,-0.008087817579507828
mlp,y_XLK,2,2024-10-14,-0.021982790146283904,-0.009012244641780853
mlp,y_XLK,3,2024-10-14,-0.021982790146283904,0.029234938323497772
mlp,y_XLK,1,2024-10-15,0.003104785762922724,0.0073023103177547455
mlp,y_XLK,2,2024-10-15,0.003104785762922724,0.023073377087712288
mlp,y_XLK,3,2024-10-15,0.003104785762922724,-0.014859437942504883
mlp,y_XLK,1,2024-10-16,0.0030515308875318503,0.0035786759108304977
mlp,y_XLK,2,2024-10-16,0.0030515308875318503,0.005039902403950691
mlp,y_XLK,3,2024-10-16,0.0030515308875318503,-0.02103365771472454
mlp,y_XLK,1,2024-10-17,0.0035639263625881767,-0.003126576542854309
mlp,y_XLK,2,2024-10-17,0.0035639263625881767,0.003979463130235672
mlp,y_XLK,3,2024-10-17,0.0035639263625881767,0.024872787296772003
mlp,y_XLK,1,2024-10-21,-0.0010345475644281121,-0.06734837591648102
mlp,y_XLK,2,2024-10-21,-0.0010345475644281121,-0.1281629055738449
mlp,y_XLK,3,2024-10-21,-0.0010345475644281121,0.0008646026253700256
mlp,y_XLK,1,2024-10-22,-0.01432586321985907,-0.014041125774383545
mlp,y_XLK,2,2024-10-22,-0.01432586321985907,0.009775128215551376
mlp,y_XLK,3,2024-10-22,-0.01432586321985907,0.009508468210697174
mlp,y_XLK,1,2024-10-23,0.0029331392763485287,-0.03543538227677345
mlp,y_XLK,2,2024-10-23,0.0029331392763485287,-0.01986822858452797
mlp,y_XLK,3,2024-10-23,0.0029331392763485287,-0.012131430208683014
mlp,y_XLK,1,2024-10-24,0.00519422248977941,0.023940909653902054
mlp,y_XLK,2,2024-10-24,0.00519422248977941,0.0016593821346759796
mlp,y_XLK,3,2024-10-24,0.00519422248977941,0.014019694179296494
mlp,y_XLK,2,2024-10-28,0.013465477941466242,0.03703003004193306
mlp,y_XLK,3,2024-10-28,0.013465477941466242,0.26304879784584045
mlp,y_XLK,4,2024-10-28,0.013465477941466242,0.19314630329608917
mlp,y_XLK,2,2024-10-29,-0.01590103759477479,-0.09314881265163422
mlp,y_XLK,3,2024-10-29,-0.01590103759477479,0.05021470785140991
mlp,y_XLK,4,2024-10-29,-0.01590103759477479,0.10723650455474854
mlp,y_XLK,2,2024-10-30,-0.03209778208406844,-0.01599172130227089
mlp,y_XLK,3,2024-10-30,-0.03209778208406844,0.008386887609958649
mlp,y_XLK,4,2024-10-30,-0.03209778208406844,-0.006732601672410965
mlp,y_XLK,2,2024-10-31,0.007514355187098198,0.0017414875328540802
mlp,y_XLK,3,2024-10-31,0.007514355187098198,-0.011640062555670738
mlp,y_XLK,4,2024-10-31,0.007514355187098198,0.08277441561222076
mlp,y_XLK,2,2024-11-04,0.01407879033370607,0.010526593774557114
mlp,y_XLK,3,2024-11-04,0.01407879033370607,-0.009256958961486816
mlp,y_XLK,4,2024-11-04,0.01407879033370607,0.00012117251753807068
mlp,y_XLK,2,2024-11-05,0.028471928830785753,-0.014055699110031128
mlp,y_XLK,3,2024-11-05,0.028471928830785753,0.004423022270202637
mlp,y_XLK,4,2024-11-05,0.028471928830785753,-0.016986362636089325
mlp,y_XLK,2,2024-11-06,0.0174417064306307,0.007182978093624115
mlp,y_XLK,3,2024-11-06,0.0174417064306307,-0.0282345712184906
mlp,y_XLK,4,2024-11-06,0.0174417064306307,-0.021168768405914307
mlp,y_XLK,2,2024-11-07,-0.0010951594947873344,0.020017582923173904
mlp,y_XLK,3,2024-11-07,-0.0010951594947873344,-0.022095458582043648
mlp,y_XLK,4,2024-11-07,-0.0010951594947873344,-0.006714802235364914
mlp,y_XLK,2,2024-11-11,0.0012719219225387768,-0.04207143560051918
mlp,y_XLK,3,2024-11-11,0.0012719219225387768,0.03935454040765762
mlp,y_XLK,4,2024-11-11,0.0012719219225387768,0.005975652486085892
mlp,y_XLK,2,2024-11-12,-0.003472404704730536,-0.031430330127477646
mlp,y_XLK,3,2024-11-12,-0.003472404704730536,0.03478115797042847
mlp,y_XLK,4,2024-11-12,-0.003472404704730536,0.011704135686159134
mlp,y_XLK,2,2024-11-13,-0.003399482931451092,-0.02315865084528923
mlp,y_XLK,3,2024-11-13,-0.003399482931451092,0.017908893525600433
mlp,y_XLK,4,2024-11-13,-0.003399482931451092,-0.014622796326875687
mlp,y_XLK,2,2024-11-14,-0.024815518202147224,-0.15441641211509705
mlp,y_XLK,3,2024-11-14,-0.024815518202147224,0.1424945890903473
mlp,y_XLK,4,2024-11-14,-0.024815518202147224,0.2280876338481903
mlp,y_XLK,3,2024-11-18,0.008193465630059071,-0.04591166228055954
mlp,y_XLK,4,2024-11-18,0.008193465630059071,0.04009344056248665
mlp,y_XLK,5,2024-11-18,0.008193465630059071,0.02885887399315834
mlp,y_XLK,3,2024-11-19,-0.0008645162611359281,0.06384164094924927
mlp,y_XLK,4,2024-11-19,-0.0008645162611359281,0.11637064814567566
mlp,y_XLK,5,2024-11-19,-0.0008645162611359281,-0.010046739131212234
mlp,y_XLK,3,2024-11-20,0.010167387786784943,0.03499237447977066
mlp,y_XLK,4,2024-11-20,0.010167387786784943,0.04713767394423485
mlp,y_XLK,5,2024-11-20,0.010167387786784943,0.011443357914686203
mlp,y_XLK,3,2024-11-21,0.0005140386091475602,-0.05509348213672638
mlp,y_XLK,4,2024-11-21,0.0005140386091475602,0.04674690589308739
mlp,y_XLK,5,2024-11-21,0.0005140386091475602,-0.003453066572546959
mlp,y_XLK,3,2024-11-25,0.005008791951381486,0.0013861022889614105
mlp,y_XLK,4,2024-11-25,0.005008791951381486,0.026738781481981277
mlp,y_XLK,5,2024-11-25,0.005008791951381486,0.009430762380361557
mlp,y_XLK,3,2024-11-26,-0.013545719382350718,0.08795910328626633
mlp,y_XLK,4,2024-11-26,-0.013545719382350718,0.009019169956445694
mlp,y_XLK,5,2024-11-26,-0.013545719382350718,0.017705898731946945
mlp,y_XLK,3,2024-12-02,0.003602447056835878,0.031088732182979584
mlp,y_XLK,4,2024-12-02,0.003602447056835878,0.10892313718795776
mlp,y_XLK,5,2024-12-02,0.003602447056835878,0.050615858286619186
mlp,y_XLK,3,2024-12-03,0.01828542451920656,0.002104327082633972
mlp,y_XLK,4,2024-12-03,0.01828542451920656,0.10790172219276428
mlp,y_XLK,5,2024-12-03,0.01828542451920656,0.003204409033060074
mlp,y_XLK,3,2024-12-04,-0.005059451166136264,0.014460891485214233
mlp,y_XLK,4,2024-12-04,-0.005059451166136264,0.013019505888223648
mlp,y_XLK,5,2024-12-04,-0.005059451166136264,0.021931953728199005
mlp,y_XLK,3,2024-12-05,0.0038763210629748635,-0.010530494153499603
mlp,y_XLK,4,2024-12-05,0.0038763210629748635,-0.015879277139902115
mlp,y_XLK,5,2024-12-05,0.0038763210629748635,0.005897633731365204
mlp,y_XLK,4,2024-12-09,-0.013875488511640777,-0.006489690393209457
mlp,y_XLK,5,2024-12-09,-0.013875488511640777,-0.023085476830601692
mlp,y_XLK,6,2024-12-09,-0.013875488511640777,0.0011336533352732658
mlp,y_XLK,4,2024-12-10,0.01449452101500226,0.03886959329247475
mlp,y_XLK,5,2024-12-10,0.01449452101500226,-0.004649048671126366
mlp,y_XLK,6,2024-12-10,0.01449452101500226,0.026788651943206787
mlp,y_XLK,4,2024-12-11,-0.0055980415720697785,0.027201879769563675
mlp,y_XLK,5,2024-12-11,-0.0055980415720697785,0.01994263008236885
mlp,y_XLK,6,2024-12-11,-0.0055980415720697785,0.014021610841155052
mlp,y_XLK,4,2024-12-12,0.0042852905396102425,0.008548352867364883
mlp,y_XLK,5,2024-12-12,0.0042852905396102425,-0.008611509576439857
mlp,y_XLK,6,2024-12-12,0.0042852905396102425,0.013792529702186584
mlp,y_XLK,4,2024-12-16,-0.006047073731622277,0.04008522257208824
mlp,y_XLK,5,2024-12-16,-0.006047073731622277,0.022144105285406113
mlp,y_XLK,6,2024-12-16,-0.006047073731622277,0.007509914226830006
mlp,y_XLK,4,2024-12-17,-0.032252646273863705,-0.0036159418523311615
mlp,y_XLK,5,2024-12-17,-0.032252646273863705,0.013357888907194138
mlp,y_XLK,6,2024-12-17,-0.032252646273863705,-0.0006668614223599434
mlp,y_XLK,4,2024-12-18,0.0010764770883413544,-0.002779535949230194
mlp,y_XLK,5,2024-12-18,0.0010764770883413544,-0.0017613302916288376
mlp,y_XLK,6,2024-12-18,0.0010764770883413544,-0.006486061029136181
mlp,y_XLK,4,2024-12-19,0.014925416575518824,0.025987375527620316
mlp,y_XLK,5,2024-12-19,0.014925416575518824,-0.009167039766907692
mlp,y_XLK,6,2024-12-19,0.014925416575518824,0.0048746829852461815
mlp,y_XLK,4,2024-12-23,0.010333130115946165,0.037315282970666885
mlp,y_XLK,5,2024-12-23,0.010333130115946165,-0.011968350037932396
mlp,y_XLK,6,2024-12-23,0.010333130115946165,0.017200889065861702
mlp,y_XLK,4,2024-12-26,-0.013295182092859847,0.01000199094414711
mlp,y_XLK,5,2024-12-26,-0.013295182092859847,0.0246412493288517
mlp,y_XLK,6,2024-12-26,-0.013295182092859847,0.025729747489094734
mlp,y_XLK,5,2024-12-30,-0.008316627479341032,0.00848982110619545
mlp,y_XLK,6,2024-12-30,-0.008316627479341032,-0.001958501525223255
mlp,y_XLK,7,2024-12-30,-0.008316627479341032,0.018080271780490875
mlp,y_XLK,5,2025-01-02,0.016295182459353796,-0.004590660333633423
mlp,y_XLK,6,2025-01-02,0.016295182459353796,0.0081862211227417
mlp,y_XLK,7,2025-01-02,0.016295182459353796,-0.007317136973142624
mlp,y_XLK,5,2025-01-06,-0.020062763298325903,-0.00012354925274848938
mlp,y_XLK,6,2025-01-06,-0.020062763298325903,-0.011100337840616703
mlp,y_XLK,7,2025-01-06,-0.020062763298325903,0.02034623920917511
mlp,y_XLK,5,2025-01-07,-0.0003419767278635133,-0.010574091225862503
mlp,y_XLK,6,2025-01-07,-0.0003419767278635133,0.027492843568325043
mlp,y_XLK,7,2025-01-07,-0.0003419767278635133,0.012780237942934036
mlp,y_XLK,5,2025-01-13,0.0026411638045382713,0.0053066834807395935
mlp,y_XLK,6,2025-01-13,0.0026411638045382713,-0.025698643177747726
mlp,y_XLK,7,2025-01-13,0.0026411638045382713,-0.011050812900066376
mlp,y_XLK,5,2025-01-14,0.019889350656249416,0.007814090698957443
mlp,y_XLK,6,2025-01-14,0.019889350656249416,-0.0032248320057988167
mlp,y_XLK,7,2025-01-14,0.019889350656249416,0.022210046648979187
mlp,y_XLK,5,2025-01-15,-0.007705807394209563,-0.04473346099257469
mlp,y_XLK,6,2025-01-15,-0.007705807394209563,-0.00251698587089777
mlp,y_XLK,7,2025-01-15,-0.007705807394209563,-0.09372113645076752
mlp,y_XLK,5,2025-01-16,0.015661587153182444,0.009064912796020508
mlp,y_XLK,6,2025-01-16,0.015661587153182444,-0.00588820967823267
mlp,y_XLK,7,2025-01-16,0.015661587153182444,-0.0003480687737464905
mlp,y_XLK,6,2025-01-21,0.022578984069296926,-0.0012835515663027763
mlp,y_XLK,7,2025-01-21,0.022578984069296926,-0.007407348603010178
mlp,y_XLK,8,2025-01-21,0.022578984069296926,-0.005267787724733353
mlp,y_XLK,6,2025-01-22,0.001781412364173507,0.01150826271623373
mlp,y_XLK,7,2025-01-22,0.001781412364173507,-0.0028965361416339874
mlp,y_XLK,8,2025-01-22,0.001781412364173507,-0.0022148583084344864
mlp,y_XLK,6,2025-01-23,-0.010421019895996309,0.011929092928767204
mlp,y_XLK,7,2025-01-23,-0.010421019895996309,-0.05196638032793999
mlp,y_XLK,8,2025-01-23,-0.010421019895996309,0.0959581658244133
mlp,y_XLK,6,2025-01-27,0.02667306089667476,-0.015353892929852009
mlp,y_XLK,7,2025-01-27,0.02667306089667476,-0.042553286999464035
mlp,y_XLK,8,2025-01-27,0.02667306089667476,-0.01698385737836361
mlp,y_XLK,6,2025-01-28,-0.008132135588034384,-0.006346908397972584
mlp,y_XLK,7,2025-01-28,-0.008132135588034384,-0.004939533770084381
mlp,y_XLK,8,2025-01-28,-0.008132135588034384,-0.034617453813552856
mlp,y_XLK,6,2025-01-29,0.0018555266516131486,0.01702035591006279
mlp,y_XLK,7,2025-01-29,0.0018555266516131486,-0.005463026463985443
mlp,y_XLK,8,2025-01-29,0.0018555266516131486,-0.021781394258141518
mlp,y_XLK,6,2025-01-30,-0.005857831620902698,0.06591013818979263
mlp,y_XLK,7,2025-01-30,-0.005857831620902698,-0.08566735684871674
mlp,y_XLK,8,2025-01-30,-0.005857831620902698,-0.020290030166506767
mlp,y_XLK,6,2025-02-03,0.014404967390106771,0.021427229046821594
mlp,y_XLK,7,2025-02-03,0.014404967390106771,0.0035474225878715515
mlp,y_XLK,8,2025-02-03,0.014404967390106771,-0.01323452778160572
mlp,y_XLK,6,2025-02-04,0.013897362300324678,-0.03151094913482666
mlp,y_XLK,7,2025-02-04,0.013897362300324678,-0.029641468077898026
mlp,y_XLK,8,2025-02-04,0.013897362300324678,0.0058018360286951065
mlp,y_XLK,6,2025-02-05,0.002732799142770581,0.07398372143507004
mlp,y_XLK,7,2025-02-05,0.002732799142770581,-0.014848779886960983
mlp,y_XLK,8,2025-02-05,0.002732799142770581,-0.05514960736036301
mlp,y_XLK,6,2025-02-06,-0.008559393278988026,0.07010235637426376
mlp,y_XLK,7,2025-02-06,-0.008559393278988026,-0.05518445745110512
mlp,y_XLK,8,2025-02-06,-0.008559393278988026,0.10308697819709778
mlp,y_XLK,7,2025-02-10,0.0004656461493550701,-0.01156049594283104
mlp,y_XLK,8,2025-02-10,0.0004656461493550701,0.02413209341466427
mlp,y_XLK,9,2025-02-10,0.0004656461493550701,0.01287752017378807
mlp,y_XLK,7,2025-02-11,-0.0021580358982258296,-0.0647108256816864
mlp,y_XLK,8,2025-02-11,-0.0021580358982258296,-0.044502437114715576
mlp,y_XLK,9,2025-02-11,-0.0021580358982258296,-0.007448224350810051
mlp,y_XLK,7,2025-02-12,0.014163338546339554,-0.004561424255371094
mlp,y_XLK,8,2025-02-12,0.014163338546339554,0.023985138162970543
mlp,y_XLK,9,2025-02-12,0.014163338546339554,0.007518589496612549
mlp,y_XLK,7,2025-02-13,0.003386884969109216,-0.0034330151975154877
mlp,y_XLK,8,2025-02-13,0.003386884969109216,-0.056009337306022644
mlp,y_XLK,9,2025-02-13,0.003386884969109216,0.014351151883602142
mlp,y_XLK,7,2025-02-18,8.261504842943523e-05,0.018951263278722763
mlp,y_XLK,8,2025-02-18,8.261504842943523e-05,-0.03876214474439621
mlp,y_XLK,9,2025-02-18,8.261504842943523e-05,0.024299945682287216
mlp,y_XLK,7,2025-02-19,-0.0031794339377660963,-0.011141125112771988
mlp,y_XLK,8,2025-02-19,-0.0031794339377660963,-0.019816087558865547
mlp,y_XLK,9,2025-02-19,-0.0031794339377660963,0.038337595760822296
mlp,y_XLK,7,2025-02-20,-0.02709084431070774,0.0027580298483371735
mlp,y_XLK,8,2025-02-20,-0.02709084431070774,0.0008125696331262589
mlp,y_XLK,9,2025-02-20,-0.02709084431070774,0.02549632638692856
mlp,y_XLK,7,2025-02-24,-0.012958416819712104,0.060079291462898254
mlp,y_XLK,8,2025-02-24,-0.012958416819712104,-0.018046272918581963
mlp,y_XLK,9,2025-02-24,-0.012958416819712104,0.008339621126651764
mlp,y_XLK,7,2025-02-25,0.01089678857981946,0.022088652476668358
mlp,y_XLK,8,2025-02-25,0.01089678857981946,0.026630667969584465
mlp,y_XLK,9,2025-02-25,0.01089678857981946,0.03150174766778946
mlp,y_XLK,7,2025-02-26,-0.03640701988349293,0.0028703026473522186
mlp,y_XLK,8,2025-02-26,-0.03640701988349293,0.006563209928572178
mlp,y_XLK,9,2025-02-26,-0.03640701988349293,-0.0031976141035556793
mlp,y_XLK,7,2025-02-27,0.013208141683312302,0.005530167371034622
mlp,y_XLK,8,2025-02-27,0.013208141683312302,-0.008279459550976753
mlp,y_XLK,9,2025-02-27,0.013208141683312302,0.0011854618787765503
mlp,y_XLK,8,2025-03-03,-0.0007774169367357198,-0.006060650572180748
mlp,y_XLK,9,2025-03-03,-0.0007774169367357198,0.007960617542266846
mlp,y_XLK,10,2025-03-03,-0.0007774169367357198,0.007705186493694782
mlp,y_XLK,8,2025-03-04,0.01405034824063911,-0.00983360968530178
mlp,y_XLK,9,2025-03-04,0.01405034824063911,-0.018751734867691994
mlp,y_XLK,10,2025-03-04,0.01405034824063911,-0.02150089107453823
mlp,y_XLK,8,2025-03-05,-0.02775652325278921,0.023715790361166
mlp,y_XLK,9,2025-03-05,-0.02775652325278921,-0.019715286791324615
mlp,y_XLK,10,2025-03-05,-0.02775652325278921,-0.03050226718187332
mlp,y_XLK,8,2025-03-06,0.01448330413712795,0.006292825564742088
mlp,y_XLK,9,2025-03-06,0.01448330413712795,0.02331513911485672
mlp,y_XLK,10,2025-03-06,0.01448330413712795,-0.015009764581918716
mlp,y_XLK,8,2025-03-10,-0.0040621464901259285,-0.024746404960751534
mlp,y_XLK,9,2025-03-10,-0.0040621464901259285,0.019726555794477463
mlp,y_XLK,10,2025-03-10,-0.0040621464901259285,0.025866486132144928
mlp,y_XLK,8,2025-03-11,0.015738942800888944,-0.019678587093949318
mlp,y_XLK,9,2025-03-11,0.015738942800888944,0.006245449185371399
mlp,y_XLK,10,2025-03-11,0.015738942800888944,-0.004242289811372757
mlp,y_XLK,8,2025-03-12,-0.018990880753475547,-0.004651948809623718
mlp,y_XLK,9,2025-03-12,-0.018990880753475547,-0.012110350653529167
mlp,y_XLK,10,2025-03-12,-0.018990880753475547,0.00757371261715889
mlp,y_XLK,8,2025-03-13,0.030241733944785798,-0.00017828866839408875
mlp,y_XLK,9,2025-03-13,0.030241733944785798,-0.001775979995727539
mlp,y_XLK,10,2025-03-13,0.030241733944785798,0.016591792926192284
mlp,y_XLK,8,2025-03-17,-0.015225342943852915,0.0009988266974687576
mlp,y_XLK,9,2025-03-17,-0.015225342943852915,0.021858341991901398
mlp,y_XLK,10,2025-03-17,-0.015225342943852915,-0.013150028884410858
mlp,y_XLK,8,2025-03-18,0.01300962331010913,-0.019188830628991127
mlp,y_XLK,9,2025-03-18,0.01300962331010913,0.038978494703769684
mlp,y_XLK,10,2025-03-18,0.01300962331010913,0.02560550346970558
mlp,y_XLK,8,2025-03-19,-0.0071193084647396265,-0.015162544324994087
mlp,y_XLK,9,2025-03-19,-0.0071193084647396265,0.03075963631272316
mlp,y_XLK,10,2025-03-19,-0.0071193084647396265,0.013609204441308975
mlp,y_XLK,8,2025-03-20,0.0027181875065835914,0.0167236328125
mlp,y_XLK,9,2025-03-20,0.0027181875065835914,-0.01312551274895668
mlp,y_XLK,10,2025-03-20,0.0027181875065835914,-0.011359166353940964
mlp,y_XLK,9,2025-03-24,0.0033083581962574105,-0.01291840523481369
mlp,y_XLK,10,2025-03-24,0.0033083581962574105,-0.0048664771020412445
mlp,y_XLK,11,2025-03-24,0.0033083581962574105,-0.006784528493881226
mlp,y_XLK,9,2025-03-25,-0.022303758401208906,0.03482147306203842
mlp,y_XLK,10,2025-03-25,-0.022303758401208906,0.037150442600250244
mlp,y_XLK,11,2025-03-25,-0.022303758401208906,0.0437655933201313
mlp,y_XLK,9,2025-03-26,-0.009228038124350024,0.010801397264003754
mlp,y_XLK,10,2025-03-26,-0.009228038124350024,0.013109555467963219
mlp,y_XLK,11,2025-03-26,-0.009228038124350024,-1.7434358596801758e-06
mlp,y_XLK,9,2025-03-27,-0.024254108130870033,0.016301847994327545
mlp,y_XLK,10,2025-03-27,-0.024254108130870033,-0.08648915588855743
mlp,y_XLK,11,2025-03-27,-0.024254108130870033,0.04767996445298195
mlp,y_XLK,9,2025-03-31,0.007313103333808746,0.018176496028900146
mlp,y_XLK,10,2025-03-31,0.007313103333808746,-0.010935736820101738
mlp,y_XLK,11,2025-03-31,0.007313103333808746,0.006606008857488632
mlp,y_XLK,9,2025-04-01,0.007404149185691766,-0.055533379316329956
mlp,y_XLK,10,2025-04-01,0.007404149185691766,-0.04235555976629257
mlp,y_XLK,11,2025-04-01,0.007404149185691766,0.0012240558862686157
mlp,y_XLK,9,2025-04-02,-0.06824790674657977,0.0935305580496788
mlp,y_XLK,10,2025-04-02,-0.06824790674657977,-0.03374297171831131
mlp,y_XLK,11,2025-04-02,-0.06824790674657977,0.07654911279678345
mlp,y_XLK,9,2025-04-03,-0.06587103425514218,-0.012499612756073475
mlp,y_XLK,10,2025-04-03,-0.06587103425514218,-0.04114896059036255
mlp,y_XLK,11,2025-04-03,-0.06587103425514218,0.015150029212236404
mlp,y_XLK,9,2025-04-07,-0.020331453070269734,0.05171232670545578
mlp,y_XLK,10,2025-04-07,-0.020331453070269734,0.03067810833454132
mlp,y_XLK,11,2025-04-07,-0.020331453070269734,0.09832693636417389
mlp,y_XLK,9,2025-04-08,0.13425696308232604,-0.006768345832824707
mlp,y_XLK,10,2025-04-08,0.13425696308232604,-0.002575499936938286
mlp,y_XLK,11,2025-04-08,0.13425696308232604,0.005873937159776688
mlp,y_XLK,9,2025-04-09,-0.04655159412211418,-0.009646547958254814
mlp,y_XLK,10,2025-04-09,-0.04655159412211418,-0.006646331399679184
mlp,y_XLK,11,2025-04-09,-0.04655159412211418,0.017895948141813278
mlp,y_XLK,9,2025-04-10,0.020476443148288004,-0.0224066823720932
mlp,y_XLK,10,2025-04-10,0.020476443148288004,0.014853518456220627
mlp,y_XLK,11,2025-04-10,0.020476443148288004,-0.010118052363395691
mlp,y_XLK,10,2025-04-14,0.003647038247804435,-0.014654900878667831
mlp,y_XLK,11,2025-04-14,0.003647038247804435,0.028594788163900375
mlp,y_XLK,12,2025-04-14,0.003647038247804435,-0.03135380893945694
mlp,y_XLK,10,2025-04-15,-0.034745348131745346,0.0033645853400230408
mlp,y_XLK,11,2025-04-15,-0.034745348131745346,0.05533294007182121
mlp,y_XLK,12,2025-04-15,-0.034745348131745346,0.019242875277996063
mlp,y_XLK,10,2025-04-16,-0.005414894655491498,0.04190793260931969
mlp,y_XLK,11,2025-04-16,-0.005414894655491498,0.013010378926992416
mlp,y_XLK,12,2025-04-16,-0.005414894655491498,0.019703179597854614
mlp,y_XLK,10,2025-04-21,0.024377312745142765,-0.001875697635114193
mlp,y_XLK,11,2025-04-21,0.024377312745142765,-0.01900358498096466
mlp,y_XLK,12,2025-04-21,0.024377312745142765,0.0212244912981987
mlp,y_XLK,10,2025-04-22,0.028992876552094815,3.351829946041107e-05
mlp,y_XLK,11,2025-04-22,0.028992876552094815,0.0172562338411808
mlp,y_XLK,12,2025-04-22,0.028992876552094815,0.013949237763881683
mlp,y_XLK,10,2025-04-23,0.03731571535550837,-0.004924243316054344
mlp,y_XLK,11,2025-04-23,0.03731571535550837,0.0042278952896595
mlp,y_XLK,12,2025-04-23,0.03731571535550837,-0.013872982934117317
mlp,y_XLK,10,2025-04-24,0.014798254924457632,0.014280364848673344
mlp,y_XLK,11,2025-04-24,0.014798254924457632,-0.0034711770713329315
mlp,y_XLK,12,2025-04-24,0.014798254924457632,-0.0034687239676713943
mlp,y_XLK,10,2025-04-28,0.004660527547534654,-0.028112191706895828
mlp,y_XLK,11,2025-04-28,0.004660527547534654,-0.007261388003826141
mlp,y_XLK,12,2025-04-28,0.004660527547534654,0.008006753399968147
mlp,y_XLK,10,2025-04-29,0.004160701611438888,-0.009466879069805145
mlp,y_XLK,11,2025-04-29,0.004160701611438888,0.0031551234424114227
mlp,y_XLK,12,2025-04-29,0.004160701611438888,0.00553356297314167
mlp,y_XLK,10,2025-04-30,0.014668729625953336,-0.018419545143842697
mlp,y_XLK,11,2025-04-30,0.014668729625953336,-0.050381921231746674
mlp,y_XLK,12,2025-04-30,0.014668729625953336,0.0015503671020269394
mlp,y_XLK,10,2025-05-01,0.016709702700655527,-0.0015964582562446594
mlp,y_XLK,11,2025-05-01,0.016709702700655527,0.06056314334273338
mlp,y_XLK,12,2025-05-01,0.016709702700655527,-0.06917332112789154
mlp,y_XLK,11,2025-05-05,-0.008307815121023077,-0.029574457556009293
mlp,y_XLK,12,2025-05-05,-0.008307815121023077,-0.011764029040932655
mlp,y_XLK,13,2025-05-05,-0.008307815121023077,-0.019059782847762108
mlp,y_XLK,11,2025-05-06,0.010015408707336304,0.04461005702614784
mlp,y_XLK,12,2025-05-06,0.010015408707336304,-0.045016512274742126
mlp,y_XLK,13,2025-05-06,0.010015408707336304,0.018716543912887573
mlp,y_XLK,11,2025-05-07,0.009545367965011486,0.007429096847772598
mlp,y_XLK,12,2025-05-07,0.009545367965011486,-0.027237998321652412
mlp,y_XLK,13,2025-05-07,0.009545367965011486,-0.021754203364253044
mlp,y_XLK,11,2025-05-08,-0.0012391974727828936,0.08807992935180664
mlp,y_XLK,12,2025-05-08,-0.0012391974727828936,-0.07833058387041092
mlp,y_XLK,13,2025-05-08,-0.0012391974727828936,0.11796431988477707
mlp,y_XLK,11,2025-05-12,0.02160740970100039,-0.015523221343755722
mlp,y_XLK,12,2025-05-12,0.02160740970100039,0.002011885866522789
mlp,y_XLK,13,2025-05-12,0.02160740970100039,-0.011593867093324661
mlp,y_XLK,11,2025-05-13,0.006491314210443466,0.010407987982034683
mlp,y_XLK,12,2025-05-13,0.006491314210443466,-0.01255670003592968
mlp,y_XLK,13,2025-05-13,0.006491314210443466,0.02555680088698864
mlp,y_XLK,11,2025-05-14,0.0013666782667716149,-0.009636130183935165
mlp,y_XLK,12,2025-05-14,0.0013666782667716149,0.021150564774870872
mlp,y_XLK,13,2025-05-14,0.0013666782667716149,0.0022295943927019835
mlp,y_XLK,11,2025-05-15,0.0018768221776850336,0.0008680373430252075
mlp,y_XLK,12,2025-05-15,0.0018768221776850336,-0.00772068090736866
mlp,y_XLK,13,2025-05-15,0.0018768221776850336,-0.0047447700053453445
mlp,y_XLK,11,2025-05-19,-0.0037519131712042686,-0.018238235265016556
mlp,y_XLK,12,2025-05-19,-0.0037519131712042686,-0.01413276232779026
mlp,y_XLK,13,2025-05-19,-0.0037519131712042686,0.0020248189102858305
mlp,y_XLK,11,2025-05-20,-0.018787121098328696,0.030390236526727676
mlp,y_XLK,12,2025-05-20,-0.018787121098328696,-0.004702450707554817
mlp,y_XLK,13,2025-05-20,-0.018787121098328696,0.007788500748574734
mlp,y_XLK,11,2025-05-21,0.0002617103341890914,-0.0023746751248836517
mlp,y_XLK,12,2025-05-21,0.0002617103341890914,-0.010699564591050148
mlp,y_XLK,13,2025-05-21,0.0002617103341890914,-0.010853304527699947
mlp,y_XLK,11,2025-05-22,-0.01103172970598143,-0.002777099609375
mlp,y_XLK,12,2025-05-22,-0.01103172970598143,-0.029282638803124428
mlp,y_XLK,13,2025-05-22,-0.01103172970598143,0.04679560288786888
mlp,y_XLK,12,2025-05-27,-0.00413431173122325,-0.017933974042534828
mlp,y_XLK,13,2025-05-27,-0.00413431173122325,-0.008957774378359318
mlp,y_XLK,14,2025-05-27,-0.00413431173122325,0.008314799517393112
mlp,y_XLK,12,2025-05-28,0.001686532667133367,-0.007312672212719917
mlp,y_XLK,13,2025-05-28,0.001686532667133367,0.036311835050582886
mlp,y_XLK,14,2025-05-28,0.001686532667133367,0.0029414852615445852
mlp,y_XLK,12,2025-05-29,-0.003108397145377695,-0.0013376791030168533
mlp,y_XLK,13,2025-05-29,-0.003108397145377695,-0.002456429647281766
mlp,y_XLK,14,2025-05-29,-0.003108397145377695,0.007954109460115433
mlp,y_XLK,12,2025-06-02,0.015024605666195345,0.009536689147353172
mlp,y_XLK,13,2025-06-02,0.015024605666195345,-0.005975089035928249
mlp,y_XLK,14,2025-06-02,0.015024605666195345,0.0008495752699673176
mlp,y_XLK,12,2025-06-03,0.001480318063873387,-0.007540056481957436
mlp,y_XLK,13,2025-06-03,0.001480318063873387,0.033047568053007126
mlp,y_XLK,14,2025-06-03,0.001480318063873387,0.0005439664237201214
mlp,y_XLK,12,2025-06-04,-0.0028293984819475204,0.0020630192011594772
mlp,y_XLK,13,2025-06-04,-0.0028293984819475204,0.03601023927330971
mlp,y_XLK,14,2025-06-04,-0.0028293984819475204,0.032759103924036026
mlp,y_XLK,12,2025-06-05,0.009443917204052577,0.002560636028647423
mlp,y_XLK,13,2025-06-05,0.009443917204052577,0.009471257217228413
mlp,y_XLK,14,2025-06-05,0.009443917204052577,-0.020032700151205063
mlp,y_XLK,12,2025-06-09,0.005594302140434104,-0.015493141487240791
mlp,y_XLK,13,2025-06-09,0.005594302140434104,0.01874750293791294
mlp,y_XLK,14,2025-06-09,0.005594302140434104,-0.0068923295475542545
mlp,y_XLK,12,2025-06-10,-0.002200379345908332,-0.006731180474162102
mlp,y_XLK,13,2025-06-10,-0.002200379345908332,0.003807536093518138
mlp,y_XLK,14,2025-06-10,-0.002200379345908332,0.0028124891687184572
mlp,y_XLK,12,2025-06-11,0.009278617568439396,-0.009433155879378319
mlp,y_XLK,13,2025-06-11,0.009278617568439396,0.04213232547044754
mlp,y_XLK,14,2025-06-11,0.009278617568439396,-0.0180877186357975
mlp,y_XLK,12,2025-06-12,-0.014016652819540787,-0.012349998578429222
mlp,y_XLK,13,2025-06-12,-0.014016652819540787,-0.006218943744897842
mlp,y_XLK,14,2025-06-12,-0.014016652819540787,0.0010859980247914791
mlp,y_XLK,13,2025-07-02,0.013169296025054011,0.007952203042805195
mlp,y_XLK,14,2025-07-02,0.013169296025054011,-0.006091307383030653
mlp,y_XLK,15,2025-07-02,0.013169296025054011,-0.004223857074975967
mlp,y_XLK,13,2025-07-07,0.00537427838694815,0.002938220975920558
mlp,y_XLK,14,2025-07-07,0.00537427838694815,-0.011195333674550056
mlp,y_XLK,15,2025-07-07,0.00537427838694815,-0.024427242577075958
mlp,y_XLK,13,2025-07-08,0.006008683727441344,0.01304269302636385
mlp,y_XLK,14,2025-07-08,0.006008683727441344,-0.0037743947468698025
mlp,y_XLK,15,2025-07-08,0.006008683727441344,0.01682140864431858
mlp,y_XLK,13,2025-07-09,-0.003296636775292461,0.006015770137310028
mlp,y_XLK,14,2025-07-09,-0.003296636775292461,0.021613094955682755
mlp,y_XLK,15,2025-07-09,-0.003296636775292461,0.006557423621416092
mlp,y_XLK,13,2025-07-10,-0.004397252123809259,-0.00544842891395092
mlp,y_XLK,14,2025-07-10,-0.004397252123809259,-0.029375500977039337
mlp,y_XLK,15,2025-07-10,-0.004397252123809259,0.009983858093619347
mlp,y_XLK,13,2025-07-14,0.008879749284990801,-0.00827507209032774
mlp,y_XLK,14,2025-07-14,0.008879749284990801,0.004647276364266872
mlp,y_XLK,15,2025-07-14,0.008879749284990801,-0.016183016821742058
mlp,y_XLK,13,2025-07-15,0.0031017262993522365,-0.001104478957131505
mlp,y_XLK,14,2025-07-15,0.0031017262993522365,-0.00913192331790924
mlp,y_XLK,15,2025-07-15,0.0031017262993522365,-0.03803184628486633
mlp,y_XLK,13,2025-07-16,0.009083591159142701,-0.01076958142220974
mlp,y_XLK,14,2025-07-16,0.009083591159142701,-0.005369813647121191
mlp,y_XLK,15,2025-07-16,0.009083591159142701,0.005574861541390419
mlp,y_XLK,13,2025-07-17,-0.0006511931605375221,0.044533535838127136
mlp,y_XLK,14,2025-07-17,-0.0006511931605375221,0.029898235574364662
mlp,y_XLK,15,2025-07-17,-0.0006511931605375221,-0.028547504916787148
mlp,y_XLK,13,2025-07-21,-0.009263885607056488,0.0023144225124269724
mlp,y_XLK,14,2025-07-21,-0.009263885607056488,0.003540229983627796
mlp,y_XLK,15,2025-07-21,-0.009263885607056488,0.011736320331692696
mlp,y_XLK,13,2025-07-22,0.00571847566280792,-0.0028397545684129
mlp,y_XLK,14,2025-07-22,0.00571847566280792,0.02759881690144539
mlp,y_XLK,15,2025-07-22,0.00571847566280792,0.014507168903946877
mlp,y_XLK,13,2025-07-23,0.004226053412358155,-0.01451798528432846
mlp,y_XLK,14,2025-07-23,0.004226053412358155,0.008825112134218216
mlp,y_XLK,15,2025-07-23,0.004226053412358155,-0.027287820354104042
mlp,y_XLK,14,2025-07-24,0.0022953236863003657,0.01951698400080204
mlp,y_XLK,15,2025-07-24,0.0022953236863003657,-0.015990033745765686
mlp,y_XLK,16,2025-07-24,0.0022953236863003657,-0.0012227864935994148
mlp,y_XLK,14,2025-07-28,3.801057737029545e-05,-0.013726525008678436
mlp,y_XLK,15,2025-07-28,3.801057737029545e-05,0.017173344269394875
mlp,y_XLK,16,2025-07-28,3.801057737029545e-05,-0.03531605005264282
mlp,y_XLK,14,2025-07-29,0.00223407947501042,0.016013991087675095
mlp,y_XLK,15,2025-07-29,0.00223407947501042,0.03113492764532566
mlp,y_XLK,16,2025-07-29,0.00223407947501042,-0.0044516827911138535
mlp,y_XLK,14,2025-07-30,-0.007329585291990126,0.005832810420542955
mlp,y_XLK,15,2025-07-30,-0.007329585291990126,0.014406843110918999
mlp,y_XLK,16,2025-07-30,-0.007329585291990126,0.008037503808736801
mlp,y_XLK,14,2025-07-31,-0.021580260982841604,-0.007438501808792353
mlp,y_XLK,15,2025-07-31,-0.021580260982841604,0.0037439819425344467
mlp,y_XLK,16,2025-07-31,-0.021580260982841604,0.015833737328648567
mlp,y_XLK,14,2025-08-04,-0.008273199102942441,0.014651753008365631
mlp,y_XLK,15,2025-08-04,-0.008273199102942441,0.010958421975374222
mlp,y_XLK,16,2025-08-04,-0.008273199102942441,-0.014576639980077744
mlp,y_XLK,14,2025-08-05,0.011263820945953906,0.005506143439561129
mlp,y_XLK,15,2025-08-05,0.011263820945953906,0.012079194188117981
mlp,y_XLK,16,2025-08-05,0.011263820945953906,0.001809852197766304
mlp,y_XLK,14,2025-08-06,0.0009124520680541259,0.009404217824339867
mlp,y_XLK,15,2025-08-06,0.0009124520680541259,0.0001158546656370163
mlp,y_XLK,16,2025-08-06,0.0009124520680541259,0.004572930745780468
mlp,y_XLK,14,2025-08-07,0.009989117046438789,-0.002168427687138319
mlp,y_XLK,15,2025-08-07,0.009989117046438789,0.013397784903645515
mlp,y_XLK,16,2025-08-07,0.009989117046438789,-0.03061566688120365
mlp,y_XLK,14,2025-08-11,0.015485458289477227,-4.598638042807579e-05
mlp,y_XLK,15,2025-08-11,0.015485458289477227,-0.007718134671449661
mlp,y_XLK,16,2025-08-11,0.015485458289477227,0.011268090456724167
mlp,y_XLK,14,2025-08-12,0.0003728835180578649,0.0019282256253063679
mlp,y_XLK,15,2025-08-12,0.0003728835180578649,-0.016252461820840836
mlp,y_XLK,16,2025-08-12,0.0003728835180578649,-0.0005047135055065155
mlp,y_XLK,15,2025-08-13,-0.002161644519657391,0.0061761122196912766
mlp,y_XLK,16,2025-08-13,-0.002161644519657391,-0.0009081270545721054
mlp,y_XLK,17,2025-08-13,-0.002161644519657391,0.008778290823101997
mlp,y_XLK,15,2025-08-14,-0.007582260028551335,0.017151663079857826
mlp,y_XLK,16,2025-08-14,-0.007582260028551335,0.011951584368944168
mlp,y_XLK,17,2025-08-14,-0.007582260028551335,-0.014444409869611263
mlp,y_XLK,15,2025-08-18,-0.017463459138355897,0.0072631556540727615
mlp,y_XLK,16,2025-08-18,-0.017463459138355897,-0.0015485920011997223
mlp,y_XLK,17,2025-08-18,-0.017463459138355897,0.00995560921728611
mlp,y_XLK,15,2025-08-19,-0.006765515697301883,-0.020238591358065605
mlp,y_XLK,16,2025-08-19,-0.006765515697301883,0.013186130672693253
mlp,y_XLK,17,2025-08-19,-0.006765515697301883,0.007629694417119026
mlp,y_XLK,15,2025-08-20,-0.00361737787625116,-0.014341263100504875
mlp,y_XLK,16,2025-08-20,-0.00361737787625116,-0.007105162367224693
mlp,y_XLK,17,2025-08-20,-0.00361737787625116,0.005563756451010704
mlp,y_XLK,15,2025-08-21,0.013556822606256347,-0.024281293153762817
mlp,y_XLK,16,2025-08-21,0.013556822606256347,0.0021311594173312187
mlp,y_XLK,17,2025-08-21,0.013556822606256347,-0.027339212596416473
mlp,y_XLK,15,2025-08-25,0.004583050089905338,-0.01658894494175911
mlp,y_XLK,16,2025-08-25,0.004583050089905338,-0.03142006695270538
mlp,y_XLK,17,2025-08-25,0.004583050089905338,0.012258337810635567
mlp,y_XLK,15,2025-08-26,0.005398803727852952,-0.006284621544182301
mlp,y_XLK,16,2025-08-26,0.005398803727852952,-0.039377301931381226
mlp,y_XLK,17,2025-08-26,0.005398803727852952,0.020868191495537758
mlp,y_XLK,15,2025-08-27,0.007903121636417154,-0.030118705704808235
mlp,y_XLK,16,2025-08-27,0.007903121636417154,-0.02267584390938282
mlp,y_XLK,17,2025-08-27,0.007903121636417154,-0.020331408828496933
mlp,y_XLK,15,2025-08-28,-0.015344744087016138,-0.0011648107320070267
mlp,y_XLK,16,2025-08-28,-0.015344744087016138,-0.00958755798637867
mlp,y_XLK,17,2025-08-28,-0.015344744087016138,-0.002073444426059723
mlp,y_XLK,15,2025-09-02,0.005966318629450074,-0.009956302121281624
mlp,y_XLK,16,2025-09-02,0.005966318629450074,-0.00964667834341526
mlp,y_XLK,17,2025-09-02,0.005966318629450074,-0.023002304136753082
mlp,y_XLK,16,2025-09-03,0.0049359646612423536,-0.0032880548387765884
mlp,y_XLK,17,2025-09-03,0.0049359646612423536,0.015648121014237404
mlp,y_XLK,18,2025-09-03,0.0049359646612423536,0.012604180723428726
mlp,y_XLK,16,2025-09-04,0.0008374382801461522,0.008326875045895576
mlp,y_XLK,17,2025-09-04,0.0008374382801461522,0.0031888652592897415
mlp,y_XLK,18,2025-09-04,0.0008374382801461522,0.007956019602715969
mlp,y_XLK,16,2025-09-08,0.0019257691954353007,0.007837396115064621
mlp,y_XLK,17,2025-09-08,0.0019257691954353007,0.020977431908249855
mlp,y_XLK,18,2025-09-08,0.0019257691954353007,-0.019281644374132156
mlp,y_XLK,16,2025-09-09,0.018127641906036107,0.028339780867099762
mlp,y_XLK,17,2025-09-09,0.018127641906036107,-9.730085730552673e-05
mlp,y_XLK,18,2025-09-09,0.018127641906036107,0.03257688507437706
mlp,y_XLK,16,2025-09-10,0.003368555369382742,0.04442213475704193
mlp,y_XLK,17,2025-09-10,0.003368555369382742,-0.001766955479979515
mlp,y_XLK,18,2025-09-10,0.003368555369382742,-0.00817206222563982
mlp,y_XLK,16,2025-09-11,-0.0006640880660709891,0.03562571853399277
mlp,y_XLK,17,2025-09-11,-0.0006640880660709891,0.0218349639326334
mlp,y_XLK,18,2025-09-11,-0.0006640880660709891,0.0072762975469231606
mlp,y_XLK,16,2025-09-15,-0.0034758285310176884,-0.013838911429047585
mlp,y_XLK,17,2025-09-15,-0.0034758285310176884,0.02488902397453785
mlp,y_XLK,18,2025-09-15,-0.0034758285310176884,-0.016808249056339264
mlp,y_XLK,16,2025-09-16,-0.0034512107495844324,-0.013486066833138466
mlp,y_XLK,17,2025-09-16,-0.0034512107495844324,-0.002312682569026947
mlp,y_XLK,18,2025-09-16,-0.0034512107495844324,-0.011371622793376446
mlp,y_XLK,16,2025-09-17,0.017278945726456385,-0.00024635251611471176
mlp,y_XLK,17,2025-09-17,0.017278945726456385,0.01316090114414692
mlp,y_XLK,18,2025-09-17,0.017278945726456385,-0.004268658347427845
mlp,y_XLK,16,2025-09-18,0.010140533739601887,0.056311823427677155
mlp,y_XLK,17,2025-09-18,0.010140533739601887,-0.05601145327091217
mlp,y_XLK,18,2025-09-18,0.010140533739601887,0.06143093481659889
mlp,y_XLK,16,2025-09-22,-0.00863218959416312,-0.02615475095808506
mlp,y_XLK,17,2025-09-22,-0.00863218959416312,0.02195143885910511
mlp,y_XLK,18,2025-09-22,-0.00863218959416312,0.011666454374790192
mlp,y_XLK,17,2025-09-23,-0.006173852788884493,0.01401464082300663
mlp,y_XLK,18,2025-09-23,-0.006173852788884493,0.008403710089623928
mlp,y_XLK,19,2025-09-23,-0.006173852788884493,0.0369693860411644
mlp,y_XLK,17,2025-09-24,-0.0017593787530568727,0.05908539146184921
mlp,y_XLK,18,2025-09-24,-0.0017593787530568727,0.028115257620811462
mlp,y_XLK,19,2025-09-24,-0.0017593787530568727,0.13145600259304047
mlp,y_XLK,17,2025-09-25,0.0030215349921083323,0.010812269523739815
mlp,y_XLK,18,2025-09-25,0.0030215349921083323,-0.014169366098940372
mlp,y_XLK,19,2025-09-25,0.0030215349921083323,-0.003426976501941681
mlp,y_XLK,17,2025-09-29,0.0054578414754302695,-0.0007757376879453659
mlp,y_XLK,18,2025-09-29,0.0054578414754302695,0.013113833032548428
mlp,y_XLK,19,2025-09-29,0.0054578414754302695,0.029346495866775513
mlp,y_XLK,17,2025-09-30,0.009792127521145,0.03671327978372574
mlp,y_XLK,18,2025-09-30,0.009792127521145,0.01738886907696724
mlp,y_XLK,19,2025-09-30,0.009792127521145,0.03290630131959915
mlp,y_XLK,17,2025-10-01,0.005410799025761914,0.009488476440310478
mlp,y_XLK,18,2025-10-01,0.005410799025761914,-0.003769882954657078
mlp,y_XLK,19,2025-10-01,0.005410799025761914,0.07617444545030594
mlp,y_XLK,17,2025-10-02,-0.005032207624090956,-0.021252257749438286
mlp,y_XLK,18,2025-10-02,-0.005032207624090956,0.0071029020473361015
mlp,y_XLK,19,2025-10-02,-0.005032207624090956,0.056745171546936035
mlp,y_XLK,17,2025-10-06,-0.006675909508848443,-0.003933284431695938
mlp,y_XLK,18,2025-10-06,-0.006675909508848443,0.02012556791305542
mlp,y_XLK,19,2025-10-06,-0.006675909508848443,0.016161633655428886
mlp,y_XLK,17,2025-10-07,0.017537098861290623,-0.0046350546181201935
mlp,y_XLK,18,2025-10-07,0.017537098861290623,-0.002991653047502041
mlp,y_XLK,19,2025-10-07,0.017537098861290623,0.005211877636611462
mlp,y_XLK,17,2025-10-08,-0.0016856441827191038,0.018211951479315758
mlp,y_XLK,18,2025-10-08,-0.0016856441827191038,0.0065705059096217155
mlp,y_XLK,19,2025-10-08,-0.0016856441827191038,0.023695174604654312
mlp,y_XLK,17,2025-10-09,-0.04069607257475405,0.014776462689042091
mlp,y_XLK,18,2025-10-09,-0.04069607257475405,-0.00018118787556886673
mlp,y_XLK,19,2025-10-09,-0.04069607257475405,-0.011613445356488228
mlp,y_XLK,18,2025-10-13,-0.012834422562449488,0.0013983184471726418
mlp,y_XLK,19,2025-10-13,-0.012834422562449488,-0.11124232411384583
mlp,y_XLK,20,2025-10-13,-0.012834422562449488,-0.0023115891963243484
mlp,y_XLK,18,2025-10-14,0.009910700229627922,-0.0008585844188928604
mlp,y_XLK,19,2025-10-14,0.009910700229627922,0.004244023934006691
mlp,y_XLK,20,2025-10-14,0.009910700229627922,-0.01751556061208248
mlp,y_XLK,18,2025-10-15,0.0007387791202013716,0.04963099956512451
mlp,y_XLK,19,2025-10-15,0.0007387791202013716,-0.004882087931036949
mlp,y_XLK,20,2025-10-15,0.0007387791202013716,0.04067770764231682
mlp,y_XLK,18,2025-10-16,0.0017573873057530331,-0.028747182339429855
mlp,y_XLK,19,2025-10-16,0.0017573873057530331,0.0675584003329277
mlp,y_XLK,20,2025-10-16,0.0017573873057530331,0.004160979762673378
mlp,y_XLK,18,2025-10-20,0.000520515832462598,-0.021573681384325027
mlp,y_XLK,19,2025-10-20,0.000520515832462598,-0.006317315623164177
mlp,y_XLK,20,2025-10-20,0.000520515832462598,0.011835187673568726
mlp,y_XLK,18,2025-10-21,-0.009884231699416213,0.005243649706244469
mlp,y_XLK,19,2025-10-21,-0.009884231699416213,-0.004355027340352535
mlp,y_XLK,20,2025-10-21,-0.009884231699416213,-0.0008126851171255112
mlp,y_XLK,18,2025-10-22,0.012609883898197616,0.011813879944384098
mlp,y_XLK,19,2025-10-22,0.012609883898197616,0.025399066507816315
mlp,y_XLK,20,2025-10-22,0.012609883898197616,0.008426593616604805
mlp,y_XLK,18,2025-10-23,0.015531549537064482,0.03424828499555588
mlp,y_XLK,19,2025-10-23,0.015531549537064482,-0.01490856148302555
mlp,y_XLK,20,2025-10-23,0.015531549537064482,0.011336366645991802
mlp,y_XLK,18,2025-10-27,0.00989962581242132,-0.021535206586122513
mlp,y_XLK,19,2025-10-27,0.00989962581242132,-0.024046314880251884
mlp,y_XLK,20,2025-10-27,0.00989962581242132,0.0056311823427677155
mlp,y_XLK,18,2025-10-28,0.007186395455704764,0.004579472355544567
mlp,y_XLK,19,2025-10-28,0.007186395455704764,0.015520567074418068
mlp,y_XLK,20,2025-10-28,0.007186395455704764,-0.027198554947972298
mlp,y_XLK,18,2025-10-29,-0.01229730070601498,0.029402393847703934
mlp,y_XLK,19,2025-10-29,-0.01229730070601498,0.011142853647470474
mlp,y_XLK,20,2025-10-29,-0.01229730070601498,0.018907884135842323
mlp,y_XLK,18,2025-10-30,0.0009652764020697813,0.010561268776655197
mlp,y_XLK,19,2025-10-30,0.0009652764020697813,-0.016619283705949783
mlp,y_XLK,20,2025-10-30,0.0009652764020697813,-0.00904000736773014
mlp,y_XLK,19,2025-11-03,-0.026398551772200185,0.03918374329805374
mlp,y_XLK,20,2025-11-03,-0.026398551772200185,0.020999127998948097
mlp,y_XLK,21,2025-11-03,-0.026398551772200185,0.03062717244029045
mlp,y_XLK,19,2025-11-04,0.0039123494799286895,0.03970571607351303
mlp,y_XLK,20,2025-11-04,0.0039123494799286895,-0.012035228312015533
mlp,y_XLK,21,2025-11-04,0.0039123494799286895,-0.006680469959974289
mlp,y_XLK,19,2025-11-05,-0.020095568399972397,0.03213311731815338
mlp,y_XLK,20,2025-11-05,-0.020095568399972397,-0.0030967015773057938
mlp,y_XLK,21,2025-11-05,-0.020095568399972397,0.023127175867557526
mlp,y_XLK,19,2025-11-06,-0.003458359163478475,0.025289714336395264
mlp,y_XLK,20,2025-11-06,-0.003458359163478475,0.0002585742622613907
mlp,y_XLK,21,2025-11-06,-0.003458359163478475,0.019180990755558014
mlp,y_XLK,19,2025-11-10,-0.008527021868579232,-0.006935827434062958
mlp,y_XLK,20,2025-11-10,-0.008527021868579232,-0.017324702814221382
mlp,y_XLK,21,2025-11-10,-0.008527021868579232,0.0035092122852802277
mlp,y_XLK,19,2025-11-11,0.003105725146766769,0.03957394137978554
mlp,y_XLK,20,2025-11-11,0.003105725146766769,0.08657591044902802
mlp,y_XLK,21,2025-11-11,0.003105725146766769,0.04198182001709938
mlp,y_XLK,19,2025-11-12,-0.024938894628394603,0.01760433241724968
mlp,y_XLK,20,2025-11-12,-0.024938894628394603,-0.0005006622523069382
mlp,y_XLK,21,2025-11-12,-0.024938894628394603,-0.021600129082798958
mlp,y_XLK,19,2025-11-13,0.0054433525958546,0.002699887380003929
mlp,y_XLK,20,2025-11-13,0.0054433525958546,-0.01911674253642559
mlp,y_XLK,21,2025-11-13,0.0054433525958546,0.02244076132774353
mlp,y_XLK,19,2025-11-17,-0.016253027938932574,0.006034531630575657
mlp,y_XLK,20,2025-11-17,-0.016253027938932574,0.004288949072360992
mlp,y_XLK,21,2025-11-17,-0.016253027938932574,0.012452926486730576
mlp,y_XLK,19,2025-11-18,0.0069525866299327,0.003885699436068535
mlp,y_XLK,20,2025-11-18,0.0069525866299327,0.004182799719274044
mlp,y_XLK,21,2025-11-18,0.0069525866299327,0.004710439592599869
mlp,y_XLK,19,2025-11-19,-0.03139124720531028,0.002293226309120655
mlp,y_XLK,20,2025-11-19,-0.03139124720531028,-0.0019474197179079056
mlp,y_XLK,21,2025-11-19,-0.03139124720531028,0.017960578203201294
mlp,y_XLK,19,2025-11-20,0.003858246095568285,-0.008573884144425392
mlp,y_XLK,20,2025-11-20,0.003858246095568285,0.0036268876865506172
mlp,y_XLK,21,2025-11-20,0.003858246095568285,-0.0024133864790201187
mlp,y_XLK,20,2025-11-24,0.002681372639006474,-0.00664847157895565
mlp,y_XLK,21,2025-11-24,0.002681372639006474,-0.005103817209601402
mlp,y_XLK,22,2025-11-24,0.002681372639006474,-0.0188607107847929
mlp,y_XLK,20,2025-11-25,0.01183769525386058,0.00344000943005085
mlp,y_XLK,21,2025-11-25,0.01183769525386058,-0.021834002807736397
mlp,y_XLK,22,2025-11-25,0.01183769525386058,-0.007585106883198023
mlp,y_XLK,20,2025-12-01,0.010302056611519061,0.009208457544445992
mlp,y_XLK,21,2025-12-01,0.010302056611519061,-0.016341907903552055
mlp,y_XLK,22,2025-12-01,0.010302056611519061,-0.012160992249846458
mlp,y_XLK,20,2025-12-02,0.002385101567018877,-0.014622943475842476
mlp,y_XLK,21,2025-12-02,0.002385101567018877,-0.008734747767448425
mlp,y_XLK,22,2025-12-02,0.002385101567018877,0.0062341527082026005
mlp,y_XLK,20,2025-12-03,0.0037242829127019927,0.012854042463004589
mlp,y_XLK,21,2025-12-03,0.0037242829127019927,-0.01555415615439415
mlp,y_XLK,22,2025-12-03,0.0037242829127019927,-0.0015729027800261974
mlp,y_XLK,20,2025-12-04,0.007317813073295598,0.009127038531005383
mlp,y_XLK,21,2025-12-04,0.007317813073295598,-0.0033399108797311783
mlp,y_XLK,22,2025-12-04,0.007317813073295598,-0.025235936045646667
mlp,y_XLK,20,2025-12-08,0.002641705175143949,-0.03709075599908829
mlp,y_XLK,21,2025-12-08,0.002641705175143949,0.07824629545211792
mlp,y_XLK,22,2025-12-08,0.002641705175143949,0.003026051912456751
mlp,y_XLK,20,2025-12-09,0.004796639915539469,0.0022071190178394318
mlp,y_XLK,21,2025-12-09,0.004796639915539469,0.01087789237499237
mlp,y_XLK,22,2025-12-09,0.004796639915539469,-0.0359296053647995
mlp,y_XLK,20,2025-12-10,-0.005109938373929479,0.02062826044857502
mlp,y_XLK,21,2025-12-10,-0.005109938373929479,0.008027523756027222
mlp,y_XLK,22,2025-12-10,-0.005109938373929479,0.009763568639755249
mlp,y_XLK,20,2025-12-11,-0.028924754781091022,0.019123191013932228
mlp,y_XLK,21,2025-12-11,-0.028924754781091022,-0.01101744920015335
mlp,y_XLK,22,2025-12-11,-0.028924754781091022,0.013905417174100876
mlp,y_XLK,21,2025-12-15,0.0018270662908363988,0.01930321753025055
mlp,y_XLK,22,2025-12-15,0.0018270662908363988,-0.016434991732239723
mlp,y_XLK,23,2025-12-15,0.0018270662908363988,-0.03698497638106346
mlp,y_XLK,21,2025-12-16,-0.022236200646995274,-0.007361775264143944
mlp,y_XLK,22,2025-12-16,-0.022236200646995274,0.003474546130746603
mlp,y_XLK,23,2025-12-16,-0.022236200646995274,0.009660966694355011
mlp,y_XLK,21,2025-12-17,0.015424348563592538,-0.01190846599638462
mlp,y_XLK,22,2025-12-17,0.015424348563592538,-0.03421751782298088
mlp,y_XLK,23,2025-12-17,0.015424348563592538,-0.014159191399812698
mlp,y_XLK,21,2025-12-18,0.021619390456640852,0.0052358247339725494
mlp,y_XLK,22,2025-12-18,0.021619390456640852,0.0045048450119793415
mlp,y_XLK,23,2025-12-18,0.021619390456640852,-0.009033147245645523
mlp,y_XLK,21,2025-12-23,0.002398123404139252,-0.007805053144693375
mlp,y_XLK,22,2025-12-23,0.002398123404139252,0.03159310296177864
mlp,y_XLK,23,2025-12-23,0.002398123404139252,0.0317089781165123
mlp,y_XLK,21,2025-12-29,-0.003153434362622609,0.0049463845789432526
mlp,y_XLK,22,2025-12-29,-0.003153434362622609,0.007687057834118605
mlp,y_XLK,23,2025-12-29,-0.003153434362622609,0.008499378338456154
mlp,y_XLK,21,2025-12-30,-0.009903049344200499,-0.016915293410420418
mlp,y_XLK,22,2025-12-30,-0.009903049344200499,-0.01782403700053692
mlp,y_XLK,23,2025-12-30,-0.009903049344200499,0.012337462976574898
mlp,y_XLK,22,2026-01-05,0.014036778093180935,0.0011240136809647083
mlp,y_XLK,23,2026-01-05,0.014036778093180935,0.06736908853054047
mlp,y_XLK,24,2026-01-05,0.014036778093180935,0.02948039397597313
mlp,y_XLK,22,2026-01-06,-0.0008182415423229061,0.008828533813357353
mlp,y_XLK,23,2026-01-06,-0.0008182415423229061,-0.018033143132925034
mlp,y_XLK,24,2026-01-06,-0.0008182415423229061,0.02476329728960991
mlp,y_XLK,22,2026-01-07,-0.01562815331474887,0.010382154956459999
mlp,y_XLK,23,2026-01-07,-0.01562815331474887,0.022928744554519653
mlp,y_XLK,24,2026-01-07,-0.01562815331474887,-0.016356922686100006
mlp,y_XLK,22,2026-01-08,0.013241738287446347,-0.01963573321700096
mlp,y_XLK,23,2026-01-08,0.013241738287446347,0.010211603716015816
mlp,y_XLK,24,2026-01-08,0.013241738287446347,-0.0036110468208789825
mlp,y_XLK,22,2026-01-12,-0.002111843945584835,-0.01474439911544323
mlp,y_XLK,23,2026-01-12,-0.002111843945584835,0.002912662923336029
mlp,y_XLK,24,2026-01-12,-0.002111843945584835,-0.01525270938873291
mlp,y_XLK,22,2026-01-13,-0.012151821622167214,-0.005724508780986071
mlp,y_XLK,23,2026-01-13,-0.012151821622167214,0.006979145109653473
mlp,y_XLK,24,2026-01-13,-0.012151821622167214,0.007599346339702606
mlp,y_XLK,22,2026-01-14,0.005252313625803584,0.009975606575608253
mlp,y_XLK,23,2026-01-14,0.005252313625803584,0.0033430419862270355
mlp,y_XLK,24,2026-01-14,0.005252313625803584,0.01736517623066902
mlp,y_XLK,22,2026-01-15,0.0010998789765974681,0.017790261656045914
mlp,y_XLK,23,2026-01-15,0.0010998789765974681,-0.0023323185741901398
mlp,y_XLK,24,2026-01-15,0.0010998789765974681,0.009093306958675385
mlp,y_XLK,22,2026-01-21,0.007440423770140203,-0.005112539976835251
mlp,y_XLK,23,2026-01-21,0.007440423770140203,0.0003114528954029083
mlp,y_XLK,24,2026-01-21,0.007440423770140203,0.0036795027554035187
mlp,y_XLK,22,2026-01-22,0.0014494163997853526,-0.012700915336608887
mlp,y_XLK,23,2026-01-22,0.0014494163997853526,0.024278361350297928
mlp,y_XLK,24,2026-01-22,0.0014494163997853526,0.008671313524246216
mlp,y_XLK,23,2026-01-26,0.013485769414087745,-0.023389246314764023
mlp,y_XLK,24,2026-01-26,0.013485769414087745,-0.009938552975654602
mlp,y_XLK,23,2026-01-27,0.007970230675164114,0.02811211161315441
mlp,y_XLK,24,2026-01-27,0.007970230675164114,-0.010258033871650696
mlp,y_XLK,23,2026-01-28,-0.015814519050582843,-0.006339848041534424
mlp,y_XLK,24,2026-01-28,-0.015814519050582843,-0.00704367458820343
mlp,y_XLK,23,2026-01-29,-0.020358074036764928,-0.00261746346950531
mlp,y_XLK,24,2026-01-29,-0.020358074036764928,0.004217732697725296
mlp,y_XLK,23,2026-02-02,-0.02189173066250938,0.009197546169161797
mlp,y_XLK,24,2026-02-02,-0.02189173066250938,-0.023922182619571686
mlp,y_XLK,23,2026-02-03,-0.027871668516558534,-0.01653563603758812
mlp,y_XLK,24,2026-02-03,-0.027871668516558534,0.006448045372962952
mlp,y_XLK,23,2026-02-04,-0.018027731844780126,0.029268356040120125
mlp,y_XLK,24,2026-02-04,-0.018027731844780126,0.007141575217247009
mlp,y_XLK,23,2026-02-05,0.04055149894562149,-0.010666962713003159
mlp,y_XLK,24,2026-02-05,0.04055149894562149,0.01343115046620369
mlp,y_XLK,23,2026-02-09,-0.005580767476076165,0.005153413861989975
mlp,y_XLK,24,2026-02-09,-0.005580767476076165,0.01416001096367836
mlp,y_XLK,23,2026-02-10,0.0029463217113563367,0.028082557022571564
mlp,y_XLK,24,2026-02-10,0.0029463217113563367,0.022348135709762573
mlp,y_XLK,23,2026-02-11,-0.02629918496700312,0.031054507941007614
mlp,y_XLK,24,2026-02-11,-0.02629918496700312,0.022284066304564476
mlp,y_XLK,23,2026-02-12,0.0025141213120256634,-0.01660916581749916
mlp,y_XLK,24,2026-02-12,0.0025141213120256634,0.01596076413989067
mlp,y_XLK,24,2026-02-17,0.010252423131440924,-0.0024656616151332855
mlp,y_XLK,24,2026-02-18,-0.004967688099141054,0.003570564091205597
mlp,y_XLK,24,2026-02-19,0.004778533177825173,0.005194138735532761
mlp,y_XLK,24,2026-02-23,0.012994535058036272,0.004293322563171387
mlp,y_XLK,24,2026-02-24,0.01917037515827502,0.023612886667251587
mlp,y_XLK,24,2026-02-25,-0.013985036548647689,-0.054863639175891876
mlp,y_XLK,24,2026-02-26,-0.015956315776545327,0.007841814309358597
mlp,y_XLK,24,2026-03-02,-0.014619416542107189,-0.005163639783859253
mlp,y_XLK,24,2026-03-03,0.0170181551846591,-0.00018693506717681885
mlp,y_XLK,24,2026-03-04,0.0024313239902344908,-0.023477643728256226
mlp,y_XLK,24,2026-03-05,-0.02061634712974081,-0.019701197743415833
mlp,y_XLP,0,2024-08-05,0.006949841429952475,-0.0008744597434997559
mlp,y_XLP,0,2024-08-06,0.001022338320619376,0.0020380914211273193
mlp,y_XLP,0,2024-08-07,0.009065544685853855,-0.02106499671936035
mlp,y_XLP,0,2024-08-08,0.0015182284354653408,-0.04129042476415634
mlp,y_XLP,0,2024-08-12,0.004571485143404219,-0.006814893335103989
mlp,y_XLP,0,2024-08-13,0.004550681769303511,0.024819079786539078
mlp,y_XLP,0,2024-08-14,0.010318302509164434,0.004228178411722183
mlp,y_XLP,0,2024-08-15,0.002740018609581396,0.016040541231632233
mlp,y_XLP,0,2024-08-19,0.004951748876561579,0.012566965073347092
mlp,y_XLP,0,2024-08-20,0.006774947159813083,-0.03349337726831436
mlp,y_XLP,0,2024-08-21,-0.001468170169801275,-0.014642708003520966
mlp,y_XLP,0,2024-08-22,0.002818178961611517,0.00036680325865745544
mlp,y_XLP,0,2024-08-26,0.0024266574758331494,-0.0006545037031173706
mlp,y_XLP,1,2024-08-26,0.0024266574758331494,-0.015238541178405285
mlp,y_XLP,0,2024-08-27,-0.004236466456222332,0.024578580632805824
mlp,y_XLP,1,2024-08-27,-0.004236466456222332,0.013996540568768978
mlp,y_XLP,0,2024-08-28,-0.0049834677334915645,0.011591285467147827
mlp,y_XLP,1,2024-08-28,-0.0049834677334915645,-0.0066804904490709305
mlp,y_XLP,0,2024-08-29,0.007940395052887128,-0.038046129047870636
mlp,y_XLP,1,2024-08-29,0.007940395052887128,-0.008182009682059288
mlp,y_XLP,0,2024-09-03,0.00469378732472947,0.01142311841249466
mlp,y_XLP,1,2024-09-03,0.00469378732472947,0.0007171630859375
mlp,y_XLP,0,2024-09-04,-0.0038331418743716705,0.00125160813331604
mlp,y_XLP,1,2024-09-04,-0.0038331418743716705,-0.018429365009069443
mlp,y_XLP,0,2024-09-05,-0.0020445711937714384,-0.013162270188331604
mlp,y_XLP,1,2024-09-05,-0.0020445711937714384,0.009752827696502209
mlp,y_XLP,0,2024-09-09,-0.00023894592664119862,0.03982141613960266
mlp,y_XLP,1,2024-09-09,-0.00023894592664119862,0.01590954139828682
mlp,y_XLP,0,2024-09-10,-0.009329094645676772,0.0021903105080127716
mlp,y_XLP,1,2024-09-10,-0.009329094645676772,-0.0012359702959656715
mlp,y_XLP,0,2024-09-11,0.0061570018211445365,0.02078213542699814
mlp,y_XLP,1,2024-09-11,0.0061570018211445365,-0.011813159100711346
mlp,y_XLP,0,2024-09-12,0.0070794826371436415,-0.024431005120277405
mlp,y_XLP,1,2024-09-12,0.0070794826371436415,-0.003239384852349758
mlp,y_XLP,2,2024-09-12,0.0070794826371436415,-0.027342796325683594
mlp,y_XLP,0,2024-09-16,-0.009494382329490736,-0.0401514396071434
mlp,y_XLP,1,2024-09-16,-0.009494382329490736,0.03599618747830391
mlp,y_XLP,2,2024-09-16,-0.009494382329490736,0.01905839517712593
mlp,y_XLP,0,2024-09-17,-0.003834250999752431,0.019977064803242683
mlp,y_XLP,1,2024-09-17,-0.003834250999752431,0.01334040891379118
mlp,y_XLP,2,2024-09-17,-0.003834250999752431,-0.037694502621889114
mlp,y_XLP,0,2024-09-18,-0.005893595196201362,0.03758437931537628
mlp,y_XLP,1,2024-09-18,-0.005893595196201362,-0.020490938797593117
mlp,y_XLP,2,2024-09-18,-0.005893595196201362,-0.027642138302326202
mlp,y_XLP,0,2024-09-19,0.004839713023451431,-0.08936881273984909
mlp,y_XLP,1,2024-09-19,0.004839713023451431,0.03373133763670921
mlp,y_XLP,2,2024-09-19,0.004839713023451431,0.08219413459300995
mlp,y_XLP,0,2024-09-23,-0.0024071023490870314,-0.0005950704216957092
mlp,y_XLP,1,2024-09-23,-0.0024071023490870314,0.0015961164608597755
mlp,y_XLP,2,2024-09-23,-0.0024071023490870314,0.013403046876192093
mlp,y_XLP,0,2024-09-24,-0.002533336864824598,-0.013131517916917801
mlp,y_XLP,1,2024-09-24,-0.002533336864824598,0.00021675974130630493
mlp,y_XLP,2,2024-09-24,-0.002533336864824598,0.01502576470375061
mlp,y_XLP,0,2024-09-25,0.002298115430727554,0.022103585302829742
mlp,y_XLP,1,2024-09-25,0.002298115430727554,-0.004776379093527794
mlp,y_XLP,2,2024-09-25,0.002298115430727554,-0.005205422639846802
mlp,y_XLP,0,2024-09-26,0.001809976225300547,-0.03616686165332794
mlp,y_XLP,1,2024-09-26,0.001809976225300547,-5.9184618294239044e-05
mlp,y_XLP,2,2024-09-26,0.001809976225300547,0.0027347542345523834
mlp,y_XLP,0,2024-09-30,-0.003373274471106802,0.001653432846069336
mlp,y_XLP,1,2024-09-30,-0.003373274471106802,0.010224259458482265
mlp,y_XLP,2,2024-09-30,-0.003373274471106802,0.0043812282383441925
mlp,y_XLP,0,2024-10-01,-0.008462350469181756,-0.015990756452083588
mlp,y_XLP,1,2024-10-01,-0.008462350469181756,0.01902785524725914
mlp,y_XLP,2,2024-10-01,-0.008462350469181756,0.01868501305580139
mlp,y_XLP,0,2024-10-02,-0.009997617918337975,-0.013541467487812042
mlp,y_XLP,1,2024-10-02,-0.009997617918337975,-0.02379656210541725
mlp,y_XLP,2,2024-10-02,-0.009997617918337975,-0.049505796283483505
mlp,y_XLP,0,2024-10-03,0.003325312875654962,0.009941790252923965
mlp,y_XLP,1,2024-10-03,0.003325312875654962,-0.004175138659775257
mlp,y_XLP,2,2024-10-03,0.003325312875654962,0.0009066499769687653
mlp,y_XLP,1,2024-10-07,0.004959043587006828,-0.008443089202046394
mlp,y_XLP,2,2024-10-07,0.004959043587006828,0.039470281451940536
mlp,y_XLP,3,2024-10-07,0.004959043587006828,0.03593875467777252
mlp,y_XLP,1,2024-10-08,0.006045119629535911,0.020113173872232437
mlp,y_XLP,2,2024-10-08,0.006045119629535911,0.0038667693734169006
mlp,y_XLP,3,2024-10-08,0.006045119629535911,0.03578322008252144
mlp,y_XLP,1,2024-10-09,-0.004414623465650358,0.0004122210666537285
mlp,y_XLP,2,2024-10-09,-0.004414623465650358,0.008339844644069672
mlp,y_XLP,3,2024-10-09,-0.004414623465650358,0.005599379539489746
mlp,y_XLP,1,2024-10-10,0.005542578258934672,-0.004007934592664242
mlp,y_XLP,2,2024-10-10,0.005542578258934672,-0.010195128619670868
mlp,y_XLP,3,2024-10-10,0.005542578258934672,-0.00024225306697189808
mlp,y_XLP,1,2024-10-14,0.006343824578789237,-0.020030634477734566
mlp,y_XLP,2,2024-10-14,0.006343824578789237,0.011908765882253647
mlp,y_XLP,3,2024-10-14,0.006343824578789237,0.016850246116518974
mlp,y_XLP,1,2024-10-15,-0.0007273065656051569,-0.0026895618066191673
mlp,y_XLP,2,2024-10-15,-0.0007273065656051569,-0.0204384233802557
mlp,y_XLP,3,2024-10-15,-0.0007273065656051569,-0.018462009727954865
mlp,y_XLP,1,2024-10-16,-0.004488784601187734,0.00044504087418317795
mlp,y_XLP,2,2024-10-16,-0.004488784601187734,-0.003448799252510071
mlp,y_XLP,3,2024-10-16,-0.004488784601187734,-0.0012274968903511763
mlp,y_XLP,1,2024-10-17,0.0021935457421125015,-0.008950557559728622
mlp,y_XLP,2,2024-10-17,0.0021935457421125015,-0.016211025416851044
mlp,y_XLP,3,2024-10-17,0.0021935457421125015,0.002451245440170169
mlp,y_XLP,1,2024-10-21,0.005640611863113154,0.004823199473321438
mlp,y_XLP,2,2024-10-21,0.005640611863113154,-0.039378032088279724
mlp,y_XLP,3,2024-10-21,0.005640611863113154,-0.0002642928157001734
mlp,y_XLP,1,2024-10-22,-0.0019509641624446683,-0.0008723046630620956
mlp,y_XLP,2,2024-10-22,-0.0019509641624446683,-0.03509436547756195
mlp,y_XLP,3,2024-10-22,-0.0019509641624446683,-0.00029634335078299046
mlp,y_XLP,1,2024-10-23,-0.0013439339026503072,-0.015554453246295452
mlp,y_XLP,2,2024-10-23,-0.0013439339026503072,-0.008422132581472397
mlp,y_XLP,3,2024-10-23,-0.0013439339026503072,-0.017763592302799225
mlp,y_XLP,1,2024-10-24,-0.008319179318327152,0.0244378000497818
mlp,y_XLP,2,2024-10-24,-0.008319179318327152,0.024178866297006607
mlp,y_XLP,3,2024-10-24,-0.008319179318327152,-0.011228540912270546
mlp,y_XLP,2,2024-10-28,-0.00985091663605886,0.15192031860351562
mlp,y_XLP,3,2024-10-28,-0.00985091663605886,0.015842003747820854
mlp,y_XLP,4,2024-10-28,-0.00985091663605886,0.24629753828048706
mlp,y_XLP,2,2024-10-29,-0.0016166753764753627,-0.010016504675149918
mlp,y_XLP,3,2024-10-29,-0.0016166753764753627,0.010071175172924995
mlp,y_XLP,4,2024-10-29,-0.0016166753764753627,-0.08818100392818451
mlp,y_XLP,2,2024-10-30,-0.0019932033163786445,0.014296691864728928
mlp,y_XLP,3,2024-10-30,-0.0019932033163786445,-0.008580056019127369
mlp,y_XLP,4,2024-10-30,-0.0019932033163786445,-0.03296293318271637
mlp,y_XLP,2,2024-10-31,0.0003745582676639714,0.05843884125351906
mlp,y_XLP,3,2024-10-31,0.0003745582676639714,0.011571591719985008
mlp,y_XLP,4,2024-10-31,0.0003745582676639714,0.09539201855659485
mlp,y_XLP,2,2024-11-04,0.006345619965763882,-0.019373152405023575
mlp,y_XLP,3,2024-11-04,0.006345619965763882,0.016696127131581306
mlp,y_XLP,4,2024-11-04,0.006345619965763882,-0.006733197718858719
mlp,y_XLP,2,2024-11-05,-0.01632042899882047,-0.008103940635919571
mlp,y_XLP,3,2024-11-05,-0.01632042899882047,-0.0015410969499498606
mlp,y_XLP,4,2024-11-05,-0.01632042899882047,0.03030964359641075
mlp,y_XLP,2,2024-11-06,0.0036450900075777337,-0.013082783669233322
mlp,y_XLP,3,2024-11-06,0.0036450900075777337,-0.01737438701093197
mlp,y_XLP,4,2024-11-06,0.0036450900075777337,0.0065580569207668304
mlp,y_XLP,2,2024-11-07,0.012147743429594682,0.0018968582153320312
mlp,y_XLP,3,2024-11-07,0.012147743429594682,-0.008797242306172848
mlp,y_XLP,4,2024-11-07,0.012147743429594682,0.01570693776011467
mlp,y_XLP,2,2024-11-11,0.0011173245709723556,0.027272101491689682
mlp,y_XLP,3,2024-11-11,0.0011173245709723556,-0.004462063312530518
mlp,y_XLP,4,2024-11-11,0.0011173245709723556,-0.005359392613172531
mlp,y_XLP,2,2024-11-12,0.00297663122642966,-0.002432325854897499
mlp,y_XLP,3,2024-11-12,0.00297663122642966,-0.011158323846757412
mlp,y_XLP,4,2024-11-12,0.00297663122642966,-0.021863574162125587
mlp,y_XLP,2,2024-11-13,-0.0024731805995065193,-0.025620415806770325
mlp,y_XLP,3,2024-11-13,-0.0024731805995065193,-0.02142133004963398
mlp,y_XLP,4,2024-11-13,-0.0024731805995065193,-0.01203211210668087
mlp,y_XLP,2,2024-11-14,-0.008801235916568784,-0.04601872339844704
mlp,y_XLP,3,2024-11-14,-0.008801235916568784,0.02098330669105053
mlp,y_XLP,4,2024-11-14,-0.008801235916568784,0.2293466329574585
mlp,y_XLP,3,2024-11-18,0.001366132679347265,0.005513288080692291
mlp,y_XLP,4,2024-11-18,0.001366132679347265,0.027461688965559006
mlp,y_XLP,5,2024-11-18,0.001366132679347265,0.04909942299127579
mlp,y_XLP,3,2024-11-19,-0.0050849844816738266,0.012116080150008202
mlp,y_XLP,4,2024-11-19,-0.0050849844816738266,0.04606540873646736
mlp,y_XLP,5,2024-11-19,-0.0050849844816738266,0.03895481675863266
mlp,y_XLP,3,2024-11-20,0.010845203267943804,-0.01288633607327938
mlp,y_XLP,4,2024-11-20,0.010845203267943804,-0.036936964839696884
mlp,y_XLP,5,2024-11-20,0.010845203267943804,-0.0062592849135398865
mlp,y_XLP,3,2024-11-21,0.00924892521624221,-0.03816762566566467
mlp,y_XLP,4,2024-11-21,0.00924892521624221,-0.03646650165319443
mlp,y_XLP,5,2024-11-21,0.00924892521624221,-0.0576481893658638
mlp,y_XLP,3,2024-11-25,0.004131740457640198,-0.012385250069200993
mlp,y_XLP,4,2024-11-25,0.004131740457640198,0.007846560329198837
mlp,y_XLP,5,2024-11-25,0.004131740457640198,0.0023562107235193253
mlp,y_XLP,3,2024-11-26,0.002057417498055214,0.03234858065843582
mlp,y_XLP,4,2024-11-26,0.002057417498055214,0.013038549572229385
mlp,y_XLP,5,2024-11-26,0.002057417498055214,0.023641780018806458
mlp,y_XLP,3,2024-12-02,-0.0051734110746397555,-0.013332759961485863
mlp,y_XLP,4,2024-12-02,-0.0051734110746397555,0.08760112524032593
mlp,y_XLP,5,2024-12-02,-0.0051734110746397555,-0.02985796332359314
mlp,y_XLP,3,2024-12-03,-0.0027813769702216273,0.018672719597816467
mlp,y_XLP,4,2024-12-03,-0.0027813769702216273,-0.013939838856458664
mlp,y_XLP,5,2024-12-03,-0.0027813769702216273,0.015001669526100159
mlp,y_XLP,3,2024-12-04,0.0040019767104435555,0.005669521167874336
mlp,y_XLP,4,2024-12-04,0.0040019767104435555,-0.002837054431438446
mlp,y_XLP,5,2024-12-04,0.0040019767104435555,-0.013590999878942966
mlp,y_XLP,3,2024-12-05,-0.0049524118039444565,0.05010004714131355
mlp,y_XLP,4,2024-12-05,-0.0049524118039444565,0.015027027577161789
mlp,y_XLP,5,2024-12-05,-0.0049524118039444565,-0.017598306760191917
mlp,y_XLP,4,2024-12-09,0.004741623114894233,-0.032777268439531326
mlp,y_XLP,5,2024-12-09,0.004741623114894233,-0.002687995322048664
mlp,y_XLP,6,2024-12-09,0.004741623114894233,0.00959852896630764
mlp,y_XLP,4,2024-12-10,-0.007623383050868848,-0.007575195282697678
mlp,y_XLP,5,2024-12-10,-0.007623383050868848,0.025330767035484314
mlp,y_XLP,6,2024-12-10,-0.007623383050868848,0.04222317785024643
mlp,y_XLP,4,2024-12-11,0.0029264462436668914,-0.007696349173784256
mlp,y_XLP,5,2024-12-11,0.0029264462436668914,0.0022369548678398132
mlp,y_XLP,6,2024-12-11,0.0029264462436668914,0.023539604619145393
mlp,y_XLP,4,2024-12-12,-0.00255324076363328,0.030059125274419785
mlp,y_XLP,5,2024-12-12,-0.00255324076363328,0.012741519138216972
mlp,y_XLP,6,2024-12-12,-0.00255324076363328,-0.015096103772521019
mlp,y_XLP,4,2024-12-16,-0.0017154124295840623,-0.023799624294042587
mlp,y_XLP,5,2024-12-16,-0.0017154124295840623,-0.02547549642622471
mlp,y_XLP,6,2024-12-16,-0.0017154124295840623,-0.04982216656208038
mlp,y_XLP,4,2024-12-17,-0.015220384266308118,0.0002444237470626831
mlp,y_XLP,5,2024-12-17,-0.015220384266308118,-0.002152138389647007
mlp,y_XLP,6,2024-12-17,-0.015220384266308118,0.012259755283594131
mlp,y_XLP,4,2024-12-18,-0.007104585059434676,-0.0056657008826732635
mlp,y_XLP,5,2024-12-18,-0.007104585059434676,0.02152448147535324
mlp,y_XLP,6,2024-12-18,-0.007104585059434676,-0.004722511395812035
mlp,y_XLP,4,2024-12-19,0.0035150064384614765,-0.01582130789756775
mlp,y_XLP,5,2024-12-19,0.0035150064384614765,-0.006780106574296951
mlp,y_XLP,6,2024-12-19,0.0035150064384614765,-0.03343180567026138
mlp,y_XLP,4,2024-12-23,0.006589030266675566,-0.02323552966117859
mlp,y_XLP,5,2024-12-23,0.006589030266675566,-0.019101187586784363
mlp,y_XLP,6,2024-12-23,0.006589030266675566,0.0344749391078949
mlp,y_XLP,4,2024-12-26,-0.0048939734168105264,-0.01642025262117386
mlp,y_XLP,5,2024-12-26,-0.0048939734168105264,0.018787268549203873
mlp,y_XLP,6,2024-12-26,-0.0048939734168105264,-0.004194989800453186
mlp,y_XLP,5,2024-12-30,0.0030624099158835794,-0.0038301022723317146
mlp,y_XLP,6,2024-12-30,0.0030624099158835794,0.011813303455710411
mlp,y_XLP,7,2024-12-30,0.0030624099158835794,0.015879901126027107
mlp,y_XLP,5,2025-01-02,-0.0005104516577078,-0.002865441609174013
mlp,y_XLP,6,2025-01-02,-0.0005104516577078,-0.0077597033232450485
mlp,y_XLP,7,2025-01-02,-0.0005104516577078,-0.0015088228974491358
mlp,y_XLP,5,2025-01-06,-0.003483575724138821,-0.017248008400201797
mlp,y_XLP,6,2025-01-06,-0.003483575724138821,-0.027352383360266685
mlp,y_XLP,7,2025-01-06,-0.003483575724138821,0.02427014894783497
mlp,y_XLP,5,2025-01-07,0.001812515182934904,-0.011214698664844036
mlp,y_XLP,6,2025-01-07,0.001812515182934904,0.031370777636766434
mlp,y_XLP,7,2025-01-07,0.001812515182934904,0.003877390408888459
mlp,y_XLP,5,2025-01-13,0.0002616697749988628,-0.01540439948439598
mlp,y_XLP,6,2025-01-13,0.0002616697749988628,0.012040654197335243
mlp,y_XLP,7,2025-01-13,0.0002616697749988628,-0.045862745493650436
mlp,y_XLP,5,2025-01-14,-0.003399177692672284,-0.022075790911912918
mlp,y_XLP,6,2025-01-14,-0.003399177692672284,-0.010240217670798302
mlp,y_XLP,7,2025-01-14,-0.003399177692672284,-0.00025828153593465686
mlp,y_XLP,5,2025-01-15,0.007477417120709706,0.04183067008852959
mlp,y_XLP,6,2025-01-15,0.007477417120709706,-0.03242821991443634
mlp,y_XLP,7,2025-01-15,0.007477417120709706,-0.06399179995059967
mlp,y_XLP,5,2025-01-16,0.005729038726350444,-0.0018855119124054909
mlp,y_XLP,6,2025-01-16,0.005729038726350444,-0.0004165228456258774
mlp,y_XLP,7,2025-01-16,0.005729038726350444,-0.005673832725733519
mlp,y_XLP,6,2025-01-21,-0.0048970042361450306,0.004553286358714104
mlp,y_XLP,7,2025-01-21,-0.0048970042361450306,0.0014949312899261713
mlp,y_XLP,8,2025-01-21,-0.0048970042361450306,-0.010028054937720299
mlp,y_XLP,6,2025-01-22,0.003625968977888583,0.03784570470452309
mlp,y_XLP,7,2025-01-22,0.003625968977888583,-0.036622192710638046
mlp,y_XLP,8,2025-01-22,0.003625968977888583,-0.03290674835443497
mlp,y_XLP,6,2025-01-23,0.005161414552830701,-0.0289164911955595
mlp,y_XLP,7,2025-01-23,0.005161414552830701,-0.027331696823239326
mlp,y_XLP,8,2025-01-23,0.005161414552830701,-0.05086445063352585
mlp,y_XLP,6,2025-01-27,-0.015622981102210609,0.05183711647987366
mlp,y_XLP,7,2025-01-27,-0.015622981102210609,-0.0035190803464502096
mlp,y_XLP,8,2025-01-27,-0.015622981102210609,-0.04506996273994446
mlp,y_XLP,6,2025-01-28,0.0024122408085067715,0.013517468236386776
mlp,y_XLP,7,2025-01-28,0.0024122408085067715,0.01044747605919838
mlp,y_XLP,8,2025-01-28,0.0024122408085067715,-0.016962530091404915
mlp,y_XLP,6,2025-01-29,0.009879789393177019,-0.04467291384935379
mlp,y_XLP,7,2025-01-29,0.009879789393177019,0.007753657642751932
mlp,y_XLP,8,2025-01-29,0.009879789393177019,-0.04509613662958145
mlp,y_XLP,6,2025-01-30,-0.009406825672373609,0.057561248540878296
mlp,y_XLP,7,2025-01-30,-0.009406825672373609,-0.06272387504577637
mlp,y_XLP,8,2025-01-30,-0.009406825672373609,-0.03494075685739517
mlp,y_XLP,6,2025-02-03,-0.008449969396131074,0.029381731525063515
mlp,y_XLP,7,2025-02-03,-0.008449969396131074,-0.027246741577982903
mlp,y_XLP,8,2025-02-03,-0.008449969396131074,-0.015902798622846603
mlp,y_XLP,6,2025-02-04,0.006232451074855261,0.03665529936552048
mlp,y_XLP,7,2025-02-04,0.006232451074855261,0.03875696659088135
mlp,y_XLP,8,2025-02-04,0.006232451074855261,-0.050143785774707794
mlp,y_XLP,6,2025-02-05,0.004550695593022125,0.01842433027923107
mlp,y_XLP,7,2025-02-05,0.004550695593022125,-0.007619121577590704
mlp,y_XLP,8,2025-02-05,0.004550695593022125,-0.01737840846180916
mlp,y_XLP,6,2025-02-06,-0.001510059733706326,-0.027063755318522453
mlp,y_XLP,7,2025-02-06,-0.001510059733706326,0.020779931917786598
mlp,y_XLP,8,2025-02-06,-0.001510059733706326,-0.062348611652851105
mlp,y_XLP,7,2025-02-10,0.009644196199671606,-0.0028485336806625128
mlp,y_XLP,8,2025-02-10,0.009644196199671606,0.012105594389140606
mlp,y_XLP,9,2025-02-10,0.009644196199671606,-0.005791094154119492
mlp,y_XLP,7,2025-02-11,-0.0007442063429249357,-0.06365416944026947
mlp,y_XLP,8,2025-02-11,-0.0007442063429249357,0.022661233320832253
mlp,y_XLP,9,2025-02-11,-0.0007442063429249357,0.029262613505125046
mlp,y_XLP,7,2025-02-12,0.010800780140132638,-0.06687922030687332
mlp,y_XLP,8,2025-02-12,0.010800780140132638,-0.0012197141768410802
mlp,y_XLP,9,2025-02-12,0.010800780140132638,-0.0031108222901821136
mlp,y_XLP,7,2025-02-13,-0.009948567254026153,0.003970342222601175
mlp,y_XLP,8,2025-02-13,-0.009948567254026153,-0.05148856341838837
mlp,y_XLP,9,2025-02-13,-0.009948567254026153,0.10434655845165253
mlp,y_XLP,7,2025-02-18,0.008034659131533672,-0.009643970057368279
mlp,y_XLP,8,2025-02-18,0.008034659131533672,0.03791847079992294
mlp,y_XLP,9,2025-02-18,0.008034659131533672,0.022746406495571136
mlp,y_XLP,7,2025-02-19,-0.0039238944962831646,0.05561220273375511
mlp,y_XLP,8,2025-02-19,-0.0039238944962831646,-0.037608057260513306
mlp,y_XLP,9,2025-02-19,-0.0039238944962831646,0.030292969197034836
mlp,y_XLP,7,2025-02-20,0.011695129443229257,-0.00556289404630661
mlp,y_XLP,8,2025-02-20,0.011695129443229257,0.029415298253297806
mlp,y_XLP,9,2025-02-20,0.011695129443229257,-0.03822314739227295
mlp,y_XLP,7,2025-02-24,0.014193888727298543,0.0482330396771431
mlp,y_XLP,8,2025-02-24,0.014193888727298543,-0.042151059955358505
mlp,y_XLP,9,2025-02-24,0.014193888727298543,0.04683385416865349
mlp,y_XLP,7,2025-02-25,-0.01913874656065273,-0.0017883074469864368
mlp,y_XLP,8,2025-02-25,-0.01913874656065273,0.005207101348787546
mlp,y_XLP,9,2025-02-25,-0.01913874656065273,0.009005796164274216
mlp,y_XLP,7,2025-02-26,-0.00012196370356354347,-0.0017077650409191847
mlp,y_XLP,8,2025-02-26,-0.00012196370356354347,-0.025001736357808113
mlp,y_XLP,9,2025-02-26,-0.00012196370356354347,0.0026003457605838776
mlp,y_XLP,7,2025-02-27,0.013294326954025548,0.00874694436788559
mlp,y_XLP,8,2025-02-27,0.013294326954025548,-0.06355079263448715
mlp,y_XLP,9,2025-02-27,0.013294326954025548,-0.023185551166534424
mlp,y_XLP,8,2025-03-03,-0.017002061080543696,0.00913154799491167
mlp,y_XLP,9,2025-03-03,-0.017002061080543696,-0.01155230961740017
mlp,y_XLP,10,2025-03-03,-0.017002061080543696,-0.003078833222389221
mlp,y_XLP,8,2025-03-04,0.0041415247860454585,-0.0025904569774866104
mlp,y_XLP,9,2025-03-04,0.0041415247860454585,-0.004535738378763199
mlp,y_XLP,10,2025-03-04,0.0041415247860454585,0.008838683366775513
mlp,y_XLP,8,2025-03-05,0.0018193109359829762,0.0007132015889510512
mlp,y_XLP,9,2025-03-05,0.0018193109359829762,-0.016490388661623
mlp,y_XLP,10,2025-03-05,0.0018193109359829762,0.005623370409011841
mlp,y_XLP,8,2025-03-06,0.003269306178258047,0.05023973062634468
mlp,y_XLP,9,2025-03-06,0.003269306178258047,0.0022471286356449127
mlp,y_XLP,10,2025-03-06,0.003269306178258047,-0.028152599930763245
mlp,y_XLP,8,2025-03-10,-0.014634624486924541,0.015970150008797646
mlp,y_XLP,9,2025-03-10,-0.014634624486924541,0.0059992969036102295
mlp,y_XLP,10,2025-03-10,-0.014634624486924541,-0.02247149497270584
mlp,y_XLP,8,2025-03-11,-0.021725896021245084,-0.036101311445236206
mlp,y_XLP,9,2025-03-11,-0.021725896021245084,0.01033022254705429
mlp,y_XLP,10,2025-03-11,-0.021725896021245084,0.039292383939027786
mlp,y_XLP,8,2025-03-12,-0.004642393042635473,-0.018337499350309372
mlp,y_XLP,9,2025-03-12,-0.004642393042635473,0.01038435474038124
mlp,y_XLP,10,2025-03-12,-0.004642393042635473,0.03721967339515686
mlp,y_XLP,8,2025-03-13,0.002269037771288396,0.0012079671723768115
mlp,y_XLP,9,2025-03-13,0.002269037771288396,-0.037660762667655945
mlp,y_XLP,10,2025-03-13,0.002269037771288396,-0.02788090705871582
mlp,y_XLP,8,2025-03-17,-0.011404296183692986,-0.006888648495078087
mlp,y_XLP,9,2025-03-17,-0.011404296183692986,0.029771093279123306
mlp,y_XLP,10,2025-03-17,-0.011404296183692986,-0.012455940246582031
mlp,y_XLP,8,2025-03-18,0.0,-0.04892569035291672
mlp,y_XLP,9,2025-03-18,0.0,0.002186927944421768
mlp,y_XLP,10,2025-03-18,0.0,-0.03846554458141327
mlp,y_XLP,8,2025-03-19,-0.0048903893333689386,-0.0074692461639642715
mlp,y_XLP,9,2025-03-19,-0.0048903893333689386,0.022630799561738968
mlp,y_XLP,10,2025-03-19,-0.0048903893333689386,0.041092611849308014
mlp,y_XLP,8,2025-03-20,-0.00037806290954967015,-0.0016786420019343495
mlp,y_XLP,9,2025-03-20,-0.00037806290954967015,0.008028697222471237
mlp,y_XLP,10,2025-03-20,-0.00037806290954967015,-0.004917129874229431
mlp,y_XLP,9,2025-03-24,-0.00906808912434176,-0.00947750173509121
mlp,y_XLP,10,2025-03-24,-0.00906808912434176,-0.004914671182632446
mlp,y_XLP,11,2025-03-24,-0.00906808912434176,0.029111646115779877
mlp,y_XLP,9,2025-03-25,0.015505889286993257,-0.07220709323883057
mlp,y_XLP,10,2025-03-25,0.015505889286993257,0.0044432468712329865
mlp,y_XLP,11,2025-03-25,0.015505889286993257,-0.08850786089897156
mlp,y_XLP,9,2025-03-26,0.011389127548802502,-0.013491395860910416
mlp,y_XLP,10,2025-03-26,0.011389127548802502,-0.00263141468167305
mlp,y_XLP,11,2025-03-26,0.011389127548802502,0.02987336367368698
mlp,y_XLP,9,2025-03-27,-0.004949776230635083,-0.06791602075099945
mlp,y_XLP,10,2025-03-27,-0.004949776230635083,0.05643841624259949
mlp,y_XLP,11,2025-03-27,-0.004949776230635083,-0.06356005370616913
mlp,y_XLP,9,2025-03-31,0.0014693724809597963,0.00013464316725730896
mlp,y_XLP,10,2025-03-31,0.0014693724809597963,0.02132369577884674
mlp,y_XLP,11,2025-03-31,0.0014693724809597963,0.01171289011836052
mlp,y_XLP,9,2025-04-01,-0.00293443318654818,-0.023885931819677353
mlp,y_XLP,10,2025-04-01,-0.00293443318654818,0.12010722607374191
mlp,y_XLP,11,2025-04-01,-0.00293443318654818,-0.061870891600847244
mlp,y_XLP,9,2025-04-02,0.005763383489671092,0.014797117561101913
mlp,y_XLP,10,2025-04-02,0.005763383489671092,-0.029304690659046173
mlp,y_XLP,11,2025-04-02,0.005763383489671092,-0.01240052655339241
mlp,y_XLP,9,2025-04-03,-0.04340400558473145,-0.017422623932361603
mlp,y_XLP,10,2025-04-03,-0.04340400558473145,-0.008174162358045578
mlp,y_XLP,11,2025-04-03,-0.04340400558473145,-0.02606794610619545
mlp,y_XLP,9,2025-04-07,-0.015473955485887037,-0.0002791881561279297
mlp,y_XLP,10,2025-04-07,-0.015473955485887037,-0.020295027643442154
mlp,y_XLP,11,2025-04-07,-0.015473955485887037,-0.04227706417441368
mlp,y_XLP,9,2025-04-08,0.03876874809427511,0.01447051391005516
mlp,y_XLP,10,2025-04-08,0.03876874809427511,-0.03319726884365082
mlp,y_XLP,11,2025-04-08,0.03876874809427511,0.03531355410814285
mlp,y_XLP,9,2025-04-09,0.0005043981731565061,0.01017981767654419
mlp,y_XLP,10,2025-04-09,0.0005043981731565061,-0.003281019628047943
mlp,y_XLP,11,2025-04-09,0.0005043981731565061,0.013479899615049362
mlp,y_XLP,9,2025-04-10,0.012602418043458075,-0.013778306543827057
mlp,y_XLP,10,2025-04-10,0.012602418043458075,0.02890981361269951
mlp,y_XLP,11,2025-04-10,0.012602418043458075,0.008976001292467117
mlp,y_XLP,10,2025-04-14,-0.008443530846431013,-0.017362244427204132
mlp,y_XLP,11,2025-04-14,-0.008443530846431013,-0.035695116966962814
mlp,y_XLP,12,2025-04-14,-0.008443530846431013,-0.018866688013076782
mlp,y_XLP,10,2025-04-15,-0.010736801957292541,0.012312807142734528
mlp,y_XLP,11,2025-04-15,-0.010736801957292541,0.02957327291369438
mlp,y_XLP,12,2025-04-15,-0.010736801957292541,-0.004169534891843796
mlp,y_XLP,10,2025-04-16,0.02133240117752755,-0.0036421455442905426
mlp,y_XLP,11,2025-04-16,0.02133240117752755,0.03612925112247467
mlp,y_XLP,12,2025-04-16,0.02133240117752755,0.008511878550052643
mlp,y_XLP,10,2025-04-21,0.01418175689298562,-0.006097983568906784
mlp,y_XLP,11,2025-04-21,0.01418175689298562,-0.009494278579950333
mlp,y_XLP,12,2025-04-21,0.01418175689298562,0.01529967412352562
mlp,y_XLP,10,2025-04-22,-0.005714933616499773,0.021308045834302902
mlp,y_XLP,11,2025-04-22,-0.005714933616499773,0.013992320746183395
mlp,y_XLP,12,2025-04-22,-0.005714933616499773,-0.032205142080783844
mlp,y_XLP,10,2025-04-23,-0.008805071983856716,0.011975936591625214
mlp,y_XLP,11,2025-04-23,-0.008805071983856716,0.01487022265791893
mlp,y_XLP,12,2025-04-23,-0.008805071983856716,-0.0012318417429924011
mlp,y_XLP,10,2025-04-24,-0.0025910718068185012,-0.00539591908454895
mlp,y_XLP,11,2025-04-24,-0.0025910718068185012,0.008479500189423561
mlp,y_XLP,12,2025-04-24,-0.0025910718068185012,0.004539113491773605
mlp,y_XLP,10,2025-04-28,0.008315745979584177,0.0009313337504863739
mlp,y_XLP,11,2025-04-28,0.008315745979584177,-0.0013087764382362366
mlp,y_XLP,12,2025-04-28,0.008315745979584177,0.006776193156838417
mlp,y_XLP,10,2025-04-29,0.007262525976323042,0.005767788738012314
mlp,y_XLP,11,2025-04-29,0.007262525976323042,0.013213247060775757
mlp,y_XLP,12,2025-04-29,0.007262525976323042,-0.004706103354692459
mlp,y_XLP,10,2025-04-30,-0.00867647089648349,-0.029141642153263092
mlp,y_XLP,11,2025-04-30,-0.00867647089648349,0.03557158261537552
mlp,y_XLP,12,2025-04-30,-0.00867647089648349,-0.010555006563663483
mlp,y_XLP,10,2025-05-01,0.0054240035922310526,0.06425432115793228
mlp,y_XLP,11,2025-05-01,0.0054240035922310526,-0.2119750827550888
mlp,y_XLP,12,2025-05-01,0.0054240035922310526,-0.05552494898438454
mlp,y_XLP,11,2025-05-05,-0.0017180225318602638,0.04796145483851433
mlp,y_XLP,12,2025-05-05,-0.0017180225318602638,0.0024032555520534515
mlp,y_XLP,13,2025-05-05,-0.0017180225318602638,0.0030655506998300552
mlp,y_XLP,11,2025-05-06,0.0015980178981072068,-0.18159186840057373
mlp,y_XLP,12,2025-05-06,0.0015980178981072068,0.04405221343040466
mlp,y_XLP,13,2025-05-06,0.0015980178981072068,0.026392420753836632
mlp,y_XLP,11,2025-05-07,-0.0012273642813742658,-0.02395755425095558
mlp,y_XLP,12,2025-05-07,-0.0012273642813742658,0.013275060802698135
mlp,y_XLP,13,2025-05-07,-0.0012273642813742658,0.00402524508535862
mlp,y_XLP,11,2025-05-08,-0.0057752315740250415,-0.052303578704595566
mlp,y_XLP,12,2025-05-08,-0.0057752315740250415,0.018653228878974915
mlp,y_XLP,13,2025-05-08,-0.0057752315740250415,0.19048535823822021
mlp,y_XLP,11,2025-05-12,-0.013451767955992455,0.03056345507502556
mlp,y_XLP,12,2025-05-12,-0.013451767955992455,-0.011211779899895191
mlp,y_XLP,13,2025-05-12,-0.013451767955992455,-0.0072675589472055435
mlp,y_XLP,11,2025-05-13,-0.0053791325858555394,0.008657047525048256
mlp,y_XLP,12,2025-05-13,-0.0053791325858555394,-0.012582567520439625
mlp,y_XLP,13,2025-05-13,-0.0053791325858555394,-0.009365690872073174
mlp,y_XLP,11,2025-05-14,0.02050063481965192,0.013687483966350555
mlp,y_XLP,12,2025-05-14,0.02050063481965192,-0.012187723070383072
mlp,y_XLP,13,2025-05-14,0.02050063481965192,-0.022482674568891525
mlp,y_XLP,11,2025-05-15,0.011461731308038292,0.0015783552080392838
mlp,y_XLP,12,2025-05-15,0.011461731308038292,-0.0075832549482584
mlp,y_XLP,13,2025-05-15,0.011461731308038292,-0.02927064150571823
mlp,y_XLP,11,2025-05-19,0.0035233417006819145,-0.030438531190156937
mlp,y_XLP,12,2025-05-19,0.0035233417006819145,-0.00645601749420166
mlp,y_XLP,13,2025-05-19,0.0035233417006819145,0.04739931970834732
mlp,y_XLP,11,2025-05-20,-0.011622252443342362,0.011832855641841888
mlp,y_XLP,12,2025-05-20,-0.011622252443342362,0.01899600774049759
mlp,y_XLP,13,2025-05-20,-0.011622252443342362,-0.013757603242993355
mlp,y_XLP,11,2025-05-21,-0.004164592758236441,-0.03443515673279762
mlp,y_XLP,12,2025-05-21,-0.004164592758236441,-0.002979142591357231
mlp,y_XLP,13,2025-05-21,-0.004164592758236441,-0.016629040241241455
mlp,y_XLP,11,2025-05-22,0.003689957280387013,-0.05566990002989769
mlp,y_XLP,12,2025-05-22,0.003689957280387013,-0.03181087225675583
mlp,y_XLP,13,2025-05-22,0.003689957280387013,-0.02506696619093418
mlp,y_XLP,12,2025-05-27,-0.006800960690379054,0.019924204796552658
mlp,y_XLP,13,2025-05-27,-0.006800960690379054,-0.0032383594661951065
mlp,y_XLP,14,2025-05-27,-0.006800960690379054,-0.014999295584857464
mlp,y_XLP,12,2025-05-28,0.004035148482805617,-0.00124317966401577
mlp,y_XLP,13,2025-05-28,0.004035148482805617,0.034885942935943604
mlp,y_XLP,14,2025-05-28,0.004035148482805617,0.002002209424972534
mlp,y_XLP,12,2025-05-29,0.00876880224428156,-0.0018588025122880936
mlp,y_XLP,13,2025-05-29,0.00876880224428156,0.0056976694613695145
mlp,y_XLP,14,2025-05-29,0.00876880224428156,0.002856716513633728
mlp,y_XLP,12,2025-06-02,-0.0009652489676322817,0.016915474086999893
mlp,y_XLP,13,2025-06-02,-0.0009652489676322817,0.010708292946219444
mlp,y_XLP,14,2025-06-02,-0.0009652489676322817,0.000482684001326561
mlp,y_XLP,12,2025-06-03,-0.007004792866998066,-0.023769931867718697
mlp,y_XLP,13,2025-06-03,-0.007004792866998066,0.01290505938231945
mlp,y_XLP,14,2025-06-03,-0.007004792866998066,0.00440630316734314
mlp,y_XLP,12,2025-06-04,-0.00960840678698982,0.03128152713179588
mlp,y_XLP,13,2025-06-04,-0.00960840678698982,-0.007595663890242577
mlp,y_XLP,14,2025-06-04,-0.00960840678698982,-0.02586827240884304
mlp,y_XLP,12,2025-06-05,0.0031928958928086892,-0.00034921616315841675
mlp,y_XLP,13,2025-06-05,0.0031928958928086892,0.003605104982852936
mlp,y_XLP,14,2025-06-05,0.0031928958928086892,0.010985996574163437
mlp,y_XLP,12,2025-06-09,0.0022062989903071095,0.005109522491693497
mlp,y_XLP,13,2025-06-09,0.0022062989903071095,-0.012686117552220821
mlp,y_XLP,14,2025-06-09,0.0022062989903071095,0.009104952216148376
mlp,y_XLP,12,2025-06-10,-0.0034246029971307657,0.011961808428168297
mlp,y_XLP,13,2025-06-10,-0.0034246029971307657,-0.011072088964283466
mlp,y_XLP,14,2025-06-10,-0.0034246029971307657,-0.0001400541514158249
mlp,y_XLP,12,2025-06-11,0.005890908395010941,0.059550218284130096
mlp,y_XLP,13,2025-06-11,0.005890908395010941,0.008251586928963661
mlp,y_XLP,14,2025-06-11,0.005890908395010941,8.370727300643921e-05
mlp,y_XLP,12,2025-06-12,-0.012201002338663391,-0.00864486861974001
mlp,y_XLP,13,2025-06-12,-0.012201002338663391,-0.002697436138987541
mlp,y_XLP,14,2025-06-12,-0.012201002338663391,0.008419740945100784
mlp,y_XLP,13,2025-07-02,-0.0004865274007881393,-0.01983635313808918
mlp,y_XLP,14,2025-07-02,-0.0004865274007881393,0.04174194484949112
mlp,y_XLP,15,2025-07-02,-0.0004865274007881393,0.018893584609031677
mlp,y_XLP,13,2025-07-07,-0.009255838959643214,-0.003746587783098221
mlp,y_XLP,14,2025-07-07,-0.009255838959643214,-5.7483091950416565e-05
mlp,y_XLP,15,2025-07-07,-0.009255838959643214,0.012263343669474125
mlp,y_XLP,13,2025-07-08,-0.006515097013988447,0.030281739309430122
mlp,y_XLP,14,2025-07-08,-0.006515097013988447,-0.003685280680656433
mlp,y_XLP,15,2025-07-08,-0.006515097013988447,0.07111171633005142
mlp,y_XLP,13,2025-07-09,0.0035881861096929146,0.002325117588043213
mlp,y_XLP,14,2025-07-09,0.0035881861096929146,0.003099896013736725
mlp,y_XLP,15,2025-07-09,0.0035881861096929146,0.020147476345300674
mlp,y_XLP,13,2025-07-10,-0.003698701201497956,0.007081819698214531
mlp,y_XLP,14,2025-07-10,-0.003698701201497956,-0.0005090180784463882
mlp,y_XLP,15,2025-07-10,-0.003698701201497956,0.012251830659806728
mlp,y_XLP,13,2025-07-14,-0.010014786901552886,0.016958946362137794
mlp,y_XLP,14,2025-07-14,-0.010014786901552886,0.008669283241033554
mlp,y_XLP,15,2025-07-14,-0.010014786901552886,0.02310691773891449
mlp,y_XLP,13,2025-07-15,0.003496946457842709,0.016047438606619835
mlp,y_XLP,14,2025-07-15,0.003496946457842709,0.007083393633365631
mlp,y_XLP,15,2025-07-15,0.003496946457842709,0.03177616372704506
mlp,y_XLP,13,2025-07-16,0.00945858040342662,0.008282044902443886
mlp,y_XLP,14,2025-07-16,0.00945858040342662,0.00038419291377067566
mlp,y_XLP,15,2025-07-16,0.00945858040342662,-0.030884545296430588
mlp,y_XLP,13,2025-07-17,-0.0027123299650454458,0.054222412407398224
mlp,y_XLP,14,2025-07-17,-0.0027123299650454458,-0.008672129362821579
mlp,y_XLP,15,2025-07-17,-0.0027123299650454458,-0.02585921436548233
mlp,y_XLP,13,2025-07-21,0.00914940131957187,-0.0017917435616254807
mlp,y_XLP,14,2025-07-21,0.00914940131957187,0.011190824210643768
mlp,y_XLP,15,2025-07-21,0.00914940131957187,0.011709189973771572
mlp,y_XLP,13,2025-07-22,0.0003676253989211009,0.02196432836353779
mlp,y_XLP,14,2025-07-22,0.0003676253989211009,-0.004063822329044342
mlp,y_XLP,15,2025-07-22,0.0003676253989211009,-0.005057104863226414
mlp,y_XLP,13,2025-07-23,-0.0035518056055026115,-0.01629219949245453
mlp,y_XLP,14,2025-07-23,-0.0035518056055026115,-0.020088333636522293
mlp,y_XLP,15,2025-07-23,-0.0035518056055026115,-0.0013258997350931168
mlp,y_XLP,14,2025-07-24,0.0017207503842184835,0.012381147593259811
mlp,y_XLP,15,2025-07-24,0.0017207503842184835,-0.0007283082231879234
mlp,y_XLP,16,2025-07-24,0.0017207503842184835,0.001549397362396121
mlp,y_XLP,14,2025-07-28,0.006570830298126662,-0.010236263275146484
mlp,y_XLP,15,2025-07-28,0.006570830298126662,0.008975683711469173
mlp,y_XLP,16,2025-07-28,0.006570830298126662,0.009171842597424984
mlp,y_XLP,14,2025-07-29,-0.00886802116147789,-0.002661691978573799
mlp,y_XLP,15,2025-07-29,-0.00886802116147789,-0.0004570595920085907
mlp,y_XLP,16,2025-07-29,-0.00886802116147789,0.020764362066984177
mlp,y_XLP,14,2025-07-30,-0.008574679939815866,0.022801123559474945
mlp,y_XLP,15,2025-07-30,-0.008574679939815866,0.022851504385471344
mlp,y_XLP,16,2025-07-30,-0.008574679939815866,-0.00014482176629826427
mlp,y_XLP,14,2025-07-31,0.004763079177237728,0.007404841482639313
mlp,y_XLP,15,2025-07-31,0.004763079177237728,-0.0068148113787174225
mlp,y_XLP,16,2025-07-31,0.004763079177237728,0.0332539901137352
mlp,y_XLP,14,2025-08-04,-0.0009931324759511195,0.022602379322052002
mlp,y_XLP,15,2025-08-04,-0.0009931324759511195,0.005749400705099106
mlp,y_XLP,16,2025-08-04,-0.0009931324759511195,-0.010963420383632183
mlp,y_XLP,14,2025-08-05,0.014290940779291272,-0.015538020059466362
mlp,y_XLP,15,2025-08-05,0.014290940779291272,-0.007848171517252922
mlp,y_XLP,16,2025-08-05,0.014290940779291272,-0.005254462361335754
mlp,y_XLP,14,2025-08-06,0.007596136887950022,-0.002261122688651085
mlp,y_XLP,15,2025-08-06,0.007596136887950022,0.022043615579605103
mlp,y_XLP,16,2025-08-06,0.007596136887950022,-0.009365440346300602
mlp,y_XLP,14,2025-08-07,0.0029183605696392334,0.04995027929544449
mlp,y_XLP,15,2025-08-07,0.0029183605696392334,-0.022133205085992813
mlp,y_XLP,16,2025-08-07,0.0029183605696392334,0.011090018786489964
mlp,y_XLP,14,2025-08-11,0.0026694494338062036,0.004753239452838898
mlp,y_XLP,15,2025-08-11,0.0026694494338062036,0.008530096150934696
mlp,y_XLP,16,2025-08-11,0.0026694494338062036,0.023509027436375618
mlp,y_XLP,14,2025-08-12,0.0,-0.019783997908234596
mlp,y_XLP,15,2025-08-12,0.0,0.03168019279837608
mlp,y_XLP,16,2025-08-12,0.0,-0.010850121267139912
mlp,y_XLP,15,2025-08-13,-0.008955535226417233,-0.008760916069149971
mlp,y_XLP,16,2025-08-13,-0.008955535226417233,0.005466415546834469
mlp,y_XLP,17,2025-08-13,-0.008955535226417233,-0.0009045377373695374
mlp,y_XLP,15,2025-08-14,0.0015875388835446813,-0.010673965327441692
mlp,y_XLP,16,2025-08-14,0.0015875388835446813,0.022791419178247452
mlp,y_XLP,17,2025-08-14,0.0015875388835446813,-0.00945173017680645
mlp,y_XLP,15,2025-08-18,0.010255081431183255,0.006816658191382885
mlp,y_XLP,16,2025-08-18,0.010255081431183255,0.010747524909675121
mlp,y_XLP,17,2025-08-18,0.010255081431183255,-0.006375834345817566
mlp,y_XLP,15,2025-08-19,0.005679755266244868,0.01091661024838686
mlp,y_XLP,16,2025-08-19,0.005679755266244868,0.02628079429268837
mlp,y_XLP,17,2025-08-19,0.005679755266244868,0.004389477893710136
mlp,y_XLP,15,2025-08-20,-0.009012259788528154,-0.010300129652023315
mlp,y_XLP,16,2025-08-20,-0.009012259788528154,-0.0008991334470920265
mlp,y_XLP,17,2025-08-20,-0.009012259788528154,-0.003923123702406883
mlp,y_XLP,15,2025-08-21,0.0,0.0020379694178700447
mlp,y_XLP,16,2025-08-21,0.0,0.00018476956756785512
mlp,y_XLP,17,2025-08-21,0.0,0.005309099331498146
mlp,y_XLP,15,2025-08-25,-0.0065384058024315905,-0.02155832201242447
mlp,y_XLP,16,2025-08-25,-0.0065384058024315905,0.006638064049184322
mlp,y_XLP,17,2025-08-25,-0.0065384058024315905,-0.0022990908473730087
mlp,y_XLP,15,2025-08-26,0.0029803300142166034,-0.007220685947686434
mlp,y_XLP,16,2025-08-26,0.0029803300142166034,-0.0071974853053689
mlp,y_XLP,17,2025-08-26,0.0029803300142166034,0.008504068478941917
mlp,y_XLP,15,2025-08-27,-0.006314154647032555,0.01579255238175392
mlp,y_XLP,16,2025-08-27,-0.006314154647032555,-0.005269987508654594
mlp,y_XLP,17,2025-08-27,-0.006314154647032555,-0.04063400626182556
mlp,y_XLP,15,2025-08-28,0.0064788304627076965,0.002890712581574917
mlp,y_XLP,16,2025-08-28,0.0064788304627076965,0.008417432196438313
mlp,y_XLP,17,2025-08-28,0.0064788304627076965,-0.019215211272239685
mlp,y_XLP,15,2025-09-02,-0.0007439978270539216,0.03416924923658371
mlp,y_XLP,16,2025-09-02,-0.0007439978270539216,0.015197315253317356
mlp,y_XLP,17,2025-09-02,-0.0007439978270539216,-0.025867965072393417
mlp,y_XLP,16,2025-09-03,0.0006204117681649635,-0.0016397249419242144
mlp,y_XLP,17,2025-09-03,0.0006204117681649635,-0.002882024273276329
mlp,y_XLP,18,2025-09-03,0.0006204117681649635,-0.00982791930437088
mlp,y_XLP,16,2025-09-04,0.0028522014610823376,0.034035954624414444
mlp,y_XLP,17,2025-09-04,0.0028522014610823376,-0.007239094004034996
mlp,y_XLP,18,2025-09-04,0.0028522014610823376,-0.007407590746879578
mlp,y_XLP,16,2025-09-08,0.0019858681688389446,0.01366942748427391
mlp,y_XLP,17,2025-09-08,0.0019858681688389446,-0.02128078043460846
mlp,y_XLP,18,2025-09-08,0.0019858681688389446,0.0014663413166999817
mlp,y_XLP,16,2025-09-09,-0.0097856409229361,0.022783847525715828
mlp,y_XLP,17,2025-09-09,-0.0097856409229361,0.011712489649653435
mlp,y_XLP,18,2025-09-09,-0.0097856409229361,0.004042297601699829
mlp,y_XLP,16,2025-09-10,0.008131029473843698,0.0211877953261137
mlp,y_XLP,17,2025-09-10,0.008131029473843698,0.055181488394737244
mlp,y_XLP,18,2025-09-10,0.008131029473843698,-0.014971897006034851
mlp,y_XLP,16,2025-09-11,-0.0033503388484035224,-0.0003496251883916557
mlp,y_XLP,17,2025-09-11,-0.0033503388484035224,0.021149685606360435
mlp,y_XLP,18,2025-09-11,-0.0033503388484035224,0.006244048476219177
mlp,y_XLP,16,2025-09-15,0.004533971137881343,-0.000678320589940995
mlp,y_XLP,17,2025-09-15,0.004533971137881343,0.0025249961763620377
mlp,y_XLP,18,2025-09-15,0.004533971137881343,-0.041962191462516785
mlp,y_XLP,16,2025-09-16,0.006018009369718635,-0.018214823678135872
mlp,y_XLP,17,2025-09-16,0.006018009369718635,0.004915332421660423
mlp,y_XLP,18,2025-09-16,0.006018009369718635,0.0030350349843502045
mlp,y_XLP,16,2025-09-17,-0.008723747887073308,-0.00973255094140768
mlp,y_XLP,17,2025-09-17,-0.008723747887073308,-0.03959587216377258
mlp,y_XLP,18,2025-09-17,-0.008723747887073308,-0.0038623064756393433
mlp,y_XLP,16,2025-09-18,-0.0020116812637844816,0.03196414187550545
mlp,y_XLP,17,2025-09-18,-0.0020116812637844816,0.09631587564945221
mlp,y_XLP,18,2025-09-18,-0.0020116812637844816,-0.05157257616519928
mlp,y_XLP,16,2025-09-22,0.005002542160704504,-0.012067089788615704
mlp,y_XLP,17,2025-09-22,0.005002542160704504,0.005761792883276939
mlp,y_XLP,18,2025-09-22,0.005002542160704504,-0.03643956780433655
mlp,y_XLP,17,2025-09-23,0.002169761214367405,-0.003355054184794426
mlp,y_XLP,18,2025-09-23,0.002169761214367405,-0.020026467740535736
mlp,y_XLP,19,2025-09-23,0.002169761214367405,-0.029126117005944252
mlp,y_XLP,17,2025-09-24,-0.00955174516560553,-0.002585897222161293
mlp,y_XLP,18,2025-09-24,-0.00955174516560553,-0.13116048276424408
mlp,y_XLP,19,2025-09-24,-0.00955174516560553,-0.021187113597989082
mlp,y_XLP,17,2025-09-25,0.002443153612319282,0.03008267469704151
mlp,y_XLP,18,2025-09-25,0.002443153612319282,-0.04764900356531143
mlp,y_XLP,19,2025-09-25,0.002443153612319282,0.027271689847111702
mlp,y_XLP,17,2025-09-29,0.0033285905815862993,-0.04534033685922623
mlp,y_XLP,18,2025-09-29,0.0033285905815862993,0.012556977570056915
mlp,y_XLP,19,2025-09-29,0.0033285905815862993,0.014347894117236137
mlp,y_XLP,17,2025-09-30,-0.0015311532725347243,-0.03591221570968628
mlp,y_XLP,18,2025-09-30,-0.0015311532725347243,0.019976750016212463
mlp,y_XLP,19,2025-09-30,-0.0015311532725347243,0.012614032253623009
mlp,y_XLP,17,2025-10-01,-0.0039616678730839405,0.0037689711898565292
mlp,y_XLP,18,2025-10-01,-0.0039616678730839405,-0.055631428956985474
mlp,y_XLP,19,2025-10-01,-0.0039616678730839405,-0.00015061162412166595
mlp,y_XLP,17,2025-10-02,0.0011546758451326244,-0.031113671138882637
mlp,y_XLP,18,2025-10-02,0.0011546758451326244,0.0755266472697258
mlp,y_XLP,19,2025-10-02,0.0011546758451326244,0.01695476844906807
mlp,y_XLP,17,2025-10-06,0.00929514521002317,0.008723324164748192
mlp,y_XLP,18,2025-10-06,0.00929514521002317,0.014029718935489655
mlp,y_XLP,19,2025-10-06,0.00929514521002317,0.029714839532971382
mlp,y_XLP,17,2025-10-07,-0.004988562958031295,-0.01070142537355423
mlp,y_XLP,18,2025-10-07,-0.004988562958031295,0.033828526735305786
mlp,y_XLP,19,2025-10-07,-0.004988562958031295,0.003609469160437584
mlp,y_XLP,17,2025-10-08,0.003213859576640221,-0.03691209852695465
mlp,y_XLP,18,2025-10-08,0.003213859576640221,0.021645579487085342
mlp,y_XLP,19,2025-10-08,0.003213859576640221,0.05723101645708084
mlp,y_XLP,17,2025-10-09,0.0007687646422267491,0.012335436418652534
mlp,y_XLP,18,2025-10-09,0.0007687646422267491,-0.031979069113731384
mlp,y_XLP,19,2025-10-09,0.0007687646422267491,-0.025599276646971703
mlp,y_XLP,18,2025-10-13,0.016058581376052983,-0.042148880660533905
mlp,y_XLP,19,2025-10-13,0.016058581376052983,-0.0268749687820673
mlp,y_XLP,20,2025-10-13,0.016058581376052983,0.01817767694592476
mlp,y_XLP,18,2025-10-14,0.0017702293801096225,0.005896508693695068
mlp,y_XLP,19,2025-10-14,0.0017702293801096225,0.0012872163206338882
mlp,y_XLP,20,2025-10-14,0.0017702293801096225,-0.005372135899960995
mlp,y_XLP,18,2025-10-15,-0.006941829707354241,0.017868846654891968
mlp,y_XLP,19,2025-10-15,-0.006941829707354241,0.04819720983505249
mlp,y_XLP,20,2025-10-15,-0.006941829707354241,-0.021316159516572952
mlp,y_XLP,18,2025-10-16,0.013345268690692302,-0.014757931232452393
mlp,y_XLP,19,2025-10-16,0.013345268690692302,-0.027490077540278435
mlp,y_XLP,20,2025-10-16,0.013345268690692302,0.02031002938747406
mlp,y_XLP,18,2025-10-20,-0.004644772552793497,0.013218335807323456
mlp,y_XLP,19,2025-10-20,-0.004644772552793497,0.01462546642869711
mlp,y_XLP,20,2025-10-20,-0.004644772552793497,0.06444471329450607
mlp,y_XLP,18,2025-10-21,0.0056752749882760245,-0.008441440761089325
mlp,y_XLP,19,2025-10-21,0.0056752749882760245,0.008799314498901367
mlp,y_XLP,20,2025-10-21,0.0056752749882760245,0.0011166101321578026
mlp,y_XLP,18,2025-10-22,-0.004890872804419022,-0.06926073133945465
mlp,y_XLP,19,2025-10-22,-0.004890872804419022,-0.027796881273388863
mlp,y_XLP,20,2025-10-22,-0.004890872804419022,0.07478296756744385
mlp,y_XLP,18,2025-10-23,-0.00327667195268444,-0.007324904203414917
mlp,y_XLP,19,2025-10-23,-0.00327667195268444,0.029858574271202087
mlp,y_XLP,20,2025-10-23,-0.00327667195268444,-0.010931414552032948
mlp,y_XLP,18,2025-10-27,-0.009972251893357154,0.007488153874874115
mlp,y_XLP,19,2025-10-27,-0.009972251893357154,0.007275352254509926
mlp,y_XLP,20,2025-10-27,-0.009972251893357154,-0.0019079269841313362
mlp,y_XLP,18,2025-10-28,-0.023587882519984005,-0.023621968924999237
mlp,y_XLP,19,2025-10-28,-0.023587882519984005,0.03408607095479965
mlp,y_XLP,20,2025-10-28,-0.023587882519984005,0.012188308872282505
mlp,y_XLP,18,2025-10-29,-0.0010447289193076248,0.013005651533603668
mlp,y_XLP,19,2025-10-29,-0.0010447289193076248,0.036179397255182266
mlp,y_XLP,20,2025-10-29,-0.0010447289193076248,0.024871788918972015
mlp,y_XLP,18,2025-10-30,-0.0028757829838415017,0.0011848509311676025
mlp,y_XLP,19,2025-10-30,-0.0028757829838415017,0.03748726472258568
mlp,y_XLP,20,2025-10-30,-0.0028757829838415017,-0.023096581920981407
mlp,y_XLP,19,2025-11-03,0.004096099610378712,0.009567681699991226
mlp,y_XLP,20,2025-11-03,0.004096099610378712,0.00043997354805469513
mlp,y_XLP,21,2025-11-03,0.004096099610378712,0.014371627941727638
mlp,y_XLP,19,2025-11-04,-0.0006579367504280231,0.01549428142607212
mlp,y_XLP,20,2025-11-04,-0.0006579367504280231,-0.00996392872184515
mlp,y_XLP,21,2025-11-04,-0.0006579367504280231,0.002600332722067833
mlp,y_XLP,19,2025-11-05,-0.004477239500817687,0.00846165418624878
mlp,y_XLP,20,2025-11-05,-0.004477239500817687,0.007852298207581043
mlp,y_XLP,21,2025-11-05,-0.004477239500817687,0.03160469979047775
mlp,y_XLP,19,2025-11-06,0.01468254186241591,-0.0025185905396938324
mlp,y_XLP,20,2025-11-06,0.01468254186241591,0.03230150416493416
mlp,y_XLP,21,2025-11-06,0.01468254186241591,-0.01525932364165783
mlp,y_XLP,19,2025-11-10,0.013083886641533704,0.006484411656856537
mlp,y_XLP,20,2025-11-10,0.013083886641533704,0.011634028516709805
mlp,y_XLP,21,2025-11-10,0.013083886641533704,0.004196105524897575
mlp,y_XLP,19,2025-11-11,-0.0014206211659343326,-0.02734636329114437
mlp,y_XLP,20,2025-11-11,-0.0014206211659343326,-0.0018846457824110985
mlp,y_XLP,21,2025-11-11,-0.0014206211659343326,-0.03998737782239914
mlp,y_XLP,19,2025-11-12,0.0,-0.03643812984228134
mlp,y_XLP,20,2025-11-12,0.0,-0.014758727513253689
mlp,y_XLP,21,2025-11-12,0.0,-0.00436982698738575
mlp,y_XLP,19,2025-11-13,-0.0007760228243410827,0.003272430971264839
mlp,y_XLP,20,2025-11-13,-0.0007760228243410827,0.0036868304014205933
mlp,y_XLP,21,2025-11-13,-0.0007760228243410827,0.005552792921662331
mlp,y_XLP,19,2025-11-17,0.004298603800262368,0.018846940249204636
mlp,y_XLP,20,2025-11-17,0.004298603800262368,0.00900066178292036
mlp,y_XLP,21,2025-11-17,0.004298603800262368,0.010144496336579323
mlp,y_XLP,19,2025-11-18,-0.007652300133832446,0.034634895622730255
mlp,y_XLP,20,2025-11-18,-0.007652300133832446,-0.006713896058499813
mlp,y_XLP,21,2025-11-18,-0.007652300133832446,-0.007056453265249729
mlp,y_XLP,19,2025-11-19,0.0071885172696801725,0.019487053155899048
mlp,y_XLP,20,2025-11-19,0.0071885172696801725,-0.010706933215260506
mlp,y_XLP,21,2025-11-19,0.0071885172696801725,-0.015055553987622261
mlp,y_XLP,19,2025-11-20,0.010900676844956436,-0.01637466810643673
mlp,y_XLP,20,2025-11-20,0.010900676844956436,-0.004659458063542843
mlp,y_XLP,21,2025-11-20,0.010900676844956436,0.016044287011027336
mlp,y_XLP,20,2025-11-24,0.01376617910575062,0.0053602587431669235
mlp,y_XLP,21,2025-11-24,0.01376617910575062,0.01558842696249485
mlp,y_XLP,22,2025-11-24,0.01376617910575062,-0.020547885447740555
mlp,y_XLP,20,2025-11-25,0.010889109993459156,-0.02104939892888069
mlp,y_XLP,21,2025-11-25,0.010889109993459156,0.02790663205087185
mlp,y_XLP,22,2025-11-25,0.010889109993459156,-0.010203421115875244
mlp,y_XLP,20,2025-12-01,-0.00655830246115785,-0.019337564706802368
mlp,y_XLP,21,2025-12-01,-0.00655830246115785,0.003272710368037224
mlp,y_XLP,22,2025-12-01,-0.00655830246115785,-0.0019530467689037323
mlp,y_XLP,20,2025-12-02,0.0007618354698994967,0.0036345133557915688
mlp,y_XLP,21,2025-12-02,0.0007618354698994967,-0.009617464616894722
mlp,y_XLP,22,2025-12-02,0.0007618354698994967,-0.011596698313951492
mlp,y_XLP,20,2025-12-03,-0.004820602034775634,-0.0241638645529747
mlp,y_XLP,21,2025-12-03,-0.004820602034775634,-0.014041329734027386
mlp,y_XLP,22,2025-12-03,-0.004820602034775634,0.004285193979740143
mlp,y_XLP,20,2025-12-04,0.00012753951666355512,-0.031007248908281326
mlp,y_XLP,21,2025-12-04,0.00012753951666355512,-0.007907504215836525
mlp,y_XLP,22,2025-12-04,0.00012753951666355512,-0.005287772044539452
mlp,y_XLP,20,2025-12-08,0.00231330890447512,-0.061688512563705444
mlp,y_XLP,21,2025-12-08,0.00231330890447512,0.048199184238910675
mlp,y_XLP,22,2025-12-08,0.00231330890447512,0.07367224991321564
mlp,y_XLP,20,2025-12-09,0.0029491328571187303,-0.014167813584208488
mlp,y_XLP,21,2025-12-09,0.0029491328571187303,0.02021329291164875
mlp,y_XLP,22,2025-12-09,0.0029491328571187303,0.028517350554466248
mlp,y_XLP,20,2025-12-10,0.0074150115614677325,0.00032019708305597305
mlp,y_XLP,21,2025-12-10,0.0074150115614677325,0.01697988249361515
mlp,y_XLP,22,2025-12-10,0.0074150115614677325,-0.01795458421111107
mlp,y_XLP,20,2025-12-11,0.007867935564070061,-0.009585740976035595
mlp,y_XLP,21,2025-12-11,0.007867935564070061,-0.008887224830687046
mlp,y_XLP,22,2025-12-11,0.007867935564070061,0.004339111968874931
mlp,y_XLP,21,2025-12-15,-0.0045204019701616804,-0.0014050919562578201
mlp,y_XLP,22,2025-12-15,-0.0045204019701616804,-0.045938603579998016
mlp,y_XLP,23,2025-12-15,-0.0045204019701616804,0.025181198492646217
mlp,y_XLP,21,2025-12-16,0.004667036063963126,0.023083580657839775
mlp,y_XLP,22,2025-12-16,0.004667036063963126,0.0071629853919148445
mlp,y_XLP,23,2025-12-16,0.004667036063963126,0.019524680450558662
mlp,y_XLP,21,2025-12-17,-0.005775242244343004,0.008397400379180908
mlp,y_XLP,22,2025-12-17,-0.005775242244343004,0.00046766921877861023
mlp,y_XLP,23,2025-12-17,-0.005775242244343004,-0.015526527538895607
mlp,y_XLP,21,2025-12-18,-0.005177439370098957,-0.039890043437480927
mlp,y_XLP,22,2025-12-18,-0.005177439370098957,-0.005079224705696106
mlp,y_XLP,23,2025-12-18,-0.005177439370098957,-0.054756611585617065
mlp,y_XLP,21,2025-12-23,0.007869959921810166,0.025510037317872047
mlp,y_XLP,22,2025-12-23,0.007869959921810166,0.05165039747953415
mlp,y_XLP,23,2025-12-23,0.007869959921810166,-0.03146221116185188
mlp,y_XLP,21,2025-12-29,-0.001660670100219086,0.0055722426623106
mlp,y_XLP,22,2025-12-29,-0.001660670100219086,0.010752329602837563
mlp,y_XLP,23,2025-12-29,-0.001660670100219086,-0.003945222124457359
mlp,y_XLP,21,2025-12-30,-0.006014090998417765,0.0053692832589149475
mlp,y_XLP,22,2025-12-30,-0.006014090998417765,-0.016648471355438232
mlp,y_XLP,23,2025-12-30,-0.006014090998417765,0.0021655652672052383
mlp,y_XLP,22,2026-01-05,0.0015514253257831179,-0.0039863623678684235
mlp,y_XLP,23,2026-01-05,0.0015514253257831179,0.025707704946398735
mlp,y_XLP,24,2026-01-05,0.0015514253257831179,0.04421763867139816
mlp,y_XLP,22,2026-01-06,-0.01097196928782207,0.023181099444627762
mlp,y_XLP,23,2026-01-06,-0.01097196928782207,-0.006305243819952011
mlp,y_XLP,24,2026-01-06,-0.01097196928782207,-0.027973856776952744
mlp,y_XLP,22,2026-01-07,0.023753584306748232,-0.014656677842140198
mlp,y_XLP,23,2026-01-07,0.023753584306748232,-0.03346025198698044
mlp,y_XLP,24,2026-01-07,0.023753584306748232,0.003987900912761688
mlp,y_XLP,22,2026-01-08,0.010326332654041037,-0.003188416361808777
mlp,y_XLP,23,2026-01-08,0.010326332654041037,-0.006419016048312187
mlp,y_XLP,24,2026-01-08,0.010326332654041037,-0.021771345287561417
mlp,y_XLP,22,2026-01-12,0.01159890623143034,-0.002362312749028206
mlp,y_XLP,23,2026-01-12,0.01159890623143034,0.011541960760951042
mlp,y_XLP,24,2026-01-12,0.01159890623143034,0.007194411009550095
mlp,y_XLP,22,2026-01-13,0.013808442092886564,0.015707621350884438
mlp,y_XLP,23,2026-01-13,0.013808442092886564,-0.016470734030008316
mlp,y_XLP,24,2026-01-13,0.013808442092886564,-0.012968998402357101
mlp,y_XLP,22,2026-01-14,0.0017025341594691934,0.003865990787744522
mlp,y_XLP,23,2026-01-14,0.0017025341594691934,0.00019333697855472565
mlp,y_XLP,24,2026-01-14,0.0017025341594691934,0.008277058601379395
mlp,y_XLP,22,2026-01-15,-0.0031565148423071676,0.03239665925502777
mlp,y_XLP,23,2026-01-15,-0.0031565148423071676,-0.011061146855354309
mlp,y_XLP,24,2026-01-15,-0.0031565148423071676,0.00296223908662796
mlp,y_XLP,22,2026-01-21,-0.002062176046885411,-0.001222863793373108
mlp,y_XLP,23,2026-01-21,-0.002062176046885411,0.015713607892394066
mlp,y_XLP,24,2026-01-21,-0.002062176046885411,-0.02495952695608139
mlp,y_XLP,22,2026-01-22,0.007779349035586858,0.00886656902730465
mlp,y_XLP,23,2026-01-22,0.007779349035586858,-0.011703862808644772
mlp,y_XLP,24,2026-01-22,0.007779349035586858,-0.01321478933095932
mlp,y_XLP,23,2026-01-26,0.004590539845568786,0.0057401228696107864
mlp,y_XLP,24,2026-01-26,0.004590539845568786,-0.02286992035806179
mlp,y_XLP,23,2026-01-27,-0.010101057362842503,-0.010782198049128056
mlp,y_XLP,24,2026-01-27,-0.010101057362842503,0.01920498162508011
mlp,y_XLP,23,2026-01-28,-0.002308095749643191,-0.00855843536555767
mlp,y_XLP,24,2026-01-28,-0.002308095749643191,0.008386444300413132
mlp,y_XLP,23,2026-01-29,0.01680268999101986,-0.017861396074295044
mlp,y_XLP,24,2026-01-29,0.01680268999101986,0.0021004043519496918
mlp,y_XLP,23,2026-02-02,0.016213050255408756,0.023571496829390526
mlp,y_XLP,24,2026-02-02,0.016213050255408756,-0.002686828374862671
mlp,y_XLP,23,2026-02-03,0.013042914654292082,-0.006060481071472168
mlp,y_XLP,24,2026-02-03,0.013042914654292082,0.007440723478794098
mlp,y_XLP,23,2026-02-04,-0.0008046867058651985,-0.007190425880253315
mlp,y_XLP,24,2026-02-04,-0.0008046867058651985,-0.014958828687667847
mlp,y_XLP,23,2026-02-05,0.011734978071195723,-0.014180004596710205
mlp,y_XLP,24,2026-02-05,0.011734978071195723,0.04160935431718826
mlp,y_XLP,23,2026-02-09,-0.003202548076398637,0.0007964614778757095
mlp,y_XLP,24,2026-02-09,-0.003202548076398637,0.011236794292926788
mlp,y_XLP,23,2026-02-10,0.014343086381115144,-0.004474205896258354
mlp,y_XLP,24,2026-02-10,0.014343086381115144,0.0016924701631069183
mlp,y_XLP,23,2026-02-11,0.00916286815172307,0.016940532252192497
mlp,y_XLP,24,2026-02-11,0.00916286815172307,-0.0016630105674266815
mlp,y_XLP,23,2026-02-12,0.0033628859414485124,-0.021355919539928436
mlp,y_XLP,24,2026-02-12,0.0033628859414485124,-0.0214985478669405
mlp,y_XLP,24,2026-02-17,-0.0018140140391244008,-0.012109003961086273
mlp,y_XLP,24,2026-02-18,-0.004202666319109261,-0.003975957632064819
mlp,y_XLP,24,2026-02-19,0.002509424264834248,-0.01012512668967247
mlp,y_XLP,24,2026-02-23,0.008654564825241629,-0.01897989585995674
mlp,y_XLP,24,2026-02-24,-0.008134563683043994,0.0005050674080848694
mlp,y_XLP,24,2026-02-25,-0.0016852210120086308,0.0618036612868309
mlp,y_XLP,24,2026-02-26,0.01294172313729347,0.0382661297917366
mlp,y_XLP,24,2026-03-02,-0.010934519566159095,-0.006806954741477966
mlp,y_XLP,24,2026-03-03,-0.006610374011641662,0.00805724784731865
mlp,y_XLP,24,2026-03-04,-0.020078016595595494,0.019708313047885895
mlp,y_XLP,24,2026-03-05,0.00433198807309787,-0.0017247498035430908
mlp,y_XLRE,0,2024-08-05,0.022140248382447325,0.0005863048136234283
mlp,y_XLRE,0,2024-08-06,-0.007220257436450606,0.0031956955790519714
mlp,y_XLRE,0,2024-08-07,0.008484718305697081,-0.021385017782449722
mlp,y_XLRE,0,2024-08-08,0.005048289773204262,-0.012558095157146454
mlp,y_XLRE,0,2024-08-12,0.006977686787768667,0.00525234080851078
mlp,y_XLRE,0,2024-08-13,0.003584298188425983,-0.018191970884799957
mlp,y_XLRE,0,2024-08-14,-0.0028570444947670914,0.002877958118915558
mlp,y_XLRE,0,2024-08-15,-0.0004776023670663987,0.009013303555548191
mlp,y_XLRE,0,2024-08-19,0.0009498921630606283,-0.009605079889297485
mlp,y_XLRE,0,2024-08-20,0.003321515179611101,0.02706550620496273
mlp,y_XLRE,0,2024-08-21,0.0061478765075746455,0.007671667262911797
mlp,y_XLRE,0,2024-08-22,0.019271569213063833,0.004971100017428398
mlp,y_XLRE,0,2024-08-26,0.002538138101291443,0.0030757300555706024
mlp,y_XLRE,1,2024-08-26,0.002538138101291443,0.024309471249580383
mlp,y_XLRE,0,2024-08-27,-0.003452217258775314,-0.0003429260104894638
mlp,y_XLRE,1,2024-08-27,-0.003452217258775314,0.04632610082626343
mlp,y_XLRE,0,2024-08-28,-0.003926208758320171,0.005402108654379845
mlp,y_XLRE,1,2024-08-28,-0.003926208758320171,0.0007169004529714584
mlp,y_XLRE,0,2024-08-29,0.009738038658253512,0.0028457771986722946
mlp,y_XLRE,1,2024-08-29,0.009738038658253512,0.0012263096868991852
mlp,y_XLRE,0,2024-09-03,0.0022909945914382224,-0.019867077469825745
mlp,y_XLRE,1,2024-09-03,0.0022909945914382224,0.006493471562862396
mlp,y_XLRE,0,2024-09-04,-0.002742854435924591,-0.005831602960824966
mlp,y_XLRE,1,2024-09-04,-0.002742854435924591,-0.0020145364105701447
mlp,y_XLRE,0,2024-09-05,0.0,-0.009357500821352005
mlp,y_XLRE,1,2024-09-05,0.0,0.019606251269578934
mlp,y_XLRE,0,2024-09-09,0.01766688882302425,0.03449021279811859
mlp,y_XLRE,1,2024-09-09,0.01766688882302425,-0.01124497875571251
mlp,y_XLRE,0,2024-09-10,-0.0026707294364962664,-0.01190023124217987
mlp,y_XLRE,1,2024-09-10,-0.0026707294364962664,-0.008245021104812622
mlp,y_XLRE,0,2024-09-11,0.0017853139774630655,-0.012999646365642548
mlp,y_XLRE,1,2024-09-11,0.0017853139774630655,0.0160539411008358
mlp,y_XLRE,0,2024-09-12,0.007128439773492756,0.005258502438664436
mlp,y_XLRE,1,2024-09-12,0.007128439773492756,-0.001178080216050148
mlp,y_XLRE,2,2024-09-12,0.007128439773492756,0.007198961451649666
mlp,y_XLRE,0,2024-09-16,-0.007936500206268793,-0.02093769982457161
mlp,y_XLRE,1,2024-09-16,-0.007936500206268793,-0.0649910420179367
mlp,y_XLRE,2,2024-09-16,-0.007936500206268793,-0.0136247668415308
mlp,y_XLRE,0,2024-09-17,-0.0028889976210040302,-0.005937792360782623
mlp,y_XLRE,1,2024-09-17,-0.0028889976210040302,0.01158761978149414
mlp,y_XLRE,2,2024-09-17,-0.0028889976210040302,0.024438777938485146
mlp,y_XLRE,0,2024-09-18,-0.0024514126012239457,-0.0022043250501155853
mlp,y_XLRE,1,2024-09-18,-0.0024514126012239457,-0.000690162181854248
mlp,y_XLRE,2,2024-09-18,-0.0024514126012239457,0.0005651246756315231
mlp,y_XLRE,0,2024-09-19,-0.0017873083341080065,0.03395342454314232
mlp,y_XLRE,1,2024-09-19,-0.0017873083341080065,0.007016908377408981
mlp,y_XLRE,2,2024-09-19,-0.0017873083341080065,0.013168299570679665
mlp,y_XLRE,0,2024-09-23,0.0,-0.01120535284280777
mlp,y_XLRE,1,2024-09-23,0.0,0.011361389420926571
mlp,y_XLRE,2,2024-09-23,0.0,-0.002482013776898384
mlp,y_XLRE,0,2024-09-24,-0.004235409721677796,-0.008500901982188225
mlp,y_XLRE,1,2024-09-24,-0.004235409721677796,0.00453466922044754
mlp,y_XLRE,2,2024-09-24,-0.004235409721677796,-0.004345031455159187
mlp,y_XLRE,0,2024-09-25,-0.009849923404068428,0.013790657743811607
mlp,y_XLRE,1,2024-09-25,-0.009849923404068428,0.011866338551044464
mlp,y_XLRE,2,2024-09-25,-0.009849923404068428,-0.007504209876060486
mlp,y_XLRE,0,2024-09-26,0.0013565249227525111,-0.01655694842338562
mlp,y_XLRE,1,2024-09-26,0.0013565249227525111,-0.005071673542261124
mlp,y_XLRE,2,2024-09-26,0.0013565249227525111,0.008656727150082588
mlp,y_XLRE,0,2024-09-30,-0.006044279296883559,-0.01022261381149292
mlp,y_XLRE,1,2024-09-30,-0.006044279296883559,-0.00966418907046318
mlp,y_XLRE,2,2024-09-30,-0.006044279296883559,0.015938015654683113
mlp,y_XLRE,0,2024-10-01,-0.0036034896555304785,-0.0007290467619895935
mlp,y_XLRE,1,2024-10-01,-0.0036034896555304785,0.0024621151387691498
mlp,y_XLRE,2,2024-10-01,-0.0036034896555304785,-0.035854436457157135
mlp,y_XLRE,0,2024-10-02,-0.009719909342633115,0.025093816220760345
mlp,y_XLRE,1,2024-10-02,-0.009719909342633115,-0.027778517454862595
mlp,y_XLRE,2,2024-10-02,-0.009719909342633115,0.09821704775094986
mlp,y_XLRE,0,2024-10-03,-0.006619409706482893,-0.00922248512506485
mlp,y_XLRE,1,2024-10-03,-0.006619409706482893,-0.015251796692609787
mlp,y_XLRE,2,2024-10-03,-0.006619409706482893,0.0009934138506650925
mlp,y_XLRE,1,2024-10-07,0.003009198584486672,0.023234672844409943
mlp,y_XLRE,2,2024-10-07,0.003009198584486672,-0.028448252007365227
mlp,y_XLRE,3,2024-10-07,0.003009198584486672,0.004945183172821999
mlp,y_XLRE,1,2024-10-08,0.00046144431610684045,0.0007901713252067566
mlp,y_XLRE,2,2024-10-08,0.00046144431610684045,0.04807399958372116
mlp,y_XLRE,3,2024-10-08,0.00046144431610684045,0.01644718088209629
mlp,y_XLRE,1,2024-10-09,-0.00830437487216762,0.008839292451739311
mlp,y_XLRE,2,2024-10-09,-0.00830437487216762,-0.0026787202805280685
mlp,y_XLRE,3,2024-10-09,-0.00830437487216762,-0.006304299458861351
mlp,y_XLRE,1,2024-10-10,0.010234939631047935,0.006370667368173599
mlp,y_XLRE,2,2024-10-10,0.010234939631047935,-0.015248524025082588
mlp,y_XLRE,3,2024-10-10,0.010234939631047935,-0.020840726792812347
mlp,y_XLRE,1,2024-10-14,0.012577249386013456,0.01789805293083191
mlp,y_XLRE,2,2024-10-14,0.012577249386013456,-0.02409631758928299
mlp,y_XLRE,3,2024-10-14,0.012577249386013456,-0.017680566757917404
mlp,y_XLRE,1,2024-10-15,0.0099369477296678,0.0010675452649593353
mlp,y_XLRE,2,2024-10-15,0.0099369477296678,0.03211567550897598
mlp,y_XLRE,3,2024-10-15,0.0099369477296678,0.013661036267876625
mlp,y_XLRE,1,2024-10-16,-0.006484978575605815,0.00620703399181366
mlp,y_XLRE,2,2024-10-16,-0.006484978575605815,0.0015279408544301987
mlp,y_XLRE,3,2024-10-16,-0.006484978575605815,-0.012231560423970222
mlp,y_XLRE,1,2024-10-17,0.006977417674102204,0.030180849134922028
mlp,y_XLRE,2,2024-10-17,0.006977417674102204,-0.04082874208688736
mlp,y_XLRE,3,2024-10-17,0.006977417674102204,0.004646023735404015
mlp,y_XLRE,1,2024-10-21,0.0015974049769313936,-0.016098935157060623
mlp,y_XLRE,2,2024-10-21,0.0015974049769313936,0.008461197838187218
mlp,y_XLRE,3,2024-10-21,0.0015974049769313936,0.04444785416126251
mlp,y_XLRE,1,2024-10-22,0.009797331344744586,-0.022479984909296036
mlp,y_XLRE,2,2024-10-22,0.009797331344744586,-0.014348020777106285
mlp,y_XLRE,3,2024-10-22,0.009797331344744586,-0.005168069154024124
mlp,y_XLRE,1,2024-10-23,0.002256223716312178,-0.012847792357206345
mlp,y_XLRE,2,2024-10-23,0.002256223716312178,-0.04220883548259735
mlp,y_XLRE,3,2024-10-23,0.002256223716312178,0.003047579899430275
mlp,y_XLRE,1,2024-10-24,-0.007879230683376925,0.016342509537935257
mlp,y_XLRE,2,2024-10-24,-0.007879230683376925,0.012769253924489021
mlp,y_XLRE,3,2024-10-24,-0.007879230683376925,0.05884832143783569
mlp,y_XLRE,2,2024-10-28,-0.00904771222919809,0.06511896848678589
mlp,y_XLRE,3,2024-10-28,-0.00904771222919809,0.17758449912071228
mlp,y_XLRE,4,2024-10-28,-0.00904771222919809,-0.11471645534038544
mlp,y_XLRE,2,2024-10-29,0.0036521100893376346,-0.02089948020875454
mlp,y_XLRE,3,2024-10-29,0.0036521100893376346,0.0462639182806015
mlp,y_XLRE,4,2024-10-29,0.0036521100893376346,-0.07881556451320648
mlp,y_XLRE,2,2024-10-30,-0.017511785007786496,-0.007300315424799919
mlp,y_XLRE,3,2024-10-30,-0.017511785007786496,-0.0120785441249609
mlp,y_XLRE,4,2024-10-30,-0.017511785007786496,0.0025841370224952698
mlp,y_XLRE,2,2024-10-31,-0.010648111003817462,-0.03656935691833496
mlp,y_XLRE,3,2024-10-31,-0.010648111003817462,0.017423542216420174
mlp,y_XLRE,4,2024-10-31,-0.010648111003817462,-0.0345686636865139
mlp,y_XLRE,2,2024-11-04,0.013650990200659185,-0.014417028054594994
mlp,y_XLRE,3,2024-11-04,0.013650990200659185,-0.0018725525587797165
mlp,y_XLRE,4,2024-11-04,0.013650990200659185,-0.009079378098249435
mlp,y_XLRE,2,2024-11-05,-0.02670615175935387,0.004501359537243843
mlp,y_XLRE,3,2024-11-05,-0.02670615175935387,-0.028957726433873177
mlp,y_XLRE,4,2024-11-05,-0.02670615175935387,-0.013491533696651459
mlp,y_XLRE,2,2024-11-06,0.012429566243393086,0.00658847950398922
mlp,y_XLRE,3,2024-11-06,0.012429566243393086,-0.007305258885025978
mlp,y_XLRE,4,2024-11-06,0.012429566243393086,-0.017641257494688034
mlp,y_XLRE,2,2024-11-07,0.01714143168631499,-0.023220131173729897
mlp,y_XLRE,3,2024-11-07,0.01714143168631499,0.006214061751961708
mlp,y_XLRE,4,2024-11-07,0.01714143168631499,0.020977437496185303
mlp,y_XLRE,2,2024-11-11,-0.012634760995171357,0.017341965809464455
mlp,y_XLRE,3,2024-11-11,-0.012634760995171357,-0.018566299229860306
mlp,y_XLRE,4,2024-11-11,-0.012634760995171357,-0.027159374207258224
mlp,y_XLRE,2,2024-11-12,0.007910567638257815,0.0046419743448495865
mlp,y_XLRE,3,2024-11-12,0.007910567638257815,-0.018759526312351227
mlp,y_XLRE,4,2024-11-12,0.007910567638257815,-0.006986938416957855
mlp,y_XLRE,2,2024-11-13,-0.009002865150647632,-0.0146155571565032
mlp,y_XLRE,3,2024-11-13,-0.009002865150647632,-0.005313649773597717
mlp,y_XLRE,4,2024-11-13,-0.009002865150647632,-0.0037706121802330017
mlp,y_XLRE,2,2024-11-14,0.001164870630887327,0.19823288917541504
mlp,y_XLRE,3,2024-11-14,0.001164870630887327,0.009649081155657768
mlp,y_XLRE,4,2024-11-14,0.001164870630887327,-0.1635095179080963
mlp,y_XLRE,3,2024-11-18,0.004151413495998568,-0.014374010264873505
mlp,y_XLRE,4,2024-11-18,0.004151413495998568,-0.0500323511660099
mlp,y_XLRE,5,2024-11-18,0.004151413495998568,-0.03976410627365112
mlp,y_XLRE,3,2024-11-19,-0.0016077691774405434,-0.0055154357105493546
mlp,y_XLRE,4,2024-11-19,-0.0016077691774405434,-0.02704092487692833
mlp,y_XLRE,5,2024-11-19,-0.0016077691774405434,0.08020895719528198
mlp,y_XLRE,3,2024-11-20,0.006671274506214742,0.0073484014719724655
mlp,y_XLRE,4,2024-11-20,0.006671274506214742,0.024869348853826523
mlp,y_XLRE,5,2024-11-20,0.006671274506214742,0.07382160425186157
mlp,y_XLRE,3,2024-11-21,0.0075411569912882115,-0.0066220685839653015
mlp,y_XLRE,4,2024-11-21,0.0075411569912882115,-0.008079629391431808
mlp,y_XLRE,5,2024-11-21,0.0075411569912882115,0.04704428091645241
mlp,y_XLRE,3,2024-11-25,0.004923859077899939,-0.0206036027520895
mlp,y_XLRE,4,2024-11-25,0.004923859077899939,0.006372366100549698
mlp,y_XLRE,5,2024-11-25,0.004923859077899939,0.010456077754497528
mlp,y_XLRE,3,2024-11-26,0.0069041133759135676,-0.005841590464115143
mlp,y_XLRE,4,2024-11-26,0.0069041133759135676,0.009261853992938995
mlp,y_XLRE,5,2024-11-26,0.0069041133759135676,-0.023686569184064865
mlp,y_XLRE,3,2024-12-02,-0.005866487639860751,-0.03464360535144806
mlp,y_XLRE,4,2024-12-02,-0.005866487639860751,0.01781248301267624
mlp,y_XLRE,5,2024-12-02,-0.005866487639860751,0.04825359210371971
mlp,y_XLRE,3,2024-12-03,-0.0027236084630203328,-0.05180159956216812
mlp,y_XLRE,4,2024-12-03,-0.0027236084630203328,0.01608678698539734
mlp,y_XLRE,5,2024-12-03,-0.0027236084630203328,-0.02171826735138893
mlp,y_XLRE,3,2024-12-04,-0.0025033914559364767,0.0013142284005880356
mlp,y_XLRE,4,2024-12-04,-0.0025033914559364767,-0.0072729699313640594
mlp,y_XLRE,5,2024-12-04,-0.0025033914559364767,0.015336461365222931
mlp,y_XLRE,3,2024-12-05,-0.0013689049015583876,-0.03359433636069298
mlp,y_XLRE,4,2024-12-05,-0.0013689049015583876,0.013184737414121628
mlp,y_XLRE,5,2024-12-05,-0.0013689049015583876,0.047445688396692276
mlp,y_XLRE,4,2024-12-09,-0.016188005036830044,-0.006621669977903366
mlp,y_XLRE,5,2024-12-09,-0.016188005036830044,0.009480681270360947
mlp,y_XLRE,6,2024-12-09,-0.016188005036830044,0.0070505160838365555
mlp,y_XLRE,4,2024-12-10,-0.0025491316517703977,0.015626996755599976
mlp,y_XLRE,5,2024-12-10,-0.0025491316517703977,-0.01883659139275551
mlp,y_XLRE,6,2024-12-10,-0.0025491316517703977,0.0019103176891803741
mlp,y_XLRE,4,2024-12-11,-0.0006971545197631546,0.0029872730374336243
mlp,y_XLRE,5,2024-12-11,-0.0006971545197631546,0.00376785546541214
mlp,y_XLRE,6,2024-12-11,-0.0006971545197631546,0.007394855841994286
mlp,y_XLRE,4,2024-12-12,-0.0041849179555588645,-0.028142716735601425
mlp,y_XLRE,5,2024-12-12,-0.0041849179555588645,0.012187682092189789
mlp,y_XLRE,6,2024-12-12,-0.0041849179555588645,0.013182955794036388
mlp,y_XLRE,4,2024-12-16,-0.004459058046101916,-0.0033818036317825317
mlp,y_XLRE,5,2024-12-16,-0.004459058046101916,0.031540390104055405
mlp,y_XLRE,6,2024-12-16,-0.004459058046101916,0.018422633409500122
mlp,y_XLRE,4,2024-12-17,-0.0391325854837371,0.018653040751814842
mlp,y_XLRE,5,2024-12-17,-0.0391325854837371,-0.023319577798247337
mlp,y_XLRE,6,2024-12-17,-0.0391325854837371,0.014187276363372803
mlp,y_XLRE,4,2024-12-18,-0.017173573619649884,0.016584154218435287
mlp,y_XLRE,5,2024-12-18,-0.017173573619649884,-0.009612549096345901
mlp,y_XLRE,6,2024-12-18,-0.017173573619649884,0.014766586944460869
mlp,y_XLRE,4,2024-12-19,0.018222474405012123,0.04239340126514435
mlp,y_XLRE,5,2024-12-19,0.018222474405012123,0.01766495779156685
mlp,y_XLRE,6,2024-12-19,0.018222474405012123,0.0170745849609375
mlp,y_XLRE,4,2024-12-23,0.0066600379714245594,0.009899590164422989
mlp,y_XLRE,5,2024-12-23,0.0066600379714245594,-0.03292020410299301
mlp,y_XLRE,6,2024-12-23,0.0066600379714245594,0.027661163359880447
mlp,y_XLRE,4,2024-12-26,-0.008074331702703108,-0.028495419770479202
mlp,y_XLRE,5,2024-12-26,-0.008074331702703108,0.03198100998997688
mlp,y_XLRE,6,2024-12-26,-0.008074331702703108,-0.007462287321686745
mlp,y_XLRE,5,2024-12-30,0.007930573425063425,0.02801426127552986
mlp,y_XLRE,6,2024-12-30,0.007930573425063425,0.0008047726005315781
mlp,y_XLRE,7,2024-12-30,0.007930573425063425,-0.010628562420606613
mlp,y_XLRE,5,2025-01-02,0.013651010366145133,0.020312417298555374
mlp,y_XLRE,6,2025-01-02,0.013651010366145133,0.002361232414841652
mlp,y_XLRE,7,2025-01-02,0.013651010366145133,-0.00018801912665367126
mlp,y_XLRE,5,2025-01-06,-0.007447862999682586,0.0019285604357719421
mlp,y_XLRE,6,2025-01-06,-0.007447862999682586,-0.024365035817027092
mlp,y_XLRE,7,2025-01-06,-0.007447862999682586,-0.009918801486492157
mlp,y_XLRE,5,2025-01-07,0.0042521413940403985,-0.013952115550637245
mlp,y_XLRE,6,2025-01-07,0.0042521413940403985,0.01462865062057972
mlp,y_XLRE,7,2025-01-07,0.0042521413940403985,-0.0055537149310112
mlp,y_XLRE,5,2025-01-13,0.008568379517157387,0.005080904811620712
mlp,y_XLRE,6,2025-01-13,0.008568379517157387,-0.0066982414573431015
mlp,y_XLRE,7,2025-01-13,0.008568379517157387,-0.06274605542421341
mlp,y_XLRE,5,2025-01-14,0.004247891658006875,-0.009942237287759781
mlp,y_XLRE,6,2025-01-14,0.004247891658006875,0.012331283651292324
mlp,y_XLRE,7,2025-01-14,0.004247891658006875,0.018166886642575264
mlp,y_XLRE,5,2025-01-15,0.022393723677732957,0.13014401495456696
mlp,y_XLRE,6,2025-01-15,0.022393723677732957,-0.07022137939929962
mlp,y_XLRE,7,2025-01-15,0.022393723677732957,-0.024777330458164215
mlp,y_XLRE,5,2025-01-16,-0.0002432561015218715,-0.04371465742588043
mlp,y_XLRE,6,2025-01-16,-0.0002432561015218715,-0.0017764698714017868
mlp,y_XLRE,7,2025-01-16,-0.0002432561015218715,0.023645635694265366
mlp,y_XLRE,6,2025-01-21,-0.017451569380916965,0.00996793806552887
mlp,y_XLRE,7,2025-01-21,-0.017451569380916965,0.004794497042894363
mlp,y_XLRE,8,2025-01-21,-0.017451569380916965,-0.013572053983807564
mlp,y_XLRE,6,2025-01-22,0.008029146761899586,-0.007459601387381554
mlp,y_XLRE,7,2025-01-22,0.008029146761899586,-0.043655991554260254
mlp,y_XLRE,8,2025-01-22,0.008029146761899586,0.00323641300201416
mlp,y_XLRE,6,2025-01-23,0.0028965464034622634,-0.0152843426913023
mlp,y_XLRE,7,2025-01-23,0.0028965464034622634,-0.04974566400051117
mlp,y_XLRE,8,2025-01-23,0.0028965464034622634,0.007884353399276733
mlp,y_XLRE,6,2025-01-27,-0.012154569667349957,0.03210779279470444
mlp,y_XLRE,7,2025-01-27,-0.012154569667349957,-0.032533712685108185
mlp,y_XLRE,8,2025-01-27,-0.012154569667349957,-0.031391046941280365
mlp,y_XLRE,6,2025-01-28,-0.011580214740440464,0.0043852198868989944
mlp,y_XLRE,7,2025-01-28,-0.011580214740440464,-0.0006121434271335602
mlp,y_XLRE,8,2025-01-28,-0.011580214740440464,0.015169747173786163
mlp,y_XLRE,6,2025-01-29,0.013180373134249246,-0.0033107250928878784
mlp,y_XLRE,7,2025-01-29,0.013180373134249246,-0.00921303778886795
mlp,y_XLRE,8,2025-01-29,0.013180373134249246,-0.011606812477111816
mlp,y_XLRE,6,2025-01-30,-0.0021681042743414425,-0.04467634856700897
mlp,y_XLRE,7,2025-01-30,-0.0021681042743414425,-0.00877300649881363
mlp,y_XLRE,8,2025-01-30,-0.0021681042743414425,-0.11489054560661316
mlp,y_XLRE,6,2025-02-03,0.0,0.03222329914569855
mlp,y_XLRE,7,2025-02-03,0.0,-0.06687759608030319
mlp,y_XLRE,8,2025-02-03,0.0,-0.006497971713542938
mlp,y_XLRE,6,2025-02-04,0.0157195765423479,-0.03280884772539139
mlp,y_XLRE,7,2025-02-04,0.0157195765423479,0.03394148498773575
mlp,y_XLRE,8,2025-02-04,0.0157195765423479,0.06792114675045013
mlp,y_XLRE,6,2025-02-05,0.0028571420518224144,-0.03922048956155777
mlp,y_XLRE,7,2025-02-05,0.0028571420518224144,0.04016022011637688
mlp,y_XLRE,8,2025-02-05,0.0028571420518224144,-0.008139822632074356
mlp,y_XLRE,6,2025-02-06,-0.0035612994035083556,-0.03284011781215668
mlp,y_XLRE,7,2025-02-06,-0.0035612994035083556,-0.18333595991134644
mlp,y_XLRE,8,2025-02-06,-0.0035612994035083556,0.07794016599655151
mlp,y_XLRE,7,2025-02-10,0.0054722960669337795,0.0283367820084095
mlp,y_XLRE,8,2025-02-10,0.0054722960669337795,0.0012533031404018402
mlp,y_XLRE,9,2025-02-10,0.0054722960669337795,0.02234431728720665
mlp,y_XLRE,7,2025-02-11,-0.008518598303115299,0.017499197274446487
mlp,y_XLRE,8,2025-02-11,-0.008518598303115299,0.019368037581443787
mlp,y_XLRE,9,2025-02-11,-0.008518598303115299,-0.03670720010995865
mlp,y_XLRE,7,2025-02-12,0.007875751000973708,0.03247978165745735
mlp,y_XLRE,8,2025-02-12,0.007875751000973708,0.03187771141529083
mlp,y_XLRE,9,2025-02-12,0.007875751000973708,-0.0028089433908462524
mlp,y_XLRE,7,2025-02-13,-0.004025495552705816,0.006578810513019562
mlp,y_XLRE,8,2025-02-13,-0.004025495552705816,0.04300832375884056
mlp,y_XLRE,9,2025-02-13,-0.004025495552705816,0.0007864236831665039
mlp,y_XLRE,7,2025-02-18,0.001895253872215008,-0.06454714387655258
mlp,y_XLRE,8,2025-02-18,0.001895253872215008,-0.057667072862386703
mlp,y_XLRE,9,2025-02-18,0.001895253872215008,-0.09662731736898422
mlp,y_XLRE,7,2025-02-19,0.006857613884790448,-0.010290537029504776
mlp,y_XLRE,8,2025-02-19,0.006857613884790448,0.002344053238630295
mlp,y_XLRE,9,2025-02-19,0.006857613884790448,-0.06947609037160873
mlp,y_XLRE,7,2025-02-20,-0.008220019005631629,0.002802908420562744
mlp,y_XLRE,8,2025-02-20,-0.008220019005631629,-0.004535222426056862
mlp,y_XLRE,9,2025-02-20,-0.008220019005631629,-0.027554579079151154
mlp,y_XLRE,7,2025-02-24,0.010608154205168363,-0.03178185969591141
mlp,y_XLRE,8,2025-02-24,0.010608154205168363,0.022639106959104538
mlp,y_XLRE,9,2025-02-24,0.010608154205168363,-0.010671772062778473
mlp,y_XLRE,7,2025-02-25,-0.004898483289955902,0.0011102855205535889
mlp,y_XLRE,8,2025-02-25,-0.004898483289955902,-0.01756526157259941
mlp,y_XLRE,9,2025-02-25,-0.004898483289955902,0.03312353789806366
mlp,y_XLRE,7,2025-02-26,0.004453711756381651,0.000864371657371521
mlp,y_XLRE,8,2025-02-26,0.004453711756381651,-0.012669254094362259
mlp,y_XLRE,9,2025-02-26,0.004453711756381651,0.028789520263671875
mlp,y_XLRE,7,2025-02-27,0.00700125776942917,-0.0017614960670471191
mlp,y_XLRE,8,2025-02-27,0.00700125776942917,0.03466583415865898
mlp,y_XLRE,9,2025-02-27,0.00700125776942917,0.050602324306964874
mlp,y_XLRE,8,2025-03-03,-0.011489027216905146,0.011410992592573166
mlp,y_XLRE,9,2025-03-03,-0.011489027216905146,0.0006047971546649933
mlp,y_XLRE,10,2025-03-03,-0.011489027216905146,0.016290806233882904
mlp,y_XLRE,8,2025-03-04,0.009297937220257513,0.008678046986460686
mlp,y_XLRE,9,2025-03-04,0.009297937220257513,0.023490145802497864
mlp,y_XLRE,10,2025-03-04,0.009297937220257513,-0.007292707450687885
mlp,y_XLRE,8,2025-03-05,-0.027406734346636652,0.05233171209692955
mlp,y_XLRE,9,2025-03-05,-0.027406734346636652,-0.02864774316549301
mlp,y_XLRE,10,2025-03-05,-0.027406734346636652,-0.012527281418442726
mlp,y_XLRE,8,2025-03-06,0.005683162477148729,0.024008270353078842
mlp,y_XLRE,9,2025-03-06,0.005683162477148729,0.024240661412477493
mlp,y_XLRE,10,2025-03-06,0.005683162477148729,0.040073417127132416
mlp,y_XLRE,8,2025-03-10,-0.010461305441522573,0.03369281813502312
mlp,y_XLRE,9,2025-03-10,-0.010461305441522573,0.0018058717250823975
mlp,y_XLRE,10,2025-03-10,-0.010461305441522573,0.01861684024333954
mlp,y_XLRE,8,2025-03-11,-0.003604083129519431,0.013261713087558746
mlp,y_XLRE,9,2025-03-11,-0.003604083129519431,-0.06579951196908951
mlp,y_XLRE,10,2025-03-11,-0.003604083129519431,0.06144069880247116
mlp,y_XLRE,8,2025-03-12,-0.019532140961183386,0.007760100066661835
mlp,y_XLRE,9,2025-03-12,-0.019532140961183386,0.0030633434653282166
mlp,y_XLRE,10,2025-03-12,-0.019532140961183386,-0.007872836664319038
mlp,y_XLRE,8,2025-03-13,0.019429394083263718,-0.015823282301425934
mlp,y_XLRE,9,2025-03-13,0.019429394083263718,0.011060960590839386
mlp,y_XLRE,10,2025-03-13,0.019429394083263718,0.032171234488487244
mlp,y_XLRE,8,2025-03-17,-0.006164118857690859,0.009641654789447784
mlp,y_XLRE,9,2025-03-17,-0.006164118857690859,-0.0363193079829216
mlp,y_XLRE,10,2025-03-17,-0.006164118857690859,0.01278223842382431
mlp,y_XLRE,8,2025-03-18,0.001192669272904734,-0.004188268445432186
mlp,y_XLRE,9,2025-03-18,0.001192669272904734,-0.0652599111199379
mlp,y_XLRE,10,2025-03-18,0.001192669272904734,-0.013881240040063858
mlp,y_XLRE,8,2025-03-19,-0.0011912485074135892,0.022175133228302002
mlp,y_XLRE,9,2025-03-19,-0.0011912485074135892,-0.023437343537807465
mlp,y_XLRE,10,2025-03-19,-0.0011912485074135892,0.007302071899175644
mlp,y_XLRE,8,2025-03-20,-0.00978064110444754,-0.010821996256709099
mlp,y_XLRE,9,2025-03-20,-0.00978064110444754,0.02542002499103546
mlp,y_XLRE,10,2025-03-20,-0.00978064110444754,-0.016952885314822197
mlp,y_XLRE,9,2025-03-24,-0.011955966221130154,0.008701592683792114
mlp,y_XLRE,10,2025-03-24,-0.011955966221130154,-0.033621419221162796
mlp,y_XLRE,11,2025-03-24,-0.011955966221130154,0.0017630551010370255
mlp,y_XLRE,9,2025-03-25,0.005082176257391602,-0.03590105473995209
mlp,y_XLRE,10,2025-03-25,0.005082176257391602,0.11074284464120865
mlp,y_XLRE,11,2025-03-25,0.005082176257391602,0.04704991728067398
mlp,y_XLRE,9,2025-03-26,-0.002407815359091736,-0.006320275366306305
mlp,y_XLRE,10,2025-03-26,-0.002407815359091736,0.004746273159980774
mlp,y_XLRE,11,2025-03-26,-0.002407815359091736,-0.006234059110283852
mlp,y_XLRE,9,2025-03-27,-0.0004827632417764294,-0.10984423011541367
mlp,y_XLRE,10,2025-03-27,-0.0004827632417764294,0.0352984182536602
mlp,y_XLRE,11,2025-03-27,-0.0004827632417764294,-0.002681134268641472
mlp,y_XLRE,9,2025-03-31,0.0007170180817288596,0.009451910853385925
mlp,y_XLRE,10,2025-03-31,0.0007170180817288596,-0.005447018891572952
mlp,y_XLRE,11,2025-03-31,0.0007170180817288596,0.002925567328929901
mlp,y_XLRE,9,2025-04-01,0.00477557207998025,-0.07228242605924606
mlp,y_XLRE,10,2025-04-01,0.00477557207998025,0.10657939314842224
mlp,y_XLRE,11,2025-04-01,0.00477557207998025,-0.014671387150883675
mlp,y_XLRE,9,2025-04-02,-0.02994307135871377,-0.040221817791461945
mlp,y_XLRE,10,2025-04-02,-0.02994307135871377,0.05718252807855606
mlp,y_XLRE,11,2025-04-02,-0.02994307135871377,0.043249182403087616
mlp,y_XLRE,9,2025-04-03,-0.045565890880155724,0.012591302394866943
mlp,y_XLRE,10,2025-04-03,-0.045565890880155724,-0.024638168513774872
mlp,y_XLRE,11,2025-04-03,-0.045565890880155724,-0.003142384812235832
mlp,y_XLRE,9,2025-04-07,-0.024723783884906148,0.022648431360721588
mlp,y_XLRE,10,2025-04-07,-0.024723783884906148,-0.006484504789113998
mlp,y_XLRE,11,2025-04-07,-0.024723783884906148,-0.03614760935306549
mlp,y_XLRE,9,2025-04-08,0.05744319612961535,-0.018272146582603455
mlp,y_XLRE,10,2025-04-08,0.05744319612961535,0.014480538666248322
mlp,y_XLRE,11,2025-04-08,0.05744319612961535,-0.0017116069793701172
mlp,y_XLRE,9,2025-04-09,-0.021167953941117812,-0.020245663821697235
mlp,y_XLRE,10,2025-04-09,-0.021167953941117812,0.0012958226725459099
mlp,y_XLRE,11,2025-04-09,-0.021167953941117812,0.0064007434993982315
mlp,y_XLRE,9,2025-04-10,0.014069732421722492,0.02141808345913887
mlp,y_XLRE,10,2025-04-10,0.014069732421722492,-0.022024719044566154
mlp,y_XLRE,11,2025-04-10,0.014069732421722492,0.04480201005935669
mlp,y_XLRE,10,2025-04-14,0.0015083620802327502,-0.030207395553588867
mlp,y_XLRE,11,2025-04-14,0.0015083620802327502,0.00647258386015892
mlp,y_XLRE,12,2025-04-14,0.0015083620802327502,0.015676263719797134
mlp,y_XLRE,10,2025-04-15,-0.0005020301168860986,-0.04602596163749695
mlp,y_XLRE,11,2025-04-15,-0.0005020301168860986,-0.022680843248963356
mlp,y_XLRE,12,2025-04-15,-0.0005020301168860986,0.02126331254839897
mlp,y_XLRE,10,2025-04-16,0.015821153242472796,0.02867094799876213
mlp,y_XLRE,11,2025-04-16,0.015821153242472796,-0.010950068011879921
mlp,y_XLRE,12,2025-04-16,0.015821153242472796,-0.034346796572208405
mlp,y_XLRE,10,2025-04-21,0.020449342883177124,-0.009472961537539959
mlp,y_XLRE,11,2025-04-21,0.020449342883177124,0.008625062182545662
mlp,y_XLRE,12,2025-04-21,0.020449342883177124,-0.012375107035040855
mlp,y_XLRE,10,2025-04-22,0.0012371144821259339,-0.008042387664318085
mlp,y_XLRE,11,2025-04-22,0.0012371144821259339,-0.008610991761088371
mlp,y_XLRE,12,2025-04-22,0.0012371144821259339,0.03173571452498436
mlp,y_XLRE,10,2025-04-23,0.0029650961752449856,0.02856607735157013
mlp,y_XLRE,11,2025-04-23,0.0029650961752449856,0.029545139521360397
mlp,y_XLRE,12,2025-04-23,0.0029650961752449856,0.021299462765455246
mlp,y_XLRE,10,2025-04-24,-0.0014781651856837774,-0.0019320305436849594
mlp,y_XLRE,11,2025-04-24,-0.0014781651856837774,-0.017194507643580437
mlp,y_XLRE,12,2025-04-24,-0.0014781651856837774,-2.057477831840515e-05
mlp,y_XLRE,10,2025-04-28,0.008092125739184608,-0.0029172012582421303
mlp,y_XLRE,11,2025-04-28,0.008092125739184608,0.0029046759009361267
mlp,y_XLRE,12,2025-04-28,0.008092125739184608,-0.010194476693868637
mlp,y_XLRE,10,2025-04-29,0.0046218073424149075,-0.01328500360250473
mlp,y_XLRE,11,2025-04-29,0.0046218073424149075,0.005781691521406174
mlp,y_XLRE,12,2025-04-29,0.0046218073424149075,-0.0014247074723243713
mlp,y_XLRE,10,2025-04-30,0.0029055071246348874,0.026170048862695694
mlp,y_XLRE,11,2025-04-30,0.0029055071246348874,0.00826696865260601
mlp,y_XLRE,12,2025-04-30,0.0029055071246348874,0.012059267610311508
mlp,y_XLRE,10,2025-05-01,0.012312914834331057,0.054112426936626434
mlp,y_XLRE,11,2025-05-01,0.012312914834331057,-0.27592581510543823
mlp,y_XLRE,12,2025-05-01,0.012312914834331057,0.06286966800689697
mlp,y_XLRE,11,2025-05-05,-0.006924616965564123,0.0013172365725040436
mlp,y_XLRE,12,2025-05-05,-0.006924616965564123,0.015423420816659927
mlp,y_XLRE,13,2025-05-05,-0.006924616965564123,-0.04527474194765091
mlp,y_XLRE,11,2025-05-06,-0.0007212176189789199,-0.07666419446468353
mlp,y_XLRE,12,2025-05-06,-0.0007212176189789199,0.1699220985174179
mlp,y_XLRE,13,2025-05-06,-0.0007212176189789199,0.038452450186014175
mlp,y_XLRE,11,2025-05-07,-0.004812342420504101,0.009821448475122452
mlp,y_XLRE,12,2025-05-07,-0.004812342420504101,0.01666838303208351
mlp,y_XLRE,13,2025-05-07,-0.004812342420504101,0.0008502397686243057
mlp,y_XLRE,11,2025-05-08,0.006044421506798514,-0.04815978556871414
mlp,y_XLRE,12,2025-05-08,0.006044421506798514,0.08166058361530304
mlp,y_XLRE,13,2025-05-08,0.006044421506798514,-2.1583400666713715e-05
mlp,y_XLRE,11,2025-05-12,-0.013445405048687409,0.01604236289858818
mlp,y_XLRE,12,2025-05-12,-0.013445405048687409,0.03084699437022209
mlp,y_XLRE,13,2025-05-12,-0.013445405048687409,0.0038860291242599487
mlp,y_XLRE,11,2025-05-13,-0.008517833268111064,0.019328095018863678
mlp,y_XLRE,12,2025-05-13,-0.008517833268111064,-0.0007342733442783356
mlp,y_XLRE,13,2025-05-13,-0.008517833268111064,0.004199896939098835
mlp,y_XLRE,11,2025-05-14,0.018409417263057337,0.004282818175852299
mlp,y_XLRE,12,2025-05-14,0.018409417263057337,0.0033089257776737213
mlp,y_XLRE,13,2025-05-14,0.018409417263057337,-0.025061529129743576
mlp,y_XLRE,11,2025-05-15,0.012532935836770287,-0.03960932791233063
mlp,y_XLRE,12,2025-05-15,0.012532935836770287,0.0059423670172691345
mlp,y_XLRE,13,2025-05-15,0.012532935836770287,0.012864712625741959
mlp,y_XLRE,11,2025-05-19,-0.0052256040067309995,-0.05546467751264572
mlp,y_XLRE,12,2025-05-19,-0.0052256040067309995,-0.03358229994773865
mlp,y_XLRE,13,2025-05-19,-0.0052256040067309995,0.014681250788271427
mlp,y_XLRE,11,2025-05-20,-0.02650429397031595,-0.01379760168492794
mlp,y_XLRE,12,2025-05-20,-0.02650429397031595,-0.005210820585489273
mlp,y_XLRE,13,2025-05-20,-0.02650429397031595,-0.005120842717587948
mlp,y_XLRE,11,2025-05-21,-0.0034339523891820933,-0.009858587756752968
mlp,y_XLRE,12,2025-05-21,-0.0034339523891820933,-0.008358333259820938
mlp,y_XLRE,13,2025-05-21,-0.0034339523891820933,0.006700595375150442
mlp,y_XLRE,11,2025-05-22,0.00024608614462628964,0.005769118666648865
mlp,y_XLRE,12,2025-05-22,0.00024608614462628964,0.022501666098833084
mlp,y_XLRE,13,2025-05-22,0.00024608614462628964,-0.010608873330056667
mlp,y_XLRE,12,2025-05-27,0.0,0.001983463764190674
mlp,y_XLRE,13,2025-05-27,0.0,-0.026821505278348923
mlp,y_XLRE,14,2025-05-27,0.0,-0.006761899683624506
mlp,y_XLRE,12,2025-05-28,0.009198672203549751,-0.0111272893846035
mlp,y_XLRE,13,2025-05-28,0.009198672203549751,-0.0014810925349593163
mlp,y_XLRE,14,2025-05-28,0.009198672203549751,0.002844726201146841
mlp,y_XLRE,12,2025-05-29,0.0009595050676858285,0.0058387406170368195
mlp,y_XLRE,13,2025-05-29,0.0009595050676858285,0.0010765297338366508
mlp,y_XLRE,14,2025-05-29,0.0009595050676858285,0.003924936056137085
mlp,y_XLRE,12,2025-06-02,-0.003589299000663182,-0.003660924732685089
mlp,y_XLRE,13,2025-06-02,-0.003589299000663182,-0.01017762254923582
mlp,y_XLRE,14,2025-06-02,-0.003589299000663182,-0.015778660774230957
mlp,y_XLRE,12,2025-06-03,0.003121899957767571,-0.030319903045892715
mlp,y_XLRE,13,2025-06-03,0.003121899957767571,-0.026846174150705338
mlp,y_XLRE,14,2025-06-03,0.003121899957767571,-0.053415801376104355
mlp,y_XLRE,12,2025-06-04,-0.00023946375888261873,0.07934139668941498
mlp,y_XLRE,13,2025-06-04,-0.00023946375888261873,0.007495916448533535
mlp,y_XLRE,14,2025-06-04,-0.00023946375888261873,-0.0106313806027174
mlp,y_XLRE,12,2025-06-05,0.0028736900279406896,-0.01061418280005455
mlp,y_XLRE,13,2025-06-05,0.0028736900279406896,-0.016933266073465347
mlp,y_XLRE,14,2025-06-05,0.0028736900279406896,0.024370867758989334
mlp,y_XLRE,12,2025-06-09,0.008838861052107516,0.03966297581791878
mlp,y_XLRE,13,2025-06-09,0.008838861052107516,0.023319251835346222
mlp,y_XLRE,14,2025-06-09,0.008838861052107516,-0.031629256904125214
mlp,y_XLRE,12,2025-06-10,-0.005446280628016775,0.009444665163755417
mlp,y_XLRE,13,2025-06-10,-0.005446280628016775,0.005655767396092415
mlp,y_XLRE,14,2025-06-10,-0.005446280628016775,0.0011017094366252422
mlp,y_XLRE,12,2025-06-11,0.005476105032773626,-0.009695339947938919
mlp,y_XLRE,13,2025-06-11,0.005476105032773626,-0.02816389873623848
mlp,y_XLRE,14,2025-06-11,0.005476105032773626,-0.04914364218711853
mlp,y_XLRE,12,2025-06-12,-0.008051039684554562,-0.0051658377051353455
mlp,y_XLRE,13,2025-06-12,-0.008051039684554562,-0.0182492695748806
mlp,y_XLRE,14,2025-06-12,-0.008051039684554562,-0.013669570907950401
mlp,y_XLRE,13,2025-07-02,0.00047879873972145326,-0.06347397714853287
mlp,y_XLRE,14,2025-07-02,0.00047879873972145326,-0.013080224394798279
mlp,y_XLRE,15,2025-07-02,0.00047879873972145326,-0.013736877590417862
mlp,y_XLRE,13,2025-07-07,-0.0014465036738722237,0.0071802278980612755
mlp,y_XLRE,14,2025-07-07,-0.0014465036738722237,0.0010963487438857555
mlp,y_XLRE,15,2025-07-07,-0.0014465036738722237,-0.006023142486810684
mlp,y_XLRE,13,2025-07-08,-0.00048277254414563764,0.020046953111886978
mlp,y_XLRE,14,2025-07-08,-0.00048277254414563764,0.015252713114023209
mlp,y_XLRE,15,2025-07-08,-0.00048277254414563764,-0.01736536994576454
mlp,y_XLRE,13,2025-07-09,0.005072404867300984,0.007541246712207794
mlp,y_XLRE,14,2025-07-09,0.005072404867300984,-0.007696530316025019
mlp,y_XLRE,15,2025-07-09,0.005072404867300984,0.0007361732423305511
mlp,y_XLRE,13,2025-07-10,-0.0009613229537100976,0.002077891491353512
mlp,y_XLRE,14,2025-07-10,-0.0009613229537100976,0.008849641308188438
mlp,y_XLRE,15,2025-07-10,-0.0009613229537100976,-0.004626136273145676
mlp,y_XLRE,13,2025-07-14,-0.012903064664720909,-0.018611986190080643
mlp,y_XLRE,14,2025-07-14,-0.012903064664720909,-0.004794575739651918
mlp,y_XLRE,15,2025-07-14,-0.012903064664720909,-0.016405673697590828
mlp,y_XLRE,13,2025-07-15,0.010893092691466988,-0.03182384744286537
mlp,y_XLRE,14,2025-07-15,0.010893092691466988,-0.012151379138231277
mlp,y_XLRE,15,2025-07-15,0.010893092691466988,-0.0013979189097881317
mlp,y_XLRE,13,2025-07-16,-0.0009577769525161983,-0.009936976246535778
mlp,y_XLRE,14,2025-07-16,-0.0009577769525161983,-0.04307842254638672
mlp,y_XLRE,15,2025-07-16,-0.0009577769525161983,-0.02304057590663433
mlp,y_XLRE,13,2025-07-17,0.0028762717869601495,0.030488483607769012
mlp,y_XLRE,14,2025-07-17,0.0028762717869601495,0.014243848621845245
mlp,y_XLRE,15,2025-07-17,0.0028762717869601495,-0.014169495552778244
mlp,y_XLRE,13,2025-07-21,0.01738100410379806,-0.012282620184123516
mlp,y_XLRE,14,2025-07-21,0.01738100410379806,0.008710039779543877
mlp,y_XLRE,15,2025-07-21,0.01738100410379806,0.008366651833057404
mlp,y_XLRE,13,2025-07-22,0.002808376969635651,0.0032520508393645287
mlp,y_XLRE,14,2025-07-22,0.002808376969635651,0.005271181929856539
mlp,y_XLRE,15,2025-07-22,0.002808376969635651,-0.004887156188488007
mlp,y_XLRE,13,2025-07-23,-0.0014002560380090845,-0.0036976346746087074
mlp,y_XLRE,14,2025-07-23,-0.0014002560380090845,-0.013947898522019386
mlp,y_XLRE,15,2025-07-23,-0.0014002560380090845,-0.014536119997501373
mlp,y_XLRE,14,2025-07-24,0.0,0.018353236839175224
mlp,y_XLRE,15,2025-07-24,0.0,-0.013152722269296646
mlp,y_XLRE,16,2025-07-24,0.0,0.001715056598186493
mlp,y_XLRE,14,2025-07-28,0.01664684173718123,0.021239854395389557
mlp,y_XLRE,15,2025-07-28,0.01664684173718123,0.014662902802228928
mlp,y_XLRE,16,2025-07-28,0.01664684173718123,-0.040638599544763565
mlp,y_XLRE,14,2025-07-29,-0.014035042749492965,-0.0005244072526693344
mlp,y_XLRE,15,2025-07-29,-0.014035042749492965,0.0037428028881549835
mlp,y_XLRE,16,2025-07-29,-0.014035042749492965,-0.021084602922201157
mlp,y_XLRE,14,2025-07-30,-0.017556353862179352,-0.0081268809735775
mlp,y_XLRE,15,2025-07-30,-0.017556353862179352,0.03575991466641426
mlp,y_XLRE,16,2025-07-30,-0.017556353862179352,-0.023061159998178482
mlp,y_XLRE,14,2025-07-31,-0.0028978976682347835,0.037130557000637054
mlp,y_XLRE,15,2025-07-31,-0.0028978976682347835,-0.030871765688061714
mlp,y_XLRE,16,2025-07-31,-0.0028978976682347835,-0.02160906419157982
mlp,y_XLRE,14,2025-08-04,0.003362113050911386,0.025685185566544533
mlp,y_XLRE,15,2025-08-04,0.003362113050911386,-0.003964997828006744
mlp,y_XLRE,16,2025-08-04,0.003362113050911386,-0.020344581454992294
mlp,y_XLRE,14,2025-08-05,-0.00837721081690801,-0.0033157896250486374
mlp,y_XLRE,15,2025-08-05,-0.00837721081690801,0.01840565726161003
mlp,y_XLRE,16,2025-08-05,-0.00837721081690801,-0.011795204132795334
mlp,y_XLRE,14,2025-08-06,0.0038619986405719064,0.014248592779040337
mlp,y_XLRE,15,2025-08-06,0.0038619986405719064,-0.035877712070941925
mlp,y_XLRE,16,2025-08-06,0.0038619986405719064,-0.012467671185731888
mlp,y_XLRE,14,2025-08-07,-0.008174987734762218,-0.0032414370216429234
mlp,y_XLRE,15,2025-08-07,-0.008174987734762218,-0.01558087021112442
mlp,y_XLRE,16,2025-08-07,-0.008174987734762218,-0.031110811978578568
mlp,y_XLRE,14,2025-08-11,0.0017069758698138315,0.004912873264402151
mlp,y_XLRE,15,2025-08-11,0.0017069758698138315,-0.005937088280916214
mlp,y_XLRE,16,2025-08-11,0.0017069758698138315,0.012728026136755943
mlp,y_XLRE,14,2025-08-12,0.006572411215646445,0.009751928970217705
mlp,y_XLRE,15,2025-08-12,0.006572411215646445,0.07704806327819824
mlp,y_XLRE,16,2025-08-12,0.006572411215646445,-0.00269993394613266
mlp,y_XLRE,15,2025-08-13,-0.007013180501649785,-0.0002208314836025238
mlp,y_XLRE,16,2025-08-13,-0.007013180501649785,0.008143417537212372
mlp,y_XLRE,17,2025-08-13,-0.007013180501649785,0.0034898966550827026
mlp,y_XLRE,15,2025-08-14,0.006575801912058976,0.016006797552108765
mlp,y_XLRE,16,2025-08-14,0.006575801912058976,-0.0015185363590717316
mlp,y_XLRE,17,2025-08-14,0.006575801912058976,0.018008530139923096
mlp,y_XLRE,15,2025-08-18,0.01783092935682351,0.0004711523652076721
mlp,y_XLRE,16,2025-08-18,0.01783092935682351,-0.017638936638832092
mlp,y_XLRE,17,2025-08-18,0.01783092935682351,-0.001952245831489563
mlp,y_XLRE,15,2025-08-19,0.003839755306053849,0.01903693750500679
mlp,y_XLRE,16,2025-08-19,0.003839755306053849,0.000868726521730423
mlp,y_XLRE,17,2025-08-19,0.003839755306053849,0.02084120362997055
mlp,y_XLRE,15,2025-08-20,-0.0035859547843819506,0.009081121534109116
mlp,y_XLRE,16,2025-08-20,-0.0035859547843819506,0.023601917549967766
mlp,y_XLRE,17,2025-08-20,-0.0035859547843819506,-0.004071321338415146
mlp,y_XLRE,15,2025-08-21,0.01583491000612125,-0.01275026798248291
mlp,y_XLRE,16,2025-08-21,0.01583491000612125,0.005050051957368851
mlp,y_XLRE,17,2025-08-21,0.01583491000612125,0.003827027976512909
mlp,y_XLRE,15,2025-08-25,-0.002848372714208902,0.005587384104728699
mlp,y_XLRE,16,2025-08-25,-0.002848372714208902,0.00012508779764175415
mlp,y_XLRE,17,2025-08-25,-0.002848372714208902,-0.0103280209004879
mlp,y_XLRE,15,2025-08-26,0.004284671177710031,-0.010822411626577377
mlp,y_XLRE,16,2025-08-26,0.004284671177710031,-0.019433196634054184
mlp,y_XLRE,17,2025-08-26,0.004284671177710031,0.008456200361251831
mlp,y_XLRE,15,2025-08-27,-0.002607157133094229,0.03711530938744545
mlp,y_XLRE,16,2025-08-27,-0.002607157133094229,-0.005498748272657394
mlp,y_XLRE,17,2025-08-27,-0.002607157133094229,-2.2608786821365356e-05
mlp,y_XLRE,15,2025-08-28,0.005465729279951148,0.023704778403043747
mlp,y_XLRE,16,2025-08-28,0.005465729279951148,0.017893511801958084
mlp,y_XLRE,17,2025-08-28,0.005465729279951148,0.004612162709236145
mlp,y_XLRE,15,2025-09-02,-0.0026448627129573854,0.04421134665608406
mlp,y_XLRE,16,2025-09-02,-0.0026448627129573854,0.019233660772442818
mlp,y_XLRE,17,2025-09-02,-0.0026448627129573854,-0.0059302449226379395
mlp,y_XLRE,16,2025-09-03,0.006750163119261687,0.0016462169587612152
mlp,y_XLRE,17,2025-09-03,0.006750163119261687,0.029169961810112
mlp,y_XLRE,18,2025-09-03,0.006750163119261687,0.009825967252254486
mlp,y_XLRE,16,2025-09-04,0.010057541988697682,0.0445411391556263
mlp,y_XLRE,17,2025-09-04,0.010057541988697682,-0.009400621056556702
mlp,y_XLRE,18,2025-09-04,0.010057541988697682,0.03056168556213379
mlp,y_XLRE,16,2025-09-08,-0.00047724197540710556,-0.014272522181272507
mlp,y_XLRE,17,2025-09-08,-0.00047724197540710556,0.002896249294281006
mlp,y_XLRE,18,2025-09-08,-0.00047724197540710556,-0.015852823853492737
mlp,y_XLRE,16,2025-09-09,-0.0004776554133723021,-0.04296174272894859
mlp,y_XLRE,17,2025-09-09,-0.0004776554133723021,-0.01676926016807556
mlp,y_XLRE,18,2025-09-09,-0.0004776554133723021,0.03543950617313385
mlp,y_XLRE,16,2025-09-10,0.016244610348428168,0.014735672622919083
mlp,y_XLRE,17,2025-09-10,0.016244610348428168,-0.009293407201766968
mlp,y_XLRE,18,2025-09-10,0.016244610348428168,0.01785198599100113
mlp,y_XLRE,16,2025-09-11,-0.004466411527536351,0.005635194480419159
mlp,y_XLRE,17,2025-09-11,-0.004466411527536351,0.003593526780605316
mlp,y_XLRE,18,2025-09-11,-0.004466411527536351,-0.03330281749367714
mlp,y_XLRE,16,2025-09-15,-0.00591012378777056,0.029255032539367676
mlp,y_XLRE,17,2025-09-15,-0.00591012378777056,-0.025857314467430115
mlp,y_XLRE,18,2025-09-15,-0.00591012378777056,0.031576789915561676
mlp,y_XLRE,16,2025-09-16,-0.00047563197045263905,-0.0038197487592697144
mlp,y_XLRE,17,2025-09-16,-0.00047563197045263905,-0.010152101516723633
mlp,y_XLRE,18,2025-09-16,-0.00047563197045263905,-0.02797122672200203
mlp,y_XLRE,16,2025-09-17,0.000713741229049436,0.03431322053074837
mlp,y_XLRE,17,2025-09-17,0.000713741229049436,-0.019370846450328827
mlp,y_XLRE,18,2025-09-17,0.000713741229049436,0.001316417008638382
mlp,y_XLRE,16,2025-09-18,-0.004992902323686321,0.018578700721263885
mlp,y_XLRE,17,2025-09-18,-0.004992902323686321,0.1258707344532013
mlp,y_XLRE,18,2025-09-18,-0.004992902323686321,0.11303966492414474
mlp,y_XLRE,16,2025-09-22,0.00791943101294823,-0.0070396848022937775
mlp,y_XLRE,17,2025-09-22,0.00791943101294823,-0.023938849568367004
mlp,y_XLRE,18,2025-09-22,0.00791943101294823,0.03205355256795883
mlp,y_XLRE,17,2025-09-23,-0.010238158571175271,-0.02604789286851883
mlp,y_XLRE,18,2025-09-23,-0.010238158571175271,-0.0035085491836071014
mlp,y_XLRE,19,2025-09-23,-0.010238158571175271,-0.05427757278084755
mlp,y_XLRE,17,2025-09-24,-0.002405488112315224,0.1816393882036209
mlp,y_XLRE,18,2025-09-24,-0.002405488112315224,0.18850168585777283
mlp,y_XLRE,19,2025-09-24,-0.002405488112315224,-0.01860201172530651
mlp,y_XLRE,17,2025-09-25,0.009886654564658315,0.015754885971546173
mlp,y_XLRE,18,2025-09-25,0.009886654564658315,0.0211489237844944
mlp,y_XLRE,19,2025-09-25,0.009886654564658315,-0.030930398032069206
mlp,y_XLRE,17,2025-09-29,0.004051505020656876,0.018180660903453827
mlp,y_XLRE,18,2025-09-29,0.004051505020656876,-0.010611578822135925
mlp,y_XLRE,19,2025-09-29,0.004051505020656876,0.038851771503686905
mlp,y_XLRE,17,2025-09-30,0.0,-0.03358151391148567
mlp,y_XLRE,18,2025-09-30,0.0,0.03752665966749191
mlp,y_XLRE,19,2025-09-30,0.0,0.03689888119697571
mlp,y_XLRE,17,2025-10-01,-0.005221913473201334,0.005560033023357391
mlp,y_XLRE,18,2025-10-01,-0.005221913473201334,-0.004543818533420563
mlp,y_XLRE,19,2025-10-01,-0.005221913473201334,0.02291467972099781
mlp,y_XLRE,17,2025-10-02,0.004056338411784655,0.08958995342254639
mlp,y_XLRE,18,2025-10-02,0.004056338411784655,0.03233744949102402
mlp,y_XLRE,19,2025-10-02,0.004056338411784655,0.014878595247864723
mlp,y_XLRE,17,2025-10-06,-0.0031204713939047,-0.0036331452429294586
mlp,y_XLRE,18,2025-10-06,-0.0031204713939047,-0.0009095706045627594
mlp,y_XLRE,19,2025-10-06,-0.0031204713939047,-0.0031664869748055935
mlp,y_XLRE,17,2025-10-07,-0.0050565759863016035,0.007359430193901062
mlp,y_XLRE,18,2025-10-07,-0.0050565759863016035,-0.009913820773363113
mlp,y_XLRE,19,2025-10-07,-0.0050565759863016035,-0.03132176026701927
mlp,y_XLRE,17,2025-10-08,-0.004598266492077729,-0.0005943402647972107
mlp,y_XLRE,18,2025-10-08,-0.004598266492077729,-0.016797740012407303
mlp,y_XLRE,19,2025-10-08,-0.004598266492077729,-0.005103609059005976
mlp,y_XLRE,17,2025-10-09,-0.010940871438642641,-0.009228847920894623
mlp,y_XLRE,18,2025-10-09,-0.010940871438642641,-0.027125757187604904
mlp,y_XLRE,19,2025-10-09,-0.010940871438642641,0.006971895229071379
mlp,y_XLRE,18,2025-10-13,0.00953303583876619,-0.005856771022081375
mlp,y_XLRE,19,2025-10-13,0.00953303583876619,-0.04226051643490791
mlp,y_XLRE,20,2025-10-13,0.00953303583876619,0.030767088755965233
mlp,y_XLRE,18,2025-10-14,0.014527938411334373,0.005573749542236328
mlp,y_XLRE,19,2025-10-14,0.014527938411334373,-0.040346112102270126
mlp,y_XLRE,20,2025-10-14,0.014527938411334373,0.007501179352402687
mlp,y_XLRE,18,2025-10-15,-0.0031026894392959248,0.016353361308574677
mlp,y_XLRE,19,2025-10-15,-0.0031026894392959248,-0.09592776745557785
mlp,y_XLRE,20,2025-10-15,-0.0031026894392959248,-0.0023146066814661026
mlp,y_XLRE,18,2025-10-16,0.0064639968742670195,0.004446782171726227
mlp,y_XLRE,19,2025-10-16,0.0064639968742670195,-0.0010918225161731243
mlp,y_XLRE,20,2025-10-16,0.0064639968742670195,-0.013936968520283699
mlp,y_XLRE,18,2025-10-20,-0.003060236363542246,0.019273068755865097
mlp,y_XLRE,19,2025-10-20,-0.003060236363542246,-0.026767821982502937
mlp,y_XLRE,20,2025-10-20,-0.003060236363542246,-0.0013443361967802048
mlp,y_XLRE,18,2025-10-21,0.004486431569966864,-0.02131650596857071
mlp,y_XLRE,19,2025-10-21,0.004486431569966864,-0.021228687837719917
mlp,y_XLRE,20,2025-10-21,0.004486431569966864,0.0003664027899503708
mlp,y_XLRE,18,2025-10-22,-0.0009402551779305046,0.034109942615032196
mlp,y_XLRE,19,2025-10-22,-0.0009402551779305046,0.017746908590197563
mlp,y_XLRE,20,2025-10-22,-0.0009402551779305046,-0.0021875519305467606
mlp,y_XLRE,18,2025-10-23,0.0035294568137198556,-0.0038170069456100464
mlp,y_XLRE,19,2025-10-23,0.0035294568137198556,0.0031769038178026676
mlp,y_XLRE,20,2025-10-23,0.0035294568137198556,0.014266496524214745
mlp,y_XLRE,18,2025-10-27,-0.022227463524700175,-0.0243886336684227
mlp,y_XLRE,19,2025-10-27,-0.022227463524700175,0.000960515346378088
mlp,y_XLRE,20,2025-10-27,-0.022227463524700175,-0.01816108264029026
mlp,y_XLRE,18,2025-10-28,-0.027279213728777396,-0.008653149008750916
mlp,y_XLRE,19,2025-10-28,-0.027279213728777396,-0.08876955509185791
mlp,y_XLRE,20,2025-10-28,-0.027279213728777396,-0.0023643653839826584
mlp,y_XLRE,18,2025-10-29,0.005658027314987546,0.011261515319347382
mlp,y_XLRE,19,2025-10-29,0.005658027314987546,0.005776632577180862
mlp,y_XLRE,20,2025-10-29,0.005658027314987546,-0.00035233981907367706
mlp,y_XLRE,18,2025-10-30,0.0004892178683570947,0.0068463534116744995
mlp,y_XLRE,19,2025-10-30,0.0004892178683570947,0.010316809639334679
mlp,y_XLRE,20,2025-10-30,0.0004892178683570947,0.024378011003136635
mlp,y_XLRE,19,2025-11-03,0.002694087854238969,-0.029355516657233238
mlp,y_XLRE,20,2025-11-03,0.002694087854238969,-0.02255047857761383
mlp,y_XLRE,21,2025-11-03,0.002694087854238969,-0.0029673976823687553
mlp,y_XLRE,19,2025-11-04,-0.0002442504591116945,-0.04049963131546974
mlp,y_XLRE,20,2025-11-04,-0.0002442504591116945,0.025644967332482338
mlp,y_XLRE,21,2025-11-04,-0.0002442504591116945,0.008739658631384373
mlp,y_XLRE,19,2025-11-05,-0.004886391077677188,-0.03826559707522392
mlp,y_XLRE,20,2025-11-05,-0.004886391077677188,0.0043326616287231445
mlp,y_XLRE,21,2025-11-05,-0.004886391077677188,-0.009462288580834866
mlp,y_XLRE,19,2025-11-06,0.013258002004791436,-0.01981743425130844
mlp,y_XLRE,20,2025-11-06,0.013258002004791436,-0.019840124994516373
mlp,y_XLRE,21,2025-11-06,0.013258002004791436,0.02487833797931671
mlp,y_XLRE,19,2025-11-10,0.011154255983175432,-0.06396764516830444
mlp,y_XLRE,20,2025-11-10,0.011154255983175432,0.04213462024927139
mlp,y_XLRE,21,2025-11-10,0.011154255983175432,-0.028949055820703506
mlp,y_XLRE,19,2025-11-11,-0.007913733068423245,0.004334800411015749
mlp,y_XLRE,20,2025-11-11,-0.007913733068423245,0.02638409100472927
mlp,y_XLRE,21,2025-11-11,-0.007913733068423245,0.011359226889908314
mlp,y_XLRE,19,2025-11-12,-0.013052899258971351,0.005449161399155855
mlp,y_XLRE,20,2025-11-12,-0.013052899258971351,-0.008212404325604439
mlp,y_XLRE,21,2025-11-12,-0.013052899258971351,0.016836050897836685
mlp,y_XLRE,19,2025-11-13,0.0029389963455459522,0.01667776331305504
mlp,y_XLRE,20,2025-11-13,0.0029389963455459522,0.026778100058436394
mlp,y_XLRE,21,2025-11-13,0.0029389963455459522,-0.0035137897357344627
mlp,y_XLRE,19,2025-11-17,0.0036872678156958383,-0.03414668142795563
mlp,y_XLRE,20,2025-11-17,0.0036872678156958383,-0.01861616224050522
mlp,y_XLRE,21,2025-11-17,0.0036872678156958383,-0.013688758946955204
mlp,y_XLRE,19,2025-11-18,-0.007837449521271411,-0.014684939756989479
mlp,y_XLRE,20,2025-11-18,-0.007837449521271411,-0.0070242732763290405
mlp,y_XLRE,21,2025-11-18,-0.007837449521271411,-0.004397602751851082
mlp,y_XLRE,19,2025-11-19,-0.0034558987602439917,-0.02412714622914791
mlp,y_XLRE,20,2025-11-19,-0.0034558987602439917,-0.018294401466846466
mlp,y_XLRE,21,2025-11-19,-0.0034558987602439917,-0.0009869318455457687
mlp,y_XLRE,19,2025-11-20,0.013128627304507035,-0.011795014142990112
mlp,y_XLRE,20,2025-11-20,0.013128627304507035,0.019157106056809425
mlp,y_XLRE,21,2025-11-20,0.013128627304507035,-0.005061629228293896
mlp,y_XLRE,20,2025-11-24,0.008056706226654553,-0.004889877513051033
mlp,y_XLRE,21,2025-11-24,0.008056706226654553,-0.001280653290450573
mlp,y_XLRE,22,2025-11-24,0.008056706226654553,-0.002702418714761734
mlp,y_XLRE,20,2025-11-25,0.004359427289532647,-0.012152012437582016
mlp,y_XLRE,21,2025-11-25,0.004359427289532647,-0.008693975396454334
mlp,y_XLRE,22,2025-11-25,0.004359427289532647,-0.007866712287068367
mlp,y_XLRE,20,2025-12-01,-0.002433681909862595,-0.011856144294142723
mlp,y_XLRE,21,2025-12-01,-0.002433681909862595,0.005047899670898914
mlp,y_XLRE,22,2025-12-01,-0.002433681909862595,0.0008486844599246979
mlp,y_XLRE,20,2025-12-02,0.0019516200685703033,0.011952674016356468
mlp,y_XLRE,21,2025-12-02,0.0019516200685703033,0.006525804288685322
mlp,y_XLRE,22,2025-12-02,0.0019516200685703033,-0.0019316598773002625
mlp,y_XLRE,20,2025-12-03,-0.0017043413332493706,0.013837920501828194
mlp,y_XLRE,21,2025-12-03,-0.0017043413332493706,-0.02182134985923767
mlp,y_XLRE,22,2025-12-03,-0.0017043413332493706,-0.010371964424848557
mlp,y_XLRE,20,2025-12-04,-0.0002438930102596215,0.0121320690959692
mlp,y_XLRE,21,2025-12-04,-0.0002438930102596215,-0.017834357917308807
mlp,y_XLRE,22,2025-12-04,-0.0002438930102596215,0.014069844037294388
mlp,y_XLRE,20,2025-12-08,-0.005890978002307645,-0.0626097097992897
mlp,y_XLRE,21,2025-12-08,-0.005890978002307645,-0.0011872602626681328
mlp,y_XLRE,22,2025-12-08,-0.005890978002307645,0.029155153781175613
mlp,y_XLRE,20,2025-12-09,0.0019753274977774016,0.008955756202340126
mlp,y_XLRE,21,2025-12-09,0.0019753274977774016,-0.004800260998308659
mlp,y_XLRE,22,2025-12-09,0.0019753274977774016,-0.012725140899419785
mlp,y_XLRE,20,2025-12-10,0.005421275190892638,0.024204520508646965
mlp,y_XLRE,21,2025-12-10,0.005421275190892638,0.004028982482850552
mlp,y_XLRE,22,2025-12-10,0.005421275190892638,0.010380763560533524
mlp,y_XLRE,20,2025-12-11,-0.0012254429364202402,-0.004241924732923508
mlp,y_XLRE,21,2025-12-11,-0.0012254429364202402,0.005493690259754658
mlp,y_XLRE,22,2025-12-11,-0.0012254429364202402,0.00033777207136154175
mlp,y_XLRE,21,2025-12-15,-0.008799841408291376,-0.021285127848386765
mlp,y_XLRE,22,2025-12-15,-0.008799841408291376,-0.01255420595407486
mlp,y_XLRE,23,2025-12-15,-0.008799841408291376,0.02258910983800888
mlp,y_XLRE,21,2025-12-16,0.004438983051008538,-0.012394738383591175
mlp,y_XLRE,22,2025-12-16,0.004438983051008538,-0.011449266225099564
mlp,y_XLRE,23,2025-12-16,0.004438983051008538,-0.0013538936618715525
mlp,y_XLRE,21,2025-12-17,-0.006138028765642511,-0.013690332882106304
mlp,y_XLRE,22,2025-12-17,-0.006138028765642511,0.025516610592603683
mlp,y_XLRE,23,2025-12-17,-0.006138028765642511,-0.008998424746096134
mlp,y_XLRE,21,2025-12-18,-0.0037054858929839174,0.00410341564565897
mlp,y_XLRE,22,2025-12-18,-0.0037054858929839174,0.06413683295249939
mlp,y_XLRE,23,2025-12-18,-0.0037054858929839174,-0.030817635357379913
mlp,y_XLRE,21,2025-12-23,0.00647083921250502,0.021290075033903122
mlp,y_XLRE,22,2025-12-23,0.00647083921250502,-0.00932837650179863
mlp,y_XLRE,23,2025-12-23,0.00647083921250502,-0.03350752219557762
mlp,y_XLRE,21,2025-12-29,0.002215115683531721,-0.006743925623595715
mlp,y_XLRE,22,2025-12-29,0.002215115683531721,0.003988482058048248
mlp,y_XLRE,23,2025-12-29,0.002215115683531721,-0.02486184425652027
mlp,y_XLRE,21,2025-12-30,-0.00908651118590631,0.005720439366996288
mlp,y_XLRE,22,2025-12-30,-0.00908651118590631,-0.0006419606506824493
mlp,y_XLRE,23,2025-12-30,-0.00908651118590631,-0.0016131510492414236
mlp,y_XLRE,22,2026-01-05,0.006678220522523981,0.049914922565221786
mlp,y_XLRE,23,2026-01-05,0.006678220522523981,-0.04044670611619949
mlp,y_XLRE,24,2026-01-05,0.006678220522523981,-0.058455538004636765
mlp,y_XLRE,22,2026-01-06,-0.013759247243084638,0.000697944313287735
mlp,y_XLRE,23,2026-01-06,-0.013759247243084638,-0.023716168478131294
mlp,y_XLRE,24,2026-01-06,-0.013759247243084638,-0.03493228927254677
mlp,y_XLRE,22,2026-01-07,0.007473822661240526,-0.008787829428911209
mlp,y_XLRE,23,2026-01-07,0.007473822661240526,0.0028529225382953882
mlp,y_XLRE,24,2026-01-07,0.007473822661240526,0.0031782202422618866
mlp,y_XLRE,22,2026-01-08,0.0014837135343370722,-0.020965294912457466
mlp,y_XLRE,23,2026-01-08,0.0014837135343370722,-0.012265310622751713
mlp,y_XLRE,24,2026-01-08,0.0014837135343370722,-0.02012716606259346
mlp,y_XLRE,22,2026-01-12,0.007631742526897911,0.012433242052793503
mlp,y_XLRE,23,2026-01-12,0.007631742526897911,0.007869686931371689
mlp,y_XLRE,24,2026-01-12,0.007631742526897911,-0.022884298115968704
mlp,y_XLRE,22,2026-01-13,0.011238677767966943,-0.014527082443237305
mlp,y_XLRE,23,2026-01-13,0.011238677767966943,0.02089039795100689
mlp,y_XLRE,24,2026-01-13,0.011238677767966943,0.012516181915998459
mlp,y_XLRE,22,2026-01-14,0.007489765109021551,0.006050523370504379
mlp,y_XLRE,23,2026-01-14,0.007489765109021551,-0.008702804334461689
mlp,y_XLRE,24,2026-01-14,0.007489765109021551,0.002207450568675995
mlp,y_XLRE,22,2026-01-15,0.012230175352573536,0.006332196295261383
mlp,y_XLRE,23,2026-01-15,0.012230175352573536,0.0237114280462265
mlp,y_XLRE,24,2026-01-15,0.012230175352573536,0.001886662095785141
mlp,y_XLRE,22,2026-01-21,-0.009867625871011088,-0.008112592622637749
mlp,y_XLRE,23,2026-01-21,-0.009867625871011088,0.012346569448709488
mlp,y_XLRE,24,2026-01-21,-0.009867625871011088,0.0031315088272094727
mlp,y_XLRE,22,2026-01-22,0.0026738116670765866,0.006623450666666031
mlp,y_XLRE,23,2026-01-22,0.0026738116670765866,0.013982705771923065
mlp,y_XLRE,24,2026-01-22,0.0026738116670765866,-0.018749196082353592
mlp,y_XLRE,23,2026-01-26,0.0007277724019525422,0.019904496148228645
mlp,y_XLRE,24,2026-01-26,0.0007277724019525422,-0.007393296808004379
mlp,y_XLRE,23,2026-01-27,-0.009697006687973686,-0.021044820547103882
mlp,y_XLRE,24,2026-01-27,-0.009697006687973686,-0.04326227679848671
mlp,y_XLRE,23,2026-01-28,0.012729509845468057,0.016497939825057983
mlp,y_XLRE,24,2026-01-28,0.012729509845468057,0.003556113690137863
mlp,y_XLRE,23,2026-01-29,0.001450359556204095,-0.004370826296508312
mlp,y_XLRE,24,2026-01-29,0.001450359556204095,-0.015779849141836166
mlp,y_XLRE,23,2026-02-02,-0.003662053577498825,0.022197052836418152
mlp,y_XLRE,24,2026-02-02,-0.003662053577498825,0.0008323974907398224
mlp,y_XLRE,23,2026-02-03,0.01592741213694371,0.012134591117501259
mlp,y_XLRE,24,2026-02-03,0.01592741213694371,-0.012134943157434464
mlp,y_XLRE,23,2026-02-04,-0.005547504759170763,-0.00823129527270794
mlp,y_XLRE,24,2026-02-04,-0.005547504759170763,-0.00907914713025093
mlp,y_XLRE,23,2026-02-05,0.018433231740687228,-0.01054980605840683
mlp,y_XLRE,24,2026-02-05,0.018433231740687228,0.012531939893960953
mlp,y_XLRE,23,2026-02-09,0.013964500652967837,0.003698662156239152
mlp,y_XLRE,24,2026-02-09,0.013964500652967837,0.00838002935051918
mlp,y_XLRE,23,2026-02-10,-0.000933728183587057,-0.0029931513126939535
mlp,y_XLRE,24,2026-02-10,-0.000933728183587057,0.01439567282795906
mlp,y_XLRE,23,2026-02-11,0.0016355069175704173,0.0007263340521603823
mlp,y_XLRE,24,2026-02-11,0.0016355069175704173,0.0011716336011886597
mlp,y_XLRE,23,2026-02-12,0.014695616603961792,-0.01647097058594227
mlp,y_XLRE,24,2026-02-12,0.014695616603961792,0.01780955120921135
mlp,y_XLRE,24,2026-02-17,-0.013427404893664674,-0.027605105191469193
mlp,y_XLRE,24,2026-02-18,-0.0034601549356726435,0.009596653282642365
mlp,y_XLRE,24,2026-02-19,0.008333347314669615,-0.0026096291840076447
mlp,y_XLRE,24,2026-02-23,0.002751637931788453,-0.020900633186101913
mlp,y_XLRE,24,2026-02-24,-0.006631624023852423,0.0227803997695446
mlp,y_XLRE,24,2026-02-25,0.004373905327184735,-0.06510940194129944
mlp,y_XLRE,24,2026-02-26,0.004813180823553198,0.015587206929922104
mlp,y_XLRE,24,2026-03-02,-0.005009048615157163,0.021478701382875443
mlp,y_XLRE,24,2026-03-03,0.0013729418202810262,-0.012181293219327927
mlp,y_XLRE,24,2026-03-04,-0.009597764740741366,0.0009646974503993988
mlp,y_XLRE,24,2026-03-05,-0.010383035564262344,0.01022026315331459
mlp,y_XLU,0,2024-08-05,0.008441751791375296,-0.006507186219096184
mlp,y_XLU,0,2024-08-06,0.005626345218278761,-0.004474537447094917
mlp,y_XLU,0,2024-08-07,0.0010917316572938152,0.013633202761411667
mlp,y_XLU,0,2024-08-08,0.00340790015191339,-0.050755079835653305
mlp,y_XLU,0,2024-08-12,0.005831438259035648,-0.011100029572844505
mlp,y_XLU,0,2024-08-13,-0.0006741579791542662,-0.011987823992967606
mlp,y_XLU,0,2024-08-14,-0.00013498703920222788,-0.0029294900596141815
mlp,y_XLU,0,2024-08-15,0.004452808942507769,0.0009392388164997101
mlp,y_XLU,0,2024-08-19,-0.002135275808850645,-0.001469384878873825
mlp,y_XLU,0,2024-08-20,0.0070884961465746965,0.02770109847187996
mlp,y_XLU,0,2024-08-21,-0.0011954221046032165,0.05462108924984932
mlp,y_XLU,0,2024-08-22,0.002792056455866554,-0.020647190511226654
mlp,y_XLU,0,2024-08-26,-0.007904145770157633,-0.01004064828157425
mlp,y_XLU,1,2024-08-26,-0.007904145770157633,0.012870553880929947
mlp,y_XLU,0,2024-08-27,0.0,0.006387230008840561
mlp,y_XLU,1,2024-08-27,0.0,0.015349138528108597
mlp,y_XLU,0,2024-08-28,0.005444160989517499,-0.010225344449281693
mlp,y_XLU,1,2024-08-28,0.005444160989517499,0.00012144073843955994
mlp,y_XLU,0,2024-08-29,0.007527785898848949,-0.035008758306503296
mlp,y_XLU,1,2024-08-29,0.007527785898848949,-0.020829256623983383
mlp,y_XLU,0,2024-09-03,0.008532397690855786,0.0007087625563144684
mlp,y_XLU,1,2024-09-03,0.008532397690855786,0.0026937350630760193
mlp,y_XLU,0,2024-09-04,-0.002473147689831423,0.0058833397924900055
mlp,y_XLU,1,2024-09-04,-0.002473147689831423,0.04210784286260605
mlp,y_XLU,0,2024-09-05,-0.009524847933273906,-0.014684056863188744
mlp,y_XLU,1,2024-09-05,-0.009524847933273906,0.004287060350179672
mlp,y_XLU,0,2024-09-09,0.0046949068887964795,0.023269493132829666
mlp,y_XLU,1,2024-09-09,0.0046949068887964795,-0.10254806280136108
mlp,y_XLU,0,2024-09-10,0.0031153462936592824,0.0024405941367149353
mlp,y_XLU,1,2024-09-10,0.0031153462936592824,-0.020855765789747238
mlp,y_XLU,0,2024-09-11,0.002199708595304939,-0.021756429225206375
mlp,y_XLU,1,2024-09-11,0.002199708595304939,-0.03827504441142082
mlp,y_XLU,0,2024-09-12,0.014073771229477394,-0.04438381642103195
mlp,y_XLU,1,2024-09-12,0.014073771229477394,0.026376377791166306
mlp,y_XLU,2,2024-09-12,0.014073771229477394,-0.019224006682634354
mlp,y_XLU,0,2024-09-16,-0.0007581447718307821,-0.06436257064342499
mlp,y_XLU,1,2024-09-16,-0.0007581447718307821,-0.030045833438634872
mlp,y_XLU,2,2024-09-16,-0.0007581447718307821,-0.01651037484407425
mlp,y_XLU,0,2024-09-17,-0.007587199914256382,-0.016131438314914703
mlp,y_XLU,1,2024-09-17,-0.007587199914256382,-0.013215307146310806
mlp,y_XLU,2,2024-09-17,-0.007587199914256382,0.019067328423261642
mlp,y_XLU,0,2024-09-18,-0.005861493478533819,-0.016837192699313164
mlp,y_XLU,1,2024-09-18,-0.005861493478533819,-0.010117895901203156
mlp,y_XLU,2,2024-09-18,-0.005861493478533819,-0.00985049456357956
mlp,y_XLU,0,2024-09-19,0.0264035403069518,0.037462566047906876
mlp,y_XLU,1,2024-09-19,0.0264035403069518,-0.02683291956782341
mlp,y_XLU,2,2024-09-19,0.0264035403069518,0.01070324331521988
mlp,y_XLU,0,2024-09-23,-0.00709569211439387,-0.0024452246725559235
mlp,y_XLU,1,2024-09-23,-0.00709569211439387,0.011568088084459305
mlp,y_XLU,2,2024-09-23,-0.00709569211439387,0.0023967400193214417
mlp,y_XLU,0,2024-09-24,0.005265831645166141,0.007881563156843185
mlp,y_XLU,1,2024-09-24,0.005265831645166141,0.001416865736246109
mlp,y_XLU,2,2024-09-24,0.005265831645166141,-0.003643561154603958
mlp,y_XLU,0,2024-09-25,-0.006859694947698891,-0.007871914654970169
mlp,y_XLU,1,2024-09-25,-0.006859694947698891,0.009515848010778427
mlp,y_XLU,2,2024-09-25,-0.006859694947698891,0.022445447742938995
mlp,y_XLU,0,2024-09-26,0.00992087859850943,-0.013427268713712692
mlp,y_XLU,1,2024-09-26,0.00992087859850943,-0.004568658769130707
mlp,y_XLU,2,2024-09-26,0.00992087859850943,-0.016074728220701218
mlp,y_XLU,0,2024-09-30,0.008046529017311732,-0.008977336809039116
mlp,y_XLU,1,2024-09-30,0.008046529017311732,0.0018852762877941132
mlp,y_XLU,2,2024-09-30,0.008046529017311732,0.01718846708536148
mlp,y_XLU,0,2024-10-01,0.0004912782085371159,0.0008784644305706024
mlp,y_XLU,1,2024-10-01,0.0004912782085371159,-0.019332896918058395
mlp,y_XLU,2,2024-10-01,0.0004912782085371159,-0.009490203112363815
mlp,y_XLU,0,2024-10-02,-0.0003682777295795914,-0.03357268124818802
mlp,y_XLU,1,2024-10-02,-0.0003682777295795914,-0.025908540934324265
mlp,y_XLU,2,2024-10-02,-0.0003682777295795914,0.042527876794338226
mlp,y_XLU,0,2024-10-03,-0.0015962637906067334,0.0218619704246521
mlp,y_XLU,1,2024-10-03,-0.0015962637906067334,-0.03274429216980934
mlp,y_XLU,2,2024-10-03,-0.0015962637906067334,0.027630090713500977
mlp,y_XLU,1,2024-10-07,0.0005035849050023522,-0.003257226198911667
mlp,y_XLU,2,2024-10-07,0.0005035849050023522,0.017656944692134857
mlp,y_XLU,3,2024-10-07,0.0005035849050023522,0.012821244075894356
mlp,y_XLU,1,2024-10-08,-0.008555638880003769,0.049652911722660065
mlp,y_XLU,2,2024-10-08,-0.008555638880003769,0.05369376391172409
mlp,y_XLU,3,2024-10-08,-0.008555638880003769,-0.012547815218567848
mlp,y_XLU,1,2024-10-09,-0.0030458486881734803,0.015685852617025375
mlp,y_XLU,2,2024-10-09,-0.0030458486881734803,0.004442427307367325
mlp,y_XLU,3,2024-10-09,-0.0030458486881734803,0.014974111691117287
mlp,y_XLU,1,2024-10-10,0.008783341785181475,-0.01218930259346962
mlp,y_XLU,2,2024-10-10,0.008783341785181475,0.007418770343065262
mlp,y_XLU,3,2024-10-10,0.008783341785181475,0.00013991817831993103
mlp,y_XLU,1,2024-10-14,0.004486123876570991,0.013526149094104767
mlp,y_XLU,2,2024-10-14,0.004486123876570991,0.0008467882871627808
mlp,y_XLU,3,2024-10-14,0.004486123876570991,-0.008371658623218536
mlp,y_XLU,1,2024-10-15,0.01984867125525369,0.009624458849430084
mlp,y_XLU,2,2024-10-15,0.01984867125525369,-0.033012617379426956
mlp,y_XLU,3,2024-10-15,0.01984867125525369,-0.023348471149802208
mlp,y_XLU,1,2024-10-16,-0.008879701084744118,0.005373995751142502
mlp,y_XLU,2,2024-10-16,-0.008879701084744118,-0.007592301815748215
mlp,y_XLU,3,2024-10-16,-0.008879701084744118,0.0238205399364233
mlp,y_XLU,1,2024-10-17,0.005768102265319763,-0.005086872726678848
mlp,y_XLU,2,2024-10-17,0.005768102265319763,-0.0012510456144809723
mlp,y_XLU,3,2024-10-17,0.005768102265319763,0.001871282234787941
mlp,y_XLU,1,2024-10-21,-0.0035525560888713947,-0.06313689053058624
mlp,y_XLU,2,2024-10-21,-0.0035525560888713947,0.10906167328357697
mlp,y_XLU,3,2024-10-21,-0.0035525560888713947,0.046514593064785004
mlp,y_XLU,1,2024-10-22,0.00958945524703636,0.017438877373933792
mlp,y_XLU,2,2024-10-22,0.00958945524703636,0.008342280983924866
mlp,y_XLU,3,2024-10-22,0.00958945524703636,-0.010808565653860569
mlp,y_XLU,1,2024-10-23,-0.006453970703729106,-0.0037082843482494354
mlp,y_XLU,2,2024-10-23,-0.006453970703729106,0.03223510831594467
mlp,y_XLU,3,2024-10-23,-0.006453970703729106,0.03904345631599426
mlp,y_XLU,1,2024-10-24,-0.014830373487779713,0.01255561038851738
mlp,y_XLU,2,2024-10-24,-0.014830373487779713,0.062137946486473083
mlp,y_XLU,3,2024-10-24,-0.014830373487779713,0.03186849504709244
mlp,y_XLU,2,2024-10-28,-0.021355501556438394,0.11569605767726898
mlp,y_XLU,3,2024-10-28,-0.021355501556438394,0.07804203033447266
mlp,y_XLU,4,2024-10-28,-0.021355501556438394,-0.11917142570018768
mlp,y_XLU,2,2024-10-29,-0.002396556734910238,0.05341239273548126
mlp,y_XLU,3,2024-10-29,-0.002396556734910238,0.048464588820934296
mlp,y_XLU,4,2024-10-29,-0.002396556734910238,-0.06647197902202606
mlp,y_XLU,2,2024-10-30,0.010368176407261398,0.021505799144506454
mlp,y_XLU,3,2024-10-30,0.010368176407261398,0.043231986463069916
mlp,y_XLU,4,2024-10-30,0.010368176407261398,0.010708503425121307
mlp,y_XLU,2,2024-10-31,-0.022275048153769683,-0.053104668855667114
mlp,y_XLU,3,2024-10-31,-0.022275048153769683,0.033827319741249084
mlp,y_XLU,4,2024-10-31,-0.022275048153769683,-0.023263152688741684
mlp,y_XLU,2,2024-11-04,0.015025961592565196,-0.0056617893278598785
mlp,y_XLU,3,2024-11-04,0.015025961592565196,-0.008162762969732285
mlp,y_XLU,4,2024-11-04,0.015025961592565196,0.0018151141703128815
mlp,y_XLU,2,2024-11-05,-0.010336930707465664,-0.00016165897250175476
mlp,y_XLU,3,2024-11-05,-0.010336930707465664,0.007204806432127953
mlp,y_XLU,4,2024-11-05,-0.010336930707465664,-0.031253110617399216
mlp,y_XLU,2,2024-11-06,0.0018054007550951656,-0.008904460817575455
mlp,y_XLU,3,2024-11-06,0.0018054007550951656,0.007157484069466591
mlp,y_XLU,4,2024-11-06,0.0018054007550951656,-0.011086497455835342
mlp,y_XLU,2,2024-11-07,0.01917863438696399,-0.02302093245089054
mlp,y_XLU,3,2024-11-07,0.01917863438696399,-0.01855747029185295
mlp,y_XLU,4,2024-11-07,0.01917863438696399,-0.016669396311044693
mlp,y_XLU,2,2024-11-11,-0.011460932579701377,0.013424500823020935
mlp,y_XLU,3,2024-11-11,-0.011460932579701377,-4.315190017223358e-05
mlp,y_XLU,4,2024-11-11,-0.011460932579701377,0.01237582415342331
mlp,y_XLU,2,2024-11-12,-0.0017837791521124746,0.01902579888701439
mlp,y_XLU,3,2024-11-12,-0.0017837791521124746,0.027341553941369057
mlp,y_XLU,4,2024-11-12,-0.0017837791521124746,-0.0035468153655529022
mlp,y_XLU,2,2024-11-13,-0.0034460837455713156,-0.013016104698181152
mlp,y_XLU,3,2024-11-13,-0.0034460837455713156,0.01154099591076374
mlp,y_XLU,4,2024-11-13,-0.0034460837455713156,0.0234341062605381
mlp,y_XLU,2,2024-11-14,0.014984803099999278,0.3399401307106018
mlp,y_XLU,3,2024-11-14,0.014984803099999278,0.15776097774505615
mlp,y_XLU,4,2024-11-14,0.014984803099999278,-0.06264680624008179
mlp,y_XLU,3,2024-11-18,0.0063799544045766154,-0.05156172066926956
mlp,y_XLU,4,2024-11-18,0.0063799544045766154,-0.03182819113135338
mlp,y_XLU,5,2024-11-18,0.0063799544045766154,-0.030955027788877487
mlp,y_XLU,3,2024-11-19,0.0004970659438525704,0.16261988878250122
mlp,y_XLU,4,2024-11-19,0.0004970659438525704,-0.06315429508686066
mlp,y_XLU,5,2024-11-19,0.0004970659438525704,0.018587615340948105
mlp,y_XLU,3,2024-11-20,0.017393383224288295,0.013607358559966087
mlp,y_XLU,4,2024-11-20,0.017393383224288295,-0.03095230832695961
mlp,y_XLU,5,2024-11-20,0.017393383224288295,0.05220082774758339
mlp,y_XLU,3,2024-11-21,-0.0053730283042230376,-0.05420468747615814
mlp,y_XLU,4,2024-11-21,-0.0053730283042230376,-0.04724123701453209
mlp,y_XLU,5,2024-11-21,-0.0053730283042230376,-0.05140669643878937
mlp,y_XLU,3,2024-11-25,0.015931436479335037,-0.001858007162809372
mlp,y_XLU,4,2024-11-25,0.015931436479335037,-0.005159053951501846
mlp,y_XLU,5,2024-11-25,0.015931436479335037,0.015597224235534668
mlp,y_XLU,3,2024-11-26,0.0,0.04342387616634369
mlp,y_XLU,4,2024-11-26,0.0,0.005362143740057945
mlp,y_XLU,5,2024-11-26,0.0,-0.010686663910746574
mlp,y_XLU,3,2024-12-02,-0.008625959840228514,0.04126676172018051
mlp,y_XLU,4,2024-12-02,-0.008625959840228514,-0.017130374908447266
mlp,y_XLU,5,2024-12-02,-0.008625959840228514,0.06629867851734161
mlp,y_XLU,3,2024-12-03,-0.00012441401246010564,-0.015341641381382942
mlp,y_XLU,4,2024-12-03,-0.00012441401246010564,0.01745465211570263
mlp,y_XLU,5,2024-12-03,-0.00012441401246010564,-0.023291319608688354
mlp,y_XLU,3,2024-12-04,0.0031079831602141006,-0.014072246849536896
mlp,y_XLU,4,2024-12-04,0.0031079831602141006,-0.018243458122015
mlp,y_XLU,5,2024-12-04,0.0031079831602141006,0.0027082045562565327
mlp,y_XLU,3,2024-12-05,-0.012393119943063358,-0.034425899386405945
mlp,y_XLU,4,2024-12-05,-0.012393119943063358,0.04673709720373154
mlp,y_XLU,5,2024-12-05,-0.012393119943063358,0.04469163343310356
mlp,y_XLU,4,2024-12-09,-0.007243575962979643,0.00043636560440063477
mlp,y_XLU,5,2024-12-09,-0.007243575962979643,0.028441231697797775
mlp,y_XLU,6,2024-12-09,-0.007243575962979643,0.04019343852996826
mlp,y_XLU,4,2024-12-10,-0.006272442727966121,-0.03381332382559776
mlp,y_XLU,5,2024-12-10,-0.006272442727966121,0.012992089614272118
mlp,y_XLU,6,2024-12-10,-0.006272442727966121,0.002978578209877014
mlp,y_XLU,4,2024-12-11,-0.0005154282967586576,0.0009705144912004471
mlp,y_XLU,5,2024-12-11,-0.0005154282967586576,0.005715199280530214
mlp,y_XLU,6,2024-12-11,-0.0005154282967586576,0.003432207740843296
mlp,y_XLU,4,2024-12-12,0.0006445921310405112,0.02863508090376854
mlp,y_XLU,5,2024-12-12,0.0006445921310405112,0.04122495278716087
mlp,y_XLU,6,2024-12-12,0.0006445921310405112,0.017545098438858986
mlp,y_XLU,4,2024-12-16,-0.004154953625190583,-0.030192453414201736
mlp,y_XLU,5,2024-12-16,-0.004154953625190583,-0.013047154992818832
mlp,y_XLU,6,2024-12-16,-0.004154953625190583,0.011151781305670738
mlp,y_XLU,4,2024-12-17,-0.023598270178865288,0.00600019097328186
mlp,y_XLU,5,2024-12-17,-0.023598270178865288,0.012875476852059364
mlp,y_XLU,6,2024-12-17,-0.023598270178865288,-0.007428562268614769
mlp,y_XLU,4,2024-12-18,0.00454000670261423,0.024203216657042503
mlp,y_XLU,5,2024-12-18,0.00454000670261423,0.007699544541537762
mlp,y_XLU,6,2024-12-18,0.00454000670261423,0.008970636874437332
mlp,y_XLU,4,2024-12-19,0.015951097688404303,0.014581716619431973
mlp,y_XLU,5,2024-12-19,0.015951097688404303,0.05018547922372818
mlp,y_XLU,6,2024-12-19,0.015951097688404303,-0.005649109371006489
mlp,y_XLU,4,2024-12-23,0.005521913187489513,0.011426853016018867
mlp,y_XLU,5,2024-12-23,0.005521913187489513,-0.013236034661531448
mlp,y_XLU,6,2024-12-23,0.005521913187489513,-0.008939516730606556
mlp,y_XLU,4,2024-12-26,-0.002883352130574335,-0.015647772699594498
mlp,y_XLU,5,2024-12-26,-0.002883352130574335,-0.026098404079675674
mlp,y_XLU,6,2024-12-26,-0.002883352130574335,-0.0023028403520584106
mlp,y_XLU,5,2024-12-30,-0.0009238424054747174,0.022087566554546356
mlp,y_XLU,6,2024-12-30,-0.0009238424054747174,-0.016204439103603363
mlp,y_XLU,7,2024-12-30,-0.0009238424054747174,-0.001802218146622181
mlp,y_XLU,5,2025-01-02,0.010620281392546005,-0.016703147441148758
mlp,y_XLU,6,2025-01-02,0.010620281392546005,-0.010793820023536682
mlp,y_XLU,7,2025-01-02,0.010620281392546005,-0.02733078971505165
mlp,y_XLU,5,2025-01-06,-0.0024926738902836254,-0.0241682268679142
mlp,y_XLU,6,2025-01-06,-0.0024926738902836254,-0.0210405420511961
mlp,y_XLU,7,2025-01-06,-0.0024926738902836254,-0.004752499051392078
mlp,y_XLU,5,2025-01-07,-0.00026319450837930525,0.01807388663291931
mlp,y_XLU,6,2025-01-07,-0.00026319450837930525,-0.023563453927636147
mlp,y_XLU,7,2025-01-07,-0.00026319450837930525,0.01892153173685074
mlp,y_XLU,5,2025-01-13,0.013119216536406686,0.017071695998311043
mlp,y_XLU,6,2025-01-13,0.013119216536406686,-0.016282198950648308
mlp,y_XLU,7,2025-01-13,0.013119216536406686,-0.006083610467612743
mlp,y_XLU,5,2025-01-14,0.014667074517448642,0.0019051744602620602
mlp,y_XLU,6,2025-01-14,0.014667074517448642,0.018063241615891457
mlp,y_XLU,7,2025-01-14,0.014667074517448642,-0.003808201290667057
mlp,y_XLU,5,2025-01-15,0.025263706504522032,0.03238264098763466
mlp,y_XLU,6,2025-01-15,0.025263706504522032,0.030063549056649208
mlp,y_XLU,7,2025-01-15,0.025263706504522032,0.017332106828689575
mlp,y_XLU,5,2025-01-16,0.0013970291998639528,-0.004473965149372816
mlp,y_XLU,6,2025-01-16,0.0013970291998639528,0.00839235633611679
mlp,y_XLU,7,2025-01-16,0.0013970291998639528,-0.006115647964179516
mlp,y_XLU,6,2025-01-21,-0.021611561064683427,-0.005865005776286125
mlp,y_XLU,7,2025-01-21,-0.021611561064683427,0.0037730028852820396
mlp,y_XLU,8,2025-01-21,-0.021611561064683427,-0.012990131974220276
mlp,y_XLU,6,2025-01-22,0.004724125745167784,0.018291281536221504
mlp,y_XLU,7,2025-01-22,0.004724125745167784,-0.003662128932774067
mlp,y_XLU,8,2025-01-22,0.004724125745167784,0.04570697620511055
mlp,y_XLU,6,2025-01-23,0.010166420347001548,0.04509590566158295
mlp,y_XLU,7,2025-01-23,0.010166420347001548,0.029000502079725266
mlp,y_XLU,8,2025-01-23,0.010166420347001548,0.015167463570833206
mlp,y_XLU,6,2025-01-27,-0.013779762106280735,-0.0012073572725057602
mlp,y_XLU,7,2025-01-27,-0.013779762106280735,-0.0024900464341044426
mlp,y_XLU,8,2025-01-27,-0.013779762106280735,-0.013503678143024445
mlp,y_XLU,6,2025-01-28,0.0020892043531444138,-0.013936376199126244
mlp,y_XLU,7,2025-01-28,0.0020892043531444138,-0.011012430302798748
mlp,y_XLU,8,2025-01-28,0.0020892043531444138,-0.03400645777583122
mlp,y_XLU,6,2025-01-29,0.02084961162688681,-0.0346209779381752
mlp,y_XLU,7,2025-01-29,0.02084961162688681,0.0017783241346478462
mlp,y_XLU,8,2025-01-29,0.02084961162688681,-0.04954298958182335
mlp,y_XLU,6,2025-01-30,-0.005871771442263474,0.004219306632876396
mlp,y_XLU,7,2025-01-30,-0.005871771442263474,-0.06723620742559433
mlp,y_XLU,8,2025-01-30,-0.005871771442263474,0.02473541721701622
mlp,y_XLU,6,2025-02-03,-0.008812255698130378,0.0018329285085201263
mlp,y_XLU,7,2025-02-03,-0.008812255698130378,-0.017548879608511925
mlp,y_XLU,8,2025-02-03,-0.008812255698130378,-0.051645487546920776
mlp,y_XLU,6,2025-02-04,0.010050157765515433,0.022567952051758766
mlp,y_XLU,7,2025-02-04,0.010050157765515433,0.038420576602220535
mlp,y_XLU,8,2025-02-04,0.010050157765515433,0.059156548231840134
mlp,y_XLU,6,2025-02-05,-0.0011480180471480361,0.019349409267306328
mlp,y_XLU,7,2025-02-05,-0.0011480180471480361,0.009707865305244923
mlp,y_XLU,8,2025-02-05,-0.0011480180471480361,-0.03924564644694328
mlp,y_XLU,6,2025-02-06,-0.0020434114437856143,-0.0013973060995340347
mlp,y_XLU,7,2025-02-06,-0.0020434114437856143,0.06927921622991562
mlp,y_XLU,8,2025-02-06,-0.0020434114437856143,-0.041580524295568466
mlp,y_XLU,7,2025-02-10,0.005063953863806869,0.001759047619998455
mlp,y_XLU,8,2025-02-10,0.005063953863806869,0.03573619946837425
mlp,y_XLU,9,2025-02-10,0.005063953863806869,0.004459109157323837
mlp,y_XLU,7,2025-02-11,-0.0017633994387368235,-0.003972110338509083
mlp,y_XLU,8,2025-02-11,-0.0017633994387368235,-0.012460187077522278
mlp,y_XLU,9,2025-02-11,-0.0017633994387368235,-0.035471510142087936
mlp,y_XLU,7,2025-02-12,0.002271218795001362,-0.011652878485620022
mlp,y_XLU,8,2025-02-12,0.002271218795001362,-0.03454558551311493
mlp,y_XLU,9,2025-02-12,0.002271218795001362,0.02284551039338112
mlp,y_XLU,7,2025-02-13,-0.004154646549271335,0.17522476613521576
mlp,y_XLU,8,2025-02-13,-0.004154646549271335,-0.017563868314027786
mlp,y_XLU,9,2025-02-13,-0.004154646549271335,-0.1356080174446106
mlp,y_XLU,7,2025-02-18,0.0052606763777320875,-0.05184372887015343
mlp,y_XLU,8,2025-02-18,0.0052606763777320875,0.004194524139165878
mlp,y_XLU,9,2025-02-18,0.0052606763777320875,-0.07553026080131531
mlp,y_XLU,7,2025-02-19,-0.00012475935426292661,0.052333224564790726
mlp,y_XLU,8,2025-02-19,-0.00012475935426292661,-0.017087262123823166
mlp,y_XLU,9,2025-02-19,-0.00012475935426292661,-0.02288326993584633
mlp,y_XLU,7,2025-02-20,0.000249256484237792,-0.002444273792207241
mlp,y_XLU,8,2025-02-20,0.000249256484237792,-0.018432743847370148
mlp,y_XLU,9,2025-02-20,0.000249256484237792,0.014958549290895462
mlp,y_XLU,7,2025-02-24,-0.005008159764354203,0.01893416792154312
mlp,y_XLU,8,2025-02-24,-0.005008159764354203,0.025027643889188766
mlp,y_XLU,9,2025-02-24,-0.005008159764354203,-0.06686793267726898
mlp,y_XLU,7,2025-02-25,0.00415265423174449,0.0026245983317494392
mlp,y_XLU,8,2025-02-25,0.00415265423174449,-0.03535868972539902
mlp,y_XLU,9,2025-02-25,0.00415265423174449,0.01658005267381668
mlp,y_XLU,7,2025-02-26,-0.02218059053771959,0.004414027556777
mlp,y_XLU,8,2025-02-26,-0.02218059053771959,-0.02151937410235405
mlp,y_XLU,9,2025-02-26,-0.02218059053771959,-0.018511313945055008
mlp,y_XLU,7,2025-02-27,0.015250542690386615,-0.013024302199482918
mlp,y_XLU,8,2025-02-27,0.015250542690386615,-0.018788043409585953
mlp,y_XLU,9,2025-02-27,0.015250542690386615,-0.04542524740099907
mlp,y_XLU,8,2025-03-03,-0.016261262785163932,-0.008649300783872604
mlp,y_XLU,9,2025-03-03,-0.016261262785163932,0.0235688928514719
mlp,y_XLU,10,2025-03-03,-0.016261262785163932,0.0004209764301776886
mlp,y_XLU,8,2025-03-04,-0.007047710409169183,-0.019591737538576126
mlp,y_XLU,9,2025-03-04,-0.007047710409169183,-0.016322586685419083
mlp,y_XLU,10,2025-03-04,-0.007047710409169183,-0.011544551700353622
mlp,y_XLU,8,2025-03-05,-0.020776930787379744,0.0048421211540699005
mlp,y_XLU,9,2025-03-05,-0.020776930787379744,0.007173590362071991
mlp,y_XLU,10,2025-03-05,-0.020776930787379744,-0.008818348869681358
mlp,y_XLU,8,2025-03-06,0.01858207053575267,-0.03807085007429123
mlp,y_XLU,9,2025-03-06,0.01858207053575267,-0.015759382396936417
mlp,y_XLU,10,2025-03-06,0.01858207053575267,0.016788750886917114
mlp,y_XLU,8,2025-03-10,-0.00934217340781096,0.02582976594567299
mlp,y_XLU,9,2025-03-10,-0.00934217340781096,-0.048241157084703445
mlp,y_XLU,10,2025-03-10,-0.00934217340781096,0.06430426239967346
mlp,y_XLU,8,2025-03-11,-0.0031004080487339047,0.04320989176630974
mlp,y_XLU,9,2025-03-11,-0.0031004080487339047,-0.041748080402612686
mlp,y_XLU,10,2025-03-11,-0.0031004080487339047,-0.011884698644280434
mlp,y_XLU,8,2025-03-12,0.002462089395850464,-0.010326460003852844
mlp,y_XLU,9,2025-03-12,0.002462089395850464,0.015966568142175674
mlp,y_XLU,10,2025-03-12,0.002462089395850464,-0.00026684999465942383
mlp,y_XLU,8,2025-03-13,0.019519207282187923,0.007957831025123596
mlp,y_XLU,9,2025-03-13,0.019519207282187923,-0.013863574713468552
mlp,y_XLU,10,2025-03-13,0.019519207282187923,0.015212267637252808
mlp,y_XLU,8,2025-03-17,-0.006944487104921349,0.020329389721155167
mlp,y_XLU,9,2025-03-17,-0.006944487104921349,0.004530653357505798
mlp,y_XLU,10,2025-03-17,-0.006944487104921349,-0.002299495041370392
mlp,y_XLU,8,2025-03-18,0.00368729547313551,0.00545327365398407
mlp,y_XLU,9,2025-03-18,0.00368729547313551,0.001863975077867508
mlp,y_XLU,10,2025-03-18,0.00368729547313551,0.02975904569029808
mlp,y_XLU,8,2025-03-19,0.004053888283268581,0.02893231436610222
mlp,y_XLU,9,2025-03-19,0.004053888283268581,-0.0671045184135437
mlp,y_XLU,10,2025-03-19,0.004053888283268581,-0.006009675562381744
mlp,y_XLU,8,2025-03-20,-0.006434687113933135,0.018359605222940445
mlp,y_XLU,9,2025-03-20,-0.006434687113933135,0.00773606076836586
mlp,y_XLU,10,2025-03-20,-0.006434687113933135,0.0028593875467777252
mlp,y_XLU,9,2025-03-24,-0.015990738489623846,0.0023651234805583954
mlp,y_XLU,10,2025-03-24,-0.015990738489623846,0.005379166454076767
mlp,y_XLU,11,2025-03-24,-0.015990738489623846,0.021491695195436478
mlp,y_XLU,9,2025-03-25,0.006630308630676041,-0.026940133422613144
mlp,y_XLU,10,2025-03-25,0.006630308630676041,0.05937179550528526
mlp,y_XLU,11,2025-03-25,0.006630308630676041,-0.023916121572256088
mlp,y_XLU,9,2025-03-26,-0.00025832514934709394,-0.0010725297033786774
mlp,y_XLU,10,2025-03-26,-0.00025832514934709394,0.008475564420223236
mlp,y_XLU,11,2025-03-26,-0.00025832514934709394,-0.0022746212780475616
mlp,y_XLU,9,2025-03-27,0.007363514822353867,0.018363889306783676
mlp,y_XLU,10,2025-03-27,0.007363514822353867,0.06825190782546997
mlp,y_XLU,11,2025-03-27,0.007363514822353867,-0.08596484363079071
mlp,y_XLU,9,2025-03-31,0.002536532571438155,-0.0068779923021793365
mlp,y_XLU,10,2025-03-31,0.002536532571438155,0.0011174827814102173
mlp,y_XLU,11,2025-03-31,0.002536532571438155,0.0007585491985082626
mlp,y_XLU,9,2025-04-01,0.004680535050094692,-0.18812203407287598
mlp,y_XLU,10,2025-04-01,0.004680535050094692,0.06610891222953796
mlp,y_XLU,11,2025-04-01,0.004680535050094692,-0.12638399004936218
mlp,y_XLU,9,2025-04-02,-0.006295623105588399,-0.02294158563017845
mlp,y_XLU,10,2025-04-02,-0.006295623105588399,0.004236176609992981
mlp,y_XLU,11,2025-04-02,-0.006295623105588399,-0.03699478134512901
mlp,y_XLU,9,2025-04-03,-0.05562596326534219,-0.009759854525327682
mlp,y_XLU,10,2025-04-03,-0.05562596326534219,0.02089647576212883
mlp,y_XLU,11,2025-04-03,-0.05562596326534219,-0.015125136822462082
mlp,y_XLU,9,2025-04-07,-0.004087758606392988,0.001042105257511139
mlp,y_XLU,10,2025-04-07,-0.004087758606392988,0.008273351937532425
mlp,y_XLU,11,2025-04-07,-0.004087758606392988,-0.011521611362695694
mlp,y_XLU,9,2025-04-08,0.03940359748523181,0.004322011023759842
mlp,y_XLU,10,2025-04-08,0.03940359748523181,-0.0050979964435100555
mlp,y_XLU,11,2025-04-08,0.03940359748523181,0.0028662793338298798
mlp,y_XLU,9,2025-04-09,-0.007502986240217835,0.018335651606321335
mlp,y_XLU,10,2025-04-09,-0.007502986240217835,-0.005383145064115524
mlp,y_XLU,11,2025-04-09,-0.007502986240217835,-0.00046582892537117004
mlp,y_XLU,9,2025-04-10,0.012201539265065842,0.036202654242515564
mlp,y_XLU,10,2025-04-10,0.012201539265065842,0.03564353659749031
mlp,y_XLU,11,2025-04-10,0.012201539265065842,-0.027761563658714294
mlp,y_XLU,10,2025-04-14,-0.0001287804561014294,0.05970421060919762
mlp,y_XLU,11,2025-04-14,-0.0001287804561014294,0.01767319068312645
mlp,y_XLU,12,2025-04-14,-0.0001287804561014294,0.03161375969648361
mlp,y_XLU,10,2025-04-15,-0.009011279069988887,0.061952363699674606
mlp,y_XLU,11,2025-04-15,-0.009011279069988887,-0.012706372886896133
mlp,y_XLU,12,2025-04-15,-0.009011279069988887,0.001261608675122261
mlp,y_XLU,10,2025-04-16,0.010262327293589779,0.040441419929265976
mlp,y_XLU,11,2025-04-16,0.010262327293589779,-0.00601452961564064
mlp,y_XLU,12,2025-04-16,0.010262327293589779,0.02887141890823841
mlp,y_XLU,10,2025-04-21,0.02726201549496632,-0.009762942790985107
mlp,y_XLU,11,2025-04-21,0.02726201549496632,0.01732763648033142
mlp,y_XLU,12,2025-04-21,0.02726201549496632,0.030085595324635506
mlp,y_XLU,10,2025-04-22,0.00423076727123739,0.0007794536650180817
mlp,y_XLU,11,2025-04-22,0.00423076727123739,-0.0006953924894332886
mlp,y_XLU,12,2025-04-22,0.00423076727123739,-0.04050678014755249
mlp,y_XLU,10,2025-04-23,0.001531943204299946,-0.012603960931301117
mlp,y_XLU,11,2025-04-23,0.001531943204299946,-0.0033070817589759827
mlp,y_XLU,12,2025-04-23,0.001531943204299946,0.00979633815586567
mlp,y_XLU,10,2025-04-24,-0.0030592992127923546,-0.023738931864500046
mlp,y_XLU,11,2025-04-24,-0.0030592992127923546,-0.008030321449041367
mlp,y_XLU,12,2025-04-24,-0.0030592992127923546,0.014019707217812538
mlp,y_XLU,10,2025-04-28,0.007752016280758944,-0.004627782851457596
mlp,y_XLU,11,2025-04-28,0.007752016280758944,-0.01727648451924324
mlp,y_XLU,12,2025-04-28,0.007752016280758944,-0.008753512054681778
mlp,y_XLU,10,2025-04-29,-0.005044178692547696,-0.011498011648654938
mlp,y_XLU,11,2025-04-29,-0.005044178692547696,-0.0064999498426914215
mlp,y_XLU,12,2025-04-29,-0.005044178692547696,-0.0014705751091241837
mlp,y_XLU,10,2025-04-30,0.0029151441034991343,0.003357909619808197
mlp,y_XLU,11,2025-04-30,0.0029151441034991343,0.009498029947280884
mlp,y_XLU,12,2025-04-30,0.0029151441034991343,-0.004789412021636963
mlp,y_XLU,10,2025-05-01,0.007835052196098147,0.01290195807814598
mlp,y_XLU,11,2025-05-01,0.007835052196098147,0.054325852543115616
mlp,y_XLU,12,2025-05-01,0.007835052196098147,0.11010375618934631
mlp,y_XLU,11,2025-05-05,0.0121934579749583,-0.023181859403848648
mlp,y_XLU,12,2025-05-05,0.0121934579749583,0.04659464210271835
mlp,y_XLU,13,2025-05-05,0.0121934579749583,-0.033420905470848083
mlp,y_XLU,11,2025-05-06,0.002856396889075352,0.031727034598588943
mlp,y_XLU,12,2025-05-06,0.002856396889075352,0.015016721561551094
mlp,y_XLU,13,2025-05-06,0.002856396889075352,-0.05454237759113312
mlp,y_XLU,11,2025-05-07,-0.008049471372886585,-0.010046325623989105
mlp,y_XLU,12,2025-05-07,-0.008049471372886585,0.002635503187775612
mlp,y_XLU,13,2025-05-07,-0.008049471372886585,-0.01003853976726532
mlp,y_XLU,11,2025-05-08,0.0017478056609758763,-0.1003282219171524
mlp,y_XLU,12,2025-05-08,0.0017478056609758763,-0.07627065479755402
mlp,y_XLU,13,2025-05-08,0.0017478056609758763,-0.08515378087759018
mlp,y_XLU,11,2025-05-12,-0.0013792344809012702,-0.003631260246038437
mlp,y_XLU,12,2025-05-12,-0.0013792344809012702,-0.021476857364177704
mlp,y_XLU,13,2025-05-12,-0.0013792344809012702,0.021997511386871338
mlp,y_XLU,11,2025-05-13,-0.004394152022183739,-0.003062387928366661
mlp,y_XLU,12,2025-05-13,-0.004394152022183739,0.006212541833519936
mlp,y_XLU,13,2025-05-13,-0.004394152022183739,0.012642469257116318
mlp,y_XLU,11,2025-05-14,0.021311421608442238,0.011529303155839443
mlp,y_XLU,12,2025-05-14,0.021311421608442238,-0.0010627564042806625
mlp,y_XLU,13,2025-05-14,0.021311421608442238,0.0002219676971435547
mlp,y_XLU,11,2025-05-15,0.014693236441219781,0.00043837912380695343
mlp,y_XLU,12,2025-05-15,0.014693236441219781,0.009491318836808205
mlp,y_XLU,13,2025-05-15,0.014693236441219781,-0.02020571380853653
mlp,y_XLU,11,2025-05-19,0.0029079637040809736,-0.015643451362848282
mlp,y_XLU,12,2025-05-19,0.0029079637040809736,-0.012224918231368065
mlp,y_XLU,13,2025-05-19,0.0029079637040809736,-0.025667212903499603
mlp,y_XLU,11,2025-05-20,-0.018243233829178362,0.016243677586317062
mlp,y_XLU,12,2025-05-20,-0.018243233829178362,0.004651578143239021
mlp,y_XLU,13,2025-05-20,-0.018243233829178362,0.02758568897843361
mlp,y_XLU,11,2025-05-21,-0.014275143099032217,-0.020451728254556656
mlp,y_XLU,12,2025-05-21,-0.014275143099032217,-0.00011071749031543732
mlp,y_XLU,13,2025-05-21,-0.014275143099032217,-0.0718117356300354
mlp,y_XLU,11,2025-05-22,0.011984925309932226,-0.033888526260852814
mlp,y_XLU,12,2025-05-22,0.011984925309932226,-0.05011090636253357
mlp,y_XLU,13,2025-05-22,0.011984925309932226,0.0160197950899601
mlp,y_XLU,12,2025-05-27,-0.01395866040595406,-0.0012720730155706406
mlp,y_XLU,13,2025-05-27,-0.01395866040595406,-0.0004043504595756531
mlp,y_XLU,14,2025-05-27,-0.01395866040595406,-0.008335226215422153
mlp,y_XLU,12,2025-05-28,0.006953892580414678,-0.0012194737792015076
mlp,y_XLU,13,2025-05-28,0.006953892580414678,-0.039052218198776245
mlp,y_XLU,14,2025-05-28,0.006953892580414678,0.014643865637481213
mlp,y_XLU,12,2025-05-29,0.01023561615824442,0.00865042395889759
mlp,y_XLU,13,2025-05-29,0.01023561615824442,0.02480377070605755
mlp,y_XLU,14,2025-05-29,0.01023561615824442,-0.0028257248923182487
mlp,y_XLU,12,2025-06-02,0.0026770492003791446,0.008816016837954521
mlp,y_XLU,13,2025-06-02,0.0026770492003791446,0.01250576600432396
mlp,y_XLU,14,2025-06-02,0.0026770492003791446,0.014520994387567043
mlp,y_XLU,12,2025-06-03,-0.017475780670134555,-0.004865903407335281
mlp,y_XLU,13,2025-06-03,-0.017475780670134555,-0.061467498540878296
mlp,y_XLU,14,2025-06-03,-0.017475780670134555,-0.02541552111506462
mlp,y_XLU,12,2025-06-04,-0.0016056606105263604,-0.009801952168345451
mlp,y_XLU,13,2025-06-04,-0.0016056606105263604,-0.00877469778060913
mlp,y_XLU,14,2025-06-04,-0.0016056606105263604,0.03345252573490143
mlp,y_XLU,12,2025-06-05,0.004453684715561401,-0.003825567662715912
mlp,y_XLU,13,2025-06-05,0.004453684715561401,0.004586569964885712
mlp,y_XLU,14,2025-06-05,0.004453684715561401,0.011413267813622952
mlp,y_XLU,12,2025-06-09,0.00235528232237181,0.041851215064525604
mlp,y_XLU,13,2025-06-09,0.00235528232237181,-0.020492881536483765
mlp,y_XLU,14,2025-06-09,0.00235528232237181,0.015924997627735138
mlp,y_XLU,12,2025-06-10,0.0006183699529058728,-0.0006968192756175995
mlp,y_XLU,13,2025-06-10,0.0006183699529058728,-0.003889508545398712
mlp,y_XLU,14,2025-06-10,0.0006183699529058728,-0.0034321164712309837
mlp,y_XLU,12,2025-06-11,0.012112156553059084,0.010560957714915276
mlp,y_XLU,13,2025-06-11,0.012112156553059084,-0.02042096108198166
mlp,y_XLU,14,2025-06-11,0.012112156553059084,0.022039327770471573
mlp,y_XLU,12,2025-06-12,-0.00573949073925617,-0.018088649958372116
mlp,y_XLU,13,2025-06-12,-0.00573949073925617,-0.009154539555311203
mlp,y_XLU,14,2025-06-12,-0.00573949073925617,-0.011257008649408817
mlp,y_XLU,13,2025-07-02,0.007509564265414159,-0.008517436683177948
mlp,y_XLU,14,2025-07-02,0.007509564265414159,-0.005944688804447651
mlp,y_XLU,15,2025-07-02,0.007509564265414159,0.06309245526790619
mlp,y_XLU,13,2025-07-07,-0.010608471736737624,0.012808844447135925
mlp,y_XLU,14,2025-07-07,-0.010608471736737624,-0.008751162327826023
mlp,y_XLU,15,2025-07-07,-0.010608471736737624,-0.008990969508886337
mlp,y_XLU,13,2025-07-08,0.009366538626564669,-0.029901333153247833
mlp,y_XLU,14,2025-07-08,0.009366538626564669,-0.033582013100385666
mlp,y_XLU,15,2025-07-08,0.009366538626564669,0.03275110945105553
mlp,y_XLU,13,2025-07-09,0.008180669763873327,-0.016319312155246735
mlp,y_XLU,14,2025-07-09,0.008180669763873327,-0.006960836239159107
mlp,y_XLU,15,2025-07-09,0.008180669763873327,0.005995247513055801
mlp,y_XLU,13,2025-07-10,-0.0014533783079632157,0.023277588188648224
mlp,y_XLU,14,2025-07-10,-0.0014533783079632157,0.018933644518256187
mlp,y_XLU,15,2025-07-10,-0.0014533783079632157,-0.005815640091896057
mlp,y_XLU,13,2025-07-14,-0.00954339585602193,-0.029617764055728912
mlp,y_XLU,14,2025-07-14,-0.00954339585602193,0.019681811332702637
mlp,y_XLU,15,2025-07-14,-0.00954339585602193,0.005055151879787445
mlp,y_XLU,13,2025-07-15,0.00048785506108361965,0.002627640962600708
mlp,y_XLU,14,2025-07-15,0.00048785506108361965,0.0389971062541008
mlp,y_XLU,15,2025-07-15,0.00048785506108361965,0.013227421790361404
mlp,y_XLU,13,2025-07-16,0.004144887486275284,0.018087081611156464
mlp,y_XLU,14,2025-07-16,0.004144887486275284,0.00199146568775177
mlp,y_XLU,15,2025-07-16,0.004144887486275284,-0.002197135239839554
mlp,y_XLU,13,2025-07-17,0.016753680574142615,-0.08928330987691879
mlp,y_XLU,14,2025-07-17,0.016753680574142615,-0.05306215584278107
mlp,y_XLU,15,2025-07-17,0.016753680574142615,0.11360721290111542
mlp,y_XLU,13,2025-07-21,0.012259144232415586,0.006846722215414047
mlp,y_XLU,14,2025-07-21,0.012259144232415586,-0.006470865570008755
mlp,y_XLU,15,2025-07-21,0.012259144232415586,0.008074220269918442
mlp,y_XLU,13,2025-07-22,-0.007524931995377626,0.004174932837486267
mlp,y_XLU,14,2025-07-22,-0.007524931995377626,0.012029393576085567
mlp,y_XLU,15,2025-07-22,-0.007524931995377626,0.0022245384752750397
mlp,y_XLU,13,2025-07-23,-0.0013032526678359302,-0.00819253921508789
mlp,y_XLU,14,2025-07-23,-0.0013032526678359302,0.011176875792443752
mlp,y_XLU,15,2025-07-23,-0.0013032526678359302,-0.018097292631864548
mlp,y_XLU,14,2025-07-24,0.0026096313194678977,-0.01174130942672491
mlp,y_XLU,15,2025-07-24,0.0026096313194678977,-0.0019169040024280548
mlp,y_XLU,16,2025-07-24,0.0026096313194678977,-0.008015863597393036
mlp,y_XLU,14,2025-07-28,0.011480471686013072,-0.023738116025924683
mlp,y_XLU,15,2025-07-28,0.011480471686013072,0.008088227361440659
mlp,y_XLU,16,2025-07-28,0.011480471686013072,-0.02033456787467003
mlp,y_XLU,14,2025-07-29,0.007448449505309318,0.022324014455080032
mlp,y_XLU,15,2025-07-29,0.007448449505309318,0.006739765405654907
mlp,y_XLU,16,2025-07-29,0.007448449505309318,0.009176664985716343
mlp,y_XLU,14,2025-07-30,0.005398460805240202,-0.021160058677196503
mlp,y_XLU,15,2025-07-30,0.005398460805240202,0.010728683322668076
mlp,y_XLU,16,2025-07-30,0.005398460805240202,0.015948273241519928
mlp,y_XLU,14,2025-07-31,0.0015174894726426302,0.010069980286061764
mlp,y_XLU,15,2025-07-31,0.0015174894726426302,0.09589238464832306
mlp,y_XLU,16,2025-07-31,0.0015174894726426302,0.011133971624076366
mlp,y_XLU,14,2025-08-04,-0.010650433147686322,0.00555125717073679
mlp,y_XLU,15,2025-08-04,-0.010650433147686322,-0.011222455650568008
mlp,y_XLU,16,2025-08-04,-0.010650433147686322,-0.022744659334421158
mlp,y_XLU,14,2025-08-05,-0.008913055142345971,0.014199699275195599
mlp,y_XLU,15,2025-08-05,-0.008913055142345971,-0.024689652025699615
mlp,y_XLU,16,2025-08-05,-0.008913055142345971,-0.01089052390307188
mlp,y_XLU,14,2025-08-06,0.010861989057573185,0.016932960599660873
mlp,y_XLU,15,2025-08-06,0.010861989057573185,-0.023221168667078018
mlp,y_XLU,16,2025-08-06,0.010861989057573185,0.0007169982418417931
mlp,y_XLU,14,2025-08-07,-0.004275060131584074,0.004636402241885662
mlp,y_XLU,15,2025-08-07,-0.004275060131584074,-0.009450983256101608
mlp,y_XLU,16,2025-08-07,-0.004275060131584074,-0.004508123733103275
mlp,y_XLU,14,2025-08-11,0.004306817948443564,-0.00601803045719862
mlp,y_XLU,15,2025-08-11,0.004306817948443564,0.010189477354288101
mlp,y_XLU,16,2025-08-11,0.004306817948443564,-0.02697490155696869
mlp,y_XLU,14,2025-08-12,0.0022021129449945054,-0.02456960827112198
mlp,y_XLU,15,2025-08-12,0.0022021129449945054,0.03243711218237877
mlp,y_XLU,16,2025-08-12,0.0022021129449945054,0.03346947580575943
mlp,y_XLU,15,2025-08-13,-0.006938779783859372,-0.010156288743019104
mlp,y_XLU,16,2025-08-13,-0.006938779783859372,0.00991384033113718
mlp,y_XLU,17,2025-08-13,-0.006938779783859372,-0.009974336251616478
mlp,y_XLU,15,2025-08-14,-0.0029113895646866172,0.020891200751066208
mlp,y_XLU,16,2025-08-14,-0.0029113895646866172,0.01228476595133543
mlp,y_XLU,17,2025-08-14,-0.0029113895646866172,-0.01306520402431488
mlp,y_XLU,15,2025-08-18,0.009736180020752272,0.005434054881334305
mlp,y_XLU,16,2025-08-18,0.009736180020752272,0.006534376181662083
mlp,y_XLU,17,2025-08-18,0.009736180020752272,0.011965010315179825
mlp,y_XLU,15,2025-08-19,0.0010454965393884574,-0.00016481801867485046
mlp,y_XLU,16,2025-08-19,0.0010454965393884574,-0.014519410207867622
mlp,y_XLU,17,2025-08-19,0.0010454965393884574,-0.010179776698350906
mlp,y_XLU,15,2025-08-20,-0.006846911925439403,0.008203383535146713
mlp,y_XLU,16,2025-08-20,-0.006846911925439403,-0.0017726356163620949
mlp,y_XLU,17,2025-08-20,-0.006846911925439403,-0.009939644485712051
mlp,y_XLU,15,2025-08-21,0.005375120475668904,0.012559507042169571
mlp,y_XLU,16,2025-08-21,0.005375120475668904,-0.004209921695291996
mlp,y_XLU,17,2025-08-21,0.005375120475668904,0.004845388233661652
mlp,y_XLU,15,2025-08-25,0.002233525791564883,-0.003586944192647934
mlp,y_XLU,16,2025-08-25,0.002233525791564883,-0.012456393800675869
mlp,y_XLU,17,2025-08-25,0.002233525791564883,-0.014163564890623093
mlp,y_XLU,15,2025-08-26,0.00023443594466643347,-0.013413958251476288
mlp,y_XLU,16,2025-08-26,0.00023443594466643347,0.019586313515901566
mlp,y_XLU,17,2025-08-26,0.00023443594466643347,0.018869947642087936
mlp,y_XLU,15,2025-08-27,-0.007621874035321996,-0.010403156280517578
mlp,y_XLU,16,2025-08-27,-0.007621874035321996,0.005681966431438923
mlp,y_XLU,17,2025-08-27,-0.007621874035321996,-0.006419915705919266
mlp,y_XLU,15,2025-08-28,-0.003663047874182257,-0.02159293368458748
mlp,y_XLU,16,2025-08-28,-0.003663047874182257,-0.022570069879293442
mlp,y_XLU,17,2025-08-28,-0.003663047874182257,-0.0005392506718635559
mlp,y_XLU,15,2025-09-02,-0.0024988312913197808,0.004920441657304764
mlp,y_XLU,16,2025-09-02,-0.0024988312913197808,0.01999744400382042
mlp,y_XLU,17,2025-09-02,-0.0024988312913197808,-0.0038073696196079254
mlp,y_XLU,16,2025-09-03,-0.0011929137067288043,0.007517986930906773
mlp,y_XLU,17,2025-09-03,-0.0011929137067288043,0.013833772391080856
mlp,y_XLU,18,2025-09-03,-0.0011929137067288043,-0.010747412219643593
mlp,y_XLU,16,2025-09-04,-0.0031052060328556896,0.021096352487802505
mlp,y_XLU,17,2025-09-04,-0.0031052060328556896,0.04726053774356842
mlp,y_XLU,18,2025-09-04,-0.0031052060328556896,0.024126680567860603
mlp,y_XLU,16,2025-09-08,0.006899087683227112,-0.018145959824323654
mlp,y_XLU,17,2025-09-08,0.006899087683227112,-0.015248935669660568
mlp,y_XLU,18,2025-09-08,0.006899087683227112,-0.028318732976913452
mlp,y_XLU,16,2025-09-09,0.017189445560988448,-0.023014653474092484
mlp,y_XLU,17,2025-09-09,0.017189445560988448,-0.030471984297037125
mlp,y_XLU,18,2025-09-09,0.017189445560988448,-0.020136265084147453
mlp,y_XLU,16,2025-09-10,0.005317950389328807,-0.013106141239404678
mlp,y_XLU,17,2025-09-10,0.005317950389328807,0.04040879011154175
mlp,y_XLU,18,2025-09-10,0.005317950389328807,-0.01529000885784626
mlp,y_XLU,16,2025-09-11,0.005054586937357941,-0.012978044338524342
mlp,y_XLU,17,2025-09-11,0.005054586937357941,0.00715453177690506
mlp,y_XLU,18,2025-09-11,0.005054586937357941,-0.011533273383975029
mlp,y_XLU,16,2025-09-15,-0.01820304738851153,0.009397895075380802
mlp,y_XLU,17,2025-09-15,-0.01820304738851153,0.01434827595949173
mlp,y_XLU,18,2025-09-15,-0.01820304738851153,0.028915228322148323
mlp,y_XLU,16,2025-09-16,0.002495861613495798,-0.020609376952052116
mlp,y_XLU,17,2025-09-16,0.002495861613495798,-0.010555621236562729
mlp,y_XLU,18,2025-09-16,0.002495861613495798,-0.011548144742846489
mlp,y_XLU,16,2025-09-17,0.000711445893828877,0.015440558083355427
mlp,y_XLU,17,2025-09-17,0.000711445893828877,0.010357867926359177
mlp,y_XLU,18,2025-09-17,0.000711445893828877,0.001568315550684929
mlp,y_XLU,16,2025-09-18,0.006397177434880552,0.09684652835130692
mlp,y_XLU,17,2025-09-18,0.006397177434880552,0.012603998184204102
mlp,y_XLU,18,2025-09-18,0.006397177434880552,0.06788625568151474
mlp,y_XLU,16,2025-09-22,0.005164334793387404,-0.031142640858888626
mlp,y_XLU,17,2025-09-22,0.005164334793387404,0.04445861279964447
mlp,y_XLU,18,2025-09-22,0.005164334793387404,-0.043915845453739166
mlp,y_XLU,17,2025-09-23,0.00712280604756832,-0.00446745753288269
mlp,y_XLU,18,2025-09-23,0.00712280604756832,0.01314149983227253
mlp,y_XLU,19,2025-09-23,0.00712280604756832,-0.06024523824453354
mlp,y_XLU,17,2025-09-24,-0.009623207417946644,0.11128957569599152
mlp,y_XLU,18,2025-09-24,-0.009623207417946644,0.10551481693983078
mlp,y_XLU,19,2025-09-24,-0.009623207417946644,0.0066311173141002655
mlp,y_XLU,17,2025-09-25,0.016272509622588638,-0.004084669053554535
mlp,y_XLU,18,2025-09-25,0.016272509622588638,0.00136515311896801
mlp,y_XLU,19,2025-09-25,0.016272509622588638,-0.009735830128192902
mlp,y_XLU,17,2025-09-29,0.001722984981645359,-0.006048616021871567
mlp,y_XLU,18,2025-09-29,0.001722984981645359,0.006925323978066444
mlp,y_XLU,19,2025-09-29,0.001722984981645359,-0.023691363632678986
mlp,y_XLU,17,2025-09-30,0.00963194362243125,0.03027419000864029
mlp,y_XLU,18,2025-09-30,0.00963194362243125,-0.021229291334748268
mlp,y_XLU,19,2025-09-30,0.00963194362243125,-0.03663181513547897
mlp,y_XLU,17,2025-10-01,-0.0018171864670244453,0.04265010356903076
mlp,y_XLU,18,2025-10-01,-0.0018171864670244453,0.08821061253547668
mlp,y_XLU,19,2025-10-01,-0.0018171864670244453,0.001014944165945053
mlp,y_XLU,17,2025-10-02,0.011605478450498197,-0.005761006847023964
mlp,y_XLU,18,2025-10-02,0.011605478450498197,0.08415861427783966
mlp,y_XLU,19,2025-10-02,0.011605478450498197,0.02633511647582054
mlp,y_XLU,17,2025-10-06,0.0045673212152888,-0.03109358623623848
mlp,y_XLU,18,2025-10-06,0.0045673212152888,-0.006479687988758087
mlp,y_XLU,19,2025-10-06,0.0045673212152888,0.012646680697798729
mlp,y_XLU,17,2025-10-07,0.006875194017683661,-0.01480432040989399
mlp,y_XLU,18,2025-10-07,0.006875194017683661,0.028732290491461754
mlp,y_XLU,19,2025-10-07,0.006875194017683661,0.002189692109823227
mlp,y_XLU,17,2025-10-08,-0.0025330913254637544,0.05640426278114319
mlp,y_XLU,18,2025-10-08,-0.0025330913254637544,0.01161111705005169
mlp,y_XLU,19,2025-10-08,-0.0025330913254637544,0.015152432024478912
mlp,y_XLU,17,2025-10-09,-0.004085321494271876,-0.0008122101426124573
mlp,y_XLU,18,2025-10-09,-0.004085321494271876,0.007369248196482658
mlp,y_XLU,19,2025-10-09,-0.004085321494271876,-0.0026388168334960938
mlp,y_XLU,18,2025-10-13,0.0089118001729791,-0.006252773106098175
mlp,y_XLU,19,2025-10-13,0.0089118001729791,-0.0068680718541145325
mlp,y_XLU,20,2025-10-13,0.0089118001729791,0.0261804461479187
mlp,y_XLU,18,2025-10-14,0.013086251590014086,-0.019049551337957382
mlp,y_XLU,19,2025-10-14,0.013086251590014086,-0.003847837448120117
mlp,y_XLU,20,2025-10-14,0.013086251590014086,-0.010268633253872395
mlp,y_XLU,18,2025-10-15,-0.010871961981270495,0.20712381601333618
mlp,y_XLU,19,2025-10-15,-0.010871961981270495,-0.09081818163394928
mlp,y_XLU,20,2025-10-15,-0.010871961981270495,0.04327017813920975
mlp,y_XLU,18,2025-10-16,-0.003482412357908804,0.030572718009352684
mlp,y_XLU,19,2025-10-16,-0.003482412357908804,-0.004988174885511398
mlp,y_XLU,20,2025-10-16,-0.003482412357908804,-0.08206161111593246
mlp,y_XLU,18,2025-10-20,-0.010159449362714734,0.014002392068505287
mlp,y_XLU,19,2025-10-20,-0.010159449362714734,0.003631487488746643
mlp,y_XLU,20,2025-10-20,-0.010159449362714734,-0.01564968377351761
mlp,y_XLU,18,2025-10-21,-0.0023176723684522615,0.01572450064122677
mlp,y_XLU,19,2025-10-21,-0.0023176723684522615,0.006463708356022835
mlp,y_XLU,20,2025-10-21,-0.0023176723684522615,-0.0025008292868733406
mlp,y_XLU,18,2025-10-22,-0.0007742671224973963,0.01820394955575466
mlp,y_XLU,19,2025-10-22,-0.0007742671224973963,0.026073884218931198
mlp,y_XLU,20,2025-10-22,-0.0007742671224973963,0.05753735452890396
mlp,y_XLU,18,2025-10-23,0.01173464963729054,0.01578659377992153
mlp,y_XLU,19,2025-10-23,0.01173464963729054,0.004513854160904884
mlp,y_XLU,20,2025-10-23,0.01173464963729054,-0.00497553963214159
mlp,y_XLU,18,2025-10-27,-0.0164775224540602,-0.016111308708786964
mlp,y_XLU,19,2025-10-27,-0.0164775224540602,0.016798850148916245
mlp,y_XLU,20,2025-10-27,-0.0164775224540602,0.002186872996389866
mlp,y_XLU,18,2025-10-28,-0.0003328593591171991,0.0008539929986000061
mlp,y_XLU,19,2025-10-28,-0.0003328593591171991,-0.011400245130062103
mlp,y_XLU,20,2025-10-28,-0.0003328593591171991,-0.009663782082498074
mlp,y_XLU,18,2025-10-29,-0.004217537112569336,-0.015281843021512032
mlp,y_XLU,19,2025-10-29,-0.004217537112569336,0.006777700036764145
mlp,y_XLU,20,2025-10-29,-0.004217537112569336,-0.006049060262739658
mlp,y_XLU,18,2025-10-30,-0.006910443696217183,0.028293592855334282
mlp,y_XLU,19,2025-10-30,-0.006910443696217183,0.013917372561991215
mlp,y_XLU,20,2025-10-30,-0.006910443696217183,0.020687954500317574
mlp,y_XLU,19,2025-11-03,-0.0035894431004593885,0.055456534028053284
mlp,y_XLU,20,2025-11-03,-0.0035894431004593885,0.024195097386837006
mlp,y_XLU,21,2025-11-03,-0.0035894431004593885,-0.004250749945640564
mlp,y_XLU,19,2025-11-04,0.0002250672281260968,-0.02109978348016739
mlp,y_XLU,20,2025-11-04,0.0002250672281260968,0.018811050802469254
mlp,y_XLU,21,2025-11-04,0.0002250672281260968,0.03801222890615463
mlp,y_XLU,19,2025-11-05,-0.004389423857190877,0.027122080326080322
mlp,y_XLU,20,2025-11-05,-0.004389423857190877,-0.015231997705996037
mlp,y_XLU,21,2025-11-05,-0.004389423857190877,-0.0036521367728710175
mlp,y_XLU,19,2025-11-06,0.0139046141039465,0.01064855232834816
mlp,y_XLU,20,2025-11-06,0.0139046141039465,-0.027149498462677002
mlp,y_XLU,21,2025-11-06,0.0139046141039465,-0.0456911101937294
mlp,y_XLU,19,2025-11-10,0.0005575879281185525,-0.039802126586437225
mlp,y_XLU,20,2025-11-10,0.0005575879281185525,0.029459021985530853
mlp,y_XLU,21,2025-11-10,0.0005575879281185525,0.08295517414808273
mlp,y_XLU,19,2025-11-11,0.0023408384108618563,-0.018549449741840363
mlp,y_XLU,20,2025-11-11,0.0023408384108618563,-0.008999944664537907
mlp,y_XLU,21,2025-11-11,0.0023408384108618563,0.01737309992313385
mlp,y_XLU,19,2025-11-12,-0.013789976571058848,-0.025894038379192352
mlp,y_XLU,20,2025-11-12,-0.013789976571058848,-0.0037152329459786415
mlp,y_XLU,21,2025-11-12,-0.013789976571058848,-0.027871057391166687
mlp,y_XLU,19,2025-11-13,0.0009021384356044937,0.0021357089281082153
mlp,y_XLU,20,2025-11-13,0.0009021384356044937,0.0130775673314929
mlp,y_XLU,21,2025-11-13,0.0009021384356044937,0.01928335428237915
mlp,y_XLU,19,2025-11-17,-0.003796329696811207,-0.009748384356498718
mlp,y_XLU,20,2025-11-17,-0.003796329696811207,-0.020069211721420288
mlp,y_XLU,21,2025-11-17,-0.003796329696811207,0.008990257978439331
mlp,y_XLU,19,2025-11-18,-0.008406187011535171,-0.0015484187752008438
mlp,y_XLU,20,2025-11-18,-0.008406187011535171,-0.009674889035522938
mlp,y_XLU,21,2025-11-18,-0.008406187011535171,0.015069149434566498
mlp,y_XLU,19,2025-11-19,-0.0050864874018122785,0.002118004485964775
mlp,y_XLU,20,2025-11-19,-0.0050864874018122785,0.003972881473600864
mlp,y_XLU,21,2025-11-19,-0.0050864874018122785,0.022698596119880676
mlp,y_XLU,19,2025-11-20,0.0014769673693519891,0.050357624888420105
mlp,y_XLU,20,2025-11-20,0.0014769673693519891,-0.009129351936280727
mlp,y_XLU,21,2025-11-20,0.0014769673693519891,0.021381720900535583
mlp,y_XLU,20,2025-11-24,-0.0038138749034546393,-0.035418782383203506
mlp,y_XLU,21,2025-11-24,-0.0038138749034546393,0.01507624238729477
mlp,y_XLU,22,2025-11-24,-0.0038138749034546393,0.009464043192565441
mlp,y_XLU,20,2025-11-25,0.013286804921332385,0.0186091847717762
mlp,y_XLU,21,2025-11-25,0.013286804921332385,-0.0033750757575035095
mlp,y_XLU,22,2025-11-25,0.013286804921332385,-0.0074985576793551445
mlp,y_XLU,20,2025-12-01,-0.007117811985585698,-0.002842591144144535
mlp,y_XLU,21,2025-12-01,-0.007117811985585698,0.021552063524723053
mlp,y_XLU,22,2025-12-01,-0.007117811985585698,-0.0074265506118535995
mlp,y_XLU,20,2025-12-02,-0.0031862281611558796,0.004389908164739609
mlp,y_XLU,21,2025-12-02,-0.0031862281611558796,0.058466196060180664
mlp,y_XLU,22,2025-12-02,-0.0031862281611558796,-0.009036730974912643
mlp,y_XLU,20,2025-12-03,-0.002054748964728348,0.0009486507624387741
mlp,y_XLU,21,2025-12-03,-0.002054748964728348,0.018545590341091156
mlp,y_XLU,22,2025-12-03,-0.002054748964728348,-0.0003608623519539833
mlp,y_XLU,20,2025-12-04,-0.009380020889626528,-0.009103677235543728
mlp,y_XLU,21,2025-12-04,-0.009380020889626528,0.029887720942497253
mlp,y_XLU,22,2025-12-04,-0.009380020889626528,0.00042621418833732605
mlp,y_XLU,20,2025-12-08,0.0007021715679080831,0.07406868785619736
mlp,y_XLU,21,2025-12-08,0.0007021715679080831,0.14272838830947876
mlp,y_XLU,22,2025-12-08,0.0007021715679080831,0.08041858673095703
mlp,y_XLU,20,2025-12-09,-0.0004678458467712865,0.010890490375459194
mlp,y_XLU,21,2025-12-09,-0.0004678458467712865,0.03635866194963455
mlp,y_XLU,22,2025-12-09,-0.0004678458467712865,-0.008892718702554703
mlp,y_XLU,20,2025-12-10,0.007254914905562293,0.007504117675125599
mlp,y_XLU,21,2025-12-10,0.007254914905562293,-0.010841626673936844
mlp,y_XLU,22,2025-12-10,0.007254914905562293,-0.04130159318447113
mlp,y_XLU,20,2025-12-11,-0.004879192633411189,-0.006177463568747044
mlp,y_XLU,21,2025-12-11,-0.004879192633411189,0.039826758205890656
mlp,y_XLU,22,2025-12-11,-0.004879192633411189,-0.018275294452905655
mlp,y_XLU,21,2025-12-15,-0.004164734802386105,0.03641004115343094
mlp,y_XLU,22,2025-12-15,-0.004164734802386105,-0.01107011828571558
mlp,y_XLU,23,2025-12-15,-0.004164734802386105,0.03428833186626434
mlp,y_XLU,21,2025-12-16,-0.006505619943031338,-0.022214245051145554
mlp,y_XLU,22,2025-12-16,-0.006505619943031338,0.01644892618060112
mlp,y_XLU,23,2025-12-16,-0.006505619943031338,0.005131999030709267
mlp,y_XLU,21,2025-12-17,0.009822285322100166,-0.024773165583610535
mlp,y_XLU,22,2025-12-17,0.009822285322100166,-0.015863269567489624
mlp,y_XLU,23,2025-12-17,0.009822285322100166,0.004041295498609543
mlp,y_XLU,21,2025-12-18,-0.012737372149651871,-0.007320694625377655
mlp,y_XLU,22,2025-12-18,-0.012737372149651871,-0.028724540024995804
mlp,y_XLU,23,2025-12-18,-0.012737372149651871,0.03337318077683449
mlp,y_XLU,21,2025-12-23,0.00445805833336399,0.03001142293214798
mlp,y_XLU,22,2025-12-23,0.00445805833336399,-0.022326432168483734
mlp,y_XLU,23,2025-12-23,0.00445805833336399,-0.011055972427129745
mlp,y_XLU,21,2025-12-29,0.0023331421534544816,0.024469763040542603
mlp,y_XLU,22,2025-12-29,0.0023331421534544816,0.007065664045512676
mlp,y_XLU,23,2025-12-29,0.0023331421534544816,0.012531304731965065
mlp,y_XLU,21,2025-12-30,-0.006284926990635542,-0.01184055209159851
mlp,y_XLU,22,2025-12-30,-0.006284926990635542,0.0016609523445367813
mlp,y_XLU,23,2025-12-30,-0.006284926990635542,-0.010083891451358795
mlp,y_XLU,22,2026-01-05,0.004918011258091548,0.01026116218417883
mlp,y_XLU,23,2026-01-05,0.004918011258091548,-0.07805311679840088
mlp,y_XLU,24,2026-01-05,0.004918011258091548,0.08490850031375885
mlp,y_XLU,22,2026-01-06,-0.024236796066781308,-0.003261732868850231
mlp,y_XLU,23,2026-01-06,-0.024236796066781308,0.020909450948238373
mlp,y_XLU,24,2026-01-06,-0.024236796066781308,-0.014222852885723114
mlp,y_XLU,22,2026-01-07,0.0028660795233659275,0.017049640417099
mlp,y_XLU,23,2026-01-07,0.0028660795233659275,0.01028633862733841
mlp,y_XLU,24,2026-01-07,0.0028660795233659275,-0.008160248398780823
mlp,y_XLU,22,2026-01-08,0.012383820487748887,0.015145915560424328
mlp,y_XLU,23,2026-01-08,0.012383820487748887,0.005126629024744034
mlp,y_XLU,24,2026-01-08,0.012383820487748887,-9.862333536148071e-05
mlp,y_XLU,22,2026-01-12,0.006340926055796503,0.016301080584526062
mlp,y_XLU,23,2026-01-12,0.006340926055796503,-0.04435627534985542
mlp,y_XLU,24,2026-01-12,0.006340926055796503,0.0542970709502697
mlp,y_XLU,22,2026-01-13,0.007467904462528541,-0.0023088017478585243
mlp,y_XLU,23,2026-01-13,0.007467904462528541,0.01801440864801407
mlp,y_XLU,24,2026-01-13,0.007467904462528541,-0.0232187919318676
mlp,y_XLU,22,2026-01-14,0.010192320131316768,0.002952408976852894
mlp,y_XLU,23,2026-01-14,0.010192320131316768,0.005678186193108559
mlp,y_XLU,24,2026-01-14,0.010192320131316768,0.0025635622441768646
mlp,y_XLU,22,2026-01-15,-0.005044742435772909,0.005666556768119335
mlp,y_XLU,23,2026-01-15,-0.005044742435772909,-0.011207643896341324
mlp,y_XLU,24,2026-01-15,-0.005044742435772909,0.0017228350043296814
mlp,y_XLU,22,2026-01-21,-0.0072059825660710786,0.005260367877781391
mlp,y_XLU,23,2026-01-21,-0.0072059825660710786,0.019486194476485252
mlp,y_XLU,24,2026-01-21,-0.0072059825660710786,-0.02160024084150791
mlp,y_XLU,22,2026-01-22,-0.0035120045515564247,-0.011654851958155632
mlp,y_XLU,23,2026-01-22,-0.0035120045515564247,0.001017000526189804
mlp,y_XLU,24,2026-01-22,-0.0035120045515564247,-0.007777802646160126
mlp,y_XLU,23,2026-01-26,0.01306278020162277,-0.03823252394795418
mlp,y_XLU,24,2026-01-26,0.01306278020162277,0.015864398330450058
mlp,y_XLU,23,2026-01-27,-0.002302520686585763,-0.006330918520689011
mlp,y_XLU,24,2026-01-27,-0.002302520686585763,0.030138228088617325
mlp,y_XLU,23,2026-01-28,0.0,0.022703660652041435
mlp,y_XLU,24,2026-01-28,0.0,-0.006496742367744446
mlp,y_XLU,23,2026-01-29,-0.0018463380492486081,0.01607750542461872
mlp,y_XLU,24,2026-01-29,-0.0018463380492486081,0.0230349563062191
mlp,y_XLU,23,2026-02-02,0.014547225765371818,-0.011805254966020584
mlp,y_XLU,24,2026-02-02,0.014547225765371818,0.02831975370645523
mlp,y_XLU,23,2026-02-03,-0.003700273848319169,-0.010072555392980576
mlp,y_XLU,24,2026-02-03,-0.003700273848319169,0.022171709686517715
mlp,y_XLU,23,2026-02-04,0.00046417461041015073,0.006646288558840752
mlp,y_XLU,24,2026-02-04,0.00046417461041015073,-0.009086322039365768
mlp,y_XLU,23,2026-02-05,0.005800464242478043,-0.008585188537836075
mlp,y_XLU,24,2026-02-05,0.005800464242478043,0.03240476921200752
mlp,y_XLU,23,2026-02-09,0.016559365875883136,0.006418675184249878
mlp,y_XLU,24,2026-02-09,0.016559365875883136,0.0009672977030277252
mlp,y_XLU,23,2026-02-10,0.008823515450602448,0.0189483854919672
mlp,y_XLU,24,2026-02-10,0.008823515450602448,-0.02260487899184227
mlp,y_XLU,23,2026-02-11,0.014801521532935125,0.017623230814933777
mlp,y_XLU,24,2026-02-11,0.014801521532935125,-0.02032572217285633
mlp,y_XLU,23,2026-02-12,0.027624309392265234,0.028404461219906807
mlp,y_XLU,24,2026-02-12,0.027624309392265234,0.0013934709131717682
mlp,y_XLU,24,2026-02-17,-0.01660199310113908,0.008489720523357391
mlp,y_XLU,24,2026-02-18,0.010962508075181177,-0.011162787675857544
mlp,y_XLU,24,2026-02-19,0.004771225716569072,0.013385605067014694
mlp,y_XLU,24,2026-02-23,0.011139684112341675,-0.0036729183048009872
mlp,y_XLU,24,2026-02-24,0.0033898272208872093,-0.03785908967256546
mlp,y_XLU,24,2026-02-25,-0.0038006820704398203,-0.03907523676753044
mlp,y_XLU,24,2026-02-26,0.011657465737663575,-0.001063179224729538
mlp,y_XLU,24,2026-03-02,-0.006333106266097399,0.006278101354837418
mlp,y_XLU,24,2026-03-03,0.004249007100831648,0.006442103534936905
mlp,y_XLU,24,2026-03-04,-0.007827351984381004,0.008168522268533707
mlp,y_XLU,24,2026-03-05,-0.0034115104948093666,-0.00461324118077755
mlp,y_XLV,0,2024-08-05,0.004631014264948385,0.005313519388437271
mlp,y_XLV,0,2024-08-06,-0.010168797884475667,0.008316032588481903
mlp,y_XLV,0,2024-08-07,0.0221218518210351,0.004998955875635147
mlp,y_XLV,0,2024-08-08,0.004958427133664678,-0.03202224150300026
mlp,y_XLV,0,2024-08-12,0.012114294528045688,-0.011316459625959396
mlp,y_XLV,0,2024-08-13,0.003570921279469008,0.013022217899560928
mlp,y_XLV,0,2024-08-14,0.006259784782244537,0.03321933001279831
mlp,y_XLV,0,2024-08-15,0.0010478451358497676,0.029217950999736786
mlp,y_XLV,0,2024-08-19,0.004031177752931381,0.016159988939762115
mlp,y_XLV,0,2024-08-20,0.0016837785255379156,0.01264045387506485
mlp,y_XLV,0,2024-08-21,0.0006464484605377407,0.015867549926042557
mlp,y_XLV,0,2024-08-22,0.0043287201519239815,0.02606625109910965
mlp,y_XLV,0,2024-08-26,0.0015446062619379752,0.022104687988758087
mlp,y_XLV,1,2024-08-26,0.0015446062619379752,0.020941078662872314
mlp,y_XLV,0,2024-08-27,0.0011566932517306228,0.0015906095504760742
mlp,y_XLV,1,2024-08-27,0.0011566932517306228,0.01919587329030037
mlp,y_XLV,0,2024-08-28,0.002118170988795409,0.028603680431842804
mlp,y_XLV,1,2024-08-28,0.002118170988795409,-0.0345693975687027
mlp,y_XLV,0,2024-08-29,0.0069179901236609,-0.018103089183568954
mlp,y_XLV,1,2024-08-29,0.0069179901236609,-0.028857067227363586
mlp,y_XLV,0,2024-09-03,-0.0017207249016383264,0.007086258381605148
mlp,y_XLV,1,2024-09-03,-0.0017207249016383264,-0.0009379386901855469
mlp,y_XLV,0,2024-09-04,-0.013726756660423556,0.019071178510785103
mlp,y_XLV,1,2024-09-04,-0.013726756660423556,0.023251106962561607
mlp,y_XLV,0,2024-09-05,-0.0034308055182327157,0.017547549679875374
mlp,y_XLV,1,2024-09-05,-0.0034308055182327157,0.00679657980799675
mlp,y_XLV,0,2024-09-09,0.004579856809795224,-0.019122134894132614
mlp,y_XLV,1,2024-09-09,0.004579856809795224,-0.058773674070835114
mlp,y_XLV,0,2024-09-10,-0.002953604524396969,-0.0051799193024635315
mlp,y_XLV,1,2024-09-10,-0.002953604524396969,-0.012858431786298752
mlp,y_XLV,0,2024-09-11,0.003606304726851306,0.018998101353645325
mlp,y_XLV,1,2024-09-11,0.003606304726851306,-0.030549556016921997
mlp,y_XLV,0,2024-09-12,0.0020533979919294953,0.006003785878419876
mlp,y_XLV,1,2024-09-12,0.0020533979919294953,-0.003997325897216797
mlp,y_XLV,2,2024-09-12,0.0020533979919294953,4.136189818382263e-05
mlp,y_XLV,0,2024-09-16,-0.010302919513985875,-0.023341450840234756
mlp,y_XLV,1,2024-09-16,-0.010302919513985875,-0.07011684775352478
mlp,y_XLV,2,2024-09-16,-0.010302919513985875,0.15240034461021423
mlp,y_XLV,0,2024-09-17,-0.0016704930565133447,-0.01647743210196495
mlp,y_XLV,1,2024-09-17,-0.0016704930565133447,-0.01823960244655609
mlp,y_XLV,2,2024-09-17,-0.0016704930565133447,-0.004846829921007156
mlp,y_XLV,0,2024-09-18,0.003604447349311757,0.0070932842791080475
mlp,y_XLV,1,2024-09-18,0.003604447349311757,0.020424257963895798
mlp,y_XLV,2,2024-09-18,0.003604447349311757,-0.005463931709527969
mlp,y_XLV,0,2024-09-19,-0.004104688431757042,0.030425328761339188
mlp,y_XLV,1,2024-09-19,-0.004104688431757042,0.01408115029335022
mlp,y_XLV,2,2024-09-19,-0.004104688431757042,0.0916714146733284
mlp,y_XLV,0,2024-09-23,-0.0020077712617673216,0.017939552664756775
mlp,y_XLV,1,2024-09-23,-0.0020077712617673216,-0.0059856027364730835
mlp,y_XLV,2,2024-09-23,-0.0020077712617673216,0.03314504772424698
mlp,y_XLV,0,2024-09-24,-0.009734632323534331,0.009115997701883316
mlp,y_XLV,1,2024-09-24,-0.009734632323534331,0.006617594510316849
mlp,y_XLV,2,2024-09-24,-0.009734632323534331,0.0006408058106899261
mlp,y_XLV,0,2024-09-25,0.0033424338221306193,0.021366063505411148
mlp,y_XLV,1,2024-09-25,0.0033424338221306193,0.02407606691122055
mlp,y_XLV,2,2024-09-25,0.0033424338221306193,-0.008274633437395096
mlp,y_XLV,0,2024-09-26,-0.0005225307645209121,0.021406304091215134
mlp,y_XLV,1,2024-09-26,-0.0005225307645209121,-0.006942972540855408
mlp,y_XLV,2,2024-09-26,-0.0005225307645209121,0.0334373340010643
mlp,y_XLV,0,2024-09-30,-0.005259009056906572,-0.008808441460132599
mlp,y_XLV,1,2024-09-30,-0.005259009056906572,-0.01545003056526184
mlp,y_XLV,2,2024-09-30,-0.005259009056906572,0.013227470219135284
mlp,y_XLV,0,2024-10-01,-0.0020234673756607258,0.03544328361749649
mlp,y_XLV,1,2024-10-01,-0.0020234673756607258,0.022624371573328972
mlp,y_XLV,2,2024-10-01,-0.0020234673756607258,-0.011503402143716812
mlp,y_XLV,0,2024-10-02,-0.009025420828416841,-0.046973612159490585
mlp,y_XLV,1,2024-10-02,-0.009025420828416841,0.017324339598417282
mlp,y_XLV,2,2024-10-02,-0.009025420828416841,0.011274196207523346
mlp,y_XLV,0,2024-10-03,0.0007919178060757925,0.030499570071697235
mlp,y_XLV,1,2024-10-03,0.0007919178060757925,-0.028619565069675446
mlp,y_XLV,2,2024-10-03,0.0007919178060757925,-0.01142691820859909
mlp,y_XLV,1,2024-10-07,0.005431687647895478,0.019872888922691345
mlp,y_XLV,2,2024-10-07,0.005431687647895478,0.003986254334449768
mlp,y_XLV,3,2024-10-07,0.005431687647895478,0.0036902576684951782
mlp,y_XLV,1,2024-10-08,0.010211471744613565,-0.02229701727628708
mlp,y_XLV,2,2024-10-08,0.010211471744613565,0.018062502145767212
mlp,y_XLV,3,2024-10-08,0.010211471744613565,-0.014114787802100182
mlp,y_XLV,1,2024-10-09,-0.0037172936393439215,0.002534080296754837
mlp,y_XLV,2,2024-10-09,-0.0037172936393439215,0.003278881311416626
mlp,y_XLV,3,2024-10-09,-0.0037172936393439215,0.005983717739582062
mlp,y_XLV,1,2024-10-10,0.007331335483921064,0.004822522401809692
mlp,y_XLV,2,2024-10-10,0.007331335483921064,0.0055736154317855835
mlp,y_XLV,3,2024-10-10,0.007331335483921064,-0.01727284863591194
mlp,y_XLV,1,2024-10-14,-0.012213891270240862,0.0040123313665390015
mlp,y_XLV,2,2024-10-14,-0.012213891270240862,0.013302795588970184
mlp,y_XLV,3,2024-10-14,-0.012213891270240862,-0.0023902729153633118
mlp,y_XLV,1,2024-10-15,0.002812953874026025,0.0015709884464740753
mlp,y_XLV,2,2024-10-15,0.002812953874026025,0.007933661341667175
mlp,y_XLV,3,2024-10-15,0.002812953874026025,-0.024596048519015312
mlp,y_XLV,1,2024-10-16,-0.005806316307475856,-0.0011874623596668243
mlp,y_XLV,2,2024-10-16,-0.005806316307475856,-0.012622859328985214
mlp,y_XLV,3,2024-10-16,-0.005806316307475856,0.011759959161281586
mlp,y_XLV,1,2024-10-17,0.0048560060731805965,-0.0013458728790283203
mlp,y_XLV,2,2024-10-17,0.0048560060731805965,0.03710369020700455
mlp,y_XLV,3,2024-10-17,0.0048560060731805965,0.02890019863843918
mlp,y_XLV,1,2024-10-21,-0.001453792486454164,-0.05294669419527054
mlp,y_XLV,2,2024-10-21,-0.001453792486454164,-0.01244359090924263
mlp,y_XLV,3,2024-10-21,-0.001453792486454164,0.029974259436130524
mlp,y_XLV,1,2024-10-22,-0.004698648497306723,-0.003865361213684082
mlp,y_XLV,2,2024-10-22,-0.004698648497306723,-0.02386534959077835
mlp,y_XLV,3,2024-10-22,-0.004698648497306723,-0.02630888670682907
mlp,y_XLV,1,2024-10-23,-0.0065823642293393325,-0.021784737706184387
mlp,y_XLV,2,2024-10-23,-0.0065823642293393325,0.017840199172496796
mlp,y_XLV,3,2024-10-23,-0.0065823642293393325,-0.013974206522107124
mlp,y_XLV,1,2024-10-24,-0.005488295210631766,-0.00899282842874527
mlp,y_XLV,2,2024-10-24,-0.005488295210631766,0.004660621285438538
mlp,y_XLV,3,2024-10-24,-0.005488295210631766,-0.06598278880119324
mlp,y_XLV,2,2024-10-28,-0.002755369264866303,0.15282022953033447
mlp,y_XLV,3,2024-10-28,-0.002755369264866303,-0.08587680757045746
mlp,y_XLV,4,2024-10-28,-0.002755369264866303,-0.00862288847565651
mlp,y_XLV,2,2024-10-29,-0.0018866225011316962,0.04947037994861603
mlp,y_XLV,3,2024-10-29,-0.0018866225011316962,-0.005779162049293518
mlp,y_XLV,4,2024-10-29,-0.0018866225011316962,-0.037206560373306274
mlp,y_XLV,2,2024-10-30,-0.008439086488184477,0.059383101761341095
mlp,y_XLV,3,2024-10-30,-0.008439086488184477,0.01035495474934578
mlp,y_XLV,4,2024-10-30,-0.008439086488184477,0.023767057806253433
mlp,y_XLV,2,2024-10-31,0.0059235794740717385,0.03734845668077469
mlp,y_XLV,3,2024-10-31,0.0059235794740717385,0.022164352238178253
mlp,y_XLV,4,2024-10-31,0.0059235794740717385,0.04627400264143944
mlp,y_XLV,2,2024-11-04,0.007358455576626843,0.03596831113100052
mlp,y_XLV,3,2024-11-04,0.007358455576626843,-0.0213993601500988
mlp,y_XLV,4,2024-11-04,0.007358455576626843,0.0030308403074741364
mlp,y_XLV,2,2024-11-05,0.0012850380157518604,-0.0069076865911483765
mlp,y_XLV,3,2024-11-05,0.0012850380157518604,-0.018049944192171097
mlp,y_XLV,4,2024-11-05,0.0012850380157518604,-0.006428312510251999
mlp,y_XLV,2,2024-11-06,0.007227688410349042,0.026838980615139008
mlp,y_XLV,3,2024-11-06,0.007227688410349042,-0.001377556473016739
mlp,y_XLV,4,2024-11-06,0.007227688410349042,0.002836257219314575
mlp,y_XLV,2,2024-11-07,0.007175928395738884,0.0024851374328136444
mlp,y_XLV,3,2024-11-07,0.007175928395738884,-0.02399560809135437
mlp,y_XLV,4,2024-11-07,0.007175928395738884,0.010512396693229675
mlp,y_XLV,2,2024-11-11,-0.013931795879696174,-0.016758624464273453
mlp,y_XLV,3,2024-11-11,-0.013931795879696174,0.020810380578041077
mlp,y_XLV,4,2024-11-11,-0.013931795879696174,-0.003992486745119095
mlp,y_XLV,2,2024-11-12,-0.0026488803283925,-0.019897904247045517
mlp,y_XLV,3,2024-11-12,-0.0026488803283925,0.017215769737958908
mlp,y_XLV,4,2024-11-12,-0.0026488803283925,-0.00484997034072876
mlp,y_XLV,2,2024-11-13,-0.01573259746987976,0.02535652369260788
mlp,y_XLV,3,2024-11-13,-0.01573259746987976,-0.035324547439813614
mlp,y_XLV,4,2024-11-13,-0.01573259746987976,-0.007813490927219391
mlp,y_XLV,2,2024-11-14,-0.018544182940750442,0.15146231651306152
mlp,y_XLV,3,2024-11-14,-0.018544182940750442,0.08794448524713516
mlp,y_XLV,4,2024-11-14,-0.018544182940750442,-3.512948751449585e-06
mlp,y_XLV,3,2024-11-18,-0.005143189318025265,0.043867774307727814
mlp,y_XLV,4,2024-11-18,-0.005143189318025265,-0.05841580405831337
mlp,y_XLV,5,2024-11-18,-0.005143189318025265,-0.03765203058719635
mlp,y_XLV,3,2024-11-19,0.011826403955381926,0.022182829678058624
mlp,y_XLV,4,2024-11-19,0.011826403955381926,0.04098611697554588
mlp,y_XLV,5,2024-11-19,0.011826403955381926,0.011846758425235748
mlp,y_XLV,3,2024-11-20,0.008048726837258657,0.032373540103435516
mlp,y_XLV,4,2024-11-20,0.008048726837258657,-0.04052625596523285
mlp,y_XLV,5,2024-11-20,0.008048726837258657,0.042500413954257965
mlp,y_XLV,3,2024-11-21,0.0009026243247238774,-0.0057915858924388885
mlp,y_XLV,4,2024-11-21,0.0009026243247238774,0.019085045903921127
mlp,y_XLV,5,2024-11-21,0.0009026243247238774,-0.07513424754142761
mlp,y_XLV,3,2024-11-25,0.005365086578400735,-0.0031229108572006226
mlp,y_XLV,4,2024-11-25,0.005365086578400735,-0.010235289111733437
mlp,y_XLV,5,2024-11-25,0.005365086578400735,-0.027207596227526665
mlp,y_XLV,3,2024-11-26,0.005336242614221165,0.04659731686115265
mlp,y_XLV,4,2024-11-26,0.005336242614221165,0.0028422772884368896
mlp,y_XLV,5,2024-11-26,0.005336242614221165,-0.01914897747337818
mlp,y_XLV,3,2024-12-02,-0.0022424754486779497,-0.029147019609808922
mlp,y_XLV,4,2024-12-02,-0.0022424754486779497,0.033214177936315536
mlp,y_XLV,5,2024-12-02,-0.0022424754486779497,0.012554564513266087
mlp,y_XLV,3,2024-12-03,-0.000545093673566921,0.00031223520636558533
mlp,y_XLV,4,2024-12-03,-0.000545093673566921,0.05940902605652809
mlp,y_XLV,5,2024-12-03,-0.000545093673566921,-0.07756279408931732
mlp,y_XLV,3,2024-12-04,-0.011175997270387872,-0.004143416881561279
mlp,y_XLV,4,2024-12-04,-0.011175997270387872,0.0034263618290424347
mlp,y_XLV,5,2024-12-04,-0.011175997270387872,-0.0019427277147769928
mlp,y_XLV,3,2024-12-05,-0.005651424675207517,-0.014062449336051941
mlp,y_XLV,4,2024-12-05,-0.005651424675207517,0.0036935955286026
mlp,y_XLV,5,2024-12-05,-0.005651424675207517,-0.07446467876434326
mlp,y_XLV,4,2024-12-09,-0.00414632095667411,-0.029783574864268303
mlp,y_XLV,5,2024-12-09,-0.00414632095667411,0.003879895433783531
mlp,y_XLV,6,2024-12-09,-0.00414632095667411,-0.0051694512367248535
mlp,y_XLV,4,2024-12-10,-0.013601735487148936,0.00542265921831131
mlp,y_XLV,5,2024-12-10,-0.013601735487148936,-0.017030125483870506
mlp,y_XLV,6,2024-12-10,-0.013601735487148936,-0.021352294832468033
mlp,y_XLV,4,2024-12-11,-0.007949951124831212,0.009515117853879929
mlp,y_XLV,5,2024-12-11,-0.007949951124831212,0.005647714249789715
mlp,y_XLV,6,2024-12-11,-0.007949951124831212,0.012812778353691101
mlp,y_XLV,4,2024-12-12,-0.00014180531214647019,0.004203464835882187
mlp,y_XLV,5,2024-12-12,-0.00014180531214647019,0.009440790861845016
mlp,y_XLV,6,2024-12-12,-0.00014180531214647019,-0.003907438367605209
mlp,y_XLV,4,2024-12-16,-0.0007176788943400458,0.0024212561547756195
mlp,y_XLV,5,2024-12-16,-0.0007176788943400458,-0.0036595817655324936
mlp,y_XLV,6,2024-12-16,-0.0007176788943400458,0.007103174924850464
mlp,y_XLV,4,2024-12-17,-0.013576561812162269,-0.0015628933906555176
mlp,y_XLV,5,2024-12-17,-0.013576561812162269,-0.01916339062154293
mlp,y_XLV,6,2024-12-17,-0.013576561812162269,0.0003182254731655121
mlp,y_XLV,4,2024-12-18,-0.0075736132307313575,-0.0061609335243701935
mlp,y_XLV,5,2024-12-18,-0.0075736132307313575,-0.00561806745827198
mlp,y_XLV,6,2024-12-18,-0.0075736132307313575,0.02437516674399376
mlp,y_XLV,4,2024-12-19,0.012621046981279083,-0.015971817076206207
mlp,y_XLV,5,2024-12-19,0.012621046981279083,-0.021246133372187614
mlp,y_XLV,6,2024-12-19,0.012621046981279083,-0.00593286007642746
mlp,y_XLV,4,2024-12-23,0.004108127344114143,-0.0033511370420455933
mlp,y_XLV,5,2024-12-23,0.004108127344114143,0.011110122315585613
mlp,y_XLV,6,2024-12-23,0.004108127344114143,-0.008962906897068024
mlp,y_XLV,4,2024-12-26,-0.0046562616057568285,-0.0027645640075206757
mlp,y_XLV,5,2024-12-26,-0.0046562616057568285,-0.0610181987285614
mlp,y_XLV,6,2024-12-26,-0.0046562616057568285,0.004448041319847107
mlp,y_XLV,5,2024-12-30,0.0024044268063494467,-0.0149760190397501
mlp,y_XLV,6,2024-12-30,0.0024044268063494467,0.0012297611683607101
mlp,y_XLV,7,2024-12-30,0.0024044268063494467,0.02178366854786873
mlp,y_XLV,5,2025-01-02,0.009810522396269672,-0.0051105935126543045
mlp,y_XLV,6,2025-01-02,0.009810522396269672,0.019244041293859482
mlp,y_XLV,7,2025-01-02,0.009810522396269672,0.007944118231534958
mlp,y_XLV,5,2025-01-06,0.004963290215322047,-0.0076271165162324905
mlp,y_XLV,6,2025-01-06,0.004963290215322047,-0.03053540736436844
mlp,y_XLV,7,2025-01-06,0.004963290215322047,-0.01914139650762081
mlp,y_XLV,5,2025-01-07,0.005153497426529929,0.023873155936598778
mlp,y_XLV,6,2025-01-07,0.005153497426529929,-0.004333943128585815
mlp,y_XLV,7,2025-01-07,0.005153497426529929,0.0010288357734680176
mlp,y_XLV,5,2025-01-13,-0.010321081910182772,-0.0014437753707170486
mlp,y_XLV,6,2025-01-13,-0.010321081910182772,-0.013274326920509338
mlp,y_XLV,7,2025-01-13,-0.010321081910182772,0.005034882575273514
mlp,y_XLV,5,2025-01-14,0.0040715585481601035,0.0009395945817232132
mlp,y_XLV,6,2025-01-14,0.0040715585481601035,-0.00453471764922142
mlp,y_XLV,7,2025-01-14,0.0040715585481601035,0.005634244531393051
mlp,y_XLV,5,2025-01-15,0.003983691882171625,0.04018642008304596
mlp,y_XLV,6,2025-01-15,0.003983691882171625,-0.014776203781366348
mlp,y_XLV,7,2025-01-15,0.003983691882171625,0.12156389653682709
mlp,y_XLV,5,2025-01-16,-0.006731376987586968,0.01152768637984991
mlp,y_XLV,6,2025-01-16,-0.006731376987586968,0.007404891774058342
mlp,y_XLV,7,2025-01-16,-0.006731376987586968,0.0015765316784381866
mlp,y_XLV,6,2025-01-21,-0.0022455022126499635,0.008124485611915588
mlp,y_XLV,7,2025-01-21,-0.0022455022126499635,0.0013189390301704407
mlp,y_XLV,8,2025-01-21,-0.0022455022126499635,0.008898047730326653
mlp,y_XLV,6,2025-01-22,0.013363221343936083,-0.017993703484535217
mlp,y_XLV,7,2025-01-22,0.013363221343936083,0.018046360462903976
mlp,y_XLV,8,2025-01-22,0.013363221343936083,0.025568408891558647
mlp,y_XLV,6,2025-01-23,0.001596363657525357,-0.0006514377892017365
mlp,y_XLV,7,2025-01-23,0.001596363657525357,0.037908103317022324
mlp,y_XLV,8,2025-01-23,0.001596363657525357,-0.0724419429898262
mlp,y_XLV,6,2025-01-27,-0.006980757246313529,-0.002307899296283722
mlp,y_XLV,7,2025-01-27,-0.006980757246313529,0.03485153242945671
mlp,y_XLV,8,2025-01-27,-0.006980757246313529,-0.009970774874091148
mlp,y_XLV,6,2025-01-28,-0.005869319498052139,0.006689801812171936
mlp,y_XLV,7,2025-01-28,-0.005869319498052139,0.017765630036592484
mlp,y_XLV,8,2025-01-28,-0.005869319498052139,-0.008187396451830864
mlp,y_XLV,6,2025-01-29,0.01153345180718457,0.037665851414203644
mlp,y_XLV,7,2025-01-29,0.01153345180718457,-0.027750421315431595
mlp,y_XLV,8,2025-01-29,0.01153345180718457,0.006467977538704872
mlp,y_XLV,6,2025-01-30,-0.003189847624154196,-0.011266965419054031
mlp,y_XLV,7,2025-01-30,-0.003189847624154196,0.011039383709430695
mlp,y_XLV,8,2025-01-30,-0.003189847624154196,0.019175726920366287
mlp,y_XLV,6,2025-02-03,-0.002713043185219255,0.02617451176047325
mlp,y_XLV,7,2025-02-03,-0.002713043185219255,0.021724078804254532
mlp,y_XLV,8,2025-02-03,-0.002713043185219255,0.010052451863884926
mlp,y_XLV,6,2025-02-04,0.009589171864215817,-0.04690792039036751
mlp,y_XLV,7,2025-02-04,0.009589171864215817,-0.03339826688170433
mlp,y_XLV,8,2025-02-04,0.009589171864215817,0.036047808825969696
mlp,y_XLV,6,2025-02-05,-0.00895921786120113,-0.025630570948123932
mlp,y_XLV,7,2025-02-05,-0.00895921786120113,-0.011470053344964981
mlp,y_XLV,8,2025-02-05,-0.00895921786120113,-0.02606252394616604
mlp,y_XLV,6,2025-02-06,-0.004690026385224311,-0.059022385627031326
mlp,y_XLV,7,2025-02-06,-0.004690026385224311,0.0008500926196575165
mlp,y_XLV,8,2025-02-06,-0.004690026385224311,-0.008525298908352852
mlp,y_XLV,7,2025-02-10,-0.0018456431042039867,-0.016376595944166183
mlp,y_XLV,8,2025-02-10,-0.0018456431042039867,0.01647854596376419
mlp,y_XLV,9,2025-02-10,-0.0018456431042039867,0.015735074877738953
mlp,y_XLV,7,2025-02-11,-0.0014378827832596253,0.02221653237938881
mlp,y_XLV,8,2025-02-11,-0.0014378827832596253,-0.010088888928294182
mlp,y_XLV,9,2025-02-11,-0.0014378827832596253,-0.05976143106818199
mlp,y_XLV,7,2025-02-12,0.003908840086390697,0.026839856058359146
mlp,y_XLV,8,2025-02-12,0.003908840086390697,0.03764430433511734
mlp,y_XLV,9,2025-02-12,0.003908840086390697,-0.015008475631475449
mlp,y_XLV,7,2025-02-13,-0.0108613865145748,0.07885700464248657
mlp,y_XLV,8,2025-02-13,-0.0108613865145748,-0.11503411084413528
mlp,y_XLV,9,2025-02-13,-0.0108613865145748,0.006844889372587204
mlp,y_XLV,7,2025-02-18,0.013008359984627571,0.111936554312706
mlp,y_XLV,8,2025-02-18,0.013008359984627571,-0.14404074847698212
mlp,y_XLV,9,2025-02-18,0.013008359984627571,0.0014421641826629639
mlp,y_XLV,7,2025-02-19,0.00560123852577088,0.0280170775949955
mlp,y_XLV,8,2025-02-19,0.00560123852577088,-0.050611332058906555
mlp,y_XLV,9,2025-02-19,0.00560123852577088,-0.0016985759139060974
mlp,y_XLV,7,2025-02-20,-0.005366167442269587,0.0028383173048496246
mlp,y_XLV,8,2025-02-20,-0.005366167442269587,0.0182382520288229
mlp,y_XLV,9,2025-02-20,-0.005366167442269587,-0.011323124170303345
mlp,y_XLV,7,2025-02-24,0.008603267291470207,-0.04701962321996689
mlp,y_XLV,8,2025-02-24,0.008603267291470207,0.042691782116889954
mlp,y_XLV,9,2025-02-24,0.008603267291470207,0.060670096427202225
mlp,y_XLV,7,2025-02-25,-0.007186571689733912,-0.021317295730113983
mlp,y_XLV,8,2025-02-25,-0.007186571689733912,-0.007225086912512779
mlp,y_XLV,9,2025-02-25,-0.007186571689733912,-0.03635163605213165
mlp,y_XLV,7,2025-02-26,-0.004058998225120569,0.014592483639717102
mlp,y_XLV,8,2025-02-26,-0.004058998225120569,0.009767493233084679
mlp,y_XLV,9,2025-02-26,-0.004058998225120569,0.006968984380364418
mlp,y_XLV,7,2025-02-27,0.011615217560284385,-0.003726918250322342
mlp,y_XLV,8,2025-02-27,0.011615217560284385,-0.0169981662184
mlp,y_XLV,9,2025-02-27,0.011615217560284385,-0.011582065373659134
mlp,y_XLV,8,2025-03-03,-0.009292741227348578,0.0015682876110076904
mlp,y_XLV,9,2025-03-03,-0.009292741227348578,0.004251718521118164
mlp,y_XLV,10,2025-03-03,-0.009292741227348578,0.011056086979806423
mlp,y_XLV,8,2025-03-04,0.010054577200627968,0.012135282158851624
mlp,y_XLV,9,2025-03-04,0.010054577200627968,-0.009871330112218857
mlp,y_XLV,10,2025-03-04,0.010054577200627968,0.019978797063231468
mlp,y_XLV,8,2025-03-05,-0.0027390405183803646,-0.01970876194536686
mlp,y_XLV,9,2025-03-05,-0.0027390405183803646,0.03666646406054497
mlp,y_XLV,10,2025-03-05,-0.0027390405183803646,0.025921782478690147
mlp,y_XLV,8,2025-03-06,6.69893528537635e-05,0.01899709179997444
mlp,y_XLV,9,2025-03-06,6.69893528537635e-05,-0.00033315829932689667
mlp,y_XLV,10,2025-03-06,6.69893528537635e-05,-0.004128600470721722
mlp,y_XLV,8,2025-03-10,-0.010902670775282064,0.0024032946676015854
mlp,y_XLV,9,2025-03-10,-0.010902670775282064,-0.01633787527680397
mlp,y_XLV,10,2025-03-10,-0.010902670775282064,0.019876256585121155
mlp,y_XLV,8,2025-03-11,-0.009995818952233448,0.0028783734887838364
mlp,y_XLV,9,2025-03-11,-0.009995818952233448,0.0033133290708065033
mlp,y_XLV,10,2025-03-11,-0.009995818952233448,0.005549303255975246
mlp,y_XLV,8,2025-03-12,-0.005325090830215262,-0.025217978283762932
mlp,y_XLV,9,2025-03-12,-0.005325090830215262,-0.006746664643287659
mlp,y_XLV,10,2025-03-12,-0.005325090830215262,-0.006813700310885906
mlp,y_XLV,8,2025-03-13,0.007647752149007259,0.02255859784781933
mlp,y_XLV,9,2025-03-13,0.007647752149007259,0.007148299366235733
mlp,y_XLV,10,2025-03-13,0.007647752149007259,0.016690196469426155
mlp,y_XLV,8,2025-03-17,0.0004768070957190673,-0.044976525008678436
mlp,y_XLV,9,2025-03-17,0.0004768070957190673,-0.0418216772377491
mlp,y_XLV,10,2025-03-17,0.0004768070957190673,-0.023393908515572548
mlp,y_XLV,8,2025-03-18,0.0005449950285330019,0.04065632075071335
mlp,y_XLV,9,2025-03-18,0.0005449950285330019,-0.051911573857069016
mlp,y_XLV,10,2025-03-18,0.0005449950285330019,0.009081774391233921
mlp,y_XLV,8,2025-03-19,0.0006124419672925985,0.013432634994387627
mlp,y_XLV,9,2025-03-19,0.0006124419672925985,-0.07602381706237793
mlp,y_XLV,10,2025-03-19,0.0006124419672925985,0.00976517517119646
mlp,y_XLV,8,2025-03-20,-0.0027889981279934917,-0.014642352238297462
mlp,y_XLV,9,2025-03-20,-0.0027889981279934917,0.027048058807849884
mlp,y_XLV,10,2025-03-20,-0.0027889981279934917,0.02049991674721241
mlp,y_XLV,9,2025-03-24,-0.012776028585609778,-0.010503731667995453
mlp,y_XLV,10,2025-03-24,-0.012776028585609778,-0.0056985123082995415
mlp,y_XLV,11,2025-03-24,-0.012776028585609778,0.022153332829475403
mlp,y_XLV,9,2025-03-25,-0.0036482975179439325,0.0029330942779779434
mlp,y_XLV,10,2025-03-25,-0.0036482975179439325,-0.03736520931124687
mlp,y_XLV,11,2025-03-25,-0.0036482975179439325,0.00869641825556755
mlp,y_XLV,9,2025-03-26,0.0015890509155636057,-0.00833166018128395
mlp,y_XLV,10,2025-03-26,0.0015890509155636057,0.011541145853698254
mlp,y_XLV,11,2025-03-26,0.0015890509155636057,0.021570011973381042
mlp,y_XLV,9,2025-03-27,-0.003104135785615525,-0.03096741810441017
mlp,y_XLV,10,2025-03-27,-0.003104135785615525,0.08021847158670425
mlp,y_XLV,11,2025-03-27,-0.003104135785615525,-0.016208820044994354
mlp,y_XLV,9,2025-03-31,-0.018286328215126102,-0.007962921634316444
mlp,y_XLV,10,2025-03-31,-0.018286328215126102,0.0005606534541584551
mlp,y_XLV,11,2025-03-31,-0.018286328215126102,-0.027014806866645813
mlp,y_XLV,9,2025-04-01,0.006697223660077745,0.0488867424428463
mlp,y_XLV,10,2025-04-01,0.006697223660077745,0.05990670993924141
mlp,y_XLV,11,2025-04-01,0.006697223660077745,-0.009261464700102806
mlp,y_XLV,9,2025-04-02,-0.008108077979380734,0.015499293804168701
mlp,y_XLV,10,2025-04-02,-0.008108077979380734,0.05581022426486015
mlp,y_XLV,11,2025-04-02,-0.008108077979380734,0.07672606408596039
mlp,y_XLV,9,2025-04-03,-0.05484511862558683,0.017516231164336205
mlp,y_XLV,10,2025-04-03,-0.05484511862558683,0.00030561262974515557
mlp,y_XLV,11,2025-04-03,-0.05484511862558683,0.006951045244932175
mlp,y_XLV,9,2025-04-07,-0.011080532507856788,0.01230638287961483
mlp,y_XLV,10,2025-04-07,-0.011080532507856788,0.0626499131321907
mlp,y_XLV,11,2025-04-07,-0.011080532507856788,-0.00679220724850893
mlp,y_XLV,9,2025-04-08,0.043465092188705645,0.0038031116127967834
mlp,y_XLV,10,2025-04-08,0.043465092188705645,-0.00650446442887187
mlp,y_XLV,11,2025-04-08,0.043465092188705645,-0.004366088658571243
mlp,y_XLV,9,2025-04-09,-0.027889803374456235,-0.00013788416981697083
mlp,y_XLV,10,2025-04-09,-0.027889803374456235,0.014887473545968533
mlp,y_XLV,11,2025-04-09,-0.027889803374456235,0.0012491359375417233
mlp,y_XLV,9,2025-04-10,0.014678659230176416,-0.005205217748880386
mlp,y_XLV,10,2025-04-10,0.014678659230176416,0.024148987606167793
mlp,y_XLV,11,2025-04-10,0.014678659230176416,-0.014139622449874878
mlp,y_XLV,10,2025-04-14,-0.006135353576628422,0.038475289940834045
mlp,y_XLV,11,2025-04-14,-0.006135353576628422,0.02751278504729271
mlp,y_XLV,12,2025-04-14,-0.006135353576628422,0.022083748131990433
mlp,y_XLV,10,2025-04-15,-0.010167842303072328,0.017226340249180794
mlp,y_XLV,11,2025-04-15,-0.010167842303072328,0.03244934603571892
mlp,y_XLV,12,2025-04-15,-0.010167842303072328,0.018462974578142166
mlp,y_XLV,10,2025-04-16,-0.005869847186730337,-0.03258219733834267
mlp,y_XLV,11,2025-04-16,-0.005869847186730337,-0.00932660698890686
mlp,y_XLV,12,2025-04-16,-0.005869847186730337,-0.006750255823135376
mlp,y_XLV,10,2025-04-21,0.018782361430162986,-0.009324452839791775
mlp,y_XLV,11,2025-04-21,0.018782361430162986,0.002774788998067379
mlp,y_XLV,12,2025-04-21,0.018782361430162986,-0.0033101029694080353
mlp,y_XLV,10,2025-04-22,0.004960747599333404,0.04716750979423523
mlp,y_XLV,11,2025-04-22,0.004960747599333404,-0.0073543693870306015
mlp,y_XLV,12,2025-04-22,0.004960747599333404,0.01701371744275093
mlp,y_XLV,10,2025-04-23,0.012230283135544529,0.029086338356137276
mlp,y_XLV,11,2025-04-23,0.012230283135544529,-0.021378517150878906
mlp,y_XLV,12,2025-04-23,0.012230283135544529,-0.03103291057050228
mlp,y_XLV,10,2025-04-24,0.004803778537140868,0.01337889302521944
mlp,y_XLV,11,2025-04-24,0.004803778537140868,0.005216717720031738
mlp,y_XLV,12,2025-04-24,0.004803778537140868,-0.010228831321001053
mlp,y_XLV,10,2025-04-28,0.004906135274881596,0.01585313491523266
mlp,y_XLV,11,2025-04-28,0.004906135274881596,-0.01142630260437727
mlp,y_XLV,12,2025-04-28,0.004906135274881596,-0.00030877813696861267
mlp,y_XLV,10,2025-04-29,0.008543902885399524,0.00091425800928846
mlp,y_XLV,11,2025-04-29,0.008543902885399524,0.005933520384132862
mlp,y_XLV,12,2025-04-29,0.008543902885399524,0.0073040686547756195
mlp,y_XLV,10,2025-04-30,-0.027265540007839872,-0.0019534891471266747
mlp,y_XLV,11,2025-04-30,-0.027265540007839872,0.025535445660352707
mlp,y_XLV,12,2025-04-30,-0.027265540007839872,-0.013964887708425522
mlp,y_XLV,10,2025-05-01,0.013831966169283616,-0.011001232080161572
mlp,y_XLV,11,2025-05-01,0.013831966169283616,0.10211159288883209
mlp,y_XLV,12,2025-05-01,0.013831966169283616,0.04711774364113808
mlp,y_XLV,11,2025-05-05,-0.02758076290885314,0.011151287704706192
mlp,y_XLV,12,2025-05-05,-0.02758076290885314,0.029094476252794266
mlp,y_XLV,13,2025-05-05,-0.02758076290885314,-0.023167777806520462
mlp,y_XLV,11,2025-05-06,0.007667804983307436,0.08719966560602188
mlp,y_XLV,12,2025-05-06,0.007667804983307436,-0.12497362494468689
mlp,y_XLV,13,2025-05-06,0.007667804983307436,0.1157895177602768
mlp,y_XLV,11,2025-05-07,-0.009013012511102536,-0.011971495114266872
mlp,y_XLV,12,2025-05-07,-0.009013012511102536,-0.008705969899892807
mlp,y_XLV,13,2025-05-07,-0.009013012511102536,0.017137866467237473
mlp,y_XLV,11,2025-05-08,-0.010884210509323089,-0.016505103558301926
mlp,y_XLV,12,2025-05-08,-0.010884210509323089,0.08369055390357971
mlp,y_XLV,13,2025-05-08,-0.010884210509323089,0.13012924790382385
mlp,y_XLV,11,2025-05-12,-0.030082349105326922,0.01111749280244112
mlp,y_XLV,12,2025-05-12,-0.030082349105326922,-0.01139470562338829
mlp,y_XLV,13,2025-05-12,-0.030082349105326922,-0.004808604717254639
mlp,y_XLV,11,2025-05-13,-0.0235079541762504,0.0003803092986345291
mlp,y_XLV,12,2025-05-13,-0.0235079541762504,-0.013687454164028168
mlp,y_XLV,13,2025-05-13,-0.0235079541762504,-0.006362598389387131
mlp,y_XLV,11,2025-05-14,0.013124230657245661,0.003944651689380407
mlp,y_XLV,12,2025-05-14,0.013124230657245661,-0.012275073677301407
mlp,y_XLV,13,2025-05-14,0.013124230657245661,0.007235769182443619
mlp,y_XLV,11,2025-05-15,0.020159223650434877,-0.012053192593157291
mlp,y_XLV,12,2025-05-15,0.020159223650434877,-0.0099673792719841
mlp,y_XLV,13,2025-05-15,0.020159223650434877,-0.005260530859231949
mlp,y_XLV,11,2025-05-19,0.0024559876786220958,-0.02379903569817543
mlp,y_XLV,12,2025-05-19,0.0024559876786220958,-0.007581572979688644
mlp,y_XLV,13,2025-05-19,0.0024559876786220958,0.0379108227789402
mlp,y_XLV,11,2025-05-20,-0.0231626483750228,0.008372426964342594
mlp,y_XLV,12,2025-05-20,-0.0231626483750228,-0.01791306398808956
mlp,y_XLV,13,2025-05-20,-0.0231626483750228,-0.0037528499960899353
mlp,y_XLV,11,2025-05-21,-0.007827825686261614,-0.015467639081180096
mlp,y_XLV,12,2025-05-21,-0.007827825686261614,0.00802476704120636
mlp,y_XLV,13,2025-05-21,-0.007827825686261614,-0.007967140525579453
mlp,y_XLV,11,2025-05-22,-0.0016086974396498643,0.009206816554069519
mlp,y_XLV,12,2025-05-22,-0.0016086974396498643,0.03396232798695564
mlp,y_XLV,13,2025-05-22,-0.0016086974396498643,-0.011541608721017838
mlp,y_XLV,12,2025-05-27,-0.005145322834365529,-0.003759872168302536
mlp,y_XLV,13,2025-05-27,-0.005145322834365529,-0.00245831161737442
mlp,y_XLV,14,2025-05-27,-0.005145322834365529,-0.004794022999703884
mlp,y_XLV,12,2025-05-28,0.006693139634809553,0.034935418516397476
mlp,y_XLV,13,2025-05-28,0.006693139634809553,0.01911284402012825
mlp,y_XLV,14,2025-05-28,0.006693139634809553,-0.008837400935590267
mlp,y_XLV,12,2025-05-29,0.0021153646146780947,-0.0012045986950397491
mlp,y_XLV,13,2025-05-29,0.0021153646146780947,0.013229947537183762
mlp,y_XLV,14,2025-05-29,0.0021153646146780947,0.014719662256538868
mlp,y_XLV,12,2025-06-02,0.0023358332175691388,0.007342636585235596
mlp,y_XLV,13,2025-06-02,0.0023358332175691388,-0.001855853945016861
mlp,y_XLV,14,2025-06-02,0.0023358332175691388,-0.015359132550656796
mlp,y_XLV,12,2025-06-03,0.0019542579464688625,-0.002967890352010727
mlp,y_XLV,13,2025-06-03,0.0019542579464688625,-0.01463509351015091
mlp,y_XLV,14,2025-06-03,0.0019542579464688625,-0.006647489033639431
mlp,y_XLV,12,2025-06-04,-0.0013502732516276206,0.03346869722008705
mlp,y_XLV,13,2025-06-04,-0.0013502732516276206,0.00839037075638771
mlp,y_XLV,14,2025-06-04,-0.0013502732516276206,-0.016117386519908905
mlp,y_XLV,12,2025-06-05,0.009541035843055656,-0.008813627064228058
mlp,y_XLV,13,2025-06-05,0.009541035843055656,-0.0008119717240333557
mlp,y_XLV,14,2025-06-05,0.009541035843055656,0.007779126055538654
mlp,y_XLV,12,2025-06-09,0.011405126899590945,-0.003673996776342392
mlp,y_XLV,13,2025-06-09,0.011405126899590945,-0.035847119987010956
mlp,y_XLV,14,2025-06-09,0.011405126899590945,-0.01126596424728632
mlp,y_XLV,12,2025-06-10,0.0005159578136657572,-0.0018045119941234589
mlp,y_XLV,13,2025-06-10,0.0005159578136657572,-0.0012193210422992706
mlp,y_XLV,14,2025-06-10,0.0005159578136657572,-0.007132441736757755
mlp,y_XLV,12,2025-06-11,0.007808411517905567,0.04735502973198891
mlp,y_XLV,13,2025-06-11,0.007808411517905567,-0.004034828394651413
mlp,y_XLV,14,2025-06-11,0.007808411517905567,0.004565776325762272
mlp,y_XLV,12,2025-06-12,-0.00497032704690914,0.0038046427071094513
mlp,y_XLV,13,2025-06-12,-0.00497032704690914,0.04182976856827736
mlp,y_XLV,14,2025-06-12,-0.00497032704690914,0.004130161367356777
mlp,y_XLV,13,2025-07-02,0.0010343309158382663,0.019288960844278336
mlp,y_XLV,14,2025-07-02,0.0010343309158382663,-0.01173581462353468
mlp,y_XLV,15,2025-07-02,0.0010343309158382663,0.013383349403738976
mlp,y_XLV,13,2025-07-07,0.004540016037738903,-0.003719862550497055
mlp,y_XLV,14,2025-07-07,0.004540016037738903,-0.000897236168384552
mlp,y_XLV,15,2025-07-07,0.004540016037738903,-0.00269356369972229
mlp,y_XLV,13,2025-07-08,0.003852738700714564,0.03894845023751259
mlp,y_XLV,14,2025-07-08,0.003852738700714564,0.024375300854444504
mlp,y_XLV,15,2025-07-08,0.003852738700714564,-0.02606002241373062
mlp,y_XLV,13,2025-07-09,0.0061259532249307025,-0.001348160207271576
mlp,y_XLV,14,2025-07-09,0.0061259532249307025,0.008906816132366657
mlp,y_XLV,15,2025-07-09,0.0061259532249307025,-0.0015215836465358734
mlp,y_XLV,13,2025-07-10,-0.008289436820357765,-0.029961107298731804
mlp,y_XLV,14,2025-07-10,-0.008289436820357765,0.0053309109061956406
mlp,y_XLV,15,2025-07-10,-0.008289436820357765,-0.011652208864688873
mlp,y_XLV,13,2025-07-14,-0.017995968164390752,0.020390387624502182
mlp,y_XLV,14,2025-07-14,-0.017995968164390752,-0.021524690091609955
mlp,y_XLV,15,2025-07-14,-0.017995968164390752,-0.011962126940488815
mlp,y_XLV,13,2025-07-15,0.012443358542400196,0.024861935526132584
mlp,y_XLV,14,2025-07-15,0.012443358542400196,-0.0027955537661910057
mlp,y_XLV,15,2025-07-15,0.012443358542400196,-0.013755369931459427
mlp,y_XLV,13,2025-07-16,-0.011396606611361992,0.028446469455957413
mlp,y_XLV,14,2025-07-16,-0.011396606611361992,0.009635263122618198
mlp,y_XLV,15,2025-07-16,-0.011396606611361992,-0.0009579136967658997
mlp,y_XLV,13,2025-07-17,-0.0066305350486630665,-0.05116337165236473
mlp,y_XLV,14,2025-07-17,-0.0066305350486630665,0.02901964634656906
mlp,y_XLV,15,2025-07-17,-0.0066305350486630665,-0.05645425617694855
mlp,y_XLV,13,2025-07-21,0.018613177643613144,0.0018214881420135498
mlp,y_XLV,14,2025-07-21,0.018613177643613144,-0.008478065021336079
mlp,y_XLV,15,2025-07-21,0.018613177643613144,-0.014063812792301178
mlp,y_XLV,13,2025-07-22,0.02051970857178831,-0.0010444261133670807
mlp,y_XLV,14,2025-07-22,0.02051970857178831,-0.021826405078172684
mlp,y_XLV,15,2025-07-22,0.02051970857178831,-0.0024986080825328827
mlp,y_XLV,13,2025-07-23,-0.003742668945110994,-0.021494988352060318
mlp,y_XLV,14,2025-07-23,-0.003742668945110994,0.013918094336986542
mlp,y_XLV,15,2025-07-23,-0.003742668945110994,0.015430547297000885
mlp,y_XLV,14,2025-07-24,0.005303597597398735,0.0022146617993712425
mlp,y_XLV,15,2025-07-24,0.005303597597398735,-0.004577822983264923
mlp,y_XLV,16,2025-07-24,0.005303597597398735,0.023302651941776276
mlp,y_XLV,14,2025-07-28,-0.0063567742536704275,0.031014155596494675
mlp,y_XLV,15,2025-07-28,-0.0063567742536704275,-0.012475196272134781
mlp,y_XLV,16,2025-07-28,-0.0063567742536704275,-0.020487844944000244
mlp,y_XLV,14,2025-07-29,-0.0017852419237556205,-0.010251435451209545
mlp,y_XLV,15,2025-07-29,-0.0017852419237556205,-0.0017321296036243439
mlp,y_XLV,16,2025-07-29,-0.0017852419237556205,0.024102360010147095
mlp,y_XLV,14,2025-07-30,-0.028020034139715877,-0.016768839210271835
mlp,y_XLV,15,2025-07-30,-0.028020034139715877,0.037047408521175385
mlp,y_XLV,16,2025-07-30,-0.028020034139715877,-0.029434524476528168
mlp,y_XLV,14,2025-07-31,0.005367015128056929,0.022809583693742752
mlp,y_XLV,15,2025-07-31,0.005367015128056929,0.01975470408797264
mlp,y_XLV,16,2025-07-31,0.005367015128056929,0.019028469920158386
mlp,y_XLV,14,2025-08-04,-0.003834283937926508,-0.004552188329398632
mlp,y_XLV,15,2025-08-04,-0.003834283937926508,-0.030624575912952423
mlp,y_XLV,16,2025-08-04,-0.003834283937926508,-0.017980925738811493
mlp,y_XLV,14,2025-08-05,-0.015018932687186792,-0.015185262076556683
mlp,y_XLV,15,2025-08-05,-0.015018932687186792,0.01402277685701847
mlp,y_XLV,16,2025-08-05,-0.015018932687186792,-0.010095089673995972
mlp,y_XLV,14,2025-08-06,-0.01149342721326807,0.021482326090335846
mlp,y_XLV,15,2025-08-06,-0.01149342721326807,-0.00665939599275589
mlp,y_XLV,16,2025-08-06,-0.01149342721326807,0.02519204467535019
mlp,y_XLV,14,2025-08-07,0.008914136553842544,0.004735869355499744
mlp,y_XLV,15,2025-08-07,0.008914136553842544,-0.0245172381401062
mlp,y_XLV,16,2025-08-07,0.008914136553842544,0.03974713385105133
mlp,y_XLV,14,2025-08-11,0.006907795591350574,0.010447554290294647
mlp,y_XLV,15,2025-08-11,0.006907795591350574,-0.018495529890060425
mlp,y_XLV,16,2025-08-11,0.006907795591350574,-0.01227407157421112
mlp,y_XLV,14,2025-08-12,0.016007182151822397,0.015717267990112305
mlp,y_XLV,15,2025-08-12,0.016007182151822397,0.011071324348449707
mlp,y_XLV,16,2025-08-12,0.016007182151822397,0.01596859097480774
mlp,y_XLV,15,2025-08-13,0.005026762820179664,-0.007553495466709137
mlp,y_XLV,16,2025-08-13,0.005026762820179664,-0.01282791793346405
mlp,y_XLV,17,2025-08-13,0.005026762820179664,-0.004727032035589218
mlp,y_XLV,15,2025-08-14,0.016796023156958828,-0.010704170912504196
mlp,y_XLV,16,2025-08-14,0.016796023156958828,0.0014346912503242493
mlp,y_XLV,17,2025-08-14,0.016796023156958828,-0.0009614080190658569
mlp,y_XLV,15,2025-08-18,0.00640211320145978,-0.01665264368057251
mlp,y_XLV,16,2025-08-18,0.00640211320145978,-0.013671517372131348
mlp,y_XLV,17,2025-08-18,0.00640211320145978,-0.0030081570148468018
mlp,y_XLV,15,2025-08-19,0.005410921504549249,-0.007116083055734634
mlp,y_XLV,16,2025-08-19,0.005410921504549249,-0.011521726846694946
mlp,y_XLV,17,2025-08-19,0.005410921504549249,0.0031666606664657593
mlp,y_XLV,15,2025-08-20,-0.0033454468917862856,0.0084065031260252
mlp,y_XLV,16,2025-08-20,-0.0033454468917862856,0.016100630164146423
mlp,y_XLV,17,2025-08-20,-0.0033454468917862856,-0.02962453104555607
mlp,y_XLV,15,2025-08-21,0.008245773151036584,0.018419483676552773
mlp,y_XLV,16,2025-08-21,0.008245773151036584,-0.014369353652000427
mlp,y_XLV,17,2025-08-21,0.008245773151036584,0.001559920608997345
mlp,y_XLV,15,2025-08-25,0.006240837298680635,-0.0005619116127490997
mlp,y_XLV,16,2025-08-25,0.006240837298680635,-0.0026311837136745453
mlp,y_XLV,17,2025-08-25,0.006240837298680635,-0.0018289163708686829
mlp,y_XLV,15,2025-08-26,-0.0005837418515388659,-0.030968114733695984
mlp,y_XLV,16,2025-08-26,-0.0005837418515388659,0.042989835143089294
mlp,y_XLV,17,2025-08-26,-0.0005837418515388659,0.00378621369600296
mlp,y_XLV,15,2025-08-27,-0.0039425870316533995,0.025234978646039963
mlp,y_XLV,16,2025-08-27,-0.0039425870316533995,0.023855477571487427
mlp,y_XLV,17,2025-08-27,-0.0039425870316533995,0.01320376992225647
mlp,y_XLV,15,2025-08-28,0.007329877549905994,0.003634840250015259
mlp,y_XLV,16,2025-08-28,0.007329877549905994,-0.004131261259317398
mlp,y_XLV,17,2025-08-28,0.007329877549905994,-0.0028060413897037506
mlp,y_XLV,15,2025-09-02,-0.004725136576187339,-0.011563651263713837
mlp,y_XLV,16,2025-09-02,-0.004725136576187339,-0.020881034433841705
mlp,y_XLV,17,2025-09-02,-0.004725136576187339,-0.02755643054842949
mlp,y_XLV,16,2025-09-03,0.00379803310480753,-0.03929908573627472
mlp,y_XLV,17,2025-09-03,0.00379803310480753,0.040459394454956055
mlp,y_XLV,18,2025-09-03,0.00379803310480753,-0.026928933337330818
mlp,y_XLV,16,2025-09-04,0.0034199587727621328,-0.00044735148549079895
mlp,y_XLV,17,2025-09-04,0.0034199587727621328,-0.021015755832195282
mlp,y_XLV,18,2025-09-04,0.0034199587727621328,0.002002054825425148
mlp,y_XLV,16,2025-09-08,0.005368023997646798,-0.024377793073654175
mlp,y_XLV,17,2025-09-08,0.005368023997646798,0.013394340872764587
mlp,y_XLV,18,2025-09-08,0.005368023997646798,-0.008290713652968407
mlp,y_XLV,16,2025-09-09,-0.009091577558817399,-0.007851779460906982
mlp,y_XLV,17,2025-09-09,-0.009091577558817399,0.007503055036067963
mlp,y_XLV,18,2025-09-09,-0.009091577558817399,-0.00276963971555233
mlp,y_XLV,16,2025-09-10,0.01740335297329465,0.026682168245315552
mlp,y_XLV,17,2025-09-10,0.01740335297329465,0.07297658175230026
mlp,y_XLV,18,2025-09-10,0.01740335297329465,0.008970694616436958
mlp,y_XLV,16,2025-09-11,-0.011523019044871963,0.012643598020076752
mlp,y_XLV,17,2025-09-11,-0.011523019044871963,0.026599988341331482
mlp,y_XLV,18,2025-09-11,-0.011523019044871963,0.00720626674592495
mlp,y_XLV,16,2025-09-15,0.0,-0.007985994219779968
mlp,y_XLV,17,2025-09-15,0.0,-0.02319059520959854
mlp,y_XLV,18,2025-09-15,0.0,-0.03318251669406891
mlp,y_XLV,16,2025-09-16,0.0019718694941670556,-0.00019490346312522888
mlp,y_XLV,17,2025-09-16,0.0019718694941670556,-0.022370222955942154
mlp,y_XLV,18,2025-09-16,0.0019718694941670556,-0.02801734022796154
mlp,y_XLV,16,2025-09-17,0.0019679888769359444,0.01889847218990326
mlp,y_XLV,17,2025-09-17,0.0019679888769359444,0.027633629739284515
mlp,y_XLV,18,2025-09-17,0.0019679888769359444,0.01086459681391716
mlp,y_XLV,16,2025-09-18,-0.0013093783425932592,-0.24493370950222015
mlp,y_XLV,17,2025-09-18,-0.0013093783425932592,0.09440243989229202
mlp,y_XLV,18,2025-09-18,-0.0013093783425932592,0.0658097192645073
mlp,y_XLV,16,2025-09-22,0.00226889997605495,0.039014048874378204
mlp,y_XLV,17,2025-09-22,0.00226889997605495,0.02747102826833725
mlp,y_XLV,18,2025-09-22,0.00226889997605495,0.0180687103420496
mlp,y_XLV,17,2025-09-23,-0.0040163622111477615,0.034521862864494324
mlp,y_XLV,18,2025-09-23,-0.0040163622111477615,0.01815708726644516
mlp,y_XLV,19,2025-09-23,-0.0040163622111477615,0.01429339125752449
mlp,y_XLV,17,2025-09-24,-0.016570094015506687,0.16632521152496338
mlp,y_XLV,18,2025-09-24,-0.016570094015506687,0.010396099649369717
mlp,y_XLV,19,2025-09-24,-0.016570094015506687,0.08734321594238281
mlp,y_XLV,17,2025-09-25,0.010213902093779703,0.017385803163051605
mlp,y_XLV,18,2025-09-25,0.010213902093779703,0.010768893174827099
mlp,y_XLV,19,2025-09-25,0.010213902093779703,-0.006487417966127396
mlp,y_XLV,17,2025-09-29,0.02406181105061278,-0.011140190064907074
mlp,y_XLV,18,2025-09-29,0.02406181105061278,-0.01737053133547306
mlp,y_XLV,19,2025-09-29,0.02406181105061278,-0.008778044953942299
mlp,y_XLV,17,2025-09-30,0.030897481493552537,0.014236457645893097
mlp,y_XLV,18,2025-09-30,0.030897481493552537,-0.0021470803767442703
mlp,y_XLV,19,2025-09-30,0.030897481493552537,0.03140287101268768
mlp,y_XLV,17,2025-10-01,-0.0019515988114386928,-0.005843199789524078
mlp,y_XLV,18,2025-10-01,-0.0019515988114386928,0.017219647765159607
mlp,y_XLV,19,2025-10-01,-0.0019515988114386928,-0.03672024980187416
mlp,y_XLV,17,2025-10-02,0.011383507478563315,0.0304206982254982
mlp,y_XLV,18,2025-10-02,0.011383507478563315,-0.08169706165790558
mlp,y_XLV,19,2025-10-02,0.011383507478563315,-0.03293704241514206
mlp,y_XLV,17,2025-10-06,0.0007632112202469177,0.011726222932338715
mlp,y_XLV,18,2025-10-06,0.0007632112202469177,-0.0061225369572639465
mlp,y_XLV,19,2025-10-06,0.0007632112202469177,-0.025476951152086258
mlp,y_XLV,17,2025-10-07,0.0019413151645273352,0.002979584038257599
mlp,y_XLV,18,2025-10-07,0.0019413151645273352,-0.036870501935482025
mlp,y_XLV,19,2025-10-07,0.0019413151645273352,-0.03074922412633896
mlp,y_XLV,17,2025-10-08,-0.00221431685960205,0.05690564960241318
mlp,y_XLV,18,2025-10-08,-0.00221431685960205,-0.024354146793484688
mlp,y_XLV,19,2025-10-08,-0.00221431685960205,0.05635473132133484
mlp,y_XLV,17,2025-10-09,-0.01442542620988041,0.013741932809352875
mlp,y_XLV,18,2025-10-09,-0.01442542620988041,0.01605125516653061
mlp,y_XLV,19,2025-10-09,-0.01442542620988041,-0.0012371838092803955
mlp,y_XLV,18,2025-10-13,0.002747374934527258,-0.02051582746207714
mlp,y_XLV,19,2025-10-13,0.002747374934527258,0.11229860782623291
mlp,y_XLV,20,2025-10-13,0.002747374934527258,0.013713672757148743
mlp,y_XLV,18,2025-10-14,0.0015456185154698598,-0.01891220547258854
mlp,y_XLV,19,2025-10-14,0.0015456185154698598,-0.009420512244105339
mlp,y_XLV,20,2025-10-14,0.0015456185154698598,0.002050994196906686
mlp,y_XLV,18,2025-10-15,-0.0016834001652120678,0.03965304046869278
mlp,y_XLV,19,2025-10-15,-0.0016834001652120678,-0.012637939304113388
mlp,y_XLV,20,2025-10-15,-0.0016834001652120678,-0.054282430559396744
mlp,y_XLV,18,2025-10-16,0.006675076505776367,0.0007735602557659149
mlp,y_XLV,19,2025-10-16,0.006675076505776367,-0.01569274812936783
mlp,y_XLV,20,2025-10-16,0.006675076505776367,0.03451808914542198
mlp,y_XLV,18,2025-10-20,0.002348254329871846,-0.0027397815138101578
mlp,y_XLV,19,2025-10-20,0.002348254329871846,0.0038964934647083282
mlp,y_XLV,20,2025-10-20,0.002348254329871846,-0.028423849493265152
mlp,y_XLV,18,2025-10-21,0.005719092011125859,-0.00862603448331356
mlp,y_XLV,19,2025-10-21,0.005719092011125859,-0.03634147346019745
mlp,y_XLV,20,2025-10-21,0.005719092011125859,-0.023188011720776558
mlp,y_XLV,18,2025-10-22,0.0005479222523625538,-0.00938594900071621
mlp,y_XLV,19,2025-10-22,0.0005479222523625538,0.011198975145816803
mlp,y_XLV,20,2025-10-22,0.0005479222523625538,-0.0025389387737959623
mlp,y_XLV,18,2025-10-23,-6.841342653363114e-05,0.0022154580801725388
mlp,y_XLV,19,2025-10-23,-6.841342653363114e-05,-0.007497921586036682
mlp,y_XLV,20,2025-10-23,-6.841342653363114e-05,0.009089212864637375
mlp,y_XLV,18,2025-10-27,-0.006285497782675953,0.027769355103373528
mlp,y_XLV,19,2025-10-27,-0.006285497782675953,-0.015043772757053375
mlp,y_XLV,20,2025-10-27,-0.006285497782675953,0.006194344721734524
mlp,y_XLV,18,2025-10-28,-0.010106522573031795,0.013680582866072655
mlp,y_XLV,19,2025-10-28,-0.010106522573031795,0.0316736102104187
mlp,y_XLV,20,2025-10-28,-0.010106522573031795,-0.008940402418375015
mlp,y_XLV,18,2025-10-29,0.0022225741501951113,0.014132266864180565
mlp,y_XLV,19,2025-10-29,0.0022225741501951113,-0.03676348552107811
mlp,y_XLV,20,2025-10-29,0.0022225741501951113,0.014583775773644447
mlp,y_XLV,18,2025-10-30,-0.0003465103918605106,0.004417171701788902
mlp,y_XLV,19,2025-10-30,-0.0003465103918605106,-0.008742950856685638
mlp,y_XLV,20,2025-10-30,-0.0003465103918605106,0.0036245554219931364
mlp,y_XLV,19,2025-11-03,0.004499957725708992,0.011401962488889694
mlp,y_XLV,20,2025-11-03,0.004499957725708992,-0.00757860392332077
mlp,y_XLV,21,2025-11-03,0.004499957725708992,0.007612872868776321
mlp,y_XLV,19,2025-11-04,0.003859350010434026,0.05751065909862518
mlp,y_XLV,20,2025-11-04,0.003859350010434026,-0.055261991918087006
mlp,y_XLV,21,2025-11-04,0.003859350010434026,-0.0073999762535095215
mlp,y_XLV,19,2025-11-05,0.0019222563451712915,0.04549740254878998
mlp,y_XLV,20,2025-11-05,0.0019222563451712915,-0.019001200795173645
mlp,y_XLV,21,2025-11-05,0.0019222563451712915,0.0045867376029491425
mlp,y_XLV,19,2025-11-06,0.0013703609747739431,0.020271919667720795
mlp,y_XLV,20,2025-11-06,0.0013703609747739431,-0.01003178209066391
mlp,y_XLV,21,2025-11-06,0.0013703609747739431,-0.03149082511663437
mlp,y_XLV,19,2025-11-10,0.023085221076130535,-0.019495505839586258
mlp,y_XLV,20,2025-11-10,0.023085221076130535,0.017349639907479286
mlp,y_XLV,21,2025-11-10,0.023085221076130535,0.004900086671113968
mlp,y_XLV,19,2025-11-11,0.014202350003676312,-0.01963362842798233
mlp,y_XLV,20,2025-11-11,0.014202350003676312,0.0334334596991539
mlp,y_XLV,21,2025-11-11,0.014202350003676312,0.004168149083852768
mlp,y_XLV,19,2025-11-12,-0.0005235269249866947,-0.015004385262727737
mlp,y_XLV,20,2025-11-12,-0.0005235269249866947,-0.014349166303873062
mlp,y_XLV,21,2025-11-12,-0.0005235269249866947,-0.01062396913766861
mlp,y_XLV,19,2025-11-13,-0.005957849307195007,-0.01310204528272152
mlp,y_XLV,20,2025-11-13,-0.005957849307195007,0.015514787286520004
mlp,y_XLV,21,2025-11-13,-0.005957849307195007,-0.01290181651711464
mlp,y_XLV,19,2025-11-17,0.005866871710869859,-0.03341059759259224
mlp,y_XLV,20,2025-11-17,0.005866871710869859,-0.002889092778787017
mlp,y_XLV,21,2025-11-17,0.005866871710869859,0.0008978098630905151
mlp,y_XLV,19,2025-11-18,-0.001703901710971567,-0.05447893962264061
mlp,y_XLV,20,2025-11-18,-0.001703901710971567,-0.012864346615970135
mlp,y_XLV,21,2025-11-18,-0.001703901710971567,-0.007935497909784317
mlp,y_XLV,19,2025-11-19,-0.0059738851136939,-0.028059322386980057
mlp,y_XLV,20,2025-11-19,-0.0059738851136939,-0.008626142516732216
mlp,y_XLV,21,2025-11-19,-0.0059738851136939,0.012556936591863632
mlp,y_XLV,19,2025-11-20,0.021067296052313278,-0.007230008020997047
mlp,y_XLV,20,2025-11-20,0.021067296052313278,-0.002945283195003867
mlp,y_XLV,21,2025-11-20,0.021067296052313278,-0.012141037732362747
mlp,y_XLV,20,2025-11-24,0.022607344097739013,0.0071133580058813095
mlp,y_XLV,21,2025-11-24,0.022607344097739013,0.024656210094690323
mlp,y_XLV,22,2025-11-24,0.022607344097739013,-0.006102604791522026
mlp,y_XLV,20,2025-11-25,-0.0022045105554177047,-0.012261025607585907
mlp,y_XLV,21,2025-11-25,-0.0022045105554177047,0.0347873754799366
mlp,y_XLV,22,2025-11-25,-0.0022045105554177047,-0.009460821747779846
mlp,y_XLV,20,2025-12-01,-0.005988791516342462,-0.004616208374500275
mlp,y_XLV,21,2025-12-01,-0.005988791516342462,0.0038472898304462433
mlp,y_XLV,22,2025-12-01,-0.005988791516342462,0.0009786603040993214
mlp,y_XLV,20,2025-12-02,0.00466443719553622,0.014547104015946388
mlp,y_XLV,21,2025-12-02,0.00466443719553622,-0.01329730823636055
mlp,y_XLV,22,2025-12-02,0.00466443719553622,-0.0037025692872703075
mlp,y_XLV,20,2025-12-03,-0.007609019046707188,-0.007687126286327839
mlp,y_XLV,21,2025-12-03,-0.007609019046707188,0.007772941142320633
mlp,y_XLV,22,2025-12-03,-0.007609019046707188,-0.005782244261354208
mlp,y_XLV,20,2025-12-04,-0.004158526018841369,0.0021052316296845675
mlp,y_XLV,21,2025-12-04,-0.004158526018841369,0.03962017223238945
mlp,y_XLV,22,2025-12-04,-0.004158526018841369,0.0010349242947995663
mlp,y_XLV,20,2025-12-08,-0.009707313291980157,-0.008654778823256493
mlp,y_XLV,21,2025-12-08,-0.009707313291980157,0.12126903235912323
mlp,y_XLV,22,2025-12-08,-0.009707313291980157,0.08446705341339111
mlp,y_XLV,20,2025-12-09,0.01453714071766643,-0.013048509135842323
mlp,y_XLV,21,2025-12-09,0.01453714071766643,0.00623944029211998
mlp,y_XLV,22,2025-12-09,0.01453714071766643,0.04435301944613457
mlp,y_XLV,20,2025-12-10,0.009464999685748987,0.010358739644289017
mlp,y_XLV,21,2025-12-10,0.009464999685748987,0.0005463771522045135
mlp,y_XLV,22,2025-12-10,0.009464999685748987,-0.020580777898430824
mlp,y_XLV,20,2025-12-11,0.0031254178165978086,-0.03433706611394882
mlp,y_XLV,21,2025-12-11,0.0031254178165978086,0.01666441187262535
mlp,y_XLV,22,2025-12-11,0.0031254178165978086,-0.027273742482066154
mlp,y_XLV,21,2025-12-15,-0.013004487870615922,0.03181673213839531
mlp,y_XLV,22,2025-12-15,-0.013004487870615922,-0.04620085284113884
mlp,y_XLV,23,2025-12-15,-0.013004487870615922,-0.04518850892782211
mlp,y_XLV,21,2025-12-16,-0.0018174282748395498,0.007064636796712875
mlp,y_XLV,22,2025-12-16,-0.0018174282748395498,-0.014939546585083008
mlp,y_XLV,23,2025-12-16,-0.0018174282748395498,0.016573291271924973
mlp,y_XLV,21,2025-12-17,0.0007802875316209601,-0.008425142616033554
mlp,y_XLV,22,2025-12-17,0.0007802875316209601,0.013721754774451256
mlp,y_XLV,23,2025-12-17,0.0007802875316209601,0.010635165497660637
mlp,y_XLV,21,2025-12-18,0.0066922378066234245,-0.039927806705236435
mlp,y_XLV,22,2025-12-18,0.0066922378066234245,-0.03916631266474724
mlp,y_XLV,23,2025-12-18,0.0066922378066234245,-0.0717683732509613
mlp,y_XLV,21,2025-12-23,0.0052261276849201455,-0.017595116049051285
mlp,y_XLV,22,2025-12-23,0.0052261276849201455,-0.014000475406646729
mlp,y_XLV,23,2025-12-23,0.0052261276849201455,0.02219519391655922
mlp,y_XLV,21,2025-12-29,-0.0008343808795940877,0.011180680245161057
mlp,y_XLV,22,2025-12-29,-0.0008343808795940877,0.01009616069495678
mlp,y_XLV,23,2025-12-29,-0.0008343808795940877,-0.013004672713577747
mlp,y_XLV,21,2025-12-30,-0.00565255437708112,0.018689479678869247
mlp,y_XLV,22,2025-12-30,-0.00565255437708112,-0.007809353526681662
mlp,y_XLV,23,2025-12-30,-0.00565255437708112,0.005394172854721546
mlp,y_XLV,22,2026-01-05,0.019672363156833406,0.006293824408203363
mlp,y_XLV,23,2026-01-05,0.019672363156833406,-0.004810416139662266
mlp,y_XLV,24,2026-01-05,0.019672363156833406,0.05228479951620102
mlp,y_XLV,22,2026-01-06,0.0099310984919192,-0.0010304711759090424
mlp,y_XLV,23,2026-01-06,0.0099310984919192,0.056709807366132736
mlp,y_XLV,24,2026-01-06,0.0099310984919192,0.022858314216136932
mlp,y_XLV,22,2026-01-07,-0.009645549978697376,0.025438236072659492
mlp,y_XLV,23,2026-01-07,-0.009645549978697376,0.040580376982688904
mlp,y_XLV,24,2026-01-07,-0.009645549978697376,0.019871428608894348
mlp,y_XLV,22,2026-01-08,-0.005122676344591515,-0.0036454875953495502
mlp,y_XLV,23,2026-01-08,-0.005122676344591515,0.019509663805365562
mlp,y_XLV,24,2026-01-08,-0.005122676344591515,0.013718649744987488
mlp,y_XLV,22,2026-01-12,-0.004066586413725148,0.0017570783384144306
mlp,y_XLV,23,2026-01-12,-0.004066586413725148,-0.02121087908744812
mlp,y_XLV,24,2026-01-12,-0.004066586413725148,-0.00861097127199173
mlp,y_XLV,22,2026-01-13,0.007145560022558062,-0.010697556659579277
mlp,y_XLV,23,2026-01-13,0.007145560022558062,-0.0019184369593858719
mlp,y_XLV,24,2026-01-13,0.007145560022558062,-0.0031023360788822174
mlp,y_XLV,22,2026-01-14,-0.005701215589792419,0.0226785596460104
mlp,y_XLV,23,2026-01-14,-0.005701215589792419,-0.020086869597434998
mlp,y_XLV,24,2026-01-14,-0.005701215589792419,0.0033986717462539673
mlp,y_XLV,22,2026-01-15,-0.00777268838250722,0.008384967222809792
mlp,y_XLV,23,2026-01-15,-0.00777268838250722,-0.004964553751051426
mlp,y_XLV,24,2026-01-15,-0.00777268838250722,-0.007376141846179962
mlp,y_XLV,22,2026-01-21,0.00018955377441010057,-0.001837951596826315
mlp,y_XLV,23,2026-01-21,0.00018955377441010057,0.0006773015484213829
mlp,y_XLV,24,2026-01-21,0.00018955377441010057,-0.003482487052679062
mlp,y_XLV,22,2026-01-22,-0.005117174761196441,-0.008370956405997276
mlp,y_XLV,23,2026-01-22,-0.005117174761196441,0.009669004939496517
mlp,y_XLV,24,2026-01-22,-0.005117174761196441,-0.02036105841398239
mlp,y_XLV,23,2026-01-26,-0.01676160058803766,0.009481494314968586
mlp,y_XLV,24,2026-01-26,-0.01676160058803766,0.015238828957080841
mlp,y_XLV,23,2026-01-27,-0.007333543982172008,-0.01244273316115141
mlp,y_XLV,24,2026-01-27,-0.007333543982172008,-0.027011839672923088
mlp,y_XLV,23,2026-01-28,-0.0031753628548204516,0.0026027560234069824
mlp,y_XLV,24,2026-01-28,-0.0031753628548204516,-0.015664685517549515
mlp,y_XLV,23,2026-01-29,0.005981004584183713,0.01499421987682581
mlp,y_XLV,24,2026-01-29,0.005981004584183713,0.011653557419776917
mlp,y_XLV,23,2026-02-02,-0.010212578283496532,-0.03884680196642876
mlp,y_XLV,24,2026-02-02,-0.010212578283496532,0.003852851688861847
mlp,y_XLV,23,2026-02-03,0.012524286822446884,-0.002567254938185215
mlp,y_XLV,24,2026-02-03,0.012524286822446884,-0.007952932268381119
mlp,y_XLV,23,2026-02-04,-0.007626754154433479,0.005215532146394253
mlp,y_XLV,24,2026-02-04,-0.007626754154433479,-0.011760823428630829
mlp,y_XLV,23,2026-02-05,0.01853532965548288,-0.024573225528001785
mlp,y_XLV,24,2026-02-05,0.01853532965548288,-0.006145983934402466
mlp,y_XLV,23,2026-02-09,-0.00633319758686246,-0.017696794122457504
mlp,y_XLV,24,2026-02-09,-0.00633319758686246,-0.00579645112156868
mlp,y_XLV,23,2026-02-10,0.0059228620234355045,-0.0006958609446883202
mlp,y_XLV,24,2026-02-10,0.0059228620234355045,0.0039259083569049835
mlp,y_XLV,23,2026-02-11,-0.0016000000000000458,-0.012491910718381405
mlp,y_XLV,24,2026-02-11,-0.0016000000000000458,-0.02089095115661621
mlp,y_XLV,23,2026-02-12,0.010705116467598197,-0.03505475074052811
mlp,y_XLV,24,2026-02-12,0.010705116467598197,-0.028105786070227623
mlp,y_XLV,24,2026-02-17,0.0019063548393352114,-0.005364678800106049
mlp,y_XLV,24,2026-02-18,-0.0026003911135334956,-0.0042399391531944275
mlp,y_XLV,24,2026-02-19,-0.0027978328754046933,-0.007004931569099426
mlp,y_XLV,24,2026-02-23,-0.004226051452746682,0.008109614253044128
mlp,y_XLV,24,2026-02-24,-0.00025333050845488536,0.006972305476665497
mlp,y_XLV,24,2026-02-25,-0.0025977549094136076,0.08161141723394394
mlp,y_XLV,24,2026-02-26,0.01765975614047033,0.008852198719978333
mlp,y_XLV,24,2026-03-02,-0.011291195987611191,0.014920756220817566
mlp,y_XLV,24,2026-03-03,0.001977781981175708,0.023865200579166412
mlp,y_XLV,24,2026-03-04,-0.019993628326219204,-0.015820583328604698
mlp,y_XLV,24,2026-03-05,-0.007861780813959385,-0.011603407561779022
mlp,y_XLY,0,2024-08-05,0.011041198823721121,0.004226423799991608
mlp,y_XLY,0,2024-08-06,-0.017449621646755342,-0.020093560218811035
mlp,y_XLY,0,2024-08-07,0.021817056069055374,-0.04981519281864166
mlp,y_XLY,0,2024-08-08,0.0033379284390684383,-0.014027632772922516
mlp,y_XLY,0,2024-08-12,0.02505049972953799,-0.0157746821641922
mlp,y_XLY,0,2024-08-13,-0.005337204498623738,-0.008251242339611053
mlp,y_XLY,0,2024-08-14,0.03191176847918231,0.01110544428229332
mlp,y_XLY,0,2024-08-15,0.0023536287188543614,-0.007824793457984924
mlp,y_XLY,0,2024-08-19,-0.0009170385207023513,0.031159590929746628
mlp,y_XLY,0,2024-08-20,0.012634243741173723,0.02290819026529789
mlp,y_XLY,0,2024-08-21,-0.017275358507519267,-0.04340866208076477
mlp,y_XLY,0,2024-08-22,0.019315283859488774,0.022652454674243927
mlp,y_XLY,0,2024-08-26,-0.0026285702065147465,-0.001324474811553955
mlp,y_XLY,1,2024-08-26,-0.0026285702065147465,0.009628508239984512
mlp,y_XLY,0,2024-08-27,-0.009681554474129772,-0.00687243789434433
mlp,y_XLY,1,2024-08-27,-0.009681554474129772,-0.0022818520665168762
mlp,y_XLY,0,2024-08-28,0.0011947191667245338,-0.010088358074426651
mlp,y_XLY,1,2024-08-28,0.0011947191667245338,0.0018112435936927795
mlp,y_XLY,0,2024-08-29,0.015080795845299866,-0.0008826553821563721
mlp,y_XLY,1,2024-08-29,0.015080795845299866,0.017374247312545776
mlp,y_XLY,0,2024-09-03,0.0026008912892079294,0.012456972151994705
mlp,y_XLY,1,2024-09-03,0.0026008912892079294,-0.012009762227535248
mlp,y_XLY,0,2024-09-04,0.011349631413396066,0.028421465307474136
mlp,y_XLY,1,2024-09-04,0.011349631413396066,-0.011275410652160645
mlp,y_XLY,0,2024-09-05,-0.02527659722044473,0.01826571673154831
mlp,y_XLY,1,2024-09-05,-0.02527659722044473,-0.015601057559251785
mlp,y_XLY,0,2024-09-09,0.011455751563631988,-0.06501857191324234
mlp,y_XLY,1,2024-09-09,0.011455751563631988,0.021912135183811188
mlp,y_XLY,0,2024-09-10,0.009990502571239901,-0.00671033188700676
mlp,y_XLY,1,2024-09-10,0.009990502571239901,0.00011596828699111938
mlp,y_XLY,0,2024-09-11,0.011266770566778606,-0.004192240536212921
mlp,y_XLY,1,2024-09-11,0.011266770566778606,0.003722347319126129
mlp,y_XLY,0,2024-09-12,0.00679990382031348,-0.023994870483875275
mlp,y_XLY,1,2024-09-12,0.00679990382031348,0.013250283896923065
mlp,y_XLY,2,2024-09-12,0.00679990382031348,0.0009662909433245659
mlp,y_XLY,0,2024-09-16,0.005100257320783896,-0.11142534017562866
mlp,y_XLY,1,2024-09-16,0.005100257320783896,0.021199434995651245
mlp,y_XLY,2,2024-09-16,0.005100257320783896,0.034515880048274994
mlp,y_XLY,0,2024-09-17,-0.0019677770999391164,-0.010428149253129959
mlp,y_XLY,1,2024-09-17,-0.0019677770999391164,0.05891207605600357
mlp,y_XLY,2,2024-09-17,-0.0019677770999391164,0.007471922785043716
mlp,y_XLY,0,2024-09-18,0.022775743369557455,0.027957968413829803
mlp,y_XLY,1,2024-09-18,0.022775743369557455,-0.009834744036197662
mlp,y_XLY,2,2024-09-18,0.022775743369557455,-0.0013957135379314423
mlp,y_XLY,0,2024-09-19,-0.0022825762276763584,-0.005602564662694931
mlp,y_XLY,1,2024-09-19,-0.0022825762276763584,0.00476808100938797
mlp,y_XLY,2,2024-09-19,-0.0022825762276763584,-0.032917410135269165
mlp,y_XLY,0,2024-09-23,0.008758347020918711,-0.018058884888887405
mlp,y_XLY,1,2024-09-23,0.008758347020918711,-0.006582435220479965
mlp,y_XLY,2,2024-09-23,0.008758347020918711,0.011195458471775055
mlp,y_XLY,0,2024-09-24,-0.0035927360469284464,0.016374610364437103
mlp,y_XLY,1,2024-09-24,-0.0035927360469284464,-0.002201113849878311
mlp,y_XLY,2,2024-09-24,-0.0035927360469284464,0.011463575065135956
mlp,y_XLY,0,2024-09-25,0.0042565740490061454,0.00038583576679229736
mlp,y_XLY,1,2024-09-25,0.0042565740490061454,-0.013369537889957428
mlp,y_XLY,2,2024-09-25,0.0042565740490061454,0.008277259767055511
mlp,y_XLY,0,2024-09-26,0.0014959390502684577,-0.011913951486349106
mlp,y_XLY,1,2024-09-26,0.0014959390502684577,0.006237920373678207
mlp,y_XLY,2,2024-09-26,0.0014959390502684577,-0.004473196808248758
mlp,y_XLY,0,2024-09-30,-0.004042423902878123,-0.021106727421283722
mlp,y_XLY,1,2024-09-30,-0.004042423902878123,0.005587782710790634
mlp,y_XLY,2,2024-09-30,-0.004042423902878123,0.0012322589755058289
mlp,y_XLY,0,2024-10-01,-0.008468699832540838,-0.0036891214549541473
mlp,y_XLY,1,2024-10-01,-0.008468699832540838,-0.010617706924676895
mlp,y_XLY,2,2024-10-01,-0.008468699832540838,-0.006775274872779846
mlp,y_XLY,0,2024-10-02,-0.011573202955691309,-0.036337025463581085
mlp,y_XLY,1,2024-10-02,-0.011573202955691309,0.009274415671825409
mlp,y_XLY,2,2024-10-02,-0.011573202955691309,-0.035728082060813904
mlp,y_XLY,0,2024-10-03,0.01324266575546007,-0.02496872842311859
mlp,y_XLY,1,2024-10-03,0.01324266575546007,-0.001956835389137268
mlp,y_XLY,2,2024-10-03,0.01324266575546007,0.023146092891693115
mlp,y_XLY,1,2024-10-07,0.009739189873101628,0.01600838452577591
mlp,y_XLY,2,2024-10-07,0.009739189873101628,-0.0050786444917321205
mlp,y_XLY,3,2024-10-07,0.009739189873101628,-0.013177882879972458
mlp,y_XLY,1,2024-10-08,0.007157579548600745,0.028668031096458435
mlp,y_XLY,2,2024-10-08,0.007157579548600745,0.03583158925175667
mlp,y_XLY,3,2024-10-08,0.007157579548600745,-0.021927732974290848
mlp,y_XLY,1,2024-10-09,-0.00493936661669947,-0.012775298207998276
mlp,y_XLY,2,2024-10-09,-0.00493936661669947,-0.008431556634604931
mlp,y_XLY,3,2024-10-09,-0.00493936661669947,0.0049866922199726105
mlp,y_XLY,1,2024-10-10,-0.004254903683742928,-0.0037839561700820923
mlp,y_XLY,2,2024-10-10,-0.004254903683742928,-0.013607712462544441
mlp,y_XLY,3,2024-10-10,-0.004254903683742928,0.018491990864276886
mlp,y_XLY,1,2024-10-14,0.0021778840660593435,0.009862907230854034
mlp,y_XLY,2,2024-10-14,0.0021778840660593435,0.0028021708130836487
mlp,y_XLY,3,2024-10-14,0.0021778840660593435,0.016095388680696487
mlp,y_XLY,1,2024-10-15,0.005255977276285462,-0.0094619020819664
mlp,y_XLY,2,2024-10-15,0.005255977276285462,0.01521509513258934
mlp,y_XLY,3,2024-10-15,0.005255977276285462,0.01614905148744583
mlp,y_XLY,1,2024-10-16,-0.0009049186549991983,0.0032757483422756195
mlp,y_XLY,2,2024-10-16,-0.0009049186549991983,0.006838515400886536
mlp,y_XLY,3,2024-10-16,-0.0009049186549991983,-0.012419041246175766
mlp,y_XLY,1,2024-10-17,0.0039249434485824075,-0.0020824186503887177
mlp,y_XLY,2,2024-10-17,0.0039249434485824075,0.008192885667085648
mlp,y_XLY,3,2024-10-17,0.0039249434485824075,0.010792676359415054
mlp,y_XLY,1,2024-10-21,-0.004041317057143612,-0.0038027390837669373
mlp,y_XLY,2,2024-10-21,-0.004041317057143612,-0.0189162939786911
mlp,y_XLY,3,2024-10-21,-0.004041317057143612,0.011380471289157867
mlp,y_XLY,1,2024-10-22,-0.01572319813245926,-0.012635625898838043
mlp,y_XLY,2,2024-10-22,-0.01572319813245926,0.018574826419353485
mlp,y_XLY,3,2024-10-22,-0.01572319813245926,-0.008946340531110764
mlp,y_XLY,1,2024-10-23,0.031536653827282324,0.04542087763547897
mlp,y_XLY,2,2024-10-23,0.031536653827282324,0.032189544290304184
mlp,y_XLY,3,2024-10-23,0.031536653827282324,-0.019009318202733994
mlp,y_XLY,1,2024-10-24,0.003147160003152294,0.014881260693073273
mlp,y_XLY,2,2024-10-24,0.003147160003152294,-0.02655196003615856
mlp,y_XLY,3,2024-10-24,0.003147160003152294,0.025728408247232437
mlp,y_XLY,2,2024-10-28,-0.005216576045195875,-0.10611899942159653
mlp,y_XLY,3,2024-10-28,-0.005216576045195875,-0.16595318913459778
mlp,y_XLY,4,2024-10-28,-0.005216576045195875,0.1222647875547409
mlp,y_XLY,2,2024-10-29,-0.0013984484530545904,-0.042760588228702545
mlp,y_XLY,3,2024-10-29,-0.0013984484530545904,0.009435053914785385
mlp,y_XLY,4,2024-10-29,-0.0013984484530545904,0.09970825910568237
mlp,y_XLY,2,2024-10-30,-0.015303680604515368,0.011763215065002441
mlp,y_XLY,3,2024-10-30,-0.015303680604515368,0.026605747640132904
mlp,y_XLY,4,2024-10-30,-0.015303680604515368,0.019012507051229477
mlp,y_XLY,2,2024-10-31,0.016252647921792374,-0.0442996546626091
mlp,y_XLY,3,2024-10-31,0.016252647921792374,-0.034568388015031815
mlp,y_XLY,4,2024-10-31,0.016252647921792374,0.018219228833913803
mlp,y_XLY,2,2024-11-04,0.017703122614795008,0.006432201713323593
mlp,y_XLY,3,2024-11-04,0.017703122614795008,0.027505245059728622
mlp,y_XLY,4,2024-11-04,0.017703122614795008,0.025140825659036636
mlp,y_XLY,2,2024-11-05,0.031981499980015426,0.03206266462802887
mlp,y_XLY,3,2024-11-05,0.031981499980015426,-0.012488309293985367
mlp,y_XLY,4,2024-11-05,0.031981499980015426,0.009463395923376083
mlp,y_XLY,2,2024-11-06,0.012844997288508297,-0.06445788592100143
mlp,y_XLY,3,2024-11-06,0.012844997288508297,-0.016112755984067917
mlp,y_XLY,4,2024-11-06,0.012844997288508297,-0.0018821321427822113
mlp,y_XLY,2,2024-11-07,0.01419079768186382,-0.014572842046618462
mlp,y_XLY,3,2024-11-07,0.01419079768186382,0.03446688503026962
mlp,y_XLY,4,2024-11-07,0.01419079768186382,-0.02099459245800972
mlp,y_XLY,2,2024-11-11,-0.013351002199942563,0.013676431030035019
mlp,y_XLY,3,2024-11-11,-0.013351002199942563,-0.04539842531085014
mlp,y_XLY,4,2024-11-11,-0.013351002199942563,0.016780685633420944
mlp,y_XLY,2,2024-11-12,0.00854383252282287,0.011260546743869781
mlp,y_XLY,3,2024-11-12,0.00854383252282287,0.014493044465780258
mlp,y_XLY,4,2024-11-12,0.00854383252282287,-0.018362032249569893
mlp,y_XLY,2,2024-11-13,-0.014195372877705892,0.010051893070340157
mlp,y_XLY,3,2024-11-13,-0.014195372877705892,-0.0010908320546150208
mlp,y_XLY,4,2024-11-13,-0.014195372877705892,0.017966564744710922
mlp,y_XLY,2,2024-11-14,-0.008547026300840033,-0.024157285690307617
mlp,y_XLY,3,2024-11-14,-0.008547026300840033,-0.06105799600481987
mlp,y_XLY,4,2024-11-14,-0.008547026300840033,0.21797631680965424
mlp,y_XLY,3,2024-11-18,0.0007426870912894401,-0.06577664613723755
mlp,y_XLY,4,2024-11-18,0.0007426870912894401,0.03720458969473839
mlp,y_XLY,5,2024-11-18,0.0007426870912894401,-0.037759505212306976
mlp,y_XLY,3,2024-11-19,-0.004406892486286784,-0.03428615257143974
mlp,y_XLY,4,2024-11-19,-0.004406892486286784,0.06143534556031227
mlp,y_XLY,5,2024-11-19,-0.004406892486286784,-0.033827025443315506
mlp,y_XLY,3,2024-11-20,0.001770617138818098,-0.08057302236557007
mlp,y_XLY,4,2024-11-20,0.001770617138818098,0.05197090283036232
mlp,y_XLY,5,2024-11-20,0.001770617138818098,0.026520781219005585
mlp,y_XLY,3,2024-11-21,0.014418536099413792,-0.009159605950117111
mlp,y_XLY,4,2024-11-21,0.014418536099413792,0.025879371911287308
mlp,y_XLY,5,2024-11-21,0.014418536099413792,0.012397363781929016
mlp,y_XLY,3,2024-11-25,0.00363093400967629,0.011572092771530151
mlp,y_XLY,4,2024-11-25,0.00363093400967629,0.018456168472766876
mlp,y_XLY,5,2024-11-25,0.00363093400967629,-0.012567024677991867
mlp,y_XLY,3,2024-11-26,-0.004929329128270266,0.0171690434217453
mlp,y_XLY,4,2024-11-26,-0.004929329128270266,0.03208565339446068
mlp,y_XLY,5,2024-11-26,-0.004929329128270266,-0.001275908201932907
mlp,y_XLY,3,2024-12-02,-0.0007582083480348611,-0.00628310814499855
mlp,y_XLY,4,2024-12-02,-0.0007582083480348611,0.040673840790987015
mlp,y_XLY,5,2024-12-02,-0.0007582083480348611,0.028122268617153168
mlp,y_XLY,3,2024-12-03,0.009282884748771814,-0.03550871089100838
mlp,y_XLY,4,2024-12-03,0.009282884748771814,0.024109531193971634
mlp,y_XLY,5,2024-12-03,0.009282884748771814,0.041235677897930145
mlp,y_XLY,3,2024-12-04,0.008180462049679038,-0.008171234279870987
mlp,y_XLY,4,2024-12-04,0.008180462049679038,-0.013540605083107948
mlp,y_XLY,5,2024-12-04,0.008180462049679038,0.007739368826150894
mlp,y_XLY,3,2024-12-05,0.021052660767264086,0.014333974570035934
mlp,y_XLY,4,2024-12-05,0.021052660767264086,0.03477386757731438
mlp,y_XLY,5,2024-12-05,0.021052660767264086,0.005773432552814484
mlp,y_XLY,4,2024-12-09,0.0016374170460418114,0.0036099515855312347
mlp,y_XLY,5,2024-12-09,0.0016374170460418114,0.00935233011841774
mlp,y_XLY,6,2024-12-09,0.0016374170460418114,0.00574861466884613
mlp,y_XLY,4,2024-12-10,0.017552992400003298,0.003867756575345993
mlp,y_XLY,5,2024-12-10,0.017552992400003298,0.013510193675756454
mlp,y_XLY,6,2024-12-10,0.017552992400003298,-0.04150345176458359
mlp,y_XLY,4,2024-12-11,-0.008286834470044746,0.01958828791975975
mlp,y_XLY,5,2024-12-11,-0.008286834470044746,0.0016460828483104706
mlp,y_XLY,6,2024-12-11,-0.008286834470044746,-0.012549176812171936
mlp,y_XLY,4,2024-12-12,0.0039649108805552835,-0.00015895068645477295
mlp,y_XLY,5,2024-12-12,0.0039649108805552835,0.0037833787500858307
mlp,y_XLY,6,2024-12-12,0.0039649108805552835,0.0033438540995121002
mlp,y_XLY,4,2024-12-16,0.0031423983903478003,0.02352486178278923
mlp,y_XLY,5,2024-12-16,0.0031423983903478003,0.01478896290063858
mlp,y_XLY,6,2024-12-16,0.0031423983903478003,-0.016933053731918335
mlp,y_XLY,4,2024-12-17,-0.04506531511703005,0.007015001028776169
mlp,y_XLY,5,2024-12-17,-0.04506531511703005,0.003386668860912323
mlp,y_XLY,6,2024-12-17,-0.04506531511703005,-0.0023008137941360474
mlp,y_XLY,4,2024-12-18,-0.00135592447611943,0.0037058405578136444
mlp,y_XLY,5,2024-12-18,-0.00135592447611943,0.0004982724785804749
mlp,y_XLY,6,2024-12-18,-0.00135592447611943,-0.004248138517141342
mlp,y_XLY,4,2024-12-19,0.002540213461942775,0.030537094920873642
mlp,y_XLY,5,2024-12-19,0.002540213461942775,0.02922511100769043
mlp,y_XLY,6,2024-12-19,0.002540213461942775,0.01968281716108322
mlp,y_XLY,4,2024-12-23,0.023126909453738076,-0.009671229869127274
mlp,y_XLY,5,2024-12-23,0.023126909453738076,-0.02626129612326622
mlp,y_XLY,6,2024-12-23,0.023126909453738076,-0.0074479058384895325
mlp,y_XLY,4,2024-12-26,-0.01652403268358793,-0.018902545794844627
mlp,y_XLY,5,2024-12-26,-0.01652403268358793,0.003504157066345215
mlp,y_XLY,6,2024-12-26,-0.01652403268358793,-0.002555679529905319
mlp,y_XLY,5,2024-12-30,-0.007520490435980909,0.014966920018196106
mlp,y_XLY,6,2024-12-30,-0.007520490435980909,0.025590695440769196
mlp,y_XLY,7,2024-12-30,-0.007520490435980909,0.0017954129725694656
mlp,y_XLY,5,2025-01-02,0.020234880130356236,-0.013098763301968575
mlp,y_XLY,6,2025-01-02,0.020234880130356236,0.019122488796710968
mlp,y_XLY,7,2025-01-02,0.020234880130356236,0.004182580858469009
mlp,y_XLY,5,2025-01-06,-0.01935874012156813,0.031993746757507324
mlp,y_XLY,6,2025-01-06,-0.01935874012156813,-0.009413566440343857
mlp,y_XLY,7,2025-01-06,-0.01935874012156813,-0.028206998482346535
mlp,y_XLY,5,2025-01-07,0.0028328827564976233,-0.02142915315926075
mlp,y_XLY,6,2025-01-07,0.0028328827564976233,-0.02146909013390541
mlp,y_XLY,7,2025-01-07,0.0028328827564976233,0.021128235384821892
mlp,y_XLY,5,2025-01-13,-0.0019364124833040064,-0.013586219400167465
mlp,y_XLY,6,2025-01-13,-0.0019364124833040064,-0.039995934814214706
mlp,y_XLY,7,2025-01-13,-0.0019364124833040064,0.02579338289797306
mlp,y_XLY,5,2025-01-14,0.025446773666248035,0.0009926185011863708
mlp,y_XLY,6,2025-01-14,0.025446773666248035,-0.011483456939458847
mlp,y_XLY,7,2025-01-14,0.025446773666248035,0.008489606902003288
mlp,y_XLY,5,2025-01-15,-0.005411837458247026,0.1087973490357399
mlp,y_XLY,6,2025-01-15,-0.005411837458247026,0.06811127811670303
mlp,y_XLY,7,2025-01-15,-0.005411837458247026,0.041401803493499756
mlp,y_XLY,5,2025-01-16,0.014023437872344502,0.008958321064710617
mlp,y_XLY,6,2025-01-16,0.014023437872344502,-0.004767172038555145
mlp,y_XLY,7,2025-01-16,0.014023437872344502,0.011563977226614952
mlp,y_XLY,6,2025-01-21,-0.00376784823717613,-0.0007871240377426147
mlp,y_XLY,7,2025-01-21,-0.00376784823717613,-0.018230998888611794
mlp,y_XLY,8,2025-01-21,-0.00376784823717613,0.012865549884736538
mlp,y_XLY,6,2025-01-22,0.0060427132862548305,0.050192639231681824
mlp,y_XLY,7,2025-01-22,0.0060427132862548305,0.02506585232913494
mlp,y_XLY,8,2025-01-22,0.0060427132862548305,0.028054237365722656
mlp,y_XLY,6,2025-01-23,-0.00609287595596486,0.02074059098958969
mlp,y_XLY,7,2025-01-23,-0.00609287595596486,-0.001105641946196556
mlp,y_XLY,8,2025-01-23,-0.00609287595596486,0.016485944390296936
mlp,y_XLY,6,2025-01-27,0.0012104658287417358,-0.006801404058933258
mlp,y_XLY,7,2025-01-27,0.0012104658287417358,-0.04229149967432022
mlp,y_XLY,8,2025-01-27,0.0012104658287417358,-0.0173087939620018
mlp,y_XLY,6,2025-01-28,-0.002849758079907616,-0.003639496862888336
mlp,y_XLY,7,2025-01-28,-0.002849758079907616,-0.007311830297112465
mlp,y_XLY,8,2025-01-28,-0.002849758079907616,0.015403068624436855
mlp,y_XLY,6,2025-01-29,0.009786098170477375,-0.01742524653673172
mlp,y_XLY,7,2025-01-29,0.009786098170477375,0.028714926913380623
mlp,y_XLY,8,2025-01-29,0.009786098170477375,0.0018211441347375512
mlp,y_XLY,6,2025-01-30,-0.004416805230128884,0.02627173811197281
mlp,y_XLY,7,2025-01-30,-0.004416805230128884,-0.0644746869802475
mlp,y_XLY,8,2025-01-30,-0.004416805230128884,0.046319425106048584
mlp,y_XLY,6,2025-02-03,0.0117852201090336,0.019458502531051636
mlp,y_XLY,7,2025-02-03,0.0117852201090336,0.0029750876128673553
mlp,y_XLY,8,2025-02-03,0.0117852201090336,-0.005236470606178045
mlp,y_XLY,6,2025-02-04,-0.011345973272050003,0.04164066165685654
mlp,y_XLY,7,2025-02-04,-0.011345973272050003,0.03382394462823868
mlp,y_XLY,8,2025-02-04,-0.011345973272050003,0.009533950127661228
mlp,y_XLY,6,2025-02-05,0.003970904879678994,-0.04732614383101463
mlp,y_XLY,7,2025-02-05,0.003970904879678994,0.06673081964254379
mlp,y_XLY,8,2025-02-05,0.003970904879678994,0.06336330622434616
mlp,y_XLY,6,2025-02-06,-0.019558458842971138,0.043315403163433075
mlp,y_XLY,7,2025-02-06,-0.019558458842971138,-0.014770696870982647
mlp,y_XLY,8,2025-02-06,-0.019558458842971138,0.04615325108170509
mlp,y_XLY,7,2025-02-10,-0.011354178792550407,0.006798161193728447
mlp,y_XLY,8,2025-02-10,-0.011354178792550407,-0.010770757682621479
mlp,y_XLY,9,2025-02-10,-0.011354178792550407,-0.018967483192682266
mlp,y_XLY,7,2025-02-11,-0.00017875014924506605,0.030732547864317894
mlp,y_XLY,8,2025-02-11,-0.00017875014924506605,0.018176428973674774
mlp,y_XLY,9,2025-02-11,-0.00017875014924506605,0.07354124635457993
mlp,y_XLY,7,2025-02-12,0.015017490585736315,-0.0034854989498853683
mlp,y_XLY,8,2025-02-12,0.015017490585736315,-0.024497538805007935
mlp,y_XLY,9,2025-02-12,0.015017490585736315,-0.011024601757526398
mlp,y_XLY,7,2025-02-13,-0.00044037631369131525,0.08716855198144913
mlp,y_XLY,8,2025-02-13,-0.00044037631369131525,0.04146105423569679
mlp,y_XLY,9,2025-02-13,-0.00044037631369131525,0.18702930212020874
mlp,y_XLY,7,2025-02-18,-0.0005741722825519657,0.1476259082555771
mlp,y_XLY,8,2025-02-18,-0.0005741722825519657,-0.09378894418478012
mlp,y_XLY,9,2025-02-18,-0.0005741722825519657,0.0977311059832573
mlp,y_XLY,7,2025-02-19,-0.008619232903237739,-0.030073024332523346
mlp,y_XLY,8,2025-02-19,-0.008619232903237739,-0.023995399475097656
mlp,y_XLY,9,2025-02-19,-0.008619232903237739,0.017140768468379974
mlp,y_XLY,7,2025-02-20,-0.026305113626694743,-0.0005431734025478363
mlp,y_XLY,8,2025-02-20,-0.026305113626694743,0.005338225979357958
mlp,y_XLY,9,2025-02-20,-0.026305113626694743,-0.02946189045906067
mlp,y_XLY,7,2025-02-24,-0.0052398209128925455,-0.0002837013453245163
mlp,y_XLY,8,2025-02-24,-0.0052398209128925455,0.03216129541397095
mlp,y_XLY,9,2025-02-24,-0.0052398209128925455,0.09468678385019302
mlp,y_XLY,7,2025-02-25,-0.004112132811379676,0.025327039882540703
mlp,y_XLY,8,2025-02-25,-0.004112132811379676,-0.02407144196331501
mlp,y_XLY,9,2025-02-25,-0.004112132811379676,-0.0005350038409233093
mlp,y_XLY,7,2025-02-26,-0.01442882886691177,0.02623281441628933
mlp,y_XLY,8,2025-02-26,-0.01442882886691177,-0.07783500105142593
mlp,y_XLY,9,2025-02-26,-0.01442882886691177,-0.020487390458583832
mlp,y_XLY,7,2025-02-27,0.016617260989850058,0.003921622410416603
mlp,y_XLY,8,2025-02-27,0.016617260989850058,-0.005248581524938345
mlp,y_XLY,9,2025-02-27,0.016617260989850058,-0.00040937960147857666
mlp,y_XLY,8,2025-03-03,-0.017643087757083453,0.014970124699175358
mlp,y_XLY,9,2025-03-03,-0.017643087757083453,0.000482216477394104
mlp,y_XLY,10,2025-03-03,-0.017643087757083453,-0.004572924226522446
mlp,y_XLY,8,2025-03-04,0.015222811564242766,0.01752113737165928
mlp,y_XLY,9,2025-03-04,0.015222811564242766,0.014696948230266571
mlp,y_XLY,10,2025-03-04,0.015222811564242766,-0.017051853239536285
mlp,y_XLY,8,2025-03-05,-0.025353516807727683,-0.00609073368832469
mlp,y_XLY,9,2025-03-05,-0.025353516807727683,-0.02297961711883545
mlp,y_XLY,10,2025-03-05,-0.025353516807727683,-0.031990259885787964
mlp,y_XLY,8,2025-03-06,-0.0018443570867134884,0.013876226730644703
mlp,y_XLY,9,2025-03-06,-0.0018443570867134884,0.014719478785991669
mlp,y_XLY,10,2025-03-06,-0.0018443570867134884,0.008068457245826721
mlp,y_XLY,8,2025-03-10,-0.009781732720846592,0.011523318476974964
mlp,y_XLY,9,2025-03-10,-0.009781732720846592,0.05459750443696976
mlp,y_XLY,10,2025-03-10,-0.009781732720846592,-0.018857605755329132
mlp,y_XLY,8,2025-03-11,0.005804682758088431,-0.029133057221770287
mlp,y_XLY,9,2025-03-11,0.005804682758088431,0.023587673902511597
mlp,y_XLY,10,2025-03-11,0.005804682758088431,0.021105684340000153
mlp,y_XLY,8,2025-03-12,-0.02495815115202371,0.006260974798351526
mlp,y_XLY,9,2025-03-12,-0.02495815115202371,-0.008951861411333084
mlp,y_XLY,10,2025-03-12,-0.02495815115202371,-0.012436244636774063
mlp,y_XLY,8,2025-03-13,0.02128765913023245,0.04366014152765274
mlp,y_XLY,9,2025-03-13,0.02128765913023245,-0.024567726999521255
mlp,y_XLY,10,2025-03-13,0.02128765913023245,0.00033250078558921814
mlp,y_XLY,8,2025-03-17,-0.01781641620505703,-0.005073014181107283
mlp,y_XLY,9,2025-03-17,-0.01781641620505703,0.04471813142299652
mlp,y_XLY,10,2025-03-17,-0.01781641620505703,0.014114640653133392
mlp,y_XLY,8,2025-03-18,0.01917328849239186,-0.011236513964831829
mlp,y_XLY,9,2025-03-18,0.01917328849239186,0.04101007431745529
mlp,y_XLY,10,2025-03-18,0.01917328849239186,0.008405737578868866
mlp,y_XLY,8,2025-03-19,-0.0023832687633832395,0.04451500251889229
mlp,y_XLY,9,2025-03-19,-0.0023832687633832395,0.01934153586626053
mlp,y_XLY,10,2025-03-19,-0.0023832687633832395,0.007177926599979401
mlp,y_XLY,8,2025-03-20,0.003608789704040438,0.004547318909317255
mlp,y_XLY,9,2025-03-20,0.003608789704040438,0.018312565982341766
mlp,y_XLY,10,2025-03-20,0.003608789704040438,-0.01930626481771469
mlp,y_XLY,9,2025-03-24,0.007978862277154164,0.007328324019908905
mlp,y_XLY,10,2025-03-24,0.007978862277154164,-0.0008332356810569763
mlp,y_XLY,11,2025-03-24,0.007978862277154164,0.00103834830224514
mlp,y_XLY,9,2025-03-25,-0.013063345160291506,-0.007791969925165176
mlp,y_XLY,10,2025-03-25,-0.013063345160291506,0.01908005028963089
mlp,y_XLY,11,2025-03-25,-0.013063345160291506,0.0280605461448431
mlp,y_XLY,9,2025-03-26,0.0006396807003952176,0.009404174983501434
mlp,y_XLY,10,2025-03-26,0.0006396807003952176,-0.00012251362204551697
mlp,y_XLY,11,2025-03-26,0.0006396807003952176,-0.01667521335184574
mlp,y_XLY,9,2025-03-27,-0.031077966928591994,-0.0003321506083011627
mlp,y_XLY,10,2025-03-27,-0.031077966928591994,0.022815383970737457
mlp,y_XLY,11,2025-03-27,-0.031077966928591994,0.015115577727556229
mlp,y_XLY,9,2025-03-31,0.010432449898566176,0.0007876604795455933
mlp,y_XLY,10,2025-03-31,0.010432449898566176,0.0039011575281620026
mlp,y_XLY,11,2025-03-31,0.010432449898566176,-0.008535336703062057
mlp,y_XLY,9,2025-04-01,0.018995612444242083,0.038079045712947845
mlp,y_XLY,10,2025-04-01,0.018995612444242083,0.07249902933835983
mlp,y_XLY,11,2025-04-01,0.018995612444242083,-0.09537187218666077
mlp,y_XLY,9,2025-04-02,-0.060400444082277405,-0.020336821675300598
mlp,y_XLY,10,2025-04-02,-0.060400444082277405,0.0181158185005188
mlp,y_XLY,11,2025-04-02,-0.060400444082277405,-0.0398903451859951
mlp,y_XLY,9,2025-04-03,-0.04313449382369683,0.014086335897445679
mlp,y_XLY,10,2025-04-03,-0.04313449382369683,0.018150687217712402
mlp,y_XLY,11,2025-04-03,-0.04313449382369683,-0.0031066895462572575
mlp,y_XLY,9,2025-04-07,-0.02375028593200923,0.08193353563547134
mlp,y_XLY,10,2025-04-07,-0.02375028593200923,0.03187032788991928
mlp,y_XLY,11,2025-04-07,-0.02375028593200923,0.007999548688530922
mlp,y_XLY,9,2025-04-08,0.10888059614452938,0.004014097154140472
mlp,y_XLY,10,2025-04-08,0.10888059614452938,0.004714474081993103
mlp,y_XLY,11,2025-04-08,0.10888059614452938,9.344751015305519e-05
mlp,y_XLY,9,2025-04-09,-0.03907132189917739,0.010323040187358856
mlp,y_XLY,10,2025-04-09,-0.03907132189917739,-0.007529906928539276
mlp,y_XLY,11,2025-04-09,-0.03907132189917739,-0.0041909231804311275
mlp,y_XLY,9,2025-04-10,0.009685929585643738,0.007485203444957733
mlp,y_XLY,10,2025-04-10,0.009685929585643738,-0.00462978333234787
mlp,y_XLY,11,2025-04-10,0.009685929585643738,0.025379342958331108
mlp,y_XLY,10,2025-04-14,-0.007200278979652697,0.027111321687698364
mlp,y_XLY,11,2025-04-14,-0.007200278979652697,-0.013774709776043892
mlp,y_XLY,12,2025-04-14,-0.007200278979652697,0.020539438351988792
mlp,y_XLY,10,2025-04-15,-0.02466909188530031,0.04704093188047409
mlp,y_XLY,11,2025-04-15,-0.02466909188530031,-0.03303143009543419
mlp,y_XLY,12,2025-04-15,-0.02466909188530031,0.05568600445985794
mlp,y_XLY,10,2025-04-16,0.006296041406452568,-0.045069459825754166
mlp,y_XLY,11,2025-04-16,0.006296041406452568,-0.011375056579709053
mlp,y_XLY,12,2025-04-16,0.006296041406452568,0.017792372032999992
mlp,y_XLY,10,2025-04-21,0.03164312342027631,-0.026034023612737656
mlp,y_XLY,11,2025-04-21,0.03164312342027631,-0.018884427845478058
mlp,y_XLY,12,2025-04-21,0.03164312342027631,-0.0034242458641529083
mlp,y_XLY,10,2025-04-22,0.022346433199717852,-0.02476830780506134
mlp,y_XLY,11,2025-04-22,0.022346433199717852,0.0065820780582726
mlp,y_XLY,12,2025-04-22,0.022346433199717852,-0.026541929692029953
mlp,y_XLY,10,2025-04-23,0.019913689362026865,-0.015064418315887451
mlp,y_XLY,11,2025-04-23,0.019913689362026865,0.015054041519761086
mlp,y_XLY,12,2025-04-23,0.019913689362026865,-0.0009308420121669769
mlp,y_XLY,10,2025-04-24,0.01797958359232532,-0.017627015709877014
mlp,y_XLY,11,2025-04-24,0.01797958359232532,-0.033378612250089645
mlp,y_XLY,12,2025-04-24,0.01797958359232532,-0.0036458726972341537
mlp,y_XLY,10,2025-04-28,0.007082529003435312,-0.009492464363574982
mlp,y_XLY,11,2025-04-28,0.007082529003435312,-0.001235132571309805
mlp,y_XLY,12,2025-04-28,0.007082529003435312,0.004990370944142342
mlp,y_XLY,10,2025-04-29,-0.0090923270542278,-0.0017658323049545288
mlp,y_XLY,11,2025-04-29,-0.0090923270542278,-0.030088523402810097
mlp,y_XLY,12,2025-04-29,-0.0090923270542278,-0.00986027903854847
mlp,y_XLY,10,2025-04-30,0.005525823956078479,0.0037890076637268066
mlp,y_XLY,11,2025-04-30,0.005525823956078479,-0.0037071448750793934
mlp,y_XLY,12,2025-04-30,0.005525823956078479,-0.00832654070109129
mlp,y_XLY,10,2025-05-01,0.015527927721020296,0.1847015619277954
mlp,y_XLY,11,2025-05-01,0.015527927721020296,0.04171723499894142
mlp,y_XLY,12,2025-05-01,0.015527927721020296,-0.026363691315054893
mlp,y_XLY,11,2025-05-05,-0.00873094233950611,-0.008925454691052437
mlp,y_XLY,12,2025-05-05,-0.00873094233950611,0.01086832582950592
mlp,y_XLY,13,2025-05-05,-0.00873094233950611,0.02216755971312523
mlp,y_XLY,11,2025-05-06,0.0077954830717164025,0.07150685787200928
mlp,y_XLY,12,2025-05-06,0.0077954830717164025,0.11855051666498184
mlp,y_XLY,13,2025-05-06,0.0077954830717164025,0.0619790218770504
mlp,y_XLY,11,2025-05-07,0.011803719764864606,0.027935512363910675
mlp,y_XLY,12,2025-05-07,0.011803719764864606,-0.008069457486271858
mlp,y_XLY,13,2025-05-07,0.011803719764864606,0.029591020196676254
mlp,y_XLY,11,2025-05-08,0.004815244691188436,0.030534381046891212
mlp,y_XLY,12,2025-05-08,0.004815244691188436,0.029636232182383537
mlp,y_XLY,13,2025-05-08,0.004815244691188436,-0.011520575731992722
mlp,y_XLY,11,2025-05-12,0.013225392314031525,-0.036528754979372025
mlp,y_XLY,12,2025-05-12,0.013225392314031525,-0.015368765220046043
mlp,y_XLY,13,2025-05-12,0.013225392314031525,-0.009229600429534912
mlp,y_XLY,11,2025-05-13,0.0038555344543742542,-0.008240966126322746
mlp,y_XLY,12,2025-05-13,0.0038555344543742542,0.01322704367339611
mlp,y_XLY,13,2025-05-13,0.0038555344543742542,-0.0066935233771800995
mlp,y_XLY,11,2025-05-14,-0.0022210702457765574,0.006854475941509008
mlp,y_XLY,12,2025-05-14,-0.0022210702457765574,0.030686846002936363
mlp,y_XLY,13,2025-05-14,-0.0022210702457765574,-0.004147861152887344
mlp,y_XLY,11,2025-05-15,0.009460614500405473,0.010064925998449326
mlp,y_XLY,12,2025-05-15,0.009460614500405473,0.019540617242455482
mlp,y_XLY,13,2025-05-15,0.009460614500405473,-0.00330197811126709
mlp,y_XLY,11,2025-05-19,-0.005203498476664459,0.04630797728896141
mlp,y_XLY,12,2025-05-19,-0.005203498476664459,-0.01661035232245922
mlp,y_XLY,13,2025-05-19,-0.005203498476664459,0.010341648012399673
mlp,y_XLY,11,2025-05-20,-0.02027497673879297,-0.0003491654060781002
mlp,y_XLY,12,2025-05-20,-0.02027497673879297,-0.001352902501821518
mlp,y_XLY,13,2025-05-20,-0.02027497673879297,0.03337198868393898
mlp,y_XLY,11,2025-05-21,0.00429962739221601,-0.0017379489727318287
mlp,y_XLY,12,2025-05-21,0.00429962739221601,0.014675242826342583
mlp,y_XLY,13,2025-05-21,0.00429962739221601,-0.031389020383358
mlp,y_XLY,11,2025-05-22,-0.008985795723069456,0.00988825410604477
mlp,y_XLY,12,2025-05-22,-0.008985795723069456,0.06948118656873703
mlp,y_XLY,13,2025-05-22,-0.008985795723069456,0.06834621727466583
mlp,y_XLY,12,2025-05-27,-0.009176013727147714,0.0005532149225473404
mlp,y_XLY,13,2025-05-27,-0.009176013727147714,0.02369111403822899
mlp,y_XLY,14,2025-05-27,-0.009176013727147714,0.0019808225333690643
mlp,y_XLY,12,2025-05-28,0.00041878538523998365,-0.014151548966765404
mlp,y_XLY,13,2025-05-28,0.00041878538523998365,0.010770883411169052
mlp,y_XLY,14,2025-05-28,0.00041878538523998365,-0.012808941304683685
mlp,y_XLY,12,2025-05-29,-0.005442573594478972,0.013600865378975868
mlp,y_XLY,13,2025-05-29,-0.005442573594478972,-0.03178168088197708
mlp,y_XLY,14,2025-05-29,-0.005442573594478972,-0.023042719811201096
mlp,y_XLY,12,2025-06-02,0.005319640383887325,-0.006695006042718887
mlp,y_XLY,13,2025-06-02,0.005319640383887325,-0.0024993978440761566
mlp,y_XLY,14,2025-06-02,0.005319640383887325,-0.02110872231423855
mlp,y_XLY,12,2025-06-03,-0.0026458170187203534,0.009333265945315361
mlp,y_XLY,13,2025-06-03,-0.0026458170187203534,-0.0196433886885643
mlp,y_XLY,14,2025-06-03,-0.0026458170187203534,0.024841900914907455
mlp,y_XLY,12,2025-06-04,-0.025224513866993092,-0.0470631942152977
mlp,y_XLY,13,2025-06-04,-0.025224513866993092,0.061520982533693314
mlp,y_XLY,14,2025-06-04,-0.025224513866993092,0.022003117948770523
mlp,y_XLY,12,2025-06-05,0.012986442923324404,0.001997916027903557
mlp,y_XLY,13,2025-06-05,0.012986442923324404,0.011351924389600754
mlp,y_XLY,14,2025-06-05,0.012986442923324404,0.023491811007261276
mlp,y_XLY,12,2025-06-09,0.011969896239512945,0.004554292187094688
mlp,y_XLY,13,2025-06-09,0.011969896239512945,0.022173088043928146
mlp,y_XLY,14,2025-06-09,0.011969896239512945,-0.0194232277572155
mlp,y_XLY,12,2025-06-10,-0.007900859776085345,0.006291011348366737
mlp,y_XLY,13,2025-06-10,-0.007900859776085345,-0.010882813483476639
mlp,y_XLY,14,2025-06-10,-0.007900859776085345,-0.019655663520097733
mlp,y_XLY,12,2025-06-11,-0.004703784321867355,-0.0006513595581054688
mlp,y_XLY,13,2025-06-11,-0.004703784321867355,-0.010822340846061707
mlp,y_XLY,14,2025-06-11,-0.004703784321867355,0.005609579384326935
mlp,y_XLY,12,2025-06-12,-0.009218184454612643,-0.009229083545506
mlp,y_XLY,13,2025-06-12,-0.009218184454612643,0.008833762258291245
mlp,y_XLY,14,2025-06-12,-0.009218184454612643,0.037724073976278305
mlp,y_XLY,13,2025-07-02,0.005454404579107175,-0.03526639565825462
mlp,y_XLY,14,2025-07-02,0.005454404579107175,0.011091094464063644
mlp,y_XLY,15,2025-07-02,0.005454404579107175,-0.07911360263824463
mlp,y_XLY,13,2025-07-07,-0.003388173106093628,-0.010934129357337952
mlp,y_XLY,14,2025-07-07,-0.003388173106093628,-0.010326270014047623
mlp,y_XLY,15,2025-07-07,-0.003388173106093628,0.001063622534275055
mlp,y_XLY,13,2025-07-08,0.005926556410650541,0.022886846214532852
mlp,y_XLY,14,2025-07-08,0.005926556410650541,-0.0062210820615291595
mlp,y_XLY,15,2025-07-08,0.005926556410650541,0.009955504909157753
mlp,y_XLY,13,2025-07-09,0.011052769568518972,0.021768104285001755
mlp,y_XLY,14,2025-07-09,0.011052769568518972,0.0011658258736133575
mlp,y_XLY,15,2025-07-09,0.011052769568518972,-0.0017675282433629036
mlp,y_XLY,13,2025-07-10,0.000271006703766119,0.0002906881272792816
mlp,y_XLY,14,2025-07-10,0.000271006703766119,-0.0025479942560195923
mlp,y_XLY,15,2025-07-10,0.000271006703766119,-0.002721787430346012
mlp,y_XLY,13,2025-07-14,-0.014308205638022597,0.028854195028543472
mlp,y_XLY,14,2025-07-14,-0.014308205638022597,-0.002464164048433304
mlp,y_XLY,15,2025-07-14,-0.014308205638022597,-0.004782753996551037
mlp,y_XLY,13,2025-07-15,0.0018258662237682355,0.007984369993209839
mlp,y_XLY,14,2025-07-15,0.0018258662237682355,0.005493562668561935
mlp,y_XLY,15,2025-07-15,0.0018258662237682355,-0.01539791002869606
mlp,y_XLY,13,2025-07-16,0.0034173643899029216,-0.007551982998847961
mlp,y_XLY,14,2025-07-16,0.0034173643899029216,-0.0029382556676864624
mlp,y_XLY,15,2025-07-16,0.0034173643899029216,-0.004729024134576321
mlp,y_XLY,13,2025-07-17,0.008854720121448612,0.007450118660926819
mlp,y_XLY,14,2025-07-17,0.008854720121448612,0.07397980988025665
mlp,y_XLY,15,2025-07-17,0.008854720121448612,-0.039040543138980865
mlp,y_XLY,13,2025-07-21,0.010124530114847152,0.0074265338480472565
mlp,y_XLY,14,2025-07-21,0.010124530114847152,0.006230462342500687
mlp,y_XLY,15,2025-07-21,0.010124530114847152,-0.0023749759420752525
mlp,y_XLY,13,2025-07-22,0.0047454588630897465,0.014489825814962387
mlp,y_XLY,14,2025-07-22,0.0047454588630897465,-0.008871674537658691
mlp,y_XLY,15,2025-07-22,0.0047454588630897465,-0.019443238154053688
mlp,y_XLY,13,2025-07-23,-0.016552632194511974,-0.012088669463992119
mlp,y_XLY,14,2025-07-23,-0.016552632194511974,-0.006804563105106354
mlp,y_XLY,15,2025-07-23,-0.016552632194511974,-0.011299045756459236
mlp,y_XLY,14,2025-07-24,0.009290786947912633,0.010988671332597733
mlp,y_XLY,15,2025-07-24,0.009290786947912633,-0.00888561550527811
mlp,y_XLY,16,2025-07-24,0.009290786947912633,-0.01002257689833641
mlp,y_XLY,14,2025-07-28,-0.0068970738375521146,0.019781559705734253
mlp,y_XLY,15,2025-07-28,-0.0068970738375521146,-0.02636002004146576
mlp,y_XLY,16,2025-07-28,-0.0068970738375521146,0.02227059379220009
mlp,y_XLY,14,2025-07-29,-0.006321751535588338,0.006715837866067886
mlp,y_XLY,15,2025-07-29,-0.006321751535588338,0.01898849941790104
mlp,y_XLY,16,2025-07-29,-0.006321751535588338,0.0657578706741333
mlp,y_XLY,14,2025-07-30,-0.007930212864186492,-0.027452785521745682
mlp,y_XLY,15,2025-07-30,-0.007930212864186492,0.0035679135471582413
mlp,y_XLY,16,2025-07-30,-0.007930212864186492,-0.03156568109989166
mlp,y_XLY,14,2025-07-31,-0.024115966913630604,0.024920757859945297
mlp,y_XLY,15,2025-07-31,-0.024115966913630604,-0.03795822709798813
mlp,y_XLY,16,2025-07-31,-0.024115966913630604,-0.008675336837768555
mlp,y_XLY,14,2025-08-04,0.001280734618504864,0.0067562200129032135
mlp,y_XLY,15,2025-08-04,0.001280734618504864,-0.015152530744671822
mlp,y_XLY,16,2025-08-04,0.001280734618504864,-0.00490608811378479
mlp,y_XLY,14,2025-08-05,0.02078479233958208,0.01430102065205574
mlp,y_XLY,15,2025-08-05,0.02078479233958208,0.011485479772090912
mlp,y_XLY,16,2025-08-05,0.02078479233958208,-0.009146127849817276
mlp,y_XLY,14,2025-08-06,-0.00031329727250428707,-0.005599070340394974
mlp,y_XLY,15,2025-08-06,-0.00031329727250428707,0.01099199615418911
mlp,y_XLY,16,2025-08-06,-0.00031329727250428707,-0.009717345237731934
mlp,y_XLY,14,2025-08-07,0.0017457861646086315,0.05460275337100029
mlp,y_XLY,15,2025-08-07,0.0017457861646086315,-0.025233633816242218
mlp,y_XLY,16,2025-08-07,0.0017457861646086315,0.04639844223856926
mlp,y_XLY,14,2025-08-11,0.01060801278581125,-0.011623874306678772
mlp,y_XLY,15,2025-08-11,0.01060801278581125,-0.0030013984069228172
mlp,y_XLY,16,2025-08-11,0.01060801278581125,-0.0016443580389022827
mlp,y_XLY,14,2025-08-12,0.013716170593453203,-0.0011133290827274323
mlp,y_XLY,15,2025-08-12,0.013716170593453203,0.0019441638141870499
mlp,y_XLY,16,2025-08-12,0.013716170593453203,0.00862494483590126
mlp,y_XLY,15,2025-08-13,-0.0011312579012137114,0.016203155741095543
mlp,y_XLY,16,2025-08-13,-0.0011312579012137114,0.012220393866300583
mlp,y_XLY,17,2025-08-13,-0.0011312579012137114,-0.009640108793973923
mlp,y_XLY,15,2025-08-14,-0.0023955633446387514,0.025769930332899094
mlp,y_XLY,16,2025-08-14,-0.0023955633446387514,-0.012343589216470718
mlp,y_XLY,17,2025-08-14,-0.0023955633446387514,-0.013990264385938644
mlp,y_XLY,15,2025-08-18,-0.0004782751775981309,-0.009457164444029331
mlp,y_XLY,16,2025-08-18,-0.0004782751775981309,0.0009613670408725739
mlp,y_XLY,17,2025-08-18,-0.0004782751775981309,-0.025730673223733902
mlp,y_XLY,15,2025-08-19,-0.009876067388507437,0.008236486464738846
mlp,y_XLY,16,2025-08-19,-0.009876067388507437,-0.01591905578970909
mlp,y_XLY,17,2025-08-19,-0.009876067388507437,-0.006364952772855759
mlp,y_XLY,15,2025-08-20,-0.0059319700092387295,0.013603437691926956
mlp,y_XLY,16,2025-08-20,-0.0059319700092387295,-0.016589537262916565
mlp,y_XLY,17,2025-08-20,-0.0059319700092387295,-0.001205258071422577
mlp,y_XLY,15,2025-08-21,0.030367346242422544,-0.017057210206985474
mlp,y_XLY,16,2025-08-21,0.030367346242422544,0.016204070299863815
mlp,y_XLY,17,2025-08-21,0.030367346242422544,-0.007454443722963333
mlp,y_XLY,15,2025-08-25,0.004599538722775298,-0.0017209192737936974
mlp,y_XLY,16,2025-08-25,0.004599538722775298,0.002109292894601822
mlp,y_XLY,17,2025-08-25,0.004599538722775298,-0.0007677152752876282
mlp,y_XLY,15,2025-08-26,0.00021397828025437882,0.007402325049042702
mlp,y_XLY,16,2025-08-26,0.00021397828025437882,-0.020580854266881943
mlp,y_XLY,17,2025-08-26,0.00021397828025437882,-0.005932312458753586
mlp,y_XLY,15,2025-08-27,0.0017111979348729545,-0.004067148081958294
mlp,y_XLY,16,2025-08-27,0.0017111979348729545,0.021517377346754074
mlp,y_XLY,17,2025-08-27,0.0017111979348729545,0.03566578030586243
mlp,y_XLY,15,2025-08-28,-0.010292492663661168,-0.014949526637792587
mlp,y_XLY,16,2025-08-28,-0.010292492663661168,-0.03154411166906357
mlp,y_XLY,17,2025-08-28,-0.010292492663661168,0.0057237111032009125
mlp,y_XLY,15,2025-09-02,0.004043313616733268,-0.012135259807109833
mlp,y_XLY,16,2025-09-02,0.004043313616733268,-0.015319716185331345
mlp,y_XLY,17,2025-09-02,0.004043313616733268,-0.012368585914373398
mlp,y_XLY,16,2025-09-03,0.01827314838211125,0.028411615639925003
mlp,y_XLY,17,2025-09-03,0.01827314838211125,0.011832911521196365
mlp,y_XLY,18,2025-09-03,0.01827314838211125,0.007663074880838394
mlp,y_XLY,16,2025-09-04,-0.00021258466018014843,-0.021022450178861618
mlp,y_XLY,17,2025-09-04,-0.00021258466018014843,0.014982853084802628
mlp,y_XLY,18,2025-09-04,-0.00021258466018014843,0.01594652235507965
mlp,y_XLY,16,2025-09-08,-0.0013981799131658201,-0.011501699686050415
mlp,y_XLY,17,2025-09-08,-0.0013981799131658201,-0.010083023458719254
mlp,y_XLY,18,2025-09-08,-0.0013981799131658201,-0.017371315509080887
mlp,y_XLY,16,2025-09-09,-0.011964918190792928,-0.007662393152713776
mlp,y_XLY,17,2025-09-09,-0.011964918190792928,-0.010256890207529068
mlp,y_XLY,18,2025-09-09,-0.011964918190792928,-0.004096146672964096
mlp,y_XLY,16,2025-09-10,0.019452899252754063,0.012941543012857437
mlp,y_XLY,17,2025-09-10,0.019452899252754063,-0.012864839285612106
mlp,y_XLY,18,2025-09-10,0.019452899252754063,-0.03740531578660011
mlp,y_XLY,16,2025-09-11,0.005181245195606365,-0.011163923889398575
mlp,y_XLY,17,2025-09-11,0.005181245195606365,-0.011906009167432785
mlp,y_XLY,18,2025-09-11,0.005181245195606365,0.004354860633611679
mlp,y_XLY,16,2025-09-15,0.006148732762028208,-0.010020226240158081
mlp,y_XLY,17,2025-09-15,0.006148732762028208,0.007620226591825485
mlp,y_XLY,18,2025-09-15,0.006148732762028208,-0.0013177357614040375
mlp,y_XLY,16,2025-09-16,-0.0025187470430318992,-0.00516408309340477
mlp,y_XLY,17,2025-09-16,-0.0025187470430318992,0.013309244066476822
mlp,y_XLY,18,2025-09-16,-0.0025187470430318992,0.015165407210588455
mlp,y_XLY,16,2025-09-17,-0.00451212244173349,0.021947894245386124
mlp,y_XLY,17,2025-09-17,-0.00451212244173349,0.012950990349054337
mlp,y_XLY,18,2025-09-17,-0.00451212244173349,-0.02338239923119545
mlp,y_XLY,16,2025-09-18,0.0037840977202234782,0.14706668257713318
mlp,y_XLY,17,2025-09-18,0.0037840977202234782,-0.17038767039775848
mlp,y_XLY,18,2025-09-18,0.0037840977202234782,-0.02702309563755989
mlp,y_XLY,16,2025-09-22,-0.009409583008897271,0.03616112098097801
mlp,y_XLY,17,2025-09-22,-0.009409583008897271,-0.047853466123342514
mlp,y_XLY,18,2025-09-22,-0.009409583008897271,-0.023514021188020706
mlp,y_XLY,17,2025-09-23,0.007061215105035545,-0.02472769096493721
mlp,y_XLY,18,2025-09-23,0.007061215105035545,-0.03335675969719887
mlp,y_XLY,19,2025-09-23,0.007061215105035545,0.09633873403072357
mlp,y_XLY,17,2025-09-24,-0.014106872220289168,-0.07519781589508057
mlp,y_XLY,18,2025-09-24,-0.014106872220289168,-0.03287910297513008
mlp,y_XLY,19,2025-09-24,-0.014106872220289168,0.04142545908689499
mlp,y_XLY,17,2025-09-25,0.014774410456240394,-0.006951536983251572
mlp,y_XLY,18,2025-09-25,0.014774410456240394,-0.0009699873626232147
mlp,y_XLY,19,2025-09-25,0.014774410456240394,0.011806711554527283
mlp,y_XLY,17,2025-09-29,-0.004651863098032782,-0.004151586443185806
mlp,y_XLY,18,2025-09-29,-0.004651863098032782,-0.004744082689285278
mlp,y_XLY,19,2025-09-29,-0.004651863098032782,0.03269820660352707
mlp,y_XLY,17,2025-09-30,0.00625935267897737,-0.0426262728869915
mlp,y_XLY,18,2025-09-30,0.00625935267897737,0.006696376949548721
mlp,y_XLY,19,2025-09-30,0.00625935267897737,0.05955637991428375
mlp,y_XLY,17,2025-10-01,-0.0072157191048951574,-0.009646113961935043
mlp,y_XLY,18,2025-10-01,-0.0072157191048951574,-0.011865627020597458
mlp,y_XLY,19,2025-10-01,-0.0072157191048951574,0.06607738882303238
mlp,y_XLY,17,2025-10-02,-0.006432759854254733,0.04510246217250824
mlp,y_XLY,18,2025-10-02,-0.006432759854254733,0.025226548314094543
mlp,y_XLY,19,2025-10-02,-0.006432759854254733,0.05765935033559799
mlp,y_XLY,17,2025-10-06,-0.017507308334273386,0.0015278272330760956
mlp,y_XLY,18,2025-10-06,-0.017507308334273386,0.005470056086778641
mlp,y_XLY,19,2025-10-06,-0.017507308334273386,0.0009949766099452972
mlp,y_XLY,17,2025-10-07,0.0029699117485064708,0.0019299574196338654
mlp,y_XLY,18,2025-10-07,0.0029699117485064708,-0.02359645441174507
mlp,y_XLY,19,2025-10-07,0.0029699117485064708,0.003703095018863678
mlp,y_XLY,17,2025-10-08,-0.004991505664054818,0.0089748315513134
mlp,y_XLY,18,2025-10-08,-0.004991505664054818,-0.021771211177110672
mlp,y_XLY,19,2025-10-08,-0.004991505664054818,0.09956970810890198
mlp,y_XLY,17,2025-10-09,-0.027506210802040854,-0.016493868082761765
mlp,y_XLY,18,2025-10-09,-0.027506210802040854,-0.02034919336438179
mlp,y_XLY,19,2025-10-09,-0.027506210802040854,-0.008091606199741364
mlp,y_XLY,18,2025-10-13,0.0020952624278764986,-0.005148299038410187
mlp,y_XLY,19,2025-10-13,0.0020952624278764986,-0.0023430585861206055
mlp,y_XLY,20,2025-10-13,0.0020952624278764986,-0.016397256404161453
mlp,y_XLY,18,2025-10-14,0.0014508103968000619,-0.008813444525003433
mlp,y_XLY,19,2025-10-14,0.0014508103968000619,0.005958691239356995
mlp,y_XLY,20,2025-10-14,0.0014508103968000619,-0.026629909873008728
mlp,y_XLY,18,2025-10-15,-0.00967236762619017,-0.0102049820125103
mlp,y_XLY,19,2025-10-15,-0.00967236762619017,0.03771185874938965
mlp,y_XLY,20,2025-10-15,-0.00967236762619017,0.015230555087327957
mlp,y_XLY,18,2025-10-16,0.008605127699113702,0.03490319103002548
mlp,y_XLY,19,2025-10-16,0.008605127699113702,0.01573767140507698
mlp,y_XLY,20,2025-10-16,0.008605127699113702,0.07148884236812592
mlp,y_XLY,18,2025-10-20,0.012231287779731925,0.002348419278860092
mlp,y_XLY,19,2025-10-20,0.012231287779731925,0.01199280098080635
mlp,y_XLY,20,2025-10-20,0.012231287779731925,0.041154470294713974
mlp,y_XLY,18,2025-10-21,-0.007818710748230928,0.0070916637778282166
mlp,y_XLY,19,2025-10-21,-0.007818710748230928,0.0053155794739723206
mlp,y_XLY,20,2025-10-21,-0.007818710748230928,0.002193976193666458
mlp,y_XLY,18,2025-10-22,0.004509006996614939,-0.06921231746673584
mlp,y_XLY,19,2025-10-22,0.004509006996614939,-0.03315700590610504
mlp,y_XLY,20,2025-10-22,0.004509006996614939,-0.022856978699564934
mlp,y_XLY,18,2025-10-23,-0.0029785289102285395,-0.0016203038394451141
mlp,y_XLY,19,2025-10-23,-0.0029785289102285395,-0.01809551939368248
mlp,y_XLY,20,2025-10-23,-0.0029785289102285395,0.007779121398925781
mlp,y_XLY,18,2025-10-27,0.00024885576449262814,-0.02303415909409523
mlp,y_XLY,19,2025-10-27,0.00024885576449262814,-0.00297439843416214
mlp,y_XLY,20,2025-10-27,0.00024885576449262814,-0.015218038111925125
mlp,y_XLY,18,2025-10-28,-0.008252486955758864,-0.002452421933412552
mlp,y_XLY,19,2025-10-28,-0.008252486955758864,0.0447477251291275
mlp,y_XLY,20,2025-10-28,-0.008252486955758864,-0.01591898687183857
mlp,y_XLY,18,2025-10-29,-0.022579942954627952,0.01247343048453331
mlp,y_XLY,19,2025-10-29,-0.022579942954627952,-9.820237755775452e-05
mlp,y_XLY,20,2025-10-29,-0.022579942954627952,-0.00658508762717247
mlp,y_XLY,18,2025-10-30,0.026438475215192714,-0.02323247864842415
mlp,y_XLY,19,2025-10-30,0.026438475215192714,0.01470385491847992
mlp,y_XLY,20,2025-10-30,0.026438475215192714,-0.025329113006591797
mlp,y_XLY,19,2025-11-03,-0.016599183995874678,0.0076428428292274475
mlp,y_XLY,20,2025-11-03,-0.016599183995874678,-0.00863642618060112
mlp,y_XLY,21,2025-11-03,-0.016599183995874678,-0.007034357637166977
mlp,y_XLY,19,2025-11-04,0.012176720270924424,0.02692534029483795
mlp,y_XLY,20,2025-11-04,0.012176720270924424,0.02111683413386345
mlp,y_XLY,21,2025-11-04,0.012176720270924424,0.004088062793016434
mlp,y_XLY,19,2025-11-05,-0.023106246506121475,0.010518759489059448
mlp,y_XLY,20,2025-11-05,-0.023106246506121475,-0.032560139894485474
mlp,y_XLY,21,2025-11-05,-0.023106246506121475,-0.010845597833395004
mlp,y_XLY,19,2025-11-06,0.0015711685124326635,0.011842969805002213
mlp,y_XLY,20,2025-11-06,0.0015711685124326635,-0.014638282358646393
mlp,y_XLY,21,2025-11-06,0.0015711685124326635,-0.018430277705192566
mlp,y_XLY,19,2025-11-10,0.00246898351061442,-0.021195052191615105
mlp,y_XLY,20,2025-11-10,0.00246898351061442,-0.03073885105550289
mlp,y_XLY,21,2025-11-10,0.00246898351061442,0.06671146303415298
mlp,y_XLY,19,2025-11-11,-0.006720917880396082,-0.04669073224067688
mlp,y_XLY,20,2025-11-11,-0.006720917880396082,0.03265266492962837
mlp,y_XLY,21,2025-11-11,-0.006720917880396082,-0.057661280035972595
mlp,y_XLY,19,2025-11-12,-0.024964283405666365,-0.03128211945295334
mlp,y_XLY,20,2025-11-12,-0.024964283405666365,0.00910257175564766
mlp,y_XLY,21,2025-11-12,-0.024964283405666365,-0.020339757204055786
mlp,y_XLY,19,2025-11-13,-0.004784477418368405,0.017330743372440338
mlp,y_XLY,20,2025-11-13,-0.004784477418368405,0.022114161401987076
mlp,y_XLY,21,2025-11-13,-0.004784477418368405,-0.012368887662887573
mlp,y_XLY,19,2025-11-17,-0.018450512565486576,0.00035447999835014343
mlp,y_XLY,20,2025-11-17,-0.018450512565486576,-0.006438728421926498
mlp,y_XLY,21,2025-11-17,-0.018450512565486576,0.0014143623411655426
mlp,y_XLY,19,2025-11-18,4.4539085840122894e-05,-0.0026750266551971436
mlp,y_XLY,20,2025-11-18,4.4539085840122894e-05,-0.0073636919260025024
mlp,y_XLY,21,2025-11-18,4.4539085840122894e-05,-0.015023693442344666
mlp,y_XLY,19,2025-11-19,-0.01492135932683869,-0.011114362627267838
mlp,y_XLY,20,2025-11-19,-0.01492135932683869,0.0019470937550067902
mlp,y_XLY,21,2025-11-19,-0.01492135932683869,0.001211121678352356
mlp,y_XLY,19,2025-11-20,0.019623754128421433,0.004984185099601746
mlp,y_XLY,20,2025-11-20,0.019623754128421433,-0.011482980102300644
mlp,y_XLY,21,2025-11-20,0.019623754128421433,0.03712552785873413
mlp,y_XLY,20,2025-11-24,0.021399489134592553,0.0002076365053653717
mlp,y_XLY,21,2025-11-24,0.021399489134592553,-0.009423643350601196
mlp,y_XLY,22,2025-11-24,0.021399489134592553,-0.01663411781191826
mlp,y_XLY,20,2025-11-25,0.00685523660395404,-0.02082122676074505
mlp,y_XLY,21,2025-11-25,0.00685523660395404,-0.03444388508796692
mlp,y_XLY,22,2025-11-25,0.00685523660395404,-0.014184271916747093
mlp,y_XLY,20,2025-12-01,-0.000676310084231857,-0.005578339099884033
mlp,y_XLY,21,2025-12-01,-0.000676310084231857,-0.025260457769036293
mlp,y_XLY,22,2025-12-01,-0.000676310084231857,0.00022307038307189941
mlp,y_XLY,20,2025-12-02,0.01078502476998544,0.009542670100927353
mlp,y_XLY,21,2025-12-02,0.01078502476998544,-0.01891205832362175
mlp,y_XLY,22,2025-12-02,0.01078502476998544,0.027985066175460815
mlp,y_XLY,20,2025-12-03,-0.003556671026034519,-0.010087326169013977
mlp,y_XLY,21,2025-12-03,-0.003556671026034519,-0.002223692834377289
mlp,y_XLY,22,2025-12-03,-0.003556671026034519,0.006948424503207207
mlp,y_XLY,20,2025-12-04,0.005542995176835985,0.0153130404651165
mlp,y_XLY,21,2025-12-04,0.005542995176835985,0.009265020489692688
mlp,y_XLY,22,2025-12-04,0.005542995176835985,-0.006021788343787193
mlp,y_XLY,20,2025-12-08,-8.467989154481437e-05,0.14075525104999542
mlp,y_XLY,21,2025-12-08,-8.467989154481437e-05,0.2692006826400757
mlp,y_XLY,22,2025-12-08,-8.467989154481437e-05,0.031132878735661507
mlp,y_XLY,20,2025-12-09,0.01466343210034915,-0.011007525026798248
mlp,y_XLY,21,2025-12-09,0.01466343210034915,-0.009000740945339203
mlp,y_XLY,22,2025-12-09,0.01466343210034915,-0.0008152835071086884
mlp,y_XLY,20,2025-12-10,0.003926155178342716,0.029483612626791
mlp,y_XLY,21,2025-12-10,0.003926155178342716,0.006755031645298004
mlp,y_XLY,22,2025-12-10,0.003926155178342716,0.014081310480833054
mlp,y_XLY,20,2025-12-11,0.004326802801105867,-0.01949492283165455
mlp,y_XLY,21,2025-12-11,0.004326802801105867,0.02130749821662903
mlp,y_XLY,22,2025-12-11,0.004326802801105867,-0.05877683311700821
mlp,y_XLY,21,2025-12-15,0.0016430085286605056,0.0037253089249134064
mlp,y_XLY,22,2025-12-15,0.0016430085286605056,0.025464927777647972
mlp,y_XLY,23,2025-12-15,0.0016430085286605056,0.01418650895357132
mlp,y_XLY,21,2025-12-16,-0.011564075235109605,-0.0441630519926548
mlp,y_XLY,22,2025-12-16,-0.011564075235109605,0.00940895639359951
mlp,y_XLY,23,2025-12-16,-0.011564075235109605,0.0032052509486675262
mlp,y_XLY,21,2025-12-17,0.015101214654506423,-0.03738308697938919
mlp,y_XLY,22,2025-12-17,0.015101214654506423,-0.024608023464679718
mlp,y_XLY,23,2025-12-17,0.015101214654506423,0.010043825954198837
mlp,y_XLY,21,2025-12-18,-0.004005215816009766,0.07585293054580688
mlp,y_XLY,22,2025-12-18,-0.004005215816009766,0.036751337349414825
mlp,y_XLY,23,2025-12-18,-0.004005215816009766,0.04080862179398537
mlp,y_XLY,21,2025-12-23,0.003437817592208736,-0.003965608775615692
mlp,y_XLY,22,2025-12-23,0.003437817592208736,0.006327975541353226
mlp,y_XLY,23,2025-12-23,0.003437817592208736,-0.013462621718645096
mlp,y_XLY,21,2025-12-29,-0.004054595531289618,-0.0005651339888572693
mlp,y_XLY,22,2025-12-29,-0.004054595531289618,0.01593400165438652
mlp,y_XLY,23,2025-12-29,-0.004054595531289618,0.03042680397629738
mlp,y_XLY,21,2025-12-30,-0.00789296230828107,-0.014043465256690979
mlp,y_XLY,22,2025-12-30,-0.00789296230828107,0.013443894684314728
mlp,y_XLY,23,2025-12-30,-0.00789296230828107,0.013533491641283035
mlp,y_XLY,22,2026-01-05,0.006400636937100801,0.07743827998638153
mlp,y_XLY,23,2026-01-05,0.006400636937100801,0.03128131106495857
mlp,y_XLY,24,2026-01-05,0.006400636937100801,0.06177100911736488
mlp,y_XLY,22,2026-01-06,-0.0014041312412143014,0.03985331207513809
mlp,y_XLY,23,2026-01-06,-0.0014041312412143014,0.032701414078474045
mlp,y_XLY,24,2026-01-06,-0.0014041312412143014,0.026431463658809662
mlp,y_XLY,22,2026-01-07,0.016707995182564384,-0.004055190831422806
mlp,y_XLY,23,2026-01-07,0.016707995182564384,0.05468006059527397
mlp,y_XLY,24,2026-01-07,0.016707995182564384,0.014259414747357368
mlp,y_XLY,22,2026-01-08,0.012121750043602608,0.009282214567065239
mlp,y_XLY,23,2026-01-08,0.012121750043602608,0.02945758029818535
mlp,y_XLY,24,2026-01-08,0.012121750043602608,0.01906079798936844
mlp,y_XLY,22,2026-01-12,-0.0024895403706309827,0.0010491134598851204
mlp,y_XLY,23,2026-01-12,-0.0024895403706309827,0.01203988492488861
mlp,y_XLY,24,2026-01-12,-0.0024895403706309827,-0.0015718024224042892
mlp,y_XLY,22,2026-01-13,-0.01577972062570987,0.022617412731051445
mlp,y_XLY,23,2026-01-13,-0.01577972062570987,0.0016622096300125122
mlp,y_XLY,24,2026-01-13,-0.01577972062570987,-0.009062159806489944
mlp,y_XLY,22,2026-01-14,0.003680956631838095,0.008789222687482834
mlp,y_XLY,23,2026-01-14,0.003680956631838095,0.02411273494362831
mlp,y_XLY,24,2026-01-14,0.003680956631838095,-0.001016451045870781
mlp,y_XLY,22,2026-01-15,-0.003259934037758261,-0.0018460750579833984
mlp,y_XLY,23,2026-01-15,-0.003259934037758261,-0.014358194544911385
mlp,y_XLY,24,2026-01-15,-0.003259934037758261,-0.002825019881129265
mlp,y_XLY,22,2026-01-21,0.01004943332264352,0.014927353709936142
mlp,y_XLY,23,2026-01-21,0.01004943332264352,-0.01939862221479416
mlp,y_XLY,24,2026-01-21,0.01004943332264352,-0.01002807728946209
mlp,y_XLY,22,2026-01-22,0.004159146105141787,-0.002144038677215576
mlp,y_XLY,23,2026-01-22,0.004159146105141787,0.0034393109381198883
mlp,y_XLY,24,2026-01-22,0.004159146105141787,-0.011782459914684296
mlp,y_XLY,23,2026-01-26,0.0030248753066148826,0.023424092680215836
mlp,y_XLY,24,2026-01-26,0.0030248753066148826,0.004917047917842865
mlp,y_XLY,23,2026-01-27,-0.00749862075175356,0.018547873944044113
mlp,y_XLY,24,2026-01-27,-0.00749862075175356,-0.002464406192302704
mlp,y_XLY,23,2026-01-28,-0.004763030447970329,-0.014310630038380623
mlp,y_XLY,24,2026-01-28,-0.004763030447970329,-0.01954760029911995
mlp,y_XLY,23,2026-01-29,-0.00016506536890759094,0.02286062017083168
mlp,y_XLY,24,2026-01-29,-0.00016506536890759094,0.0036883745342493057
mlp,y_XLY,23,2026-02-02,-0.008034790088755517,0.024139072746038437
mlp,y_XLY,24,2026-02-02,-0.008034790088755517,-0.01347767747938633
mlp,y_XLY,23,2026-02-03,-0.007355974918278219,0.011280898004770279
mlp,y_XLY,24,2026-02-03,-0.007355974918278219,0.0022585000842809677
mlp,y_XLY,23,2026-02-04,-0.02156533197998911,-0.0078049395233392715
mlp,y_XLY,24,2026-02-04,-0.02156533197998911,-0.011217408813536167
mlp,y_XLY,23,2026-02-05,0.004084722311404443,0.014927972108125687
mlp,y_XLY,24,2026-02-05,0.004084722311404443,0.016117051243782043
mlp,y_XLY,23,2026-02-09,0.00663546370946011,0.017308309674263
mlp,y_XLY,24,2026-02-09,0.00663546370946011,0.006599258631467819
mlp,y_XLY,23,2026-02-10,-0.004817034446073953,-0.010792417451739311
mlp,y_XLY,24,2026-02-10,-0.004817034446073953,-0.008765324018895626
mlp,y_XLY,23,2026-02-11,-0.013841753169525739,0.014215048402547836
mlp,y_XLY,24,2026-02-11,-0.013841753169525739,0.00783080980181694
mlp,y_XLY,23,2026-02-12,0.00043057825661274585,-0.051232486963272095
mlp,y_XLY,24,2026-02-12,0.00043057825661274585,-0.03601352125406265
mlp,y_XLY,24,2026-02-17,0.008445326782205553,-0.02972104400396347
mlp,y_XLY,24,2026-02-18,-0.006665517019933231,0.006543690338730812
mlp,y_XLY,24,2026-02-19,0.010409489906312519,-0.006167810410261154
mlp,y_XLY,24,2026-02-23,0.015218714953567192,-0.009433281607925892
mlp,y_XLY,24,2026-02-24,0.0029981024543921375,0.004912473261356354
mlp,y_XLY,24,2026-02-25,-0.0003415602304522869,-0.05664161220192909
mlp,y_XLY,24,2026-02-26,-0.0016232587479918514,0.050236161798238754
mlp,y_XLY,24,2026-03-02,-0.009183829279239775,0.03245515003800392
mlp,y_XLY,24,2026-03-03,0.017750951105828472,0.008895287290215492
mlp,y_XLY,24,2026-03-04,0.0013747200184588415,-0.012267790734767914
mlp,y_XLY,24,2026-03-05,-0.018103822866607278,-0.008035951294004917
