model,target,fold_id,n_samples,mae,rmse,r2,directional_accuracy,hit_rate,pearson,spearman
baseline_zero,y_UUP,0,35,0.0033575640237602,0.0038642358459113,-0.0010463508090647,0.0,0.0,,
baseline_zero,y_UUP,1,35,0.0029058800144799,0.0034162245787052,-0.0569688298883714,0.0285714285714285,0.0285714285714285,,
baseline_zero,y_UUP,2,37,0.0035336010986414,0.0045890126252736,-0.1027069202275199,0.027027027027027,0.027027027027027,,
baseline_zero,y_UUP,3,34,0.0034389943416345,0.0046767121717177,-0.0701963127567699,0.0294117647058823,0.0294117647058823,,
baseline_zero,y_UUP,4,32,0.0038618928758404,0.0051820538930636,-0.0909511394456283,0.0,0.0,,
baseline_zero,y_UUP,5,28,0.0033029262750077,0.0041878321572928,-0.0569041586005591,0.0357142857142857,0.0357142857142857,,
baseline_zero,y_UUP,6,29,0.0032488852455452,0.0041482734427153,-0.0376931922807775,0.0689655172413793,0.0689655172413793,,
baseline_zero,y_UUP,7,30,0.0035293866667616,0.0042806630963157,-0.0010082832422544,0.0666666666666666,0.0666666666666666,,
baseline_zero,y_UUP,8,34,0.0037050033690697,0.0046943974597802,-0.0282563804784266,0.0294117647058823,0.0294117647058823,,
baseline_zero,y_UUP,9,35,0.0049121928216778,0.0067396259186174,-0.0933875431881976,0.0,0.0,,
baseline_zero,y_UUP,10,35,0.0050743682266032,0.0068460041593399,-0.0283210915591591,0.0,0.0,,
baseline_zero,y_UUP,11,35,0.005401769916881,0.0069235658249665,-0.0188030889918717,0.0,0.0,,
baseline_zero,y_UUP,12,34,0.004391913510343,0.0050225482953551,-0.0021692655185066,0.0,0.0,,
baseline_zero,y_UUP,13,35,0.0038108039381533,0.0044462282964517,-0.0003882295447654,0.0285714285714285,0.0285714285714285,,
baseline_zero,y_UUP,14,34,0.0035192545929149,0.0044151444271919,-9.501485832341672e-06,0.0588235294117647,0.0588235294117647,,
baseline_zero,y_UUP,15,34,0.003331950853947,0.0043201240680734,-0.0023952632671093,0.0588235294117647,0.0588235294117647,,
baseline_zero,y_UUP,16,33,0.0034163175240225,0.0043956068736551,-0.0107213293952754,0.0303030303030303,0.0303030303030303,,
baseline_zero,y_UUP,17,33,0.0033497070620622,0.004070153785821,-0.0069003009597201,0.0,0.0,,
baseline_zero,y_UUP,18,34,0.0031095904234154,0.0037464796697451,-0.052300231293543,0.0294117647058823,0.0294117647058823,,
baseline_zero,y_UUP,19,35,0.0027472068040946,0.003512619807836,-0.0527867204007082,0.0285714285714285,0.0285714285714285,,
baseline_zero,y_UUP,20,34,0.0023453123039325,0.0029337435417242,-0.0049404232586141,0.0294117647058823,0.0294117647058823,,
baseline_zero,y_UUP,21,29,0.0021112540368645,0.0026883788556217,-0.0063602801332234,0.0,0.0,,
baseline_zero,y_UUP,22,27,0.0024649224130403,0.0030934840221259,-0.0068210950976304,0.037037037037037,0.037037037037037,,
baseline_zero,y_UUP,23,29,0.0028705889009336,0.0040347025293235,-0.0138641631915714,0.0689655172413793,0.0689655172413793,,
baseline_zero,y_UUP,24,33,0.0028516004456348,0.0039954638419643,-0.0187641936527442,0.0606060606060606,0.0606060606060606,,
baseline_zero,y_TLT,0,35,0.0063930645555916,0.0077982330454771,-0.0412807178384013,0.0,0.0,,
baseline_zero,y_TLT,1,35,0.0055000945676716,0.006841411917921,-0.0537813430881706,0.0,0.0,,
baseline_zero,y_TLT,2,37,0.006906385702576,0.0088592015595459,-0.069204126397429,0.0,0.0,,
baseline_zero,y_TLT,3,34,0.0064219054395789,0.0086185736285339,-0.0088699817178794,0.0,0.0,,
baseline_zero,y_TLT,4,32,0.0074708578339627,0.009409287858728,-0.0677937568442532,0.0,0.0,,
baseline_zero,y_TLT,5,28,0.0061772800136121,0.0076756348667053,-0.0517182803925109,0.0,0.0,,
baseline_zero,y_TLT,6,29,0.0064362388575902,0.0079800662616733,-0.07047541062917,0.0,0.0,,
baseline_zero,y_TLT,7,30,0.0067797864143699,0.0085601703419856,-0.0362030493362706,0.0,0.0,,
baseline_zero,y_TLT,8,34,0.0066242539861938,0.0080611051826652,-0.0014656452147541,0.0,0.0,,
baseline_zero,y_TLT,9,35,0.007835193039331,0.0097902452370631,-0.0001694237682483,0.0,0.0,,
baseline_zero,y_TLT,10,35,0.0073227154590443,0.0089791872549503,-0.0063843834404206,0.0,0.0,,
baseline_zero,y_TLT,11,35,0.0075165076571005,0.0092652481105507,-0.0006468848354341,0.0,0.0,,
baseline_zero,y_TLT,12,34,0.0068627473886315,0.0079940451520828,-0.0046755309059016,0.0,0.0,,
baseline_zero,y_TLT,13,35,0.0059005205103136,0.0074754156553675,-0.0036488994523309,0.0,0.0,,
baseline_zero,y_TLT,14,34,0.0060084659284992,0.0076568423877642,-0.0136977828224447,0.0,0.0,,
baseline_zero,y_TLT,15,34,0.0055679666588442,0.0069150735861474,-0.0043675271214602,0.0,0.0,,
baseline_zero,y_TLT,16,33,0.0061134413038637,0.007262186230897,-0.0484878623729847,0.0,0.0,,
baseline_zero,y_TLT,17,33,0.0051180134841791,0.0064335344612988,-0.0409693887342987,0.0303030303030303,0.0303030303030303,,
baseline_zero,y_TLT,18,34,0.0046004141122552,0.0059984078591531,-0.0182808699012522,0.0294117647058823,0.0294117647058823,,
baseline_zero,y_TLT,19,35,0.0040315305580155,0.0053360218934869,-0.0002550312510549,0.0285714285714285,0.0285714285714285,,
baseline_zero,y_TLT,20,34,0.0040821732474916,0.0050133810392169,-0.0150860029666222,0.0,0.0,,
baseline_zero,y_TLT,21,29,0.0041832944957254,0.0050212630259726,-0.0040782916827462,0.0,0.0,,
baseline_zero,y_TLT,22,27,0.0039869528227768,0.0046077347556783,-0.0058457626616237,0.0,0.0,,
baseline_zero,y_TLT,23,29,0.0047569297131047,0.0057290129824616,-0.055010219007781,0.0,0.0,,
baseline_zero,y_TLT,24,33,0.0042012374323362,0.0052202612873568,-0.0325249661950819,0.0,0.0,,
baseline_zero,y_GLD,0,35,0.0070201595796433,0.0088971303296915,-0.0816682601602851,0.0,0.0,,
baseline_zero,y_GLD,1,35,0.0069678350329283,0.0081933202296606,-0.1302566020976858,0.0,0.0,,
baseline_zero,y_GLD,2,37,0.0080138133118069,0.0098432009804445,-0.0101936280653118,0.0,0.0,,
baseline_zero,y_GLD,3,34,0.0075328536920955,0.0094199032536457,-0.0100130418352752,0.0,0.0,,
baseline_zero,y_GLD,4,32,0.0081429009584431,0.0103374090777415,-0.0068154367098314,0.0,0.0,,
baseline_zero,y_GLD,5,28,0.0069998959045481,0.0082702384555849,-0.0332827180504671,0.0,0.0,,
baseline_zero,y_GLD,6,29,0.0071061584401739,0.0083590371027,-0.0456041220897733,0.0,0.0,,
baseline_zero,y_GLD,7,30,0.0060177025159824,0.0073894616263745,-0.0187787830465235,0.0,0.0,,
baseline_zero,y_GLD,8,34,0.0060661802095602,0.0078877261619996,-0.0411812255638044,0.0,0.0,,
baseline_zero,y_GLD,9,35,0.0082519914740517,0.0116923054097011,-0.0476172965761654,0.0,0.0,,
baseline_zero,y_GLD,10,35,0.010475719795191,0.0139382558460515,-0.0356878890264704,0.0,0.0,,
baseline_zero,y_GLD,11,35,0.0134574353627622,0.0162780157873214,-0.0155025238772796,0.0,0.0,,
baseline_zero,y_GLD,12,34,0.0119211186408314,0.0141763824048737,-4.2943150027952015e-05,0.0,0.0,,
baseline_zero,y_GLD,13,35,0.0095807952047578,0.01151855582199,-0.0039920791478622,0.0,0.0,,
baseline_zero,y_GLD,14,34,0.0066766992804608,0.0082355155238422,-0.0015169606972582,0.0,0.0,,
baseline_zero,y_GLD,15,34,0.0064155313415514,0.0078735531601597,-0.027484411825954,0.0,0.0,,
baseline_zero,y_GLD,16,33,0.0060046023165678,0.0076491182979258,-0.0788312774175821,0.0,0.0,,
baseline_zero,y_GLD,17,33,0.0065824850432827,0.0078285844305418,-0.1209395343395203,0.0,0.0,,
baseline_zero,y_GLD,18,34,0.0094346411121536,0.0147006889626867,-0.0007119557221124,0.0,0.0,,
baseline_zero,y_GLD,19,35,0.01024520431254,0.0152321466790039,-2.0935736027904998e-05,0.0,0.0,,
baseline_zero,y_GLD,20,34,0.0091653688824937,0.0147494213297404,-0.0001597042456984,0.0,0.0,,
baseline_zero,y_GLD,21,29,0.0055264227637578,0.0075272557982773,-0.011366395779329,0.0,0.0,,
baseline_zero,y_GLD,22,27,0.0057365128793168,0.0072723763138788,-0.1330457502865292,0.0,0.0,,
baseline_zero,y_GLD,23,29,0.0166295492571271,0.0272557751573054,-0.0066305893319218,0.0,0.0,,
baseline_zero,y_GLD,24,33,0.0188645747917727,0.0276332658123573,-0.0084029393468962,0.0,0.0,,
baseline_zero,y_BTC-USD,0,60,0.0214338728781102,0.0295792414838049,-0.0024653322346051,0.0,0.0,,
baseline_zero,y_BTC-USD,1,60,0.0152258865031915,0.0199799944209428,-0.0008484664195065,0.0,0.0,,
baseline_zero,y_BTC-USD,2,60,0.0183392955547875,0.0266814881754751,-0.0772999824281066,0.0,0.0,,
baseline_zero,y_BTC-USD,3,60,0.018287363006754,0.0266787423088517,-0.1086468186659428,0.0,0.0,,
baseline_zero,y_BTC-USD,4,60,0.0204503987449568,0.0288094286348592,-0.0627473216894467,0.0,0.0,,
baseline_zero,y_BTC-USD,5,60,0.0173208673129803,0.0230220804411226,-0.0202699043873859,0.0,0.0,,
baseline_zero,y_BTC-USD,6,60,0.0170033747946531,0.0228423453473247,-0.0007932109501427,0.0,0.0,,
baseline_zero,y_BTC-USD,7,60,0.0160300661761856,0.0216208288957414,-0.0043875805686768,0.0,0.0,,
baseline_zero,y_BTC-USD,8,60,0.0195557411852597,0.0269100791468401,-0.0027103139100939,0.0,0.0,,
baseline_zero,y_BTC-USD,9,60,0.0225114282695102,0.030608102637734,-0.0002187621947171,0.0,0.0,,
baseline_zero,y_BTC-USD,10,60,0.0213652430089273,0.0301552800328021,-0.0120835076150067,0.0,0.0,,
baseline_zero,y_BTC-USD,11,60,0.0169422645383304,0.0247559932210975,-0.0360292460529567,0.0,0.0,,
baseline_zero,y_BTC-USD,12,60,0.0130389159696239,0.0189890415348737,-0.0458021709970006,0.0,0.0,,
baseline_zero,y_BTC-USD,13,60,0.0125913934974709,0.0176518843140007,-0.0355418798075073,0.0,0.0,,
baseline_zero,y_BTC-USD,14,60,0.0111977924071177,0.0147529157240613,-0.0085939214971868,0.0,0.0,,
baseline_zero,y_BTC-USD,15,60,0.0121297422865745,0.0157578943042727,-0.0027728121921055,0.0,0.0,,
baseline_zero,y_BTC-USD,16,60,0.0110263587778219,0.0145615797408923,-0.0004714229967868,0.0,0.0,,
baseline_zero,y_BTC-USD,17,60,0.0137337443798961,0.0191333407035883,-0.0005435999133771,0.0,0.0,,
baseline_zero,y_BTC-USD,18,60,0.0134660382174774,0.0180856952407879,-2.4734474024512565e-08,0.0,0.0,,
baseline_zero,y_BTC-USD,19,60,0.0186966912994558,0.0231560053547827,-0.0373890475527676,0.0,0.0,,
baseline_zero,y_BTC-USD,20,60,0.0182248266253639,0.0224727436862965,-0.0283389895109433,0.0,0.0,,
baseline_zero,y_BTC-USD,21,60,0.0168055813527327,0.0217997851951617,-0.0114430149152511,0.0,0.0,,
baseline_zero,y_BTC-USD,22,60,0.0135427021777047,0.0189735114572499,-0.0067969347032255,0.0,0.0,,
baseline_zero,y_BTC-USD,23,60,0.0189303123506996,0.0318149353690429,-0.0116936852303271,0.0,0.0,,
baseline_zero,y_BTC-USD,24,60,0.0235921942997555,0.0354733393598104,-0.0117588538214015,0.0,0.0,,
baseline_zero,y_XLK,0,35,0.0127554501814866,0.0162606364388306,-0.0812272634577391,0.0,0.0,,
baseline_zero,y_XLK,1,35,0.0099034072254865,0.0130745992191255,-0.021508572834171,0.0,0.0,,
baseline_zero,y_XLK,2,37,0.0102723377450571,0.013591792380785,-0.0077161604392794,0.0,0.0,,
baseline_zero,y_XLK,3,34,0.0093882569171866,0.0126935965520165,-0.0102592547548909,0.0,0.0,,
baseline_zero,y_XLK,4,32,0.010885199893771,0.0140098741900414,-0.0001609634522394,0.0,0.0,,
baseline_zero,y_XLK,5,28,0.0098648317826983,0.0123189680369665,-0.0041914614073277,0.0,0.0,,
baseline_zero,y_XLK,6,29,0.0111721455064972,0.0136450520749232,-0.0119833980440131,0.0,0.0,,
baseline_zero,y_XLK,7,30,0.0110602039332738,0.0142716647805985,-0.004745183197174,0.0,0.0,,
baseline_zero,y_XLK,8,34,0.0119136887590295,0.0151876770628653,-0.0028803806297541,0.0,0.0,,
baseline_zero,y_XLK,9,35,0.0205062238401437,0.0326172015693068,-0.0089144520051547,0.0,0.0,,
baseline_zero,y_XLK,10,35,0.0223774791621882,0.0335166795436569,-0.0012502043852467,0.0,0.0,,
baseline_zero,y_XLK,11,35,0.0203805857093283,0.0326917577442779,-0.0008420400457134,0.0,0.0,,
baseline_zero,y_XLK,12,34,0.0103697359665797,0.0141090035587831,-0.0838638572385714,0.0,0.0,,
baseline_zero,y_XLK,13,35,0.0067500212111621,0.0084768807456128,-0.046001254161154,0.0,0.0,,
baseline_zero,y_XLK,14,34,0.0065218366306868,0.0082522572739569,-0.0472213249117816,0.0,0.0,,
baseline_zero,y_XLK,15,34,0.0071555332543012,0.0088041130237591,-0.0087216106941634,0.0,0.0,,
baseline_zero,y_XLK,16,33,0.0073622871163815,0.009419655148908,-0.0095751245410717,0.0,0.0,,
baseline_zero,y_XLK,17,33,0.008073447004977,0.0111522070123025,-0.0001217771643553,0.0,0.0,,
baseline_zero,y_XLK,18,34,0.007947550049665,0.0110844420156285,-0.013623717989434,0.0,0.0,,
baseline_zero,y_XLK,19,35,0.0100489561941254,0.0136099172634023,-0.050549665943294,0.0,0.0,,
baseline_zero,y_XLK,20,34,0.0096527164643943,0.0126730398911654,-0.0287521099937908,0.0,0.0,,
baseline_zero,y_XLK,21,29,0.0107109622171397,0.0140330580880085,-0.0516186406912972,0.0,0.0,,
baseline_zero,y_XLK,22,27,0.0085005030722189,0.0112081816505874,-0.0095536431376213,0.0,0.0,,
baseline_zero,y_XLK,23,29,0.0121759945261839,0.0155870897925005,-0.0126841141156555,0.0,0.0,,
baseline_zero,y_XLK,24,33,0.0125252235753624,0.015376451698657,-0.0142110738551402,0.0,0.0,,
baseline_zero,y_XLF,0,35,0.006804236073988,0.0081860996788284,-0.1091834857162636,0.0,0.0,,
baseline_zero,y_XLF,1,35,0.0061016268890411,0.007779237062063,-0.0234017794213408,0.0,0.0,,
baseline_zero,y_XLF,2,37,0.007500456578972,0.0125942929295413,-0.0513782077666213,0.0,0.0,,
baseline_zero,y_XLF,3,34,0.0075076047415118,0.0128799827610634,-0.0505562550641542,0.0,0.0,,
baseline_zero,y_XLF,4,32,0.0083682383718568,0.0139695181977438,-0.0092201862219829,0.0,0.0,,
baseline_zero,y_XLF,5,28,0.0071887674288959,0.0100356687601666,-0.0399643174160619,0.0,0.0,,
baseline_zero,y_XLF,6,29,0.0071575102133161,0.0098338127772992,-0.0488439033581793,0.0,0.0,,
baseline_zero,y_XLF,7,30,0.006557540266012,0.008796099150664,-0.1097547702951076,0.0,0.0,,
baseline_zero,y_XLF,8,34,0.0072931559857071,0.0103980252400775,-0.0013234872476963,0.0,0.0,,
baseline_zero,y_XLF,9,35,0.0135805765679714,0.0228554943985804,-0.0168627372390501,0.0,0.0,,
baseline_zero,y_XLF,10,35,0.01482681377557,0.0236340097509565,-0.0016319209255926,0.0,0.0,,
baseline_zero,y_XLF,11,35,0.0134377192187171,0.0226148819532061,-0.0001152957486736,0.0285714285714285,0.0285714285714285,,
baseline_zero,y_XLF,12,34,0.0071884549841778,0.0102551904564027,-0.0224675230087654,0.0588235294117647,0.0588235294117647,,
baseline_zero,y_XLF,13,35,0.0062214079190482,0.0080695524746285,-0.000766038393325,0.0571428571428571,0.0571428571428571,,
baseline_zero,y_XLF,14,34,0.0068721960010479,0.0085205521029968,-0.0007153854239885,0.0294117647058823,0.0294117647058823,,
baseline_zero,y_XLF,15,34,0.0068030303247639,0.0082130051799355,-0.0139176495444974,0.0,0.0,,
baseline_zero,y_XLF,16,33,0.0066619118450398,0.0083412139527368,-0.0121045781869808,0.0,0.0,,
baseline_zero,y_XLF,17,33,0.0060418508375835,0.0080404514474103,-0.0001820508278307,0.0,0.0,,
baseline_zero,y_XLF,18,34,0.006988375257827,0.0095099541696402,-0.0185409970448799,0.0294117647058823,0.0294117647058823,,
baseline_zero,y_XLF,19,35,0.0068920938393278,0.0090452013605891,-0.0237981938881359,0.0285714285714285,0.0285714285714285,,
baseline_zero,y_XLF,20,34,0.0072839892394096,0.0094170209617277,-0.0237897189391693,0.0294117647058823,0.0294117647058823,,
baseline_zero,y_XLF,21,29,0.0062516098270969,0.0077020885504849,-0.0837869881453201,0.0,0.0,,
baseline_zero,y_XLF,22,27,0.0064596132819052,0.0084362005661386,-0.0130296698303211,0.0,0.0,,
baseline_zero,y_XLF,23,29,0.0073748526300812,0.0093378035833173,-0.0821101285744994,0.0,0.0,,
baseline_zero,y_XLF,24,33,0.0087156064804204,0.0105214348579397,-0.032709884096133,0.0,0.0,,
baseline_zero,y_XLE,0,35,0.0104982544902958,0.0125130476440546,-0.0147216632311455,0.0,0.0,,
baseline_zero,y_XLE,1,35,0.0102149224093657,0.0127484798208938,-0.0015336116178079,0.0,0.0,,
baseline_zero,y_XLE,2,37,0.0097149820618054,0.013204739669688,-0.0216865534060681,0.0,0.0,,
baseline_zero,y_XLE,3,34,0.0081098332735321,0.0120934005919685,-0.0036013886732149,0.0,0.0,,
baseline_zero,y_XLE,4,32,0.0082270468448009,0.0116670532963299,-0.0083545336078709,0.0,0.0,,
baseline_zero,y_XLE,5,28,0.0083303940825307,0.0107191623470876,-3.957660389386497e-05,0.0,0.0,,
baseline_zero,y_XLE,6,29,0.0096045140224888,0.0121069938618054,-0.0034396044486488,0.0,0.0,,
baseline_zero,y_XLE,7,30,0.0105114888544887,0.0125753576249054,-0.0022142527734776,0.0,0.0,,
baseline_zero,y_XLE,8,34,0.0106857233808666,0.0131542225787049,-0.0034909223305961,0.0,0.0,,
baseline_zero,y_XLE,9,35,0.0182111993501105,0.0292770018973249,-0.016737668099356,0.0,0.0,,
baseline_zero,y_XLE,10,35,0.0183000708635639,0.0295907639055963,-0.0043850016881494,0.0,0.0,,
baseline_zero,y_XLE,11,35,0.0172281719263086,0.0291203146854969,-0.0082447388142308,0.0,0.0,,
baseline_zero,y_XLE,12,34,0.0101019149021645,0.01265701324316,-0.0713003493978967,0.0,0.0,,
baseline_zero,y_XLE,13,35,0.0093689384857435,0.0113745010133663,-0.0578672383340479,0.0,0.0,,
baseline_zero,y_XLE,14,34,0.0097787012916157,0.0115515466582898,-0.0288142978313665,0.0,0.0,,
baseline_zero,y_XLE,15,34,0.008360671526277,0.0105360332303599,-0.0212939512666168,0.0294117647058823,0.0294117647058823,,
baseline_zero,y_XLE,16,33,0.0085253542851324,0.0107167635769088,-0.011643590774065,0.0303030303030303,0.0303030303030303,,
baseline_zero,y_XLE,17,33,0.0090742828635234,0.0115969133296908,-0.0054528188664029,0.0606060606060606,0.0606060606060606,,
baseline_zero,y_XLE,18,34,0.0089661247568485,0.0109817071901738,-1.7100052107643648e-06,0.0294117647058823,0.0294117647058823,,
baseline_zero,y_XLE,19,35,0.0091551991657654,0.0107404082009036,-1.0116122656445016e-05,0.0285714285714285,0.0285714285714285,,
baseline_zero,y_XLE,20,34,0.0087766252999076,0.0098791906158547,-0.0155252456824954,0.0,0.0,,
baseline_zero,y_XLE,21,29,0.0100385227341436,0.0119408235347771,-0.0008604684833821,0.0344827586206896,0.0344827586206896,,
baseline_zero,y_XLE,22,27,0.0110044108923901,0.0140445117796114,-0.0027624096174405,0.037037037037037,0.037037037037037,,
baseline_zero,y_XLE,23,29,0.0133605368473798,0.0165024342609939,-0.0718530333613711,0.0344827586206896,0.0344827586206896,,
baseline_zero,y_XLE,24,33,0.0115738171172036,0.0146078233254882,-0.1508227547938965,0.0,0.0,,
baseline_zero,y_XLV,0,35,0.0049074772877325,0.0066458299567866,-0.0063372373717931,0.0,0.0,,
baseline_zero,y_XLV,1,35,0.0047657914232686,0.0058122333390608,-0.0540954800127138,0.0,0.0,,
baseline_zero,y_XLV,2,37,0.0058907138051994,0.0072595628725193,-0.0950716777318214,0.0,0.0,,
baseline_zero,y_XLV,3,34,0.0064632513501682,0.0077349713676739,-0.020826797934774,0.0,0.0,,
baseline_zero,y_XLV,4,32,0.0068199872559523,0.008340994063309,-0.0607624714366323,0.0,0.0,,
baseline_zero,y_XLV,5,28,0.0061703504863431,0.007305357473128,-0.0058347834050807,0.0,0.0,,
baseline_zero,y_XLV,6,29,0.0064573266071528,0.0075591680234789,-0.0091427282735341,0.0,0.0,,
baseline_zero,y_XLV,7,30,0.0063887647355318,0.0072956243789324,-0.0151632814586524,0.0,0.0,,
baseline_zero,y_XLV,8,34,0.0060197476211432,0.0072122114089107,-0.0011266130515112,0.0,0.0,,
baseline_zero,y_XLV,9,35,0.0097174241434083,0.014929730704229,-0.0258630160152517,0.0,0.0,,
baseline_zero,y_XLV,10,35,0.0109746865690743,0.0159584772854137,-0.0190301194254467,0.0,0.0,,
baseline_zero,y_XLV,11,35,0.0143068804106719,0.0185673289499837,-0.0523541269780971,0.0,0.0,,
baseline_zero,y_XLV,12,34,0.0102472798943548,0.0130756063857688,-0.0084673201847744,0.0,0.0,,
baseline_zero,y_XLV,13,35,0.0098884073579701,0.0126857922793335,-0.0082996674483226,0.0,0.0,,
baseline_zero,y_XLV,14,34,0.0081772932654573,0.0103072607777667,-0.0055212077438158,0.0,0.0,,
baseline_zero,y_XLV,15,34,0.0085953571011423,0.0105801743872139,-0.0112371866019143,0.0,0.0,,
baseline_zero,y_XLV,16,33,0.0071266589198146,0.0092392684208515,-0.0119412045045481,0.0303030303030303,0.0303030303030303,,
baseline_zero,y_XLV,17,33,0.007412434841962,0.0102321149018023,-0.090378944144823,0.0303030303030303,0.0303030303030303,,
baseline_zero,y_XLV,18,34,0.0063781584055721,0.0095637584930369,-0.0324798418409522,0.0294117647058823,0.0294117647058823,,
baseline_zero,y_XLV,19,35,0.007107660302955,0.0104879732363461,-0.0893210136488504,0.0,0.0,,
baseline_zero,y_XLV,20,34,0.0063057818805042,0.0087853602028673,-0.0992667692989499,0.0,0.0,,
baseline_zero,y_XLV,21,29,0.0071761321146137,0.0095762233681413,-0.0852513014455678,0.0,0.0,,
baseline_zero,y_XLV,22,27,0.0071273878253371,0.0088675387823588,-0.004281969105023,0.0,0.0,,
baseline_zero,y_XLV,23,29,0.0074166761498102,0.0089157643651382,-0.0010747819525023,0.0,0.0,,
baseline_zero,y_XLV,24,33,0.0077043019050765,0.0094951004100002,-0.0092141418941051,0.0,0.0,,
baseline_zero,y_XLI,0,35,0.0061672080928252,0.0080775889314904,-0.185798808337068,0.0,0.0,,
baseline_zero,y_XLI,1,35,0.0058938294191249,0.0073756827512609,-0.0276698832757742,0.0,0.0,,
baseline_zero,y_XLI,2,37,0.0074295553870395,0.010306216915781,-0.0195046460948375,0.0,0.0,,
baseline_zero,y_XLI,3,34,0.0076501438424506,0.010644195024098,-0.0051206755771775,0.0,0.0,,
baseline_zero,y_XLI,4,32,0.0081103929971982,0.0115553061325541,-0.0014582669316325,0.0,0.0,,
baseline_zero,y_XLI,5,28,0.0068303339026767,0.0090119233356579,-0.0040218180883968,0.0,0.0,,
baseline_zero,y_XLI,6,29,0.0064165439666021,0.0084677665069566,-0.0012451630215641,0.0,0.0,,
baseline_zero,y_XLI,7,30,0.0056250363266077,0.0074617173082502,-0.0181989215292506,0.0,0.0,,
baseline_zero,y_XLI,8,34,0.0072535339277528,0.0093609645489283,-0.0101887147783084,0.0,0.0,,
baseline_zero,y_XLI,9,35,0.0142789786792618,0.0233153672073366,-0.0130937766399086,0.0,0.0,,
baseline_zero,y_XLI,10,35,0.0158121684332351,0.0238554070003585,-3.112548245720603e-05,0.0,0.0,,
baseline_zero,y_XLI,11,35,0.0145454701995761,0.0233234743301271,-0.0012957870044263,0.0,0.0,,
baseline_zero,y_XLI,12,34,0.0071253502718959,0.009172903773819,-0.0856523744596031,0.0,0.0,,
baseline_zero,y_XLI,13,35,0.0055987195718992,0.0072439258215473,-0.0375409281947072,0.0,0.0,,
baseline_zero,y_XLI,14,34,0.0049920821636245,0.0066719456558193,-0.0150523962006889,0.0,0.0,,
baseline_zero,y_XLI,15,34,0.0056710967786652,0.0074019695581855,-0.0127468569632009,0.0,0.0,,
baseline_zero,y_XLI,16,33,0.0057814933268506,0.0072862281671713,-0.0004135630453385,0.0,0.0,,
baseline_zero,y_XLI,17,33,0.0065735947812171,0.0081491886334614,-0.0027398164599758,0.0,0.0,,
baseline_zero,y_XLI,18,34,0.0066826085502721,0.0081544982847448,-0.0004535179769959,0.0,0.0,,
baseline_zero,y_XLI,19,35,0.0067874168990161,0.0086293985687852,-0.0261778958028078,0.0,0.0,,
baseline_zero,y_XLI,20,34,0.007007358720446,0.0085771424074268,-0.0140128530603702,0.0,0.0,,
baseline_zero,y_XLI,21,29,0.0074760889411064,0.0089656642567405,-0.002468362772088,0.0,0.0,,
baseline_zero,y_XLI,22,27,0.0083531442086121,0.0094353111444261,-0.064498356458319,0.0,0.0,,
baseline_zero,y_XLI,23,29,0.008045777213579,0.009825347618713,-0.0332007635580688,0.0,0.0,,
baseline_zero,y_XLI,24,33,0.0084878077846217,0.0105373492165328,-0.0138642233109214,0.0,0.0,,
baseline_zero,y_XLY,0,35,0.0103806703372289,0.0130873957807111,-0.1068787906965476,0.0,0.0,,
baseline_zero,y_XLY,1,35,0.0082195920844982,0.0107896385780418,-0.0587117195547015,0.0,0.0,,
baseline_zero,y_XLY,2,37,0.0093699714359763,0.0120455407965969,-0.0612638428328673,0.0,0.0,,
baseline_zero,y_XLY,3,34,0.0094560384866666,0.0122791954056462,-0.0994522781754607,0.0,0.0,,
baseline_zero,y_XLY,4,32,0.0109968488980614,0.0146558515190426,-0.0249848713197793,0.0,0.0,,
baseline_zero,y_XLY,5,28,0.0103262719704093,0.0144463523997918,-0.0210119956266423,0.0,0.0,,
baseline_zero,y_XLY,6,29,0.0103720525929773,0.014211183376435,-0.0002258687646372,0.0,0.0,,
baseline_zero,y_XLY,7,30,0.0093493311683891,0.0119087996709543,-0.0055506992983345,0.0,0.0,,
baseline_zero,y_XLY,8,34,0.0102527130079105,0.0128646422752529,-0.0437368397479511,0.0,0.0,,
baseline_zero,y_XLY,9,35,0.0181393174072327,0.0272380102242892,-0.0184126942390887,0.0,0.0,,
baseline_zero,y_XLY,10,35,0.0199790171599691,0.0281028148099399,-1.0681080515828612e-05,0.0,0.0,,
baseline_zero,y_XLY,11,35,0.0181445639477055,0.0270790308085071,-0.0019032377765437,0.0,0.0,,
baseline_zero,y_XLY,12,34,0.0106751547348526,0.0129627663654146,-0.0199080156854662,0.0,0.0,,
baseline_zero,y_XLY,13,35,0.0080457171233772,0.0096863368455427,-0.0003513900584299,0.0,0.0,,
baseline_zero,y_XLY,14,34,0.0083509642787921,0.0104579678760207,-0.0001493684603328,0.0,0.0,,
baseline_zero,y_XLY,15,34,0.0076460963255581,0.0103754363778622,-0.0130917337304998,0.0,0.0,,
baseline_zero,y_XLY,16,33,0.0077849044159326,0.0107534875885542,-0.0167158558716222,0.0,0.0,,
baseline_zero,y_XLY,17,33,0.0081022542096679,0.0109800181665114,-0.0023902088673128,0.0,0.0,,
baseline_zero,y_XLY,18,34,0.008918066209176,0.0114545065639352,-0.0038911386566657,0.0,0.0,,
baseline_zero,y_XLY,19,35,0.0104511468328127,0.0131094346530369,-0.0743883209470803,0.0,0.0,,
baseline_zero,y_XLY,20,34,0.0095332296132006,0.0123800101763271,-0.0002172577732701,0.0,0.0,,
baseline_zero,y_XLY,21,29,0.009136132173794,0.0117312161376462,-0.0027497258634119,0.0,0.0,,
baseline_zero,y_XLY,22,27,0.0072432937381943,0.0091327875110198,-0.1386023472412123,0.0,0.0,,
baseline_zero,y_XLY,23,29,0.0071023922386074,0.0088771161687099,-0.0147275392276453,0.0,0.0,,
baseline_zero,y_XLY,24,33,0.0075874478369254,0.0095517038513113,-0.0001163676381277,0.0,0.0,,
baseline_zero,y_XLP,0,35,0.0047994721818903,0.0055432039996942,-0.0151770081651165,0.0,0.0,,
baseline_zero,y_XLP,1,35,0.0046629015991539,0.0053163652704322,-0.0124223457835814,0.0,0.0,,
baseline_zero,y_XLP,2,37,0.0049994766156062,0.0060994887052528,-0.020013403277252,0.0,0.0,,
baseline_zero,y_XLP,3,34,0.0049786971808035,0.0061258360426511,-0.0017440330016327,0.0,0.0,,
baseline_zero,y_XLP,4,32,0.0054434147975718,0.0067375922119304,-0.0106460165031037,0.0,0.0,,
baseline_zero,y_XLP,5,28,0.0047236757502102,0.0057106685820091,-0.0004184428498055,0.0,0.0,,
baseline_zero,y_XLP,6,29,0.0053230600478131,0.0064831228331208,-0.0096846706416133,0.0,0.0,,
baseline_zero,y_XLP,7,30,0.0066342005096528,0.0082236449879624,-0.0226438144136338,0.0,0.0,,
baseline_zero,y_XLP,8,34,0.0076313724183448,0.0095342396292575,-0.0135032478769021,0.0294117647058823,0.0294117647058823,,
baseline_zero,y_XLP,9,35,0.0099871673832096,0.0139016593560173,-0.0015628216749297,0.0285714285714285,0.0285714285714285,,
baseline_zero,y_XLP,10,35,0.0099855661195722,0.0138148931868537,-0.0074057182995515,0.0285714285714285,0.0285714285714285,,
baseline_zero,y_XLP,11,35,0.0099265702455156,0.0135992833871461,-0.0016225146354176,0.0,0.0,,
baseline_zero,y_XLP,12,34,0.007343983250488,0.0088429415464258,-0.0005311055251311,0.0,0.0,,
baseline_zero,y_XLP,13,35,0.0060144840722295,0.0074319200306123,-0.0122803740517112,0.0,0.0,,
baseline_zero,y_XLP,14,34,0.0054517728381763,0.0065358165706979,-0.000322756752686,0.0294117647058823,0.0294117647058823,,
baseline_zero,y_XLP,15,34,0.0052884440351279,0.0064069558228005,-0.001135573602174,0.0588235294117647,0.0588235294117647,,
baseline_zero,y_XLP,16,33,0.0051674761490699,0.0062339775836627,-0.0124177552684079,0.0606060606060606,0.0606060606060606,,
baseline_zero,y_XLP,17,33,0.004665709447374,0.0056070296771216,-0.0002683418600271,0.0303030303030303,0.0303030303030303,,
baseline_zero,y_XLP,18,34,0.0055737255936133,0.0073624898635683,-0.0026100096735091,0.0,0.0,,
baseline_zero,y_XLP,19,35,0.0058778764035715,0.0078734269906601,-0.0059658911049278,0.0285714285714285,0.0285714285714285,,
baseline_zero,y_XLP,20,34,0.0064937515188909,0.0084383088583233,-0.0361538137816361,0.0294117647058823,0.0294117647058823,,
baseline_zero,y_XLP,21,29,0.0055995946393942,0.006906462363815,-0.1112283606255633,0.0344827586206896,0.0344827586206896,,
baseline_zero,y_XLP,22,27,0.0066616678563263,0.0084010533430038,-0.1357907219233454,0.0,0.0,,
baseline_zero,y_XLP,23,29,0.0078643267530515,0.0096366455739882,-0.2105773976974581,0.0,0.0,,
baseline_zero,y_XLP,24,33,0.0083114457786857,0.0101707392762718,-0.1020729043351078,0.0,0.0,,
baseline_zero,y_XLB,0,35,0.007210143074971,0.0090004325679978,-0.0691224753592611,0.0285714285714285,0.0285714285714285,,
baseline_zero,y_XLB,1,35,0.006418716738179,0.0078935980354833,-0.0053892354413864,0.0,0.0,,
baseline_zero,y_XLB,2,37,0.006967891965214,0.0084424683204213,-0.0027236868068838,0.0,0.0,,
baseline_zero,y_XLB,3,34,0.0065450081167234,0.0077313709136244,-0.0543000473204982,0.0,0.0,,
baseline_zero,y_XLB,4,32,0.0079712743213756,0.0096289404678269,-0.1572421408418953,0.0,0.0,,
baseline_zero,y_XLB,5,28,0.0075538024599097,0.009288902044033,-0.0147625704514837,0.0,0.0,,
baseline_zero,y_XLB,6,29,0.0069537589632437,0.0087833051532924,-0.0146714004198056,0.0,0.0,,
baseline_zero,y_XLB,7,30,0.0064717574677916,0.007931933716995,-0.0072569409739602,0.0,0.0,,
baseline_zero,y_XLB,8,34,0.0071210688752974,0.0090580881191325,-0.0094482218055775,0.0,0.0,,
baseline_zero,y_XLB,9,35,0.0144336583557992,0.0234377289563915,-0.0081952496385242,0.0,0.0,,
baseline_zero,y_XLB,10,35,0.015041103323661,0.0237914692152956,-7.690105463264985e-05,0.0,0.0,,
baseline_zero,y_XLB,11,35,0.0146473141675829,0.0234676940248225,-0.0001903757020773,0.0,0.0,,
baseline_zero,y_XLB,12,34,0.0077720188477152,0.0094890870763702,-0.0134423658555635,0.0,0.0,,
baseline_zero,y_XLB,13,35,0.0069056751742305,0.0082998128969664,-0.0011017622270046,0.0,0.0,,
baseline_zero,y_XLB,14,34,0.0082201931721314,0.0097471939524182,-1.8232751308744355e-08,0.0,0.0,,
baseline_zero,y_XLB,15,34,0.0076750346511207,0.009683025799529,-0.0079741734063056,0.0588235294117647,0.0588235294117647,,
baseline_zero,y_XLB,16,33,0.0073214416296982,0.0096853308875726,-0.0052350977456858,0.0909090909090909,0.0909090909090909,,
baseline_zero,y_XLB,17,33,0.0070206387392763,0.0093518041575238,-0.002966813432957,0.0909090909090909,0.0909090909090909,,
baseline_zero,y_XLB,18,34,0.0078016646306501,0.0097648180740591,-0.0556218283795191,0.0294117647058823,0.0294117647058823,,
baseline_zero,y_XLB,19,35,0.0085105852733964,0.0101247884066528,-0.0279881430494439,0.0,0.0,,
baseline_zero,y_XLB,20,34,0.0083340661857945,0.0102078729138077,-0.0099076490184111,0.0,0.0,,
baseline_zero,y_XLB,21,29,0.0075368936310387,0.0096417035471426,-0.0747719405496676,0.0,0.0,,
baseline_zero,y_XLB,22,27,0.0080374871482037,0.0103454805981349,-0.1728738865358403,0.0,0.0,,
baseline_zero,y_XLB,23,29,0.0097311100219515,0.012542448707368,-0.0774789188768478,0.0,0.0,,
baseline_zero,y_XLB,24,33,0.0108841119366436,0.0135514920129533,-0.0111555611299898,0.0,0.0,,
baseline_zero,y_XLU,0,35,0.0053890690016501,0.0073056039423507,-0.109354259366531,0.0285714285714285,0.0285714285714285,,
baseline_zero,y_XLU,1,35,0.0068583546220218,0.0087606546585611,-0.0265910021813602,0.0285714285714285,0.0285714285714285,,
baseline_zero,y_XLU,2,37,0.0087309127808749,0.0109930590186702,-0.0041169188516549,0.0,0.0,,
baseline_zero,y_XLU,3,34,0.0087806330132871,0.0109225078265267,-0.0005570687000553,0.0294117647058823,0.0294117647058823,,
baseline_zero,y_XLU,4,32,0.0086115558379993,0.0111586100759738,-0.0013086722648762,0.03125,0.03125,,
baseline_zero,y_XLU,5,28,0.0074963927463946,0.010336642453522,-0.0451731331876397,0.0357142857142857,0.0357142857142857,,
baseline_zero,y_XLU,6,29,0.0083178948698902,0.0110923695482019,-0.0141446465675123,0.0,0.0,,
baseline_zero,y_XLU,7,30,0.0078457725560728,0.0106981270614594,-0.0302754407316832,0.0,0.0,,
baseline_zero,y_XLU,8,34,0.008377599069252,0.0108204763196021,-0.0058152046633397,0.0,0.0,,
baseline_zero,y_XLU,9,35,0.0098934140398838,0.01495822362579,-0.0057342779152582,0.0,0.0,,
baseline_zero,y_XLU,10,35,0.0102806410452731,0.0152129349511993,-0.0001268813210031,0.0,0.0,,
baseline_zero,y_XLU,11,35,0.0101613333814319,0.0151281584080579,-0.0086218898449488,0.0,0.0,,
baseline_zero,y_XLU,12,34,0.0079780849875751,0.0102727024707628,-0.0376449242548599,0.0,0.0,,
baseline_zero,y_XLU,13,35,0.0080387959107251,0.0098512875774679,-0.0217001185709226,0.0,0.0,,
baseline_zero,y_XLU,14,34,0.0069701584012886,0.0083491573133606,-0.0331949204781198,0.0,0.0,,
baseline_zero,y_XLU,15,34,0.006114862793584,0.0073015690985584,-0.0245122263104546,0.0,0.0,,
baseline_zero,y_XLU,16,33,0.0057727461164467,0.0071833096447124,-0.0247771746222773,0.0,0.0,,
baseline_zero,y_XLU,17,33,0.0059604150104197,0.0075031958008244,-0.0511346550486628,0.0,0.0,,
baseline_zero,y_XLU,18,34,0.0069666155680027,0.008595139179005,-0.0239095707276644,0.0,0.0,,
baseline_zero,y_XLU,19,35,0.0063885409426394,0.0079885382525184,-3.796019389823435e-05,0.0,0.0,,
baseline_zero,y_XLU,20,34,0.0058789853855736,0.0075181010526515,-0.0416578435258474,0.0,0.0,,
baseline_zero,y_XLU,21,29,0.0054108557099667,0.0067973145008229,-0.048475808563273,0.0,0.0,,
baseline_zero,y_XLU,22,27,0.0067636422967848,0.008316017544742,-0.0068838700983946,0.0,0.0,,
baseline_zero,y_XLU,23,29,0.0082761109272198,0.0105352165054871,-0.0837350196994577,0.0344827586206896,0.0344827586206896,,
baseline_zero,y_XLU,24,33,0.0084195587598513,0.0105472807117912,-0.1026524349306792,0.0303030303030303,0.0303030303030303,,
baseline_zero,y_XLRE,0,35,0.0056261139264643,0.007616952723841,-0.0229683232133841,0.0571428571428571,0.0571428571428571,,
baseline_zero,y_XLRE,1,35,0.0054271351462193,0.0067530868732394,-0.0013740226186378,0.0571428571428571,0.0571428571428571,,
baseline_zero,y_XLRE,2,37,0.0076929532084193,0.0094441293654797,-0.0147109820050876,0.027027027027027,0.027027027027027,,
baseline_zero,y_XLRE,3,34,0.0078023424473682,0.0095597254112039,-0.0040722171537153,0.0,0.0,,
baseline_zero,y_XLRE,4,32,0.0094720053785158,0.0124814488928265,-0.0429546833757428,0.0,0.0,,
baseline_zero,y_XLRE,5,28,0.0082263603077511,0.0115468112336234,-3.4464522967514455e-05,0.0,0.0,,
baseline_zero,y_XLRE,6,29,0.0095060224790427,0.0125886531091123,-0.0025624838316158,0.0344827586206896,0.0344827586206896,,
baseline_zero,y_XLRE,7,30,0.0076053338735663,0.0091755692040293,-0.0642226222011908,0.0333333333333333,0.0333333333333333,,
baseline_zero,y_XLRE,8,34,0.0083722835201921,0.0103323403844064,-0.0129743309902419,0.0294117647058823,0.0294117647058823,,
baseline_zero,y_XLRE,9,35,0.0118112582052435,0.0171148319931302,-0.0229296108684857,0.0,0.0,,
baseline_zero,y_XLRE,10,35,0.0118703149052175,0.0174668752254752,-0.0043541678725524,0.0,0.0,,
baseline_zero,y_XLRE,11,35,0.0113441910143727,0.0171193420241447,-0.0009623640555003,0.0,0.0,,
baseline_zero,y_XLRE,12,34,0.006661957707637,0.0091532741691117,-0.0251271629431948,0.0294117647058823,0.0294117647058823,,
baseline_zero,y_XLRE,13,35,0.0060649882525464,0.0085418033056363,-5.164841283633592e-05,0.0285714285714285,0.0285714285714285,,
baseline_zero,y_XLRE,14,34,0.0055484792866324,0.0075821573660637,-0.003679965477356,0.0588235294117647,0.0588235294117647,,
baseline_zero,y_XLRE,15,34,0.0062760236534285,0.0083918865607411,-0.0176722566418858,0.0294117647058823,0.0294117647058823,,
baseline_zero,y_XLRE,16,33,0.0064911700887067,0.0083724594261043,-0.022659135013384,0.0303030303030303,0.0303030303030303,,
baseline_zero,y_XLRE,17,33,0.0057755461529193,0.0072984396467805,-0.0234150534818839,0.0303030303030303,0.0303030303030303,,
baseline_zero,y_XLRE,18,34,0.0064517547378521,0.0088544057351861,-0.001246803767585,0.0294117647058823,0.0294117647058823,,
baseline_zero,y_XLRE,19,35,0.0070036018812576,0.0091708384391226,-0.0066243208864262,0.0285714285714285,0.0285714285714285,,
baseline_zero,y_XLRE,20,34,0.0064356622307301,0.0088535735980536,-0.0006744386862169,0.0,0.0,,
baseline_zero,y_XLRE,21,29,0.0054610123489327,0.0066341717333171,-0.0007119721986637,0.0,0.0,,
baseline_zero,y_XLRE,22,27,0.0057275667007826,0.006751457650311,-0.0258452391140864,0.0,0.0,,
baseline_zero,y_XLRE,23,29,0.0076133038110203,0.0090505915780547,-0.0979422838175365,0.0,0.0,,
baseline_zero,y_XLRE,24,33,0.0075783348881984,0.0090118648303203,-0.0520235691244286,0.0,0.0,,
baseline_zero,y_XLC,0,35,0.0064898403675118,0.0084710307977763,-0.111526344478819,0.0571428571428571,0.0571428571428571,,
baseline_zero,y_XLC,1,35,0.0052797863453211,0.0071688607626475,-0.0401060857988566,0.0571428571428571,0.0571428571428571,,
baseline_zero,y_XLC,2,37,0.006032551295045,0.0080958960920489,-0.1044694754681485,0.054054054054054,0.054054054054054,,
baseline_zero,y_XLC,3,34,0.0060535551944445,0.0079932535350473,-0.0991523664208429,0.0,0.0,,
baseline_zero,y_XLC,4,32,0.0081511436199753,0.0105592168604637,-0.0304978094465371,0.0,0.0,,
baseline_zero,y_XLC,5,28,0.0076308354388921,0.0096428676838462,-0.0064821881353425,0.0,0.0,,
baseline_zero,y_XLC,6,29,0.0079333673727293,0.0097870345686812,-0.0102078575603972,0.0,0.0,,
baseline_zero,y_XLC,7,30,0.0067443977775756,0.0080741539956598,-0.0164748977919733,0.0,0.0,,
baseline_zero,y_XLC,8,34,0.008274402138681,0.0099325717858097,-0.0017115595170651,0.0,0.0,,
baseline_zero,y_XLC,9,35,0.0150535818402889,0.0230426101478286,-0.0164562561533727,0.0,0.0,,
baseline_zero,y_XLC,10,35,0.016535869990233,0.0239886609561126,-0.0003353212402781,0.0,0.0,,
baseline_zero,y_XLC,11,35,0.0140311514277999,0.0229617579919491,-2.264710444288553e-05,0.0,0.0,,
baseline_zero,y_XLC,12,34,0.007458869271629,0.010015092102037,-0.0728608753084929,0.0,0.0,,
baseline_zero,y_XLC,13,35,0.0048990827588062,0.0058844086323472,-0.0013968260587724,0.0,0.0,,
baseline_zero,y_XLC,14,34,0.0061078819014327,0.0073387354952879,-0.0009570498528268,0.0,0.0,,
baseline_zero,y_XLC,15,34,0.0057240241148983,0.0072269178770634,-0.0112171281440449,0.0,0.0,,
baseline_zero,y_XLC,16,33,0.0063094637088353,0.0078761684588244,-0.0702243752154301,0.0,0.0,,
baseline_zero,y_XLC,17,33,0.0058151156072954,0.0075964590649325,-0.0015605415600541,0.0,0.0,,
baseline_zero,y_XLC,18,34,0.0062880184755902,0.0077124617623059,-0.0134857007025723,0.0,0.0,,
baseline_zero,y_XLC,19,35,0.0070506675550114,0.0083880046914716,-0.1093288070610216,0.0,0.0,,
baseline_zero,y_XLC,20,34,0.0064885952977354,0.0077354017799552,-0.0003204085143926,0.0,0.0,,
baseline_zero,y_XLC,21,29,0.0058936852950018,0.007181516856689,-0.0057111153580207,0.0,0.0,,
baseline_zero,y_XLC,22,27,0.0047084066046199,0.0058357380218162,-0.0705733648078805,0.0,0.0,,
baseline_zero,y_XLC,23,29,0.0063183877451453,0.0084663559219674,-0.0127352752579925,0.0,0.0,,
baseline_zero,y_XLC,24,33,0.0066086703513882,0.008659158854856,-0.0009750076247596,0.0,0.0,,
baseline_last,y_UUP,0,35,0.0042417366095386,0.0054131463747967,-0.9643844100756452,0.4,0.4,-0.1433485289533636,-0.0731664692060325
baseline_last,y_UUP,1,35,0.0037423573635518,0.0048152341825183,-1.0999269187830722,0.4,0.4,-0.121662069412138,-0.0495960206883013
baseline_last,y_UUP,2,37,0.0049685549971983,0.0072871444819059,-1.7805861531503129,0.3513513513513513,0.3513513513513513,-0.4389973953962487,-0.2520024738815042
baseline_last,y_UUP,3,34,0.0046093617417821,0.0071584916682287,-1.5074091931158358,0.3235294117647059,0.3235294117647059,-0.4318808379604938,-0.2488403935987041
baseline_last,y_UUP,4,32,0.0049478605496789,0.0075537316099611,-1.3180593411283352,0.375,0.375,-0.322534744945858,-0.1036690535346127
baseline_last,y_UUP,5,28,0.0035873401620889,0.0047265464440329,-0.3463095651167702,0.3928571428571428,0.3928571428571428,0.1576479833001881,0.2579753832299381
baseline_last,y_UUP,6,29,0.0038264761434436,0.004725830144431,-0.3467606905443738,0.3793103448275862,0.3793103448275862,0.2037810563057438,0.2279739355794887
baseline_last,y_UUP,7,30,0.0044230884890736,0.0051522071916473,-0.4501142254681636,0.3,0.3,0.1425936298537739,0.1749760707645905
baseline_last,y_UUP,8,34,0.0045589118854603,0.0055083068204067,-0.4157218823773398,0.3823529411764705,0.3823529411764705,0.2158857695324498,0.2293417060405967
baseline_last,y_UUP,9,35,0.0062652727265637,0.0086188383712629,-0.7881337944342253,0.3428571428571428,0.3428571428571428,0.0087519921775377,0.0460468512763834
baseline_last,y_UUP,10,35,0.0065713714959027,0.0089805386340338,-0.7695351639781771,0.3428571428571428,0.3428571428571428,0.0432737446333578,0.0604541483015095
baseline_last,y_UUP,11,35,0.007516766350623,0.0095903333321208,-0.9547805377336024,0.2285714285714285,0.2285714285714285,-0.0672176386958257,-0.1036760393768878
baseline_last,y_UUP,12,34,0.0064078182209813,0.00740104992892,-1.1761032863102183,0.2352941176470588,0.2352941176470588,-0.1636381070947928,-0.1287840456574163
baseline_last,y_UUP,13,35,0.0056363617427233,0.0065700310518814,-1.1843383016172877,0.2,0.2,-0.2218978936233384,-0.2549387500805717
baseline_last,y_UUP,14,34,0.0049129141188198,0.0058623214342107,-0.7630050315250179,0.3235294117647059,0.3235294117647059,-0.0600028565698626,-0.09632942319824
baseline_last,y_UUP,15,34,0.004628088615631,0.0057172065757254,-0.7555545800371608,0.2647058823529412,0.2647058823529412,-0.1410853830333027,-0.2014870903716634
baseline_last,y_UUP,16,33,0.0046182979052151,0.0056900597880925,-0.6936645701406612,0.303030303030303,0.303030303030303,-0.0736470363960803,-0.1100767187715393
baseline_last,y_UUP,17,33,0.0045868720409104,0.0056589108294651,-0.9463930006059886,0.2424242424242424,0.2424242424242424,-0.1927205153257213,-0.2467659712671468
baseline_last,y_UUP,18,34,0.0037452258076105,0.004787161365069,-0.7181023787357614,0.3235294117647059,0.3235294117647059,0.0434207557772135,0.0059982795568322
baseline_last,y_UUP,19,35,0.0034862582022631,0.0044478560042432,-0.6880276026518077,0.3428571428571428,0.3428571428571428,0.0873040586365609,0.0486060918375735
baseline_last,y_UUP,20,34,0.0030368292191337,0.003672731461758,-0.5749775706024418,0.3235294117647059,0.3235294117647059,0.1787405498009719,0.0775669283295728
baseline_last,y_UUP,21,29,0.0030327534146365,0.0035813632213623,-0.7859499505788703,0.3103448275862069,0.3103448275862069,0.049115396236304,-0.030503431829132
baseline_last,y_UUP,22,27,0.0028508585343188,0.0033811647536286,-0.2027883643601027,0.3333333333333333,0.3333333333333333,0.2586932447219637,0.1287537530907095
baseline_last,y_UUP,23,29,0.0037852343301974,0.0054193632661261,-0.8291665793215621,0.2758620689655172,0.2758620689655172,-0.1635420658914155,-0.2658126394837622
baseline_last,y_UUP,24,33,0.0040457378431635,0.0054687723127284,-0.908617702358506,0.2121212121212121,0.2121212121212121,-0.1756686244933811,-0.3028767639448749
baseline_last,y_TLT,0,35,0.0075600794825843,0.0093052644675146,-0.4826302223648833,0.4571428571428571,0.4571428571428571,0.1639515290982882,0.1864473732663378
baseline_last,y_TLT,1,35,0.0065042881193015,0.008178055842455,-0.505771833092072,0.4285714285714285,0.4285714285714285,0.1761021877434784,0.2096120469145798
baseline_last,y_TLT,2,37,0.0084786797389761,0.0120877459977687,-0.9904996792966768,0.3783783783783784,0.3783783783783784,-0.1012371169896581,-0.0236395750003659
baseline_last,y_TLT,3,34,0.0089672252787804,0.0126669931651171,-1.1792722069572066,0.2941176470588235,0.2941176470588235,-0.2008202167078253,-0.1768772699682307
baseline_last,y_TLT,4,32,0.0087108292330135,0.0125939341204784,-0.9129195310649982,0.34375,0.34375,-0.0843302288853131,-0.0671894583949644
baseline_last,y_TLT,5,28,0.0073166084441899,0.009359273515369,-0.5637059448773334,0.3214285714285714,0.3214285714285714,0.136721951621703,0.0581544300130203
baseline_last,y_TLT,6,29,0.0073593305709623,0.0093445915057222,-0.467859010526727,0.3448275862068966,0.3448275862068966,0.2038179121863524,0.1311901204403343
baseline_last,y_TLT,7,30,0.0091377761461941,0.0114005863646578,-0.8379531205233657,0.3666666666666666,0.3666666666666666,-0.0209685745368973,0.0147334536242879
baseline_last,y_TLT,8,34,0.0082523923430956,0.01051792083179,-0.7049304796724749,0.4411764705882353,0.4411764705882353,0.0392246951883986,0.1158106623767578
baseline_last,y_TLT,9,35,0.0105582636727553,0.0137987244908199,-0.9868465166723444,0.4,0.4,-0.1161157359462879,-0.0697765169648264
baseline_last,y_TLT,10,35,0.0088230477224684,0.0121346789418963,-0.8380038317658094,0.4285714285714285,0.4285714285714285,-0.0435083759382723,0.0655390766633187
baseline_last,y_TLT,11,35,0.0096393485946252,0.0128488558723393,-0.924401362153644,0.4,0.4,-0.0721380598818215,0.025424641809046
baseline_last,y_TLT,12,34,0.0083207044513643,0.0103232789969309,-0.6754364545558482,0.4411764705882353,0.4411764705882353,0.041367444323033,0.0149582346878102
baseline_last,y_TLT,13,35,0.0085739424064336,0.0103654724929485,-0.9296979176614022,0.3142857142857143,0.3142857142857143,-0.1029670948327843,-0.1686264703402245
baseline_last,y_TLT,14,34,0.0088215560664008,0.0105169778925233,-0.9124540254056476,0.2647058823529412,0.2647058823529412,-0.2316990129895496,-0.2999083848223188
baseline_last,y_TLT,15,34,0.0078306399636403,0.0094519724506706,-0.8764800223614695,0.2352941176470588,0.2352941176470588,-0.2473075371748618,-0.2932540708143933
baseline_last,y_TLT,16,33,0.0076270441850549,0.0091994710682557,-0.6824972369027169,0.3333333333333333,0.3333333333333333,-0.0408252766075205,-0.0337627040882119
baseline_last,y_TLT,17,33,0.006262521174021,0.0077173194080458,-0.4978614589915342,0.303030303030303,0.303030303030303,0.0359401289958294,-0.0665125270537775
baseline_last,y_TLT,18,34,0.0059403019224721,0.0069916606874137,-0.3834271274769303,0.2941176470588235,0.2941176470588235,0.1741851410717574,0.0602955645663279
baseline_last,y_TLT,19,35,0.0059176772926717,0.0075074537446763,-0.979980299389894,0.2571428571428571,0.2571428571428571,-0.1499960140546507,-0.2344716966834248
baseline_last,y_TLT,20,34,0.0053663268983202,0.0069045832714879,-0.9253795484777894,0.3529411764705882,0.3529411764705882,-0.0708877885105942,-0.1084086493353672
baseline_last,y_TLT,21,29,0.0051320027290096,0.0067177854430643,-0.7971895837884839,0.3448275862068966,0.3448275862068966,-0.1189921724391046,-0.0895100704494201
baseline_last,y_TLT,22,27,0.0047975838662397,0.0056668945999719,-0.5214115855742469,0.3333333333333333,0.3333333333333333,-0.0961217666083869,-0.0814818437433958
baseline_last,y_TLT,23,29,0.0069032912375231,0.0081156758492445,-1.117124696766802,0.2413793103448276,0.2413793103448276,-0.2442296656805222,-0.27853133653814
baseline_last,y_TLT,24,33,0.0056297882042264,0.0072625861058181,-0.9984747631107508,0.3636363636363636,0.3636363636363636,-0.1265840874074908,-0.1087159071640424
baseline_last,y_GLD,0,35,0.0094355122724727,0.0112698801510347,-0.7355326032564566,0.3142857142857143,0.3142857142857143,-0.0557155418804413,-0.1285356891457329
baseline_last,y_GLD,1,35,0.0085445375007505,0.010644621183978,-0.9077331008289152,0.3428571428571428,0.3428571428571428,-0.1002466938455573,-0.1562202991155831
baseline_last,y_GLD,2,37,0.010263750900503,0.0141768725964002,-1.09552473930601,0.4324324324324324,0.4324324324324324,-0.0955044126018669,-0.0179087689396711
baseline_last,y_GLD,3,34,0.0091046005400169,0.0135377190484063,-1.086051809728505,0.4705882352941176,0.4705882352941176,-0.1234774061911569,0.0590618957260962
baseline_last,y_GLD,4,32,0.0098595905371696,0.0142372593010144,-0.9097620096914092,0.4375,0.4375,-0.036994162091941,0.1274924626054034
baseline_last,y_GLD,5,28,0.0065917205720889,0.0088602310397579,-0.1859686137082015,0.4285714285714285,0.4285714285714285,0.2956288134972521,0.3658647635770602
baseline_last,y_GLD,6,29,0.0083094791636255,0.0101735936300169,-0.5488292920664177,0.3103448275862069,0.3103448275862069,0.111405325229861,0.0430546727313838
baseline_last,y_GLD,7,30,0.0079106160799465,0.0098235775997625,-0.8005021974401578,0.2666666666666666,0.2666666666666666,-0.0639550948824816,-0.1387211325856037
baseline_last,y_GLD,8,34,0.0090097600566325,0.010465416254506,-0.8328870057900246,0.3235294117647059,0.3235294117647059,-0.0258916862917312,-0.104090808394556
baseline_last,y_GLD,9,35,0.0092320631313437,0.0113466346036461,0.0134104810131632,0.4,0.4,0.4242575104805229,0.2771285957186022
baseline_last,y_GLD,10,35,0.0123067826453653,0.0154686111441402,-0.2756004917930865,0.4285714285714285,0.4285714285714285,0.2962975101585521,0.3141355743517692
baseline_last,y_GLD,11,35,0.0170160998886573,0.0207798351756755,-0.6548638662458033,0.3142857142857143,0.3142857142857143,0.0849372637500257,0.0853137980703546
baseline_last,y_GLD,12,34,0.0164539316152562,0.0203272572118235,-1.0561054076763163,0.2941176470588235,0.2941176470588235,-0.1287895725431321,-0.1139601591164101
baseline_last,y_GLD,13,35,0.0131124406632726,0.016836695746481,-1.1451020187508003,0.2571428571428571,0.2571428571428571,-0.2420200817320218,-0.2185058968610304
baseline_last,y_GLD,14,34,0.0081192700954417,0.0100423503538771,-0.4891809287057485,0.2647058823529412,0.2647058823529412,0.0401586190866001,-0.0114516101531741
baseline_last,y_GLD,15,34,0.0085030369935279,0.0102622565202424,-0.7454983646015412,0.2352941176470588,0.2352941176470588,-0.0877234182920832,-0.1559895004648593
baseline_last,y_GLD,16,33,0.0080376526447183,0.0099168227833625,-0.8133259576565974,0.1818181818181818,0.1818181818181818,-0.1397508504784979,-0.263349091888053
baseline_last,y_GLD,17,33,0.0095150861476245,0.0119056750120662,-1.59252978134086,0.2121212121212121,0.2121212121212121,-0.458019881935204,-0.3954996140469932
baseline_last,y_GLD,18,34,0.0142768529415573,0.0211881328252167,-1.078830520250702,0.2352941176470588,0.2352941176470588,-0.1008327706158073,-0.2628072650845301
baseline_last,y_GLD,19,35,0.0153603372501676,0.0218341349083331,-1.054749316709461,0.3142857142857143,0.3142857142857143,-0.090781257826025,-0.1952696906865997
baseline_last,y_GLD,20,34,0.0129367325944814,0.0203715265299529,-0.9079480139528112,0.3529411764705882,0.3529411764705882,-0.0120343893561278,-0.0266780886700121
baseline_last,y_GLD,21,29,0.0072167118290671,0.009841764409367,-0.7289446860111655,0.3103448275862069,0.3103448275862069,-0.0383856043580648,-0.045005063354457
baseline_last,y_GLD,22,27,0.0065979949441088,0.0086791970050425,-0.6138153856259563,0.2962962962962963,0.2962962962962963,0.0724267625051788,-0.0491379057689181
baseline_last,y_GLD,23,29,0.0229001110008967,0.0339240298164841,-0.5594373083793867,0.2413793103448276,0.2413793103448276,-0.1169041358066548,-0.2560288048609114
baseline_last,y_GLD,24,33,0.0265097074719838,0.0351064749490982,-0.627586660102899,0.303030303030303,0.303030303030303,-0.1103157961629239,-0.1944731755481007
baseline_last,y_BTC-USD,0,60,0.0327539379112818,0.0434197973048986,-1.160085193860866,0.45,0.45,-0.0823517669682912,-0.0838010558488469
baseline_last,y_BTC-USD,1,60,0.0236120988802726,0.028679993755828,-1.0622233867643378,0.5,0.5,0.0427271842498821,-0.009724923589886
baseline_last,y_BTC-USD,2,60,0.0273465584267176,0.0356294787620977,-0.92103595205137,0.55,0.55,0.0380381935721614,-0.0201722700750208
baseline_last,y_BTC-USD,3,60,0.0287084103680783,0.0363555392229362,-1.0587503766705724,0.5,0.5,-0.0273655288932601,-0.1199777716032231
baseline_last,y_BTC-USD,4,60,0.0318146794849503,0.0389672023402066,-0.9442816709657804,0.4833333333333333,0.4833333333333333,0.0250543355904653,-0.0596832453459294
baseline_last,y_BTC-USD,5,60,0.0276998341188015,0.0333800086928596,-1.144859421730175,0.45,0.45,-0.0717007072319473,-0.1400388996943595
baseline_last,y_BTC-USD,6,60,0.0266785186493384,0.0336925035902663,-1.177356442745856,0.5,0.5,-0.08539992602945,-0.0777993887190886
baseline_last,y_BTC-USD,7,60,0.023650429397903,0.0311298385036399,-1.082142215280539,0.5166666666666667,0.5166666666666667,-0.0482152703142196,-0.0467907752153376
baseline_last,y_BTC-USD,8,60,0.0300796468615408,0.0378113576726013,-0.979657571124473,0.5166666666666667,0.5166666666666667,0.0114318707271832,-0.04206724090025
baseline_last,y_BTC-USD,9,60,0.0360050196308333,0.0453457268140943,-1.195305236811102,0.4333333333333333,0.4333333333333333,-0.1205978596283545,-0.1411503195332037
baseline_last,y_BTC-USD,10,60,0.0357444422273767,0.0454829400331523,-1.3024312754283902,0.45,0.45,-0.1504113982117224,-0.1648791330925257
baseline_last,y_BTC-USD,11,60,0.028198655468976,0.0386740294329224,-1.5284254430807849,0.4166666666666667,0.4166666666666667,-0.2641754431078499,-0.2306751875520978
baseline_last,y_BTC-USD,12,60,0.0205129835646705,0.026694041697292,-1.0666746824481796,0.5,0.5,0.0116015198898759,0.03073075854404
baseline_last,y_BTC-USD,13,60,0.0185666848996461,0.0239020487743144,-0.8986975019330312,0.5333333333333333,0.5333333333333333,0.0545075113491795,0.0984717977215893
baseline_last,y_BTC-USD,14,60,0.0154925572723691,0.0189051767716544,-0.6562355740369883,0.5666666666666667,0.5666666666666667,0.1548790138664839,0.1469297026951931
baseline_last,y_BTC-USD,15,60,0.0186678101020822,0.0232334135886157,-1.1798782162195611,0.4666666666666667,0.4666666666666667,-0.0904896834588349,-0.0904140038899694
baseline_last,y_BTC-USD,16,60,0.0171380879995488,0.0221414809113259,-1.3131352788416546,0.4333333333333333,0.4333333333333333,-0.1579214329271757,-0.12670186162823
baseline_last,y_BTC-USD,17,60,0.0217901280319724,0.0279716408284577,-1.1384066405478488,0.4,0.4,-0.0520115937814445,-0.1003056404556821
baseline_last,y_BTC-USD,18,60,0.017633628670537,0.0231262848594282,-0.6350887695655498,0.5333333333333333,0.5333333333333333,0.182346087047539,0.1592664629063629
baseline_last,y_BTC-USD,19,60,0.0245325195840152,0.0302108560026259,-0.7657956296786619,0.5333333333333333,0.5333333333333333,0.1171566926754687,0.0685746040566824
baseline_last,y_BTC-USD,20,60,0.0244294136190812,0.0306025813967033,-0.906954052543476,0.5333333333333333,0.5333333333333333,0.0466022522392121,0.0768546818560711
baseline_last,y_BTC-USD,21,60,0.0247981015972808,0.0311251871454461,-1.061868356954121,0.4333333333333333,0.4333333333333333,-0.0322132271476289,-0.063073075854404
baseline_last,y_BTC-USD,22,60,0.0208708578599644,0.0273040378060822,-1.0849719186794688,0.5166666666666667,0.5166666666666667,-0.0493226284945519,-0.0201166990830786
baseline_last,y_BTC-USD,23,60,0.0288441383041083,0.0492497147068705,-1.424344798560529,0.55,0.55,-0.2131769567501098,0.0480689080300083
baseline_last,y_BTC-USD,24,60,0.0361213196258461,0.0544121354889302,-1.3804792920094329,0.5666666666666667,0.5666666666666667,-0.2022978531821649,-0.0062795220894692
baseline_last,y_XLK,0,35,0.0186886341590952,0.0228509386140365,-1.1352562202294187,0.4285714285714285,0.4285714285714285,-0.1552499162592219,-0.1988771981507604
baseline_last,y_XLK,1,35,0.0130872011772651,0.0169534897401459,-0.7175265570391147,0.4571428571428571,0.4571428571428571,0.0477910419276834,0.1172358483417124
baseline_last,y_XLK,2,37,0.0135464662155792,0.0176090952036634,-0.6914487459427976,0.4324324324324324,0.4324324324324324,0.0915067910353765,0.1098404494966499
baseline_last,y_XLK,3,34,0.0122751293219609,0.0152905990459335,-0.4659273804589019,0.3529411764705882,0.3529411764705882,0.1970877540648731,0.1065581460750195
baseline_last,y_XLK,4,32,0.0147353621413432,0.0173418426755927,-0.5324697597203152,0.28125,0.28125,0.1387212416911254,0.0757509960297798
baseline_last,y_XLK,5,28,0.0150926340570092,0.0170432112600649,-0.9220767357984055,0.2142857142857142,0.2142857142857142,-0.1311160359086147,-0.1405869230411851
baseline_last,y_XLK,6,29,0.0166432852109658,0.0187355799340768,-0.9079073195822164,0.2413793103448276,0.2413793103448276,-0.084524549668212,-0.111942149101598
baseline_last,y_XLK,7,30,0.016618355997486,0.0206395491087939,-1.101391984146149,0.2333333333333333,0.2333333333333333,-0.2294072575184461,-0.2187351191913523
baseline_last,y_XLK,8,34,0.0189472855540649,0.0238646041029808,-1.4761382861572034,0.1470588235294117,0.1470588235294117,-0.4524851861681928,-0.5016405921592454
baseline_last,y_XLK,9,35,0.029636912035288,0.049010750337481,-1.277947186953301,0.1714285714285714,0.1714285714285714,-0.2637131999761343,-0.5022779237387102
baseline_last,y_XLK,10,35,0.0284293859092124,0.0482077401724165,-1.071353348810983,0.3142857142857143,0.3142857142857143,-0.13762452456693,-0.0813588537889474
baseline_last,y_XLK,11,35,0.0240999296455396,0.0459786236023979,-0.97970704232016,0.4571428571428571,0.4571428571428571,-0.0782718579675445,0.1720400762412117
baseline_last,y_XLK,12,34,0.0113632645170943,0.0144186770538611,-0.1319646847370736,0.3823529411764705,0.3823529411764705,0.3919798441067653,0.2382522947697614
baseline_last,y_XLK,13,35,0.0092324454656974,0.011004401700403,-0.7627589524053326,0.3142857142857143,0.3142857142857143,-0.0202474329084268,-0.0836047205888508
baseline_last,y_XLK,14,34,0.008811108949432,0.0103974451857103,-0.6624409878259954,0.3529411764705882,0.3529411764705882,-0.1089323701147768,-0.2274846881779198
baseline_last,y_XLK,15,34,0.0083843715390598,0.0103197034611356,-0.3859084496603573,0.4705882352941176,0.4705882352941176,0.0860551972819588,0.0191891845809945
baseline_last,y_XLK,16,33,0.0085279115982961,0.0108159672189677,-0.3310652899858859,0.5151515151515151,0.5151515151515151,0.1589120857192068,0.1715145367681166
baseline_last,y_XLK,17,33,0.0091211491995005,0.0125492062755322,-0.2663791603967786,0.4848484848484848,0.4848484848484848,0.1353135510625265,0.2043134176395956
baseline_last,y_XLK,18,34,0.0098503524074679,0.0131551651422607,-0.4277155874745095,0.4411764705882353,0.4411764705882353,0.0520114095316431,0.051823316754527
baseline_last,y_XLK,19,35,0.0154815917407123,0.0190491030328172,-1.0580441182732692,0.2857142857142857,0.2857142857142857,-0.2148869877853344,-0.2071042173948784
baseline_last,y_XLK,20,34,0.0144109084525169,0.0179086451466501,-1.0543507618722443,0.3235294117647059,0.3235294117647059,-0.184542077750365,-0.1426429596517989
baseline_last,y_XLK,21,29,0.0153292322681706,0.0194348087938679,-1.017038437361233,0.3103448275862069,0.3103448275862069,-0.2021768514355223,-0.1620182280760455
baseline_last,y_XLK,22,27,0.0101950360693376,0.0136611738407518,-0.4998060949752319,0.4444444444444444,0.4444444444444444,-0.0119952113818118,0.0429179176969031
baseline_last,y_XLK,23,29,0.0143982634244263,0.0192254665134465,-0.5406276807393653,0.3448275862068966,0.3448275862068966,0.0190428278099057,-0.0075008438924095
baseline_last,y_XLK,24,33,0.0154215107437296,0.0193211804415161,-0.6013394552546654,0.3333333333333333,0.3333333333333333,0.0079799542159358,0.0006752540817642
baseline_last,y_XLF,0,35,0.0071214468089702,0.0087623373451614,-0.2708353191429931,0.4571428571428571,0.4571428571428571,0.2732095263214052,0.2646987708341796
baseline_last,y_XLF,1,35,0.0069788566634965,0.008818012871366,-0.3149632396124771,0.3714285714285714,0.3714285714285714,0.1295609412613844,0.0937886786733699
baseline_last,y_XLF,2,37,0.0114055484871943,0.0183512669797794,-1.2322534222155714,0.2432432432432432,0.2432432432432432,-0.1870536865805253,-0.2784216611154212
baseline_last,y_XLF,3,34,0.0108174144097657,0.018509945440449,-1.1696966911989397,0.2941176470588235,0.2941176470588235,-0.1407995949525985,-0.1330820261400027
baseline_last,y_XLF,4,32,0.0121592045567775,0.0198981447410979,-1.047614726648988,0.25,0.25,-0.0698951304334964,-0.0844986540479608
baseline_last,y_XLF,5,28,0.0078458942297975,0.0108432829232143,-0.2140802114754061,0.3571428571428571,0.3571428571428571,0.3428155730501977,0.3342468210457093
baseline_last,y_XLF,6,29,0.0085149151679776,0.0113153526473815,-0.3886831750966839,0.3103448275862069,0.3103448275862069,0.2368257173634062,0.1099160468554152
baseline_last,y_XLF,7,30,0.0069271636924654,0.008849214904983,-0.1231978735419903,0.3333333333333333,0.3333333333333333,0.3384658003823038,0.0428403497690835
baseline_last,y_XLF,8,34,0.0099103225724027,0.0137422104571889,-0.7489840915550188,0.2647058823529412,0.2647058823529412,-0.0542527630917806,-0.2715613534560194
baseline_last,y_XLF,9,35,0.0175596070169987,0.0287268910187301,-0.6064172028146995,0.2571428571428571,0.2571428571428571,0.0077292940816338,-0.2929483728442308
baseline_last,y_XLF,10,35,0.0199772639230679,0.0298862073199046,-0.6016770232003461,0.2285714285714285,0.2285714285714285,0.0261142743793408,-0.2305167524020177
baseline_last,y_XLF,11,35,0.017093498317614,0.0279965121020271,-0.5327427724294937,0.3142857142857143,0.3142857142857143,0.0659672389564767,-0.0632791085025146
baseline_last,y_XLF,12,34,0.0093270499307341,0.0121668571406624,-0.4391924730286967,0.2941176470588235,0.2941176470588235,0.1577650922693588,0.027393106228697
baseline_last,y_XLF,13,35,0.0081626352754371,0.0102030314981335,-0.5998973295979839,0.3142857142857143,0.3142857142857143,0.0169197739192656,0.035141898095985
baseline_last,y_XLF,14,34,0.008679794411225,0.0106294377664559,-0.55738393684853,0.2941176470588235,0.2941176470588235,-0.0655327225642755,-0.069474020548165
baseline_last,y_XLF,15,34,0.0084472393917351,0.0104615714425963,-0.6451001424447269,0.3823529411764705,0.3823529411764705,-0.0862160916128009,-0.0943984080194089
baseline_last,y_XLF,16,33,0.0087536718201125,0.011196447113365,-0.8235905517469624,0.3333333333333333,0.3333333333333333,-0.2932665764609753,-0.3241219592468345
baseline_last,y_XLF,17,33,0.0076310410102783,0.010375556370565,-0.6654859657935437,0.3939393939393939,0.3939393939393939,-0.2187189108885317,-0.1571900593701666
baseline_last,y_XLF,18,34,0.0097083412772673,0.0130143422512971,-0.9075068826351864,0.3529411764705882,0.3529411764705882,-0.1728593730332191,-0.087127861841369
baseline_last,y_XLF,19,35,0.0087032613192834,0.0118522758078028,-0.7578482404175642,0.3714285714285714,0.3714285714285714,-0.094699872028032,-0.0062149124422112
baseline_last,y_XLF,20,34,0.0096829631574727,0.0125639005863039,-0.822353697782233,0.3529411764705882,0.3529411764705882,0.0207098093519143,-0.0380688661848763
baseline_last,y_XLF,21,29,0.0075376256323477,0.0093846050811451,-0.6090106583900099,0.3793103448275862,0.3793103448275862,0.0947977751653013,-0.0395044445000234
baseline_last,y_XLF,22,27,0.0090802773072582,0.0110046427795718,-0.7237737849899601,0.3703703703703703,0.3703703703703703,0.0417314697146732,-0.0609558831057465
baseline_last,y_XLF,23,29,0.0107700505425948,0.0128846325730594,-1.0602791615249805,0.3103448275862069,0.3103448275862069,-0.2048777784308291,-0.3120351059242358
baseline_last,y_XLF,24,33,0.0121072623262265,0.0141997441191757,-0.8810027445498818,0.2727272727272727,0.2727272727272727,-0.1082973552733935,-0.2214833388186703
baseline_last,y_XLE,0,35,0.0122676329617884,0.0148586977827964,-0.4308108831659987,0.5428571428571428,0.5428571428571428,0.2280168209334414,0.2841909962211149
baseline_last,y_XLE,1,35,0.0121257762050835,0.0161310197409689,-0.6035125838882212,0.5142857142857142,0.5142857142857142,0.1394091622374273,0.2339067046432238
baseline_last,y_XLE,2,37,0.0130639469148116,0.0176039912363689,-0.8158512857642466,0.4324324324324324,0.4324324324324324,0.0551754954345293,0.1088853151532007
baseline_last,y_XLE,3,34,0.0125312095060476,0.0174018208354775,-1.0780393224995444,0.3529411764705882,0.3529411764705882,-0.0834188835233374,-0.0553608892054008
baseline_last,y_XLE,4,32,0.0118631489937113,0.0154479719489861,-0.7678028756457875,0.3125,0.3125,0.0547776837546075,-0.0040946484340421
baseline_last,y_XLE,5,28,0.0098535943073282,0.0125401188969996,-0.3686701600556843,0.3928571428571428,0.3928571428571428,0.2218477211242958,0.2122918998533559
baseline_last,y_XLE,6,29,0.0124473372186928,0.0145983774095766,-0.4589075372788014,0.3448275862068966,0.3448275862068966,0.1289901553354241,0.0597700162623916
baseline_last,y_XLE,7,30,0.0138029103183281,0.0164757974976565,-0.7203340146848574,0.3666666666666666,0.3666666666666666,-0.077578998148242,-0.0754806162598138
baseline_last,y_XLE,8,34,0.0148244187175847,0.0174132587662995,-0.7585032831960385,0.3235294117647059,0.3235294117647059,-0.1606151799554385,-0.1562133168943485
baseline_last,y_XLE,9,35,0.0228521322513647,0.0387083825432524,-0.7773205429834646,0.3428571428571428,0.3428571428571428,-0.0890523782101891,-0.1997246862110619
baseline_last,y_XLE,10,35,0.0235317619172386,0.0388551149673755,-0.73174627309629,0.3142857142857143,0.3142857142857143,-0.0589529611128702,-0.1259932249648283
baseline_last,y_XLE,11,35,0.0221690161636822,0.0383185640863675,-0.7457911579788767,0.3428571428571428,0.3428571428571428,-0.0484470080912707,-0.083336325929651
baseline_last,y_XLE,12,34,0.0137047961134751,0.0159635823551305,-0.7041565641237688,0.3529411764705882,0.3529411764705882,0.0468686153141703,0.0254444198297803
baseline_last,y_XLE,13,35,0.0123628691447589,0.014622419471683,-0.7482556343493274,0.3714285714285714,0.3714285714285714,0.0418634940636276,0.0372678669743521
baseline_last,y_XLE,14,34,0.0127074550831581,0.0148519754103212,-0.7006900112713486,0.3529411764705882,0.3529411764705882,0.005615060725808,-0.0363665998107558
baseline_last,y_XLE,15,34,0.0098381164668716,0.0124301007288228,-0.4214964923230373,0.3823529411764705,0.3823529411764705,0.1150611885479413,0.1431451269146774
baseline_last,y_XLE,16,33,0.0104601920216001,0.0128078668498006,-0.4449534052164889,0.3939393939393939,0.3939393939393939,0.0657945491257346,0.0985870959375788
baseline_last,y_XLE,17,33,0.0098973793026719,0.0123122736191102,-0.1333221840809626,0.4242424242424242,0.4242424242424242,0.2905560362849093,0.3293827014807418
baseline_last,y_XLE,18,34,0.0110530812998659,0.0133017349182084,-0.4671604144339176,0.3529411764705882,0.3529411764705882,0.136434230013424,0.1318483572997709
baseline_last,y_XLE,19,35,0.0106014696092413,0.0126784933287751,-0.3934715658438388,0.3428571428571428,0.3428571428571428,0.1592156018872617,0.191532301628147
baseline_last,y_XLE,20,34,0.011827164815242,0.0140074374888236,-1.041575193797077,0.2941176470588235,0.2941176470588235,-0.1746380013382748,-0.1238295098382643
baseline_last,y_XLE,21,29,0.0148862880342992,0.0186319351384415,-1.4368057055479428,0.2413793103448276,0.2413793103448276,-0.3389452828292658,-0.2385268357786225
baseline_last,y_XLE,22,27,0.017088720279022,0.0215432432704193,-1.3594290544294494,0.2592592592592592,0.2592592592592592,-0.2092658846336478,-0.178513657666829
baseline_last,y_XLE,23,29,0.0193980582491208,0.0244078831783432,-1.3447656899668807,0.2758620689655172,0.2758620689655172,-0.1980890352757967,-0.1910214911266956
baseline_last,y_XLE,24,33,0.0151305988797026,0.0197683022494789,-1.1075416711956525,0.3939393939393939,0.3939393939393939,-0.0768110935177738,-0.0614481214405457
baseline_last,y_XLV,0,35,0.0069826896167488,0.00921522039631,-0.9348911851300834,0.4857142857142857,0.4857142857142857,-0.0045053506650027,0.1228857687437226
baseline_last,y_XLV,1,35,0.0064354347026571,0.0076582485757662,-0.8300071485162899,0.4,0.4,-0.0101520620323661,0.0336170263919609
baseline_last,y_XLV,2,37,0.0070250272113257,0.0082801320869281,-0.4246104794251617,0.4594594594594595,0.4594594594594595,0.1659534604482734,0.1258389497494228
baseline_last,y_XLV,3,34,0.0068526175948525,0.0083897309260512,-0.2009659829807617,0.5294117647058824,0.5294117647058824,0.2971958179119903,0.2678603469353241
baseline_last,y_XLV,4,32,0.0068500498426894,0.0084634974356312,-0.092149914791173,0.59375,0.59375,0.348978762683603,0.3852691935666935
baseline_last,y_XLV,5,28,0.0066789698546967,0.0083729367916487,-0.3212935996060673,0.4642857142857143,0.4642857142857143,0.2245690052218348,0.31674403143014
baseline_last,y_XLV,6,29,0.008143362702548,0.0099666454836462,-0.7542949714966107,0.3448275862068966,0.3448275862068966,-0.0094106134250912,0.0319111103773786
baseline_last,y_XLV,7,30,0.0085835142995416,0.0103382484716113,-1.0384727060122705,0.2666666666666666,0.2666666666666666,-0.2112676031759464,-0.2692821985485249
baseline_last,y_XLV,8,34,0.0083037355135454,0.0102970893623167,-1.0407089670049037,0.2941176470588235,0.2941176470588235,-0.1443490340966314,-0.1528207275837111
baseline_last,y_XLV,9,35,0.0140243100392534,0.0212381250067717,-1.0759542111457794,0.2571428571428571,0.2571428571428571,-0.3509660167801952,-0.332780311678403
baseline_last,y_XLV,10,35,0.0154605548661334,0.0228950138520155,-1.0974225952052552,0.3428571428571428,0.3428571428571428,-0.3151918241146785,-0.1920972936683481
baseline_last,y_XLV,11,35,0.0192784737179807,0.02560870211349,-1.001880650473888,0.3714285714285714,0.3714285714285714,-0.2053614601815807,-0.1663901558392015
baseline_last,y_XLV,12,34,0.012923260145672,0.0172194600323354,-0.7489492582750477,0.4411764705882353,0.4411764705882353,0.046251889100614,0.0606039817763859
baseline_last,y_XLV,13,35,0.0124842224776714,0.0163566142612857,-0.6762595142135195,0.3714285714285714,0.3714285714285714,0.100290913761911,0.0036842758225595
baseline_last,y_XLV,14,34,0.0105932218407645,0.0137717773946322,-0.795083666398035,0.3823529411764705,0.3823529411764705,0.0233464239770415,0.004952047633805
baseline_last,y_XLV,15,34,0.0106541670887945,0.0137401722423062,-0.7055000386104366,0.3823529411764705,0.3823529411764705,0.0737946508570616,0.0766019868354219
baseline_last,y_XLV,16,33,0.0093678855729391,0.0126404547140369,-0.8941113441304172,0.3636363636363636,0.3636363636363636,-0.0585545873121194,-0.0721920921647319
baseline_last,y_XLV,17,33,0.0095635557559228,0.0130184952750834,-0.7650955465333711,0.3333333333333333,0.3333333333333333,0.0162660454438897,-0.1951484296298649
baseline_last,y_XLV,18,34,0.008374495063091,0.0123438366793625,-0.7199852156051592,0.3235294117647059,0.3235294117647059,0.0485300968751511,-0.2157378384355316
baseline_last,y_XLV,19,35,0.0085019228102349,0.0119946912493929,-0.4247900957995394,0.4,0.4,0.1995165318846471,0.0335311590067898
baseline_last,y_XLV,20,34,0.0082853894729946,0.0111891312638459,-0.7831040734759898,0.3823529411764705,0.3823529411764705,0.014696459993851,-0.0146498174777523
baseline_last,y_XLV,21,29,0.0094219037827351,0.012173856737961,-0.7538730449888156,0.4137931034482758,0.4137931034482758,0.0208755685359344,0.0635071449557338
baseline_last,y_XLV,22,27,0.0095531469464199,0.0118620554595729,-0.7970881180148772,0.3333333333333333,0.3333333333333333,0.0412769260631075,-0.0130619749512313
baseline_last,y_XLV,23,29,0.0099989765077967,0.0120253214009169,-0.8211375217371037,0.2758620689655172,0.2758620689655172,-0.0825021029760499,-0.2020227288355629
baseline_last,y_XLV,24,33,0.0103777304634624,0.012569109695889,-0.7684518396296092,0.2727272727272727,0.2727272727272727,-0.0738953009014213,-0.2491687561710041
baseline_last,y_XLI,0,35,0.0083928284744638,0.010927797816505,-1.170265245333472,0.2857142857142857,0.2857142857142857,-0.2090738239118754,-0.2762811076583006
baseline_last,y_XLI,1,35,0.007367969064797,0.00957392996151,-0.7315285830172513,0.3142857142857143,0.3142857142857143,-0.0633166868315285,-0.0805113657286459
baseline_last,y_XLI,2,37,0.0107398350136883,0.0137393110639411,-0.8118430069201741,0.2972972972972973,0.2972972972972973,0.0256747130197081,-0.1365842111132255
baseline_last,y_XLI,3,34,0.0104434223049166,0.0135189830032366,-0.6213642929677268,0.3235294117647059,0.3235294117647059,0.115764496088638,-0.0812679348502681
baseline_last,y_XLI,4,32,0.0104367326881382,0.0139499855583154,-0.4595449031473255,0.375,0.375,0.2120913682916031,0.023265047920694
baseline_last,y_XLI,5,28,0.0073528456796417,0.009566441133525,-0.1313812583913478,0.3928571428571428,0.3928571428571428,0.3568425139934333,0.3630417329939038
baseline_last,y_XLI,6,29,0.0077566613186357,0.0100328601513467,-0.4055690966554481,0.3793103448275862,0.3793103448275862,0.2038857719916363,0.1195400325247833
baseline_last,y_XLI,7,30,0.0067716024612436,0.0085051953315213,-0.3228896966459074,0.2666666666666666,0.2666666666666666,0.0868474543079599,-0.1344144307569657
baseline_last,y_XLI,8,34,0.0109557675807426,0.0139830026034033,-1.254042957192461,0.2352941176470588,0.2352941176470588,-0.4422795290660266,-0.4282372961654548
baseline_last,y_XLI,9,35,0.018856245858513,0.0314369180192598,-0.8418109600060382,0.2571428571428571,0.2571428571428571,-0.0828679468776482,-0.3610299136884542
baseline_last,y_XLI,10,35,0.0198112752537053,0.0317997515209002,-0.7769995152698483,0.3714285714285714,0.3714285714285714,-0.0324991185420426,-0.1251457369045267
baseline_last,y_XLI,11,35,0.016937526545127,0.0302194371343132,-0.6809261807498712,0.4571428571428571,0.4571428571428571,0.0257106120745232,0.15452532299498
baseline_last,y_XLI,12,34,0.0081162825154622,0.0098877563122395,-0.2614574914188763,0.4411764705882353,0.4411764705882353,0.3120184872711859,0.3354037159380137
baseline_last,y_XLI,13,35,0.0077203939189349,0.0091931782847654,-0.6710468021627154,0.3428571428571428,0.3428571428571428,0.0742024241455516,0.0559726519196543
baseline_last,y_XLI,14,34,0.0067665874835593,0.0081442456492186,-0.5124644981425504,0.2352941176470588,0.2352941176470588,0.0693922474119333,-0.0165584092755356
baseline_last,y_XLI,15,34,0.0076190650322527,0.009195926126672,-0.5631377890638454,0.2058823529411764,0.2058823529411764,-0.0045050791484414,-0.0996599586303267
baseline_last,y_XLI,16,33,0.0078552098226189,0.0096070289770917,-0.739210858984805,0.2121212121212121,0.2121212121212121,-0.1226405034866088,-0.2444419775986543
baseline_last,y_XLI,17,33,0.008542297640386,0.0105027627123762,-0.6655843283152814,0.2424242424242424,0.2424242424242424,-0.0818365985191158,-0.2445365698767154
baseline_last,y_XLI,18,34,0.0097243144211059,0.0117171267240614,-1.0655926435368648,0.2352941176470588,0.2352941176470588,-0.2038684860861018,-0.313400354735092
baseline_last,y_XLI,19,35,0.0105304227520395,0.0127152200307856,-1.2279701018674491,0.1714285714285714,0.1714285714285714,-0.3202917363571008,-0.4418223304424075
baseline_last,y_XLI,20,34,0.0108567619227708,0.0130163922925324,-1.3352827773254423,0.2058823529411764,0.2058823529411764,-0.223757768309817,-0.268168764145382
baseline_last,y_XLI,21,29,0.0099857396630223,0.0124334259894303,-0.9279126790599664,0.2758620689655172,0.2758620689655172,-0.0527184740751159,-0.0500056259493967
baseline_last,y_XLI,22,27,0.0094031825431044,0.0124917679279795,-0.8658655973189284,0.4444444444444444,0.4444444444444444,-0.0269333670044775,0.0796158473217913
baseline_last,y_XLI,23,29,0.0102773652994136,0.0136797987491192,-1.0028493595727497,0.3448275862068966,0.3448275862068966,-0.272483803975351,-0.1680189031899731
baseline_last,y_XLI,24,33,0.0115996001296335,0.0147271287972714,-0.9804013869961148,0.303030303030303,0.303030303030303,-0.1935692356565866,-0.2974494230171471
baseline_last,y_XLY,0,35,0.0151901195866128,0.0194720102987737,-1.4502769493891532,0.3142857142857143,0.3142857142857143,-0.3834638849909738,-0.3658323460301629
baseline_last,y_XLY,1,35,0.0103966847805909,0.0148705056113755,-1.0110154000697542,0.4,0.4,-0.1717615637032329,0.0381369627135691
baseline_last,y_XLY,2,37,0.0118340646002273,0.0157127058021515,-0.8058127725617592,0.4054054054054054,0.4054054054054054,0.0508916660101001,0.0809476356073137
baseline_last,y_XLY,3,34,0.0107352282372687,0.0147716889201598,-0.5910977760470735,0.4117647058823529,0.4117647058823529,0.126874904833792,0.1741015150777091
baseline_last,y_XLY,4,32,0.0133289818368272,0.0177165631117754,-0.4978016122841111,0.34375,0.34375,0.1426773105772855,0.1399625282908954
baseline_last,y_XLY,5,28,0.0144590421840106,0.0190281886605315,-0.7713701932869059,0.1785714285714285,0.1785714285714285,-0.0616414806390156,-0.2224548099527186
baseline_last,y_XLY,6,29,0.016370912746355,0.020049318699622,-0.9908421829962892,0.0689655172413793,0.0689655172413793,-0.1978099028152014,-0.55971074550799
baseline_last,y_XLY,7,30,0.0135908148677759,0.0160380675710444,-0.8237784128161394,0.1666666666666666,0.1666666666666666,-0.2168797832145569,-0.3597229369499235
baseline_last,y_XLY,8,34,0.0164156244579003,0.0199265136614707,-1.5041378142410426,0.1764705882352941,0.1764705882352941,-0.5115537575944826,-0.5432769155170678
baseline_last,y_XLY,9,35,0.0277067093652456,0.0421925188573539,-1.4436778552493794,0.2285714285714285,0.2285714285714285,-0.3270272727955796,-0.4680959053065482
baseline_last,y_XLY,10,35,0.0283238352120447,0.0424753701993806,-1.284437817791439,0.2285714285714285,0.2285714285714285,-0.2318593788244398,-0.1559378030954825
baseline_last,y_XLY,11,35,0.0236214528958565,0.039939247684518,-1.179512215309432,0.3142857142857143,0.3142857142857143,-0.1767587758058742,0.0463293472964839
baseline_last,y_XLY,12,34,0.0124064765432559,0.0151120228063275,-0.3861518805593065,0.3529411764705882,0.3529411764705882,0.2471273189945949,0.2037095672432718
baseline_last,y_XLY,13,35,0.0108954223215812,0.0131786087726745,-0.8517083096452382,0.3428571428571428,0.3428571428571428,-0.0660715570859618,-0.006376631231353
baseline_last,y_XLY,14,34,0.0104519213169087,0.0134247566873975,-0.6480982739890995,0.3823529411764705,0.3823529411764705,0.0089886743981033,0.1123495806919522
baseline_last,y_XLY,15,34,0.0091137297553292,0.0122876211458342,-0.4209266306162957,0.4411764705882353,0.4411764705882353,0.0618654873320732,0.1405143516092185
baseline_last,y_XLY,16,33,0.0098913349475978,0.0133753126764432,-0.5729278674933886,0.4242424242424242,0.4242424242424242,0.0170663411554046,0.1694887745228239
baseline_last,y_XLY,17,33,0.0115893277461047,0.0147115876135957,-0.7994914339237482,0.3333333333333333,0.3333333333333333,-0.1918910028051106,-0.1933740666127639
baseline_last,y_XLY,18,34,0.0131182434720238,0.0164477936896053,-1.0698989753236692,0.2352941176470588,0.2352941176470588,-0.318383248385261,-0.3372360048744146
baseline_last,y_XLY,19,35,0.0160859723420065,0.019245064548349,-1.315432350034217,0.1714285714285714,0.1714285714285714,-0.4930448541724465,-0.4928235050661801
baseline_last,y_XLY,20,34,0.0145794284708253,0.01816045758397,-1.152315406870819,0.2058823529411764,0.2058823529411764,-0.2375442632852401,-0.2965431474707128
baseline_last,y_XLY,21,29,0.0141834537979672,0.0172275147513111,-1.162478210344199,0.2068965517241379,0.2068965517241379,-0.1749341501025405,-0.2130239665444302
baseline_last,y_XLY,22,27,0.009795216420555,0.0120420999671393,-0.9795652648597036,0.2592592592592592,0.2592592592592592,-0.050036122662269,-0.126887756669105
baseline_last,y_XLY,23,29,0.0095799080585848,0.0117829307671931,-0.7877726641848042,0.3103448275862069,0.3103448275862069,0.0422441830885366,0.0355039944240717
baseline_last,y_XLY,24,33,0.0106221209378292,0.0125196335683774,-0.7181935053418851,0.3333333333333333,0.3333333333333333,0.0404154379728227,-0.0229586387799841
baseline_last,y_XLP,0,35,0.0053811063340179,0.0066722669823254,-0.4708449079585981,0.4857142857142857,0.4857142857142857,0.2191984907274935,0.2115895190552834
baseline_last,y_XLP,1,35,0.0055361011392413,0.0068643199614545,-0.6878239109548265,0.4,0.4,0.011582395160083,0.049154307497489
baseline_last,y_XLP,2,37,0.0060606000873718,0.007851355537677,-0.6900840537731476,0.4324324324324324,0.4324324324324324,0.006382772804255,0.0983788373752603
baseline_last,y_XLP,3,34,0.0064427072263623,0.0081739806521969,-0.783582643359543,0.3529411764705882,0.3529411764705882,-0.079537260473285,-0.043332618013141
baseline_last,y_XLP,4,32,0.0070778649318081,0.0088350684313252,-0.7378386815632973,0.3125,0.3125,-0.0278904425596214,-0.0714702272123721
baseline_last,y_XLP,5,28,0.0057974253330462,0.0071026776838802,-0.547576014806834,0.2142857142857142,0.2142857142857142,0.110414571407839,-0.0824324930281648
baseline_last,y_XLP,6,29,0.0073695735605593,0.0090120378557237,-0.9510269894297388,0.2068965517241379,0.2068965517241379,-0.0931208610859571,-0.0850962943396763
baseline_last,y_XLP,7,30,0.0101013825289146,0.0124869061614015,-1.357791428032986,0.1666666666666666,0.1666666666666666,-0.365832649749212,-0.4524303605242894
baseline_last,y_XLP,8,34,0.0115879838585308,0.0134439099237575,-1.0151352801483182,0.2647058823529412,0.2647058823529412,-0.1137507496965562,-0.2048909708486842
baseline_last,y_XLP,9,35,0.0150189687610275,0.0192720430473688,-0.9248656583296176,0.2571428571428571,0.2571428571428571,-0.1835837978696723,-0.2559154667516349
baseline_last,y_XLP,10,35,0.0138103476620294,0.0186717958674992,-0.84026993221532,0.3428571428571428,0.3428571428571428,-0.1443737289954984,-0.1197389642331846
baseline_last,y_XLP,11,35,0.013324105898253,0.0184773883117149,-0.8490693593552474,0.3142857142857143,0.3142857142857143,-0.1797928373909269,-0.1796674687839256
baseline_last,y_XLP,12,34,0.009072165200717,0.0115267038852954,-0.6999938861833506,0.3235294117647059,0.3235294117647059,-0.0286193705274233,-0.0590618957260962
baseline_last,y_XLP,13,35,0.0078925582857612,0.0094648877437553,-0.6418357051023182,0.2857142857142857,0.2857142857142857,0.0711662215804464,-0.0297576124129808
baseline_last,y_XLP,14,34,0.0072738244309007,0.0086415436854475,-0.748731359435231,0.2647058823529412,0.2647058823529412,0.0280874783053094,-0.0563295418345325
baseline_last,y_XLP,15,34,0.0077707904543576,0.0088992297393046,-0.9314980393775883,0.2058823529411764,0.2058823529411764,-0.0002787447558572,-0.0826912814279632
baseline_last,y_XLP,16,33,0.0075772701383585,0.0090682449559797,-1.1422776967977717,0.2121212121212121,0.2121212121212121,-0.1077970115925523,-0.1706655208667285
baseline_last,y_XLP,17,33,0.007656322465972,0.008928320015808,-1.5362397835800188,0.2121212121212121,0.2121212121212121,-0.3157180262471876,-0.3062277260800822
baseline_last,y_XLP,18,34,0.008535002651916,0.0103188921324417,-0.9694672420265484,0.3235294117647059,0.3235294117647059,-0.0522079979136857,-0.2315902523214174
baseline_last,y_XLP,19,35,0.008782309792117,0.0105675368722208,-0.8121877478937418,0.2857142857142857,0.2857142857142857,-0.0190373507933124,-0.1935097737688506
baseline_last,y_XLP,20,34,0.0082291263602549,0.0102393755270653,-0.525669053207861,0.3235294117647059,0.3235294117647059,0.1391761521783391,0.0171774152297612
baseline_last,y_XLP,21,29,0.006343755812922,0.0080395702738026,-0.505766702863623,0.2758620689655172,0.2758620689655172,0.0796224723382739,0.0329423477828004
baseline_last,y_XLP,22,27,0.0071280333585781,0.0098693450602209,-0.5674998173468271,0.3333333333333333,0.3333333333333333,0.1402857536220629,0.1399497316203364
baseline_last,y_XLP,23,29,0.0092145316147011,0.0116224132751688,-0.7608948235908455,0.3103448275862069,0.3103448275862069,0.0373411051422425,-0.0835093953354925
baseline_last,y_XLP,24,33,0.0102775907318033,0.0125544876010185,-0.6792032504290977,0.3333333333333333,0.3333333333333333,0.1071480762479655,-0.0013505081635284
baseline_last,y_XLB,0,35,0.0105529063752519,0.0132354069896758,-1.3119332733013076,0.2571428571428571,0.2571428571428571,-0.2884409433415422,-0.2655512650567905
baseline_last,y_XLB,1,35,0.0078795900218589,0.0105272660662674,-0.7881972211215957,0.4285714285714285,0.4285714285714285,-0.0180364209811524,0.0858787901105556
baseline_last,y_XLB,2,37,0.0099030740925849,0.0121545120739431,-1.0783441032673031,0.3783783783783784,0.3783783783783784,-0.1012432395944067,-0.112467068941135
baseline_last,y_XLB,3,34,0.0078805007227692,0.0091469212480517,-0.4757102293233186,0.5,0.5,0.2146295878450767,0.1685500052966662
baseline_last,y_XLB,4,32,0.00926568001715,0.0110670877771222,-0.5287411144958671,0.46875,0.46875,0.1764062388376267,0.0867320986483474
baseline_last,y_XLB,5,28,0.0069164245528985,0.0090736683969815,0.0317188416350209,0.5,0.5,0.4677946249325558,0.4838674419529947
baseline_last,y_XLB,6,29,0.0076023311998289,0.009947753158574,-0.3015458659286105,0.3103448275862069,0.3103448275862069,0.2540046337256595,0.1479054639713421
baseline_last,y_XLB,7,30,0.0085777028707208,0.0105915547273574,-0.7959802032069012,0.2333333333333333,0.2333333333333333,-0.1241414906332741,-0.1482412103120667
baseline_last,y_XLB,8,34,0.0108516138930322,0.0136712952454093,-1.299483457673952,0.2058823529411764,0.2058823529411764,-0.367983254154975,-0.4038723365708772
baseline_last,y_XLB,9,35,0.0203258721275912,0.0345601623607696,-1.1921241158553275,0.2571428571428571,0.2571428571428571,-0.2893462724081346,-0.3324978156583025
baseline_last,y_XLB,10,35,0.0209261580227335,0.0350021260495312,-1.1646103010732696,0.2857142857142857,0.2857142857142857,-0.2716833217865355,-0.2404041131055356
baseline_last,y_XLB,11,35,0.0195720777075879,0.0341845484209938,-1.1222743800778674,0.4,0.4,-0.2461022355028777,-0.1022635592763853
baseline_last,y_XLB,12,34,0.0110405754506816,0.0132759285945762,-0.9837183348163964,0.3823529411764705,0.3823529411764705,-0.1031524838173702,-0.0960719609330494
baseline_last,y_XLB,13,35,0.0094665668369685,0.0113856746694456,-0.8839057083032471,0.4,0.4,-0.0339141595359639,-0.0133200741277152
baseline_last,y_XLB,14,34,0.0102446323072464,0.0120542119294899,-0.5293906738894694,0.3529411764705882,0.3529411764705882,0.1184116881458687,0.0625196013767888
baseline_last,y_XLB,15,34,0.0091211103538489,0.0118264008144481,-0.5036003365874044,0.4117647058823529,0.4117647058823529,0.1430464289712447,0.1234151831838398
baseline_last,y_XLB,16,33,0.0093029224313675,0.0124434747300873,-0.6592890951336707,0.3333333333333333,0.3333333333333333,0.0642027009145509,0.1393287451198822
baseline_last,y_XLB,17,33,0.009774366135534,0.0129422819801176,-0.9209562414394314,0.303030303030303,0.303030303030303,-0.1035914030354389,-0.0745895360610932
baseline_last,y_XLB,18,34,0.0101110719769914,0.012763518800062,-0.8035197143193051,0.3235294117647059,0.3235294117647059,-0.0079903616418179,-0.0504262138444738
baseline_last,y_XLB,19,35,0.0103393951144774,0.0130956167218492,-0.7197610371710894,0.3428571428571428,0.3428571428571428,-0.0707558679965003,-0.1097511464970138
baseline_last,y_XLB,20,34,0.0099147043762035,0.0127595808252859,-0.5779163166250005,0.3529411764705882,0.3529411764705882,0.0963972615790053,-0.0044720495458401
baseline_last,y_XLB,21,29,0.0090201908783841,0.0121989400469433,-0.720493218814249,0.2758620689655172,0.2758620689655172,-0.0281515454962425,-0.1200135022785522
baseline_last,y_XLB,22,27,0.0094501928726232,0.0135052663897373,-0.9987399171771356,0.3333333333333333,0.3333333333333333,-0.091214199145396,-0.0895678282370153
baseline_last,y_XLB,23,29,0.0123938484293702,0.0188546016294016,-1.434887141447362,0.2758620689655172,0.2758620689655172,-0.3752779315094457,-0.2360265544811527
baseline_last,y_XLB,24,33,0.0138564375293368,0.0192716858413005,-1.0449522072631643,0.3333333333333333,0.3333333333333333,-0.1623579228945596,-0.1286359025760874
baseline_last,y_XLU,0,35,0.0067377957988348,0.0089330270452692,-0.6586521062056541,0.3714285714285714,0.3714285714285714,-0.1621054849309759,-0.0486041002745353
baseline_last,y_XLU,1,35,0.0087960428286981,0.0113105884737591,-0.7111762110806783,0.3428571428571428,0.3428571428571428,-0.1648047351322399,-0.1147793621643545
baseline_last,y_XLU,2,37,0.0120973992860138,0.0146853227698205,-0.7919016044238616,0.3243243243243243,0.3243243243243243,-0.2329133743985958,-0.2337691305591744
baseline_last,y_XLU,3,34,0.0131690759868083,0.0151224946364535,-0.91797973259483,0.2941176470588235,0.2941176470588235,-0.201878004272378,-0.2182051761159951
baseline_last,y_XLU,4,32,0.0125997562035181,0.0149561160186126,-0.7988105437808564,0.34375,0.34375,-0.1254121673215902,-0.0653282545613089
baseline_last,y_XLU,5,28,0.009704669959909,0.0122611137673579,-0.4705814832611852,0.3928571428571428,0.3928571428571428,0.1895418626888061,0.2568957830672259
baseline_last,y_XLU,6,29,0.0110472278640217,0.0139985441678065,-0.6151653400532271,0.3793103448275862,0.3793103448275862,0.1362043129586641,0.2010906479336398
baseline_last,y_XLU,7,30,0.0114996743695348,0.01486495317837,-0.989138096674749,0.2333333333333333,0.2333333333333333,-0.0614602185140593,-0.1128809216137756
baseline_last,y_XLU,8,34,0.0124938705605082,0.0157687600786895,-1.136094832957927,0.2352941176470588,0.2352941176470588,-0.2729999725505742,-0.1898307927906643
baseline_last,y_XLU,9,35,0.0139657947416333,0.0193695624116135,-0.6864086758854107,0.2,0.2,-0.1820969441323096,-0.2915358927437283
baseline_last,y_XLU,10,35,0.0141940915224445,0.0191273339808131,-0.5810221923332957,0.3142857142857143,0.3142857142857143,-0.0754984470430292,-0.1231682647638232
baseline_last,y_XLU,11,35,0.0138524019996595,0.0187662114123327,-0.5520634500419999,0.2857142857142857,0.2857142857142857,-0.0225318940690218,-0.1881423493869409
baseline_last,y_XLU,12,34,0.0108495430395058,0.0134989116459436,-0.7917477014270269,0.3529411764705882,0.3529411764705882,0.036248458708527,-0.0775669283295728
baseline_last,y_XLU,13,35,0.0106459183125175,0.0128043752678637,-0.7260534383346726,0.3428571428571428,0.3428571428571428,0.0376953336799571,-0.0079353633101282
baseline_last,y_XLU,14,34,0.0093657650225191,0.0113150663746698,-0.8976284641545451,0.3823529411764705,0.3823529411764705,-0.0470500049941042,-0.0238317292376868
baseline_last,y_XLU,15,34,0.0080100667982821,0.0095843806495543,-0.7652769636237229,0.3823529411764705,0.3823529411764705,0.0110520902310639,-0.0154751488556408
baseline_last,y_XLU,16,33,0.007072814797201,0.0089416691173804,-0.5878791944156725,0.4848484848484848,0.4848484848484848,0.1692405301581203,0.1495687791107788
baseline_last,y_XLU,17,33,0.0076143870559464,0.0097622564058964,-0.7793698007920908,0.4545454545454545,0.4545454545454545,-0.017537256965606,0.011444244151147
baseline_last,y_XLU,18,34,0.0087266451615507,0.0110800273834229,-0.7015215070346739,0.5294117647058824,0.5294117647058824,0.0338065259417597,0.134709867884171
baseline_last,y_XLU,19,35,0.0084112164348608,0.010697078404626,-0.7931317702253531,0.4,0.4,-0.0915881077996683,-0.0862229803031739
baseline_last,y_XLU,20,34,0.0076353730657155,0.009690816525044,-0.7307307625801731,0.3823529411764705,0.3823529411764705,-0.0825095046199798,-0.219130427746169
baseline_last,y_XLU,21,29,0.0070592346038506,0.0092614249860468,-0.9464323426772558,0.2413793103448276,0.2413793103448276,-0.3751129327629727,-0.3565401130191989
baseline_last,y_XLU,22,27,0.0085175922096587,0.0115160335226918,-0.9308762054722556,0.2962962962962963,0.2962962962962963,-0.1894575094177251,-0.1554997018003737
baseline_last,y_XLU,23,29,0.00985495325054,0.0124346597849019,-0.5097463626279488,0.3103448275862069,0.3103448275862069,0.0776064486366544,0.0754404911056498
baseline_last,y_XLU,24,33,0.0106149874818772,0.0128535430204542,-0.637583079447521,0.3333333333333333,0.3333333333333333,0.0629791927392821,0.0359265810772844
baseline_last,y_XLRE,0,35,0.0069282213337885,0.0097100289212633,-0.6624198370636274,0.4571428571428571,0.4571428571428571,0.045972783680546,0.2130652556438911
baseline_last,y_XLRE,1,35,0.0068234289231459,0.0087451669871619,-0.6792983487186843,0.4,0.4,0.0403246991736309,0.0617159420238873
baseline_last,y_XLRE,2,37,0.0100410029415029,0.0134987247651209,-1.0730223789590574,0.4054054054054054,0.4054054054054054,-0.1744191049042762,-0.098885531318823
baseline_last,y_XLRE,3,34,0.0102840481488533,0.0138831947426686,-1.117643968162529,0.3235294117647059,0.3235294117647059,-0.195155369424143,-0.1398672047612774
baseline_last,y_XLRE,4,32,0.0122065130494612,0.0165851434998894,-0.8415092306549337,0.375,0.375,-0.046456818492867,-0.0720285883624687
baseline_last,y_XLRE,5,28,0.0098970525174447,0.0134951311383285,-0.365982242611615,0.4285714285714285,0.4285714285714285,0.2377422739907603,0.3026288785143584
baseline_last,y_XLRE,6,29,0.0129894169877284,0.0159053892189462,-0.6004478180836241,0.3793103448275862,0.3793103448275862,0.1248319483113491,0.0952894602793228
baseline_last,y_XLRE,7,30,0.0112671008145819,0.0130953297575039,-1.167700782034541,0.2666666666666666,0.2666666666666666,-0.1702925637696554,-0.2940492051477763
baseline_last,y_XLRE,8,34,0.0130113174152229,0.0161566332006897,-1.4768674240981845,0.2647058823529412,0.2647058823529412,-0.3706186344443506,-0.3017654026849957
baseline_last,y_XLRE,9,35,0.017735635762178,0.025739458952021,-1.3136587159811746,0.2285714285714285,0.2285714285714285,-0.3496718838395457,-0.4220490540301648
baseline_last,y_XLRE,10,35,0.0171828454252859,0.0256912096911957,-1.172829045395808,0.3142857142857143,0.3142857142857143,-0.2839379830000708,-0.2856034763216175
baseline_last,y_XLRE,11,35,0.0152895422787982,0.0240279045023383,-0.9718569495705832,0.4,0.4,-0.1496246837811101,-0.0415269149547752
baseline_last,y_XLRE,12,34,0.0089016052901089,0.0112187021624217,-0.5399621120745179,0.3823529411764705,0.3823529411764705,0.147411686487305,0.0454969376355839
baseline_last,y_XLRE,13,35,0.0090662291214582,0.0113616481531736,-0.7693182972280483,0.2857142857142857,0.2857142857142857,0.0647853080951038,-0.102999807510231
baseline_last,y_XLRE,14,34,0.0087549860256991,0.0111468540039596,-1.1692734129500826,0.2058823529411764,0.2058823529411764,-0.1460013516957182,-0.321439041340278
baseline_last,y_XLRE,15,34,0.0096858053948208,0.0120080689622367,-1.0836994294346725,0.1764705882352941,0.1764705882352941,-0.133872756263609,-0.3217283447087723
baseline_last,y_XLRE,16,33,0.0091838318521583,0.0115222871071517,-0.9368776335745173,0.2121212121212121,0.2121212121212121,-0.1010642667868492,-0.2900216281177405
baseline_last,y_XLRE,17,33,0.0079682038221844,0.0098555030117512,-0.8661620294069596,0.2424242424242424,0.2424242424242424,-0.1370998546623809,-0.2343131663721908
baseline_last,y_XLRE,18,34,0.0081508911617916,0.0108146415955928,-0.4936421736217493,0.2941176470588235,0.2941176470588235,0.1873595844495431,-0.0171171551582158
baseline_last,y_XLRE,19,35,0.0090373490587072,0.0114453019112905,-0.5678475812765618,0.2857142857142857,0.2857142857142857,0.1225427168334894,-0.0384194587336696
baseline_last,y_XLRE,20,34,0.008561866959056,0.0110005852479277,-0.5448530847048947,0.2647058823529412,0.2647058823529412,0.1653443776394005,-0.09298778883247
baseline_last,y_XLRE,21,29,0.0075353606585856,0.0090864536715708,-0.8772603599242947,0.2413793103448276,0.2413793103448276,-0.1793025184823953,-0.2110237415064543
baseline_last,y_XLRE,22,27,0.007372261548926,0.0088784354133816,-0.774024572679124,0.2962962962962963,0.2962962962962963,-0.0090213330997272,0.0559798926481345
baseline_last,y_XLRE,23,29,0.0106747999655472,0.0126264102621501,-1.1369057595623335,0.2413793103448276,0.2413793103448276,-0.2540990957005772,-0.2795314490571278
baseline_last,y_XLRE,24,33,0.0101954022712262,0.0121864487597592,-0.9237581159093444,0.2727272727272727,0.2727272727272727,-0.1199253716204899,-0.1566589469693033
baseline_last,y_XLC,0,35,0.0086991253398076,0.0109669530249618,-0.8630272427544632,0.2571428571428571,0.2571428571428571,-0.1048312152492853,-0.2389987054495659
baseline_last,y_XLC,1,35,0.0067863710980937,0.0087209986242884,-0.5392521990322088,0.2857142857142857,0.2857142857142857,0.0137463015791519,-0.1800461638148079
baseline_last,y_XLC,2,37,0.0077121944414042,0.0094324463697595,-0.4992448159851519,0.3243243243243243,0.3243243243243243,0.169953041566864,-0.0999090402694605
baseline_last,y_XLC,3,34,0.0075973599262104,0.0091143397091589,-0.429095150613312,0.3529411764705882,0.3529411764705882,0.1558613705020023,-0.1219790065779167
baseline_last,y_XLC,4,32,0.0094021411353853,0.011283653003205,-0.1767469969878685,0.40625,0.40625,0.3242030295462719,0.1946819210003678
baseline_last,y_XLC,5,28,0.0093896720040395,0.0115522243834337,-0.4445244927573746,0.3214285714285714,0.3214285714285714,0.1883221549452615,0.0129859406825191
baseline_last,y_XLC,6,29,0.0101495371188813,0.0120990940625797,-0.5438823554494356,0.3448275862068966,0.3448275862068966,0.1377762509244638,-0.0233001758311018
baseline_last,y_XLC,7,30,0.0087634725531788,0.0107987074364053,-0.8182188331516913,0.4,0.4,-0.0974337503456734,-0.0392136534923357
baseline_last,y_XLC,8,34,0.0124773223267163,0.0155041009112407,-1.4406889404052756,0.3235294117647059,0.3235294117647059,-0.4318582066000109,-0.4004797472602399
baseline_last,y_XLC,9,35,0.0214371607208155,0.0332254158907275,-1.11332456150559,0.2857142857142857,0.2857142857142857,-0.2222072285523348,-0.4019918366030284
baseline_last,y_XLC,10,35,0.0229967157878213,0.0340355587798796,-1.013721287299823,0.2857142857142857,0.2857142857142857,-0.1501742332616898,-0.1946397578492527
baseline_last,y_XLC,11,35,0.0172955289868607,0.0315511436139363,-0.8881207960166491,0.4857142857142857,0.4857142857142857,-0.0812815741861374,0.1121509199799032
baseline_last,y_XLC,12,34,0.0082370295350058,0.0113196982293044,-0.3705762792593274,0.5294117647058824,0.5294117647058824,0.2547042637860261,0.3492824903906212
baseline_last,y_XLC,13,35,0.0055245511147401,0.0067871853491541,-0.3322323691471709,0.4571428571428571,0.4571428571428571,0.177369182798523,0.2421702838751628
baseline_last,y_XLC,14,34,0.0079401032884251,0.009339169016231,-0.621023993014642,0.3235294117647059,0.3235294117647059,0.0033783599311413,-0.026926759008815
baseline_last,y_XLC,15,34,0.0075004809087838,0.0090585117593064,-0.5887365347297495,0.3235294117647059,0.3235294117647059,-0.0381537336251244,-0.1138970955775163
baseline_last,y_XLC,16,33,0.0081879164403301,0.0099164734394985,-0.6965214353043216,0.3636363636363636,0.3636363636363636,0.0165670737719763,-0.0411904989876185
baseline_last,y_XLC,17,33,0.0065851215665558,0.0084354097145644,-0.2350005910990451,0.5454545454545454,0.5454545454545454,0.2509053602132637,0.256990600276493
baseline_last,y_XLC,18,34,0.0076542394805325,0.0097261864016595,-0.6118207965334956,0.5,0.5,0.1169225330112654,0.0950350437812987
baseline_last,y_XLC,19,35,0.0089466035055893,0.0108941482864636,-0.8712401458585639,0.4571428571428571,0.4571428571428571,-0.1904209702695511,-0.1630065166842683
baseline_last,y_XLC,20,34,0.0087516881228348,0.0106484811402675,-0.8956087702152449,0.3529411764705882,0.3529411764705882,-0.1029982436714604,-0.0451831212734887
baseline_last,y_XLC,21,29,0.0079173267623377,0.009561543684248,-0.7827765331187668,0.3103448275862069,0.3103448275862069,-0.0825790915067643,-0.0955107455633478
baseline_last,y_XLC,22,27,0.005497418002042,0.0066066678600062,-0.3721127735343759,0.4074074074074074,0.4074074074074074,0.1786416735402438,0.2021496123404859
baseline_last,y_XLC,23,29,0.008048611425447,0.0103669753438019,-0.5184728267260637,0.4827586206896552,0.4827586206896552,0.1997824989057643,0.2190246416583578
baseline_last,y_XLC,24,33,0.0074954589281854,0.0098073367973372,-0.2840265382572904,0.6060606060606061,0.6060606060606061,0.2805399568004366,0.4622114189676213
knn,y_UUP,0,35,0.0033658745627785,0.0041188930441779,-0.1373338538938642,0.6,0.6,-0.1288695667240497,-0.1092436974789916
knn,y_UUP,1,35,0.0028434773554139,0.0035299951850285,-0.1285416197565554,0.6285714285714286,0.6285714285714286,-0.1526754318509678,-0.0635854341736694
knn,y_UUP,2,37,0.0034083092429093,0.0045152192574795,-0.067528021741646,0.5675675675675675,0.5675675675675675,0.0150201606811999,0.0094831673779042
knn,y_UUP,3,34,0.0034596430665163,0.0046570150368037,-0.0612005016077088,0.5,0.5,0.0458855145540456,0.0307104660045836
knn,y_UUP,4,32,0.0037231741807974,0.0050365587347955,-0.030550445691091,0.53125,0.53125,0.1398908428661279,0.188782991202346
knn,y_UUP,5,28,0.0031693030419036,0.0041672277468802,-0.0465296667993255,0.5,0.5,0.0273918036324045,0.1663929939792008
knn,y_UUP,6,29,0.0030740159780921,0.0040816375481882,-0.0046229340914722,0.5172413793103449,0.5172413793103449,0.1008698967762218,0.1492794690470769
knn,y_UUP,7,30,0.0034003086688908,0.0043721904461557,-0.0442721980289624,0.5,0.5,0.1221981646432259,0.1735454455059753
knn,y_UUP,8,34,0.0037245388080061,0.0049194229522695,-0.1291978039321963,0.4411764705882353,0.4411764705882353,0.0176419558111998,0.067379679144385
knn,y_UUP,9,35,0.0050417764712046,0.007285910728591,-0.2778216131646354,0.5142857142857142,0.5142857142857142,-0.2607414012755353,-0.0616246498599439
knn,y_UUP,10,35,0.0050884384854702,0.0072657663828617,-0.1582899439384766,0.5714285714285714,0.5714285714285714,-0.2270597714005939,0.061344537815126
knn,y_UUP,11,35,0.0055664276556534,0.0074213059276107,-0.1705535100724737,0.5142857142857142,0.5142857142857142,-0.2734331932525241,-0.1336134453781512
knn,y_UUP,12,34,0.0043573731280737,0.0052138522798134,-0.0799664938646012,0.5882352941176471,0.5882352941176471,-0.093226511423297,-0.146535259041764
knn,y_UUP,13,35,0.0038958302502525,0.004744812131104,-0.1392606561888616,0.5428571428571428,0.5428571428571428,-0.0982857953028259,-0.1086834733893557
knn,y_UUP,14,34,0.0034007126486236,0.0045108628629434,-0.0438390631096452,0.5294117647058824,0.5294117647058824,0.1596915608540469,0.2648025066938237
knn,y_UUP,15,34,0.0035353868178623,0.0045985296630927,-0.1357547233810838,0.3823529411764705,0.3823529411764705,-0.0334385881034237,0.009779203940222
knn,y_UUP,16,33,0.0035040394726402,0.0044813948588695,-0.0505583193392018,0.5151515151515151,0.5151515151515151,0.216748842170744,0.2284616035385212
knn,y_UUP,17,33,0.0036277990841468,0.0045053315352093,-0.2337249370049849,0.5151515151515151,0.5151515151515151,-0.2415407384606954,-0.219436785256824
knn,y_UUP,18,34,0.0033395929504552,0.004104895984788,-0.2632730147681312,0.4411764705882353,0.4411764705882353,-0.2794444627763654,-0.2534953021379421
knn,y_UUP,19,35,0.0030429569294907,0.0038885259664511,-0.2901734872074886,0.4857142857142857,0.4857142857142857,-0.3579299195943834,-0.2988795518207283
knn,y_UUP,20,34,0.0027056733788198,0.0032676336316382,-0.2467022331050636,0.4117647058823529,0.4117647058823529,-0.0728252720716804,-0.0536287242169595
knn,y_UUP,21,29,0.0024200933182314,0.003037276481064,-0.2845209737638541,0.4137931034482758,0.4137931034482758,-0.125430745291361,-0.0532019704433497
knn,y_UUP,22,27,0.0026562365088318,0.0034105025009619,-0.2237516675815116,0.3703703703703703,0.3703703703703703,-0.1299962164007286,-0.0177045177045177
knn,y_UUP,23,29,0.0028693880813641,0.0040047501098317,0.0011332073553563,0.4827586206896552,0.4827586206896552,0.0927662804201588,-0.0056657224225788
knn,y_UUP,24,33,0.0028072079104562,0.0039017124391146,0.0284843982721786,0.5757575757575758,0.5757575757575758,0.1727782705642546,0.1494108804414323
knn,y_TLT,0,35,0.0068842571888017,0.0079776347374284,-0.0897420333740772,0.5142857142857142,0.5142857142857142,-0.0041248661382745,-0.1389355742296918
knn,y_TLT,1,35,0.0057336806629361,0.0071025024798633,-0.1357475629118716,0.5428571428571428,0.5428571428571428,-0.0657871786688314,-0.099719887955182
knn,y_TLT,2,37,0.0072276750020629,0.0090026799522155,-0.1041169655713036,0.4054054054054054,0.4054054054054054,-0.0586334724472147,-0.1232811759127548
knn,y_TLT,3,34,0.0069969375648229,0.0088424370412251,-0.0619604927280494,0.2941176470588235,0.2941176470588235,-0.0188331425621352,-0.1074102368220015
knn,y_TLT,4,32,0.0076420086239053,0.0093848765996607,-0.0622604205001466,0.4375,0.4375,0.0569841515883917,-0.0161290322580645
knn,y_TLT,5,28,0.0064073641403396,0.0077065541917221,-0.060208500669141,0.5,0.5,0.0685013696201391,0.113847837985769
knn,y_TLT,6,29,0.0064111511262783,0.0081163586303669,-0.1073531820140953,0.5517241379310345,0.5517241379310345,0.0156701552087981,0.0270935960591132
knn,y_TLT,7,30,0.0070433616303908,0.008907347287635,-0.1219585763798429,0.4666666666666667,0.4666666666666667,-0.0467800897251584,-0.0896551724137931
knn,y_TLT,8,34,0.0064180730100507,0.0080530899579971,0.000524896111519,0.5,0.5,0.153624806973192,0.1052711993888464
knn,y_TLT,9,35,0.0076687065003569,0.0094500929544628,0.068122999506378,0.5428571428571428,0.5428571428571428,0.3113803629991244,0.1386554621848739
knn,y_TLT,10,35,0.0071969797305334,0.0087546472943746,0.0433190197895583,0.5714285714285714,0.5714285714285714,0.2346225020268322,0.0946778711484594
knn,y_TLT,11,35,0.0074037047411812,0.0092109156415919,0.0110545194270784,0.5428571428571428,0.5428571428571428,0.1806079697226663,0.0630252100840336
knn,y_TLT,12,34,0.0071242387549385,0.0085465147493177,-0.1483406116037247,0.4705882352941176,0.4705882352941176,0.1012130359309451,0.0539343009931245
knn,y_TLT,13,35,0.0061188941813842,0.0077972054058505,-0.0919156024053977,0.5428571428571428,0.5428571428571428,0.1108742600939092,0.0439775910364145
knn,y_TLT,14,34,0.0070833727918827,0.0091261054059863,-0.4400581943628741,0.5,0.5,-0.066418286045642,-0.0970206264323911
knn,y_TLT,15,34,0.006002425860753,0.0080504932797185,-0.361269250651272,0.5588235294117647,0.5588235294117647,-0.0032037914387019,0.0961038961038961
knn,y_TLT,16,33,0.0065697345543626,0.0087660536249615,-0.5276958186358394,0.5454545454545454,0.5454545454545454,-0.0372757132471548,0.0685160427807486
knn,y_TLT,17,33,0.0057172349283524,0.0073970810047285,-0.376129942996565,0.5151515151515151,0.5151515151515151,0.0660239314875132,0.1173128342245989
knn,y_TLT,18,34,0.0054701076872793,0.0071435267286435,-0.4441787447671781,0.4117647058823529,0.4117647058823529,-0.0867054693436494,-0.0456837280366692
knn,y_TLT,19,35,0.0054712680234553,0.0066428953853978,-0.5502093967711634,0.4,0.4,-0.1065225359648902,-0.1070028011204481
knn,y_TLT,20,34,0.0047188283452207,0.0057378273671593,-0.3296470247743632,0.5,0.5,-0.039614745248893,0.1110771581359816
knn,y_TLT,21,29,0.0052390591696379,0.0062173643005709,-0.5394098649275552,0.4827586206896552,0.4827586206896552,-0.2021015935336141,-0.1576354679802955
knn,y_TLT,22,27,0.0052278965140593,0.0062008188696118,-0.8216063843534074,0.4814814814814814,0.4814814814814814,-0.2633269344173703,-0.2112332112332112
knn,y_TLT,23,29,0.0061470558355981,0.0075250880857978,-0.8202046917261927,0.3793103448275862,0.3793103448275862,-0.1540090799883434,-0.1201970443349753
knn,y_TLT,24,33,0.0051546169122457,0.0067751088575555,-0.7391964267706037,0.4242424242424242,0.4242424242424242,-0.1058386058734708,-0.0284090909090909
knn,y_GLD,0,35,0.0072884526662802,0.0090652527370564,-0.1229334393645775,0.4285714285714285,0.4285714285714285,0.1993866693622981,0.1215686274509803
knn,y_GLD,1,35,0.0073137942094454,0.0083921702532951,-0.1857844907337396,0.3714285714285714,0.3714285714285714,0.1424050337895436,0.2647058823529412
knn,y_GLD,2,37,0.0082359489756325,0.0098656816107329,-0.0148132071363153,0.4054054054054054,0.4054054054054054,0.1180312728828051,0.1401137980085348
knn,y_GLD,3,34,0.0075312987574625,0.0093945785408484,-0.0045896512020435,0.4411764705882353,0.4411764705882353,0.1320863349863356,0.0658517952635599
knn,y_GLD,4,32,0.00801564975733,0.0102752497523711,0.0052562169681958,0.46875,0.46875,0.1197259425856967,0.0348240469208211
knn,y_GLD,5,28,0.0069862654716152,0.0083858378345234,-0.0623705467855324,0.4285714285714285,0.4285714285714285,0.1395855096221652,0.053639846743295
knn,y_GLD,6,29,0.007138425179604,0.0083552274497284,-0.0446512656585831,0.4827586206896552,0.4827586206896552,0.2625209156161832,0.2482758620689654
knn,y_GLD,7,30,0.0064855479353188,0.0077122705884565,-0.1097337968231748,0.4333333333333333,0.4333333333333333,-0.0405191659864117,0.0206896551724137
knn,y_GLD,8,34,0.0067812724418394,0.0083742134712174,-0.1735746875650898,0.3823529411764705,0.3823529411764705,-0.1149380384007259,-0.1416348357524827
knn,y_GLD,9,35,0.0091527827041761,0.0123969189790131,-0.1776870083922972,0.3428571428571428,0.3428571428571428,-0.1806356673669467,-0.2327731092436975
knn,y_GLD,10,35,0.0111773841952028,0.0144981720317032,-0.1205688125307431,0.4285714285714285,0.4285714285714285,-0.1408899876334995,-0.2182072829131652
knn,y_GLD,11,35,0.0139550582604355,0.0167013215806516,-0.0690050409244031,0.4285714285714285,0.4285714285714285,-0.1771163421917725,-0.3366946778711485
knn,y_GLD,12,34,0.0122528529647232,0.0145706396662831,-0.0564405107497021,0.4411764705882353,0.4411764705882353,-0.2141346766240542,-0.2348357524828113
knn,y_GLD,13,35,0.0097076816824985,0.0117178408515333,-0.039033175114856,0.4857142857142857,0.4857142857142857,-0.0507957302464453,-0.053501400560224
knn,y_GLD,14,34,0.0068549105868393,0.008363439586391,-0.0328721712646034,0.4705882352941176,0.4705882352941176,0.0291015328696114,0.0609625668449197
knn,y_GLD,15,34,0.0065893477613598,0.0079770542513157,-0.0546753724841237,0.5294117647058824,0.5294117647058824,0.0576354331261125,0.0441558441558441
knn,y_GLD,16,33,0.0063165889001839,0.0080578571902396,-0.1972088154597095,0.4848484848484848,0.4848484848484848,-0.1328799973841713,-0.1330213903743315
knn,y_GLD,17,33,0.0064541185318044,0.0078143609965115,-0.1168700563860505,0.5454545454545454,0.5454545454545454,0.1060084686736165,0.079211229946524
knn,y_GLD,18,34,0.0092416930507183,0.0149780926447743,-0.0388353885704007,0.6176470588235294,0.6176470588235294,-0.083985621814016,0.1300229182582123
knn,y_GLD,19,35,0.0102626672415374,0.015460010648258,-0.0301641763254751,0.4,0.4,-0.0605619086828708,0.0518207282913165
knn,y_GLD,20,34,0.009495128362553,0.0152301245474796,-0.0664151330019844,0.4117647058823529,0.4117647058823529,-0.2237544698359863,-0.0826585179526356
knn,y_GLD,21,29,0.0063706965501092,0.0081954160948147,-0.1988840608084041,0.3448275862068966,0.3448275862068966,-0.2230044949612635,-0.2211822660098521
knn,y_GLD,22,27,0.0064476053147625,0.0080987821640209,-0.4051872301148342,0.3703703703703703,0.3703703703703703,-0.2610862498111183,-0.2686202686202686
knn,y_GLD,23,29,0.017428180195825,0.0277597098372426,-0.0441980845989922,0.3103448275862069,0.3103448275862069,-0.2270237749522991,-0.2467980295566502
knn,y_GLD,24,33,0.0193403292722661,0.0279226348904067,-0.0296330367754036,0.4545454545454545,0.4545454545454545,-0.1265608289852933,-0.0985962566844919
knn,y_BTC-USD,0,60,0.023590451353964,0.0322798499777023,-0.1938734986731654,0.4333333333333333,0.4333333333333333,-0.0808931124012407,-0.0308974715198666
knn,y_BTC-USD,1,60,0.0184812216247646,0.0229848198342111,-0.3245239347384048,0.4666666666666667,0.4666666666666667,-0.0654142114651876,-0.067129758266185
knn,y_BTC-USD,2,60,0.0215300559177964,0.0300619140490412,-0.3675707782915074,0.4333333333333333,0.4333333333333333,-0.0915333295986104,-0.0445123645457071
knn,y_BTC-USD,3,60,0.0213461126855522,0.0299016717193794,-0.3926867672743652,0.4833333333333333,0.4833333333333333,-0.0521541271778136,-0.029119199777716
knn,y_BTC-USD,4,60,0.0234232809241932,0.0323705969378475,-0.3417207773701147,0.5,0.5,-0.1184120333866618,-0.0921367046401778
knn,y_BTC-USD,5,60,0.0206077961548591,0.0269784370255637,-0.4010689650933023,0.4,0.4,-0.1235620766347371,-0.090580716865796
knn,y_BTC-USD,6,60,0.0192192163331312,0.0251090899005288,-0.2092745345662323,0.5,0.5,-0.0742938595088998,-0.0672409002500694
knn,y_BTC-USD,7,60,0.0173747301499035,0.0227070120973156,-0.1078389670271484,0.5666666666666667,0.5666666666666667,0.0059899923881366,0.0068908030008335
knn,y_BTC-USD,8,60,0.0206115480442848,0.0271700748417762,-0.0221795812392804,0.55,0.55,0.1031784677877005,0.0419560989163656
knn,y_BTC-USD,9,60,0.0235393272460506,0.0313844557045565,-0.0516019460777112,0.55,0.55,0.038325477327727,0.0177271464295637
knn,y_BTC-USD,10,60,0.0239863731783223,0.032230126820432,-0.1561485663617663,0.4666666666666667,0.4666666666666667,-0.0500906515242037,-0.1196999166435121
knn,y_BTC-USD,11,60,0.0199898693998398,0.0275532205899914,-0.2833822942822521,0.4666666666666667,0.4666666666666667,-0.1425822122456665,-0.1623784384551264
knn,y_BTC-USD,12,60,0.0151651169206559,0.0220227086945164,-0.4066463336753625,0.4833333333333333,0.4833333333333333,-0.1549392866296222,-0.1385681935142549
knn,y_BTC-USD,13,60,0.0146397711318183,0.0197141386596199,-0.2916389596023074,0.45,0.45,0.0074442302299359,0.0108363434287302
knn,y_BTC-USD,14,60,0.0123836725722572,0.0162481604244365,-0.2234015325072491,0.4333333333333333,0.4333333333333333,0.0802610416636112,0.0608502361767157
knn,y_BTC-USD,15,60,0.0139750935445154,0.0173638432865229,-0.2175811037040282,0.4333333333333333,0.4333333333333333,0.0404538674736498,0.0086690747429841
knn,y_BTC-USD,16,60,0.0124854739437251,0.0157962523684716,-0.1773235459149624,0.4833333333333333,0.4833333333333333,0.0828442884630994,0.081133648235621
knn,y_BTC-USD,17,60,0.0142283949935021,0.0184574626821403,0.0688955411142592,0.55,0.55,0.2855430558055332,0.2723534315087524
knn,y_BTC-USD,18,60,0.0139364663130631,0.0183803599096407,-0.0328508621113565,0.6,0.6,0.1875119455952141,0.2348985829397055
knn,y_BTC-USD,19,60,0.0190527749967787,0.0231928624797271,-0.0406940741653567,0.5166666666666667,0.5166666666666667,0.1475402765679208,0.0870241733814948
knn,y_BTC-USD,20,60,0.0191598413963494,0.024153902125202,-0.1879514987552977,0.5,0.5,0.0305196500124318,0.0219505418171714
knn,y_BTC-USD,21,60,0.0183293677659412,0.0230887508611537,-0.1345871640163165,0.5166666666666667,0.5166666666666667,0.0772158663348116,-0.0035009724923589
knn,y_BTC-USD,22,60,0.0155938401100554,0.0210335381678391,-0.2372889224790595,0.5833333333333334,0.5833333333333334,-0.0401904295930254,0.0065573770491803
knn,y_BTC-USD,23,60,0.0211159516486741,0.033155563889154,-0.0987522707818913,0.5166666666666667,0.5166666666666667,-0.0176137495824392,0.0029452625729369
knn,y_BTC-USD,24,60,0.026018720678941,0.0371698848374781,-0.1108496878451461,0.4833333333333333,0.4833333333333333,-0.0884373009156942,-0.0737982772992498
knn,y_XLK,0,35,0.0140498865533694,0.0172416861666962,-0.2156299179757019,0.3714285714285714,0.3714285714285714,0.0943014665731711,0.0983193277310924
knn,y_XLK,1,35,0.0109524588853254,0.0139070121729075,-0.1557207614103852,0.4,0.4,-0.0352054881067426,-0.1215686274509803
knn,y_XLK,2,37,0.0121607712822309,0.0153280595639838,-0.2816195341181005,0.3243243243243243,0.3243243243243243,-0.3917077694255182,-0.3992413466097676
knn,y_XLK,3,34,0.0107261446725221,0.0142075995229696,-0.2656244900987676,0.3823529411764705,0.3823529411764705,-0.3415803617935361,-0.2730328495034377
knn,y_XLK,4,32,0.0118010902875978,0.0154188617752997,-0.21145157705672,0.28125,0.28125,-0.3658074731836799,-0.3643695014662756
knn,y_XLK,5,28,0.0096900852628714,0.0122392693199918,0.0087599288518733,0.4285714285714285,0.4285714285714285,0.22507850820136,0.2238642583470169
knn,y_XLK,6,29,0.011210691028002,0.0142289115892628,-0.1004399658133239,0.4827586206896552,0.4827586206896552,0.0708168934095341,0.1364532019704433
knn,y_XLK,7,30,0.011206987442209,0.0148590895495862,-0.0891584379381307,0.5666666666666667,0.5666666666666667,0.0617406786416615,0.1279199110122358
knn,y_XLK,8,34,0.0126809836052656,0.0164238989923395,-0.1727864994300985,0.5588235294117647,0.5588235294117647,-0.1988855672012792,-0.1116883116883116
knn,y_XLK,9,35,0.0210592798693918,0.0330822815862967,-0.0378912625140361,0.5714285714285714,0.5714285714285714,-0.1314123651599112,-0.1375350140056022
knn,y_XLK,10,35,0.0233575439846586,0.0341034495734041,-0.0366144633969258,0.4571428571428571,0.4571428571428571,-0.1261841388961523,-0.184593837535014
knn,y_XLK,11,35,0.0214152804296596,0.0331728486640145,-0.0305155046405387,0.4285714285714285,0.4285714285714285,-0.0483698531854268,-0.0977591036414565
knn,y_XLK,12,34,0.0107375707099723,0.0147837345578623,-0.1900093146632646,0.5,0.5,0.0398290568320388,0.0307104660045836
knn,y_XLK,13,35,0.007670106576244,0.0095547163789766,-0.3289102720904773,0.4571428571428571,0.4571428571428571,0.0911111633135511,0.1117647058823529
knn,y_XLK,14,34,0.0068005458847528,0.0086018661497114,-0.1378324616527078,0.5,0.5,0.135796314932003,0.1187165775401069
knn,y_XLK,15,34,0.0074210760919887,0.0089696895046547,-0.0470198761899807,0.4411764705882353,0.4411764705882353,0.1681091916395099,0.1116883116883116
knn,y_XLK,16,33,0.0072216185138411,0.0090243976888156,0.0733727127546935,0.6363636363636364,0.6363636363636364,0.312433946741644,0.3031417112299465
knn,y_XLK,17,33,0.0085497165791495,0.0114738139264192,-0.0586364526389333,0.4848484848484848,0.4848484848484848,0.0582015265395068,0.016711229946524
knn,y_XLK,18,34,0.008127491255222,0.0110930757234821,-0.015203362551136,0.5882352941176471,0.5882352941176471,0.1437050514944407,0.1031321619556913
knn,y_XLK,19,35,0.010516166411334,0.0139688773487387,-0.1066967309454789,0.4857142857142857,0.4857142857142857,0.0323540020258609,-0.0408963585434173
knn,y_XLK,20,34,0.0102139748433032,0.0130340506211959,-0.0881980463380838,0.4705882352941176,0.4705882352941176,0.0271779427816668,-0.0579067990832696
knn,y_XLK,21,29,0.0112708099301626,0.0150339412300961,-0.2069779224402095,0.4482758620689655,0.4482758620689655,-0.3036752885925949,-0.2793103448275862
knn,y_XLK,22,27,0.0090133458213331,0.012024051951689,-0.1618786368433182,0.5925925925925926,0.5925925925925926,-0.214724298219914,-0.1666666666666666
knn,y_XLK,23,29,0.0121536069839037,0.0156156175681803,-0.0163943721286921,0.7241379310344828,0.7241379310344828,0.1003597763699725,0.1310344827586206
knn,y_XLK,24,33,0.0133483862246663,0.0157287293757242,-0.0612149798752674,0.4242424242424242,0.4242424242424242,-0.0404336535517056,-0.0625
knn,y_XLF,0,35,0.0081767253108237,0.0098279653618265,-0.5987353286961419,0.3142857142857143,0.3142857142857143,0.0769053331781591,0.0876750700280112
knn,y_XLF,1,35,0.0065621845389918,0.0084332913758918,-0.2027250786652437,0.4285714285714285,0.4285714285714285,0.1298593617657278,0.2081232492997199
knn,y_XLF,2,37,0.0079591232638556,0.0138019114739199,-0.2626700095963816,0.4594594594594595,0.4594594594594595,-0.1646972011638788,0.099099099099099
knn,y_XLF,3,34,0.007919474350944,0.0140755038864998,-0.2546328413735477,0.5882352941176471,0.5882352941176471,-0.17191613457069,0.0924369747899159
knn,y_XLF,4,32,0.0083880579555139,0.0148915613440653,-0.1468418769047925,0.5625,0.5625,-0.1472499075138838,0.0934750733137829
knn,y_XLF,5,28,0.0081595870527653,0.0106949561555731,-0.1810922462968085,0.4285714285714285,0.4285714285714285,0.0886851995274132,0.0175150519978106
knn,y_XLF,6,29,0.0079427173351395,0.0104721459381323,-0.1894285494447458,0.4482758620689655,0.4482758620689655,0.1261641005618607,0.0566502463054187
knn,y_XLF,7,30,0.0067350967064788,0.0092711992675384,-0.2328737884332719,0.6333333333333333,0.6333333333333333,0.2632410296057171,0.2142380422691879
knn,y_XLF,8,34,0.006615015154371,0.0099325551552052,0.0863189043806358,0.6764705882352942,0.6764705882352942,0.3191063427646736,0.2635599694423223
knn,y_XLF,9,35,0.0133505285321008,0.0229651316361087,-0.0266418666984231,0.6857142857142857,0.6857142857142857,-0.0367655024470657,0.0414565826330532
knn,y_XLF,10,35,0.0152619646076178,0.0240366882447185,-0.0360544901675101,0.5142857142857142,0.5142857142857142,-0.1459877783849516,-0.1448179271708683
knn,y_XLF,11,35,0.0142348582675385,0.0232695275324411,-0.0588551420097822,0.4285714285714285,0.4285714285714285,-0.1389290755166318,-0.072829131652661
knn,y_XLF,12,34,0.0075617283482584,0.0106660211642423,-0.1060300936500786,0.4411764705882353,0.4411764705882353,0.0422885752904789,0.0559248225331445
knn,y_XLF,13,35,0.0069223363436222,0.0087799901275255,-0.1847363506829706,0.4285714285714285,0.4285714285714285,-0.0796300404753544,-0.1147139158216174
knn,y_XLF,14,34,0.0072543002571078,0.0090232058042559,-0.122268646402623,0.5,0.5,-0.094565439862419,-0.1269671504965622
knn,y_XLF,15,34,0.0075271048158965,0.0089406006005553,-0.2015224174270988,0.4411764705882353,0.4411764705882353,-0.1348052136203056,-0.1663865546218487
knn,y_XLF,16,33,0.0074098979293946,0.0092363693599406,-0.2409933410123939,0.3939393939393939,0.3939393939393939,-0.2085107433003301,-0.1674465240641711
knn,y_XLF,17,33,0.007160188785341,0.0093487410494878,-0.3521486839652932,0.3333333333333333,0.3333333333333333,-0.295296248760619,-0.2914438502673797
knn,y_XLF,18,34,0.0075053073411479,0.0104260608804956,-0.2242276370240521,0.4705882352941176,0.4705882352941176,-0.2350107173131507,-0.1281894576012223
knn,y_XLF,19,35,0.0072017583878854,0.0096297908934208,-0.1604103499603957,0.5428571428571428,0.5428571428571428,-0.0940218319871164,-0.084313725490196
knn,y_XLF,20,34,0.0072060369055477,0.0093840552052554,-0.0166343926197591,0.5882352941176471,0.5882352941176471,0.12572824000226,0.1724980901451489
knn,y_XLF,21,29,0.0061931836961125,0.0074764717497915,-0.0212223503466144,0.5517241379310345,0.5517241379310345,0.1921104395664718,0.2226600985221674
knn,y_XLF,22,27,0.0066832860879205,0.0084118956051727,-0.0072009372111827,0.4074074074074074,0.4074074074074074,0.1195609669743777,0.1691086691086691
knn,y_XLF,23,29,0.0079077516100888,0.0097174534262667,-0.1718902169096252,0.3793103448275862,0.3793103448275862,0.0152745654303862,-0.0216748768472906
knn,y_XLF,24,33,0.0094334913016244,0.0111519625376197,-0.1601950175811752,0.3939393939393939,0.3939393939393939,-0.2689077952176146,-0.3074866310160428
knn,y_XLE,0,35,0.0115713466488885,0.0134801969572122,-0.1776417966983912,0.4285714285714285,0.4285714285714285,0.1990509053802178,0.2165266106442577
knn,y_XLE,1,35,0.0099159659241589,0.0125163905067026,0.0346007965449063,0.5714285714285714,0.5714285714285714,0.2116903334531899,0.2439775910364146
knn,y_XLE,2,37,0.0105970858060279,0.0136699067458898,-0.0949369057407323,0.4594594594594595,0.4594594594594595,0.0319633945767407,-0.1325272641062114
knn,y_XLE,3,34,0.0090805254538713,0.012346476584592,-0.046045196882543,0.5,0.5,0.111743974442976,0.0316271963330786
knn,y_XLE,4,32,0.0088846009733232,0.0119645613499099,-0.0604359773134806,0.53125,0.53125,0.1045560060968157,0.1455278592375366
knn,y_XLE,5,28,0.0100534282591663,0.0125629497573147,-0.3736583683615417,0.4285714285714285,0.4285714285714285,-0.1780153278353472,-0.130815544608648
knn,y_XLE,6,29,0.0101707436465427,0.0128582892954148,-0.1318398454878138,0.5517241379310345,0.5517241379310345,0.0455076959707705,0.0517241379310344
knn,y_XLE,7,30,0.0113123111097672,0.0134277926185328,-0.1426918662489873,0.5,0.5,0.0579686642454776,0.0424916573971079
knn,y_XLE,8,34,0.0105602819384021,0.0130199139768798,0.0168963567405746,0.5882352941176471,0.5882352941176471,0.1882731553823565,0.2498090145148968
knn,y_XLE,9,35,0.0181884586617773,0.0293911380286677,-0.0246806062162214,0.5714285714285714,0.5714285714285714,-0.0187835328363423,0.0879551820728291
knn,y_XLE,10,35,0.0186371831025409,0.0298089309169447,-0.0192498732485091,0.5428571428571428,0.5428571428571428,-0.0430043794360323,0.0221288515406162
knn,y_XLE,11,35,0.0172743482609172,0.02912326709886,-0.0084491944441891,0.5142857142857142,0.5142857142857142,0.0188827333185595,0.1120448179271708
knn,y_XLE,12,34,0.0096754324795332,0.0125526738468726,-0.0537104015347704,0.5588235294117647,0.5588235294117647,0.2417330705400094,0.2791443850267379
knn,y_XLE,13,35,0.0095044592288299,0.0117167958825812,-0.1224944136703685,0.4857142857142857,0.4857142857142857,0.2042840725378171,0.1495798319327731
knn,y_XLE,14,34,0.0103494992113888,0.0124362286978148,-0.19243336090905,0.4411764705882353,0.4411764705882353,-0.0686972408328294,-0.1404125286478227
knn,y_XLE,15,34,0.009561262074152,0.0117154064819688,-0.262732096407446,0.4411764705882353,0.4411764705882353,-0.0188659115901315,-0.1284950343773873
knn,y_XLE,16,33,0.0108619315825148,0.0126741502408172,-0.4149397152628356,0.3636363636363636,0.3636363636363636,-0.1626142198261944,-0.1631016042780748
knn,y_XLE,17,33,0.0108886861497613,0.0127749379455898,-0.2200973155176941,0.3333333333333333,0.3333333333333333,0.0369202427786829,0.1181582689844436
knn,y_XLE,18,34,0.0091714894091261,0.011223902605959,-0.0445970670928492,0.4411764705882353,0.4411764705882353,0.1796964940217151,0.1865546218487395
knn,y_XLE,19,35,0.0084170954276212,0.0098764745298017,0.1543966117227966,0.5428571428571428,0.5428571428571428,0.4525589871188962,0.4997198879551821
knn,y_XLE,20,34,0.0083006441314545,0.0098179792602339,-0.0029798656338573,0.5588235294117647,0.5588235294117647,0.2946490048624822,0.3268143621084797
knn,y_XLE,21,29,0.0094045970376446,0.0117114490319715,0.0372218158144486,0.4827586206896552,0.4827586206896552,0.2547298564623712,0.2231527093596058
knn,y_XLE,22,27,0.0114949187027647,0.0147054990220889,-0.0993710213737122,0.4074074074074074,0.4074074074074074,0.0565862293971718,-0.0866910866910866
knn,y_XLE,23,29,0.0152889692448223,0.0181166562723727,-0.2918000816600445,0.2413793103448276,0.2413793103448276,-0.1589294344039821,-0.2438423645320196
knn,y_XLE,24,33,0.0129395208554295,0.0162959086333427,-0.4321700494866975,0.4242424242424242,0.4242424242424242,-0.0198718015460769,0.0026737967914438
knn,y_XLV,0,35,0.0055440717779065,0.0071105926399667,-0.1520111725546191,0.4,0.4,0.1467140621016502,0.0851540616246498
knn,y_XLV,1,35,0.004711500645388,0.0059001492378908,-0.0862251702867646,0.5142857142857142,0.5142857142857142,0.0689605924773762,0.0887955182072829
knn,y_XLV,2,37,0.0058223093048737,0.0074034030022429,-0.1388968361793421,0.5135135135135135,0.5135135135135135,-0.028204988587783,-0.011379800853485
knn,y_XLV,3,34,0.0063179901318887,0.0077995575089271,-0.0379455485905315,0.5588235294117647,0.5588235294117647,0.0979922744106966,0.0737967914438502
knn,y_XLV,4,32,0.0068273699746737,0.0083883338066102,-0.0728374651616332,0.5625,0.5625,0.1022431529148982,0.1118035190615835
knn,y_XLV,5,28,0.00647541580676,0.0074996081096694,-0.0600365645941811,0.5357142857142857,0.5357142857142857,0.0499173546989911,0.0859332238642583
knn,y_XLV,6,29,0.0062457930880663,0.0073741889114156,0.0396420947091158,0.5172413793103449,0.5172413793103449,0.2313435803745684,0.2689655172413793
knn,y_XLV,7,30,0.0058221342624829,0.0068435289312138,0.1067537856856345,0.5333333333333333,0.5333333333333333,0.4097358381630663,0.4442714126807564
knn,y_XLV,8,34,0.005516560470398,0.0067727526954827,0.1171588965449478,0.5588235294117647,0.5588235294117647,0.3532804752284709,0.2718105423987777
knn,y_XLV,9,35,0.0095760730156366,0.0149658997338805,-0.0308395846557685,0.6,0.6,-0.0154646827111698,-0.0047619047619047
knn,y_XLV,10,35,0.0114128399906905,0.016382163955241,-0.0738575063709972,0.5428571428571428,0.5428571428571428,-0.3005412143288531,-0.2952380952380952
knn,y_XLV,11,35,0.0145120265116491,0.0186141414991196,-0.0576672747788891,0.5142857142857142,0.5142857142857142,-0.0584627220042493,-0.0585434173669467
knn,y_XLV,12,34,0.0105639469923277,0.0131626801679094,-0.0219433211007307,0.4117647058823529,0.4117647058823529,0.0414400537774916,0.0105423987776928
knn,y_XLV,13,35,0.0102711011850496,0.0128845114519835,-0.0401365173063463,0.4,0.4,0.0049993378839662,-0.0739495798319327
knn,y_XLV,14,34,0.0086624181296859,0.0109567773458301,-0.1362407994630636,0.4411764705882353,0.4411764705882353,-0.1324788898410754,-0.042016806722689
knn,y_XLV,15,34,0.0093346958205864,0.0113540060355805,-0.1645700616206336,0.3823529411764705,0.3823529411764705,-0.2236643606464242,-0.1792207792207792
knn,y_XLV,16,33,0.0077006211567716,0.009603036562521,-0.0931940916267572,0.5151515151515151,0.5151515151515151,0.0322945479685118,-0.0187165775401069
knn,y_XLV,17,33,0.0085702128519281,0.0111799281663541,-0.3017412460705515,0.303030303030303,0.303030303030303,-0.230040807330264,-0.3365641711229947
knn,y_XLV,18,34,0.0071457511020949,0.0101596971828501,-0.1651609133683975,0.3823529411764705,0.3823529411764705,-0.1574441011330271,-0.2962566844919785
knn,y_XLV,19,35,0.0079254179152659,0.0111760083415206,-0.2369329971065028,0.3428571428571428,0.3428571428571428,-0.130945588571175,-0.2100840336134453
knn,y_XLV,20,34,0.006560848502449,0.0092540820007694,-0.2196933096866087,0.5,0.5,0.0483511611715813,0.0820473644003055
knn,y_XLV,21,29,0.0069495204908677,0.0096908047173783,-0.1113771522594957,0.5517241379310345,0.5517241379310345,0.1756183609567096,0.2729064039408866
knn,y_XLV,22,27,0.0069337661064391,0.0092840516533696,-0.1008409297854442,0.5185185185185185,0.5185185185185185,-0.0343268447191022,0.0824175824175824
knn,y_XLV,23,29,0.0070111322472947,0.0091216883678465,-0.0478516924860665,0.6206896551724138,0.6206896551724138,0.0340873227104471,0.0576354679802955
knn,y_XLV,24,33,0.0070616709439475,0.0092674856179877,0.0385913050411257,0.6363636363636364,0.6363636363636364,0.2308202807274457,0.0691844919786096
knn,y_XLI,0,35,0.0082785845191287,0.0102504599828358,-0.9095640164808292,0.3142857142857143,0.3142857142857143,-0.0527422817872862,-0.0011204481792717
knn,y_XLI,1,35,0.0065885791002645,0.0081151230229177,-0.2440544495095571,0.4285714285714285,0.4285714285714285,0.1316225047859307,0.1893557422969188
knn,y_XLI,2,37,0.0080149519655442,0.0113403003309565,-0.2343541010320251,0.4324324324324324,0.4324324324324324,-0.146991748677571,-0.0277382645803698
knn,y_XLI,3,34,0.0080309043404857,0.0114711506216068,-0.1673646150596179,0.5882352941176471,0.5882352941176471,-0.0946952428131296,0.0481283422459892
knn,y_XLI,4,32,0.0085106644252732,0.0121566554489862,-0.1084041938526805,0.5625,0.5625,-0.0960935969009153,0.0626832844574779
knn,y_XLI,5,28,0.0073377652411743,0.009468369622182,-0.1083031820904973,0.5714285714285714,0.5714285714285714,0.0741700452538962,0.1461412151067323
knn,y_XLI,6,29,0.0065436489730431,0.0087853660099756,-0.0777608452720517,0.6551724137931034,0.6551724137931034,0.1306215172604869,0.1763546798029556
knn,y_XLI,7,30,0.0061393202445602,0.0080241067281506,-0.1774661826313708,0.6,0.6,0.1561951966122615,0.139488320355951
knn,y_XLI,8,34,0.0069912385275562,0.0093127003634291,0.0002012925615008,0.6764705882352942,0.6764705882352942,0.1805197744485706,0.2458365164247516
knn,y_XLI,9,35,0.0145158180709703,0.0236641806218792,-0.0436336434643129,0.5714285714285714,0.5714285714285714,-0.1206228310060131,-0.0439775910364145
knn,y_XLI,10,35,0.0159713372302675,0.0242147167889841,-0.0303829040880534,0.6,0.6,-0.0849985980121928,0.0193277310924369
knn,y_XLI,11,35,0.0152882519840797,0.023944420671415,-0.0553209684599775,0.5142857142857142,0.5142857142857142,-0.0789573755266867,-0.1044817927170868
knn,y_XLI,12,34,0.0076308737318174,0.0098188066266692,-0.243925942577444,0.5294117647058824,0.5294117647058824,0.1278893275500317,0.0792971734148204
knn,y_XLI,13,35,0.0066810886077943,0.0089164920163844,-0.5719737828772893,0.4571428571428571,0.4571428571428571,-0.1761694031697279,-0.2022408963585434
knn,y_XLI,14,34,0.0055323062366256,0.0074555273377682,-0.2674773124531859,0.5,0.5,-0.0347475214163309,0.0514896867838044
knn,y_XLI,15,34,0.0062834978164835,0.0080073305342497,-0.1851732125220506,0.5,0.5,-0.0159025491549736,-0.0426279602750191
knn,y_XLI,16,33,0.005745357227767,0.0072990729557801,-0.0039439019460749,0.5757575757575758,0.5757575757575758,0.2199510976010149,0.3024732620320856
knn,y_XLI,17,33,0.0067932028089506,0.0088740178897918,-0.1890500031634321,0.5151515151515151,0.5151515151515151,-0.1404666907742555,-0.052807486631016
knn,y_XLI,18,34,0.0066190298429256,0.0086279219687746,-0.1199917964642602,0.5,0.5,-0.0959951749655697,-0.0004583651642475
knn,y_XLI,19,35,0.0070036291461458,0.0090701427088787,-0.1336783146945139,0.4285714285714285,0.4285714285714285,-0.1423161178273362,-0.0630252100840336
knn,y_XLI,20,34,0.0069943266781888,0.0087679071657595,-0.0596198955801485,0.5294117647058824,0.5294117647058824,0.082766358317411,0.0921313980137509
knn,y_XLI,21,29,0.0075646544183193,0.0096787983533359,-0.1682845039648774,0.5172413793103449,0.5172413793103449,-0.1837659118481328,-0.064039408866995
knn,y_XLI,22,27,0.0090193859439587,0.0107259832227151,-0.3756462521367987,0.4444444444444444,0.4444444444444444,-0.3862303019028004,-0.2649572649572649
knn,y_XLI,23,29,0.0090007158432215,0.0111174455168147,-0.3228143236764282,0.3793103448275862,0.3793103448275862,-0.3958368097368864,-0.3999999999999999
knn,y_XLI,24,33,0.0093660030678055,0.0111776052294002,-0.1408133273814777,0.303030303030303,0.303030303030303,-0.1275982121703092,-0.204211229946524
knn,y_XLY,0,35,0.0121859669222953,0.0148302709888822,-0.4213196719002323,0.3714285714285714,0.3714285714285714,-0.0227269798609219,0.0809523809523809
knn,y_XLY,1,35,0.0091533689648741,0.0118597544648929,-0.2791318757916139,0.4,0.4,0.1659893882902521,0.2619047619047619
knn,y_XLY,2,37,0.0098330042873481,0.0128200349338132,-0.2021237559500059,0.4324324324324324,0.4324324324324324,0.143294220904365,0.2690848743480322
knn,y_XLY,3,34,0.0097749746903033,0.01297002835994,-0.2266436465749495,0.4705882352941176,0.4705882352941176,0.1046951429448717,0.2177234530175706
knn,y_XLY,4,32,0.0113940155575423,0.0153727814999567,-0.1277173217257947,0.4375,0.4375,-0.057014906076837,-0.0197947214076246
knn,y_XLY,5,28,0.0106104174397048,0.0149773255373937,-0.097445530243887,0.4642857142857143,0.4642857142857143,0.0899974292308796,0.0963327859879584
knn,y_XLY,6,29,0.0102472539721729,0.0143600046274878,-0.0212845342313123,0.4827586206896552,0.4827586206896552,0.1379079776860923,0.2019704433497536
knn,y_XLY,7,30,0.0088660844289477,0.0113964264333168,0.0791150490418526,0.6333333333333333,0.6333333333333333,0.3115434848967481,0.2872080088987763
knn,y_XLY,8,34,0.0103720449891561,0.0128186620597354,-0.0362892201787468,0.5882352941176471,0.5882352941176471,0.1008335914118385,0.0841864018334606
knn,y_XLY,9,35,0.018708151883516,0.0276956225927221,-0.0529198465950058,0.4857142857142857,0.4857142857142857,-0.1250365172260374,-0.1299719887955182
knn,y_XLY,10,35,0.0208236177297428,0.0287585358803837,-0.0472214753062107,0.4285714285714285,0.4285714285714285,-0.1298779995611378,-0.0907563025210084
knn,y_XLY,11,35,0.0191527000656932,0.0279558797504519,-0.0678392373909382,0.4857142857142857,0.4857142857142857,-0.0516320855851104,-0.0750700280112044
knn,y_XLY,12,34,0.0106724816849614,0.013444721517087,-0.0971581661272145,0.5,0.5,0.1853859965870837,0.1526355996944232
knn,y_XLY,13,35,0.0091289396720157,0.0109247700876592,-0.2725007779682795,0.4571428571428571,0.4571428571428571,0.0320116295897017,0.0310924369747899
knn,y_XLY,14,34,0.008527819584678,0.0106805232846681,-0.0431705561656667,0.4411764705882353,0.4411764705882353,0.1318110200030879,0.2003055767761649
knn,y_XLY,15,34,0.0078563485623518,0.0104788105044869,-0.03337988117432,0.4411764705882353,0.4411764705882353,0.245435263025874,0.2782276546982429
knn,y_XLY,16,33,0.0078754933267712,0.0106214059370164,0.0081067499527329,0.5454545454545454,0.5454545454545454,0.2905429841611963,0.2921122994652406
knn,y_XLY,17,33,0.0091813117083327,0.0118181593262559,-0.1612624411443544,0.4242424242424242,0.4242424242424242,-0.0749741780746118,-0.1721256684491978
knn,y_XLY,18,34,0.0104834681997154,0.0126614551901102,-0.2265947302331454,0.2352941176470588,0.2352941176470588,-0.2790566501218551,-0.4160427807486631
knn,y_XLY,19,35,0.0114882620322177,0.0141071652513702,-0.2441503326249947,0.2857142857142857,0.2857142857142857,-0.2754591923856411,-0.3067226890756303
knn,y_XLY,20,34,0.009857330522921,0.0128339848684032,-0.074918125416777,0.4705882352941176,0.4705882352941176,-0.0499669148527462,0.0117647058823529
knn,y_XLY,21,29,0.009417586853721,0.0123660152292393,-0.1142073864490644,0.5172413793103449,0.5172413793103449,-0.168231764553962,-0.0921182266009852
knn,y_XLY,22,27,0.0077937314002412,0.0098995560995579,-0.3378173085863163,0.4444444444444444,0.4444444444444444,-0.2543743263811843,-0.2429792429792429
knn,y_XLY,23,29,0.0076866406668707,0.0095626610042756,-0.1775060882128556,0.5172413793103449,0.5172413793103449,-0.0869245395609576,-0.0862068965517241
knn,y_XLY,24,33,0.0086264098737203,0.0105572348281281,-0.2217692796427612,0.4848484848484848,0.4848484848484848,-0.203707495931379,-0.1758021390374331
knn,y_XLP,0,35,0.0050318074156418,0.0058046844278685,-0.1132104599383565,0.4857142857142857,0.4857142857142857,0.1723150575607566,0.203641456582633
knn,y_XLP,1,35,0.0042824094952335,0.0049840621558593,0.1101864864152617,0.6285714285714286,0.6285714285714286,0.3367967862814585,0.3190476190476191
knn,y_XLP,2,37,0.0046608130695288,0.0056963475605941,0.1103647652043511,0.5675675675675675,0.5675675675675675,0.3530346003593791,0.3067804646752015
knn,y_XLP,3,34,0.005018685663171,0.0060425965521346,0.0252949330634559,0.5,0.5,0.1822777827844341,0.0884644766997708
knn,y_XLP,4,32,0.005415939500269,0.0065224419506467,0.0528689605050088,0.5,0.5,0.253991964639544,0.1074046920821114
knn,y_XLP,5,28,0.0050449619731709,0.005999704503687,-0.1042502298247571,0.4642857142857143,0.4642857142857143,-0.0336050809316923,-0.0886699507389162
knn,y_XLP,6,29,0.0054613846639577,0.0063874657627509,0.0198908737167451,0.4137931034482758,0.4137931034482758,0.1653370281533208,-0.0206896551724137
knn,y_XLP,7,30,0.0065596879205191,0.0078522894421202,0.0676300073097715,0.4666666666666667,0.4666666666666667,0.349943177459325,0.1973303670745272
knn,y_XLP,8,34,0.0074678651908395,0.0089885151484202,0.0991988582767605,0.5,0.5,0.3800187211254138,0.2644766997708174
knn,y_XLP,9,35,0.0097098897379869,0.0136939583008856,0.0281417799290727,0.6285714285714286,0.6285714285714286,0.1862600214359272,0.3212885154061625
knn,y_XLP,10,35,0.0100763630392255,0.0138984668355064,-0.0196312539253082,0.5428571428571428,0.5428571428571428,-0.0550153011158078,-0.0033613445378151
knn,y_XLP,11,35,0.0103273038739134,0.0139965348025216,-0.0609943888426063,0.4857142857142857,0.4857142857142857,-0.1385972478569526,-0.1509803921568627
knn,y_XLP,12,34,0.0075898424195728,0.0091195628501639,-0.0641065781973178,0.5,0.5,-0.0459575404616841,-0.0802139037433155
knn,y_XLP,13,35,0.0064536133221305,0.0080279977302858,-0.1811722714941117,0.5142857142857142,0.5142857142857142,-0.2026906975925792,-0.1829131652661065
knn,y_XLP,14,34,0.0055632925368499,0.0069289611669899,-0.1242857168909858,0.5,0.5,-0.1755638727833124,-0.1190221543162719
knn,y_XLP,15,34,0.0054438836250406,0.006564519464009,-0.0509820903908946,0.4411764705882353,0.4411764705882353,-0.0443628836063429,-0.0809840326299634
knn,y_XLP,16,33,0.005523991705917,0.0064026389997617,-0.0679411269843146,0.3636363636363636,0.3636363636363636,0.0032504577268666,-0.0442884600861069
knn,y_XLP,17,33,0.0051594023525592,0.0060493996446972,-0.1643280686795949,0.303030303030303,0.303030303030303,-0.1677660368721314,-0.1788101604278075
knn,y_XLP,18,34,0.0063018870225869,0.0081574431149099,-0.2308091730006938,0.2941176470588235,0.2941176470588235,-0.4595633389637593,-0.4184873949579831
knn,y_XLP,19,35,0.0064340157241945,0.0084866957933211,-0.1687803901674509,0.3142857142857143,0.3142857142857143,-0.3723592127529758,-0.2899159663865546
knn,y_XLP,20,34,0.0069727809758244,0.0088960886024037,-0.1516263533966138,0.3823529411764705,0.3823529411764705,-0.2421604101335444,-0.2131398013750954
knn,y_XLP,21,29,0.0055422448674084,0.0067710035085153,-0.0680660129245633,0.5517241379310345,0.5517241379310345,0.0874447816149663,0.0630541871921182
knn,y_XLP,22,27,0.0065796587528809,0.0082667360472489,-0.0997626703515022,0.6296296296296297,0.6296296296296297,0.105819685506309,0.1636141636141636
knn,y_XLP,23,29,0.0078944361345061,0.0096856098351772,-0.2229106555873898,0.4827586206896552,0.4827586206896552,-0.0261387795297042,-0.0068965517241379
knn,y_XLP,24,33,0.0084030256109911,0.0100904268187346,-0.0847367552071667,0.4242424242424242,0.4242424242424242,0.1752595183772906,0.1460561497326203
knn,y_XLB,0,35,0.0090841161813187,0.0112883809103545,-0.6817599499254963,0.4,0.4,-0.0315833730847547,-0.0484593837535014
knn,y_XLB,1,35,0.0069349098089137,0.0085719271882135,-0.1856081159470506,0.4857142857142857,0.4857142857142857,0.1556040279160319,0.1781512605042017
knn,y_XLB,2,37,0.0073899763529205,0.0093076996275121,-0.2187850375335716,0.4054054054054054,0.4054054054054054,-0.1097504497561393,-0.0770507349454717
knn,y_XLB,3,34,0.0067067389884163,0.0080457032742124,-0.1417715866889044,0.5,0.5,0.0708577069101593,0.0435446906035141
knn,y_XLB,4,32,0.007806505236729,0.0097871573999757,-0.1955847928871652,0.53125,0.53125,0.0413564325811224,0.064149560117302
knn,y_XLB,5,28,0.0082232056474663,0.0099187010675518,-0.1570317509817815,0.5714285714285714,0.5714285714285714,-0.0527890815449131,-0.064039408866995
knn,y_XLB,6,29,0.0073302940560722,0.0092151987595309,-0.1169118282585979,0.5862068965517241,0.5862068965517241,0.0418674783694504,-0.0123152709359605
knn,y_XLB,7,30,0.0075336874807982,0.0086940790425008,-0.2101223569289272,0.5333333333333333,0.5333333333333333,0.1047274599227526,0.0531701890989988
knn,y_XLB,8,34,0.0071271833200034,0.0091827361643149,-0.037421341039886,0.6764705882352942,0.6764705882352942,0.1534326144143237,0.0820473644003055
knn,y_XLB,9,35,0.0150358822929473,0.0240803119086941,-0.0642356614319794,0.6571428571428571,0.6571428571428571,-0.1746392915389161,-0.1224089635854341
knn,y_XLB,10,35,0.0156320824477371,0.0247125148077628,-0.0790082296014522,0.6857142857142857,0.6857142857142857,-0.2875101373900015,-0.2492997198879551
knn,y_XLB,11,35,0.0157207123201487,0.024555696085308,-0.0950812328483452,0.5714285714285714,0.5714285714285714,-0.2191783619316557,-0.2467787114845938
knn,y_XLB,12,34,0.0085099242757491,0.0107086267423081,-0.2906775438645932,0.3823529411764705,0.3823529411764705,-0.0323850761920339,-0.0362108479755538
knn,y_XLB,13,35,0.0082023743496183,0.0099104923833344,-0.4273552793595421,0.3714285714285714,0.3714285714285714,-0.1788879493475456,-0.2011204481792717
knn,y_XLB,14,34,0.0088279592463596,0.0101710905789683,-0.0888695075478835,0.3823529411764705,0.3823529411764705,0.1210708493087632,0.1566080977845683
knn,y_XLB,15,34,0.0082008186955918,0.0099136419546748,-0.0565588351566481,0.4411764705882353,0.4411764705882353,0.1652433583113262,0.214684086500186
knn,y_XLB,16,33,0.00707152209274,0.0089884554324803,0.1342173918460952,0.5757575757575758,0.5757575757575758,0.4804901379828794,0.5255767595652652
knn,y_XLB,17,33,0.0075641057246894,0.0096450963918324,-0.0668636076425215,0.3939393939393939,0.3939393939393939,0.0409328296946254,0.0030090272494194
knn,y_XLB,18,34,0.0080746720945588,0.0102047882018256,-0.1528904456308777,0.5,0.5,-0.0895757695722294,-0.1456073338426279
knn,y_XLB,19,35,0.0088579649037032,0.0108998167789902,-0.1913917520585772,0.4,0.4,-0.2824130487914265,-0.2310924369747899
knn,y_XLB,20,34,0.0082843561813061,0.010377189042591,-0.0436878058267602,0.4705882352941176,0.4705882352941176,0.0715990088654596,0.0887700534759358
knn,y_XLB,21,29,0.0075998735279503,0.0098234914166132,-0.1156822184045169,0.5172413793103449,0.5172413793103449,0.1199052568140366,0.1798029556650245
knn,y_XLB,22,27,0.0087611907754103,0.0113420146005773,-0.4097119457707543,0.4444444444444444,0.4444444444444444,-0.1228230065700429,-0.0702075702075702
knn,y_XLB,23,29,0.0106175241284575,0.0134762311075116,-0.243887246259649,0.3448275862068966,0.3448275862068966,-0.2400183971824352,-0.2945812807881773
knn,y_XLB,24,33,0.0116248745357316,0.0140205688982997,-0.0823681885984692,0.4242424242424242,0.4242424242424242,-0.0745093108882066,-0.1353609625668449
knn,y_XLU,0,35,0.0059994961610786,0.0077467442554215,-0.2473733017983646,0.4571428571428571,0.4571428571428571,0.1303608340127508,-0.042296918767507
knn,y_XLU,1,35,0.0074510479433362,0.0090583568331437,-0.097547136382537,0.4,0.4,-0.0085057155765862,-0.1313725490196078
knn,y_XLU,2,37,0.0093400216636459,0.0114134138788916,-0.0823763589562054,0.4324324324324324,0.4324324324324324,-0.0812185513712578,-0.0500237079184447
knn,y_XLU,3,34,0.0096936097181976,0.0117237046025612,-0.1527280724181288,0.3823529411764705,0.3823529411764705,-0.2184820377772133,-0.1706646294881589
knn,y_XLU,4,32,0.0092482744625873,0.0115626771320991,-0.0751388899006424,0.5625,0.5625,-0.0236497116324517,-0.0461876832844574
knn,y_XLU,5,28,0.0080670991737975,0.0106115922998392,-0.1015148611506051,0.5357142857142857,0.5357142857142857,-0.046328511957669,-0.0136836343732895
knn,y_XLU,6,29,0.0082780591997546,0.0106942221666868,0.0573517907305342,0.6206896551724138,0.6206896551724138,0.28431699498088,0.2822660098522166
knn,y_XLU,7,30,0.0079621358006857,0.0106076189161684,-0.0129165386208274,0.6,0.6,0.1179434650994597,0.1426028921023359
knn,y_XLU,8,34,0.0077613176740616,0.0099920914771925,0.1422944085721245,0.6764705882352942,0.6764705882352942,0.4424566483393963,0.4844919786096256
knn,y_XLU,9,35,0.0094850764449413,0.0150884750898789,-0.0233257662571959,0.6,0.6,0.0350153595788439,0.2148459383753501
knn,y_XLU,10,35,0.0096116741085876,0.0152808580945737,-0.0090776082647099,0.6285714285714286,0.6285714285714286,0.0410400614999764,0.2257703081232493
knn,y_XLU,11,35,0.0105849381989375,0.016167338180069,-0.1519491484188864,0.4571428571428571,0.4571428571428571,-0.3283314607944091,-0.2507002801120448
knn,y_XLU,12,34,0.0083184968640418,0.0110096905275794,-0.1918718689186405,0.5,0.5,-0.2472706403103687,-0.2372803666921314
knn,y_XLU,13,35,0.0086205883138551,0.0106599806260503,-0.1963280352916188,0.4857142857142857,0.4857142857142857,-0.244484751371835,-0.2918767507002801
knn,y_XLU,14,34,0.007072848286266,0.0087389260170419,-0.1319131350796714,0.5588235294117647,0.5588235294117647,-0.1297349715294838,-0.2235294117647058
knn,y_XLU,15,34,0.0061888881428016,0.0075447733101031,-0.0938987789015042,0.5588235294117647,0.5588235294117647,-0.0752759258943933,-0.0108479755538579
knn,y_XLU,16,33,0.0058890748162875,0.007399765020211,-0.0874670986339409,0.5454545454545454,0.5454545454545454,-0.0038928019913145,-0.0207219251336898
knn,y_XLU,17,33,0.0065862006519762,0.0079769173958443,-0.1880534631961703,0.4545454545454545,0.4545454545454545,-0.1559058448582704,-0.177807486631016
knn,y_XLU,18,34,0.0074447257537016,0.0090860571019639,-0.144212529558166,0.4705882352941176,0.4705882352941176,-0.2112729185852427,-0.2088617265087853
knn,y_XLU,19,35,0.0070062959770131,0.008715381143308,-0.190295019571947,0.4857142857142857,0.4857142857142857,-0.2651843971724565,-0.1826330532212885
knn,y_XLU,20,34,0.0063013264959232,0.0079451862104737,-0.1633675103305345,0.5882352941176471,0.5882352941176471,0.0291378772614684,0.1926661573720396
knn,y_XLU,21,29,0.0057431758827726,0.0068348997967214,-0.060102819037493,0.6206896551724138,0.6206896551724138,0.2514852258755577,0.3458128078817733
knn,y_XLU,22,27,0.0071100091686035,0.0090032989509023,-0.1801900035680836,0.5185185185185185,0.5185185185185185,-0.1109347573691001,0.1092796092796092
knn,y_XLU,23,29,0.0083639910106606,0.0110580034961983,-0.1939595758319774,0.5517241379310345,0.5517241379310345,-0.2885162245839148,-0.0832512315270935
knn,y_XLU,24,33,0.0084588300763789,0.0110650828937065,-0.213575988165066,0.4545454545454545,0.4545454545454545,-0.1785029391335441,-0.0524732620320855
knn,y_XLRE,0,35,0.0071089325815619,0.0097506097341403,-0.6763442693171124,0.4857142857142857,0.4857142857142857,-0.0849702410382846,0.0060228307452131
knn,y_XLRE,1,35,0.0062170759018201,0.0082424671636943,-0.491784529401601,0.4285714285714285,0.4285714285714285,-0.0693215523566491,0.0030814482882485
knn,y_XLRE,2,37,0.0077793933733112,0.0095163645057717,-0.0302927477835583,0.5135135135135135,0.5135135135135135,0.1892643403291612,0.1678520625889046
knn,y_XLRE,3,34,0.0085633993418707,0.0102772617687269,-0.1604567289079443,0.3823529411764705,0.3823529411764705,0.0800899621321958,0.040183346065699
knn,y_XLRE,4,32,0.0093339396761658,0.0118495287765115,0.0599789194461906,0.59375,0.59375,0.2762523109014408,0.2126099706744868
knn,y_XLRE,5,28,0.0087473235111239,0.0116765541319502,-0.0226340038043002,0.4285714285714285,0.4285714285714285,0.1756612419981962,0.1384783798576902
knn,y_XLRE,6,29,0.0089346576098067,0.0119228518062007,0.1006821606817355,0.5172413793103449,0.5172413793103449,0.3614365748699139,0.4290640394088668
knn,y_XLRE,7,30,0.0071470273645877,0.0091850194543975,-0.0664159137834607,0.5333333333333333,0.5333333333333333,0.3503624984920693,0.3454949944382647
knn,y_XLRE,8,34,0.0070719698012138,0.0090082314585108,0.2300188321002901,0.6764705882352942,0.6764705882352942,0.4890639574150183,0.5786096256684492
knn,y_XLRE,9,35,0.0112160815495595,0.0172138046129798,-0.0347947296852102,0.7142857142857143,0.7142857142857143,0.0498548336380056,0.1350140056022409
knn,y_XLRE,10,35,0.0122015919761595,0.0180463434298011,-0.072098988427476,0.5714285714285714,0.5714285714285714,-0.1167989619880818,-0.0333333333333333
knn,y_XLRE,11,35,0.0123437393534696,0.0182584448032879,-0.1385999932059247,0.5714285714285714,0.5714285714285714,-0.135570317845361,-0.0554621848739495
knn,y_XLRE,12,34,0.0073491933414175,0.0100693164024756,-0.240579997393217,0.5294117647058824,0.5294117647058824,0.0584567978210728,0.1168831168831168
knn,y_XLRE,13,35,0.0068068916629144,0.0095139307347476,-0.2406328241657571,0.5142857142857142,0.5142857142857142,0.0223614388091273,0.1030812324929972
knn,y_XLRE,14,34,0.0060949192084,0.0081597549518245,-0.1624222133570878,0.5,0.5,0.1225493483879533,0.1688440680303954
knn,y_XLRE,15,34,0.0072540586719176,0.0094486353766275,-0.2901104876796749,0.5,0.5,0.0288219679846192,-0.0032085561497326
knn,y_XLRE,16,33,0.0071476363571992,0.0090691018962776,-0.1999229555980328,0.5151515151515151,0.5151515151515151,0.2530693687383795,0.2068850267379679
knn,y_XLRE,17,33,0.0072830540635773,0.0089586647923569,-0.5419785496756202,0.4545454545454545,0.4545454545454545,-0.0491127221985647,-0.0614973262032085
knn,y_XLRE,18,34,0.0076555029528327,0.0097973042384315,-0.2258448144359881,0.4117647058823529,0.4117647058823529,-0.0776097820179236,-0.1046600458365164
knn,y_XLRE,19,35,0.0081369724622876,0.0102402518255859,-0.2550776835851351,0.3714285714285714,0.3714285714285714,-0.2307112528726232,-0.2221288515406163
knn,y_XLRE,20,34,0.0076087634319911,0.0098648681013139,-0.2423334199815405,0.4117647058823529,0.4117647058823529,-0.1913260025810614,-0.1288006111535523
knn,y_XLRE,21,29,0.0059505656882413,0.0071785181745711,-0.1716699320870713,0.5862068965517241,0.5862068965517241,0.0997958176537444,0.1009852216748768
knn,y_XLRE,22,27,0.006792436352743,0.0076924373905905,-0.3317254271460845,0.4814814814814814,0.4814814814814814,0.0685277732519918,0.1214896214896214
knn,y_XLRE,23,29,0.0084278003055875,0.0105758533731503,-0.4991891091673373,0.3793103448275862,0.3793103448275862,-0.1553933841991989,-0.1320197044334975
knn,y_XLRE,24,33,0.0084528085578307,0.0104283571072139,-0.4087305109741024,0.3939393939393939,0.3939393939393939,-0.0299720702328897,0.0247326203208556
knn,y_XLC,0,35,0.0077125001077877,0.0098142638959051,-0.4919789718365974,0.4285714285714285,0.4285714285714285,0.1747980013024522,0.3117865404382422
knn,y_XLC,1,35,0.0058536608504251,0.0076443376762042,-0.1826522785875031,0.4571428571428571,0.4571428571428571,0.2590657101599966,0.2931577848774667
knn,y_XLC,2,37,0.0070578462244097,0.0093838128074646,-0.4838245013589719,0.2972972972972973,0.2972972972972973,-0.1269201774170859,-0.1334834926178652
knn,y_XLC,3,34,0.0067991762015298,0.0091113920477065,-0.4281709350051759,0.3823529411764705,0.3823529411764705,-0.1152280790335517,-0.0517952635599694
knn,y_XLC,4,32,0.0086047406861105,0.0114437908601555,-0.2103848493636595,0.4375,0.4375,-0.187646209709263,-0.1323313782991202
knn,y_XLC,5,28,0.0074437961824672,0.0098005030640814,-0.0396577994718105,0.6428571428571429,0.6428571428571429,0.1701184466337126,0.1746031746031746
knn,y_XLC,6,29,0.0084345985485666,0.0104908827677453,-0.1607336248484565,0.4827586206896552,0.4827586206896552,0.0039013311195927,-0.0694581280788177
knn,y_XLC,7,30,0.0065052991060683,0.0078675611993315,0.0348765652533737,0.5666666666666667,0.5666666666666667,0.3284417137801028,0.2738598442714127
knn,y_XLC,8,34,0.0086088841874867,0.0102017967892429,-0.0567508296342289,0.4705882352941176,0.4705882352941176,0.0915682838033384,-0.0365164247517188
knn,y_XLC,9,35,0.0150497472352664,0.0230122190987359,-0.013776802697444,0.5142857142857142,0.5142857142857142,0.0216025868354154,0.0705882352941176
knn,y_XLC,10,35,0.0172679209102052,0.0243775411165636,-0.0330310757770826,0.4571428571428571,0.4571428571428571,-0.0924012322244197,-0.0823529411764705
knn,y_XLC,11,35,0.0155954411122185,0.0235740364981086,-0.0540651819856605,0.4285714285714285,0.4285714285714285,-0.0839561993812775,-0.1487394957983193
knn,y_XLC,12,34,0.008555068084654,0.0110968210835418,-0.3171361832983803,0.5,0.5,-0.0493292693254409,0.0643239113827349
knn,y_XLC,13,35,0.0063914563312764,0.0073913678397901,-0.5799749255201387,0.4571428571428571,0.4571428571428571,-0.1104132833650464,-0.0829131652661064
knn,y_XLC,14,34,0.0065252417834822,0.0079163274465301,-0.1647171552705872,0.5294117647058824,0.5294117647058824,0.0849008113082877,0.1593582887700534
knn,y_XLC,15,34,0.0066652711390995,0.0083450532038887,-0.3483306209695478,0.4705882352941176,0.4705882352941176,-0.1479976322451264,-0.1511077158135981
knn,y_XLC,16,33,0.0069123977253782,0.0087142626384016,-0.3101050937348766,0.5151515151515151,0.5151515151515151,0.1088162364297623,0.1239973262032085
knn,y_XLC,17,33,0.0064404776407409,0.0084111608943726,-0.2279104166267449,0.4848484848484848,0.4848484848484848,-0.0884835779013922,-0.0240641711229946
knn,y_XLC,18,34,0.0072487772144639,0.0088405924808125,-0.3316629633136065,0.4117647058823529,0.4117647058823529,-0.2801317123888265,-0.3103132161955691
knn,y_XLC,19,35,0.0074221187310319,0.009113362697867,-0.3094842258526284,0.4857142857142857,0.4857142857142857,-0.2550337501365929,-0.199719887955182
knn,y_XLC,20,34,0.0066982833404817,0.0084749363770917,-0.2007325127416077,0.5294117647058824,0.5294117647058824,-0.226072093002403,-0.2021390374331551
knn,y_XLC,21,29,0.0060574058134955,0.0079036289214131,-0.218130914645517,0.5172413793103449,0.5172413793103449,-0.1858651322836995,-0.0788177339901477
knn,y_XLC,22,27,0.0049149679864781,0.0064307039532865,-0.2999956316655041,0.4814814814814814,0.4814814814814814,-0.0007097566783691,0.1916971916971917
knn,y_XLC,23,29,0.0064038168700689,0.0087261480895278,-0.0758409015262755,0.4827586206896552,0.4827586206896552,-0.0141310557903152,0.025615763546798
knn,y_XLC,24,33,0.0069165051557169,0.009111771682607,-0.1083514097406264,0.4545454545454545,0.4545454545454545,-0.0747296935239239,-0.0531417112299465
ridge,y_UUP,0,35,0.0100087041422473,0.0137622136551074,-11.697070437788094,0.4857142857142857,0.4857142857142857,0.0183313399188331,0.0067226890756302
ridge,y_UUP,1,35,0.0102087265397401,0.0136726041405404,-15.930579916387089,0.5142857142857142,0.5142857142857142,0.0057723359917963,0.0067226890756302
ridge,y_UUP,2,37,0.0154911802377022,0.0233831635884042,-27.630447158088494,0.4864864864864865,0.4864864864864865,0.0150469085549615,0.0130393551446183
ridge,y_UUP,3,34,0.0164043104449159,0.0248223016226274,-29.14853845960645,0.4411764705882353,0.4411764705882353,-0.1138448046883853,-0.1449961802902979
ridge,y_UUP,4,32,0.0173014818591818,0.0258149611082118,-26.0734997379396,0.4375,0.4375,-0.1024966243817123,-0.1425953079178885
ridge,y_UUP,5,28,0.0120189149722767,0.0179754760078778,-18.47232777557452,0.4642857142857143,0.4642857142857143,-0.2938783977157759,-0.3212917350848385
ridge,y_UUP,6,29,0.0133182544037364,0.0191986983053237,-21.226843074336344,0.3793103448275862,0.3793103448275862,-0.2932228574846587,-0.3256558714195308
ridge,y_UUP,7,30,0.0161481999691333,0.0240997588914563,-30.727873789303047,0.4666666666666667,0.4666666666666667,-0.2836300904902183,-0.1779953287240772
ridge,y_UUP,8,34,0.015119043367772,0.0220694166386026,-21.726021118978174,0.3823529411764705,0.3823529411764705,-0.3187610520348233,-0.2935064935064935
ridge,y_UUP,9,35,0.0122519283618083,0.0166128901697719,-5.643438606409574,0.5428571428571428,0.5428571428571428,-0.1866169897574374,-0.1011204481792717
ridge,y_UUP,10,35,0.0075308471684833,0.0100225978817985,-1.2040175018166597,0.6285714285714286,0.6285714285714286,0.1289818858265689,0.2072829131652661
ridge,y_UUP,11,35,0.0081515711333974,0.0104679921050673,-1.3289350382814584,0.5714285714285714,0.5714285714285714,0.1365159171860659,0.2187675070028011
ridge,y_UUP,12,34,0.0059717566073013,0.0076705084207525,-1.3374435902176227,0.5,0.5,0.1200150868766835,0.1621208653214928
ridge,y_UUP,13,35,0.0056459780213426,0.0069716919989907,-1.459582765299177,0.5428571428571428,0.5428571428571428,0.2212591570304114,0.1913165266106443
ridge,y_UUP,14,34,0.0054560387776841,0.0065574238161704,-1.2058745210751844,0.4411764705882353,0.4411764705882353,0.2247478470684051,0.1874856755414436
ridge,y_UUP,15,34,0.0050258785265454,0.0060375719546761,-0.9578129929322424,0.5,0.5,0.1818353775940113,0.1257544506687922
ridge,y_UUP,16,33,0.0064554185461115,0.0078522261662433,-2.225368521855713,0.4545454545454545,0.4545454545454545,0.0364485681332907,-0.0506392581361901
ridge,y_UUP,17,33,0.0100138671765309,0.0161429764749702,-14.839156895829888,0.3939393939393939,0.3939393939393939,-0.3822940490879186,-0.4119662419330321
ridge,y_UUP,18,34,0.0106240380999844,0.0162781627043999,-18.86569097699377,0.3235294117647059,0.3235294117647059,-0.3935315139375735,-0.4807089936865376
ridge,y_UUP,19,35,0.0093271647664497,0.0162287248966959,-21.47226786029127,0.2857142857142857,0.2857142857142857,-0.472734367174852,-0.5518207282913166
ridge,y_UUP,20,34,0.0067287011332776,0.0086495846575062,-7.735475099495645,0.3529411764705882,0.3529411764705882,-0.1328536952651673,-0.2904507257448434
ridge,y_UUP,21,29,0.0068625456820619,0.0089406136749397,-10.130308557451595,0.4137931034482758,0.4137931034482758,-0.1693460752918788,-0.1517241379310344
ridge,y_UUP,22,27,0.0060743163338036,0.0079606672673676,-5.66738442270979,0.3703703703703703,0.3703703703703703,-0.1898870193639139,-0.177045177045177
ridge,y_UUP,23,29,0.0061005834463383,0.0074777339241355,-2.482545080890062,0.4137931034482758,0.4137931034482758,0.0501120854387516,0.0263579260528667
ridge,y_UUP,24,33,0.0051041631643822,0.0061436899333364,-1.4087839080466202,0.4545454545454545,0.4545454545454545,0.0886619531332198,-0.0300827276056575
ridge,y_TLT,0,35,0.0217440105713194,0.0345483284868892,-19.43758082094812,0.4571428571428571,0.4571428571428571,-0.1048847328565728,-0.2834733893557423
ridge,y_TLT,1,35,0.0220949405145928,0.0307565467561507,-20.297771876814352,0.4857142857142857,0.4857142857142857,-0.0353403386257485,-0.146218487394958
ridge,y_TLT,2,37,0.0346684100588859,0.0592919123647265,-46.89193418442498,0.3783783783783784,0.3783783783783784,-0.0664896698467424,-0.0972024656235182
ridge,y_TLT,3,34,0.0396676863875635,0.0632294182924393,-53.300368947242326,0.3823529411764705,0.3823529411764705,-0.0881268342442632,-0.1413292589763178
ridge,y_TLT,4,32,0.0377289974500121,0.0672110313921914,-53.48224401037744,0.40625,0.40625,-0.0282061900900159,-0.0905425219941348
ridge,y_TLT,5,28,0.0227788412175862,0.0310096510967249,-16.165820558532324,0.3214285714285714,0.3214285714285714,-0.1475214985349582,-0.2200328407224958
ridge,y_TLT,6,29,0.0209117126943085,0.0301357386711241,-14.266074697221104,0.4137931034482758,0.4137931034482758,-0.1793028383259585,-0.2172413793103448
ridge,y_TLT,7,30,0.0298079684590568,0.0417192578924316,-23.61235673393976,0.5,0.5,0.0165413743235348,-0.0487208008898776
ridge,y_TLT,8,34,0.0270986935933404,0.0360254731034393,-19.0016703582018,0.5,0.5,0.0658717245627504,0.0258212375859434
ridge,y_TLT,9,35,0.0244443245743638,0.0313623735426344,-9.26370778062286,0.5142857142857142,0.5142857142857142,0.0699364592448148,0.0156862745098039
ridge,y_TLT,10,35,0.0232547522000441,0.0406171555269408,-19.59248904792014,0.4285714285714285,0.4285714285714285,-0.1623569296642047,-0.1128851540616246
ridge,y_TLT,11,35,0.0281778639418569,0.0473847589815302,-25.172432739317703,0.6857142857142857,0.6857142857142857,0.0037454488510091,0.1210084033613445
ridge,y_TLT,12,34,0.0239253768503144,0.0411136009898116,-25.57441204698652,0.7058823529411765,0.7058823529411765,0.0095455665064281,0.1309396485867074
ridge,y_TLT,13,35,0.0194371754725408,0.0276818107662096,-12.762588102969294,0.6,0.6,0.2256776992228125,0.2327731092436975
ridge,y_TLT,14,34,0.0126689323752288,0.0167006495269157,-3.822539639596005,0.5294117647058824,0.5294117647058824,-0.0589862569220912,-0.0514896867838044
ridge,y_TLT,15,34,0.0105431376502923,0.01410737424027,-3.180145760454065,0.5588235294117647,0.5588235294117647,-0.0841295942864952,0.0190985485103132
ridge,y_TLT,16,33,0.0117130198384359,0.0152891007700664,-3.647212482805436,0.5454545454545454,0.5454545454545454,0.1560911104948342,0.0501336898395722
ridge,y_TLT,17,33,0.0165465574480063,0.0221185803300511,-11.30419463728342,0.3939393939393939,0.3939393939393939,-0.0555980048637047,-0.1046122994652406
ridge,y_TLT,18,34,0.0206908619494582,0.0273787058391271,-20.213944682431983,0.3823529411764705,0.3823529411764705,-0.1769193226911885,-0.1825821237585943
ridge,y_TLT,19,35,0.0195836052277275,0.0273171377638061,-25.21476233187799,0.3428571428571428,0.3428571428571428,-0.2734651233883212,-0.3131652661064426
ridge,y_TLT,20,34,0.0193914189114773,0.0333578577499528,-43.94048092865225,0.3823529411764705,0.3823529411764705,-0.2461293686089595,-0.2736440030557677
ridge,y_TLT,21,29,0.0142747130277376,0.0264230628646826,-26.804042966718704,0.4482758620689655,0.4482758620689655,-0.0942871567925158,-0.0862068965517241
ridge,y_TLT,22,27,0.0147817184918094,0.0253809945127408,-29.519240331202784,0.4814814814814814,0.4814814814814814,-0.1173427132562891,-0.1361416361416361
ridge,y_TLT,23,29,0.010704725462921,0.0134486451333714,-4.813720136822061,0.4827586206896552,0.4827586206896552,-0.2298849931811207,-0.2123152709359605
ridge,y_TLT,24,33,0.0117515506035262,0.0143122444454004,-6.76124815623445,0.4242424242424242,0.4242424242424242,-0.1283205770658705,-0.1550802139037433
ridge,y_GLD,0,35,0.0203698962093288,0.0276680890178085,-9.46050159470422,0.4571428571428571,0.4571428571428571,0.1759941385411079,0.2072829131652661
ridge,y_GLD,1,35,0.0225732445199749,0.0322461923004145,-16.50709438595214,0.4857142857142857,0.4857142857142857,0.1244556872866241,0.1277310924369748
ridge,y_GLD,2,37,0.026866876360103,0.0379585444478362,-14.022804680084592,0.3783783783783784,0.3783783783783784,-0.1781246404104292,-0.1955903271692745
ridge,y_GLD,3,34,0.0281774078270376,0.0391301148115371,-16.428352736275816,0.3823529411764705,0.3823529411764705,-0.2474894387505584,-0.2987012987012987
ridge,y_GLD,4,32,0.0268386303872368,0.0367633939025369,-11.733789171807382,0.4375,0.4375,-0.1276935549139363,-0.1433284457478005
ridge,y_GLD,5,28,0.0226763822845495,0.0344206181931709,-16.898656533954565,0.5,0.5,0.1027853227907794,0.11767925561029
ridge,y_GLD,6,29,0.0223443783123937,0.0293234449255729,-11.86722101902559,0.5517241379310345,0.5517241379310345,0.1151248285393698,0.0438423645320196
ridge,y_GLD,7,30,0.0272530354001187,0.0348198647914437,-21.620825848059507,0.4666666666666667,0.4666666666666667,-0.261788398116041,-0.2062291434927697
ridge,y_GLD,8,34,0.0244629355052244,0.0305772612058977,-14.646595139437071,0.4117647058823529,0.4117647058823529,-0.2804364728686649,-0.2681436210847975
ridge,y_GLD,9,35,0.0209569961834357,0.0260160581042511,-4.186630937464064,0.4,0.4,-0.2369885025669449,-0.3711484593837535
ridge,y_GLD,10,35,0.0147859232060717,0.0187257510239713,-0.8693495734767152,0.4857142857142857,0.4857142857142857,0.1322660108302527,0.1296918767507003
ridge,y_GLD,11,35,0.0183366594847288,0.0242109924245229,-1.2464836393330485,0.6571428571428571,0.6571428571428571,0.1891014595387719,0.2778711484593837
ridge,y_GLD,12,34,0.0157363146968691,0.0213012107716348,-1.2578567754335004,0.6176470588235294,0.6176470588235294,0.1994334560615433,0.281894576012223
ridge,y_GLD,13,35,0.0138043933218075,0.0163236466221725,-1.016362411370661,0.6,0.6,0.3112368567265953,0.2495798319327731
ridge,y_GLD,14,34,0.0117660888406507,0.01434641860791,-2.03923110732612,0.4411764705882353,0.4411764705882353,-0.1151056471219637,-0.120550038197097
ridge,y_GLD,15,34,0.0099577279540442,0.0125718444374751,-1.6195802690425336,0.5,0.5,-0.0200000945263605,0.0288770053475935
ridge,y_GLD,16,33,0.0107398238229493,0.0135580413076265,-2.38941447108583,0.3939393939393939,0.3939393939393939,-0.2664887263964617,-0.2894385026737968
ridge,y_GLD,17,33,0.015454292583689,0.0234252987837002,-9.036585412224731,0.4242424242424242,0.4242424242424242,-0.0873889913534106,-0.1768048128342246
ridge,y_GLD,18,34,0.0188629283753796,0.0262388599653271,-2.1880390629900943,0.3823529411764705,0.3823529411764705,-0.0142607257295561,-0.1086325439266615
ridge,y_GLD,19,35,0.0182023037477572,0.025431687958785,-1.7876435354432458,0.3714285714285714,0.3714285714285714,-0.1001269839539691,-0.1285714285714286
ridge,y_GLD,20,34,0.0156346471778473,0.0239265842058888,-1.6319691506688754,0.4117647058823529,0.4117647058823529,-0.1331784617664831,-0.1443850267379678
ridge,y_GLD,21,29,0.0139154143708496,0.0211605082959498,-6.992586791585117,0.3103448275862069,0.3103448275862069,-0.4921828650856704,-0.4591133004926107
ridge,y_GLD,22,27,0.0117955914191177,0.0148498423307966,-3.7243106151389433,0.3333333333333333,0.3333333333333333,-0.2410478127176214,-0.3253968253968254
ridge,y_GLD,23,29,0.0197255678924808,0.0273136561956673,-0.0109105402583777,0.4137931034482758,0.4137931034482758,0.1717581010698183,0.0236453201970443
ridge,y_GLD,24,33,0.0214837555154702,0.028526848557807,-0.0746752985896164,0.4242424242424242,0.4242424242424242,0.0948724617345121,0.0621657754010695
ridge,y_BTC-USD,0,60,0.0414574859140665,0.0658633699220523,-3.970306744067313,0.5,0.5,0.0337895342856556,-0.0688524590163934
ridge,y_BTC-USD,1,60,0.0383741211045412,0.0617803974173976,-8.56927417883178,0.4833333333333333,0.4833333333333333,-0.0877070223913327,-0.0768546818560711
ridge,y_BTC-USD,2,60,0.0438420286951118,0.0646399632673788,-5.322935575667409,0.5166666666666667,0.5166666666666667,0.0715810061206272,0.0105584884690191
ridge,y_BTC-USD,3,60,0.0417964758249391,0.0578178220279126,-4.206980684504589,0.5166666666666667,0.5166666666666667,0.0024474084923496,-0.0061128091136426
ridge,y_BTC-USD,4,60,0.043569877826584,0.0608139502469217,-3.735514357921748,0.5333333333333333,0.5333333333333333,-0.026120592979855,0.0172270075020839
ridge,y_BTC-USD,5,60,0.0357446824693857,0.0473403427419891,-3.314085398357813,0.4166666666666667,0.4166666666666667,-0.0480667862506717,-0.0574048346762989
ridge,y_BTC-USD,6,60,0.0310544047885862,0.0398969643797965,-2.0531115354832843,0.4833333333333333,0.4833333333333333,0.0145232565146985,-0.0198944151153098
ridge,y_BTC-USD,7,60,0.0325156201833592,0.0409476076298691,-2.602580720175548,0.5,0.5,-0.0213248977178309,-0.0430119477632675
ridge,y_BTC-USD,8,60,0.0322882631679242,0.0413604036068601,-1.368727314722428,0.5,0.5,-0.026096348277101,-0.03828841344818
ridge,y_BTC-USD,9,60,0.0381847730932277,0.048681642629486,-1.5301870383837626,0.4166666666666667,0.4166666666666667,-0.182361292935389,-0.1931091969991664
ridge,y_BTC-USD,10,60,0.0375585183778011,0.0462496995808215,-1.380715219727059,0.3333333333333333,0.3333333333333333,-0.2271688648647557,-0.3073631564323423
ridge,y_BTC-USD,11,60,0.0348539137741865,0.0455912869745699,-2.5137835781612914,0.3833333333333333,0.3833333333333333,-0.2500435793787882,-0.306196165601556
ridge,y_BTC-USD,12,60,0.0298437523376637,0.0381520061267554,-3.2216109586199355,0.4333333333333333,0.4333333333333333,-0.1934390635260341,-0.2659627674353987
ridge,y_BTC-USD,13,60,0.027669177881853,0.0362933516678751,-3.3776362922705223,0.4833333333333333,0.4833333333333333,-0.0712723451267458,-0.071964434565157
ridge,y_BTC-USD,14,60,0.0230655840346654,0.0312369137419119,-3.521649140938411,0.5,0.5,-0.0973370485667016,-0.0446235065295915
ridge,y_BTC-USD,15,60,0.0221250867004911,0.0283346312991718,-2.242211306356306,0.4666666666666667,0.4666666666666667,-0.0420388250707288,-0.0731869963878855
ridge,y_BTC-USD,16,60,0.0220728526767939,0.0305303142626395,-3.397949639503657,0.4333333333333333,0.4333333333333333,-0.1851005580210374,-0.1467074187274243
ridge,y_BTC-USD,17,60,0.0319192430359039,0.0697793784730436,-12.307871603358262,0.3833333333333333,0.3833333333333333,-0.2705257474379422,-0.18060572381217
ridge,y_BTC-USD,18,60,0.0316704113326098,0.0751351885997758,-16.259028894881535,0.5,0.5,-0.3027320212040945,-0.1224784662406224
ridge,y_BTC-USD,19,60,0.0353399733800395,0.0757970179827592,-10.115234145448133,0.5166666666666667,0.5166666666666667,-0.1307308305686265,0.0192831342039455
ridge,y_BTC-USD,20,60,0.028113088998623,0.0362334886702642,-1.6732797459135371,0.5,0.5,0.058993155440186,-0.0489024729091414
ridge,y_BTC-USD,21,60,0.0254563139842463,0.0317697883616907,-1.1481550974757306,0.5166666666666667,0.5166666666666667,0.1447477537478593,0.067129758266185
ridge,y_BTC-USD,22,60,0.021436303286014,0.0274966890955303,-1.1144979241734134,0.45,0.45,0.0166826205409411,-0.085190330647402
ridge,y_BTC-USD,23,60,0.0271008110242049,0.0384180805776807,-0.4752250380738159,0.4666666666666667,0.4666666666666667,-0.0091596978953812,-0.0959155320922478
ridge,y_BTC-USD,24,60,0.0293746022491216,0.0395574815005482,-0.2581433705805946,0.45,0.45,0.0775242710788139,0.0173381494859683
ridge,y_XLK,0,35,0.0315887139710055,0.0438738097202453,-6.87141125057766,0.6,0.6,0.2624111126104776,0.2904761904761905
ridge,y_XLK,1,35,0.0359943443928269,0.0497759616890938,-13.805550652803438,0.6,0.6,0.2474911128331159,0.2890756302521008
ridge,y_XLK,2,37,0.0491389421964536,0.0671092742586613,-23.5668709176706,0.4864864864864865,0.4864864864864865,-0.1277059288862071,-0.0694642010431484
ridge,y_XLK,3,34,0.0429293452128334,0.0564808918271439,-19.001683331364905,0.3235294117647059,0.3235294117647059,-0.3269001222673879,-0.3372039724980901
ridge,y_XLK,4,32,0.0365984090421915,0.0492867387653844,-11.378316821382777,0.40625,0.40625,-0.2815875968877175,-0.2642961876832844
ridge,y_XLK,5,28,0.027164349811391,0.0348872935102793,-7.053829392097853,0.4642857142857143,0.4642857142857143,0.0631537330941294,-0.0810071154898741
ridge,y_XLK,6,29,0.038750768766627,0.0668127448112007,-23.26283923763461,0.6206896551724138,0.6206896551724138,-0.024366300624719,0.141871921182266
ridge,y_XLK,7,30,0.0584713230631383,0.0863129961830117,-35.750144023627925,0.6333333333333333,0.6333333333333333,-0.0961048454305444,0.0082313681868743
ridge,y_XLK,8,34,0.054147700346512,0.0830249035935141,-28.96975461093856,0.5588235294117647,0.5588235294117647,-0.1384648947214116,-0.1508021390374331
ridge,y_XLK,9,35,0.0513266951160035,0.0736803933014045,-4.148311532866519,0.3714285714285714,0.3714285714285714,-0.1030743581446975,-0.3249299719887955
ridge,y_XLK,10,35,0.042044987367137,0.0589898706138266,-2.1015267471874566,0.3428571428571428,0.3428571428571428,-0.1598975355211099,-0.3546218487394958
ridge,y_XLK,11,35,0.0492757154926398,0.0713164266009688,-3.762863595053542,0.4571428571428571,0.4571428571428571,-0.1199202052857579,-0.2324929971988795
ridge,y_XLK,12,34,0.0385041879557603,0.0614594626997365,-19.566461021150424,0.3823529411764705,0.3823529411764705,-0.2822465587497007,-0.3735676088617264
ridge,y_XLK,13,35,0.0279041127302194,0.0412947615625061,-23.822755180116022,0.5142857142857142,0.5142857142857142,-0.1077610308101782,-0.0787114845938375
ridge,y_XLK,14,34,0.0200953765665707,0.0238233807998718,-7.727698687114861,0.5,0.5,-0.1061510543121463,-0.0899923605805958
ridge,y_XLK,15,34,0.0176398412906445,0.0211202911929693,-4.80496907028167,0.4411764705882353,0.4411764705882353,-0.2669293603911284,-0.2378915202444614
ridge,y_XLK,16,33,0.0188522966018101,0.0251111052797708,-6.174642925748381,0.5151515151515151,0.5151515151515151,0.1288518750161686,-0.0297459893048128
ridge,y_XLK,17,33,0.0283906540494258,0.0547559977858476,-23.10985695256649,0.5151515151515151,0.5151515151515151,0.1315273118048197,0.0464572192513369
ridge,y_XLK,18,34,0.0290635632275355,0.0529969230389171,-22.17130017982634,0.5882352941176471,0.5882352941176471,0.1618582479828799,0.0979373567608861
ridge,y_XLK,19,35,0.0319005455945466,0.0533306114546484,-15.130905425315834,0.5428571428571428,0.5428571428571428,0.1455252968511888,0.1176470588235294
ridge,y_XLK,20,34,0.0216376304270665,0.0276576346824948,-3.899809630911677,0.5,0.5,0.0635541921736051,0.0435446906035141
ridge,y_XLK,21,29,0.0227269682098118,0.0292119339132576,-3.556949846163092,0.5517241379310345,0.5517241379310345,-0.0314258217085761,-0.0029556650246305
ridge,y_XLK,22,27,0.0181466295787009,0.0242248789740232,-3.716092455506264,0.5555555555555556,0.5555555555555556,0.1210755087942876,0.1739926739926739
ridge,y_XLK,23,29,0.0218278402044423,0.0281933416343091,-2.3131189667445478,0.4827586206896552,0.4827586206896552,-0.0233193551714282,-0.0561576354679802
ridge,y_XLK,24,33,0.0216353483723892,0.028710519862357,-2.535885589949753,0.4242424242424242,0.4242424242424242,-0.1292575795323103,-0.0093582887700534
ridge,y_XLF,0,35,0.0239849115061825,0.0301096548523378,-14.005860064508752,0.4857142857142857,0.4857142857142857,-0.1599241745208296,-0.1722689075630252
ridge,y_XLF,1,35,0.0257511355768329,0.0328355912848061,-17.23315557898997,0.4571428571428571,0.4571428571428571,-0.1955310053668552,-0.1885154061624649
ridge,y_XLF,2,37,0.0350378507002206,0.0541574210843756,-18.441391302681584,0.5135135135135135,0.5135135135135135,0.0852866565299071,0.043859649122807
ridge,y_XLF,3,34,0.0325048319473814,0.0461099829019071,-12.464141642697026,0.5294117647058824,0.5294117647058824,0.0668556053356874,0.0328495034377387
ridge,y_XLF,4,32,0.0288499076539207,0.0425771435063334,-8.375104466562245,0.59375,0.59375,0.0765704620440612,0.1642228739002932
ridge,y_XLF,5,28,0.0198690796055631,0.0299576774044579,-8.26706226564797,0.5714285714285714,0.5714285714285714,-0.0506416561775465,-0.0158730158730158
ridge,y_XLF,6,29,0.0263884498900015,0.0422873065655349,-18.39487724765976,0.5517241379310345,0.5517241379310345,-0.1118360993748868,-0.0103448275862068
ridge,y_XLF,7,30,0.036532433973715,0.052870000794903,-39.09271087390464,0.6,0.6,0.0017284359709392,0.0874304783092324
ridge,y_XLF,8,34,0.0363680650921553,0.0530586228227315,-25.07261641510924,0.5882352941176471,0.5882352941176471,-0.0281965307603587,0.0252100840336134
ridge,y_XLF,9,35,0.0406137579391622,0.0567091025763587,-5.260177421823816,0.5428571428571428,0.5428571428571428,-0.05084514182657,-0.1473389355742297
ridge,y_XLF,10,35,0.0337876138268056,0.0429569128318616,-2.309020524396201,0.3714285714285714,0.3714285714285714,-0.1971451816810935,-0.3635854341736695
ridge,y_XLF,11,35,0.035900922745202,0.0466775153703185,-3.260660014449813,0.2857142857142857,0.2857142857142857,-0.2129631928492475,-0.4092436974789916
ridge,y_XLF,12,34,0.0266310969181579,0.0360659683454552,-11.646118757214827,0.2647058823529412,0.2647058823529412,-0.3003481390880667,-0.3528153421558218
ridge,y_XLF,13,35,0.0214803001077357,0.0297940502279489,-12.64246191068358,0.3714285714285714,0.3714285714285714,-0.033436455458773,-0.0061628965764971
ridge,y_XLF,14,34,0.0148236030625672,0.0192257449815622,-4.094967975335027,0.4117647058823529,0.4117647058823529,0.0060355482615164,-0.0090145148968678
ridge,y_XLF,15,34,0.0134969204384874,0.0179915244941909,-3.8655777676294902,0.5,0.5,0.0930339721383729,0.1248281130634071
ridge,y_XLF,16,33,0.0151254692802882,0.0186747128887843,-4.073115317514857,0.4848484848484848,0.4848484848484848,-0.0180349430751314,-0.0641711229946524
ridge,y_XLF,17,33,0.019212424548607,0.0292453974921287,-12.23223624092269,0.4848484848484848,0.4848484848484848,-0.0349980736246816,-0.0544786096256684
ridge,y_XLF,18,34,0.0225964750919723,0.0313026347075443,-10.035282430407134,0.3823529411764705,0.3823529411764705,-0.168465844623569,-0.2293353705118411
ridge,y_XLF,19,35,0.0213296821361133,0.0318673766624395,-11.707803990999892,0.4,0.4,-0.2037689073201043,-0.2338935574229692
ridge,y_XLF,20,34,0.0224620278005369,0.0324285237914997,-11.14054122830483,0.3235294117647059,0.3235294117647059,-0.1823371317980898,-0.2177234530175706
ridge,y_XLF,21,29,0.0214742971890217,0.0328457795565222,-18.709974638575257,0.4137931034482758,0.4137931034482758,-0.0897211491296243,-0.2344827586206896
ridge,y_XLF,22,27,0.021670470596187,0.0324694158803108,-14.006427841107518,0.3703703703703703,0.3703703703703703,-0.0952901463787711,-0.1648351648351648
ridge,y_XLF,23,29,0.0164254235596126,0.0214079492260555,-4.687640331778285,0.4482758620689655,0.4482758620689655,-0.1000876359968257,-0.1162561576354679
ridge,y_XLF,24,33,0.0173242644624343,0.0212858674876121,-3.2267941798044677,0.4848484848484848,0.4848484848484848,-0.01549257726824,-0.0310828877005347
ridge,y_XLE,0,35,0.0283116272852702,0.034833102299626,-6.863303642814839,0.4285714285714285,0.4285714285714285,0.0758633273046354,-0.0375350140056022
ridge,y_XLE,1,35,0.0321524171974214,0.0419389703591271,-9.838876177724348,0.5142857142857142,0.5142857142857142,0.1611350564134462,0.1431372549019608
ridge,y_XLE,2,37,0.0402430190208296,0.0524195605207219,-15.100699392456368,0.4864864864864865,0.4864864864864865,0.1101928377201025,-0.0483641536273115
ridge,y_XLE,3,34,0.036866282126199,0.0525359394442467,-17.939886881738897,0.5588235294117647,0.5588235294117647,0.0921586504033294,0.1077158135981665
ridge,y_XLE,4,32,0.0362209002689988,0.0527311899735359,-19.59804657642817,0.65625,0.65625,0.0426907635036534,0.157624633431085
ridge,y_XLE,5,28,0.0270903859414223,0.036122503418318,-10.35667433467879,0.7142857142857143,0.7142857142857143,0.135208625949748,0.2019704433497537
ridge,y_XLE,6,29,0.0314797214111876,0.0408439981404304,-10.42023627288535,0.6206896551724138,0.6206896551724138,0.2633110864899824,0.2492610837438423
ridge,y_XLE,7,30,0.0377334223562624,0.0505517902983919,-15.195448038988603,0.6,0.6,0.2051286790961854,0.12880978865406
ridge,y_XLE,8,34,0.04467501123004,0.0584824575116396,-18.835095865348396,0.5588235294117647,0.5588235294117647,0.1509389656525966,0.1407181054239877
ridge,y_XLE,9,35,0.0606365905216575,0.075899538548479,-5.833354991960719,0.4285714285714285,0.4285714285714285,-0.1180389994885739,-0.2061624649859944
ridge,y_XLE,10,35,0.0481273130946894,0.066874667128358,-4.129926369239911,0.5428571428571428,0.5428571428571428,-0.0898301970051236,-0.0966386554621848
ridge,y_XLE,11,35,0.0416657656887692,0.0595165661293426,-3.2116237802278897,0.5428571428571428,0.5428571428571428,-0.0992804754799721,-0.0434173669467787
ridge,y_XLE,12,34,0.0230906126827347,0.0298561202934321,-4.960950580569556,0.5882352941176471,0.5882352941176471,0.1986272601064691,0.2134453781512605
ridge,y_XLE,13,35,0.0256175138293262,0.0326088941700551,-7.694379696764884,0.4857142857142857,0.4857142857142857,0.0030934503392624,0.0442577030812325
ridge,y_XLE,14,34,0.0209855289133177,0.0268766239969793,-4.569371000140997,0.5588235294117647,0.5588235294117647,0.0798436857405056,0.0352941176470588
ridge,y_XLE,15,34,0.0202295860029429,0.0277195344226755,-6.069168922134413,0.5588235294117647,0.5588235294117647,0.2220895929113464,0.255614973262032
ridge,y_XLE,16,33,0.0149977650359736,0.0202606168603864,-2.6158096752509308,0.6363636363636364,0.6363636363636364,0.4297750863362728,0.4578877005347593
ridge,y_XLE,17,33,0.0221414434440271,0.0310243005355357,-6.195829603689906,0.6060606060606061,0.6060606060606061,0.173188417234536,0.2403275683163083
ridge,y_XLE,18,34,0.0245875960305182,0.0351841861439936,-9.264931190959702,0.4117647058823529,0.4117647058823529,-0.0705542868825503,-0.0013750954927425
ridge,y_XLE,19,35,0.028159821019521,0.0357618422444974,-10.086707365422052,0.3428571428571428,0.3428571428571428,-0.1391843636995658,-0.1386554621848739
ridge,y_XLE,20,34,0.0278242744048038,0.0341799389534828,-11.155996310280088,0.3529411764705882,0.3529411764705882,-0.1575467445990993,-0.174025974025974
ridge,y_XLE,21,29,0.028227950112349,0.0345156802934928,-7.362533119158897,0.3103448275862069,0.3103448275862069,-0.2139909176743347,-0.1600985221674876
ridge,y_XLE,22,27,0.0218627712804021,0.0300704685066279,-3.5969008969990863,0.3703703703703703,0.3703703703703703,-0.1478301386179383,-0.1184371184371184
ridge,y_XLE,23,29,0.0240768785476673,0.0342948733508788,-3.629111326434297,0.4137931034482758,0.4137931034482758,-0.2649721293435582,-0.1724137931034482
ridge,y_XLE,24,33,0.0235039941335342,0.0321294718715768,-4.567299674146744,0.4848484848484848,0.4848484848484848,-0.1150911423802317,-0.1206550802139037
ridge,y_XLV,0,35,0.0185720707096483,0.0253509601624098,-13.6431300220476,0.5714285714285714,0.5714285714285714,0.1444697158791044,0.0809523809523809
ridge,y_XLV,1,35,0.0208431037758721,0.02670641365444,-21.254867428446413,0.5142857142857142,0.5142857142857142,-0.0318905485459654,-0.1711484593837535
ridge,y_XLV,2,37,0.0256431679952167,0.0347458244814815,-24.08573603031064,0.4864864864864865,0.4864864864864865,-0.23797677966201,-0.2816500711237553
ridge,y_XLV,3,34,0.0276724634140285,0.0359114772278423,-21.003976986203742,0.2941176470588235,0.2941176470588235,-0.2112735150778328,-0.3427043544690603
ridge,y_XLV,4,32,0.0257256910660355,0.0336731239948046,-16.288182617681755,0.21875,0.21875,-0.1322430811435397,-0.2939882697947213
ridge,y_XLV,5,28,0.0173970046420096,0.0231716656321546,-9.119480360647644,0.5357142857142857,0.5357142857142857,0.2406193208375803,0.1209633278598795
ridge,y_XLV,6,29,0.0199436389019085,0.0322435000970479,-17.360688215282575,0.5172413793103449,0.5172413793103449,-0.0842956006578912,-0.0315270935960591
ridge,y_XLV,7,30,0.033003761419716,0.0488654820983721,-44.54234036494468,0.4333333333333333,0.4333333333333333,0.1713498848943029,-0.0763070077864293
ridge,y_XLV,8,34,0.0323015780902515,0.0477519411425919,-42.88682577023914,0.4411764705882353,0.4411764705882353,0.1385401754013492,-0.1715813598166539
ridge,y_XLV,9,35,0.0329437418888023,0.0459158956328688,-8.703123182385742,0.5428571428571428,0.5428571428571428,0.1333045383095937,-0.0240896358543417
ridge,y_XLV,10,35,0.0238935991654725,0.0300540206650883,-2.6141758734036444,0.4857142857142857,0.4857142857142857,-0.0613867097851807,-0.1717086834733893
ridge,y_XLV,11,35,0.0266941898618538,0.0335218779097203,-2.4302022316788565,0.5428571428571428,0.5428571428571428,-0.0560972822935126,-0.1588235294117647
ridge,y_XLV,12,34,0.0192064353461304,0.0253351502072909,-2.7860393120907165,0.4117647058823529,0.4117647058823529,-0.1398680950778059,-0.2241405653170358
ridge,y_XLV,13,35,0.0153625569052588,0.0208410087245998,-1.7213970083666217,0.5142857142857142,0.5142857142857142,0.1210689300027057,0.1910364145658263
ridge,y_XLV,14,34,0.0108096434180358,0.0134562576347933,-0.7137729906806456,0.5,0.5,0.2582394110401839,0.2892284186401833
ridge,y_XLV,15,34,0.0090180702596519,0.0118197614018456,-0.2620739401147596,0.5882352941176471,0.5882352941176471,0.3509552707391159,0.3967914438502674
ridge,y_XLV,16,33,0.0103479439695933,0.0142427735364654,-1.4047462099088603,0.5454545454545454,0.5454545454545454,0.2441046477125315,0.2857620320855615
ridge,y_XLV,17,33,0.0214223764093717,0.0552597135897392,-30.80269314574108,0.5454545454545454,0.5454545454545454,-0.2869771201501347,0.0427807486631016
ridge,y_XLV,18,34,0.0233009482935489,0.0525048076223517,-30.118777189245566,0.4705882352941176,0.4705882352941176,-0.2901164066720808,-0.1080213903743315
ridge,y_XLV,19,35,0.0215651670372499,0.0474683062772692,-21.31414302456105,0.4857142857142857,0.4857142857142857,-0.3000793046916271,-0.1535014005602241
ridge,y_XLV,20,34,0.0160777143376384,0.0212185505195157,-5.412322858190226,0.4705882352941176,0.4705882352941176,-0.0033360105270636,-0.0658517952635599
ridge,y_XLV,21,29,0.0164121874830715,0.0217274546471329,-4.586753173267583,0.4482758620689655,0.4482758620689655,-0.0686871556811411,-0.0581280788177339
ridge,y_XLV,22,27,0.0156136245040316,0.021175688388844,-4.726965241775086,0.4814814814814814,0.4814814814814814,-0.0676659832751126,0.0293040293040293
ridge,y_XLV,23,29,0.0120479048030166,0.0148229194180118,-1.7670490171144473,0.4137931034482758,0.4137931034482758,-0.0414532724513662,0.0054187192118226
ridge,y_XLV,24,33,0.0120273931117452,0.0146057732263169,-1.3879944375499194,0.4545454545454545,0.4545454545454545,0.0610179775952211,0.0447860962566844
ridge,y_XLI,0,35,0.0215817555414689,0.0286603711885993,-13.928326835816303,0.4571428571428571,0.4571428571428571,0.1817967012988399,0.0025210084033613
ridge,y_XLI,1,35,0.0237285931988931,0.0311310403960544,-17.307811950278627,0.4285714285714285,0.4285714285714285,0.2076259941957614,0.0168067226890756
ridge,y_XLI,2,37,0.0372822668688129,0.0604677897696784,-34.094482323507194,0.4324324324324324,0.4324324324324324,0.1265271571744068,0.1133238501659554
ridge,y_XLI,3,34,0.0309363657818385,0.0472148367870346,-18.776505110332323,0.4411764705882353,0.4411764705882353,0.1065609177569291,0.095492742551566
ridge,y_XLI,4,32,0.0311441047230071,0.0465301417018065,-15.23823023941594,0.46875,0.46875,0.0556567910836523,0.0700146627565982
ridge,y_XLI,5,28,0.0190785021228156,0.0236197543893343,-5.896979385637623,0.3571428571428571,0.3571428571428571,0.1875419596525664,0.1247947454844006
ridge,y_XLI,6,29,0.0273964248728933,0.0462339188886907,-28.848608949688977,0.3793103448275862,0.3793103448275862,-0.0592792044052013,0.0123152709359605
ridge,y_XLI,7,30,0.0342499834397626,0.0493999203186586,-43.62801254841503,0.4666666666666667,0.4666666666666667,-0.0178755114296495,0.0077864293659621
ridge,y_XLI,8,34,0.033568148223111,0.049783399968398,-27.571327447390075,0.5882352941176471,0.5882352941176471,-0.0382604966434155,-0.0236822001527883
ridge,y_XLI,9,35,0.0363032479693661,0.0488041780641286,-3.438938559811512,0.5142857142857142,0.5142857142857142,-0.0586247910176134,-0.1798319327731092
ridge,y_XLI,10,35,0.0317262694815955,0.0393619732107625,-1.7226610550733632,0.3714285714285714,0.3714285714285714,-0.2065806560713565,-0.3753501400560224
ridge,y_XLI,11,35,0.0346294442807891,0.0463126426866564,-2.947980749092599,0.3714285714285714,0.3714285714285714,-0.1671667124718458,-0.3778711484593838
ridge,y_XLI,12,34,0.0249224186886778,0.0371127956488926,-16.771514974436318,0.2941176470588235,0.2941176470588235,-0.3673258317956744,-0.4640183346065698
ridge,y_XLI,13,35,0.0183917094138807,0.02783686044012,-14.32137536948902,0.4,0.4,-0.0955605866765119,-0.1854341736694678
ridge,y_XLI,14,34,0.0129906576661529,0.0165418962940564,-5.239561186350651,0.3823529411764705,0.3823529411764705,0.1027328907071121,-0.0701298701298701
ridge,y_XLI,15,34,0.0122105193614432,0.0160733365915882,-3.775494986264509,0.4705882352941176,0.4705882352941176,0.1585164196462059,0.093353705118411
ridge,y_XLI,16,33,0.012055939524956,0.0147606497031885,-3.105678936340964,0.4242424242424242,0.4242424242424242,0.1458636908362515,0.0825534759358288
ridge,y_XLI,17,33,0.0141537501606638,0.0184063584455158,-4.11558457346608,0.5151515151515151,0.5151515151515151,-0.0022626487868025,0.0220588235294117
ridge,y_XLI,18,34,0.015704940818521,0.0199204527360917,-4.970364321119292,0.5588235294117647,0.5588235294117647,-0.0701098237762743,-0.0734912146676852
ridge,y_XLI,19,35,0.0162104034531008,0.0199504984171794,-4.484904861151244,0.4857142857142857,0.4857142857142857,-0.1299191891888083,-0.1327731092436975
ridge,y_XLI,20,34,0.0185513735956736,0.0267934674953983,-8.895005999799658,0.5,0.5,-0.0809544364690435,-0.0737967914438502
ridge,y_XLI,21,29,0.0186283617374097,0.0274989189881726,-8.430548992457265,0.5172413793103449,0.5172413793103449,-0.1072859569815139,-0.0517241379310344
ridge,y_XLI,22,27,0.0190363167671453,0.0274939971509625,-8.038748642564405,0.5185185185185185,0.5185185185185185,-0.0056355673981654,0.0225885225885225
ridge,y_XLI,23,29,0.0143049311997944,0.0186143652467184,-2.708389407405277,0.4482758620689655,0.4482758620689655,-0.2795401032993682,-0.2620689655172413
ridge,y_XLI,24,33,0.0157663297153673,0.0220524253628294,-3.440478519902755,0.4848484848484848,0.4848484848484848,-0.4148459823808178,-0.2864304812834224
ridge,y_XLY,0,35,0.039768404842445,0.0519873835360407,-16.46584148145174,0.5714285714285714,0.5714285714285714,0.0832265656519637,0.1593837535014005
ridge,y_XLY,1,35,0.0413484463281807,0.0539948917667806,-25.513635160573152,0.5142857142857142,0.5142857142857142,0.222795824875139,0.342296918767507
ridge,y_XLY,2,37,0.0509706913932514,0.0741480677222235,-39.21336707724341,0.5135135135135135,0.5135135135135135,0.1262854384214156,0.1614509246088193
ridge,y_XLY,3,34,0.0403905820095687,0.0577744399952391,-23.33929819302508,0.5,0.5,-0.0035923398693974,-0.0429335370511841
ridge,y_XLY,4,32,0.0388067233442512,0.0536410867765126,-12.73063045394017,0.40625,0.40625,-0.0060663614548484,-0.0351906158357771
ridge,y_XLY,5,28,0.0314503874908266,0.0426127834573311,-7.883707308929617,0.5,0.5,0.0275484837507795,-0.0191570881226053
ridge,y_XLY,6,29,0.0388429712416151,0.0565451327087987,-14.835364004923038,0.5862068965517241,0.5862068965517241,-0.0106805209901483,0.1118226600985221
ridge,y_XLY,7,30,0.0528944836569829,0.0743331656292396,-38.17718704733384,0.5333333333333333,0.5333333333333333,-0.0982024481115744,-0.0433815350389321
ridge,y_XLY,8,34,0.0484253620851209,0.0731701979629378,-32.76478929591246,0.5882352941176471,0.5882352941176471,-0.0694495118267046,-0.0478227654698242
ridge,y_XLY,9,35,0.0441786088261126,0.0673316071581989,-5.223160597360319,0.5714285714285714,0.5714285714285714,-0.0264389321282928,-0.1588235294117647
ridge,y_XLY,10,35,0.0338828427110978,0.0454348362154014,-1.6138636507558617,0.5142857142857142,0.5142857142857142,-0.0667658462157707,-0.0868347338935574
ridge,y_XLY,11,35,0.0414483676410636,0.0597894759481467,-3.884375465543851,0.4285714285714285,0.4285714285714285,-0.1150368839686187,-0.1985994397759103
ridge,y_XLY,12,34,0.0341362177994033,0.0521386031357843,-15.50001735951129,0.3529411764705882,0.3529411764705882,-0.2806135150919996,-0.3423987776928953
ridge,y_XLY,13,35,0.0311489563448173,0.0427243536165558,-18.46186458438962,0.3428571428571428,0.3428571428571428,-0.2473603327943395,-0.3420168067226891
ridge,y_XLY,14,34,0.024165843392301,0.0294544148930433,-6.933613844157858,0.3823529411764705,0.3823529411764705,-0.1498323488308724,-0.1624140565317035
ridge,y_XLY,15,34,0.0240600551723201,0.0294317824967464,-7.152093632304741,0.3235294117647059,0.3235294117647059,-0.2360151716937133,-0.2498090145148968
ridge,y_XLY,16,33,0.0199848036272162,0.0253791268152211,-4.663100538246036,0.4242424242424242,0.4242424242424242,-0.1089931712486306,-0.080548128342246
ridge,y_XLY,17,33,0.028359494040971,0.0574016228096271,-26.395487921186923,0.4242424242424242,0.4242424242424242,-0.157611661605266,-0.0818850267379679
ridge,y_XLY,18,34,0.0287477485015497,0.0549408111273058,-22.095319980475065,0.4411764705882353,0.4411764705882353,-0.1462821096148265,-0.0521008403361344
ridge,y_XLY,19,35,0.0299342421388939,0.056594102962559,-19.02330274445639,0.4857142857142857,0.4857142857142857,-0.0857216070211438,-0.0019607843137254
ridge,y_XLY,20,34,0.0264238180003473,0.0377176989902688,-8.284162232896952,0.4117647058823529,0.4117647058823529,-0.0743504925677152,-0.0844919786096256
ridge,y_XLY,21,29,0.0271071502079061,0.0401281032097371,-10.732856062810216,0.4482758620689655,0.4482758620689655,-0.0784798378129019,-0.070935960591133
ridge,y_XLY,22,27,0.0261672036030739,0.0343719945479835,-15.127789145181817,0.4074074074074074,0.4074074074074074,-0.1252181328870111,-0.1697191697191697
ridge,y_XLY,23,29,0.0223520515177703,0.0264324259316322,-7.9966264496043955,0.4482758620689655,0.4482758620689655,0.0014089792202043,0.0049261083743842
ridge,y_XLY,24,33,0.0207847128990263,0.0247942201050693,-5.7389113268261385,0.4848484848484848,0.4848484848484848,-0.0298682294910147,-0.035427807486631
ridge,y_XLP,0,35,0.0199341995728902,0.0276173484151727,-24.19904068809859,0.4,0.4,0.10335425589685,-0.0308123249299719
ridge,y_XLP,1,35,0.0205528126971066,0.0272437791025151,-25.586844664834896,0.3428571428571428,0.3428571428571428,-0.1442070433025994,-0.269467787114846
ridge,y_XLP,2,37,0.0261150116811002,0.0335426867660528,-29.847126105730386,0.4054054054054054,0.4054054054054054,0.0609048586358914,-0.0862968231389283
ridge,y_XLP,3,34,0.025895987105808,0.0325830201924425,-27.34057789553125,0.3529411764705882,0.3529411764705882,-0.0133525099014978,-0.1779984721161191
ridge,y_XLP,4,32,0.0256639555598507,0.0330639969030266,-23.3388653244718,0.34375,0.34375,0.0829433558020527,-0.0476539589442815
ridge,y_XLP,5,28,0.0197826502524593,0.0306334122220525,-27.787140420775472,0.4642857142857143,0.4642857142857143,-0.2291784275360347,-0.1696770662287903
ridge,y_XLP,6,29,0.0240867331912334,0.0356675359072529,-29.56071260756759,0.5172413793103449,0.5172413793103449,-0.010620415932533,-0.0315270935960591
ridge,y_XLP,7,30,0.0288279913818002,0.0384705753750273,-21.37963772062841,0.5666666666666667,0.5666666666666667,0.0385488474100838,0.0682981090100111
ridge,y_XLP,8,34,0.024826252594357,0.031622925409141,-10.14954400434824,0.5294117647058824,0.5294117647058824,0.1661734941321656,0.1550802139037433
ridge,y_XLP,9,35,0.0216244039831013,0.0271244221696403,-2.812992056933544,0.5714285714285714,0.5714285714285714,0.1603278440790348,0.1061624649859944
ridge,y_XLP,10,35,0.0205292525330398,0.0296740095575591,-3.64795391509236,0.5428571428571428,0.5428571428571428,0.155033449398819,0.1904761904761905
ridge,y_XLP,11,35,0.0194465559820589,0.0269318289589662,-2.928291666612252,0.6,0.6,0.071108779023279,0.1137254901960784
ridge,y_XLP,12,34,0.0166856371147904,0.0234490982586417,-6.035409476071283,0.6470588235294118,0.6470588235294118,0.0237898183257238,-0.0655462184873949
ridge,y_XLP,13,35,0.0124840225892925,0.0175210745283159,-4.626265663570599,0.7428571428571429,0.7428571428571429,0.0554127101285726,0.1033613445378151
ridge,y_XLP,14,34,0.0118590723438663,0.0167257990657923,-5.551099397254698,0.6470588235294118,0.6470588235294118,-0.198172035904294,-0.0652406417112299
ridge,y_XLP,15,34,0.0102674539836192,0.0146284717475688,-4.21900062879589,0.5588235294117647,0.5588235294117647,-0.0312613093060916,0.0970280390943901
ridge,y_XLP,16,33,0.0121764465813793,0.0167724037691324,-6.32858109652076,0.4545454545454545,0.4545454545454545,-0.2405940533117481,-0.1911924465604011
ridge,y_XLP,17,33,0.0208382836736212,0.0473269090670297,-70.26349163042096,0.3939393939393939,0.3939393939393939,-0.3091119760215388,-0.1226604278074866
ridge,y_XLP,18,34,0.0232888493292749,0.047234617884603,-40.26705047118816,0.3529411764705882,0.3529411764705882,-0.3433192164790866,-0.4872421695951108
ridge,y_XLP,19,35,0.0232739063930467,0.0458778750422267,-33.15562482483124,0.4,0.4,-0.3403709500515023,-0.430812324929972
ridge,y_XLP,20,34,0.0158337019589631,0.0207810046466793,-5.284149003941404,0.3235294117647059,0.3235294117647059,-0.3936791902054637,-0.4282658517952635
ridge,y_XLP,21,29,0.013797364769868,0.0175084053450568,-6.141430320168728,0.3103448275862069,0.3103448275862069,-0.3364979544638261,-0.3216748768472905
ridge,y_XLP,22,27,0.0144543556386243,0.0183200434480514,-4.4011200539673565,0.3333333333333333,0.3333333333333333,-0.1175239000117237,-0.1282051282051282
ridge,y_XLP,23,29,0.0118020913570899,0.0151718034761989,-2.000649058833552,0.3793103448275862,0.3793103448275862,-0.0947172326877197,-0.1379310344827586
ridge,y_XLP,24,33,0.0121021891474996,0.0171004013210147,-2.11542921026707,0.4242424242424242,0.4242424242424242,-0.0936497049882186,-0.052807486631016
ridge,y_XLB,0,35,0.022199100408247,0.0287441949364523,-9.904380400667923,0.5428571428571428,0.5428571428571428,0.1726990439885935,0.1117647058823529
ridge,y_XLB,1,35,0.0260505509166803,0.0340929913702366,-17.75488622447432,0.4857142857142857,0.4857142857142857,0.1418115148311055,0.0271708683473389
ridge,y_XLB,2,37,0.04172864021056,0.0740242348707938,-76.08861607362047,0.4594594594594595,0.4594594594594595,0.1249894442396627,0.0640113798008534
ridge,y_XLB,3,34,0.0387697650285827,0.0622269710695269,-67.29808579126738,0.4705882352941176,0.4705882352941176,0.0688011084675555,-0.0459893048128342
ridge,y_XLB,4,32,0.0332509969136257,0.0564548544640887,-38.7804618638847,0.5,0.5,0.0455187465281619,-0.0718475073313782
ridge,y_XLB,5,28,0.0207735136234497,0.0290503574029444,-8.925185523449809,0.4642857142857143,0.4642857142857143,0.1497457609156492,0.0793650793650793
ridge,y_XLB,6,29,0.0297822883310339,0.0475528998671605,-28.74154251220704,0.5172413793103449,0.5172413793103449,-0.0103697994791612,0.0241379310344827
ridge,y_XLB,7,30,0.040538911262723,0.0625523177084304,-61.64247782423946,0.5666666666666667,0.5666666666666667,-0.1760309575945708,0.0380422691879866
ridge,y_XLB,8,34,0.0400052584128051,0.0616202290628448,-45.71513213258074,0.5294117647058824,0.5294117647058824,-0.2367270419432475,-0.1621084797555385
ridge,y_XLB,9,35,0.0414316693611128,0.0601436369127779,-5.6388516591259945,0.4,0.4,-0.1756350958478616,-0.2817927170868347
ridge,y_XLB,10,35,0.0328330168119212,0.0424968454700046,-2.1908343547008675,0.2857142857142857,0.2857142857142857,-0.2577039134882273,-0.4131652661064426
ridge,y_XLB,11,35,0.0383119127111442,0.0487453710827431,-3.315276206000992,0.1714285714285714,0.1714285714285714,-0.23868275286267,-0.4689075630252101
ridge,y_XLB,12,34,0.0285572763205394,0.0383681200510616,-15.568806736926916,0.2352941176470588,0.2352941176470588,-0.3442020641899971,-0.4994652406417111
ridge,y_XLB,13,35,0.0244073903977567,0.0320263076094462,-13.905802510744149,0.4,0.4,-0.1297621524051862,-0.2364145658263305
ridge,y_XLB,14,34,0.0160783373488849,0.0201158884645778,-3.259113661384463,0.5588235294117647,0.5588235294117647,0.1418691072220914,0.0915202444614209
ridge,y_XLB,15,34,0.0136630638504987,0.0170738248872628,-2.1339269740939395,0.6176470588235294,0.6176470588235294,0.2829894978220877,0.2794713126041568
ridge,y_XLB,16,33,0.0145169258736902,0.0181028455185806,-2.511821306268937,0.5757575757575758,0.5757575757575758,0.2376618117060676,0.2550986434785606
ridge,y_XLB,17,33,0.0221951407564206,0.035469342482448,-13.427863732791268,0.4848484848484848,0.4848484848484848,-0.1078906626486419,-0.0070210635819787
ridge,y_XLB,18,34,0.0236913682943474,0.0337276022863973,-11.593631613670452,0.4411764705882353,0.4411764705882353,-0.1803309628848673,-0.1630252100840336
ridge,y_XLB,19,35,0.0266529380981551,0.0351300036663228,-11.375780100850356,0.3428571428571428,0.3428571428571428,-0.401458820219804,-0.419047619047619
ridge,y_XLB,20,34,0.0243511691161167,0.0316139604996623,-8.686546444838287,0.3529411764705882,0.3529411764705882,-0.394163323198839,-0.4539343009931244
ridge,y_XLB,21,29,0.0226695301865905,0.031359770804391,-10.369844661753357,0.4137931034482758,0.4137931034482758,-0.2685388796178153,-0.2832512315270935
ridge,y_XLB,22,27,0.0161001878906331,0.0241715895432715,-5.40265937451772,0.6296296296296297,0.6296296296296297,0.0558231059970837,0.1709401709401709
ridge,y_XLB,23,29,0.0179548689670647,0.0227657572507365,-2.5498362168681514,0.4827586206896552,0.4827586206896552,-0.2264828501760907,-0.2044334975369457
ridge,y_XLB,24,33,0.0189233265006529,0.0235903333654579,-2.0641632817933524,0.3636363636363636,0.3636363636363636,-0.3331867596717833,-0.3405748663101605
ridge,y_XLU,0,35,0.028991104191663,0.0388675892960569,-30.400258027731144,0.3714285714285714,0.3714285714285714,-0.2152235444609025,-0.3182072829131653
ridge,y_XLU,1,35,0.0299953988589055,0.0386503862200824,-18.981680367728536,0.3142857142857143,0.3142857142857143,-0.3706956159424696,-0.4669467787114846
ridge,y_XLU,2,37,0.0360586569777768,0.0530781461148043,-22.408773361601703,0.3513513513513513,0.3513513513513513,-0.0617471639668212,-0.3518255097202465
ridge,y_XLU,3,34,0.0342549615045713,0.0512133930805018,-20.99703957851543,0.3823529411764705,0.3823529411764705,0.0012838286177334,-0.2207792207792207
ridge,y_XLU,4,32,0.0352445848957578,0.0525452532277217,-21.203158149659963,0.4375,0.4375,0.0195218886244594,-0.1546920821114369
ridge,y_XLU,5,28,0.0245048730932275,0.0335856917305589,-10.034123585872408,0.4285714285714285,0.4285714285714285,0.0483117068686695,-0.0454296661193212
ridge,y_XLU,6,29,0.0247919818292405,0.036062171268539,-9.719017646964856,0.5517241379310345,0.5517241379310345,0.2036838008170557,0.1822660098522167
ridge,y_XLU,7,30,0.0298343668412433,0.0373722750767216,-11.572942158770312,0.5333333333333333,0.5333333333333333,0.1533945035416577,0.1559510567296996
ridge,y_XLU,8,34,0.027620201875933,0.0369500741650301,-10.728867158440034,0.5882352941176471,0.5882352941176471,0.0081048039458628,0.0270435446906035
ridge,y_XLU,9,35,0.0266547984977552,0.0356548539132613,-4.714267035128316,0.5714285714285714,0.5714285714285714,-0.0154810036507035,0.0070028011204481
ridge,y_XLU,10,35,0.024677885212987,0.0344292262281967,-4.122519361026511,0.4571428571428571,0.4571428571428571,-0.1017171725504247,-0.1238095238095238
ridge,y_XLU,11,35,0.0224134813374897,0.0310517585284472,-3.2494102685138277,0.4571428571428571,0.4571428571428571,0.0431156002992891,0.0868347338935574
ridge,y_XLU,12,34,0.0178287511895687,0.0248347784235384,-5.064568775827982,0.5,0.5,0.1243661217478178,0.093659281894576
ridge,y_XLU,13,35,0.0141389853141327,0.0203602135743991,-3.364174508605549,0.5428571428571428,0.5428571428571428,0.2408778582213267,0.2540616246498599
ridge,y_XLU,14,34,0.0140940951790946,0.0197497707948911,-4.781241265319176,0.5588235294117647,0.5588235294117647,-0.0196128899471789,-0.0481283422459892
ridge,y_XLU,15,34,0.0127327438788065,0.0172333516056316,-4.70721514162105,0.5,0.5,-0.0806174542536317,-0.06890756302521
ridge,y_XLU,16,33,0.0157672635568617,0.0201832080618663,-7.090226169045488,0.3939393939393939,0.3939393939393939,-0.0135093092219263,-0.125
ridge,y_XLU,17,33,0.0235238111248905,0.0545316295069481,-54.52169881337106,0.5757575757575758,0.5757575757575758,-0.2298598002597701,-0.0457887700534759
ridge,y_XLU,18,34,0.0261179535383558,0.0567310314853515,-43.60639598606018,0.5294117647058824,0.5294117647058824,-0.1098929921909003,0.0893812070282658
ridge,y_XLU,19,35,0.0255553880413388,0.0547822414711237,-46.02853424118635,0.4285714285714285,0.4285714285714285,-0.1404619045419998,-0.0605042016806722
ridge,y_XLU,20,34,0.0172904802338085,0.0245860647694561,-10.140041620266963,0.4117647058823529,0.4117647058823529,0.0303219420966933,-0.0841864018334606
ridge,y_XLU,21,29,0.0150830163952517,0.0209564863875036,-8.965994076077244,0.3448275862068966,0.3448275862068966,-0.0156821754021503,-0.1305418719211822
ridge,y_XLU,22,27,0.0153248060181479,0.0229549014315385,-6.671838542702709,0.4444444444444444,0.4444444444444444,-0.0015246422109863,0.0213675213675213
ridge,y_XLU,23,29,0.014014461162817,0.0181362595166617,-2.211675216457569,0.4482758620689655,0.4482758620689655,-0.1365188012847293,-0.1630541871921182
ridge,y_XLU,24,33,0.016467696336557,0.0214754527992201,-3.5713270168010567,0.3939393939393939,0.3939393939393939,-0.3313998616827484,-0.402072192513369
ridge,y_XLRE,0,35,0.0249926518677075,0.0313797896073872,-16.361998745164257,0.3714285714285714,0.3714285714285714,-0.0390009600454865,-0.1123327966897889
ridge,y_XLRE,1,35,0.0305634875317542,0.0380620075141721,-30.81083206430391,0.3714285714285714,0.3714285714285714,-0.1302146360458657,-0.1558932702191211
ridge,y_XLRE,2,37,0.0402216898985109,0.0589118228373853,-38.48420767119633,0.4324324324324324,0.4324324324324324,-0.0930160802148609,-0.1175912754860123
ridge,y_XLRE,3,34,0.0477921972600914,0.0662632603972444,-47.24137926438077,0.3235294117647059,0.3235294117647059,-0.2146611329223766,-0.3463712757830405
ridge,y_XLRE,4,32,0.0454343168251241,0.0630973785752382,-25.653734426832905,0.34375,0.34375,-0.2025101223463783,-0.3108504398826979
ridge,y_XLRE,5,28,0.0338336276610556,0.0469633889005634,-15.54282562354841,0.3571428571428571,0.3571428571428571,-0.1390825005560952,-0.2561576354679802
ridge,y_XLRE,6,29,0.0336133057729894,0.0464404419915425,-12.644122354198752,0.3448275862068966,0.3448275862068966,-0.2628715068552584,-0.4029556650246304
ridge,y_XLRE,7,30,0.0389896513449556,0.0565857710355464,-39.474447787215055,0.4,0.4,-0.1592508891022394,-0.2453837597330367
ridge,y_XLRE,8,34,0.0378828860316488,0.0554580771607615,-28.1830477537338,0.4411764705882353,0.4411764705882353,-0.1426004756500828,-0.3585943468296409
ridge,y_XLRE,9,35,0.0334243010948222,0.0506504575463157,-7.959158410253966,0.4571428571428571,0.4571428571428571,-0.022789494299385,-0.1100840336134453
ridge,y_XLRE,10,35,0.0270228807503394,0.0354280295677788,-3.1319061375960717,0.3714285714285714,0.3714285714285714,-0.0413822221701794,-0.0985994397759103
ridge,y_XLRE,11,35,0.0271735791289381,0.0410604633627618,-4.758260431965347,0.4571428571428571,0.4571428571428571,-0.0832973226568399,-0.1193277310924369
ridge,y_XLRE,12,34,0.0217959874775322,0.034970299351402,-13.963166175627096,0.4117647058823529,0.4117647058823529,-0.0390170019627113,-0.0606569900687547
ridge,y_XLRE,13,35,0.0206127187940359,0.032741501248472,-13.693338169562264,0.4285714285714285,0.4285714285714285,-0.0912059670964894,-0.2184873949579832
ridge,y_XLRE,14,34,0.0128655097941595,0.0157658656921735,-3.339556154461876,0.4411764705882353,0.4411764705882353,-0.0295753352707178,-0.0331576133598152
ridge,y_XLRE,15,34,0.0119985520652472,0.014757479547664,-2.147118573279806,0.4411764705882353,0.4411764705882353,-0.0965921136595505,-0.0395721925133689
ridge,y_XLRE,16,33,0.0174218366950505,0.0280435937167803,-10.47339993150926,0.6363636363636364,0.6363636363636364,0.1813778693369652,0.151403743315508
ridge,y_XLRE,17,33,0.0288631170899506,0.0561235845094182,-59.51772037000032,0.5454545454545454,0.5454545454545454,0.0218051769551619,0.0772058823529411
ridge,y_XLRE,18,34,0.0283844763100692,0.0549380800185097,-37.54510742254924,0.5588235294117647,0.5588235294117647,0.00423058428364,0.0615737203972498
ridge,y_XLRE,19,35,0.0267420672234758,0.0537371494009413,-33.561977501040616,0.5428571428571428,0.5428571428571428,-0.0888128526533742,-0.0714285714285714
ridge,y_XLRE,20,34,0.0202889185721096,0.0309912401660017,-11.261215167942964,0.4705882352941176,0.4705882352941176,-0.0539272891704185,-0.06768525592055
ridge,y_XLRE,21,29,0.0201879121910835,0.0325911779921622,-23.151037523865043,0.4827586206896552,0.4827586206896552,-0.0307191296522022,-0.0517241379310344
ridge,y_XLRE,22,27,0.0194721873197676,0.0301140746795652,-19.40919136232866,0.4814814814814814,0.4814814814814814,0.0521252299038817,-0.0036630036630036
ridge,y_XLRE,23,29,0.015806675173948,0.0219054040270269,-5.431734554149196,0.5862068965517241,0.5862068965517241,-0.1749606418995752,-0.180295566502463
ridge,y_XLRE,24,33,0.0141086288543685,0.0180304893579545,-3.211251312057405,0.6363636363636364,0.6363636363636364,-0.0766583166045049,-0.0872326203208556
ridge,y_XLC,0,35,0.0223211881299148,0.0284361191172812,-11.52529284686948,0.4,0.4,0.1304624718800712,0.0705931789671491
ridge,y_XLC,1,35,0.0280808261563542,0.0371700056266854,-26.961637454273223,0.4285714285714285,0.4285714285714285,-0.0223685319015647,0.0231108621618643
ridge,y_XLC,2,37,0.0412595322740806,0.0581105252321503,-55.90277787710948,0.3783783783783784,0.3783783783783784,-0.2254011496892248,-0.1849327251188896
ridge,y_XLC,3,34,0.0363033369415244,0.0478471118856854,-38.38421368206045,0.3235294117647059,0.3235294117647059,-0.2718883624736406,-0.3922077922077921
ridge,y_XLC,4,32,0.0296459112337035,0.0393307872741561,-13.29713222176359,0.4375,0.4375,-0.1730746154340143,-0.2862903225806451
ridge,y_XLC,5,28,0.0189533472717581,0.02484191223146,-5.679804076624811,0.4642857142857143,0.4642857142857143,0.0476150862039013,-0.0476190476190476
ridge,y_XLC,6,29,0.0291541608922474,0.0441692561468646,-19.575418071004812,0.4137931034482758,0.4137931034482758,0.0557329393270785,0.0507389162561576
ridge,y_XLC,7,30,0.0436050892030588,0.0697334500347294,-74.82019656403695,0.4666666666666667,0.4666666666666667,-0.0512703470153042,-0.1497219132369299
ridge,y_XLC,8,34,0.0408727926592597,0.0687220604172561,-46.95253868776072,0.4117647058823529,0.4117647058823529,-0.0493535394845502,-0.1960275019098548
ridge,y_XLC,9,35,0.0430871605085627,0.071248226822187,-8.717923359282842,0.4285714285714285,0.4285714285714285,-0.0682378558959018,-0.2011204481792717
ridge,y_XLC,10,35,0.0370827649746048,0.0563663774573084,-4.522984699992847,0.4,0.4,-0.1752425383987172,-0.2397759103641456
ridge,y_XLC,11,35,0.0400854308336006,0.0610929393502241,-6.079158012095904,0.4857142857142857,0.4857142857142857,-0.1543713903218585,-0.2526610644257703
ridge,y_XLC,12,34,0.0300311379879395,0.0528194570005503,-28.841550008987937,0.4117647058823529,0.4117647058823529,-0.2079075919569574,-0.1431627196333078
ridge,y_XLC,13,35,0.0225158221803738,0.0324136243452011,-29.384755913409037,0.6571428571428571,0.6571428571428571,0.2469059017796369,0.2624649859943977
ridge,y_XLC,14,34,0.015359227535169,0.0209787754680107,-7.179622149503615,0.7058823529411765,0.7058823529411765,0.3172952816552949,0.3258976317799847
ridge,y_XLC,15,34,0.0152468859884137,0.0201177045046433,-6.836010828105707,0.6470588235294118,0.6470588235294118,0.1650636839545602,0.2430863254392666
ridge,y_XLC,16,33,0.0161752804277007,0.0210255529344591,-6.6267532686224975,0.4848484848484848,0.4848484848484848,-0.1432319500133081,-0.1955213903743315
ridge,y_XLC,17,33,0.0321967412285342,0.0591309368314637,-59.68541440660682,0.303030303030303,0.303030303030303,-0.2116941730460738,-0.4642379679144385
ridge,y_XLC,18,34,0.0341517138377796,0.0577646373462069,-55.85330028217313,0.4117647058823529,0.4117647058823529,-0.1377344856179268,-0.2030557677616501
ridge,y_XLC,19,35,0.0303966501399369,0.0540728302367169,-45.10002541660031,0.6,0.6,-0.0610945256501324,-0.057703081232493
ridge,y_XLC,20,34,0.0188354602357271,0.0266372058642187,-10.861803123219335,0.6764705882352942,0.6764705882352942,0.0275902519821959,0.0524064171122994
ridge,y_XLC,21,29,0.0182004998666391,0.0251718309718492,-11.35578934299626,0.4827586206896552,0.4827586206896552,-0.1086541531655822,-0.0817733990147783
ridge,y_XLC,22,27,0.0185948900448745,0.0235001389977198,-16.36063961121054,0.4444444444444444,0.4444444444444444,-0.1636789418735128,-0.1727716727716727
ridge,y_XLC,23,29,0.017082941633871,0.0212145832658854,-5.358752235417792,0.5517241379310345,0.5517241379310345,0.0458034626945654,0.1064039408866994
ridge,y_XLC,24,33,0.0160674393639611,0.0203737562687412,-4.54133023870496,0.6060606060606061,0.6060606060606061,0.1304455362462888,0.1681149732620321
rf,y_UUP,0,35,0.0034820160285601,0.0040395239531028,-0.09392440788682,0.5714285714285714,0.5714285714285714,-0.0854229400749075,-0.0778711484593837
rf,y_UUP,1,35,0.0031257743710412,0.0035916163320488,-0.1682861539559466,0.4571428571428571,0.4571428571428571,-0.1329193913535439,-0.1705882352941176
rf,y_UUP,2,37,0.0037358638407865,0.0047660797028305,-0.1894445384610488,0.4594594594594595,0.4594594594594595,-0.2052165669818211,-0.373162636320531
rf,y_UUP,3,34,0.0038154793277324,0.0049438994845508,-0.1959731537243831,0.3823529411764705,0.3823529411764705,-0.1233193375716148,-0.2177234530175706
rf,y_UUP,4,32,0.0039584636995633,0.0051781440792629,-0.0893055345176896,0.59375,0.59375,0.1415196843218713,0.0626832844574779
rf,y_UUP,5,28,0.0033851899528263,0.004147331091827,-0.0365600984865035,0.6071428571428571,0.6071428571428571,0.1982869516326138,0.2123700054734537
rf,y_UUP,6,29,0.0030764790064427,0.0039554965332166,0.0565123240069891,0.7241379310344828,0.7241379310344828,0.2746186348595995,0.3293509077820823
rf,y_UUP,7,30,0.003364414358129,0.0042211762762278,0.0266197025156152,0.6333333333333333,0.6333333333333333,0.1775106125602354,0.1731004571841651
rf,y_UUP,8,34,0.0036210822939422,0.0047329144735726,-0.0451990634778962,0.5,0.5,0.0408456746554,0.0227654698242933
rf,y_UUP,9,35,0.0047745945900512,0.0067343095509949,-0.0916632464540623,0.5714285714285714,0.5714285714285714,0.0958075466667428,0.0672268907563025
rf,y_UUP,10,35,0.0049059627158261,0.0068084419601096,-0.0170678011632758,0.5142857142857142,0.5142857142857142,0.0964493113009598,0.1473389355742297
rf,y_UUP,11,35,0.0049958047964439,0.0067186838798237,0.040601539621918,0.6571428571428571,0.6571428571428571,0.2200364197343184,0.1879551820728291
rf,y_UUP,12,34,0.0040797491865558,0.0048525215251835,0.0645344947108285,0.5,0.5,0.2782408456331066,0.1265184509766221
rf,y_UUP,13,35,0.0033926284429146,0.0040782645873523,0.1583416172920251,0.5428571428571428,0.5428571428571428,0.4021094985353129,0.3781512605042016
rf,y_UUP,14,34,0.0032792879966841,0.0042031627902003,0.0937109797612261,0.5882352941176471,0.5882352941176471,0.3377393688331815,0.3864313557003349
rf,y_UUP,15,34,0.003080073160673,0.0041803242353778,0.0614303577662679,0.5882352941176471,0.5882352941176471,0.2947624571628061,0.385667355392505
rf,y_UUP,16,33,0.0034967212033639,0.0046523736964327,-0.1322515565287865,0.4848484848484848,0.4848484848484848,-0.1727622376055826,-0.090916687874876
rf,y_UUP,17,33,0.003445203494597,0.0043089359614302,-0.1285087024933804,0.4848484848484848,0.4848484848484848,-0.1186166016523862,-0.0095261970751248
rf,y_UUP,18,34,0.003238295186432,0.0038888647688006,-0.1338055744805788,0.4705882352941176,0.4705882352941176,-0.0036530559209578,0.0673848271505922
rf,y_UUP,19,35,0.0028550312287597,0.0035194179505649,-0.0568656816425794,0.5714285714285714,0.5714285714285714,0.1239857470592535,0.1985994397759103
rf,y_UUP,20,34,0.002592293687664,0.0031895645867304,-0.1878424025837288,0.5294117647058824,0.5294117647058824,-0.0243731919100057,-0.1009931245225363
rf,y_UUP,21,29,0.0025575521559663,0.0031137086685724,-0.3499836133993841,0.3448275862068966,0.3448275862068966,-0.2082471470157661,-0.3827586206896551
rf,y_UUP,22,27,0.0026938357714525,0.0033619996968818,-0.1891917614941931,0.3333333333333333,0.3333333333333333,-0.227125282109089,-0.2399267399267399
rf,y_UUP,23,29,0.0032511813754198,0.0044265136740542,-0.220338608794026,0.3448275862068966,0.3448275862068966,-0.314947174712933,-0.409902700485703
rf,y_UUP,24,33,0.0029671570087978,0.0042391297648443,-0.1468132051813293,0.3939393939393939,0.3939393939393939,-0.1799545606259687,-0.3080137054290378
rf,y_TLT,0,35,0.006505141598242,0.0078026079796175,-0.0424493960247776,0.5714285714285714,0.5714285714285714,0.0467530416605085,0.0439775910364145
rf,y_TLT,1,35,0.005436065272095,0.0069462987369765,-0.0863404212985927,0.6,0.6,0.0271831081828314,0.0358543417366946
rf,y_TLT,2,37,0.0069646687993585,0.0089875762358465,-0.1004153387757746,0.5405405405405406,0.5405405405405406,0.0259449128604267,-0.0068752963489805
rf,y_TLT,3,34,0.0066023280331308,0.0088569034085069,-0.0654381035436932,0.5294117647058824,0.5294117647058824,-0.0624898235301384,-0.0820473644003055
rf,y_TLT,4,32,0.0077934264079395,0.0097261031077461,-0.1409105750303947,0.5,0.5,-0.0636047092747211,-0.0395894428152492
rf,y_TLT,5,28,0.005814868625155,0.0072016244173801,0.0741689434705978,0.6428571428571429,0.6428571428571429,0.3755088503618485,0.3327859879584017
rf,y_TLT,6,29,0.0067646631134423,0.0079329212772894,-0.0578643701494414,0.5862068965517241,0.5862068965517241,0.1960665915712985,0.202463054187192
rf,y_TLT,7,30,0.0071009331440843,0.0087287908890166,-0.0774279337283379,0.5666666666666667,0.5666666666666667,-0.0757538154525747,-0.0852057842046718
rf,y_TLT,8,34,0.0070106176254408,0.0083682040215527,-0.0792235155428806,0.5,0.5,-0.1145237697272886,-0.1126050420168067
rf,y_TLT,9,35,0.0082648364725105,0.0099824242079315,-0.0398207393880436,0.3428571428571428,0.3428571428571428,-0.0679823109491996,-0.207563025210084
rf,y_TLT,10,35,0.0069863206895204,0.008607580758383,0.0751910076537932,0.6,0.6,0.3273155345680419,0.3988795518207283
rf,y_TLT,11,35,0.0069555401715086,0.0087944008192467,0.0984719345336381,0.6571428571428571,0.6571428571428571,0.3683354033955724,0.2736694677871148
rf,y_TLT,12,34,0.0065390390543405,0.0079030896711995,0.0180566112383986,0.5588235294117647,0.5588235294117647,0.1756886006335295,0.1663865546218487
rf,y_TLT,13,35,0.0054949043469408,0.0072629099571857,0.0526020488274431,0.6571428571428571,0.6571428571428571,0.2526333895002481,0.2815126050420168
rf,y_TLT,14,34,0.0062236757191559,0.0077779199340989,-0.0460104374877397,0.5,0.5,0.0915644601132581,0.0982429335370511
rf,y_TLT,15,34,0.0057049333271038,0.0069380263697188,-0.0110460647972068,0.5,0.5,0.1310466728955468,0.1239113827349121
rf,y_TLT,16,33,0.0058432188836289,0.0070674423807274,0.0069909723387395,0.6060606060606061,0.6060606060606061,0.2041149827760227,0.2182486631016042
rf,y_TLT,17,33,0.0054063882699661,0.0064071347845228,-0.0324437885049373,0.4242424242424242,0.4242424242424242,0.155300727596134,0.1079545454545454
rf,y_TLT,18,34,0.0047305402212611,0.0056679970686186,0.0908096141986654,0.4705882352941176,0.4705882352941176,0.3215472377803136,0.1831932773109243
rf,y_TLT,19,35,0.0045565821517938,0.0053618299663855,-0.009954047688395,0.5142857142857142,0.5142857142857142,0.2144629528276116,0.1722689075630252
rf,y_TLT,20,34,0.0043095005520825,0.0051263710700823,-0.0613570019556271,0.5882352941176471,0.5882352941176471,0.1936136493022771,0.2641711229946524
rf,y_TLT,21,29,0.0043943101865481,0.0054524907192156,-0.1839449379041995,0.5172413793103449,0.5172413793103449,0.0079995144094992,0.1108374384236452
rf,y_TLT,22,27,0.0042650268619766,0.00514551739969,-0.2543379180847473,0.5555555555555556,0.5555555555555556,-0.0088008887712968,0.0573870573870573
rf,y_TLT,23,29,0.0047877511632984,0.0061145951732268,-0.2018007530221963,0.5172413793103449,0.5172413793103449,-0.043843463728591,0.0364532019704433
rf,y_TLT,24,33,0.0044853558354098,0.0056744299124468,-0.2200020258086785,0.5151515151515151,0.5151515151515151,-0.1351902515481944,-0.079879679144385
rf,y_GLD,0,35,0.0071436374017258,0.0089342176107842,-0.0907048246391932,0.4857142857142857,0.4857142857142857,0.0577231233801924,0.0871148459383753
rf,y_GLD,1,35,0.0068954181662062,0.0080812831327021,-0.0995572327412219,0.6285714285714286,0.6285714285714286,0.1724451519763114,0.2310924369747899
rf,y_GLD,2,37,0.0080254683321816,0.0098324949256696,-0.0079973289724497,0.4864864864864865,0.4864864864864865,0.0940476976880124,0.1017069701280227
rf,y_GLD,3,34,0.0075491624513523,0.0094318035314112,-0.0125665771678635,0.4705882352941176,0.4705882352941176,0.0406444337071043,-0.0084033613445378
rf,y_GLD,4,32,0.0082340388905489,0.0108242796532618,-0.1038866170507359,0.46875,0.46875,-0.1592594932555648,-0.0934750733137829
rf,y_GLD,5,28,0.0065541208569571,0.0081377177825336,-0.0004337883106191,0.5714285714285714,0.5714285714285714,0.1314830131069252,0.244663382594417
rf,y_GLD,6,29,0.0070760203909097,0.0085962560150048,-0.105792050155949,0.5862068965517241,0.5862068965517241,-0.1410256129980232,-0.0443349753694581
rf,y_GLD,7,30,0.0058866807586235,0.0072437398144944,0.0210061113076156,0.4333333333333333,0.4333333333333333,0.154757651213542,0.103893214682981
rf,y_GLD,8,34,0.0060491579326807,0.0080432637719158,-0.0826480581169966,0.5294117647058824,0.5294117647058824,-0.0824951048454364,-0.1355233002291825
rf,y_GLD,9,35,0.0084561471007011,0.0117474244966365,-0.0575177931145061,0.4857142857142857,0.4857142857142857,0.0281622940056146,0.0627450980392156
rf,y_GLD,10,35,0.0110120044630537,0.0143053208303128,-0.0909560081171907,0.4571428571428571,0.4571428571428571,-0.1580596060756951,-0.2179271708683473
rf,y_GLD,11,35,0.0138829716169949,0.0165138795194652,-0.0451444050124254,0.4285714285714285,0.4285714285714285,-0.1252459809830214,-0.1481792717086834
rf,y_GLD,12,34,0.0122546057973025,0.0145179579296158,-0.0488149694577477,0.4705882352941176,0.4705882352941176,-0.1164869421447218,-0.1663865546218487
rf,y_GLD,13,35,0.0097780981533914,0.0117786458991287,-0.0498444469430512,0.4857142857142857,0.4857142857142857,-0.0519856975486315,-0.0638655462184874
rf,y_GLD,14,34,0.0069153032195073,0.0084208933309267,-0.0471118159368026,0.5588235294117647,0.5588235294117647,-0.0327426633823363,0.014514896867838
rf,y_GLD,15,34,0.0065680000962704,0.0079534131619985,-0.048433286941578,0.5588235294117647,0.5588235294117647,0.0034531865816111,0.0221543162719633
rf,y_GLD,16,33,0.0062031691211046,0.0076816346446149,-0.0880229808636023,0.4848484848484848,0.4848484848484848,-0.049337737772503,-0.0391042780748663
rf,y_GLD,17,33,0.0066141301447438,0.0077297416999071,-0.0928125408542459,0.5757575757575758,0.5757575757575758,0.1852868980632024,0.2830882352941176
rf,y_GLD,18,34,0.0094445427408683,0.014706687866242,-0.0015288425198187,0.5,0.5,0.065004476535607,0.0187929717341482
rf,y_GLD,19,35,0.0105058296470931,0.0154093281774927,-0.0234208842309857,0.4571428571428571,0.4571428571428571,0.0001512457745644,-0.0403361344537815
rf,y_GLD,20,34,0.0094954081768961,0.0149230484642598,-0.0238456474643107,0.5588235294117647,0.5588235294117647,0.0124877725603909,0.0001527883880825
rf,y_GLD,21,29,0.0063765392732952,0.0081339741027899,-0.1809750984323921,0.4482758620689655,0.4482758620689655,-0.1875825164476631,-0.3285714285714284
rf,y_GLD,22,27,0.0063211241884976,0.0075884767953082,-0.2336841350251779,0.4444444444444444,0.4444444444444444,-0.2367248126550812,-0.2606837606837606
rf,y_GLD,23,29,0.0168253929824446,0.0275153917712686,-0.0258986286093876,0.5862068965517241,0.5862068965517241,-0.1289006782727512,-0.1325123152709359
rf,y_GLD,24,33,0.0185724931021277,0.0278007115505973,-0.0206609448585854,0.5757575757575758,0.5757575757575758,-0.1002834048981898,0.0200534759358288
rf,y_BTC-USD,0,60,0.0223160585658715,0.0304235691758388,-0.0605120842759969,0.5,0.5,-0.0669585960496214,-0.0406779661016949
rf,y_BTC-USD,1,60,0.0151549657152307,0.019696022873054,0.0273990651333692,0.5666666666666667,0.5666666666666667,0.1962117651525794,0.1259794387329814
rf,y_BTC-USD,2,60,0.0186713977168624,0.0264533889995369,-0.0589591116016334,0.5166666666666667,0.5166666666666667,0.06867608315305,0.0341761600444567
rf,y_BTC-USD,3,60,0.0175754789080048,0.0253652140945407,-0.0021657941963753,0.6333333333333333,0.6333333333333333,0.2276515612356175,0.3067518755209781
rf,y_BTC-USD,4,60,0.0198680259982512,0.0275113791061244,0.0308623813116541,0.5333333333333333,0.5333333333333333,0.2404422705410106,0.2429563767713254
rf,y_BTC-USD,5,60,0.0182692146879619,0.0231007267006617,-0.0272525458967529,0.55,0.55,0.1198475054926068,0.0646290636287857
rf,y_BTC-USD,6,60,0.0175595400513957,0.022639815771953,0.0168749972632755,0.45,0.45,0.1875025493695706,0.0787996665740483
rf,y_BTC-USD,7,60,0.0172120801537527,0.0223579037674981,-0.0740359526477671,0.5,0.5,0.0390708310501261,0.0554598499583217
rf,y_BTC-USD,8,60,0.0205085155461367,0.0271136453602438,-0.0179380644023214,0.4666666666666667,0.4666666666666667,0.0916323517830251,-0.0041122534037232
rf,y_BTC-USD,9,60,0.0236130746428858,0.0313783903371565,-0.0511955196683708,0.4833333333333333,0.4833333333333333,0.0183657296142626,-0.0711308696860239
rf,y_BTC-USD,10,60,0.0229457570924274,0.0305305260889046,-0.0374285416004143,0.3666666666666666,0.3666666666666666,-0.0003263282414974,-0.1936093359266463
rf,y_BTC-USD,11,60,0.0184657586655208,0.0259486498424617,-0.1382583274928615,0.45,0.45,-0.1085660730330687,-0.1533203667685468
rf,y_BTC-USD,12,60,0.0146157280045251,0.0198350406689338,-0.1410630460491324,0.3333333333333333,0.3333333333333333,0.0080307428274901,-0.1424840233398166
rf,y_BTC-USD,13,60,0.0149012381654923,0.0191764671562056,-0.2221449691397299,0.4666666666666667,0.4666666666666667,0.0705664303887078,-0.0515698805223673
rf,y_BTC-USD,14,60,0.0140821377671613,0.0175552930978234,-0.4281597622172994,0.45,0.45,0.0366150305286206,-0.0599611003056404
rf,y_BTC-USD,15,60,0.014722164794466,0.0184583932778675,-0.375922504892435,0.4333333333333333,0.4333333333333333,-0.0730098390262214,-0.170602945262573
rf,y_BTC-USD,16,60,0.0123624323094119,0.0159632491835756,-0.2023482856218179,0.5,0.5,-0.0204835347109005,-0.0157265907196443
rf,y_BTC-USD,17,60,0.0149047513657306,0.0199647359121446,-0.0893853937472508,0.4666666666666667,0.4666666666666667,-0.04340214053267,-0.0550708530147263
rf,y_BTC-USD,18,60,0.0144124003736091,0.0195647474873691,-0.1702484865998754,0.4666666666666667,0.4666666666666667,-0.1593210428882513,-0.1181994998610725
rf,y_BTC-USD,19,60,0.0201683465147424,0.0245936098321521,-0.1701968738514534,0.3666666666666666,0.3666666666666666,0.0008745443820089,-0.0531814392886913
rf,y_BTC-USD,20,60,0.0188199952352016,0.0234496918059005,-0.1196915068852897,0.45,0.45,0.0504540709542051,0.0539038621839399
rf,y_BTC-USD,21,60,0.0174098103602082,0.0221636991937603,-0.0454938571473981,0.5833333333333334,0.5833333333333334,0.12320824236049,0.1219783273131425
rf,y_BTC-USD,22,60,0.0141592215374886,0.0192914490511529,-0.0408212668679401,0.5166666666666667,0.5166666666666667,0.1051312291422632,0.0430119477632675
rf,y_BTC-USD,23,60,0.0194127587434665,0.0325681246393235,-0.0601625320700249,0.5666666666666667,0.5666666666666667,-0.0552444084547057,0.0487357599333148
rf,y_BTC-USD,24,60,0.0247799844664562,0.0358007151595369,-0.0305196343757852,0.45,0.45,0.0113551213064725,-0.1212003334259516
rf,y_XLK,0,35,0.0129858258417426,0.016635145708408,-0.1316057013243035,0.5142857142857142,0.5142857142857142,-0.0753058544278101,-0.088515406162465
rf,y_XLK,1,35,0.0106171863233079,0.014042091692774,-0.1782809456150944,0.4857142857142857,0.4857142857142857,-0.2681755032956769,-0.261344537815126
rf,y_XLK,2,37,0.0109024460537182,0.0141944033389574,-0.0990540294063855,0.4324324324324324,0.4324324324324324,-0.1637149308717185,-0.1175912754860123
rf,y_XLK,3,34,0.0103670919469657,0.0138333882262891,-0.1998324039088088,0.4117647058823529,0.4117647058823529,-0.3951490313641972,-0.2925897631779984
rf,y_XLK,4,32,0.0116917843372565,0.0147555258624119,-0.1094578633759562,0.46875,0.46875,-0.189845317845046,-0.2041788856304985
rf,y_XLK,5,28,0.0104655346088865,0.0127132032371312,-0.0694927554810209,0.4642857142857143,0.4642857142857143,-0.0057925326560426,-0.0481663929939792
rf,y_XLK,6,29,0.0117355806479256,0.0140592737958058,-0.0743573768618632,0.4482758620689655,0.4482758620689655,-0.013678847608481,-0.0359605911330049
rf,y_XLK,7,30,0.0113608832418948,0.0145345416441475,-0.0420998694708398,0.4333333333333333,0.4333333333333333,-0.0045760052979644,-0.0175750834260289
rf,y_XLK,8,34,0.0128970010818167,0.01616294372155,-0.1358143427640272,0.3529411764705882,0.3529411764705882,-0.3839683876058049,-0.3934300993124522
rf,y_XLK,9,35,0.0214763839217255,0.033187331058554,-0.0444931672776953,0.4285714285714285,0.4285714285714285,-0.0984166146721457,-0.1198879551820728
rf,y_XLK,10,35,0.0233765543932921,0.0342857996168775,-0.0477295883855295,0.3142857142857143,0.3142857142857143,-0.2615702718620973,-0.2879551820728291
rf,y_XLK,11,35,0.0207394333880855,0.0330971829685181,-0.0258197521050018,0.4571428571428571,0.4571428571428571,-0.104483931519705,0.0254901960784313
rf,y_XLK,12,34,0.010481652363616,0.0143465850641587,-0.1206735550342921,0.5,0.5,-0.1177543915174103,-0.0374331550802139
rf,y_XLK,13,35,0.0073741957603688,0.0093150932225392,-0.263090501986746,0.4,0.4,-0.1773376214094696,-0.0929971988795518
rf,y_XLK,14,34,0.006951473043194,0.0092333931319336,-0.3110390059342565,0.5,0.5,-0.3324287538472056,-0.2568372803666921
rf,y_XLK,15,34,0.0075487630129861,0.0092364666462582,-0.1102271392005036,0.5588235294117647,0.5588235294117647,-0.0486901901139845,-0.0890756302521008
rf,y_XLK,16,33,0.0078448603202352,0.0096713419678971,-0.0642462126621601,0.4545454545454545,0.4545454545454545,-0.0021685253238336,-0.1400401069518717
rf,y_XLK,17,33,0.0088965614243684,0.0115615581960841,-0.074889890492648,0.3636363636363636,0.3636363636363636,0.0317366840899271,-0.1256684491978609
rf,y_XLK,18,34,0.0082850158920164,0.0110026463525703,0.0012807966662673,0.5,0.5,0.186220184966344,0.0857142857142857
rf,y_XLK,19,35,0.0095641513424978,0.0129282315847032,0.0520534180177146,0.6,0.6,0.3014354453250386,0.3932773109243698
rf,y_XLK,20,34,0.0091033596948286,0.0120165633841212,0.075068227310251,0.5294117647058824,0.5294117647058824,0.3188394508271386,0.2718105423987777
rf,y_XLK,21,29,0.010298074405177,0.013620620368444,0.0092880377104377,0.4827586206896552,0.4827586206896552,0.3071417048171495,0.122167487684729
rf,y_XLK,22,27,0.0088551618411555,0.0116545926884558,-0.0915742413768838,0.4074074074074074,0.4074074074074074,-0.1446160882410478,-0.0427350427350427
rf,y_XLK,23,29,0.0114445376999789,0.0154676731784767,0.0027733018624013,0.5862068965517241,0.5862068965517241,0.1630455315309559,0.2423645320197043
rf,y_XLK,24,33,0.0122427435803095,0.0153051270108028,-0.0048239256744129,0.6060606060606061,0.6060606060606061,0.1273698684799649,0.1600935828877005
rf,y_XLF,0,35,0.007157024635281,0.008368331187218,-0.1591164170471191,0.4571428571428571,0.4571428571428571,0.0468332692559059,0.0722689075630252
rf,y_XLF,1,35,0.0066882550944718,0.0081595398744311,-0.1259095256427718,0.4571428571428571,0.4571428571428571,0.04559046222305,-0.0103641456582633
rf,y_XLF,2,37,0.0085473453283658,0.0131212375796428,-0.1411979652771087,0.4324324324324324,0.4324324324324324,-0.104185984939565,-0.2534376481744902
rf,y_XLF,3,34,0.0082568308538246,0.0133032513809878,-0.1207386381673485,0.4705882352941176,0.4705882352941176,-0.1123488468516263,-0.3158135981665393
rf,y_XLF,4,32,0.0087151152671343,0.0139461527205482,-0.0058469574326533,0.53125,0.53125,0.0756331382663988,-0.0080645161290322
rf,y_XLF,5,28,0.0073289712481237,0.0101318181902963,-0.059987093958387,0.6428571428571429,0.6428571428571429,0.0453923408548446,0.0700602079912424
rf,y_XLF,6,29,0.0068660293298517,0.0097255265939062,-0.0258721462304818,0.5172413793103449,0.5172413793103449,0.2108095379084229,0.2822660098522166
rf,y_XLF,7,30,0.00654386395683,0.00903672433165,-0.1713019238652282,0.6,0.6,0.1001784100881677,0.1777530589543937
rf,y_XLF,8,34,0.0073177846353153,0.0103282663890792,0.0120669140276092,0.6470588235294118,0.6470588235294118,0.1587670989724596,0.2705882352941176
rf,y_XLF,9,35,0.0139294482123483,0.0224391687840189,0.0198453080616142,0.5142857142857142,0.5142857142857142,0.1991722644869863,0.1134453781512605
rf,y_XLF,10,35,0.0151140976215761,0.0234659872522069,0.0125593618655478,0.4571428571428571,0.4571428571428571,0.1180670745843961,0.0350140056022409
rf,y_XLF,11,35,0.0136004504585057,0.0224129727483981,0.0176633547955969,0.4857142857142857,0.4857142857142857,0.1343118485383516,0.0417366946778711
rf,y_XLF,12,34,0.0074281461721351,0.0104159080771508,-0.0547665257391152,0.4705882352941176,0.4705882352941176,0.0177170654348323,-0.0638704257345749
rf,y_XLF,13,35,0.0067063601958968,0.008515823654866,-0.1145177199050908,0.3142857142857143,0.3142857142857143,-0.0584712241903108,-0.1254989848304874
rf,y_XLF,14,34,0.0073201178003423,0.0087168337566093,-0.0473519139469535,0.3529411764705882,0.3529411764705882,0.0315766796145879,-0.0346829640947288
rf,y_XLF,15,34,0.0071122449453686,0.0084246286767327,-0.0668418052345187,0.4117647058823529,0.4117647058823529,0.0347752364896542,0.0572956455309396
rf,y_XLF,16,33,0.0073325609036536,0.0087700006289648,-0.1188351870295256,0.3939393939393939,0.3939393939393939,-0.1459410433548997,-0.177807486631016
rf,y_XLF,17,33,0.0065023144341412,0.0085931389342412,-0.1424096317126475,0.4545454545454545,0.4545454545454545,-0.1318144101529682,-0.0915775401069518
rf,y_XLF,18,34,0.0079990336540217,0.0102838533598742,-0.191059389064371,0.3235294117647059,0.3235294117647059,-0.1365755307661789,-0.1339954163483575
rf,y_XLF,19,35,0.0082648159331846,0.01025105901585,-0.3149684951374434,0.3714285714285714,0.3714285714285714,-0.0259957050444523,-0.1033613445378151
rf,y_XLF,20,34,0.0077974868878829,0.0097627525957758,-0.1003434362254978,0.5882352941176471,0.5882352941176471,0.1256703159952922,0.1468296409472879
rf,y_XLF,21,29,0.007258579647569,0.0088741669736016,-0.4387393102705337,0.5172413793103449,0.5172413793103449,-0.0158121129545921,-0.0522167487684728
rf,y_XLF,22,27,0.006696283581226,0.009027362816559,-0.1599791083929793,0.5185185185185185,0.5185185185185185,-0.066615088416566,-0.0146520146520146
rf,y_XLF,23,29,0.0078867962555499,0.0101624780671972,-0.2816848053211787,0.4137931034482758,0.4137931034482758,-0.0578583929285551,-0.1364532019704433
rf,y_XLF,24,33,0.0090685483091051,0.0111018984470054,-0.1498015588727028,0.3939393939393939,0.3939393939393939,-0.1329937706684806,-0.1183155080213903
rf,y_XLE,0,35,0.0108403338096247,0.0127640686435739,-0.0558421566070608,0.4571428571428571,0.4571428571428571,-0.014776259951242,0.0316526610644257
rf,y_XLE,1,35,0.0105185620776706,0.013118959194797,-0.0605899063176496,0.4857142857142857,0.4857142857142857,0.0908967015062492,0.157422969187675
rf,y_XLE,2,37,0.0100306975242832,0.0134000386999848,-0.0521316756945735,0.4324324324324324,0.4324324324324324,-0.0013728402468236,0.0749170222854433
rf,y_XLE,3,34,0.0088558730944083,0.01325645493949,-0.2059218809998839,0.4117647058823529,0.4117647058823529,-0.1936186941834664,-0.1239113827349121
rf,y_XLE,4,32,0.0092057635642254,0.0124678840697755,-0.1515330378684249,0.375,0.375,-0.0833465272619377,-0.1187683284457477
rf,y_XLE,5,28,0.0089843039313773,0.0119181348677397,-0.2362664451389193,0.5,0.5,-0.229536124080566,-0.0815544608648056
rf,y_XLE,6,29,0.0097388170383882,0.0121858997568841,-0.0165618237839992,0.5172413793103449,0.5172413793103449,0.1080132441787261,0.1270935960591132
rf,y_XLE,7,30,0.0107367382329674,0.0127393646231422,-0.0285263479910968,0.6,0.6,0.0859174370603703,0.0309232480533926
rf,y_XLE,8,34,0.0121029878588085,0.014663671490451,-0.2470059366377026,0.4705882352941176,0.4705882352941176,-0.0566154453513009,-0.094270435446906
rf,y_XLE,9,35,0.0196667520165822,0.0306106739866244,-0.1114795994389246,0.4571428571428571,0.4571428571428571,-0.1083732501659207,-0.1809523809523809
rf,y_XLE,10,35,0.0189871140751866,0.0302698209572294,-0.0510117451560543,0.5714285714285714,0.5714285714285714,-0.022760593479684,0.076750700280112
rf,y_XLE,11,35,0.0181295703636957,0.0301462692053242,-0.0805403346304192,0.5142857142857142,0.5142857142857142,-0.0086222786544407,0.1322128851540616
rf,y_XLE,12,34,0.0106921324744732,0.0136998598062377,-0.2551077851896357,0.6764705882352942,0.6764705882352942,0.121134021097513,0.2259740259740259
rf,y_XLE,13,35,0.0101071590758374,0.0131065009622775,-0.4045590016125677,0.6285714285714286,0.6285714285714286,0.0317733969884987,0.0549019607843137
rf,y_XLE,14,34,0.009142057559954,0.011059878523107,0.0569006799987671,0.6176470588235294,0.6176470588235294,0.2472774969031673,0.2663101604278075
rf,y_XLE,15,34,0.0074350889072146,0.0098139031821248,0.1139055126161791,0.5882352941176471,0.5882352941176471,0.3528289360703951,0.3179526355996944
rf,y_XLE,16,33,0.0084363224576849,0.0099867462284124,0.1214868568301716,0.5151515151515151,0.5151515151515151,0.355551333429479,0.3913770053475936
rf,y_XLE,17,33,0.0091707417554481,0.0115529085282687,0.0021631400399659,0.5151515151515151,0.5151515151515151,0.1341700173054165,0.2328068864148939
rf,y_XLE,18,34,0.0090079061682744,0.0112233020630158,-0.0444852862557518,0.5,0.5,0.1309111881593537,0.1789152024446141
rf,y_XLE,19,35,0.008848098858513,0.0107709947557729,-0.0057138875955395,0.5714285714285714,0.5714285714285714,0.1962024893113064,0.2400560224089636
rf,y_XLE,20,34,0.0087580305541445,0.0102026765944767,-0.0831191521202137,0.5294117647058824,0.5294117647058824,0.0182238472399439,0.0249045072574484
rf,y_XLE,21,29,0.0103093747231466,0.0124280539885104,-0.0842045809728988,0.4827586206896552,0.4827586206896552,-0.00940775340647,0.0492610837438423
rf,y_XLE,22,27,0.0119800484843785,0.0150241739578686,-0.1475350483444899,0.2962962962962963,0.2962962962962963,-0.2960453953216805,-0.2814407814407815
rf,y_XLE,23,29,0.0140007531297868,0.0172805258291672,-0.1753118788678518,0.4137931034482758,0.4137931034482758,-0.2532056288411621,-0.2655172413793103
rf,y_XLE,24,33,0.0116249302808283,0.0150283748150884,-0.2180397493990826,0.5454545454545454,0.5454545454545454,-0.1532273024948358,-0.231283422459893
rf,y_XLV,0,35,0.0047843038859976,0.0064472269829329,0.0529105173669879,0.6,0.6,0.2327303910365513,0.242296918767507
rf,y_XLV,1,35,0.0058039580511873,0.0070520075141396,-0.5517415936776513,0.2571428571428571,0.2571428571428571,-0.5052234617642645,-0.480952380952381
rf,y_XLV,2,37,0.0061953531112826,0.0078213870550036,-0.271127637638779,0.4594594594594595,0.4594594594594595,-0.0457473556834478,-0.063063063063063
rf,y_XLV,3,34,0.0067565773949933,0.0082385497817979,-0.1580736551295685,0.4411764705882353,0.4411764705882353,-0.0879430489353014,-0.0597402597402597
rf,y_XLV,4,32,0.0069714817749171,0.0085936589268655,-0.1260009277096718,0.5,0.5,0.1037454868200482,0.1491935483870967
rf,y_XLV,5,28,0.0063688799443212,0.0075218680314486,-0.0663385871338777,0.2857142857142857,0.2857142857142857,0.018003057755911,-0.0596606458675424
rf,y_XLV,6,29,0.0059413790681059,0.0070443502716664,0.1236320577510338,0.5172413793103449,0.5172413793103449,0.400847738895572,0.3147783251231526
rf,y_XLV,7,30,0.0059757409052134,0.0068648096727851,0.10118984424989,0.5666666666666667,0.5666666666666667,0.3554531196279959,0.3041156840934371
rf,y_XLV,8,34,0.0061676506702053,0.0072818938608133,-0.0205653008310719,0.5,0.5,0.068550773648126,0.0227654698242933
rf,y_XLV,9,35,0.0103688160005332,0.0151564084640623,-0.0572508102449986,0.5142857142857142,0.5142857142857142,-0.0631547644970784,-0.1717086834733893
rf,y_XLV,10,35,0.0113539697655106,0.0160594873803043,-0.0319709639991918,0.4571428571428571,0.4571428571428571,-0.0239758955361811,-0.0669467787114846
rf,y_XLV,11,35,0.0149823923339586,0.0189462302822659,-0.0957429079724969,0.3714285714285714,0.3714285714285714,-0.214010307297348,-0.311484593837535
rf,y_XLV,12,34,0.0103623071514898,0.0131511987456303,-0.0201612759047713,0.5,0.5,0.0266849001602353,0.0349885408708938
rf,y_XLV,13,35,0.0101675315589087,0.0129984116208946,-0.0586075901879639,0.3428571428571428,0.3428571428571428,-0.1224921323243506,-0.2829131652661065
rf,y_XLV,14,34,0.0087299588427387,0.0110538599344114,-0.1564653403490834,0.3235294117647059,0.3235294117647059,-0.4104831278996643,-0.3650114591291061
rf,y_XLV,15,34,0.009294998546987,0.0114663343060348,-0.1877268629071251,0.3529411764705882,0.3529411764705882,-0.4288979009005397,-0.3702062643239113
rf,y_XLV,16,33,0.007784937593269,0.0101502952153853,-0.2213424674677513,0.3333333333333333,0.3333333333333333,-0.5092838709112611,-0.376336898395722
rf,y_XLV,17,33,0.0078221618384475,0.0103745147502031,-0.1209396325207083,0.3636363636363636,0.3636363636363636,-0.0518089560993552,-0.1647727272727273
rf,y_XLV,18,34,0.0067495462519649,0.009883030895387,-0.1025662285835091,0.4411764705882353,0.4411764705882353,-0.1441160579202639,-0.2330022918258212
rf,y_XLV,19,35,0.007500364689745,0.0108307681928224,-0.1616927056648409,0.3714285714285714,0.3714285714285714,-0.0966246571054339,-0.2061624649859944
rf,y_XLV,20,34,0.0069366574472209,0.0092737446723422,-0.2248819188598925,0.3529411764705882,0.3529411764705882,-0.257653623779308,-0.3433155080213904
rf,y_XLV,21,29,0.0074735717969387,0.0098994820292776,-0.1597562546965674,0.5172413793103449,0.5172413793103449,-0.2064648753176869,-0.1472906403940886
rf,y_XLV,22,27,0.0075157374906092,0.0093384178966858,-0.1137714521462438,0.3703703703703703,0.3703703703703703,-0.2198621057846069,-0.2332112332112332
rf,y_XLV,23,29,0.0082253187632035,0.0097442368484453,-0.1957627504090588,0.3103448275862069,0.3103448275862069,-0.2984483776544319,-0.3216748768472905
rf,y_XLV,24,33,0.0082144038338821,0.0099233824497936,-0.1023097863278255,0.303030303030303,0.303030303030303,-0.1353517425484461,-0.213903743315508
rf,y_XLI,0,35,0.0068614009061266,0.0085407685580793,-0.3256882892667472,0.4,0.4,-0.134714925668108,-0.1515406162464986
rf,y_XLI,1,35,0.0066791697825618,0.0078363413652818,-0.1600477489703473,0.3142857142857143,0.3142857142857143,-0.0667198397052811,-0.1204481792717087
rf,y_XLI,2,37,0.0078640415961348,0.010503559907295,-0.0589213024924915,0.3783783783783784,0.3783783783783784,-0.0092400079447142,0.0033191085822664
rf,y_XLI,3,34,0.007933669910258,0.0105207467197224,0.0180583282300285,0.5,0.5,0.1395459346762046,0.1190221543162719
rf,y_XLI,4,32,0.0086515863497859,0.0117549249327838,-0.0363576672286787,0.46875,0.46875,0.0030361499406308,0.0153958944281524
rf,y_XLI,5,28,0.0072371013250558,0.0090895549151906,-0.0213942508249795,0.3928571428571428,0.3928571428571428,0.0828822344219794,0.0437876299945265
rf,y_XLI,6,29,0.0068098422684836,0.0087688050471529,-0.0737013822377929,0.4482758620689655,0.4482758620689655,-0.0225908584988164,0.0714285714285714
rf,y_XLI,7,30,0.0057952375822166,0.0079272498373854,-0.1492119708412342,0.6333333333333333,0.6333333333333333,-0.0715053712634121,0.1403781979977753
rf,y_XLI,8,34,0.007452723396175,0.0097480091955555,-0.0954515441295478,0.5294117647058824,0.5294117647058824,-0.0694104152182396,0.0041252864782276
rf,y_XLI,9,35,0.0144673217497881,0.0231931904640425,-0.0025040062486596,0.5714285714285714,0.5714285714285714,0.1279910732838505,-0.0647058823529411
rf,y_XLI,10,35,0.016292368976139,0.0238685771390203,-0.0011356284741197,0.4285714285714285,0.4285714285714285,0.0394026223968701,-0.1582633053221288
rf,y_XLI,11,35,0.014824862990268,0.0232943268976319,0.0012052953402794,0.4857142857142857,0.4857142857142857,0.0570144420851983,-0.0879551820728291
rf,y_XLI,12,34,0.0075064465285264,0.0094540198048658,-0.1532145859247684,0.4705882352941176,0.4705882352941176,-0.0937543689840501,-0.0930481283422459
rf,y_XLI,13,35,0.0061854005009589,0.0077702997492933,-0.1938033513637844,0.3714285714285714,0.3714285714285714,-0.2100749490591103,-0.1464985994397759
rf,y_XLI,14,34,0.0052871950631727,0.0070904403462044,-0.1463833647619974,0.4411764705882353,0.4411764705882353,-0.1302508652611508,-0.1685255920550037
rf,y_XLI,15,34,0.0061587703674118,0.0079268855672922,-0.1614793483121388,0.5,0.5,-0.1711277609564334,-0.1599694423223834
rf,y_XLI,16,33,0.0063597228201184,0.0078521013317566,-0.1618386725601397,0.3636363636363636,0.3636363636363636,-0.1904399173885863,-0.2202540106951871
rf,y_XLI,17,33,0.0073118600924977,0.0088594804577752,-0.1851573865291333,0.3939393939393939,0.3939393939393939,-0.2855055020155088,-0.222927807486631
rf,y_XLI,18,34,0.0073136493996247,0.0089278266419604,-0.1992063558209142,0.4411764705882353,0.4411764705882353,-0.1933831155384011,-0.0576012223071046
rf,y_XLI,19,35,0.0071241206405318,0.0090276708054134,-0.1230860351736853,0.4571428571428571,0.4571428571428571,-0.0771272431128677,-0.0002801120448179
rf,y_XLI,20,34,0.0073072244374,0.0088283552962754,-0.0742808256916156,0.4411764705882353,0.4411764705882353,0.0122754457484424,-0.014209320091673
rf,y_XLI,21,29,0.0075971611838202,0.0090007571222922,-0.0103313242182687,0.4827586206896552,0.4827586206896552,0.1285260873692743,0.0901477832512315
rf,y_XLI,22,27,0.0084108971831258,0.0097606254581171,-0.1391681623017551,0.5925925925925926,0.5925925925925926,-0.1623462465361182,-0.2106227106227106
rf,y_XLI,23,29,0.0085504807158065,0.0105037895231575,-0.1808123607960996,0.3448275862068966,0.3448275862068966,-0.2698705734939209,-0.3206896551724137
rf,y_XLI,24,33,0.008954353425099,0.0110051656149353,-0.1058856354478043,0.3333333333333333,0.3333333333333333,-0.1930258525934035,-0.1554144385026738
rf,y_XLY,0,35,0.0112963769088286,0.0140236768282306,-0.2709175688594789,0.3142857142857143,0.3142857142857143,-0.2175589853247927,-0.2260504201680672
rf,y_XLY,1,35,0.0087985281508986,0.0113741716125348,-0.1765312827404983,0.4571428571428571,0.4571428571428571,-0.0458286850787261,-0.0392156862745098
rf,y_XLY,2,37,0.0096553548322938,0.0125144919356223,-0.1455055770438091,0.5405405405405406,0.5405405405405406,-0.0019051087226215,0.0784732100521574
rf,y_XLY,3,34,0.0098232929644132,0.0127910918575987,-0.193031190273492,0.5294117647058824,0.5294117647058824,-0.0460210933946219,-0.0316271963330786
rf,y_XLY,4,32,0.0116130251479842,0.014650098293546,-0.0241803037181189,0.53125,0.53125,0.0492317988189572,0.0219941348973607
rf,y_XLY,5,28,0.0106576889897104,0.0140997319068523,0.0273957897901093,0.5714285714285714,0.5714285714285714,0.1952343702421142,0.113847837985769
rf,y_XLY,6,29,0.0100524717982723,0.0134441974897642,0.1048262006521386,0.5862068965517241,0.5862068965517241,0.3612311405028102,0.3881773399014777
rf,y_XLY,7,30,0.0096302430343653,0.0118627699986993,0.0022075500821184,0.5666666666666667,0.5666666666666667,0.113699224684297,0.0304783092324805
rf,y_XLY,8,34,0.0112210267150214,0.0138691852251968,-0.2131024515859008,0.4117647058823529,0.4117647058823529,-0.2374668344116497,-0.2042780748663101
rf,y_XLY,9,35,0.0191988547036745,0.0281102633227921,-0.0846831025573806,0.4571428571428571,0.4571428571428571,-0.1890006015175526,-0.188235294117647
rf,y_XLY,10,35,0.0205229044997022,0.0287367970656551,-0.0456388669657326,0.5714285714285714,0.5714285714285714,-0.1119974988427966,0.0327731092436974
rf,y_XLY,11,35,0.0181650556019321,0.0273842234937336,-0.0246142899807531,0.4285714285714285,0.4285714285714285,-0.0699722597303069,-0.073109243697479
rf,y_XLY,12,34,0.0108772008903365,0.013405606515381,-0.0907834835063061,0.4411764705882353,0.4411764705882353,-0.0669923203074798,-0.0591291061879297
rf,y_XLY,13,35,0.0085830183030866,0.0107255891214182,-0.2265231686494278,0.4571428571428571,0.4571428571428571,-0.2748704025969548,-0.2232492997198879
rf,y_XLY,14,34,0.0090445409934894,0.0115218920809153,-0.2139977011788048,0.3823529411764705,0.3823529411764705,-0.2929802556202567,-0.2935064935064935
rf,y_XLY,15,34,0.0082272681001534,0.0108042473479754,-0.0985632456298923,0.3529411764705882,0.3529411764705882,-0.1022757643590464,-0.1040488922841863
rf,y_XLY,16,33,0.0079673540637914,0.0111815362644804,-0.0992687282993156,0.6666666666666666,0.6666666666666666,-0.082759673925581,0.0417780748663101
rf,y_XLY,17,33,0.0084369840084576,0.011662879670656,-0.1309470924785074,0.5151515151515151,0.5151515151515151,-0.0144164893175664,-0.0033422459893048
rf,y_XLY,18,34,0.0089798767094191,0.0114598263110935,-0.00482381735706,0.6176470588235294,0.6176470588235294,0.1911494842142571,0.2525592055003819
rf,y_XLY,19,35,0.0103777163838846,0.0132202660435049,-0.0926315645247921,0.6,0.6,0.0775188569338189,0.1198879551820728
rf,y_XLY,20,34,0.0099623534990044,0.0126853786538948,-0.0501690402524457,0.5294117647058824,0.5294117647058824,0.0689690430568231,0.1847211611917494
rf,y_XLY,21,29,0.0093647810383977,0.0116291555388076,0.014622054898208,0.4482758620689655,0.4482758620689655,0.1502825916667579,0.1502463054187191
rf,y_XLY,22,27,0.0076797904419496,0.0095135054101474,-0.2355106898566195,0.3703703703703703,0.3703703703703703,-0.1251704061524431,-0.1953601953601953
rf,y_XLY,23,29,0.0070724256178737,0.0091661110951427,-0.0818719826710348,0.5517241379310345,0.5517241379310345,0.0702651596412848,0.1669950738916255
rf,y_XLY,24,33,0.0072306888484984,0.0097571496046058,-0.0436016698179679,0.6060606060606061,0.6060606060606061,0.0717852571615422,0.1463903743315508
rf,y_XLP,0,35,0.0053290017862393,0.0059282161828161,-0.1610959628493182,0.4571428571428571,0.4571428571428571,-0.0289935809291769,0.0336134453781512
rf,y_XLP,1,35,0.0051640776694414,0.0059468958694646,-0.2668137416361402,0.4285714285714285,0.4285714285714285,-0.2949490090814746,-0.234733893557423
rf,y_XLP,2,37,0.0051511095444483,0.0062594939797171,-0.0742304726348068,0.4324324324324324,0.4324324324324324,0.0042556744252688,-0.1107159791370317
rf,y_XLP,3,34,0.0050991517105875,0.0063063820512323,-0.0616627545548316,0.5,0.5,0.0785971530090324,0.0398777692895339
rf,y_XLP,4,32,0.0053188578080721,0.0065612846669973,0.0415545826370435,0.5,0.5,0.2523888953836547,0.2287390029325513
rf,y_XLP,5,28,0.004940783670391,0.0059097397730409,-0.0713823601079248,0.4642857142857143,0.4642857142857143,-0.0092766802647183,0.0388615216201423
rf,y_XLP,6,29,0.0054914033058543,0.0065460697600914,-0.0293866245736023,0.4827586206896552,0.4827586206896552,0.0830323515278765,0.0679802955665024
rf,y_XLP,7,30,0.0071559214052998,0.0083739512542706,-0.0603678347956238,0.6,0.6,0.1193432436326048,0.2418242491657397
rf,y_XLP,8,34,0.0074995067706545,0.0092338485699833,0.0493546794694126,0.7352941176470589,0.7352941176470589,0.2407629607948564,0.3485103132161956
rf,y_XLP,9,35,0.0103698909357753,0.0138023290274809,0.012698805484,0.7142857142857143,0.7142857142857143,0.1409715480606169,0.2602240896358543
rf,y_XLP,10,35,0.0104009761206963,0.0139688827998368,-0.0299892596466038,0.4857142857142857,0.4857142857142857,0.0552674696442167,-0.0022408963585434
rf,y_XLP,11,35,0.0103051353831885,0.0137194123000811,-0.0193962838972416,0.5142857142857142,0.5142857142857142,0.1016628435297282,0.0375350140056022
rf,y_XLP,12,34,0.0072263430147539,0.0089996756036059,-0.0363126447782613,0.5588235294117647,0.5588235294117647,0.0136225891633976,0.0878533231474407
rf,y_XLP,13,35,0.0065556602136163,0.0079743047843543,-0.1654252481940059,0.3428571428571428,0.3428571428571428,-0.1737522252375651,-0.1963585434173669
rf,y_XLP,14,34,0.0054401431536312,0.0066786949134512,-0.0445365682709273,0.5882352941176471,0.5882352941176471,0.0146270667053741,-0.014514896867838
rf,y_XLP,15,34,0.0053760468034189,0.0065490281770146,-0.0460276211918941,0.4705882352941176,0.4705882352941176,-0.0027888047529771,-0.0527160212402592
rf,y_XLP,16,33,0.0054074872447429,0.0064081703277816,-0.0697871421371651,0.4242424242424242,0.4242424242424242,-0.0029342575251743,0.0462939752598174
rf,y_XLP,17,33,0.0052204075243049,0.0060934040423999,-0.1813287320956054,0.3636363636363636,0.3636363636363636,-0.2064328813972416,-0.1828208556149732
rf,y_XLP,18,34,0.006052240486931,0.0075304532434531,-0.048877692748251,0.3529411764705882,0.3529411764705882,-0.0138672353911282,-0.1321619556913674
rf,y_XLP,19,35,0.006238402094161,0.0080788725929775,-0.0591492536805349,0.3714285714285714,0.3714285714285714,-0.0601317979624108,-0.176750700280112
rf,y_XLP,20,34,0.006905676157108,0.0087698084306288,-0.1191636821283359,0.4705882352941176,0.4705882352941176,-0.1108224686562393,-0.1422459893048128
rf,y_XLP,21,29,0.0059715883396792,0.0073219316772772,-0.2489451388719104,0.3793103448275862,0.3793103448275862,-0.1626635800260035,-0.1901477832512314
rf,y_XLP,22,27,0.0067977872716335,0.0085329056138589,-0.1717223543965307,0.4444444444444444,0.4444444444444444,0.0724793420635308,0.1361416361416361
rf,y_XLP,23,29,0.0081651606362001,0.0100975393710573,-0.3291435825316309,0.4137931034482758,0.4137931034482758,-0.2006701754965847,-0.1866995073891625
rf,y_XLP,24,33,0.0085231134675197,0.0105082427517831,-0.1764283339423045,0.4848484848484848,0.4848484848484848,0.0082150590245798,-0.0217245989304812
rf,y_XLB,0,35,0.0078807757526413,0.0097063368808421,-0.2434015814327583,0.4285714285714285,0.4285714285714285,-0.2486943649288607,-0.2064425770308123
rf,y_XLB,1,35,0.0066703280812546,0.0081429508945617,-0.0699114823379996,0.4857142857142857,0.4857142857142857,0.0562634881231456,0.126610644257703
rf,y_XLB,2,37,0.0075338742581121,0.0092367199956048,-0.2002672377730865,0.4594594594594595,0.4594594594594595,-0.1530603402351324,-0.1391654812707444
rf,y_XLB,3,34,0.0070144008865835,0.0083799595957792,-0.238611355104225,0.4117647058823529,0.4117647058823529,-0.0125100969239267,-0.0258212375859434
rf,y_XLB,4,32,0.0085775234994974,0.0104670095121127,-0.3674532081624737,0.375,0.375,-0.09017251163255,-0.0931085043988269
rf,y_XLB,5,28,0.0083901027802236,0.0101668492187472,-0.2156496775188645,0.3928571428571428,0.3928571428571428,-0.2970163279489683,-0.2474001094690749
rf,y_XLB,6,29,0.0074864973717012,0.0094241041771012,-0.1681258458269661,0.4827586206896552,0.4827586206896552,-0.1669541234878811,-0.064039408866995
rf,y_XLB,7,30,0.0067761299694825,0.008242444001895,-0.0876624279642133,0.5,0.5,0.0546651308048342,0.1626251390433815
rf,y_XLB,8,34,0.0072083321134426,0.0092260490479579,-0.0472309838491833,0.5,0.5,0.1053120774785725,0.1575248281130633
rf,y_XLB,9,35,0.0143169351684933,0.0231824954514263,0.0136433927009778,0.5714285714285714,0.5714285714285714,0.1546462740869525,0.0817927170868347
rf,y_XLB,10,35,0.015546643286873,0.0239771330818926,-0.0157466051998711,0.3714285714285714,0.3714285714285714,-0.022522680566138,-0.2103641456582633
rf,y_XLB,11,35,0.014999403381224,0.0235612217569362,-0.0081785440143506,0.4285714285714285,0.4285714285714285,0.0115219385229057,-0.1394957983193277
rf,y_XLB,12,34,0.0085259987545076,0.0100081952190394,-0.1273576801254268,0.3529411764705882,0.3529411764705882,-0.0985374344933129,-0.1147440794499618
rf,y_XLB,13,35,0.007444704463067,0.0087389660960043,-0.1098434681999969,0.4,0.4,-0.1160933858804994,-0.1386554621848739
rf,y_XLB,14,34,0.0088217070829074,0.0105117457785603,-0.1630288567966771,0.4117647058823529,0.4117647058823529,-0.289612816949728,-0.2513368983957219
rf,y_XLB,15,34,0.0085088567935708,0.010602998219917,-0.2086056040387311,0.3529411764705882,0.3529411764705882,-0.3028489144133097,-0.4009473615491019
rf,y_XLB,16,33,0.0078443210838109,0.0101820257141796,-0.1109821919323788,0.3333333333333333,0.3333333333333333,-0.127418425751752,-0.3136075066617168
rf,y_XLB,17,33,0.0077897042214162,0.009895915761946,-0.1230723520441463,0.3333333333333333,0.3333333333333333,-0.1885771277064901,-0.3333333519634665
rf,y_XLB,18,34,0.0085687589165724,0.0103910863897609,-0.1953689207882964,0.3823529411764705,0.3823529411764705,-0.1188076618896977,-0.1251336898395721
rf,y_XLB,19,35,0.0093670140203749,0.0110147096631233,-0.2166405912085758,0.3714285714285714,0.3714285714285714,-0.2929315343143215,-0.2829131652661065
rf,y_XLB,20,34,0.0093596512650202,0.0111694049982104,-0.2091250803592872,0.3529411764705882,0.3529411764705882,-0.2494530276705867,-0.2794499618029029
rf,y_XLB,21,29,0.0088959383259703,0.0107071780537744,-0.3254361791883731,0.2758620689655172,0.2758620689655172,-0.3601894913158349,-0.4334975369458127
rf,y_XLB,22,27,0.0091945405019004,0.0115287994103483,-0.4565256656913967,0.2962962962962963,0.2962962962962963,-0.4569987281553472,-0.426129426129426
rf,y_XLB,23,29,0.0111087891631501,0.0137319080036466,-0.2915341231693864,0.2413793103448276,0.2413793103448276,-0.5468948882824614,-0.5532019704433496
rf,y_XLB,24,33,0.011318293572486,0.0140983728740896,-0.0944142344042426,0.4545454545454545,0.4545454545454545,-0.3052430982098996,-0.2814171122994652
rf,y_XLU,0,35,0.0060373875395934,0.0077559367435294,-0.2503353893713653,0.4,0.4,-0.0809694484299956,-0.1949579831932773
rf,y_XLU,1,35,0.0074191229184055,0.009245872308206,-0.1434577280683615,0.4285714285714285,0.4285714285714285,-0.0420117203639841,-0.026610644257703
rf,y_XLU,2,37,0.0091074426249164,0.0113313970661418,-0.0668763344387111,0.5135135135135135,0.5135135135135135,-0.0308296009162352,-0.009009009009009
rf,y_XLU,3,34,0.0089722804061107,0.0112643985647324,-0.0641752460293476,0.4117647058823529,0.4117647058823529,0.1027099605653667,0.0099312452253628
rf,y_XLU,4,32,0.0085579886094242,0.0110204693053091,0.0233297652843036,0.4375,0.4375,0.2040343725220321,0.0736803519061583
rf,y_XLU,5,28,0.0073896040317221,0.0100842797081452,0.0052383925955251,0.3928571428571428,0.3928571428571428,0.1878125229922055,-0.0509031198686371
rf,y_XLU,6,29,0.0082786707976772,0.0107026151889865,0.0558715948025062,0.5517241379310345,0.5517241379310345,0.3261587987800857,0.2576354679802955
rf,y_XLU,7,30,0.0079904354427883,0.0108621321936184,-0.0621063658788185,0.5,0.5,-0.0580083604845056,-0.1946607341490545
rf,y_XLU,8,34,0.0080437903491295,0.0107198969831561,0.012796554762411,0.6470588235294118,0.6470588235294118,0.1576432771916844,0.255614973262032
rf,y_XLU,9,35,0.0095784611205219,0.0147538734838824,0.021557476735624,0.6857142857142857,0.6857142857142857,0.1650308402732526,0.2204481792717087
rf,y_XLU,10,35,0.0098150991238075,0.0148952707471518,0.0412047205555871,0.6571428571428571,0.6571428571428571,0.2138102606787688,0.3319327731092437
rf,y_XLU,11,35,0.0095656763764067,0.0145899717065529,0.0618653824410164,0.6857142857142857,0.6857142857142857,0.3041717183949964,0.3705882352941177
rf,y_XLU,12,34,0.0079684426399725,0.010279126213691,-0.0389430536076549,0.6470588235294118,0.6470588235294118,0.0907449752892652,0.1052711993888464
rf,y_XLU,13,35,0.0085796250749777,0.0106757418348363,-0.1998682884994411,0.4857142857142857,0.4857142857142857,-0.2462648170997726,-0.3165266106442577
rf,y_XLU,14,34,0.0079546459736474,0.0093718555859027,-0.3018116383953151,0.3235294117647059,0.3235294117647059,-0.4253660252040718,-0.5367456073338426
rf,y_XLU,15,34,0.0068127457661098,0.008029151894567,-0.2388653160143652,0.4705882352941176,0.4705882352941176,-0.3364967228556598,-0.3469824293353704
rf,y_XLU,16,33,0.0066071016538847,0.0080899912939731,-0.2997995338925818,0.3636363636363636,0.3636363636363636,-0.3495586663808348,-0.3877005347593583
rf,y_XLU,17,33,0.0069073337779443,0.0084317155857801,-0.3273874050269219,0.3939393939393939,0.3939393939393939,-0.3137638448883693,-0.3920454545454546
rf,y_XLU,18,34,0.0075084147950247,0.0091308445240948,-0.1555205440043094,0.3823529411764705,0.3823529411764705,-0.1469193291791737,-0.1529411764705882
rf,y_XLU,19,35,0.0064718633383674,0.0081427636388714,-0.0390238214751981,0.4857142857142857,0.4857142857142857,0.0266271307441357,0.0131652661064425
rf,y_XLU,20,34,0.0062290919373674,0.0077172041109315,-0.097561196804137,0.5882352941176471,0.5882352941176471,0.1555385690893812,0.1801375095492742
rf,y_XLU,21,29,0.0059646380997589,0.0074641778763788,-0.26429274632687,0.4827586206896552,0.4827586206896552,-0.002159825070846,-0.0556650246305418
rf,y_XLU,22,27,0.0070019975444145,0.0086925083073061,-0.1001168551465745,0.4814814814814814,0.4814814814814814,0.0232550757280715,0.13003663003663
rf,y_XLU,23,29,0.008587348372081,0.0106336513306874,-0.1040811856814811,0.4482758620689655,0.4482758620689655,-0.0744905828182923,0.0009852216748768
rf,y_XLU,24,33,0.0081705890627589,0.0105033642002767,-0.0934891567383853,0.6060606060606061,0.6060606060606061,0.0197839505112548,0.0862299465240641
rf,y_XLRE,0,35,0.0059452851155397,0.0080181119640176,-0.1335583970671425,0.4857142857142857,0.4857142857142857,0.0340345262646554,-0.0528048183940778
rf,y_XLRE,1,35,0.0058740884548835,0.007006115447332,-0.0778199709293769,0.4285714285714285,0.4285714285714285,0.0428799822149662,0.0226906646680122
rf,y_XLRE,2,37,0.0080295240102536,0.0096401941735626,-0.0572801267700793,0.5135135135135135,0.5135135135135135,0.0458118837260037,0.0374585111427216
rf,y_XLRE,3,34,0.0083807240367037,0.0102341318195681,-0.1507371325700395,0.5294117647058824,0.5294117647058824,0.1322651590645737,0.1511077158135981
rf,y_XLRE,4,32,0.0101208049110171,0.0129784699020394,-0.1276710252057524,0.5625,0.5625,0.1356659740135785,0.0751466275659824
rf,y_XLRE,5,28,0.0087095551700597,0.0121248456272954,-0.1026641912052614,0.5357142857142857,0.5357142857142857,0.1606879884584514,0.0979748221127531
rf,y_XLRE,6,29,0.0089265268435767,0.0121515519884432,0.0658504369021438,0.4827586206896552,0.4827586206896552,0.260929827418539,0.1724137931034482
rf,y_XLRE,7,30,0.0070927738321511,0.0089506732432953,-0.0126931260272282,0.6,0.6,0.2599869645277654,0.1523915461624026
rf,y_XLRE,8,34,0.0076605463438016,0.0097564115469824,0.0968055639987225,0.6470588235294118,0.6470588235294118,0.3251150114180512,0.3152024446142093
rf,y_XLRE,9,35,0.0108997364697057,0.0167446287520297,0.0208448417001326,0.7142857142857143,0.7142857142857143,0.198003706032052,0.3596638655462185
rf,y_XLRE,10,35,0.0114389206800026,0.0170049553770363,0.0480646739782727,0.6,0.6,0.238752723229715,0.3313725490196079
rf,y_XLRE,11,35,0.0109490003461117,0.0165606875821165,0.0633003897195096,0.7142857142857143,0.7142857142857143,0.3142918894948986,0.3148459383753501
rf,y_XLRE,12,34,0.0068125630723499,0.0094135598418261,-0.0842578489119991,0.4411764705882353,0.4411764705882353,-0.0075235436443747,-0.0300993124522536
rf,y_XLRE,13,35,0.0062379860853525,0.008664426689605,-0.0289705849099579,0.4857142857142857,0.4857142857142857,0.0528956125310294,0.02296918767507
rf,y_XLRE,14,34,0.0057083526169478,0.0091231885734517,-0.4531249876640115,0.5588235294117647,0.5588235294117647,-0.2189077910204393,0.1744976703083363
rf,y_XLRE,15,34,0.0068057439723599,0.0101512877268036,-0.4891244730107156,0.5588235294117647,0.5588235294117647,-0.3947807983458626,-0.095187165775401
rf,y_XLRE,16,33,0.0078522931497238,0.0108755652457629,-0.7255536843473465,0.3939393939393939,0.3939393939393939,-0.4686555028116446,-0.3673128342245989
rf,y_XLRE,17,33,0.0063254256306985,0.0079172080319057,-0.2043032872660093,0.3939393939393939,0.3939393939393939,-0.1533225186553511,-0.1600935828877005
rf,y_XLRE,18,34,0.0067468566407345,0.0089605976230368,-0.025406949822224,0.3823529411764705,0.3823529411764705,0.1105669323054031,0.0511841100076394
rf,y_XLRE,19,35,0.006314813945227,0.0085960799111633,0.1155969693783693,0.6285714285714286,0.6285714285714286,0.384727323296596,0.4128851540616247
rf,y_XLRE,20,34,0.0061196316350269,0.0085491444646291,0.0669585996993517,0.5882352941176471,0.5882352941176471,0.2623639149100877,0.3271199388846447
rf,y_XLRE,21,29,0.0058688891664295,0.0072434869987103,-0.1929741860258786,0.4827586206896552,0.4827586206896552,-0.1591616047847774,-0.080295566502463
rf,y_XLRE,22,27,0.0062791249076881,0.0076573814056797,-0.3196152030994585,0.4074074074074074,0.4074074074074074,-0.3167918391723989,-0.2344322344322344
rf,y_XLRE,23,29,0.0080521286198091,0.0098045683794589,-0.2884944022354172,0.5517241379310345,0.5517241379310345,-0.2547266622413173,-0.2133004926108374
rf,y_XLRE,24,33,0.0074301080342313,0.0091114645763972,-0.0754061447115446,0.5454545454545454,0.5454545454545454,0.0491711899223253,0.0745320855614973
rf,y_XLC,0,35,0.0067819001983911,0.0088432222053959,-0.2113462929202605,0.5142857142857142,0.5142857142857142,0.1037533547721012,0.0673716648476165
rf,y_XLC,1,35,0.0058803509063108,0.0075024143427687,-0.1391461273588963,0.4857142857142857,0.4857142857142857,0.063043893356446,-0.0176482947417872
rf,y_XLC,2,37,0.0062844189562958,0.0082012237985538,-0.1333947410165545,0.4594594594594595,0.4594594594594595,0.2393727516004758,0.1946535478494979
rf,y_XLC,3,34,0.0061266407455048,0.0082405058100254,-0.1682033902364503,0.6470588235294118,0.6470588235294118,0.0831303155583947,0.1410236822001527
rf,y_XLC,4,32,0.0079670164693961,0.0102947847792372,0.020468971067201,0.5625,0.5625,0.2291658252239621,0.12683284457478
rf,y_XLC,5,28,0.0065940214726241,0.0085764307172836,0.2038280999024039,0.7142857142857143,0.7142857142857143,0.5009384476849108,0.5407772304324029
rf,y_XLC,6,29,0.0072547314221859,0.0091233353216535,0.1221591791228869,0.6551724137931034,0.6551724137931034,0.3796588593378537,0.2970443349753694
rf,y_XLC,7,30,0.0064035148264319,0.0080223558126682,-0.0034747333580804,0.5333333333333333,0.5333333333333333,0.1530136238322799,0.1056729699666295
rf,y_XLC,8,34,0.0083911161259473,0.010358660304594,-0.0894980143397075,0.5882352941176471,0.5882352941176471,-0.0931367034548888,-0.1092436974789916
rf,y_XLC,9,35,0.0153275373972607,0.0230051706688389,-0.0131558768850545,0.5428571428571428,0.5428571428571428,0.0886693362548136,-0.0039215686274509
rf,y_XLC,10,35,0.0170707523725906,0.0237354546502306,0.0206708062636107,0.5142857142857142,0.5142857142857142,0.1452934062451451,0.0831932773109243
rf,y_XLC,11,35,0.0144985865677521,0.0230519166106987,-0.0078911793926397,0.4571428571428571,0.4571428571428571,0.0451909123178318,-0.042296918767507
rf,y_XLC,12,34,0.0080486181650695,0.010829012205023,-0.2543282372542861,0.5588235294117647,0.5588235294117647,-0.0463673526449611,-0.0001527883880825
rf,y_XLC,13,35,0.0050367668255297,0.0064154247445141,-0.1902861836702232,0.6285714285714286,0.6285714285714286,-0.0563485177902513,0.0456582633053221
rf,y_XLC,14,34,0.0061549823533598,0.0077020995877454,-0.1025320730780448,0.6176470588235294,0.6176470588235294,0.0071739287246585,0.0071810542398777
rf,y_XLC,15,34,0.0060006496038876,0.007610512561788,-0.1214140477173129,0.5294117647058824,0.5294117647058824,-0.1147440030253904,-0.041711229946524
rf,y_XLC,16,33,0.0066666765099691,0.0084978723664348,-0.2458485559049084,0.4545454545454545,0.4545454545454545,-0.1130378049832062,-0.0648395721925133
rf,y_XLC,17,33,0.0068972582288137,0.0087141432953036,-0.3179659701014707,0.4242424242424242,0.4242424242424242,-0.22231127583838,-0.3178475935828877
rf,y_XLC,18,34,0.0068223459004976,0.0083403071091975,-0.1852109717706709,0.4705882352941176,0.4705882352941176,-0.0031311575488409,-0.0548510313216195
rf,y_XLC,19,35,0.0075985724351548,0.0090911390177165,-0.3031054442116776,0.4571428571428571,0.4571428571428571,-0.0614274794321691,-0.053501400560224
rf,y_XLC,20,34,0.0072873932269557,0.0089389160616852,-0.3358050950038018,0.5294117647058824,0.5294117647058824,-0.0540137494217827,-0.1040488922841863
rf,y_XLC,21,29,0.0059803605564362,0.0077885105103988,-0.1829045499957198,0.6206896551724138,0.6206896551724138,0.1095677463594018,0.2216748768472905
rf,y_XLC,22,27,0.0047580985856225,0.0062614831766175,-0.2324783404396824,0.7407407407407407,0.7407407407407407,0.1819965480667702,0.2344322344322344
rf,y_XLC,23,29,0.0066887748317747,0.0089798053785956,-0.1392964436077255,0.5172413793103449,0.5172413793103449,0.0562208763874122,0.0142857142857142
rf,y_XLC,24,33,0.0070546458802199,0.0090174931562399,-0.0855340810215421,0.6060606060606061,0.6060606060606061,0.1089920097326334,0.1209893048128342
mlp,y_UUP,0,35,0.017136128013366,0.0244491939400814,-39.07338493890976,0.7428571428571429,0.7428571428571429,0.1931770985995599,0.1910364145658263
mlp,y_UUP,1,35,0.0161789789887439,0.0191044571747166,-32.055121578904334,0.3428571428571428,0.3428571428571428,-0.0724979682381617,-0.0089635854341736
mlp,y_UUP,2,37,0.0226625072592818,0.0422585383182716,-92.50838091830224,0.4864864864864865,0.4864864864864865,-0.0057121050788282,-0.1401137980085348
mlp,y_UUP,3,34,0.0264284348339675,0.0441436860901073,-94.34970546584906,0.3529411764705882,0.3529411764705882,-0.022385923912197,-0.0695187165775401
mlp,y_UUP,4,32,0.021257024875335,0.0290388448920489,-33.25785158888339,0.5,0.5,-0.1091329988586855,-0.1458944281524926
mlp,y_UUP,5,28,0.0163602588200847,0.021869033347419,-27.821477824392023,0.4285714285714285,0.4285714285714285,-0.2815839804026022,-0.2829775588396278
mlp,y_UUP,6,29,0.0250721632728999,0.0349133320512034,-72.50498834721112,0.6206896551724138,0.6206896551724138,0.044631536564709,0.0320236484754455
mlp,y_UUP,7,30,0.0275286900818254,0.0434625163761979,-102.1918286571567,0.3666666666666666,0.3666666666666666,-0.4159823950634292,-0.4093892560653777
mlp,y_UUP,8,34,0.0245712013851579,0.0337243756886716,-52.06761089257223,0.5882352941176471,0.5882352941176471,-0.0786116035689677,0.0233766233766233
mlp,y_UUP,9,35,0.0250856028880974,0.0305718561506847,-21.498116070504565,0.4571428571428571,0.4571428571428571,-0.0146622434777816,0.0198879551820728
mlp,y_UUP,10,35,0.0267246469998795,0.0342973092755783,-24.80919896587838,0.4,0.4,0.1277818527451316,0.0134453781512605
mlp,y_UUP,11,35,0.0246188303027952,0.0338080460662279,-23.29241796961601,0.4857142857142857,0.4857142857142857,0.0383737624120514,-0.003641456582633
mlp,y_UUP,12,34,0.0188750574270361,0.0290691338063479,-32.57043885519053,0.5294117647058824,0.5294117647058824,-0.1008357496219222,-0.0724272291822691
mlp,y_UUP,13,35,0.0209090710150321,0.0268660876525023,-35.52531006543434,0.5142857142857142,0.5142857142857142,-0.0821131774560664,-0.030532212885154
mlp,y_UUP,14,34,0.0157571091342635,0.0218324443822273,-23.452260958117844,0.4411764705882353,0.4411764705882353,0.1446653565103605,0.0220032088654994
mlp,y_UUP,15,34,0.0146717904888773,0.0191430367067188,-18.68195485380169,0.5294117647058824,0.5294117647058824,-0.0548357559425319,0.058216823456634
mlp,y_UUP,16,33,0.0168163327762518,0.0227196590938637,-26.002088987137647,0.4545454545454545,0.4545454545454545,0.0365390521177077,0.0763767028654749
mlp,y_UUP,17,33,0.0116515404806782,0.0147399826287114,-12.205619403929456,0.6060606060606061,0.6060606060606061,0.1895174827407377,0.161778224012647
mlp,y_UUP,18,34,0.0241533375959086,0.0338867756048927,-85.09013700921196,0.4411764705882353,0.4411764705882353,0.0010678646821705,-0.0872488351541681
mlp,y_UUP,19,35,0.0219095368042222,0.029282378392903,-72.16288170948332,0.4857142857142857,0.4857142857142857,-0.0318280358873666,0.0675070028011204
mlp,y_UUP,20,34,0.0277794162410394,0.0441230816834615,-226.3147918842394,0.4411764705882353,0.4411764705882353,-0.0052087886610321,-0.0780748663101604
mlp,y_UUP,21,29,0.0176826188833331,0.025447487757659,-89.17006310451632,0.5172413793103449,0.5172413793103449,0.2556460547079745,0.2886699507389161
mlp,y_UUP,22,27,0.0165259180561096,0.0205141443097132,-43.275488804620096,0.4814814814814814,0.4814814814814814,-0.0735720679837843,-0.0946275946275946
mlp,y_UUP,23,29,0.0114859864419403,0.0156305118478804,-14.216092203023996,0.5862068965517241,0.5862068965517241,0.2467062307038974,0.3998029344280625
mlp,y_UUP,24,33,0.0137573164690072,0.0178129911471133,-19.24943766085323,0.5757575757575758,0.5757575757575758,0.2301196309392189,0.2075708204790368
mlp,y_TLT,0,35,0.0247018165786759,0.0346913818143746,-19.607181900857267,0.2857142857142857,0.2857142857142857,-0.1378757191845097,-0.2375350140056022
mlp,y_TLT,1,35,0.0158359804247617,0.0209365913389659,-8.868950661879893,0.4571428571428571,0.4571428571428571,-0.0692326671649918,-0.0450980392156862
mlp,y_TLT,2,37,0.0369254287506668,0.0716848022822119,-69.0044494397493,0.6756756756756757,0.6756756756756757,0.1345753615399223,0.2818871503082029
mlp,y_TLT,3,34,0.028030332282007,0.042019018817981,-22.980388891039077,0.5,0.5,-0.0161294124723318,-0.1236058059587471
mlp,y_TLT,4,32,0.0198945155241762,0.0279144001845814,-8.397892386179633,0.5,0.5,0.1338946423493455,0.094941348973607
mlp,y_TLT,5,28,0.0208170495788948,0.0334235863610976,-18.94237619987333,0.5714285714285714,0.5714285714285714,0.0172987286516718,0.1395730706075534
mlp,y_TLT,6,29,0.0167430113908117,0.0237223412095249,-8.45973122912875,0.5517241379310345,0.5517241379310345,0.4240859197469583,0.2270935960591132
mlp,y_TLT,7,30,0.0250432485692969,0.0332837334817873,-14.665495046473357,0.5666666666666667,0.5666666666666667,0.0573754659748421,0.1025583982202447
mlp,y_TLT,8,34,0.0229100611973687,0.0292589761700441,-12.193655201883134,0.6470588235294118,0.6470588235294118,0.2406799262324619,0.1422459893048128
mlp,y_TLT,9,35,0.0258115737084578,0.0312125619647938,-9.165886752942855,0.5142857142857142,0.5142857142857142,-0.0345214560420296,-0.0770308123249299
mlp,y_TLT,10,35,0.0207479738931842,0.0259744197887712,-7.421346600781689,0.5714285714285714,0.5714285714285714,0.0900767836880609,0.1282913165266106
mlp,y_TLT,11,35,0.0241110333741892,0.034438581880498,-12.824749150854553,0.4857142857142857,0.4857142857142857,-0.0145323173354317,0.0750700280112044
mlp,y_TLT,12,34,0.030898987947908,0.0625700714250688,-60.5496988954731,0.7352941176470589,0.7352941176470589,-0.0027261135175325,0.2458365164247516
mlp,y_TLT,13,35,0.0200788046700928,0.0279722776679975,-13.05292674916226,0.5142857142857142,0.5142857142857142,0.2244125821586496,0.1871148459383753
mlp,y_TLT,14,34,0.0128917792402765,0.0165415339613147,-3.731083831609366,0.4411764705882353,0.4411764705882353,-0.2667256452635908,-0.2516424751718869
mlp,y_TLT,15,34,0.01516099888722,0.0205911753497517,-7.905561861875331,0.6470588235294118,0.6470588235294118,0.0276665934370039,0.1098548510313216
mlp,y_TLT,16,33,0.0150496635007906,0.0244755930351546,-10.909542831480548,0.4545454545454545,0.4545454545454545,0.1024057371550448,0.0177139037433155
mlp,y_TLT,17,33,0.0235983726121645,0.0374312444903948,-34.23767359672953,0.3333333333333333,0.3333333333333333,-0.0976018171029496,-0.2733957219251337
mlp,y_TLT,18,34,0.0195997735722061,0.0284039545792604,-21.83248703470983,0.4705882352941176,0.4705882352941176,-0.2458769371881813,-0.120244461420932
mlp,y_TLT,19,35,0.0347676595523523,0.0431734574935956,-64.4800796351048,0.5428571428571428,0.5428571428571428,0.3004574847449124,0.261344537815126
mlp,y_TLT,20,34,0.0258959883634969,0.0329454868504959,-42.836237413504165,0.4705882352941176,0.4705882352941176,0.0920076247356757,0.1673032849503437
mlp,y_TLT,21,29,0.0196375492050113,0.026046676476563,-26.01756882057933,0.5517241379310345,0.5517241379310345,-0.1563499600354839,-0.1014778325123152
mlp,y_TLT,22,27,0.0142324041348227,0.0183802342130176,-15.00510512644482,0.4814814814814814,0.4814814814814814,0.1390112487547344,0.188034188034188
mlp,y_TLT,23,29,0.0200902890713483,0.026812581760399,-22.1086365008658,0.4137931034482758,0.4137931034482758,-0.2888259612657394,-0.3231527093596058
mlp,y_TLT,24,33,0.0150324027559751,0.0194671482806575,-13.35888618829101,0.5151515151515151,0.5151515151515151,0.3109237818236096,0.3405748663101605
mlp,y_GLD,0,35,0.0123179816666497,0.0162577175926917,-2.611713828914344,0.5142857142857142,0.5142857142857142,0.0466236692631192,0.0630252100840336
mlp,y_GLD,1,35,0.0191388401998895,0.0249231914281488,-9.45838199255746,0.4571428571428571,0.4571428571428571,-0.0990203973858749,-0.0865546218487395
mlp,y_GLD,2,37,0.0145273050207025,0.0182617946115233,-2.477113181753066,0.4594594594594595,0.4594594594594595,0.121809841478024,0.078710289236605
mlp,y_GLD,3,34,0.0251855071216406,0.0388908682287493,-16.21588584762805,0.4411764705882353,0.4411764705882353,-0.1929046769056295,-0.1135217723453017
mlp,y_GLD,4,32,0.0327011174129946,0.0497006736241724,-22.272927156167093,0.46875,0.46875,-0.0300621385165076,-0.0439882697947214
mlp,y_GLD,5,28,0.0196455586479774,0.0258199333142121,-9.071480931593593,0.4285714285714285,0.4285714285714285,0.0722965246864999,0.0711548987411056
mlp,y_GLD,6,29,0.0227970120054128,0.0311572790482148,-13.526929493666584,0.2758620689655172,0.2758620689655172,-0.2829053026445375,-0.3901477832512314
mlp,y_GLD,7,30,0.0362610857295372,0.0522456575671232,-49.92777407657378,0.4,0.4,-0.0197527957840444,-0.1199110122358175
mlp,y_GLD,8,34,0.0255070278169805,0.0353734210948061,-19.940006247502723,0.5882352941176471,0.5882352941176471,-0.010501213885192,0.0539343009931245
mlp,y_GLD,9,35,0.0275030843854872,0.0387165435044399,-10.4867062300509,0.6,0.6,0.0712395174421715,-0.0137254901960784
mlp,y_GLD,10,35,0.0199438380321896,0.0272701433179,-2.964485871749727,0.6285714285714286,0.6285714285714286,0.0257503450004682,0.0778711484593837
mlp,y_GLD,11,35,0.0267041204553895,0.0439524087127732,-6.403608367769757,0.6857142857142857,0.6857142857142857,-0.0112353158196256,0.1703081232492997
mlp,y_GLD,12,34,0.0248154203654337,0.0311805308839995,-3.837876980125493,0.3823529411764705,0.3823529411764705,-0.0550603802318922,-0.1648586707410236
mlp,y_GLD,13,35,0.0142953951475477,0.0184456969135069,-1.5746865274747388,0.5428571428571428,0.5428571428571428,0.1012064861549929,0.1361344537815126
mlp,y_GLD,14,34,0.0214205549886095,0.0280231138365231,-10.596034803863908,0.5294117647058824,0.5294117647058824,-0.053163514068607,-0.1388846447669977
mlp,y_GLD,15,34,0.013449290391839,0.0169147914352845,-3.742059599574909,0.5294117647058824,0.5294117647058824,0.0916606815725576,0.1498854087089381
mlp,y_GLD,16,33,0.0180974892692296,0.0229926312125377,-8.747833914063571,0.5454545454545454,0.5454545454545454,0.1568386852013282,0.2028743315508021
mlp,y_GLD,17,33,0.0195048885521697,0.0256549381767804,-11.03809182867522,0.5151515151515151,0.5151515151515151,0.1573284780641432,0.1310160427807486
mlp,y_GLD,18,34,0.0254312055951192,0.0375685075984854,-5.535541804537749,0.4705882352941176,0.4705882352941176,-0.1078622026113499,-0.1569136745607333
mlp,y_GLD,19,35,0.030285964178279,0.0432951797615127,-7.079155372817933,0.6285714285714286,0.6285714285714286,-0.1212008778184372,0.0708683473389355
mlp,y_GLD,20,34,0.020891485785667,0.0306674216850751,-3.3238828555004103,0.4705882352941176,0.4705882352941176,0.2175986622780018,0.2708938120702826
mlp,y_GLD,21,29,0.023855238789293,0.034214107816158,-19.895155566607556,0.4482758620689655,0.4482758620689655,-0.2132868671186086,-0.2123152709359605
mlp,y_GLD,22,27,0.023408792719815,0.0290057904176798,-17.024539095064185,0.5185185185185185,0.5185185185185185,-0.0598098187260933,-0.0482295482295482
mlp,y_GLD,23,29,0.0260583841863867,0.0345405462685889,-0.6166330428956155,0.5172413793103449,0.5172413793103449,-0.0472018376912507,-0.0650246305418719
mlp,y_GLD,24,33,0.0274107009873793,0.0373624578792055,-0.8434889998471728,0.5454545454545454,0.5454545454545454,-0.0484902916892189,0.0066844919786096
mlp,y_BTC-USD,0,60,0.0326946037893966,0.0432850728000522,-1.1467012106030614,0.5,0.5,-0.0056416185127087,-0.0061128091136426
mlp,y_BTC-USD,1,60,0.0204732042536508,0.0258351884911716,-0.6734042657831385,0.5,0.5,0.0846389217077335,0.0732425673798277
mlp,y_BTC-USD,2,60,0.0260608533166066,0.0329339921624309,-0.6413655369747497,0.4833333333333333,0.4833333333333333,0.1320956815193448,0.0504584606835232
mlp,y_BTC-USD,3,60,0.0306023988241607,0.0405513724631856,-1.5613777096059511,0.5166666666666667,0.5166666666666667,0.0028305892258155,0.0672409002500694
mlp,y_BTC-USD,4,60,0.0380634775509127,0.0525830847671792,-2.540404216044929,0.55,0.55,0.1738874398973428,0.0979716587941095
mlp,y_BTC-USD,5,60,0.0309691359039779,0.0395443548604653,-2.0101970893984578,0.4,0.4,-0.1927541789617178,-0.2209502639622117
mlp,y_BTC-USD,6,60,0.0258467395471584,0.0434432898665591,-2.619998379702887,0.5833333333333334,0.5833333333333334,0.1141700176653252,0.2870241733814949
mlp,y_BTC-USD,7,60,0.0300938188652887,0.0389157846552167,-2.253930234597788,0.4666666666666667,0.4666666666666667,-0.0976714844544384,-0.0734648513475965
mlp,y_BTC-USD,8,60,0.0289542286174017,0.0364662267816373,-0.8413111750827682,0.4333333333333333,0.4333333333333333,0.1175190866286571,-0.0007779938871908
mlp,y_BTC-USD,9,60,0.0332907247160211,0.0457545691860978,-1.2350699510828442,0.4833333333333333,0.4833333333333333,-0.1433287023408426,-0.1317588218949708
mlp,y_BTC-USD,10,60,0.0281923755325913,0.0378535514022335,-0.5947877031019615,0.5166666666666667,0.5166666666666667,0.0600007048330378,0.0354542928591275
mlp,y_BTC-USD,11,60,0.0287536077049858,0.0349144258323349,-1.060730096923308,0.35,0.35,-0.1396044292439104,-0.2810780772436789
mlp,y_BTC-USD,12,60,0.0274249630141192,0.0433659073898037,-4.454316385584383,0.5,0.5,0.0977780028637668,0.0872464573492637
mlp,y_BTC-USD,13,60,0.0210919379815855,0.0258242521362908,-1.2163637024706255,0.45,0.45,0.121188341464565,0.0235621005834954
mlp,y_BTC-USD,14,60,0.0216273835748498,0.0292323559227239,-2.959936840450602,0.4166666666666667,0.4166666666666667,-0.2656525717774979,-0.2875243123089747
mlp,y_BTC-USD,15,60,0.0183341627324433,0.0228651318052818,-1.11131776872829,0.3833333333333333,0.3833333333333333,-0.0782244612038336,-0.1057515976660183
mlp,y_BTC-USD,16,60,0.0205928064955277,0.0283047498383132,-2.780126593904279,0.5333333333333333,0.5333333333333333,-0.0268254463088503,0.0071130869686023
mlp,y_BTC-USD,17,60,0.0208189196480283,0.026816683970384,-0.9654615683092932,0.4333333333333333,0.4333333333333333,0.0226872767524622,-0.0341205890525146
mlp,y_BTC-USD,18,60,0.0353541078724706,0.0600619958880991,-10.028821655037293,0.3833333333333333,0.3833333333333333,-0.313750402483292,-0.322089469297027
mlp,y_BTC-USD,19,60,0.0279614375344825,0.0348907621620772,-1.35524065146191,0.5166666666666667,0.5166666666666667,0.0485333694619413,0.0054459572103362
mlp,y_BTC-USD,20,60,0.0219217255833517,0.0273547925737942,-0.5236701428724537,0.5666666666666667,0.5666666666666667,0.1979767246936493,0.2050013892747985
mlp,y_BTC-USD,21,60,0.0215144444061682,0.0282430489219927,-0.6976968682292066,0.5166666666666667,0.5166666666666667,0.1206984995096429,0.0835232008891358
mlp,y_BTC-USD,22,60,0.0214086243893198,0.0279755609471769,-1.188789838373591,0.4,0.4,-0.1157484771091205,-0.1893303695470964
mlp,y_BTC-USD,23,60,0.0248197444693004,0.0346817328715593,-0.2022326722185004,0.5,0.5,0.0969362753767789,0.0806335093081411
mlp,y_BTC-USD,24,60,0.0287866209298074,0.03873363491072,-0.2062834675174421,0.5,0.5,0.0732428343972116,0.0856904695748819
mlp,y_XLK,0,35,0.0203816152268789,0.0268567942679984,-1.949512581751227,0.4571428571428571,0.4571428571428571,-0.1077439383522096,-0.12296918767507
mlp,y_XLK,1,35,0.0252179694731057,0.0339315657788812,-5.880073009333571,0.6571428571428571,0.6571428571428571,0.1689433142099689,0.1655462184873949
mlp,y_XLK,2,37,0.0281004973430148,0.0423110391378875,-8.765447340671992,0.6486486486486487,0.6486486486486487,0.349761502188362,0.3482693219535324
mlp,y_XLK,3,34,0.039960383128803,0.0624282322407666,-23.43574198196729,0.3823529411764705,0.3823529411764705,-0.1804408997813192,-0.2947288006111535
mlp,y_XLK,4,32,0.0471653512182865,0.0722548755240191,-25.60331419806302,0.59375,0.59375,-0.0356493386851481,0.0538856304985337
mlp,y_XLK,5,28,0.0184236102195527,0.0224831241997513,-2.3448849669151914,0.5,0.5,-0.0512870218867226,-0.1302681992337164
mlp,y_XLK,6,29,0.0235711573234399,0.0312060672998537,-4.292990011746449,0.4827586206896552,0.4827586206896552,-0.1483259879027318,-0.1133004926108374
mlp,y_XLK,7,30,0.028797515301074,0.0374623487204578,-5.923037192177462,0.4,0.4,0.0034421178062583,-0.0113459399332591
mlp,y_XLK,8,34,0.0298750788014308,0.0387068136988156,-5.513902764007056,0.4411764705882353,0.4411764705882353,-0.1603860372636132,-0.0997708174178762
mlp,y_XLK,9,35,0.0343966279055736,0.04818367753122,-1.201713652198115,0.4571428571428571,0.4571428571428571,-0.2591895922319095,-0.1974789915966386
mlp,y_XLK,10,35,0.02937660617703,0.0380802178643181,-0.2924670867813579,0.3142857142857143,0.3142857142857143,0.1923309492307063,0.138375350140056
mlp,y_XLK,11,35,0.0391079800313077,0.0549338386776444,-1.8259787448608624,0.4571428571428571,0.4571428571428571,-0.341236520995552,-0.388515406162465
mlp,y_XLK,12,34,0.0204822212431019,0.0292673898686947,-3.663908634453704,0.5294117647058824,0.5294117647058824,-0.0233111896773264,0.0747135217723452
mlp,y_XLK,13,35,0.0192194171896902,0.0293222474280911,-11.515683341128572,0.4571428571428571,0.4571428571428571,-0.1129877328876272,-0.0644257703081232
mlp,y_XLK,14,34,0.0146957145570669,0.016981714333756,-3.434616012456641,0.3823529411764705,0.3823529411764705,-0.1558023258805742,-0.2889228418640183
mlp,y_XLK,15,34,0.0187477442395553,0.0213610754003935,-4.938083944136611,0.3529411764705882,0.3529411764705882,-0.2569117918660606,-0.2250572956455309
mlp,y_XLK,16,33,0.0175318196471629,0.022470473214497,-4.745040185569229,0.5151515151515151,0.5151515151515151,0.0918922064592937,0.0825534759358288
mlp,y_XLK,17,33,0.0198244188108953,0.0256204509877224,-4.278430158290098,0.4242424242424242,0.4242424242424242,-0.1979364707148166,-0.1898395721925133
mlp,y_XLK,18,34,0.0183852324841198,0.0222571287803433,-3.086837499726461,0.4117647058823529,0.4117647058823529,0.100380990350027,0.0432391138273491
mlp,y_XLK,19,35,0.0315298395520442,0.0424765001209104,-9.233002258697503,0.4571428571428571,0.4571428571428571,0.0886091014428104,0.0022408963585434
mlp,y_XLK,20,34,0.0185326663677424,0.0256790859253789,-3.2238477560423338,0.5882352941176471,0.5882352941176471,-0.0735487899948616,-0.0725744843391902
mlp,y_XLK,21,29,0.0211920818026017,0.0272445530818362,-2.96381161708753,0.3793103448275862,0.3793103448275862,-0.0763292799926335,-0.176847290640394
mlp,y_XLK,22,27,0.0189352602248737,0.0226275419663975,-3.114658880873693,0.3703703703703703,0.3703703703703703,-0.3271737487486927,-0.4041514041514041
mlp,y_XLK,23,29,0.0242502760097351,0.0287502527992845,-2.4453016991269734,0.4137931034482758,0.4137931034482758,-0.1278202979285943,-0.1684729064039408
mlp,y_XLK,24,33,0.0163750539609432,0.019895567736746,-0.6979651203319708,0.5454545454545454,0.5454545454545454,0.2732236217092513,0.2262700534759358
mlp,y_XLF,0,35,0.0199358947190124,0.0260364077240363,-10.22048076268542,0.4571428571428571,0.4571428571428571,0.0721445197777278,0.103641456582633
mlp,y_XLF,1,35,0.0157223377996308,0.0212948787641264,-6.668713253593952,0.4571428571428571,0.4571428571428571,0.1343251403782114,0.0663865546218487
mlp,y_XLF,2,37,0.0214715019326324,0.0262127468253785,-3.554455428201797,0.3783783783783784,0.3783783783783784,0.0769771910790375,-0.1019440493124703
mlp,y_XLF,3,34,0.0267678045711442,0.0419556032815072,-10.14727434951156,0.5882352941176471,0.5882352941176471,-0.0344253468011264,0.1104660045836516
mlp,y_XLF,4,32,0.0254599146892294,0.0384167598627665,-6.6324600346658045,0.5625,0.5625,0.0576654092685634,0.0828445747800586
mlp,y_XLF,5,28,0.0229034428095455,0.0278975648494787,-7.036341674843014,0.3928571428571428,0.3928571428571428,-0.075843412611275,-0.0870279146141215
mlp,y_XLF,6,29,0.0223353489186097,0.0294845029248404,-8.42876057367672,0.6206896551724138,0.6206896551724138,0.1305631408151555,0.164039408866995
mlp,y_XLF,7,30,0.021826804231325,0.0284556802230231,-10.614077820271865,0.4333333333333333,0.4333333333333333,-0.1179511803267662,-0.1795328142380422
mlp,y_XLF,8,34,0.0242813216069038,0.0293442463859238,-6.974777770462705,0.3529411764705882,0.3529411764705882,-0.1198890987727622,-0.1834988540870893
mlp,y_XLF,9,35,0.0381647544657711,0.0480983728332958,-3.503413875008696,0.4857142857142857,0.4857142857142857,0.0727980562962521,0.1106442577030812
mlp,y_XLF,10,35,0.0328096359039912,0.0483748378872136,-3.196356545112645,0.5142857142857142,0.5142857142857142,-0.05452396609465,-0.1501400560224089
mlp,y_XLF,11,35,0.0224574414032435,0.0298439126340663,-0.7416983446434886,0.5714285714285714,0.5714285714285714,0.3024684068239792,0.1817927170868347
mlp,y_XLF,12,34,0.0177395003361212,0.0271677103056094,-6.175763831121095,0.4117647058823529,0.4117647058823529,0.1100689751566222,0.0039728016007151
mlp,y_XLF,13,35,0.0208224049130092,0.0315744990716486,-14.32168739177012,0.4285714285714285,0.4285714285714285,0.0141753117501302,-0.0465018559862966
mlp,y_XLF,14,34,0.0180444300172747,0.0262396639160346,-8.490555653316974,0.6176470588235294,0.6176470588235294,0.2114234473535237,0.307868601986249
mlp,y_XLF,15,34,0.0180408425038931,0.0226539982579645,-6.714152410592437,0.3235294117647059,0.3235294117647059,-0.2459742373242198,-0.255003819709702
mlp,y_XLF,16,33,0.0190070508275179,0.023828969159614,-7.25994922563698,0.5151515151515151,0.5151515151515151,0.1015311223019137,0.0691844919786096
mlp,y_XLF,17,33,0.0183005042584058,0.0243592735779242,-8.180088222757119,0.4848484848484848,0.4848484848484848,0.1019462817237917,0.0277406417112299
mlp,y_XLF,18,34,0.0242706664293704,0.0334338795626203,-11.589115376055664,0.4705882352941176,0.4705882352941176,-0.152910649238409,-0.0438502673796791
mlp,y_XLF,19,35,0.038289806071737,0.0516947458162872,-32.44034033393471,0.4571428571428571,0.4571428571428571,-0.0625696353172644,-0.2142857142857143
mlp,y_XLF,20,34,0.0159002858623139,0.0220739005615517,-4.625250323840894,0.4705882352941176,0.4705882352941176,0.0572296869838831,0.1043544690603514
mlp,y_XLF,21,29,0.0173389733785079,0.0229904813262521,-8.656573385271557,0.5517241379310345,0.5517241379310345,0.1026166552150598,0.0852216748768472
mlp,y_XLF,22,27,0.0212539546697247,0.0418346199947232,-23.911508656686163,0.6666666666666666,0.6666666666666666,0.0463889966721945,0.2155067155067155
mlp,y_XLF,23,29,0.0172487139737864,0.0227535091535518,-5.425083310297207,0.3103448275862069,0.3103448275862069,-0.2673266052382352,-0.1876847290640393
mlp,y_XLF,24,33,0.0154135347686074,0.017808589179427,-1.9586079727385148,0.5151515151515151,0.5151515151515151,0.1935691708260324,0.1614304812834224
mlp,y_XLE,0,35,0.0196428899303271,0.0269634298044718,-3.711628118563176,0.6,0.6,0.2126095519397203,0.2750700280112045
mlp,y_XLE,1,35,0.020664548243243,0.0261047840463018,-3.1994163693800752,0.4571428571428571,0.4571428571428571,-0.0362218693916813,-0.107563025210084
mlp,y_XLE,2,37,0.0280242375299092,0.0407331474258942,-8.721962210077555,0.5945945945945946,0.5945945945945946,0.0321365844379848,0.0369843527738264
mlp,y_XLE,3,34,0.0303501296063535,0.0464152162720416,-13.783767784464258,0.5882352941176471,0.5882352941176471,0.1506277418822379,0.0994652406417112
mlp,y_XLE,4,32,0.030105450928603,0.0446061025027009,-13.739387877380958,0.5,0.5,-0.1375642724249822,0.001466275659824
mlp,y_XLE,5,28,0.0236315007555694,0.0340930460659015,-9.116425811397498,0.5357142857142857,0.5357142857142857,0.0662871113339307,0.1581828133552271
mlp,y_XLE,6,29,0.0217098508291301,0.0261807697546163,-3.692274561211837,0.4827586206896552,0.4827586206896552,-0.0880426172712598,0.0118226600985221
mlp,y_XLE,7,30,0.0263969438515305,0.0395876339057065,-8.93205180718729,0.4,0.4,0.0846675562752477,0.1937708565072302
mlp,y_XLE,8,34,0.0287621075992209,0.0381940962629082,-7.460101091589985,0.3823529411764705,0.3823529411764705,0.0310499040676999,0.0032085561497326
mlp,y_XLE,9,35,0.0356301868259295,0.04727915688409,-1.6515215334536235,0.4285714285714285,0.4285714285714285,-0.0596529219701724,-0.0896358543417367
mlp,y_XLE,10,35,0.0279940837017893,0.0355838762406738,-0.4524272059230307,0.6,0.6,0.1626448124491964,0.2022408963585434
mlp,y_XLE,11,35,0.034845690882427,0.0458618362049606,-1.5007870667809833,0.4857142857142857,0.4857142857142857,0.0338337676925585,0.0593837535014005
mlp,y_XLE,12,34,0.0290104473712141,0.0411215315024674,-10.30804008335006,0.5294117647058824,0.5294117647058824,0.2521404522005394,0.2629488158899923
mlp,y_XLE,13,35,0.0153148275437636,0.0187540906806848,-1.8757987007524977,0.4285714285714285,0.4285714285714285,-0.0278770268686256,-0.0775910364145658
mlp,y_XLE,14,34,0.0160962129395865,0.0197803012812841,-2.016633310663668,0.5294117647058824,0.5294117647058824,0.1022709165711893,0.1046600458365164
mlp,y_XLE,15,34,0.0173410025778636,0.0214600286443026,-3.2369866046470506,0.4411764705882353,0.4411764705882353,-0.0955305965315948,-0.0438502673796791
mlp,y_XLE,16,33,0.0191653096956139,0.0248565518968169,-4.442294021912261,0.4848484848484848,0.4848484848484848,-0.0935011071140748,0.0120320855614973
mlp,y_XLE,17,33,0.027490138012823,0.0359189025337614,-8.645461028908118,0.5454545454545454,0.5454545454545454,0.2017001625634324,0.163115234128454
mlp,y_XLE,18,34,0.0250122335090868,0.0320705583647225,-7.528527726559577,0.3823529411764705,0.3823529411764705,0.0417467930791406,0.0505729564553094
mlp,y_XLE,19,35,0.0246485022718313,0.0321024659397434,-7.933869536277946,0.6,0.6,0.08126102650724,0.0492997198879551
mlp,y_XLE,20,34,0.0191334199902365,0.0260413849430616,-6.056285574766142,0.5,0.5,0.1018154372986039,0.1813598166539342
mlp,y_XLE,21,29,0.0240710718263316,0.030022420005836,-5.326978638710582,0.4482758620689655,0.4482758620689655,-0.0897086060310213,-0.164039408866995
mlp,y_XLE,22,27,0.0173281329034595,0.024179632431991,-1.972241824288817,0.5185185185185185,0.5185185185185185,0.0049097923389769,0.072039072039072
mlp,y_XLE,23,29,0.0238584805501226,0.0289869458997133,-2.30707571801639,0.4482758620689655,0.4482758620689655,-0.2447677456309839,-0.2990147783251231
mlp,y_XLE,24,33,0.0133106265699444,0.0179143084514634,-0.7307626740639981,0.696969696969697,0.696969696969697,0.075561399921796,0.2426470588235294
mlp,y_XLV,0,35,0.0187133669256688,0.0215059503542391,-9.538101345758284,0.6285714285714286,0.6285714285714286,0.0609811139459886,-0.0633053221288515
mlp,y_XLV,1,35,0.0193101735472281,0.0251492272466648,-18.735273929981865,0.5428571428571428,0.5428571428571428,-0.0840975552881611,-0.1168067226890756
mlp,y_XLV,2,37,0.0317638361689181,0.0537889826584248,-59.11851793371496,0.4594594594594595,0.4594594594594595,-0.2869588707177504,-0.0504978662873399
mlp,y_XLV,3,34,0.0245319817138143,0.0330222772841196,-17.605814256183823,0.4705882352941176,0.4705882352941176,-0.061337942896361,0.0288770053475935
mlp,y_XLV,4,32,0.0181167621264085,0.0241882763676456,-7.920565090341865,0.5625,0.5625,0.1056345164997858,0.0564516129032258
mlp,y_XLV,5,28,0.0229417810194846,0.0317313677369356,-17.976726142745264,0.5714285714285714,0.5714285714285714,0.2054235289486552,0.167487684729064
mlp,y_XLV,6,29,0.0165362171054243,0.0217623024606513,-7.36400495414677,0.3793103448275862,0.3793103448275862,-0.0004862939774519,-0.0620689655172413
mlp,y_XLV,7,30,0.0271809154162297,0.0394031680903607,-28.61237577058836,0.4333333333333333,0.4333333333333333,-0.0097273101309028,-0.0709677419354838
mlp,y_XLV,8,34,0.0261373217475335,0.0406305195459462,-30.772900356713965,0.5882352941176471,0.5882352941176471,0.0659850125684899,0.2656990068754774
mlp,y_XLV,9,35,0.0243937649339954,0.0313329418847425,-3.5184322115325037,0.4,0.4,-0.0227573801584106,-0.0694677871148459
mlp,y_XLV,10,35,0.0271188503633661,0.0338513429093755,-3.5851751008637107,0.4857142857142857,0.4857142857142857,-0.0001308486829755,0.0252100840336134
mlp,y_XLV,11,35,0.0278117909874367,0.0361518276676148,-2.9895467754289142,0.4,0.4,-0.0029691044451511,-0.1826330532212885
mlp,y_XLV,12,34,0.0235272791725204,0.0357021517283856,-6.51842609148211,0.3823529411764705,0.3823529411764705,-0.0739413811135183,-0.0258212375859434
mlp,y_XLV,13,35,0.0250038586863133,0.0375651058392862,-7.841453472432777,0.5428571428571428,0.5428571428571428,0.0487220864610339,0.1582633053221288
mlp,y_XLV,14,34,0.0132688592195361,0.0174094049606514,-1.8686169611643224,0.5,0.5,0.032158744440607,0.014209320091673
mlp,y_XLV,15,34,0.0183029401878773,0.023086993790104,-3.8150649755791575,0.4411764705882353,0.4411764705882353,-0.1670348403040407,-0.0912146676852559
mlp,y_XLV,16,33,0.0247847117065028,0.0473653392504852,-25.595087009463736,0.4545454545454545,0.4545454545454545,0.1315355942736371,0.1363636363636363
mlp,y_XLV,17,33,0.0276029201195467,0.0433242634502012,-18.548300917030215,0.4545454545454545,0.4545454545454545,-0.2397448408799672,-0.0969251336898395
mlp,y_XLV,18,34,0.0225334524893334,0.0294007238287767,-8.757541907271753,0.2647058823529412,0.2647058823529412,-0.2970648256852838,-0.4032085561497325
mlp,y_XLV,19,35,0.0302572528596489,0.0389643492858163,-14.035144149961646,0.5142857142857142,0.5142857142857142,-0.1542158008618072,-0.1184873949579832
mlp,y_XLV,20,34,0.0151273347758072,0.0206932477045644,-5.098756127957097,0.5294117647058824,0.5294117647058824,0.2384281276666965,0.2320855614973262
mlp,y_XLV,21,29,0.02119101605561,0.0323505092997302,-11.385228534266147,0.4137931034482758,0.4137931034482758,-0.3194385920416214,-0.3970443349753693
mlp,y_XLV,22,27,0.0190583390414713,0.0269530225209298,-8.278214758448224,0.3703703703703703,0.3703703703703703,-0.095988391434804,-0.202075702075702
mlp,y_XLV,23,29,0.0208388413306034,0.027036410667052,-8.205500930460653,0.4827586206896552,0.4827586206896552,-0.0095107719437002,0.0103448275862068
mlp,y_XLV,24,33,0.0155347435375712,0.0222117196997339,-4.522663379058339,0.5454545454545454,0.5454545454545454,0.1683720191270821,0.1487299465240641
mlp,y_XLI,0,35,0.0144313317795151,0.0184621123051575,-5.194557522948802,0.4857142857142857,0.4857142857142857,-0.1005722872214721,-0.1134453781512605
mlp,y_XLI,1,35,0.0194048188752838,0.0290097895757256,-14.89784762672259,0.4857142857142857,0.4857142857142857,0.1021673409578107,0.1201680672268907
mlp,y_XLI,2,37,0.0242112219204714,0.0473581926716168,-20.5268701781096,0.5405405405405406,0.5405405405405406,-0.1215034805499679,0.0637743006164058
mlp,y_XLI,3,34,0.0268140765996842,0.0421999069030793,-14.798488779992402,0.5294117647058824,0.5294117647058824,0.0091884559327839,-0.0099312452253628
mlp,y_XLI,4,32,0.0303288556085482,0.046782840474005,-15.415084344775025,0.46875,0.46875,-0.130280400661552,-0.2690615835777126
mlp,y_XLI,5,28,0.0196123912837473,0.0240804418563577,-6.168645040568293,0.5357142857142857,0.5357142857142857,0.0487219342674034,0.040503557744937
mlp,y_XLI,6,29,0.0134059577999565,0.0169652249421358,-3.0190362878087136,0.4827586206896552,0.4827586206896552,0.1659776196577631,0.1950738916256157
mlp,y_XLI,7,30,0.0249854234527739,0.0331526301108885,-19.099767138492503,0.5333333333333333,0.5333333333333333,0.1298367576561764,0.1510567296996663
mlp,y_XLI,8,34,0.0248831532956467,0.0339237195241897,-12.266862841326786,0.4705882352941176,0.4705882352941176,-0.0336373946775371,0.0041252864782276
mlp,y_XLI,9,35,0.0379965953391482,0.0540389063966701,-4.442246777441697,0.4571428571428571,0.4571428571428571,-0.0988427885097228,-0.1453781512605041
mlp,y_XLI,10,35,0.0239315474426036,0.0381788374481551,-1.56144630459577,0.4,0.4,-0.265818582888422,-0.2585434173669468
mlp,y_XLI,11,35,0.0259192407930901,0.0318263284074889,-0.8644424362246623,0.4571428571428571,0.4571428571428571,0.3360668327303904,0.1585434173669468
mlp,y_XLI,12,34,0.0192335388433764,0.027328972950735,-8.636597788310173,0.4117647058823529,0.4117647058823529,-0.1099073753258242,-0.0747135217723452
mlp,y_XLI,13,35,0.0153153513437853,0.0198420965771195,-6.78452946547372,0.5142857142857142,0.5142857142857142,0.0774481831492952,0.0406162464985994
mlp,y_XLI,14,34,0.017376853110143,0.0245330154215038,-12.724145824499162,0.5882352941176471,0.5882352941176471,0.2125022771491424,0.3442322383498854
mlp,y_XLI,15,34,0.0154587447376249,0.0199059131183032,-6.324374182692687,0.4705882352941176,0.4705882352941176,-0.120718553185233,-0.1132161955691367
mlp,y_XLI,16,33,0.0173107199715584,0.0243332566317346,-10.157695624808548,0.4242424242424242,0.4242424242424242,0.0271559735161578,-0.0604946524064171
mlp,y_XLI,17,33,0.0239541636706499,0.0325153747985413,-14.963828275725144,0.3636363636363636,0.3636363636363636,-0.1424964245535328,-0.2105614973262032
mlp,y_XLI,18,34,0.0314378129724472,0.0487361304050039,-34.735882517472746,0.5882352941176471,0.5882352941176471,-0.0188490702121641,0.0768525592055003
mlp,y_XLI,19,35,0.0265592267878276,0.0373480436878462,-18.221944332380087,0.4571428571428571,0.4571428571428571,0.0265771401604162,0.0285714285714285
mlp,y_XLI,20,34,0.0246893013814956,0.0355261499660267,-16.396204639808687,0.4705882352941176,0.4705882352941176,-0.2133198016125498,-0.2571428571428571
mlp,y_XLI,21,29,0.0203792701087467,0.026056666643782,-7.467270732897967,0.5172413793103449,0.5172413793103449,0.0275913689099889,-0.0211822660098522
mlp,y_XLI,22,27,0.0189545035591668,0.0257313103732113,-6.916921692965773,0.5925925925925926,0.5925925925925926,0.1238179591875865,0.0903540903540903
mlp,y_XLI,23,29,0.0214905492104925,0.027285524830487,-6.968076459744955,0.3793103448275862,0.3793103448275862,-0.2043582744372102,-0.3029556650246304
mlp,y_XLI,24,33,0.0223947464455878,0.0289757010813683,-6.666284944443549,0.3939393939393939,0.3939393939393939,-0.3026096028520552,-0.3596256684491978
mlp,y_XLY,0,35,0.0219609411860675,0.0324719383650281,-5.81412382568155,0.5142857142857142,0.5142857142857142,0.0833706748637899,0.1350140056022409
mlp,y_XLY,1,35,0.0115712186143651,0.0160178859361086,-1.3333200848685514,0.6,0.6,0.3607679620812308,0.3456582633053222
mlp,y_XLY,2,37,0.0200909611600978,0.0293616844919302,-5.305691182490818,0.5945945945945946,0.5945945945945946,0.1970058833012704,0.1628733997155049
mlp,y_XLY,3,34,0.0294223212033166,0.041653388814607,-11.65136084344312,0.5,0.5,0.1321079805468111,0.0597402597402597
mlp,y_XLY,4,32,0.036135102537181,0.0565017186980967,-14.234165159871187,0.4375,0.4375,-0.1930285952043414,-0.2276392961876832
mlp,y_XLY,5,28,0.0234942383732347,0.03283527704733,-4.27467620808923,0.5357142857142857,0.5357142857142857,-0.1368681945856136,-0.0853858784893267
mlp,y_XLY,6,29,0.0257496422284375,0.0329165423770886,-4.366189621525252,0.4827586206896552,0.4827586206896552,-0.2115914255085112,-0.3487684729064039
mlp,y_XLY,7,30,0.0290589272869169,0.041497146934945,-11.20968529696899,0.6,0.6,0.1225284850893288,0.2222469410456062
mlp,y_XLY,8,34,0.0286365831448463,0.0347922463686281,-6.634147096847407,0.3823529411764705,0.3823529411764705,0.0433178586158646,0.0032085561497326
mlp,y_XLY,9,35,0.036704545526513,0.0548972144445894,-3.136887051458439,0.5428571428571428,0.5428571428571428,0.0659200589245004,0.1837535014005602
mlp,y_XLY,10,35,0.034959711356241,0.0483889249009151,-1.9648105127200612,0.4,0.4,-0.0302520374603752,-0.2333333333333333
mlp,y_XLY,11,35,0.0282870514233265,0.0386335058229573,-1.0393313140490323,0.5142857142857142,0.5142857142857142,0.0508912868019932,0.0546218487394958
mlp,y_XLY,12,34,0.0236949786346575,0.0335037163235301,-5.813206993124103,0.4411764705882353,0.4411764705882353,-0.1112746685241058,-0.1697478991596638
mlp,y_XLY,13,35,0.0206795776233957,0.0293391229494778,-8.177569853367709,0.5428571428571428,0.5428571428571428,-0.2287540350540816,-0.0607843137254901
mlp,y_XLY,14,34,0.0183192416616219,0.0243625959769782,-4.427719357749519,0.5,0.5,-0.0074759371021503,-0.0019862490450725
mlp,y_XLY,15,34,0.017381096493528,0.0234075289222578,-4.156406721029977,0.2941176470588235,0.2941176470588235,-0.0014724163507171,-0.0854087089381207
mlp,y_XLY,16,33,0.0214788593057324,0.0335917434012595,-8.921241208922835,0.5757575757575758,0.5757575757575758,0.1282927036168108,0.2125668449197861
mlp,y_XLY,17,33,0.023064687000711,0.0385572418444544,-11.360687237101658,0.4848484848484848,0.4848484848484848,0.0118595157890579,-0.0334224598930481
mlp,y_XLY,18,34,0.0188382479129111,0.0251463127084297,-3.838185034358254,0.5,0.5,-0.0846910013339491,-0.0441558441558441
mlp,y_XLY,19,35,0.0272572918672121,0.0375566312067207,-7.817929285089162,0.4857142857142857,0.4857142857142857,0.1473529688907652,0.1885154061624649
mlp,y_XLY,20,34,0.0245007947150458,0.0344359522292129,-6.738851865369716,0.4117647058823529,0.4117647058823529,0.0506669515829118,-0.0395721925133689
mlp,y_XLY,21,29,0.0301434286534675,0.057693835398941,-23.252990770869776,0.5862068965517241,0.5862068965517241,0.0739467473340494,0.1748768472906403
mlp,y_XLY,22,27,0.0216374319030871,0.0282868224468099,-9.922792847369662,0.3333333333333333,0.3333333333333333,-0.2866989631108483,-0.4346764346764346
mlp,y_XLY,23,29,0.0209916281672299,0.0240706520983547,-6.460730499328087,0.4827586206896552,0.4827586206896552,0.2333274597977708,0.2147783251231526
mlp,y_XLY,24,33,0.0164656740924567,0.0230586848329337,-4.828514807140025,0.5454545454545454,0.5454545454545454,0.1090496471323227,0.1453877005347593
mlp,y_XLP,0,35,0.0199000461380222,0.0273315084628922,-23.68011921459041,0.4857142857142857,0.4857142857142857,-0.1277304100382813,-0.1322128851540616
mlp,y_XLP,1,35,0.013028073761694,0.0163221412152483,-8.543031547023116,0.3428571428571428,0.3428571428571428,-0.1821595142431042,-0.1969187675070028
mlp,y_XLP,2,37,0.025393863066383,0.0377777772036421,-38.12837550862929,0.5405405405405406,0.5405405405405406,-0.0608891500252185,-0.0339023233760075
mlp,y_XLP,3,34,0.0162208591276777,0.0204746112053987,-10.19070259169576,0.5294117647058824,0.5294117647058824,-0.131499278603235,-0.0713521772345301
mlp,y_XLP,4,32,0.04095540661104,0.0717233848478399,-113.52786863021085,0.4375,0.4375,-0.407776392255617,-0.4479472140762463
mlp,y_XLP,5,28,0.0202029528804155,0.0248938338422811,-18.010404114253756,0.4285714285714285,0.4285714285714285,-0.1819432391938863,-0.1330049261083744
mlp,y_XLP,6,29,0.0258956728403668,0.0318703455102255,-23.400055041494987,0.6206896551724138,0.6206896551724138,-0.3201864529377768,-0.2384236453201969
mlp,y_XLP,7,30,0.0245088537111439,0.0327238275924411,-15.19287189769348,0.5,0.5,0.0385237546166045,-0.0411568409343715
mlp,y_XLP,8,34,0.0269043644368516,0.0336854709055298,-11.651390602956496,0.5588235294117647,0.5588235294117647,0.0070459750336397,-0.0310160427807486
mlp,y_XLP,9,35,0.0257627948773414,0.0349690360079119,-5.337416215064433,0.3714285714285714,0.3714285714285714,-0.109314817631894,-0.1941176470588235
mlp,y_XLP,10,35,0.0257559271841584,0.0361044636503946,-5.880676573738773,0.5142857142857142,0.5142857142857142,-0.0820775277743558,-0.0274509803921568
mlp,y_XLP,11,35,0.0380703271246914,0.0590087125410828,-17.85837679896898,0.4857142857142857,0.4857142857142857,0.0460078948334912,-0.0053221288515406
mlp,y_XLP,12,34,0.016754096141753,0.0228048475518061,-5.654132327209502,0.4705882352941176,0.4705882352941176,0.0309787310502415,0.0551566080977845
mlp,y_XLP,13,35,0.0209920169730324,0.0393868344025664,-27.431574785760333,0.6,0.6,-0.1248322396429173,0.0
mlp,y_XLP,14,34,0.0119937660773249,0.0165581775415027,-5.420450595065565,0.6470588235294118,0.6470588235294118,0.0550220295273557,0.0829640947288005
mlp,y_XLP,15,34,0.0164298238148667,0.0225922597175074,-11.44826366878611,0.4411764705882353,0.4411764705882353,-0.1618423094624025,-0.1095576441427995
mlp,y_XLP,16,33,0.0132791975788697,0.0167470500484989,-6.306441591120749,0.5454545454545454,0.5454545454545454,0.0101669607233064,0.0152084900673046
mlp,y_XLP,17,33,0.0189832321425704,0.0274508650370066,-22.97523558890885,0.5454545454545454,0.5454545454545454,0.1135870218996612,0.1076203208556149
mlp,y_XLP,18,34,0.0267574673058676,0.0371356769353779,-24.50734793777988,0.4117647058823529,0.4117647058823529,0.066577420336288,-0.0799083269671504
mlp,y_XLP,19,35,0.0232416742639698,0.0279405722254845,-11.668530422052225,0.4285714285714285,0.4285714285714285,-0.2669980370908206,-0.1879551820728291
mlp,y_XLP,20,34,0.0175540860697505,0.0258244319129223,-8.704539866863794,0.5588235294117647,0.5588235294117647,0.0351811119863277,0.1899159663865545
mlp,y_XLP,21,29,0.0146203307112536,0.0187233797931387,-7.166961560312524,0.5517241379310345,0.5517241379310345,0.2510556852116944,0.2714285714285713
mlp,y_XLP,22,27,0.0176636886767319,0.0247799408660098,-8.881693138956981,0.4814814814814814,0.4814814814814814,-0.0574282652397449,-0.0409035409035409
mlp,y_XLP,23,29,0.0169068173563966,0.0223815335846778,-5.5301096017176965,0.5172413793103449,0.5172413793103449,-0.0613028638886313,-0.0980295566502462
mlp,y_XLP,24,33,0.0189591283048499,0.0230080256303839,-4.639803685611776,0.4545454545454545,0.4545454545454545,-0.0125129547336959,-0.0337566844919786
mlp,y_XLB,0,35,0.0162893384337757,0.0191109863665096,-3.820220438607679,0.5714285714285714,0.5714285714285714,0.2171715397788172,0.2338935574229692
mlp,y_XLB,1,35,0.018910537167584,0.0230342859257914,-7.561181881197555,0.6,0.6,0.2490620097775091,0.2341736694677871
mlp,y_XLB,2,37,0.0172532311182701,0.0237076609753726,-6.907146969385767,0.5405405405405406,0.5405405405405406,0.2966387150494508,0.2982456140350877
mlp,y_XLB,3,34,0.025867112589927,0.0354248771395736,-21.13440811378177,0.4705882352941176,0.4705882352941176,0.2602651234107979,0.255003819709702
mlp,y_XLB,4,32,0.0274052169455188,0.0399780488247139,-18.948508259281933,0.5,0.5,0.0616903364151437,0.1279325513196481
mlp,y_XLB,5,28,0.019563044462586,0.0317298049360699,-10.840511888580696,0.6071428571428571,0.6071428571428571,0.3029057759013071,0.3601532567049808
mlp,y_XLB,6,29,0.0209394066191407,0.029567423417566,-10.498374192748091,0.6206896551724138,0.6206896551724138,0.1711428101374395,0.1261083743842364
mlp,y_XLB,7,30,0.0242600819841454,0.032743388971523,-16.164429397048224,0.3666666666666666,0.3666666666666666,-0.395424477350983,-0.3695216907675194
mlp,y_XLB,8,34,0.0271576489309526,0.0504189022129045,-30.275030045960595,0.4705882352941176,0.4705882352941176,-0.1453152034690248,-0.2220015278838807
mlp,y_XLB,9,35,0.0291081221805926,0.0368131701553107,-1.487253370410054,0.5428571428571428,0.5428571428571428,0.1965594909348435,0.3481792717086834
mlp,y_XLB,10,35,0.0258932126470484,0.0333046783789322,-0.9597530999040902,0.4,0.4,0.1334924558175667,0.0392156862745098
mlp,y_XLB,11,35,0.0308197945827792,0.0414494867231018,-2.120183607066258,0.4,0.4,-0.0772665467830324,-0.0355742296918767
mlp,y_XLB,12,34,0.0226149039356334,0.0309861862746877,-9.806534550056313,0.3529411764705882,0.3529411764705882,-0.0424568605887853,-0.2406417112299465
mlp,y_XLB,13,35,0.0181179087267429,0.0225806839461368,-6.409959013466826,0.4285714285714285,0.4285714285714285,-0.0548546479490804,-0.0470588235294117
mlp,y_XLB,14,34,0.0198487902675666,0.0284687746020958,-7.530575677870333,0.4411764705882353,0.4411764705882353,-0.050574083683486,-0.0789915966386554
mlp,y_XLB,15,34,0.0175126225869933,0.0233003469724704,-4.836493460056355,0.5294117647058824,0.5294117647058824,0.1003621416547827,0.1796928724015792
mlp,y_XLB,16,33,0.0195343707377827,0.0240434138841994,-5.19485269009507,0.3333333333333333,0.3333333333333333,-0.2955042013063198,-0.2694751070035647
mlp,y_XLB,17,33,0.0164872799569706,0.0205792503553192,-3.8568518640539073,0.4848484848484848,0.4848484848484848,0.2058573704552432,0.0922768356488633
mlp,y_XLB,18,34,0.0339472362438099,0.0467747650320398,-23.22162512023577,0.3823529411764705,0.3823529411764705,-0.1207327393514516,-0.1419404125286478
mlp,y_XLB,19,35,0.0279625930486143,0.0366490389031388,-12.4691867313651,0.4571428571428571,0.4571428571428571,-0.2473205845540264,-0.1896358543417367
mlp,y_XLB,20,34,0.0174418387583966,0.0223919386149607,-3.8595330740241263,0.6470588235294118,0.6470588235294118,0.2457608990539144,0.2424751718869366
mlp,y_XLB,21,29,0.0188277621985753,0.0232504148276802,-5.249858475425532,0.2758620689655172,0.2758620689655172,-0.1706002383201798,-0.3088669950738916
mlp,y_XLB,22,27,0.0189312419761764,0.0232946511430296,-4.946513343071603,0.4074074074074074,0.4074074074074074,-0.1946387525733382,-0.2191697191697191
mlp,y_XLB,23,29,0.0147772566495727,0.0182173683842908,-1.2730835321583125,0.5517241379310345,0.5517241379310345,-0.0712982170161727,-0.0650246305418719
mlp,y_XLB,24,33,0.0156834813132451,0.0197126591908768,-1.139607811770413,0.6060606060606061,0.6060606060606061,0.2879010921112622,0.311163101604278
mlp,y_XLU,0,35,0.0176130729402543,0.02473558553588,-11.717519070652168,0.5714285714285714,0.5714285714285714,0.1310747654029979,0.0563025210084033
mlp,y_XLU,1,35,0.0225742528991734,0.0308375425411953,-11.719904619994132,0.4285714285714285,0.4285714285714285,-0.1441506624088255,-0.157422969187675
mlp,y_XLU,2,37,0.0362633644457315,0.0670297585373765,-36.33210472662427,0.3783783783783784,0.3783783783783784,-0.003815776998055,-0.2790422000948316
mlp,y_XLU,3,34,0.0369957354167068,0.0512148228911051,-20.99826785251102,0.3823529411764705,0.3823529411764705,-0.1088640054742325,-0.2650878533231474
mlp,y_XLU,4,32,0.0269163960540589,0.035886450163941,-9.356399021494616,0.5,0.5,0.1343045043352896,0.0821114369501466
mlp,y_XLU,5,28,0.0231931633002969,0.0291139885340068,-7.291491545634624,0.5357142857142857,0.5357142857142857,0.1105293643722163,0.0689655172413793
mlp,y_XLU,6,29,0.0164113909684588,0.0205877368213573,-2.493562027564407,0.5517241379310345,0.5517241379310345,0.087734230462439,0.0364532019704433
mlp,y_XLU,7,30,0.0260508932988975,0.0427069267936678,-15.41853810171186,0.4,0.4,-0.0580374991956567,-0.1345939933259177
mlp,y_XLU,8,34,0.0259140172658016,0.0310720572128107,-7.2940271830072945,0.5588235294117647,0.5588235294117647,-0.0095101196482931,0.0215431627196333
mlp,y_XLU,9,35,0.0341774681767701,0.0509458939984558,-10.666526831452554,0.5714285714285714,0.5714285714285714,-0.0359523852744183,-0.0380952380952381
mlp,y_XLU,10,35,0.0231755054291463,0.0329803265680269,-3.7004451276221433,0.5428571428571428,0.5428571428571428,0.0177244406524644,0.1633053221288515
mlp,y_XLU,11,35,0.0257547964144963,0.0392584665971372,-5.792394902026518,0.5714285714285714,0.5714285714285714,0.0094898807001336,0.0140056022408963
mlp,y_XLU,12,34,0.0201116400693696,0.0298514368015459,-7.762132678312282,0.5294117647058824,0.5294117647058824,0.1793335508922751,0.2366692131398013
mlp,y_XLU,13,35,0.0261992661848953,0.0352545236647582,-12.084801897656655,0.4571428571428571,0.4571428571428571,-0.0534543017680749,-0.1131652661064426
mlp,y_XLU,14,34,0.0175425726374765,0.0223823324287908,-6.425191481283696,0.4117647058823529,0.4117647058823529,-0.1728513710315929,-0.1165775401069518
mlp,y_XLU,15,34,0.0162005652502018,0.0280162618202354,-14.083603971661608,0.6764705882352942,0.6764705882352942,0.4624942024775629,0.5003819709702062
mlp,y_XLU,16,33,0.0191626534635652,0.0250083963531662,-11.42086827211034,0.4242424242424242,0.4242424242424242,-0.0677435928449331,-0.1838235294117647
mlp,y_XLU,17,33,0.0214161989565375,0.031960339707236,-18.07166320146016,0.4848484848484848,0.4848484848484848,-0.2990580617827315,-0.2215909090909091
mlp,y_XLU,18,34,0.0330803671109664,0.0526259151536001,-37.38443018050392,0.3235294117647059,0.3235294117647059,-0.3367196484999007,-0.389152024446142
mlp,y_XLU,19,35,0.0210389284198201,0.0284496384510138,-11.68339011070178,0.4,0.4,0.0011453843220929,-0.1196078431372549
mlp,y_XLU,20,34,0.0190518499389003,0.0276959589020057,-13.136489755382296,0.5882352941176471,0.5882352941176471,0.0498016087480431,0.120855614973262
mlp,y_XLU,21,29,0.0306746248743191,0.0414335433243815,-37.95720901505212,0.4827586206896552,0.4827586206896552,-0.0637876406963187,0.0502463054187192
mlp,y_XLU,22,27,0.0153471564775983,0.022159688374326,-6.149503569390364,0.5925925925925926,0.5925925925925926,0.0646895736467026,0.0787545787545787
mlp,y_XLU,23,29,0.0189841824792354,0.0271102414771139,-6.1763390520607935,0.5172413793103449,0.5172413793103449,-0.149095721736316,-0.1783251231527093
mlp,y_XLU,24,33,0.0202394156115385,0.0257145821199743,-5.554152973917792,0.4545454545454545,0.4545454545454545,0.077282151754561,0.0514705882352941
mlp,y_XLRE,0,35,0.0119716732552932,0.0154032230863497,-3.183337237430412,0.5428571428571428,0.5428571428571428,0.1279270698141087,0.0231108621618643
mlp,y_XLRE,1,35,0.0146856888689485,0.0192703884642783,-7.154035288913754,0.4857142857142857,0.4857142857142857,0.1279647318803639,0.1030884518250432
mlp,y_XLRE,2,37,0.0278461531318446,0.0451865264578274,-22.22931598296941,0.4324324324324324,0.4324324324324324,-0.1297976167712756,-0.2235656709340919
mlp,y_XLRE,3,34,0.0224646515972827,0.0396401052894427,-16.264090858173898,0.5882352941176471,0.5882352941176471,-0.0743853728784707,0.0258212375859434
mlp,y_XLRE,4,32,0.0273820296921543,0.0432820651727438,-11.541554864239496,0.53125,0.53125,0.0425784308181126,0.1345307917888563
mlp,y_XLRE,5,28,0.029780828358472,0.0388295926079014,-10.308799478359676,0.4642857142857143,0.4642857142857143,0.3261021904164909,0.1554460864805692
mlp,y_XLRE,6,29,0.0234376784835487,0.0304241904419275,-4.855863951246095,0.3793103448275862,0.3793103448275862,-0.3509866378406688,-0.2763546798029556
mlp,y_XLRE,7,30,0.0309839830902071,0.0457955962886287,-25.5102542349719,0.3666666666666666,0.3666666666666666,0.0485229584638759,-0.0892102335928809
mlp,y_XLRE,8,34,0.0258671826437184,0.0362975096294394,-11.501285936655243,0.4705882352941176,0.4705882352941176,-0.0191624606236294,0.0206264323911382
mlp,y_XLRE,9,35,0.0328015496148637,0.0432545489909149,-5.533773060709079,0.5142857142857142,0.5142857142857142,-0.0170333133235172,0.0815126050420168
mlp,y_XLRE,10,35,0.0290634043973735,0.0383696556364014,-3.8465450426848857,0.4857142857142857,0.4857142857142857,0.172049800467659,0.2162464985994397
mlp,y_XLRE,11,35,0.0313489035597756,0.0577465692315472,-10.389272555227064,0.6,0.6,-0.1114794939088928,0.0084033613445378
mlp,y_XLRE,12,34,0.02680846334393,0.0412671654135949,-19.8369465051566,0.5294117647058824,0.5294117647058824,-0.0270777369193391,-0.1067990832696715
mlp,y_XLRE,13,35,0.017501743452082,0.0229800338913073,-6.238100793990592,0.3714285714285714,0.3714285714285714,-0.0372581484907034,-0.0750700280112044
mlp,y_XLRE,14,34,0.0153440159614283,0.021039056112576,-6.7279120593650665,0.6176470588235294,0.6176470588235294,0.0738765199203058,0.1696080683382252
mlp,y_XLRE,15,34,0.0182475573042944,0.0238831388693364,-7.242738720936861,0.5,0.5,0.0080169029010323,0.0918258212375859
mlp,y_XLRE,16,33,0.0169278885102017,0.0215953348472948,-5.803692605843168,0.5151515151515151,0.5151515151515151,0.0722531247942127,0.0721925133689839
mlp,y_XLRE,17,33,0.0231985828471311,0.0444350654827139,-36.93528993530569,0.6060606060606061,0.6060606060606061,-0.0297629303357625,0.1544117647058823
mlp,y_XLRE,18,34,0.0237549081344576,0.0428804103264878,-22.482275024609898,0.6470588235294118,0.6470588235294118,0.1165607993362549,0.2724216959511077
mlp,y_XLRE,19,35,0.0278635129929075,0.0348148239345225,-13.507004315791129,0.5142857142857142,0.5142857142857142,0.0833033605403644,-0.0540616246498599
mlp,y_XLRE,20,34,0.0152894560313867,0.019493473635067,-3.8510312532347566,0.6470588235294118,0.6470588235294118,0.2819904329957957,0.2403361344537815
mlp,y_XLRE,21,29,0.0118291347542356,0.0144726727272148,-3.762479939731392,0.4137931034482758,0.4137931034482758,-0.0276301391205486,-0.0906403940886699
mlp,y_XLRE,22,27,0.0146137772628705,0.020929302492754,-8.858169054909045,0.4074074074074074,0.4074074074074074,-0.0893907932246143,-0.05006105006105
mlp,y_XLRE,23,29,0.0149674253122999,0.0194270985243803,-4.058729553381117,0.5862068965517241,0.5862068965517241,0.1326073987643036,0.1369458128078817
mlp,y_XLRE,24,33,0.017313121874103,0.0232624527635719,-6.009824420560952,0.4242424242424242,0.4242424242424242,0.1577502251304819,0.1717914438502673
mlp,y_XLC,0,35,0.0196684448265957,0.0249004741485229,-8.604228252198892,0.4571428571428571,0.4571428571428571,0.023124283700264,-0.1435674770661268
mlp,y_XLC,1,35,0.0144043596338326,0.018389321654506,-5.843980528800048,0.4,0.4,-0.1153010112587675,-0.1851670289574825
mlp,y_XLC,2,37,0.0223848126732767,0.0301570151441091,-14.325003232597926,0.4324324324324324,0.4324324324324324,-0.3041872809173166,-0.0947187483140979
mlp,y_XLC,3,34,0.0299564998713148,0.0411622538234033,-28.14801706843412,0.3529411764705882,0.3529411764705882,0.2163065972254015,0.0744079449961803
mlp,y_XLC,4,32,0.0223524098302746,0.032302666519448,-8.644071070172638,0.5,0.5,0.0033625133446236,-0.0241935483870967
mlp,y_XLC,5,28,0.0226442472021183,0.0315922271424747,-9.803243497071998,0.5357142857142857,0.5357142857142857,0.1489548861144633,0.0651340996168582
mlp,y_XLC,6,29,0.0211506554924326,0.0293386214562052,-8.07795247759003,0.5862068965517241,0.5862068965517241,-0.1097333373387308,-0.0261083743842364
mlp,y_XLC,7,30,0.0274083877814657,0.0368834556114174,-20.211227799262478,0.4,0.4,-0.2109564522029678,-0.2048943270300333
mlp,y_XLC,8,34,0.0360299012908369,0.0476450036100216,-22.04910088479161,0.4411764705882353,0.4411764705882353,-0.2800422009039443,-0.2595874713521772
mlp,y_XLC,9,35,0.0230399069331836,0.0294377057561185,-0.6589498934769438,0.5428571428571428,0.5428571428571428,0.0633932563618268,0.1327731092436975
mlp,y_XLC,10,35,0.0254432668107213,0.0396912909711378,-1.7385712237122672,0.4571428571428571,0.4571428571428571,0.0698578931872483,0.0641456582633053
mlp,y_XLC,11,35,0.0328067476666402,0.0417354155653739,-2.303764248009131,0.4571428571428571,0.4571428571428571,-0.0401230258997659,-0.1815126050420168
mlp,y_XLC,12,34,0.0159543388324822,0.019657462984537,-3.13321927354444,0.4705882352941176,0.4705882352941176,-0.1149472432307492,-0.0291825821237585
mlp,y_XLC,13,35,0.0229718554097869,0.0292758675229607,-23.78677983540709,0.3142857142857143,0.3142857142857143,-0.2737020281427498,-0.3260504201680672
mlp,y_XLC,14,34,0.0151319950163994,0.0177173433563785,-4.834050393224387,0.4411764705882353,0.4411764705882353,-0.0190728240957558,-0.0661573720397249
mlp,y_XLC,15,34,0.0157370326155891,0.0200051620306264,-6.748583624201635,0.4705882352941176,0.4705882352941176,-0.0454115820382984,-0.1196333078686019
mlp,y_XLC,16,33,0.0202400154488785,0.0280384117265089,-12.562871992611022,0.5757575757575758,0.5757575757575758,0.0233384258287667,-0.0404411764705882
mlp,y_XLC,17,33,0.0228039300149203,0.0332615292952369,-18.201680057439404,0.5757575757575758,0.5757575757575758,-0.1615310275737286,-0.079211229946524
mlp,y_XLC,18,34,0.0236562167545958,0.0399748880118034,-26.22739484400684,0.4705882352941176,0.4705882352941176,0.041268083430275,-0.0725744843391902
mlp,y_XLC,19,35,0.0208833045847965,0.0303924439453655,-13.563783366176526,0.6571428571428571,0.6571428571428571,0.1218756737662366,0.0840336134453781
mlp,y_XLC,20,34,0.0238755332848978,0.0429001372594714,-29.76739595861149,0.4705882352941176,0.4705882352941176,-0.132070447366961,-0.2883116883116883
mlp,y_XLC,21,29,0.0209487740343739,0.0272380645210828,-13.467495976844368,0.4827586206896552,0.4827586206896552,0.0402626563757219,0.0876847290640393
mlp,y_XLC,22,27,0.0219358421168344,0.0317579398581185,-30.705127460709623,0.5555555555555556,0.5555555555555556,-0.1136647753622289,-0.1288156288156288
mlp,y_XLC,23,29,0.0171011081783205,0.0210738538650437,-5.274669009184635,0.4482758620689655,0.4482758620689655,0.1699619589226093,0.1827586206896551
mlp,y_XLC,24,33,0.0143960858764817,0.0216254220156297,-5.243110229072379,0.6666666666666666,0.6666666666666666,-0.0750862846162386,0.1537433155080214
