model,target,fold_id,date,y_true,y_pred
rf,y_BTC-USD,0,2024-08-03,-0.04223983565450573,-0.008090671583146703
rf,y_BTC-USD,0,2024-08-04,-0.07098647891315102,0.0010590678813370011
rf,y_BTC-USD,0,2024-08-05,0.03783671505322772,0.002071517682822781
rf,y_BTC-USD,0,2024-08-06,-0.017968550940289485,-0.00024258769844290318
rf,y_BTC-USD,0,2024-08-07,0.12144256099404904,-0.00818373564039539
rf,y_BTC-USD,0,2024-08-08,-0.013450358103773374,-0.007924352881092002
rf,y_BTC-USD,0,2024-08-09,0.001079157301276501,0.0059536660287933425
rf,y_BTC-USD,0,2024-08-10,-0.036529632368097475,0.0048301749677626205
rf,y_BTC-USD,0,2024-08-11,0.010814659848586317,-0.003022563825383721
rf,y_BTC-USD,0,2024-08-12,0.021144992390795814,0.0006187669393554798
rf,y_BTC-USD,0,2024-08-13,-0.0308911115194338,-0.0006580273165289095
rf,y_BTC-USD,0,2024-08-14,-0.020041310813293967,0.004014916616454203
rf,y_BTC-USD,0,2024-08-15,0.023175912946963972,0.004032771011657658
rf,y_BTC-USD,0,2024-08-16,0.00993082725079053,-0.0021159120563857253
rf,y_BTC-USD,0,2024-08-17,-0.016728732324455264,-0.004439234084416366
rf,y_BTC-USD,0,2024-08-18,0.01726094125025579,-0.005845009578847439
rf,y_BTC-USD,0,2024-08-19,-0.008079210921579816,-0.0006526781821074311
rf,y_BTC-USD,0,2024-08-20,0.03664287570061453,-0.003588068545401166
rf,y_BTC-USD,0,2024-08-21,-0.012967304646127387,0.005725297367781959
rf,y_BTC-USD,0,2024-08-22,0.061482671821355916,-0.0036145337641608644
rf,y_BTC-USD,0,2024-08-23,0.0013205019089592707,0.0002379633834997489
rf,y_BTC-USD,1,2024-08-23,0.0013205019089592707,0.00014788999322428535
rf,y_BTC-USD,0,2024-08-24,0.0024081210374646833,-0.001609473684484273
rf,y_BTC-USD,1,2024-08-24,0.0024081210374646833,0.0011949636836997965
rf,y_BTC-USD,0,2024-08-25,-0.022583597070127692,0.003415033529679508
rf,y_BTC-USD,1,2024-08-25,-0.022583597070127692,0.004831948246105944
rf,y_BTC-USD,0,2024-08-26,-0.05369739018896724,-0.003213562022986476
rf,y_BTC-USD,1,2024-08-26,-0.05369739018896724,0.0014780991604972037
rf,y_BTC-USD,0,2024-08-27,-0.00800797843742207,-0.003630446972110492
rf,y_BTC-USD,1,2024-08-27,-0.00800797843742207,-0.001254725613583125
rf,y_BTC-USD,0,2024-08-28,0.006108236397788236,-0.0032119791643261063
rf,y_BTC-USD,1,2024-08-28,0.006108236397788236,0.0005481553716736893
rf,y_BTC-USD,0,2024-08-29,-0.004524521990973862,-0.0016167798070900953
rf,y_BTC-USD,1,2024-08-29,-0.004524521990973862,-0.006569868936784555
rf,y_BTC-USD,0,2024-08-30,-0.002530098940268344,0.007475520710561794
rf,y_BTC-USD,1,2024-08-30,-0.002530098940268344,0.009168427238458439
rf,y_BTC-USD,0,2024-08-31,-0.027885585694078285,-0.0008666870913519041
rf,y_BTC-USD,1,2024-08-31,-0.027885585694078285,0.0020953154793822834
rf,y_BTC-USD,0,2024-09-01,0.031172733823612075,-0.005722537795425493
rf,y_BTC-USD,1,2024-09-01,0.031172733823612075,-0.004621375167029708
rf,y_BTC-USD,0,2024-09-02,-0.02844504270361159,-0.0021988047561642067
rf,y_BTC-USD,1,2024-09-02,-0.02844504270361159,-0.0030751417723475856
rf,y_BTC-USD,0,2024-09-03,0.00941156177702851,-0.00010680718735977812
rf,y_BTC-USD,1,2024-09-03,0.00941156177702851,0.003445986052522829
rf,y_BTC-USD,0,2024-09-04,-0.031240343288065575,-0.00024380649456803293
rf,y_BTC-USD,1,2024-09-04,-0.031240343288065575,0.0004923215235234026
rf,y_BTC-USD,0,2024-09-05,-0.03938239218868078,0.002657317381588824
rf,y_BTC-USD,1,2024-09-05,-0.03938239218868078,0.0009696253536274402
rf,y_BTC-USD,0,2024-09-06,0.003539165966313096,0.004426492499358651
rf,y_BTC-USD,1,2024-09-06,0.003539165966313096,0.011066129616785552
rf,y_BTC-USD,0,2024-09-07,0.012964221602682846,-0.0027736202929321374
rf,y_BTC-USD,1,2024-09-07,0.012964221602682846,-0.0022139209311946933
rf,y_BTC-USD,0,2024-09-08,0.039713831911113884,0.0016856164509616578
rf,y_BTC-USD,1,2024-09-08,0.039713831911113884,0.005421439562394209
rf,y_BTC-USD,0,2024-09-09,0.011034389872275785,-0.001873510445884268
rf,y_BTC-USD,1,2024-09-09,0.011034389872275785,-0.0004759771874236105
rf,y_BTC-USD,0,2024-09-10,-0.005300015516934153,0.0014620068883905758
rf,y_BTC-USD,1,2024-09-10,-0.005300015516934153,0.0029927990799516486
rf,y_BTC-USD,0,2024-09-11,0.013669279499548104,-0.010652565888574094
rf,y_BTC-USD,1,2024-09-11,0.013669279499548104,-0.004623723117884717
rf,y_BTC-USD,0,2024-09-12,0.04205082955798245,0.0015061753380076575
rf,y_BTC-USD,1,2024-09-12,0.04205082955798245,0.0008413237631337685
rf,y_BTC-USD,2,2024-09-12,0.04205082955798245,-0.0027376285613726413
rf,y_BTC-USD,0,2024-09-13,-0.00934732588201681,0.005067744461034875
rf,y_BTC-USD,1,2024-09-13,-0.00934732588201681,0.005148582963761797
rf,y_BTC-USD,2,2024-09-13,-0.00934732588201681,-0.0010220091967631786
rf,y_BTC-USD,0,2024-09-14,-0.013703582981947293,0.0041543664767088
rf,y_BTC-USD,1,2024-09-14,-0.013703582981947293,0.0018089190461631423
rf,y_BTC-USD,2,2024-09-14,-0.013703582981947293,0.0015956425299114543
rf,y_BTC-USD,0,2024-09-15,-0.016733367188517922,-0.006389656905002187
rf,y_BTC-USD,1,2024-09-15,-0.016733367188517922,-0.007028656183073722
rf,y_BTC-USD,2,2024-09-15,-0.016733367188517922,0.000504361122006472
rf,y_BTC-USD,0,2024-09-16,0.0363626062794542,0.012081148986961847
rf,y_BTC-USD,1,2024-09-16,0.0363626062794542,0.018491511022231556
rf,y_BTC-USD,2,2024-09-16,0.0363626062794542,0.014021779301937086
rf,y_BTC-USD,0,2024-09-17,0.02223798894564699,0.006544683039064688
rf,y_BTC-USD,1,2024-09-17,0.02223798894564699,0.004744311483455696
rf,y_BTC-USD,2,2024-09-17,0.02223798894564699,0.003563573099572976
rf,y_BTC-USD,0,2024-09-18,0.020937291974474137,-0.003919377501443712
rf,y_BTC-USD,1,2024-09-18,0.020937291974474137,0.0007553761872540134
rf,y_BTC-USD,2,2024-09-18,0.020937291974474137,-0.001147720530339763
rf,y_BTC-USD,0,2024-09-19,0.004012038411551844,-0.010340917460729597
rf,y_BTC-USD,1,2024-09-19,0.004012038411551844,-0.004785544345064821
rf,y_BTC-USD,2,2024-09-19,0.004012038411551844,-0.007500197134655031
rf,y_BTC-USD,0,2024-09-20,0.003194394254405042,-0.007649774610404993
rf,y_BTC-USD,1,2024-09-20,0.003194394254405042,0.0041502978752307835
rf,y_BTC-USD,2,2024-09-20,0.003194394254405042,-0.0007569438962190922
rf,y_BTC-USD,0,2024-09-21,0.004004601863112578,0.0021807170678394224
rf,y_BTC-USD,1,2024-09-21,0.004004601863112578,0.00043249048036866634
rf,y_BTC-USD,2,2024-09-21,0.004004601863112578,0.0007393786139950565
rf,y_BTC-USD,0,2024-09-22,-0.005010473135318549,-0.005310141657717084
rf,y_BTC-USD,1,2024-09-22,-0.005010473135318549,-0.005988879831665002
rf,y_BTC-USD,2,2024-09-22,-0.005010473135318549,-0.004317702027616375
rf,y_BTC-USD,0,2024-09-23,0.01535087678718594,0.003911922201636595
rf,y_BTC-USD,1,2024-09-23,0.01535087678718594,0.0030008480501820486
rf,y_BTC-USD,2,2024-09-23,0.01535087678718594,0.007256249449546409
rf,y_BTC-USD,0,2024-09-24,-0.018021597802944433,8.572657303976364e-05
rf,y_BTC-USD,1,2024-09-24,-0.018021597802944433,-0.0017693274162667314
rf,y_BTC-USD,2,2024-09-24,-0.018021597802944433,-0.0024011069312461857
rf,y_BTC-USD,0,2024-09-25,0.032273891570151925,-0.00023186461820364398
rf,y_BTC-USD,1,2024-09-25,0.032273891570151925,-0.0007660937023021813
rf,y_BTC-USD,2,2024-09-25,0.032273891570151925,-0.002044552017289066
rf,y_BTC-USD,0,2024-09-26,0.00935309904070647,-0.004658336975403503
rf,y_BTC-USD,1,2024-09-26,0.00935309904070647,-0.0033580610177914886
rf,y_BTC-USD,2,2024-09-26,0.00935309904070647,-0.002280385389950639
rf,y_BTC-USD,0,2024-09-27,0.0014741358273548943,0.0023558755300778322
rf,y_BTC-USD,1,2024-09-27,0.0014741358273548943,0.0006870229182973429
rf,y_BTC-USD,2,2024-09-27,0.0014741358273548943,0.0024025165993714855
rf,y_BTC-USD,0,2024-09-30,-0.039357521968434894,-0.0014894338102495492
rf,y_BTC-USD,1,2024-09-30,-0.039357521968434894,0.002936428355641535
rf,y_BTC-USD,2,2024-09-30,-0.039357521968434894,0.003545857269346765
rf,y_BTC-USD,0,2024-10-01,-0.0033568819965540397,0.0015588568240591386
rf,y_BTC-USD,1,2024-10-01,-0.0033568819965540397,-0.00024339649551048762
rf,y_BTC-USD,2,2024-10-01,-0.0033568819965540397,0.005247272580369062
rf,y_BTC-USD,0,2024-10-02,0.0020882627636797935,0.021389949154802534
rf,y_BTC-USD,1,2024-10-02,0.0020882627636797935,0.021061172966997603
rf,y_BTC-USD,2,2024-10-02,0.0020882627636797935,0.025063730437371624
rf,y_BTC-USD,0,2024-10-03,0.021528753876634443,0.004221200624265725
rf,y_BTC-USD,1,2024-10-03,0.021528753876634443,0.0011702182393297817
rf,y_BTC-USD,2,2024-10-03,0.021528753876634443,0.006750618512846407
rf,y_BTC-USD,1,2024-10-04,0.0003620681473552878,0.003964772893345955
rf,y_BTC-USD,2,2024-10-04,0.0003620681473552878,0.001732264914652983
rf,y_BTC-USD,3,2024-10-04,0.0003620681473552878,0.002151377418365296
rf,y_BTC-USD,1,2024-10-06,-0.009269383518558882,-0.0119937363185633
rf,y_BTC-USD,2,2024-10-06,-0.009269383518558882,-0.017259177911705257
rf,y_BTC-USD,3,2024-10-06,-0.009269383518558882,-0.01277761186641037
rf,y_BTC-USD,1,2024-10-07,-0.001682150134457161,0.003372471922485491
rf,y_BTC-USD,2,2024-10-07,-0.001682150134457161,0.0007312410945688427
rf,y_BTC-USD,3,2024-10-07,-0.001682150134457161,-0.005330960382120787
rf,y_BTC-USD,1,2024-10-08,-0.024944762232405493,0.0023786013044991877
rf,y_BTC-USD,2,2024-10-08,-0.024944762232405493,0.002714013972140288
rf,y_BTC-USD,3,2024-10-08,-0.024944762232405493,-0.0005082782298084463
rf,y_BTC-USD,1,2024-10-09,-0.005077433013489285,0.002904323855292502
rf,y_BTC-USD,2,2024-10-09,-0.005077433013489285,0.0039087448102087035
rf,y_BTC-USD,3,2024-10-09,-0.005077433013489285,0.006014964055450338
rf,y_BTC-USD,1,2024-10-10,0.036011743668549645,0.002858422304481036
rf,y_BTC-USD,2,2024-10-10,0.036011743668549645,0.0018588185574969403
rf,y_BTC-USD,3,2024-10-10,0.036011743668549645,0.0024956481357212928
rf,y_BTC-USD,1,2024-10-11,0.011977460447594401,0.005448769156460076
rf,y_BTC-USD,2,2024-10-11,0.011977460447594401,0.0007099948826613032
rf,y_BTC-USD,3,2024-10-11,0.011977460447594401,0.004167185382773048
rf,y_BTC-USD,1,2024-10-12,-0.005406426515387475,0.006801860759611367
rf,y_BTC-USD,2,2024-10-12,-0.005406426515387475,0.007558302626230566
rf,y_BTC-USD,3,2024-10-12,-0.005406426515387475,0.004322896280896235
rf,y_BTC-USD,1,2024-10-14,0.015064992457922477,0.0014401144222142346
rf,y_BTC-USD,2,2024-10-14,0.015064992457922477,-0.0053552429083753164
rf,y_BTC-USD,3,2024-10-14,0.015064992457922477,-0.0016953159814506894
rf,y_BTC-USD,1,2024-10-15,0.008526251733136592,0.010275290433047273
rf,y_BTC-USD,2,2024-10-15,0.008526251733136592,0.01132350655375738
rf,y_BTC-USD,3,2024-10-15,0.008526251733136592,0.011723028015044079
rf,y_BTC-USD,1,2024-10-16,-0.0031485616380424464,0.0016732427614483598
rf,y_BTC-USD,2,2024-10-16,-0.0031485616380424464,0.006185876936730131
rf,y_BTC-USD,3,2024-10-16,-0.0031485616380424464,0.0014483357244954114
rf,y_BTC-USD,1,2024-10-17,0.015118035686984221,-0.0015696199191179297
rf,y_BTC-USD,2,2024-10-17,0.015118035686984221,0.0006681277793356589
rf,y_BTC-USD,3,2024-10-17,0.015118035686984221,0.004496082767517556
rf,y_BTC-USD,1,2024-10-18,-0.0008192879217548965,0.002067339672195562
rf,y_BTC-USD,2,2024-10-18,-0.0008192879217548965,2.402965690858535e-05
rf,y_BTC-USD,3,2024-10-18,-0.0008192879217548965,-0.0038122612376207676
rf,y_BTC-USD,1,2024-10-19,0.009346740674458287,0.006149839153136194
rf,y_BTC-USD,2,2024-10-19,0.009346740674458287,0.011088248704515448
rf,y_BTC-USD,3,2024-10-19,0.009346740674458287,0.00863765784765094
rf,y_BTC-USD,1,2024-10-20,-0.023678423698328066,-0.013391957706821094
rf,y_BTC-USD,2,2024-10-20,-0.023678423698328066,-0.006734031982353917
rf,y_BTC-USD,3,2024-10-20,-0.023678423698328066,-0.0008013324506633039
rf,y_BTC-USD,1,2024-10-21,-9.567341618454961e-05,0.008805657573209119
rf,y_BTC-USD,2,2024-10-21,-9.567341618454961e-05,0.014772135179485923
rf,y_BTC-USD,3,2024-10-21,-9.567341618454961e-05,0.011446286259123988
rf,y_BTC-USD,1,2024-10-22,-0.01379441121005398,0.002593067845242694
rf,y_BTC-USD,2,2024-10-22,-0.01379441121005398,0.008085273363138386
rf,y_BTC-USD,3,2024-10-22,-0.01379441121005398,0.009452823479376017
rf,y_BTC-USD,1,2024-10-23,0.02602442034118191,0.0015773681675063174
rf,y_BTC-USD,2,2024-10-23,0.02602442034118191,0.01225981752108383
rf,y_BTC-USD,3,2024-10-23,0.02602442034118191,0.004947633265536878
rf,y_BTC-USD,1,2024-10-24,-0.022280180844656217,-0.0011317431303966444
rf,y_BTC-USD,2,2024-10-24,-0.022280180844656217,0.0012855184913947825
rf,y_BTC-USD,3,2024-10-24,-0.022280180844656217,-0.00010950970481930963
rf,y_BTC-USD,1,2024-10-25,0.00558625096700216,0.006193799604076009
rf,y_BTC-USD,2,2024-10-25,0.00558625096700216,0.0033033363493665878
rf,y_BTC-USD,3,2024-10-25,0.00558625096700216,0.008146360332119717
rf,y_BTC-USD,2,2024-10-27,0.029125296867722028,0.0023855261694232513
rf,y_BTC-USD,3,2024-10-27,0.029125296867722028,0.022982586204835412
rf,y_BTC-USD,4,2024-10-27,0.029125296867722028,0.009215578824057564
rf,y_BTC-USD,2,2024-10-28,0.04023493905417541,-0.002867150579167869
rf,y_BTC-USD,3,2024-10-28,0.04023493905417541,0.005705349043650641
rf,y_BTC-USD,4,2024-10-28,0.04023493905417541,0.003534929200956824
rf,y_BTC-USD,2,2024-10-29,-0.005238593875544262,0.005608369641980655
rf,y_BTC-USD,3,2024-10-29,-0.005238593875544262,0.003115098312730094
rf,y_BTC-USD,4,2024-10-29,-0.005238593875544262,0.0011706755746840936
rf,y_BTC-USD,2,2024-10-30,-0.029366396164960396,0.005038509909069611
rf,y_BTC-USD,3,2024-10-30,-0.029366396164960396,0.005027615512955416
rf,y_BTC-USD,4,2024-10-30,-0.029366396164960396,0.0075197820302884905
rf,y_BTC-USD,2,2024-10-31,-0.010435331387529279,-0.004115244680197862
rf,y_BTC-USD,3,2024-10-31,-0.010435331387529279,-0.008967669087296301
rf,y_BTC-USD,4,2024-10-31,-0.010435331387529279,-0.006367329867274705
rf,y_BTC-USD,2,2024-11-01,-0.0027804900426771084,0.0017910486534529683
rf,y_BTC-USD,3,2024-11-01,-0.0027804900426771084,0.00779072054864483
rf,y_BTC-USD,4,2024-11-01,-0.0027804900426771084,0.0008920351620944132
rf,y_BTC-USD,2,2024-11-02,-0.00791112711687536,-0.0009782440542518386
rf,y_BTC-USD,3,2024-11-02,-0.00791112711687536,0.0015850863543742952
rf,y_BTC-USD,4,2024-11-02,-0.00791112711687536,0.0025828782355122666
rf,y_BTC-USD,2,2024-11-03,-0.013523338185854272,0.008279286952521215
rf,y_BTC-USD,3,2024-11-03,-0.013523338185854272,0.002483011236512391
rf,y_BTC-USD,4,2024-11-03,-0.013523338185854272,0.004053127811495768
rf,y_BTC-USD,2,2024-11-04,0.02282879023690776,0.0011792451995302146
rf,y_BTC-USD,3,2024-11-04,0.02282879023690776,-0.0007322765095469725
rf,y_BTC-USD,4,2024-11-04,0.02282879023690776,-0.002254133436329593
rf,y_BTC-USD,2,2024-11-05,0.09053568676993895,0.00043827720754884464
rf,y_BTC-USD,3,2024-11-05,0.09053568676993895,0.00023363791406617502
rf,y_BTC-USD,4,2024-11-05,0.09053568676993895,0.004271939352108021
rf,y_BTC-USD,2,2024-11-06,0.003513808689745934,0.000456255596320145
rf,y_BTC-USD,3,2024-11-06,0.003513808689745934,-0.001953462148184912
rf,y_BTC-USD,4,2024-11-06,0.003513808689745934,-0.0017056855709621085
rf,y_BTC-USD,2,2024-11-07,0.008439738809541852,0.0018379717271350127
rf,y_BTC-USD,3,2024-11-07,0.008439738809541852,0.00250358472884137
rf,y_BTC-USD,4,2024-11-07,0.008439738809541852,0.0035930762732769924
rf,y_BTC-USD,2,2024-11-08,0.0030490452928257916,-4.238374976556954e-05
rf,y_BTC-USD,3,2024-11-08,0.0030490452928257916,0.002368426863401905
rf,y_BTC-USD,4,2024-11-08,0.0030490452928257916,0.0030099622323588324
rf,y_BTC-USD,2,2024-11-09,0.048129393514959595,0.0005202317047693389
rf,y_BTC-USD,3,2024-11-09,0.048129393514959595,0.0034310330651218914
rf,y_BTC-USD,4,2024-11-09,0.048129393514959595,0.004102772544805089
rf,y_BTC-USD,2,2024-11-10,0.10223522760015435,0.004951975922778513
rf,y_BTC-USD,3,2024-11-10,0.10223522760015435,0.009295787232836453
rf,y_BTC-USD,4,2024-11-10,0.10223522760015435,0.00773915580291498
rf,y_BTC-USD,2,2024-11-11,-0.008406532091926988,-0.003000187846944165
rf,y_BTC-USD,3,2024-11-11,-0.008406532091926988,-0.009984147032198246
rf,y_BTC-USD,4,2024-11-11,-0.008406532091926988,-0.012355430386787868
rf,y_BTC-USD,2,2024-11-12,0.029882636380625716,-0.000604903541533348
rf,y_BTC-USD,3,2024-11-12,0.029882636380625716,-0.007474246743521865
rf,y_BTC-USD,4,2024-11-12,0.029882636380625716,-0.007250580625385728
rf,y_BTC-USD,2,2024-11-13,-0.03680261786927608,0.004836655498854066
rf,y_BTC-USD,3,2024-11-13,-0.03680261786927608,0.0010881487114001267
rf,y_BTC-USD,4,2024-11-13,-0.03680261786927608,0.001542511373617785
rf,y_BTC-USD,2,2024-11-14,0.04373133907381366,0.009247273913926901
rf,y_BTC-USD,3,2024-11-14,0.04373133907381366,0.004572888803572859
rf,y_BTC-USD,4,2024-11-14,0.04373133907381366,0.017459250321015866
rf,y_BTC-USD,2,2024-11-15,-0.005573223886622736,0.0008580995638666776
rf,y_BTC-USD,3,2024-11-15,-0.005573223886622736,-0.0008872192791063271
rf,y_BTC-USD,4,2024-11-15,-0.005573223886622736,-0.00016324465387939266
rf,y_BTC-USD,3,2024-11-16,-0.007869224693816235,-0.011471596790054538
rf,y_BTC-USD,4,2024-11-16,-0.007869224693816235,-0.0070027701164750746
rf,y_BTC-USD,5,2024-11-16,-0.007869224693816235,-0.008858661004090163
rf,y_BTC-USD,3,2024-11-17,0.007755383808848215,0.003459935095843882
rf,y_BTC-USD,4,2024-11-17,0.007755383808848215,0.006224880633491985
rf,y_BTC-USD,5,2024-11-17,0.007755383808848215,0.0014683233213391295
rf,y_BTC-USD,3,2024-11-18,0.019892819836786257,0.0006294980539479864
rf,y_BTC-USD,4,2024-11-18,0.019892819836786257,-0.0008218932549847837
rf,y_BTC-USD,5,2024-11-18,0.019892819836786257,-0.0038390838646080857
rf,y_BTC-USD,3,2024-11-19,0.02161166598491282,0.01106696391431072
rf,y_BTC-USD,4,2024-11-19,0.02161166598491282,0.010087495690073322
rf,y_BTC-USD,5,2024-11-19,0.02161166598491282,0.014687508730612413
rf,y_BTC-USD,3,2024-11-20,0.044151545428309014,0.009461924001650865
rf,y_BTC-USD,4,2024-11-20,0.044151545428309014,0.0039075466624187965
rf,y_BTC-USD,5,2024-11-20,0.044151545428309014,-0.00030333681583929464
rf,y_BTC-USD,3,2024-11-21,0.005004201495724558,-0.006826258485054353
rf,y_BTC-USD,4,2024-11-21,0.005004201495724558,-0.0026298610136911388
rf,y_BTC-USD,5,2024-11-21,0.005004201495724558,-0.004259398770429512
rf,y_BTC-USD,3,2024-11-22,-0.012327389984975179,0.012760517440293532
rf,y_BTC-USD,4,2024-11-22,-0.012327389984975179,0.02084409109352222
rf,y_BTC-USD,5,2024-11-22,-0.012327389984975179,0.01600097819220274
rf,y_BTC-USD,3,2024-11-23,0.002419161787646784,0.02522686194793918
rf,y_BTC-USD,4,2024-11-23,0.002419161787646784,0.015614176252136824
rf,y_BTC-USD,5,2024-11-23,0.002419161787646784,0.022056958637996015
rf,y_BTC-USD,3,2024-11-25,-0.011997304040733403,-0.015892296159542317
rf,y_BTC-USD,4,2024-11-25,-0.011997304040733403,-0.016051978362300125
rf,y_BTC-USD,5,2024-11-25,-0.011997304040733403,-0.020226445089913222
rf,y_BTC-USD,3,2024-11-26,0.04323745271515378,0.007619211639818101
rf,y_BTC-USD,4,2024-11-26,0.04323745271515378,0.007693208639837035
rf,y_BTC-USD,5,2024-11-26,0.04323745271515378,0.009283040453136023
rf,y_BTC-USD,3,2024-11-27,-0.0032310787967048116,0.0002249652403096695
rf,y_BTC-USD,4,2024-11-27,-0.0032310787967048116,0.0008259783599804005
rf,y_BTC-USD,5,2024-11-27,-0.0032310787967048116,0.00707315896335122
rf,y_BTC-USD,3,2024-11-28,0.018912786163713058,0.001648979770512779
rf,y_BTC-USD,4,2024-11-28,0.018912786163713058,-0.001157906179945666
rf,y_BTC-USD,5,2024-11-28,0.018912786163713058,0.0011496013103114119
rf,y_BTC-USD,3,2024-11-29,-0.010388394458550332,0.003924205390580721
rf,y_BTC-USD,4,2024-11-29,-0.010388394458550332,0.005005622995271505
rf,y_BTC-USD,5,2024-11-29,-0.010388394458550332,0.0039306012967844275
rf,y_BTC-USD,3,2024-11-30,0.008613193542348574,0.017157822820800125
rf,y_BTC-USD,4,2024-11-30,0.008613193542348574,0.011589946859462678
rf,y_BTC-USD,5,2024-11-30,0.008613193542348574,0.015368848099728126
rf,y_BTC-USD,3,2024-12-02,0.0014276215513644441,-0.002857680056003221
rf,y_BTC-USD,4,2024-12-02,0.0014276215513644441,0.0008749191042208847
rf,y_BTC-USD,5,2024-12-02,0.0014276215513644441,-0.0007102863155837376
rf,y_BTC-USD,3,2024-12-03,0.02881567529768403,0.0018786539229325439
rf,y_BTC-USD,4,2024-12-03,0.02881567529768403,0.00020675875726135866
rf,y_BTC-USD,5,2024-12-03,0.02881567529768403,-0.001568080965773506
rf,y_BTC-USD,3,2024-12-04,-0.022020788503929523,0.0021102474507138213
rf,y_BTC-USD,4,2024-12-04,-0.022020788503929523,0.006611585162026104
rf,y_BTC-USD,5,2024-12-04,-0.022020788503929523,0.0037765919333397737
rf,y_BTC-USD,3,2024-12-05,0.03444474217316973,0.0026099840856325597
rf,y_BTC-USD,4,2024-12-05,0.03444474217316973,0.002293516734360709
rf,y_BTC-USD,5,2024-12-05,0.03444474217316973,0.006195063869629234
rf,y_BTC-USD,3,2024-12-06,2.627082989481444e-05,-0.004483798871952182
rf,y_BTC-USD,4,2024-12-06,2.627082989481444e-05,-0.004856239495691946
rf,y_BTC-USD,5,2024-12-06,2.627082989481444e-05,-0.0060358500982777945
rf,y_BTC-USD,3,2024-12-07,0.013136868131795154,0.00861705307139143
rf,y_BTC-USD,4,2024-12-07,0.013136868131795154,0.008686324275545772
rf,y_BTC-USD,5,2024-12-07,0.013136868131795154,0.006452448624843096
rf,y_BTC-USD,4,2024-12-08,-0.03756861480096407,0.004459837327224177
rf,y_BTC-USD,5,2024-12-08,-0.03756861480096407,0.006729947153865423
rf,y_BTC-USD,6,2024-12-08,-0.03756861480096407,0.005720614964752689
rf,y_BTC-USD,4,2024-12-09,-0.007772430783165474,0.0021460979582259296
rf,y_BTC-USD,5,2024-12-09,-0.007772430783165474,-3.596376187686897e-05
rf,y_BTC-USD,6,2024-12-09,-0.007772430783165474,0.0054633928587055226
rf,y_BTC-USD,4,2024-12-10,0.04652269534294651,0.011241072695489462
rf,y_BTC-USD,5,2024-12-10,0.04652269534294651,0.01656000528656366
rf,y_BTC-USD,6,2024-12-10,0.04652269534294651,0.016280859159102035
rf,y_BTC-USD,4,2024-12-11,-0.011169293200355757,0.003145525656523183
rf,y_BTC-USD,5,2024-12-11,-0.011169293200355757,0.006780249695460822
rf,y_BTC-USD,6,2024-12-11,-0.011169293200355757,0.0005366672755114525
rf,y_BTC-USD,4,2024-12-12,0.014156490833941326,-0.003751882576164367
rf,y_BTC-USD,5,2024-12-12,0.014156490833941326,-0.002418100504750074
rf,y_BTC-USD,6,2024-12-12,0.014156490833941326,0.001777999390554987
rf,y_BTC-USD,4,2024-12-13,-0.0008504799301751742,0.002518308372912744
rf,y_BTC-USD,5,2024-12-13,-0.0008504799301751742,0.00352550897908008
rf,y_BTC-USD,6,2024-12-13,-0.0008504799301751742,0.0018821707782383707
rf,y_BTC-USD,4,2024-12-14,0.02886101293644905,-2.5565640507050715e-06
rf,y_BTC-USD,5,2024-12-14,0.02886101293644905,0.002857312257114449
rf,y_BTC-USD,6,2024-12-14,0.02886101293644905,-0.0012506376768125697
rf,y_BTC-USD,4,2024-12-16,0.001045771070669721,-0.004284734007726532
rf,y_BTC-USD,5,2024-12-16,0.001045771070669721,-0.009579419642271629
rf,y_BTC-USD,6,2024-12-16,0.001045771070669721,-0.009118060126986257
rf,y_BTC-USD,4,2024-12-17,-0.057462106019896764,-0.00408704387575722
rf,y_BTC-USD,5,2024-12-17,-0.057462106019896764,-0.0021115547422255214
rf,y_BTC-USD,6,2024-12-17,-0.057462106019896764,-0.006416021964358314
rf,y_BTC-USD,4,2024-12-18,-0.025495268879325628,0.006391430080752344
rf,y_BTC-USD,5,2024-12-18,-0.025495268879325628,0.008734418729194596
rf,y_BTC-USD,6,2024-12-18,-0.025495268879325628,0.002612692749537495
rf,y_BTC-USD,4,2024-12-19,0.002717960528709318,0.005177489763941089
rf,y_BTC-USD,5,2024-12-19,0.002717960528709318,0.009496657669071163
rf,y_BTC-USD,6,2024-12-19,0.002717960528709318,0.012878814965186674
rf,y_BTC-USD,4,2024-12-20,-0.005433973434635808,0.00745727883129689
rf,y_BTC-USD,5,2024-12-20,-0.005433973434635808,0.0035919584986414577
rf,y_BTC-USD,6,2024-12-20,-0.005433973434635808,0.0026280438583676105
rf,y_BTC-USD,4,2024-12-21,-0.021802983021374844,-0.004197997848745323
rf,y_BTC-USD,5,2024-12-21,-0.021802983021374844,-0.006794446720203325
rf,y_BTC-USD,6,2024-12-21,-0.021802983021374844,-0.007928802317772895
rf,y_BTC-USD,4,2024-12-22,-0.004402456102765462,-0.001275283737603484
rf,y_BTC-USD,5,2024-12-22,-0.004402456102765462,-0.00197296655004492
rf,y_BTC-USD,6,2024-12-22,-0.004402456102765462,0.0003837589509224378
rf,y_BTC-USD,4,2024-12-23,0.04213760595334648,0.003838741880358146
rf,y_BTC-USD,5,2024-12-23,0.04213760595334648,0.004741603847510204
rf,y_BTC-USD,6,2024-12-23,0.04213760595334648,0.005707617835299382
rf,y_BTC-USD,4,2024-12-24,0.0063146152104343045,0.01565524202097422
rf,y_BTC-USD,5,2024-12-24,0.0063146152104343045,0.016356376128536732
rf,y_BTC-USD,6,2024-12-24,0.0063146152104343045,0.01123199729897913
rf,y_BTC-USD,4,2024-12-26,-0.017022260795415023,0.0002616908256740963
rf,y_BTC-USD,5,2024-12-26,-0.017022260795415023,0.0017501699127768797
rf,y_BTC-USD,6,2024-12-26,-0.017022260795415023,0.0019114861006469706
rf,y_BTC-USD,4,2024-12-27,0.010609799867287384,-0.0014738170292194282
rf,y_BTC-USD,5,2024-12-27,0.010609799867287384,0.0005003575937716017
rf,y_BTC-USD,6,2024-12-27,0.010609799867287384,-0.0013429500900841523
rf,y_BTC-USD,4,2024-12-28,-0.017167251608511402,-0.005202427753653938
rf,y_BTC-USD,5,2024-12-28,-0.017167251608511402,-0.0028460321346869847
rf,y_BTC-USD,6,2024-12-28,-0.017167251608511402,-0.0031813160270543605
rf,y_BTC-USD,4,2024-12-29,-0.00948373223930199,-0.0017896131716527892
rf,y_BTC-USD,5,2024-12-29,-0.00948373223930199,-0.0013318094834357031
rf,y_BTC-USD,6,2024-12-29,-0.00948373223930199,0.002110932601989757
rf,y_BTC-USD,5,2024-12-30,0.008484077565384274,0.011735049371015742
rf,y_BTC-USD,6,2024-12-30,0.008484077565384274,0.012296252828222366
rf,y_BTC-USD,7,2024-12-30,0.008484077565384274,0.015850268914421876
rf,y_BTC-USD,5,2024-12-31,0.010602195613021781,0.005731956255814525
rf,y_BTC-USD,6,2024-12-31,0.010602195613021781,0.007863083920856936
rf,y_BTC-USD,7,2024-12-31,0.010602195613021781,0.003601209355654464
rf,y_BTC-USD,5,2025-01-02,0.012597729955682757,-0.000750967459489609
rf,y_BTC-USD,6,2025-01-02,0.012597729955682757,-0.0011189178897994645
rf,y_BTC-USD,7,2025-01-02,0.012597729955682757,0.003625612352397653
rf,y_BTC-USD,5,2025-01-03,0.0013128146911018934,0.004407331584678582
rf,y_BTC-USD,6,2025-01-03,0.0013128146911018934,0.007342909503385326
rf,y_BTC-USD,7,2025-01-03,0.0013128146911018934,0.006133402934691534
rf,y_BTC-USD,5,2025-01-04,0.0008014800420892421,0.0026538209424356316
rf,y_BTC-USD,6,2025-01-04,0.0008014800420892421,0.004776887236575582
rf,y_BTC-USD,7,2025-01-04,0.0008014800420892421,-0.0004196298942667089
rf,y_BTC-USD,5,2025-01-05,0.03827621924594227,0.0011869699740396375
rf,y_BTC-USD,6,2025-01-05,0.03827621924594227,-0.0012409360333806398
rf,y_BTC-USD,7,2025-01-05,0.03827621924594227,0.000846792671739489
rf,y_BTC-USD,5,2025-01-06,-0.05050430525956884,-0.0039697267055825835
rf,y_BTC-USD,6,2025-01-06,-0.05050430525956884,-0.0027881188351183057
rf,y_BTC-USD,7,2025-01-06,-0.05050430525956884,-4.082015075788462e-06
rf,y_BTC-USD,5,2025-01-07,-0.019388436629511285,0.009813617072702967
rf,y_BTC-USD,6,2025-01-07,-0.019388436629511285,0.0038911810277205317
rf,y_BTC-USD,7,2025-01-07,-0.019388436629511285,0.009962908127815815
rf,y_BTC-USD,5,2025-01-08,-0.026929603222076492,0.002311804631413548
rf,y_BTC-USD,6,2025-01-08,-0.026929603222076492,0.008548252191067134
rf,y_BTC-USD,7,2025-01-08,-0.026929603222076492,0.004791471587435933
rf,y_BTC-USD,5,2025-01-09,0.023976181025154863,-0.0015803265443576965
rf,y_BTC-USD,6,2025-01-09,0.023976181025154863,0.0004957880366531526
rf,y_BTC-USD,7,2025-01-09,0.023976181025154863,0.007286692782812095
rf,y_BTC-USD,5,2025-01-10,-0.001424047578467369,0.0014792039027482727
rf,y_BTC-USD,6,2025-01-10,-0.001424047578467369,8.80816688675475e-05
rf,y_BTC-USD,7,2025-01-10,-0.001424047578467369,0.0030237861972450125
rf,y_BTC-USD,5,2025-01-11,-0.0008264678561502592,-0.006920019856640696
rf,y_BTC-USD,6,2025-01-11,-0.0008264678561502592,-0.001359896498820499
rf,y_BTC-USD,7,2025-01-11,-0.0008264678561502592,-0.007309350391308928
rf,y_BTC-USD,5,2025-01-12,0.00029724205673309356,0.006342222800134165
rf,y_BTC-USD,6,2025-01-12,0.00029724205673309356,0.005989531326048908
rf,y_BTC-USD,7,2025-01-12,0.00029724205673309356,0.010049671647195805
rf,y_BTC-USD,5,2025-01-13,0.021345722040169157,-0.008713688169549162
rf,y_BTC-USD,6,2025-01-13,0.021345722040169157,-0.004303745337659817
rf,y_BTC-USD,7,2025-01-13,0.021345722040169157,-0.004238717520460004
rf,y_BTC-USD,5,2025-01-14,0.041129999632577796,-0.002844745132892762
rf,y_BTC-USD,6,2025-01-14,0.041129999632577796,-0.004475356839726527
rf,y_BTC-USD,7,2025-01-14,0.041129999632577796,-0.002098247269801104
rf,y_BTC-USD,5,2025-01-15,-0.0074383335632930425,0.008103168960993916
rf,y_BTC-USD,6,2025-01-15,-0.0074383335632930425,0.005244588053443286
rf,y_BTC-USD,7,2025-01-15,-0.0074383335632930425,0.005307662941833334
rf,y_BTC-USD,5,2025-01-16,0.04716598568833419,0.0034229995219692824
rf,y_BTC-USD,6,2025-01-16,0.04716598568833419,0.004945009377383043
rf,y_BTC-USD,7,2025-01-16,0.04716598568833419,0.006082281124073025
rf,y_BTC-USD,5,2025-01-17,-0.000516635042589142,-0.0009323606532378996
rf,y_BTC-USD,6,2025-01-17,-0.000516635042589142,0.0063860925544672355
rf,y_BTC-USD,7,2025-01-17,-0.000516635042589142,0.0028166668527449786
rf,y_BTC-USD,5,2025-01-18,-0.03178356737719257,0.005003937116818401
rf,y_BTC-USD,6,2025-01-18,-0.03178356737719257,0.005613013122086304
rf,y_BTC-USD,7,2025-01-18,-0.03178356737719257,0.0029300681706740123
rf,y_BTC-USD,5,2025-01-19,0.009170622908047932,0.0020224634015954656
rf,y_BTC-USD,6,2025-01-19,0.009170622908047932,0.005354105185635585
rf,y_BTC-USD,7,2025-01-19,0.009170622908047932,0.003385837909401096
rf,y_BTC-USD,6,2025-01-20,0.040479676535688514,-0.0009255990356688449
rf,y_BTC-USD,7,2025-01-20,0.040479676535688514,-0.002821813159883078
rf,y_BTC-USD,8,2025-01-20,0.040479676535688514,-0.0037631635641619515
rf,y_BTC-USD,6,2025-01-21,-0.023488299826845638,-0.001310837316709735
rf,y_BTC-USD,7,2025-01-21,-0.023488299826845638,0.0019747930395876802
rf,y_BTC-USD,8,2025-01-21,-0.023488299826845638,0.002064968100715642
rf,y_BTC-USD,6,2025-01-22,0.002962783076025932,-0.010725946886207932
rf,y_BTC-USD,7,2025-01-22,0.002962783076025932,-0.012291204612699258
rf,y_BTC-USD,8,2025-01-22,0.002962783076025932,-0.006266442117002865
rf,y_BTC-USD,6,2025-01-23,0.008265785680243276,0.0030061408111150415
rf,y_BTC-USD,7,2025-01-23,0.008265785680243276,0.0031623177479763
rf,y_BTC-USD,8,2025-01-23,0.008265785680243276,-0.0014438662591295004
rf,y_BTC-USD,6,2025-01-24,-0.0010001569662844156,-0.000989727115167193
rf,y_BTC-USD,7,2025-01-24,-0.0010001569662844156,-0.0022893258281362636
rf,y_BTC-USD,8,2025-01-24,-0.0010001569662844156,-0.0042643984142399895
rf,y_BTC-USD,6,2025-01-25,-0.019406534499448846,0.0022933731293131383
rf,y_BTC-USD,7,2025-01-25,-0.019406534499448846,-0.0032415427303602103
rf,y_BTC-USD,8,2025-01-25,-0.019406534499448846,-0.001517485863104894
rf,y_BTC-USD,6,2025-01-26,-0.005792734886665207,-0.0014392242626880527
rf,y_BTC-USD,7,2025-01-26,-0.005792734886665207,-0.005873507865949101
rf,y_BTC-USD,8,2025-01-26,-0.005792734886665207,-0.00478341650812584
rf,y_BTC-USD,6,2025-01-27,-0.007397669160641884,-0.0006188623215341212
rf,y_BTC-USD,7,2025-01-27,-0.007397669160641884,-0.00017861069185240257
rf,y_BTC-USD,8,2025-01-27,-0.007397669160641884,0.0007237634711641877
rf,y_BTC-USD,6,2025-01-28,0.023395602825692086,0.01708936440773252
rf,y_BTC-USD,7,2025-01-28,0.023395602825692086,0.01175209113574936
rf,y_BTC-USD,8,2025-01-28,0.023395602825692086,0.005165253354587622
rf,y_BTC-USD,6,2025-01-29,0.009952379879751394,-0.00025993798228134596
rf,y_BTC-USD,7,2025-01-29,0.009952379879751394,0.0015816757573886694
rf,y_BTC-USD,8,2025-01-29,0.009952379879751394,0.0017027353583043239
rf,y_BTC-USD,6,2025-01-30,-0.022249243050878498,0.0011723267198843312
rf,y_BTC-USD,7,2025-01-30,-0.022249243050878498,0.002753369343013916
rf,y_BTC-USD,8,2025-01-30,-0.022249243050878498,0.0032994194910395606
rf,y_BTC-USD,6,2025-01-31,-0.017080384621634526,0.006908077822710134
rf,y_BTC-USD,7,2025-01-31,-0.017080384621634526,0.009569786508214603
rf,y_BTC-USD,8,2025-01-31,-0.017080384621634526,0.01191046101089477
rf,y_BTC-USD,6,2025-02-01,-0.02947596219670423,0.008248150567346698
rf,y_BTC-USD,7,2025-02-01,-0.02947596219670423,0.006884790493841619
rf,y_BTC-USD,8,2025-02-01,-0.02947596219670423,0.0015676634264463103
rf,y_BTC-USD,6,2025-02-02,0.03804365081173988,0.0026570182339844236
rf,y_BTC-USD,7,2025-02-02,0.03804365081173988,0.0038565198059119176
rf,y_BTC-USD,8,2025-02-02,0.03804365081173988,0.00302194782253294
rf,y_BTC-USD,6,2025-02-03,-0.034846278405663456,-0.008170741813472665
rf,y_BTC-USD,7,2025-02-03,-0.034846278405663456,-0.01250719240000579
rf,y_BTC-USD,8,2025-02-03,-0.034846278405663456,-0.009251062481649756
rf,y_BTC-USD,6,2025-02-04,-0.012836943218062724,0.002558338270459091
rf,y_BTC-USD,7,2025-02-04,-0.012836943218062724,0.00624208963235714
rf,y_BTC-USD,8,2025-02-04,-0.012836943218062724,0.008627752825024045
rf,y_BTC-USD,6,2025-02-05,-0.00022924323774897726,-0.0006739572768131169
rf,y_BTC-USD,7,2025-02-05,-0.00022924323774897726,0.0016203378261058462
rf,y_BTC-USD,8,2025-02-05,-0.00022924323774897726,-0.0022483423041045254
rf,y_BTC-USD,6,2025-02-06,-0.0006647556256734743,0.005346636604742555
rf,y_BTC-USD,7,2025-02-06,-0.0006647556256734743,0.004497017305771942
rf,y_BTC-USD,8,2025-02-06,-0.0006647556256734743,0.010515738164550132
rf,y_BTC-USD,6,2025-02-07,-0.00048309597099249757,0.0009370902569464564
rf,y_BTC-USD,7,2025-02-07,-0.00048309597099249757,0.006659054771318031
rf,y_BTC-USD,8,2025-02-07,-0.00048309597099249757,0.0033549375660253066
rf,y_BTC-USD,6,2025-02-08,0.00018283765004545316,-0.001561059153085769
rf,y_BTC-USD,7,2025-02-08,0.00018283765004545316,-0.006593768130479658
rf,y_BTC-USD,8,2025-02-08,0.00018283765004545316,-0.003154547396459793
rf,y_BTC-USD,7,2025-02-09,0.009714611676219231,-0.003594338295341832
rf,y_BTC-USD,8,2025-02-09,0.009714611676219231,-0.005481655587798764
rf,y_BTC-USD,9,2025-02-09,0.009714611676219231,-0.0011922521991924876
rf,y_BTC-USD,7,2025-02-10,-0.017345724709743937,-0.0019583428475600756
rf,y_BTC-USD,8,2025-02-10,-0.017345724709743937,-0.002331762231240551
rf,y_BTC-USD,9,2025-02-10,-0.017345724709743937,-0.005540294388984612
rf,y_BTC-USD,7,2025-02-11,0.02233406885677658,-0.011156585940509677
rf,y_BTC-USD,8,2025-02-11,0.02233406885677658,-0.010334211895146809
rf,y_BTC-USD,9,2025-02-11,0.02233406885677658,-0.006178222105274126
rf,y_BTC-USD,7,2025-02-12,-0.012892487184132717,0.0037459916328188144
rf,y_BTC-USD,8,2025-02-12,-0.012892487184132717,0.0029377687706803423
rf,y_BTC-USD,9,2025-02-12,-0.012892487184132717,0.0017383365888383278
rf,y_BTC-USD,7,2025-02-13,0.009160278803397981,-0.0031946939641157718
rf,y_BTC-USD,8,2025-02-13,0.009160278803397981,0.0003116555234950423
rf,y_BTC-USD,9,2025-02-13,0.009160278803397981,-0.008366712827824252
rf,y_BTC-USD,7,2025-02-14,0.0007320640697474623,-0.0013402109346860333
rf,y_BTC-USD,8,2025-02-14,0.0007320640697474623,0.0024406118697634527
rf,y_BTC-USD,9,2025-02-14,0.0007320640697474623,-0.010573670694421673
rf,y_BTC-USD,7,2025-02-15,-0.014401672980240199,-0.005016502759823813
rf,y_BTC-USD,8,2025-02-15,-0.014401672980240199,-0.012154449250612032
rf,y_BTC-USD,9,2025-02-15,-0.014401672980240199,-0.0028625954350182522
rf,y_BTC-USD,7,2025-02-16,-0.004176223623530095,-0.001530478219202904
rf,y_BTC-USD,8,2025-02-16,-0.004176223623530095,0.0001731341292205507
rf,y_BTC-USD,9,2025-02-16,-0.004176223623530095,0.003842069426169383
rf,y_BTC-USD,7,2025-02-17,-0.0024415545387781457,0.007876292730520762
rf,y_BTC-USD,8,2025-02-17,-0.0024415545387781457,0.00658575647235594
rf,y_BTC-USD,9,2025-02-17,-0.0024415545387781457,0.0010932880025075994
rf,y_BTC-USD,7,2025-02-18,0.011472343504350446,0.0013508604967372875
rf,y_BTC-USD,8,2025-02-18,0.011472343504350446,0.0022985210681477604
rf,y_BTC-USD,9,2025-02-18,0.011472343504350446,0.004149107051503824
rf,y_BTC-USD,7,2025-02-19,0.017574558032842136,0.003207892852040327
rf,y_BTC-USD,8,2025-02-19,0.017574558032842136,0.0013219063273565645
rf,y_BTC-USD,9,2025-02-19,0.017574558032842136,0.0010627655727724282
rf,y_BTC-USD,7,2025-02-20,-0.02245807176184722,0.004934658867401752
rf,y_BTC-USD,8,2025-02-20,-0.02245807176184722,0.004807492903823185
rf,y_BTC-USD,9,2025-02-20,-0.02245807176184722,0.006965759728231102
rf,y_BTC-USD,7,2025-02-21,0.0047043783073406065,0.01116316832731279
rf,y_BTC-USD,8,2025-02-21,0.0047043783073406065,0.009756450119769776
rf,y_BTC-USD,9,2025-02-21,0.0047043783073406065,0.01150189555762407
rf,y_BTC-USD,7,2025-02-22,-0.0031460239332733453,0.005778794501394316
rf,y_BTC-USD,8,2025-02-22,-0.0031460239332733453,0.009806011992680578
rf,y_BTC-USD,9,2025-02-22,-0.0031460239332733453,0.006797105426833904
rf,y_BTC-USD,7,2025-02-23,-0.05043681513571874,0.005372407040400493
rf,y_BTC-USD,8,2025-02-23,-0.05043681513571874,0.004356212633909954
rf,y_BTC-USD,9,2025-02-23,-0.05043681513571874,0.00644675975047508
rf,y_BTC-USD,7,2025-02-24,-0.029337712021491935,-0.004273669802385747
rf,y_BTC-USD,8,2025-02-24,-0.029337712021491935,-0.004658898906767233
rf,y_BTC-USD,9,2025-02-24,-0.029337712021491935,-0.00449343965744699
rf,y_BTC-USD,7,2025-02-25,-0.04946290046952739,0.0006389715178347429
rf,y_BTC-USD,8,2025-02-25,-0.04946290046952739,0.002585583152176631
rf,y_BTC-USD,9,2025-02-25,-0.04946290046952739,0.004490703174191026
rf,y_BTC-USD,7,2025-02-26,0.004234922709094535,0.005180619815022191
rf,y_BTC-USD,8,2025-02-26,0.004234922709094535,0.006354553883936979
rf,y_BTC-USD,9,2025-02-26,0.004234922709094535,0.008838664154240823
rf,y_BTC-USD,7,2025-02-27,-0.003910297790814532,-0.008493395159738161
rf,y_BTC-USD,8,2025-02-27,-0.003910297790814532,-0.00612594262938925
rf,y_BTC-USD,9,2025-02-27,-0.003910297790814532,-0.0026496026781710103
rf,y_BTC-USD,7,2025-02-28,0.019661575342751147,0.006975609923038441
rf,y_BTC-USD,8,2025-02-28,0.019661575342751147,0.00035239706105885763
rf,y_BTC-USD,9,2025-02-28,0.019661575342751147,0.0026634868259958052
rf,y_BTC-USD,8,2025-03-01,0.09550452979612856,0.0077823856273605595
rf,y_BTC-USD,9,2025-03-01,0.09550452979612856,0.006482962800353344
rf,y_BTC-USD,10,2025-03-01,0.09550452979612856,0.00924796409620292
rf,y_BTC-USD,8,2025-03-03,0.013437685575495406,0.0031461645057485324
rf,y_BTC-USD,9,2025-03-03,0.013437685575495406,0.004631923240081626
rf,y_BTC-USD,10,2025-03-03,0.013437685575495406,-0.0022287103828349335
rf,y_BTC-USD,8,2025-03-04,0.03899657851208138,-0.0012182657158276951
rf,y_BTC-USD,9,2025-03-04,0.03899657851208138,-0.001504934391487822
rf,y_BTC-USD,10,2025-03-04,0.03899657851208138,-6.601713540828243e-05
rf,y_BTC-USD,8,2025-03-05,-0.007303133084179958,-0.005727139742862238
rf,y_BTC-USD,9,2025-03-05,-0.007303133084179958,-0.0020561624967004467
rf,y_BTC-USD,10,2025-03-05,-0.007303133084179958,-0.0037292495001910305
rf,y_BTC-USD,8,2025-03-06,-0.0357824911826653,0.0018541444062041223
rf,y_BTC-USD,9,2025-03-06,-0.0357824911826653,0.0018973116365944343
rf,y_BTC-USD,10,2025-03-06,-0.0357824911826653,0.0012880513554786172
rf,y_BTC-USD,8,2025-03-07,-0.006779571257010009,0.005193844046478389
rf,y_BTC-USD,9,2025-03-07,-0.006779571257010009,0.0024955424942251234
rf,y_BTC-USD,10,2025-03-07,-0.006779571257010009,0.007416786463394344
rf,y_BTC-USD,8,2025-03-08,-0.0644603432710168,0.005247245977576725
rf,y_BTC-USD,9,2025-03-08,-0.0644603432710168,0.004620114127189224
rf,y_BTC-USD,10,2025-03-08,-0.0644603432710168,0.005191651858027523
rf,y_BTC-USD,8,2025-03-09,-0.02567012890361897,0.0009438965529456093
rf,y_BTC-USD,9,2025-03-09,-0.02567012890361897,0.0020566862119592772
rf,y_BTC-USD,10,2025-03-09,-0.02567012890361897,0.0006669346366767082
rf,y_BTC-USD,8,2025-03-10,0.05513944554449135,0.01651981086234148
rf,y_BTC-USD,9,2025-03-10,0.05513944554449135,0.020695530156035875
rf,y_BTC-USD,10,2025-03-10,0.05513944554449135,0.016052544284703932
rf,y_BTC-USD,8,2025-03-11,0.010380466895202334,-0.006521778385296144
rf,y_BTC-USD,9,2025-03-11,0.010380466895202334,-0.007794164003553873
rf,y_BTC-USD,10,2025-03-11,0.010380466895202334,-0.006569493504638829
rf,y_BTC-USD,8,2025-03-12,-0.0317197970748182,-0.009396352644607305
rf,y_BTC-USD,9,2025-03-12,-0.0317197970748182,-0.005172789542734115
rf,y_BTC-USD,10,2025-03-12,-0.0317197970748182,-0.00461705545063982
rf,y_BTC-USD,8,2025-03-13,0.03580259620308812,-0.0017500636777848652
rf,y_BTC-USD,9,2025-03-13,0.03580259620308812,-0.007324321714989727
rf,y_BTC-USD,10,2025-03-13,0.03580259620308812,-0.0009226327146268439
rf,y_BTC-USD,8,2025-03-14,0.004454112352525463,0.0060043683340100604
rf,y_BTC-USD,9,2025-03-14,0.004454112352525463,0.0015639868932763507
rf,y_BTC-USD,10,2025-03-14,0.004454112352525463,-0.0022601203326814913
rf,y_BTC-USD,8,2025-03-15,-0.020907717157540473,0.009226566160035346
rf,y_BTC-USD,9,2025-03-15,-0.020907717157540473,0.012057614551293956
rf,y_BTC-USD,10,2025-03-15,-0.020907717157540473,0.009467122622063189
rf,y_BTC-USD,8,2025-03-16,0.018115835083536647,0.0038307151627740028
rf,y_BTC-USD,9,2025-03-16,0.018115835083536647,0.005873996229779713
rf,y_BTC-USD,10,2025-03-16,0.018115835083536647,0.00019844013358747044
rf,y_BTC-USD,8,2025-03-17,-0.016142449028442418,-0.00016609134265559896
rf,y_BTC-USD,9,2025-03-17,-0.016142449028442418,-0.00012886205425001834
rf,y_BTC-USD,10,2025-03-17,-0.016142449028442418,-0.0051401427243062785
rf,y_BTC-USD,8,2025-03-18,0.049997601050550955,0.0007926977039154107
rf,y_BTC-USD,9,2025-03-18,0.049997601050550955,-0.002500730534410999
rf,y_BTC-USD,10,2025-03-18,0.049997601050550955,0.004093816089709932
rf,y_BTC-USD,8,2025-03-19,-0.030937253791171848,0.007071233745547908
rf,y_BTC-USD,9,2025-03-19,-0.030937253791171848,0.00787077950293603
rf,y_BTC-USD,10,2025-03-19,-0.030937253791171848,0.006075820230048806
rf,y_BTC-USD,8,2025-03-20,-0.0014727011460912154,0.00982026498717351
rf,y_BTC-USD,9,2025-03-20,-0.0014727011460912154,0.0037961338815657394
rf,y_BTC-USD,10,2025-03-20,-0.0014727011460912154,0.006640912315012451
rf,y_BTC-USD,8,2025-03-21,-0.0025077306278807887,0.0021271397284887677
rf,y_BTC-USD,9,2025-03-21,-0.0025077306278807887,-0.0005087331463735828
rf,y_BTC-USD,10,2025-03-21,-0.0025077306278807887,0.004496156901016027
rf,y_BTC-USD,9,2025-03-22,0.026503933905394295,0.0008301860756042954
rf,y_BTC-USD,10,2025-03-22,0.026503933905394295,-0.0011318556327116018
rf,y_BTC-USD,11,2025-03-22,0.026503933905394295,0.0014091229516951492
rf,y_BTC-USD,9,2025-03-23,0.016786352378946434,0.003066431437027195
rf,y_BTC-USD,10,2025-03-23,0.016786352378946434,-0.00018031164268966505
rf,y_BTC-USD,11,2025-03-23,0.016786352378946434,0.0003646025585685312
rf,y_BTC-USD,9,2025-03-24,-0.0003109860024155253,0.005579097586121163
rf,y_BTC-USD,10,2025-03-24,-0.0003109860024155253,0.007019466913818225
rf,y_BTC-USD,11,2025-03-24,-0.0003109860024155253,0.006838731277760092
rf,y_BTC-USD,9,2025-03-25,-0.00652577110204744,0.0010512280594720878
rf,y_BTC-USD,10,2025-03-25,-0.00652577110204744,-0.0009006099359576164
rf,y_BTC-USD,11,2025-03-25,-0.00652577110204744,-0.0035048864909304135
rf,y_BTC-USD,9,2025-03-26,0.003178549412391707,0.0003866634252422692
rf,y_BTC-USD,10,2025-03-26,0.003178549412391707,-0.0005724436823219057
rf,y_BTC-USD,11,2025-03-26,0.003178549412391707,0.00364395650982507
rf,y_BTC-USD,9,2025-03-27,-0.032393289916566204,0.0008441910137422441
rf,y_BTC-USD,10,2025-03-27,-0.032393289916566204,0.005931565556072754
rf,y_BTC-USD,11,2025-03-27,-0.032393289916566204,0.0004680964668769392
rf,y_BTC-USD,9,2025-03-28,-0.020812056603918605,-0.000725679705717187
rf,y_BTC-USD,10,2025-03-28,-0.020812056603918605,0.00010169135874117755
rf,y_BTC-USD,11,2025-03-28,-0.020812056603918605,-0.004017386549140226
rf,y_BTC-USD,9,2025-03-29,-0.0031848691098436133,-0.0014327261897454442
rf,y_BTC-USD,10,2025-03-29,-0.0031848691098436133,-0.0032601033858109278
rf,y_BTC-USD,11,2025-03-29,-0.0031848691098436133,-0.005085391922218698
rf,y_BTC-USD,9,2025-03-30,0.0026038970780313253,0.0006060996568013899
rf,y_BTC-USD,10,2025-03-30,0.0026038970780313253,0.001909345645116836
rf,y_BTC-USD,11,2025-03-30,0.0026038970780313253,0.0011833863572954914
rf,y_BTC-USD,9,2025-03-31,0.0317418810684309,0.005332048503426379
rf,y_BTC-USD,10,2025-03-31,0.0317418810684309,0.00637643778328375
rf,y_BTC-USD,11,2025-03-31,0.0317418810684309,0.009836720657544337
rf,y_BTC-USD,9,2025-04-01,-0.031507420800550134,0.00953384477469883
rf,y_BTC-USD,10,2025-04-01,-0.031507420800550134,0.008229147952785648
rf,y_BTC-USD,11,2025-04-01,-0.031507420800550134,3.6211724926427104e-05
rf,y_BTC-USD,9,2025-04-02,0.007481504135517403,0.03540319463024448
rf,y_BTC-USD,10,2025-04-02,0.007481504135517403,0.02213037429437732
rf,y_BTC-USD,11,2025-04-02,0.007481504135517403,0.03202361635376285
rf,y_BTC-USD,9,2025-04-03,0.008916382019940938,0.00673401989882209
rf,y_BTC-USD,10,2025-04-03,0.008916382019940938,0.006709584953337858
rf,y_BTC-USD,11,2025-04-03,0.008916382019940938,0.01166597156374145
rf,y_BTC-USD,9,2025-04-04,-0.004043325726492686,0.0014922251250658344
rf,y_BTC-USD,10,2025-04-04,-0.004043325726492686,0.00836174575240835
rf,y_BTC-USD,11,2025-04-04,-0.004043325726492686,0.005528713656632727
rf,y_BTC-USD,9,2025-04-05,-0.06335339642726368,0.0016987301618237073
rf,y_BTC-USD,10,2025-04-05,-0.06335339642726368,0.0031406988914339405
rf,y_BTC-USD,11,2025-04-05,-0.06335339642726368,-0.0008919128092576713
rf,y_BTC-USD,9,2025-04-06,0.013051950296130821,0.004230563582961075
rf,y_BTC-USD,10,2025-04-06,0.013051950296130821,0.006711827143702818
rf,y_BTC-USD,11,2025-04-06,0.013051950296130821,0.006982525487999882
rf,y_BTC-USD,9,2025-04-07,-0.03739976334343409,0.0016954088137144468
rf,y_BTC-USD,10,2025-04-07,-0.03739976334343409,0.00931604764031254
rf,y_BTC-USD,11,2025-04-07,-0.03739976334343409,0.01051695325784518
rf,y_BTC-USD,9,2025-04-08,0.0826253916648998,-0.0006671407258979134
rf,y_BTC-USD,10,2025-04-08,0.0826253916648998,0.004495551843015663
rf,y_BTC-USD,11,2025-04-08,0.0826253916648998,-0.0006890472293227636
rf,y_BTC-USD,9,2025-04-09,-0.0356990599146636,0.006750363867804939
rf,y_BTC-USD,10,2025-04-09,-0.0356990599146636,0.005597576198879888
rf,y_BTC-USD,11,2025-04-09,-0.0356990599146636,0.004631180129768531
rf,y_BTC-USD,9,2025-04-10,0.04745546227457886,0.0038381480933453735
rf,y_BTC-USD,10,2025-04-10,0.04745546227457886,-0.00141988619596418
rf,y_BTC-USD,11,2025-04-10,0.04745546227457886,-0.004873474155259491
rf,y_BTC-USD,10,2025-04-11,0.022567917271733462,-0.003371021053483352
rf,y_BTC-USD,11,2025-04-11,0.022567917271733462,-0.0038286028404356715
rf,y_BTC-USD,12,2025-04-11,0.022567917271733462,0.0007098518135423096
rf,y_BTC-USD,10,2025-04-12,-0.01878516957885823,0.006803859315434868
rf,y_BTC-USD,11,2025-04-12,-0.01878516957885823,0.004001036288344956
rf,y_BTC-USD,12,2025-04-12,-0.01878516957885823,0.0019870406315104596
rf,y_BTC-USD,10,2025-04-13,0.010245734631468162,-0.006064763164994449
rf,y_BTC-USD,11,2025-04-13,0.010245734631468162,-0.009089321311391533
rf,y_BTC-USD,12,2025-04-13,0.010245734631468162,-0.011967387250077455
rf,y_BTC-USD,10,2025-04-14,-0.01033089354397465,0.00849781614332725
rf,y_BTC-USD,11,2025-04-14,-0.01033089354397465,0.005628325798416821
rf,y_BTC-USD,12,2025-04-14,-0.01033089354397465,0.0010823873431463848
rf,y_BTC-USD,10,2025-04-15,0.004360934564412222,0.004221190720555807
rf,y_BTC-USD,11,2025-04-15,0.004360934564412222,-0.005293985978271214
rf,y_BTC-USD,12,2025-04-15,0.004360934564412222,-0.0005987549392516658
rf,y_BTC-USD,10,2025-04-16,0.01025637449930672,0.0005495598614355927
rf,y_BTC-USD,11,2025-04-16,0.01025637449930672,0.001989411182011394
rf,y_BTC-USD,12,2025-04-16,0.01025637449930672,0.004398400488560949
rf,y_BTC-USD,10,2025-04-17,-0.005241078764249063,0.0031130163871210437
rf,y_BTC-USD,11,2025-04-17,-0.005241078764249063,0.003434250769427462
rf,y_BTC-USD,12,2025-04-17,-0.005241078764249063,0.0006079933639995279
rf,y_BTC-USD,10,2025-04-18,0.007254038339443714,0.0008780259706857205
rf,y_BTC-USD,11,2025-04-18,0.007254038339443714,5.656612341721952e-06
rf,y_BTC-USD,12,2025-04-18,0.007254038339443714,0.004888740967996281
rf,y_BTC-USD,10,2025-04-21,0.06767662701452015,0.005349699521508183
rf,y_BTC-USD,11,2025-04-21,0.06767662701452015,0.00471225385746984
rf,y_BTC-USD,12,2025-04-21,0.06767662701452015,0.0035721224123954555
rf,y_BTC-USD,10,2025-04-22,0.0027527134594511615,0.006792092666268421
rf,y_BTC-USD,11,2025-04-22,0.0027527134594511615,0.004001525987186972
rf,y_BTC-USD,12,2025-04-22,0.0027527134594511615,0.0059030212454811775
rf,y_BTC-USD,10,2025-04-23,0.0026114175645013393,0.0030627780331513236
rf,y_BTC-USD,11,2025-04-23,0.0026114175645013393,0.004875339837843321
rf,y_BTC-USD,12,2025-04-23,0.0026114175645013393,0.002981699767421067
rf,y_BTC-USD,10,2025-04-24,0.008267742531563593,-0.003053249487552446
rf,y_BTC-USD,11,2025-04-24,0.008267742531563593,-0.0019347367158155566
rf,y_BTC-USD,12,2025-04-24,0.008267742531563593,-0.0036123587633632224
rf,y_BTC-USD,10,2025-04-25,-0.0007767095032226168,0.0004578194072660672
rf,y_BTC-USD,11,2025-04-25,-0.0007767095032226168,0.002903210272764702
rf,y_BTC-USD,12,2025-04-25,-0.0007767095032226168,0.0023298827267238986
rf,y_BTC-USD,10,2025-04-26,-0.00942540809771053,0.005538452991185755
rf,y_BTC-USD,11,2025-04-26,-0.00942540809771053,0.01178411354704844
rf,y_BTC-USD,12,2025-04-26,-0.00942540809771053,0.005614264941667817
rf,y_BTC-USD,10,2025-04-27,0.013054325526514532,-0.002920914334285325
rf,y_BTC-USD,11,2025-04-27,0.013054325526514532,-0.006885552824692856
rf,y_BTC-USD,12,2025-04-27,0.013054325526514532,-0.010916394754265568
rf,y_BTC-USD,10,2025-04-28,-0.007306486319308303,0.004480456532228742
rf,y_BTC-USD,11,2025-04-28,-0.007306486319308303,9.593894727787748e-05
rf,y_BTC-USD,12,2025-04-28,-0.007306486319308303,0.0002711600593700921
rf,y_BTC-USD,10,2025-04-29,-0.0008217291810309613,0.006770707614441494
rf,y_BTC-USD,11,2025-04-29,-0.0008217291810309613,0.00142557546699854
rf,y_BTC-USD,12,2025-04-29,-0.0008217291810309613,0.0018271730453286495
rf,y_BTC-USD,10,2025-04-30,0.02425526614507767,-0.006737920768030399
rf,y_BTC-USD,11,2025-04-30,0.02425526614507767,-0.003118479184827805
rf,y_BTC-USD,12,2025-04-30,0.02425526614507767,-0.0027917628723572083
rf,y_BTC-USD,10,2025-05-01,0.0043291974532626565,-0.012857400782117187
rf,y_BTC-USD,11,2025-05-01,0.0043291974532626565,-0.007094660464325676
rf,y_BTC-USD,12,2025-05-01,0.0043291974532626565,-0.006365782635414396
rf,y_BTC-USD,10,2025-05-02,-0.010507405827035687,-0.0021326950245461663
rf,y_BTC-USD,11,2025-05-02,-0.010507405827035687,0.00042718287743207515
rf,y_BTC-USD,12,2025-05-02,-0.010507405827035687,0.0026523001300508674
rf,y_BTC-USD,11,2025-05-04,0.0045811763897039,0.0028777177939315604
rf,y_BTC-USD,12,2025-05-04,0.0045811763897039,-0.0029678878067541077
rf,y_BTC-USD,13,2025-05-04,0.0045811763897039,-0.00156587566728702
rf,y_BTC-USD,11,2025-05-05,0.02168299794413664,0.00016467440520201345
rf,y_BTC-USD,12,2025-05-05,0.02168299794413664,0.0018387057291224215
rf,y_BTC-USD,13,2025-05-05,0.02168299794413664,0.001234320772986039
rf,y_BTC-USD,11,2025-05-06,0.0023743581586117557,-0.004794506498697917
rf,y_BTC-USD,12,2025-05-06,0.0023743581586117557,-0.001674666453513618
rf,y_BTC-USD,13,2025-05-06,0.0023743581586117557,-0.0057249760143150506
rf,y_BTC-USD,11,2025-05-07,0.06399043746457878,-0.004958049473094947
rf,y_BTC-USD,12,2025-05-07,0.06399043746457878,0.0004592248450795718
rf,y_BTC-USD,13,2025-05-07,0.06399043746457878,0.0001397720029819527
rf,y_BTC-USD,11,2025-05-08,-0.002621130818400763,0.01015942019126406
rf,y_BTC-USD,12,2025-05-08,-0.002621130818400763,0.004387791435549632
rf,y_BTC-USD,13,2025-05-08,-0.002621130818400763,0.004761514570091196
rf,y_BTC-USD,11,2025-05-09,0.016756941758927724,-0.004270377980774013
rf,y_BTC-USD,12,2025-05-09,0.016756941758927724,-0.0008264067646033046
rf,y_BTC-USD,13,2025-05-09,0.016756941758927724,-0.0052730912886793675
rf,y_BTC-USD,11,2025-05-10,-0.005635047193781384,0.0012104335138431361
rf,y_BTC-USD,12,2025-05-10,-0.005635047193781384,0.006482924527896817
rf,y_BTC-USD,13,2025-05-10,-0.005635047193781384,0.00905826381636292
rf,y_BTC-USD,11,2025-05-11,-0.01242389281274392,0.0011639683343986518
rf,y_BTC-USD,12,2025-05-11,-0.01242389281274392,-0.0033369467974536985
rf,y_BTC-USD,13,2025-05-11,-0.01242389281274392,-0.0018547916913316947
rf,y_BTC-USD,11,2025-05-12,0.013197358248725033,0.0013099530731411624
rf,y_BTC-USD,12,2025-05-12,0.013197358248725033,-0.0034733548938884733
rf,y_BTC-USD,13,2025-05-12,0.013197358248725033,-0.0035245211608905683
rf,y_BTC-USD,11,2025-05-13,-0.006051642240404331,0.005829941311679356
rf,y_BTC-USD,12,2025-05-13,-0.006051642240404331,0.002360351329322947
rf,y_BTC-USD,13,2025-05-13,-0.006051642240404331,0.007377039213137078
rf,y_BTC-USD,11,2025-05-14,0.00198211052629782,-0.0023461407962216767
rf,y_BTC-USD,12,2025-05-14,0.00198211052629782,-0.0014593793864573332
rf,y_BTC-USD,13,2025-05-14,0.00198211052629782,0.0006670575205844659
rf,y_BTC-USD,11,2025-05-15,-0.0024613470244020386,-0.002203354247831056
rf,y_BTC-USD,12,2025-05-15,-0.0024613470244020386,0.0005914636088909658
rf,y_BTC-USD,13,2025-05-15,-0.0024613470244020386,0.0007328875680565182
rf,y_BTC-USD,11,2025-05-16,-0.0028814878109744146,-0.0024705232266615767
rf,y_BTC-USD,12,2025-05-16,-0.0028814878109744146,0.0012088487397846986
rf,y_BTC-USD,13,2025-05-16,-0.0028814878109744146,-0.0013389181109341767
rf,y_BTC-USD,11,2025-05-17,0.03154266519659865,0.006009936877728146
rf,y_BTC-USD,12,2025-05-17,0.03154266519659865,0.006396564143803477
rf,y_BTC-USD,13,2025-05-17,0.03154266519659865,0.0052359337005189795
rf,y_BTC-USD,11,2025-05-19,0.011220046530480143,-0.001817099689742214
rf,y_BTC-USD,12,2025-05-19,0.011220046530480143,-0.00052195318593025
rf,y_BTC-USD,13,2025-05-19,0.011220046530480143,0.006347984920167331
rf,y_BTC-USD,11,2025-05-20,0.027034018449719976,-0.007495533940562111
rf,y_BTC-USD,12,2025-05-20,0.027034018449719976,-0.001688259946450126
rf,y_BTC-USD,13,2025-05-20,0.027034018449719976,-0.004473636578823841
rf,y_BTC-USD,11,2025-05-21,0.018191448638679386,0.0026961262254707316
rf,y_BTC-USD,12,2025-05-21,0.018191448638679386,0.0007913220607046957
rf,y_BTC-USD,13,2025-05-21,0.018191448638679386,-0.0028550832084241213
rf,y_BTC-USD,11,2025-05-22,-0.03927066820202352,-0.0008956918797883814
rf,y_BTC-USD,12,2025-05-22,-0.03927066820202352,0.003285303418992348
rf,y_BTC-USD,13,2025-05-22,-0.03927066820202352,0.0033059899894720348
rf,y_BTC-USD,11,2025-05-23,0.004691674073487251,0.0023086325216267827
rf,y_BTC-USD,12,2025-05-23,0.004691674073487251,0.0014045685142290293
rf,y_BTC-USD,13,2025-05-23,0.004691674073487251,0.0021607012592936054
rf,y_BTC-USD,11,2025-05-24,0.011543009819045436,0.002373660290365011
rf,y_BTC-USD,12,2025-05-24,0.011543009819045436,-0.0005336890575776299
rf,y_BTC-USD,13,2025-05-24,0.011543009819045436,0.003152750886302058
rf,y_BTC-USD,12,2025-05-26,-0.004072780217708405,-0.004265221366242442
rf,y_BTC-USD,13,2025-05-26,-0.004072780217708405,0.000847910096855035
rf,y_BTC-USD,14,2025-05-26,-0.004072780217708405,-0.0071795790414745176
rf,y_BTC-USD,12,2025-05-27,-0.010939184653144474,0.0068312264201671
rf,y_BTC-USD,13,2025-05-27,-0.010939184653144474,0.007446843690898023
rf,y_BTC-USD,14,2025-05-27,-0.010939184653144474,0.009321524002420463
rf,y_BTC-USD,12,2025-05-28,-0.020041963379443528,0.009872432707143759
rf,y_BTC-USD,13,2025-05-28,-0.020041963379443528,0.012566782762347066
rf,y_BTC-USD,14,2025-05-28,-0.020041963379443528,0.011774764251205655
rf,y_BTC-USD,12,2025-05-29,-0.015554336978341854,0.0037252376983484925
rf,y_BTC-USD,13,2025-05-29,-0.015554336978341854,-0.0007610966976914223
rf,y_BTC-USD,14,2025-05-29,-0.015554336978341854,0.003269566328521739
rf,y_BTC-USD,12,2025-05-30,0.006149348357177731,0.004261289076401115
rf,y_BTC-USD,13,2025-05-30,0.006149348357177731,0.001431853467138657
rf,y_BTC-USD,14,2025-05-30,0.006149348357177731,0.0011299899139560513
rf,y_BTC-USD,12,2025-05-31,0.009690618169351017,0.009826112195103653
rf,y_BTC-USD,13,2025-05-31,0.009690618169351017,0.013039043690518745
rf,y_BTC-USD,14,2025-05-31,0.009690618169351017,0.010010982950184195
rf,y_BTC-USD,12,2025-06-01,0.0021715582000447764,-0.006507669491168036
rf,y_BTC-USD,13,2025-06-01,0.0021715582000447764,-0.006352104534977517
rf,y_BTC-USD,14,2025-06-01,0.0021715582000447764,-0.0013914597608508151
rf,y_BTC-USD,12,2025-06-02,-0.004241178746647534,0.0005931134242526929
rf,y_BTC-USD,13,2025-06-02,-0.004241178746647534,-0.0012603724455762068
rf,y_BTC-USD,14,2025-06-02,-0.004241178746647534,-0.0008524318167248117
rf,y_BTC-USD,12,2025-06-03,-0.0066439151364365845,0.00281777940995169
rf,y_BTC-USD,13,2025-06-03,-0.0066439151364365845,0.007550657032916388
rf,y_BTC-USD,14,2025-06-03,-0.0066439151364365845,0.008562153764666675
rf,y_BTC-USD,12,2025-06-04,-0.030134359325224014,0.0037121800458524952
rf,y_BTC-USD,13,2025-06-04,-0.030134359325224014,0.003851629695477932
rf,y_BTC-USD,14,2025-06-04,-0.030134359325224014,-0.00029641761444431833
rf,y_BTC-USD,12,2025-06-05,0.027707252931573167,-0.0027398600471656254
rf,y_BTC-USD,13,2025-06-05,0.027707252931573167,0.001994653079953096
rf,y_BTC-USD,14,2025-06-05,0.027707252931573167,-0.0007389076401864721
rf,y_BTC-USD,12,2025-06-06,0.011737496074678777,0.0017671420202410896
rf,y_BTC-USD,13,2025-06-06,0.011737496074678777,0.001974625521742876
rf,y_BTC-USD,14,2025-06-06,0.011737496074678777,-0.0024760842841539694
rf,y_BTC-USD,12,2025-06-07,0.0016855786016509722,-0.024851094501580843
rf,y_BTC-USD,13,2025-06-07,0.0016855786016509722,-0.02162230005118489
rf,y_BTC-USD,14,2025-06-07,0.0016855786016509722,-0.03167464275092264
rf,y_BTC-USD,12,2025-06-08,0.04253991795791734,0.007414371549576724
rf,y_BTC-USD,13,2025-06-08,0.04253991795791734,0.0044168995866208285
rf,y_BTC-USD,14,2025-06-08,0.04253991795791734,0.0019111146914005958
rf,y_BTC-USD,12,2025-06-09,-0.0003342625487465778,-0.003304152113539314
rf,y_BTC-USD,13,2025-06-09,-0.0003342625487465778,-0.0030982591123014797
rf,y_BTC-USD,14,2025-06-09,-0.0003342625487465778,0.0001891719785158887
rf,y_BTC-USD,12,2025-06-10,-0.014244955298426398,-0.0024010523908483037
rf,y_BTC-USD,13,2025-06-10,-0.014244955298426398,0.002820687213526821
rf,y_BTC-USD,14,2025-06-10,-0.014244955298426398,-0.0001251527969914438
rf,y_BTC-USD,12,2025-06-11,-0.025371753999169577,-0.012497533713024245
rf,y_BTC-USD,13,2025-06-11,-0.025371753999169577,-0.012498297052869476
rf,y_BTC-USD,14,2025-06-11,-0.025371753999169577,-0.012616537310176286
rf,y_BTC-USD,12,2025-06-12,0.0015285141831733462,-0.00211136324716316
rf,y_BTC-USD,13,2025-06-12,0.0015285141831733462,-0.004770819144010703
rf,y_BTC-USD,14,2025-06-12,0.0015285141831733462,-0.0004548261660198653
rf,y_BTC-USD,12,2025-06-13,-0.0058304915798971235,0.0021410556217610873
rf,y_BTC-USD,13,2025-06-13,-0.0058304915798971235,-0.003263786969689377
rf,y_BTC-USD,14,2025-06-13,-0.0058304915798971235,0.0016327361041195642
rf,y_BTC-USD,12,2025-06-14,0.0007548627203146641,-0.013399999222084751
rf,y_BTC-USD,13,2025-06-14,0.0007548627203146641,-0.016171828249877927
rf,y_BTC-USD,14,2025-06-14,0.0007548627203146641,-0.024350165318551133
rf,y_BTC-USD,13,2025-07-02,0.007244728772290987,-0.003068125668569203
rf,y_BTC-USD,14,2025-07-02,0.007244728772290987,-0.00017691735240246882
rf,y_BTC-USD,15,2025-07-02,0.007244728772290987,-0.003086057782070849
rf,y_BTC-USD,13,2025-07-03,-0.014716556343200904,0.003830096256603806
rf,y_BTC-USD,14,2025-07-03,-0.014716556343200904,0.008965219122742361
rf,y_BTC-USD,15,2025-07-03,-0.014716556343200904,0.010842059359645505
rf,y_BTC-USD,13,2025-07-04,0.0018220480395592098,-0.005633746833355545
rf,y_BTC-USD,14,2025-07-04,0.0018220480395592098,0.0007311090642629026
rf,y_BTC-USD,15,2025-07-04,0.0018220480395592098,-0.008854278476316767
rf,y_BTC-USD,13,2025-07-05,0.009247710575546852,-0.016198498986584053
rf,y_BTC-USD,14,2025-07-05,0.009247710575546852,-0.024175537507888294
rf,y_BTC-USD,15,2025-07-05,0.009247710575546852,-0.027687488299327812
rf,y_BTC-USD,13,2025-07-06,-0.008534295352390808,-0.04046773363190748
rf,y_BTC-USD,14,2025-07-06,-0.008534295352390808,-0.04229700293302771
rf,y_BTC-USD,15,2025-07-06,-0.008534295352390808,-0.039929375243976176
rf,y_BTC-USD,13,2025-07-07,0.006005750382996888,0.0032560430909477395
rf,y_BTC-USD,14,2025-07-07,0.006005750382996888,0.0014124606235617816
rf,y_BTC-USD,15,2025-07-07,0.006005750382996888,0.0004467796639934768
rf,y_BTC-USD,13,2025-07-08,0.021810695604753683,0.0036606703615876895
rf,y_BTC-USD,14,2025-07-08,0.021810695604753683,0.004329128271020911
rf,y_BTC-USD,15,2025-07-08,0.021810695604753683,0.005425613676668282
rf,y_BTC-USD,13,2025-07-09,0.041864660687494615,0.01063937284968622
rf,y_BTC-USD,14,2025-07-09,0.041864660687494615,0.007706631343481796
rf,y_BTC-USD,15,2025-07-09,0.041864660687494615,0.007782326876977908
rf,y_BTC-USD,13,2025-07-10,0.013189291760499877,-0.0009069750731039688
rf,y_BTC-USD,14,2025-07-10,0.013189291760499877,0.0017323187407429811
rf,y_BTC-USD,15,2025-07-10,0.013189291760499877,-0.0014367071726628378
rf,y_BTC-USD,13,2025-07-13,0.006158578325259345,-0.011601127042223734
rf,y_BTC-USD,14,2025-07-13,0.006158578325259345,-0.009697634205116604
rf,y_BTC-USD,15,2025-07-13,0.006158578325259345,-0.004582703607205004
rf,y_BTC-USD,13,2025-07-14,-0.01729262210051885,-0.008883001430619505
rf,y_BTC-USD,14,2025-07-14,-0.01729262210051885,-0.0022559269532860093
rf,y_BTC-USD,15,2025-07-14,-0.01729262210051885,0.005646313301439886
rf,y_BTC-USD,13,2025-07-15,0.00816219450392297,-0.0023253031172533506
rf,y_BTC-USD,14,2025-07-15,0.00816219450392297,0.00020979071037787548
rf,y_BTC-USD,15,2025-07-15,0.00816219450392297,-0.0006151441448360282
rf,y_BTC-USD,13,2025-07-16,0.004643278306736054,0.004388587098822376
rf,y_BTC-USD,14,2025-07-16,0.004643278306736054,0.0073518254039845144
rf,y_BTC-USD,15,2025-07-16,0.004643278306736054,0.005736544160847563
rf,y_BTC-USD,13,2025-07-17,-0.01078563897020779,-0.00033206906012503884
rf,y_BTC-USD,14,2025-07-17,-0.01078563897020779,-0.0008049374443318222
rf,y_BTC-USD,15,2025-07-17,-0.01078563897020779,-0.003722956738725777
rf,y_BTC-USD,13,2025-07-18,-0.0005360022928398989,-0.0018308055407687956
rf,y_BTC-USD,14,2025-07-18,-0.0005360022928398989,0.004669432685865127
rf,y_BTC-USD,15,2025-07-18,-0.0005360022928398989,0.0008135055502765489
rf,y_BTC-USD,13,2025-07-19,-0.00541960002562214,0.0135567537726043
rf,y_BTC-USD,14,2025-07-19,-0.00541960002562214,0.01154884648348986
rf,y_BTC-USD,15,2025-07-19,-0.00541960002562214,0.010414848984664134
rf,y_BTC-USD,13,2025-07-20,0.0011828564931994912,0.002515055308815542
rf,y_BTC-USD,14,2025-07-20,0.0011828564931994912,0.007568949327343768
rf,y_BTC-USD,15,2025-07-20,0.0011828564931994912,0.007752450445335556
rf,y_BTC-USD,13,2025-07-21,0.02176332622218302,-0.0002795210037405469
rf,y_BTC-USD,14,2025-07-21,0.02176332622218302,-0.003328079433619606
rf,y_BTC-USD,15,2025-07-21,0.02176332622218302,-0.006426009227444273
rf,y_BTC-USD,13,2025-07-22,-0.010337504434577038,0.00427607647227921
rf,y_BTC-USD,14,2025-07-22,-0.010337504434577038,0.0017295017811082198
rf,y_BTC-USD,15,2025-07-22,-0.010337504434577038,0.002458786845606998
rf,y_BTC-USD,13,2025-07-23,-0.0032584822936673197,0.0047587463142699064
rf,y_BTC-USD,14,2025-07-23,-0.0032584822936673197,0.00010631717580370791
rf,y_BTC-USD,15,2025-07-23,-0.0032584822936673197,0.002697842587890151
rf,y_BTC-USD,14,2025-07-24,-0.006185093838706357,0.0023065622213873935
rf,y_BTC-USD,15,2025-07-24,-0.006185093838706357,0.0023294576983619217
rf,y_BTC-USD,16,2025-07-24,-0.006185093838706357,0.0016502559252610071
rf,y_BTC-USD,14,2025-07-25,0.002647868724685587,0.004550635332517819
rf,y_BTC-USD,15,2025-07-25,0.002647868724685587,0.004959146612868745
rf,y_BTC-USD,16,2025-07-25,0.002647868724685587,0.001611192893638998
rf,y_BTC-USD,14,2025-07-26,0.012727075099638885,-0.0011465930457776098
rf,y_BTC-USD,15,2025-07-26,0.012727075099638885,-0.00010815191696668577
rf,y_BTC-USD,16,2025-07-26,0.012727075099638885,-0.0033553447341599743
rf,y_BTC-USD,14,2025-07-27,-0.012758768211219684,-4.0558004806189504e-05
rf,y_BTC-USD,15,2025-07-27,-0.012758768211219684,0.00026475549802625157
rf,y_BTC-USD,16,2025-07-27,-0.012758768211219684,-0.001439058351844489
rf,y_BTC-USD,14,2025-07-28,-1.9742508661990676e-05,0.0028314434755258413
rf,y_BTC-USD,15,2025-07-28,-1.9742508661990676e-05,-0.0032940877934473875
rf,y_BTC-USD,16,2025-07-28,-1.9742508661990676e-05,-0.004147226017212464
rf,y_BTC-USD,14,2025-07-29,-0.0007713643170961237,0.0019277496563411517
rf,y_BTC-USD,15,2025-07-29,-0.0007713643170961237,-0.0014580998219720532
rf,y_BTC-USD,16,2025-07-29,-0.0007713643170961237,0.0020335436926898183
rf,y_BTC-USD,14,2025-07-30,-0.017592832754910526,0.006884953679455495
rf,y_BTC-USD,15,2025-07-30,-0.017592832754910526,-0.0017561198376176415
rf,y_BTC-USD,16,2025-07-30,-0.017592832754910526,0.0013376921514130715
rf,y_BTC-USD,14,2025-07-31,-0.021062154747402473,0.005022709824786114
rf,y_BTC-USD,15,2025-07-31,-0.021062154747402473,0.008214448232444034
rf,y_BTC-USD,16,2025-07-31,-0.021062154747402473,0.005661944743295576
rf,y_BTC-USD,14,2025-08-01,-0.006999393518263508,0.004203993168158739
rf,y_BTC-USD,15,2025-08-01,-0.006999393518263508,-0.0009285019143716155
rf,y_BTC-USD,16,2025-08-01,-0.006999393518263508,-0.003240838948329336
rf,y_BTC-USD,14,2025-08-02,0.015025363723748075,-0.00018642599215197193
rf,y_BTC-USD,15,2025-08-02,0.015025363723748075,-0.002382165262543414
rf,y_BTC-USD,16,2025-08-02,0.015025363723748075,-0.004686456791213355
rf,y_BTC-USD,14,2025-08-03,0.007478798363486527,0.0005257626059686383
rf,y_BTC-USD,15,2025-08-03,0.007478798363486527,0.004935469489399757
rf,y_BTC-USD,16,2025-08-03,0.007478798363486527,0.006354802173331572
rf,y_BTC-USD,14,2025-08-04,-0.008085706753543476,-0.0026032726903018146
rf,y_BTC-USD,15,2025-08-04,-0.008085706753543476,-0.0019647846541998204
rf,y_BTC-USD,16,2025-08-04,-0.008085706753543476,0.0015542937304411327
rf,y_BTC-USD,14,2025-08-05,0.007767158415357134,-0.005136639683578322
rf,y_BTC-USD,15,2025-08-05,0.007767158415357134,-0.0007292453406286342
rf,y_BTC-USD,16,2025-08-05,0.007767158415357134,-0.00091796596946823
rf,y_BTC-USD,14,2025-08-06,0.021463456180234486,0.010722923394514765
rf,y_BTC-USD,15,2025-08-06,0.021463456180234486,0.008411569551615114
rf,y_BTC-USD,16,2025-08-06,0.021463456180234486,0.008958660947028602
rf,y_BTC-USD,14,2025-08-07,-0.0068782400705657,-0.004976311845856255
rf,y_BTC-USD,15,2025-08-07,-0.0068782400705657,-0.0014468568106647058
rf,y_BTC-USD,16,2025-08-07,-0.0068782400705657,-0.002417654921042865
rf,y_BTC-USD,14,2025-08-08,-0.0016142706587778388,0.023064291059677985
rf,y_BTC-USD,15,2025-08-08,-0.0016142706587778388,0.028542358308655657
rf,y_BTC-USD,16,2025-08-08,-0.0016142706587778388,0.024859247458647524
rf,y_BTC-USD,14,2025-08-09,0.02408918266480664,-0.004905406116264611
rf,y_BTC-USD,15,2025-08-09,0.02408918266480664,-0.00541098591759456
rf,y_BTC-USD,16,2025-08-09,0.02408918266480664,-0.006562944955830698
rf,y_BTC-USD,14,2025-08-10,-0.004822128356753663,0.0016407460206682646
rf,y_BTC-USD,15,2025-08-10,-0.004822128356753663,0.0035230242292815664
rf,y_BTC-USD,16,2025-08-10,-0.004822128356753663,0.0019239915239544446
rf,y_BTC-USD,14,2025-08-11,0.012140515376580119,0.0017956418697199466
rf,y_BTC-USD,15,2025-08-11,0.012140515376580119,0.0008176393807959092
rf,y_BTC-USD,16,2025-08-11,0.012140515376580119,0.0015885295640997712
rf,y_BTC-USD,14,2025-08-12,0.026388279596092357,0.007067443193795663
rf,y_BTC-USD,15,2025-08-12,0.026388279596092357,0.0027788397288961244
rf,y_BTC-USD,16,2025-08-12,0.026388279596092357,0.0040841483076496455
rf,y_BTC-USD,15,2025-08-13,-0.040411222672351976,0.001159667485751294
rf,y_BTC-USD,16,2025-08-13,-0.040411222672351976,-0.000173261530798575
rf,y_BTC-USD,17,2025-08-13,-0.040411222672351976,-0.0020833608260974338
rf,y_BTC-USD,15,2025-08-14,-0.008121240187970669,0.0023983608548592958
rf,y_BTC-USD,16,2025-08-14,-0.008121240187970669,0.007014506578347298
rf,y_BTC-USD,17,2025-08-14,-0.008121240187970669,0.002126455398979039
rf,y_BTC-USD,15,2025-08-15,0.0007921746665282559,0.00020351903935495093
rf,y_BTC-USD,16,2025-08-15,0.0007921746665282559,0.0014373699541537907
rf,y_BTC-USD,17,2025-08-15,0.0007921746665282559,-0.004260614013081532
rf,y_BTC-USD,15,2025-08-16,-0.00032588834829794244,0.004756099841061803
rf,y_BTC-USD,16,2025-08-16,-0.00032588834829794244,0.00875234146913354
rf,y_BTC-USD,17,2025-08-16,-0.00032588834829794244,0.01936465337213588
rf,y_BTC-USD,15,2025-08-17,-0.01022323279139703,-0.0014690258840795768
rf,y_BTC-USD,16,2025-08-17,-0.01022323279139703,0.0028232924119575907
rf,y_BTC-USD,17,2025-08-17,-0.01022323279139703,-1.3991464021447426e-05
rf,y_BTC-USD,15,2025-08-18,-0.029428514056440758,0.005417691061716649
rf,y_BTC-USD,16,2025-08-18,-0.029428514056440758,0.0007291170756723429
rf,y_BTC-USD,17,2025-08-18,-0.029428514056440758,-0.0009274865407482245
rf,y_BTC-USD,15,2025-08-19,0.012794003430595335,0.0030318934612017724
rf,y_BTC-USD,16,2025-08-19,0.012794003430595335,0.007103282593704172
rf,y_BTC-USD,17,2025-08-19,0.012794003430595335,0.0024172608017741393
rf,y_BTC-USD,15,2025-08-20,-0.01623902974513114,-0.0030036964004227546
rf,y_BTC-USD,16,2025-08-20,-0.01623902974513114,-0.0012282876819509163
rf,y_BTC-USD,17,2025-08-20,-0.01623902974513114,-0.00032518242641184266
rf,y_BTC-USD,15,2025-08-21,0.03962900798880531,-0.0005500217649870113
rf,y_BTC-USD,16,2025-08-21,0.03962900798880531,0.005043018661010631
rf,y_BTC-USD,17,2025-08-21,0.03962900798880531,0.0031523422748907246
rf,y_BTC-USD,15,2025-08-22,-0.012832252765613172,0.003189086564432391
rf,y_BTC-USD,16,2025-08-22,-0.012832252765613172,0.005354940420660631
rf,y_BTC-USD,17,2025-08-22,-0.012832252765613172,0.003075521907993591
rf,y_BTC-USD,15,2025-08-23,-0.016605933647771742,0.007902215446830058
rf,y_BTC-USD,16,2025-08-23,-0.016605933647771742,0.004439189036325903
rf,y_BTC-USD,17,2025-08-23,-0.016605933647771742,0.0021680520552979725
rf,y_BTC-USD,15,2025-08-25,0.015240086898922645,-0.00015983895989202246
rf,y_BTC-USD,16,2025-08-25,0.015240086898922645,0.0016109979880966278
rf,y_BTC-USD,17,2025-08-25,0.015240086898922645,0.005294421175555075
rf,y_BTC-USD,15,2025-08-26,-0.005193022862549412,0.0033052388304792985
rf,y_BTC-USD,16,2025-08-26,-0.005193022862549412,0.003399311483412985
rf,y_BTC-USD,17,2025-08-26,-0.005193022862549412,0.0005983324002346006
rf,y_BTC-USD,15,2025-08-27,0.01189280397942638,-0.0067420069400972735
rf,y_BTC-USD,16,2025-08-27,0.01189280397942638,-0.007280631376941028
rf,y_BTC-USD,17,2025-08-27,0.01189280397942638,-0.004481214931647834
rf,y_BTC-USD,15,2025-08-28,-0.036731759955323295,-2.066023662965488e-05
rf,y_BTC-USD,16,2025-08-28,-0.036731759955323295,0.0027043797016254255
rf,y_BTC-USD,17,2025-08-28,-0.036731759955323295,0.009969232921460321
rf,y_BTC-USD,15,2025-08-29,0.003664157476186425,0.0011463564629595774
rf,y_BTC-USD,16,2025-08-29,0.003664157476186425,0.004142556148061994
rf,y_BTC-USD,17,2025-08-29,0.003664157476186425,0.0041287105373595335
rf,y_BTC-USD,15,2025-08-30,-0.00525107534173741,-0.0043739688165563
rf,y_BTC-USD,16,2025-08-30,-0.00525107534173741,-0.006428094687360623
rf,y_BTC-USD,17,2025-08-30,-0.00525107534173741,0.0010097602754245345
rf,y_BTC-USD,15,2025-08-31,0.009367272930950854,0.0007633607651829965
rf,y_BTC-USD,16,2025-08-31,0.009367272930950854,0.0019074480535776705
rf,y_BTC-USD,17,2025-08-31,0.009367272930950854,-0.002641241105280537
rf,y_BTC-USD,15,2025-09-01,0.017848801737061493,-0.0096385344421716
rf,y_BTC-USD,16,2025-09-01,0.017848801737061493,-0.011424693110165219
rf,y_BTC-USD,17,2025-09-01,0.017848801737061493,-0.010763263722141132
rf,y_BTC-USD,15,2025-09-02,0.004699840343410866,-0.0001592972547303025
rf,y_BTC-USD,16,2025-09-02,0.004699840343410866,-0.0012067188601033183
rf,y_BTC-USD,17,2025-09-02,0.004699840343410866,-0.00010058976342022426
rf,y_BTC-USD,16,2025-09-03,-0.008947195185422974,0.0039017395607344055
rf,y_BTC-USD,17,2025-09-03,-0.008947195185422974,0.006908333004279042
rf,y_BTC-USD,18,2025-09-03,-0.008947195185422974,0.005770288427534239
rf,y_BTC-USD,16,2025-09-04,-0.0006558419928113235,-0.00012689504677311966
rf,y_BTC-USD,17,2025-09-04,-0.0006558419928113235,-0.002450963344064728
rf,y_BTC-USD,18,2025-09-04,-0.0006558419928113235,-0.0006026415805134171
rf,y_BTC-USD,16,2025-09-05,-0.0038525555367432407,0.011387105862990457
rf,y_BTC-USD,17,2025-09-05,-0.0038525555367432407,0.004628587178192495
rf,y_BTC-USD,18,2025-09-05,-0.0038525555367432407,0.0035918958033106406
rf,y_BTC-USD,16,2025-09-06,0.008554542812086785,0.00401039841124285
rf,y_BTC-USD,17,2025-09-06,0.008554542812086785,0.00018100301515920625
rf,y_BTC-USD,18,2025-09-06,0.008554542812086785,0.002349050872926098
rf,y_BTC-USD,16,2025-09-07,0.008130177859939192,0.020047722518161743
rf,y_BTC-USD,17,2025-09-07,0.008130177859939192,0.00918724225416348
rf,y_BTC-USD,18,2025-09-07,0.008130177859939192,0.011952812811521588
rf,y_BTC-USD,16,2025-09-08,-0.004826232823193166,-0.0017010436196391494
rf,y_BTC-USD,17,2025-09-08,-0.004826232823193166,0.0038640881826251805
rf,y_BTC-USD,18,2025-09-08,-0.004826232823193166,0.0007006333075083498
rf,y_BTC-USD,16,2025-09-09,0.02174124101370767,0.0008375628078602065
rf,y_BTC-USD,17,2025-09-09,0.02174124101370767,0.003997055415483101
rf,y_BTC-USD,18,2025-09-09,0.02174124101370767,0.0019249860049573297
rf,y_BTC-USD,16,2025-09-10,0.013620945043858246,0.00435032455723504
rf,y_BTC-USD,17,2025-09-10,0.013620945043858246,-0.0008497050235480123
rf,y_BTC-USD,18,2025-09-10,0.013620945043858246,0.00020597801825527896
rf,y_BTC-USD,16,2025-09-11,0.005142859655061782,0.0053002194306652345
rf,y_BTC-USD,17,2025-09-11,0.005142859655061782,0.008744344794281466
rf,y_BTC-USD,18,2025-09-11,0.005142859655061782,0.006549903693958965
rf,y_BTC-USD,16,2025-09-12,-0.0013011908618274504,-0.008198278778214921
rf,y_BTC-USD,17,2025-09-12,-0.0013011908618274504,-0.004837178961324141
rf,y_BTC-USD,18,2025-09-12,-0.0013011908618274504,-0.0034187973530603166
rf,y_BTC-USD,16,2025-09-13,-0.004681752350561785,0.0016569668549355884
rf,y_BTC-USD,17,2025-09-13,-0.004681752350561785,0.0033020232864223982
rf,y_BTC-USD,18,2025-09-13,-0.004681752350561785,0.0009260414848386319
rf,y_BTC-USD,16,2025-09-14,0.0003224981011604733,0.0001596365285719418
rf,y_BTC-USD,17,2025-09-14,0.0003224981011604733,-0.0002258591302294971
rf,y_BTC-USD,18,2025-09-14,0.0003224981011604733,0.0018717056734522564
rf,y_BTC-USD,16,2025-09-15,0.012112382641498831,-0.003508872805542437
rf,y_BTC-USD,17,2025-09-15,0.012112382641498831,0.0006259879804246443
rf,y_BTC-USD,18,2025-09-15,0.012112382641498831,-0.0016594388913047302
rf,y_BTC-USD,16,2025-09-16,-0.0032066883445814875,0.0015898397815677858
rf,y_BTC-USD,17,2025-09-16,-0.0032066883445814875,-0.0073245752651740345
rf,y_BTC-USD,18,2025-09-16,-0.0032066883445814875,-0.0011660265105645023
rf,y_BTC-USD,16,2025-09-17,0.005741425944741474,-0.00839724057242694
rf,y_BTC-USD,17,2025-09-17,0.005741425944741474,0.0008873124381100217
rf,y_BTC-USD,18,2025-09-17,0.005741425944741474,-0.0031556236569773347
rf,y_BTC-USD,16,2025-09-18,-0.012364506846338497,-0.006161659790612267
rf,y_BTC-USD,17,2025-09-18,-0.012364506846338497,0.0011121419663843288
rf,y_BTC-USD,18,2025-09-18,-0.012364506846338497,-0.004461655099581445
rf,y_BTC-USD,16,2025-09-19,0.0002861257573012477,0.001802534957235997
rf,y_BTC-USD,17,2025-09-19,0.0002861257573012477,0.0006508993726504172
rf,y_BTC-USD,18,2025-09-19,0.0002861257573012477,-0.003346257332293746
rf,y_BTC-USD,16,2025-09-20,-0.003593675600818802,-0.004154529546475856
rf,y_BTC-USD,17,2025-09-20,-0.003593675600818802,-0.0007147643819135001
rf,y_BTC-USD,18,2025-09-20,-0.003593675600818802,0.0014427833111731606
rf,y_BTC-USD,16,2025-09-21,-0.02218083931492132,0.000842335518333027
rf,y_BTC-USD,17,2025-09-21,-0.02218083931492132,0.002378850577628207
rf,y_BTC-USD,18,2025-09-21,-0.02218083931492132,-0.0020887842010415213
rf,y_BTC-USD,16,2025-09-22,-0.00651013327573835,0.004020038534767733
rf,y_BTC-USD,17,2025-09-22,-0.00651013327573835,-0.004855818655413384
rf,y_BTC-USD,18,2025-09-22,-0.00651013327573835,-0.0029382942443948955
rf,y_BTC-USD,17,2025-09-23,0.011731809832655538,-0.00564281183166836
rf,y_BTC-USD,18,2025-09-23,0.011731809832655538,-0.0009423474542360228
rf,y_BTC-USD,19,2025-09-23,0.011731809832655538,-0.0007177584551560849
rf,y_BTC-USD,17,2025-09-24,-0.03776048156409062,-0.002022219199366888
rf,y_BTC-USD,18,2025-09-24,-0.03776048156409062,0.002031562203434134
rf,y_BTC-USD,19,2025-09-24,-0.03776048156409062,0.0013171427672552434
rf,y_BTC-USD,17,2025-09-25,0.0060847628462732395,-0.005015199525406575
rf,y_BTC-USD,18,2025-09-25,0.0060847628462732395,-0.008068569238562851
rf,y_BTC-USD,19,2025-09-25,0.0060847628462732395,-0.011733109671511135
rf,y_BTC-USD,17,2025-09-26,-0.0002814877077529365,0.006247214786830244
rf,y_BTC-USD,18,2025-09-26,-0.0002814877077529365,0.0027805657693851515
rf,y_BTC-USD,19,2025-09-26,-0.0002814877077529365,0.0037611180528976376
rf,y_BTC-USD,17,2025-09-27,0.02225248016477188,0.0009870448002509487
rf,y_BTC-USD,18,2025-09-27,0.02225248016477188,-0.0001946183260117834
rf,y_BTC-USD,19,2025-09-27,0.02225248016477188,0.0039545157434770235
rf,y_BTC-USD,17,2025-09-28,0.02031473906432546,-0.0012383798571385127
rf,y_BTC-USD,18,2025-09-28,0.02031473906432546,-0.0016750621944101411
rf,y_BTC-USD,19,2025-09-28,0.02031473906432546,-0.0010144179378721242
rf,y_BTC-USD,17,2025-09-29,-0.003009577997342028,-0.0005171304033715111
rf,y_BTC-USD,18,2025-09-29,-0.003009577997342028,0.0015467227714790902
rf,y_BTC-USD,19,2025-09-29,-0.003009577997342028,0.0008742645921909162
rf,y_BTC-USD,17,2025-09-30,0.04026829179914837,0.003972774374825455
rf,y_BTC-USD,18,2025-09-30,0.04026829179914837,0.0020527929041962018
rf,y_BTC-USD,19,2025-09-30,0.04026829179914837,0.0066594891963034685
rf,y_BTC-USD,17,2025-10-01,0.017128920845327356,-0.0002590655195674178
rf,y_BTC-USD,18,2025-10-01,0.017128920845327356,0.002966373796554279
rf,y_BTC-USD,19,2025-10-01,0.017128920845327356,-0.0015763615558315716
rf,y_BTC-USD,17,2025-10-02,0.013136036748664148,-0.004912289990305159
rf,y_BTC-USD,18,2025-10-02,0.013136036748664148,-0.005740864881042419
rf,y_BTC-USD,19,2025-10-02,0.013136036748664148,-0.0058505764034933105
rf,y_BTC-USD,17,2025-10-03,0.001299606980548873,-0.005043851094481232
rf,y_BTC-USD,18,2025-10-03,0.001299606980548873,-0.004282160944534603
rf,y_BTC-USD,19,2025-10-03,0.001299606980548873,-0.007495942016355692
rf,y_BTC-USD,17,2025-10-04,0.008887425412982486,0.00861942965907178
rf,y_BTC-USD,18,2025-10-04,0.008887425412982486,0.008168110362183883
rf,y_BTC-USD,19,2025-10-04,0.008887425412982486,0.012637099732967616
rf,y_BTC-USD,17,2025-10-05,0.010031736794915869,0.0012587880099552843
rf,y_BTC-USD,18,2025-10-05,0.010031736794915869,0.00021252776624987405
rf,y_BTC-USD,19,2025-10-05,0.010031736794915869,-0.00010871001952834173
rf,y_BTC-USD,17,2025-10-06,-0.026461574802715715,-0.003574761209081395
rf,y_BTC-USD,18,2025-10-06,-0.026461574802715715,0.002776246730417219
rf,y_BTC-USD,19,2025-10-06,-0.026461574802715715,0.00477656245054756
rf,y_BTC-USD,17,2025-10-07,0.01567280940669602,0.0026861587452756924
rf,y_BTC-USD,18,2025-10-07,0.01567280940669602,0.007225656000571847
rf,y_BTC-USD,19,2025-10-07,0.01567280940669602,0.005002653638247426
rf,y_BTC-USD,17,2025-10-08,-0.013370216251727518,0.0032468450931409172
rf,y_BTC-USD,18,2025-10-08,-0.013370216251727518,0.00639038813492891
rf,y_BTC-USD,19,2025-10-08,-0.013370216251727518,0.011696111810697876
rf,y_BTC-USD,17,2025-10-09,-0.06976852117831744,4.518185165862665e-05
rf,y_BTC-USD,18,2025-10-09,-0.06976852117831744,0.002782389208918338
rf,y_BTC-USD,19,2025-10-09,-0.06976852117831744,0.0004145227749174224
rf,y_BTC-USD,17,2025-10-10,-0.02125599811033263,0.0029136645727401572
rf,y_BTC-USD,18,2025-10-10,-0.02125599811033263,-0.0003273529925100271
rf,y_BTC-USD,19,2025-10-10,-0.02125599811033263,-0.0009774392895726901
rf,y_BTC-USD,17,2025-10-11,0.03936437283871608,-0.003818488951553798
rf,y_BTC-USD,18,2025-10-11,0.03936437283871608,-0.001743944943809227
rf,y_BTC-USD,19,2025-10-11,0.03936437283871608,-0.003339253111923288
rf,y_BTC-USD,17,2025-10-12,0.000879679657679322,-0.004613369022776041
rf,y_BTC-USD,18,2025-10-12,0.000879679657679322,-0.0028523321512843184
rf,y_BTC-USD,19,2025-10-12,0.000879679657679322,-0.004795569028583717
rf,y_BTC-USD,18,2025-10-13,-0.01867262888064536,0.017218855945883314
rf,y_BTC-USD,19,2025-10-13,-0.01867262888064536,0.014284866118413564
rf,y_BTC-USD,20,2025-10-13,-0.01867262888064536,0.010809582533811197
rf,y_BTC-USD,18,2025-10-14,-0.02064646024028005,0.004337723371909848
rf,y_BTC-USD,19,2025-10-14,-0.02064646024028005,0.007129564075085714
rf,y_BTC-USD,20,2025-10-14,-0.02064646024028005,0.0030757452097927287
rf,y_BTC-USD,18,2025-10-15,-0.023443318504017374,-0.002164516669735114
rf,y_BTC-USD,19,2025-10-15,-0.023443318504017374,-0.0022213280813274975
rf,y_BTC-USD,20,2025-10-15,-0.023443318504017374,0.0016220069059308755
rf,y_BTC-USD,18,2025-10-16,-0.01588236351834038,0.014698228305004649
rf,y_BTC-USD,19,2025-10-16,-0.01588236351834038,0.011779906306135795
rf,y_BTC-USD,20,2025-10-16,-0.01588236351834038,0.011366728308684541
rf,y_BTC-USD,18,2025-10-17,0.006861009972426446,0.0019415858246907031
rf,y_BTC-USD,19,2025-10-17,0.006861009972426446,-0.002805629361156701
rf,y_BTC-USD,20,2025-10-17,0.006861009972426446,-0.0012774222828990443
rf,y_BTC-USD,18,2025-10-18,0.013698405510000455,0.004087126980673779
rf,y_BTC-USD,19,2025-10-18,0.013698405510000455,0.01093803096929253
rf,y_BTC-USD,20,2025-10-18,0.013698405510000455,0.005390267656412328
rf,y_BTC-USD,18,2025-10-19,0.01768912239467313,0.006718867065438764
rf,y_BTC-USD,19,2025-10-19,0.01768912239467313,0.0024097045383109964
rf,y_BTC-USD,20,2025-10-19,0.01768912239467313,0.007413189643467175
rf,y_BTC-USD,18,2025-10-20,-0.019098105646452646,0.0028140704024494072
rf,y_BTC-USD,19,2025-10-20,-0.019098105646452646,0.0027711211281062752
rf,y_BTC-USD,20,2025-10-20,-0.019098105646452646,-0.0013945728166637574
rf,y_BTC-USD,18,2025-10-21,-0.007267028792566799,0.003688255906993788
rf,y_BTC-USD,19,2025-10-21,-0.007267028792566799,0.00047343600530361425
rf,y_BTC-USD,20,2025-10-21,-0.007267028792566799,0.0014162516776369991
rf,y_BTC-USD,18,2025-10-22,0.022111355667553845,-0.007348732229388538
rf,y_BTC-USD,19,2025-10-22,0.022111355667553845,-0.010888454207211124
rf,y_BTC-USD,20,2025-10-22,0.022111355667553845,-0.005945578802017678
rf,y_BTC-USD,18,2025-10-23,0.008759859251149305,0.008791188450124672
rf,y_BTC-USD,19,2025-10-23,0.008759859251149305,0.008446721393037804
rf,y_BTC-USD,20,2025-10-23,0.008759859251149305,0.010239397419254873
rf,y_BTC-USD,18,2025-10-24,0.005474045023684315,0.0036837275297383547
rf,y_BTC-USD,19,2025-10-24,0.005474045023684315,0.003970149350415412
rf,y_BTC-USD,20,2025-10-24,0.005474045023684315,-0.0005691254899352933
rf,y_BTC-USD,18,2025-10-25,0.025355383127430242,-0.0054810806181826936
rf,y_BTC-USD,19,2025-10-25,0.025355383127430242,-0.0027293873038151295
rf,y_BTC-USD,20,2025-10-25,0.025355383127430242,-0.002866416882132771
rf,y_BTC-USD,18,2025-10-26,-0.0030847352525406047,-0.001956041289155989
rf,y_BTC-USD,19,2025-10-26,-0.0030847352525406047,-0.006890889757550093
rf,y_BTC-USD,20,2025-10-26,-0.0030847352525406047,-0.003335302499172903
rf,y_BTC-USD,18,2025-10-27,-0.01019252462848308,0.003696808539553929
rf,y_BTC-USD,19,2025-10-27,-0.01019252462848308,0.01082029546631547
rf,y_BTC-USD,20,2025-10-27,-0.01019252462848308,0.011738903867827234
rf,y_BTC-USD,18,2025-10-28,-0.025681284408657135,-0.003089055810245814
rf,y_BTC-USD,19,2025-10-28,-0.025681284408657135,0.0012515741499613709
rf,y_BTC-USD,20,2025-10-28,-0.025681284408657135,0.004521096228965542
rf,y_BTC-USD,18,2025-10-29,-0.015898895718551742,0.0027643628391934016
rf,y_BTC-USD,19,2025-10-29,-0.015898895718551742,0.0013273216521477458
rf,y_BTC-USD,20,2025-10-29,-0.015898895718551742,-0.0059792463511757895
rf,y_BTC-USD,18,2025-10-30,0.011547120379193476,1.7298004441815286e-05
rf,y_BTC-USD,19,2025-10-30,0.011547120379193476,0.0011694225586194652
rf,y_BTC-USD,20,2025-10-30,0.011547120379193476,0.001598742860973046
rf,y_BTC-USD,18,2025-10-31,0.004635536182247879,0.004650900592357784
rf,y_BTC-USD,19,2025-10-31,0.004635536182247879,0.0082818549767913
rf,y_BTC-USD,20,2025-10-31,0.004635536182247879,0.005332332296810742
rf,y_BTC-USD,18,2025-11-01,0.005229768982454308,-0.010030258818864915
rf,y_BTC-USD,19,2025-11-01,0.005229768982454308,-0.01551089198655021
rf,y_BTC-USD,20,2025-11-01,0.005229768982454308,-0.0070011368949600946
rf,y_BTC-USD,19,2025-11-02,-0.03698585893164408,0.0023265987206139804
rf,y_BTC-USD,20,2025-11-02,-0.03698585893164408,0.002462127044363783
rf,y_BTC-USD,21,2025-11-02,-0.03698585893164408,0.005016698084886562
rf,y_BTC-USD,19,2025-11-03,-0.046523840630681046,0.008231070560768728
rf,y_BTC-USD,20,2025-11-03,-0.046523840630681046,0.008442937327447548
rf,y_BTC-USD,21,2025-11-03,-0.046523840630681046,0.012042734783000778
rf,y_BTC-USD,19,2025-11-04,0.02265282648549194,0.028175920962043643
rf,y_BTC-USD,20,2025-11-04,0.02265282648549194,0.01861128409567554
rf,y_BTC-USD,21,2025-11-04,0.02265282648549194,0.02690580157653235
rf,y_BTC-USD,19,2025-11-05,-0.02493503798083263,0.0012544186448671178
rf,y_BTC-USD,20,2025-11-05,-0.02493503798083263,-0.0012774106995747955
rf,y_BTC-USD,21,2025-11-05,-0.02493503798083263,-0.002424785966677025
rf,y_BTC-USD,19,2025-11-06,0.020445121741957006,-0.0022401264305286733
rf,y_BTC-USD,20,2025-11-06,0.020445121741957006,-0.007262193772037572
rf,y_BTC-USD,21,2025-11-06,0.020445121741957006,0.002929106998620178
rf,y_BTC-USD,19,2025-11-07,-0.010547196317199026,0.004823849903402159
rf,y_BTC-USD,20,2025-11-07,-0.010547196317199026,0.0052224259319071185
rf,y_BTC-USD,21,2025-11-07,-0.010547196317199026,0.001823288093914241
rf,y_BTC-USD,19,2025-11-08,0.02383137448193029,0.007863091329967733
rf,y_BTC-USD,20,2025-11-08,0.02383137448193029,0.007180741803852525
rf,y_BTC-USD,21,2025-11-08,0.02383137448193029,0.005235627944030679
rf,y_BTC-USD,19,2025-11-09,0.012194017448672767,0.0026914217766326244
rf,y_BTC-USD,20,2025-11-09,0.012194017448672767,0.0033200769393652526
rf,y_BTC-USD,21,2025-11-09,0.012194017448672767,-0.002568881366256383
rf,y_BTC-USD,19,2025-11-10,-0.028294541304540788,0.0031311945402065877
rf,y_BTC-USD,20,2025-11-10,-0.028294541304540788,0.00575817713527253
rf,y_BTC-USD,21,2025-11-10,-0.028294541304540788,-0.0006734323056196413
rf,y_BTC-USD,19,2025-11-11,-0.012954505253314763,0.009557293098002682
rf,y_BTC-USD,20,2025-11-11,-0.012954505253314763,0.009895322322154268
rf,y_BTC-USD,21,2025-11-11,-0.012954505253314763,0.00487641939289142
rf,y_BTC-USD,19,2025-11-12,-0.01933536967351135,-0.0038680233542604664
rf,y_BTC-USD,20,2025-11-12,-0.01933536967351135,-0.0023942850442436833
rf,y_BTC-USD,21,2025-11-12,-0.01933536967351135,-0.0013017854063679464
rf,y_BTC-USD,19,2025-11-13,-0.053157837862490065,-0.005935337721526071
rf,y_BTC-USD,20,2025-11-13,-0.053157837862490065,-0.005654099744411934
rf,y_BTC-USD,21,2025-11-13,-0.053157837862490065,-0.00643264662873079
rf,y_BTC-USD,19,2025-11-14,0.012196889211437911,-0.0015220497193918548
rf,y_BTC-USD,20,2025-11-14,0.012196889211437911,-8.194362072176016e-05
rf,y_BTC-USD,21,2025-11-14,0.012196889211437911,0.0012136021039118104
rf,y_BTC-USD,19,2025-11-15,-0.01435983820826503,-0.006258084885141646
rf,y_BTC-USD,20,2025-11-15,-0.01435983820826503,-0.005299573250794051
rf,y_BTC-USD,21,2025-11-15,-0.01435983820826503,-0.006655471448693548
rf,y_BTC-USD,19,2025-11-16,-0.02212006537551514,0.008104612355207756
rf,y_BTC-USD,20,2025-11-16,-0.02212006537551514,0.005261884106786464
rf,y_BTC-USD,21,2025-11-16,-0.02212006537551514,0.0045157040654737685
rf,y_BTC-USD,19,2025-11-17,0.009284005043766586,-0.011399533330833414
rf,y_BTC-USD,20,2025-11-17,0.009284005043766586,-0.008829850118694086
rf,y_BTC-USD,21,2025-11-17,0.009284005043766586,-0.009273953327256104
rf,y_BTC-USD,19,2025-11-18,-0.015953746750565823,-0.0008206057776051665
rf,y_BTC-USD,20,2025-11-18,-0.015953746750565823,-0.0018506345345877019
rf,y_BTC-USD,21,2025-11-18,-0.015953746750565823,-0.00010789137705789764
rf,y_BTC-USD,19,2025-11-19,-0.05285126891851111,-0.006019656240587594
rf,y_BTC-USD,20,2025-11-19,-0.05285126891851111,0.0006118121444516067
rf,y_BTC-USD,21,2025-11-19,-0.05285126891851111,-0.004554979750801737
rf,y_BTC-USD,19,2025-11-20,-0.017790340109098413,0.0004227056870516721
rf,y_BTC-USD,20,2025-11-20,-0.017790340109098413,0.003657646058797264
rf,y_BTC-USD,21,2025-11-20,-0.017790340109098413,0.0064906738257483835
rf,y_BTC-USD,19,2025-11-21,-0.0051983141515926645,-0.004217051401141302
rf,y_BTC-USD,20,2025-11-21,-0.0051983141515926645,-0.004206701817854045
rf,y_BTC-USD,21,2025-11-21,-0.0051983141515926645,-0.004088879425546358
rf,y_BTC-USD,20,2025-11-22,0.025477734635657168,-0.018903727233439412
rf,y_BTC-USD,21,2025-11-22,0.025477734635657168,-0.00893865663358498
rf,y_BTC-USD,22,2025-11-22,0.025477734635657168,-0.00905794898850881
rf,y_BTC-USD,20,2025-11-23,0.01688329653360121,-0.0008819923310457177
rf,y_BTC-USD,21,2025-11-23,0.01688329653360121,-0.007460966063600809
rf,y_BTC-USD,22,2025-11-23,0.01688329653360121,-0.005808002602072312
rf,y_BTC-USD,20,2025-11-24,-0.010520742688141405,0.004965973369706793
rf,y_BTC-USD,21,2025-11-24,-0.010520742688141405,0.007189528397156087
rf,y_BTC-USD,22,2025-11-24,-0.010520742688141405,0.008569768045177175
rf,y_BTC-USD,20,2025-11-25,0.03636830551491177,0.004361628089955193
rf,y_BTC-USD,21,2025-11-25,0.03636830551491177,0.0004365318953681215
rf,y_BTC-USD,22,2025-11-25,0.03636830551491177,-0.002633925960452372
rf,y_BTC-USD,20,2025-11-26,0.008473504729832548,0.0031612781423193998
rf,y_BTC-USD,21,2025-11-26,0.008473504729832548,0.00014025979921033032
rf,y_BTC-USD,22,2025-11-26,0.008473504729832548,0.003915082486645607
rf,y_BTC-USD,20,2025-11-27,-0.004010602738938163,0.0041522281726317
rf,y_BTC-USD,21,2025-11-27,-0.004010602738938163,0.0014646084779273076
rf,y_BTC-USD,22,2025-11-27,-0.004010602738938163,0.0012084541518292181
rf,y_BTC-USD,20,2025-11-28,-0.0007425028351905061,-0.005367834020817369
rf,y_BTC-USD,21,2025-11-28,-0.0007425028351905061,-0.0048496180611331844
rf,y_BTC-USD,22,2025-11-28,-0.0007425028351905061,-0.004172612071803914
rf,y_BTC-USD,20,2025-11-30,-0.045055292472078956,-0.00768714913988034
rf,y_BTC-USD,21,2025-11-30,-0.045055292472078956,-0.0033315225890086083
rf,y_BTC-USD,22,2025-11-30,-0.045055292472078956,-0.0017978992797917277
rf,y_BTC-USD,20,2025-12-01,0.05825464938016567,0.004213989503816318
rf,y_BTC-USD,21,2025-12-01,0.05825464938016567,0.0022014539491224255
rf,y_BTC-USD,22,2025-12-01,0.05825464938016567,0.005658191648254269
rf,y_BTC-USD,20,2025-12-02,0.023837949867722363,0.014536236838800818
rf,y_BTC-USD,21,2025-12-02,0.023837949867722363,0.011233924588990715
rf,y_BTC-USD,22,2025-12-02,0.023837949867722363,0.011481847779981647
rf,y_BTC-USD,20,2025-12-03,-0.014821043775501641,0.005960534749141926
rf,y_BTC-USD,21,2025-12-03,-0.014821043775501641,0.009051202573120427
rf,y_BTC-USD,22,2025-12-03,-0.014821043775501641,0.00544147233984521
rf,y_BTC-USD,20,2025-12-04,-0.029887330373216225,-0.0057795296302077135
rf,y_BTC-USD,21,2025-12-04,-0.029887330373216225,-0.006553357648500317
rf,y_BTC-USD,22,2025-12-04,-0.029887330373216225,-0.006917890619155661
rf,y_BTC-USD,20,2025-12-05,-0.0012908122468182626,0.0037919583623076034
rf,y_BTC-USD,21,2025-12-05,-0.0012908122468182626,-0.00042128975036782775
rf,y_BTC-USD,22,2025-12-05,-0.0012908122468182626,0.0035269817241202948
rf,y_BTC-USD,20,2025-12-06,0.012694471554050235,0.010241149179947673
rf,y_BTC-USD,21,2025-12-06,0.012694471554050235,0.00834468738092103
rf,y_BTC-USD,22,2025-12-06,0.012694471554050235,0.0038320273445125786
rf,y_BTC-USD,20,2025-12-07,0.0025945560296725123,-0.0016327953218151752
rf,y_BTC-USD,21,2025-12-07,0.0025945560296725123,-0.002153415123557532
rf,y_BTC-USD,22,2025-12-07,0.0025945560296725123,-0.0005219364970204291
rf,y_BTC-USD,20,2025-12-08,0.022633530616329445,-0.000496775082297927
rf,y_BTC-USD,21,2025-12-08,0.022633530616329445,0.001415135435366003
rf,y_BTC-USD,22,2025-12-08,0.022633530616329445,-0.0023600956834832765
rf,y_BTC-USD,20,2025-12-09,-0.007236522211271801,0.005548643584638222
rf,y_BTC-USD,21,2025-12-09,-0.007236522211271801,0.0021877685399083377
rf,y_BTC-USD,22,2025-12-09,-0.007236522211271801,0.0015747289388053985
rf,y_BTC-USD,20,2025-12-10,0.005329119618741718,0.006748183834893148
rf,y_BTC-USD,21,2025-12-10,0.005329119618741718,0.007881471631148832
rf,y_BTC-USD,22,2025-12-10,0.005329119618741718,0.005756183963626744
rf,y_BTC-USD,20,2025-12-11,-0.024223213861206738,0.003736620991062816
rf,y_BTC-USD,21,2025-12-11,-0.024223213861206738,-0.0005045558072416551
rf,y_BTC-USD,22,2025-12-11,-0.024223213861206738,0.0005906548534080218
rf,y_BTC-USD,20,2025-12-12,0.00031346787642294593,0.002201732470558935
rf,y_BTC-USD,21,2025-12-12,0.00031346787642294593,-0.00023699928930398425
rf,y_BTC-USD,22,2025-12-12,0.00031346787642294593,0.002126779959591336
rf,y_BTC-USD,21,2025-12-13,-0.023516739363752315,0.0026070653671573796
rf,y_BTC-USD,22,2025-12-13,-0.023516739363752315,0.00038433126522884146
rf,y_BTC-USD,23,2025-12-13,-0.023516739363752315,0.0037714466529742583
rf,y_BTC-USD,21,2025-12-15,0.01648005936140917,0.008619142100454346
rf,y_BTC-USD,22,2025-12-15,0.01648005936140917,0.012353659752059074
rf,y_BTC-USD,23,2025-12-15,0.01648005936140917,0.008375631865472192
rf,y_BTC-USD,21,2025-12-16,-0.01935507109105894,-0.0001136039285790628
rf,y_BTC-USD,22,2025-12-16,-0.01935507109105894,-0.0011510948013978876
rf,y_BTC-USD,23,2025-12-16,-0.01935507109105894,0.0027134153678512554
rf,y_BTC-USD,21,2025-12-17,-0.007908292107279613,-0.002226049426665978
rf,y_BTC-USD,22,2025-12-17,-0.007908292107279613,-0.00563353492275909
rf,y_BTC-USD,23,2025-12-17,-0.007908292107279613,-5.474051347546342e-06
rf,y_BTC-USD,21,2025-12-18,0.03090097713717843,0.003010666659756827
rf,y_BTC-USD,22,2025-12-18,0.03090097713717843,-0.0018757598863982556
rf,y_BTC-USD,23,2025-12-18,0.03090097713717843,0.0015259062263048553
rf,y_BTC-USD,21,2025-12-19,0.002731077738661547,-0.0017929229656465557
rf,y_BTC-USD,22,2025-12-19,0.002731077738661547,0.005140475128463465
rf,y_BTC-USD,23,2025-12-19,0.002731077738661547,0.005628892345783691
rf,y_BTC-USD,21,2025-12-20,0.0031439599746445612,-0.003238776161996064
rf,y_BTC-USD,22,2025-12-20,0.0031439599746445612,-0.006718412636098465
rf,y_BTC-USD,23,2025-12-20,0.0031439599746445612,-0.004682518571320473
rf,y_BTC-USD,21,2025-12-21,-0.0014864790528285043,-0.0245615514105304
rf,y_BTC-USD,22,2025-12-21,-0.0014864790528285043,-0.025604946879370725
rf,y_BTC-USD,23,2025-12-21,-0.0014864790528285043,-0.021804673869266343
rf,y_BTC-USD,21,2025-12-23,0.0022646365284737513,0.009361317814839938
rf,y_BTC-USD,22,2025-12-23,0.0022646365284737513,0.009861803073993905
rf,y_BTC-USD,23,2025-12-23,0.0022646365284737513,0.0018037897304815133
rf,y_BTC-USD,21,2025-12-24,-0.004305562231041726,-0.0006941222986479987
rf,y_BTC-USD,22,2025-12-24,-0.004305562231041726,-0.0025649331014292983
rf,y_BTC-USD,23,2025-12-24,-0.004305562231041726,-0.00019803180475089314
rf,y_BTC-USD,21,2025-12-25,0.0007644603322913834,-0.002964596381861814
rf,y_BTC-USD,22,2025-12-25,0.0007644603322913834,0.0012241686276376247
rf,y_BTC-USD,23,2025-12-25,0.0007644603322913834,-0.0004508085021427799
rf,y_BTC-USD,21,2025-12-26,0.005735605525503784,-0.005964065170134877
rf,y_BTC-USD,22,2025-12-26,0.005735605525503784,0.0011653724465884817
rf,y_BTC-USD,23,2025-12-26,0.005735605525503784,-0.001662842208337556
rf,y_BTC-USD,21,2025-12-27,0.00038358610925337544,0.010817806806104967
rf,y_BTC-USD,22,2025-12-27,0.00038358610925337544,0.0019590514946450643
rf,y_BTC-USD,23,2025-12-27,0.00038358610925337544,0.003883074656020875
rf,y_BTC-USD,21,2025-12-28,-0.007943173820266769,0.0011302228882432144
rf,y_BTC-USD,22,2025-12-28,-0.007943173820266769,-0.0011332435783579546
rf,y_BTC-USD,23,2025-12-28,-0.007943173820266769,-0.00012155348016644104
rf,y_BTC-USD,21,2025-12-29,0.014826942349620564,-0.007326491684602772
rf,y_BTC-USD,22,2025-12-29,0.014826942349620564,-0.007826822216499362
rf,y_BTC-USD,23,2025-12-29,0.014826942349620564,-0.005865618444251117
rf,y_BTC-USD,21,2025-12-30,-0.01041844740246467,-0.002738500623236175
rf,y_BTC-USD,22,2025-12-30,-0.01041844740246467,-0.0026781906982688546
rf,y_BTC-USD,23,2025-12-30,-0.01041844740246467,-0.004726244836412028
rf,y_BTC-USD,21,2025-12-31,0.013977518339667538,0.010624090605042333
rf,y_BTC-USD,22,2025-12-31,0.013977518339667538,0.007971592043362143
rf,y_BTC-USD,23,2025-12-31,0.013977518339667538,0.00775822911184469
rf,y_BTC-USD,21,2026-01-01,0.013667122921255048,0.0022979410401310304
rf,y_BTC-USD,22,2026-01-01,0.013667122921255048,-0.0032524330519058805
rf,y_BTC-USD,23,2026-01-01,0.013667122921255048,0.0009562985306770595
rf,y_BTC-USD,21,2026-01-02,0.007321078638514056,-0.0011728720916381321
rf,y_BTC-USD,22,2026-01-02,0.007321078638514056,0.0008791716368620833
rf,y_BTC-USD,23,2026-01-02,0.007321078638514056,-0.001126420074366107
rf,y_BTC-USD,21,2026-01-03,0.008943445698309516,-0.006631008542002603
rf,y_BTC-USD,22,2026-01-03,0.008943445698309516,-0.0010878154121738786
rf,y_BTC-USD,23,2026-01-03,0.008943445698309516,6.0301499533004416e-05
rf,y_BTC-USD,22,2026-01-04,0.027009825802690735,-0.005478856667623763
rf,y_BTC-USD,23,2026-01-04,0.027009825802690735,0.002632997409081808
rf,y_BTC-USD,24,2026-01-04,0.027009825802690735,0.0002608490715858012
rf,y_BTC-USD,22,2026-01-05,-0.0016352711961346023,0.0007959016822183455
rf,y_BTC-USD,23,2026-01-05,-0.0016352711961346023,-0.0007645244382147199
rf,y_BTC-USD,24,2026-01-05,-0.0016352711961346023,-0.0013480885709216091
rf,y_BTC-USD,22,2026-01-06,-0.025829527204251357,0.006086624363086466
rf,y_BTC-USD,23,2026-01-06,-0.025829527204251357,0.004101506895636375
rf,y_BTC-USD,24,2026-01-06,-0.025829527204251357,-0.0013301380632717574
rf,y_BTC-USD,22,2026-01-07,-0.003076724046541912,0.002231830815159293
rf,y_BTC-USD,23,2026-01-07,-0.003076724046541912,0.004722150272059909
rf,y_BTC-USD,24,2026-01-07,-0.003076724046541912,0.004091105920024978
rf,y_BTC-USD,22,2026-01-08,-0.005646925984974294,-0.0020415063221201745
rf,y_BTC-USD,23,2026-01-08,-0.005646925984974294,-0.0066959306024621116
rf,y_BTC-USD,24,2026-01-08,-0.005646925984974294,-0.0036883541666695384
rf,y_BTC-USD,22,2026-01-09,-0.001397069847536736,0.004046354611815436
rf,y_BTC-USD,23,2026-01-09,-0.001397069847536736,0.0008103274050811488
rf,y_BTC-USD,24,2026-01-09,-0.001397069847536736,0.004202335953177772
rf,y_BTC-USD,22,2026-01-10,0.004876964768804504,0.01116745312579961
rf,y_BTC-USD,23,2026-01-10,0.004876964768804504,0.010048832477671589
rf,y_BTC-USD,24,2026-01-10,0.004876964768804504,0.012118858139015604
rf,y_BTC-USD,22,2026-01-11,0.004024457429802286,-0.001554774769266462
rf,y_BTC-USD,23,2026-01-11,0.004024457429802286,-0.0019655449294785853
rf,y_BTC-USD,24,2026-01-11,0.004024457429802286,-0.004017946454768074
rf,y_BTC-USD,22,2026-01-12,0.04527528885126264,0.00827908135623576
rf,y_BTC-USD,23,2026-01-12,0.04527528885126264,0.006207695549930142
rf,y_BTC-USD,24,2026-01-12,0.04527528885126264,0.007948864257660223
rf,y_BTC-USD,22,2026-01-13,0.016864423365986925,-0.0037198321196281895
rf,y_BTC-USD,23,2026-01-13,0.016864423365986925,-0.007672235927547893
rf,y_BTC-USD,24,2026-01-13,0.016864423365986925,-0.0015601092150728903
rf,y_BTC-USD,22,2026-01-14,-0.01421799419905967,-0.00044495284143279137
rf,y_BTC-USD,23,2026-01-14,-0.01421799419905967,0.001121081235180918
rf,y_BTC-USD,24,2026-01-14,-0.01421799419905967,-0.0023635481214260177
rf,y_BTC-USD,22,2026-01-15,-0.00027284132392391136,-0.0018776877334708397
rf,y_BTC-USD,23,2026-01-15,-0.00027284132392391136,-0.0021358373593151608
rf,y_BTC-USD,24,2026-01-15,-0.00027284132392391136,0.004692410205937644
rf,y_BTC-USD,22,2026-01-16,-0.004451136256293897,-0.007463297707448817
rf,y_BTC-USD,23,2026-01-16,-0.004451136256293897,-0.0032970625665533224
rf,y_BTC-USD,24,2026-01-16,-0.004451136256293897,-0.010028063803757054
rf,y_BTC-USD,22,2026-01-18,-0.011543146480490485,-0.007983191591097085
rf,y_BTC-USD,23,2026-01-18,-0.011543146480490485,-0.00928166134378142
rf,y_BTC-USD,24,2026-01-18,-0.011543146480490485,-0.005577911264843918
rf,y_BTC-USD,22,2026-01-19,-0.04584033237499219,-0.001666507549556733
rf,y_BTC-USD,23,2026-01-19,-0.04584033237499219,-0.0030421017403556654
rf,y_BTC-USD,24,2026-01-19,-0.04584033237499219,-0.0001883307525021055
rf,y_BTC-USD,22,2026-01-21,0.000956534957143873,-0.0024640372761107515
rf,y_BTC-USD,23,2026-01-21,0.000956534957143873,-0.0020304427875073583
rf,y_BTC-USD,24,2026-01-21,0.000956534957143873,-0.00692715396259331
rf,y_BTC-USD,22,2026-01-22,0.00046300848627667257,-0.001038817256616087
rf,y_BTC-USD,23,2026-01-22,0.00046300848627667257,0.0018300521468679082
rf,y_BTC-USD,24,2026-01-22,0.00046300848627667257,8.657190312689096e-05
rf,y_BTC-USD,22,2026-01-23,-0.00439244250598092,0.003600256891570108
rf,y_BTC-USD,23,2026-01-23,-0.00439244250598092,0.004367940007114857
rf,y_BTC-USD,24,2026-01-23,-0.00439244250598092,0.0031158744895699707
rf,y_BTC-USD,22,2026-01-24,-0.028487203509257375,0.0026441172416151034
rf,y_BTC-USD,23,2026-01-24,-0.028487203509257375,0.0008564922129384765
rf,y_BTC-USD,24,2026-01-24,-0.028487203509257375,0.0034514850587479607
rf,y_BTC-USD,22,2026-01-25,0.019578126787931138,-0.0013172705550872918
rf,y_BTC-USD,23,2026-01-25,0.019578126787931138,-0.0007061678464190582
rf,y_BTC-USD,24,2026-01-25,0.019578126787931138,-0.0016954977017894215
rf,y_BTC-USD,23,2026-01-26,0.009464787027023913,0.008172365544579063
rf,y_BTC-USD,24,2026-01-26,0.009464787027023913,0.00598420860766954
rf,y_BTC-USD,23,2026-01-27,0.0009202877056453396,0.009231532872201293
rf,y_BTC-USD,24,2026-01-27,0.0009202877056453396,0.008455434475022646
rf,y_BTC-USD,23,2026-01-28,-0.05183614563372574,0.0022432682191994586
rf,y_BTC-USD,24,2026-01-28,-0.05183614563372574,-0.002991590541344661
rf,y_BTC-USD,23,2026-01-29,-0.005119696877728619,-0.0024248214271577187
rf,y_BTC-USD,24,2026-01-29,-0.005119696877728619,-0.003169181766096126
rf,y_BTC-USD,23,2026-01-30,-0.06546567255435032,0.015534148905756513
rf,y_BTC-USD,24,2026-01-30,-0.06546567255435032,0.011552828990045469
rf,y_BTC-USD,23,2026-01-31,-0.02094439679701987,0.003332991144870209
rf,y_BTC-USD,24,2026-01-31,-0.02094439679701987,0.006929572691101766
rf,y_BTC-USD,23,2026-02-01,0.022271291537603544,-0.004264312363561217
rf,y_BTC-USD,24,2026-02-01,0.022271291537603544,-0.002709861931159699
rf,y_BTC-USD,23,2026-02-02,-0.03882661934945053,-0.005895588242171193
rf,y_BTC-USD,24,2026-02-02,-0.03882661934945053,-0.0005372558566598268
rf,y_BTC-USD,23,2026-02-03,-0.03455931736640505,-0.00102245259672498
rf,y_BTC-USD,24,2026-02-03,-0.03455931736640505,5.2638706579632985e-05
rf,y_BTC-USD,23,2026-02-04,-0.14129892381358544,0.0031769529960107667
rf,y_BTC-USD,24,2026-02-04,-0.14129892381358544,-0.0005381081278954601
rf,y_BTC-USD,23,2026-02-05,0.1252476912623226,0.0014141734441479213
rf,y_BTC-USD,24,2026-02-05,0.1252476912623226,0.00858017600948115
rf,y_BTC-USD,23,2026-02-06,-0.018048541205989532,-0.0015897522733859277
rf,y_BTC-USD,24,2026-02-06,-0.018048541205989532,0.0021823321621195165
rf,y_BTC-USD,23,2026-02-07,0.014184900201757111,-0.002252154354754144
rf,y_BTC-USD,24,2026-02-07,0.014184900201757111,-0.0026246388325053957
rf,y_BTC-USD,23,2026-02-08,-0.00204861414171964,-0.0036429188837692446
rf,y_BTC-USD,24,2026-02-08,-0.00204861414171964,-0.005612880574812944
rf,y_BTC-USD,23,2026-02-09,-0.018921927121284043,-0.004582571933957989
rf,y_BTC-USD,24,2026-02-09,-0.018921927121284043,-0.003965695277382481
rf,y_BTC-USD,23,2026-02-10,-0.02619404614799148,5.42992604537218e-05
rf,y_BTC-USD,24,2026-02-10,-0.02619404614799148,0.00243837774296258
rf,y_BTC-USD,23,2026-02-11,-0.011495780977477277,-0.0008373116216631079
rf,y_BTC-USD,24,2026-02-11,-0.011495780977477277,0.005234030553157741
rf,y_BTC-USD,23,2026-02-12,0.039805596623848194,-0.0007033820200983347
rf,y_BTC-USD,24,2026-02-12,0.039805596623848194,-0.0002703117960888161
rf,y_BTC-USD,23,2026-02-13,0.013212456278809848,-0.0002820796238131353
rf,y_BTC-USD,24,2026-02-13,0.013212456278809848,-0.002450272527832283
rf,y_BTC-USD,23,2026-02-14,-0.014038567315427408,-0.0020693979831954644
rf,y_BTC-USD,24,2026-02-14,-0.014038567315427408,0.0012437605470706178
rf,y_BTC-USD,24,2026-02-16,-0.019594358734823403,0.004524136157154534
rf,y_BTC-USD,24,2026-02-17,-0.015836888807606253,0.01174385422504728
rf,y_BTC-USD,24,2026-02-18,0.008012052068341324,-0.0010881529992322594
rf,y_BTC-USD,24,2026-02-19,0.015650197075734784,-0.0034103280109494326
rf,y_BTC-USD,24,2026-02-20,-2.435467576455963e-05,-0.0030250466405904526
rf,y_BTC-USD,24,2026-02-21,-0.005064057803784272,0.000924094352209609
rf,y_BTC-USD,24,2026-02-22,-0.04497014110892317,-0.0006723699323642243
rf,y_BTC-USD,24,2026-02-23,-0.008305824880296298,0.00044362137756468655
rf,y_BTC-USD,24,2026-02-24,0.060550552894326426,0.0065271163406758655
rf,y_BTC-USD,24,2026-02-25,-0.007450715585058165,-9.69958734610643e-05
rf,y_BTC-USD,24,2026-02-26,-0.023304501473983996,0.00029494219565960047
rf,y_BTC-USD,24,2026-02-27,0.016910019957618205,-0.006181068017123421
rf,y_BTC-USD,24,2026-02-28,-0.018773664883674046,-0.0015179471095509989
rf,y_BTC-USD,24,2026-03-01,0.04620988327616793,-0.007588420799846466
rf,y_BTC-USD,24,2026-03-02,-0.007011227255569463,0.00034892904020480676
rf,y_BTC-USD,24,2026-03-03,0.06467555605177866,0.0020665553373031046
rf,y_BTC-USD,24,2026-03-04,-0.025710882421896564,0.002613339832981626
rf,y_BTC-USD,24,2026-03-05,-0.03817885179689062,0.0023740847290832116
rf,y_BTC-USD,24,2026-03-06,-0.01267893913767526,-0.00649797644551084
rf,y_BTC-USD,24,2026-03-08,0.03687448277691541,-0.009630157683344296
rf,y_GLD,0,2024-08-05,-0.00800071383261225,-0.0014858534976866687
rf,y_GLD,0,2024-08-06,-0.0006796279952806517,5.521707289292317e-05
rf,y_GLD,0,2024-08-07,0.015688013635013265,0.0014738497997865308
rf,y_GLD,0,2024-08-08,0.0024552612171102606,-0.0018044723223169588
rf,y_GLD,0,2024-08-12,-0.001532358906807807,0.0008368988026119452
rf,y_GLD,0,2024-08-13,-0.00815575125082435,-0.001419430346065768
rf,y_GLD,0,2024-08-14,0.0031388449312383937,-0.000167758711990873
rf,y_GLD,0,2024-08-15,0.022387738526589596,2.5981634767501444e-05
rf,y_GLD,0,2024-08-19,0.0036699887797402297,-0.00029784657244345537
rf,y_GLD,0,2024-08-20,-0.0013336178629831386,0.0008356694821037061
rf,y_GLD,0,2024-08-21,-0.011975011209935715,-9.992378849922509e-05
rf,y_GLD,0,2024-08-22,0.011553425520715921,0.0007159054405514388
rf,y_GLD,0,2024-08-26,0.002706671669018057,0.0005991845539605116
rf,y_GLD,1,2024-08-26,0.002706671669018057,0.0010307583130909376
rf,y_GLD,0,2024-08-27,-0.007026862307456638,-7.847405898122235e-05
rf,y_GLD,1,2024-08-27,-0.007026862307456638,-0.00023355361665702197
rf,y_GLD,0,2024-08-28,0.005177980359189593,-0.0005089096466817313
rf,y_GLD,1,2024-08-28,0.005177980359189593,-0.00012146630981686816
rf,y_GLD,0,2024-08-29,-0.0071260085162319076,0.0003525807939237513
rf,y_GLD,1,2024-08-29,-0.0071260085162319076,-0.0007235362277996057
rf,y_GLD,0,2024-09-03,0.000607926500195255,0.0007229838461267281
rf,y_GLD,1,2024-09-03,0.000607926500195255,-0.0006910868980466214
rf,y_GLD,0,2024-09-04,0.008332306942507417,-0.0006779703594820505
rf,y_GLD,1,2024-09-04,0.008332306942507417,0.00012303804500988225
rf,y_GLD,0,2024-09-05,-0.00740263040895639,0.000653855754131973
rf,y_GLD,1,2024-09-05,-0.00740263040895639,0.0007923604519849479
rf,y_GLD,0,2024-09-09,0.004404097525006145,-3.3796881350884696e-05
rf,y_GLD,1,2024-09-09,0.004404097525006145,0.0001190020384922108
rf,y_GLD,0,2024-09-10,-0.001590555949419148,0.0010294649541025278
rf,y_GLD,1,2024-09-10,-0.001590555949419148,0.001705949296860998
rf,y_GLD,0,2024-09-11,0.017567284525531468,0.0004083164823754935
rf,y_GLD,1,2024-09-11,0.017567284525531468,0.0012243371246485743
rf,y_GLD,0,2024-09-12,0.009943683944142245,0.0025106610438364457
rf,y_GLD,1,2024-09-12,0.009943683944142245,0.0020411704801424273
rf,y_GLD,2,2024-09-12,0.009943683944142245,0.002896656252778614
rf,y_GLD,0,2024-09-16,-0.005530911354914347,0.0010272126368672779
rf,y_GLD,1,2024-09-16,-0.005530911354914347,0.0011863943841586362
rf,y_GLD,2,2024-09-16,-0.005530911354914347,0.00046372459545445294
rf,y_GLD,0,2024-09-17,-0.007710465405288747,-0.00022806550484212132
rf,y_GLD,1,2024-09-17,-0.007710465405288747,-0.0019873434954510985
rf,y_GLD,2,2024-09-17,-0.007710465405288747,-0.0019002486804013618
rf,y_GLD,0,2024-09-18,0.015540757281972128,-0.00021315916963173347
rf,y_GLD,1,2024-09-18,0.015540757281972128,-0.0010687745323319962
rf,y_GLD,2,2024-09-18,0.015540757281972128,-0.00043606187756388507
rf,y_GLD,0,2024-09-19,0.012710660066880486,-0.003655476391992604
rf,y_GLD,1,2024-09-19,0.012710660066880486,-0.0036124747333675556
rf,y_GLD,2,2024-09-19,0.012710660066880486,-0.003922202384389806
rf,y_GLD,0,2024-09-23,0.01396907347432852,0.00025142453802413554
rf,y_GLD,1,2024-09-23,0.01396907347432852,0.00018668687792426086
rf,y_GLD,2,2024-09-23,0.01396907347432852,-0.00048007794326419736
rf,y_GLD,0,2024-09-24,-0.001381767735032069,-0.0012257562811727092
rf,y_GLD,1,2024-09-24,-0.001381767735032069,-0.0023506601212935924
rf,y_GLD,2,2024-09-24,-0.001381767735032069,-0.0011396462397529506
rf,y_GLD,0,2024-09-25,0.005086884066794806,0.00019550203825551745
rf,y_GLD,1,2024-09-25,0.005086884066794806,-0.000704984255330779
rf,y_GLD,2,2024-09-25,0.005086884066794806,3.895597342392365e-05
rf,y_GLD,0,2024-09-26,-0.007935830791900744,-2.8708078847912896e-05
rf,y_GLD,1,2024-09-26,-0.007935830791900744,0.0004625591027098512
rf,y_GLD,2,2024-09-26,-0.007935830791900744,-0.0005051676750674953
rf,y_GLD,0,2024-09-30,0.010491249392624358,-0.0004975068291599346
rf,y_GLD,1,2024-09-30,0.010491249392624358,0.0011781628547699735
rf,y_GLD,2,2024-09-30,0.010491249392624358,-0.0002916456309072631
rf,y_GLD,0,2024-10-01,0.0002035871977259518,-0.002431039721666676
rf,y_GLD,1,2024-10-01,0.0002035871977259518,-0.001711850227141832
rf,y_GLD,2,2024-10-01,0.0002035871977259518,-0.003931487686234958
rf,y_GLD,0,2024-10-02,-0.0006920058878573387,0.002291550238886645
rf,y_GLD,1,2024-10-02,-0.0006920058878573387,0.002162139140258962
rf,y_GLD,2,2024-10-02,-0.0006920058878573387,0.0020035833552111693
rf,y_GLD,0,2024-10-03,-0.001996030315693398,-0.0018087563274345048
rf,y_GLD,1,2024-10-03,-0.001996030315693398,-0.001143557460092572
rf,y_GLD,2,2024-10-03,-0.001996030315693398,-0.0019396244945973056
rf,y_GLD,1,2024-10-07,-0.007371925565205384,-0.0006340218215201106
rf,y_GLD,2,2024-10-07,-0.007371925565205384,0.00041698149888852085
rf,y_GLD,3,2024-10-07,-0.007371925565205384,0.0007366090060560011
rf,y_GLD,1,2024-10-08,-0.005446185963701722,-0.0001459118357646098
rf,y_GLD,2,2024-10-08,-0.005446185963701722,0.0014011205510527018
rf,y_GLD,3,2024-10-08,-0.005446185963701722,0.0003022292544124505
rf,y_GLD,1,2024-10-09,0.007342892553628744,0.0015186503390158803
rf,y_GLD,2,2024-10-09,0.007342892553628744,0.0013583243666611974
rf,y_GLD,3,2024-10-09,0.007342892553628744,-5.278733883336643e-05
rf,y_GLD,1,2024-10-10,0.010913408354139564,-0.0010114228481318895
rf,y_GLD,2,2024-10-10,0.010913408354139564,-0.0011985803902410026
rf,y_GLD,3,2024-10-10,0.010913408354139564,-0.0004208617229767897
rf,y_GLD,1,2024-10-14,0.003468359323146597,-0.0028385545837601232
rf,y_GLD,2,2024-10-14,0.003468359323146597,-0.002320265853813829
rf,y_GLD,3,2024-10-14,0.003468359323146597,-0.0020972637329963423
rf,y_GLD,1,2024-10-15,0.005001609209081437,0.0004336085439460948
rf,y_GLD,2,2024-10-15,0.005001609209081437,0.0006016908809336762
rf,y_GLD,3,2024-10-15,0.005001609209081437,0.0011864560976761343
rf,y_GLD,1,2024-10-16,0.005988310835030708,0.0015416019252627756
rf,y_GLD,2,2024-10-16,0.005988310835030708,0.0018508230003571769
rf,y_GLD,3,2024-10-16,0.005988310835030708,0.0012308663282224067
rf,y_GLD,1,2024-10-17,0.010618185005034864,0.0012546548123922724
rf,y_GLD,2,2024-10-17,0.010618185005034864,0.0011261185303389858
rf,y_GLD,3,2024-10-17,0.010618185005034864,0.00015111303438431663
rf,y_GLD,1,2024-10-21,0.01078732362833379,0.002000741653719415
rf,y_GLD,2,2024-10-21,0.01078732362833379,0.001009849320402915
rf,y_GLD,3,2024-10-21,0.01078732362833379,0.0012358874789470352
rf,y_GLD,1,2024-10-22,-0.012050555849465017,-0.0011211880135679067
rf,y_GLD,2,2024-10-22,-0.012050555849465017,-0.0009569873291649415
rf,y_GLD,3,2024-10-22,-0.012050555849465017,-0.0006813592743029562
rf,y_GLD,1,2024-10-23,0.007693259346016168,0.0013260917045671867
rf,y_GLD,2,2024-10-23,0.007693259346016168,0.0016258926867318687
rf,y_GLD,3,2024-10-23,0.007693259346016168,0.003189470786660689
rf,y_GLD,1,2024-10-24,0.0020569789010425055,0.00022411456656901417
rf,y_GLD,2,2024-10-24,0.0020569789010425055,-3.178324964522028e-05
rf,y_GLD,3,2024-10-24,0.0020569789010425055,0.0005613561336924052
rf,y_GLD,2,2024-10-28,0.010894858433216914,-0.00031816974234257314
rf,y_GLD,3,2024-10-28,0.010894858433216914,9.85447352385547e-05
rf,y_GLD,4,2024-10-28,0.010894858433216914,0.0016528594921369803
rf,y_GLD,2,2024-10-29,0.005505891218995584,0.0033619194960982294
rf,y_GLD,3,2024-10-29,0.005505891218995584,0.004317053965629857
rf,y_GLD,4,2024-10-29,0.005505891218995584,0.004647012157700173
rf,y_GLD,2,2024-10-30,-0.015495166963743756,-0.0013022622196117736
rf,y_GLD,3,2024-10-30,-0.015495166963743756,-0.0004891157844258939
rf,y_GLD,4,2024-10-30,-0.015495166963743756,-0.0010059813385099657
rf,y_GLD,2,2024-10-31,-0.004102375877353515,0.000312670652821781
rf,y_GLD,3,2024-10-31,-0.004102375877353515,0.0008419449234730804
rf,y_GLD,4,2024-10-31,-0.004102375877353515,0.00023794345970175787
rf,y_GLD,2,2024-11-04,0.002254447895035039,-0.0013337223104529412
rf,y_GLD,3,2024-11-04,0.002254447895035039,-0.0010433879600155024
rf,y_GLD,4,2024-11-04,0.002254447895035039,0.00046940716764742874
rf,y_GLD,2,2024-11-05,-0.030386729020158265,-0.0007907905709375219
rf,y_GLD,3,2024-11-05,-0.030386729020158265,-0.0005185525183340154
rf,y_GLD,4,2024-11-05,-0.030386729020158265,0.0007052949131612242
rf,y_GLD,2,2024-11-06,0.01607650385553039,-0.001059572398835946
rf,y_GLD,3,2024-11-06,0.01607650385553039,-0.0019878671406480344
rf,y_GLD,4,2024-11-06,0.01607650385553039,-0.0009714367258180469
rf,y_GLD,2,2024-11-07,-0.006769426092267272,-3.994277084430157e-06
rf,y_GLD,3,2024-11-07,-0.006769426092267272,0.0008533293310578532
rf,y_GLD,4,2024-11-07,-0.006769426092267272,6.86226590176429e-05
rf,y_GLD,2,2024-11-11,-0.008631355179477884,-0.0006489633034569138
rf,y_GLD,3,2024-11-11,-0.008631355179477884,0.0009033636645884867
rf,y_GLD,4,2024-11-11,-0.008631355179477884,0.00036443191296421743
rf,y_GLD,2,2024-11-12,-0.010081225320474285,0.0006010654253877497
rf,y_GLD,3,2024-11-12,-0.010081225320474285,0.0012380529996365455
rf,y_GLD,4,2024-11-12,-0.010081225320474285,0.0011976389286741968
rf,y_GLD,2,2024-11-13,-0.0026091417886485724,0.00024110827109257623
rf,y_GLD,3,2024-11-13,-0.0026091417886485724,0.0009670507032673534
rf,y_GLD,4,2024-11-13,-0.0026091417886485724,0.0009970315416129676
rf,y_GLD,2,2024-11-14,-0.0017720694429754769,0.0027253272340628234
rf,y_GLD,3,2024-11-14,-0.0017720694429754769,0.004278636683698994
rf,y_GLD,4,2024-11-14,-0.0017720694429754769,0.002671106060536571
rf,y_GLD,3,2024-11-18,0.008959325127211315,0.0010600517818683977
rf,y_GLD,4,2024-11-18,0.008959325127211315,0.0017062714594810698
rf,y_GLD,5,2024-11-18,0.008959325127211315,0.0029931633648284965
rf,y_GLD,3,2024-11-19,0.005632045702723465,0.002318484247196517
rf,y_GLD,4,2024-11-19,0.005632045702723465,0.003205398734879646
rf,y_GLD,5,2024-11-19,0.005632045702723465,0.004598571439412935
rf,y_GLD,3,2024-11-20,0.00833950039098208,-0.00014870216910712515
rf,y_GLD,4,2024-11-20,0.00833950039098208,-0.0018434514394708372
rf,y_GLD,5,2024-11-20,0.00833950039098208,0.0022110736784212966
rf,y_GLD,3,2024-11-21,0.012892210445830887,0.0003449663398694939
rf,y_GLD,4,2024-11-21,0.012892210445830887,0.0003860323724258217
rf,y_GLD,5,2024-11-21,0.012892210445830887,0.0032176393680513264
rf,y_GLD,3,2024-11-25,0.0019383092584317474,-1.4281896945447791e-05
rf,y_GLD,4,2024-11-25,0.0019383092584317474,0.0003032954527101543
rf,y_GLD,5,2024-11-25,0.0019383092584317474,-0.0007903107886898797
rf,y_GLD,3,2024-11-26,0.002222714763140843,0.000619071466445295
rf,y_GLD,4,2024-11-26,0.002222714763140843,0.0018656199066952373
rf,y_GLD,5,2024-11-26,0.002222714763140843,-0.00013239598250164113
rf,y_GLD,3,2024-12-02,0.002012776164397767,0.0003498349673428408
rf,y_GLD,4,2024-12-02,0.002012776164397767,0.0004839144182365344
rf,y_GLD,5,2024-12-02,0.002012776164397767,-0.00020382516556817406
rf,y_GLD,3,2024-12-03,0.003033679807253664,-0.00103436537460276
rf,y_GLD,4,2024-12-03,0.003033679807253664,-0.0013956594959283438
rf,y_GLD,5,2024-12-03,0.003033679807253664,-0.0006178149538381519
rf,y_GLD,3,2024-12-04,-0.007397709454119106,0.0008209819333943371
rf,y_GLD,4,2024-12-04,-0.007397709454119106,0.0013604424333287374
rf,y_GLD,5,2024-12-04,-0.007397709454119106,0.0006910921500511712
rf,y_GLD,3,2024-12-05,0.0003705687954558279,-0.001164966919256826
rf,y_GLD,4,2024-12-05,0.0003705687954558279,0.0002993771973098682
rf,y_GLD,5,2024-12-05,0.0003705687954558279,-0.0015156506607980882
rf,y_GLD,4,2024-12-09,0.01316431251835759,-0.0003970387977971353
rf,y_GLD,5,2024-12-09,0.01316431251835759,0.00070768676277795
rf,y_GLD,6,2024-12-09,0.01316431251835759,0.000246422697050581
rf,y_GLD,4,2024-12-10,0.009533812345188464,0.0004549420606192206
rf,y_GLD,5,2024-12-10,0.009533812345188464,0.00040160224515119284
rf,y_GLD,6,2024-12-10,0.009533812345188464,0.0006836927046514192
rf,y_GLD,4,2024-12-11,-0.014663722649505995,-0.0009687524984582937
rf,y_GLD,5,2024-12-11,-0.014663722649505995,-0.0020104706195362876
rf,y_GLD,6,2024-12-11,-0.014663722649505995,-0.0011768278040384754
rf,y_GLD,4,2024-12-12,-0.012091578404740733,0.0012158639018188375
rf,y_GLD,5,2024-12-12,-0.012091578404740733,0.001411572859653303
rf,y_GLD,6,2024-12-12,-0.012091578404740733,0.0011853332971605874
rf,y_GLD,4,2024-12-16,-0.0038386247250202787,0.00035808518050697754
rf,y_GLD,5,2024-12-16,-0.0038386247250202787,0.0008989429574117783
rf,y_GLD,6,2024-12-16,-0.0038386247250202787,-2.6709879891530694e-05
rf,y_GLD,4,2024-12-17,-0.01918507783771295,0.004033848018313925
rf,y_GLD,5,2024-12-17,-0.01918507783771295,0.003514074309617385
rf,y_GLD,6,2024-12-17,-0.01918507783771295,0.0027081268436113647
rf,y_GLD,4,2024-12-18,0.0014210967336198976,0.0023347151535801675
rf,y_GLD,5,2024-12-18,0.0014210967336198976,0.0009498157501949045
rf,y_GLD,6,2024-12-18,0.0014210967336198976,0.0005986289627041461
rf,y_GLD,4,2024-12-19,0.010434056495473909,-0.004675040977650238
rf,y_GLD,5,2024-12-19,0.010434056495473909,-0.0029589474484933618
rf,y_GLD,6,2024-12-19,0.010434056495473909,-0.004628621773366007
rf,y_GLD,4,2024-12-23,0.001992014086009908,0.0017669197246858864
rf,y_GLD,5,2024-12-23,0.001992014086009908,0.0011674978178725713
rf,y_GLD,6,2024-12-23,0.001992014086009908,0.0017601447058068099
rf,y_GLD,4,2024-12-26,-0.0068705038771270655,0.000146739676241206
rf,y_GLD,5,2024-12-26,-0.0068705038771270655,-0.0008000828260422801
rf,y_GLD,6,2024-12-26,-0.0068705038771270655,-4.1882530663323034e-05
rf,y_GLD,5,2024-12-30,0.006233636577161361,0.0004997888016409352
rf,y_GLD,6,2024-12-30,0.006233636577161361,-0.00012603024895337377
rf,y_GLD,7,2024-12-30,0.006233636577161361,0.00084934154675629
rf,y_GLD,5,2025-01-02,-0.007864039973028758,-0.001160149532566542
rf,y_GLD,6,2025-01-02,-0.007864039973028758,0.00017550737368767776
rf,y_GLD,7,2025-01-02,-0.007864039973028758,0.0004479746018954391
rf,y_GLD,5,2025-01-06,0.005633435188264091,-0.000204104389173293
rf,y_GLD,6,2025-01-06,0.005633435188264091,0.0006378455647765281
rf,y_GLD,7,2025-01-06,0.005633435188264091,0.002121865565659046
rf,y_GLD,5,2025-01-07,0.005315681488124113,0.0026150667989195938
rf,y_GLD,6,2025-01-07,0.005315681488124113,0.002864509258200266
rf,y_GLD,7,2025-01-07,0.005315681488124113,0.0036563444971124135
rf,y_GLD,5,2025-01-13,0.005249423200524239,-0.0008831802917400387
rf,y_GLD,6,2025-01-13,0.005249423200524239,-0.0004442933209507634
rf,y_GLD,7,2025-01-13,0.005249423200524239,0.0004765215508543715
rf,y_GLD,5,2025-01-14,0.007488993695735191,0.001641437863095426
rf,y_GLD,6,2025-01-14,0.007488993695735191,0.0015183086986765007
rf,y_GLD,7,2025-01-14,0.007488993695735191,0.0018852606859711398
rf,y_GLD,5,2025-01-15,0.006910965874952435,0.0012586898557573603
rf,y_GLD,6,2025-01-15,0.006910965874952435,0.0014238435370231126
rf,y_GLD,7,2025-01-15,0.006910965874952435,0.0026983691977644064
rf,y_GLD,5,2025-01-16,-0.005307269747253374,-7.087656581293659e-05
rf,y_GLD,6,2025-01-16,-0.005307269747253374,0.0008536148703293556
rf,y_GLD,7,2025-01-16,-0.005307269747253374,0.0007976836941720346
rf,y_GLD,6,2025-01-21,0.005135652699768123,0.0012432437783668306
rf,y_GLD,7,2025-01-21,0.005135652699768123,0.0009361023188549228
rf,y_GLD,8,2025-01-21,0.005135652699768123,0.0009863564055120695
rf,y_GLD,6,2025-01-22,-0.0014148699521492336,0.0011487788499391527
rf,y_GLD,7,2025-01-22,-0.0014148699521492336,0.0012059847583489982
rf,y_GLD,8,2025-01-22,-0.0014148699521492336,0.0015842566028455112
rf,y_GLD,6,2025-01-23,0.006218705580031125,-0.001149551587897286
rf,y_GLD,7,2025-01-23,0.006218705580031125,-0.001804047298528902
rf,y_GLD,8,2025-01-23,0.006218705580031125,-0.0013186886280638355
rf,y_GLD,6,2025-01-27,0.008656417783572623,0.0038089360492477575
rf,y_GLD,7,2025-01-27,0.008656417783572623,0.004651780471485961
rf,y_GLD,8,2025-01-27,0.008656417783572623,0.005257363897063752
rf,y_GLD,6,2025-01-28,-0.0038404097330004827,0.003031379852415983
rf,y_GLD,7,2025-01-28,-0.0038404097330004827,0.002155205359019427
rf,y_GLD,8,2025-01-28,-0.0038404097330004827,0.0025318754768680154
rf,y_GLD,6,2025-01-29,0.01514551884715587,0.0006844867683826333
rf,y_GLD,7,2025-01-29,0.01514551884715587,-0.0005374083329667915
rf,y_GLD,8,2025-01-29,0.01514551884715587,-0.0006134320171844962
rf,y_GLD,6,2025-01-30,0.0019763991077346166,6.422296437173977e-05
rf,y_GLD,7,2025-01-30,0.0019763991077346166,-0.0010529970704738693
rf,y_GLD,8,2025-01-30,0.0019763991077346166,0.0006024144064433912
rf,y_GLD,6,2025-02-03,0.00984841707528572,0.00020084058893579855
rf,y_GLD,7,2025-02-03,0.00984841707528572,-6.237233410880949e-05
rf,y_GLD,8,2025-02-03,0.00984841707528572,0.00039463644435363263
rf,y_GLD,6,2025-02-04,0.006209542410714253,0.001628550884500483
rf,y_GLD,7,2025-02-04,0.006209542410714253,0.0020049572845423644
rf,y_GLD,8,2025-02-04,0.006209542410714253,0.002731645314943252
rf,y_GLD,6,2025-02-05,-0.0026502562908058414,0.001973609818705981
rf,y_GLD,7,2025-02-05,-0.0026502562908058414,0.00038873052295362404
rf,y_GLD,8,2025-02-05,-0.0026502562908058414,0.0013030782537657253
rf,y_GLD,6,2025-02-06,0.0017841598670260694,-0.0003102461116102286
rf,y_GLD,7,2025-02-06,0.0017841598670260694,-0.00041231835154450315
rf,y_GLD,8,2025-02-06,0.0017841598670260694,0.00022460411631491096
rf,y_GLD,7,2025-02-10,-0.0036516022155236305,0.00015541185571200561
rf,y_GLD,8,2025-02-10,-0.0036516022155236305,0.0002068598661988256
rf,y_GLD,9,2025-02-10,-0.0036516022155236305,-0.0009914746497355917
rf,y_GLD,7,2025-02-11,0.0010471549570203464,-0.0011796073471277571
rf,y_GLD,8,2025-02-11,0.0010471549570203464,0.0007009934923116578
rf,y_GLD,9,2025-02-11,0.0010471549570203464,0.00010876307037219572
rf,y_GLD,7,2025-02-12,0.009862831092105395,0.00038816610944220433
rf,y_GLD,8,2025-02-12,0.009862831092105395,0.0010166287873622124
rf,y_GLD,9,2025-02-12,0.009862831092105395,-0.00038925212059868765
rf,y_GLD,7,2025-02-13,-0.014871773334245386,0.000513114438708088
rf,y_GLD,8,2025-02-13,-0.014871773334245386,0.0004359324875025217
rf,y_GLD,9,2025-02-13,-0.014871773334245386,0.0008859908853749561
rf,y_GLD,7,2025-02-18,0.000554096378723612,0.0017207342680361651
rf,y_GLD,8,2025-02-18,0.000554096378723612,0.0004926928806414562
rf,y_GLD,9,2025-02-18,0.000554096378723612,-0.0008773172845516366
rf,y_GLD,7,2025-02-19,0.0005168326664386491,-0.0006115622593992065
rf,y_GLD,8,2025-02-19,0.0005168326664386491,-0.0008717453052606248
rf,y_GLD,9,2025-02-19,0.0005168326664386491,-0.0009763502330269995
rf,y_GLD,7,2025-02-20,-0.0009225433005247696,0.003954913711939314
rf,y_GLD,8,2025-02-20,-0.0009225433005247696,0.0028276827700513857
rf,y_GLD,9,2025-02-20,-0.0009225433005247696,0.0036077882755502916
rf,y_GLD,7,2025-02-24,-0.013188334192659745,0.0012194460561000828
rf,y_GLD,8,2025-02-24,-0.013188334192659745,0.002707479845015148
rf,y_GLD,9,2025-02-24,-0.013188334192659745,0.000986761577743268
rf,y_GLD,7,2025-02-25,0.0015263333689308212,0.000664728635557596
rf,y_GLD,8,2025-02-25,0.0015263333689308212,0.0015497102610446004
rf,y_GLD,9,2025-02-25,0.0015263333689308212,0.0019504267355685131
rf,y_GLD,7,2025-02-26,-0.015239958822878874,-0.0010391940163719886
rf,y_GLD,8,2025-02-26,-0.015239958822878874,0.0013922663086894439
rf,y_GLD,9,2025-02-26,-0.015239958822878874,-0.0006533961262188563
rf,y_GLD,7,2025-02-27,-0.006265820058134697,0.0003306596560187965
rf,y_GLD,8,2025-02-27,-0.006265820058134697,0.00045109561529800557
rf,y_GLD,9,2025-02-27,-0.006265820058134697,-0.0007922221190328547
rf,y_GLD,8,2025-03-03,0.00869763593445505,-0.001341054122688884
rf,y_GLD,9,2025-03-03,0.00869763593445505,-0.0001556980348670393
rf,y_GLD,10,2025-03-03,0.00869763593445505,0.00023872232972991237
rf,y_GLD,8,2025-03-04,0.0020813110966890758,0.0021703372148250853
rf,y_GLD,9,2025-03-04,0.0020813110966890758,0.0022950292319328667
rf,y_GLD,10,2025-03-04,0.0020813110966890758,0.0012690129483223188
rf,y_GLD,8,2025-03-05,-0.005081207410422395,-0.0007252833098857677
rf,y_GLD,9,2025-03-05,-0.005081207410422395,-0.0005986134164206523
rf,y_GLD,10,2025-03-05,-0.005081207410422395,0.0004572604467985778
rf,y_GLD,8,2025-03-06,0.0005219558189655249,0.0013361135546613306
rf,y_GLD,9,2025-03-06,0.0005219558189655249,0.0011531866163843848
rf,y_GLD,10,2025-03-06,0.0005219558189655249,0.002182415024161415
rf,y_GLD,8,2025-03-10,0.011727541035094546,-0.0003594123570600627
rf,y_GLD,9,2025-03-10,0.011727541035094546,-0.0011303150662305065
rf,y_GLD,10,2025-03-10,0.011727541035094546,-0.002285228112014671
rf,y_GLD,8,2025-03-11,0.004346793335703092,-0.00018710394274374097
rf,y_GLD,9,2025-03-11,0.004346793335703092,-0.0009650896189854596
rf,y_GLD,10,2025-03-11,0.004346793335703092,-0.0014950864117868575
rf,y_GLD,8,2025-03-12,0.017756144523255468,0.0025364516576829284
rf,y_GLD,9,2025-03-12,0.017756144523255468,0.003720630312167546
rf,y_GLD,10,2025-03-12,0.017756144523255468,0.002262120563048098
rf,y_GLD,8,2025-03-13,0.00039975774946587883,0.0008097400353693126
rf,y_GLD,9,2025-03-13,0.00039975774946587883,0.0006072299853226835
rf,y_GLD,10,2025-03-13,0.00039975774946587883,0.0014178156468499217
rf,y_GLD,8,2025-03-17,0.011671955843306048,-0.0023272868933590474
rf,y_GLD,9,2025-03-17,0.011671955843306048,-0.002905728357243567
rf,y_GLD,10,2025-03-17,0.011671955843306048,-0.0032438479849401587
rf,y_GLD,8,2025-03-18,0.004107707999658539,0.0001319956573609236
rf,y_GLD,9,2025-03-18,0.004107707999658539,0.0005785862900848981
rf,y_GLD,10,2025-03-18,0.004107707999658539,-0.0006513945583789121
rf,y_GLD,8,2025-03-19,-0.0012805854303336028,-0.0007546105985956295
rf,y_GLD,9,2025-03-19,-0.0012805854303336028,-0.0029727430997202736
rf,y_GLD,10,2025-03-19,-0.0012805854303336028,-0.0017142947166489443
rf,y_GLD,8,2025-03-20,-0.008049901213267985,-0.0012895159358237596
rf,y_GLD,9,2025-03-20,-0.008049901213267985,-0.0019515306972697035
rf,y_GLD,10,2025-03-20,-0.008049901213267985,-0.0015031574827078064
rf,y_GLD,9,2025-03-24,0.004400365088198743,-0.0017565630453967335
rf,y_GLD,10,2025-03-24,0.004400365088198743,-0.0019623370666281125
rf,y_GLD,11,2025-03-24,0.004400365088198743,-0.0008814595533324828
rf,y_GLD,9,2025-03-25,-0.0008259812019960622,0.0010965643059166177
rf,y_GLD,10,2025-03-25,-0.0008259812019960622,0.000541351573452357
rf,y_GLD,11,2025-03-25,-0.0008259812019960622,0.001033909166795997
rf,y_GLD,9,2025-03-26,0.013405732882559862,0.0015762378722119432
rf,y_GLD,10,2025-03-26,0.013405732882559862,-0.0003501840706766355
rf,y_GLD,11,2025-03-26,0.013405732882559862,-0.0004748753919236311
rf,y_GLD,9,2025-03-27,0.007412123023167627,0.001304921646107863
rf,y_GLD,10,2025-03-27,0.007412123023167627,0.0015795924782401845
rf,y_GLD,11,2025-03-27,0.007412123023167627,0.0010334485988255204
rf,y_GLD,9,2025-03-31,-0.0019782303576065807,0.0017548118514140018
rf,y_GLD,10,2025-03-31,-0.0019782303576065807,0.0010082809415801937
rf,y_GLD,11,2025-03-31,-0.0019782303576065807,0.0023169041104178206
rf,y_GLD,9,2025-04-01,0.0020516615880092903,0.004111794494186531
rf,y_GLD,10,2025-04-01,0.0020516615880092903,0.0018936651374959071
rf,y_GLD,11,2025-04-01,0.0020516615880092903,0.0017154115648544068
rf,y_GLD,9,2025-04-02,-0.006038278082531101,0.0015758719114919643
rf,y_GLD,10,2025-04-02,-0.006038278082531101,0.0019002491749626315
rf,y_GLD,11,2025-04-02,-0.006038278082531101,0.0009506000601915458
rf,y_GLD,9,2025-04-03,-0.02339226273628292,6.823159936192406e-05
rf,y_GLD,10,2025-04-03,-0.02339226273628292,-0.0010056229349349752
rf,y_GLD,11,2025-04-03,-0.02339226273628292,-0.0006861225209227735
rf,y_GLD,9,2025-04-07,0.005443793790763651,-0.004368368233224808
rf,y_GLD,10,2025-04-07,0.005443793790763651,-0.005199532182676982
rf,y_GLD,11,2025-04-07,0.005443793790763651,-0.005498501891980602
rf,y_GLD,9,2025-04-08,0.03699125081478161,-0.0004955355826019942
rf,y_GLD,10,2025-04-08,0.03699125081478161,0.0005324722690417145
rf,y_GLD,11,2025-04-08,0.03699125081478161,2.7623928580620497e-05
rf,y_GLD,9,2025-04-09,0.0244235794430141,-0.0005224059614882749
rf,y_GLD,10,2025-04-09,0.0244235794430141,-0.0002031446086686715
rf,y_GLD,11,2025-04-09,0.0244235794430141,-0.0012573083746331981
rf,y_GLD,9,2025-04-10,0.019086664805096243,0.0024640208710442935
rf,y_GLD,10,2025-04-10,0.019086664805096243,0.0026577906198657925
rf,y_GLD,11,2025-04-10,0.019086664805096243,0.0044997284067212935
rf,y_GLD,10,2025-04-14,0.005232379352138938,0.0016968306620240125
rf,y_GLD,11,2025-04-14,0.005232379352138938,0.0018532002548503966
rf,y_GLD,12,2025-04-14,0.005232379352138938,0.0026558148633765073
rf,y_GLD,10,2025-04-15,0.0325408102664011,0.0008631684265410565
rf,y_GLD,11,2025-04-15,0.0325408102664011,0.0017184671418563732
rf,y_GLD,12,2025-04-15,0.0325408102664011,0.0010888381468664313
rf,y_GLD,10,2025-04-16,-0.004390692094044635,0.0023649433841227393
rf,y_GLD,11,2025-04-16,-0.004390692094044635,0.003187803558736411
rf,y_GLD,12,2025-04-16,-0.004390692094044635,0.0026912318427136585
rf,y_GLD,10,2025-04-21,-0.014195668551963636,0.0015572705072520547
rf,y_GLD,11,2025-04-21,-0.014195668551963636,0.0008296728466371935
rf,y_GLD,12,2025-04-21,-0.014195668551963636,0.0011972996659393035
rf,y_GLD,10,2025-04-22,-0.023978630729734163,0.0006733783761453606
rf,y_GLD,11,2025-04-22,-0.023978630729734163,-0.000359006646435168
rf,y_GLD,12,2025-04-22,-0.023978630729734163,-4.092589714818536e-05
rf,y_GLD,10,2025-04-23,0.014556277018207942,-0.001081166478064205
rf,y_GLD,11,2025-04-23,0.014556277018207942,0.0012974730446179417
rf,y_GLD,12,2025-04-23,0.014556277018207942,0.0017116164722648355
rf,y_GLD,10,2025-04-24,-0.010841679678267213,0.0053543627061720216
rf,y_GLD,11,2025-04-24,-0.010841679678267213,0.0046038261731825725
rf,y_GLD,12,2025-04-24,-0.010841679678267213,0.004552297648752395
rf,y_GLD,10,2025-04-28,-0.009738925467677295,-0.0005353746713450041
rf,y_GLD,11,2025-04-28,-0.009738925467677295,0.0009013879508743781
rf,y_GLD,12,2025-04-28,-0.009738925467677295,0.0009767346622537615
rf,y_GLD,10,2025-04-29,-0.007482221012837242,0.0022959219377410847
rf,y_GLD,11,2025-04-29,-0.007482221012837242,0.0009078437869820156
rf,y_GLD,12,2025-04-29,-0.007482221012837242,0.0011768876890906406
rf,y_GLD,10,2025-04-30,-0.02077228754256477,0.002343329800185818
rf,y_GLD,11,2025-04-30,-0.02077228754256477,0.0015626196878777124
rf,y_GLD,12,2025-04-30,-0.02077228754256477,0.0014260980778329324
rf,y_GLD,10,2025-05-01,0.0017481999132260562,0.001070703813887175
rf,y_GLD,11,2025-05-01,0.0017481999132260562,0.0010745757661649433
rf,y_GLD,12,2025-05-01,0.0017481999132260562,0.000828196884100262
rf,y_GLD,11,2025-05-05,0.02802400275899264,0.0003984184990633022
rf,y_GLD,12,2025-05-05,0.02802400275899264,0.0005054987654810698
rf,y_GLD,13,2025-05-05,0.02802400275899264,-4.779554501281961e-05
rf,y_GLD,11,2025-05-06,-0.014993060801348546,0.002293117647338511
rf,y_GLD,12,2025-05-06,-0.014993060801348546,0.0011288375868562545
rf,y_GLD,13,2025-05-06,-0.014993060801348546,0.0011010948111525366
rf,y_GLD,11,2025-05-07,-0.0196942722998793,0.0004766645743650729
rf,y_GLD,12,2025-05-07,-0.0196942722998793,8.291847655142921e-05
rf,y_GLD,13,2025-05-07,-0.0196942722998793,-0.0010312500124421374
rf,y_GLD,11,2025-05-08,0.007254674259445482,0.0014102372321632437
rf,y_GLD,12,2025-05-08,0.007254674259445482,0.000724498241430338
rf,y_GLD,13,2025-05-08,0.007254674259445482,0.000469532523190766
rf,y_GLD,11,2025-05-12,0.004258992599597278,0.0022747966709607925
rf,y_GLD,12,2025-05-12,0.004258992599597278,0.0033666723053110367
rf,y_GLD,13,2025-05-12,0.004258992599597278,0.003464678529331918
rf,y_GLD,11,2025-05-13,-0.021037827999516923,0.0020987239220733866
rf,y_GLD,12,2025-05-13,-0.021037827999516923,0.001992036984454839
rf,y_GLD,13,2025-05-13,-0.021037827999516923,0.0011306599141973285
rf,y_GLD,11,2025-05-14,0.015963953531585195,-0.0009050105337943843
rf,y_GLD,12,2025-05-14,0.015963953531585195,-0.0019674328743229646
rf,y_GLD,13,2025-05-14,0.015963953531585195,-0.0015377329806257362
rf,y_GLD,11,2025-05-15,-0.012087047232674286,0.0024787013862030195
rf,y_GLD,12,2025-05-15,-0.012087047232674286,0.0019379599788684244
rf,y_GLD,13,2025-05-15,-0.012087047232674286,0.002231634971620164
rf,y_GLD,11,2025-05-19,0.0186222454642182,0.0012955430947847845
rf,y_GLD,12,2025-05-19,0.0186222454642182,0.0009696702141201839
rf,y_GLD,13,2025-05-19,0.0186222454642182,0.0003901649547873004
rf,y_GLD,11,2025-05-20,0.007378683875855163,-0.00015662885986877004
rf,y_GLD,12,2025-05-20,0.007378683875855163,0.00017445150842216318
rf,y_GLD,13,2025-05-20,0.007378683875855163,-1.5655940512258418e-05
rf,y_GLD,11,2025-05-21,-0.008861493387459118,0.004625497277046455
rf,y_GLD,12,2025-05-21,-0.008861493387459118,0.0037696677815592366
rf,y_GLD,13,2025-05-21,-0.008861493387459118,0.003575852719792089
rf,y_GLD,11,2025-05-22,0.021906288045034472,0.0029032344853065733
rf,y_GLD,12,2025-05-22,0.021906288045034472,0.004462048958169778
rf,y_GLD,13,2025-05-22,0.021906288045034472,0.0037451689226974828
rf,y_GLD,12,2025-05-27,-0.002266017869971493,-0.002115223073001201
rf,y_GLD,13,2025-05-27,-0.002266017869971493,-0.002376237550015008
rf,y_GLD,14,2025-05-27,-0.002266017869971493,-0.0016580413963978534
rf,y_GLD,12,2025-05-28,0.0059247154716219885,0.0014227339164813214
rf,y_GLD,13,2025-05-28,0.0059247154716219885,0.001750325555488528
rf,y_GLD,14,2025-05-28,0.0059247154716219885,0.0018602232278207972
rf,y_GLD,12,2025-05-29,-0.006576942326457891,0.0003485522031856314
rf,y_GLD,13,2025-05-29,-0.006576942326457891,-0.00029298637695612714
rf,y_GLD,14,2025-05-29,-0.006576942326457891,-0.00040179075530944185
rf,y_GLD,12,2025-06-02,-0.008855551213511115,0.0012839394632886728
rf,y_GLD,13,2025-06-02,-0.008855551213511115,0.001960735255670151
rf,y_GLD,14,2025-06-02,-0.008855551213511115,0.0011230309592282855
rf,y_GLD,12,2025-06-03,0.006441974072654677,-0.00015599363795719504
rf,y_GLD,13,2025-06-03,0.006441974072654677,0.0019471235928685483
rf,y_GLD,14,2025-06-03,0.006441974072654677,0.001107270602889926
rf,y_GLD,12,2025-06-04,-0.00504987891618125,0.0035978741739389735
rf,y_GLD,13,2025-06-04,-0.00504987891618125,0.004104819658171601
rf,y_GLD,14,2025-06-04,-0.00504987891618125,0.003278107064151936
rf,y_GLD,12,2025-06-05,-0.013416073696802311,-0.0002654341724672188
rf,y_GLD,13,2025-06-05,-0.013416073696802311,-0.0014157287874041534
rf,y_GLD,14,2025-06-05,-0.013416073696802311,-0.0010676568953748068
rf,y_GLD,12,2025-06-09,0.000293510988597534,0.0020773148577253923
rf,y_GLD,13,2025-06-09,0.000293510988597534,0.002565769589132024
rf,y_GLD,14,2025-06-09,0.000293510988597534,0.0017853205575764466
rf,y_GLD,12,2025-06-10,0.005412290790508978,0.0014049225539889438
rf,y_GLD,13,2025-06-10,0.005412290790508978,0.0010634386017479866
rf,y_GLD,14,2025-06-10,0.005412290790508978,0.00013323796822687178
rf,y_GLD,12,2025-06-11,0.0124202002480438,-0.0023627681629430556
rf,y_GLD,13,2025-06-11,0.0124202002480438,-0.0008428710341555772
rf,y_GLD,14,2025-06-11,0.0124202002480438,0.0002755755556217728
rf,y_GLD,12,2025-06-12,0.013100564311248064,-0.0009362855016067614
rf,y_GLD,13,2025-06-12,0.013100564311248064,-0.001040636786500369
rf,y_GLD,14,2025-06-12,0.013100564311248064,-0.0006149914875329944
rf,y_GLD,13,2025-07-02,-0.006822911403597365,-0.0011781902973440229
rf,y_GLD,14,2025-07-02,-0.006822911403597365,-0.0006213560040090771
rf,y_GLD,15,2025-07-02,-0.006822911403597365,0.00018031483426807308
rf,y_GLD,13,2025-07-07,-0.010443411868664265,-0.0014588934061577927
rf,y_GLD,14,2025-07-07,-0.010443411868664265,-0.0006852153616881315
rf,y_GLD,15,2025-07-07,-0.010443411868664265,-0.00041800739133609024
rf,y_GLD,13,2025-07-08,0.004471282664348264,0.0031688092760222895
rf,y_GLD,14,2025-07-08,0.004471282664348264,0.0027656341658427136
rf,y_GLD,15,2025-07-08,0.004471282664348264,0.0023631422248177438
rf,y_GLD,13,2025-07-09,0.0022257895319868215,-0.0035869913329673172
rf,y_GLD,14,2025-07-09,0.0022257895319868215,-0.004366673117773451
rf,y_GLD,15,2025-07-09,0.0022257895319868215,-0.005062628779389255
rf,y_GLD,13,2025-07-10,0.009601575193336043,0.002039929584550408
rf,y_GLD,14,2025-07-10,0.009601575193336043,0.0011616937290739842
rf,y_GLD,15,2025-07-10,0.009601575193336043,0.0015717980832407627
rf,y_GLD,13,2025-07-14,-0.004155705135267751,-0.00035607460380644994
rf,y_GLD,14,2025-07-14,-0.004155705135267751,0.00017771084731127985
rf,y_GLD,15,2025-07-14,-0.004155705135267751,-0.0016163977665546428
rf,y_GLD,13,2025-07-15,0.004988096125243757,-0.0002666336430645076
rf,y_GLD,14,2025-07-15,0.004988096125243757,0.0005546574981985158
rf,y_GLD,15,2025-07-15,0.004988096125243757,0.0008136423003461438
rf,y_GLD,13,2025-07-16,-0.0021735334020257513,0.0012861699119016828
rf,y_GLD,14,2025-07-16,-0.0021735334020257513,0.002560860497770091
rf,y_GLD,15,2025-07-16,-0.0021735334020257513,0.0024378254829461525
rf,y_GLD,13,2025-07-17,0.002600924347578637,-0.0016550934781020673
rf,y_GLD,14,2025-07-17,0.002600924347578637,-0.0021693568565794435
rf,y_GLD,15,2025-07-17,0.002600924347578637,-0.0010900201473388208
rf,y_GLD,13,2025-07-21,0.009484882235462067,-0.0040630311166677795
rf,y_GLD,14,2025-07-21,0.009484882235462067,-0.002024230523039656
rf,y_GLD,15,2025-07-21,0.009484882235462067,-0.0018561041736745276
rf,y_GLD,13,2025-07-22,-0.01240118112003663,0.0023973673359083793
rf,y_GLD,14,2025-07-22,-0.01240118112003663,0.0012108391259193607
rf,y_GLD,15,2025-07-22,-0.01240118112003663,0.0010106813170622211
rf,y_GLD,13,2025-07-23,-0.006118276977772341,1.0172368938710097e-05
rf,y_GLD,14,2025-07-23,-0.006118276977772341,0.000912548819068997
rf,y_GLD,15,2025-07-23,-0.006118276977772341,0.0007537534435841043
rf,y_GLD,14,2025-07-24,-0.0092499926477293,0.00020130429374569289
rf,y_GLD,15,2025-07-24,-0.0092499926477293,0.0012528871078402374
rf,y_GLD,16,2025-07-24,-0.0092499926477293,0.002076886942493512
rf,y_GLD,14,2025-07-28,0.002750389076383808,0.0011749859056248517
rf,y_GLD,15,2025-07-28,0.002750389076383808,0.0007802704278724121
rf,y_GLD,16,2025-07-28,0.002750389076383808,0.0017388705867222233
rf,y_GLD,14,2025-07-29,-0.017273497289540862,0.0006326197754331473
rf,y_GLD,15,2025-07-29,-0.017273497289540862,0.0004897031985365591
rf,y_GLD,16,2025-07-29,-0.017273497289540862,-0.00020001094702510602
rf,y_GLD,14,2025-07-30,0.0066454015709211944,0.0018509896077286369
rf,y_GLD,15,2025-07-30,0.0066454015709211944,-0.0005898762974086878
rf,y_GLD,16,2025-07-30,0.0066454015709211944,0.0012460231044341213
rf,y_GLD,14,2025-07-31,0.020299689958884537,0.00010712810879899373
rf,y_GLD,15,2025-07-31,0.020299689958884537,3.832685242431873e-05
rf,y_GLD,16,2025-07-31,0.020299689958884537,-0.0003733968091991058
rf,y_GLD,14,2025-08-04,0.0008040912066364925,0.0012059300188943098
rf,y_GLD,15,2025-08-04,0.0008040912066364925,0.00020865563100018098
rf,y_GLD,16,2025-08-04,0.0008040912066364925,0.002694011679116895
rf,y_GLD,14,2025-08-05,-0.00212110700071233,0.0008450672546287887
rf,y_GLD,15,2025-08-05,-0.00212110700071233,0.0015187614310658978
rf,y_GLD,16,2025-08-05,-0.00212110700071233,0.0004658285080370324
rf,y_GLD,14,2025-08-06,0.008437987494967825,5.092474436478774e-05
rf,y_GLD,15,2025-08-06,0.008437987494967825,0.000438452662768384
rf,y_GLD,16,2025-08-06,0.008437987494967825,-0.0017488471731429422
rf,y_GLD,14,2025-08-07,-0.00022357985855403495,0.002193191585036471
rf,y_GLD,15,2025-08-07,-0.00022357985855403495,0.0021325026409439035
rf,y_GLD,16,2025-08-07,-0.00022357985855403495,0.003036913285007594
rf,y_GLD,14,2025-08-11,-0.0009074665058316222,0.0016023297825433732
rf,y_GLD,15,2025-08-11,-0.0009074665058316222,0.0014074875717915722
rf,y_GLD,16,2025-08-11,-0.0009074665058316222,0.0009262859477680722
rf,y_GLD,14,2025-08-12,0.0030492830145867345,0.0011199927212122522
rf,y_GLD,15,2025-08-12,0.0030492830145867345,0.00029397592928321616
rf,y_GLD,16,2025-08-12,0.0030492830145867345,-0.0002659414144849566
rf,y_GLD,15,2025-08-13,-0.006338706734070332,-0.0004690387103449711
rf,y_GLD,16,2025-08-13,-0.006338706734070332,-0.0003612143284610884
rf,y_GLD,17,2025-08-13,-0.006338706734070332,-0.0007066491939660644
rf,y_GLD,15,2025-08-14,0.0005858183101099534,0.0019870123112204928
rf,y_GLD,16,2025-08-14,0.0005858183101099534,0.0022015104040094954
rf,y_GLD,17,2025-08-14,0.0005858183101099534,0.0009749772377793777
rf,y_GLD,15,2025-08-18,-0.005473279447945512,-0.0003591703829095729
rf,y_GLD,16,2025-08-18,-0.005473279447945512,-0.0006533273410579595
rf,y_GLD,17,2025-08-18,-0.005473279447945512,-0.0012173957323243806
rf,y_GLD,15,2025-08-19,0.010122175284489776,-2.2991785406552743e-05
rf,y_GLD,16,2025-08-19,0.010122175284489776,0.0007679600419484993
rf,y_GLD,17,2025-08-19,0.010122175284489776,0.00011399447669149428
rf,y_GLD,15,2025-08-20,-0.0034698951143765644,-0.0006702006735973598
rf,y_GLD,16,2025-08-20,-0.0034698951143765644,0.0004131146742845639
rf,y_GLD,17,2025-08-20,-0.0034698951143765644,-0.0006595923686501924
rf,y_GLD,15,2025-08-21,0.01070642694476942,0.0001036993265224088
rf,y_GLD,16,2025-08-21,0.01070642694476942,0.0005845042688900774
rf,y_GLD,17,2025-08-21,0.01070642694476942,0.00041648544957819945
rf,y_GLD,15,2025-08-25,0.007262047243691283,-0.0007061634484332761
rf,y_GLD,16,2025-08-25,0.007262047243691283,-0.0003938929483461445
rf,y_GLD,17,2025-08-25,0.007262047243691283,-0.0007051150142501397
rf,y_GLD,15,2025-08-26,0.0020187288833615202,9.77831722092833e-05
rf,y_GLD,16,2025-08-26,0.0020187288833615202,-0.00015805647843497028
rf,y_GLD,17,2025-08-26,0.0020187288833615202,-0.0006721526479600975
rf,y_GLD,15,2025-08-27,0.007419038046796889,0.0012838908913309828
rf,y_GLD,16,2025-08-27,0.007419038046796889,0.0008036872298373716
rf,y_GLD,17,2025-08-27,0.007419038046796889,0.0002930830079547623
rf,y_GLD,15,2025-08-28,0.00964990177666114,0.0020709323094500586
rf,y_GLD,16,2025-08-28,0.00964990177666114,0.003666788122872437
rf,y_GLD,17,2025-08-28,0.00964990177666114,0.0025795270238703582
rf,y_GLD,15,2025-09-02,0.007831992196408066,0.0025457549542361514
rf,y_GLD,16,2025-09-02,0.007831992196408066,0.0009856180954376024
rf,y_GLD,17,2025-09-02,0.007831992196408066,0.0003092631623897788
rf,y_GLD,16,2025-09-03,-0.004418882618094533,0.0006009507417099094
rf,y_GLD,17,2025-09-03,-0.004418882618094533,-0.0005344078571368473
rf,y_GLD,18,2025-09-03,-0.004418882618094533,-8.500837416094513e-05
rf,y_GLD,16,2025-09-04,0.01334594055214322,0.00153794829046121
rf,y_GLD,17,2025-09-04,0.01334594055214322,0.00040735242549384175
rf,y_GLD,18,2025-09-04,0.01334594055214322,0.0012779746980593337
rf,y_GLD,16,2025-09-08,-0.002269905468609279,0.0014730985314590236
rf,y_GLD,17,2025-09-08,-0.002269905468609279,6.595604851242035e-05
rf,y_GLD,18,2025-09-08,-0.002269905468609279,-0.0011830566665023319
rf,y_GLD,16,2025-09-09,0.0035922056391106683,0.002367707563113475
rf,y_GLD,17,2025-09-09,0.0035922056391106683,-0.0007349605288553329
rf,y_GLD,18,2025-09-09,0.0035922056391106683,-0.00021964504137681474
rf,y_GLD,16,2025-09-10,-0.0014913797811720864,-0.0007269808263018975
rf,y_GLD,17,2025-09-10,-0.0014913797811720864,-0.0005256430784026064
rf,y_GLD,18,2025-09-10,-0.0014913797811720864,-0.0012538127929890832
rf,y_GLD,16,2025-09-11,0.0019715725978484144,-0.0009744600100240216
rf,y_GLD,17,2025-09-11,0.0019715725978484144,-0.0003846336731881515
rf,y_GLD,18,2025-09-11,0.0019715725978484144,-0.0014897567220381297
rf,y_GLD,16,2025-09-15,0.0020064107533963593,-0.0016352901894840723
rf,y_GLD,17,2025-09-15,0.0020064107533963593,-0.0023325285923883293
rf,y_GLD,18,2025-09-15,0.0020064107533963593,-0.0018877470919624495
rf,y_GLD,16,2025-09-16,-0.007715171664187115,0.001020415445785
rf,y_GLD,17,2025-09-16,-0.007715171664187115,-8.290155020403607e-05
rf,y_GLD,18,2025-09-16,-0.007715171664187115,0.0005732293258745496
rf,y_GLD,16,2025-09-17,-0.0040063094596702875,0.004452410095397568
rf,y_GLD,17,2025-09-17,-0.0040063094596702875,0.0031333666297701282
rf,y_GLD,18,2025-09-17,-0.0040063094596702875,0.004199775099921318
rf,y_GLD,16,2025-09-18,0.010607227252210416,0.0004819468694363125
rf,y_GLD,17,2025-09-18,0.010607227252210416,0.0024013780467113666
rf,y_GLD,18,2025-09-18,0.010607227252210416,0.0016196623799011405
rf,y_GLD,16,2025-09-22,0.004086375052867464,-0.000543799921021464
rf,y_GLD,17,2025-09-22,0.004086375052867464,0.0014282742659885875
rf,y_GLD,18,2025-09-22,0.004086375052867464,0.0006700614501428337
rf,y_GLD,17,2025-09-23,-0.009063049726670935,-0.0014195844919626481
rf,y_GLD,18,2025-09-23,-0.009063049726670935,0.00020293614477699396
rf,y_GLD,19,2025-09-23,-0.009063049726670935,-0.0002119885291375347
rf,y_GLD,17,2025-09-24,0.004165188877066628,-0.0004492393320325083
rf,y_GLD,18,2025-09-24,0.004165188877066628,-0.0009802184864352904
rf,y_GLD,19,2025-09-24,0.004165188877066628,-0.00045596631680348463
rf,y_GLD,17,2025-09-25,0.00577227044053652,-0.0006895102595256747
rf,y_GLD,18,2025-09-25,0.00577227044053652,-0.00036928669117937684
rf,y_GLD,19,2025-09-25,0.00577227044053652,0.0001177305364317205
rf,y_GLD,17,2025-09-29,0.008540004081594166,0.0019267129865072562
rf,y_GLD,18,2025-09-29,0.008540004081594166,0.002504511772858866
rf,y_GLD,19,2025-09-29,0.008540004081594166,0.0028101467779132407
rf,y_GLD,17,2025-09-30,0.0015753722020723782,-0.0019891364149201684
rf,y_GLD,18,2025-09-30,0.0015753722020723782,-0.0006739732558647729
rf,y_GLD,19,2025-09-30,0.0015753722020723782,0.0011810348321110193
rf,y_GLD,17,2025-10-01,-0.003482825151325697,0.0013810736845476994
rf,y_GLD,18,2025-10-01,-0.003482825151325697,0.0018695370390961743
rf,y_GLD,19,2025-10-01,-0.003482825151325697,0.002175599971640112
rf,y_GLD,17,2025-10-02,0.008032937892485048,-0.0022585741396876718
rf,y_GLD,18,2025-10-02,0.008032937892485048,-0.0019213589260551657
rf,y_GLD,19,2025-10-02,0.008032937892485048,-0.001601759673936771
rf,y_GLD,17,2025-10-06,0.005159462258136571,-0.0023892948591846077
rf,y_GLD,18,2025-10-06,0.005159462258136571,-0.0036039199066363325
rf,y_GLD,19,2025-10-06,0.005159462258136571,-0.0027317456325068675
rf,y_GLD,17,2025-10-07,0.01649095687844504,-0.0006374710965757739
rf,y_GLD,18,2025-10-07,0.01649095687844504,0.0004846177170149633
rf,y_GLD,19,2025-10-07,0.01649095687844504,-0.0006286636537140862
rf,y_GLD,17,2025-10-08,-0.018452848086064955,-0.00037535304251660464
rf,y_GLD,18,2025-10-08,-0.018452848086064955,-1.837773363467891e-05
rf,y_GLD,19,2025-10-08,-0.018452848086064955,0.00022596344089101755
rf,y_GLD,17,2025-10-09,0.01009770001194199,0.0011844670303936553
rf,y_GLD,18,2025-10-09,0.01009770001194199,0.0009967904260377932
rf,y_GLD,19,2025-10-09,0.01009770001194199,0.0017637194576834428
rf,y_GLD,18,2025-10-13,0.007141189222626965,0.005364361630199774
rf,y_GLD,19,2025-10-13,0.007141189222626965,0.004349545563979968
rf,y_GLD,20,2025-10-13,0.007141189222626965,0.004062661307370662
rf,y_GLD,18,2025-10-14,0.017332403569977117,0.002306074166061851
rf,y_GLD,19,2025-10-14,0.017332403569977117,0.0035834055854487364
rf,y_GLD,20,2025-10-14,0.017332403569977117,0.0037131211615263632
rf,y_GLD,18,2025-10-15,0.02338727694573106,0.003512767077456676
rf,y_GLD,19,2025-10-15,0.02338727694573106,0.00283212945356581
rf,y_GLD,20,2025-10-15,0.02338727694573106,0.002438593297021946
rf,y_GLD,18,2025-10-16,-0.01881705572696668,0.003533117657704434
rf,y_GLD,19,2025-10-16,-0.01881705572696668,0.0031540265200243416
rf,y_GLD,20,2025-10-16,-0.01881705572696668,0.0020639499400446717
rf,y_GLD,18,2025-10-20,-0.06426889260666147,-0.00013611198205776
rf,y_GLD,19,2025-10-20,-0.06426889260666147,-0.0006094875230974286
rf,y_GLD,20,2025-10-20,-0.06426889260666147,-0.0007881697220615953
rf,y_GLD,18,2025-10-21,0.00010605594835544352,-0.0015596525564812503
rf,y_GLD,19,2025-10-21,0.00010605594835544352,-0.003745456821023115
rf,y_GLD,20,2025-10-21,0.00010605594835544352,-0.003346766525911664
rf,y_GLD,18,2025-10-22,0.004002358382396931,0.00307284270096375
rf,y_GLD,19,2025-10-22,0.004002358382396931,0.0017962859440451766
rf,y_GLD,20,2025-10-22,0.004002358382396931,0.0024447778977964695
rf,y_GLD,18,2025-10-23,-0.0033528327110016187,-0.0029158368693955653
rf,y_GLD,19,2025-10-23,-0.0033528327110016187,-0.003972908450225345
rf,y_GLD,20,2025-10-23,-0.0033528327110016187,-0.0040508535727257515
rf,y_GLD,18,2025-10-27,-0.007166030388359279,0.0018865820406394182
rf,y_GLD,19,2025-10-27,-0.007166030388359279,0.0016014172530909208
rf,y_GLD,20,2025-10-27,-0.007166030388359279,0.0015917435115332557
rf,y_GLD,18,2025-10-28,-0.0037872684129753864,-0.0010730124533944174
rf,y_GLD,19,2025-10-28,-0.0037872684129753864,0.0005353743057380141
rf,y_GLD,20,2025-10-28,-0.0037872684129753864,-0.0014948763514800428
rf,y_GLD,18,2025-10-29,0.01964188672951095,-0.0017204386108076888
rf,y_GLD,19,2025-10-29,0.01964188672951095,-0.005008962469799919
rf,y_GLD,20,2025-10-29,0.01964188672951095,-0.003828033348089116
rf,y_GLD,18,2025-10-30,-0.005430550723012573,0.0021203616702799364
rf,y_GLD,19,2025-10-30,-0.005430550723012573,0.002789781431419481
rf,y_GLD,20,2025-10-30,-0.005430550723012573,0.0024118605678594123
rf,y_GLD,19,2025-11-03,-0.01751719582531963,-0.0024621398895762186
rf,y_GLD,20,2025-11-03,-0.01751719582531963,-0.0008700213919022796
rf,y_GLD,21,2025-11-03,-0.01751719582531963,-0.0014569623503238815
rf,y_GLD,19,2025-11-04,0.011564369498526794,-0.003910160635023441
rf,y_GLD,20,2025-11-04,0.011564369498526794,-0.0054728689701987795
rf,y_GLD,21,2025-11-04,0.011564369498526794,-0.004250193711838506
rf,y_GLD,19,2025-11-05,-0.0012005195756796816,-3.303869185855383e-05
rf,y_GLD,20,2025-11-05,-0.0012005195756796816,0.0006635791321265313
rf,y_GLD,21,2025-11-05,-0.0012005195756796816,0.0013369052293858374
rf,y_GLD,19,2025-11-06,0.006119021470095687,-0.003003074756874031
rf,y_GLD,20,2025-11-06,0.006119021470095687,-0.002966642903007132
rf,y_GLD,21,2025-11-06,0.006119021470095687,-0.0019630679444320176
rf,y_GLD,19,2025-11-10,0.003937814406542062,0.0013120265157912545
rf,y_GLD,20,2025-11-10,0.003937814406542062,0.00010958802559165315
rf,y_GLD,21,2025-11-10,0.003937814406542062,0.0011457387456768311
rf,y_GLD,19,2025-11-11,0.016110762091908537,0.0010254400982236253
rf,y_GLD,20,2025-11-11,0.016110762091908537,0.000550624898755144
rf,y_GLD,21,2025-11-11,0.016110762091908537,0.0005564719663325122
rf,y_GLD,19,2025-11-12,-0.008083098515826892,-0.00043933237051937415
rf,y_GLD,20,2025-11-12,-0.008083098515826892,-0.00021701195035448798
rf,y_GLD,21,2025-11-12,-0.008083098515826892,-0.00018962015169278663
rf,y_GLD,19,2025-11-13,-0.018047911171504505,0.0013587950805596615
rf,y_GLD,20,2025-11-13,-0.018047911171504505,-0.00031292774559650663
rf,y_GLD,21,2025-11-13,-0.018047911171504505,0.0006500156592216292
rf,y_GLD,19,2025-11-17,0.007264932736103624,-0.0005179982265468314
rf,y_GLD,20,2025-11-17,0.007264932736103624,-0.002211147438777707
rf,y_GLD,21,2025-11-17,0.007264932736103624,-0.0019188825849674638
rf,y_GLD,19,2025-11-18,0.0016294519610446923,-7.656130385857625e-05
rf,y_GLD,20,2025-11-18,0.0016294519610446923,0.0002291352518937186
rf,y_GLD,21,2025-11-18,0.0016294519610446923,0.00020105312810162108
rf,y_GLD,19,2025-11-19,-0.0002933255655774847,0.0001539215952198525
rf,y_GLD,20,2025-11-19,-0.0002933255655774847,0.0001994754409924036
rf,y_GLD,21,2025-11-19,-0.0002933255655774847,-0.00015888772095824048
rf,y_GLD,19,2025-11-20,-0.0015473311468576778,0.002706866361847496
rf,y_GLD,20,2025-11-20,-0.0015473311468576778,0.0030652599077933274
rf,y_GLD,21,2025-11-20,-0.0015473311468576778,0.0016298299740869929
rf,y_GLD,20,2025-11-24,-0.0003156907704157108,-5.689997760793819e-07
rf,y_GLD,21,2025-11-24,-0.0003156907704157108,-0.0002609853476445545
rf,y_GLD,22,2025-11-24,-0.0003156907704157108,0.0012047213568393371
rf,y_GLD,20,2025-11-25,0.007998338908444147,0.0031926714864378026
rf,y_GLD,21,2025-11-25,0.007998338908444147,0.003165600987158295
rf,y_GLD,22,2025-11-25,0.007998338908444147,0.0033370222492315267
rf,y_GLD,20,2025-12-01,-0.006440050713598433,0.003925005875682478
rf,y_GLD,21,2025-12-01,-0.006440050713598433,0.0034437896779225706
rf,y_GLD,22,2025-12-01,-0.006440050713598433,0.00458226483447228
rf,y_GLD,20,2025-12-02,-0.0009296182229129313,-6.849734315524473e-05
rf,y_GLD,21,2025-12-02,-0.0009296182229129313,0.0013250144598128649
rf,y_GLD,22,2025-12-02,-0.0009296182229129313,0.0022583134169560193
rf,y_GLD,20,2025-12-03,0.0006461951944911615,0.0009972164210553165
rf,y_GLD,21,2025-12-03,0.0006461951944911615,0.0022045612165063695
rf,y_GLD,22,2025-12-03,0.0006461951944911615,0.00032359256972412285
rf,y_GLD,20,2025-12-04,-0.0017823532991586566,0.0037665031124894093
rf,y_GLD,21,2025-12-04,-0.0017823532991586566,0.005682793870376226
rf,y_GLD,22,2025-12-04,-0.0017823532991586566,0.0034362021717091926
rf,y_GLD,20,2025-12-08,0.005137202012788666,0.000339584292567785
rf,y_GLD,21,2025-12-08,0.005137202012788666,0.001405982375838467
rf,y_GLD,22,2025-12-08,0.005137202012788666,0.0016332404177530457
rf,y_GLD,20,2025-12-09,0.00425914796716631,-0.0002733767448202177
rf,y_GLD,21,2025-12-09,0.00425914796716631,-0.0005965706100363363
rf,y_GLD,22,2025-12-09,0.00425914796716631,-0.0006271179394992471
rf,y_GLD,20,2025-12-10,0.010769830543307712,-0.0012539968166301993
rf,y_GLD,21,2025-12-10,0.010769830543307712,-0.00041872297317501936
rf,y_GLD,22,2025-12-10,0.010769830543307712,-0.0009745538509236632
rf,y_GLD,20,2025-12-11,0.005594579039939651,0.0020360572857809115
rf,y_GLD,21,2025-12-11,0.005594579039939651,0.0025111887254547233
rf,y_GLD,22,2025-12-11,0.005594579039939651,0.003139457122527524
rf,y_GLD,21,2025-12-15,0.00022745542760294057,0.003688783996678661
rf,y_GLD,22,2025-12-15,0.00022745542760294057,0.0035097410680467243
rf,y_GLD,23,2025-12-15,0.00022745542760294057,0.0021179898694076585
rf,y_GLD,21,2025-12-16,0.008588228474273762,-0.0005810066959418537
rf,y_GLD,22,2025-12-16,0.008588228474273762,-2.0016077814806003e-05
rf,y_GLD,23,2025-12-16,0.008588228474273762,-0.00013665488938018795
rf,y_GLD,21,2025-12-17,-0.0018032036998042456,0.0019699426243016136
rf,y_GLD,22,2025-12-17,-0.0018032036998042456,0.0006382082642048167
rf,y_GLD,23,2025-12-17,-0.0018032036998042456,-5.286187486815974e-05
rf,y_GLD,21,2025-12-18,0.0011289903434379411,0.00017021903968338913
rf,y_GLD,22,2025-12-18,0.0011289903434379411,0.000336864161076858
rf,y_GLD,23,2025-12-18,0.0011289903434379411,0.0006862690342731025
rf,y_GLD,21,2025-12-23,-0.004134082564786645,0.0005854436300080627
rf,y_GLD,22,2025-12-23,-0.004134082564786645,0.0013532317820247914
rf,y_GLD,23,2025-12-23,-0.004134082564786645,0.0014111085449725216
rf,y_GLD,21,2025-12-29,0.0007275678386380324,-0.0031366412475413137
rf,y_GLD,22,2025-12-29,0.0007275678386380324,-0.001551068211540757
rf,y_GLD,23,2025-12-29,0.0007275678386380324,-0.002113311964783264
rf,y_GLD,21,2025-12-30,-0.006467991163222386,0.0022412244534070554
rf,y_GLD,22,2025-12-30,-0.006467991163222386,0.0027855445209749464
rf,y_GLD,23,2025-12-30,-0.006467991163222386,0.0024283620157377404
rf,y_GLD,22,2026-01-05,0.010813149047262716,0.0010687148203888303
rf,y_GLD,23,2026-01-05,0.010813149047262716,0.0005946054885392302
rf,y_GLD,24,2026-01-05,0.010813149047262716,0.0010663836037041806
rf,y_GLD,22,2026-01-06,-0.009559953917112063,0.0035049977124711816
rf,y_GLD,23,2026-01-06,-0.009559953917112063,0.0022410811440043395
rf,y_GLD,24,2026-01-06,-0.009559953917112063,0.003160698294272449
rf,y_GLD,22,2026-01-07,0.005522515913727544,-0.004052254873914985
rf,y_GLD,23,2026-01-07,0.005522515913727544,-0.0031575285295973106
rf,y_GLD,24,2026-01-07,0.005522515913727544,-0.0019067518135548421
rf,y_GLD,22,2026-01-08,0.007242001159325273,0.0010055637725577761
rf,y_GLD,23,2026-01-08,0.007242001159325273,0.0016973542731007994
rf,y_GLD,24,2026-01-08,0.007242001159325273,0.002224936559937741
rf,y_GLD,22,2026-01-12,-0.0014210408732292512,0.0017432589759366198
rf,y_GLD,23,2026-01-12,-0.0014210408732292512,0.002313333718017984
rf,y_GLD,24,2026-01-12,-0.0014210408732292512,0.0015019858893977583
rf,y_GLD,22,2026-01-13,0.010222226854542216,0.002036608625688987
rf,y_GLD,23,2026-01-13,0.010222226854542216,0.000955727129801374
rf,y_GLD,24,2026-01-13,0.010222226854542216,0.0008257601574987903
rf,y_GLD,22,2026-01-14,-0.0061276608305878,0.000125240044089663
rf,y_GLD,23,2026-01-14,-0.0061276608305878,-5.128407944077947e-05
rf,y_GLD,24,2026-01-14,-0.0061276608305878,0.0013574729030882333
rf,y_GLD,22,2026-01-15,-0.004818883830700504,-0.0003983652892218248
rf,y_GLD,23,2026-01-15,-0.004818883830700504,-0.001223230429001081
rf,y_GLD,24,2026-01-15,-0.004818883830700504,-0.0005602870371792505
rf,y_GLD,22,2026-01-21,0.01846258414950319,0.0009207936863614189
rf,y_GLD,23,2026-01-21,0.01846258414950319,0.0016463558147667469
rf,y_GLD,24,2026-01-21,0.01846258414950319,0.0021512929688441837
rf,y_GLD,22,2026-01-22,0.013745304981574558,0.0019270961837980114
rf,y_GLD,23,2026-01-22,0.013745304981574558,0.0016850562932008595
rf,y_GLD,24,2026-01-22,0.013745304981574558,0.0020655139535634367
rf,y_GLD,23,2026-01-26,0.02453194232197564,-0.005338949584413943
rf,y_GLD,24,2026-01-26,0.02453194232197564,-0.004970714832043944
rf,y_GLD,23,2026-01-27,0.038773348494905324,0.001635480504545366
rf,y_GLD,24,2026-01-27,0.038773348494905324,0.0011896245458981778
rf,y_GLD,23,2026-01-28,0.0027094717415592218,0.0022997768246507855
rf,y_GLD,24,2026-01-28,0.0027094717415592218,0.0017970885123384905
rf,y_GLD,23,2026-01-29,-0.10274245274560034,0.0019881741054333982
rf,y_GLD,24,2026-01-29,-0.10274245274560034,0.0019567070081390773
rf,y_GLD,23,2026-02-02,0.06358720612372104,0.0003469680165834099
rf,y_GLD,24,2026-02-02,0.06358720612372104,-0.0008941953164532539
rf,y_GLD,23,2026-02-03,-0.0007044119795716064,-0.0003136916137487215
rf,y_GLD,24,2026-02-03,-0.0007044119795716064,0.002755448242616135
rf,y_GLD,23,2026-02-04,-0.026631707613677613,0.0020633261700476794
rf,y_GLD,24,2026-02-04,-0.026631707613677613,0.002442847500575396
rf,y_GLD,23,2026-02-05,0.03073229479090611,0.0012721632435204661
rf,y_GLD,24,2026-02-05,0.03073229479090611,0.0028190959857175993
rf,y_GLD,23,2026-02-09,-0.009913720520981939,0.0007783639696406507
rf,y_GLD,24,2026-02-09,-0.009913720520981939,0.0005362997525618344
rf,y_GLD,23,2026-02-10,0.011310577541873812,0.0016540268943669057
rf,y_GLD,24,2026-02-10,0.011310577541873812,0.00186903818984623
rf,y_GLD,23,2026-02-11,-0.03472828959819363,0.0013307539713963766
rf,y_GLD,24,2026-02-11,-0.03472828959819363,0.0017888890084703263
rf,y_GLD,23,2026-02-12,0.024878663914389865,0.005169708073010812
rf,y_GLD,24,2026-02-12,0.024878663914389865,0.004683236434454849
rf,y_GLD,24,2026-02-17,0.022489929267582198,0.00491325809749534
rf,y_GLD,24,2026-02-18,0.0027930496262249527,0.0019562905829128823
rf,y_GLD,24,2026-02-19,0.019714504323102178,7.860464389316904e-05
rf,y_GLD,24,2026-02-23,-0.01385890426498504,0.004036194487404196
rf,y_GLD,24,2026-02-24,-0.0025072627221415233,9.191579373766986e-05
rf,y_GLD,24,2026-02-25,0.008575889154321725,0.0024706553268478777
rf,y_GLD,24,2026-02-26,0.01313141674919538,0.0007714829886535055
rf,y_GLD,24,2026-03-02,-0.04461221500318879,0.0013553025740213923
rf,y_GLD,24,2026-03-03,0.007818116439543887,0.0012636228249147479
rf,y_GLD,24,2026-03-04,-0.012017768242597704,-0.0015992955847289418
rf,y_GLD,24,2026-03-05,0.01583250339069653,0.00408865117619142
rf,y_TLT,0,2024-08-05,-0.022368550889996675,0.0005601589387540481
rf,y_TLT,0,2024-08-06,-0.007039945492178679,-0.0014408584357255764
rf,y_TLT,0,2024-08-07,-0.006151853499033244,0.0027279024923688067
rf,y_TLT,0,2024-08-08,0.00986178206100674,-0.0004328304798203573
rf,y_TLT,0,2024-08-12,0.006935122929059956,0.0022898361620184446
rf,y_TLT,0,2024-08-13,0.006270521022239128,0.0007308289710031963
rf,y_TLT,0,2024-08-14,-0.008070343520724332,-0.0011525679881283233
rf,y_TLT,0,2024-08-15,0.0035014424876782524,0.0003027558692357731
rf,y_TLT,0,2024-08-19,0.007968164045019321,-0.000603936674485465
rf,y_TLT,0,2024-08-20,0.0006079821175304367,-0.0017303950495107024
rf,y_TLT,0,2024-08-21,-0.009925829403327091,0.0019067504170224116
rf,y_TLT,0,2024-08-22,0.006547180757068949,-0.0007576680029543102
rf,y_TLT,0,2024-08-26,-0.0017321272201223925,-0.002883823891248094
rf,y_TLT,1,2024-08-26,-0.0017321272201223925,-0.002406684453392254
rf,y_TLT,0,2024-08-27,-0.0012249025003615577,0.0012720708618643142
rf,y_TLT,1,2024-08-27,-0.0012249025003615577,-0.0009954583913891729
rf,y_TLT,0,2024-08-28,-0.003270162266437837,-0.00041789291991950104
rf,y_TLT,1,2024-08-28,-0.003270162266437837,-7.16275902973638e-05
rf,y_TLT,0,2024-08-29,-0.010663461876560532,-2.6636309288499692e-05
rf,y_TLT,1,2024-08-29,-0.010663461876560532,-0.001956516334276687
rf,y_TLT,0,2024-09-03,0.012889861184252949,-0.00011841756346348357
rf,y_TLT,1,2024-09-03,0.012889861184252949,-5.185529186310563e-05
rf,y_TLT,0,2024-09-04,0.00565590486216605,0.0006274938326869225
rf,y_TLT,1,2024-09-04,0.00565590486216605,-0.001159178941558119
rf,y_TLT,0,2024-09-05,-0.00010045655008983356,-0.0028305028491909124
rf,y_TLT,1,2024-09-05,-0.00010045655008983356,0.0006160211330462351
rf,y_TLT,0,2024-09-09,0.007000793032513997,0.000249258103838564
rf,y_TLT,1,2024-09-09,0.007000793032513997,0.0009586173942098495
rf,y_TLT,0,2024-09-10,-0.0007946322273765238,-0.0013120618222108647
rf,y_TLT,1,2024-09-10,-0.0007946322273765238,-0.0013028497772208704
rf,y_TLT,0,2024-09-11,-0.004671519738422836,0.0007317049740801171
rf,y_TLT,1,2024-09-11,-0.004671519738422836,0.00048730137781362407
rf,y_TLT,0,2024-09-12,0.0026962379698411976,0.0003451022190995893
rf,y_TLT,1,2024-09-12,0.0026962379698411976,0.0009284666119067817
rf,y_TLT,2,2024-09-12,0.0026962379698411976,-0.0008701470754684924
rf,y_TLT,0,2024-09-16,-0.004835669483926441,0.0013696562116389125
rf,y_TLT,1,2024-09-16,-0.004835669483926441,0.0008540798544853993
rf,y_TLT,2,2024-09-16,-0.004835669483926441,0.0012075031234134032
rf,y_TLT,0,2024-09-17,-0.012395693689927323,-0.0024262448555782976
rf,y_TLT,1,2024-09-17,-0.012395693689927323,-0.0006895344971695611
rf,y_TLT,2,2024-09-17,-0.012395693689927323,-0.0026555339479903536
rf,y_TLT,0,2024-09-18,-0.0033138276507249653,-0.000538830809845207
rf,y_TLT,1,2024-09-18,-0.0033138276507249653,-0.0009068712405486383
rf,y_TLT,2,2024-09-18,-0.0033138276507249653,-0.0005215199235571465
rf,y_TLT,0,2024-09-19,-0.0038282870977541794,0.0002722438161527951
rf,y_TLT,1,2024-09-19,-0.0038282870977541794,-0.002564828352171747
rf,y_TLT,2,2024-09-19,-0.0038282870977541794,0.0004673076076937695
rf,y_TLT,0,2024-09-23,-0.00020291062925059666,-0.002595114793875215
rf,y_TLT,1,2024-09-23,-0.00020291062925059666,-0.0028522636909516065
rf,y_TLT,2,2024-09-23,-0.00020291062925059666,-0.0014697461076001385
rf,y_TLT,0,2024-09-24,-0.008312114144058191,-0.0014801609979210816
rf,y_TLT,1,2024-09-24,-0.008312114144058191,0.0006846082113005377
rf,y_TLT,2,2024-09-24,-0.008312114144058191,-0.0003604756666137937
rf,y_TLT,0,2024-09-25,0.0023510126824906052,0.0011776639569196742
rf,y_TLT,1,2024-09-25,0.0023510126824906052,0.0012489416808734092
rf,y_TLT,2,2024-09-25,0.0023510126824906052,0.002036547438597257
rf,y_TLT,0,2024-09-26,0.005200682037067805,-0.003089920698203367
rf,y_TLT,1,2024-09-26,0.005200682037067805,-0.0013074945004260244
rf,y_TLT,2,2024-09-26,0.005200682037067805,-0.002625498125956202
rf,y_TLT,0,2024-09-30,0.007219794901542231,-0.0013307123928628511
rf,y_TLT,1,2024-09-30,0.007219794901542231,-0.0022690929070674592
rf,y_TLT,2,2024-09-30,0.007219794901542231,-0.0005185811407505458
rf,y_TLT,0,2024-10-01,-0.008426964441155427,-0.0013206405645583535
rf,y_TLT,1,2024-10-01,-0.008426964441155427,-0.002004483562813995
rf,y_TLT,2,2024-10-01,-0.008426964441155427,2.470229614794095e-05
rf,y_TLT,0,2024-10-02,-0.009420643077179713,0.00024284655722629314
rf,y_TLT,1,2024-10-02,-0.009420643077179713,0.0018560285534987128
rf,y_TLT,2,2024-10-02,-0.009420643077179713,0.001015429247140967
rf,y_TLT,0,2024-10-03,-0.012300881957621912,-0.002658996744724353
rf,y_TLT,1,2024-10-03,-0.012300881957621912,-0.0031219165344344036
rf,y_TLT,2,2024-10-03,-0.012300881957621912,-0.003619794444453788
rf,y_TLT,1,2024-10-07,0.0016874269369799855,-0.0012770978703092396
rf,y_TLT,2,2024-10-07,0.0016874269369799855,0.0008089212548709026
rf,y_TLT,3,2024-10-07,0.0016874269369799855,-0.0001551629714454735
rf,y_TLT,1,2024-10-08,-0.005684884944385238,0.005014208245289043
rf,y_TLT,2,2024-10-08,-0.005684884944385238,0.004829316010935211
rf,y_TLT,3,2024-10-08,-0.005684884944385238,0.004038474289965502
rf,y_TLT,1,2024-10-09,-0.00391735319266262,-0.0009421463985969186
rf,y_TLT,2,2024-10-09,-0.00391735319266262,-0.0007169397474602
rf,y_TLT,3,2024-10-09,-0.00391735319266262,-0.0005964690973479514
rf,y_TLT,1,2024-10-10,-0.004039166515118153,-0.0021558540382984556
rf,y_TLT,2,2024-10-10,-0.004039166515118153,-0.0010031599658306607
rf,y_TLT,3,2024-10-10,-0.004039166515118153,-0.0023617928334264144
rf,y_TLT,1,2024-10-14,0.012157648434101498,-0.0011766187181357199
rf,y_TLT,2,2024-10-14,0.012157648434101498,-0.002157954458240486
rf,y_TLT,3,2024-10-14,0.012157648434101498,-0.0011609838858478198
rf,y_TLT,1,2024-10-15,0.0042144549496681005,0.0016751001153166411
rf,y_TLT,2,2024-10-15,0.0042144549496681005,0.002273311940360968
rf,y_TLT,3,2024-10-15,0.0042144549496681005,0.0009709927568612987
rf,y_TLT,1,2024-10-16,-0.015843041256527912,0.00047522580310841535
rf,y_TLT,2,2024-10-16,-0.015843041256527912,-0.0013488243173982247
rf,y_TLT,3,2024-10-16,-0.015843041256527912,-0.0013326858365050691
rf,y_TLT,1,2024-10-17,0.0007462097939257006,0.0005213723343438948
rf,y_TLT,2,2024-10-17,0.0007462097939257006,0.0009109967656704252
rf,y_TLT,3,2024-10-17,0.0007462097939257006,0.0007922914545250329
rf,y_TLT,1,2024-10-21,0.0009759077019129148,0.0027792476359815624
rf,y_TLT,2,2024-10-21,0.0009759077019129148,0.0016621674666103944
rf,y_TLT,3,2024-10-21,0.0009759077019129148,0.0016669723769533074
rf,y_TLT,1,2024-10-22,-0.002708172707938994,-0.001137636991136005
rf,y_TLT,2,2024-10-22,-0.002708172707938994,-0.003042724412380694
rf,y_TLT,3,2024-10-22,-0.002708172707938994,-0.000908018394646004
rf,y_TLT,1,2024-10-23,0.006408393065260531,0.00044468957099493646
rf,y_TLT,2,2024-10-23,0.006408393065260531,-0.0006666831964276615
rf,y_TLT,3,2024-10-23,0.006408393065260531,-1.6497381225509997e-05
rf,y_TLT,1,2024-10-24,-0.005612109149179867,0.000924334885476182
rf,y_TLT,2,2024-10-24,-0.005612109149179867,0.0028656191307241175
rf,y_TLT,3,2024-10-24,-0.005612109149179867,0.0014801338792465137
rf,y_TLT,2,2024-10-28,0.0015235289298340948,0.0016380003390480623
rf,y_TLT,3,2024-10-28,0.0015235289298340948,0.0030515907210503447
rf,y_TLT,4,2024-10-28,0.0015235289298340948,0.001163366939402638
rf,y_TLT,2,2024-10-29,0.0029338213574119365,-0.0003644853565437219
rf,y_TLT,3,2024-10-29,0.0029338213574119365,-0.0017639027783034954
rf,y_TLT,4,2024-10-29,0.0029338213574119365,0.00023875258377845283
rf,y_TLT,2,2024-10-30,0.0016250450119625892,0.0004647180307660398
rf,y_TLT,3,2024-10-30,0.0016250450119625892,0.00012914918554519464
rf,y_TLT,4,2024-10-30,0.0016250450119625892,0.0016602556232728457
rf,y_TLT,2,2024-10-31,-0.01409816760588345,0.0011021048767069276
rf,y_TLT,3,2024-10-31,-0.01409816760588345,0.0009632810935507673
rf,y_TLT,4,2024-10-31,-0.01409816760588345,0.0019246908410191748
rf,y_TLT,2,2024-11-04,0.005311509892854893,-0.003283419703977724
rf,y_TLT,3,2024-11-04,0.005311509892854893,-0.002162358144236269
rf,y_TLT,4,2024-11-04,0.005311509892854893,-0.0021458642403485153
rf,y_TLT,2,2024-11-05,-0.027388259105888046,-0.0010665392480204362
rf,y_TLT,3,2024-11-05,-0.027388259105888046,-0.0013202267652529197
rf,y_TLT,4,2024-11-05,-0.027388259105888046,-0.001304314765959678
rf,y_TLT,2,2024-11-06,0.012527473512486287,-0.0015889903548705702
rf,y_TLT,3,2024-11-06,0.012527473512486287,-0.002567292522285843
rf,y_TLT,4,2024-11-06,0.012527473512486287,-0.003176746440032165
rf,y_TLT,2,2024-11-07,0.012701533353653316,-0.0008955359284059512
rf,y_TLT,3,2024-11-07,0.012701533353653316,-0.0013158551126468854
rf,y_TLT,4,2024-11-07,0.012701533353653316,-0.00041470254972652925
rf,y_TLT,2,2024-11-11,-0.014993440666183022,-0.00036238285667368936
rf,y_TLT,3,2024-11-11,-0.014993440666183022,0.0007668219312103671
rf,y_TLT,4,2024-11-11,-0.014993440666183022,-0.0007613640443728143
rf,y_TLT,2,2024-11-12,-0.00948622931614962,-0.0025241283691616544
rf,y_TLT,3,2024-11-12,-0.00948622931614962,-0.0008051268475716143
rf,y_TLT,4,2024-11-12,-0.00948622931614962,-0.0007483855326964726
rf,y_TLT,2,2024-11-13,0.005790725367673666,0.002266200493676999
rf,y_TLT,3,2024-11-13,0.005790725367673666,0.0008161450148416091
rf,y_TLT,4,2024-11-13,0.005790725367673666,0.001331276963368446
rf,y_TLT,2,2024-11-14,-0.0026570484651297077,0.003292019027398162
rf,y_TLT,3,2024-11-14,-0.0026570484651297077,0.0013974009668253824
rf,y_TLT,4,2024-11-14,-0.0026570484651297077,0.0023009941581992755
rf,y_TLT,3,2024-11-18,0.005097504306904588,0.0012405237097659588
rf,y_TLT,4,2024-11-18,0.005097504306904588,0.0022158781394536363
rf,y_TLT,5,2024-11-18,0.005097504306904588,0.0022939952120574177
rf,y_TLT,3,2024-11-19,-0.003197171128437537,-0.0013419582255481232
rf,y_TLT,4,2024-11-19,-0.003197171128437537,0.00035397413570398273
rf,y_TLT,5,2024-11-19,-0.003197171128437537,-0.003785767792732661
rf,y_TLT,3,2024-11-20,-0.000774446762419001,0.0017151753753552712
rf,y_TLT,4,2024-11-20,-0.000774446762419001,0.0018204113260610138
rf,y_TLT,5,2024-11-20,-0.000774446762419001,2.077949120174172e-05
rf,y_TLT,3,2024-11-21,0.0005534515724503475,-0.0007970269926481893
rf,y_TLT,4,2024-11-21,0.0005534515724503475,-0.002291768343419607
rf,y_TLT,5,2024-11-21,0.0005534515724503475,-0.0013520541057562832
rf,y_TLT,3,2024-11-25,-0.00388225111274898,0.0019392566140062776
rf,y_TLT,4,2024-11-25,-0.00388225111274898,0.004321146917320918
rf,y_TLT,5,2024-11-25,-0.00388225111274898,0.0030448791449496767
rf,y_TLT,3,2024-11-26,0.006928736979951999,0.0007416603655492081
rf,y_TLT,4,2024-11-26,0.006928736979951999,0.0013074471587406211
rf,y_TLT,5,2024-11-26,0.006928736979951999,-0.0004322220375120154
rf,y_TLT,3,2024-12-02,-0.008628795038114534,-0.0014862363091427198
rf,y_TLT,4,2024-12-02,-0.008628795038114534,-0.0022120033636777187
rf,y_TLT,5,2024-12-02,-0.008628795038114534,-0.0015392585882465773
rf,y_TLT,3,2024-12-03,0.01074556525733894,-0.0007576325113182097
rf,y_TLT,4,2024-12-03,0.01074556525733894,-0.0027395638225896812
rf,y_TLT,5,2024-12-03,0.01074556525733894,-0.0022677410252414385
rf,y_TLT,3,2024-12-04,0.002020217421788262,0.001477310506168759
rf,y_TLT,4,2024-12-04,0.002020217421788262,0.0011643265883978173
rf,y_TLT,5,2024-12-04,0.002020217421788262,0.0021327242484985454
rf,y_TLT,3,2024-12-05,0.0014850941327582134,0.0003541541223631567
rf,y_TLT,4,2024-12-05,0.0014850941327582134,-0.000744865324765708
rf,y_TLT,5,2024-12-05,0.0014850941327582134,-0.0021943845174132773
rf,y_TLT,4,2024-12-09,-0.004704845045274908,0.0008929960826665122
rf,y_TLT,5,2024-12-09,-0.004704845045274908,9.034597369194282e-06
rf,y_TLT,6,2024-12-09,-0.004704845045274908,0.0017079731717563006
rf,y_TLT,4,2024-12-10,-0.009454170497773529,0.001147647169460426
rf,y_TLT,5,2024-12-10,-0.009454170497773529,-0.001368937614516246
rf,y_TLT,6,2024-12-10,-0.009454170497773529,0.0010398579000840615
rf,y_TLT,4,2024-12-11,-0.012147535677257904,-7.725634662620699e-06
rf,y_TLT,5,2024-12-11,-0.012147535677257904,-0.0002796540611019536
rf,y_TLT,6,2024-12-11,-0.012147535677257904,-0.0013773059919878474
rf,y_TLT,4,2024-12-12,-0.010210862606242044,-0.001654210954135163
rf,y_TLT,5,2024-12-12,-0.010210862606242044,-0.0006145302050938967
rf,y_TLT,6,2024-12-12,-0.010210862606242044,-0.0008725535859964143
rf,y_TLT,4,2024-12-16,0.002433207752153832,0.0016324608644971632
rf,y_TLT,5,2024-12-16,0.002433207752153832,0.0012925451704326296
rf,y_TLT,6,2024-12-16,0.002433207752153832,0.00032925653260716485
rf,y_TLT,4,2024-12-17,-0.012504256844886541,-0.001170921592754696
rf,y_TLT,5,2024-12-17,-0.012504256844886541,-0.002325048458291018
rf,y_TLT,6,2024-12-17,-0.012504256844886541,-0.0021355562414087205
rf,y_TLT,4,2024-12-18,-0.015141424927233804,1.85860332239098e-05
rf,y_TLT,5,2024-12-18,-0.015141424927233804,-0.000655248126659877
rf,y_TLT,6,2024-12-18,-0.015141424927233804,-0.00011351548229944219
rf,y_TLT,4,2024-12-19,0.005693990251774528,-0.0024090680807914433
rf,y_TLT,5,2024-12-19,0.005693990251774528,-0.0013169011541406483
rf,y_TLT,6,2024-12-19,0.005693990251774528,-0.002162478666168465
rf,y_TLT,4,2024-12-23,0.004228384884106484,0.0006196477594077784
rf,y_TLT,5,2024-12-23,0.004228384884106484,0.0019542249215263826
rf,y_TLT,6,2024-12-23,0.004228384884106484,0.00030624138715533894
rf,y_TLT,4,2024-12-26,-0.008198755902080634,0.002741086187886861
rf,y_TLT,5,2024-12-26,-0.008198755902080634,-0.001683921756016446
rf,y_TLT,6,2024-12-26,-0.008198755902080634,-0.0008857951138008885
rf,y_TLT,5,2024-12-30,-0.005353029943474086,-0.0006089094053711747
rf,y_TLT,6,2024-12-30,-0.005353029943474086,-0.00040173738286803745
rf,y_TLT,7,2024-12-30,-0.005353029943474086,-0.0005384204636709401
rf,y_TLT,5,2025-01-02,-0.0031975783165182348,0.0022879988037008154
rf,y_TLT,6,2025-01-02,-0.0031975783165182348,0.001957535589675825
rf,y_TLT,7,2025-01-02,-0.0031975783165182348,0.0025520953987900516
rf,y_TLT,5,2025-01-06,-0.011277349671819592,-0.0006976291930839041
rf,y_TLT,6,2025-01-06,-0.011277349671819592,-0.0010897213946655317
rf,y_TLT,7,2025-01-06,-0.011277349671819592,0.0009706089095455033
rf,y_TLT,5,2025-01-07,0.0012802219487304534,0.0044699732819080355
rf,y_TLT,6,2025-01-07,0.0012802219487304534,0.002536931878501264
rf,y_TLT,7,2025-01-07,0.0012802219487304534,0.003955247072660176
rf,y_TLT,5,2025-01-13,-0.0016389324288217377,-0.00014137666908838701
rf,y_TLT,6,2025-01-13,-0.0016389324288217377,0.00015583447040591522
rf,y_TLT,7,2025-01-13,-0.0016389324288217377,-0.0004181986726553159
rf,y_TLT,5,2025-01-14,0.017235394049260444,0.00350623127923259
rf,y_TLT,6,2025-01-14,0.017235394049260444,0.004015044470311845
rf,y_TLT,7,2025-01-14,0.017235394049260444,0.0021822816249308023
rf,y_TLT,5,2025-01-15,0.00322724659786644,0.00219175643023088
rf,y_TLT,6,2025-01-15,0.00322724659786644,0.0011720147623557867
rf,y_TLT,7,2025-01-15,0.00322724659786644,0.0012948690712123484
rf,y_TLT,5,2025-01-16,0.0017234193229516137,-0.0006865090116403035
rf,y_TLT,6,2025-01-16,0.0017234193229516137,0.00011838341127811773
rf,y_TLT,7,2025-01-16,0.0017234193229516137,-0.0010419570744067612
rf,y_TLT,6,2025-01-21,-0.005228914165501863,-0.0005832017622207438
rf,y_TLT,7,2025-01-21,-0.005228914165501863,-0.0009872970364068294
rf,y_TLT,8,2025-01-21,-0.005228914165501863,0.0009887278281664562
rf,y_TLT,6,2025-01-22,-0.007770688474414311,0.0024007698617747606
rf,y_TLT,7,2025-01-22,-0.007770688474414311,0.0016018185422001904
rf,y_TLT,8,2025-01-22,-0.007770688474414311,0.00101095654340706
rf,y_TLT,6,2025-01-23,0.004491450105859718,0.00041454274053342457
rf,y_TLT,7,2025-01-23,0.004491450105859718,0.00014641871239975124
rf,y_TLT,8,2025-01-23,0.004491450105859718,0.00113219831099693
rf,y_TLT,6,2025-01-27,-0.0006800067555038369,0.004867993855268981
rf,y_TLT,7,2025-01-27,-0.0006800067555038369,0.0030463693546460223
rf,y_TLT,8,2025-01-27,-0.0006800067555038369,0.0027303225065651296
rf,y_TLT,6,2025-01-28,-0.002040771379546502,-0.000970217747564578
rf,y_TLT,7,2025-01-28,-0.002040771379546502,-0.0005067216528778664
rf,y_TLT,8,2025-01-28,-0.002040771379546502,-0.0008185299915341541
rf,y_TLT,6,2025-01-29,0.003749551551226915,-0.0007773421598115699
rf,y_TLT,7,2025-01-29,0.003749551551226915,0.00048246897552492544
rf,y_TLT,8,2025-01-29,0.003749551551226915,0.00030886439848990346
rf,y_TLT,6,2025-01-30,-0.006565640872727041,-8.23685893994915e-05
rf,y_TLT,7,2025-01-30,-0.006565640872727041,-0.0005547652958305292
rf,y_TLT,8,2025-01-30,-0.006565640872727041,-6.453480010919407e-05
rf,y_TLT,6,2025-02-03,0.003062560416624338,-0.0038547326256973924
rf,y_TLT,7,2025-02-03,0.003062560416624338,-0.0021805446445765614
rf,y_TLT,8,2025-02-03,0.003062560416624338,-4.9522615002013194e-05
rf,y_TLT,6,2025-02-04,0.016510394659921657,-0.001066095359183981
rf,y_TLT,7,2025-02-04,0.016510394659921657,0.0007205047800767741
rf,y_TLT,8,2025-02-04,0.016510394659921657,0.0009501249247065857
rf,y_TLT,6,2025-02-05,-0.0004450267020469356,0.00381868223313894
rf,y_TLT,7,2025-02-05,-0.0004450267020469356,0.0031160361645423585
rf,y_TLT,8,2025-02-05,-0.0004450267020469356,0.004056248523994716
rf,y_TLT,6,2025-02-06,-0.00645531511851638,0.0006059761421594857
rf,y_TLT,7,2025-02-06,-0.00645531511851638,-0.0011652475661518761
rf,y_TLT,8,2025-02-06,-0.00645531511851638,-0.00027255369568104183
rf,y_TLT,7,2025-02-10,-0.006404463930769433,0.0008743800045398579
rf,y_TLT,8,2025-02-10,-0.006404463930769433,0.001831587998120259
rf,y_TLT,9,2025-02-10,-0.006404463930769433,0.0009690696478473815
rf,y_TLT,7,2025-02-11,-0.013569961914463802,-0.00020972491195336748
rf,y_TLT,8,2025-02-11,-0.013569961914463802,0.0004210751339470705
rf,y_TLT,9,2025-02-11,-0.013569961914463802,0.001585516968659829
rf,y_TLT,7,2025-02-12,0.01662273531997749,-0.000642385030183205
rf,y_TLT,8,2025-02-12,0.01662273531997749,-0.00018072545789580286
rf,y_TLT,9,2025-02-12,0.01662273531997749,0.00010926322803958555
rf,y_TLT,7,2025-02-13,0.005299826116787809,0.0006960734190604926
rf,y_TLT,8,2025-02-13,0.005299826116787809,0.0020743999358710536
rf,y_TLT,9,2025-02-13,0.005299826116787809,-0.00029546052375161634
rf,y_TLT,7,2025-02-18,0.001248552780812373,0.0021560372906722154
rf,y_TLT,8,2025-02-18,0.001248552780812373,0.00332617540799252
rf,y_TLT,9,2025-02-18,0.001248552780812373,0.0023634309871434335
rf,y_TLT,7,2025-02-19,0.003741168850526222,0.0012136573288064779
rf,y_TLT,8,2025-02-19,0.003741168850526222,-0.00037055584555922285
rf,y_TLT,9,2025-02-19,0.003741168850526222,0.00021782119206828672
rf,y_TLT,7,2025-02-20,0.012085027403194504,0.0010925443281426712
rf,y_TLT,8,2025-02-20,0.012085027403194504,0.00042043852117600126
rf,y_TLT,9,2025-02-20,0.012085027403194504,0.0013244125003153992
rf,y_TLT,7,2025-02-24,0.01724688592207624,-0.0008958001311837706
rf,y_TLT,8,2025-02-24,0.01724688592207624,-0.000986251501228591
rf,y_TLT,9,2025-02-24,0.01724688592207624,-0.0018913642315149
rf,y_TLT,7,2025-02-25,0.005906964370742562,-0.0005087827539430397
rf,y_TLT,8,2025-02-25,0.005906964370742562,0.00012033894478173657
rf,y_TLT,9,2025-02-25,0.005906964370742562,-0.00025722700552252564
rf,y_TLT,7,2025-02-26,-0.007068422033070787,0.00103630053782612
rf,y_TLT,8,2025-02-26,-0.007068422033070787,0.0018203552691222157
rf,y_TLT,9,2025-02-26,-0.007068422033070787,0.000272337415336583
rf,y_TLT,7,2025-02-27,0.012266091307345128,-0.0023227822805022597
rf,y_TLT,8,2025-02-27,0.012266091307345128,-0.0015989404637496531
rf,y_TLT,9,2025-02-27,0.012266091307345128,-0.0020972419250393504
rf,y_TLT,8,2025-03-03,-0.012314975657354732,-3.570622170064597e-05
rf,y_TLT,9,2025-03-03,-0.012314975657354732,5.128869292737037e-05
rf,y_TLT,10,2025-03-03,-0.012314975657354732,-0.0013804021231721235
rf,y_TLT,8,2025-03-04,-0.007984170650322975,0.0029846498962780676
rf,y_TLT,9,2025-03-04,-0.007984170650322975,0.0011694872077218893
rf,y_TLT,10,2025-03-04,-0.007984170650322975,0.0003776322396881027
rf,y_TLT,8,2025-03-05,-0.00330771032013355,-0.00017175492512505608
rf,y_TLT,9,2025-03-05,-0.00330771032013355,0.0004591264185827883
rf,y_TLT,10,2025-03-05,-0.00330771032013355,-0.0011102023502967684
rf,y_TLT,8,2025-03-06,-0.003207920613952364,0.00172329378933422
rf,y_TLT,9,2025-03-06,-0.003207920613952364,0.0006083590343962932
rf,y_TLT,10,2025-03-06,-0.003207920613952364,0.0010729463390370128
rf,y_TLT,8,2025-03-10,-0.007139083278418168,-0.0004828420634563004
rf,y_TLT,9,2025-03-10,-0.007139083278418168,-8.227965506453402e-05
rf,y_TLT,10,2025-03-10,-0.007139083278418168,-0.0010435530022942655
rf,y_TLT,8,2025-03-11,-0.005973302516129819,0.0007801037651077499
rf,y_TLT,9,2025-03-11,-0.005973302516129819,0.00018008736670739972
rf,y_TLT,10,2025-03-11,-0.005973302516129819,0.0005549621052323299
rf,y_TLT,8,2025-03-12,0.008791196896851039,0.003574059888572652
rf,y_TLT,9,2025-03-12,0.008791196896851039,0.0010021685292588196
rf,y_TLT,10,2025-03-12,0.008791196896851039,0.003572448539163416
rf,y_TLT,8,2025-03-13,-0.005295116001279854,-0.0010473183291023573
rf,y_TLT,9,2025-03-13,-0.005295116001279854,-0.00021583834164466594
rf,y_TLT,10,2025-03-13,-0.005295116001279854,-0.0012629146239906954
rf,y_TLT,8,2025-03-17,0.0009929868052489521,0.0019570235488252765
rf,y_TLT,9,2025-03-17,0.0009929868052489521,0.00016255780376763507
rf,y_TLT,10,2025-03-17,0.0009929868052489521,0.0006305576886739023
rf,y_TLT,8,2025-03-18,0.005181400885427623,-0.002212268029191583
rf,y_TLT,9,2025-03-18,0.005181400885427623,-0.0010081062942546599
rf,y_TLT,10,2025-03-18,0.005181400885427623,4.262399966679838e-05
rf,y_TLT,8,2025-03-19,0.0006580421122470703,-0.0007318689628398983
rf,y_TLT,9,2025-03-19,0.0006580421122470703,-0.00011835974491818945
rf,y_TLT,10,2025-03-19,0.0006580421122470703,-0.00014418172209668494
rf,y_TLT,8,2025-03-20,-0.005918309641570585,-0.0006675452285046282
rf,y_TLT,9,2025-03-20,-0.005918309641570585,0.0006351757231244842
rf,y_TLT,10,2025-03-20,-0.005918309641570585,0.0001494364953236534
rf,y_TLT,9,2025-03-24,-0.00011127790462195364,0.002789508703476052
rf,y_TLT,10,2025-03-24,-0.00011127790462195364,0.0035240946411182954
rf,y_TLT,11,2025-03-24,-0.00011127790462195364,0.003742544958163722
rf,y_TLT,9,2025-03-25,-0.006573054924644106,0.0012818040430934994
rf,y_TLT,10,2025-03-25,-0.006573054924644106,0.0032859024059569697
rf,y_TLT,11,2025-03-25,-0.006573054924644106,0.001217500179531313
rf,y_TLT,9,2025-03-26,-0.0029157326269962924,0.0005292789418149304
rf,y_TLT,10,2025-03-26,-0.0029157326269962924,-0.0012247045461623981
rf,y_TLT,11,2025-03-26,-0.0029157326269962924,-0.00019016927657660536
rf,y_TLT,9,2025-03-27,0.013834097889148023,0.0007388038582128673
rf,y_TLT,10,2025-03-27,0.013834097889148023,0.0018863394011886137
rf,y_TLT,11,2025-03-27,0.013834097889148023,0.00010892709456308085
rf,y_TLT,9,2025-03-31,0.008665418069222275,-0.00320374894186639
rf,y_TLT,10,2025-03-31,0.008665418069222275,-0.0033788832364114274
rf,y_TLT,11,2025-03-31,0.008665418069222275,-0.0029706222079825245
rf,y_TLT,9,2025-04-01,-0.0006558949623377552,0.00408629139365146
rf,y_TLT,10,2025-04-01,-0.0006558949623377552,0.0025305646064956583
rf,y_TLT,11,2025-04-01,-0.0006558949623377552,0.003510413916967519
rf,y_TLT,9,2025-04-02,0.004593930562262649,0.0018178346183868599
rf,y_TLT,10,2025-04-02,0.004593930562262649,0.001734682753382566
rf,y_TLT,11,2025-04-02,0.004593930562262649,0.002212387808350432
rf,y_TLT,9,2025-04-03,0.0108872650056977,-0.0005146453107954936
rf,y_TLT,10,2025-04-03,0.0108872650056977,0.00046394347322579744
rf,y_TLT,11,2025-04-03,0.0108872650056977,0.0007625838062930398
rf,y_TLT,9,2025-04-07,-0.018878307382398152,-0.0016784414775927866
rf,y_TLT,10,2025-04-07,-0.018878307382398152,-0.0014122691799910224
rf,y_TLT,11,2025-04-07,-0.018878307382398152,-0.0009354400768950139
rf,y_TLT,9,2025-04-08,0.005885640597837805,-0.00017958588401719341
rf,y_TLT,10,2025-04-08,0.005885640597837805,0.00075891809922701
rf,y_TLT,11,2025-04-08,0.005885640597837805,0.0005903913884907898
rf,y_TLT,9,2025-04-09,-0.027568291218065366,-0.0017672068122327965
rf,y_TLT,10,2025-04-09,-0.027568291218065366,-0.0013136676269511593
rf,y_TLT,11,2025-04-09,-0.027568291218065366,-0.0029715822747301474
rf,y_TLT,9,2025-04-10,0.005438529904652656,-0.00010475133332728815
rf,y_TLT,10,2025-04-10,0.005438529904652656,-0.00019460021695725805
rf,y_TLT,11,2025-04-10,0.005438529904652656,0.00031579261271177104
rf,y_TLT,10,2025-04-14,0.0035424608283660675,-0.0011391874948356103
rf,y_TLT,11,2025-04-14,0.0035424608283660675,0.0003911590848951587
rf,y_TLT,12,2025-04-14,0.0035424608283660675,0.0007710793982792248
rf,y_TLT,10,2025-04-15,0.005579418358684363,4.3993860208073796e-05
rf,y_TLT,11,2025-04-15,0.005579418358684363,0.0019230814515109357
rf,y_TLT,12,2025-04-15,0.005579418358684363,-0.0001101859014448601
rf,y_TLT,10,2025-04-16,-0.008832236972302066,0.0005866794139599701
rf,y_TLT,11,2025-04-16,-0.008832236972302066,0.0016623649836489572
rf,y_TLT,12,2025-04-16,-0.008832236972302066,0.0027722730763558873
rf,y_TLT,10,2025-04-21,0.005581570122111801,0.000978265627030181
rf,y_TLT,11,2025-04-21,0.005581570122111801,0.0016239251409827654
rf,y_TLT,12,2025-04-21,0.005581570122111801,0.0010281841430088607
rf,y_TLT,10,2025-04-22,0.009713117600179011,0.00155712475393065
rf,y_TLT,11,2025-04-22,0.009713117600179011,0.0043439769041631405
rf,y_TLT,12,2025-04-22,0.009713117600179011,0.0016065283670079534
rf,y_TLT,10,2025-04-23,0.010535879549711469,0.0007274168087602191
rf,y_TLT,11,2025-04-23,0.010535879549711469,0.0005157791077394576
rf,y_TLT,12,2025-04-23,0.010535879549711469,0.0013873161686396831
rf,y_TLT,10,2025-04-24,0.007366425803466248,0.005497389894976152
rf,y_TLT,11,2025-04-24,0.007366425803466248,0.005743533860526954
rf,y_TLT,12,2025-04-24,0.007366425803466248,0.007043964862328767
rf,y_TLT,10,2025-04-28,0.008384512470155148,0.0016081194258562046
rf,y_TLT,11,2025-04-28,0.008384512470155148,0.004525084794083636
rf,y_TLT,12,2025-04-28,0.008384512470155148,0.0037207568277582703
rf,y_TLT,10,2025-04-29,-0.008093038502040129,-0.003483739319187997
rf,y_TLT,11,2025-04-29,-0.008093038502040129,-0.00329113648104803
rf,y_TLT,12,2025-04-29,-0.008093038502040129,-0.0016939541376417668
rf,y_TLT,10,2025-04-30,-0.0050704962166168155,2.4029224358662616e-05
rf,y_TLT,11,2025-04-30,-0.0050704962166168155,0.0005775312260554231
rf,y_TLT,12,2025-04-30,-0.0050704962166168155,0.0008205889313713512
rf,y_TLT,10,2025-05-01,-0.010824228216099074,0.0029963600225275896
rf,y_TLT,11,2025-05-01,-0.010824228216099074,0.0020916032282094184
rf,y_TLT,12,2025-05-01,-0.010824228216099074,0.0031155206723224747
rf,y_TLT,11,2025-05-05,0.0033242939368243185,0.0038172656927626418
rf,y_TLT,12,2025-05-05,0.0033242939368243185,0.0028922389840945898
rf,y_TLT,13,2025-05-05,0.0033242939368243185,0.004563893806326518
rf,y_TLT,11,2025-05-06,0.004227004051764238,0.0005497356766656562
rf,y_TLT,12,2025-05-06,0.004227004051764238,-0.00026934513877513075
rf,y_TLT,13,2025-05-06,0.004227004051764238,0.0013472841869707698
rf,y_TLT,11,2025-05-07,-0.011149048972256104,0.00016877240029352
rf,y_TLT,12,2025-05-07,-0.011149048972256104,0.00038502716753535855
rf,y_TLT,13,2025-05-07,-0.011149048972256104,-0.00026522271690150313
rf,y_TLT,11,2025-05-08,0.0014956210401326775,-0.0002108800462019648
rf,y_TLT,12,2025-05-08,0.0014956210401326775,0.0027877304883923647
rf,y_TLT,13,2025-05-08,0.0014956210401326775,0.0013595658315597623
rf,y_TLT,11,2025-05-12,-0.004058408185501183,-0.00011471415678322346
rf,y_TLT,12,2025-05-12,-0.004058408185501183,0.0005361704597138399
rf,y_TLT,13,2025-05-12,-0.004058408185501183,-0.0002920093131945809
rf,y_TLT,11,2025-05-13,-0.006636243180125789,0.001086849724985814
rf,y_TLT,12,2025-05-13,-0.006636243180125789,-0.0001102045374750014
rf,y_TLT,13,2025-05-13,-0.006636243180125789,-0.0014249846791971638
rf,y_TLT,11,2025-05-14,0.008790242810072568,-0.0026336316409641485
rf,y_TLT,12,2025-05-14,0.008790242810072568,-0.002529520606072879
rf,y_TLT,13,2025-05-14,0.008790242810072568,-0.0021130028412900182
rf,y_TLT,11,2025-05-15,0.002672358182987722,0.0021652302562378944
rf,y_TLT,12,2025-05-15,0.002672358182987722,0.000172176435957531
rf,y_TLT,13,2025-05-15,0.002672358182987722,0.0011406325332115248
rf,y_TLT,11,2025-05-19,-0.007205297209197048,0.00041695137389977934
rf,y_TLT,12,2025-05-19,-0.007205297209197048,0.0009766235439864462
rf,y_TLT,13,2025-05-19,-0.007205297209197048,-1.936192271470479e-05
rf,y_TLT,11,2025-05-20,-0.017089898713178342,-0.001030522003057403
rf,y_TLT,12,2025-05-20,-0.017089898713178342,-0.001372036265502887
rf,y_TLT,13,2025-05-20,-0.017089898713178342,-9.072527515649279e-05
rf,y_TLT,11,2025-05-21,0.005239912235805777,0.0026301442848075925
rf,y_TLT,12,2025-05-21,0.005239912235805777,0.0024313318052791725
rf,y_TLT,13,2025-05-21,0.005239912235805777,0.005651425545143262
rf,y_TLT,11,2025-05-22,0.0016586137930580946,0.0031603194254912073
rf,y_TLT,12,2025-05-22,0.0016586137930580946,0.00389036332984229
rf,y_TLT,13,2025-05-22,0.0016586137930580946,0.003234889775522449
rf,y_TLT,12,2025-05-27,-0.004315755188378456,-0.003591031852419032
rf,y_TLT,13,2025-05-27,-0.004315755188378456,-0.0032277240364817533
rf,y_TLT,14,2025-05-27,-0.004315755188378456,-0.0028624515038674
rf,y_TLT,12,2025-05-28,0.009254831797722796,-0.0003447251284191914
rf,y_TLT,13,2025-05-28,0.009254831797722796,0.00025379168197523503
rf,y_TLT,14,2025-05-28,0.009254831797722796,0.0005222312453201215
rf,y_TLT,12,2025-05-29,0.001508988611063522,-0.0007492837602954855
rf,y_TLT,13,2025-05-29,0.001508988611063522,0.0004351790298917598
rf,y_TLT,14,2025-05-29,0.001508988611063522,-0.001062246343219267
rf,y_TLT,12,2025-06-02,-0.00176124528866195,0.003307650936816728
rf,y_TLT,13,2025-06-02,-0.00176124528866195,0.001358319054953678
rf,y_TLT,14,2025-06-02,-0.00176124528866195,0.0025394305550832893
rf,y_TLT,12,2025-06-03,0.01623323257324838,0.0010136408970356345
rf,y_TLT,13,2025-06-03,0.01623323257324838,0.0015537502198409334
rf,y_TLT,14,2025-06-03,0.01623323257324838,0.0005715641684698217
rf,y_TLT,12,2025-06-04,0.0006944311332974795,-0.0036570085089431686
rf,y_TLT,13,2025-06-04,0.0006944311332974795,-0.0019574792707180376
rf,y_TLT,14,2025-06-04,0.0006944311332974795,-0.0024777462513550083
rf,y_TLT,12,2025-06-05,-0.012723862020855292,-0.0013307868195146233
rf,y_TLT,13,2025-06-05,-0.012723862020855292,-0.0006982439026426044
rf,y_TLT,14,2025-06-05,-0.012723862020855292,-0.0014932895300713686
rf,y_TLT,12,2025-06-09,0.005149764384827948,-0.0002204677405505858
rf,y_TLT,13,2025-06-09,0.005149764384827948,-0.0006752158947988205
rf,y_TLT,14,2025-06-09,0.005149764384827948,-0.0014142697426716801
rf,y_TLT,12,2025-06-10,0.003027623043210248,0.0015699780896751762
rf,y_TLT,13,2025-06-10,0.003027623043210248,0.0023285324167145348
rf,y_TLT,14,2025-06-10,0.003027623043210248,0.0012679399865780391
rf,y_TLT,12,2025-06-11,0.01195722163239088,-0.002765288936638762
rf,y_TLT,13,2025-06-11,0.01195722163239088,-0.0010841475789822262
rf,y_TLT,14,2025-06-11,0.01195722163239088,-0.003926050131481697
rf,y_TLT,12,2025-06-12,-0.009636128589180615,-0.002200178435371792
rf,y_TLT,13,2025-06-12,-0.009636128589180615,-0.0003901276887340442
rf,y_TLT,14,2025-06-12,-0.009636128589180615,-0.0018798284306425171
rf,y_TLT,13,2025-07-02,-0.006964968038882358,-0.004526917630703556
rf,y_TLT,14,2025-07-02,-0.006964968038882358,-0.004359443508499353
rf,y_TLT,15,2025-07-02,-0.006964968038882358,-0.0026745474842348976
rf,y_TLT,13,2025-07-07,-0.0012770891232737336,-0.0017905841098246778
rf,y_TLT,14,2025-07-07,-0.0012770891232737336,-0.0010954069005567001
rf,y_TLT,15,2025-07-07,-0.0012770891232737336,-0.0005098139703722924
rf,y_TLT,13,2025-07-08,0.010461541720878875,0.003282961149219572
rf,y_TLT,14,2025-07-08,0.010461541720878875,0.00357349981746324
rf,y_TLT,15,2025-07-08,0.010461541720878875,0.0025376241219071762
rf,y_TLT,13,2025-07-09,0.0006901732238093761,-0.0008804756768157793
rf,y_TLT,14,2025-07-09,0.0006901732238093761,-0.0017903701021510056
rf,y_TLT,15,2025-07-09,0.0006901732238093761,-0.000246577056528167
rf,y_TLT,13,2025-07-10,-0.013794576434968953,8.161873319506204e-05
rf,y_TLT,14,2025-07-10,-0.013794576434968953,0.0016575614455817621
rf,y_TLT,15,2025-07-10,-0.013794576434968953,0.0031773615433852236
rf,y_TLT,13,2025-07-14,-0.007008423634629279,-0.0018461683109640525
rf,y_TLT,14,2025-07-14,-0.007008423634629279,-0.0015179895703622715
rf,y_TLT,15,2025-07-14,-0.007008423634629279,-0.003638868046791304
rf,y_TLT,13,2025-07-15,0.0014113373863384737,-0.0026288770470601066
rf,y_TLT,14,2025-07-15,0.0014113373863384737,-0.003042208958780144
rf,y_TLT,15,2025-07-15,0.0014113373863384737,-0.0023346602335228284
rf,y_TLT,13,2025-07-16,-0.00023486062567612542,0.0003975058120973078
rf,y_TLT,14,2025-07-16,-0.00023486062567612542,-3.413647069682631e-05
rf,y_TLT,15,2025-07-16,-0.00023486062567612542,-0.0021137671957123915
rf,y_TLT,13,2025-07-17,0.001527460364535882,0.001801311705515619
rf,y_TLT,14,2025-07-17,0.001527460364535882,0.0011017719872100226
rf,y_TLT,15,2025-07-17,0.001527460364535882,0.0012307076049096837
rf,y_TLT,13,2025-07-21,0.006046519955589469,-0.0018055302842581898
rf,y_TLT,14,2025-07-21,0.006046519955589469,-0.003371357566362041
rf,y_TLT,15,2025-07-21,0.006046519955589469,-0.004261137870995319
rf,y_TLT,13,2025-07-22,-0.005547822879723108,0.0036488277486314705
rf,y_TLT,14,2025-07-22,-0.005547822879723108,0.0018429981978194806
rf,y_TLT,15,2025-07-22,-0.005547822879723108,0.001736384527105575
rf,y_TLT,13,2025-07-23,-0.0017434178989321758,0.0026682508298863455
rf,y_TLT,14,2025-07-23,-0.0017434178989321758,0.0033994313281906457
rf,y_TLT,15,2025-07-23,-0.0017434178989321758,0.0019924279710998517
rf,y_TLT,14,2025-07-24,0.006287137714630964,-0.0008379405322671636
rf,y_TLT,15,2025-07-24,0.006287137714630964,-0.0002808525607367135
rf,y_TLT,16,2025-07-24,0.006287137714630964,-0.0013427513380830202
rf,y_TLT,14,2025-07-28,0.01688600885053715,0.003009024112643129
rf,y_TLT,15,2025-07-28,0.01688600885053715,0.0027716262431680986
rf,y_TLT,16,2025-07-28,0.01688600885053715,0.0014331620686145797
rf,y_TLT,14,2025-07-29,-0.005153495089195381,0.0020890082967366923
rf,y_TLT,15,2025-07-29,-0.005153495089195381,0.0009099814004011682
rf,y_TLT,16,2025-07-29,-0.005153495089195381,0.0004057410056779065
rf,y_TLT,14,2025-07-30,0.0005755265561553369,0.0014580475051454462
rf,y_TLT,15,2025-07-30,0.0005755265561553369,0.0021016002252380464
rf,y_TLT,16,2025-07-30,0.0005755265561553369,0.0033476162651441986
rf,y_TLT,14,2025-07-31,0.014216656736620426,-0.0010658021828605488
rf,y_TLT,15,2025-07-31,0.014216656736620426,-0.0006456118347293464
rf,y_TLT,16,2025-07-31,0.014216656736620426,-0.001212236126411126
rf,y_TLT,14,2025-08-04,0.003066025893116997,0.0036121347010145883
rf,y_TLT,15,2025-08-04,0.003066025893116997,0.0016264735692323312
rf,y_TLT,16,2025-08-04,0.003066025893116997,0.0012131808153674382
rf,y_TLT,14,2025-08-05,-0.005773788280607928,-0.0005553978622036632
rf,y_TLT,15,2025-08-05,-0.005773788280607928,-0.002286411795850605
rf,y_TLT,16,2025-08-05,-0.005773788280607928,-0.002122622521387682
rf,y_TLT,14,2025-08-06,-0.0017081711500515073,0.0008798813211782525
rf,y_TLT,15,2025-08-06,-0.0017081711500515073,0.002326040377123974
rf,y_TLT,16,2025-08-06,-0.0017081711500515073,0.0023859086941330643
rf,y_TLT,14,2025-08-07,-0.00433424178665065,0.002277361176776314
rf,y_TLT,15,2025-08-07,-0.00433424178665065,0.001122919193827443
rf,y_TLT,16,2025-08-07,-0.00433424178665065,0.001629781393977911
rf,y_TLT,14,2025-08-11,-0.005035008997963941,0.0022975596994282356
rf,y_TLT,15,2025-08-11,-0.005035008997963941,0.003836233851075017
rf,y_TLT,16,2025-08-11,-0.005035008997963941,0.0027470876442989315
rf,y_TLT,14,2025-08-12,0.008280504963370516,0.0025971931626469196
rf,y_TLT,15,2025-08-12,0.008280504963370516,0.0007052097301555963
rf,y_TLT,16,2025-08-12,0.008280504963370516,0.0012795359515411294
rf,y_TLT,15,2025-08-13,-0.007413996727425598,-0.003393620882304744
rf,y_TLT,16,2025-08-13,-0.007413996727425598,-0.000873743842390277
rf,y_TLT,17,2025-08-13,-0.007413996727425598,-0.001173301147073171
rf,y_TLT,15,2025-08-14,-0.00712483351900417,0.0012666020314848223
rf,y_TLT,16,2025-08-14,-0.00712483351900417,0.0018024419198966904
rf,y_TLT,17,2025-08-14,-0.00712483351900417,0.0009539978451207483
rf,y_TLT,15,2025-08-18,0.005803885202822601,0.0001657748935232295
rf,y_TLT,16,2025-08-18,0.005803885202822601,0.0013506061853469854
rf,y_TLT,17,2025-08-18,0.005803885202822601,-0.0008476381333018859
rf,y_TLT,15,2025-08-19,0.002192585527635016,-0.0009891572341673288
rf,y_TLT,16,2025-08-19,0.002192585527635016,-0.0009414798636668886
rf,y_TLT,17,2025-08-19,0.002192585527635016,0.00026016999051429177
rf,y_TLT,15,2025-08-20,-0.004951633613719197,0.0010065304511378335
rf,y_TLT,16,2025-08-20,-0.004951633613719197,0.0018897898081759836
rf,y_TLT,17,2025-08-20,-0.004951633613719197,0.0020973463795109252
rf,y_TLT,15,2025-08-21,0.007406627835110591,0.0005172943644273064
rf,y_TLT,16,2025-08-21,0.007406627835110591,-0.0005847679153211484
rf,y_TLT,17,2025-08-21,0.007406627835110591,-0.000583732666160163
rf,y_TLT,15,2025-08-25,-0.0005759611938481735,0.0016155728061092722
rf,y_TLT,16,2025-08-25,-0.0005759611938481735,0.0001230912693213876
rf,y_TLT,17,2025-08-25,-0.0005759611938481735,0.002265697722376795
rf,y_TLT,15,2025-08-26,-0.0011526764475914275,0.0014828408464139353
rf,y_TLT,16,2025-08-26,-0.0011526764475914275,0.00018511309060399532
rf,y_TLT,17,2025-08-26,-0.0011526764475914275,-0.00014366755975017502
rf,y_TLT,15,2025-08-27,0.006578117859149302,0.0029294327516433153
rf,y_TLT,16,2025-08-27,0.006578117859149302,0.003038685763663802
rf,y_TLT,17,2025-08-27,0.006578117859149302,0.0024495024702649304
rf,y_TLT,15,2025-08-28,-0.007108406405488821,-0.00014358470935247057
rf,y_TLT,16,2025-08-28,-0.007108406405488821,-0.001324930785955153
rf,y_TLT,17,2025-08-28,-0.007108406405488821,-0.0024136891104554396
rf,y_TLT,15,2025-09-02,0.010977384762771436,0.002037627958431476
rf,y_TLT,16,2025-09-02,0.010977384762771436,0.002818452456137706
rf,y_TLT,17,2025-09-02,0.010977384762771436,0.0016639643611509223
rf,y_TLT,16,2025-09-03,0.007623860604202726,0.0002844452953594034
rf,y_TLT,17,2025-09-03,0.007623860604202726,-0.001893095185202892
rf,y_TLT,18,2025-09-03,0.007623860604202726,-0.0016900982374663226
rf,y_TLT,16,2025-09-04,0.015247205909363792,0.0006906420294561723
rf,y_TLT,17,2025-09-04,0.015247205909363792,-0.0010064665450837404
rf,y_TLT,18,2025-09-04,0.015247205909363792,0.00019505869100180928
rf,y_TLT,16,2025-09-08,-0.0056830043739143354,-0.0016917732559474355
rf,y_TLT,17,2025-09-08,-0.0056830043739143354,-0.0017726420415191773
rf,y_TLT,18,2025-09-08,-0.0056830043739143354,-0.0015575320497773835
rf,y_TLT,16,2025-09-09,0.005715485503027029,-0.002098970702790585
rf,y_TLT,17,2025-09-09,0.005715485503027029,-0.003635802453565249
rf,y_TLT,18,2025-09-09,0.005715485503027029,-0.0020140606243791354
rf,y_TLT,16,2025-09-10,0.006685846614571167,0.0005217131228175474
rf,y_TLT,17,2025-09-10,0.006685846614571167,0.0018014211364467412
rf,y_TLT,18,2025-09-10,0.006685846614571167,0.000547925788841568
rf,y_TLT,16,2025-09-11,-0.004316903394000371,-0.0035383954555974068
rf,y_TLT,17,2025-09-11,-0.004316903394000371,0.0001452211079152092
rf,y_TLT,18,2025-09-11,-0.004316903394000371,-0.0003873263460284252
rf,y_TLT,16,2025-09-15,0.002107460692758023,0.002458015944153353
rf,y_TLT,17,2025-09-15,0.002107460692758023,-0.00019419256773756758
rf,y_TLT,18,2025-09-15,0.002107460692758023,-0.00013438451014031831
rf,y_TLT,16,2025-09-16,-0.002545707930905805,-0.0026283445932931775
rf,y_TLT,17,2025-09-16,-0.002545707930905805,-0.003620722813149337
rf,y_TLT,18,2025-09-16,-0.002545707930905805,-0.002547612491419515
rf,y_TLT,16,2025-09-17,-0.010319642904106807,-0.0009528116985444387
rf,y_TLT,17,2025-09-17,-0.010319642904106807,-0.00020960362026279286
rf,y_TLT,18,2025-09-17,-0.010319642904106807,-0.002090198151616688
rf,y_TLT,16,2025-09-18,-0.001905987540450016,-0.0010806516141127912
rf,y_TLT,17,2025-09-18,-0.001905987540450016,-0.0030917558195132553
rf,y_TLT,18,2025-09-18,-0.001905987540450016,-0.0004192207827385136
rf,y_TLT,16,2025-09-22,0.006989782446735093,2.773422081916351e-05
rf,y_TLT,17,2025-09-22,0.006989782446735093,0.0004950845677704596
rf,y_TLT,18,2025-09-22,0.006989782446735093,2.2031053886826617e-06
rf,y_TLT,17,2025-09-23,-0.003806426688141684,0.0007171353771360494
rf,y_TLT,18,2025-09-23,-0.003806426688141684,0.0006516104981502587
rf,y_TLT,19,2025-09-23,-0.003806426688141684,0.0017521690366358034
rf,y_TLT,17,2025-09-24,0.0,0.0029869307908025
rf,y_TLT,18,2025-09-24,0.0,0.0019229516561071755
rf,y_TLT,19,2025-09-24,0.0,0.000781265178897438
rf,y_TLT,17,2025-09-25,-0.0008991653761573071,0.0013108817764533496
rf,y_TLT,18,2025-09-25,-0.0008991653761573071,0.00023073554470074605
rf,y_TLT,19,2025-09-25,-0.0008991653761573071,0.0017967493722250733
rf,y_TLT,17,2025-09-29,-0.0029007906629126,0.003884611110897071
rf,y_TLT,18,2025-09-29,-0.0029007906629126,0.0019038226854112541
rf,y_TLT,19,2025-09-29,-0.0029007906629126,0.00339191576356315
rf,y_TLT,17,2025-09-30,0.0025825215208672425,-0.0005244960718391617
rf,y_TLT,18,2025-09-30,0.0025825215208672425,0.0007992239830773342
rf,y_TLT,19,2025-09-30,0.0025825215208672425,0.00045536013507793314
rf,y_TLT,17,2025-10-01,0.0029120035613003914,-0.000627361090372483
rf,y_TLT,18,2025-10-01,0.0029120035613003914,-0.0010562093286381876
rf,y_TLT,19,2025-10-01,0.0029120035613003914,-0.00393645176507904
rf,y_TLT,17,2025-10-02,-0.001898507335264199,0.000997681785002678
rf,y_TLT,18,2025-10-02,-0.001898507335264199,0.0005447229414227826
rf,y_TLT,19,2025-10-02,-0.001898507335264199,-0.0012182527416850248
rf,y_TLT,17,2025-10-06,0.0057516973956313056,0.0003394129529071634
rf,y_TLT,18,2025-10-06,0.0057516973956313056,0.0003062918103780658
rf,y_TLT,19,2025-10-06,0.0057516973956313056,-0.0012034182857877781
rf,y_TLT,17,2025-10-07,0.0007848741705307472,-0.0019991335609747594
rf,y_TLT,18,2025-10-07,0.0007848741705307472,-0.0015658673187762687
rf,y_TLT,19,2025-10-07,0.0007848741705307472,-0.00352408777655564
rf,y_TLT,17,2025-10-08,-0.0007842586261920248,0.0018319238994235645
rf,y_TLT,18,2025-10-08,-0.0007842586261920248,0.0023161644329077248
rf,y_TLT,19,2025-10-08,-0.0007842586261920248,0.0004004920112143567
rf,y_TLT,17,2025-10-09,0.016147202632312396,0.004073606869741013
rf,y_TLT,18,2025-10-09,0.016147202632312396,0.005195405100408906
rf,y_TLT,19,2025-10-09,0.016147202632312396,0.0023136146405896285
rf,y_TLT,18,2025-10-13,0.00320188958237666,0.004735285419169259
rf,y_TLT,19,2025-10-13,0.00320188958237666,0.003921871367403995
rf,y_TLT,20,2025-10-13,0.00320188958237666,0.004261426178078082
rf,y_TLT,18,2025-10-14,-0.0022011194318288796,0.002178042201838977
rf,y_TLT,19,2025-10-14,-0.0022011194318288796,0.0019979017019537285
rf,y_TLT,20,2025-10-14,-0.0022011194318288796,0.00047567537058314143
rf,y_TLT,18,2025-10-15,0.007500537974762134,0.0027288031684836863
rf,y_TLT,19,2025-10-15,0.007500537974762134,0.0019162426709756605
rf,y_TLT,20,2025-10-15,0.007500537974762134,0.001245918253849394
rf,y_TLT,18,2025-10-16,-0.0015328821987558028,0.0018794751278766592
rf,y_TLT,19,2025-10-16,-0.0015328821987558028,0.002776731044566616
rf,y_TLT,20,2025-10-16,-0.0015328821987558028,0.0020405265646240623
rf,y_TLT,18,2025-10-20,0.004915340872299723,-0.0005878840413045298
rf,y_TLT,19,2025-10-20,0.004915340872299723,0.0008335410442059738
rf,y_TLT,20,2025-10-20,0.004915340872299723,0.0007660924195036066
rf,y_TLT,18,2025-10-21,0.0006521280893743153,-0.0019291986958505452
rf,y_TLT,19,2025-10-21,0.0006521280893743153,-0.004573676757441306
rf,y_TLT,20,2025-10-21,0.0006521280893743153,-0.0015456119665254139
rf,y_TLT,18,2025-10-22,-0.006843220085080759,-0.0023422113361025094
rf,y_TLT,19,2025-10-22,-0.006843220085080759,-0.0019649046827138563
rf,y_TLT,20,2025-10-22,-0.006843220085080759,-0.000621324412885238
rf,y_TLT,18,2025-10-23,0.00043746238167674534,0.0001908984754995846
rf,y_TLT,19,2025-10-23,0.00043746238167674534,-0.0014110348351651027
rf,y_TLT,20,2025-10-23,0.00043746238167674534,-0.0005606837271323273
rf,y_TLT,18,2025-10-27,0.0026148494906041986,-0.003826365330645473
rf,y_TLT,19,2025-10-27,0.0026148494906041986,-0.0011157150442686558
rf,y_TLT,20,2025-10-27,0.0026148494906041986,-0.004034237856247128
rf,y_TLT,18,2025-10-28,-0.010106464087642153,-0.0025509016812253213
rf,y_TLT,19,2025-10-28,-0.010106464087642153,-0.002082790456116333
rf,y_TLT,20,2025-10-28,-0.010106464087642153,-0.003980297019539511
rf,y_TLT,18,2025-10-29,-0.005818438879822585,0.0005534916428043675
rf,y_TLT,19,2025-10-29,-0.005818438879822585,-0.002264850391538867
rf,y_TLT,20,2025-10-29,-0.005818438879822585,-0.0007022372377745204
rf,y_TLT,18,2025-10-30,-0.0029814108591097455,0.0029647004743236457
rf,y_TLT,19,2025-10-30,-0.0029814108591097455,0.004396709804801952
rf,y_TLT,20,2025-10-30,-0.0029814108591097455,0.0036845133434570297
rf,y_TLT,19,2025-11-03,0.0022287640478515502,0.00044759883254259504
rf,y_TLT,20,2025-11-03,0.0022287640478515502,-0.0005614115341253981
rf,y_TLT,21,2025-11-03,0.0022287640478515502,0.0006332946651968485
rf,y_TLT,19,2025-11-04,-0.010896192955859307,-0.0014518276265941894
rf,y_TLT,20,2025-11-04,-0.010896192955859307,-0.0009433756835516052
rf,y_TLT,21,2025-11-04,-0.010896192955859307,0.00019274306993499746
rf,y_TLT,19,2025-11-05,0.008992787599684027,0.0011893326452921368
rf,y_TLT,20,2025-11-05,0.008992787599684027,0.0006796065970497098
rf,y_TLT,21,2025-11-05,0.008992787599684027,0.0016235011758254647
rf,y_TLT,19,2025-11-06,-0.0021167504796820724,-0.002792374901526389
rf,y_TLT,20,2025-11-06,-0.0021167504796820724,-0.0026771948274347517
rf,y_TLT,21,2025-11-06,-0.0021167504796820724,-0.0025562078718452423
rf,y_TLT,19,2025-11-10,0.004578504336231415,0.0006884279190309474
rf,y_TLT,20,2025-11-10,0.004578504336231415,0.0020432097651377867
rf,y_TLT,21,2025-11-10,0.004578504336231415,0.0017345586856935713
rf,y_TLT,19,2025-11-11,0.0017784956664927964,-0.0008033436407057041
rf,y_TLT,20,2025-11-11,0.0017784956664927964,0.00013624542183239368
rf,y_TLT,21,2025-11-11,0.0017784956664927964,-0.00014302809789672096
rf,y_TLT,19,2025-11-12,-0.008211293683568655,-0.0006257032095503823
rf,y_TLT,20,2025-11-12,-0.008211293683568655,-0.0003641698840153353
rf,y_TLT,21,2025-11-12,-0.008211293683568655,0.0009059899478044087
rf,y_TLT,19,2025-11-13,-0.005705996575483985,-0.0010951914272118149
rf,y_TLT,20,2025-11-13,-0.005705996575483985,-0.0013110887262255668
rf,y_TLT,21,2025-11-13,-0.005705996575483985,-0.0012469698366027978
rf,y_TLT,19,2025-11-17,-0.0003367190030822975,-0.005705089913106125
rf,y_TLT,20,2025-11-17,-0.0003367190030822975,-0.005581648224461369
rf,y_TLT,21,2025-11-17,-0.0003367190030822975,-0.004660603338425157
rf,y_TLT,19,2025-11-18,-0.002021081450251816,-0.0006980057712337127
rf,y_TLT,20,2025-11-18,-0.002021081450251816,-0.0008147534910281454
rf,y_TLT,21,2025-11-18,-0.002021081450251816,-0.0003693347204447019
rf,y_TLT,19,2025-11-19,0.003937902197598708,-0.0002905074856025758
rf,y_TLT,20,2025-11-19,0.003937902197598708,0.000998377471288712
rf,y_TLT,21,2025-11-19,0.003937902197598708,-0.0012580020157661686
rf,y_TLT,19,2025-11-20,0.0030258896321135875,-0.0023616624203815872
rf,y_TLT,20,2025-11-20,0.0030258896321135875,-0.0017790081769126452
rf,y_TLT,21,2025-11-20,0.0030258896321135875,-0.00044698215279739736
rf,y_TLT,20,2025-11-24,0.0025552694196606662,0.0024547106100069604
rf,y_TLT,21,2025-11-24,0.0025552694196606662,0.0014217301816472016
rf,y_TLT,22,2025-11-24,0.0025552694196606662,-1.5908178412410433e-05
rf,y_TLT,20,2025-11-25,0.004432486001140656,0.002387198601099712
rf,y_TLT,21,2025-11-25,0.004432486001140656,0.0035235317437259995
rf,y_TLT,22,2025-11-25,0.004432486001140656,0.0032195398041486366
rf,y_TLT,20,2025-12-01,0.00045047996450375827,0.005005612878778592
rf,y_TLT,21,2025-12-01,0.00045047996450375827,0.005403551067222345
rf,y_TLT,22,2025-12-01,0.00045047996450375827,0.005378228460615757
rf,y_TLT,20,2025-12-02,0.00281501375412474,0.0018101463402488535
rf,y_TLT,21,2025-12-02,0.00281501375412474,0.0008217779354280928
rf,y_TLT,22,2025-12-02,0.00281501375412474,0.001926041918482983
rf,y_TLT,20,2025-12-03,-0.005389543589051082,0.0011544217381182164
rf,y_TLT,21,2025-12-03,-0.005389543589051082,0.0013021490949150624
rf,y_TLT,22,2025-12-03,-0.005389543589051082,0.001952497078895755
rf,y_TLT,20,2025-12-04,-0.004628630173311277,0.00030063367161749693
rf,y_TLT,21,2025-12-04,-0.004628630173311277,0.00037048464961497165
rf,y_TLT,22,2025-12-04,-0.004628630173311277,-0.0001619244687649864
rf,y_TLT,20,2025-12-08,0.001024108283190106,-0.002265983584036338
rf,y_TLT,21,2025-12-08,0.001024108283190106,-0.002746763041243507
rf,y_TLT,22,2025-12-08,0.001024108283190106,-0.0020514684317880496
rf,y_TLT,20,2025-12-09,0.003865041590169538,-0.0005595983691280847
rf,y_TLT,21,2025-12-09,0.003865041590169538,0.001101449538877941
rf,y_TLT,22,2025-12-09,0.003865041590169538,0.0005109399776911346
rf,y_TLT,20,2025-12-10,-0.0013588288146481053,0.001731246767617972
rf,y_TLT,21,2025-12-10,-0.0013588288146481053,0.001453894061587957
rf,y_TLT,22,2025-12-10,-0.0013588288146481053,0.001380142276832653
rf,y_TLT,20,2025-12-11,-0.009638367263681946,0.0029801235715385724
rf,y_TLT,21,2025-12-11,-0.009638367263681946,0.0026099717428076236
rf,y_TLT,22,2025-12-11,-0.009638367263681946,0.0009919626777815354
rf,y_TLT,21,2025-12-15,0.005491907150900088,0.0025935040383383845
rf,y_TLT,22,2025-12-15,0.005491907150900088,0.0009737936575820968
rf,y_TLT,23,2025-12-15,0.005491907150900088,0.0008587752150070609
rf,y_TLT,21,2025-12-16,-0.0009103477333474164,0.00043122887952871947
rf,y_TLT,22,2025-12-16,-0.0009103477333474164,0.0009802180042875217
rf,y_TLT,23,2025-12-16,-0.0009103477333474164,-0.0006566063211744577
rf,y_TLT,21,2025-12-17,0.004783702377240351,0.0011555906482933346
rf,y_TLT,22,2025-12-17,0.004783702377240351,0.0031939748537610307
rf,y_TLT,23,2025-12-17,0.004783702377240351,0.0018153689753608658
rf,y_TLT,21,2025-12-18,-0.0037324594473431283,0.0003959549975991563
rf,y_TLT,22,2025-12-18,-0.0037324594473431283,0.0017534559155365068
rf,y_TLT,23,2025-12-18,-0.0037324594473431283,0.001731503947994703
rf,y_TLT,21,2025-12-23,0.006057222153968311,-0.002603318489564621
rf,y_TLT,22,2025-12-23,0.006057222153968311,-0.003737127222940294
rf,y_TLT,23,2025-12-23,0.006057222153968311,-0.0032399441519593746
rf,y_TLT,21,2025-12-29,-0.0023846097872392003,-0.0018993885389355222
rf,y_TLT,22,2025-12-29,-0.0023846097872392003,-0.0032134321300701105
rf,y_TLT,23,2025-12-29,-0.0023846097872392003,-0.0023895655442028123
rf,y_TLT,21,2025-12-30,-0.007967145244616503,0.0025711131188508587
rf,y_TLT,22,2025-12-30,-0.007967145244616503,0.0039970024075332644
rf,y_TLT,23,2025-12-30,-0.007967145244616503,0.004596620042443128
rf,y_TLT,22,2026-01-05,-0.002058156947074785,-0.0003903696331727426
rf,y_TLT,23,2026-01-05,-0.002058156947074785,0.0009126041064564467
rf,y_TLT,24,2026-01-05,-0.002058156947074785,-7.457017923631348e-05
rf,y_TLT,22,2026-01-06,0.0058433247330964555,0.0029911076580142397
rf,y_TLT,23,2026-01-06,0.0058433247330964555,0.005511816033656723
rf,y_TLT,24,2026-01-06,0.0058433247330964555,0.002571034480205649
rf,y_TLT,22,2026-01-07,-0.0050120026531351725,-0.0016781478765851916
rf,y_TLT,23,2026-01-07,-0.0050120026531351725,-0.0017738255941255258
rf,y_TLT,24,2026-01-07,-0.0050120026531351725,-0.0013397980806074026
rf,y_TLT,22,2026-01-08,0.006639946543332664,0.0009875543900257273
rf,y_TLT,23,2026-01-08,0.006639946543332664,0.0017827771957432828
rf,y_TLT,24,2026-01-08,0.006639946543332664,-0.000745904601946575
rf,y_TLT,22,2026-01-12,0.0017109640797461356,-0.0009958535605629501
rf,y_TLT,23,2026-01-12,0.0017109640797461356,-0.0031666241611837233
rf,y_TLT,24,2026-01-12,0.0017109640797461356,-0.0009231780691739735
rf,y_TLT,22,2026-01-13,0.005807394216650108,0.0014482677351757428
rf,y_TLT,23,2026-01-13,0.005807394216650108,0.0018828434598694489
rf,y_TLT,24,2026-01-13,0.005807394216650108,0.001551574442225497
rf,y_TLT,22,2026-01-14,-0.00022644135621230355,-0.0022689015587560777
rf,y_TLT,23,2026-01-14,-0.00022644135621230355,-0.0015781109824268762
rf,y_TLT,24,2026-01-14,-0.00022644135621230355,-0.000613469605610791
rf,y_TLT,22,2026-01-15,-0.005775170854895317,0.00022972899036291516
rf,y_TLT,23,2026-01-15,-0.005775170854895317,-0.0016774111005323916
rf,y_TLT,24,2026-01-15,-0.005775170854895317,-0.0004709468507024731
rf,y_TLT,22,2026-01-21,0.004352296548640222,0.0015804657407600896
rf,y_TLT,23,2026-01-21,0.004352296548640222,0.0016123511567983648
rf,y_TLT,24,2026-01-21,0.004352296548640222,0.0011381056883390296
rf,y_TLT,22,2026-01-22,0.002736865534053834,-0.003747262094094464
rf,y_TLT,23,2026-01-22,0.002736865534053834,-0.001017641188285958
rf,y_TLT,24,2026-01-22,0.002736865534053834,-0.0010657545815566688
rf,y_TLT,23,2026-01-26,-0.006225249724905124,-0.001216763696461029
rf,y_TLT,24,2026-01-26,-0.006225249724905124,-0.0002560359818501214
rf,y_TLT,23,2026-01-27,-0.0022779077170819173,0.0020093626750867944
rf,y_TLT,24,2026-01-27,-0.0022779077170819173,0.0009708586545989921
rf,y_TLT,23,2026-01-28,0.00022832838621833496,0.0005808524579564674
rf,y_TLT,24,2026-01-28,0.00022832838621833496,0.0022969149525576115
rf,y_TLT,23,2026-01-29,-0.005592373836365461,0.0010308802237930024
rf,y_TLT,24,2026-01-29,-0.005592373836365461,0.0020906925671616617
rf,y_TLT,23,2026-02-02,0.0024263524124314984,0.002742067684304866
rf,y_TLT,24,2026-02-02,0.0024263524124314984,0.0028967904737266198
rf,y_TLT,23,2026-02-03,-0.0025357950217211878,0.0016463762138341784
rf,y_TLT,24,2026-02-03,-0.0025357950217211878,0.0009548795740466252
rf,y_TLT,23,2026-02-04,0.010862088013517734,0.0003080057542203918
rf,y_TLT,24,2026-02-04,0.010862088013517734,0.0008440857441259497
rf,y_TLT,23,2026-02-05,0.0006858486703522626,-0.0003435387671412262
rf,y_TLT,24,2026-02-05,0.0006858486703522626,0.0009233002498678736
rf,y_TLT,23,2026-02-09,0.011540222236566144,-0.001171735737102894
rf,y_TLT,24,2026-02-09,0.011540222236566144,-0.0023335320290877102
rf,y_TLT,23,2026-02-10,-0.005308963519119914,0.00016283506863154588
rf,y_TLT,24,2026-02-10,-0.005308963519119914,0.00032952782752808385
rf,y_TLT,23,2026-02-11,0.013286484481064065,-0.0009616225201683921
rf,y_TLT,24,2026-02-11,0.013286484481064065,-0.0015584074844674897
rf,y_TLT,23,2026-02-12,0.005491390299201537,-0.001239944969798155
rf,y_TLT,24,2026-02-12,0.005491390299201537,-0.001330283427910246
rf,y_TLT,24,2026-02-17,-0.003783260895432794,0.0015428542521195234
rf,y_TLT,24,2026-02-18,0.001005302332834912,-0.0028234970482839306
rf,y_TLT,24,2026-02-19,-0.0023432357836378204,-0.002217629713760578
rf,y_TLT,24,2026-02-23,0.0017830125807176689,0.0036347623453072864
rf,y_TLT,24,2026-02-24,0.00011128783956837474,0.0011813231690794475
rf,y_TLT,24,2026-02-25,0.004003873101027233,0.0031153542510097545
rf,y_TLT,24,2026-02-26,0.006092860344002027,-0.0006681930376985168
rf,y_TLT,24,2026-03-02,-0.0020087077775891027,0.002189237008509226
rf,y_TLT,24,2026-03-03,-0.003130926739812079,0.0009430487531489479
rf,y_TLT,24,2026-03-04,-0.004038144746941641,-0.0018472752839218851
rf,y_TLT,24,2026-03-05,-0.003716655340150754,0.0037084507750246676
rf,y_UUP,0,2024-08-05,0.0031678691271028736,0.0007672886250569583
rf,y_UUP,0,2024-08-06,0.0021053400598705085,0.0008891180436045652
rf,y_UUP,0,2024-08-07,0.00140053909530935,-0.00040187531686984395
rf,y_UUP,0,2024-08-08,-0.0010489893071279344,0.0018870986298639323
rf,y_UUP,0,2024-08-12,-0.005250237737016383,-0.0003033843304716991
rf,y_UUP,0,2024-08-13,0.0010556331662778806,6.39747639711354e-05
rf,y_UUP,0,2024-08-14,0.0035149216787224713,0.0007989722950301287
rf,y_UUP,0,2024-08-15,-0.004903712154580742,-0.0005389602488761654
rf,y_UUP,0,2024-08-19,-0.003538626535241951,-0.0005851198020572018
rf,y_UUP,0,2024-08-20,-0.003195993064965208,0.0011523424132086318
rf,y_UUP,0,2024-08-21,0.004631301106177377,-0.00032698554515844433
rf,y_UUP,0,2024-08-22,-0.00851072944336928,0.0010976766320143327
rf,y_UUP,0,2024-08-26,-0.003211961501488503,0.0013493794130652779
rf,y_UUP,1,2024-08-26,-0.003211961501488503,0.0008555486891398668
rf,y_UUP,0,2024-08-27,0.0057285946796914455,0.0006207545639196566
rf,y_UUP,1,2024-08-27,0.0057285946796914455,0.0001158667965989522
rf,y_UUP,0,2024-08-28,0.0035599688300904653,-0.0010446260062104806
rf,y_UUP,1,2024-08-28,0.0035599688300904653,-0.0008265752284869375
rf,y_UUP,0,2024-08-29,0.002837916204430524,0.00031343906678928666
rf,y_UUP,1,2024-08-29,0.002837916204430524,-4.318534678161012e-05
rf,y_UUP,0,2024-09-03,-0.004943537525047281,-9.726061885164025e-05
rf,y_UUP,1,2024-09-03,-0.004943537525047281,0.00030448672732737343
rf,y_UUP,0,2024-09-04,-0.0014194250768803096,-0.0008726447556335023
rf,y_UUP,1,2024-09-04,-0.0014194250768803096,-0.0014751225957042647
rf,y_UUP,0,2024-09-05,0.001421442708305909,0.0013419370923095568
rf,y_UUP,1,2024-09-05,0.001421442708305909,0.000704953649037098
rf,y_UUP,0,2024-09-09,0.0003533698120341544,-0.001843253434150476
rf,y_UUP,1,2024-09-09,0.0003533698120341544,-0.0016525955577346466
rf,y_UUP,0,2024-09-10,0.0010598077767638436,0.0016467468992597916
rf,y_UUP,1,2024-09-10,0.0010598077767638436,3.889768715819863e-05
rf,y_UUP,0,2024-09-11,-0.0042343793838367505,0.000635776538085206
rf,y_UUP,1,2024-09-11,-0.0042343793838367505,0.0010936695250194758
rf,y_UUP,0,2024-09-12,-0.0014174131650894761,0.0013835191972187031
rf,y_UUP,1,2024-09-12,-0.0014174131650894761,0.001497893025385308
rf,y_UUP,2,2024-09-12,-0.0014174131650894761,0.0007850657468382926
rf,y_UUP,0,2024-09-16,0.003203957269218627,0.00031785126755141577
rf,y_UUP,1,2024-09-16,0.003203957269218627,-3.602231642243214e-05
rf,y_UUP,2,2024-09-16,0.003203957269218627,0.001304089424626791
rf,y_UUP,0,2024-09-17,0.001064623673856513,0.0011410118505586282
rf,y_UUP,1,2024-09-17,0.001064623673856513,0.001048612081262045
rf,y_UUP,2,2024-09-17,0.001064623673856513,0.0014115423029451605
rf,y_UUP,0,2024-09-18,-0.004253819668445957,0.0010252985273590772
rf,y_UUP,1,2024-09-18,-0.004253819668445957,0.0010914163325235298
rf,y_UUP,2,2024-09-18,-0.004253819668445957,0.001158884615604507
rf,y_UUP,0,2024-09-19,0.0017799844150452326,0.0004051362033222187
rf,y_UUP,1,2024-09-19,0.0017799844150452326,0.0007320022956351091
rf,y_UUP,2,2024-09-19,0.0017799844150452326,0.0010605536978450032
rf,y_UUP,0,2024-09-23,-0.005677773462449798,0.0001980474062280681
rf,y_UUP,1,2024-09-23,-0.005677773462449798,-0.00015910361719228365
rf,y_UUP,2,2024-09-23,-0.005677773462449798,0.00035156209609024013
rf,y_UUP,0,2024-09-24,0.006780897536390107,0.0003384950332273225
rf,y_UUP,1,2024-09-24,0.006780897536390107,0.0003732103792720348
rf,y_UUP,2,2024-09-24,0.006780897536390107,-0.00019790041629321373
rf,y_UUP,0,2024-09-25,-0.004608389897466925,-0.000485088770753254
rf,y_UUP,1,2024-09-25,-0.004608389897466925,9.194747698068606e-06
rf,y_UUP,2,2024-09-25,-0.004608389897466925,-9.320477524797088e-05
rf,y_UUP,0,2024-09-26,-0.0003560649609319899,0.0014073404780745183
rf,y_UUP,1,2024-09-26,-0.0003560649609319899,0.0007353631192084764
rf,y_UUP,2,2024-09-26,-0.0003560649609319899,0.0012129377847288282
rf,y_UUP,0,2024-09-30,0.004258275230641262,0.00031420281475448103
rf,y_UUP,1,2024-09-30,0.004258275230641262,0.0006040230090307334
rf,y_UUP,2,2024-09-30,0.004258275230641262,0.0006479802522754587
rf,y_UUP,0,2024-10-01,0.0042403648996767185,0.0007457940878798456
rf,y_UUP,1,2024-10-01,0.0042403648996767185,0.0005658906063640871
rf,y_UUP,2,2024-10-01,0.0042403648996767185,0.0005389776615130238
rf,y_UUP,0,2024-10-02,0.0031667544245304047,-0.0011630846428404644
rf,y_UUP,1,2024-10-02,0.0031667544245304047,-0.0007624212958852498
rf,y_UUP,2,2024-10-02,0.0031667544245304047,-0.0005141900359006311
rf,y_UUP,0,2024-10-03,0.005612126253534466,-0.000700042523130944
rf,y_UUP,1,2024-10-03,0.005612126253534466,0.00020236859557803226
rf,y_UUP,2,2024-10-03,0.005612126253534466,-0.0006205326871099694
rf,y_UUP,1,2024-10-07,0.0,0.0010474029772921084
rf,y_UUP,2,2024-10-07,0.0,0.0017155984928827251
rf,y_UUP,3,2024-10-07,0.0,0.0011327085905024487
rf,y_UUP,1,2024-10-08,0.0045311450475142845,0.0009315575766687021
rf,y_UUP,2,2024-10-08,0.0045311450475142845,-2.7631725291105136e-05
rf,y_UUP,3,2024-10-08,0.0045311450475142845,0.0006908277815193589
rf,y_UUP,1,2024-10-09,-0.00034699392106130045,0.0015611645529768014
rf,y_UUP,2,2024-10-09,-0.00034699392106130045,0.0017475891098644883
rf,y_UUP,3,2024-10-09,-0.00034699392106130045,0.002095063546621294
rf,y_UUP,1,2024-10-10,0.0006942287352738052,0.0014038771422139533
rf,y_UUP,2,2024-10-10,0.0006942287352738052,0.0012522214562010424
rf,y_UUP,3,2024-10-10,0.0006942287352738052,0.0014296503008317113
rf,y_UUP,1,2024-10-14,0.0006915881721456518,-0.0018083113621227887
rf,y_UUP,2,2024-10-14,0.0006915881721456518,-0.0018122135116936222
rf,y_UUP,3,2024-10-14,0.0006915881721456518,-0.0014685383276424907
rf,y_UUP,1,2024-10-15,0.002764369600211758,0.0004999652341301092
rf,y_UUP,2,2024-10-15,0.002764369600211758,0.0006443203817267567
rf,y_UUP,3,2024-10-15,0.002764369600211758,0.0007983158739851614
rf,y_UUP,1,2024-10-16,0.00310128038545443,-0.0018238414778752542
rf,y_UUP,2,2024-10-16,0.00310128038545443,-0.00130445675693996
rf,y_UUP,3,2024-10-16,0.00310128038545443,-0.0016516744567542077
rf,y_UUP,1,2024-10-17,-0.0027481550903893925,0.00024007991853305748
rf,y_UUP,2,2024-10-17,-0.0027481550903893925,0.0010819092842861441
rf,y_UUP,3,2024-10-17,-0.0027481550903893925,-7.029507338501458e-05
rf,y_UUP,1,2024-10-21,0.0010287734181690933,-2.0133085841903913e-05
rf,y_UUP,2,2024-10-21,0.0010287734181690933,0.00024297917044441563
rf,y_UUP,3,2024-10-21,0.0010287734181690933,-0.0003816944158978273
rf,y_UUP,1,2024-10-22,0.0034258852257471606,0.0007065347599283742
rf,y_UUP,2,2024-10-22,0.0034258852257471606,0.0013143144150008122
rf,y_UUP,3,2024-10-22,0.0034258852257471606,0.0015313366758567945
rf,y_UUP,1,2024-10-23,-0.003755544123860366,0.0006055165333918811
rf,y_UUP,2,2024-10-23,-0.003755544123860366,0.0007558135241009077
rf,y_UUP,3,2024-10-23,-0.003755544123860366,0.001242786082032222
rf,y_UUP,1,2024-10-24,0.0034269884311235455,0.00028722516575439095
rf,y_UUP,2,2024-10-24,0.0034269884311235455,7.094017355763205e-05
rf,y_UUP,3,2024-10-24,0.0034269884311235455,-0.0004997933522701661
rf,y_UUP,2,2024-10-28,0.0003415425104607017,0.00014872910711476913
rf,y_UUP,3,2024-10-28,0.0003415425104607017,0.00018133036063942842
rf,y_UUP,4,2024-10-28,0.0003415425104607017,0.00045802455340614444
rf,y_UUP,2,2024-10-29,-0.002389981293013821,-0.0027441153900981054
rf,y_UUP,3,2024-10-29,-0.002389981293013821,-0.0031076621027027796
rf,y_UUP,4,2024-10-29,-0.002389981293013821,-0.002433040837881321
rf,y_UUP,2,2024-10-30,-0.0006844171596310789,0.0005149662645457094
rf,y_UUP,3,2024-10-30,-0.0006844171596310789,0.00017419755500096187
rf,y_UUP,4,2024-10-30,-0.0006844171596310789,0.0007805182937046915
rf,y_UUP,2,2024-10-31,0.004109597841857271,0.0003225652243022033
rf,y_UUP,3,2024-10-31,0.004109597841857271,0.0004120504185712415
rf,y_UUP,4,2024-10-31,0.004109597841857271,0.0004674506820953828
rf,y_UUP,2,2024-11-04,-0.004108120590407882,0.0005054412804872389
rf,y_UUP,3,2024-11-04,-0.004108120590407882,0.00017736565619073664
rf,y_UUP,4,2024-11-04,-0.004108120590407882,-0.000360198842679819
rf,y_UUP,2,2024-11-05,0.016156706761030648,0.00023056832181037138
rf,y_UUP,3,2024-11-05,0.016156706761030648,-6.8171127244727e-05
rf,y_UUP,4,2024-11-05,0.016156706761030648,-7.15681680043434e-05
rf,y_UUP,2,2024-11-06,-0.00811902783953622,0.001611372710705869
rf,y_UUP,3,2024-11-06,-0.00811902783953622,0.001711401076993575
rf,y_UUP,4,2024-11-06,-0.00811902783953622,0.0013461262537766278
rf,y_UUP,2,2024-11-07,0.006821320386064089,-0.0002771133090816363
rf,y_UUP,3,2024-11-07,0.006821320386064089,4.7143413795957174e-05
rf,y_UUP,4,2024-11-07,0.006821320386064089,0.0005387599208617385
rf,y_UUP,2,2024-11-11,0.004378599693808161,-0.00023666679098682716
rf,y_UUP,3,2024-11-11,0.004378599693808161,-0.0001768546699996219
rf,y_UUP,4,2024-11-11,0.004378599693808161,0.0006222059073440071
rf,y_UUP,2,2024-11-12,0.00570087259354457,4.452779923319605e-05
rf,y_UUP,3,2024-11-12,0.00570087259354457,-0.0002369156817889693
rf,y_UUP,4,2024-11-12,0.00570087259354457,-0.0004705969982907158
rf,y_UUP,2,2024-11-13,0.0040013423503419965,0.0009226312335521726
rf,y_UUP,3,2024-11-13,0.0040013423503419965,0.00022802094489786002
rf,y_UUP,4,2024-11-13,0.0040013423503419965,0.00026807294315540073
rf,y_UUP,2,2024-11-14,-0.0009963146218071595,0.0015280452092348038
rf,y_UUP,3,2024-11-14,-0.0009963146218071595,0.0015805832785984251
rf,y_UUP,4,2024-11-14,-0.0009963146218071595,0.0021690737631470556
rf,y_UUP,3,2024-11-18,-0.0003341939815605377,0.0005578912446462099
rf,y_UUP,4,2024-11-18,-0.0003341939815605377,0.0008908841087781838
rf,y_UUP,5,2024-11-18,-0.0003341939815605377,0.0002779762545291988
rf,y_UUP,3,2024-11-19,0.005013414257545978,-0.00036412794268230185
rf,y_UUP,4,2024-11-19,0.005013414257545978,-0.00025015457850253536
rf,y_UUP,5,2024-11-19,0.005013414257545978,0.001082500506357472
rf,y_UUP,3,2024-11-20,0.0033255578388811102,-0.00288226539852748
rf,y_UUP,4,2024-11-20,0.0033255578388811102,-0.003165222455729732
rf,y_UUP,5,2024-11-20,0.0033255578388811102,-0.0028848174158675652
rf,y_UUP,3,2024-11-21,0.00530326992272534,3.5779508190133165e-06
rf,y_UUP,4,2024-11-21,0.00530326992272534,0.0006965301927340268
rf,y_UUP,5,2024-11-21,0.00530326992272534,0.00017309651016119237
rf,y_UUP,3,2024-11-25,0.0013280696947759463,-0.0019172374853213233
rf,y_UUP,4,2024-11-25,0.0013280696947759463,-0.0014313115630196448
rf,y_UUP,5,2024-11-25,0.0013280696947759463,-0.0012711770253939288
rf,y_UUP,3,2024-11-26,-0.008620798665325391,-0.0006286617285501626
rf,y_UUP,4,2024-11-26,-0.008620798665325391,-0.000987577127964448
rf,y_UUP,5,2024-11-26,-0.008620798665325391,-0.0013543034494498775
rf,y_UUP,3,2024-12-02,-0.00033294384623994144,0.0007471682487140225
rf,y_UUP,4,2024-12-02,-0.00033294384623994144,-0.00014431449301284538
rf,y_UUP,5,2024-12-02,-0.00033294384623994144,0.0005376547866045245
rf,y_UUP,3,2024-12-03,-0.00033312340584390476,2.1500275155616107e-05
rf,y_UUP,4,2024-12-03,-0.00033312340584390476,0.0005210486207175902
rf,y_UUP,5,2024-12-03,-0.00033312340584390476,0.0006467928958476958
rf,y_UUP,3,2024-12-04,-0.00533154454253959,0.00016397824433392327
rf,y_UUP,4,2024-12-04,-0.00533154454253959,-2.5299447644734167e-05
rf,y_UUP,5,2024-12-04,-0.00533154454253959,0.0002020240553335088
rf,y_UUP,3,2024-12-05,0.002680095667681792,0.00022875925452959706
rf,y_UUP,4,2024-12-05,0.002680095667681792,0.00017049854330749477
rf,y_UUP,5,2024-12-05,0.002680095667681792,-0.0002669055916649556
rf,y_UUP,4,2024-12-09,0.0023349064177400347,-4.2098884200227524e-05
rf,y_UUP,5,2024-12-09,0.0023349064177400347,0.0013038563614604362
rf,y_UUP,6,2024-12-09,0.0023349064177400347,0.0012545573261783258
rf,y_UUP,4,2024-12-10,0.0033277712693038364,0.00013700355403680845
rf,y_UUP,5,2024-12-10,0.0033277712693038364,0.00027449736975355504
rf,y_UUP,6,2024-12-10,0.0033277712693038364,0.0009133646758100689
rf,y_UUP,4,2024-12-11,0.0033167339373989524,0.0011621577917372145
rf,y_UUP,5,2024-12-11,0.0033167339373989524,0.0003944843259387126
rf,y_UUP,6,2024-12-11,0.0033167339373989524,0.000536010554185141
rf,y_UUP,4,2024-12-12,0.00033059058771600647,-0.002948412241913818
rf,y_UUP,5,2024-12-12,0.00033059058771600647,-0.0020041727758006705
rf,y_UUP,6,2024-12-12,0.00033059058771600647,-0.002232337412009092
rf,y_UUP,4,2024-12-16,0.000993016674382341,0.001449627796229606
rf,y_UUP,5,2024-12-16,0.000993016674382341,0.0011556773757460522
rf,y_UUP,6,2024-12-16,0.000993016674382341,0.0018716528843711693
rf,y_UUP,4,2024-12-17,0.01157408796085968,0.0019157220192419834
rf,y_UUP,5,2024-12-17,0.01157408796085968,0.0007314229496623581
rf,y_UUP,6,2024-12-17,0.01157408796085968,0.0009582077261020663
rf,y_UUP,4,2024-12-18,0.0019614295542853544,0.0008410032831764317
rf,y_UUP,5,2024-12-18,0.0019614295542853544,0.00011895804661655462
rf,y_UUP,6,2024-12-18,0.0019614295542853544,0.00021190695789879329
rf,y_UUP,4,2024-12-19,-0.004893941069314178,0.0007104550085404439
rf,y_UUP,5,2024-12-19,-0.004893941069314178,-0.0003182028561162564
rf,y_UUP,6,2024-12-19,-0.004893941069314178,0.00023933960268164394
rf,y_UUP,4,2024-12-23,0.0027313151088972365,0.0003118084730175117
rf,y_UUP,5,2024-12-23,0.0027313151088972365,0.00035953852031733643
rf,y_UUP,6,2024-12-23,0.0027313151088972365,0.00020441917169676803
rf,y_UUP,4,2024-12-26,-0.0017059239823745687,-0.0034616343757619054
rf,y_UUP,5,2024-12-26,-0.0017059239823745687,-0.003655627640705462
rf,y_UUP,6,2024-12-26,-0.0017059239823745687,-0.0038772469468312996
rf,y_UUP,5,2024-12-30,0.004438336544380528,0.0001525448452368655
rf,y_UUP,6,2024-12-30,0.004438336544380528,0.0006811498557097377
rf,y_UUP,7,2024-12-30,0.004438336544380528,0.0004429670625229383
rf,y_UUP,5,2025-01-02,-0.003033391976163702,-0.000289222006880178
rf,y_UUP,6,2025-01-02,-0.003033391976163702,-0.0001336263095310486
rf,y_UUP,7,2025-01-02,-0.003033391976163702,-0.0008881243448375755
rf,y_UUP,5,2025-01-06,0.003742763232691848,-0.0007973335088133499
rf,y_UUP,6,2025-01-06,0.003742763232691848,-0.0005354000646701024
rf,y_UUP,7,2025-01-06,0.003742763232691848,-0.0009423473247127639
rf,y_UUP,5,2025-01-07,0.0037288071902383813,0.0006057854975571032
rf,y_UUP,6,2025-01-07,0.0037288071902383813,0.0003870533551033515
rf,y_UUP,7,2025-01-07,0.0037288071902383813,0.00012270498029999614
rf,y_UUP,5,2025-01-13,-0.00636516016943478,0.001150791936431362
rf,y_UUP,6,2025-01-13,-0.00636516016943478,0.0014749376274700678
rf,y_UUP,7,2025-01-13,-0.00636516016943478,0.0006787599774226401
rf,y_UUP,5,2025-01-14,-0.001685793361994814,-0.0008957627231761855
rf,y_UUP,6,2025-01-14,-0.001685793361994814,-0.000716417879789948
rf,y_UUP,7,2025-01-14,-0.001685793361994814,-0.0004236525894944221
rf,y_UUP,5,2025-01-15,0.0,0.001789184265592153
rf,y_UUP,6,2025-01-15,0.0,0.0011771948332622516
rf,y_UUP,7,2025-01-15,0.0,0.001303000275057244
rf,y_UUP,5,2025-01-16,0.003714954839920015,0.0008846952672113097
rf,y_UUP,6,2025-01-16,0.003714954839920015,0.0006869445933109453
rf,y_UUP,7,2025-01-16,0.003714954839920015,0.0009698466973397573
rf,y_UUP,6,2025-01-21,0.0017041797076291498,0.0005125407254455668
rf,y_UUP,7,2025-01-21,0.0017041797076291498,0.0005888642247266115
rf,y_UUP,8,2025-01-21,0.0017041797076291498,0.0009722835503773943
rf,y_UUP,6,2025-01-22,-0.00034026950687227053,0.0002521941780547053
rf,y_UUP,7,2025-01-22,-0.00034026950687227053,-0.00040604601772886256
rf,y_UUP,8,2025-01-22,-0.00034026950687227053,0.0001248589339315459
rf,y_UUP,6,2025-01-23,-0.006126600247440495,-0.0006466775197422151
rf,y_UUP,7,2025-01-23,-0.006126600247440495,-0.0006407412190912629
rf,y_UUP,8,2025-01-23,-0.006126600247440495,-0.00130225538678506
rf,y_UUP,6,2025-01-27,0.0041081937115605704,0.0005686419863376813
rf,y_UUP,7,2025-01-27,0.0041081937115605704,0.0006096300062906031
rf,y_UUP,8,2025-01-27,0.0041081937115605704,0.0007802692841953655
rf,y_UUP,6,2025-01-28,0.0020457263794730896,0.0017375220304163145
rf,y_UUP,7,2025-01-28,0.0020457263794730896,0.0014615768612256201
rf,y_UUP,8,2025-01-28,0.0020457263794730896,0.0004647686513755152
rf,y_UUP,6,2025-01-29,0.0,0.00031098569560622513
rf,y_UUP,7,2025-01-29,0.0,0.0008264905919134924
rf,y_UUP,8,2025-01-29,0.0,0.00039689171398387866
rf,y_UUP,6,2025-01-30,0.00408303273956423,0.00015944653920239027
rf,y_UUP,7,2025-01-30,0.00408303273956423,0.0001394896848449484
rf,y_UUP,8,2025-01-30,0.00408303273956423,0.0003883555508421251
rf,y_UUP,6,2025-02-03,-0.009109254016368307,-0.0002638433216311492
rf,y_UUP,7,2025-02-03,-0.009109254016368307,-0.00018793215362128784
rf,y_UUP,8,2025-02-03,-0.009109254016368307,1.785735205009261e-05
rf,y_UUP,6,2025-02-04,-0.0017024388818798197,-0.0010969621325626908
rf,y_UUP,7,2025-02-04,-0.0017024388818798197,-0.001365251478650295
rf,y_UUP,8,2025-02-04,-0.0017024388818798197,-0.0010652632149774955
rf,y_UUP,6,2025-02-05,-0.0006821637588596552,0.001095855566765717
rf,y_UUP,7,2025-02-05,-0.0006821637588596552,0.0014599450699328562
rf,y_UUP,8,2025-02-05,-0.0006821637588596552,0.0007313465401663981
rf,y_UUP,6,2025-02-06,0.004436889294068491,0.0009997517715259984
rf,y_UUP,7,2025-02-06,0.004436889294068491,0.0008228378033873653
rf,y_UUP,8,2025-02-06,0.004436889294068491,0.00040024473529621054
rf,y_UUP,7,2025-02-10,-0.0033875765650906997,0.00016302110844138482
rf,y_UUP,8,2025-02-10,-0.0033875765650906997,0.000697669700986354
rf,y_UUP,9,2025-02-10,-0.0033875765650906997,-0.00024931284722696975
rf,y_UUP,7,2025-02-11,0.0006798450677341084,-0.00014973273168934856
rf,y_UUP,8,2025-02-11,0.0006798450677341084,-0.0001013232214626412
rf,y_UUP,9,2025-02-11,0.0006798450677341084,1.0495850852344317e-05
rf,y_UUP,7,2025-02-12,-0.008152196307170345,0.00014823570249276514
rf,y_UUP,8,2025-02-12,-0.008152196307170345,0.0006108247244108467
rf,y_UUP,9,2025-02-12,-0.008152196307170345,0.00046866783687499284
rf,y_UUP,7,2025-02-13,-0.0027397336153183183,-0.0008126049552257625
rf,y_UUP,8,2025-02-13,-0.0027397336153183183,-0.0003955943580089781
rf,y_UUP,9,2025-02-13,-0.0027397336153183183,-0.0008810290055056967
rf,y_UUP,7,2025-02-18,0.001028019757339127,0.0008431771230164133
rf,y_UUP,8,2025-02-18,0.001028019757339127,0.0008778442281062643
rf,y_UUP,9,2025-02-18,0.001028019757339127,0.0005368441805684003
rf,y_UUP,7,2025-02-19,-0.007873953537306244,0.0008070140978059479
rf,y_UUP,8,2025-02-19,-0.007873953537306244,0.0006037134444913153
rf,y_UUP,9,2025-02-19,-0.007873953537306244,0.0010436238962341878
rf,y_UUP,7,2025-02-20,0.0034506311046857974,0.00011044687588377123
rf,y_UUP,8,2025-02-20,0.0034506311046857974,0.0002261726890248015
rf,y_UUP,9,2025-02-20,0.0034506311046857974,0.0006166547937965616
rf,y_UUP,7,2025-02-24,-0.00378012994298349,-0.0007704463975157052
rf,y_UUP,8,2025-02-24,-0.00378012994298349,-0.0011932671156185395
rf,y_UUP,9,2025-02-24,-0.00378012994298349,-0.001400662461542341
rf,y_UUP,7,2025-02-25,0.0020697190287868317,0.00033479842694216687
rf,y_UUP,8,2025-02-25,0.0020697190287868317,-8.453691371993847e-06
rf,y_UUP,9,2025-02-25,0.0020697190287868317,-0.00013850227960822878
rf,y_UUP,7,2025-02-26,0.007228884739607366,-0.00019522397226266937
rf,y_UUP,8,2025-02-26,0.007228884739607366,-0.0005144534926403969
rf,y_UUP,9,2025-02-26,0.007228884739607366,-0.00044704210432530884
rf,y_UUP,7,2025-02-27,0.004442954778288044,-0.00018664577022117212
rf,y_UUP,8,2025-02-27,0.004442954778288044,-0.0002612888269278607
rf,y_UUP,9,2025-02-27,0.004442954778288044,-0.00032648599936611623
rf,y_UUP,8,2025-03-03,-0.008931696851646742,0.0006687396733929985
rf,y_UUP,9,2025-03-03,-0.008931696851646742,0.000691452186821472
rf,y_UUP,10,2025-03-03,-0.008931696851646742,0.0001670068428100746
rf,y_UUP,8,2025-03-04,-0.012131732478756874,-2.7646151559574765e-05
rf,y_UUP,9,2025-03-04,-0.012131732478756874,-1.5188948670542361e-05
rf,y_UUP,10,2025-03-04,-0.012131732478756874,0.00011222597656515843
rf,y_UUP,8,2025-03-05,-0.0007017217479134974,0.0004012993022510384
rf,y_UUP,9,2025-03-05,-0.0007017217479134974,0.00038373057262083566
rf,y_UUP,10,2025-03-05,-0.0007017217479134974,0.0008275819123253934
rf,y_UUP,8,2025-03-06,-0.0031601384288568735,0.0005603028397755117
rf,y_UUP,9,2025-03-06,-0.0031601384288568735,0.0002473519106473689
rf,y_UUP,10,2025-03-06,-0.0031601384288568735,-2.9861287320576135e-05
rf,y_UUP,8,2025-03-10,-0.005631835324568346,-9.435091410631702e-05
rf,y_UUP,9,2025-03-10,-0.005631835324568346,-0.0006614612934326987
rf,y_UUP,10,2025-03-10,-0.005631835324568346,-0.000820058568964735
rf,y_UUP,8,2025-03-11,0.002477865527757084,0.00020441832791775287
rf,y_UUP,9,2025-03-11,0.002477865527757084,-0.00017130888361526487
rf,y_UUP,10,2025-03-11,0.002477865527757084,-0.0004240601645391714
rf,y_UUP,8,2025-03-12,0.003531118108928588,-6.5489179309694e-05
rf,y_UUP,9,2025-03-12,0.003531118108928588,0.0002010331388922352
rf,y_UUP,10,2025-03-12,0.003531118108928588,0.0002837508173719879
rf,y_UUP,8,2025-03-13,-0.001055649599290276,-8.328979661610669e-05
rf,y_UUP,9,2025-03-13,-0.001055649599290276,-0.00035882345130293
rf,y_UUP,10,2025-03-13,-0.001055649599290276,-0.0009502524754279808
rf,y_UUP,8,2025-03-17,-0.000707250376537405,-0.0005396709056531779
rf,y_UUP,9,2025-03-17,-0.000707250376537405,-0.0010830234136638185
rf,y_UUP,10,2025-03-17,-0.000707250376537405,0.00023580120818265382
rf,y_UUP,8,2025-03-18,0.0024769886719366863,-0.0014342043228054925
rf,y_UUP,9,2025-03-18,0.0024769886719366863,-0.0010330904365024216
rf,y_UUP,10,2025-03-18,0.0024769886719366863,-0.000979677762491893
rf,y_UUP,8,2025-03-19,0.0028238694461333314,-0.0006970996568686947
rf,y_UUP,9,2025-03-19,0.0028238694461333314,-0.0010701737367616833
rf,y_UUP,10,2025-03-19,0.0028238694461333314,-0.0019172231735788304
rf,y_UUP,8,2025-03-20,0.0031678552980189956,0.0017334383107011529
rf,y_UUP,9,2025-03-20,0.0031678552980189956,0.0018494069416806508
rf,y_UUP,10,2025-03-20,0.0031678552980189956,0.0020826824715071634
rf,y_UUP,9,2025-03-24,-0.001050773740895461,0.0004162557906470428
rf,y_UUP,10,2025-03-24,-0.001050773740895461,0.0005852625066768739
rf,y_UUP,11,2025-03-24,-0.001050773740895461,0.00014088122298549962
rf,y_UUP,9,2025-03-25,0.004558165507483336,0.0012040795001257228
rf,y_UUP,10,2025-03-25,0.004558165507483336,0.0013712479553167872
rf,y_UUP,11,2025-03-25,0.004558165507483336,0.0006146377316481322
rf,y_UUP,9,2025-03-26,-0.0031413184339357247,-0.00032180261572854936
rf,y_UUP,10,2025-03-26,-0.0031413184339357247,-0.0002820663795841348
rf,y_UUP,11,2025-03-26,-0.0031413184339357247,-0.00019810229808260398
rf,y_UUP,9,2025-03-27,-0.0017507223827670781,-0.00023429843800266322
rf,y_UUP,10,2025-03-27,-0.0017507223827670781,-0.0009502185929391079
rf,y_UUP,11,2025-03-27,-0.0017507223827670781,-0.0009416616068787844
rf,y_UUP,9,2025-03-31,0.0010510727500887551,0.0006168242343330947
rf,y_UUP,10,2025-03-31,0.0010510727500887551,0.0008814218194913219
rf,y_UUP,11,2025-03-31,0.0010510727500887551,0.0007286366315847022
rf,y_UUP,9,2025-04-01,-0.004200152786805744,-0.001006597268664176
rf,y_UUP,10,2025-04-01,-0.004200152786805744,-0.0015977987209946096
rf,y_UUP,11,2025-04-01,-0.004200152786805744,-0.0007277925906898565
rf,y_UUP,9,2025-04-02,-0.017574706211760383,0.0007961052037552208
rf,y_UUP,10,2025-04-02,-0.017574706211760383,0.0003729215495607665
rf,y_UUP,11,2025-04-02,-0.017574706211760383,0.0003255938219578166
rf,y_UUP,9,2025-04-03,0.011091247426236572,0.001423901639105705
rf,y_UUP,10,2025-04-03,0.011091247426236572,0.0018723404236864868
rf,y_UUP,11,2025-04-03,0.011091247426236572,0.002080799229247719
rf,y_UUP,9,2025-04-07,-0.004580651394121782,0.000668081675930641
rf,y_UUP,10,2025-04-07,-0.004580651394121782,-0.00010275139888947978
rf,y_UUP,11,2025-04-07,-0.004580651394121782,-0.0008653843054701099
rf,y_UUP,9,2025-04-08,0.001415933133379843,0.0007623498186359805
rf,y_UUP,10,2025-04-08,0.001415933133379843,0.0011929551470348197
rf,y_UUP,11,2025-04-08,0.001415933133379843,0.0005270782524922561
rf,y_UUP,9,2025-04-09,-0.02085539659202096,-0.0006403950251133171
rf,y_UUP,10,2025-04-09,-0.02085539659202096,-0.0005311467553656163
rf,y_UUP,11,2025-04-09,-0.02085539659202096,-0.0007220390918734887
rf,y_UUP,9,2025-04-10,-0.009025242094572783,0.0006048281719494933
rf,y_UUP,10,2025-04-10,-0.009025242094572783,0.0005177614711730653
rf,y_UUP,11,2025-04-10,-0.009025242094572783,-0.00017614708224321466
rf,y_UUP,10,2025-04-14,0.005482453136438137,0.0007293327790800348
rf,y_UUP,11,2025-04-14,0.005482453136438137,0.00021894589748146971
rf,y_UUP,12,2025-04-14,0.005482453136438137,0.0002942628086702546
rf,y_UUP,10,2025-04-15,-0.00836060115105608,0.0011184934566780722
rf,y_UUP,11,2025-04-15,-0.00836060115105608,0.0010455454359598623
rf,y_UUP,12,2025-04-15,-0.00836060115105608,0.001426770814747281
rf,y_UUP,10,2025-04-16,0.0007331036916207179,-0.0025441610457194786
rf,y_UUP,11,2025-04-16,0.0007331036916207179,-0.0018859162589942914
rf,y_UUP,12,2025-04-16,0.0007331036916207179,-0.0024418721462133685
rf,y_UUP,10,2025-04-21,0.005547334418494421,0.0006476517167098878
rf,y_UUP,11,2025-04-21,0.005547334418494421,-0.000588923826487824
rf,y_UUP,12,2025-04-21,0.005547334418494421,0.0004158844973187137
rf,y_UUP,10,2025-04-22,0.009194600471888581,-0.000656195120138194
rf,y_UUP,11,2025-04-22,0.009194600471888581,-0.0013800442983432277
rf,y_UUP,12,2025-04-22,0.009194600471888581,-0.0010092626602899067
rf,y_UUP,10,2025-04-23,-0.004373261671975159,-0.0032248840695170626
rf,y_UUP,11,2025-04-23,-0.004373261671975159,-0.0034480289942669367
rf,y_UUP,12,2025-04-23,-0.004373261671975159,-0.004005031828298144
rf,y_UUP,10,2025-04-24,0.002562214640636551,-0.000175345542463017
rf,y_UUP,11,2025-04-24,0.002562214640636551,-0.0006202636648851086
rf,y_UUP,12,2025-04-24,0.002562214640636551,-0.0008048204106876252
rf,y_UUP,10,2025-04-28,0.003306419699212082,-0.00033143528027651065
rf,y_UUP,11,2025-04-28,0.003306419699212082,-0.0003358825414337435
rf,y_UUP,12,2025-04-28,0.003306419699212082,-0.0003083354541267532
rf,y_UUP,10,2025-04-29,0.0036616363976351707,-0.00024035785252995526
rf,y_UUP,11,2025-04-29,0.0036616363976351707,8.47133493025796e-05
rf,y_UUP,12,2025-04-29,0.0036616363976351707,0.0002538053368571926
rf,y_UUP,10,2025-04-30,0.005837301939688899,-0.0017542647604068327
rf,y_UUP,11,2025-04-30,0.005837301939688899,-0.0009807751898638954
rf,y_UUP,12,2025-04-30,0.005837301939688899,-0.0007408156675357343
rf,y_UUP,10,2025-05-01,-0.0014508563980556444,-0.0013035471241143377
rf,y_UUP,11,2025-05-01,-0.0014508563980556444,-0.0011998740517835589
rf,y_UUP,12,2025-05-01,-0.0014508563980556444,-0.0003305824967732851
rf,y_UUP,11,2025-05-05,-0.006186280805252298,-0.00014787593027753564
rf,y_UUP,12,2025-05-05,-0.006186280805252298,0.00013281751676281483
rf,y_UUP,13,2025-05-05,-0.006186280805252298,0.0002977028881371052
rf,y_UUP,11,2025-05-06,0.007323345021169159,0.0037153859351212017
rf,y_UUP,12,2025-05-06,0.007323345021169159,0.005092010674180156
rf,y_UUP,13,2025-05-06,0.007323345021169159,0.005673227763008748
rf,y_UUP,11,2025-05-07,0.0083605294502469,-0.0016507315472454403
rf,y_UUP,12,2025-05-07,0.0083605294502469,-0.0006412752322896287
rf,y_UUP,13,2025-05-07,0.0083605294502469,-0.0009511825889664926
rf,y_UUP,11,2025-05-08,-0.0028838591278508297,-0.00011807759480609858
rf,y_UUP,12,2025-05-08,-0.0028838591278508297,-0.0003231054460015583
rf,y_UUP,13,2025-05-08,-0.0028838591278508297,0.00021028115858733135
rf,y_UUP,11,2025-05-12,-0.008556173649103216,-0.000666224342692584
rf,y_UUP,12,2025-05-12,-0.008556173649103216,-0.00012832946515808075
rf,y_UUP,13,2025-05-12,-0.008556173649103216,0.0001244953584012748
rf,y_UUP,11,2025-05-13,0.002157538849565599,0.0005095796026838619
rf,y_UUP,12,2025-05-13,0.002157538849565599,-0.00034460450310072426
rf,y_UUP,13,2025-05-13,0.002157538849565599,0.0004700374437123363
rf,y_UUP,11,2025-05-14,-0.002511650568030488,-0.0019196885566491065
rf,y_UUP,12,2025-05-14,-0.002511650568030488,-0.0011786321505135719
rf,y_UUP,13,2025-05-14,-0.002511650568030488,-0.0025691893616328473
rf,y_UUP,11,2025-05-15,0.002877634851928157,0.0011301297464263126
rf,y_UUP,12,2025-05-15,0.002877634851928157,0.0011500609706831737
rf,y_UUP,13,2025-05-15,0.002877634851928157,0.001305223355282866
rf,y_UUP,11,2025-05-19,-0.0028891376246881206,0.00019469622023197316
rf,y_UUP,12,2025-05-19,-0.0028891376246881206,0.0014142611754142933
rf,y_UUP,13,2025-05-19,-0.0028891376246881206,0.0014279792163021784
rf,y_UUP,11,2025-05-20,-0.004346263390120009,-0.0018062679928940136
rf,y_UUP,12,2025-05-20,-0.004346263390120009,-0.0022765089601804456
rf,y_UUP,13,2025-05-20,-0.004346263390120009,-0.002657969807207662
rf,y_UUP,11,2025-05-21,0.0029101572366034834,-0.0015747720220116372
rf,y_UUP,12,2025-05-21,0.0029101572366034834,-0.001168970199222849
rf,y_UUP,13,2025-05-21,0.0029101572366034834,-0.0010600897630107058
rf,y_UUP,11,2025-05-22,-0.0072542104455078915,-0.002385734451101848
rf,y_UUP,12,2025-05-22,-0.0072542104455078915,-0.0036010216351605477
rf,y_UUP,13,2025-05-22,-0.0072542104455078915,-0.001873664554771053
rf,y_UUP,12,2025-05-27,0.003270303988399448,-0.00026497300461932695
rf,y_UUP,13,2025-05-27,0.003270303988399448,-0.0004672721198032396
rf,y_UUP,14,2025-05-27,0.003270303988399448,-0.00018980849898120786
rf,y_UUP,12,2025-05-28,-0.005432882818489415,-0.002231602336862454
rf,y_UUP,13,2025-05-28,-0.005432882818489415,-0.0019125107850575223
rf,y_UUP,14,2025-05-28,-0.005432882818489415,-0.0017969241576784737
rf,y_UUP,12,2025-05-29,-0.00036404138808676656,0.0006467014047555046
rf,y_UUP,13,2025-05-29,-0.00036404138808676656,0.00022736922445521963
rf,y_UUP,14,2025-05-29,-0.00036404138808676656,0.0007974891432849944
rf,y_UUP,12,2025-06-02,0.006603136012040434,-0.00029962609345985194
rf,y_UUP,13,2025-06-02,0.006603136012040434,0.0008582605569728822
rf,y_UUP,14,2025-06-02,0.006603136012040434,0.0008192607932945277
rf,y_UUP,12,2025-06-03,-0.004373261671975159,0.00010156261972143846
rf,y_UUP,13,2025-06-03,-0.004373261671975159,-2.4387451381832626e-05
rf,y_UUP,14,2025-06-03,-0.004373261671975159,0.00020707978338270946
rf,y_UUP,12,2025-06-04,-0.0007320303832677455,-0.002140946245363735
rf,y_UUP,13,2025-06-04,-0.0007320303832677455,-0.002718263548647586
rf,y_UUP,14,2025-06-04,-0.0007320303832677455,-0.0022217529061670043
rf,y_UUP,12,2025-06-05,0.005128255519592173,0.0011336053895177342
rf,y_UUP,13,2025-06-05,0.005128255519592173,0.0008257725682633471
rf,y_UUP,14,2025-06-05,0.005128255519592173,0.0009693602337884337
rf,y_UUP,12,2025-06-09,0.0010960035076723607,0.00019730351574921609
rf,y_UUP,13,2025-06-09,0.0010960035076723607,-4.3937796184461327e-05
rf,y_UUP,14,2025-06-09,0.0010960035076723607,0.0001746932392468657
rf,y_UUP,12,2025-06-10,-0.00364960928872593,0.00018631726309741397
rf,y_UUP,13,2025-06-10,-0.00364960928872593,-2.8559446325336172e-05
rf,y_UUP,14,2025-06-10,-0.00364960928872593,0.000511500043117812
rf,y_UUP,12,2025-06-11,-0.007325955452520572,0.000579526733319019
rf,y_UUP,13,2025-06-11,-0.007325955452520572,0.0006120599816523548
rf,y_UUP,14,2025-06-11,-0.007325955452520572,0.0010783975431597898
rf,y_UUP,12,2025-06-12,0.0025830146841268053,0.001191237875031669
rf,y_UUP,13,2025-06-12,0.0025830146841268053,0.000969493781941296
rf,y_UUP,14,2025-06-12,0.0025830146841268053,0.0010528629078533664
rf,y_UUP,13,2025-07-02,0.004841671551363502,0.0010943691434925082
rf,y_UUP,14,2025-07-02,0.004841671551363502,0.0010794896298099738
rf,y_UUP,15,2025-07-02,0.004841671551363502,0.0012368230154398909
rf,y_UUP,13,2025-07-07,0.0007388637601535297,-0.000533803049060926
rf,y_UUP,14,2025-07-07,0.0007388637601535297,-0.0002710171546149526
rf,y_UUP,15,2025-07-07,0.0007388637601535297,-0.00043851772777612764
rf,y_UUP,13,2025-07-08,0.0,-0.0009590843882824292
rf,y_UUP,14,2025-07-08,0.0,-0.00041891214869647643
rf,y_UUP,15,2025-07-08,0.0,9.873682540778028e-05
rf,y_UUP,13,2025-07-09,0.0018456499839993867,-0.0008072117440765331
rf,y_UUP,14,2025-07-09,0.0018456499839993867,-0.0002080027886295392
rf,y_UUP,15,2025-07-09,0.0018456499839993867,-0.00020126949150804836
rf,y_UUP,13,2025-07-10,0.002947686950965256,-0.0010116082378240003
rf,y_UUP,14,2025-07-10,0.002947686950965256,5.4735369911325844e-05
rf,y_UUP,15,2025-07-10,0.002947686950965256,-0.0007333654985054062
rf,y_UUP,13,2025-07-14,0.005496515799067847,0.001306700369828336
rf,y_UUP,14,2025-07-14,0.005496515799067847,0.000552274051279387
rf,y_UUP,15,2025-07-14,0.005496515799067847,0.0014680515025873317
rf,y_UUP,13,2025-07-15,-0.003644360765406307,0.0008066227568586549
rf,y_UUP,14,2025-07-15,-0.003644360765406307,0.0006931973459809587
rf,y_UUP,15,2025-07-15,-0.003644360765406307,0.0005218795339441973
rf,y_UUP,13,2025-07-16,0.0043891134172708846,0.0005649511524269244
rf,y_UUP,14,2025-07-16,0.0043891134172708846,0.0009831860474190971
rf,y_UUP,15,2025-07-16,0.0043891134172708846,0.00077826279842933
rf,y_UUP,13,2025-07-17,-0.001456596540572619,0.0004608925457705859
rf,y_UUP,14,2025-07-17,-0.001456596540572619,-4.181452393958266e-05
rf,y_UUP,15,2025-07-17,-0.001456596540572619,-4.7150257832992425e-05
rf,y_UUP,13,2025-07-21,-0.005139478670504571,-0.0010228020695380432
rf,y_UUP,14,2025-07-21,-0.005139478670504571,-0.0005114332200760916
rf,y_UUP,15,2025-07-21,-0.005139478670504571,-0.00048647427294116195
rf,y_UUP,13,2025-07-22,-0.0014760915744503889,-0.0016101948529691481
rf,y_UUP,14,2025-07-22,-0.0014760915744503889,-0.001286666130451732
rf,y_UUP,15,2025-07-22,-0.0014760915744503889,-0.000770426956941711
rf,y_UUP,13,2025-07-23,0.0025868330866503086,0.0015079076132695009
rf,y_UUP,14,2025-07-23,0.0025868330866503086,0.001778742017668473
rf,y_UUP,15,2025-07-23,0.0025868330866503086,0.0009265841731486507
rf,y_UUP,14,2025-07-24,0.0022116164866963217,0.0006277234157066574
rf,y_UUP,15,2025-07-24,0.0022116164866963217,0.001182480852831717
rf,y_UUP,16,2025-07-24,0.0022116164866963217,0.00042875076064737005
rf,y_UUP,14,2025-07-28,0.0025454436429681593,-0.0003702502623077475
rf,y_UUP,15,2025-07-28,0.0025454436429681593,-4.577035470125408e-05
rf,y_UUP,16,2025-07-28,0.0025454436429681593,-0.0004920746288563778
rf,y_UUP,14,2025-07-29,0.009793262800682934,0.000684411490134713
rf,y_UUP,15,2025-07-29,0.009793262800682934,0.0004371230049908202
rf,y_UUP,16,2025-07-29,0.009793262800682934,0.00015567498213300463
rf,y_UUP,14,2025-07-30,0.0021551429434800706,0.0011165012435417185
rf,y_UUP,15,2025-07-30,0.0021551429434800706,0.0007344417395143521
rf,y_UUP,16,2025-07-30,0.0021551429434800706,0.001150042849077725
rf,y_UUP,14,2025-07-31,-0.011827936996003596,-0.0005893331266732398
rf,y_UUP,15,2025-07-31,-0.011827936996003596,-6.585869633375466e-05
rf,y_UUP,16,2025-07-31,-0.011827936996003596,-9.947882087122754e-06
rf,y_UUP,14,2025-08-04,0.0,-0.00016839227159849053
rf,y_UUP,15,2025-08-04,0.0,3.8737856626002336e-05
rf,y_UUP,16,2025-08-04,0.0,0.0003985708890661364
rf,y_UUP,14,2025-08-05,-0.005805531444171397,0.0013362582456665356
rf,y_UUP,15,2025-08-05,-0.005805531444171397,0.0006498767728833325
rf,y_UUP,16,2025-08-05,-0.005805531444171397,0.0009590037598630493
rf,y_UUP,14,2025-08-06,-0.0007298930622796629,8.934596438930816e-05
rf,y_UUP,15,2025-08-06,-0.0007298930622796629,0.00040829475420194977
rf,y_UUP,16,2025-08-06,-0.0007298930622796629,0.0011799888952754827
rf,y_UUP,14,2025-08-07,0.00182617355009973,-0.00016432741464442364
rf,y_UUP,15,2025-08-07,0.00182617355009973,-4.3096218907648365e-05
rf,y_UUP,16,2025-08-07,0.00182617355009973,-0.00018916621358331848
rf,y_UUP,14,2025-08-11,-0.005083564716449662,-0.0003311664827253517
rf,y_UUP,15,2025-08-11,-0.005083564716449662,-0.0005880139955659169
rf,y_UUP,16,2025-08-11,-0.005083564716449662,-0.00014682213589194877
rf,y_UUP,14,2025-08-12,-0.0025547337009745874,-0.0009699569387338708
rf,y_UUP,15,2025-08-12,-0.0025547337009745874,-0.0014749651888249246
rf,y_UUP,16,2025-08-12,-0.0025547337009745874,-0.0005982582866290165
rf,y_UUP,15,2025-08-13,0.00365902912240168,0.0007511630205833258
rf,y_UUP,16,2025-08-13,0.00365902912240168,0.0016644179599092739
rf,y_UUP,17,2025-08-13,0.00365902912240168,0.0015041446798961559
rf,y_UUP,15,2025-08-14,-0.003281106112732024,0.0009457892331973176
rf,y_UUP,16,2025-08-14,-0.003281106112732024,0.00016285051753081592
rf,y_UUP,17,2025-08-14,-0.003281106112732024,0.001398073170319129
rf,y_UUP,15,2025-08-18,0.0025538016080142167,0.0003240187235628337
rf,y_UUP,16,2025-08-18,0.0025538016080142167,0.0009144438347019149
rf,y_UUP,17,2025-08-18,0.0025538016080142167,0.0009977053337473535
rf,y_UUP,15,2025-08-19,-0.0007278399647878686,-3.686196143978804e-06
rf,y_UUP,16,2025-08-19,-0.0007278399647878686,-0.00035317955953048744
rf,y_UUP,17,2025-08-19,-0.0007278399647878686,5.42693132253802e-05
rf,y_UUP,15,2025-08-20,0.00509837521748735,0.0012233769670403284
rf,y_UUP,16,2025-08-20,0.00509837521748735,0.0009126659153819059
rf,y_UUP,17,2025-08-20,0.00509837521748735,0.0014014803754719373
rf,y_UUP,15,2025-08-21,-0.009782618095117046,0.0008684400410484091
rf,y_UUP,16,2025-08-21,-0.009782618095117046,0.001632700955126511
rf,y_UUP,17,2025-08-21,-0.009782618095117046,0.0020196533914483812
rf,y_UUP,15,2025-08-25,-0.002540824086737392,-0.0004604684819481823
rf,y_UUP,16,2025-08-25,-0.002540824086737392,0.0003511468371499423
rf,y_UUP,17,2025-08-25,-0.002540824086737392,0.000625632347272373
rf,y_UUP,15,2025-08-26,0.0003639199823939343,-0.00014085811915782637
rf,y_UUP,16,2025-08-26,0.0003639199823939343,0.00030722642187311355
rf,y_UUP,17,2025-08-26,0.0003639199823939343,4.690776337648861e-05
rf,y_UUP,15,2025-08-27,-0.0036377324222428564,0.0007815161098566596
rf,y_UUP,16,2025-08-27,-0.0036377324222428564,0.00020173451965011985
rf,y_UUP,17,2025-08-27,-0.0036377324222428564,0.0007905367975790343
rf,y_UUP,15,2025-08-28,-0.0007300875428108977,-0.0004125241313551381
rf,y_UUP,16,2025-08-28,-0.0007300875428108977,-0.0008229268864670884
rf,y_UUP,17,2025-08-28,-0.0007300875428108977,-0.00046299825083232307
rf,y_UUP,15,2025-09-02,-0.00181483343526323,-0.0011080961330221435
rf,y_UUP,16,2025-09-02,-0.00181483343526323,-0.0005792590486500085
rf,y_UUP,17,2025-09-02,-0.00181483343526323,-0.001114601947579566
rf,y_UUP,16,2025-09-03,0.0014545494712510099,0.0007509532255517814
rf,y_UUP,17,2025-09-03,0.0014545494712510099,0.0007131286746624897
rf,y_UUP,18,2025-09-03,0.0014545494712510099,0.0011726942230181772
rf,y_UUP,16,2025-09-04,-0.005083564716449662,-0.0008032212505526363
rf,y_UUP,17,2025-09-04,-0.005083564716449662,-0.0008789902912639721
rf,y_UUP,18,2025-09-04,-0.005083564716449662,-0.0009194069868437877
rf,y_UUP,16,2025-09-08,0.004027821705168355,-0.00011503905702426967
rf,y_UUP,17,2025-09-08,0.004027821705168355,0.0008914695798392556
rf,y_UUP,18,2025-09-08,0.004027821705168355,0.0009465023950732602
rf,y_UUP,16,2025-09-09,0.0007294325906452848,-0.0012078715831159428
rf,y_UUP,17,2025-09-09,0.0007294325906452848,-0.0007738048090775014
rf,y_UUP,18,2025-09-09,0.0007294325906452848,0.00018056768212211435
rf,y_UUP,16,2025-09-10,-0.0032799103121219364,0.00018970655310107573
rf,y_UUP,17,2025-09-10,-0.0032799103121219364,0.0012796650981614737
rf,y_UUP,18,2025-09-10,-0.0032799103121219364,-7.728375800704624e-05
rf,y_UUP,16,2025-09-11,0.001462454766168575,0.00047554791510595975
rf,y_UUP,17,2025-09-11,0.001462454766168575,0.0005991553069135588
rf,y_UUP,18,2025-09-11,0.001462454766168575,0.0008529166203880427
rf,y_UUP,16,2025-09-15,-0.006227141612235143,0.0027017143605869514
rf,y_UUP,17,2025-09-15,-0.006227141612235143,0.002740096188565815
rf,y_UUP,18,2025-09-15,-0.006227141612235143,0.0025156100229374073
rf,y_UUP,16,2025-09-16,0.003317388377493513,-0.0001707834098139747
rf,y_UUP,17,2025-09-16,0.003317388377493513,-0.00038644376986141
rf,y_UUP,18,2025-09-16,0.003317388377493513,-0.000536625050446346
rf,y_UUP,16,2025-09-17,0.004775931513894216,-0.0013687293288407658
rf,y_UUP,17,2025-09-17,0.004775931513894216,-0.0001866282474089672
rf,y_UUP,18,2025-09-17,0.004775931513894216,-0.00045476747891298096
rf,y_UUP,16,2025-09-18,0.002925053772870889,-0.00024006400701959973
rf,y_UUP,17,2025-09-18,0.002925053772870889,-0.00028620146828635027
rf,y_UUP,18,2025-09-18,0.002925053772870889,-7.444394100694918e-05
rf,y_UUP,16,2025-09-22,-0.0007317625206523237,0.0009798361295370243
rf,y_UUP,17,2025-09-22,-0.0007317625206523237,0.0007238302241529493
rf,y_UUP,18,2025-09-22,-0.0007317625206523237,0.0011251669123215281
rf,y_UUP,17,2025-09-23,0.007323345021169159,0.0003390086478434436
rf,y_UUP,18,2025-09-23,0.007323345021169159,0.0002504907297766035
rf,y_UUP,19,2025-09-23,0.007323345021169159,0.00039441832182084596
rf,y_UUP,17,2025-09-24,0.006906580442141541,0.0019787914136285794
rf,y_UUP,18,2025-09-24,0.006906580442141541,0.001804282631851557
rf,y_UUP,19,2025-09-24,0.006906580442141541,0.0015774140217244372
rf,y_UUP,17,2025-09-25,-0.003610153805027938,0.0002567814872238829
rf,y_UUP,18,2025-09-25,-0.003610153805027938,-0.0006075348457181098
rf,y_UUP,19,2025-09-25,-0.003610153805027938,-8.50476328076231e-05
rf,y_UUP,17,2025-09-29,-0.001089309716844622,-0.00031827867418833533
rf,y_UUP,18,2025-09-29,-0.001089309716844622,0.00016890856070383062
rf,y_UUP,19,2025-09-29,-0.001089309716844622,0.00011092058488095895
rf,y_UUP,17,2025-09-30,-0.00036352310243092933,0.002308704137178504
rf,y_UUP,18,2025-09-30,-0.00036352310243092933,0.0023330896553990306
rf,y_UUP,19,2025-09-30,-0.00036352310243092933,0.0022154740621316746
rf,y_UUP,17,2025-10-01,0.0014545494712510099,-0.0005617340241036291
rf,y_UUP,18,2025-10-01,0.0014545494712510099,-0.0008385037856199484
rf,y_UUP,19,2025-10-01,0.0014545494712510099,-0.0001495726851466585
rf,y_UUP,17,2025-10-02,-0.0018155639432109183,0.0011163850718432845
rf,y_UUP,18,2025-10-02,-0.0018155639432109183,0.0012292129833544126
rf,y_UUP,19,2025-10-02,-0.0018155639432109183,0.00048763331076697353
rf,y_UUP,17,2025-10-06,0.005792919620490444,0.0014887323969672267
rf,y_UUP,18,2025-10-06,0.005792919620490444,0.0018293315212155011
rf,y_UUP,19,2025-10-06,0.005792919620490444,0.0014981997363369415
rf,y_UUP,17,2025-10-07,0.002159797616071435,0.0001240653148035666
rf,y_UUP,18,2025-10-07,0.002159797616071435,-0.00031289622173369944
rf,y_UUP,19,2025-10-07,0.002159797616071435,0.0004805208100170479
rf,y_UUP,17,2025-10-08,0.006824713788897485,-0.0015535347875397223
rf,y_UUP,18,2025-10-08,0.006824713788897485,-0.0018298662050289626
rf,y_UUP,19,2025-10-08,0.006824713788897485,-0.002014210022845677
rf,y_UUP,17,2025-10-09,-0.004994697571578999,-0.0010511334085855917
rf,y_UUP,18,2025-10-09,-0.004994697571578999,-0.0005506495701336573
rf,y_UUP,19,2025-10-09,-0.004994697571578999,-0.0006031322764922011
rf,y_UUP,18,2025-10-13,-0.0028581715355342485,-0.0016366956958949713
rf,y_UUP,19,2025-10-13,-0.0028581715355342485,-0.001953616288743225
rf,y_UUP,20,2025-10-13,-0.0028581715355342485,-0.0015680001812716892
rf,y_UUP,18,2025-10-14,-0.002866364095803986,0.000146689726796644
rf,y_UUP,19,2025-10-14,-0.002866364095803986,-0.00022507239446740065
rf,y_UUP,20,2025-10-14,-0.002866364095803986,0.0003186617221610575
rf,y_UUP,18,2025-10-15,-0.0039525624465105436,-0.00022832557967506588
rf,y_UUP,19,2025-10-15,-0.0039525624465105436,-0.0007147794790126255
rf,y_UUP,20,2025-10-15,-0.0039525624465105436,-2.5267946403752703e-05
rf,y_UUP,18,2025-10-16,0.00108223629625126,-0.001916174610040583
rf,y_UUP,19,2025-10-16,0.00108223629625126,-0.0014569648076858648
rf,y_UUP,20,2025-10-16,0.00108223629625126,-0.0011659585152286555
rf,y_UUP,18,2025-10-20,0.003954054185318245,-0.0013210907332657515
rf,y_UUP,19,2025-10-20,0.003954054185318245,-0.0009170852962497376
rf,y_UUP,20,2025-10-20,0.003954054185318245,-0.0016596456543296555
rf,y_UUP,18,2025-10-21,-0.0010741697624669921,-0.00018088140858721623
rf,y_UUP,19,2025-10-21,-0.0010741697624669921,0.00033148009089311686
rf,y_UUP,20,2025-10-21,-0.0010741697624669921,0.00033719777662743106
rf,y_UUP,18,2025-10-22,0.0003584416146331648,-0.0005049764591956903
rf,y_UUP,19,2025-10-22,0.0003584416146331648,-2.8440350361672954e-05
rf,y_UUP,20,2025-10-22,0.0003584416146331648,0.00011647810109490601
rf,y_UUP,18,2025-10-23,0.0,0.0004883069144035339
rf,y_UUP,19,2025-10-23,0.0,0.0012391918123926668
rf,y_UUP,20,2025-10-23,0.0,0.0012103011536337943
rf,y_UUP,18,2025-10-27,-0.0007172560209921519,0.0002993846136489638
rf,y_UUP,19,2025-10-27,-0.0007172560209921519,9.138038225905698e-05
rf,y_UUP,20,2025-10-27,-0.0007172560209921519,0.000503473721144194
rf,y_UUP,18,2025-10-28,0.005742945572112079,0.0005652544851469885
rf,y_UUP,19,2025-10-28,0.005742945572112079,0.0007703624693771541
rf,y_UUP,20,2025-10-28,0.005742945572112079,-0.00014092848969082713
rf,y_UUP,18,2025-10-29,0.003925760626240837,-0.0012264612398628647
rf,y_UUP,19,2025-10-29,0.003925760626240837,-0.00151719775814645
rf,y_UUP,20,2025-10-29,0.003925760626240837,-0.001365541435130337
rf,y_UUP,18,2025-10-30,0.002843946782195239,0.0011433950386602629
rf,y_UUP,19,2025-10-30,0.002843946782195239,0.0010833714358111442
rf,y_UUP,20,2025-10-30,0.002843946782195239,0.001293098258393339
rf,y_UUP,19,2025-11-03,0.003188124202409881,0.0009228629331923347
rf,y_UUP,20,2025-11-03,0.003188124202409881,0.0010049149066762547
rf,y_UUP,21,2025-11-03,0.003188124202409881,-0.00010543494915002394
rf,y_UUP,19,2025-11-04,0.00035312574090240467,0.003477984275907788
rf,y_UUP,20,2025-11-04,0.00035312574090240467,0.0035702785631786223
rf,y_UUP,21,2025-11-04,0.00035312574090240467,0.002919942861805555
rf,y_UUP,19,2025-11-05,-0.005294737805135563,-0.0006637896792477755
rf,y_UUP,20,2025-11-05,-0.005294737805135563,-9.42624028755427e-05
rf,y_UUP,21,2025-11-05,-0.005294737805135563,0.00037765335893492067
rf,y_UUP,19,2025-11-06,-0.0007097601682591881,-1.1446401559411789e-05
rf,y_UUP,20,2025-11-06,-0.0007097601682591881,-0.0001582072384952134
rf,y_UUP,21,2025-11-06,-0.0007097601682591881,0.00018553974621934958
rf,y_UUP,19,2025-11-10,-0.0014194503404467707,0.00021764952273703269
rf,y_UUP,20,2025-11-10,-0.0014194503404467707,-5.737402749461199e-05
rf,y_UUP,21,2025-11-10,-0.0014194503404467707,0.000407929745359543
rf,y_UUP,19,2025-11-11,0.00035531443925962414,0.0009061619831854171
rf,y_UUP,20,2025-11-11,0.00035531443925962414,0.0012680978640016772
rf,y_UUP,21,2025-11-11,0.00035531443925962414,0.0014243087832959958
rf,y_UUP,19,2025-11-12,-0.0028418562393659474,0.0017550726969378307
rf,y_UUP,20,2025-11-12,-0.0028418562393659474,0.0017798272722884293
rf,y_UUP,21,2025-11-12,-0.0028418562393659474,0.0018840022170847042
rf,y_UUP,19,2025-11-13,0.0014250128366397607,-0.0010035129831688935
rf,y_UUP,20,2025-11-13,0.0014250128366397607,-0.0007014727215404581
rf,y_UUP,21,2025-11-13,0.0014250128366397607,-0.0017906506222303876
rf,y_UUP,19,2025-11-17,0.0010645702563174542,0.00023936992755195323
rf,y_UUP,20,2025-11-17,0.0010645702563174542,0.00098788327606756
rf,y_UUP,21,2025-11-17,0.0010645702563174542,0.00043254850250068477
rf,y_UUP,19,2025-11-18,0.0063806988317842706,0.0007160638955338138
rf,y_UUP,20,2025-11-18,0.0063806988317842706,0.0009937295938199319
rf,y_UUP,21,2025-11-18,0.0063806988317842706,0.0007668978805471359
rf,y_UUP,19,2025-11-19,0.0007045101153477784,0.00109766246415784
rf,y_UUP,20,2025-11-19,0.0007045101153477784,0.0018231309129051057
rf,y_UUP,21,2025-11-19,0.0007045101153477784,0.0010017119371959861
rf,y_UUP,19,2025-11-20,-0.0007040141302716574,-0.00047837193186138033
rf,y_UUP,20,2025-11-20,-0.0007040141302716574,-0.0001487179797276315
rf,y_UUP,21,2025-11-20,-0.0007040141302716574,-0.0007158900502860129
rf,y_UUP,20,2025-11-24,-0.0028179015047613554,-6.69735250836856e-05
rf,y_UUP,21,2025-11-24,-0.0028179015047613554,0.0007753837664068185
rf,y_UUP,22,2025-11-24,-0.0028179015047613554,0.0003535602603885755
rf,y_UUP,20,2025-11-25,-0.002825864512623566,0.000720785224676751
rf,y_UUP,21,2025-11-25,-0.002825864512623566,0.0005092729134237732
rf,y_UUP,22,2025-11-25,-0.002825864512623566,0.0008699437251498318
rf,y_UUP,20,2025-12-01,-0.00035462838302890987,-9.953562173549702e-05
rf,y_UUP,21,2025-12-01,-0.00035462838302890987,-0.000612847036934667
rf,y_UUP,22,2025-12-01,-0.00035462838302890987,-0.0006824409303991863
rf,y_UUP,20,2025-12-02,-0.004966348731344494,-0.0018718806555838305
rf,y_UUP,21,2025-12-02,-0.004966348731344494,-0.0018571047551292417
rf,y_UUP,22,2025-12-02,-0.004966348731344494,-0.0010474598930979415
rf,y_UUP,20,2025-12-03,0.0021390785725139416,-9.44861212997435e-05
rf,y_UUP,21,2025-12-03,0.0021390785725139416,-0.0006636952293923618
rf,y_UUP,22,2025-12-03,0.0021390785725139416,-0.00042745564423160115
rf,y_UUP,20,2025-12-04,-0.00106729142627493,-0.0005218073268101642
rf,y_UUP,21,2025-12-04,-0.00106729142627493,0.0005665297912531925
rf,y_UUP,22,2025-12-04,-0.00106729142627493,0.0005275193080936241
rf,y_UUP,20,2025-12-08,0.00142240885268885,-0.0006973074050914593
rf,y_UUP,21,2025-12-08,0.00142240885268885,-0.0015241030803001857
rf,y_UUP,22,2025-12-08,0.00142240885268885,-0.000935384419521985
rf,y_UUP,20,2025-12-09,-0.00532670195853624,0.0015204672705199827
rf,y_UUP,21,2025-12-09,-0.00532670195853624,0.0018475028557849845
rf,y_UUP,22,2025-12-09,-0.00532670195853624,0.0014829546351785526
rf,y_UUP,20,2025-12-10,-0.0035701282998350514,0.0009842828934110703
rf,y_UUP,21,2025-12-10,-0.0035701282998350514,0.0009604416285455663
rf,y_UUP,22,2025-12-10,-0.0035701282998350514,0.0006942621027149681
rf,y_UUP,20,2025-12-11,0.00143318204790166,-0.0003695539625632257
rf,y_UUP,21,2025-12-11,0.00143318204790166,7.387086509819119e-05
rf,y_UUP,22,2025-12-11,0.00143318204790166,-0.00027569668059939935
rf,y_UUP,21,2025-12-15,-0.0010741697624669921,0.0012996800299442815
rf,y_UUP,22,2025-12-15,-0.0010741697624669921,0.001185976845740258
rf,y_UUP,23,2025-12-15,-0.0010741697624669921,0.0018297028304872741
rf,y_UUP,21,2025-12-16,0.002150508290711839,-0.00038744490432458627
rf,y_UUP,22,2025-12-16,0.002150508290711839,-0.0004481481393998528
rf,y_UUP,23,2025-12-16,0.002150508290711839,-0.00010763979009422997
rf,y_UUP,21,2025-12-17,0.0007153448741836765,-0.00024845999394269386
rf,y_UUP,22,2025-12-17,0.0007153448741836765,0.00023029673170099353
rf,y_UUP,23,2025-12-17,0.0007153448741836765,-1.6855076507757415e-05
rf,y_UUP,21,2025-12-18,0.003216609854790775,-0.0004303337538892051
rf,y_UUP,22,2025-12-18,0.003216609854790775,-0.0005458287762927597
rf,y_UUP,23,2025-12-18,0.003216609854790775,-0.0007005288153110412
rf,y_UUP,21,2025-12-23,0.0003712037373271304,-0.00037090963063958574
rf,y_UUP,22,2025-12-23,0.0003712037373271304,0.00011348283441125761
rf,y_UUP,23,2025-12-23,0.0003712037373271304,-0.00011152498257325782
rf,y_UUP,21,2025-12-29,0.0025945031879870406,-0.00015585792545934433
rf,y_UUP,22,2025-12-29,0.0025945031879870406,0.00018436338852843663
rf,y_UUP,23,2025-12-29,0.0025945031879870406,-0.00022444146321428938
rf,y_UUP,21,2025-12-30,-0.0007393179659553883,-0.00014927373695663437
rf,y_UUP,22,2025-12-30,-0.0007393179659553883,-0.001007100911341524
rf,y_UUP,23,2025-12-30,-0.0007393179659553883,-0.00010025089410240866
rf,y_UUP,22,2026-01-05,0.003324719379479646,0.00197598015861683
rf,y_UUP,23,2026-01-05,0.003324719379479646,0.002581240225110379
rf,y_UUP,24,2026-01-05,0.003324719379479646,0.002714302404018155
rf,y_UUP,22,2026-01-06,0.001472787767013095,0.0006492586139789814
rf,y_UUP,23,2026-01-06,0.001472787767013095,0.00018355135657654916
rf,y_UUP,24,2026-01-06,0.001472787767013095,0.0005349508851305186
rf,y_UUP,22,2026-01-07,0.0025735181198816015,-5.7242207293614625e-05
rf,y_UUP,23,2026-01-07,0.0025735181198816015,-9.396407817693722e-05
rf,y_UUP,24,2026-01-07,0.0025735181198816015,0.0005093703445446999
rf,y_UUP,22,2026-01-08,0.002200200400997776,-0.0005548511906921563
rf,y_UUP,23,2026-01-08,0.002200200400997776,-0.001530884720630075
rf,y_UUP,24,2026-01-08,0.002200200400997776,-0.0008455901917500323
rf,y_UUP,22,2026-01-12,0.0025659711533103646,-1.8184649410815658e-05
rf,y_UUP,23,2026-01-12,0.0025659711533103646,9.593667293767242e-05
rf,y_UUP,24,2026-01-12,0.0025659711533103646,-0.0002844581062479701
rf,y_UUP,22,2026-01-13,-0.0007312781530059986,0.00051620918958942
rf,y_UUP,23,2026-01-13,-0.0007312781530059986,-0.00017275155476542033
rf,y_UUP,24,2026-01-13,-0.0007312781530059986,0.0001404357905040269
rf,y_UUP,22,2026-01-14,0.003658996770907086,-0.0008180190720436853
rf,y_UUP,23,2026-01-14,0.003658996770907086,-0.0006638720244360102
rf,y_UUP,24,2026-01-14,0.003658996770907086,-0.0007198863548410659
rf,y_UUP,22,2026-01-15,0.0,-0.0009543780016697414
rf,y_UUP,23,2026-01-15,0.0,-0.0013518257691628593
rf,y_UUP,24,2026-01-15,0.0,-0.0015470602685761891
rf,y_UUP,22,2026-01-21,-0.004400470745105078,-0.0004050234393462008
rf,y_UUP,23,2026-01-21,-0.004400470745105078,-0.00012911366471212715
rf,y_UUP,24,2026-01-21,-0.004400470745105078,0.0002433309953486553
rf,y_UUP,22,2026-01-22,-0.008839770699457628,0.0006192617450259591
rf,y_UUP,23,2026-01-22,-0.008839770699457628,0.0009088092367062206
rf,y_UUP,24,2026-01-22,-0.008839770699457628,0.000641836288403951
rf,y_UUP,23,2026-01-26,-0.011575853821602311,0.0010320382741826062
rf,y_UUP,24,2026-01-26,-0.011575853821602311,0.001115135124697414
rf,y_UUP,23,2026-01-27,0.006044573160657096,-0.00048498606744601657
rf,y_UUP,24,2026-01-27,0.006044573160657096,9.5281546133541e-05
rf,y_UUP,23,2026-01-28,-0.0015020281426685322,0.000436373818777322
rf,y_UUP,24,2026-01-28,-0.0015020281426685322,9.232495023976199e-05
rf,y_UUP,23,2026-01-29,0.009778120623911812,6.685068625357874e-05
rf,y_UUP,24,2026-01-29,0.009778120623911812,0.00023388259522825656
rf,y_UUP,23,2026-02-02,-0.002593541882839334,0.001480588853004533
rf,y_UUP,24,2026-02-02,-0.002593541882839334,0.0022689585081634767
rf,y_UUP,23,2026-02-03,0.0033432448860633013,-0.001561515979328896
rf,y_UUP,24,2026-02-03,0.0033432448860633013,-0.0007454133909305225
rf,y_UUP,23,2026-02-04,0.002961863125810149,-0.0003747604674560053
rf,y_UUP,24,2026-02-04,0.002961863125810149,-0.00022445365822025461
rf,y_UUP,23,2026-02-05,-0.002953116399241118,0.0006150555971088054
rf,y_UUP,24,2026-02-05,-0.002953116399241118,0.0002936090873674163
rf,y_UUP,23,2026-02-09,0.0003732109440657272,0.0013010895570498568
rf,y_UUP,24,2026-02-09,0.0003732109440657272,0.0009697784354154294
rf,y_UUP,23,2026-02-10,0.0011194286380433738,0.0005516741105574698
rf,y_UUP,24,2026-02-10,0.0011194286380433738,0.0008772685879871049
rf,y_UUP,23,2026-02-11,-0.0003727256395925638,-0.0015577653568119364
rf,y_UUP,24,2026-02-11,-0.0003727256395925638,-0.00026908074888835806
rf,y_UUP,23,2026-02-12,0.0,-2.620133396605273e-05
rf,y_UUP,24,2026-02-12,0.0,0.00038891059547618845
rf,y_UUP,24,2026-02-17,0.006317357014414382,-7.976866589495812e-05
rf,y_UUP,24,2026-02-18,0.0014771386868552838,0.00046670901894647155
rf,y_UUP,24,2026-02-19,-0.0011062199748205215,-0.0007152760941428083
rf,y_UUP,24,2026-02-23,0.0007382967017723896,-0.0003573376298766695
rf,y_UUP,24,2026-02-24,-0.0011066280328320133,0.0003238919485158365
rf,y_UUP,24,2026-02-25,0.000738569343427864,0.000971288401179581
rf,y_UUP,24,2026-02-26,-0.0007380242613336252,0.0010098949232228843
rf,y_UUP,24,2026-03-02,0.004756646949487964,-0.00045595119345934464
rf,y_UUP,24,2026-03-03,-0.0018208025756569768,0.001150806092388811
rf,y_UUP,24,2026-03-04,0.002553801357676022,0.002866230064916416
rf,y_UUP,24,2026-03-05,-0.00036390935401831026,-0.00017569856589784623
rf,y_XLB,0,2024-08-05,0.005111982366713175,-0.0005969299545618617
rf,y_XLB,0,2024-08-06,-0.013562443502398436,-0.0013283019331644635
rf,y_XLB,0,2024-08-07,0.015467458879019125,0.002091597594205788
rf,y_XLB,0,2024-08-08,-0.000789760785544491,0.0022273988993497845
rf,y_XLB,0,2024-08-12,0.009980678275147259,0.0021055380013490664
rf,y_XLB,0,2024-08-13,0.0,-2.8234853917061265e-05
rf,y_XLB,0,2024-08-14,0.01583391763271269,-0.0032376379887545585
rf,y_XLB,0,2024-08-15,0.0012160454421095146,0.0011748967323674967
rf,y_XLB,0,2024-08-19,-0.003626487735878814,0.005223333888362383
rf,y_XLB,0,2024-08-20,0.01147017428869579,0.0013756549232920088
rf,y_XLB,0,2024-08-21,-0.0020717665838776433,0.0012545398858584559
rf,y_XLB,0,2024-08-22,0.013221142289661314,-0.0018975798894985223
rf,y_XLB,0,2024-08-26,0.00010729963101385742,-0.002135951528986299
rf,y_XLB,1,2024-08-26,0.00010729963101385742,-0.0018403662211563829
rf,y_XLB,0,2024-08-27,-0.004294139487712623,-0.0016262578906562843
rf,y_XLB,1,2024-08-27,-0.004294139487712623,-0.0019007501895266779
rf,y_XLB,0,2024-08-28,0.005498764719909399,0.0033542107271822127
rf,y_XLB,1,2024-08-28,0.005498764719909399,0.0031164923144506224
rf,y_XLB,0,2024-08-29,0.01093713458076584,5.631135483168681e-05
rf,y_XLB,1,2024-08-29,0.01093713458076584,0.0003643372695307466
rf,y_XLB,0,2024-09-03,-0.0041242811585234795,-0.0012048629516005363
rf,y_XLB,1,2024-09-03,-0.0041242811585234795,-0.00030480736108296955
rf,y_XLB,0,2024-09-04,-0.00784655548715163,0.003728693391567345
rf,y_XLB,1,2024-09-04,-0.00784655548715163,0.004272661092226771
rf,y_XLB,0,2024-09-05,-0.012631856926981877,-0.000348928072984897
rf,y_XLB,1,2024-09-05,-0.012631856926981877,-0.0021261329698914217
rf,y_XLB,0,2024-09-09,0.00044088626709837264,0.00017440037115920015
rf,y_XLB,1,2024-09-09,0.00044088626709837264,-0.0023528199497293615
rf,y_XLB,0,2024-09-10,0.002422897292292614,-0.00019764102551896034
rf,y_XLB,1,2024-09-10,0.002422897292292614,0.0012723758258900467
rf,y_XLB,0,2024-09-11,0.009228710038458932,-0.0030824229088366436
rf,y_XLB,1,2024-09-11,0.009228710038458932,-0.003542526271811072
rf,y_XLB,0,2024-09-12,0.009035353936655666,-0.00012847013078755854
rf,y_XLB,1,2024-09-12,0.009035353936655666,-0.0008098012301108616
rf,y_XLB,2,2024-09-12,0.009035353936655666,0.0012683143176802517
rf,y_XLB,0,2024-09-16,0.001924188598533716,-0.0037609049136601005
rf,y_XLB,1,2024-09-16,0.001924188598533716,-0.004439046646873525
rf,y_XLB,2,2024-09-16,0.001924188598533716,-0.0038525023061212102
rf,y_XLB,0,2024-09-17,-0.004267567093621749,0.0018141818272687238
rf,y_XLB,1,2024-09-17,-0.004267567093621749,2.511696899787641e-05
rf,y_XLB,2,2024-09-17,-0.004267567093621749,-0.0005824443215259711
rf,y_XLB,0,2024-09-18,0.015107707934707726,0.0006888802243436613
rf,y_XLB,1,2024-09-18,0.015107707934707726,0.0018376445568639174
rf,y_XLB,2,2024-09-18,0.015107707934707726,0.0007380167712738214
rf,y_XLB,0,2024-09-19,-0.007071975906386085,-0.0004986378333909052
rf,y_XLB,1,2024-09-19,-0.007071975906386085,0.0005813649773599753
rf,y_XLB,2,2024-09-19,-0.007071975906386085,0.0026278287977828433
rf,y_XLB,0,2024-09-23,0.013655112468113684,-0.0012892777580034885
rf,y_XLB,1,2024-09-23,0.013655112468113684,-0.0002992832667009615
rf,y_XLB,2,2024-09-23,0.013655112468113684,-0.0024038767675238484
rf,y_XLB,0,2024-09-24,-0.00668334514734803,-0.0012836749026445087
rf,y_XLB,1,2024-09-24,-0.00668334514734803,-0.0014622197960993456
rf,y_XLB,2,2024-09-24,-0.00668334514734803,0.0010753957963567733
rf,y_XLB,0,2024-09-25,0.02071056594517051,-0.002033135554159433
rf,y_XLB,1,2024-09-25,0.02071056594517051,0.00011054372721685801
rf,y_XLB,2,2024-09-25,0.02071056594517051,-0.0012964896803175604
rf,y_XLB,0,2024-09-26,-0.0017508883746425452,-0.002322131381162502
rf,y_XLB,1,2024-09-26,-0.0017508883746425452,-0.0006092068373928468
rf,y_XLB,2,2024-09-26,-0.0017508883746425452,-0.0020302630416624743
rf,y_XLB,0,2024-09-30,-0.0024901422569747478,0.0020370317365488305
rf,y_XLB,1,2024-09-30,-0.0024901422569747478,0.002063415678973542
rf,y_XLB,2,2024-09-30,-0.0024901422569747478,0.0032054387590932116
rf,y_XLB,0,2024-10-01,-0.003848637506332797,0.002768665784994869
rf,y_XLB,1,2024-10-01,-0.003848637506332797,0.002743358791679022
rf,y_XLB,2,2024-10-01,-0.003848637506332797,0.003938596579371284
rf,y_XLB,0,2024-10-02,-0.011068133346521014,0.003989201544815386
rf,y_XLB,1,2024-10-02,-0.011068133346521014,0.0036346906179087024
rf,y_XLB,2,2024-10-02,-0.011068133346521014,0.004387226321897031
rf,y_XLB,0,2024-10-03,0.004857005737312292,-0.0005327091343037502
rf,y_XLB,1,2024-10-03,0.004857005737312292,-0.001428489189938234
rf,y_XLB,2,2024-10-03,0.004857005737312292,0.0002911593826130691
rf,y_XLB,1,2024-10-07,-0.004636932825391016,-0.003584137594422144
rf,y_XLB,2,2024-10-07,-0.004636932825391016,-0.003614853515097254
rf,y_XLB,3,2024-10-07,-0.004636932825391016,-0.002600408933729496
rf,y_XLB,1,2024-10-08,0.006352772408346752,0.0006860896656811101
rf,y_XLB,2,2024-10-08,0.006352772408346752,-0.0008975585299248051
rf,y_XLB,3,2024-10-08,0.006352772408346752,0.0009329042299759134
rf,y_XLB,1,2024-10-09,0.0023143985892406516,-0.0010644829082845622
rf,y_XLB,2,2024-10-09,0.0023143985892406516,-0.0012222787297952334
rf,y_XLB,3,2024-10-09,0.0023143985892406516,-0.0005415899635813348
rf,y_XLB,1,2024-10-10,0.006507783288780322,-0.0007650916387523984
rf,y_XLB,2,2024-10-10,0.006507783288780322,-0.000704446512138529
rf,y_XLB,3,2024-10-10,0.006507783288780322,0.00048379380071560026
rf,y_XLB,1,2024-10-14,-0.001037109660457114,0.005093162202185931
rf,y_XLB,2,2024-10-14,-0.001037109660457114,0.0038218108503784154
rf,y_XLB,3,2024-10-14,-0.001037109660457114,0.004923428026466534
rf,y_XLB,1,2024-10-15,0.007784976963336909,-0.0012870113407399768
rf,y_XLB,2,2024-10-15,0.007784976963336909,-0.003654441899717646
rf,y_XLB,3,2024-10-15,0.007784976963336909,-0.0007171393158084868
rf,y_XLB,1,2024-10-16,0.0015449678535186528,0.004000352207644364
rf,y_XLB,2,2024-10-16,0.0015449678535186528,0.0020759086125000724
rf,y_XLB,3,2024-10-16,0.0015449678535186528,0.00385679704295953
rf,y_XLB,1,2024-10-17,0.004010703897839418,0.0028639534339490614
rf,y_XLB,2,2024-10-17,0.004010703897839418,0.0026189537877768887
rf,y_XLB,3,2024-10-17,0.004010703897839418,0.002089138164615133
rf,y_XLB,1,2024-10-21,-0.009186635985069747,-0.004953730833387766
rf,y_XLB,2,2024-10-21,-0.009186635985069747,-0.004320067120565455
rf,y_XLB,3,2024-10-21,-0.009186635985069747,-0.0029412405418841087
rf,y_XLB,1,2024-10-22,-0.002708539800516774,-0.0015188601159910017
rf,y_XLB,2,2024-10-22,-0.002708539800516774,-0.002333864166162321
rf,y_XLB,3,2024-10-22,-0.002708539800516774,-0.0008993025653115069
rf,y_XLB,1,2024-10-23,-0.012222062709831505,-0.0022973021728938964
rf,y_XLB,2,2024-10-23,-0.012222062709831505,0.00031737271126704804
rf,y_XLB,3,2024-10-23,-0.012222062709831505,5.592820813956345e-05
rf,y_XLB,1,2024-10-24,-0.006345052011708319,0.0006618761778799267
rf,y_XLB,2,2024-10-24,-0.006345052011708319,0.00047046017908226786
rf,y_XLB,3,2024-10-24,-0.006345052011708319,0.0010114223203212794
rf,y_XLB,2,2024-10-28,-0.006438757743380874,0.003432966103010716
rf,y_XLB,3,2024-10-28,-0.006438757743380874,0.004014826775400091
rf,y_XLB,4,2024-10-28,-0.006438757743380874,0.004330845979789163
rf,y_XLB,2,2024-10-29,0.005418089148432337,0.004623411712420157
rf,y_XLB,3,2024-10-29,0.005418089148432337,0.006128573274603368
rf,y_XLB,4,2024-10-29,0.005418089148432337,0.0056510241046193775
rf,y_XLB,2,2024-10-30,-0.013207917063865038,7.123800345825808e-05
rf,y_XLB,3,2024-10-30,-0.013207917063865038,0.00043324972019055663
rf,y_XLB,4,2024-10-30,-0.013207917063865038,0.0010639362050273585
rf,y_XLB,2,2024-10-31,-0.0027840298866111945,-0.00016433623124226433
rf,y_XLB,3,2024-10-31,-0.0027840298866111945,-0.0010751860830978419
rf,y_XLB,4,2024-10-31,-0.0027840298866111945,0.0005046589556218432
rf,y_XLB,2,2024-11-04,0.0014966504731617203,0.004227176098430778
rf,y_XLB,3,2024-11-04,0.0014966504731617203,0.003237467985242682
rf,y_XLB,4,2024-11-04,0.0014966504731617203,0.0019351776975786586
rf,y_XLB,2,2024-11-05,0.0137703498872217,0.0005099958057248379
rf,y_XLB,3,2024-11-05,0.0137703498872217,-0.0009716144503088988
rf,y_XLB,4,2024-11-05,0.0137703498872217,-0.00017958904256767014
rf,y_XLB,2,2024-11-06,0.0038958865460381187,-0.00323797469508944
rf,y_XLB,3,2024-11-06,0.0038958865460381187,-0.0036488101089015733
rf,y_XLB,4,2024-11-06,0.0038958865460381187,-0.0038163760475498315
rf,y_XLB,2,2024-11-07,-0.009125161028633921,0.004161596612250282
rf,y_XLB,3,2024-11-07,-0.009125161028633921,0.005110070184544993
rf,y_XLB,4,2024-11-07,-0.009125161028633921,0.005328290957599099
rf,y_XLB,2,2024-11-11,-0.01701038562157431,0.0001070933738882035
rf,y_XLB,3,2024-11-11,-0.01701038562157431,0.0022067960727819376
rf,y_XLB,4,2024-11-11,-0.01701038562157431,0.0002620288084206649
rf,y_XLB,2,2024-11-12,0.002379399405953775,0.003978427630655392
rf,y_XLB,3,2024-11-12,0.002379399405953775,0.002538558550746703
rf,y_XLB,4,2024-11-12,0.002379399405953775,0.004962879862002511
rf,y_XLB,2,2024-11-13,-0.008200185741017774,-0.00025588139410168684
rf,y_XLB,3,2024-11-13,-0.008200185741017774,0.0020494534681982693
rf,y_XLB,4,2024-11-13,-0.008200185741017774,0.00025883540579965116
rf,y_XLB,2,2024-11-14,-0.006962629920673091,-0.0005919130137484602
rf,y_XLB,3,2024-11-14,-0.006962629920673091,-0.00022324141870722625
rf,y_XLB,4,2024-11-14,-0.006962629920673091,0.0005867181730724387
rf,y_XLB,3,2024-11-18,-0.0032612439748742617,0.0001022892119272654
rf,y_XLB,4,2024-11-18,-0.0032612439748742617,-0.0009339337715668472
rf,y_XLB,5,2024-11-18,-0.0032612439748742617,-0.001073757973821125
rf,y_XLB,3,2024-11-19,0.008179786215697593,-0.0011042687529422214
rf,y_XLB,4,2024-11-19,0.008179786215697593,0.0012104633771409033
rf,y_XLB,5,2024-11-19,0.008179786215697593,0.0008210319659681164
rf,y_XLB,3,2024-11-20,0.012224157675776892,0.00263077203463957
rf,y_XLB,4,2024-11-20,0.012224157675776892,0.0005846444186924649
rf,y_XLB,5,2024-11-20,0.012224157675776892,-0.0002485585034028903
rf,y_XLB,3,2024-11-21,0.0055572645943084975,-0.0027380499639043164
rf,y_XLB,4,2024-11-21,0.0055572645943084975,-0.003238944200224535
rf,y_XLB,5,2024-11-21,0.0055572645943084975,-0.0008932996457551893
rf,y_XLB,3,2024-11-25,-0.007468837604189038,0.001585567234483585
rf,y_XLB,4,2024-11-25,-0.007468837604189038,-0.0007325547198053386
rf,y_XLB,5,2024-11-25,-0.007468837604189038,-0.0004275302287828834
rf,y_XLB,3,2024-11-26,-0.0005299172791831674,0.0026375305340757336
rf,y_XLB,4,2024-11-26,-0.0005299172791831674,0.0010207458078286518
rf,y_XLB,5,2024-11-26,-0.0005299172791831674,0.003522698176585328
rf,y_XLB,3,2024-12-02,-0.0031673314718291268,0.0040722233845860295
rf,y_XLB,4,2024-12-02,-0.0031673314718291268,0.0028583142605464276
rf,y_XLB,5,2024-12-02,-0.0031673314718291268,0.0020604419196923935
rf,y_XLB,3,2024-12-03,-0.009743680996964321,-0.002594102945788283
rf,y_XLB,4,2024-12-03,-0.009743680996964321,-0.00025296259309757764
rf,y_XLB,5,2024-12-03,-0.009743680996964321,-0.0010442410089368257
rf,y_XLB,3,2024-12-04,-0.013155043798557475,8.385632748816411e-05
rf,y_XLB,4,2024-12-04,-0.013155043798557475,0.0005690199124799595
rf,y_XLB,5,2024-12-04,-0.013155043798557475,0.0014864769108834876
rf,y_XLB,3,2024-12-05,-0.003901633896615353,0.000338147778239233
rf,y_XLB,4,2024-12-05,-0.003901633896615353,0.0010680849242104293
rf,y_XLB,5,2024-12-05,-0.003901633896615353,0.000769752880653506
rf,y_XLB,4,2024-12-09,-0.010229526348772278,0.004356650203075318
rf,y_XLB,5,2024-12-09,-0.010229526348772278,0.0032151304535223395
rf,y_XLB,6,2024-12-09,-0.010229526348772278,0.0017268246576941538
rf,y_XLB,4,2024-12-10,-0.0035185297306817853,-0.002157103515061652
rf,y_XLB,5,2024-12-10,-0.0035185297306817853,-0.002348472242348865
rf,y_XLB,6,2024-12-10,-0.0035185297306817853,-0.0023931943554515917
rf,y_XLB,4,2024-12-11,-0.006951176317064989,0.001180706937876716
rf,y_XLB,5,2024-12-11,-0.006951176317064989,-0.0014398345221999685
rf,y_XLB,6,2024-12-11,-0.006951176317064989,0.000832294160463846
rf,y_XLB,4,2024-12-12,-0.008555612655548606,0.00014794073055425053
rf,y_XLB,5,2024-12-12,-0.008555612655548606,-3.0763710369912284e-05
rf,y_XLB,6,2024-12-12,-0.008555612655548606,0.0017361498597404518
rf,y_XLB,4,2024-12-16,-0.005540437169537449,-0.002223808046459715
rf,y_XLB,5,2024-12-16,-0.005540437169537449,-0.00144768359812296
rf,y_XLB,6,2024-12-16,-0.005540437169537449,-0.00010697514932975678
rf,y_XLB,4,2024-12-17,-0.028425179728469807,0.0013595232012913897
rf,y_XLB,5,2024-12-17,-0.028425179728469807,0.0009137908809169935
rf,y_XLB,6,2024-12-17,-0.028425179728469807,0.001340631635557953
rf,y_XLB,4,2024-12-18,-0.010766601940183307,0.0036449258813177443
rf,y_XLB,5,2024-12-18,-0.010766601940183307,0.002871025011317239
rf,y_XLB,6,2024-12-18,-0.010766601940183307,3.094940283196087e-05
rf,y_XLB,4,2024-12-19,0.012421702163413206,0.002209735360274424
rf,y_XLB,5,2024-12-19,0.012421702163413206,0.0020770378898387963
rf,y_XLB,6,2024-12-19,0.012421702163413206,0.0021673817170127386
rf,y_XLB,4,2024-12-23,0.005407237768176865,-0.00011015469994465159
rf,y_XLB,5,2024-12-23,0.005407237768176865,0.0005267677261648285
rf,y_XLB,6,2024-12-23,0.005407237768176865,0.0018151067997523094
rf,y_XLB,4,2024-12-26,-0.005386434487613667,-0.00014191444190701693
rf,y_XLB,5,2024-12-26,-0.005386434487613667,0.0004642872940457223
rf,y_XLB,6,2024-12-26,-0.005386434487613667,-0.0005417078318762647
rf,y_XLB,5,2024-12-30,0.004057252066464789,0.000844480611778542
rf,y_XLB,6,2024-12-30,0.004057252066464789,0.0006751356888395537
rf,y_XLB,7,2024-12-30,0.004057252066464789,0.0012488404586394025
rf,y_XLB,5,2025-01-02,-0.00024023863392585998,0.00412636017624238
rf,y_XLB,6,2025-01-02,-0.00024023863392585998,0.004735498624039125
rf,y_XLB,7,2025-01-02,-0.00024023863392585998,0.00641998321033385
rf,y_XLB,5,2025-01-06,-0.0005970492055510368,0.002581998298419085
rf,y_XLB,6,2025-01-06,-0.0005970492055510368,0.0027180811922280584
rf,y_XLB,7,2025-01-06,-0.0005970492055510368,0.0011279977216021235
rf,y_XLB,5,2025-01-07,0.005495836659227704,-0.00028169201804575196
rf,y_XLB,6,2025-01-07,0.005495836659227704,-0.0012055003696684673
rf,y_XLB,7,2025-01-07,0.005495836659227704,0.0006315972891927258
rf,y_XLB,5,2025-01-13,0.01244721487810585,-0.005742465310114869
rf,y_XLB,6,2025-01-13,0.01244721487810585,-0.0035093019243498716
rf,y_XLB,7,2025-01-13,0.01244721487810585,-0.0060834918620511925
rf,y_XLB,5,2025-01-14,0.009510522177124336,-0.001914522257464792
rf,y_XLB,6,2025-01-14,0.009510522177124336,-0.001953012481530749
rf,y_XLB,7,2025-01-14,0.009510522177124336,-7.435930258599585e-05
rf,y_XLB,5,2025-01-15,0.008271961289280982,-0.000580172904273174
rf,y_XLB,6,2025-01-15,0.008271961289280982,0.0013526428209349193
rf,y_XLB,7,2025-01-15,0.008271961289280982,-0.0007858391747478461
rf,y_XLB,5,2025-01-16,0.006495058150334687,-0.00382533780578799
rf,y_XLB,6,2025-01-16,0.006495058150334687,-0.0044899355933084835
rf,y_XLB,7,2025-01-16,0.006495058150334687,-0.002043162354017155
rf,y_XLB,6,2025-01-21,-0.00804828221289533,-0.0015341215603964166
rf,y_XLB,7,2025-01-21,-0.00804828221289533,-0.00039972606477228035
rf,y_XLB,8,2025-01-21,-0.00804828221289533,-0.0021465979506447613
rf,y_XLB,6,2025-01-22,0.005521732763602127,0.0019322834801229613
rf,y_XLB,7,2025-01-22,0.005521732763602127,3.236661307263189e-05
rf,y_XLB,8,2025-01-22,0.005521732763602127,0.0019492360429257765
rf,y_XLB,6,2025-01-23,-0.0025776169400308913,0.0017790010616134156
rf,y_XLB,7,2025-01-23,-0.0025776169400308913,0.0019302763042989214
rf,y_XLB,8,2025-01-23,-0.0025776169400308913,0.0021923751702102126
rf,y_XLB,6,2025-01-27,-0.0032566270906391193,-0.0012891014112622232
rf,y_XLB,7,2025-01-27,-0.0032566270906391193,-0.0025750650159887386
rf,y_XLB,8,2025-01-27,-0.0032566270906391193,-0.0015431405487947498
rf,y_XLB,6,2025-01-28,-0.0018026121306800036,-0.00573122803769319
rf,y_XLB,7,2025-01-28,-0.0018026121306800036,-0.0048404915921399895
rf,y_XLB,8,2025-01-28,-0.0018026121306800036,-0.004250205304357032
rf,y_XLB,6,2025-01-29,0.00948084781092362,-0.00017153445402130115
rf,y_XLB,7,2025-01-29,0.00948084781092362,0.001529493160061752
rf,y_XLB,8,2025-01-29,0.00948084781092362,0.00059391980783558
rf,y_XLB,6,2025-01-30,-0.007267424030393155,-0.0009227822645224158
rf,y_XLB,7,2025-01-30,-0.007267424030393155,0.00035401330985346073
rf,y_XLB,8,2025-01-30,-0.007267424030393155,-0.0004837769516977749
rf,y_XLB,6,2025-02-03,0.0029253556297950123,0.0018879738668341815
rf,y_XLB,7,2025-02-03,0.0029253556297950123,-0.0009322700915835656
rf,y_XLB,8,2025-02-03,0.0029253556297950123,-0.0010500689396483077
rf,y_XLB,6,2025-02-04,-0.0007853790477418965,-1.1656811029353564e-06
rf,y_XLB,7,2025-02-04,-0.0007853790477418965,0.0013211182308432406
rf,y_XLB,8,2025-02-04,-0.0007853790477418965,0.0002838602705276314
rf,y_XLB,6,2025-02-05,0.0034804166610606924,-0.002481497961497727
rf,y_XLB,7,2025-02-05,0.0034804166610606924,-0.002308114672340251
rf,y_XLB,8,2025-02-05,0.0034804166610606924,-0.0007661561690941797
rf,y_XLB,6,2025-02-06,-0.012195144246829104,0.0012327693178272102
rf,y_XLB,7,2025-02-06,-0.012195144246829104,0.0005236774197289101
rf,y_XLB,8,2025-02-06,-0.012195144246829104,0.0005989542689202478
rf,y_XLB,7,2025-02-10,0.005859853510238766,0.004733762089964861
rf,y_XLB,8,2025-02-10,0.005859853510238766,0.002698900263774646
rf,y_XLB,9,2025-02-10,0.005859853510238766,0.0024034886639798247
rf,y_XLB,7,2025-02-11,-0.007170057946809916,-0.0031613686470342204
rf,y_XLB,8,2025-02-11,-0.007170057946809916,-0.0031080168270281724
rf,y_XLB,9,2025-02-11,-0.007170057946809916,-0.004713115421830521
rf,y_XLB,7,2025-02-12,0.017377615829040405,0.0005023150837016562
rf,y_XLB,8,2025-02-12,0.017377615829040405,-0.00034194527767134514
rf,y_XLB,9,2025-02-12,0.017377615829040405,0.0010696510241410596
rf,y_XLB,7,2025-02-13,-0.0034383390817349646,0.0003622275137196568
rf,y_XLB,8,2025-02-13,-0.0034383390817349646,4.7251565145708015e-05
rf,y_XLB,9,2025-02-13,-0.0034383390817349646,-0.001225351323830399
rf,y_XLB,7,2025-02-18,-0.011759576778724856,-9.067741816198571e-05
rf,y_XLB,8,2025-02-18,-0.011759576778724856,-0.0007625820446446256
rf,y_XLB,9,2025-02-18,-0.011759576778724856,-0.0001540128796300481
rf,y_XLB,7,2025-02-19,-0.002335439682778939,-0.005447548651914708
rf,y_XLB,8,2025-02-19,-0.002335439682778939,-0.004379395976879205
rf,y_XLB,9,2025-02-19,-0.002335439682778939,-0.003533281611287829
rf,y_XLB,7,2025-02-20,-0.018281156186566783,-0.0003502474422114515
rf,y_XLB,8,2025-02-20,-0.018281156186566783,0.000792974444829526
rf,y_XLB,9,2025-02-20,-0.018281156186566783,0.0024932608231535923
rf,y_XLB,7,2025-02-24,0.00772994505652469,0.003996794400710128
rf,y_XLB,8,2025-02-24,0.00772994505652469,0.0015859420292616444
rf,y_XLB,9,2025-02-24,0.00772994505652469,0.00027384913662335065
rf,y_XLB,7,2025-02-25,-0.00045125609121132726,0.002994459091162162
rf,y_XLB,8,2025-02-25,-0.00045125609121132726,0.003040908339098374
rf,y_XLB,9,2025-02-25,-0.00045125609121132726,0.0024516867261486865
rf,y_XLB,7,2025-02-26,-0.00677119470352705,0.0011507792739677105
rf,y_XLB,8,2025-02-26,-0.00677119470352705,0.0031434494506095063
rf,y_XLB,9,2025-02-26,-0.00677119470352705,0.0031704219178684554
rf,y_XLB,7,2025-02-27,0.008521717541985163,0.0020402774157349435
rf,y_XLB,8,2025-02-27,0.008521717541985163,0.0019578031970107204
rf,y_XLB,9,2025-02-27,0.008521717541985163,0.00292016033260708
rf,y_XLB,8,2025-03-03,-0.013566434654982529,0.0028442053512746147
rf,y_XLB,9,2025-03-03,-0.013566434654982529,8.984304452130016e-06
rf,y_XLB,10,2025-03-03,-0.013566434654982529,0.0020462131685619073
rf,y_XLB,8,2025-03-04,0.026107201246319933,0.0011275942523045646
rf,y_XLB,9,2025-03-04,0.026107201246319933,0.00017078211385541942
rf,y_XLB,10,2025-03-04,0.026107201246319933,-0.0007148745403868229
rf,y_XLB,8,2025-03-05,-0.005224826636778701,-0.004208745448304498
rf,y_XLB,9,2025-03-05,-0.005224826636778701,-0.003977711259201311
rf,y_XLB,10,2025-03-05,-0.005224826636778701,-0.004395496153688961
rf,y_XLB,8,2025-03-06,0.002740260091037783,0.0008634217302813403
rf,y_XLB,9,2025-03-06,0.002740260091037783,-0.001013337945125517
rf,y_XLB,10,2025-03-06,0.002740260091037783,0.00023674369891444244
rf,y_XLB,8,2025-03-10,-0.007675281427588998,0.0013772026364628255
rf,y_XLB,9,2025-03-10,-0.007675281427588998,0.0011449911623331024
rf,y_XLB,10,2025-03-10,-0.007675281427588998,0.002542836942390411
rf,y_XLB,8,2025-03-11,-0.0046877698686720315,0.0004641816648298621
rf,y_XLB,9,2025-03-11,-0.0046877698686720315,-0.002646872609967844
rf,y_XLB,10,2025-03-11,-0.0046877698686720315,-0.0020120140257053904
rf,y_XLB,8,2025-03-12,-0.0007063032040822703,0.0010225531104698252
rf,y_XLB,9,2025-03-12,-0.0007063032040822703,0.00029759241911339146
rf,y_XLB,10,2025-03-12,-0.0007063032040822703,0.0018958482959695914
rf,y_XLB,8,2025-03-13,0.0130788245607103,-0.0010659750793566801
rf,y_XLB,9,2025-03-13,0.0130788245607103,-0.0035597534442801467
rf,y_XLB,10,2025-03-13,0.0130788245607103,-0.0023435055990754304
rf,y_XLB,8,2025-03-17,-0.001722780602750662,0.008243656878471634
rf,y_XLB,9,2025-03-17,-0.001722780602750662,0.007264458123931478
rf,y_XLB,10,2025-03-17,-0.001722780602750662,0.007254692964231136
rf,y_XLB,8,2025-03-18,0.003336725748773306,0.0045290546473233
rf,y_XLB,9,2025-03-18,0.003336725748773306,0.0040315908575295645
rf,y_XLB,10,2025-03-18,0.003336725748773306,0.003091057762637983
rf,y_XLB,8,2025-03-19,-0.006307344412754934,0.004054828449366754
rf,y_XLB,9,2025-03-19,-0.006307344412754934,0.003308374971993642
rf,y_XLB,10,2025-03-19,-0.006307344412754934,0.003441177734483507
rf,y_XLB,8,2025-03-20,-0.00992499833192928,-0.0035430206786385404
rf,y_XLB,9,2025-03-20,-0.00992499833192928,-0.0023875079440731648
rf,y_XLB,10,2025-03-20,-0.00992499833192928,-0.0008049922009470199
rf,y_XLB,9,2025-03-24,-0.00023124083348002866,-0.0018374015069156932
rf,y_XLB,10,2025-03-24,-0.00023124083348002866,-0.002929465792815459
rf,y_XLB,11,2025-03-24,-0.00023124083348002866,-0.0007466971808542342
rf,y_XLB,9,2025-03-25,0.001849280423146915,0.002016000432208198
rf,y_XLB,10,2025-03-25,0.001849280423146915,0.002947394395210669
rf,y_XLB,11,2025-03-25,0.001849280423146915,0.0017059762772146103
rf,y_XLB,9,2025-03-26,-0.0004614667244073889,-0.0008938093066955986
rf,y_XLB,10,2025-03-26,-0.0004614667244073889,-0.0019577910572393933
rf,y_XLB,11,2025-03-26,-0.0004614667244073889,-0.002509808331861512
rf,y_XLB,9,2025-03-27,-0.018351703987196988,0.0014710171337864889
rf,y_XLB,10,2025-03-27,-0.018351703987196988,0.0009559456104387993
rf,y_XLB,11,2025-03-27,-0.018351703987196988,0.0011892604041279823
rf,y_XLB,9,2025-03-31,0.003721789564685496,0.0003021931546962453
rf,y_XLB,10,2025-03-31,0.003721789564685496,-0.0002871341941368122
rf,y_XLB,11,2025-03-31,0.003721789564685496,4.4019537484405825e-05
rf,y_XLB,9,2025-04-01,0.008227123492372979,-0.0001792658140923035
rf,y_XLB,10,2025-04-01,0.008227123492372979,0.0006092035141452531
rf,y_XLB,11,2025-04-01,0.008227123492372979,0.0004991077860838623
rf,y_XLB,9,2025-04-02,-0.045167213534979656,0.001281651362741626
rf,y_XLB,10,2025-04-02,-0.045167213534979656,0.0012393786451218322
rf,y_XLB,11,2025-04-02,-0.045167213534979656,0.0024977683900943995
rf,y_XLB,9,2025-04-03,-0.06259035584718209,-0.006225321754975988
rf,y_XLB,10,2025-04-03,-0.06259035584718209,-0.00634707108610223
rf,y_XLB,11,2025-04-03,-0.06259035584718209,-0.006258051250983773
rf,y_XLB,9,2025-04-07,-0.030797388342337362,0.0017755166696820294
rf,y_XLB,10,2025-04-07,-0.030797388342337362,0.0034393731804209507
rf,y_XLB,11,2025-04-07,-0.030797388342337362,0.003090195269608485
rf,y_XLB,9,2025-04-08,0.0873839131882379,0.0004966179485258496
rf,y_XLB,10,2025-04-08,0.0873839131882379,-0.0023599783965011036
rf,y_XLB,11,2025-04-08,0.0873839131882379,-0.0016059406511816725
rf,y_XLB,9,2025-04-09,-0.03194650404021748,-0.0018876006693368179
rf,y_XLB,10,2025-04-09,-0.03194650404021748,-0.0015833556707564608
rf,y_XLB,11,2025-04-09,-0.03194650404021748,-0.0005294766720367244
rf,y_XLB,9,2025-04-10,0.029675159279204166,-0.001464834973402528
rf,y_XLB,10,2025-04-10,0.029675159279204166,-0.0003420201319549907
rf,y_XLB,11,2025-04-10,0.029675159279204166,-0.0014662965154232303
rf,y_XLB,10,2025-04-14,-0.007855544447434526,0.0005160984172738442
rf,y_XLB,11,2025-04-14,-0.007855544447434526,0.0002950991306329911
rf,y_XLB,12,2025-04-14,-0.007855544447434526,-0.0011522522512111334
rf,y_XLB,10,2025-04-15,-0.007794241976194383,6.459186324598668e-06
rf,y_XLB,11,2025-04-15,-0.007794241976194383,-0.0019854623851486065
rf,y_XLB,12,2025-04-15,-0.007794241976194383,-0.0017404506692330216
rf,y_XLB,10,2025-04-16,0.006857868244803278,0.0012907351496124209
rf,y_XLB,11,2025-04-16,0.006857868244803278,6.434114423933545e-05
rf,y_XLB,12,2025-04-16,0.006857868244803278,-0.001480115719825903
rf,y_XLB,10,2025-04-21,0.023390254631922236,-3.816151615116947e-05
rf,y_XLB,11,2025-04-21,0.023390254631922236,-0.0006357663940072978
rf,y_XLB,12,2025-04-21,0.023390254631922236,0.0008702182396956304
rf,y_XLB,10,2025-04-22,0.0012288487981158003,-0.0006076133746527869
rf,y_XLB,11,2025-04-22,0.0012288487981158003,-0.0020625289441349105
rf,y_XLB,12,2025-04-22,0.0012288487981158003,-0.0021977611822961885
rf,y_XLB,10,2025-04-23,0.021600357832558092,0.0007398348871486456
rf,y_XLB,11,2025-04-23,0.021600357832558092,0.002841916589605159
rf,y_XLB,12,2025-04-23,0.021600357832558092,0.001872101112845422
rf,y_XLB,10,2025-04-24,-0.007448283844024184,0.002068775823382386
rf,y_XLB,11,2025-04-24,-0.007448283844024184,0.0010085101320600782
rf,y_XLB,12,2025-04-24,-0.007448283844024184,0.0014171216482084896
rf,y_XLB,10,2025-04-28,0.008336316515050068,-0.00020067842013571832
rf,y_XLB,11,2025-04-28,0.008336316515050068,-0.001224612033802199
rf,y_XLB,12,2025-04-28,0.008336316515050068,-0.0011137827505835354
rf,y_XLB,10,2025-04-29,0.0051521835351713285,-0.0019856807394451966
rf,y_XLB,11,2025-04-29,0.0051521835351713285,-0.0020033981472542244
rf,y_XLB,12,2025-04-29,0.0051521835351713285,-0.003035420460465794
rf,y_XLB,10,2025-04-30,-0.004410599618881017,0.000669383065759647
rf,y_XLB,11,2025-04-30,-0.004410599618881017,0.0012462900665948305
rf,y_XLB,12,2025-04-30,-0.004410599618881017,0.0010096592869595707
rf,y_XLB,10,2025-05-01,0.01688222684015095,-0.0010978976320834203
rf,y_XLB,11,2025-05-01,0.01688222684015095,-0.002092576346227152
rf,y_XLB,12,2025-05-01,0.01688222684015095,-0.0031386850624712795
rf,y_XLB,11,2025-05-05,-0.007236118286974569,0.0013417351752315879
rf,y_XLB,12,2025-05-05,-0.007236118286974569,0.0006102306550130248
rf,y_XLB,13,2025-05-05,-0.007236118286974569,0.0007122670195225013
rf,y_XLB,11,2025-05-06,-0.005496419789998375,-0.0010973250787974101
rf,y_XLB,12,2025-05-06,-0.005496419789998375,-0.0015337796609149782
rf,y_XLB,13,2025-05-06,-0.005496419789998375,0.0007369050804602012
rf,y_XLB,11,2025-05-07,0.013336444872715347,0.004411792228465675
rf,y_XLB,12,2025-05-07,0.013336444872715347,0.0033621989723917204
rf,y_XLB,13,2025-05-07,0.013336444872715347,0.0030949993660810433
rf,y_XLB,11,2025-05-08,0.002608531167760386,-0.00033069243821488294
rf,y_XLB,12,2025-05-08,0.002608531167760386,-0.0003531732581037459
rf,y_XLB,13,2025-05-08,0.002608531167760386,-0.0004567436422270255
rf,y_XLB,11,2025-05-12,-0.004969963514753428,0.0002731383511656027
rf,y_XLB,12,2025-05-12,-0.004969963514753428,0.001036185659053345
rf,y_XLB,13,2025-05-12,-0.004969963514753428,0.001628877687451665
rf,y_XLB,11,2025-05-13,-0.00917645109396581,-0.0035777612059496636
rf,y_XLB,12,2025-05-13,-0.00917645109396581,-0.0022052384418740413
rf,y_XLB,13,2025-05-13,-0.00917645109396581,-0.0013392257850203954
rf,y_XLB,11,2025-05-14,0.010199303092865764,-0.0015428408844359632
rf,y_XLB,12,2025-05-14,0.010199303092865764,-0.003743350985397445
rf,y_XLB,13,2025-05-14,0.010199303092865764,-0.001717944377303767
rf,y_XLB,11,2025-05-15,0.010212444477118776,0.0012116049012083723
rf,y_XLB,12,2025-05-15,0.010212444477118776,-0.001913234822462841
rf,y_XLB,13,2025-05-15,0.010212444477118776,0.0007717043657225716
rf,y_XLB,11,2025-05-19,-0.0017187343732765203,-0.0011971994651150924
rf,y_XLB,12,2025-05-19,-0.0017187343732765203,0.0003346859448646609
rf,y_XLB,13,2025-05-19,-0.0017187343732765203,0.0011503853582428235
rf,y_XLB,11,2025-05-20,-0.013315034265416581,0.003014278050711098
rf,y_XLB,12,2025-05-20,-0.013315034265416581,0.003773037746897109
rf,y_XLB,13,2025-05-20,-0.013315034265416581,0.002611965306997389
rf,y_XLB,11,2025-05-21,-0.0010469743827774547,0.0026814599709501737
rf,y_XLB,12,2025-05-21,-0.0010469743827774547,0.0013195254357977813
rf,y_XLB,13,2025-05-21,-0.0010469743827774547,0.0005229599865775361
rf,y_XLB,11,2025-05-22,-0.0019797110060242318,0.006273679306974341
rf,y_XLB,12,2025-05-22,-0.0019797110060242318,0.005421685995176637
rf,y_XLB,13,2025-05-22,-0.0019797110060242318,0.007714063371988531
rf,y_XLB,12,2025-05-27,-0.013646700565680292,0.00017803112627216844
rf,y_XLB,13,2025-05-27,-0.013646700565680292,-0.0006341069039482838
rf,y_XLB,14,2025-05-27,-0.013646700565680292,-0.00034079209662771687
rf,y_XLB,12,2025-05-28,0.003720491335361009,0.0012575727746608866
rf,y_XLB,13,2025-05-28,0.003720491335361009,0.0010693936271019694
rf,y_XLB,14,2025-05-28,0.003720491335361009,0.0028399501355390274
rf,y_XLB,12,2025-05-29,0.00011572225940081893,-0.0018728336257511228
rf,y_XLB,13,2025-05-29,0.00011572225940081893,6.42323359688816e-05
rf,y_XLB,14,2025-05-29,0.00011572225940081893,-0.001496328768340712
rf,y_XLB,12,2025-06-02,0.01024751382693423,-0.002941329660326322
rf,y_XLB,13,2025-06-02,0.01024751382693423,-0.001473770794818626
rf,y_XLB,14,2025-06-02,0.01024751382693423,-0.0017851473326385102
rf,y_XLB,12,2025-06-03,0.003761084169517259,-0.00213000895636342
rf,y_XLB,13,2025-06-03,0.003761084169517259,-0.000966338464724965
rf,y_XLB,14,2025-06-03,0.003761084169517259,-0.0017225425934688657
rf,y_XLB,12,2025-06-04,-0.00590429682158633,0.0032828598905914035
rf,y_XLB,13,2025-06-04,-0.00590429682158633,0.002961556203170251
rf,y_XLB,14,2025-06-04,-0.00590429682158633,0.00220686159044657
rf,y_XLB,12,2025-06-05,0.002626999429363064,-0.003154746930224271
rf,y_XLB,13,2025-06-05,0.002626999429363064,-0.001302195800163571
rf,y_XLB,14,2025-06-05,0.002626999429363064,-0.0030726165295515166
rf,y_XLB,12,2025-06-09,0.0062236674812168324,0.0004047050446631358
rf,y_XLB,13,2025-06-09,0.0062236674812168324,0.00021094038918825404
rf,y_XLB,14,2025-06-09,0.0062236674812168324,-0.000432535920818683
rf,y_XLB,12,2025-06-10,-0.009896433603299282,-0.0015068556930112127
rf,y_XLB,13,2025-06-10,-0.009896433603299282,0.0013455119408237479
rf,y_XLB,14,2025-06-10,-0.009896433603299282,-0.00036134534504480285
rf,y_XLB,12,2025-06-11,0.0042026061506392764,0.0004579345091154171
rf,y_XLB,13,2025-06-11,0.0042026061506392764,0.000804079422586008
rf,y_XLB,14,2025-06-11,0.0042026061506392764,0.001905860442461201
rf,y_XLB,12,2025-06-12,-0.011650268571368305,-0.0034588426025507907
rf,y_XLB,13,2025-06-12,-0.011650268571368305,-0.0022192129982519524
rf,y_XLB,14,2025-06-12,-0.011650268571368305,-0.0017657104224809428
rf,y_XLB,13,2025-07-02,-0.0006561572512118197,-0.0023802864170499086
rf,y_XLB,14,2025-07-02,-0.0006561572512118197,-0.0019173251613738682
rf,y_XLB,15,2025-07-02,-0.0006561572512118197,-0.001934513908159588
rf,y_XLB,13,2025-07-07,0.00817774974280594,0.0006020913279474081
rf,y_XLB,14,2025-07-07,0.00817774974280594,-0.0017462336405636714
rf,y_XLB,15,2025-07-07,0.00817774974280594,-0.0017696598218817758
rf,y_XLB,13,2025-07-08,0.006028664280088192,0.0019824728142664024
rf,y_XLB,14,2025-07-08,0.006028664280088192,0.001541727564856619
rf,y_XLB,15,2025-07-08,0.006028664280088192,0.002104741875112342
rf,y_XLB,13,2025-07-09,0.005338798312418236,-0.00026499195706058504
rf,y_XLB,14,2025-07-09,0.005338798312418236,-0.0016822456788680587
rf,y_XLB,15,2025-07-09,0.005338798312418236,-0.0018163841740809982
rf,y_XLB,13,2025-07-10,-0.008128216315972936,0.000662905327241058
rf,y_XLB,14,2025-07-10,-0.008128216315972936,0.0017381047018464528
rf,y_XLB,15,2025-07-10,-0.008128216315972936,0.0023740015994370635
rf,y_XLB,13,2025-07-14,-0.02054717802042727,0.00014742021724903817
rf,y_XLB,14,2025-07-14,-0.02054717802042727,-0.001360846114120956
rf,y_XLB,15,2025-07-14,-0.02054717802042727,-0.0010749698099016861
rf,y_XLB,13,2025-07-15,0.002692314840146315,0.0008479787589644961
rf,y_XLB,14,2025-07-15,0.002692314840146315,-0.0009794274674590569
rf,y_XLB,15,2025-07-15,0.002692314840146315,-0.0013700366160140883
rf,y_XLB,13,2025-07-16,0.007048619474375739,-0.0015904984024864713
rf,y_XLB,14,2025-07-16,0.007048619474375739,-0.0016534311799876152
rf,y_XLB,15,2025-07-16,0.007048619474375739,-0.0018768611203393256
rf,y_XLB,13,2025-07-17,0.002333037658861059,0.00019677404338493595
rf,y_XLB,14,2025-07-17,0.002333037658861059,-0.0008321470067474551
rf,y_XLB,15,2025-07-17,0.002333037658861059,0.00010953792871674731
rf,y_XLB,13,2025-07-21,0.01378476046802346,-0.0012645491517180936
rf,y_XLB,14,2025-07-21,0.01378476046802346,-0.005565861098832591
rf,y_XLB,15,2025-07-21,0.01378476046802346,-0.0038066193696500218
rf,y_XLB,13,2025-07-22,0.0033720701201496173,-0.0017466364379311345
rf,y_XLB,14,2025-07-22,0.0033720701201496173,-0.0009983416147788184
rf,y_XLB,15,2025-07-22,0.0033720701201496173,-0.0011505234387535544
rf,y_XLB,13,2025-07-23,-0.010299150075573027,0.000656778804926946
rf,y_XLB,14,2025-07-23,-0.010299150075573027,-0.00032255692723234255
rf,y_XLB,15,2025-07-23,-0.010299150075573027,-0.00034859409188650695
rf,y_XLB,14,2025-07-24,0.011830377546582449,-0.0013145394571529672
rf,y_XLB,15,2025-07-24,0.011830377546582449,-0.0024138173474144865
rf,y_XLB,16,2025-07-24,0.011830377546582449,-0.0004159234593866014
rf,y_XLB,14,2025-07-28,-0.003844882553921569,-0.0005745484770526018
rf,y_XLB,15,2025-07-28,-0.003844882553921569,-0.0009606993442118877
rf,y_XLB,16,2025-07-28,-0.003844882553921569,0.00016990081457156266
rf,y_XLB,14,2025-07-29,-0.020180867572610617,0.00029297925040094414
rf,y_XLB,15,2025-07-29,-0.020180867572610617,0.0011683164737848176
rf,y_XLB,16,2025-07-29,-0.020180867572610617,-0.00015467822090260708
rf,y_XLB,14,2025-07-30,-0.012605433354915152,0.003510876214540364
rf,y_XLB,15,2025-07-30,-0.012605433354915152,0.003626400641712511
rf,y_XLB,16,2025-07-30,-0.012605433354915152,0.0028050141622310214
rf,y_XLB,14,2025-07-31,-0.011512698818938905,0.0013079753194845463
rf,y_XLB,15,2025-07-31,-0.011512698818938905,0.0005676394127473977
rf,y_XLB,16,2025-07-31,-0.011512698818938905,0.0008175733577922515
rf,y_XLB,14,2025-08-04,0.007055838413627669,-0.0011919924153875826
rf,y_XLB,15,2025-08-04,0.007055838413627669,-0.0023679059906511453
rf,y_XLB,16,2025-08-04,0.007055838413627669,-0.0011104778857825228
rf,y_XLB,14,2025-08-05,-0.010848625834342207,-0.0033188948785896834
rf,y_XLB,15,2025-08-05,-0.010848625834342207,-0.0034179693502897892
rf,y_XLB,16,2025-08-05,-0.010848625834342207,-0.00206268917737704
rf,y_XLB,14,2025-08-06,0.004341409545238317,0.0007183485742555757
rf,y_XLB,15,2025-08-06,0.004341409545238317,0.0015273424606374218
rf,y_XLB,16,2025-08-06,0.004341409545238317,0.0005954978017197919
rf,y_XLB,14,2025-08-07,0.005004985878530155,0.000776715579728592
rf,y_XLB,15,2025-08-07,0.005004985878530155,-0.0008124737865220906
rf,y_XLB,16,2025-08-07,0.005004985878530155,-0.00010936853451417501
rf,y_XLB,14,2025-08-11,0.013045994141797967,0.0022610771368541025
rf,y_XLB,15,2025-08-11,0.013045994141797967,0.0033809698236101915
rf,y_XLB,16,2025-08-11,0.013045994141797967,0.0014600890297387084
rf,y_XLB,14,2025-08-12,0.018812953417544964,-0.004404648220962217
rf,y_XLB,15,2025-08-12,0.018812953417544964,-0.0037074733104088932
rf,y_XLB,16,2025-08-12,0.018812953417544964,-0.0038611808924911783
rf,y_XLB,15,2025-08-13,-0.010441869241448298,-0.0033862728109912486
rf,y_XLB,16,2025-08-13,-0.010441869241448298,-0.003975088838027752
rf,y_XLB,17,2025-08-13,-0.010441869241448298,-0.003418220039469503
rf,y_XLB,15,2025-08-14,0.0,0.0031791875830094463
rf,y_XLB,16,2025-08-14,0.0,0.002294196578683742
rf,y_XLB,17,2025-08-14,0.0,0.0027595953108757445
rf,y_XLB,15,2025-08-18,0.006032861677516488,-0.0033670098601536794
rf,y_XLB,16,2025-08-18,0.006032861677516488,-0.0021168521283834074
rf,y_XLB,17,2025-08-18,0.006032861677516488,-0.0016706965028578473
rf,y_XLB,15,2025-08-19,0.0007772766873981318,0.0008834409471828194
rf,y_XLB,16,2025-08-19,0.0007772766873981318,0.0017687982800361295
rf,y_XLB,17,2025-08-19,0.0007772766873981318,0.0021704029002810638
rf,y_XLB,15,2025-08-20,0.0029960562727116002,-0.0012764315145569203
rf,y_XLB,16,2025-08-20,0.0029960562727116002,-0.0018871323138858753
rf,y_XLB,17,2025-08-20,0.0029960562727116002,-0.00018251638563398788
rf,y_XLB,15,2025-08-21,0.01980302928527311,-0.0018695376180700347
rf,y_XLB,16,2025-08-21,0.01980302928527311,-0.0026815814018990264
rf,y_XLB,17,2025-08-21,0.01980302928527311,-0.00260523431671874
rf,y_XLB,15,2025-08-25,0.0027271949397194017,-0.0005260681385709305
rf,y_XLB,16,2025-08-25,0.0027271949397194017,0.000792428950702842
rf,y_XLB,17,2025-08-25,0.0027271949397194017,-0.00021794793354478297
rf,y_XLB,15,2025-08-26,0.0025021685460733245,-0.0011497563314774065
rf,y_XLB,16,2025-08-26,0.0025021685460733245,-0.0005436924514969706
rf,y_XLB,17,2025-08-26,0.0025021685460733245,0.0005111472462504392
rf,y_XLB,15,2025-08-27,0.0,-0.0013460855810863176
rf,y_XLB,16,2025-08-27,0.0,0.00020897832754438923
rf,y_XLB,17,2025-08-27,0.0,0.0017874652641997123
rf,y_XLB,15,2025-08-28,0.00141067746800827,0.0022565558379715736
rf,y_XLB,16,2025-08-28,0.00141067746800827,0.0006690227836827434
rf,y_XLB,17,2025-08-28,0.00141067746800827,9.203141056194168e-05
rf,y_XLB,15,2025-09-02,-0.006769260381853215,0.0037325727282621363
rf,y_XLB,16,2025-09-02,-0.006769260381853215,0.003225191046048259
rf,y_XLB,17,2025-09-02,-0.006769260381853215,0.0020823016892533453
rf,y_XLB,16,2025-09-03,0.003847418484176357,-0.0006393310111045584
rf,y_XLB,17,2025-09-03,0.003847418484176357,-0.0011991423683042856
rf,y_XLB,18,2025-09-03,0.003847418484176357,-0.000996980176213693
rf,y_XLB,16,2025-09-04,0.00700831318024564,-0.0004107748341492125
rf,y_XLB,17,2025-09-04,0.00700831318024564,0.0001765881696985494
rf,y_XLB,18,2025-09-04,0.00700831318024564,-0.000741402092407408
rf,y_XLB,16,2025-09-08,-0.016297305718619315,-0.005443948106524188
rf,y_XLB,17,2025-09-08,-0.016297305718619315,-0.0032150978118375743
rf,y_XLB,18,2025-09-08,-0.016297305718619315,-0.002311349469410472
rf,y_XLB,16,2025-09-09,0.00187761407954401,0.0017002771173523481
rf,y_XLB,17,2025-09-09,0.00187761407954401,0.003798460554176334
rf,y_XLB,18,2025-09-09,0.00187761407954401,0.0036844847869876344
rf,y_XLB,16,2025-09-10,0.02094590037522681,-0.0004024293738071366
rf,y_XLB,17,2025-09-10,0.02094590037522681,-3.993073464000814e-05
rf,y_XLB,18,2025-09-10,0.02094590037522681,-0.002629727551371274
rf,y_XLB,16,2025-09-11,-0.01004209763676489,0.0025061347653528706
rf,y_XLB,17,2025-09-11,-0.01004209763676489,0.0027825841706124676
rf,y_XLB,18,2025-09-11,-0.01004209763676489,0.001990443920173103
rf,y_XLB,16,2025-09-15,-0.00307893308728302,0.002214476713041493
rf,y_XLB,17,2025-09-15,-0.00307893308728302,0.0025026693914306565
rf,y_XLB,18,2025-09-15,-0.00307893308728302,0.0016051319032912015
rf,y_XLB,16,2025-09-16,0.002316310398171817,0.0015500159630947993
rf,y_XLB,17,2025-09-16,0.002316310398171817,0.0009517276222064534
rf,y_XLB,18,2025-09-16,0.002316310398171817,0.0010008157246441107
rf,y_XLB,16,2025-09-17,0.0,0.004565092260345206
rf,y_XLB,17,2025-09-17,0.0,0.0034486333958034356
rf,y_XLB,18,2025-09-17,0.0,0.0059639922277896044
rf,y_XLB,16,2025-09-18,-0.00044016219268772083,0.0021392978987358063
rf,y_XLB,17,2025-09-18,-0.00044016219268772083,0.001746967257843295
rf,y_XLB,18,2025-09-18,-0.00044016219268772083,0.0011018579995227605
rf,y_XLB,16,2025-09-22,-0.0032090570492713244,0.00031991285835517394
rf,y_XLB,17,2025-09-22,-0.0032090570492713244,0.0014594264247672101
rf,y_XLB,18,2025-09-22,-0.0032090570492713244,0.002136616323590119
rf,y_XLB,17,2025-09-23,-0.012211387538798246,-0.00034067515796232885
rf,y_XLB,18,2025-09-23,-0.012211387538798246,-0.0016554103755508495
rf,y_XLB,19,2025-09-23,-0.012211387538798246,-0.0006400024627229282
rf,y_XLB,17,2025-09-24,-0.013036663618001487,0.0007044886528819988
rf,y_XLB,18,2025-09-24,-0.013036663618001487,0.0004559768916271819
rf,y_XLB,19,2025-09-24,-0.013036663618001487,0.003421310686350328
rf,y_XLB,17,2025-09-25,0.011614679448661791,1.1855030928691519e-05
rf,y_XLB,18,2025-09-25,0.011614679448661791,-0.00030650163039962485
rf,y_XLB,19,2025-09-25,0.011614679448661791,-0.0018307304361830433
rf,y_XLB,17,2025-09-29,0.004933884095687846,-0.002173784186219746
rf,y_XLB,18,2025-09-29,0.004933884095687846,-0.0021654547649445936
rf,y_XLB,19,2025-09-29,0.004933884095687846,-0.001979270604519897
rf,y_XLB,17,2025-09-30,-0.0104888199461457,0.0014159688918446405
rf,y_XLB,18,2025-09-30,-0.0104888199461457,0.0018317290789896328
rf,y_XLB,19,2025-09-30,-0.0104888199461457,0.00287922784674108
rf,y_XLB,17,2025-10-01,0.011614808731960524,0.0008851785852784094
rf,y_XLB,18,2025-10-01,0.011614808731960524,0.0007364639120669564
rf,y_XLB,19,2025-10-01,0.011614808731960524,0.0014036309501403313
rf,y_XLB,17,2025-10-02,0.0016720688338422995,-0.001305889739716933
rf,y_XLB,18,2025-10-02,0.0016720688338422995,-0.0005167410974815591
rf,y_XLB,19,2025-10-02,0.0016720688338422995,-0.0009166141959192372
rf,y_XLB,17,2025-10-06,-0.004009836330787886,0.00039198107320422004
rf,y_XLB,18,2025-10-06,-0.004009836330787886,0.0006826803362949515
rf,y_XLB,19,2025-10-06,-0.004009836330787886,-0.0028898325695026327
rf,y_XLB,17,2025-10-07,0.005367973134748905,-0.0001862011921452106
rf,y_XLB,18,2025-10-07,0.005367973134748905,0.000673563566858527
rf,y_XLB,19,2025-10-07,0.005367973134748905,-0.0005475711611955976
rf,y_XLB,17,2025-10-08,-0.013681901317758705,0.0011177667168734593
rf,y_XLB,18,2025-10-08,-0.013681901317758705,0.0014764891381554319
rf,y_XLB,19,2025-10-08,-0.013681901317758705,0.0005070644332368137
rf,y_XLB,17,2025-10-09,-0.020525548697734597,0.002541408464863895
rf,y_XLB,18,2025-10-09,-0.020525548697734597,0.0028133680635289465
rf,y_XLB,19,2025-10-09,-0.020525548697734597,0.00449870281538096
rf,y_XLB,18,2025-10-13,0.009973930675745146,0.0008393017339567941
rf,y_XLB,19,2025-10-13,0.009973930675745146,0.001582171099809749
rf,y_XLB,20,2025-10-13,0.009973930675745146,0.0007975795298927705
rf,y_XLB,18,2025-10-14,-0.004488872656121745,0.001227884542181921
rf,y_XLB,19,2025-10-14,-0.004488872656121745,0.0015588127587772274
rf,y_XLB,20,2025-10-14,-0.004488872656121745,0.0015688769916402704
rf,y_XLB,18,2025-10-15,-0.007439950814700724,-0.0014442265189887457
rf,y_XLB,19,2025-10-15,-0.007439950814700724,-0.002068809084012746
rf,y_XLB,20,2025-10-15,-0.007439950814700724,-0.0022601795456934767
rf,y_XLB,18,2025-10-16,-0.001930737828743867,0.006310333843900524
rf,y_XLB,19,2025-10-16,-0.001930737828743867,0.0035830477545864205
rf,y_XLB,20,2025-10-16,-0.001930737828743867,0.004219704327371509
rf,y_XLB,18,2025-10-20,-0.0038232647245189932,0.002852612546118403
rf,y_XLB,19,2025-10-20,-0.0038232647245189932,0.0017086196519565887
rf,y_XLB,20,2025-10-20,-0.0038232647245189932,0.0015214512133871565
rf,y_XLB,18,2025-10-21,-0.0030476878707788035,-0.004365279708705288
rf,y_XLB,19,2025-10-21,-0.0030476878707788035,-0.004796090012914592
rf,y_XLB,20,2025-10-21,-0.0030476878707788035,-0.006316984206183545
rf,y_XLB,18,2025-10-22,0.012001741104257002,-0.003173761206384944
rf,y_XLB,19,2025-10-22,0.012001741104257002,-0.00197882921554704
rf,y_XLB,20,2025-10-22,0.012001741104257002,-0.0027291107217473918
rf,y_XLB,18,2025-10-23,-0.0041395786256104294,0.000649596534126512
rf,y_XLB,19,2025-10-23,-0.0041395786256104294,-0.0004507844386438892
rf,y_XLB,20,2025-10-23,-0.0041395786256104294,-0.0013435149504473008
rf,y_XLB,18,2025-10-27,0.001348694678694029,0.00018091126037443245
rf,y_XLB,19,2025-10-27,0.001348694678694029,0.0008650626208191532
rf,y_XLB,20,2025-10-27,0.001348694678694029,0.001064715090070135
rf,y_XLB,18,2025-10-28,-0.01964305620055029,-0.0005411223518272566
rf,y_XLB,19,2025-10-28,-0.01964305620055029,0.0017895544071027474
rf,y_XLB,20,2025-10-28,-0.01964305620055029,0.0007403082891133894
rf,y_XLB,18,2025-10-29,-0.013395864812801972,-0.002609976596116785
rf,y_XLB,19,2025-10-29,-0.013395864812801972,-0.0033424644287155044
rf,y_XLB,20,2025-10-29,-0.013395864812801972,-0.00267200142305493
rf,y_XLB,18,2025-10-30,-0.0058025335534617195,-0.001754095232386632
rf,y_XLB,19,2025-10-30,-0.0058025335534617195,-0.00022685290063467292
rf,y_XLB,20,2025-10-30,-0.0058025335534617195,-0.00029743591785047024
rf,y_XLB,19,2025-11-03,-0.004933004028044974,0.0010066408395264976
rf,y_XLB,20,2025-11-03,-0.004933004028044974,0.00017807466877942934
rf,y_XLB,21,2025-11-03,-0.004933004028044974,0.001980977649298765
rf,y_XLB,19,2025-11-04,0.005901754377707125,-0.002249405660273555
rf,y_XLB,20,2025-11-04,0.005901754377707125,-0.003966385558945944
rf,y_XLB,21,2025-11-04,0.005901754377707125,-0.0019495063117164692
rf,y_XLB,19,2025-11-05,-0.004928373146427023,0.0009712105685975497
rf,y_XLB,20,2025-11-05,-0.004928373146427023,1.9453374312580763e-05
rf,y_XLB,21,2025-11-05,-0.004928373146427023,0.0005265229978599369
rf,y_XLB,19,2025-11-06,0.012028224356960049,-0.0035356271008155703
rf,y_XLB,20,2025-11-06,0.012028224356960049,-0.0032024065575518095
rf,y_XLB,21,2025-11-06,0.012028224356960049,-0.003166042853744521
rf,y_XLB,19,2025-11-10,0.010389012339624415,-0.003297059079053183
rf,y_XLB,20,2025-11-10,0.010389012339624415,-0.002996847186014178
rf,y_XLB,21,2025-11-10,0.010389012339624415,-0.0035671029722498925
rf,y_XLB,19,2025-11-11,0.00708334716890846,-0.002980704732130876
rf,y_XLB,20,2025-11-11,0.00708334716890846,-0.0019088721664692785
rf,y_XLB,21,2025-11-11,0.00708334716890846,-0.0008101311830070383
rf,y_XLB,19,2025-11-12,-0.006579750372803561,-0.0023899216571414785
rf,y_XLB,20,2025-11-12,-0.006579750372803561,-0.00047466691019518723
rf,y_XLB,21,2025-11-12,-0.006579750372803561,-0.0022014328985002227
rf,y_XLB,19,2025-11-13,-0.009135540333595982,0.001820924377043979
rf,y_XLB,20,2025-11-13,-0.009135540333595982,0.002397345173652766
rf,y_XLB,21,2025-11-13,-0.009135540333595982,0.0021256275719271256
rf,y_XLB,19,2025-11-17,0.0008191996415913838,-0.0035610654694435326
rf,y_XLB,20,2025-11-17,0.0008191996415913838,-0.002942810437364347
rf,y_XLB,21,2025-11-17,0.0008191996415913838,-0.001369081924621604
rf,y_XLB,19,2025-11-18,0.0025725200375077417,-0.004454157741983587
rf,y_XLB,20,2025-11-18,0.0025725200375077417,-0.005172193830092908
rf,y_XLB,21,2025-11-18,0.0025725200375077417,-0.003946980842336462
rf,y_XLB,19,2025-11-19,-0.014928805313656368,-0.00203701517755235
rf,y_XLB,20,2025-11-19,-0.014928805313656368,-0.0016949178808147733
rf,y_XLB,21,2025-11-19,-0.014928805313656368,-0.0013660247563340073
rf,y_XLB,19,2025-11-20,0.022377468211935314,0.001905312273780002
rf,y_XLB,20,2025-11-20,0.022377468211935314,0.0004933660242177932
rf,y_XLB,21,2025-11-20,0.022377468211935314,6.804532507042234e-05
rf,y_XLB,20,2025-11-24,0.014909888309899477,-0.0031421461638122873
rf,y_XLB,21,2025-11-24,0.014909888309899477,-0.0024522752019966528
rf,y_XLB,22,2025-11-24,0.014909888309899477,-0.0035458798607984326
rf,y_XLB,20,2025-11-25,0.012299301548209352,-0.000377721557121527
rf,y_XLB,21,2025-11-25,0.012299301548209352,-1.6916283404068885e-05
rf,y_XLB,22,2025-11-25,0.012299301548209352,0.0005346845387815565
rf,y_XLB,20,2025-12-01,-0.009082746093119876,0.00447892570539792
rf,y_XLB,21,2025-12-01,-0.009082746093119876,0.0025239800611049365
rf,y_XLB,22,2025-12-01,-0.009082746093119876,0.001884496678806452
rf,y_XLB,20,2025-12-02,0.007015929136573007,0.0021676574909660186
rf,y_XLB,21,2025-12-02,0.007015929136573007,0.0008609088126265846
rf,y_XLB,22,2025-12-02,0.007015929136573007,0.0028404927658829396
rf,y_XLB,20,2025-12-03,-0.005843317365545997,0.00041015358545087123
rf,y_XLB,21,2025-12-03,-0.005843317365545997,0.0013227339031086582
rf,y_XLB,22,2025-12-03,-0.005843317365545997,0.00021139075741553233
rf,y_XLB,20,2025-12-04,-0.0032779754566182318,0.0016468723988816547
rf,y_XLB,21,2025-12-04,-0.0032779754566182318,0.0029475355204547507
rf,y_XLB,22,2025-12-04,-0.0032779754566182318,3.394243758586731e-05
rf,y_XLB,20,2025-12-08,-0.002069935092296027,0.0007155346121657608
rf,y_XLB,21,2025-12-08,-0.002069935092296027,0.0008376004981210966
rf,y_XLB,22,2025-12-08,-0.002069935092296027,0.0007867768265473668
rf,y_XLB,20,2025-12-09,0.019589848510261687,-0.0040797615217927664
rf,y_XLB,21,2025-12-09,0.019589848510261687,-0.002731824453803456
rf,y_XLB,22,2025-12-09,0.019589848510261687,-0.003337634591274402
rf,y_XLB,20,2025-12-10,0.019891411567286355,0.0007465861620884565
rf,y_XLB,21,2025-12-10,0.019891411567286355,0.001008505420999405
rf,y_XLB,22,2025-12-10,0.019891411567286355,0.0005098535331590354
rf,y_XLB,20,2025-12-11,0.0006649843624570995,-0.0002459491132734535
rf,y_XLB,21,2025-12-11,0.0006649843624570995,-0.0019095771682147906
rf,y_XLB,22,2025-12-11,0.0006649843624570995,-0.000806545245454407
rf,y_XLB,21,2025-12-15,-0.0026595125396929875,-0.0001918872510985418
rf,y_XLB,22,2025-12-15,-0.0026595125396929875,0.0008848983015719024
rf,y_XLB,23,2025-12-15,-0.0026595125396929875,5.888955877420277e-05
rf,y_XLB,21,2025-12-16,0.004222173350333147,-0.0008681197957698811
rf,y_XLB,22,2025-12-16,0.004222173350333147,-0.0005061263052072153
rf,y_XLB,23,2025-12-16,0.004222173350333147,-0.0009720006945577869
rf,y_XLB,21,2025-12-17,-0.0004425796214825306,0.0029135505736763868
rf,y_XLB,22,2025-12-17,-0.0004425796214825306,0.0035427923477601275
rf,y_XLB,23,2025-12-17,-0.0004425796214825306,0.004773986614635521
rf,y_XLB,21,2025-12-18,0.004427755849331971,-0.0002642455913821821
rf,y_XLB,22,2025-12-18,0.004427755849331971,-0.0006485141466054935
rf,y_XLB,23,2025-12-18,0.004427755849331971,3.1877512658505985e-05
rf,y_XLB,21,2025-12-23,0.0019672164500086353,0.0015216656616238204
rf,y_XLB,22,2025-12-23,0.0019672164500086353,0.0032346419906226333
rf,y_XLB,23,2025-12-23,0.0019672164500086353,0.004076163352694769
rf,y_XLB,21,2025-12-29,-0.00021867371804618063,-0.004936885395118583
rf,y_XLB,22,2025-12-29,-0.00021867371804618063,-0.0038588241336300687
rf,y_XLB,23,2025-12-29,-0.00021867371804618063,-0.0031026458377418427
rf,y_XLB,21,2025-12-30,-0.008309667000199084,0.0039008949624442244
rf,y_XLB,22,2025-12-30,-0.008309667000199084,0.005408976998052502
rf,y_XLB,23,2025-12-30,-0.008309667000199084,0.002011180639661882
rf,y_XLB,22,2026-01-05,0.019750925993565538,-0.002703905639876494
rf,y_XLB,23,2026-01-05,0.019750925993565538,-0.002273054471684908
rf,y_XLB,24,2026-01-05,0.019750925993565538,-0.0025628324881519448
rf,y_XLB,22,2026-01-06,-0.017263151469983584,0.001928804216922823
rf,y_XLB,23,2026-01-06,-0.017263151469983584,0.003513779226752356
rf,y_XLB,24,2026-01-06,-0.017263151469983584,0.0029523193132820857
rf,y_XLB,22,2026-01-07,0.017566402944802384,-0.002890443792941948
rf,y_XLB,23,2026-01-07,0.017566402944802384,-0.003355512053868101
rf,y_XLB,24,2026-01-07,0.017566402944802384,-0.0023868434193816206
rf,y_XLB,22,2026-01-08,0.01599996466385689,0.0021990131823818454
rf,y_XLB,23,2026-01-08,0.01599996466385689,-0.0007132632058651371
rf,y_XLB,24,2026-01-08,0.01599996466385689,0.0012356428287201922
rf,y_XLB,22,2026-01-12,0.004328093208809003,-0.0012120440301778169
rf,y_XLB,23,2026-01-12,0.004328093208809003,-0.000298583512793991
rf,y_XLB,24,2026-01-12,0.004328093208809003,-0.0009598900450441326
rf,y_XLB,22,2026-01-13,0.0004104341873907291,-0.002107695993996959
rf,y_XLB,23,2026-01-13,0.0004104341873907291,-0.0021803229337960944
rf,y_XLB,24,2026-01-13,0.0004104341873907291,-0.0007967380654813579
rf,y_XLB,22,2026-01-14,0.0043076735276441624,0.0007736855537554627
rf,y_XLB,23,2026-01-14,0.0043076735276441624,0.0007234018425421077
rf,y_XLB,24,2026-01-14,0.0043076735276441624,1.5863275098781937e-06
rf,y_XLB,22,2026-01-15,-0.005718929422645291,-0.0007690539776747366
rf,y_XLB,23,2026-01-15,-0.005718929422645291,0.0007238853126784276
rf,y_XLB,24,2026-01-15,-0.005718929422645291,-0.001081271047630289
rf,y_XLB,22,2026-01-21,0.005686408808944554,-0.001712392859277803
rf,y_XLB,23,2026-01-21,0.005686408808944554,-0.001047706661809732
rf,y_XLB,24,2026-01-21,0.005686408808944554,-0.0021573683037808627
rf,y_XLB,22,2026-01-22,0.009087252802496781,-0.001992277283029319
rf,y_XLB,23,2026-01-22,0.009087252802496781,-0.003391962374273282
rf,y_XLB,24,2026-01-22,0.009087252802496781,-0.0013091162083133554
rf,y_XLB,23,2026-01-26,-0.0009993851345294624,0.00093432184833148
rf,y_XLB,24,2026-01-26,-0.0009993851345294624,1.3567012305202668e-05
rf,y_XLB,23,2026-01-27,-0.0006002156777037415,0.0026902475320559984
rf,y_XLB,24,2026-01-27,-0.0006002156777037415,0.0034261387018350306
rf,y_XLB,23,2026-01-28,0.0010009857116488607,-0.0011771675576410345
rf,y_XLB,24,2026-01-28,0.0010009857116488607,0.00038075347286131435
rf,y_XLB,23,2026-01-29,-0.014599990844726518,0.0017246804879518195
rf,y_XLB,24,2026-01-29,-0.014599990844726518,0.0006670860026455977
rf,y_XLB,23,2026-02-02,0.021148020237486964,-0.0006414783516244018
rf,y_XLB,24,2026-02-02,0.021148020237486964,-0.0007133325092335117
rf,y_XLB,23,2026-02-03,0.02347137295466961,0.0005965269820323397
rf,y_XLB,24,2026-02-03,0.02347137295466961,-0.002056916515458951
rf,y_XLB,23,2026-02-04,-0.02678742351123886,0.003781144681050137
rf,y_XLB,24,2026-02-04,-0.02678742351123886,0.0014692227271779572
rf,y_XLB,23,2026-02-05,0.019999966763033727,0.0012782789191691291
rf,y_XLB,24,2026-02-05,0.019999966763033727,0.00042915847837800834
rf,y_XLB,23,2026-02-09,0.013990025641374304,0.000629876632721583
rf,y_XLB,24,2026-02-09,0.013990025641374304,0.00018933809576170135
rf,y_XLB,23,2026-02-10,0.01341899615422859,-0.0007359986116779774
rf,y_XLB,24,2026-02-10,0.01341899615422859,-0.0003261990684363077
rf,y_XLB,23,2026-02-11,-0.014733254691661535,0.002916708449656788
rf,y_XLB,24,2026-02-11,-0.014733254691661535,0.0014929380000674572
rf,y_XLB,23,2026-02-12,0.009085737755060386,-0.0004897533484134732
rf,y_XLB,24,2026-02-12,0.009085737755060386,0.0013917855399278737
rf,y_XLB,24,2026-02-17,0.006072100383141876,8.469315081808445e-05
rf,y_XLB,24,2026-02-18,-0.0035835274437678866,-0.002547447487197077
rf,y_XLB,24,2026-02-19,0.002460670999665737,0.0013658173765520967
rf,y_XLB,24,2026-02-23,0.007552899033115512,0.0001523941638304734
rf,y_XLB,24,2026-02-24,-0.005622174543272962,0.0013999753897790837
rf,y_XLB,24,2026-02-25,-0.0011308211786292821,0.00011131974626829763
rf,y_XLB,24,2026-02-26,0.007735846177586936,0.0017087668697451837
rf,y_XLB,24,2026-03-02,-0.024600964756638977,-0.0002614749582148264
rf,y_XLB,24,2026-03-03,-0.0003850685077488869,-0.0022775681131891007
rf,y_XLB,24,2026-03-04,-0.02099376687849308,-0.0017843580161924601
rf,y_XLB,24,2026-03-05,-0.019083241899678693,0.0006332471818033934
rf,y_XLC,0,2024-08-05,0.011784736536268436,0.0035120610743784486
rf,y_XLC,0,2024-08-06,-0.005283311494377663,-0.005531415038381512
rf,y_XLC,0,2024-08-07,0.01991788361026381,-0.003917149245385899
rf,y_XLC,0,2024-08-08,0.008521689065428495,-0.0019174986637492675
rf,y_XLC,0,2024-08-12,0.012999300968778105,0.0013812157752033946
rf,y_XLC,0,2024-08-13,-0.0057163533474250405,0.0022145610601413566
rf,y_XLC,0,2024-08-14,0.009034394169033177,-0.005542062676605907
rf,y_XLC,0,2024-08-15,0.0030232402109731105,0.0018528884776321502
rf,y_XLC,0,2024-08-19,-0.0006878296610807189,-0.001278312609195247
rf,y_XLC,0,2024-08-20,0.00424410521889107,-0.0011319182094672706
rf,y_XLC,0,2024-08-21,-0.007538626713751606,-0.005878017786982867
rf,y_XLC,0,2024-08-22,0.007020403858674973,-0.002763896403822296
rf,y_XLC,0,2024-08-26,-0.0022805037297490838,0.0024965547530535165
rf,y_XLC,1,2024-08-26,-0.0022805037297490838,0.0005332254872749381
rf,y_XLC,0,2024-08-27,-0.006628612812312418,-0.0008252076865991637
rf,y_XLC,1,2024-08-27,-0.006628612812312418,-0.00019324006117476996
rf,y_XLC,0,2024-08-28,-0.002070818083036108,0.0022505833997024595
rf,y_XLC,1,2024-08-28,-0.002070818083036108,0.005217271592377727
rf,y_XLC,0,2024-08-29,0.006686601906978895,-0.0023649088384453416
rf,y_XLC,1,2024-08-29,0.006686601906978895,-0.0012724400929400924
rf,y_XLC,0,2024-09-03,-0.004783135878855149,-0.00016232021795365795
rf,y_XLC,1,2024-09-03,-0.004783135878855149,0.000546751379642622
rf,y_XLC,0,2024-09-04,0.002930445878009058,0.0033233667182278703
rf,y_XLC,1,2024-09-04,0.002930445878009058,0.0039658558210273484
rf,y_XLC,0,2024-09-05,-0.02092098325662395,-0.0008161240172827489
rf,y_XLC,1,2024-09-05,-0.02092098325662395,-0.0010586009541968802
rf,y_XLC,0,2024-09-09,-0.00023769062557399412,-0.0028960590157660624
rf,y_XLC,1,2024-09-09,-0.00023769062557399412,-0.0005668774914059816
rf,y_XLC,0,2024-09-10,0.0041611750155921,-0.001756327079676287
rf,y_XLC,1,2024-09-10,0.0041611750155921,-0.0041761547364211355
rf,y_XLC,0,2024-09-11,0.01870713459773099,0.0003407523465715406
rf,y_XLC,1,2024-09-11,0.01870713459773099,0.00013083977006562625
rf,y_XLC,0,2024-09-12,0.009646765729539819,-0.0006613041114959583
rf,y_XLC,1,2024-09-12,0.009646765729539819,-0.00035155479144513096
rf,y_XLC,2,2024-09-12,0.009646765729539819,-0.0001012634862448745
rf,y_XLC,0,2024-09-16,0.0,-0.003365280529774079
rf,y_XLC,1,2024-09-16,0.0,-0.0034193892113357103
rf,y_XLC,2,2024-09-16,0.0,-0.003941191274486074
rf,y_XLC,0,2024-09-17,-0.0007974576900214858,0.0022850294349220745
rf,y_XLC,1,2024-09-17,-0.0007974576900214858,0.002354298943153271
rf,y_XLC,2,2024-09-17,-0.0007974576900214858,0.001079253473336056
rf,y_XLC,0,2024-09-18,0.013567511778174834,0.0023859579859086175
rf,y_XLC,1,2024-09-18,0.013567511778174834,0.00023115266200682364
rf,y_XLC,2,2024-09-18,0.013567511778174834,0.002056865940239187
rf,y_XLC,0,2024-09-19,0.0,-0.0009077683181345016
rf,y_XLC,1,2024-09-19,0.0,-0.002588045269671819
rf,y_XLC,2,2024-09-19,0.0,-0.002335233050867593
rf,y_XLC,0,2024-09-23,0.004728088911464923,0.000643371996554624
rf,y_XLC,1,2024-09-23,0.004728088911464923,0.00023899949056491916
rf,y_XLC,2,2024-09-23,0.004728088911464923,-0.0008518660259337479
rf,y_XLC,0,2024-09-24,-0.0031372551060746545,-0.0016641549765020061
rf,y_XLC,1,2024-09-24,-0.0031372551060746545,-0.00362035727645167
rf,y_XLC,2,2024-09-24,-0.0031372551060746545,0.0003796089576807308
rf,y_XLC,0,2024-09-25,0.005619841154641536,-0.0017462550824036195
rf,y_XLC,1,2024-09-25,0.005619841154641536,-0.0034003779740281173
rf,y_XLC,2,2024-09-25,0.005619841154641536,-0.002060319317894375
rf,y_XLC,0,2024-09-26,0.0060357348316131265,-0.0025663033543294566
rf,y_XLC,1,2024-09-26,0.0060357348316131265,0.0028268445905857142
rf,y_XLC,2,2024-09-26,0.0060357348316131265,-0.0008107579761133928
rf,y_XLC,0,2024-09-30,0.0007744004883809552,-0.0012354018058901156
rf,y_XLC,1,2024-09-30,0.0007744004883809552,0.0010486765077548283
rf,y_XLC,2,2024-09-30,0.0007744004883809552,0.0006509789630602882
rf,y_XLC,0,2024-10-01,-0.0030949482895885616,-0.0009292222756367356
rf,y_XLC,1,2024-10-01,-0.0030949482895885616,0.0007392412280810399
rf,y_XLC,2,2024-10-01,-0.0030949482895885616,-0.00022961735272431598
rf,y_XLC,0,2024-10-02,-0.0034373748283759165,-0.000715077543479233
rf,y_XLC,1,2024-10-02,-0.0034373748283759165,-0.0010390494093393857
rf,y_XLC,2,2024-10-02,-0.0034373748283759165,-0.001014339418475399
rf,y_XLC,0,2024-10-03,0.011126057415631552,0.002544934789028534
rf,y_XLC,1,2024-10-03,0.011126057415631552,0.003935486216728827
rf,y_XLC,2,2024-10-03,0.011126057415631552,0.003512078960853024
rf,y_XLC,1,2024-10-07,0.008810981241044846,-0.001993898204303151
rf,y_XLC,2,2024-10-07,0.008810981241044846,-0.003515476168098976
rf,y_XLC,3,2024-10-07,0.008810981241044846,-0.0014627448851426814
rf,y_XLC,1,2024-10-08,0.0003318614844232126,-0.00647559177217539
rf,y_XLC,2,2024-10-08,0.0003318614844232126,-0.0039314603968885024
rf,y_XLC,3,2024-10-08,0.0003318614844232126,-0.004866558485401067
rf,y_XLC,1,2024-10-09,-0.007405064081841051,-0.0030511181704337633
rf,y_XLC,2,2024-10-09,-0.007405064081841051,-0.003668516734546275
rf,y_XLC,3,2024-10-09,-0.007405064081841051,-0.003990645524007898
rf,y_XLC,1,2024-10-10,0.006903494100779728,-0.002651227128222696
rf,y_XLC,2,2024-10-10,0.006903494100779728,-0.0024039673938987638
rf,y_XLC,3,2024-10-10,0.006903494100779728,-0.0013959303037519753
rf,y_XLC,1,2024-10-14,0.0022015041438523397,0.004428896412969538
rf,y_XLC,2,2024-10-14,0.0022015041438523397,0.0036443221221921064
rf,y_XLC,3,2024-10-14,0.0022015041438523397,0.004324224163037143
rf,y_XLC,1,2024-10-15,-0.0006590939876870427,0.002102091092556916
rf,y_XLC,2,2024-10-15,-0.0006590939876870427,-0.0009575556637352452
rf,y_XLC,3,2024-10-15,-0.0006590939876870427,0.0024318152763007214
rf,y_XLC,1,2024-10-16,-0.00472570039716369,-0.0006351277671222298
rf,y_XLC,2,2024-10-16,-0.00472570039716369,-0.0027693268198745245
rf,y_XLC,3,2024-10-16,-0.00472570039716369,-0.0020811469873709206
rf,y_XLC,1,2024-10-17,0.0073984375547693215,-0.0013972557690168604
rf,y_XLC,2,2024-10-17,0.0073984375547693215,-0.0026309552427024375
rf,y_XLC,3,2024-10-17,0.0073984375547693215,0.00024678990892818367
rf,y_XLC,1,2024-10-21,0.0014306243063504365,0.0017558861557320986
rf,y_XLC,2,2024-10-21,0.0014306243063504365,0.00027093918690592746
rf,y_XLC,3,2024-10-21,0.0014306243063504365,0.0015401672668242845
rf,y_XLC,1,2024-10-22,-0.007582511778281176,0.001204697055023743
rf,y_XLC,2,2024-10-22,-0.007582511778281176,0.0003477058655803602
rf,y_XLC,3,2024-10-22,-0.007582511778281176,0.0018989248761669844
rf,y_XLC,1,2024-10-23,0.0034327223371626303,0.00024284393834224835
rf,y_XLC,2,2024-10-23,0.0034327223371626303,0.001368088972019918
rf,y_XLC,3,2024-10-23,0.0034327223371626303,-0.0017960554480414624
rf,y_XLC,1,2024-10-24,0.0025379886649150585,-0.00021684236867178613
rf,y_XLC,2,2024-10-24,0.0025379886649150585,-0.00325117981601452
rf,y_XLC,3,2024-10-24,0.0025379886649150585,0.0028608010330996646
rf,y_XLC,2,2024-10-28,0.009406084969266315,0.002275588449261084
rf,y_XLC,3,2024-10-28,0.009406084969266315,0.0008247923431342276
rf,y_XLC,4,2024-10-28,0.009406084969266315,0.002155594513756619
rf,y_XLC,2,2024-10-29,0.006067829830971538,-4.410434742735392e-05
rf,y_XLC,3,2024-10-29,0.006067829830971538,0.00047748106885922017
rf,y_XLC,4,2024-10-29,0.006067829830971538,0.0005136086249958103
rf,y_XLC,2,2024-10-30,-0.008723733324261018,-0.004612881048710386
rf,y_XLC,3,2024-10-30,-0.008723733324261018,-0.002147924205189075
rf,y_XLC,4,2024-10-30,-0.008723733324261018,-0.005582618874859404
rf,y_XLC,2,2024-10-31,0.003911354958364477,-0.0021997355288341284
rf,y_XLC,3,2024-10-31,0.003911354958364477,-0.0025731004981054454
rf,y_XLC,4,2024-10-31,0.003911354958364477,-0.002258309082450011
rf,y_XLC,2,2024-11-04,0.011076127357304788,-0.001732551935793113
rf,y_XLC,3,2024-11-04,0.011076127357304788,0.0007837359860353804
rf,y_XLC,4,2024-11-04,0.011076127357304788,0.001043568151258704
rf,y_XLC,2,2024-11-05,0.024594562817006782,0.0027656977882740148
rf,y_XLC,3,2024-11-05,0.024594562817006782,0.0007216102799075381
rf,y_XLC,4,2024-11-05,0.024594562817006782,0.0010696353503846965
rf,y_XLC,2,2024-11-06,0.013102571901873805,-0.005571374191362482
rf,y_XLC,3,2024-11-06,0.013102571901873805,-0.008004647188156253
rf,y_XLC,4,2024-11-06,0.013102571901873805,-0.005211903499991963
rf,y_XLC,2,2024-11-07,-0.004862785170139383,8.852025549724585e-05
rf,y_XLC,3,2024-11-07,-0.004862785170139383,0.005036108311918066
rf,y_XLC,4,2024-11-07,-0.004862785170139383,0.0028596726185366353
rf,y_XLC,2,2024-11-11,0.0045492372016833205,0.0004777227927220647
rf,y_XLC,3,2024-11-11,0.0045492372016833205,0.0005498977884306014
rf,y_XLC,4,2024-11-11,0.0045492372016833205,-0.002817737734730876
rf,y_XLC,2,2024-11-12,0.00041165790319830364,-0.0003431196379753985
rf,y_XLC,3,2024-11-12,0.00041165790319830364,0.0005833847322561009
rf,y_XLC,4,2024-11-12,0.00041165790319830364,0.0012723339042496119
rf,y_XLC,2,2024-11-13,-0.001131712884250069,-0.0005573094896914627
rf,y_XLC,3,2024-11-13,-0.001131712884250069,0.002234894632899274
rf,y_XLC,4,2024-11-13,-0.001131712884250069,0.001038426984584088
rf,y_XLC,2,2024-11-14,-0.01998131929657021,-0.000951270481840837
rf,y_XLC,3,2024-11-14,-0.01998131929657021,-0.0020989583627702996
rf,y_XLC,4,2024-11-14,-0.01998131929657021,-0.004128989902043166
rf,y_XLC,3,2024-11-18,0.006556414395814114,0.0019462423671398083
rf,y_XLC,4,2024-11-18,0.006556414395814114,0.0035317653913662234
rf,y_XLC,5,2024-11-18,0.006556414395814114,0.0007287252633771835
rf,y_XLC,3,2024-11-19,0.00641012504858951,0.0008742376191114981
rf,y_XLC,4,2024-11-19,0.00641012504858951,-0.0020017690642821504
rf,y_XLC,5,2024-11-19,0.00641012504858951,-0.000708023338459506
rf,y_XLC,3,2024-11-20,-0.002568223890519028,-0.0006070787725484324
rf,y_XLC,4,2024-11-20,-0.002568223890519028,-0.00022118157598917664
rf,y_XLC,5,2024-11-20,-0.002568223890519028,0.0005579322178527496
rf,y_XLC,3,2024-11-21,-0.00216304140926471,-0.0010234720378904808
rf,y_XLC,4,2024-11-21,-0.00216304140926471,0.0004827340986842401
rf,y_XLC,5,2024-11-21,-0.00216304140926471,-0.0006400268526575547
rf,y_XLC,3,2024-11-25,0.0036968691339489546,-7.068703806831037e-05
rf,y_XLC,4,2024-11-25,0.0036968691339489546,-0.001177291392431079
rf,y_XLC,5,2024-11-25,0.0036968691339489546,0.001552386875226175
rf,y_XLC,3,2024-11-26,0.0013300678508083585,0.0007859735340779152
rf,y_XLC,4,2024-11-26,0.0013300678508083585,0.002882131693782758
rf,y_XLC,5,2024-11-26,0.0013300678508083585,0.004267519796892266
rf,y_XLC,3,2024-12-02,0.008063580285210703,0.0018687230893447055
rf,y_XLC,4,2024-12-02,0.008063580285210703,0.0018804693784080046
rf,y_XLC,5,2024-12-02,0.008063580285210703,0.002346615473995132
rf,y_XLC,3,2024-12-03,0.002299850387408764,-0.0012299697171395073
rf,y_XLC,4,2024-12-03,0.002299850387408764,0.0018234218165479154
rf,y_XLC,5,2024-12-03,0.002299850387408764,-0.0007593669312881209
rf,y_XLC,3,2024-12-04,-0.002294573212317519,-0.0029979409912278673
rf,y_XLC,4,2024-12-04,-0.002294573212317519,-0.003031680225140047
rf,y_XLC,5,2024-12-04,-0.002294573212317519,-0.0010256992611361463
rf,y_XLC,3,2024-12-05,0.009199169304073163,0.004041639775474141
rf,y_XLC,4,2024-12-05,0.009199169304073163,0.0025725465090557747
rf,y_XLC,5,2024-12-05,0.009199169304073163,0.005246955037508781
rf,y_XLC,4,2024-12-09,0.01569150593388935,-0.000451209445148341
rf,y_XLC,5,2024-12-09,0.01569150593388935,0.0010383636304597478
rf,y_XLC,6,2024-12-09,0.01569150593388935,0.0018551868117630923
rf,y_XLC,4,2024-12-10,0.016346013236672174,0.0003618333152509062
rf,y_XLC,5,2024-12-10,0.016346013236672174,0.002135134533397586
rf,y_XLC,6,2024-12-10,0.016346013236672174,0.0019585604139083037
rf,y_XLC,4,2024-12-11,0.0018633283823765723,0.0014382054037350037
rf,y_XLC,5,2024-12-11,0.0018633283823765723,0.001763685141615625
rf,y_XLC,6,2024-12-11,0.0018633283823765723,0.002357532270082462
rf,y_XLC,4,2024-12-12,-0.011942121668421346,0.0030791872672315933
rf,y_XLC,5,2024-12-12,-0.011942121668421346,0.0022385761036885572
rf,y_XLC,6,2024-12-12,-0.011942121668421346,0.002650543886387374
rf,y_XLC,4,2024-12-16,-0.007500312312445301,0.0003317614044737951
rf,y_XLC,5,2024-12-16,-0.007500312312445301,-0.0010804218431422707
rf,y_XLC,6,2024-12-16,-0.007500312312445301,-0.0009487279997987615
rf,y_XLC,4,2024-12-17,-0.028537320207438377,-0.002648785902546627
rf,y_XLC,5,2024-12-17,-0.028537320207438377,-0.0028381212539040986
rf,y_XLC,6,2024-12-17,-0.028537320207438377,-0.0025521554499933715
rf,y_XLC,4,2024-12-18,-0.0027634517185632923,0.0016032484818208153
rf,y_XLC,5,2024-12-18,-0.0027634517185632923,-0.0009218145851468972
rf,y_XLC,6,2024-12-18,-0.0027634517185632923,0.000610625666785596
rf,y_XLC,4,2024-12-19,0.005439788482778596,-0.0008113488199988814
rf,y_XLC,5,2024-12-19,0.005439788482778596,0.0004679708295040376
rf,y_XLC,6,2024-12-19,0.005439788482778596,0.0021190524078504897
rf,y_XLC,4,2024-12-23,0.00946663328547559,-0.0004468547074179855
rf,y_XLC,5,2024-12-23,0.00946663328547559,-0.00026006893784874714
rf,y_XLC,6,2024-12-23,0.00946663328547559,-0.0012355047707647828
rf,y_XLC,4,2024-12-26,-0.008885228078306273,-0.0006048466006433606
rf,y_XLC,5,2024-12-26,-0.008885228078306273,0.0005318053674552024
rf,y_XLC,6,2024-12-26,-0.008885228078306273,-0.0014460830769422997
rf,y_XLC,5,2024-12-30,-0.0032945637670491745,0.00373741035863235
rf,y_XLC,6,2024-12-30,-0.0032945637670491745,0.0015484611916603682
rf,y_XLC,7,2024-12-30,-0.0032945637670491745,0.0036169284516925065
rf,y_XLC,5,2025-01-02,0.006167851221575482,0.005504011098105757
rf,y_XLC,6,2025-01-02,0.006167851221575482,0.0033208240289750537
rf,y_XLC,7,2025-01-02,0.006167851221575482,0.002722190183769027
rf,y_XLC,5,2025-01-06,-0.011117993341442145,-0.005402635948158449
rf,y_XLC,6,2025-01-06,-0.011117993341442145,-0.0017489542987829732
rf,y_XLC,7,2025-01-06,-0.011117993341442145,-0.004514116194219289
rf,y_XLC,5,2025-01-07,-0.00592804888675047,-0.000895010598662558
rf,y_XLC,6,2025-01-07,-0.00592804888675047,0.0021638934637872595
rf,y_XLC,7,2025-01-07,-0.00592804888675047,0.00024951546516402596
rf,y_XLC,5,2025-01-13,-0.003338559626510418,-0.0063165293717827465
rf,y_XLC,6,2025-01-13,-0.003338559626510418,-0.00704776923163572
rf,y_XLC,7,2025-01-13,-0.003338559626510418,-0.004559475971295514
rf,y_XLC,5,2025-01-14,0.016434587900540087,0.004555482538118502
rf,y_XLC,6,2025-01-14,0.016434587900540087,0.0038016612298458273
rf,y_XLC,7,2025-01-14,0.016434587900540087,0.005208815577425638
rf,y_XLC,5,2025-01-15,-0.0056641786706318475,-0.001328796042634403
rf,y_XLC,6,2025-01-15,-0.0056641786706318475,0.0014991519810318543
rf,y_XLC,7,2025-01-15,-0.0056641786706318475,0.00047432180091892074
rf,y_XLC,5,2025-01-16,0.008699990650159473,-0.0004010882819843529
rf,y_XLC,6,2025-01-16,0.008699990650159473,0.0012785519004381602
rf,y_XLC,7,2025-01-16,0.008699990650159473,-0.0013693257260117312
rf,y_XLC,6,2025-01-21,0.009972560077431192,-0.00018574202751806823
rf,y_XLC,7,2025-01-21,0.009972560077431192,-0.00030860726906335457
rf,y_XLC,8,2025-01-21,0.009972560077431192,0.001490596331212358
rf,y_XLC,6,2025-01-22,0.0026196406838625563,0.0019499914433928178
rf,y_XLC,7,2025-01-22,0.0026196406838625563,0.0019346490109827881
rf,y_XLC,8,2025-01-22,0.0026196406838625563,0.0019960373465328354
rf,y_XLC,6,2025-01-23,0.00904440760053693,0.0022267991242310614
rf,y_XLC,7,2025-01-23,0.00904440760053693,0.0004712754412009033
rf,y_XLC,8,2025-01-23,0.00904440760053693,0.00141388832038363
rf,y_XLC,6,2025-01-27,0.0048547518565493775,-0.002040772885138716
rf,y_XLC,7,2025-01-27,0.0048547518565493775,-0.0029628803160913044
rf,y_XLC,8,2025-01-27,0.0048547518565493775,-0.0033601466704292686
rf,y_XLC,6,2025-01-28,0.0044370391424761735,-0.0011385424354737744
rf,y_XLC,7,2025-01-28,0.0044370391424761735,-0.001987066705706696
rf,y_XLC,8,2025-01-28,0.0044370391424761735,-0.003532647712208755
rf,y_XLC,6,2025-01-29,0.0009816699107254578,0.0016534739739033106
rf,y_XLC,7,2025-01-29,0.0009816699107254578,0.003079273189871599
rf,y_XLC,8,2025-01-29,0.0009816699107254578,0.0023598240749119
rf,y_XLC,6,2025-01-30,0.004020672247130319,0.002709969976020147
rf,y_XLC,7,2025-01-30,0.004020672247130319,0.00321052706540211
rf,y_XLC,8,2025-01-30,0.004020672247130319,0.0010481186728662792
rf,y_XLC,6,2025-02-03,0.008966804173820897,0.0013548520664723785
rf,y_XLC,7,2025-02-03,0.008966804173820897,0.0007640046614438012
rf,y_XLC,8,2025-02-03,0.008966804173820897,0.003177462105383878
rf,y_XLC,6,2025-02-04,-0.009659933721110181,0.001897090709601761
rf,y_XLC,7,2025-02-04,-0.009659933721110181,0.0008701143682569921
rf,y_XLC,8,2025-02-04,-0.009659933721110181,0.0008172571381889731
rf,y_XLC,6,2025-02-05,0.004291886873276862,0.002117995068105652
rf,y_XLC,7,2025-02-05,0.004291886873276862,0.0031771393729359038
rf,y_XLC,8,2025-02-05,0.004291886873276862,0.004330036644040415
rf,y_XLC,6,2025-02-06,-0.0021368101512057036,-0.0023205543786276087
rf,y_XLC,7,2025-02-06,-0.0021368101512057036,-0.0005373043611041618
rf,y_XLC,8,2025-02-06,-0.0021368101512057036,-0.0011623674447219557
rf,y_XLC,7,2025-02-10,0.001647331566053012,0.0031576367555141843
rf,y_XLC,8,2025-02-10,0.001647331566053012,0.0030604978525572866
rf,y_XLC,9,2025-02-10,0.001647331566053012,0.001681801983745863
rf,y_XLC,7,2025-02-11,0.0010641673885622982,0.0014334997701437758
rf,y_XLC,8,2025-02-11,0.0010641673885622982,0.0006643377833434892
rf,y_XLC,9,2025-02-11,0.0010641673885622982,0.0020262946229116442
rf,y_XLC,7,2025-02-12,0.011499745117589555,-0.0019187687765127887
rf,y_XLC,8,2025-02-12,0.011499745117589555,-0.0003547232053400832
rf,y_XLC,9,2025-02-12,0.011499745117589555,-0.0009570377899716644
rf,y_XLC,7,2025-02-13,0.006114399629876477,0.003837681526750672
rf,y_XLC,8,2025-02-13,0.006114399629876477,0.002981593559695759
rf,y_XLC,9,2025-02-13,0.006114399629876477,0.0023359823547973715
rf,y_XLC,7,2025-02-18,0.0011448508124574097,0.001219425696103893
rf,y_XLC,8,2025-02-18,0.0011448508124574097,0.0020605212314055645
rf,y_XLC,9,2025-02-18,0.0011448508124574097,0.0013382544262978177
rf,y_XLC,7,2025-02-19,-0.004669314473285557,-0.002134859849796775
rf,y_XLC,8,2025-02-19,-0.004669314473285557,-0.00012436530009727424
rf,y_XLC,9,2025-02-19,-0.004669314473285557,-0.00018819795979416743
rf,y_XLC,7,2025-02-20,-0.013690762941755752,5.925173137132274e-05
rf,y_XLC,8,2025-02-20,-0.013690762941755752,0.0002812549578381923
rf,y_XLC,9,2025-02-20,-0.013690762941755752,0.0005238610159722397
rf,y_XLC,7,2025-02-24,-0.014822662441317469,4.285054786696737e-05
rf,y_XLC,8,2025-02-24,-0.014822662441317469,0.0025022701337181876
rf,y_XLC,9,2025-02-24,-0.014822662441317469,0.0016017758611896304
rf,y_XLC,7,2025-02-25,-0.0017700576026210557,0.0026761707337954956
rf,y_XLC,8,2025-02-25,-0.0017700576026210557,0.00355511319578361
rf,y_XLC,9,2025-02-25,-0.0017700576026210557,0.001907494031902149
rf,y_XLC,7,2025-02-26,-0.009654254495694015,0.002437071206406661
rf,y_XLC,8,2025-02-26,-0.009654254495694015,0.004182629252854076
rf,y_XLC,9,2025-02-26,-0.009654254495694015,0.005905820556504042
rf,y_XLC,7,2025-02-27,0.014622436355272939,-0.0022170488375495003
rf,y_XLC,8,2025-02-27,0.014622436355272939,0.0007777640175527678
rf,y_XLC,9,2025-02-27,0.014622436355272939,0.0003786150187140032
rf,y_XLC,8,2025-03-03,-0.007922346520165324,0.0016906928749133253
rf,y_XLC,9,2025-03-03,-0.007922346520165324,0.0004957946640490837
rf,y_XLC,10,2025-03-03,-0.007922346520165324,0.0020411841366518727
rf,y_XLC,8,2025-03-04,0.01287678569529005,0.0025193787940452333
rf,y_XLC,9,2025-03-04,0.01287678569529005,0.003213203925285382
rf,y_XLC,10,2025-03-04,0.01287678569529005,0.0005485906992836169
rf,y_XLC,8,2025-03-05,-0.0179363665532013,-0.0013367993307476466
rf,y_XLC,9,2025-03-05,-0.0179363665532013,-0.0007504085567749758
rf,y_XLC,10,2025-03-05,-0.0179363665532013,-0.0010916818189959812
rf,y_XLC,8,2025-03-06,0.006422498381162711,0.0007283029273704213
rf,y_XLC,9,2025-03-06,0.006422498381162711,-0.00189058251686089
rf,y_XLC,10,2025-03-06,0.006422498381162711,0.0008994390431128577
rf,y_XLC,8,2025-03-10,-0.014725437224468285,0.003069240784475379
rf,y_XLC,9,2025-03-10,-0.014725437224468285,0.0026341831322151048
rf,y_XLC,10,2025-03-10,-0.014725437224468285,0.0012450875098173008
rf,y_XLC,8,2025-03-11,0.004981972409042079,-0.001974812270843938
rf,y_XLC,9,2025-03-11,0.004981972409042079,-0.001591709587069029
rf,y_XLC,10,2025-03-11,0.004981972409042079,-0.002438152943779957
rf,y_XLC,8,2025-03-12,-0.020551638843666065,-0.001981855567379416
rf,y_XLC,9,2025-03-12,-0.020551638843666065,-0.0007989951053246698
rf,y_XLC,10,2025-03-12,-0.020551638843666065,-0.00040031017665339565
rf,y_XLC,8,2025-03-13,0.01834669956615853,-0.0007899449051237498
rf,y_XLC,9,2025-03-13,0.01834669956615853,6.831074047045453e-05
rf,y_XLC,10,2025-03-13,0.01834669956615853,-0.0008827541829486567
rf,y_XLC,8,2025-03-17,-0.013981603704568468,0.0034765886975159717
rf,y_XLC,9,2025-03-17,-0.013981603704568468,0.0011793343073206333
rf,y_XLC,10,2025-03-17,-0.013981603704568468,0.0031622113251972847
rf,y_XLC,8,2025-03-18,0.011886142755613172,-0.0029890759259045274
rf,y_XLC,9,2025-03-18,0.011886142755613172,-0.0014059994070524634
rf,y_XLC,10,2025-03-18,0.011886142755613172,-0.006201935103780572
rf,y_XLC,8,2025-03-19,-0.0021639711847137866,-0.0013986503206280328
rf,y_XLC,9,2025-03-19,-0.0021639711847137866,0.0021154041457956668
rf,y_XLC,10,2025-03-19,-0.0021639711847137866,0.0010141374628092818
rf,y_XLC,8,2025-03-20,0.007848050614496005,0.0014860058140133182
rf,y_XLC,9,2025-03-20,0.007848050614496005,0.0031423228353016945
rf,y_XLC,10,2025-03-20,0.007848050614496005,0.0017876829179595572
rf,y_XLC,9,2025-03-24,0.012665870484181774,0.0011370472299600328
rf,y_XLC,10,2025-03-24,0.012665870484181774,0.0012608807751190757
rf,y_XLC,11,2025-03-24,0.012665870484181774,-0.00020773477404222306
rf,y_XLC,9,2025-03-25,-0.008505120229063023,-0.0008798872287269083
rf,y_XLC,10,2025-03-25,-0.008505120229063023,-0.0016114002426347992
rf,y_XLC,11,2025-03-25,-0.008505120229063023,0.00022695203933834526
rf,y_XLC,9,2025-03-26,-0.004440323508174138,-0.0011957009418677592
rf,y_XLC,10,2025-03-26,-0.004440323508174138,-0.002411026502735625
rf,y_XLC,11,2025-03-26,-0.004440323508174138,-0.0004275188827427195
rf,y_XLC,9,2025-03-27,-0.02949829921818592,-0.00786567122165892
rf,y_XLC,10,2025-03-27,-0.02949829921818592,-0.01128421820865668
rf,y_XLC,11,2025-03-27,-0.02949829921818592,-0.009948543840242656
rf,y_XLC,9,2025-03-31,0.0006221810166775477,-0.0015146425830648246
rf,y_XLC,10,2025-03-31,0.0006221810166775477,-0.0006159481055873199
rf,y_XLC,11,2025-03-31,0.0006221810166775477,0.000756012311575117
rf,y_XLC,9,2025-04-01,0.0035227821658205816,-0.0070942660996133845
rf,y_XLC,10,2025-04-01,0.0035227821658205816,-0.0072888036864660515
rf,y_XLC,11,2025-04-01,0.0035227821658205816,-0.008515507517902476
rf,y_XLC,9,2025-04-02,-0.044605024369473445,0.004587876096287194
rf,y_XLC,10,2025-04-02,-0.044605024369473445,0.0026760282925233792
rf,y_XLC,11,2025-04-02,-0.044605024369473445,0.004415183135181801
rf,y_XLC,9,2025-04-03,-0.05727867028930156,-0.004245984522000998
rf,y_XLC,10,2025-04-03,-0.05727867028930156,-0.005139007108855966
rf,y_XLC,11,2025-04-03,-0.05727867028930156,-0.003711362554353855
rf,y_XLC,9,2025-04-07,-0.013966775657459518,0.0043938040003034294
rf,y_XLC,10,2025-04-07,-0.013966775657459518,0.003754448943377824
rf,y_XLC,11,2025-04-07,-0.013966775657459518,0.005314209078245066
rf,y_XLC,9,2025-04-08,0.0883548285073259,7.818669599459853e-05
rf,y_XLC,10,2025-04-08,0.0883548285073259,0.001028276332735567
rf,y_XLC,11,2025-04-08,0.0883548285073259,-0.00017573023463839747
rf,y_XLC,9,2025-04-09,-0.03456373906800414,-0.0007194788329432609
rf,y_XLC,10,2025-04-09,-0.03456373906800414,-0.0015138581107319424
rf,y_XLC,11,2025-04-09,-0.03456373906800414,-0.0008826785666992918
rf,y_XLC,9,2025-04-10,0.008508253619412987,0.0005467996303515706
rf,y_XLC,10,2025-04-10,0.008508253619412987,-0.002015539783024913
rf,y_XLC,11,2025-04-10,0.008508253619412987,0.00012803307627422175
rf,y_XLC,10,2025-04-14,0.0025033205260884817,-0.0009130649443163163
rf,y_XLC,11,2025-04-14,0.0025033205260884817,-0.00025974879929176095
rf,y_XLC,12,2025-04-14,0.0025033205260884817,0.0005294829070614293
rf,y_XLC,10,2025-04-15,-0.02692443332369543,-9.471252079556828e-05
rf,y_XLC,11,2025-04-15,-0.02692443332369543,0.002354454026638192
rf,y_XLC,12,2025-04-15,-0.02692443332369543,0.0018717217251278514
rf,y_XLC,10,2025-04-16,0.006471198647552745,0.002746531618427244
rf,y_XLC,11,2025-04-16,0.006471198647552745,0.0034422118070377246
rf,y_XLC,12,2025-04-16,0.006471198647552745,0.005234843102228496
rf,y_XLC,10,2025-04-21,0.0260829757205141,0.0020414734310953576
rf,y_XLC,11,2025-04-21,0.0260829757205141,0.0012450343201856776
rf,y_XLC,12,2025-04-21,0.0260829757205141,0.00019101788572027192
rf,y_XLC,10,2025-04-22,0.016025587841027145,-0.0010708941852508775
rf,y_XLC,11,2025-04-22,0.016025587841027145,-0.0015595462697406322
rf,y_XLC,12,2025-04-22,0.016025587841027145,-0.0004767476925259223
rf,y_XLC,10,2025-04-23,0.020015253130610366,0.0013760673137986272
rf,y_XLC,11,2025-04-23,0.020015253130610366,-0.0007455976311696653
rf,y_XLC,12,2025-04-23,0.020015253130610366,0.0012475134593760372
rf,y_XLC,10,2025-04-24,0.006291987329153148,-0.004483495220636725
rf,y_XLC,11,2025-04-24,0.006291987329153148,-0.006116508726331475
rf,y_XLC,12,2025-04-24,0.006291987329153148,-0.005098451723866017
rf,y_XLC,10,2025-04-28,0.007284626687776408,-0.010018896103020722
rf,y_XLC,11,2025-04-28,0.007284626687776408,-0.004395408623065965
rf,y_XLC,12,2025-04-28,0.007284626687776408,-0.005790046379063394
rf,y_XLC,10,2025-04-29,0.0003144814977227295,0.002858543475891013
rf,y_XLC,11,2025-04-29,0.0003144814977227295,0.002370816402927973
rf,y_XLC,12,2025-04-29,0.0003144814977227295,0.0017507722993838376
rf,y_XLC,10,2025-04-30,0.005134028890448672,-0.002284488668564352
rf,y_XLC,11,2025-04-30,0.005134028890448672,-0.0026698114367619532
rf,y_XLC,12,2025-04-30,0.005134028890448672,-0.0015287525794950138
rf,y_XLC,10,2025-05-01,0.015532174477940863,0.00038061087409001215
rf,y_XLC,11,2025-05-01,0.015532174477940863,-6.381945240643652e-05
rf,y_XLC,12,2025-05-01,0.015532174477940863,-0.0018020003855173403
rf,y_XLC,11,2025-05-05,-0.0002048450506462185,0.0012407473841158552
rf,y_XLC,12,2025-05-05,-0.0002048450506462185,-0.00140970296566315
rf,y_XLC,13,2025-05-05,-0.0002048450506462185,-0.0013509963244994704
rf,y_XLC,11,2025-05-06,-0.0018437465965530642,-0.00017727699280318163
rf,y_XLC,12,2025-05-06,-0.0018437465965530642,-0.00025371015540532336
rf,y_XLC,13,2025-05-06,-0.0018437465965530642,-0.00024628235383787703
rf,y_XLC,11,2025-05-07,0.002360236963903972,0.002333758193824744
rf,y_XLC,12,2025-05-07,0.002360236963903972,-0.00017119309254987614
rf,y_XLC,13,2025-05-07,0.002360236963903972,0.005191635583861774
rf,y_XLC,11,2025-05-08,-0.005118765367035594,0.00044354141008586255
rf,y_XLC,12,2025-05-08,-0.005118765367035594,0.000568000298173744
rf,y_XLC,13,2025-05-08,-0.005118765367035594,0.002460833239298623
rf,y_XLC,11,2025-05-12,0.00977827658496122,0.002385223662552032
rf,y_XLC,12,2025-05-12,0.00977827658496122,0.0017212608523720428
rf,y_XLC,13,2025-05-12,0.00977827658496122,0.0009751786507177201
rf,y_XLC,11,2025-05-13,0.005191215962670137,-0.00030509610541672817
rf,y_XLC,12,2025-05-13,0.005191215962670137,0.0010756168940585676
rf,y_XLC,13,2025-05-13,0.005191215962670137,-0.0005940903612928714
rf,y_XLC,11,2025-05-14,0.003972520323313189,-0.0011155620476699009
rf,y_XLC,12,2025-05-14,0.003972520323313189,-0.0025635897794845514
rf,y_XLC,13,2025-05-14,0.003972520323313189,-0.0015189226413147617
rf,y_XLC,11,2025-05-15,0.0068255993373114165,0.0015624477536978821
rf,y_XLC,12,2025-05-15,0.0068255993373114165,0.001017103124517238
rf,y_XLC,13,2025-05-15,0.0068255993373114165,0.0023207607818419157
rf,y_XLC,11,2025-05-19,-0.0024538721906677274,-0.00409926599041556
rf,y_XLC,12,2025-05-19,-0.0024538721906677274,-0.0030930167959762928
rf,y_XLC,13,2025-05-19,-0.0024538721906677274,-0.002229933930022256
rf,y_XLC,11,2025-05-20,-0.007478061207250475,-0.0008696318428128717
rf,y_XLC,12,2025-05-20,-0.007478061207250475,-0.0009711140937223908
rf,y_XLC,13,2025-05-20,-0.007478061207250475,-0.0020454906996749734
rf,y_XLC,11,2025-05-21,-0.0021809835454933424,-0.0012088688095172842
rf,y_XLC,12,2025-05-21,-0.0021809835454933424,-0.0014918860995895298
rf,y_XLC,13,2025-05-21,-0.0021809835454933424,-0.0007618069901829514
rf,y_XLC,11,2025-05-22,-0.004570240637581602,0.0041126362142441695
rf,y_XLC,12,2025-05-22,-0.004570240637581602,0.004604562530178783
rf,y_XLC,13,2025-05-22,-0.004570240637581602,0.0020281540917946334
rf,y_XLC,12,2025-05-27,-0.00019630447004770346,0.0012695491143871742
rf,y_XLC,13,2025-05-27,-0.00019630447004770346,0.0021994767585202506
rf,y_XLC,14,2025-05-27,-0.00019630447004770346,0.0033360657732498735
rf,y_XLC,12,2025-05-28,-0.00805513093983945,0.001068264705440944
rf,y_XLC,13,2025-05-28,-0.00805513093983945,-0.0009016361142260676
rf,y_XLC,14,2025-05-28,-0.00805513093983945,0.001855206534094673
rf,y_XLC,12,2025-05-29,0.004159278324418425,-0.00018927284165693632
rf,y_XLC,13,2025-05-29,0.004159278324418425,-0.0013814342869441453
rf,y_XLC,14,2025-05-29,0.004159278324418425,-0.00033253814707537207
rf,y_XLC,12,2025-06-02,-0.0028458425152884104,-0.008998509930039152
rf,y_XLC,13,2025-06-02,-0.0028458425152884104,-0.00626088672285418
rf,y_XLC,14,2025-06-02,-0.0028458425152884104,-0.006926126820429591
rf,y_XLC,12,2025-06-03,0.006397020674496323,0.0006439388352352175
rf,y_XLC,13,2025-06-03,0.006397020674496323,-0.00019810879370249466
rf,y_XLC,14,2025-06-03,0.006397020674496323,0.0007594057476395614
rf,y_XLC,12,2025-06-04,0.0013690468616389673,0.004447188754240778
rf,y_XLC,13,2025-06-04,0.0013690468616389673,0.0006947138518759333
rf,y_XLC,14,2025-06-04,0.0013690468616389673,0.0020193677183938433
rf,y_XLC,12,2025-06-05,0.012792933607605361,-0.0030706719338989374
rf,y_XLC,13,2025-06-05,0.012792933607605361,-0.004309373423184575
rf,y_XLC,14,2025-06-05,0.012792933607605361,-0.0019504722284890872
rf,y_XLC,12,2025-06-09,0.012667985271238802,-0.006724113064205242
rf,y_XLC,13,2025-06-09,0.012667985271238802,-0.004396155686243405
rf,y_XLC,14,2025-06-09,0.012667985271238802,-0.004513504839836565
rf,y_XLC,12,2025-06-10,-0.002291815598653657,-0.0035566194204809656
rf,y_XLC,13,2025-06-10,-0.002291815598653657,-0.002813483864664015
rf,y_XLC,14,2025-06-10,-0.002291815598653657,-0.003128335093560722
rf,y_XLC,12,2025-06-11,-0.008135544158381913,-0.0025455065805598514
rf,y_XLC,13,2025-06-11,-0.008135544158381913,-0.0010940443435713155
rf,y_XLC,14,2025-06-11,-0.008135544158381913,-0.0016297441441849498
rf,y_XLC,12,2025-06-12,-0.010132220973862238,-0.004118484215297696
rf,y_XLC,13,2025-06-12,-0.010132220973862238,-0.0020721078828468734
rf,y_XLC,14,2025-06-12,-0.010132220973862238,-0.0024255812587930248
rf,y_XLC,13,2025-07-02,0.0054909235173647986,0.0006647864685840573
rf,y_XLC,14,2025-07-02,0.0054909235173647986,-0.0005303675277214037
rf,y_XLC,15,2025-07-02,0.0054909235173647986,-0.00026721183155567946
rf,y_XLC,13,2025-07-07,-0.0020560823874359313,0.0008665949213680876
rf,y_XLC,14,2025-07-07,-0.0020560823874359313,5.818964137284573e-05
rf,y_XLC,15,2025-07-07,-0.0020560823874359313,0.001012748224983905
rf,y_XLC,13,2025-07-08,0.002622243254835732,0.001260047690974613
rf,y_XLC,14,2025-07-08,0.002622243254835732,0.0010866005238764974
rf,y_XLC,15,2025-07-08,0.002622243254835732,4.2444251643133925e-05
rf,y_XLC,13,2025-07-09,-0.0033625867137720977,0.002547327290072987
rf,y_XLC,14,2025-07-09,-0.0033625867137720977,0.0036552975430286746
rf,y_XLC,15,2025-07-09,-0.0033625867137720977,0.0028372025035200586
rf,y_XLC,13,2025-07-10,-0.006466690719218349,0.0016781736566313793
rf,y_XLC,14,2025-07-10,-0.006466690719218349,0.0004249474643655623
rf,y_XLC,15,2025-07-10,-0.006466690719218349,0.0005619358738423221
rf,y_XLC,13,2025-07-14,-0.009902009510687537,-4.928698408267947e-05
rf,y_XLC,14,2025-07-14,-0.009902009510687537,-0.0014745318967115636
rf,y_XLC,15,2025-07-14,-0.009902009510687537,-0.00034841163845874266
rf,y_XLC,13,2025-07-15,0.003019196897828369,0.001334504261898875
rf,y_XLC,14,2025-07-15,0.003019196897828369,0.0017826419532785001
rf,y_XLC,15,2025-07-15,0.003019196897828369,0.0013713822932780618
rf,y_XLC,13,2025-07-16,0.0034804495735434315,-0.00022239340504473515
rf,y_XLC,14,2025-07-16,0.0034804495735434315,-0.002836519530665227
rf,y_XLC,15,2025-07-16,0.0034804495735434315,0.000339978375752308
rf,y_XLC,13,2025-07-17,-0.00459320878141245,-0.001202586947491413
rf,y_XLC,14,2025-07-17,-0.00459320878141245,-0.0003822559780908952
rf,y_XLC,15,2025-07-17,-0.00459320878141245,-0.00023672368236141993
rf,y_XLC,13,2025-07-21,0.0023232224963938286,0.0005483381814726481
rf,y_XLC,14,2025-07-21,0.0023232224963938286,0.00035885235681027696
rf,y_XLC,15,2025-07-21,0.0023232224963938286,0.00020701435993575416
rf,y_XLC,13,2025-07-22,0.0054700512645955435,2.731167862959442e-05
rf,y_XLC,14,2025-07-22,0.0054700512645955435,0.0017757125205562893
rf,y_XLC,15,2025-07-22,0.0054700512645955435,0.0003161138232296005
rf,y_XLC,13,2025-07-23,0.0016597442782730898,0.0013648006470557287
rf,y_XLC,14,2025-07-23,0.0016597442782730898,0.0004189219064070595
rf,y_XLC,15,2025-07-23,0.0016597442782730898,0.0009570963725057446
rf,y_XLC,14,2025-07-24,-0.009297550462841087,-0.003993698886703573
rf,y_XLC,15,2025-07-24,-0.009297550462841087,-0.0036581319258618453
rf,y_XLC,16,2025-07-24,-0.009297550462841087,-0.003857348784577873
rf,y_XLC,14,2025-07-28,-0.00859489081211573,-0.0007266500920543484
rf,y_XLC,15,2025-07-28,-0.00859489081211573,-0.0015997866023583051
rf,y_XLC,16,2025-07-28,-0.00859489081211573,0.00039343988040916136
rf,y_XLC,14,2025-07-29,0.0031096623543902524,0.0030353873770065107
rf,y_XLC,15,2025-07-29,0.0031096623543902524,0.000673303317087065
rf,y_XLC,16,2025-07-29,0.0031096623543902524,0.0013138296995566948
rf,y_XLC,14,2025-07-30,0.009018377971976133,0.000161830096017751
rf,y_XLC,15,2025-07-30,0.009018377971976133,0.0020089926827906233
rf,y_XLC,16,2025-07-30,0.009018377971976133,-0.0004078316545183841
rf,y_XLC,14,2025-07-31,-0.012010088783497297,0.003734176877554348
rf,y_XLC,15,2025-07-31,-0.012010088783497297,0.0046303251532051485
rf,y_XLC,16,2025-07-31,-0.012010088783497297,0.0019777150994483334
rf,y_XLC,14,2025-08-04,-0.00776635806699244,-0.002423953927694534
rf,y_XLC,15,2025-08-04,-0.00776635806699244,-0.0001479398700719614
rf,y_XLC,16,2025-08-04,-0.00776635806699244,-0.001275572839690404
rf,y_XLC,14,2025-08-05,0.00382035458873764,0.00036217494109997507
rf,y_XLC,15,2025-08-05,0.00382035458873764,0.0009744467971563272
rf,y_XLC,16,2025-08-05,0.00382035458873764,0.0003578843425470028
rf,y_XLC,14,2025-08-06,-0.004269956198904801,0.0012524145315830312
rf,y_XLC,15,2025-08-06,-0.004269956198904801,0.000214791641956714
rf,y_XLC,16,2025-08-06,-0.004269956198904801,-0.0008813008563303072
rf,y_XLC,14,2025-08-07,0.003356003842183819,8.32859967609123e-06
rf,y_XLC,15,2025-08-07,0.003356003842183819,0.0012301367289576305
rf,y_XLC,16,2025-08-07,0.003356003842183819,0.0001309222907914992
rf,y_XLC,14,2025-08-11,0.019134803077398566,0.000328496727061627
rf,y_XLC,15,2025-08-11,0.019134803077398566,-0.0008294861871483011
rf,y_XLC,16,2025-08-11,0.019134803077398566,-0.0005849856460309777
rf,y_XLC,14,2025-08-12,0.00780040569884477,-0.0011960639789251114
rf,y_XLC,15,2025-08-12,0.00780040569884477,-0.003728122927624957
rf,y_XLC,16,2025-08-12,0.00780040569884477,-0.0040601379079493296
rf,y_XLC,15,2025-08-13,0.0008099702169868106,-0.0002049001470747408
rf,y_XLC,16,2025-08-13,0.0008099702169868106,-0.0015470926346615435
rf,y_XLC,17,2025-08-13,0.0008099702169868106,-0.0009609477323858307
rf,y_XLC,15,2025-08-14,0.0025180137620106624,-0.0017040944648218537
rf,y_XLC,16,2025-08-14,0.0025180137620106624,-0.0018430085325214054
rf,y_XLC,17,2025-08-14,0.0025180137620106624,-0.003155149715510783
rf,y_XLC,15,2025-08-18,-0.005595675577951487,0.00025596959233177287
rf,y_XLC,16,2025-08-18,-0.005595675577951487,-0.0013091710769214337
rf,y_XLC,17,2025-08-18,-0.005595675577951487,-0.00016975699674881458
rf,y_XLC,15,2025-08-19,-0.002995144679813655,-0.0006821058947098659
rf,y_XLC,16,2025-08-19,-0.002995144679813655,0.0002209442914169829
rf,y_XLC,17,2025-08-19,-0.002995144679813655,-0.0003543448036078941
rf,y_XLC,15,2025-08-20,-0.0010923709673066329,0.0026995904817790667
rf,y_XLC,16,2025-08-20,-0.0010923709673066329,0.0016370572781538935
rf,y_XLC,17,2025-08-20,-0.0010923709673066329,0.003143530102620896
rf,y_XLC,15,2025-08-21,0.014398904684524538,-0.002274533865370166
rf,y_XLC,16,2025-08-21,0.014398904684524538,-0.006578904886225671
rf,y_XLC,17,2025-08-21,0.014398904684524538,-0.005147601540270344
rf,y_XLC,15,2025-08-25,-0.004395044779220703,0.0022256174235285773
rf,y_XLC,16,2025-08-25,-0.004395044779220703,0.002796437881409729
rf,y_XLC,17,2025-08-25,-0.004395044779220703,0.003025018324273319
rf,y_XLC,15,2025-08-26,0.0017117778035189435,-0.0018171329454601112
rf,y_XLC,16,2025-08-26,0.0017117778035189435,-0.0022516335513581066
rf,y_XLC,17,2025-08-26,0.0017117778035189435,-0.004573670831966741
rf,y_XLC,15,2025-08-27,0.003777256468813439,-0.0015831824817799341
rf,y_XLC,16,2025-08-27,0.003777256468813439,-0.0036476909515264066
rf,y_XLC,17,2025-08-27,0.003777256468813439,-0.0007109899006561449
rf,y_XLC,15,2025-08-28,-0.0019711568205514896,-0.0002003323595502658
rf,y_XLC,16,2025-08-28,-0.0019711568205514896,-0.00031410355972588493
rf,y_XLC,17,2025-08-28,-0.0019711568205514896,0.003223889183626936
rf,y_XLC,15,2025-09-02,0.016726642892601173,0.0024472381446363034
rf,y_XLC,16,2025-09-02,0.016726642892601173,0.00098887521162494
rf,y_XLC,17,2025-09-02,0.016726642892601173,0.0014948906086351568
rf,y_XLC,16,2025-09-03,0.009021834742270363,-0.0009027579532069212
rf,y_XLC,17,2025-09-03,0.009021834742270363,-0.000705503592826597
rf,y_XLC,18,2025-09-03,0.009021834742270363,0.0009171931140044072
rf,y_XLC,16,2025-09-04,0.00534712876710719,0.004388341359297052
rf,y_XLC,17,2025-09-04,0.00534712876710719,0.0021738443589322336
rf,y_XLC,18,2025-09-04,0.00534712876710719,0.0014157504231852498
rf,y_XLC,16,2025-09-08,0.005661052106001874,-0.00035034673412918384
rf,y_XLC,17,2025-09-08,0.005661052106001874,0.0009012014434886371
rf,y_XLC,18,2025-09-08,0.005661052106001874,-0.0007512504538664912
rf,y_XLC,16,2025-09-09,-0.007361303319261436,-0.0005468305761034141
rf,y_XLC,17,2025-09-09,-0.007361303319261436,0.00011792022598186477
rf,y_XLC,18,2025-09-09,-0.007361303319261436,0.0025518686542339566
rf,y_XLC,16,2025-09-10,0.015355075954161412,0.0016884138229554654
rf,y_XLC,17,2025-09-10,0.015355075954161412,-0.0005424754733369156
rf,y_XLC,18,2025-09-10,0.015355075954161412,0.00025430894770018067
rf,y_XLC,16,2025-09-11,0.008334823226708421,-0.0015502029115880593
rf,y_XLC,17,2025-09-11,0.008334823226708421,-0.0012281223377875645
rf,y_XLC,18,2025-09-11,0.008334823226708421,-0.001934131553376294
rf,y_XLC,16,2025-09-15,-0.004033639783845855,0.0011428708113214077
rf,y_XLC,17,2025-09-15,-0.004033639783845855,0.0014978476908308132
rf,y_XLC,18,2025-09-15,-0.004033639783845855,0.0006868371581187952
rf,y_XLC,16,2025-09-16,0.002615628355119748,-0.0003321393435727599
rf,y_XLC,17,2025-09-16,0.002615628355119748,0.00027372878285107833
rf,y_XLC,18,2025-09-16,0.002615628355119748,0.0007144903166364051
rf,y_XLC,16,2025-09-17,0.0007572844024363867,0.0015932653502134751
rf,y_XLC,17,2025-09-17,0.0007572844024363867,0.0017880009454033989
rf,y_XLC,18,2025-09-17,0.0007572844024363867,-0.0020190380860251904
rf,y_XLC,16,2025-09-18,0.0041205116443514544,0.0024641486126119783
rf,y_XLC,17,2025-09-18,0.0041205116443514544,0.004006100476697275
rf,y_XLC,18,2025-09-18,0.0041205116443514544,0.0016830352826041727
rf,y_XLC,16,2025-09-22,-0.0014336095791197545,-0.0018680901335989958
rf,y_XLC,17,2025-09-22,-0.0014336095791197545,-0.0018928773565571979
rf,y_XLC,18,2025-09-22,-0.0014336095791197545,-0.0012135775885381071
rf,y_XLC,17,2025-09-23,-0.008276324093239418,0.00259766819285193
rf,y_XLC,18,2025-09-23,-0.008276324093239418,0.00280414789169916
rf,y_XLC,19,2025-09-23,-0.008276324093239418,0.003633730117870021
rf,y_XLC,17,2025-09-24,-0.0034063095725317405,-0.010438694490186147
rf,y_XLC,18,2025-09-24,-0.0034063095725317405,-0.012689135991250041
rf,y_XLC,19,2025-09-24,-0.0034063095725317405,-0.009127600226336864
rf,y_XLC,17,2025-09-25,0.009741098298041706,0.0008222318026904679
rf,y_XLC,18,2025-09-25,0.009741098298041706,0.001856146006953338
rf,y_XLC,19,2025-09-25,0.009741098298041706,0.002807263538438733
rf,y_XLC,17,2025-09-29,-0.0015183578156720001,0.0012235293931527058
rf,y_XLC,18,2025-09-29,-0.0015183578156720001,0.0011638947018592324
rf,y_XLC,19,2025-09-29,-0.0015183578156720001,0.001368354848001905
rf,y_XLC,17,2025-09-30,-0.014023861864980058,0.0034043438190669473
rf,y_XLC,18,2025-09-30,-0.014023861864980058,-0.0002400072047529178
rf,y_XLC,19,2025-09-30,-0.014023861864980058,0.0021382418410781766
rf,y_XLC,17,2025-10-01,-0.0022277604170869436,-0.0003384639935279386
rf,y_XLC,18,2025-10-01,-0.0022277604170869436,-0.00070860472160779
rf,y_XLC,19,2025-10-01,-0.0022277604170869436,0.00026116437216837097
rf,y_XLC,17,2025-10-02,-0.0005151806747434318,-0.0034421057107548677
rf,y_XLC,18,2025-10-02,-0.0005151806747434318,-0.000591507906127441
rf,y_XLC,19,2025-10-02,-0.0005151806747434318,-0.0020190673368318274
rf,y_XLC,17,2025-10-06,-0.0038623905525715374,0.0027985126852111924
rf,y_XLC,18,2025-10-06,-0.0038623905525715374,0.0009364019002300818
rf,y_XLC,19,2025-10-06,-0.0038623905525715374,0.002382020545251089
rf,y_XLC,17,2025-10-07,-0.004135756430715065,0.0010626086239644617
rf,y_XLC,18,2025-10-07,-0.004135756430715065,0.0016067600076662433
rf,y_XLC,19,2025-10-07,-0.004135756430715065,0.0002893318288136419
rf,y_XLC,17,2025-10-08,-0.00571037248245343,-0.0003841259216770615
rf,y_XLC,18,2025-10-08,-0.00571037248245343,-0.0002578435586465339
rf,y_XLC,19,2025-10-08,-0.00571037248245343,0.002831614393236544
rf,y_XLC,17,2025-10-09,-0.018447552305029924,0.0021731562874014046
rf,y_XLC,18,2025-10-09,-0.018447552305029924,0.001215870279360005
rf,y_XLC,19,2025-10-09,-0.018447552305029924,0.0007788469955383404
rf,y_XLC,18,2025-10-13,0.0065882090643460955,-0.0009186789001051669
rf,y_XLC,19,2025-10-13,0.0065882090643460955,-0.0034264687851715547
rf,y_XLC,20,2025-10-13,0.0065882090643460955,-0.0021724717135639606
rf,y_XLC,18,2025-10-14,0.007068698415938712,0.0028190744219020614
rf,y_XLC,19,2025-10-14,0.007068698415938712,0.00210978961901445
rf,y_XLC,20,2025-10-14,0.007068698415938712,0.0004822237012286068
rf,y_XLC,18,2025-10-15,-0.01065855783739078,-0.0016213095179477184
rf,y_XLC,19,2025-10-15,-0.01065855783739078,-0.0018802668045870099
rf,y_XLC,20,2025-10-15,-0.01065855783739078,0.0006161464021926707
rf,y_XLC,18,2025-10-16,0.006744344622333642,-0.0005289638980585719
rf,y_XLC,19,2025-10-16,0.006744344622333642,-5.84272528850488e-05
rf,y_XLC,20,2025-10-16,0.006744344622333642,-0.0012239456954199618
rf,y_XLC,18,2025-10-20,0.0035272440705136354,0.00321922526961006
rf,y_XLC,19,2025-10-20,0.0035272440705136354,0.0030478482678813635
rf,y_XLC,20,2025-10-20,0.0035272440705136354,0.002922316220679554
rf,y_XLC,18,2025-10-21,-0.008658410306786268,0.0003579619760222789
rf,y_XLC,19,2025-10-21,-0.008658410306786268,-1.072133272128813e-05
rf,y_XLC,20,2025-10-21,-0.008658410306786268,-0.0014266369527325712
rf,y_XLC,18,2025-10-22,-0.003372527138309711,0.0006936989756534636
rf,y_XLC,19,2025-10-22,-0.003372527138309711,0.00013324408904487328
rf,y_XLC,20,2025-10-22,-0.003372527138309711,0.0011788038483437355
rf,y_XLC,18,2025-10-23,0.002603055979085944,0.006736658541754202
rf,y_XLC,19,2025-10-23,0.002603055979085944,0.0076852998511573204
rf,y_XLC,20,2025-10-23,0.002603055979085944,0.007112380162008048
rf,y_XLC,18,2025-10-27,-0.0049505312722244454,0.001033386627608651
rf,y_XLC,19,2025-10-27,-0.0049505312722244454,0.0004082404910760907
rf,y_XLC,20,2025-10-27,-0.0049505312722244454,0.0011220282929698085
rf,y_XLC,18,2025-10-28,-0.002487547653430622,0.0003270466551048688
rf,y_XLC,19,2025-10-28,-0.002487547653430622,0.0016348729316420184
rf,y_XLC,20,2025-10-28,-0.002487547653430622,-0.0007350560066436261
rf,y_XLC,18,2025-10-29,-0.016940433195769544,0.0008153934110334428
rf,y_XLC,19,2025-10-29,-0.016940433195769544,0.0005058072352422606
rf,y_XLC,20,2025-10-29,-0.016940433195769544,0.0016512222624402635
rf,y_XLC,18,2025-10-30,0.00428621222649106,-0.007774157704506994
rf,y_XLC,19,2025-10-30,0.00428621222649106,-0.00599863963416413
rf,y_XLC,20,2025-10-30,0.00428621222649106,-0.005714055772061631
rf,y_XLC,19,2025-11-03,-0.006866784938220127,0.0012824100148649828
rf,y_XLC,20,2025-11-03,-0.006866784938220127,0.002513393501018447
rf,y_XLC,21,2025-11-03,-0.006866784938220127,0.0027973216925444235
rf,y_XLC,19,2025-11-04,0.005407327928086403,0.0035839152347501013
rf,y_XLC,20,2025-11-04,0.005407327928086403,0.0033938915073996544
rf,y_XLC,21,2025-11-04,0.005407327928086403,0.002808275302415501
rf,y_XLC,19,2025-11-05,-0.00899312157322063,0.0017680998225047262
rf,y_XLC,20,2025-11-05,-0.00899312157322063,0.0019669415984432817
rf,y_XLC,21,2025-11-05,-0.00899312157322063,0.0021175071335021176
rf,y_XLC,19,2025-11-06,-0.0025800561009664547,-0.00019030222849716986
rf,y_XLC,20,2025-11-06,-0.0025800561009664547,-0.0015827519734165332
rf,y_XLC,21,2025-11-06,-0.0025800561009664547,-0.0034400934470133196
rf,y_XLC,19,2025-11-10,0.008121461172466926,-0.003799595224291243
rf,y_XLC,20,2025-11-10,0.008121461172466926,-0.006560374523915239
rf,y_XLC,21,2025-11-10,0.008121461172466926,-0.003314196012622329
rf,y_XLC,19,2025-11-11,-0.0057793100859779845,-0.00026246812105090446
rf,y_XLC,20,2025-11-11,-0.0057793100859779845,0.00016491133205128182
rf,y_XLC,21,2025-11-11,-0.0057793100859779845,0.0013813500252019596
rf,y_XLC,19,2025-11-12,-0.014180027736483414,-0.0014227619960897303
rf,y_XLC,20,2025-11-12,-0.014180027736483414,-0.0003794281331562658
rf,y_XLC,21,2025-11-12,-0.014180027736483414,-0.0017887873426297922
rf,y_XLC,19,2025-11-13,-0.005360464188339353,-0.0020746152888980085
rf,y_XLC,20,2025-11-13,-0.005360464188339353,0.0008357855730069909
rf,y_XLC,21,2025-11-13,-0.005360464188339353,-0.001433888216352807
rf,y_XLC,19,2025-11-17,0.005666494097301467,0.0012522930492599494
rf,y_XLC,20,2025-11-17,0.005666494097301467,0.0008608799131336719
rf,y_XLC,21,2025-11-17,0.005666494097301467,-0.0006543040379907568
rf,y_XLC,19,2025-11-18,-0.005545093538284029,-0.001877810409350252
rf,y_XLC,20,2025-11-18,-0.005545093538284029,-0.0029999366253030606
rf,y_XLC,21,2025-11-18,-0.005545093538284029,-0.001701678310586179
rf,y_XLC,19,2025-11-19,-0.01097222133306519,-0.0016358455912827325
rf,y_XLC,20,2025-11-19,-0.01097222133306519,-0.002608279288912485
rf,y_XLC,21,2025-11-19,-0.01097222133306519,-0.0018764874080719038
rf,y_XLC,19,2025-11-20,0.017550265443301516,-0.002850586902393093
rf,y_XLC,20,2025-11-20,0.017550265443301516,-0.0014475743304158517
rf,y_XLC,21,2025-11-20,0.017550265443301516,-0.0008740966607890061
rf,y_XLC,20,2025-11-24,0.011414969053105795,-0.002871462063557132
rf,y_XLC,21,2025-11-24,0.011414969053105795,-0.0016950630459756375
rf,y_XLC,22,2025-11-24,0.011414969053105795,-0.001250564560601276
rf,y_XLC,20,2025-11-25,0.0013997682744995021,0.000321211017485129
rf,y_XLC,21,2025-11-25,0.0013997682744995021,0.0019300680831914987
rf,y_XLC,22,2025-11-25,0.0013997682744995021,0.002734730911985043
rf,y_XLC,20,2025-12-01,0.0033086878397272645,0.0021989891686068084
rf,y_XLC,21,2025-12-01,0.0033086878397272645,0.0022072877079357687
rf,y_XLC,22,2025-12-01,0.0033086878397272645,0.003849364188293655
rf,y_XLC,20,2025-12-02,-0.000867835928061722,-0.002187651135953636
rf,y_XLC,21,2025-12-02,-0.000867835928061722,-0.0014951112231384354
rf,y_XLC,22,2025-12-02,-0.000867835928061722,-0.0030820716467331597
rf,y_XLC,20,2025-12-03,0.00573262567924826,0.000647983672827678
rf,y_XLC,21,2025-12-03,0.00573262567924826,0.002259280306533578
rf,y_XLC,22,2025-12-03,0.00573262567924826,0.0009653126882574535
rf,y_XLC,20,2025-12-04,0.011572693862949013,0.0026044913563903565
rf,y_XLC,21,2025-12-04,0.011572693862949013,0.002079881446696962
rf,y_XLC,22,2025-12-04,0.011572693862949013,0.0010842822256694955
rf,y_XLC,20,2025-12-08,0.0011181586355302198,0.01846081160854683
rf,y_XLC,21,2025-12-08,0.0011181586355302198,0.017799661607187846
rf,y_XLC,22,2025-12-08,0.0011181586355302198,0.01607545420871034
rf,y_XLC,20,2025-12-09,0.005842403402497531,-0.00041880501253356665
rf,y_XLC,21,2025-12-09,0.005842403402497531,-0.0004984372251605677
rf,y_XLC,22,2025-12-09,0.005842403402497531,-0.0017270345217617453
rf,y_XLC,20,2025-12-10,-0.0022209098178808118,0.001747425108281365
rf,y_XLC,21,2025-12-10,-0.0022209098178808118,0.0004926627551934931
rf,y_XLC,22,2025-12-10,-0.0022209098178808118,-0.0013318775592960556
rf,y_XLC,20,2025-12-11,-0.0022257877111721003,-0.00046488371996277383
rf,y_XLC,21,2025-12-11,-0.0022257877111721003,-0.0012765461424697024
rf,y_XLC,22,2025-12-11,-0.0022257877111721003,0.000692848676556354
rf,y_XLC,21,2025-12-15,0.0006863536505308243,-0.0001302495913930557
rf,y_XLC,22,2025-12-15,0.0006863536505308243,-0.0017458391297664817
rf,y_XLC,23,2025-12-15,0.0006863536505308243,-0.0032160308294210027
rf,y_XLC,21,2025-12-16,-0.007201081402350762,0.0009039424120076411
rf,y_XLC,22,2025-12-16,-0.007201081402350762,0.0020100408384538886
rf,y_XLC,23,2025-12-16,-0.007201081402350762,0.005238508140297738
rf,y_XLC,21,2025-12-17,0.005699031721761338,0.0015527942865892366
rf,y_XLC,22,2025-12-17,0.005699031721761338,0.0006551111911027891
rf,y_XLC,23,2025-12-17,0.005699031721761338,-0.0004143587572083903
rf,y_XLC,21,2025-12-18,0.0004292653844522043,0.0014139316288054927
rf,y_XLC,22,2025-12-18,0.0004292653844522043,0.0026124638717316987
rf,y_XLC,23,2025-12-18,0.0004292653844522043,0.0008258329722790003
rf,y_XLC,21,2025-12-23,0.005963003253102617,0.007896676632063932
rf,y_XLC,22,2025-12-23,0.005963003253102617,0.008381676525931766
rf,y_XLC,23,2025-12-23,0.005963003253102617,0.007485688012296302
rf,y_XLC,21,2025-12-29,0.003393006429297074,0.0010052483690951158
rf,y_XLC,22,2025-12-29,0.003393006429297074,3.7482347909694365e-05
rf,y_XLC,23,2025-12-29,0.003393006429297074,-0.0014020488442488793
rf,y_XLC,21,2025-12-30,-0.004818663373172716,-0.0016147606395811142
rf,y_XLC,22,2025-12-30,-0.004818663373172716,-0.003540340845689527
rf,y_XLC,23,2025-12-30,-0.004818663373172716,-0.0027701689831194864
rf,y_XLC,22,2026-01-05,-0.0035668634305335845,-0.000867611176098626
rf,y_XLC,23,2026-01-05,-0.0035668634305335845,-0.00344690552092246
rf,y_XLC,24,2026-01-05,-0.0035668634305335845,-0.004088701078600382
rf,y_XLC,22,2026-01-06,-0.00204555944275564,-0.0026991550096231555
rf,y_XLC,23,2026-01-06,-0.00204555944275564,-0.0035274026813771242
rf,y_XLC,24,2026-01-06,-0.00204555944275564,-0.00525784465235497
rf,y_XLC,22,2026-01-07,0.003330831251523003,0.0024273685567468227
rf,y_XLC,23,2026-01-07,0.003330831251523003,0.004119353138167061
rf,y_XLC,24,2026-01-07,0.003330831251523003,0.0030006909226893844
rf,y_XLC,22,2026-01-08,0.0036601999735166313,0.0013539049090008526
rf,y_XLC,23,2026-01-08,0.0036601999735166313,0.001766758436711512
rf,y_XLC,24,2026-01-08,0.0036601999735166313,0.0030250086458316968
rf,y_XLC,22,2026-01-12,-0.00561466307932601,-0.001095863158439465
rf,y_XLC,23,2026-01-12,-0.00561466307932601,-0.00025299779637350434
rf,y_XLC,24,2026-01-12,-0.00561466307932601,-0.0023295605376534357
rf,y_XLC,22,2026-01-13,-0.0021387629506834926,-0.0015519093034522175
rf,y_XLC,23,2026-01-13,-0.0021387629506834926,-0.0022924353347184715
rf,y_XLC,24,2026-01-13,-0.0021387629506834926,-0.003533260181234919
rf,y_XLC,22,2026-01-14,-0.0036865595629790304,0.0012213838117023739
rf,y_XLC,23,2026-01-14,-0.0036865595629790304,0.0012073337803635935
rf,y_XLC,24,2026-01-14,-0.0036865595629790304,0.002884621935666526
rf,y_XLC,22,2026-01-15,-0.008949323842360246,-0.0014625843627123815
rf,y_XLC,23,2026-01-15,-0.008949323842360246,-1.0235022830623608e-06
rf,y_XLC,24,2026-01-15,-0.008949323842360246,0.0002659594372243686
rf,y_XLC,22,2026-01-21,0.014132450365506255,0.0017296713506645134
rf,y_XLC,23,2026-01-21,0.014132450365506255,0.0023138617675457765
rf,y_XLC,24,2026-01-21,0.014132450365506255,0.0029013031878262307
rf,y_XLC,22,2026-01-22,0.006107519006216311,-0.0016269327765168669
rf,y_XLC,23,2026-01-22,0.006107519006216311,0.0002680374799975812
rf,y_XLC,24,2026-01-22,0.006107519006216311,0.000306708835136917
rf,y_XLC,23,2026-01-26,-0.007387239042081828,0.001353962064447912
rf,y_XLC,24,2026-01-26,-0.007387239042081828,0.0022397938339564077
rf,y_XLC,23,2026-01-27,-0.00128316102584225,0.008114479147287327
rf,y_XLC,24,2026-01-27,-0.00128316102584225,0.005214055231990584
rf,y_XLC,23,2026-01-28,0.026038551738992277,0.0019882572315010265
rf,y_XLC,24,2026-01-28,0.026038551738992277,0.0015828568259341166
rf,y_XLC,23,2026-01-29,0.002420910871616222,-0.0017290129476070883
rf,y_XLC,24,2026-01-29,0.002420910871616222,-0.0002701375270404538
rf,y_XLC,23,2026-02-02,-0.016127687262526003,-0.004648945033844613
rf,y_XLC,24,2026-02-02,-0.016127687262526003,-0.0036053857570276433
rf,y_XLC,23,2026-02-03,-0.007983648964384527,0.002459174696315592
rf,y_XLC,24,2026-02-03,-0.007983648964384527,-0.0015755756286197594
rf,y_XLC,23,2026-02-04,-0.005051403697512669,0.00018292546518950588
rf,y_XLC,24,2026-02-04,-0.005051403697512669,-0.0012626346670134402
rf,y_XLC,23,2026-02-05,-0.0038722739160773623,8.641779012310557e-05
rf,y_XLC,24,2026-02-05,-0.0038722739160773623,-0.00036542312707399014
rf,y_XLC,23,2026-02-09,0.00598908790285968,-0.004070153202683109
rf,y_XLC,24,2026-02-09,0.00598908790285968,-0.004613410316654737
rf,y_XLC,23,2026-02-10,-0.00714410575101132,0.00033001615736362824
rf,y_XLC,24,2026-02-10,-0.00714410575101132,0.0006855289535787003
rf,y_XLC,23,2026-02-11,-0.017988680080084363,0.006128499774959305
rf,y_XLC,24,2026-02-11,-0.017988680080084363,0.004473751333776184
rf,y_XLC,23,2026-02-12,-0.000523356236158401,-0.0028761045655483855
rf,y_XLC,24,2026-02-12,-0.000523356236158401,-0.0029995299247293624
rf,y_XLC,24,2026-02-17,0.0016607937891393032,-0.0034051604563343552
rf,y_XLC,24,2026-02-18,0.004799747528885678,-0.004190339484881354
rf,y_XLC,24,2026-02-19,0.014417263078938314,5.5828924364909975e-05
rf,y_XLC,24,2026-02-23,0.006934839177575647,0.0021121758796404555
rf,y_XLC,24,2026-02-24,0.0029269656264785393,0.004283408043153621
rf,y_XLC,24,2026-02-25,0.0018884224953057416,0.0004895163213841332
rf,y_XLC,24,2026-02-26,0.011394806521118905,0.003693527623955681
rf,y_XLC,24,2026-03-02,0.0007635219800927739,-0.011968439413379005
rf,y_XLC,24,2026-03-03,0.007036299063213125,-0.002478679382835522
rf,y_XLC,24,2026-03-04,-0.002946363089684545,0.002166813018746058
rf,y_XLC,24,2026-03-05,-0.008274259850833743,-0.001593029497321983
rf,y_XLE,0,2024-08-05,0.0061308513333226955,0.0006142099116862754
rf,y_XLE,0,2024-08-06,0.004023775304114796,0.006265439238389315
rf,y_XLE,0,2024-08-07,0.021527542183078063,-0.0017732435690154009
rf,y_XLE,0,2024-08-08,0.002241991290100609,-0.00023277374797172346
rf,y_XLE,0,2024-08-12,-0.00968276136238122,0.005962043600230818
rf,y_XLE,0,2024-08-13,0.005843920328309604,0.004617840470634692
rf,y_XLE,0,2024-08-14,0.01195526462180485,-0.0014855573721375027
rf,y_XLE,0,2024-08-15,-0.0011039415927895924,0.0030875631226774695
rf,y_XLE,0,2024-08-19,-0.026350551463097616,0.006486946983909505
rf,y_XLE,0,2024-08-20,0.0016915204683649598,-0.0003852113879565161
rf,y_XLE,0,2024-08-21,0.002589260825728301,0.0061243175311862475
rf,y_XLE,0,2024-08-22,0.014933708866977868,0.0040965103890066865
rf,y_XLE,0,2024-08-26,-0.009320133129440134,0.003933472403174942
rf,y_XLE,1,2024-08-26,-0.009320133129440134,0.002799770099082959
rf,y_XLE,0,2024-08-27,-0.006419480655098231,0.0036940870744298663
rf,y_XLE,1,2024-08-27,-0.006419480655098231,0.004334049394388136
rf,y_XLE,0,2024-08-28,0.01303344302955134,0.0036837053586609696
rf,y_XLE,1,2024-08-28,0.01303344302955134,0.0025126345818070922
rf,y_XLE,0,2024-08-29,0.0037386406858141985,-0.0004440098258624394
rf,y_XLE,1,2024-08-29,0.0037386406858141985,0.0056787644170094706
rf,y_XLE,0,2024-09-03,-0.013818807768049668,0.002138660030886183
rf,y_XLE,1,2024-09-03,-0.013818807768049668,0.0008926814005241812
rf,y_XLE,0,2024-09-04,-0.007746549420837523,0.00507558199570213
rf,y_XLE,1,2024-09-04,-0.007746549420837523,0.007944691976437981
rf,y_XLE,0,2024-09-05,-0.012514398488310596,-0.0006275065535110147
rf,y_XLE,1,2024-09-05,-0.012514398488310596,-0.0017519982933104777
rf,y_XLE,0,2024-09-09,-0.017199631501240153,-0.0018909790896881032
rf,y_XLE,1,2024-09-09,-0.017199631501240153,0.0016363935640464316
rf,y_XLE,0,2024-09-10,-0.009278882809441558,0.0018499659613198493
rf,y_XLE,1,2024-09-10,-0.009278882809441558,0.0018285856810044095
rf,y_XLE,0,2024-09-11,0.009010078344251493,0.002404608122905616
rf,y_XLE,1,2024-09-11,0.009010078344251493,0.0021181661659887044
rf,y_XLE,0,2024-09-12,0.005639666922565567,0.0009278435215437411
rf,y_XLE,1,2024-09-12,0.005639666922565567,0.001683788880455491
rf,y_XLE,2,2024-09-12,0.005639666922565567,-0.0008598273464921582
rf,y_XLE,0,2024-09-16,0.013514936237957631,-1.8976598067687218e-05
rf,y_XLE,1,2024-09-16,0.013514936237957631,0.0025612775019826016
rf,y_XLE,2,2024-09-16,0.013514936237957631,0.0030264174668094934
rf,y_XLE,0,2024-09-17,0.0019375887745565201,-0.003260266845860623
rf,y_XLE,1,2024-09-17,0.0019375887745565201,-0.004467873533742338
rf,y_XLE,2,2024-09-17,0.0019375887745565201,-0.00476491731978782
rf,y_XLE,0,2024-09-18,0.011943989712195124,-0.0014854412793756451
rf,y_XLE,1,2024-09-18,0.011943989712195124,-0.0012698703303579398
rf,y_XLE,2,2024-09-18,0.011943989712195124,-0.002147004958287526
rf,y_XLE,0,2024-09-19,-0.002248111735721703,0.003433957260031137
rf,y_XLE,1,2024-09-19,-0.002248111735721703,0.001036761210311446
rf,y_XLE,2,2024-09-19,-0.002248111735721703,0.001550087645646526
rf,y_XLE,0,2024-09-23,-0.002468702309007864,0.0025320855819240752
rf,y_XLE,1,2024-09-23,-0.002468702309007864,0.002174084254277382
rf,y_XLE,2,2024-09-23,-0.002468702309007864,0.002150408115194065
rf,y_XLE,0,2024-09-24,-0.019572414607229915,-0.0016321455781917146
rf,y_XLE,1,2024-09-24,-0.019572414607229915,-0.0037276876151111343
rf,y_XLE,2,2024-09-24,-0.019572414607229915,-0.0013492891902648805
rf,y_XLE,0,2024-09-25,-0.019619257641427468,-0.0020570661290448228
rf,y_XLE,1,2024-09-25,-0.019619257641427468,0.0017035487057216311
rf,y_XLE,2,2024-09-25,-0.019619257641427468,-0.0014397679689314399
rf,y_XLE,0,2024-09-26,0.02036292052097899,0.002314735496125647
rf,y_XLE,1,2024-09-26,0.02036292052097899,0.0015292023628345724
rf,y_XLE,2,2024-09-26,0.02036292052097899,0.0016269429852307227
rf,y_XLE,0,2024-09-30,0.022779006152215286,0.004588049234488424
rf,y_XLE,1,2024-09-30,0.022779006152215286,0.003694985193385561
rf,y_XLE,2,2024-09-30,0.022779006152215286,0.006383997745110095
rf,y_XLE,0,2024-10-01,0.010245096485526073,0.0015952832160504007
rf,y_XLE,1,2024-10-01,0.010245096485526073,0.0039493858947480965
rf,y_XLE,2,2024-10-01,0.010245096485526073,0.0016250571068692414
rf,y_XLE,0,2024-10-02,0.017636654318403,0.003999129296527926
rf,y_XLE,1,2024-10-02,0.017636654318403,0.008091413771369736
rf,y_XLE,2,2024-10-02,0.017636654318403,0.004177424657642175
rf,y_XLE,0,2024-10-03,0.009315426270464888,-0.0005788593941559542
rf,y_XLE,1,2024-10-03,0.009315426270464888,-0.003131752248428575
rf,y_XLE,2,2024-10-03,0.009315426270464888,-0.0004888153253306049
rf,y_XLE,1,2024-10-07,-0.026093489142903437,0.007543621828606867
rf,y_XLE,2,2024-10-07,-0.026093489142903437,0.007363890689803962
rf,y_XLE,3,2024-10-07,-0.026093489142903437,0.006884774299192691
rf,y_XLE,1,2024-10-08,0.006039212892686718,0.0016513046254555473
rf,y_XLE,2,2024-10-08,0.006039212892686718,0.00020294368327385958
rf,y_XLE,3,2024-10-08,0.006039212892686718,0.0018493383822039873
rf,y_XLE,1,2024-10-09,0.006767105328696177,0.003908584090848849
rf,y_XLE,2,2024-10-09,0.006767105328696177,0.0020021172791616507
rf,y_XLE,3,2024-10-09,0.006767105328696177,0.0026094854623161393
rf,y_XLE,1,2024-10-10,0.0061795561200574944,0.003979943830665257
rf,y_XLE,2,2024-10-10,0.0061795561200574944,0.0037020661975784453
rf,y_XLE,3,2024-10-10,0.0061795561200574944,0.0044275656783395205
rf,y_XLE,1,2024-10-14,-0.032230178883911775,-0.0011096544322704053
rf,y_XLE,2,2024-10-14,-0.032230178883911775,0.00058277520668422
rf,y_XLE,3,2024-10-14,-0.032230178883911775,0.0018306384210669436
rf,y_XLE,1,2024-10-15,0.004789442098403596,0.002950489330566952
rf,y_XLE,2,2024-10-15,0.004789442098403596,0.0028060251006887275
rf,y_XLE,3,2024-10-15,0.004789442098403596,0.0023179958568234904
rf,y_XLE,1,2024-10-16,0.004766700814831992,-0.00019160439544591384
rf,y_XLE,2,2024-10-16,0.004766700814831992,0.0001143339444751923
rf,y_XLE,3,2024-10-16,0.004766700814831992,0.0010458557629589701
rf,y_XLE,1,2024-10-17,-0.0033098792549732803,0.011269946248181981
rf,y_XLE,2,2024-10-17,-0.0033098792549732803,0.006302872317454759
rf,y_XLE,3,2024-10-17,-0.0033098792549732803,0.007649107933830111
rf,y_XLE,1,2024-10-21,0.0023315340017875386,-0.004370697138213677
rf,y_XLE,2,2024-10-21,0.0023315340017875386,-0.004956470423911079
rf,y_XLE,3,2024-10-21,0.0023315340017875386,-0.0009361604433136124
rf,y_XLE,1,2024-10-22,-0.005205964790783946,0.0002616963005641293
rf,y_XLE,2,2024-10-22,-0.005205964790783946,0.00044966369368066954
rf,y_XLE,3,2024-10-22,-0.005205964790783946,0.0003388063822500065
rf,y_XLE,1,2024-10-23,-0.00011136370074482649,6.75041130761463e-05
rf,y_XLE,2,2024-10-23,-0.00011136370074482649,0.0008814607771958259
rf,y_XLE,3,2024-10-23,-0.00011136370074482649,0.0034189678698839337
rf,y_XLE,1,2024-10-24,-0.00033403977773671656,-0.0013893690491517212
rf,y_XLE,2,2024-10-24,-0.00033403977773671656,0.00011740175717221782
rf,y_XLE,3,2024-10-24,-0.00033403977773671656,0.00035044529574707235
rf,y_XLE,2,2024-10-28,-0.015246630136527273,0.0013529796134260244
rf,y_XLE,3,2024-10-28,-0.015246630136527273,0.003772684844418149
rf,y_XLE,4,2024-10-28,-0.015246630136527273,0.0022176273573118327
rf,y_XLE,2,2024-10-29,0.0022768633627650026,0.0016283511450437252
rf,y_XLE,3,2024-10-29,0.0022768633627650026,0.0026960563547627566
rf,y_XLE,4,2024-10-29,0.0022768633627650026,0.0004917919683478128
rf,y_XLE,2,2024-10-30,0.006247150339873109,0.004000181433519759
rf,y_XLE,3,2024-10-30,0.006247150339873109,0.004037377395286616
rf,y_XLE,4,2024-10-30,0.006247150339873109,0.004455716049942966
rf,y_XLE,2,2024-10-31,-0.0063212630715896445,0.0006252555527444775
rf,y_XLE,3,2024-10-31,-0.0063212630715896445,0.0009258532551700116
rf,y_XLE,4,2024-10-31,-0.0063212630715896445,0.0012599647777038795
rf,y_XLE,2,2024-11-04,0.006698660489806052,-0.00070729333379696
rf,y_XLE,3,2024-11-04,0.006698660489806052,-0.0017732478104053762
rf,y_XLE,4,2024-11-04,0.006698660489806052,-2.0941153947010015e-05
rf,y_XLE,2,2024-11-05,0.037595662199719326,-0.00016746879053386362
rf,y_XLE,3,2024-11-05,0.037595662199719326,-0.0012382111411342036
rf,y_XLE,4,2024-11-05,0.037595662199719326,0.0020437874214210717
rf,y_XLE,2,2024-11-06,-0.004596024675739163,-0.0008082209572706768
rf,y_XLE,3,2024-11-06,-0.004596024675739163,0.0008018417976923458
rf,y_XLE,4,2024-11-06,-0.004596024675739163,0.0007779510148016496
rf,y_XLE,2,2024-11-07,0.006657469623720935,-0.0001292205595442954
rf,y_XLE,3,2024-11-07,0.006657469623720935,0.002904734416550751
rf,y_XLE,4,2024-11-07,0.006657469623720935,4.2119685861157406e-05
rf,y_XLE,2,2024-11-11,-0.005303343400044347,0.006278527216761828
rf,y_XLE,3,2024-11-11,-0.005303343400044347,0.0040796663170101725
rf,y_XLE,4,2024-11-11,-0.005303343400044347,0.0061228036412978
rf,y_XLE,2,2024-11-12,0.0077842990989827054,0.0030249468187668067
rf,y_XLE,3,2024-11-12,0.0077842990989827054,0.002229945933598541
rf,y_XLE,4,2024-11-12,0.0077842990989827054,0.0023343089528652145
rf,y_XLE,2,2024-11-13,0.0038090469576079755,-0.003926988158767531
rf,y_XLE,3,2024-11-13,0.0038090469576079755,-0.001590113810034279
rf,y_XLE,4,2024-11-13,0.0038090469576079755,-0.003608355132301963
rf,y_XLE,2,2024-11-14,-0.0014756844346592857,0.0037962269900970974
rf,y_XLE,3,2024-11-14,-0.0014756844346592857,0.005496716373617692
rf,y_XLE,4,2024-11-14,-0.0014756844346592857,0.002704998405439597
rf,y_XLE,3,2024-11-18,-0.006354752472762737,0.005832404406613359
rf,y_XLE,4,2024-11-18,-0.006354752472762737,0.002751924923516453
rf,y_XLE,5,2024-11-18,-0.006354752472762737,-4.689622570087278e-05
rf,y_XLE,3,2024-11-19,0.010064920017777812,0.004326265196954833
rf,y_XLE,4,2024-11-19,0.010064920017777812,0.005386063881960234
rf,y_XLE,5,2024-11-19,0.010064920017777812,0.002868025833698389
rf,y_XLE,3,2024-11-20,0.008096444991377849,0.0025804914238264595
rf,y_XLE,4,2024-11-20,0.008096444991377849,0.0018822471145157485
rf,y_XLE,5,2024-11-20,0.008096444991377849,0.0011703171801410895
rf,y_XLE,3,2024-11-21,0.0015443966137553833,-0.001732876216931938
rf,y_XLE,4,2024-11-21,0.0015443966137553833,0.00040588024698025765
rf,y_XLE,5,2024-11-21,0.0015443966137553833,0.0007134384394236276
rf,y_XLE,3,2024-11-25,-0.001363445762299298,-0.005783788038753806
rf,y_XLE,4,2024-11-25,-0.001363445762299298,-0.006052873230775363
rf,y_XLE,5,2024-11-25,-0.001363445762299298,-0.00441829662776771
rf,y_XLE,3,2024-11-26,-0.0010501143419804349,0.0025009614248584786
rf,y_XLE,4,2024-11-26,-0.0010501143419804349,0.002686894096036557
rf,y_XLE,5,2024-11-26,-0.0010501143419804349,0.00011088170728293564
rf,y_XLE,3,2024-12-02,-0.00010564614731378708,0.0015612428674315606
rf,y_XLE,4,2024-12-02,-0.00010564614731378708,0.002288452297369547
rf,y_XLE,5,2024-12-02,-0.00010564614731378708,0.0018449220451087914
rf,y_XLE,3,2024-12-03,-0.024124440756533305,-0.0030454444978004775
rf,y_XLE,4,2024-12-03,-0.024124440756533305,-0.0013398269806845404
rf,y_XLE,5,2024-12-03,-0.024124440756533305,0.0021719889521332487
rf,y_XLE,3,2024-12-04,0.0039032097089928275,0.003754633868222414
rf,y_XLE,4,2024-12-04,0.0039032097089928275,-0.00013403087382935774
rf,y_XLE,5,2024-12-04,0.0039032097089928275,0.00028820766768222577
rf,y_XLE,3,2024-12-05,-0.016956395888747644,0.00658054073068157
rf,y_XLE,4,2024-12-05,-0.016956395888747644,0.00609228431929388
rf,y_XLE,5,2024-12-05,-0.016956395888747644,0.008023019839572173
rf,y_XLE,4,2024-12-09,-0.006822870382610979,0.0016044216961976858
rf,y_XLE,5,2024-12-09,-0.006822870382610979,0.0014036974753031737
rf,y_XLE,6,2024-12-09,-0.006822870382610979,0.00048358765087650656
rf,y_XLE,4,2024-12-10,0.0016619589868058782,0.008404108054453305
rf,y_XLE,5,2024-12-10,0.0016619589868058782,0.008348997360280535
rf,y_XLE,6,2024-12-10,0.0016619589868058782,0.007328702138392177
rf,y_XLE,4,2024-12-11,-0.008075261223531305,0.00043882457230458766
rf,y_XLE,5,2024-12-11,-0.008075261223531305,-0.0011499755106250435
rf,y_XLE,6,2024-12-11,-0.008075261223531305,0.0012560680351640966
rf,y_XLE,4,2024-12-12,-0.005018127073042944,0.000866798205893259
rf,y_XLE,5,2024-12-12,-0.005018127073042944,0.0008323390678939123
rf,y_XLE,6,2024-12-12,-0.005018127073042944,0.00012211455332330757
rf,y_XLE,4,2024-12-16,-0.007449081738816421,0.001690787447185312
rf,y_XLE,5,2024-12-16,-0.007449081738816421,0.0029570080929126772
rf,y_XLE,6,2024-12-16,-0.007449081738816421,-0.0007428776232889105
rf,y_XLE,4,2024-12-17,-0.029557667680115585,0.004460061764825594
rf,y_XLE,5,2024-12-17,-0.029557667680115585,0.00429296308676444
rf,y_XLE,6,2024-12-17,-0.029557667680115585,0.0037857861078928984
rf,y_XLE,4,2024-12-18,-0.008685348331939235,-0.003259298109889853
rf,y_XLE,5,2024-12-18,-0.008685348331939235,-0.004922481372549457
rf,y_XLE,6,2024-12-18,-0.008685348331939235,-0.005329367165261243
rf,y_XLE,4,2024-12-19,0.009841596479849724,-0.0027515401063299655
rf,y_XLE,5,2024-12-19,0.009841596479849724,-0.0014118204787752571
rf,y_XLE,6,2024-12-19,0.009841596479849724,-0.0005607954169034386
rf,y_XLE,4,2024-12-23,0.008459417192344887,-0.0006596328342619852
rf,y_XLE,5,2024-12-23,0.008459417192344887,-0.0017517135283060185
rf,y_XLE,6,2024-12-23,0.008459417192344887,-0.003211138069123945
rf,y_XLE,4,2024-12-26,-0.00011830545199809084,0.0014155090271870062
rf,y_XLE,5,2024-12-26,-0.00011830545199809084,0.000498366896523735
rf,y_XLE,6,2024-12-26,-0.00011830545199809084,-0.0011431266747517598
rf,y_XLE,5,2024-12-30,0.013128296656031324,-0.0002593392439621515
rf,y_XLE,6,2024-12-30,0.013128296656031324,-0.0013521476513767598
rf,y_XLE,7,2024-12-30,0.013128296656031324,0.0004290268330310598
rf,y_XLE,5,2025-01-02,0.009346810465523658,-0.006585901492283427
rf,y_XLE,6,2025-01-02,0.009346810465523658,-0.003499803609430412
rf,y_XLE,7,2025-01-02,0.009346810465523658,-0.004165111043836435
rf,y_XLE,5,2025-01-06,0.009992068680033217,0.004859986116096833
rf,y_XLE,6,2025-01-06,0.009992068680033217,0.00213092985087918
rf,y_XLE,7,2025-01-06,0.009992068680033217,0.0004941484527384826
rf,y_XLE,5,2025-01-07,0.001023408210235166,0.0002554610537603123
rf,y_XLE,6,2025-01-07,0.001023408210235166,-0.0018354516403927194
rf,y_XLE,7,2025-01-07,0.001023408210235166,0.00024727010705559807
rf,y_XLE,5,2025-01-13,0.010747979190166568,0.0011047440128844612
rf,y_XLE,6,2025-01-13,0.010747979190166568,-0.0013710466727200822
rf,y_XLE,7,2025-01-13,0.010747979190166568,0.003625248324765263
rf,y_XLE,5,2025-01-14,0.014799229070330266,0.003470955535733409
rf,y_XLE,6,2025-01-14,0.014799229070330266,0.003928751235154908
rf,y_XLE,7,2025-01-14,0.014799229070330266,0.003356064803899435
rf,y_XLE,5,2025-01-15,0.007237875189941123,-0.0013841537211427084
rf,y_XLE,6,2025-01-15,0.007237875189941123,-0.0008379389327566553
rf,y_XLE,7,2025-01-15,0.007237875189941123,-0.0032098518219638374
rf,y_XLE,5,2025-01-16,0.007721965606004133,0.0010846354018015194
rf,y_XLE,6,2025-01-16,0.007721965606004133,-0.001373911591745694
rf,y_XLE,7,2025-01-16,0.007721965606004133,-0.00210373206446407
rf,y_XLE,6,2025-01-21,-0.018185776093498807,-0.003188029808685766
rf,y_XLE,7,2025-01-21,-0.018185776093498807,0.0006340657502796702
rf,y_XLE,8,2025-01-21,-0.018185776093498807,-0.0004248842515974627
rf,y_XLE,6,2025-01-22,0.004576171727521006,0.003822436905477634
rf,y_XLE,7,2025-01-22,0.004576171727521006,0.00607259535429215
rf,y_XLE,8,2025-01-22,0.004576171727521006,0.0066743837109751025
rf,y_XLE,6,2025-01-23,-0.009652799535907586,-0.0005707101555445089
rf,y_XLE,7,2025-01-23,-0.009652799535907586,-0.0015291601503765906
rf,y_XLE,8,2025-01-23,-0.009652799535907586,-0.0004061782421591683
rf,y_XLE,6,2025-01-27,-0.009517533083066798,0.00796230914796416
rf,y_XLE,7,2025-01-27,-0.009517533083066798,0.008923973786644631
rf,y_XLE,8,2025-01-27,-0.009517533083066798,0.008384362267548778
rf,y_XLE,6,2025-01-28,0.0022346296863511306,0.0033497558276583683
rf,y_XLE,7,2025-01-28,0.0022346296863511306,0.005902850929037516
rf,y_XLE,8,2025-01-28,0.0022346296863511306,0.004634633802198626
rf,y_XLE,6,2025-01-29,0.005128267781979501,-0.0005853780753380564
rf,y_XLE,7,2025-01-29,0.005128267781979501,-0.002813176458456266
rf,y_XLE,8,2025-01-29,0.005128267781979501,-0.003845768005263592
rf,y_XLE,6,2025-01-30,-0.027950376551716505,-0.00240240957179201
rf,y_XLE,7,2025-01-30,-0.027950376551716505,-0.0019153578855956228
rf,y_XLE,8,2025-01-30,-0.027950376551716505,0.0012047844642795022
rf,y_XLE,6,2025-02-03,0.020977478663444016,0.0036092050389398417
rf,y_XLE,7,2025-02-03,0.020977478663444016,0.0024064288811877833
rf,y_XLE,8,2025-02-03,0.020977478663444016,0.0021950557322265854
rf,y_XLE,6,2025-02-04,0.002110196956094157,0.00047750654848250826
rf,y_XLE,7,2025-02-04,0.002110196956094157,0.00013886654742014762
rf,y_XLE,8,2025-02-04,0.002110196956094157,0.0025030584169942055
rf,y_XLE,6,2025-02-05,-0.01839744642776009,-0.0032390973932136338
rf,y_XLE,7,2025-02-05,-0.01839744642776009,-0.002472491938174045
rf,y_XLE,8,2025-02-05,-0.01839744642776009,-0.000969851688831692
rf,y_XLE,6,2025-02-06,-0.00011296253551662527,-0.001532760283335836
rf,y_XLE,7,2025-02-06,-0.00011296253551662527,-0.002362511300849913
rf,y_XLE,8,2025-02-06,-0.00011296253551662527,-0.0013785780557781088
rf,y_XLE,7,2025-02-10,0.008065419533350271,-0.002571099752437546
rf,y_XLE,8,2025-02-10,0.008065419533350271,-0.0005965338091512127
rf,y_XLE,9,2025-02-10,0.008065419533350271,7.883872030568506e-05
rf,y_XLE,7,2025-02-11,-0.024112237462998398,-0.004610194131971377
rf,y_XLE,8,2025-02-11,-0.024112237462998398,-0.006775038044839499
rf,y_XLE,9,2025-02-11,-0.024112237462998398,-0.004284740452435395
rf,y_XLE,7,2025-02-12,0.007524643097674755,-0.0036308153822302773
rf,y_XLE,8,2025-02-12,0.007524643097674755,-0.0025967112939916316
rf,y_XLE,9,2025-02-12,0.007524643097674755,-0.0032225538800712116
rf,y_XLE,7,2025-02-13,0.004012864720494669,0.00031851710411701464
rf,y_XLE,8,2025-02-13,0.004012864720494669,0.00038753901632031885
rf,y_XLE,9,2025-02-13,0.004012864720494669,0.0015699612473182051
rf,y_XLE,7,2025-02-18,0.007885959968822132,0.001988769711143126
rf,y_XLE,8,2025-02-18,0.007885959968822132,0.0019657945905427318
rf,y_XLE,9,2025-02-18,0.007885959968822132,0.0015993996298828686
rf,y_XLE,7,2025-02-19,0.009128472571485524,-0.00046890689920206323
rf,y_XLE,8,2025-02-19,0.009128472571485524,0.0012042139102983887
rf,y_XLE,9,2025-02-19,0.009128472571485524,0.0022194125782218355
rf,y_XLE,7,2025-02-20,-0.020783947204331854,0.0025744201005343478
rf,y_XLE,8,2025-02-20,-0.020783947204331854,0.004910104455880748
rf,y_XLE,9,2025-02-20,-0.020783947204331854,0.005796689521291019
rf,y_XLE,7,2025-02-24,-0.014403484284976287,-0.00167098027619992
rf,y_XLE,8,2025-02-24,-0.014403484284976287,0.00017122539132460128
rf,y_XLE,9,2025-02-24,-0.014403484284976287,0.00010745343624036415
rf,y_XLE,7,2025-02-25,-0.0056894187418702336,0.0005272344818760978
rf,y_XLE,8,2025-02-25,-0.0056894187418702336,0.0006434794583713571
rf,y_XLE,9,2025-02-25,-0.0056894187418702336,-0.0008860447130624755
rf,y_XLE,7,2025-02-26,0.005385303517316142,0.00569657886773572
rf,y_XLE,8,2025-02-26,0.005385303517316142,0.005902407760671352
rf,y_XLE,9,2025-02-26,0.005385303517316142,0.009494621230033492
rf,y_XLE,7,2025-02-27,0.015511642420221516,-0.004921217441604467
rf,y_XLE,8,2025-02-27,0.015511642420221516,-0.0005606123001274619
rf,y_XLE,9,2025-02-27,0.015511642420221516,0.000979592307175229
rf,y_XLE,8,2025-03-03,-0.009678879537496576,0.0013005348242118686
rf,y_XLE,9,2025-03-03,-0.009678879537496576,0.0029761203760501065
rf,y_XLE,10,2025-03-03,-0.009678879537496576,-0.0031279659077021868
rf,y_XLE,8,2025-03-04,-0.014602829367314052,-2.192890087846603e-05
rf,y_XLE,9,2025-03-04,-0.014602829367314052,-0.0007496991842840704
rf,y_XLE,10,2025-03-04,-0.014602829367314052,-7.348017764496339e-05
rf,y_XLE,8,2025-03-05,0.003033820144153543,-0.0014426573198738533
rf,y_XLE,9,2025-03-05,0.003033820144153543,-0.0014600986349573872
rf,y_XLE,10,2025-03-05,0.003033820144153543,-0.0018343387574443323
rf,y_XLE,8,2025-03-06,0.017101065408050786,-0.003368435758845682
rf,y_XLE,9,2025-03-06,0.017101065408050786,-0.0014080751069610994
rf,y_XLE,10,2025-03-06,0.017101065408050786,-0.004346041700549552
rf,y_XLE,8,2025-03-10,-0.00794742913387203,0.0008045803064322954
rf,y_XLE,9,2025-03-10,-0.00794742913387203,0.0018251416510653346
rf,y_XLE,10,2025-03-10,-0.00794742913387203,0.0025476160116996217
rf,y_XLE,8,2025-03-11,0.004577782465690072,-0.0006505287875344407
rf,y_XLE,9,2025-03-11,0.004577782465690072,0.0017027833519466591
rf,y_XLE,10,2025-03-11,0.004577782465690072,0.002092105686537942
rf,y_XLE,8,2025-03-12,-0.006835158257715412,0.006325693949431656
rf,y_XLE,9,2025-03-12,-0.006835158257715412,0.006326614337827154
rf,y_XLE,10,2025-03-12,-0.006835158257715412,0.006390478182963803
rf,y_XLE,8,2025-03-13,0.029593908647804312,-0.0005635673030972437
rf,y_XLE,9,2025-03-13,0.029593908647804312,-0.002900175712092289
rf,y_XLE,10,2025-03-13,0.029593908647804312,-0.0010456948034975387
rf,y_XLE,8,2025-03-17,0.0016448902791177389,-0.02674761788465147
rf,y_XLE,9,2025-03-17,0.0016448902791177389,-0.02776936383191787
rf,y_XLE,10,2025-03-17,0.0016448902791177389,-0.024727337673371864
rf,y_XLE,8,2025-03-18,0.01631278535462566,0.0011190504043885044
rf,y_XLE,9,2025-03-18,0.01631278535462566,0.0035612328858006786
rf,y_XLE,10,2025-03-18,0.01631278535462566,0.0019890072841975163
rf,y_XLE,8,2025-03-19,0.003662520515312684,0.0007684291312726272
rf,y_XLE,9,2025-03-19,0.003662520515312684,-1.3940110380292192e-05
rf,y_XLE,10,2025-03-19,0.003662520515312684,0.00024413692246630462
rf,y_XLE,8,2025-03-20,-0.00697649327191463,0.008053225682345132
rf,y_XLE,9,2025-03-20,-0.00697649327191463,0.008039425966491992
rf,y_XLE,10,2025-03-20,-0.00697649327191463,0.009318241731106635
rf,y_XLE,9,2025-03-24,0.004092676448119059,0.005900522600634676
rf,y_XLE,10,2025-03-24,0.004092676448119059,0.00424566101108577
rf,y_XLE,11,2025-03-24,0.004092676448119059,0.006518994931927827
rf,y_XLE,9,2025-03-25,0.0058993423814586166,0.0007810492321481538
rf,y_XLE,10,2025-03-25,0.0058993423814586166,0.00016342775646460602
rf,y_XLE,11,2025-03-25,0.0058993423814586166,-0.0004210651271739261
rf,y_XLE,9,2025-03-26,-0.009703526888329539,0.003927092876394475
rf,y_XLE,10,2025-03-26,-0.009703526888329539,0.0032953914174297357
rf,y_XLE,11,2025-03-26,-0.009703526888329539,0.003580671478755866
rf,y_XLE,9,2025-03-27,-0.0047378190044133905,0.0026766554349653628
rf,y_XLE,10,2025-03-27,-0.0047378190044133905,0.0030064405773897
rf,y_XLE,11,2025-03-27,-0.0047378190044133905,0.0038291587604500576
rf,y_XLE,9,2025-03-31,0.005885454356105102,0.0043972475745961215
rf,y_XLE,10,2025-03-31,0.005885454356105102,0.0028056325357170325
rf,y_XLE,11,2025-03-31,0.005885454356105102,0.005944107816152961
rf,y_XLE,9,2025-04-01,0.0013829619454512887,0.0029948140074270825
rf,y_XLE,10,2025-04-01,0.0013829619454512887,0.002899130017884189
rf,y_XLE,11,2025-04-01,0.0013829619454512887,0.0010719645782879548
rf,y_XLE,9,2025-04-02,-0.07850844721450867,0.006356176664107966
rf,y_XLE,10,2025-04-02,-0.07850844721450867,0.004243389596376967
rf,y_XLE,11,2025-04-02,-0.07850844721450867,0.0026370278062095346
rf,y_XLE,9,2025-04-03,-0.09199903170306623,0.002596836035693792
rf,y_XLE,10,2025-04-03,-0.09199903170306623,0.0017636368109530981
rf,y_XLE,11,2025-04-03,-0.09199903170306623,0.004506172970572311
rf,y_XLE,9,2025-04-07,-0.023131030751194714,0.00032768888761735654
rf,y_XLE,10,2025-04-07,-0.023131030751194714,0.0018751240092137512
rf,y_XLE,11,2025-04-07,-0.023131030751194714,0.000801527941787028
rf,y_XLE,9,2025-04-08,0.07744638040551988,0.0032030961022575005
rf,y_XLE,10,2025-04-08,0.07744638040551988,0.003493337323874656
rf,y_XLE,11,2025-04-08,0.07744638040551988,0.003634854153447554
rf,y_XLE,9,2025-04-09,-0.06532292099357151,0.0017992067911948952
rf,y_XLE,10,2025-04-09,-0.06532292099357151,0.0033948652934700065
rf,y_XLE,11,2025-04-09,-0.06532292099357151,0.0023353640447725883
rf,y_XLE,9,2025-04-10,0.024811429255521045,-0.0007600580343036622
rf,y_XLE,10,2025-04-10,0.024811429255521045,0.00015717382379760355
rf,y_XLE,11,2025-04-10,0.024811429255521045,-0.00033908698469810317
rf,y_XLE,10,2025-04-14,-0.0015156312191966226,0.004029019987062828
rf,y_XLE,11,2025-04-14,-0.0015156312191966226,0.006172124026165145
rf,y_XLE,12,2025-04-14,-0.0015156312191966226,0.0054669466749768065
rf,y_XLE,10,2025-04-15,0.00822254317812443,0.003525110911857877
rf,y_XLE,11,2025-04-15,0.00822254317812443,0.005889694024397355
rf,y_XLE,12,2025-04-15,0.00822254317812443,0.0034160159579111043
rf,y_XLE,10,2025-04-16,0.022584659836744958,0.004302154669157125
rf,y_XLE,11,2025-04-16,0.022584659836744958,0.0024454141203898243
rf,y_XLE,12,2025-04-16,0.022584659836744958,0.001576660772451749
rf,y_XLE,10,2025-04-21,0.025450446165918184,0.005299250148204077
rf,y_XLE,11,2025-04-21,0.025450446165918184,0.0038868984983967477
rf,y_XLE,12,2025-04-21,0.025450446165918184,0.003231768367206769
rf,y_XLE,10,2025-04-22,-0.0018430075530242451,-0.0024941446371426904
rf,y_XLE,11,2025-04-22,-0.0018430075530242451,-0.003820575916892736
rf,y_XLE,12,2025-04-22,-0.0018430075530242451,-0.0022671871982251615
rf,y_XLE,10,2025-04-23,0.016001967552903285,0.0027231997625409353
rf,y_XLE,11,2025-04-23,0.016001967552903285,-0.002116128643676371
rf,y_XLE,12,2025-04-23,0.016001967552903285,0.0018918241513305011
rf,y_XLE,10,2025-04-24,-0.0018172348704746932,0.00039615885736052163
rf,y_XLE,11,2025-04-24,-0.0018172348704746932,0.00030610533024952037
rf,y_XLE,12,2025-04-24,-0.0018172348704746932,0.002463249287743579
rf,y_XLE,10,2025-04-28,-0.002892620037885818,-0.0016053081205992942
rf,y_XLE,11,2025-04-28,-0.002892620037885818,-0.001834305561687034
rf,y_XLE,12,2025-04-28,-0.002892620037885818,-0.0014089199414238363
rf,y_XLE,10,2025-04-29,-0.026955161508367187,-0.004688473338123478
rf,y_XLE,11,2025-04-29,-0.026955161508367187,-0.0028076368194306636
rf,y_XLE,12,2025-04-29,-0.026955161508367187,-0.00408559351907693
rf,y_XLE,10,2025-04-30,0.003726670167192303,0.002924747992212903
rf,y_XLE,11,2025-04-30,0.003726670167192303,0.0009317142437786021
rf,y_XLE,12,2025-04-30,0.003726670167192303,0.001004832737789523
rf,y_XLE,10,2025-05-01,0.014603954404578623,0.00395439441491832
rf,y_XLE,11,2025-05-01,0.014603954404578623,0.001676833487192934
rf,y_XLE,12,2025-05-01,0.014603954404578623,0.0005474277560064105
rf,y_XLE,11,2025-05-05,0.000248399325823323,0.0014238251854266739
rf,y_XLE,12,2025-05-05,0.000248399325823323,0.00216477919209739
rf,y_XLE,13,2025-05-05,0.000248399325823323,0.0021320099123631475
rf,y_XLE,11,2025-05-06,0.00037260361708235656,-0.03548050991014455
rf,y_XLE,12,2025-05-06,0.00037260361708235656,-0.03861183574859072
rf,y_XLE,13,2025-05-06,0.00037260361708235656,-0.038097358232770905
rf,y_XLE,11,2025-05-07,0.013159614827655153,0.004860353194297542
rf,y_XLE,12,2025-05-07,0.013159614827655153,0.006333906919857777
rf,y_XLE,13,2025-05-07,0.013159614827655153,0.004800021720942975
rf,y_XLE,11,2025-05-08,0.010047672643058059,0.004678788379357943
rf,y_XLE,12,2025-05-08,0.010047672643058059,0.003533497116881115
rf,y_XLE,13,2025-05-08,0.010047672643058059,0.006597094599484085
rf,y_XLE,11,2025-05-12,0.014069397806465211,0.002409479729852971
rf,y_XLE,12,2025-05-12,0.014069397806465211,0.00038565498513342213
rf,y_XLE,13,2025-05-12,0.014069397806465211,0.002029316819063547
rf,y_XLE,11,2025-05-13,-0.006062652517193845,0.0005806012582040766
rf,y_XLE,12,2025-05-13,-0.006062652517193845,-0.0007592481822710911
rf,y_XLE,13,2025-05-13,-0.006062652517193845,-0.001134564269235456
rf,y_XLE,11,2025-05-14,0.004222886010434079,0.003225817718005225
rf,y_XLE,12,2025-05-14,0.004222886010434079,0.00015658412597109318
rf,y_XLE,13,2025-05-14,0.004222886010434079,0.002317491026701299
rf,y_XLE,11,2025-05-15,-0.001518495683157206,0.002567298918630495
rf,y_XLE,12,2025-05-15,-0.001518495683157206,0.003203743399304194
rf,y_XLE,13,2025-05-15,-0.001518495683157206,0.0024633251184393856
rf,y_XLE,11,2025-05-19,-0.009245064589995078,0.0011411467793303793
rf,y_XLE,12,2025-05-19,-0.009245064589995078,0.0021384800315628854
rf,y_XLE,13,2025-05-19,-0.009245064589995078,-0.0001283868663111994
rf,y_XLE,11,2025-05-20,-0.018423169005193474,0.005829739288891892
rf,y_XLE,12,2025-05-20,-0.018423169005193474,0.005684122355037674
rf,y_XLE,13,2025-05-20,-0.018423169005193474,0.004910849293378763
rf,y_XLE,11,2025-05-21,-0.003900071815325923,0.0004765053266100559
rf,y_XLE,12,2025-05-21,-0.003900071815325923,0.0014348350505359948
rf,y_XLE,13,2025-05-21,-0.003900071815325923,0.002506899568660619
rf,y_XLE,11,2025-05-22,0.0031810717377478426,0.010576180211990693
rf,y_XLE,12,2025-05-22,0.0031810717377478426,0.008063500735536347
rf,y_XLE,13,2025-05-22,0.0031810717377478426,0.010599736211998853
rf,y_XLE,12,2025-05-27,-0.01269650633231334,1.3463594073169031e-05
rf,y_XLE,13,2025-05-27,-0.01269650633231334,0.0014688414345253485
rf,y_XLE,14,2025-05-27,-0.01269650633231334,0.0008478715966516087
rf,y_XLE,12,2025-05-28,0.007471005945166809,0.0037808422547743444
rf,y_XLE,13,2025-05-28,0.007471005945166809,0.0029840060620311814
rf,y_XLE,14,2025-05-28,0.007471005945166809,0.0014149047799135192
rf,y_XLE,12,2025-05-29,-0.008874492325381622,-0.0020034674800693346
rf,y_XLE,13,2025-05-29,-0.008874492325381622,-0.0015638416679679948
rf,y_XLE,14,2025-05-29,-0.008874492325381622,-0.004481309343973081
rf,y_XLE,12,2025-06-02,0.011864487846782401,0.0017543418977764512
rf,y_XLE,13,2025-06-02,0.011864487846782401,0.0013307528339257801
rf,y_XLE,14,2025-06-02,0.011864487846782401,0.0013030921365357986
rf,y_XLE,12,2025-06-03,-0.0195024441236199,0.004844263873518218
rf,y_XLE,13,2025-06-03,-0.0195024441236199,0.0071391008642716055
rf,y_XLE,14,2025-06-03,-0.0195024441236199,0.0030562711638038235
rf,y_XLE,12,2025-06-04,-0.0009761124053815351,0.0019443167385823365
rf,y_XLE,13,2025-06-04,-0.0009761124053815351,0.0018725875818061796
rf,y_XLE,14,2025-06-04,-0.0009761124053815351,0.001920410120141967
rf,y_XLE,12,2025-06-05,0.018810219165728004,0.0027209127797074408
rf,y_XLE,13,2025-06-05,0.018810219165728004,0.0020266116531990025
rf,y_XLE,14,2025-06-05,0.018810219165728004,0.0027884910915522854
rf,y_XLE,12,2025-06-09,0.01782929807752165,0.0032605676060304205
rf,y_XLE,13,2025-06-09,0.01782929807752165,-5.678740053170483e-05
rf,y_XLE,14,2025-06-09,0.01782929807752165,0.0039850304695314715
rf,y_XLE,12,2025-06-10,0.01446044579468908,0.005978409005104161
rf,y_XLE,13,2025-06-10,0.01446044579468908,0.006698356314432575
rf,y_XLE,14,2025-06-10,0.01446044579468908,0.00440027191742308
rf,y_XLE,12,2025-06-11,0.0034766130298602427,0.00023768893059236129
rf,y_XLE,13,2025-06-11,0.0034766130298602427,0.0020501790489951504
rf,y_XLE,14,2025-06-11,0.0034766130298602427,0.00262282443592415
rf,y_XLE,12,2025-06-12,0.017438485553608496,-0.00037979529926730483
rf,y_XLE,13,2025-06-12,0.017438485553608496,0.0018744872319848606
rf,y_XLE,14,2025-06-12,0.017438485553608496,-0.0005091760365820384
rf,y_XLE,13,2025-07-02,0.0011503108901305126,0.002209473499132167
rf,y_XLE,14,2025-07-02,0.0011503108901305126,0.0042059789393631974
rf,y_XLE,15,2025-07-02,0.0011503108901305126,0.0027305199400729295
rf,y_XLE,13,2025-07-07,0.026917223628814213,0.0018994149935200664
rf,y_XLE,14,2025-07-07,0.026917223628814213,0.0029579436471765014
rf,y_XLE,15,2025-07-07,0.026917223628814213,0.003413014522794335
rf,y_XLE,13,2025-07-08,-0.005084258053406843,0.0001425627221837598
rf,y_XLE,14,2025-07-08,-0.005084258053406843,-5.609720635843992e-05
rf,y_XLE,15,2025-07-08,-0.005084258053406843,0.0008256109224478382
rf,y_XLE,13,2025-07-09,0.00760852055604766,0.003088173981915947
rf,y_XLE,14,2025-07-09,0.00760852055604766,0.005742094289175406
rf,y_XLE,15,2025-07-09,0.00760852055604766,0.0063778616197978045
rf,y_XLE,13,2025-07-10,0.004508076861722277,0.0024346881605619357
rf,y_XLE,14,2025-07-10,0.004508076861722277,0.001794730216807201
rf,y_XLE,15,2025-07-10,0.004508076861722277,0.002983617665210539
rf,y_XLE,13,2025-07-14,-0.014407357991669256,0.0005983103048166516
rf,y_XLE,14,2025-07-14,-0.014407357991669256,0.0014705923270050695
rf,y_XLE,15,2025-07-14,-0.014407357991669256,-6.2285722427631494e-06
rf,y_XLE,13,2025-07-15,-0.008632654637989678,-0.00025769790259700667
rf,y_XLE,14,2025-07-15,-0.008632654637989678,-0.0006654206637792426
rf,y_XLE,15,2025-07-15,-0.008632654637989678,0.001090020934188444
rf,y_XLE,13,2025-07-16,0.0061535642182029004,-0.001334281804072961
rf,y_XLE,14,2025-07-16,0.0061535642182029004,0.0003195783244156351
rf,y_XLE,15,2025-07-16,0.0061535642182029004,-0.00140713774938806
rf,y_XLE,13,2025-07-17,-0.008077622399852435,0.00302226640464978
rf,y_XLE,14,2025-07-17,-0.008077622399852435,0.002151471276595328
rf,y_XLE,15,2025-07-17,-0.008077622399852435,0.0039040873242222655
rf,y_XLE,13,2025-07-21,0.004702029646522332,8.7066141939246e-05
rf,y_XLE,14,2025-07-21,0.004702029646522332,-0.0011697200937941753
rf,y_XLE,15,2025-07-21,0.004702029646522332,0.00042775857954354307
rf,y_XLE,13,2025-07-22,0.01567798064398862,-0.002528449865900146
rf,y_XLE,14,2025-07-22,0.01567798064398862,-0.003271265907683925
rf,y_XLE,15,2025-07-22,0.01567798064398862,-0.0017573725887945868
rf,y_XLE,13,2025-07-23,0.007142037293491832,0.002783404364001556
rf,y_XLE,14,2025-07-23,0.007142037293491832,0.0028030935711603868
rf,y_XLE,15,2025-07-23,0.007142037293491832,0.0034996953281505815
rf,y_XLE,14,2025-07-24,-0.0037744239177321948,-0.00024594136610583126
rf,y_XLE,15,2025-07-24,-0.0037744239177321948,-0.0008852510082680139
rf,y_XLE,16,2025-07-24,-0.0037744239177321948,0.0008377133196287505
rf,y_XLE,14,2025-07-28,0.009762792611131221,0.0012219508086022328
rf,y_XLE,15,2025-07-28,0.009762792611131221,0.0022230093439764074
rf,y_XLE,16,2025-07-28,0.009762792611131221,0.0006400086118510358
rf,y_XLE,14,2025-07-29,-0.014277608345967252,0.0039166257691646365
rf,y_XLE,15,2025-07-29,-0.014277608345967252,0.0029433965746662617
rf,y_XLE,16,2025-07-29,-0.014277608345967252,0.0022387773632168437
rf,y_XLE,14,2025-07-30,-0.005360463205195343,0.0011158336149803142
rf,y_XLE,15,2025-07-30,-0.005360463205195343,-8.67431776157307e-05
rf,y_XLE,16,2025-07-30,-0.005360463205195343,6.688413903667423e-05
rf,y_XLE,14,2025-07-31,-0.018575812825283422,-0.002172034066222131
rf,y_XLE,15,2025-07-31,-0.018575812825283422,-0.0016307836899449276
rf,y_XLE,16,2025-07-31,-0.018575812825283422,-0.004167155734618395
rf,y_XLE,14,2025-08-04,0.0012881388274901262,-0.001874863713575603
rf,y_XLE,15,2025-08-04,0.0012881388274901262,-0.000973227197963436
rf,y_XLE,16,2025-08-04,0.0012881388274901262,-0.0029139721300407272
rf,y_XLE,14,2025-08-05,-0.009238691625645279,-0.0003052834081538123
rf,y_XLE,15,2025-08-05,-0.009238691625645279,0.0006832121967071586
rf,y_XLE,16,2025-08-05,-0.009238691625645279,0.00010421216783898975
rf,y_XLE,14,2025-08-06,-0.003895158901415674,0.0019871875324449506
rf,y_XLE,15,2025-08-06,-0.003895158901415674,0.0028248856377516367
rf,y_XLE,16,2025-08-06,-0.003895158901415674,0.00262374822633946
rf,y_XLE,14,2025-08-07,0.006398879324843509,0.0024969749627790925
rf,y_XLE,15,2025-08-07,0.006398879324843509,0.0057400834799176065
rf,y_XLE,16,2025-08-07,0.006398879324843509,0.001294883741239248
rf,y_XLE,14,2025-08-11,0.004866428807224876,-0.0012037000344088675
rf,y_XLE,15,2025-08-11,0.004866428807224876,-0.002061911644279372
rf,y_XLE,16,2025-08-11,0.004866428807224876,-0.0015797018274380469
rf,y_XLE,14,2025-08-12,0.011575698101115028,0.006269166516842254
rf,y_XLE,15,2025-08-12,0.011575698101115028,0.006132756022268665
rf,y_XLE,16,2025-08-12,0.011575698101115028,0.003965910746396743
rf,y_XLE,15,2025-08-13,-0.0009341286611133093,0.0003452814112280369
rf,y_XLE,16,2025-08-13,-0.0009341286611133093,0.0012280716636442867
rf,y_XLE,17,2025-08-13,-0.0009341286611133093,0.0010238022565519959
rf,y_XLE,15,2025-08-14,0.0,-0.00016460820134114597
rf,y_XLE,16,2025-08-14,0.0,0.0017187993975688238
rf,y_XLE,17,2025-08-14,0.0,0.0015608375362321522
rf,y_XLE,15,2025-08-18,0.000352648430773872,-0.0005584471629707136
rf,y_XLE,16,2025-08-18,0.000352648430773872,-0.0031005700944445073
rf,y_XLE,17,2025-08-18,0.000352648430773872,-0.003130638294005094
rf,y_XLE,15,2025-08-19,0.008345107699537113,0.0026600587216971403
rf,y_XLE,16,2025-08-19,0.008345107699537113,0.0018481493131256254
rf,y_XLE,17,2025-08-19,0.008345107699537113,0.001995897494793153
rf,y_XLE,15,2025-08-20,0.00687725497393421,0.0042603077834571235
rf,y_XLE,16,2025-08-20,0.00687725497393421,0.004416182150032231
rf,y_XLE,17,2025-08-20,0.00687725497393421,0.003582989178235222
rf,y_XLE,15,2025-08-21,0.02037504470496887,0.004926376491265242
rf,y_XLE,16,2025-08-21,0.02037504470496887,0.002614100058055193
rf,y_XLE,17,2025-08-21,0.02037504470496887,0.0026197559012374194
rf,y_XLE,15,2025-08-25,-0.0015842456730275067,-0.0038219557366517432
rf,y_XLE,16,2025-08-25,-0.0015842456730275067,-0.00545364348206115
rf,y_XLE,17,2025-08-25,-0.0015842456730275067,-0.004434448503190617
rf,y_XLE,15,2025-08-26,0.011220599851552882,-0.0011672691718977817
rf,y_XLE,16,2025-08-26,0.011220599851552882,0.0007670940941258022
rf,y_XLE,17,2025-08-26,0.011220599851552882,-0.00014592870962209237
rf,y_XLE,15,2025-08-27,0.007621623464594496,0.0017424389423891953
rf,y_XLE,16,2025-08-27,0.007621623464594496,0.0006914303410032769
rf,y_XLE,17,2025-08-27,0.007621623464594496,0.0009943278946830975
rf,y_XLE,15,2025-08-28,0.005450449532823587,0.005478373391793228
rf,y_XLE,16,2025-08-28,0.005450449532823587,0.0031369030100244525
rf,y_XLE,17,2025-08-28,0.005450449532823587,0.0013221335228491985
rf,y_XLE,15,2025-09-02,-0.022425995586212277,-0.0008411296939829274
rf,y_XLE,16,2025-09-02,-0.022425995586212277,0.00011095536063400283
rf,y_XLE,17,2025-09-02,-0.022425995586212277,0.0009391067888657632
rf,y_XLE,16,2025-09-03,0.006667505026652032,-0.006849428783154759
rf,y_XLE,17,2025-09-03,0.006667505026652032,-0.006645612311626943
rf,y_XLE,18,2025-09-03,0.006667505026652032,-0.0052368294784691325
rf,y_XLE,16,2025-09-04,-0.019308496454514823,-0.0010960762491816073
rf,y_XLE,17,2025-09-04,-0.019308496454514823,-0.0012852288032001982
rf,y_XLE,18,2025-09-04,-0.019308496454514823,-0.001803258520391679
rf,y_XLE,16,2025-09-08,0.004818806415020305,0.0011044920352516715
rf,y_XLE,17,2025-09-08,0.004818806415020305,0.0023242021202146846
rf,y_XLE,18,2025-09-08,0.004818806415020305,0.0032090097701953555
rf,y_XLE,16,2025-09-09,0.017469684211813608,0.004750106502221354
rf,y_XLE,17,2025-09-09,0.017469684211813608,0.004631162241788106
rf,y_XLE,18,2025-09-09,0.017469684211813608,0.003083191637630898
rf,y_XLE,16,2025-09-10,0.00022441649751248072,-0.005652904849347435
rf,y_XLE,17,2025-09-10,0.00022441649751248072,-0.004326783458795325
rf,y_XLE,18,2025-09-10,0.00022441649751248072,-0.004701041989638813
rf,y_XLE,16,2025-09-11,-0.005946442921583084,0.003389028891892847
rf,y_XLE,17,2025-09-11,-0.005946442921583084,0.0018304908621933254
rf,y_XLE,18,2025-09-11,-0.005946442921583084,0.001411733682978993
rf,y_XLE,16,2025-09-15,0.016761004937895896,0.0061594155272237435
rf,y_XLE,17,2025-09-15,0.016761004937895896,0.004342431994327883
rf,y_XLE,18,2025-09-15,0.016761004937895896,0.006663783436489695
rf,y_XLE,16,2025-09-16,0.0023390044748878847,0.005019702271049652
rf,y_XLE,17,2025-09-16,0.0023390044748878847,0.004130135478843413
rf,y_XLE,18,2025-09-16,0.0023390044748878847,0.005974890055283958
rf,y_XLE,16,2025-09-17,-0.003111452554746541,0.0015969992765174847
rf,y_XLE,17,2025-09-17,-0.003111452554746541,0.001792239064603456
rf,y_XLE,18,2025-09-17,-0.003111452554746541,0.0015968843523999354
rf,y_XLE,16,2025-09-18,-0.013264989860671816,0.0014714620504609219
rf,y_XLE,17,2025-09-18,-0.013264989860671816,0.0006963966263205122
rf,y_XLE,18,2025-09-18,-0.013264989860671816,0.0019261874737844288
rf,y_XLE,16,2025-09-22,0.017223692982490046,0.004396217189900184
rf,y_XLE,17,2025-09-22,0.017223692982490046,0.005598889268649079
rf,y_XLE,18,2025-09-22,0.017223692982490046,0.0060900968917633365
rf,y_XLE,17,2025-09-23,0.013007366049357927,0.001038500329892971
rf,y_XLE,18,2025-09-23,0.013007366049357927,0.00019676235831942446
rf,y_XLE,19,2025-09-23,0.013007366049357927,-0.0008330316364115917
rf,y_XLE,17,2025-09-24,0.008966217413226785,0.0013184004510270121
rf,y_XLE,18,2025-09-24,0.008966217413226785,0.0016391879596427703
rf,y_XLE,19,2025-09-24,0.008966217413226785,0.00277206528145055
rf,y_XLE,17,2025-09-25,0.009215504136673935,0.0007262830691619686
rf,y_XLE,18,2025-09-25,0.009215504136673935,0.0010265198352860374
rf,y_XLE,19,2025-09-25,0.009215504136673935,0.0006585516563757582
rf,y_XLE,17,2025-09-29,-0.010631265357971653,0.0013762333600432978
rf,y_XLE,18,2025-09-29,-0.010631265357971653,0.00213899411408227
rf,y_XLE,19,2025-09-29,-0.010631265357971653,0.001947575348771735
rf,y_XLE,17,2025-09-30,0.0,0.0016199700207843236
rf,y_XLE,18,2025-09-30,0.0,0.0018897962044778763
rf,y_XLE,19,2025-09-30,0.0,0.0023638077693448082
rf,y_XLE,17,2025-10-01,-0.010073812789187064,0.0037546763368495645
rf,y_XLE,18,2025-10-01,-0.010073812789187064,0.0008003803646042853
rf,y_XLE,19,2025-10-01,-0.010073812789187064,-0.0006573175069630603
rf,y_XLE,17,2025-10-02,0.005314324507098567,0.007689123564639836
rf,y_XLE,18,2025-10-02,0.005314324507098567,0.005580925477038531
rf,y_XLE,19,2025-10-02,0.005314324507098567,0.005155175713607568
rf,y_XLE,17,2025-10-06,0.0015668735967460101,-0.0028154316485731377
rf,y_XLE,18,2025-10-06,0.0015668735967460101,-0.0021688220497483174
rf,y_XLE,19,2025-10-06,0.0015668735967460101,-0.003787449254931046
rf,y_XLE,17,2025-10-07,-0.005810674717000364,-0.0007091093534374907
rf,y_XLE,18,2025-10-07,-0.005810674717000364,0.0022157277963827595
rf,y_XLE,19,2025-10-07,-0.005810674717000364,0.0011712066624740493
rf,y_XLE,17,2025-10-08,-0.013600123152389787,0.001922463475183612
rf,y_XLE,18,2025-10-08,-0.013600123152389787,0.0016010845586118298
rf,y_XLE,19,2025-10-08,-0.013600123152389787,0.0024689460955651305
rf,y_XLE,17,2025-10-09,-0.028942577860294416,0.004313286070116831
rf,y_XLE,18,2025-10-09,-0.028942577860294416,0.0069073365364167305
rf,y_XLE,19,2025-10-09,-0.028942577860294416,0.004985009728992084
rf,y_XLE,18,2025-10-13,-0.00011571040935831611,0.00905532566916889
rf,y_XLE,19,2025-10-13,-0.00011571040935831611,0.007382984568500927
rf,y_XLE,20,2025-10-13,-0.00011571040935831611,0.008051257267047465
rf,y_XLE,18,2025-10-14,-0.0005788862595403899,0.0011706088420082742
rf,y_XLE,19,2025-10-14,-0.0005788862595403899,0.004111993715226459
rf,y_XLE,20,2025-10-14,-0.0005788862595403899,0.002473287195852472
rf,y_XLE,18,2025-10-15,-0.01204821854605409,0.0002016542239355823
rf,y_XLE,19,2025-10-15,-0.01204821854605409,0.001069738075334061
rf,y_XLE,20,2025-10-15,-0.01204821854605409,0.0023506773233187045
rf,y_XLE,18,2025-10-16,0.008208264258199316,0.004588556424142773
rf,y_XLE,19,2025-10-16,0.008208264258199316,0.0008598556761260941
rf,y_XLE,20,2025-10-16,0.008208264258199316,0.0016642644448448475
rf,y_XLE,18,2025-10-20,-0.002301687549988718,-0.002858708847728491
rf,y_XLE,19,2025-10-20,-0.002301687549988718,0.0005896024362190472
rf,y_XLE,20,2025-10-20,-0.002301687549988718,-0.0008409582382903347
rf,y_XLE,18,2025-10-21,0.012804226868249113,0.0012903336813209821
rf,y_XLE,19,2025-10-21,0.012804226868249113,0.001915709959541
rf,y_XLE,20,2025-10-21,0.012804226868249113,0.0008295228585997081
rf,y_XLE,18,2025-10-22,0.013325735887206314,0.0035985303537975763
rf,y_XLE,19,2025-10-22,0.013325735887206314,0.004267887553877906
rf,y_XLE,20,2025-10-22,0.013325735887206314,0.0037421701032363023
rf,y_XLE,18,2025-10-23,-0.010115792650812083,0.0014108440569830332
rf,y_XLE,19,2025-10-23,-0.010115792650812083,-0.0009265636967566243
rf,y_XLE,20,2025-10-23,-0.010115792650812083,-0.0016761759413206087
rf,y_XLE,18,2025-10-27,-0.0104213859841088,0.0037280767519031273
rf,y_XLE,19,2025-10-27,-0.0104213859841088,0.0012011493765797965
rf,y_XLE,20,2025-10-27,-0.0104213859841088,0.0041894573907325676
rf,y_XLE,18,2025-10-28,0.0074405035835558575,0.007550586550888411
rf,y_XLE,19,2025-10-28,0.0074405035835558575,0.007897623213040455
rf,y_XLE,20,2025-10-28,0.0074405035835558575,0.007936311186960506
rf,y_XLE,18,2025-10-29,-0.0059084760604517506,-0.0003781151043708825
rf,y_XLE,19,2025-10-29,-0.0059084760604517506,-2.607787106402119e-06
rf,y_XLE,20,2025-10-29,-0.0059084760604517506,0.0010230977749549554
rf,y_XLE,18,2025-10-30,0.00731511775759186,0.0003474848836419557
rf,y_XLE,19,2025-10-30,0.00731511775759186,-0.00010639203439082867
rf,y_XLE,20,2025-10-30,0.00731511775759186,0.0007271624735908061
rf,y_XLE,19,2025-11-03,-0.01077822607151302,0.0028672644106004052
rf,y_XLE,20,2025-11-03,-0.01077822607151302,0.00417614638793574
rf,y_XLE,21,2025-11-03,-0.01077822607151302,0.0035876476125044584
rf,y_XLE,19,2025-11-04,0.0026378506639943566,0.005601926395932174
rf,y_XLE,20,2025-11-04,0.0026378506639943566,0.0047635915644904485
rf,y_XLE,21,2025-11-04,0.0026378506639943566,0.005072950904649026
rf,y_XLE,19,2025-11-05,0.009723129895660376,0.003548150823060858
rf,y_XLE,20,2025-11-05,0.009723129895660376,-0.00045590043311608447
rf,y_XLE,21,2025-11-05,0.009723129895660376,0.002065001170224347
rf,y_XLE,19,2025-11-06,0.014387722244566525,0.0030411751469460522
rf,y_XLE,20,2025-11-06,0.014387722244566525,0.004201847837119618
rf,y_XLE,21,2025-11-06,0.014387722244566525,0.00492345871837705
rf,y_XLE,19,2025-11-10,0.01306034783763943,0.004072298748233769
rf,y_XLE,20,2025-11-10,0.01306034783763943,0.005198681732599265
rf,y_XLE,21,2025-11-10,0.01306034783763943,0.0020846230729316584
rf,y_XLE,19,2025-11-11,-0.013984477309207488,-0.001141666021716888
rf,y_XLE,20,2025-11-11,-0.013984477309207488,0.0009378327287149917
rf,y_XLE,21,2025-11-11,-0.013984477309207488,-3.903807616241021e-06
rf,y_XLE,19,2025-11-12,0.00254849750163344,0.001030660161912391
rf,y_XLE,20,2025-11-12,0.00254849750163344,-0.001469092230559979
rf,y_XLE,21,2025-11-12,0.00254849750163344,-0.004363318403050164
rf,y_XLE,19,2025-11-13,0.01702026914176491,0.0034172643474366365
rf,y_XLE,20,2025-11-13,0.01702026914176491,0.006115879659246326
rf,y_XLE,21,2025-11-13,0.01702026914176491,0.005734136255448353
rf,y_XLE,19,2025-11-17,0.007969876398522757,0.005272811257742525
rf,y_XLE,20,2025-11-17,0.007969876398522757,0.0035284773809803704
rf,y_XLE,21,2025-11-17,0.007969876398522757,0.0024380440036537387
rf,y_XLE,19,2025-11-18,-0.012958431654343183,-0.0011709262466665668
rf,y_XLE,20,2025-11-18,-0.012958431654343183,-4.1842616401872405e-05
rf,y_XLE,21,2025-11-18,-0.012958431654343183,-0.0007939939239754297
rf,y_XLE,19,2025-11-19,-0.011348428330467009,0.00432068784420629
rf,y_XLE,20,2025-11-19,-0.011348428330467009,0.004090581195571082
rf,y_XLE,21,2025-11-19,-0.011348428330467009,0.005627402618139546
rf,y_XLE,19,2025-11-20,0.006301968357415255,0.0033875032397355687
rf,y_XLE,20,2025-11-20,0.006301968357415255,0.002598746041031557
rf,y_XLE,21,2025-11-20,0.006301968357415255,0.002744896333081314
rf,y_XLE,20,2025-11-24,-0.006280060009136279,-0.0007719835712649522
rf,y_XLE,21,2025-11-24,-0.006280060009136279,-0.0016031096986948907
rf,y_XLE,22,2025-11-24,-0.006280060009136279,0.0005929725732384807
rf,y_XLE,20,2025-11-25,0.007561138414377888,0.002919252563587969
rf,y_XLE,21,2025-11-25,0.007561138414377888,0.004293882521712234
rf,y_XLE,22,2025-11-25,0.007561138414377888,0.0023111900683789608
rf,y_XLE,20,2025-12-01,-0.012921536948137136,0.005839012097613646
rf,y_XLE,21,2025-12-01,-0.012921536948137136,0.0030285219790879337
rf,y_XLE,22,2025-12-01,-0.012921536948137136,0.001848150462894719
rf,y_XLE,20,2025-12-02,0.01874857874131597,-0.002321980223245914
rf,y_XLE,21,2025-12-02,0.01874857874131597,-0.0021813651186797602
rf,y_XLE,22,2025-12-02,0.01874857874131597,-0.0017832039302960085
rf,y_XLE,20,2025-12-03,0.004246976879925812,0.0025941015747038
rf,y_XLE,21,2025-12-03,0.004246976879925812,0.004468120679921727
rf,y_XLE,22,2025-12-03,0.004246976879925812,0.002952904726257305
rf,y_XLE,20,2025-12-04,-0.0041206335130897775,0.0030132844568324267
rf,y_XLE,21,2025-12-04,-0.0041206335130897775,0.003526556007676368
rf,y_XLE,22,2025-12-04,-0.0041206335130897775,0.0012683293908230845
rf,y_XLE,20,2025-12-08,0.006164777024993073,0.005325707138952248
rf,y_XLE,21,2025-12-08,0.006164777024993073,0.004220676512439712
rf,y_XLE,22,2025-12-08,0.006164777024993073,0.0022717059892997334
rf,y_XLE,20,2025-12-09,0.010503233386282451,-0.0014713397290650576
rf,y_XLE,21,2025-12-09,0.010503233386282451,-0.001688435247640587
rf,y_XLE,22,2025-12-09,0.010503233386282451,-0.0038659018675391557
rf,y_XLE,20,2025-12-10,-0.00476394861227003,0.003978429176378011
rf,y_XLE,21,2025-12-10,-0.00476394861227003,0.004739359592143327
rf,y_XLE,22,2025-12-10,-0.00476394861227003,0.004156616218495369
rf,y_XLE,20,2025-12-11,-0.00979114544548676,0.00375998295253554
rf,y_XLE,21,2025-12-11,-0.00979114544548676,0.0023236749293309646
rf,y_XLE,22,2025-12-11,-0.00979114544548676,0.0028602156160648716
rf,y_XLE,21,2025-12-15,-0.030537727268973525,0.0030521550515344694
rf,y_XLE,22,2025-12-15,-0.030537727268973525,0.005846548093531826
rf,y_XLE,23,2025-12-15,-0.030537727268973525,0.004556154668266691
rf,y_XLE,21,2025-12-16,0.022141025679304427,0.005459382692863579
rf,y_XLE,22,2025-12-16,0.022141025679304427,0.004999995441543711
rf,y_XLE,23,2025-12-16,0.022141025679304427,0.00758068459492475
rf,y_XLE,21,2025-12-17,-0.014515376317443485,0.003689204623771348
rf,y_XLE,22,2025-12-17,-0.014515376317443485,0.002719242796168364
rf,y_XLE,23,2025-12-17,-0.014515376317443485,0.0028568695023843747
rf,y_XLE,21,2025-12-18,0.0,-0.0005003636574775261
rf,y_XLE,22,2025-12-18,0.0,0.0016975583863098147
rf,y_XLE,23,2025-12-18,0.0,0.002097059311762689
rf,y_XLE,21,2025-12-23,-0.002921372317196247,0.0036351394877008653
rf,y_XLE,22,2025-12-23,-0.002921372317196247,0.0027453633261233707
rf,y_XLE,23,2025-12-23,-0.002921372317196247,0.004420144545153282
rf,y_XLE,21,2025-12-29,0.007619904991636561,-0.0025587295419394916
rf,y_XLE,22,2025-12-29,0.007619904991636561,-0.0014296756955993084
rf,y_XLE,23,2025-12-29,0.007619904991636561,-0.0014159227537969934
rf,y_XLE,21,2025-12-30,-0.0055604983338698455,0.003946526024697336
rf,y_XLE,22,2025-12-30,-0.0055604983338698455,0.0014732396303755188
rf,y_XLE,23,2025-12-30,-0.0055604983338698455,0.002616292719080345
rf,y_XLE,22,2026-01-05,-0.0266581364101266,0.00404380139493429
rf,y_XLE,23,2026-01-05,-0.0266581364101266,0.00475638326710286
rf,y_XLE,24,2026-01-05,-0.0266581364101266,0.003937949131396793
rf,y_XLE,22,2026-01-06,-0.011174371786886517,0.005127713669660351
rf,y_XLE,23,2026-01-06,-0.011174371786886517,0.0069236154477134455
rf,y_XLE,24,2026-01-06,-0.011174371786886517,0.008720428216639075
rf,y_XLE,22,2026-01-07,0.03146461633807829,0.004894574318541813
rf,y_XLE,23,2026-01-07,0.03146461633807829,0.004064399774377409
rf,y_XLE,24,2026-01-07,0.03146461633807829,0.004196962409507093
rf,y_XLE,22,2026-01-08,0.0025778503512676743,-0.0005751962966352452
rf,y_XLE,23,2026-01-08,0.0025778503512676743,0.0006279004004595532
rf,y_XLE,24,2026-01-08,0.0025778503512676743,-2.5411655574654005e-05
rf,y_XLE,22,2026-01-12,0.014242551688365745,0.004636442202008844
rf,y_XLE,23,2026-01-12,0.014242551688365745,0.004096505343750698
rf,y_XLE,24,2026-01-12,0.014242551688365745,0.004401239552835145
rf,y_XLE,22,2026-01-13,0.022553220708319444,-0.001367567106496596
rf,y_XLE,23,2026-01-13,0.022553220708319444,-0.002277718760539209
rf,y_XLE,24,2026-01-13,0.022553220708319444,-0.002633003516795061
rf,y_XLE,22,2026-01-14,-0.009363311487326276,0.003521628551904285
rf,y_XLE,23,2026-01-14,-0.009363311487326276,0.003103265382093884
rf,y_XLE,24,2026-01-14,-0.009363311487326276,0.0020981883224000407
rf,y_XLE,22,2026-01-15,0.0016802775747082332,0.005031818218573677
rf,y_XLE,23,2026-01-15,0.0016802775747082332,0.004493309672896301
rf,y_XLE,24,2026-01-15,0.0016802775747082332,0.0043491548743332525
rf,y_XLE,22,2026-01-21,0.0032820481520432487,-0.0021714419047562635
rf,y_XLE,23,2026-01-21,0.0032820481520432487,0.0003497580898716139
rf,y_XLE,24,2026-01-21,0.0032820481520432487,0.0016929605881814357
rf,y_XLE,22,2026-01-22,0.005724775713972674,0.0023566022512879186
rf,y_XLE,23,2026-01-22,0.005724775713972674,0.00032519341892684925
rf,y_XLE,24,2026-01-22,0.005724775713972674,0.0027887091840261436
rf,y_XLE,23,2026-01-26,0.009142562720069636,-0.001931111743643595
rf,y_XLE,24,2026-01-26,0.009142562720069636,8.79295578390199e-05
rf,y_XLE,23,2026-01-27,0.007650515041750516,0.006727393964791263
rf,y_XLE,24,2026-01-27,0.007650515041750516,0.006935722372953315
rf,y_XLE,23,2026-01-28,0.009190791038654833,-0.002959893575294618
rf,y_XLE,24,2026-01-28,0.009190791038654833,-0.004234205458075706
rf,y_XLE,23,2026-01-29,0.010690970767606167,0.0028233065606543956
rf,y_XLE,24,2026-01-29,0.010690970767606167,0.0021785408992636385
rf,y_XLE,23,2026-02-02,0.03236761152006573,0.004245407067269989
rf,y_XLE,24,2026-02-02,0.03236761152006573,0.003573815752418668
rf,y_XLE,23,2026-02-03,0.022450236176059235,-0.0043225581077092545
rf,y_XLE,24,2026-02-03,0.022450236176059235,-0.0021836668766673064
rf,y_XLE,23,2026-02-04,-0.01173580778143335,0.002138054319961452
rf,y_XLE,24,2026-02-04,-0.01173580778143335,0.0021458344439639733
rf,y_XLE,23,2026-02-05,0.01991957352545981,-0.0019430993192162645
rf,y_XLE,24,2026-02-05,0.01991957352545981,-0.001234001721076805
rf,y_XLE,23,2026-02-09,-0.0011185227307315415,0.0038876651878891233
rf,y_XLE,24,2026-02-09,-0.0011185227307315415,0.005695331318454202
rf,y_XLE,23,2026-02-10,0.02612910905818988,-0.004558682614645066
rf,y_XLE,24,2026-02-10,0.02612910905818988,-0.00602435187894727
rf,y_XLE,23,2026-02-11,-0.018188432308585023,-0.002728785941681859
rf,y_XLE,24,2026-02-11,-0.018188432308585023,-0.0049526662110153385
rf,y_XLE,23,2026-02-12,0.006854370785891906,0.0057616384032227715
rf,y_XLE,24,2026-02-12,0.006854370785891906,0.005013164252432968
rf,y_XLE,24,2026-02-17,0.019162767986918627,0.0009433954458636641
rf,y_XLE,24,2026-02-18,0.0073019630301647265,0.0020184069794906474
rf,y_XLE,24,2026-02-19,-0.00543673859009397,0.002436239935542641
rf,y_XLE,24,2026-02-23,-0.0009066736241948314,0.0049068713799120135
rf,y_XLE,24,2026-02-24,-0.004174220482861646,0.0037409193475232963
rf,y_XLE,24,2026-02-25,0.0032804867628890566,0.0032031868433498264
rf,y_XLE,24,2026-02-26,0.015803795530283438,0.001954372518317941
rf,y_XLE,24,2026-03-02,-0.009116417416152545,-0.00720973079438067
rf,y_XLE,24,2026-03-03,-0.005838673538251293,0.003862007282556949
rf,y_XLE,24,2026-03-04,0.005161077106513812,0.002116704424956367
rf,y_XLE,24,2026-03-05,0.0015934871338054712,0.003274206243613754
rf,y_XLF,0,2024-08-05,0.0161606878396221,-0.0002488165148529074
rf,y_XLF,0,2024-08-06,0.0012048322924362864,0.0002594140122369942
rf,y_XLF,0,2024-08-07,0.016125286877605394,0.00072836023542385
rf,y_XLF,0,2024-08-08,0.004263372310600477,-0.0010075051329677305
rf,y_XLF,0,2024-08-12,0.008297861643032256,0.002084305497760522
rf,y_XLF,0,2024-08-13,0.012226667001537628,0.0034723536418852408
rf,y_XLF,0,2024-08-14,0.009291621612003365,-0.002159170682321331
rf,y_XLF,0,2024-08-15,0.007364560692824762,0.0021413742132363857
rf,y_XLF,0,2024-08-19,-0.003181147354894498,0.006864816147122697
rf,y_XLF,0,2024-08-20,-0.0015955163812568784,0.002424974210862587
rf,y_XLF,0,2024-08-21,0.00570773502274724,0.004128947676191066
rf,y_XLF,0,2024-08-22,0.008626600766895587,0.001463852820439246
rf,y_XLF,0,2024-08-26,0.005160512944490714,0.0020200817751349965
rf,y_XLF,1,2024-08-26,0.005160512944490714,0.0029554616741488027
rf,y_XLF,0,2024-08-27,0.0024553662330537573,0.000993378807523267
rf,y_XLF,1,2024-08-27,0.0024553662330537573,0.002242792629733917
rf,y_XLF,0,2024-08-28,0.008906624709021704,0.0029460446025844265
rf,y_XLF,1,2024-08-28,0.008906624709021704,0.002903972474040434
rf,y_XLF,0,2024-08-29,0.009490316227723117,0.003755129435977415
rf,y_XLF,1,2024-08-29,0.009490316227723117,0.003447783138918986
rf,y_XLF,0,2024-09-03,0.0011014193686660345,-0.0010139130480414289
rf,y_XLF,1,2024-09-03,0.0011014193686660345,-0.0005179366715818256
rf,y_XLF,0,2024-09-04,-0.011001132286602266,0.0019458317592302894
rf,y_XLF,1,2024-09-04,-0.011001132286602266,0.0015651676686829856
rf,y_XLF,0,2024-09-05,-0.014683034920579874,0.00024001472002873245
rf,y_XLF,1,2024-09-05,-0.014683034920579874,0.0009825021918155792
rf,y_XLF,0,2024-09-09,-0.010233598862143256,-0.0022448547265136137
rf,y_XLF,1,2024-09-09,-0.010233598862143256,-0.0028677555212048233
rf,y_XLF,0,2024-09-10,-0.004720195099177649,-0.0027083516526396428
rf,y_XLF,1,2024-09-10,-0.004720195099177649,-0.0001544297334282093
rf,y_XLF,0,2024-09-11,0.0022584683318331855,-0.004308561484192229
rf,y_XLF,1,2024-09-11,0.0022584683318331855,-0.005130302625390801
rf,y_XLF,0,2024-09-12,0.0029291381520903936,-0.0004234935833112158
rf,y_XLF,1,2024-09-12,0.0029291381520903936,-0.0013613705233708187
rf,y_XLF,2,2024-09-12,0.0029291381520903936,-0.0007216159459522022
rf,y_XLF,0,2024-09-16,0.005322675762467366,-0.005680020879798564
rf,y_XLF,1,2024-09-16,0.005322675762467366,-0.004960959201209037
rf,y_XLF,2,2024-09-16,0.005322675762467366,-0.0024659771404238703
rf,y_XLF,0,2024-09-17,-0.003088512681581168,0.0002323263686054881
rf,y_XLF,1,2024-09-17,-0.003088512681581168,3.496713984053601e-05
rf,y_XLF,2,2024-09-17,-0.003088512681581168,0.0005176084206211564
rf,y_XLF,0,2024-09-18,0.011064341364667163,-0.0010803870581099515
rf,y_XLF,1,2024-09-18,0.011064341364667163,-0.0006896168381159593
rf,y_XLF,2,2024-09-18,0.011064341364667163,-0.0008123652339176936
rf,y_XLF,0,2024-09-19,-0.0006565547284226314,0.003293220909443777
rf,y_XLF,1,2024-09-19,-0.0006565547284226314,0.0008318428105251759
rf,y_XLF,2,2024-09-19,-0.0006565547284226314,0.002953797368738818
rf,y_XLF,0,2024-09-23,-0.008362584441980458,-0.002521600333835223
rf,y_XLF,1,2024-09-23,-0.008362584441980458,-0.0007713429354333399
rf,y_XLF,2,2024-09-23,-0.008362584441980458,-0.001209429920924778
rf,y_XLF,0,2024-09-24,-0.005992110055111022,0.00147213953357416
rf,y_XLF,1,2024-09-24,-0.005992110055111022,0.00017901199829398103
rf,y_XLF,2,2024-09-24,-0.005992110055111022,0.00047525285197517195
rf,y_XLF,0,2024-09-25,0.005135080195465047,-0.0037313675403358826
rf,y_XLF,1,2024-09-25,0.005135080195465047,-0.0027588476866280253
rf,y_XLF,2,2024-09-25,0.005135080195465047,-0.0018587778862948138
rf,y_XLF,0,2024-09-26,0.0028875897745084256,-0.003496302224683151
rf,y_XLF,1,2024-09-26,0.0028875897745084256,-0.0030340729545636604
rf,y_XLF,2,2024-09-26,0.0028875897745084256,-0.0022991612763806524
rf,y_XLF,0,2024-09-30,-0.005295554163467275,0.0002738582655229277
rf,y_XLF,1,2024-09-30,-0.005295554163467275,0.0012655812454354987
rf,y_XLF,2,2024-09-30,-0.005295554163467275,0.003777702837563936
rf,y_XLF,0,2024-10-01,0.0011091066426889284,0.0032906428156201594
rf,y_XLF,1,2024-10-01,0.0011091066426889284,0.001716667852017321
rf,y_XLF,2,2024-10-01,0.0011091066426889284,0.0018526436159019082
rf,y_XLF,0,2024-10-02,-0.005318106496225106,0.00414875830690796
rf,y_XLF,1,2024-10-02,-0.005318106496225106,0.0028851826718028356
rf,y_XLF,2,2024-10-02,-0.005318106496225106,0.002840788660798918
rf,y_XLF,0,2024-10-03,0.016930349352157537,0.0013022588235170876
rf,y_XLF,1,2024-10-03,0.016930349352157537,0.002158113262599217
rf,y_XLF,2,2024-10-03,0.016930349352157537,0.0025935592726770715
rf,y_XLF,1,2024-10-07,0.0057662135344236365,-0.002157404705628967
rf,y_XLF,2,2024-10-07,0.0057662135344236365,0.0011204411982385976
rf,y_XLF,3,2024-10-07,0.0057662135344236365,-0.0022357058973143293
rf,y_XLF,1,2024-10-08,0.009261302994275189,-0.0012117377486410934
rf,y_XLF,2,2024-10-08,0.009261302994275189,-0.00290436280122303
rf,y_XLF,3,2024-10-08,0.009261302994275189,-0.0010047343093359733
rf,y_XLF,1,2024-10-09,-0.0030587161997305268,0.00012594895084267477
rf,y_XLF,2,2024-10-09,-0.0030587161997305268,-0.0011074687339323376
rf,y_XLF,3,2024-10-09,-0.0030587161997305268,-0.00043928487835185416
rf,y_XLF,1,2024-10-10,0.01928548377746675,-0.0009803844072468122
rf,y_XLF,2,2024-10-10,0.01928548377746675,-0.0009039837286449656
rf,y_XLF,3,2024-10-10,0.01928548377746675,-0.0004986444427721975
rf,y_XLF,1,2024-10-14,0.0021367725314549446,0.0072285943996782545
rf,y_XLF,2,2024-10-14,0.0021367725314549446,0.00776665334485208
rf,y_XLF,3,2024-10-14,0.0021367725314549446,0.006866031567122021
rf,y_XLF,1,2024-10-15,0.01236668988404288,0.0005164918264852279
rf,y_XLF,2,2024-10-15,0.01236668988404288,-0.00261450532707145
rf,y_XLF,3,2024-10-15,0.01236668988404288,-0.001180322712341958
rf,y_XLF,1,2024-10-16,0.002738062056794943,0.003998972238947677
rf,y_XLF,2,2024-10-16,0.002738062056794943,0.004013196037527474
rf,y_XLF,3,2024-10-16,0.002738062056794943,0.003436729509531496
rf,y_XLF,1,2024-10-17,0.00021008269670819146,0.003812857058126154
rf,y_XLF,2,2024-10-17,0.00021008269670819146,0.003659230893936105
rf,y_XLF,3,2024-10-17,0.00021008269670819146,0.005380681558325912
rf,y_XLF,1,2024-10-21,-0.0019051420169492461,-0.008206046235774969
rf,y_XLF,2,2024-10-21,-0.0019051420169492461,-0.008526756588617361
rf,y_XLF,3,2024-10-21,-0.0019051420169492461,-0.006671111940081174
rf,y_XLF,1,2024-10-22,-0.00084836431192159,0.000598733842772615
rf,y_XLF,2,2024-10-22,-0.00084836431192159,-0.00012093136776751648
rf,y_XLF,3,2024-10-22,-0.00084836431192159,0.0007064297080983606
rf,y_XLF,1,2024-10-23,0.0008490846450321943,0.0006935306089186392
rf,y_XLF,2,2024-10-23,0.0008490846450321943,-0.0004341169846784556
rf,y_XLF,3,2024-10-23,0.0008490846450321943,0.0017053432280408583
rf,y_XLF,1,2024-10-24,-0.01102865367351713,-0.0007927167827569211
rf,y_XLF,2,2024-10-24,-0.01102865367351713,0.0016950239921902847
rf,y_XLF,3,2024-10-24,-0.01102865367351713,0.002263711590922111
rf,y_XLF,2,2024-10-28,-0.006142865875948478,0.006950503049413339
rf,y_XLF,3,2024-10-28,-0.006142865875948478,0.006132304585823295
rf,y_XLF,4,2024-10-28,-0.006142865875948478,0.00628234602022462
rf,y_XLF,2,2024-10-29,0.0044757876980701106,0.006701008549728576
rf,y_XLF,3,2024-10-29,0.0044757876980701106,0.005111833409878917
rf,y_XLF,4,2024-10-29,0.0044757876980701106,0.0053085627072766645
rf,y_XLF,2,2024-10-30,-0.01379164780360631,0.0006988483808843195
rf,y_XLF,3,2024-10-30,-0.01379164780360631,0.0003178350203392984
rf,y_XLF,4,2024-10-30,-0.01379164780360631,-7.713622545191442e-05
rf,y_XLF,2,2024-10-31,0.003442373586451497,-0.001663044824947387
rf,y_XLF,3,2024-10-31,0.003442373586451497,-0.0004292300177483721
rf,y_XLF,4,2024-10-31,0.003442373586451497,-0.0004042573135888026
rf,y_XLF,2,2024-11-04,0.009291317461362025,0.00015821935103075557
rf,y_XLF,3,2024-11-04,0.009291317461362025,0.0009441898957974056
rf,y_XLF,4,2024-11-04,0.009291317461362025,-0.0005365952576907223
rf,y_XLF,2,2024-11-05,0.06080076504890708,0.0006989345949062624
rf,y_XLF,3,2024-11-05,0.06080076504890708,0.000897484926042047
rf,y_XLF,4,2024-11-05,0.06080076504890708,0.0017778243317110403
rf,y_XLF,2,2024-11-06,-0.0161453034983583,0.002170087479129587
rf,y_XLF,3,2024-11-06,-0.0161453034983583,0.001330607636821668
rf,y_XLF,4,2024-11-06,-0.0161453034983583,0.0029335815334557017
rf,y_XLF,2,2024-11-07,0.009025487210978289,0.0022213952556807367
rf,y_XLF,3,2024-11-07,0.009025487210978289,0.0008713557123301315
rf,y_XLF,4,2024-11-07,0.009025487210978289,0.002117593316894384
rf,y_XLF,2,2024-11-11,-0.0030066042990463115,0.0018941298092443408
rf,y_XLF,3,2024-11-11,-0.0030066042990463115,0.001587957938213444
rf,y_XLF,4,2024-11-11,-0.0030066042990463115,0.0022921187877265694
rf,y_XLF,2,2024-11-12,0.000603181100908623,0.002015106094607168
rf,y_XLF,3,2024-11-12,0.000603181100908623,0.00034335524524103564
rf,y_XLF,4,2024-11-12,0.000603181100908623,0.0014798621494027545
rf,y_XLF,2,2024-11-13,-0.00261200101614234,-0.0017158507448235309
rf,y_XLF,3,2024-11-13,-0.00261200101614234,-0.00030041462936355085
rf,y_XLF,4,2024-11-13,-0.00261200101614234,-0.00023054054935502574
rf,y_XLF,2,2024-11-14,0.0046332866890350655,-0.0008511345294402765
rf,y_XLF,3,2024-11-14,0.0046332866890350655,-0.00039441313519181974
rf,y_XLF,4,2024-11-14,0.0046332866890350655,-0.0013549256123614665
rf,y_XLF,3,2024-11-18,-0.006597617182428128,-0.0034010238563417735
rf,y_XLF,4,2024-11-18,-0.006597617182428128,-0.0028199058585703326
rf,y_XLF,5,2024-11-18,-0.006597617182428128,-0.0033159932116682946
rf,y_XLF,3,2024-11-19,-0.0030185497562764674,0.0012488250822648734
rf,y_XLF,4,2024-11-19,-0.0030185497562764674,0.001307930069560151
rf,y_XLF,5,2024-11-19,-0.0030185497562764674,-0.0009253948517987498
rf,y_XLF,3,2024-11-20,0.012716999405360863,-0.0019039516335919596
rf,y_XLF,4,2024-11-20,0.012716999405360863,0.000701806990128324
rf,y_XLF,5,2024-11-20,0.012716999405360863,-0.0007705952833463629
rf,y_XLF,3,2024-11-21,0.011162077474515586,-0.0013083981052490683
rf,y_XLF,4,2024-11-21,0.011162077474515586,-0.0037266493178487784
rf,y_XLF,5,2024-11-21,0.011162077474515586,-0.003300831968693733
rf,y_XLF,3,2024-11-25,0.001958346547842771,-0.0005358457412365579
rf,y_XLF,4,2024-11-25,0.001958346547842771,0.000697789075936664
rf,y_XLF,5,2024-11-25,0.001958346547842771,0.0003692976198866142
rf,y_XLF,3,2024-11-26,0.0019546707710322853,0.00030296563125377097
rf,y_XLF,4,2024-11-26,0.0019546707710322853,0.0022330598519953145
rf,y_XLF,5,2024-11-26,0.0019546707710322853,0.0005941974125571246
rf,y_XLF,3,2024-12-02,-0.0074760464589000986,0.0037631897538044756
rf,y_XLF,4,2024-12-02,-0.0074760464589000986,0.002363146814909961
rf,y_XLF,5,2024-12-02,-0.0074760464589000986,0.0011121683483856079
rf,y_XLF,3,2024-12-03,-0.003766179361327837,0.0014076642580786688
rf,y_XLF,4,2024-12-03,-0.003766179361327837,0.001840776496234217
rf,y_XLF,5,2024-12-03,-0.003766179361327837,0.002966272891396887
rf,y_XLF,3,2024-12-04,0.0029845479431558353,0.0004346934367934874
rf,y_XLF,4,2024-12-04,0.0029845479431558353,-0.001592888742178979
rf,y_XLF,5,2024-12-04,0.0029845479431558353,0.0014575798325214412
rf,y_XLF,3,2024-12-05,-0.00019833669943225551,-0.0010134899369050856
rf,y_XLF,4,2024-12-05,-0.00019833669943225551,-0.002492176694834753
rf,y_XLF,5,2024-12-05,-0.00019833669943225551,-0.0028514138057288
rf,y_XLF,4,2024-12-09,-0.00020112960763774002,0.0029603796470535357
rf,y_XLF,5,2024-12-09,-0.00020112960763774002,0.0038466136690454215
rf,y_XLF,6,2024-12-09,-0.00020112960763774002,0.0028883152033616264
rf,y_XLF,4,2024-12-10,0.0020120133075485214,-0.0029090654008449308
rf,y_XLF,5,2024-12-10,0.0020120133075485214,-0.002781802262055802
rf,y_XLF,6,2024-12-10,0.0020120133075485214,-0.0022177928197485365
rf,y_XLF,4,2024-12-11,-0.004417556724619964,0.0017003361376478853
rf,y_XLF,5,2024-12-11,-0.004417556724619964,0.00049996717687186
rf,y_XLF,6,2024-12-11,-0.004417556724619964,0.0004043009669729249
rf,y_XLF,4,2024-12-12,-0.0008068628547025503,0.0020389053725474848
rf,y_XLF,5,2024-12-12,-0.0008068628547025503,-0.00011349203675234306
rf,y_XLF,6,2024-12-12,-0.0008068628547025503,0.000674406761639514
rf,y_XLF,4,2024-12-16,-0.00707796213320111,-0.003704862575650684
rf,y_XLF,5,2024-12-16,-0.00707796213320111,-0.0011939700211925511
rf,y_XLF,6,2024-12-16,-0.00707796213320111,-0.003762095148032138
rf,y_XLF,4,2024-12-17,-0.029938907534605597,-0.0007735801379098526
rf,y_XLF,5,2024-12-17,-0.029938907534605597,-0.0010627452138434643
rf,y_XLF,6,2024-12-17,-0.029938907534605597,-0.0013366322999267988
rf,y_XLF,4,2024-12-18,0.003569172222957606,0.002174380620340304
rf,y_XLF,5,2024-12-18,0.003569172222957606,0.003362342451222296
rf,y_XLF,6,2024-12-18,0.003569172222957606,0.0011102812178354986
rf,y_XLF,4,2024-12-19,0.014853575814645747,0.002566648466165685
rf,y_XLF,5,2024-12-19,0.014853575814645747,0.0013415288676387619
rf,y_XLF,6,2024-12-19,0.014853575814645747,0.001702084044758235
rf,y_XLF,4,2024-12-23,0.011772001279358735,0.0006054549557243827
rf,y_XLF,5,2024-12-23,0.011772001279358735,-0.0008212342782243569
rf,y_XLF,6,2024-12-23,0.011772001279358735,-0.00045843760672971965
rf,y_XLF,4,2024-12-26,-0.007330453531055103,-0.001946027635779345
rf,y_XLF,5,2024-12-26,-0.007330453531055103,-0.0008051869364729995
rf,y_XLF,6,2024-12-26,-0.007330453531055103,-0.0018549629194987093
rf,y_XLF,5,2024-12-30,0.0010357638548137427,0.000945398900881772
rf,y_XLF,6,2024-12-30,0.0010357638548137427,0.0016430343469198499
rf,y_XLF,7,2024-12-30,0.0010357638548137427,0.0017841955654668395
rf,y_XLF,5,2025-01-02,0.007882240065106627,0.002324607853218171
rf,y_XLF,6,2025-01-02,0.007882240065106627,9.989679963477438e-05
rf,y_XLF,7,2025-01-02,0.007882240065106627,0.0019573150199157516
rf,y_XLF,5,2025-01-06,-0.0022707704754005853,0.0026862721598463995
rf,y_XLF,6,2025-01-06,-0.0022707704754005853,0.0009853126656124542
rf,y_XLF,7,2025-01-06,-0.0022707704754005853,0.002110475917202731
rf,y_XLF,5,2025-01-07,0.0033105507388897504,0.00027490522400339947
rf,y_XLF,6,2025-01-07,0.0033105507388897504,0.0012882402969943778
rf,y_XLF,7,2025-01-07,0.0033105507388897504,0.0010472149888541857
rf,y_XLF,5,2025-01-13,0.012379450030173045,-0.003895536418969995
rf,y_XLF,6,2025-01-13,0.012379450030173045,-0.0038699210960925867
rf,y_XLF,7,2025-01-13,0.012379450030173045,-0.004838643950999474
rf,y_XLF,5,2025-01-14,0.02549223359473185,0.0010284619063096626
rf,y_XLF,6,2025-01-14,0.02549223359473185,-0.001276522215150433
rf,y_XLF,7,2025-01-14,0.02549223359473185,0.0005585112513312266
rf,y_XLF,5,2025-01-15,0.006669360884182796,0.0019480279436526193
rf,y_XLF,6,2025-01-15,0.006669360884182796,0.0017303552806837198
rf,y_XLF,7,2025-01-15,0.006669360884182796,0.0009666705062418096
rf,y_XLF,5,2025-01-16,0.008432111755182214,0.00014719764170127158
rf,y_XLF,6,2025-01-16,0.008432111755182214,-0.00028250072752830093
rf,y_XLF,7,2025-01-16,0.008432111755182214,0.0010309648448031876
rf,y_XLF,6,2025-01-21,-0.004738407106839371,0.0005510153155189795
rf,y_XLF,7,2025-01-21,-0.004738407106839371,-0.0004860210376006313
rf,y_XLF,8,2025-01-21,-0.004738407106839371,0.0005361940003468725
rf,y_XLF,6,2025-01-22,0.005752888874157369,0.0008787340592193281
rf,y_XLF,7,2025-01-22,0.005752888874157369,0.0012070079395525744
rf,y_XLF,8,2025-01-22,0.005752888874157369,0.00016614816075520474
rf,y_XLF,6,2025-01-23,0.002958440622578662,-5.17802784837947e-05
rf,y_XLF,7,2025-01-23,0.002958440622578662,6.252154110413614e-05
rf,y_XLF,8,2025-01-23,0.002958440622578662,0.0013584193187454953
rf,y_XLF,6,2025-01-27,-0.0017506251775999404,0.0015076851814750788
rf,y_XLF,7,2025-01-27,-0.0017506251775999404,0.0009203790535013338
rf,y_XLF,8,2025-01-27,-0.0017506251775999404,-0.0008805802099718207
rf,y_XLF,6,2025-01-28,-0.0007794368549881581,-0.0033007723570075975
rf,y_XLF,7,2025-01-28,-0.0007794368549881581,-0.005806267814767674
rf,y_XLF,8,2025-01-28,-0.0007794368549881581,-0.0051537869520698245
rf,y_XLF,6,2025-01-29,0.009555285433661798,-0.001118393990942097
rf,y_XLF,7,2025-01-29,0.009555285433661798,-0.0019508972748215993
rf,y_XLF,8,2025-01-29,0.009555285433661798,-0.00015473209838431275
rf,y_XLF,6,2025-01-30,-0.005794814424435635,-0.005786224753182469
rf,y_XLF,7,2025-01-30,-0.005794814424435635,-0.006191834975550768
rf,y_XLF,8,2025-01-30,-0.005794814424435635,-0.004957286025444425
rf,y_XLF,6,2025-02-03,-0.0023408968810174624,-0.0017766013302148915
rf,y_XLF,7,2025-02-03,-0.0023408968810174624,-0.0020783174200328038
rf,y_XLF,8,2025-02-03,-0.0023408968810174624,-0.0005810120209823152
rf,y_XLF,6,2025-02-04,0.010559206704938262,0.0035707481225655878
rf,y_XLF,7,2025-02-04,0.010559206704938262,0.0029680260568680865
rf,y_XLF,8,2025-02-04,0.010559206704938262,0.0035880469680491262
rf,y_XLF,6,2025-02-05,0.008320466889144562,-0.0015086182684665467
rf,y_XLF,7,2025-02-05,0.008320466889144562,-0.0034135171728226525
rf,y_XLF,8,2025-02-05,0.008320466889144562,-0.002418273798674278
rf,y_XLF,6,2025-02-06,-0.005565210807994325,-0.002664497729966381
rf,y_XLF,7,2025-02-06,-0.005565210807994325,-0.0030638407612207153
rf,y_XLF,8,2025-02-06,-0.005565210807994325,-0.002101918858892409
rf,y_XLF,7,2025-02-10,0.0025286975308049797,0.001233360535461639
rf,y_XLF,8,2025-02-10,0.0025286975308049797,0.0008358555663263777
rf,y_XLF,9,2025-02-10,0.0025286975308049797,0.0016256596567914357
rf,y_XLF,7,2025-02-11,-0.003492419083686138,-0.000967127982339952
rf,y_XLF,8,2025-02-11,-0.003492419083686138,-4.2953690483228205e-05
rf,y_XLF,9,2025-02-11,-0.003492419083686138,-0.0009946389389046564
rf,y_XLF,7,2025-02-12,0.00661990273890245,-0.0005712740667388343
rf,y_XLF,8,2025-02-12,0.00661990273890245,-0.0005646847865152414
rf,y_XLF,9,2025-02-12,0.00661990273890245,-0.0009706159594788044
rf,y_XLF,7,2025-02-13,0.0019342698376372258,-0.004090613709817834
rf,y_XLF,8,2025-02-13,0.0019342698376372258,-0.0015454963162047808
rf,y_XLF,9,2025-02-13,0.0019342698376372258,-0.004376528203690519
rf,y_XLF,7,2025-02-18,0.00038336880724254563,0.0004774034157558486
rf,y_XLF,8,2025-02-18,0.00038336880724254563,0.000754000427003244
rf,y_XLF,9,2025-02-18,0.00038336880724254563,0.001955301918419584
rf,y_XLF,7,2025-02-19,-0.015328579237629314,1.0599235141113088e-05
rf,y_XLF,8,2025-02-19,-0.015328579237629314,-0.0013730467166006206
rf,y_XLF,9,2025-02-19,-0.015328579237629314,-0.001995399286913799
rf,y_XLF,7,2025-02-20,-0.012453776918368908,3.4469399573264224e-05
rf,y_XLF,8,2025-02-20,-0.012453776918368908,0.001831808897589865
rf,y_XLF,9,2025-02-20,-0.012453776918368908,0.0015797531569964774
rf,y_XLF,7,2025-02-24,-0.00019615934421923775,0.0006654012767161183
rf,y_XLF,8,2025-02-24,-0.00019615934421923775,-8.067856477144142e-05
rf,y_XLF,9,2025-02-24,-0.00019615934421923775,0.0003238969624731164
rf,y_XLF,7,2025-02-25,-0.002158555625727976,0.0023630213709339423
rf,y_XLF,8,2025-02-25,-0.002158555625727976,0.0030652613606091442
rf,y_XLF,9,2025-02-25,-0.002158555625727976,0.002081389210067406
rf,y_XLF,7,2025-02-26,0.005506563950493204,0.002820271272737353
rf,y_XLF,8,2025-02-26,0.005506563950493204,0.002759151602845018
rf,y_XLF,9,2025-02-26,0.005506563950493204,0.00355353798891035
rf,y_XLF,7,2025-02-27,0.02053575372981231,-0.0007946555657542136
rf,y_XLF,8,2025-02-27,0.02053575372981231,0.0003307814374684146
rf,y_XLF,9,2025-02-27,0.02053575372981231,-9.226278267275382e-05
rf,y_XLF,8,2025-03-03,-0.03517589404733923,-0.0008583695654251248
rf,y_XLF,9,2025-03-03,-0.03517589404733923,0.0009240143081819141
rf,y_XLF,10,2025-03-03,-0.03517589404733923,0.0013758571323110888
rf,y_XLF,8,2025-03-04,0.005809202445479,-0.00014331856563788898
rf,y_XLF,9,2025-03-04,0.005809202445479,0.0002716533770147717
rf,y_XLF,10,2025-03-04,0.005809202445479,-0.0010501521796153573
rf,y_XLF,8,2025-03-05,-0.016530514649694128,-0.0025305869411037
rf,y_XLF,9,2025-03-05,-0.016530514649694128,-0.002015667535943224
rf,y_XLF,10,2025-03-05,-0.016530514649694128,-0.0017490190287532497
rf,y_XLF,8,2025-03-06,-0.0052652249052556055,-0.001138303509674332
rf,y_XLF,9,2025-03-06,-0.0052652249052556055,-0.002354908021629339
rf,y_XLF,10,2025-03-06,-0.0052652249052556055,-0.0018550881151718046
rf,y_XLF,8,2025-03-10,-0.008538137535184398,-0.0022476279317972764
rf,y_XLF,9,2025-03-10,-0.008538137535184398,-0.0027752486527833076
rf,y_XLF,10,2025-03-10,-0.008538137535184398,-0.0006327108260516976
rf,y_XLF,8,2025-03-11,0.0014702644737538684,0.004006973479003095
rf,y_XLF,9,2025-03-11,0.0014702644737538684,0.002068865392841941
rf,y_XLF,10,2025-03-11,0.0014702644737538684,0.0013957695365881743
rf,y_XLF,8,2025-03-12,-0.005452953441782871,0.001794581759121866
rf,y_XLF,9,2025-03-12,-0.005452953441782871,0.0005232620717256516
rf,y_XLF,10,2025-03-12,-0.005452953441782871,-0.0001256729230183773
rf,y_XLF,8,2025-03-13,0.023196960382544374,-0.0010730038073126327
rf,y_XLF,9,2025-03-13,0.023196960382544374,-0.0024770828278263945
rf,y_XLF,10,2025-03-13,0.023196960382544374,-0.00036763457312212754
rf,y_XLF,8,2025-03-17,-0.0012222662832334086,0.009953108529838035
rf,y_XLF,9,2025-03-17,-0.0012222662832334086,0.011032187534079491
rf,y_XLF,10,2025-03-17,-0.0012222662832334086,0.010384197494817607
rf,y_XLF,8,2025-03-18,0.011013779530664847,0.0012829924627626508
rf,y_XLF,9,2025-03-18,0.011013779530664847,0.004118281658622672
rf,y_XLF,10,2025-03-18,0.011013779530664847,0.0051059062446306
rf,y_XLF,8,2025-03-19,0.0014121300551648286,0.002678686622080776
rf,y_XLF,9,2025-03-19,0.0014121300551648286,0.005397835954941582
rf,y_XLF,10,2025-03-19,0.0014121300551648286,0.003483886851920311
rf,y_XLF,8,2025-03-20,-0.0036262491820679976,0.0003676226206828827
rf,y_XLF,9,2025-03-20,-0.0036262491820679976,-0.0010164765487692517
rf,y_XLF,10,2025-03-20,-0.0036262491820679976,0.00018013425702173845
rf,y_XLF,9,2025-03-24,0.005583274950086814,-0.0031907888982267633
rf,y_XLF,10,2025-03-24,0.005583274950086814,-0.002353365757581838
rf,y_XLF,11,2025-03-24,0.005583274950086814,-0.0041662224354607315
rf,y_XLF,9,2025-03-25,-0.002974443991111797,0.002178714046155848
rf,y_XLF,10,2025-03-25,-0.002974443991111797,-0.0014004803167963218
rf,y_XLF,11,2025-03-25,-0.002974443991111797,0.0007806351761329368
rf,y_XLF,9,2025-03-26,-0.0019888273705813697,-0.0033923994968936434
rf,y_XLF,10,2025-03-26,-0.0019888273705813697,-0.001980546568876533
rf,y_XLF,11,2025-03-26,-0.0019888273705813697,-0.0017383362145597834
rf,y_XLF,9,2025-03-27,-0.019330484382996782,-0.002757364906850694
rf,y_XLF,10,2025-03-27,-0.019330484382996782,-0.0022503550533751583
rf,y_XLF,11,2025-03-27,-0.019330484382996782,-0.0004111872879034445
rf,y_XLF,9,2025-03-31,-0.0012045716002883067,0.0007126905444754426
rf,y_XLF,10,2025-03-31,-0.0012045716002883067,0.0011883485981777084
rf,y_XLF,11,2025-03-31,-0.0012045716002883067,0.00046416407296626474
rf,y_XLF,9,2025-04-01,0.008241153433036663,-0.0026108415518050375
rf,y_XLF,10,2025-04-01,0.008241153433036663,-0.0023648080788109768
rf,y_XLF,11,2025-04-01,0.008241153433036663,-0.00019952081790623096
rf,y_XLF,9,2025-04-02,-0.04924243297310815,0.0004481892123989371
rf,y_XLF,10,2025-04-02,-0.04924243297310815,0.002414235515398047
rf,y_XLF,11,2025-04-02,-0.04924243297310815,0.0004438821342878217
rf,y_XLF,9,2025-04-03,-0.07318094915166029,-0.006090239543527619
rf,y_XLF,10,2025-04-03,-0.07318094915166029,-0.004911168347698583
rf,y_XLF,11,2025-04-03,-0.07318094915166029,-0.0034128530897902325
rf,y_XLF,9,2025-04-07,-0.003855803962615867,0.0034115052371130206
rf,y_XLF,10,2025-04-07,-0.003855803962615867,0.0016336019599444826
rf,y_XLF,11,2025-04-07,-0.003855803962615867,0.005185936794147619
rf,y_XLF,9,2025-04-08,0.07536430723581367,0.0012762598701328307
rf,y_XLF,10,2025-04-08,0.07536430723581367,0.000665177793665563
rf,y_XLF,11,2025-04-08,0.07536430723581367,0.0017080410097921079
rf,y_XLF,9,2025-04-09,-0.02794828686912998,-0.0014680566714217506
rf,y_XLF,10,2025-04-09,-0.02794828686912998,-0.000937618458741421
rf,y_XLF,11,2025-04-09,-0.02794828686912998,0.000827835108002034
rf,y_XLF,9,2025-04-10,0.01655402022188146,-0.005284956354429919
rf,y_XLF,10,2025-04-10,0.01655402022188146,-0.0037119235209517507
rf,y_XLF,11,2025-04-10,0.01655402022188146,-0.0037984562222375786
rf,y_XLF,10,2025-04-14,0.0025450566904061667,-0.0002845641449044395
rf,y_XLF,11,2025-04-14,0.0025450566904061667,-0.0003474792775305241
rf,y_XLF,12,2025-04-14,0.0025450566904061667,0.0003016475421909304
rf,y_XLF,10,2025-04-15,-0.01565478292714817,-0.00584223048076278
rf,y_XLF,11,2025-04-15,-0.01565478292714817,-0.007387892260299682
rf,y_XLF,12,2025-04-15,-0.01565478292714817,-0.004772161810478797
rf,y_XLF,10,2025-04-16,0.0025790518441681787,-0.0004647210705466781
rf,y_XLF,11,2025-04-16,0.0025790518441681787,0.000775650643821607
rf,y_XLF,12,2025-04-16,0.0025790518441681787,-0.0006218309526607624
rf,y_XLF,10,2025-04-21,0.033077705394745305,-0.0002861496895136623
rf,y_XLF,11,2025-04-21,0.033077705394745305,0.00012043901338741244
rf,y_XLF,12,2025-04-21,0.033077705394745305,0.00023950831013276144
rf,y_XLF,10,2025-04-22,0.011874522565940238,-0.001094705182832198
rf,y_XLF,11,2025-04-22,0.011874522565940238,-0.002536620353885292
rf,y_XLF,12,2025-04-22,0.011874522565940238,-0.0020843905101893536
rf,y_XLF,10,2025-04-23,0.01110646839711582,0.00282655086691971
rf,y_XLF,11,2025-04-23,0.01110646839711582,0.0020768890531318307
rf,y_XLF,12,2025-04-23,0.01110646839711582,0.0030146230909768403
rf,y_XLF,10,2025-04-24,-0.004766803158848698,0.005757639375652195
rf,y_XLF,11,2025-04-24,-0.004766803158848698,0.0037908654851997532
rf,y_XLF,12,2025-04-24,-0.004766803158848698,0.0024140840344762586
rf,y_XLF,10,2025-04-28,0.01037996231970384,-0.00035779980864327767
rf,y_XLF,11,2025-04-28,0.01037996231970384,0.0007637048025546396
rf,y_XLF,12,2025-04-28,0.01037996231970384,-0.00016411970108203092
rf,y_XLF,10,2025-04-29,0.0018491400109303946,-0.0014423691268486583
rf,y_XLF,11,2025-04-29,0.0018491400109303946,-0.0034315531806237936
rf,y_XLF,12,2025-04-29,0.0018491400109303946,-0.0024903581591981527
rf,y_XLF,10,2025-04-30,-0.00020501930572103255,-0.0016645326828014413
rf,y_XLF,11,2025-04-30,-0.00020501930572103255,-0.001081739212209154
rf,y_XLF,12,2025-04-30,-0.00020501930572103255,-0.00019018550063058896
rf,y_XLF,10,2025-05-01,0.020717836455749206,-0.0031069008916175386
rf,y_XLF,11,2025-05-01,0.020717836455749206,-0.0058687324296116715
rf,y_XLF,12,2025-05-01,0.020717836455749206,-0.004221661907970257
rf,y_XLF,11,2025-05-05,-0.0056634554576976415,0.0007255436304466937
rf,y_XLF,12,2025-05-05,-0.0056634554576976415,0.0012885260810189879
rf,y_XLF,13,2025-05-05,-0.0056634554576976415,0.0006142738193601032
rf,y_XLF,11,2025-05-06,0.005899220782641601,0.0005210875695095577
rf,y_XLF,12,2025-05-06,0.005899220782641601,-0.0010214926711072222
rf,y_XLF,13,2025-05-06,0.005899220782641601,-0.0016866511920425515
rf,y_XLF,11,2025-05-07,0.008291072144025469,0.004454799245215817
rf,y_XLF,12,2025-05-07,0.008291072144025469,0.005428985246533193
rf,y_XLF,13,2025-05-07,0.008291072144025469,0.006285358717341548
rf,y_XLF,11,2025-05-08,0.0,-0.0002731424363221657
rf,y_XLF,12,2025-05-08,0.0,0.0005893869883607368
rf,y_XLF,13,2025-05-08,0.0,-0.00019054668470393498
rf,y_XLF,11,2025-05-12,0.004128264143450577,0.001520675725099549
rf,y_XLF,12,2025-05-12,0.004128264143450577,0.0020641899576154827
rf,y_XLF,13,2025-05-12,0.004128264143450577,0.0020060466475093205
rf,y_XLF,11,2025-05-13,-0.0027408107995550157,-0.0033888043250602314
rf,y_XLF,12,2025-05-13,-0.0027408107995550157,-0.0012545857623467041
rf,y_XLF,13,2025-05-13,-0.0027408107995550157,-0.0015572349585149118
rf,y_XLF,11,2025-05-14,0.006674537665802616,-0.0011433802540278455
rf,y_XLF,12,2025-05-14,0.006674537665802616,-0.002801980144297674
rf,y_XLF,13,2025-05-14,0.006674537665802616,-0.0015293913892220124
rf,y_XLF,11,2025-05-15,0.006045225410478139,0.001463842581047393
rf,y_XLF,12,2025-05-15,0.006045225410478139,0.0016728218259642851
rf,y_XLF,13,2025-05-15,0.006045225410478139,0.0021922925632298943
rf,y_XLF,11,2025-05-19,-0.005424203632017788,0.0003530826520624771
rf,y_XLF,12,2025-05-19,-0.005424203632017788,0.0003934154734635468
rf,y_XLF,13,2025-05-19,-0.005424203632017788,0.00043500154221623455
rf,y_XLF,11,2025-05-20,-0.020451904219941586,-0.0009763408261858952
rf,y_XLF,12,2025-05-20,-0.020451904219941586,-6.891313865208157e-05
rf,y_XLF,13,2025-05-20,-0.020451904219941586,0.0002702904095083077
rf,y_XLF,11,2025-05-21,-0.0011930744514782043,0.001015605453753
rf,y_XLF,12,2025-05-21,-0.0011930744514782043,0.0016293293317116643
rf,y_XLF,13,2025-05-21,-0.0011930744514782043,0.0008184745456569008
rf,y_XLF,11,2025-05-22,-0.0035834987352220127,-0.0009042085264199103
rf,y_XLF,12,2025-05-22,-0.0035834987352220127,0.0009623285544396925
rf,y_XLF,13,2025-05-22,-0.0035834987352220127,0.0004594793585705831
rf,y_XLF,12,2025-05-27,-0.006675923438676401,-0.0005012137724167032
rf,y_XLF,13,2025-05-27,-0.006675923438676401,0.001217967920107511
rf,y_XLF,14,2025-05-27,-0.006675923438676401,-0.0017237233349592393
rf,y_XLF,12,2025-05-28,0.00513935665791454,0.00020897508472673593
rf,y_XLF,13,2025-05-28,0.00513935665791454,0.002068993171023057
rf,y_XLF,14,2025-05-28,0.00513935665791454,0.0022103555281909352
rf,y_XLF,12,2025-05-29,0.0021632022942388307,0.000833640948105339
rf,y_XLF,13,2025-05-29,0.0021632022942388307,-0.0007867122377241752
rf,y_XLF,14,2025-05-29,0.0021632022942388307,-0.0007818036655675311
rf,y_XLF,12,2025-06-02,0.0019615946542179685,-0.0006659466467922278
rf,y_XLF,13,2025-06-02,0.0019615946542179685,-0.0030290194423112926
rf,y_XLF,14,2025-06-02,0.0019615946542179685,-0.002253287776582627
rf,y_XLF,12,2025-06-03,-0.005677404577111744,-0.0005728136623006012
rf,y_XLF,13,2025-06-03,-0.005677404577111744,0.001055899355207356
rf,y_XLF,14,2025-06-03,-0.005677404577111744,0.0006469240285512489
rf,y_XLF,12,2025-06-04,-0.002756384463087791,0.0021137735151148186
rf,y_XLF,13,2025-06-04,-0.002756384463087791,0.00156585107906142
rf,y_XLF,14,2025-06-04,-0.002756384463087791,0.0017624608565515556
rf,y_XLF,12,2025-06-05,0.012438280336126928,-0.0023064295054657465
rf,y_XLF,13,2025-06-05,0.012438280336126928,-0.004076097297662289
rf,y_XLF,14,2025-06-05,0.012438280336126928,-0.0037026810359439685
rf,y_XLF,12,2025-06-09,0.0011763893340901443,3.956576860288571e-05
rf,y_XLF,13,2025-06-09,0.0011763893340901443,0.003130973319216479
rf,y_XLF,14,2025-06-09,0.0011763893340901443,0.003164682528646643
rf,y_XLF,12,2025-06-10,-0.001175007068307532,0.0017508342321718672
rf,y_XLF,13,2025-06-10,-0.001175007068307532,0.0028722182562901416
rf,y_XLF,14,2025-06-10,-0.001175007068307532,0.001792466082565483
rf,y_XLF,12,2025-06-11,0.0,0.0033335172250022944
rf,y_XLF,13,2025-06-11,0.0,0.003234680540363457
rf,y_XLF,14,2025-06-11,0.0,0.0009021539780457379
rf,y_XLF,12,2025-06-12,-0.020392310125487034,-0.0015400738223011116
rf,y_XLF,13,2025-06-12,-0.020392310125487034,-0.002200293371128055
rf,y_XLF,14,2025-06-12,-0.020392310125487034,-0.0021345604542231168
rf,y_XLF,13,2025-07-02,0.010832376216637796,-0.003227601631442408
rf,y_XLF,14,2025-07-02,0.010832376216637796,-0.0020988028922292773
rf,y_XLF,15,2025-07-02,0.010832376216637796,-0.0015216455618612798
rf,y_XLF,13,2025-07-07,-0.008921812751726876,0.0020508223673564242
rf,y_XLF,14,2025-07-07,-0.008921812751726876,2.6585167668925307e-05
rf,y_XLF,15,2025-07-07,-0.008921812751726876,0.00037678484804764916
rf,y_XLF,13,2025-07-08,0.0036391471929884123,-0.0007071143949141675
rf,y_XLF,14,2025-07-08,0.0036391471929884123,-0.00032799904607460256
rf,y_XLF,15,2025-07-08,0.0036391471929884123,-0.0014820817866391907
rf,y_XLF,13,2025-07-09,0.005916038227475218,0.003163525918447068
rf,y_XLF,14,2025-07-09,0.005916038227475218,0.001955403759610851
rf,y_XLF,15,2025-07-09,0.005916038227475218,0.001021720188506676
rf,y_XLF,13,2025-07-10,-0.010434480257143774,0.0017978935384212061
rf,y_XLF,14,2025-07-10,-0.010434480257143774,0.0004389378338797193
rf,y_XLF,15,2025-07-10,-0.010434480257143774,0.0016397795055962626
rf,y_XLF,13,2025-07-14,-0.017126440099849094,-0.0006972460924774197
rf,y_XLF,14,2025-07-14,-0.017126440099849094,-0.001430459136577856
rf,y_XLF,15,2025-07-14,-0.017126440099849094,4.1733638330199166e-05
rf,y_XLF,13,2025-07-15,0.006969946409623118,0.0015775632558488748
rf,y_XLF,14,2025-07-15,0.006969946409623118,-0.00010027674968084247
rf,y_XLF,15,2025-07-15,0.006969946409623118,0.0011054184239627127
rf,y_XLF,13,2025-07-16,0.009613541353136856,-0.0030016825946448398
rf,y_XLF,14,2025-07-16,0.009613541353136856,-0.005029619291244448
rf,y_XLF,15,2025-07-16,0.009613541353136856,-0.005812625650638584
rf,y_XLF,13,2025-07-17,0.0005713771219928443,0.003295710090701038
rf,y_XLF,14,2025-07-17,0.0005713771219928443,0.0015572804508860478
rf,y_XLF,15,2025-07-17,0.0005713771219928443,0.0021060709777114975
rf,y_XLF,13,2025-07-21,0.005535450296628053,-0.00018486116421445782
rf,y_XLF,14,2025-07-21,0.005535450296628053,-0.0031691140199358934
rf,y_XLF,15,2025-07-21,0.005535450296628053,-0.002948185770313876
rf,y_XLF,13,2025-07-22,0.007972590665472623,-0.00021529778912758406
rf,y_XLF,14,2025-07-22,0.007972590665472623,-0.00012764475011205477
rf,y_XLF,15,2025-07-22,0.007972590665472623,0.0014745976041054126
rf,y_XLF,13,2025-07-23,-0.0005649561824438987,0.0007629053373417183
rf,y_XLF,14,2025-07-23,-0.0005649561824438987,0.0014041410331261976
rf,y_XLF,15,2025-07-23,-0.0005649561824438987,0.0013543363357427572
rf,y_XLF,14,2025-07-24,0.006971972870247756,-0.0029037943359525938
rf,y_XLF,15,2025-07-24,0.006971972870247756,-0.000587993867644554
rf,y_XLF,16,2025-07-24,0.006971972870247756,-0.0019316782845364838
rf,y_XLF,14,2025-07-28,-0.0050876245835156375,0.001367995479457591
rf,y_XLF,15,2025-07-28,-0.0050876245835156375,0.00033543590555020023
rf,y_XLF,16,2025-07-28,-0.0050876245835156375,-8.883257058669805e-05
rf,y_XLF,14,2025-07-29,-0.0018939114279084013,0.0035188132569202706
rf,y_XLF,15,2025-07-29,-0.0018939114279084013,0.0020004389571747706
rf,y_XLF,16,2025-07-29,-0.0018939114279084013,0.003606365130483404
rf,y_XLF,14,2025-07-30,-0.006261905410859248,-0.0036768287375328512
rf,y_XLF,15,2025-07-30,-0.006261905410859248,-0.0024733865962754944
rf,y_XLF,16,2025-07-30,-0.006261905410859248,-0.0008513853257695511
rf,y_XLF,14,2025-07-31,-0.01852193545538805,-0.003245852108023614
rf,y_XLF,15,2025-07-31,-0.01852193545538805,-0.001416251655922207
rf,y_XLF,16,2025-07-31,-0.01852193545538805,-0.0003603475843476358
rf,y_XLF,14,2025-08-04,-0.004045425546168935,-0.0013874214295497252
rf,y_XLF,15,2025-08-04,-0.004045425546168935,-0.002413304870999102
rf,y_XLF,16,2025-08-04,-0.004045425546168935,8.45786681397361e-05
rf,y_XLF,14,2025-08-05,0.004835555241239353,-0.0011353100818706386
rf,y_XLF,15,2025-08-05,0.004835555241239353,-0.0017420188331619291
rf,y_XLF,16,2025-08-05,0.004835555241239353,-0.00024833499145405873
rf,y_XLF,14,2025-08-06,-0.011164667197282374,0.0008361269706193414
rf,y_XLF,15,2025-08-06,-0.011164667197282374,0.0015989682106733276
rf,y_XLF,16,2025-08-06,-0.011164667197282374,0.0006079178468525283
rf,y_XLF,14,2025-08-07,0.009344016823716217,0.0007471986358857005
rf,y_XLF,15,2025-08-07,0.009344016823716217,0.003324787172440537
rf,y_XLF,16,2025-08-07,0.009344016823716217,0.00016599785987769233
rf,y_XLF,14,2025-08-11,0.012155008255541278,0.002728085402676034
rf,y_XLF,15,2025-08-11,0.012155008255541278,0.0019162699051004798
rf,y_XLF,16,2025-08-11,0.012155008255541278,0.0009762998428706094
rf,y_XLF,14,2025-08-12,0.005718631499386673,-0.0009158613032899832
rf,y_XLF,15,2025-08-12,0.005718631499386673,-0.0020888895960488206
rf,y_XLF,16,2025-08-12,0.005718631499386673,-0.0012528982820589007
rf,y_XLF,15,2025-08-13,0.00473847745019329,-0.0014942662342864732
rf,y_XLF,16,2025-08-13,0.00473847745019329,-0.00027596710980723563
rf,y_XLF,17,2025-08-13,0.00473847745019329,0.001213526633681236
rf,y_XLF,15,2025-08-14,-0.010375428421309896,0.0012734042132007525
rf,y_XLF,16,2025-08-14,-0.010375428421309896,0.0004390975682768444
rf,y_XLF,17,2025-08-14,-0.010375428421309896,-0.0006997864873231951
rf,y_XLF,15,2025-08-18,0.0019047337575488488,-0.0051284619805611045
rf,y_XLF,16,2025-08-18,0.0019047337575488488,-0.004244711952534344
rf,y_XLF,17,2025-08-18,0.0019047337575488488,-0.003544615367260531
rf,y_XLF,15,2025-08-19,0.005133084456511172,0.0005140147498127717
rf,y_XLF,16,2025-08-19,0.005133084456511172,-0.0014111859417016935
rf,y_XLF,17,2025-08-19,0.005133084456511172,0.00019110861200323978
rf,y_XLF,15,2025-08-20,-0.0032153939080915572,0.0016062617856866847
rf,y_XLF,16,2025-08-20,-0.0032153939080915572,0.001190703269481122
rf,y_XLF,17,2025-08-20,-0.0032153939080915572,0.0025848315636648367
rf,y_XLF,15,2025-08-21,0.016508520590230225,0.0040946716098872685
rf,y_XLF,16,2025-08-21,0.016508520590230225,0.0022632613607777665
rf,y_XLF,17,2025-08-21,0.016508520590230225,0.0032392687228875736
rf,y_XLF,15,2025-08-25,0.007698064923114201,0.0019370469560757637
rf,y_XLF,16,2025-08-25,0.007698064923114201,0.0005433055145845966
rf,y_XLF,17,2025-08-25,0.007698064923114201,0.0020531490221345834
rf,y_XLF,15,2025-08-26,0.002049553378982827,0.001602929120757196
rf,y_XLF,16,2025-08-26,0.002049553378982827,0.0015535420338757156
rf,y_XLF,17,2025-08-26,0.002049553378982827,0.0009135849144986514
rf,y_XLF,15,2025-08-27,0.0013015870635415538,-0.0007943172911947645
rf,y_XLF,16,2025-08-27,0.0013015870635415538,0.0014723837517607113
rf,y_XLF,17,2025-08-27,0.0013015870635415538,0.0018827872290567936
rf,y_XLF,15,2025-08-28,0.0025999329155401707,0.0026234331536575633
rf,y_XLF,16,2025-08-28,0.0025999329155401707,0.0015102943377766512
rf,y_XLF,17,2025-08-28,0.0025999329155401707,0.002361771157756527
rf,y_XLF,15,2025-09-02,-0.0016794430905363589,0.0015931819257514513
rf,y_XLF,16,2025-09-02,-0.0016794430905363589,0.0020461298518846343
rf,y_XLF,17,2025-09-02,-0.0016794430905363589,0.00022160474925833246
rf,y_XLF,16,2025-09-03,0.010467335931992894,7.161805974080412e-05
rf,y_XLF,17,2025-09-03,0.010467335931992894,0.0011449330705774678
rf,y_XLF,18,2025-09-03,0.010467335931992894,0.0011477870744469839
rf,y_XLF,16,2025-09-04,-0.018313047823674156,0.0011269669517486869
rf,y_XLF,17,2025-09-04,-0.018313047823674156,0.001031988796141873
rf,y_XLF,18,2025-09-04,-0.018313047823674156,0.001656940516969065
rf,y_XLF,16,2025-09-08,0.004330635321832199,-0.0014928353664831215
rf,y_XLF,17,2025-09-08,0.004330635321832199,-0.0006600016730089836
rf,y_XLF,18,2025-09-08,0.004330635321832199,-0.0011928474340829923
rf,y_XLF,16,2025-09-09,-0.0033746288793868873,0.0012860992100515944
rf,y_XLF,17,2025-09-09,-0.0033746288793868873,0.004571182286703927
rf,y_XLF,18,2025-09-09,-0.0033746288793868873,0.005216222083183586
rf,y_XLF,16,2025-09-10,0.016365670303610802,-0.0010396082246090584
rf,y_XLF,17,2025-09-10,0.016365670303610802,-0.0006412324877758048
rf,y_XLF,18,2025-09-10,0.016365670303610802,0.0005191390920013611
rf,y_XLF,16,2025-09-11,-0.004256895383629167,0.003331645315914218
rf,y_XLF,17,2025-09-11,-0.004256895383629167,0.002724892579193289
rf,y_XLF,18,2025-09-11,-0.004256895383629167,0.002438758410232821
rf,y_XLF,16,2025-09-15,-0.0022354078181178183,0.006346418925694045
rf,y_XLF,17,2025-09-15,-0.0022354078181178183,0.0033205196715978785
rf,y_XLF,18,2025-09-15,-0.0022354078181178183,0.004851727321351138
rf,y_XLF,16,2025-09-16,0.009708708624296847,-8.436083788278351e-05
rf,y_XLF,17,2025-09-16,0.009708708624296847,-0.00014667882896662413
rf,y_XLF,18,2025-09-16,0.009708708624296847,-0.001726527971124811
rf,y_XLF,16,2025-09-17,0.0009245780383209112,0.0002926235576393562
rf,y_XLF,17,2025-09-17,0.0009245780383209112,0.0005766835101516644
rf,y_XLF,18,2025-09-17,0.0009245780383209112,0.0022576567631052073
rf,y_XLF,16,2025-09-18,0.0022168240370024073,-0.0010201788121234141
rf,y_XLF,17,2025-09-18,0.0022168240370024073,-0.0014681203962780027
rf,y_XLF,18,2025-09-18,0.0022168240370024073,-0.001210867469799857
rf,y_XLF,16,2025-09-22,-0.004444484457596043,-0.0011279651842917248
rf,y_XLF,17,2025-09-22,-0.004444484457596043,-0.0012477328944641966
rf,y_XLF,18,2025-09-22,-0.004444484457596043,-0.0005671495227862126
rf,y_XLF,17,2025-09-23,-0.002790132597520034,0.0005844512779404426
rf,y_XLF,18,2025-09-23,-0.002790132597520034,0.00012238574590985504
rf,y_XLF,19,2025-09-23,-0.002790132597520034,0.00041390183930967346
rf,y_XLF,17,2025-09-24,-0.002611428979049979,0.003029481961304505
rf,y_XLF,18,2025-09-24,-0.002611428979049979,0.002655393518545455
rf,y_XLF,19,2025-09-24,-0.002611428979049979,0.004186476985375802
rf,y_XLF,17,2025-09-25,0.0072938034672198615,0.004556344896123856
rf,y_XLF,18,2025-09-25,0.0072938034672198615,0.0019389050617302302
rf,y_XLF,19,2025-09-25,0.0072938034672198615,0.0018302137116041172
rf,y_XLF,17,2025-09-29,-0.00480324753845951,0.0009588238120636638
rf,y_XLF,18,2025-09-29,-0.00480324753845951,0.0016787863902550586
rf,y_XLF,19,2025-09-29,-0.00480324753845951,0.001365566915513027
rf,y_XLF,17,2025-09-30,-0.008910348848141014,0.006162956373151328
rf,y_XLF,18,2025-09-30,-0.008910348848141014,0.006232680486323739
rf,y_XLF,19,2025-09-30,-0.008910348848141014,0.006945040510568052
rf,y_XLF,17,2025-10-01,-0.0007491868214818398,0.0009688666555371205
rf,y_XLF,18,2025-10-01,-0.0007491868214818398,0.0019945387351167927
rf,y_XLF,19,2025-10-01,-0.0007491868214818398,-0.0020808061489701584
rf,y_XLF,17,2025-10-02,0.0069353711606781054,0.0007408195087453773
rf,y_XLF,18,2025-10-02,0.0069353711606781054,-3.6944485558021434e-05
rf,y_XLF,19,2025-10-02,0.0069353711606781054,-0.0009301294944944018
rf,y_XLF,17,2025-10-06,0.0013035261215625926,0.0014244428342996393
rf,y_XLF,18,2025-10-06,0.0013035261215625926,0.0015585156876866985
rf,y_XLF,19,2025-10-06,0.0013035261215625926,0.002874690802634294
rf,y_XLF,17,2025-10-07,-0.004835406107903895,-0.0010236087495347167
rf,y_XLF,18,2025-10-07,-0.004835406107903895,0.0004118884376298204
rf,y_XLF,19,2025-10-07,-0.004835406107903895,0.0002767063915448518
rf,y_XLF,17,2025-10-08,-0.003550746254775916,0.001802425320598309
rf,y_XLF,18,2025-10-08,-0.003550746254775916,0.002400379711727427
rf,y_XLF,19,2025-10-08,-0.003550746254775916,0.0008405502349487355
rf,y_XLF,17,2025-10-09,-0.02175544316840261,0.0026379393726932597
rf,y_XLF,18,2025-10-09,-0.02175544316840261,0.0032906081755575125
rf,y_XLF,19,2025-10-09,-0.02175544316840261,0.0018116679214663237
rf,y_XLF,18,2025-10-13,0.011014054233861925,0.004488027468420421
rf,y_XLF,19,2025-10-13,0.011014054233861925,0.0016866846811791254
rf,y_XLF,20,2025-10-13,0.011014054233861925,0.0020383754557349006
rf,y_XLF,18,2025-10-14,0.0,0.0035715842859557717
rf,y_XLF,19,2025-10-14,0.0,0.004678885523390663
rf,y_XLF,20,2025-10-14,0.0,0.0028080857188375608
rf,y_XLF,18,2025-10-15,-0.027798729042364134,0.0002673987916650661
rf,y_XLF,19,2025-10-15,-0.027798729042364134,-0.00022404443588848743
rf,y_XLF,20,2025-10-15,-0.027798729042364134,-0.002500640440239616
rf,y_XLF,18,2025-10-16,0.008114447448343665,0.000973104278405502
rf,y_XLF,19,2025-10-16,0.008114447448343665,0.0014156540323895165
rf,y_XLF,20,2025-10-16,0.008114447448343665,0.001983973906132682
rf,y_XLF,18,2025-10-20,-0.0011365890899049935,0.002617451093819792
rf,y_XLF,19,2025-10-20,-0.0011365890899049935,0.002936598707135916
rf,y_XLF,20,2025-10-20,-0.0011365890899049935,0.0031708670122024118
rf,y_XLF,18,2025-10-21,-0.005689339376291791,-0.0008461930677921152
rf,y_XLF,19,2025-10-21,-0.005689339376291791,-0.0012958969925432255
rf,y_XLF,20,2025-10-21,-0.005689339376291791,-0.0018835183259521373
rf,y_XLF,18,2025-10-22,0.002098005591420371,-0.002439454382161214
rf,y_XLF,19,2025-10-22,0.002098005591420371,-0.0035198234495144253
rf,y_XLF,20,2025-10-22,0.002098005591420371,-0.0005679531699497068
rf,y_XLF,18,2025-10-23,0.010848901674569866,0.0028546407901451037
rf,y_XLF,19,2025-10-23,0.010848901674569866,0.0020705033460782776
rf,y_XLF,20,2025-10-23,0.010848901674569866,0.0033120984086088935
rf,y_XLF,18,2025-10-27,-0.006375431586477465,0.0005584476906475807
rf,y_XLF,19,2025-10-27,-0.006375431586477465,-8.878995602042695e-05
rf,y_XLF,20,2025-10-27,-0.006375431586477465,-8.946385272618855e-05
rf,y_XLF,18,2025-10-28,-0.016984344737958068,0.0010366144116650525
rf,y_XLF,19,2025-10-28,-0.016984344737958068,0.002079589610166198
rf,y_XLF,20,2025-10-28,-0.016984344737958068,-0.0002951622329185842
rf,y_XLF,18,2025-10-29,0.0026876311498889027,0.001885678100001951
rf,y_XLF,19,2025-10-29,0.0026876311498889027,0.00014767969472854377
rf,y_XLF,20,2025-10-29,0.0026876311498889027,0.001563574680210462
rf,y_XLF,18,2025-10-30,0.0026804271503846344,-0.002614598246040842
rf,y_XLF,19,2025-10-30,0.0026804271503846344,-0.0006766649875855309
rf,y_XLF,20,2025-10-30,0.0026804271503846344,9.52900819750635e-06
rf,y_XLF,19,2025-11-03,0.005177346050075249,0.0019873385392516385
rf,y_XLF,20,2025-11-03,0.005177346050075249,0.0033511344991133006
rf,y_XLF,21,2025-11-03,0.005177346050075249,0.0024367574791408276
rf,y_XLF,19,2025-11-04,0.0034337617922599595,0.020978852382112553
rf,y_XLF,20,2025-11-04,0.0034337617922599595,0.022080724374056875
rf,y_XLF,21,2025-11-04,0.0034337617922599595,0.020746350023933057
rf,y_XLF,19,2025-11-05,-0.0036121029501375856,0.00029588762022348113
rf,y_XLF,20,2025-11-05,-0.0036121029501375856,-0.0015781138282388613
rf,y_XLF,21,2025-11-05,-0.0036121029501375856,-0.0008991253680117226
rf,y_XLF,19,2025-11-06,0.0070596874644843766,-0.003839425243768991
rf,y_XLF,20,2025-11-06,0.0070596874644843766,-0.0036388811061861146
rf,y_XLF,21,2025-11-06,0.0070596874644843766,-0.0035665380509947303
rf,y_XLF,19,2025-11-10,0.004530762485396522,-0.002844197632513757
rf,y_XLF,20,2025-11-10,0.004530762485396522,-0.0038920351278686964
rf,y_XLF,21,2025-11-10,0.004530762485396522,-0.0021126365937734677
rf,y_XLF,19,2025-11-11,0.00864497377716722,-0.003655524222969909
rf,y_XLF,20,2025-11-11,0.00864497377716722,-0.004942810395525007
rf,y_XLF,21,2025-11-11,0.00864497377716722,-0.003990623415837533
rf,y_XLF,19,2025-11-12,-0.012856318132623112,0.0001371409290286063
rf,y_XLF,20,2025-11-12,-0.012856318132623112,0.00016826656865403521
rf,y_XLF,21,2025-11-12,-0.012856318132623112,-0.00015463232816418187
rf,y_XLF,19,2025-11-13,-0.010003744937596704,0.0010927412904226858
rf,y_XLF,20,2025-11-13,-0.010003744937596704,0.0009871635793494843
rf,y_XLF,21,2025-11-13,-0.010003744937596704,0.0006650977011141775
rf,y_XLF,19,2025-11-17,-0.0015549464767765642,0.0014369018477570152
rf,y_XLF,20,2025-11-17,-0.0015549464767765642,0.002634778433156549
rf,y_XLF,21,2025-11-17,-0.0015549464767765642,0.0013790803411059113
rf,y_XLF,19,2025-11-18,0.003698739924594463,-0.0025058020765000005
rf,y_XLF,20,2025-11-18,0.003698739924594463,-0.001283532806929083
rf,y_XLF,21,2025-11-18,0.003698739924594463,-0.004674840722747644
rf,y_XLF,19,2025-11-19,-0.00872769983376731,-0.0027997430192607687
rf,y_XLF,20,2025-11-19,-0.00872769983376731,-0.00047274747307508305
rf,y_XLF,21,2025-11-19,-0.00872769983376731,-0.0016392096131066301
rf,y_XLF,19,2025-11-20,0.010956658404933206,-0.00016119839662845175
rf,y_XLF,20,2025-11-20,0.010956658404933206,0.00018459427703970132
rf,y_XLF,21,2025-11-20,0.010956658404933206,0.0006479967446659546
rf,y_XLF,20,2025-11-24,0.012526487841339362,-0.0025105624551502504
rf,y_XLF,21,2025-11-24,0.012526487841339362,-0.001156755031561796
rf,y_XLF,22,2025-11-24,0.012526487841339362,-0.003718756885583907
rf,y_XLF,20,2025-11-25,0.007803599776059489,0.0040746890820733996
rf,y_XLF,21,2025-11-25,0.007803599776059489,0.0031771059855796166
rf,y_XLF,22,2025-11-25,0.007803599776059489,0.0026503823493681635
rf,y_XLF,20,2025-12-01,-0.0009453909008985129,0.0040273549746098316
rf,y_XLF,21,2025-12-01,-0.0009453909008985129,0.005189355900109873
rf,y_XLF,22,2025-12-01,-0.0009453909008985129,0.004634303888375376
rf,y_XLF,20,2025-12-02,0.013436790598289061,-0.0002455212419210623
rf,y_XLF,21,2025-12-02,0.013436790598289061,-0.0008565075051953641
rf,y_XLF,22,2025-12-02,0.013436790598289061,-0.0004957589834271785
rf,y_XLF,20,2025-12-03,0.0020541973257548474,0.0025196979851241624
rf,y_XLF,21,2025-12-03,0.0020541973257548474,0.003406954865571261
rf,y_XLF,22,2025-12-03,0.0020541973257548474,0.003559941589115083
rf,y_XLF,20,2025-12-04,0.0003726728900093068,0.00300385462984772
rf,y_XLF,21,2025-12-04,0.0003726728900093068,0.004239451946246668
rf,y_XLF,22,2025-12-04,0.0003726728900093068,0.00250291932397818
rf,y_XLF,20,2025-12-08,-0.003739701701419018,0.0008011750049671372
rf,y_XLF,21,2025-12-08,-0.003739701701419018,0.001423366969481732
rf,y_XLF,22,2025-12-08,-0.003739701701419018,0.0020723221087796274
rf,y_XLF,20,2025-12-09,0.011448955974568076,0.004142233089619003
rf,y_XLF,21,2025-12-09,0.011448955974568076,0.007128916146652038
rf,y_XLF,22,2025-12-09,0.011448955974568076,0.006840044728994576
rf,y_XLF,20,2025-12-10,0.01818516582706664,0.0015812469071104914
rf,y_XLF,21,2025-12-10,0.01818516582706664,0.000510303352643023
rf,y_XLF,22,2025-12-10,0.01818516582706664,0.0013648857673535715
rf,y_XLF,20,2025-12-11,0.0014580279932445706,0.0010419850532042095
rf,y_XLF,21,2025-12-11,0.0014580279932445706,0.00129861555641922
rf,y_XLF,22,2025-12-11,0.0014580279932445706,-0.00011921079749221038
rf,y_XLF,21,2025-12-15,-0.006364804346536745,0.008555520360588952
rf,y_XLF,22,2025-12-15,-0.006364804346536745,0.008408353967947485
rf,y_XLF,23,2025-12-15,-0.006364804346536745,0.0066122736115925805
rf,y_XLF,21,2025-12-16,-0.00018299439786328975,-0.0030666677796846306
rf,y_XLF,22,2025-12-16,-0.00018299439786328975,-0.003059588441163911
rf,y_XLF,23,2025-12-16,-0.00018299439786328975,-0.0012000732473242358
rf,y_XLF,21,2025-12-17,-0.0016474612342792794,0.000997529814727735
rf,y_XLF,22,2025-12-17,-0.0016474612342792794,0.0010255210984498238
rf,y_XLF,23,2025-12-17,-0.0016474612342792794,0.00033301319224099125
rf,y_XLF,21,2025-12-18,0.005500529284427902,0.002992192185983267
rf,y_XLF,22,2025-12-18,0.005500529284427902,0.0031636382888297937
rf,y_XLF,23,2025-12-18,0.005500529284427902,0.0013930729204110657
rf,y_XLF,21,2025-12-23,0.0054122178497000295,0.005222764507810282
rf,y_XLF,22,2025-12-23,0.0054122178497000295,0.006193792927371509
rf,y_XLF,23,2025-12-23,0.0054122178497000295,0.0069115172632142514
rf,y_XLF,21,2025-12-29,-0.0025307192773093012,0.0010699381183669255
rf,y_XLF,22,2025-12-29,-0.0025307192773093012,-0.00022647749544692694
rf,y_XLF,23,2025-12-29,-0.0025307192773093012,0.0007222594533531135
rf,y_XLF,21,2025-12-30,-0.00743022553723427,0.00029978173260075404
rf,y_XLF,22,2025-12-30,-0.00743022553723427,0.0008668451433003506
rf,y_XLF,23,2025-12-30,-0.00743022553723427,0.003815698186581455
rf,y_XLF,22,2026-01-05,0.004810269955919377,-0.0009197353077339922
rf,y_XLF,23,2026-01-05,0.004810269955919377,-0.0011050225189393951
rf,y_XLF,24,2026-01-05,0.004810269955919377,-0.0010213690683916745
rf,y_XLF,22,2026-01-06,-0.014007108052379258,0.0032383354213205893
rf,y_XLF,23,2026-01-06,-0.014007108052379258,0.0029660775954032086
rf,y_XLF,24,2026-01-06,-0.014007108052379258,0.0020474712846409956
rf,y_XLF,22,2026-01-07,0.005214905814501236,0.0016696846345468123
rf,y_XLF,23,2026-01-07,0.005214905814501236,0.0017061849996306833
rf,y_XLF,24,2026-01-07,0.005214905814501236,0.0023134818036444193
rf,y_XLF,22,2026-01-08,-0.0030411803041521246,0.0020072172562930015
rf,y_XLF,23,2026-01-08,-0.0030411803041521246,-0.0008037897513997999
rf,y_XLF,24,2026-01-08,-0.0030411803041521246,0.001367833346233561
rf,y_XLF,22,2026-01-12,-0.019171664961816437,0.002640208321335873
rf,y_XLF,23,2026-01-12,-0.019171664961816437,0.0016392630221467252
rf,y_XLF,24,2026-01-12,-0.019171664961816437,0.0014277771948121788
rf,y_XLF,22,2026-01-13,-0.0014751616638889464,-0.0012569974895690367
rf,y_XLF,23,2026-01-13,-0.0014751616638889464,-0.0012061113923956571
rf,y_XLF,24,2026-01-13,-0.0014751616638889464,-0.003425489114739454
rf,y_XLF,22,2026-01-14,0.004062740531977971,0.0024345418476234984
rf,y_XLF,23,2026-01-14,0.004062740531977971,0.001427611871847656
rf,y_XLF,24,2026-01-14,0.004062740531977971,0.0020963972507316965
rf,y_XLF,22,2026-01-15,0.0012874691226665291,-0.00019428262302765472
rf,y_XLF,23,2026-01-15,0.0012874691226665291,0.0006440345049081253
rf,y_XLF,24,2026-01-15,0.0012874691226665291,-0.0005506207642954138
rf,y_XLF,22,2026-01-21,0.006546993917177613,0.0024112062368150415
rf,y_XLF,23,2026-01-21,0.006546993917177613,0.00144623017972945
rf,y_XLF,24,2026-01-21,0.006546993917177613,0.002463004527381151
rf,y_XLF,22,2026-01-22,-0.01375212153096328,-0.0012049722378331027
rf,y_XLF,23,2026-01-22,-0.01375212153096328,-0.0025088883040895083
rf,y_XLF,24,2026-01-22,-0.01375212153096328,-0.0019713466906530392
rf,y_XLF,23,2026-01-26,-0.007676462246460347,0.002846507879770871
rf,y_XLF,24,2026-01-26,-0.007676462246460347,0.0027820225415379853
rf,y_XLF,23,2026-01-27,-0.0001886475760981554,0.0017134006052596296
rf,y_XLF,24,2026-01-27,-0.0001886475760981554,0.0006269694275493694
rf,y_XLF,23,2026-01-28,0.010567985296390692,-0.0008332043071680681
rf,y_XLF,24,2026-01-28,0.010567985296390692,-0.0014074296140227807
rf,y_XLF,23,2026-01-29,-0.0020541664223860945,0.0014818848946201075
rf,y_XLF,24,2026-01-29,-0.0020541664223860945,0.000748624474010041
rf,y_XLF,23,2026-02-02,-0.00925411829162559,6.354061354728972e-05
rf,y_XLF,24,2026-02-02,-0.00925411829162559,-0.00020265311214560008
rf,y_XLF,23,2026-02-03,0.008032884643780047,0.0027940816029564755
rf,y_XLF,24,2026-02-03,0.008032884643780047,0.0015565843467153257
rf,y_XLF,23,2026-02-04,-0.012416571169626023,0.002838996711544786
rf,y_XLF,24,2026-02-04,-0.012416571169626023,0.002954457722862751
rf,y_XLF,23,2026-02-05,0.018202240370448708,0.0017412573486810079
rf,y_XLF,24,2026-02-05,0.018202240370448708,-0.0004867153412008773
rf,y_XLF,23,2026-02-09,-0.007230244708521738,0.003143374931837707
rf,y_XLF,24,2026-02-09,-0.007230244708521738,0.004536337758605434
rf,y_XLF,23,2026-02-10,-0.015126005044518664,0.0010750155179597043
rf,y_XLF,24,2026-02-10,-0.015126005044518664,0.0001504794582873281
rf,y_XLF,23,2026-02-11,-0.01990904471636612,0.0021397576803358297
rf,y_XLF,24,2026-02-11,-0.01990904471636612,0.0019972724803242405
rf,y_XLF,23,2026-02-12,-0.0007737880033411582,0.0002671712769289523
rf,y_XLF,24,2026-02-12,-0.0007737880033411582,0.00021480541866394364
rf,y_XLF,24,2026-02-17,0.0074712525660598494,0.0011735542802873977
rf,y_XLF,24,2026-02-18,-0.008366583484167078,-0.002195597716037088
rf,y_XLF,24,2026-02-19,0.006519657576983473,0.001672063242221991
rf,y_XLF,24,2026-02-23,0.004928050507705173,0.0008001129187213795
rf,y_XLF,24,2026-02-24,0.017457814783051973,0.0036789648097630802
rf,y_XLF,24,2026-02-25,0.012145769830119946,-0.0012914880822842202
rf,y_XLF,24,2026-02-26,-0.020380946568080316,0.0034105498655526137
rf,y_XLF,24,2026-03-02,-0.0017543889654265676,0.0021615768639719358
rf,y_XLF,24,2026-03-03,0.005662974432961265,0.0007869495740099874
rf,y_XLF,24,2026-03-04,-0.005242727335216912,0.0022218426991721272
rf,y_XLF,24,2026-03-05,-0.01288307345909645,0.0006769814255244311
rf,y_XLI,0,2024-08-05,0.012023230410309838,-0.002516989652353612
rf,y_XLI,0,2024-08-06,-0.004834107688075906,-0.00177973668594583
rf,y_XLI,0,2024-08-07,0.023052829250552964,0.0014010946671597793
rf,y_XLI,0,2024-08-08,0.00016103872108907957,0.0012051631185011106
rf,y_XLI,0,2024-08-12,0.010513542806165566,0.0026583912739955723
rf,y_XLI,0,2024-08-13,0.004081688441829989,0.0007895556765761109
rf,y_XLI,0,2024-08-14,0.013470404996042129,0.0008456790665783355
rf,y_XLI,0,2024-08-15,-0.0014156087780134996,0.002144665259111635
rf,y_XLI,0,2024-08-19,-0.002739876391770868,0.0050825182218119085
rf,y_XLI,0,2024-08-20,0.006044472315712035,0.003027353859570457
rf,y_XLI,0,2024-08-21,-0.0012484361841432756,0.0027809826475318376
rf,y_XLI,0,2024-08-22,0.009999851952427807,-0.004393043330597435
rf,y_XLI,0,2024-08-26,0.0006193905286571155,-0.0020388307627542024
rf,y_XLI,1,2024-08-26,0.0006193905286571155,-0.0028064661668793078
rf,y_XLI,0,2024-08-27,-0.0004643307782870032,0.000516309165733661
rf,y_XLI,1,2024-08-27,-0.0004643307782870032,9.991634138695563e-05
rf,y_XLI,0,2024-08-28,0.0070456015104103376,0.005206472664096994
rf,y_XLI,1,2024-08-28,0.0070456015104103376,0.0042757375438545984
rf,y_XLI,0,2024-08-29,0.010686559368195292,0.0011475407418364539
rf,y_XLI,1,2024-08-29,0.010686559368195292,0.002185217984946769
rf,y_XLI,0,2024-09-03,0.0010111517885156296,-0.0013708391170297576
rf,y_XLI,1,2024-09-03,0.0010111517885156296,-0.00023279956207049776
rf,y_XLI,0,2024-09-04,-0.011656800502277354,0.003540298325113057
rf,y_XLI,1,2024-09-04,-0.011656800502277354,0.0013626668864996202
rf,y_XLI,0,2024-09-05,-0.010143119906909859,6.121639051900329e-05
rf,y_XLI,1,2024-09-05,-0.010143119906909859,-0.001484294715453404
rf,y_XLI,0,2024-09-09,0.0017210515247161329,-0.0031105932420210933
rf,y_XLI,1,2024-09-09,0.0017210515247161329,-0.0028786214446184953
rf,y_XLI,0,2024-09-10,0.0017965413974372346,0.0013132056109458935
rf,y_XLI,1,2024-09-10,0.0017965413974372346,-0.00036648692036366783
rf,y_XLI,0,2024-09-11,0.007717895143603881,0.0005240064003057349
rf,y_XLI,1,2024-09-11,0.007717895143603881,-0.0015868923576945063
rf,y_XLI,0,2024-09-12,0.010134771722088987,-0.0010149919924878682
rf,y_XLI,1,2024-09-12,0.010134771722088987,-0.00035480344090247826
rf,y_XLI,2,2024-09-12,0.010134771722088987,0.00020010738717656795
rf,y_XLI,0,2024-09-16,0.005486206819919293,-0.004553150437736326
rf,y_XLI,1,2024-09-16,0.005486206819919293,-0.0050098757958282605
rf,y_XLI,2,2024-09-16,0.005486206819919293,-0.003232256834743971
rf,y_XLI,0,2024-09-17,-0.0008337350918438124,0.0018028117503088017
rf,y_XLI,1,2024-09-17,-0.0008337350918438124,0.0031869518808395688
rf,y_XLI,2,2024-09-17,-0.0008337350918438124,0.0014344442868134846
rf,y_XLI,0,2024-09-18,0.01721655229618113,0.0020224458145202758
rf,y_XLI,1,2024-09-18,0.01721655229618113,0.0016521542037228804
rf,y_XLI,2,2024-09-18,0.01721655229618113,0.002471646942513678
rf,y_XLI,0,2024-09-19,-0.007008783364983562,0.0017894418764091923
rf,y_XLI,1,2024-09-19,-0.007008783364983562,0.00046604087296114595
rf,y_XLI,2,2024-09-19,-0.007008783364983562,0.0009008153512686394
rf,y_XLI,0,2024-09-23,0.007183711321665287,-0.002813958628972879
rf,y_XLI,1,2024-09-23,0.007183711321665287,-0.002469244772373356
rf,y_XLI,2,2024-09-23,0.007183711321665287,-0.002788569621207651
rf,y_XLI,0,2024-09-24,-0.0046806389369561385,-0.0002789060404819345
rf,y_XLI,1,2024-09-24,-0.0046806389369561385,2.4646262746894077e-05
rf,y_XLI,2,2024-09-24,-0.0046806389369561385,-0.0007183535955188391
rf,y_XLI,0,2024-09-25,0.005001113434424775,-0.0014719504199407457
rf,y_XLI,1,2024-09-25,0.005001113434424775,-0.002367583917830558
rf,y_XLI,2,2024-09-25,0.005001113434424775,-0.0026986085702395053
rf,y_XLI,0,2024-09-26,0.0014112222071089864,-0.0014058728659853534
rf,y_XLI,1,2024-09-26,0.0014112222071089864,-0.001696408242851404
rf,y_XLI,2,2024-09-26,0.0014112222071089864,-0.0012245192971398608
rf,y_XLI,0,2024-09-30,0.0005167562993591002,0.0007093624259925102
rf,y_XLI,1,2024-09-30,0.0005167562993591002,0.0006840798556203795
rf,y_XLI,2,2024-09-30,0.0005167562993591002,-0.002478102240871243
rf,y_XLI,0,2024-10-01,-0.0018448836172246796,0.0014087494421408876
rf,y_XLI,1,2024-10-01,-0.0018448836172246796,0.0011616430417022447
rf,y_XLI,2,2024-10-01,-0.0018448836172246796,0.0006001540018355428
rf,y_XLI,0,2024-10-02,-0.005101225705589241,0.0006838017660487102
rf,y_XLI,1,2024-10-02,-0.005101225705589241,0.0003281729108346565
rf,y_XLI,2,2024-10-02,-0.005101225705589241,0.000793242098730837
rf,y_XLI,0,2024-10-03,0.006985152046395271,-0.00023118616935734377
rf,y_XLI,1,2024-10-03,0.006985152046395271,-0.0018183571192629236
rf,y_XLI,2,2024-10-03,0.006985152046395271,-6.112373298932476e-05
rf,y_XLI,1,2024-10-07,0.0022193568212387493,-0.00434432185756999
rf,y_XLI,2,2024-10-07,0.0022193568212387493,-0.003635614027153959
rf,y_XLI,3,2024-10-07,0.0022193568212387493,-0.0008991260577923831
rf,y_XLI,1,2024-10-08,0.008931208625515108,-0.0003362882098712522
rf,y_XLI,2,2024-10-08,0.008931208625515108,0.001912493578817285
rf,y_XLI,3,2024-10-08,0.008931208625515108,0.0022655413598695134
rf,y_XLI,1,2024-10-09,-0.005121102874491523,-0.001541772624237923
rf,y_XLI,2,2024-10-09,-0.005121102874491523,-0.0026028383578241333
rf,y_XLI,3,2024-10-09,-0.005121102874491523,-5.195814254960185e-06
rf,y_XLI,1,2024-10-10,0.017869050456620572,0.0014582547658398579
rf,y_XLI,2,2024-10-10,0.017869050456620572,0.00221028096680252
rf,y_XLI,3,2024-10-10,0.017869050456620572,0.0010992624768225692
rf,y_XLI,1,2024-10-14,-0.007683950773859971,0.004205017500826495
rf,y_XLI,2,2024-10-14,-0.007683950773859971,0.004040581597802297
rf,y_XLI,3,2024-10-14,-0.007683950773859971,0.004197789587044255
rf,y_XLI,1,2024-10-15,0.007743451070707064,0.0007682377250800898
rf,y_XLI,2,2024-10-15,0.007743451070707064,0.0032737013681340974
rf,y_XLI,3,2024-10-15,0.007743451070707064,0.0005292458510712509
rf,y_XLI,1,2024-10-16,-0.0028724663566187525,0.003949583382439798
rf,y_XLI,2,2024-10-16,-0.0028724663566187525,0.0018852535919884875
rf,y_XLI,3,2024-10-16,-0.0028724663566187525,0.003117513378126761
rf,y_XLI,1,2024-10-17,0.0030248398288192924,0.0008127548616563691
rf,y_XLI,2,2024-10-17,0.0030248398288192924,2.559234979781407e-05
rf,y_XLI,3,2024-10-17,0.0030248398288192924,0.0007711287082985342
rf,y_XLI,1,2024-10-21,-0.012105461258580807,0.00029888086780295586
rf,y_XLI,2,2024-10-21,-0.012105461258580807,-0.0008876507484703144
rf,y_XLI,3,2024-10-21,-0.012105461258580807,-7.247155510555215e-05
rf,y_XLI,1,2024-10-22,-0.0029177386170660125,0.0018556613151055556
rf,y_XLI,2,2024-10-22,-0.0029177386170660125,4.68076190083914e-06
rf,y_XLI,3,2024-10-22,-0.0029177386170660125,-0.0006515451512994439
rf,y_XLI,1,2024-10-23,-0.006876426191717688,-0.0011099767751068153
rf,y_XLI,2,2024-10-23,-0.006876426191717688,-0.0028711710455683686
rf,y_XLI,3,2024-10-23,-0.006876426191717688,-0.0007456313038582638
rf,y_XLI,1,2024-10-24,-0.0026517814813882268,-8.258440797421865e-05
rf,y_XLI,2,2024-10-24,-0.0026517814813882268,0.001134990707240514
rf,y_XLI,3,2024-10-24,-0.0026517814813882268,0.0006033574756417905
rf,y_XLI,2,2024-10-28,-0.001325442952433864,0.001342066814293553
rf,y_XLI,3,2024-10-28,-0.001325442952433864,0.0024031579819950456
rf,y_XLI,4,2024-10-28,-0.001325442952433864,0.0015823455262998518
rf,y_XLI,2,2024-10-29,-0.0016960858543161317,0.0037579091048388765
rf,y_XLI,3,2024-10-29,-0.0016960858543161317,0.0044750270844961006
rf,y_XLI,4,2024-10-29,-0.0016960858543161317,0.004323062323762093
rf,y_XLI,2,2024-10-30,-0.011521998562606495,0.0002640152711630622
rf,y_XLI,3,2024-10-30,-0.011521998562606495,0.0011541431201836454
rf,y_XLI,4,2024-10-30,-0.011521998562606495,0.001232655445210833
rf,y_XLI,2,2024-10-31,0.0013448373440316796,-0.00120424819573709
rf,y_XLI,3,2024-10-31,0.0013448373440316796,-0.001437222080556618
rf,y_XLI,4,2024-10-31,0.0013448373440316796,-0.0021086442802445704
rf,y_XLI,2,2024-11-04,0.016733823786453605,-0.0010611113769272281
rf,y_XLI,3,2024-11-04,0.016733823786453605,0.0017230064720246574
rf,y_XLI,4,2024-11-04,0.016733823786453605,0.00043929683027434753
rf,y_XLI,2,2024-11-05,0.039162418370459084,-0.00015478307004696454
rf,y_XLI,3,2024-11-05,0.039162418370459084,0.0015866165157953417
rf,y_XLI,4,2024-11-05,0.039162418370459084,-0.00014440709860807737
rf,y_XLI,2,2024-11-06,-0.006010000508940183,-0.0025175437183274337
rf,y_XLI,3,2024-11-06,-0.006010000508940183,-0.0027219282774686455
rf,y_XLI,4,2024-11-06,-0.006010000508940183,-0.0035077158913167272
rf,y_XLI,2,2024-11-07,0.01074119545770924,0.001510172698243061
rf,y_XLI,3,2024-11-07,0.01074119545770924,0.0030613269973733584
rf,y_XLI,4,2024-11-07,0.01074119545770924,0.0030171412941890686
rf,y_XLI,2,2024-11-11,-0.008589934995174575,-6.452833683670464e-05
rf,y_XLI,3,2024-11-11,-0.008589934995174575,0.0013392183317748607
rf,y_XLI,4,2024-11-11,-0.008589934995174575,0.0023670526018362077
rf,y_XLI,2,2024-11-12,0.0021132508394907656,0.0017428858531383577
rf,y_XLI,3,2024-11-12,0.0021132508394907656,0.0024608165305485255
rf,y_XLI,4,2024-11-12,0.0021132508394907656,0.0026222113481970187
rf,y_XLI,2,2024-11-13,-0.01687046470411202,0.0028903297615816615
rf,y_XLI,3,2024-11-13,-0.01687046470411202,0.0014841578209655658
rf,y_XLI,4,2024-11-13,-0.01687046470411202,0.0026331866089114595
rf,y_XLI,2,2024-11-14,-0.0053625087243724945,0.0014975363671805427
rf,y_XLI,3,2024-11-14,-0.0053625087243724945,-0.00046247388480549024
rf,y_XLI,4,2024-11-14,-0.0053625087243724945,-0.0007066024942321734
rf,y_XLI,3,2024-11-18,-0.0008638205240801833,-0.0007615531331518812
rf,y_XLI,4,2024-11-18,-0.0008638205240801833,-0.0012192011662021348
rf,y_XLI,5,2024-11-18,-0.0008638205240801833,-0.0006409821258147476
rf,y_XLI,3,2024-11-19,0.0010806251900585817,-0.00019415707345240193
rf,y_XLI,4,2024-11-19,0.0010806251900585817,-0.0015793198333527306
rf,y_XLI,5,2024-11-19,0.0010806251900585817,-0.0009398014721956726
rf,y_XLI,3,2024-11-20,0.012522638368021255,0.0019217904935728077
rf,y_XLI,4,2024-11-20,0.012522638368021255,0.0025351862271088656
rf,y_XLI,5,2024-11-20,0.012522638368021255,0.0032648444881947423
rf,y_XLI,3,2024-11-21,0.013931342542734315,-0.00032091624041816387
rf,y_XLI,4,2024-11-21,0.013931342542734315,-0.00045379667694607034
rf,y_XLI,5,2024-11-21,0.013931342542734315,-0.0008222367714037291
rf,y_XLI,3,2024-11-25,0.001184656007867435,-0.0043653428900224224
rf,y_XLI,4,2024-11-25,0.001184656007867435,-0.0023541041724825665
rf,y_XLI,5,2024-11-25,0.001184656007867435,-0.001969846816010046
rf,y_XLI,3,2024-11-26,-0.0036883391796492804,0.0020127588255408955
rf,y_XLI,4,2024-11-26,-0.0036883391796492804,0.0033062437058644237
rf,y_XLI,5,2024-11-26,-0.0036883391796492804,0.000733578276304204
rf,y_XLI,3,2024-12-02,-0.0062969445575639105,0.001135407230927804
rf,y_XLI,4,2024-12-02,-0.0062969445575639105,-0.00021861538038620658
rf,y_XLI,5,2024-12-02,-0.0062969445575639105,0.0024574048830966716
rf,y_XLI,3,2024-12-03,0.004365400745693027,-0.0004943415989510277
rf,y_XLI,4,2024-12-03,0.004365400745693027,0.0007134727160019468
rf,y_XLI,5,2024-12-03,0.004365400745693027,0.0007136147124371689
rf,y_XLI,3,2024-12-04,-0.01212764471115535,-0.0021524844715629563
rf,y_XLI,4,2024-12-04,-0.01212764471115535,-0.0012231065944237182
rf,y_XLI,5,2024-12-04,-0.01212764471115535,-0.0025878608459395003
rf,y_XLI,3,2024-12-05,-0.002554682359773186,0.00230313714233198
rf,y_XLI,4,2024-12-05,-0.002554682359773186,0.0025305390989154583
rf,y_XLI,5,2024-12-05,-0.002554682359773186,0.0011646028486032901
rf,y_XLI,4,2024-12-09,-0.00243994689218896,0.0028322293906760487
rf,y_XLI,5,2024-12-09,-0.00243994689218896,0.002470428660602399
rf,y_XLI,6,2024-12-09,-0.00243994689218896,0.003014876297486735
rf,y_XLI,4,2024-12-10,-0.0023024190386992105,-0.00022459819658465866
rf,y_XLI,5,2024-12-10,-0.0023024190386992105,-0.00010830903993718684
rf,y_XLI,6,2024-12-10,-0.0023024190386992105,-0.0007866124000537553
rf,y_XLI,4,2024-12-11,-0.0064176170583418735,0.001966522847360124
rf,y_XLI,5,2024-12-11,-0.0064176170583418735,0.0002204832557897644
rf,y_XLI,6,2024-12-11,-0.0064176170583418735,0.002050054761515312
rf,y_XLI,4,2024-12-12,-0.0026126012995084658,0.0017354156418857745
rf,y_XLI,5,2024-12-12,-0.0026126012995084658,-0.00030000249035694684
rf,y_XLI,6,2024-12-12,-0.0026126012995084658,0.0007579860890640389
rf,y_XLI,4,2024-12-16,-0.009160508612234386,-0.000981756661656579
rf,y_XLI,5,2024-12-16,-0.009160508612234386,-0.0014427548767547685
rf,y_XLI,6,2024-12-16,-0.009160508612234386,-0.0025004778863774546
rf,y_XLI,4,2024-12-17,-0.02824844708027363,-0.0006266915233642136
rf,y_XLI,5,2024-12-17,-0.02824844708027363,-0.002503285806633391
rf,y_XLI,6,2024-12-17,-0.02824844708027363,-0.001613372419894212
rf,y_XLI,4,2024-12-18,-0.0012837088009413078,0.0030260660244271985
rf,y_XLI,5,2024-12-18,-0.0012837088009413078,0.0014838789773307223
rf,y_XLI,6,2024-12-18,-0.0012837088009413078,0.0020303013293743845
rf,y_XLI,4,2024-12-19,0.011718556251491208,-0.0015997045851123687
rf,y_XLI,5,2024-12-19,0.011718556251491208,-0.0015157270346597548
rf,y_XLI,6,2024-12-19,0.011718556251491208,-0.0007323207395284535
rf,y_XLI,4,2024-12-23,0.0078124373612360465,0.0015084759975152703
rf,y_XLI,5,2024-12-23,0.0078124373612360465,0.0028995999333345244
rf,y_XLI,6,2024-12-23,0.0078124373612360465,0.002473463218771522
rf,y_XLI,4,2024-12-26,-0.007448277228731204,-0.0006417185592921463
rf,y_XLI,5,2024-12-26,-0.007448277228731204,-0.0007728347574883813
rf,y_XLI,6,2024-12-26,-0.007448277228731204,-0.0015581779163849174
rf,y_XLI,5,2024-12-30,-0.0012129007898981081,0.003905360797940244
rf,y_XLI,6,2024-12-30,-0.0012129007898981081,0.0029135544678091734
rf,y_XLI,7,2024-12-30,-0.0012129007898981081,0.001420736698473916
rf,y_XLI,5,2025-01-02,0.010814733569464163,0.0023029707975365087
rf,y_XLI,6,2025-01-02,0.010814733569464163,0.0023165158353094127
rf,y_XLI,7,2025-01-02,0.010814733569464163,0.0025039370495539273
rf,y_XLI,5,2025-01-06,-0.0009816282273480414,0.0014374450915847436
rf,y_XLI,6,2025-01-06,-0.0009816282273480414,0.0014465428252476357
rf,y_XLI,7,2025-01-06,-0.0009816282273480414,0.002531045460092617
rf,y_XLI,5,2025-01-07,0.003930371072581096,-0.0005903435866636165
rf,y_XLI,6,2025-01-07,0.003930371072581096,0.0004347435604165016
rf,y_XLI,7,2025-01-07,0.003930371072581096,0.002077561434560079
rf,y_XLI,5,2025-01-13,0.011816085975218549,-0.006537266130472811
rf,y_XLI,6,2025-01-13,0.011816085975218549,-0.0066638753876909216
rf,y_XLI,7,2025-01-13,0.011816085975218549,-0.009166852005897234
rf,y_XLI,5,2025-01-14,0.0063224667446304395,-0.0014249311406873595
rf,y_XLI,6,2025-01-14,0.0063224667446304395,-6.520394564511293e-07
rf,y_XLI,7,2025-01-14,0.0063224667446304395,-0.00038982146187775956
rf,y_XLI,5,2025-01-15,0.01212198059540981,-0.0007249491163331364
rf,y_XLI,6,2025-01-15,0.01212198059540981,0.00024774677793758525
rf,y_XLI,7,2025-01-15,0.01212198059540981,0.00011725745833078652
rf,y_XLI,5,2025-01-16,0.0059885684901570535,-0.0005282628413621333
rf,y_XLI,6,2025-01-16,0.0059885684901570535,-0.001416008833220896
rf,y_XLI,7,2025-01-16,0.0059885684901570535,0.0004254549843243832
rf,y_XLI,6,2025-01-21,-0.0023472290274723084,0.00036628592556064987
rf,y_XLI,7,2025-01-21,-0.0023472290274723084,0.0013146576037999607
rf,y_XLI,8,2025-01-21,-0.0023472290274723084,0.0007936738931216621
rf,y_XLI,6,2025-01-22,0.010124706195582478,-0.0013949225057907652
rf,y_XLI,7,2025-01-22,0.010124706195582478,0.001290816837367384
rf,y_XLI,8,2025-01-22,0.010124706195582478,0.0006679431728904098
rf,y_XLI,6,2025-01-23,-0.004235131236877132,0.0014932216162750016
rf,y_XLI,7,2025-01-23,-0.004235131236877132,0.0017805168633259992
rf,y_XLI,8,2025-01-23,-0.004235131236877132,0.00204209896207904
rf,y_XLI,6,2025-01-27,-0.006610054150763878,-0.0006284775117370782
rf,y_XLI,7,2025-01-27,-0.006610054150763878,-0.00022861062799543289
rf,y_XLI,8,2025-01-27,-0.006610054150763878,-0.00021616498683460958
rf,y_XLI,6,2025-01-28,-0.003399460874705884,-0.002798284688855514
rf,y_XLI,7,2025-01-28,-0.003399460874705884,-0.004674961089425581
rf,y_XLI,8,2025-01-28,-0.003399460874705884,-0.0031235036622462298
rf,y_XLI,6,2025-01-29,0.011176388505485635,6.443364838396118e-05
rf,y_XLI,7,2025-01-29,0.011176388505485635,0.00019646403584974343
rf,y_XLI,8,2025-01-29,0.011176388505485635,0.00013197075411718143
rf,y_XLI,6,2025-01-30,-0.007033475091575148,0.000787573178964591
rf,y_XLI,7,2025-01-30,-0.007033475091575148,6.110660932196754e-05
rf,y_XLI,8,2025-01-30,-0.007033475091575148,0.0001593406381685462
rf,y_XLI,6,2025-02-03,0.0002920241496970899,-0.0003573306417059524
rf,y_XLI,7,2025-02-03,0.0002920241496970899,-0.0001594852333915542
rf,y_XLI,8,2025-02-03,0.0002920241496970899,-0.00024288380488644845
rf,y_XLI,6,2025-02-04,0.0007297343491512454,0.0020609266835091926
rf,y_XLI,7,2025-02-04,0.0007297343491512454,0.002053775269244773
rf,y_XLI,8,2025-02-04,0.0007297343491512454,0.001818964883495024
rf,y_XLI,6,2025-02-05,0.004521753216939262,-0.002525080524926068
rf,y_XLI,7,2025-02-05,0.004521753216939262,3.7420314558464506e-05
rf,y_XLI,8,2025-02-05,0.004521753216939262,-0.0030987776529635387
rf,y_XLI,6,2025-02-06,-0.0029765631448588348,-0.0017240885301385317
rf,y_XLI,7,2025-02-06,-0.0029765631448588348,-0.00037268337924548735
rf,y_XLI,8,2025-02-06,-0.0029765631448588348,-0.00032675342993816563
rf,y_XLI,7,2025-02-10,0.00036081189821879356,0.0004634429567346637
rf,y_XLI,8,2025-02-10,0.00036081189821879356,-0.00010894773151391146
rf,y_XLI,9,2025-02-10,0.00036081189821879356,0.0005027186010182391
rf,y_XLI,7,2025-02-11,-0.0062044628118357315,-0.0013955764562768942
rf,y_XLI,8,2025-02-11,-0.0062044628118357315,-0.001223891613777427
rf,y_XLI,9,2025-02-11,-0.0062044628118357315,-0.0006090948836299884
rf,y_XLI,7,2025-02-12,0.0010162589072846284,0.002267844179954029
rf,y_XLI,8,2025-02-12,0.0010162589072846284,0.003168094320809638
rf,y_XLI,9,2025-02-12,0.0010162589072846284,0.00289799044713
rf,y_XLI,7,2025-02-13,-0.0024655997844352795,-0.0008001649441110481
rf,y_XLI,8,2025-02-13,-0.0024655997844352795,-0.002272381545533131
rf,y_XLI,9,2025-02-13,-0.0024655997844352795,-0.0014722617813375898
rf,y_XLI,7,2025-02-18,0.0010099194374175724,0.0015736829082992527
rf,y_XLI,8,2025-02-18,0.0010099194374175724,0.00234526583150145
rf,y_XLI,9,2025-02-18,0.0010099194374175724,0.0005947755227356429
rf,y_XLI,7,2025-02-19,-0.006557686236951521,0.0004483853560133357
rf,y_XLI,8,2025-02-19,-0.006557686236951521,-0.0010216932519431122
rf,y_XLI,9,2025-02-19,-0.006557686236951521,-5.127433966371497e-05
rf,y_XLI,7,2025-02-20,-0.021906300064113537,0.0001339741914482671
rf,y_XLI,8,2025-02-20,-0.021906300064113537,0.00257602299786637
rf,y_XLI,9,2025-02-20,-0.021906300064113537,0.0031568759644784858
rf,y_XLI,7,2025-02-24,0.005140561656604925,0.002400408088380194
rf,y_XLI,8,2025-02-24,0.005140561656604925,0.003379038230220635
rf,y_XLI,9,2025-02-24,0.005140561656604925,0.0019123871180270072
rf,y_XLI,7,2025-02-25,0.0005928510033925694,0.0008371148375988874
rf,y_XLI,8,2025-02-25,0.0005928510033925694,0.0014058589615322545
rf,y_XLI,9,2025-02-25,0.0005928510033925694,0.0017028902417598386
rf,y_XLI,7,2025-02-26,-0.0034814372615993294,0.0029586859399636806
rf,y_XLI,8,2025-02-26,-0.0034814372615993294,0.002101660849943752
rf,y_XLI,9,2025-02-26,-0.0034814372615993294,0.00272635010065203
rf,y_XLI,7,2025-02-27,0.013379945328563236,0.0010656224457023726
rf,y_XLI,8,2025-02-27,0.013379945328563236,0.0016465776124513388
rf,y_XLI,9,2025-02-27,0.013379945328563236,0.0007370551741224187
rf,y_XLI,8,2025-03-03,-0.01949540716816711,0.0023271778689369677
rf,y_XLI,9,2025-03-03,-0.01949540716816711,0.001760194825658908
rf,y_XLI,10,2025-03-03,-0.01949540716816711,0.0033749939978037946
rf,y_XLI,8,2025-03-04,0.015785070326540085,0.0022234949721847796
rf,y_XLI,9,2025-03-04,0.015785070326540085,0.00020222779137240855
rf,y_XLI,10,2025-03-04,0.015785070326540085,0.0016693625986789603
rf,y_XLI,8,2025-03-05,-0.008591732475558445,-0.0020788545735214436
rf,y_XLI,9,2025-03-05,-0.008591732475558445,-0.00101285165511041
rf,y_XLI,10,2025-03-05,-0.008591732475558445,-0.0004834457788165769
rf,y_XLI,8,2025-03-06,0.011680385268654225,-0.0003132587243562033
rf,y_XLI,9,2025-03-06,0.011680385268654225,0.0011700554325884348
rf,y_XLI,10,2025-03-06,0.011680385268654225,7.202379521197567e-05
rf,y_XLI,8,2025-03-10,-0.015361368782411788,0.0012345093663777265
rf,y_XLI,9,2025-03-10,-0.015361368782411788,0.0008845453272699431
rf,y_XLI,10,2025-03-10,-0.015361368782411788,0.0015935325214840182
rf,y_XLI,8,2025-03-11,-7.691439879153883e-05,0.0017600458253658922
rf,y_XLI,9,2025-03-11,-7.691439879153883e-05,0.0005911876473747218
rf,y_XLI,10,2025-03-11,-7.691439879153883e-05,0.0013421569209200069
rf,y_XLI,8,2025-03-12,-0.010221960880729242,0.0004942583475887663
rf,y_XLI,9,2025-03-12,-0.010221960880729242,0.0012451165479924152
rf,y_XLI,10,2025-03-12,-0.010221960880729242,0.0012311327523017613
rf,y_XLI,8,2025-03-13,0.01824830318875348,-0.0006674078253736448
rf,y_XLI,9,2025-03-13,0.01824830318875348,0.00014984261137166165
rf,y_XLI,10,2025-03-13,0.01824830318875348,0.0003862058384408294
rf,y_XLI,8,2025-03-17,-0.007973465067831365,0.004641869717630077
rf,y_XLI,9,2025-03-17,-0.007973465067831365,0.0051495795436780145
rf,y_XLI,10,2025-03-17,-0.007973465067831365,0.002451551321526964
rf,y_XLI,8,2025-03-18,0.013269479563626785,0.0013358898526992346
rf,y_XLI,9,2025-03-18,0.013269479563626785,0.002424420872327728
rf,y_XLI,10,2025-03-18,0.013269479563626785,0.0022685948873098372
rf,y_XLI,8,2025-03-19,-0.005013623322145944,0.0023512087804495947
rf,y_XLI,9,2025-03-19,-0.005013623322145944,0.0031053020178497992
rf,y_XLI,10,2025-03-19,-0.005013623322145944,0.004344063586916734
rf,y_XLI,8,2025-03-20,-0.005340088766861872,-0.0005332000047565538
rf,y_XLI,9,2025-03-20,-0.005340088766861872,-0.00037363219073710725
rf,y_XLI,10,2025-03-20,-0.005340088766861872,-0.0014176268421471432
rf,y_XLI,9,2025-03-24,0.0014894011367219129,-0.00041091233328396833
rf,y_XLI,10,2025-03-24,0.0014894011367219129,0.0007236802168609881
rf,y_XLI,11,2025-03-24,0.0014894011367219129,0.000182892312509797
rf,y_XLI,9,2025-03-25,-0.006617691575256934,0.001464733972293882
rf,y_XLI,10,2025-03-25,-0.006617691575256934,0.0009944803226208147
rf,y_XLI,11,2025-03-25,-0.006617691575256934,-0.00025870268641453034
rf,y_XLI,9,2025-03-26,-0.005314277654155042,-0.0019079717625173798
rf,y_XLI,10,2025-03-26,-0.005314277654155042,-0.0019353292685734768
rf,y_XLI,11,2025-03-26,-0.005314277654155042,-0.0021896445168998247
rf,y_XLI,9,2025-03-27,-0.02061871461670517,-0.001004761140800937
rf,y_XLI,10,2025-03-27,-0.02061871461670517,-0.0006211523020972674
rf,y_XLI,11,2025-03-27,-0.02061871461670517,-0.0005345611702547409
rf,y_XLI,9,2025-03-31,0.005645696622606167,0.0002884839527722847
rf,y_XLI,10,2025-03-31,0.005645696622606167,0.0016253573894318418
rf,y_XLI,11,2025-03-31,0.005645696622606167,0.001051233452229372
rf,y_XLI,9,2025-04-01,0.009407679242958489,-0.0001969963017627881
rf,y_XLI,10,2025-04-01,0.009407679242958489,-0.003300912078843457
rf,y_XLI,11,2025-04-01,0.009407679242958489,-0.0010536724073863348
rf,y_XLI,9,2025-04-02,-0.054115132612175265,0.0004428290464392248
rf,y_XLI,10,2025-04-02,-0.054115132612175265,0.0010613976577423985
rf,y_XLI,11,2025-04-02,-0.054115132612175265,0.0017119697002741352
rf,y_XLI,9,2025-04-03,-0.06285253481970621,-0.00843008647117684
rf,y_XLI,10,2025-04-03,-0.06285253481970621,-0.006937584308264204
rf,y_XLI,11,2025-04-03,-0.06285253481970621,-0.006066843643416096
rf,y_XLI,9,2025-04-07,-0.008263011808393728,0.0031822209603381215
rf,y_XLI,10,2025-04-07,-0.008263011808393728,0.0033203701222271104
rf,y_XLI,11,2025-04-07,-0.008263011808393728,0.004886538720941304
rf,y_XLI,9,2025-04-08,0.08881637095097594,-0.002140376687648039
rf,y_XLI,10,2025-04-08,0.08881637095097594,-0.0014588958725438963
rf,y_XLI,11,2025-04-08,0.08881637095097594,-0.0010723648291076535
rf,y_XLI,9,2025-04-09,-0.02579682627776836,-0.0007802473530760588
rf,y_XLI,10,2025-04-09,-0.02579682627776836,-0.0014580554052649158
rf,y_XLI,11,2025-04-09,-0.02579682627776836,-0.00030644923411663285
rf,y_XLI,9,2025-04-10,0.017653282856253893,-0.002092460572950518
rf,y_XLI,10,2025-04-10,0.017653282856253893,-0.002745270929853156
rf,y_XLI,11,2025-04-10,0.017653282856253893,-0.0006856380961352446
rf,y_XLI,10,2025-04-14,-0.004961518296979994,0.0008571172845927001
rf,y_XLI,11,2025-04-14,-0.004961518296979994,0.000976099233150247
rf,y_XLI,12,2025-04-14,-0.004961518296979994,0.0002696265644845449
rf,y_XLI,10,2025-04-15,-0.01369213135726799,-0.0007928881382052805
rf,y_XLI,11,2025-04-15,-0.01369213135726799,-0.001589298371042917
rf,y_XLI,12,2025-04-15,-0.01369213135726799,-0.0005302377369040351
rf,y_XLI,10,2025-04-16,0.005456659244029494,0.00027383657874656593
rf,y_XLI,11,2025-04-16,0.005456659244029494,0.0012298026623800585
rf,y_XLI,12,2025-04-16,0.005456659244029494,0.00027948287978621643
rf,y_XLI,10,2025-04-21,0.017470827346677265,-8.830072920937107e-05
rf,y_XLI,11,2025-04-21,0.017470827346677265,0.0015011798659112128
rf,y_XLI,12,2025-04-21,0.017470827346677265,0.0013995747896100928
rf,y_XLI,10,2025-04-22,0.012517100959212879,-0.002721602605247572
rf,y_XLI,11,2025-04-22,0.012517100959212879,-0.0037168884460891303
rf,y_XLI,12,2025-04-22,0.012517100959212879,-0.0035738323531660215
rf,y_XLI,10,2025-04-23,0.022426464118537215,-0.0004647400616128274
rf,y_XLI,11,2025-04-23,0.022426464118537215,-1.2913156936772419e-05
rf,y_XLI,12,2025-04-23,0.022426464118537215,0.0007229047375002295
rf,y_XLI,10,2025-04-24,-7.751188869220549e-05,-0.0024345499047548364
rf,y_XLI,11,2025-04-24,-7.751188869220549e-05,-0.001131203945702152
rf,y_XLI,12,2025-04-24,-7.751188869220549e-05,-0.0008559044034520347
rf,y_XLI,10,2025-04-28,0.00648939471829757,-0.0013187790012472204
rf,y_XLI,11,2025-04-28,0.00648939471829757,-2.9918866947403756e-05
rf,y_XLI,12,2025-04-28,0.00648939471829757,0.0007749032242640452
rf,y_XLI,10,2025-04-29,0.007215294682336282,-0.0011641273154246224
rf,y_XLI,11,2025-04-29,0.007215294682336282,-0.0013810915251976392
rf,y_XLI,12,2025-04-29,0.007215294682336282,-0.001564820036292311
rf,y_XLI,10,2025-04-30,0.007544610071945179,-0.001095252103807323
rf,y_XLI,11,2025-04-30,0.007544610071945179,0.0008236365760345162
rf,y_XLI,12,2025-04-30,0.007544610071945179,0.00011571038147059712
rf,y_XLI,10,2025-05-01,0.01792596309550598,-0.00026395903638820974
rf,y_XLI,11,2025-05-01,0.01792596309550598,-0.0014313140134073745
rf,y_XLI,12,2025-05-01,0.01792596309550598,-0.001197383342375799
rf,y_XLI,11,2025-05-05,-0.008763514077637868,0.0033863704433478555
rf,y_XLI,12,2025-05-05,-0.008763514077637868,0.0013997112940052996
rf,y_XLI,13,2025-05-05,-0.008763514077637868,0.002425919089821398
rf,y_XLI,11,2025-05-06,0.005094728795668191,-0.00031416459295189046
rf,y_XLI,12,2025-05-06,0.005094728795668191,-0.0003805163267384291
rf,y_XLI,13,2025-05-06,0.005094728795668191,0.0015277462360234288
rf,y_XLI,11,2025-05-07,0.013790591897869131,0.0016329532905643947
rf,y_XLI,12,2025-05-07,0.013790591897869131,0.0023317487350816455
rf,y_XLI,13,2025-05-07,0.013790591897869131,0.002473795366089972
rf,y_XLI,11,2025-05-08,0.0008088140663118359,-0.00035759556117564983
rf,y_XLI,12,2025-05-08,0.0008088140663118359,-0.0018042819868446765
rf,y_XLI,13,2025-05-08,0.0008088140663118359,-0.0009658769051150521
rf,y_XLI,11,2025-05-12,0.006985000094527072,0.0014512685613385348
rf,y_XLI,12,2025-05-12,0.006985000094527072,0.0015931806255399964
rf,y_XLI,13,2025-05-12,0.006985000094527072,0.001343692659366022
rf,y_XLI,11,2025-05-13,-0.004813090646012874,-0.0009497063400192435
rf,y_XLI,12,2025-05-13,-0.004813090646012874,-0.0007615802019168134
rf,y_XLI,13,2025-05-13,-0.004813090646012874,-0.0012877871840465877
rf,y_XLI,11,2025-05-14,0.01109529516051655,-0.00026740709591510463
rf,y_XLI,12,2025-05-14,0.01109529516051655,-0.0005552180919818683
rf,y_XLI,13,2025-05-14,0.01109529516051655,-0.0023415230988559233
rf,y_XLI,11,2025-05-15,0.011395624772605029,0.0023754908115785093
rf,y_XLI,12,2025-05-15,0.011395624772605029,0.0013437338643609233
rf,y_XLI,13,2025-05-15,0.011395624772605029,0.0033968487752477528
rf,y_XLI,11,2025-05-19,-0.00360445622425809,-0.0007306312368535749
rf,y_XLI,12,2025-05-19,-0.00360445622425809,0.0004539735310228813
rf,y_XLI,13,2025-05-19,-0.00360445622425809,0.0006285072568445821
rf,y_XLI,11,2025-05-20,-0.016904316116804763,0.002883554731523549
rf,y_XLI,12,2025-05-20,-0.016904316116804763,0.0021208222976578234
rf,y_XLI,13,2025-05-20,-0.016904316116804763,0.003379717113264945
rf,y_XLI,11,2025-05-21,-0.0002123511318719018,0.001769185003756766
rf,y_XLI,12,2025-05-21,-0.0002123511318719018,-0.0009386717201485984
rf,y_XLI,13,2025-05-21,-0.0002123511318719018,0.0015556434503194586
rf,y_XLI,11,2025-05-22,-0.003255578047921426,0.005740175813220722
rf,y_XLI,12,2025-05-22,-0.003255578047921426,0.005290962998650078
rf,y_XLI,13,2025-05-22,-0.003255578047921426,0.004774415374485247
rf,y_XLI,12,2025-05-27,-0.004954207476914885,0.00028755611550096427
rf,y_XLI,13,2025-05-27,-0.004954207476914885,-6.158424543937501e-05
rf,y_XLI,14,2025-05-27,-0.004954207476914885,0.001046222959074089
rf,y_XLI,12,2025-05-28,0.0009115318785808402,-0.0009000600938118589
rf,y_XLI,13,2025-05-28,0.0009115318785808402,-0.0008936209340286531
rf,y_XLI,14,2025-05-28,0.0009115318785808402,0.0008639898667050061
rf,y_XLI,12,2025-05-29,0.0006306520447301178,-0.0005247973567106407
rf,y_XLI,13,2025-05-29,0.0006306520447301178,-0.002761475463206851
rf,y_XLI,14,2025-05-29,0.0006306520447301178,-0.0018812569397946787
rf,y_XLI,12,2025-06-02,0.007711847695224483,-0.0014016096004943032
rf,y_XLI,13,2025-06-02,0.007711847695224483,-0.0002419005337369042
rf,y_XLI,14,2025-06-02,0.007711847695224483,-0.0019222360225247064
rf,y_XLI,12,2025-06-03,0.0005564855944579783,0.00011514839736130138
rf,y_XLI,13,2025-06-03,0.0005564855944579783,0.000980873424342175
rf,y_XLI,14,2025-06-03,0.0005564855944579783,0.00048479025405903745
rf,y_XLI,12,2025-06-04,-0.0006953541443481814,-0.00047028771162669535
rf,y_XLI,13,2025-06-04,-0.0006953541443481814,0.0013726622346393732
rf,y_XLI,14,2025-06-04,-0.0006953541443481814,0.0008879033714645555
rf,y_XLI,12,2025-06-05,0.008419049630149056,-0.0009714987165710704
rf,y_XLI,13,2025-06-05,0.008419049630149056,-0.0017332877829779546
rf,y_XLI,14,2025-06-05,0.008419049630149056,-0.0013655371823857712
rf,y_XLI,12,2025-06-09,-0.004350816402427626,-0.002048103892704381
rf,y_XLI,13,2025-06-09,-0.004350816402427626,-0.0004728894528712585
rf,y_XLI,14,2025-06-09,-0.004350816402427626,-0.0008869272427288198
rf,y_XLI,12,2025-06-10,0.000485619719754693,-0.0016477744340867896
rf,y_XLI,13,2025-06-10,0.000485619719754693,-0.002251345785873121
rf,y_XLI,14,2025-06-10,0.000485619719754693,0.0002481914080066187
rf,y_XLI,12,2025-06-11,-0.0026345446515333437,0.0002663478352405879
rf,y_XLI,13,2025-06-11,-0.0026345446515333437,0.0013628460062837069
rf,y_XLI,14,2025-06-11,-0.0026345446515333437,-0.0004964706901802821
rf,y_XLI,12,2025-06-12,-0.008410963194853904,-0.00038177315454551166
rf,y_XLI,13,2025-06-12,-0.008410963194853904,-0.001034228962271505
rf,y_XLI,14,2025-06-12,-0.008410963194853904,-0.00017470881284005203
rf,y_XLI,13,2025-07-02,0.008504224977085473,-0.0007068754846284599
rf,y_XLI,14,2025-07-02,0.008504224977085473,-0.0025667336327227165
rf,y_XLI,15,2025-07-02,0.008504224977085473,-0.0023250963622754185
rf,y_XLI,13,2025-07-07,-0.00026855993331531547,0.0011731652614292755
rf,y_XLI,14,2025-07-07,-0.00026855993331531547,0.0023066983504494766
rf,y_XLI,15,2025-07-07,-0.00026855993331531547,0.0017613662877209344
rf,y_XLI,13,2025-07-08,0.006986293050846637,0.0019576707714443753
rf,y_XLI,14,2025-07-08,0.006986293050846637,0.0028896806213658272
rf,y_XLI,15,2025-07-08,0.006986293050846637,0.001629812465878765
rf,y_XLI,13,2025-07-09,0.005603879043678983,0.0030644743017066915
rf,y_XLI,14,2025-07-09,0.005603879043678983,0.0039511763210186065
rf,y_XLI,15,2025-07-09,0.005603879043678983,0.0030416430721408832
rf,y_XLI,13,2025-07-10,-0.003582374521528986,0.0017890912783986163
rf,y_XLI,14,2025-07-10,-0.003582374521528986,0.001119156272637457
rf,y_XLI,15,2025-07-10,-0.003582374521528986,0.00012758631955870717
rf,y_XLI,13,2025-07-14,-0.00748282136716194,0.00037770390376898794
rf,y_XLI,14,2025-07-14,-0.00748282136716194,9.126982032604813e-05
rf,y_XLI,15,2025-07-14,-0.00748282136716194,-0.0003359789662507458
rf,y_XLI,13,2025-07-15,0.003536049248656248,0.001304326323341339
rf,y_XLI,14,2025-07-15,0.003536049248656248,0.001024908127767458
rf,y_XLI,15,2025-07-15,0.003536049248656248,0.00048497004354280764
rf,y_XLI,13,2025-07-16,0.009241450015613495,0.0008401237966476923
rf,y_XLI,14,2025-07-16,0.009241450015613495,-0.0005367862647419572
rf,y_XLI,15,2025-07-16,0.009241450015613495,-0.0006883490355702478
rf,y_XLI,13,2025-07-17,-0.002239807584171749,0.0027195240899563775
rf,y_XLI,14,2025-07-17,-0.002239807584171749,0.000940096260442951
rf,y_XLI,15,2025-07-17,-0.002239807584171749,0.0014552131658670511
rf,y_XLI,13,2025-07-21,0.002389517959447973,-0.0021287389755014984
rf,y_XLI,14,2025-07-21,0.002389517959447973,-0.0002537037755548523
rf,y_XLI,15,2025-07-21,0.002389517959447973,0.0005423884810686952
rf,y_XLI,13,2025-07-22,0.01794452992512796,-0.0024660930411499462
rf,y_XLI,14,2025-07-22,0.01794452992512796,-0.002315368064623851
rf,y_XLI,15,2025-07-22,0.01794452992512796,-0.003089723198768286
rf,y_XLI,13,2025-07-23,-0.001691243924857977,0.0013811652918755773
rf,y_XLI,14,2025-07-23,-0.001691243924857977,-9.577784310808209e-05
rf,y_XLI,15,2025-07-23,-0.001691243924857977,0.0015834613231166083
rf,y_XLI,14,2025-07-24,0.009904191825520492,-0.002020190950683003
rf,y_XLI,15,2025-07-24,0.009904191825520492,-0.0010734773666515854
rf,y_XLI,16,2025-07-24,0.009904191825520492,-0.0015449736384134448
rf,y_XLI,14,2025-07-28,-0.011390779375242466,-0.0009063100045751042
rf,y_XLI,15,2025-07-28,-0.011390779375242466,0.00013487252315280788
rf,y_XLI,16,2025-07-28,-0.011390779375242466,-0.0009173386511715638
rf,y_XLI,14,2025-07-29,-0.0049100152615790815,0.0009687530614723041
rf,y_XLI,15,2025-07-29,-0.0049100152615790815,0.002214047742877004
rf,y_XLI,16,2025-07-29,-0.0049100152615790815,0.00281103463255243
rf,y_XLI,14,2025-07-30,6.574539499015764e-05,-0.00026441351618342973
rf,y_XLI,15,2025-07-30,6.574539499015764e-05,-0.001560198198202419
rf,y_XLI,16,2025-07-30,6.574539499015764e-05,-0.00021300251342439846
rf,y_XLI,14,2025-07-31,-0.014933135260537966,-0.001222969160811351
rf,y_XLI,15,2025-07-31,-0.014933135260537966,-0.0013116195150477924
rf,y_XLI,16,2025-07-31,-0.014933135260537966,0.00010771258694131924
rf,y_XLI,14,2025-08-04,-0.0020511964888952905,-0.0020567372953713943
rf,y_XLI,15,2025-08-04,-0.0020511964888952905,-0.0015052987610737283
rf,y_XLI,16,2025-08-04,-0.0020511964888952905,-0.0013546660902333603
rf,y_XLI,14,2025-08-05,0.0007955777944899101,0.00011679962524919022
rf,y_XLI,15,2025-08-05,0.0007955777944899101,0.0009813864515315221
rf,y_XLI,16,2025-08-05,0.0007955777944899101,0.0008766404318345771
rf,y_XLI,14,2025-08-06,-0.0014574677241898648,0.0023230917399846033
rf,y_XLI,15,2025-08-06,-0.0014574677241898648,0.001778536259306173
rf,y_XLI,16,2025-08-06,-0.0014574677241898648,0.0005856700373277494
rf,y_XLI,14,2025-08-07,0.0007961056519114607,-5.5106206669846185e-05
rf,y_XLI,15,2025-08-07,0.0007961056519114607,0.001206423827209251
rf,y_XLI,16,2025-08-07,0.0007961056519114607,-2.800548524205711e-05
rf,y_XLI,14,2025-08-11,0.010376481339145815,0.0015514480240579017
rf,y_XLI,15,2025-08-11,0.010376481339145815,0.001445739040056147
rf,y_XLI,16,2025-08-11,0.010376481339145815,-0.0008350966666748228
rf,y_XLI,14,2025-08-12,0.003818273462265598,-0.004129117877794033
rf,y_XLI,15,2025-08-12,0.003818273462265598,-0.005378764040963874
rf,y_XLI,16,2025-08-12,0.003818273462265598,-0.0057191403510305884
rf,y_XLI,15,2025-08-13,-0.008853536226871905,-0.002050853070288755
rf,y_XLI,16,2025-08-13,-0.008853536226871905,-0.0016939382399550756
rf,y_XLI,17,2025-08-13,-0.008853536226871905,-0.0018629024191967676
rf,y_XLI,15,2025-08-14,-0.004565700007029494,-0.00047853496023455286
rf,y_XLI,16,2025-08-14,-0.004565700007029494,0.000505045171390391
rf,y_XLI,17,2025-08-14,-0.004565700007029494,-0.0002585592384421344
rf,y_XLI,15,2025-08-18,0.00218495750815495,-0.003556298208787895
rf,y_XLI,16,2025-08-18,0.00218495750815495,-0.0030323105086135405
rf,y_XLI,17,2025-08-18,0.00218495750815495,-0.003443103468631568
rf,y_XLI,15,2025-08-19,-0.000924835317353101,-0.0006132808680587798
rf,y_XLI,16,2025-08-19,-0.000924835317353101,-0.0004217225034244117
rf,y_XLI,17,2025-08-19,-0.000924835317353101,-0.00032114541335418096
rf,y_XLI,15,2025-08-20,-0.0035710033793583396,0.001194183917612234
rf,y_XLI,16,2025-08-20,-0.0035710033793583396,0.001801270920679654
rf,y_XLI,17,2025-08-20,-0.0035710033793583396,0.0023621191167582183
rf,y_XLI,15,2025-08-21,0.016325967141143094,-0.00156235059389108
rf,y_XLI,16,2025-08-21,0.016325967141143094,-0.0014146883819658913
rf,y_XLI,17,2025-08-21,0.016325967141143094,-0.0002807661000090537
rf,y_XLI,15,2025-08-25,0.010289559405098236,0.0006197585026759887
rf,y_XLI,16,2025-08-25,0.010289559405098236,-0.0007545167533874566
rf,y_XLI,17,2025-08-25,0.010289559405098236,0.0001426708361070811
rf,y_XLI,15,2025-08-26,-0.00013068712318298203,-0.001023124592189864
rf,y_XLI,16,2025-08-26,-0.00013068712318298203,-0.0006243690908748416
rf,y_XLI,17,2025-08-26,-0.00013068712318298203,0.0017160013454869034
rf,y_XLI,15,2025-08-27,0.0017630009524742807,0.000666751498788798
rf,y_XLI,16,2025-08-27,0.0017630009524742807,0.00025721948204911194
rf,y_XLI,17,2025-08-27,0.0017630009524742807,0.00013997453633706098
rf,y_XLI,15,2025-08-28,-0.009190512943900275,-7.179290474990108e-06
rf,y_XLI,16,2025-08-28,-0.009190512943900275,0.0009336279005383844
rf,y_XLI,17,2025-08-28,-0.009190512943900275,0.0014629561877695031
rf,y_XLI,15,2025-09-02,-0.005047809339790099,0.0020649922768809594
rf,y_XLI,16,2025-09-02,-0.005047809339790099,0.0014673339036770038
rf,y_XLI,17,2025-09-02,-0.005047809339790099,0.0022047645119442397
rf,y_XLI,16,2025-09-03,0.011281745174848368,-0.001264475583472463
rf,y_XLI,17,2025-09-03,0.011281745174848368,-0.0005884162015512941
rf,y_XLI,18,2025-09-03,0.011281745174848368,-0.0017022443541054707
rf,y_XLI,16,2025-09-04,-0.0036966740184048996,0.0013280088492156384
rf,y_XLI,17,2025-09-04,-0.0036966740184048996,0.0010973935442890558
rf,y_XLI,18,2025-09-04,-0.0036966740184048996,0.0029114150841336884
rf,y_XLI,16,2025-09-08,-0.006742965317202976,-0.0028859968312789216
rf,y_XLI,17,2025-09-08,-0.006742965317202976,-0.001225053386599322
rf,y_XLI,18,2025-09-08,-0.006742965317202976,-0.0019157913463176543
rf,y_XLI,16,2025-09-09,0.007387648859620288,0.0019385460460532014
rf,y_XLI,17,2025-09-09,0.007387648859620288,0.0023433584779459326
rf,y_XLI,18,2025-09-09,0.007387648859620288,0.0023882682790926767
rf,y_XLI,16,2025-09-10,0.009513767197061318,-0.0023576976467930082
rf,y_XLI,17,2025-09-10,0.009513767197061318,-0.0009621229390239137
rf,y_XLI,18,2025-09-10,0.009513767197061318,-0.00038467337145994726
rf,y_XLI,16,2025-09-11,-0.007984276349555786,0.000851113776644936
rf,y_XLI,17,2025-09-11,-0.007984276349555786,0.0005619617059729308
rf,y_XLI,18,2025-09-11,-0.007984276349555786,-0.0008851690533960537
rf,y_XLI,16,2025-09-15,-0.0029551218258311307,0.0011865300357855482
rf,y_XLI,17,2025-09-15,-0.0029551218258311307,0.0025717790609947914
rf,y_XLI,18,2025-09-15,-0.0029551218258311307,0.0022605079672507163
rf,y_XLI,16,2025-09-16,-0.004544549188922553,0.0009022651941787326
rf,y_XLI,17,2025-09-16,-0.004544549188922553,0.0027419339136731547
rf,y_XLI,18,2025-09-16,-0.004544549188922553,0.003867229529490679
rf,y_XLI,16,2025-09-17,0.010652358273638418,0.0026904094088500254
rf,y_XLI,17,2025-09-17,0.010652358273638418,0.0015048205969563706
rf,y_XLI,18,2025-09-17,0.010652358273638418,0.0016733128653780376
rf,y_XLI,16,2025-09-18,0.0024222460136762436,0.0009109991695527776
rf,y_XLI,17,2025-09-18,0.0024222460136762436,0.0009088625010747281
rf,y_XLI,18,2025-09-18,0.0024222460136762436,0.00021331441881065338
rf,y_XLI,16,2025-09-22,0.00026138864418445706,0.0033831867634630695
rf,y_XLI,17,2025-09-22,0.00026138864418445706,0.0021983928618908837
rf,y_XLI,18,2025-09-22,0.00026138864418445706,0.0019399115583770832
rf,y_XLI,17,2025-09-23,-0.0051620771365213924,0.001670950718931687
rf,y_XLI,18,2025-09-23,-0.0051620771365213924,0.0015269141000151512
rf,y_XLI,19,2025-09-23,-0.0051620771365213924,-8.487917245771545e-06
rf,y_XLI,17,2025-09-24,-0.0067651213349265715,0.0017252069013662386
rf,y_XLI,18,2025-09-24,-0.0067651213349265715,0.0035218582194451
rf,y_XLI,19,2025-09-24,-0.0067651213349265715,0.0009713890402114077
rf,y_XLI,17,2025-09-25,0.008993546010657383,0.002603928015073324
rf,y_XLI,18,2025-09-25,0.008993546010657383,0.004249829210847265
rf,y_XLI,19,2025-09-25,0.008993546010657383,0.0029760211345278248
rf,y_XLI,17,2025-09-29,0.007709846931507336,-0.00012870906894622372
rf,y_XLI,18,2025-09-29,0.007709846931507336,-0.00015419973663843473
rf,y_XLI,19,2025-09-29,0.007709846931507336,-0.002080534076148304
rf,y_XLI,17,2025-09-30,-0.0027879158742935006,0.00342333786513227
rf,y_XLI,18,2025-09-30,-0.0027879158742935006,0.0038698119750471605
rf,y_XLI,19,2025-09-30,-0.0027879158742935006,0.00220767967338274
rf,y_XLI,17,2025-10-01,0.002600688320287148,0.001804038567992435
rf,y_XLI,18,2025-10-01,0.002600688320287148,0.0029662309520704115
rf,y_XLI,19,2025-10-01,0.002600688320287148,0.001318423702345555
rf,y_XLI,17,2025-10-02,0.0013619090636756148,-0.0030383314069175947
rf,y_XLI,18,2025-10-02,0.0013619090636756148,-0.0036760535377555682
rf,y_XLI,19,2025-10-02,0.0013619090636756148,-0.003448511656067016
rf,y_XLI,17,2025-10-06,-0.005672678505054041,-0.00017795416837926292
rf,y_XLI,18,2025-10-06,-0.005672678505054041,0.0008476660490281747
rf,y_XLI,19,2025-10-06,-0.005672678505054041,0.0012686588443721594
rf,y_XLI,17,2025-10-07,0.00868714764111056,-0.0005663632693771079
rf,y_XLI,18,2025-10-07,0.00868714764111056,-0.00034669508701160495
rf,y_XLI,19,2025-10-07,0.00868714764111056,0.001681170620425431
rf,y_XLI,17,2025-10-08,-0.014782412139570544,0.002065013252829609
rf,y_XLI,18,2025-10-08,-0.014782412139570544,0.0018215482659422124
rf,y_XLI,19,2025-10-08,-0.014782412139570544,0.00043000709305021
rf,y_XLI,17,2025-10-09,-0.022114974615258576,0.0033691772765927553
rf,y_XLI,18,2025-10-09,-0.022114974615258576,0.002190236284506544
rf,y_XLI,19,2025-10-09,-0.022114974615258576,0.001350055880515195
rf,y_XLI,18,2025-10-13,0.011752287306708853,0.0019135930980491017
rf,y_XLI,19,2025-10-13,0.011752287306708853,-0.0013877801998740068
rf,y_XLI,20,2025-10-13,0.011752287306708853,-0.00012262640688325
rf,y_XLI,18,2025-10-14,-0.00417646754375145,0.0010973376203285404
rf,y_XLI,19,2025-10-14,-0.00417646754375145,-0.0008509128791420406
rf,y_XLI,20,2025-10-14,-0.00417646754375145,0.0002644499233605278
rf,y_XLI,18,2025-10-15,-0.006553049176564518,-0.0004756759364826992
rf,y_XLI,19,2025-10-15,-0.006553049176564518,-0.0016787592547580748
rf,y_XLI,20,2025-10-15,-0.006553049176564518,-0.0008951076896643938
rf,y_XLI,18,2025-10-16,0.0008574591777723573,0.0031888287737824456
rf,y_XLI,19,2025-10-16,0.0008574591777723573,0.0024339120096538093
rf,y_XLI,20,2025-10-16,0.0008574591777723573,0.0034670213947054383
rf,y_XLI,18,2025-10-20,0.008858807120356582,0.002655439816893047
rf,y_XLI,19,2025-10-20,0.008858807120356582,0.0025831748676642544
rf,y_XLI,20,2025-10-20,0.008858807120356582,0.003943193927265501
rf,y_XLI,18,2025-10-21,-0.012977815387565927,-0.0004483528878119712
rf,y_XLI,19,2025-10-21,-0.012977815387565927,-0.0010366686548702643
rf,y_XLI,20,2025-10-21,-0.012977815387565927,-0.0009116456647836363
rf,y_XLI,18,2025-10-22,0.012494225930091085,-0.00657929327521136
rf,y_XLI,19,2025-10-22,0.012494225930091085,-0.0069201305071630035
rf,y_XLI,20,2025-10-22,0.012494225930091085,-0.0032987180252645855
rf,y_XLI,18,2025-10-23,0.0008399414464561605,-0.00013781574797763486
rf,y_XLI,19,2025-10-23,0.0008399414464561605,0.000131708111864078
rf,y_XLI,20,2025-10-23,0.0008399414464561605,0.0010065312853801253
rf,y_XLI,18,2025-10-27,-0.007125009484025724,0.0016073698743445516
rf,y_XLI,19,2025-10-27,-0.007125009484025724,0.0004099515989799768
rf,y_XLI,20,2025-10-27,-0.007125009484025724,0.001679344730471451
rf,y_XLI,18,2025-10-28,0.0025859917741211103,0.001139215703449952
rf,y_XLI,19,2025-10-28,0.0025859917741211103,0.0001461592466713781
rf,y_XLI,20,2025-10-28,0.0025859917741211103,-0.001246299601216222
rf,y_XLI,18,2025-10-29,-0.0025147522389993293,-0.000490666398735611
rf,y_XLI,19,2025-10-29,-0.0025147522389993293,0.00015279934656406148
rf,y_XLI,20,2025-10-29,-0.0025147522389993293,-0.00019458207909542983
rf,y_XLI,18,2025-10-30,0.0023918256870301136,-0.0007452488138202327
rf,y_XLI,19,2025-10-30,0.0023918256870301136,-0.0014170904299436256
rf,y_XLI,20,2025-10-30,0.0023918256870301136,-0.0005703935846753087
rf,y_XLI,19,2025-11-03,-0.011593163536016027,0.0015524921945744988
rf,y_XLI,20,2025-11-03,-0.011593163536016027,0.001920216860924929
rf,y_XLI,21,2025-11-03,-0.011593163536016027,0.00046972042116736614
rf,y_XLI,19,2025-11-04,0.003866037690606783,0.003920960068227878
rf,y_XLI,20,2025-11-04,0.003866037690606783,0.007639759847168499
rf,y_XLI,21,2025-11-04,0.003866037690606783,0.0061230947038109764
rf,y_XLI,19,2025-11-05,-0.003981772653883775,0.0010305439553604616
rf,y_XLI,20,2025-11-05,-0.003981772653883775,0.0013990734955687922
rf,y_XLI,21,2025-11-05,-0.003981772653883775,0.000548443117997871
rf,y_XLI,19,2025-11-06,0.004849686995911373,-0.0009843067176812715
rf,y_XLI,20,2025-11-06,0.004849686995911373,-0.0006249308830965343
rf,y_XLI,21,2025-11-06,0.004849686995911373,0.0008661861791970861
rf,y_XLI,19,2025-11-10,0.00025945380456282585,-0.002133039034215045
rf,y_XLI,20,2025-11-10,0.00025945380456282585,-0.0006492252867065674
rf,y_XLI,21,2025-11-10,0.00025945380456282585,-0.0019259097733614042
rf,y_XLI,19,2025-11-11,0.000972525678072822,0.0014441169610415138
rf,y_XLI,20,2025-11-11,0.000972525678072822,-0.0007150692808112396
rf,y_XLI,21,2025-11-11,0.000972525678072822,-0.000734457284374466
rf,y_XLI,19,2025-11-12,-0.015480335480490215,-0.0014588818311546347
rf,y_XLI,20,2025-11-12,-0.015480335480490215,-0.001279000320355808
rf,y_XLI,21,2025-11-12,-0.015480335480490215,-0.0024045672444474612
rf,y_XLI,19,2025-11-13,6.577708116961567e-05,0.0008567186036377923
rf,y_XLI,20,2025-11-13,6.577708116961567e-05,0.0018635131610077692
rf,y_XLI,21,2025-11-13,6.577708116961567e-05,0.001530676390942525
rf,y_XLI,19,2025-11-17,-0.004451210927931881,0.0008441765698500238
rf,y_XLI,20,2025-11-17,-0.004451210927931881,0.0005692550058116909
rf,y_XLI,21,2025-11-17,-0.004451210927931881,0.0015337834886787573
rf,y_XLI,19,2025-11-18,0.0033366543888766476,-0.0020897937747100053
rf,y_XLI,20,2025-11-18,0.0033366543888766476,-0.0031285253706229447
rf,y_XLI,21,2025-11-18,0.0033366543888766476,-0.004067423677238046
rf,y_XLI,19,2025-11-19,-0.01676089047481566,-0.0033982337817105293
rf,y_XLI,20,2025-11-19,-0.01676089047481566,-0.0014368440033063839
rf,y_XLI,21,2025-11-19,-0.01676089047481566,-0.0016601841776359668
rf,y_XLI,19,2025-11-20,0.012176132906920545,-0.001242183975450642
rf,y_XLI,20,2025-11-20,0.012176132906920545,-0.0010768627185056686
rf,y_XLI,21,2025-11-20,0.012176132906920545,-0.0006638505925457995
rf,y_XLI,20,2025-11-24,0.012799935816077967,-0.002868714761856471
rf,y_XLI,21,2025-11-24,0.012799935816077967,-0.0030476982984142236
rf,y_XLI,22,2025-11-24,0.012799935816077967,-0.0029846198430950517
rf,y_XLI,20,2025-11-25,0.005792539893945348,-0.00029794516703962327
rf,y_XLI,21,2025-11-25,0.005792539893945348,-0.00012749786440370743
rf,y_XLI,22,2025-11-25,0.005792539893945348,0.0015402847113673752
rf,y_XLI,20,2025-12-01,0.008716197197907949,0.0029567001401778164
rf,y_XLI,21,2025-12-01,0.008716197197907949,0.002977698047815939
rf,y_XLI,22,2025-12-01,0.008716197197907949,0.0023738869575281635
rf,y_XLI,20,2025-12-02,0.00949213033397367,0.0019009291542117065
rf,y_XLI,21,2025-12-02,0.00949213033397367,0.001458338268362026
rf,y_XLI,22,2025-12-02,0.00949213033397367,0.0007167401088220033
rf,y_XLI,20,2025-12-03,0.005187646988212835,0.001933578427030642
rf,y_XLI,21,2025-12-03,0.005187646988212835,0.0016036446093041668
rf,y_XLI,22,2025-12-03,0.005187646988212835,0.0014256767292634754
rf,y_XLI,20,2025-12-04,-0.002773985930545675,0.004355901992009677
rf,y_XLI,21,2025-12-04,-0.002773985930545675,0.004173279995209397
rf,y_XLI,22,2025-12-04,-0.002773985930545675,0.003976768729993213
rf,y_XLI,20,2025-12-08,-0.007319235345984221,0.0032029991390635872
rf,y_XLI,21,2025-12-08,-0.007319235345984221,1.0481904903033209e-05
rf,y_XLI,22,2025-12-08,-0.007319235345984221,0.001164892673696181
rf,y_XLI,20,2025-12-09,0.018269663327693086,-0.0010355127915157654
rf,y_XLI,21,2025-12-09,0.018269663327693086,-0.0011668584999218144
rf,y_XLI,22,2025-12-09,0.018269663327693086,0.0003414549396684443
rf,y_XLI,20,2025-12-10,0.010701056978576151,0.0035900048753353055
rf,y_XLI,21,2025-12-10,0.010701056978576151,0.002970025692636887
rf,y_XLI,22,2025-12-10,0.010701056978576151,0.001163300122894098
rf,y_XLI,20,2025-12-11,-0.0062765307895484845,-0.0025074392639939666
rf,y_XLI,21,2025-12-11,-0.0062765307895484845,-0.0027736078609022097
rf,y_XLI,22,2025-12-11,-0.0062765307895484845,-0.0016629730649775705
rf,y_XLI,21,2025-12-15,-0.005923998322894364,0.005027776788186884
rf,y_XLI,22,2025-12-15,-0.005923998322894364,0.005533669437739712
rf,y_XLI,23,2025-12-15,-0.005923998322894364,0.00444293900043168
rf,y_XLI,21,2025-12-16,-0.016211701033628345,-0.002614892871449569
rf,y_XLI,22,2025-12-16,-0.016211701033628345,-0.0008737861236483799
rf,y_XLI,23,2025-12-16,-0.016211701033628345,-0.0021460934285687295
rf,y_XLI,21,2025-12-17,0.006513354710763419,0.0015080271276241674
rf,y_XLI,22,2025-12-17,0.006513354710763419,0.002742479777882468
rf,y_XLI,23,2025-12-17,0.006513354710763419,0.0021839924343273484
rf,y_XLI,21,2025-12-18,0.008606806298803837,0.002604721971079251
rf,y_XLI,22,2025-12-18,0.008606806298803837,0.002769991702899759
rf,y_XLI,23,2025-12-18,0.008606806298803837,0.0032094459641110787
rf,y_XLI,21,2025-12-23,0.003248579457232781,0.00391099320310354
rf,y_XLI,22,2025-12-23,0.003248579457232781,0.004877472268254092
rf,y_XLI,23,2025-12-23,0.003248579457232781,0.0026038085674726327
rf,y_XLI,21,2025-12-29,-0.002868597961681707,0.0018802983965533148
rf,y_XLI,22,2025-12-29,-0.002868597961681707,0.001350424450937023
rf,y_XLI,23,2025-12-29,-0.002868597961681707,0.0027462174150469447
rf,y_XLI,21,2025-12-30,-0.00831097728535779,0.004371533146360337
rf,y_XLI,22,2025-12-30,-0.00831097728535779,0.0029920744104433065
rf,y_XLI,23,2025-12-30,-0.00831097728535779,0.002689099613616731
rf,y_XLI,22,2026-01-05,0.01357521480193169,-0.00023100753706728854
rf,y_XLI,23,2026-01-05,0.01357521480193169,-0.0005341950147521442
rf,y_XLI,24,2026-01-05,0.01357521480193169,0.001010772632570292
rf,y_XLI,22,2026-01-06,-0.0188248547792208,0.0024518701177662027
rf,y_XLI,23,2026-01-06,-0.0188248547792208,0.003957483934848672
rf,y_XLI,24,2026-01-06,-0.0188248547792208,0.0022729116303368806
rf,y_XLI,22,2026-01-07,0.007548574819322029,-0.0005591653639863802
rf,y_XLI,23,2026-01-07,0.007548574819322029,-0.00322842531367027
rf,y_XLI,24,2026-01-07,0.007548574819322029,-0.002044346412571622
rf,y_XLI,22,2026-01-08,0.010988290734570194,-0.0017471177628572262
rf,y_XLI,23,2026-01-08,0.010988290734570194,-0.0002815063086124688
rf,y_XLI,24,2026-01-08,0.010988290734570194,0.0014543624224924408
rf,y_XLI,22,2026-01-12,0.005147982762253145,0.0007406786369491537
rf,y_XLI,23,2026-01-12,0.005147982762253145,-0.0007223692557536104
rf,y_XLI,24,2026-01-12,0.005147982762253145,0.0002879702086793455
rf,y_XLI,22,2026-01-13,0.0015853287868634602,0.00023836535421479973
rf,y_XLI,23,2026-01-13,0.0015853287868634602,-3.9834715335772725e-05
rf,y_XLI,24,2026-01-13,0.0015853287868634602,-0.001270376182374545
rf,y_XLI,22,2026-01-14,0.009192149921244619,0.0024403818456322263
rf,y_XLI,23,2026-01-14,0.009192149921244619,0.0022536507991991798
rf,y_XLI,24,2026-01-14,0.009192149921244619,0.00410158999402408
rf,y_XLI,22,2026-01-15,0.006755912205540282,-0.0006403753472888592
rf,y_XLI,23,2026-01-15,0.006755912205540282,-0.00046891992337756336
rf,y_XLI,24,2026-01-15,0.006755912205540282,-0.0005162499165316997
rf,y_XLI,22,2026-01-21,-0.005169515551793347,-3.689266201212331e-05
rf,y_XLI,23,2026-01-21,-0.005169515551793347,-0.0016209918700475158
rf,y_XLI,24,2026-01-21,-0.005169515551793347,4.83089833890199e-05
rf,y_XLI,22,2026-01-22,-0.007734131596960014,-0.0013860759790273597
rf,y_XLI,23,2026-01-22,-0.007734131596960014,0.0006621247364470756
rf,y_XLI,24,2026-01-22,-0.007734131596960014,0.0003497135743341715
rf,y_XLI,23,2026-01-26,0.004136711616878452,0.0023149425278347043
rf,y_XLI,24,2026-01-26,0.004136711616878452,-0.0009577068560518857
rf,y_XLI,23,2026-01-27,-0.005573719753744211,0.0006292186055120857
rf,y_XLI,24,2026-01-27,-0.005573719753744211,-0.0006366654469513288
rf,y_XLI,23,2026-01-28,0.010478866986102897,-0.0010832693591171284
rf,y_XLI,24,2026-01-28,0.010478866986102897,0.0006050375265245387
rf,y_XLI,23,2026-01-29,-0.0025322450705399513,0.001046968758610727
rf,y_XLI,24,2026-01-29,-0.0025322450705399513,0.0007444724287105149
rf,y_XLI,23,2026-02-02,0.008416424953043178,-0.000949793596308839
rf,y_XLI,24,2026-02-02,0.008416424953043178,-0.0010027165366706735
rf,y_XLI,23,2026-02-03,0.0026636494716416603,-0.004221132035555116
rf,y_XLI,24,2026-02-03,0.0026636494716416603,-0.004586278619563065
rf,y_XLI,23,2026-02-04,-0.006021632186883785,0.0012172166364030983
rf,y_XLI,24,2026-02-04,-0.006021632186883785,0.0005890356532120445
rf,y_XLI,23,2026-02-05,0.02856802101375555,-0.0007606403185770179
rf,y_XLI,24,2026-02-05,0.02856802101375555,-0.0005966185570277347
rf,y_XLI,23,2026-02-09,0.001209019675053602,0.004079153732899372
rf,y_XLI,24,2026-02-09,0.001209019675053602,0.003747283642152706
rf,y_XLI,23,2026-02-10,0.00534755135528675,0.00037069977451119525
rf,y_XLI,24,2026-02-10,0.00534755135528675,-0.00026505969703828993
rf,y_XLI,23,2026-02-11,-0.011953765623808232,0.002558874227381027
rf,y_XLI,24,2026-02-11,-0.011953765623808232,0.0008617949425878143
rf,y_XLI,23,2026-02-12,0.008219960456991693,0.0025613162214783362
rf,y_XLI,24,2026-02-12,0.008219960456991693,-0.0002979754713252745
rf,y_XLI,24,2026-02-17,-0.00022851578994431687,0.0017560992331768581
rf,y_XLI,24,2026-02-18,0.007426891576902239,-0.003153002993518078
rf,y_XLI,24,2026-02-19,0.005047064807368384,0.0030027729720177522
rf,y_XLI,24,2026-02-23,0.012297625544624768,0.0024469663109778863
rf,y_XLI,24,2026-02-24,-0.0077974328022243355,0.001857841022619124
rf,y_XLI,24,2026-02-25,0.006264184547226659,-0.0003570998598893899
rf,y_XLI,24,2026-02-26,0.0024901100679426413,0.0002228398114447296
rf,y_XLI,24,2026-03-02,-0.01934036653506066,-0.0011503292534076725
rf,y_XLI,24,2026-03-03,0.003020968832201598,-0.0008031618930231364
rf,y_XLI,24,2026-03-04,-0.022219717196031663,0.003117769342608
rf,y_XLI,24,2026-03-05,-0.012321255069561166,0.001537528616234717
rf,y_XLK,0,2024-08-05,0.013592865337741955,0.001149187946175509
rf,y_XLK,0,2024-08-06,-0.01620226482544973,-0.003731335708663432
rf,y_XLK,0,2024-08-07,0.03734682179574711,-0.00045472162444530617
rf,y_XLK,0,2024-08-08,0.004494044279352627,0.0056669975815926065
rf,y_XLK,0,2024-08-12,0.03072697191967433,0.00038039362313277425
rf,y_XLK,0,2024-08-13,0.0054755242077912936,0.0006566220848883725
rf,y_XLK,0,2024-08-14,0.028764173503917023,-9.62620410105632e-05
rf,y_XLK,0,2024-08-15,0.0016740060101385623,-0.0022812843808201985
rf,y_XLK,0,2024-08-19,-0.0035102873888632757,0.0028837984313876417
rf,y_XLK,0,2024-08-20,0.0058860647530327714,0.0014422404055755918
rf,y_XLK,0,2024-08-21,-0.023007490974612077,-5.363857146536237e-05
rf,y_XLK,0,2024-08-22,0.016198594563828106,-0.0071984804678655355
rf,y_XLK,0,2024-08-26,0.006059266363122706,0.0007135230320039459
rf,y_XLK,1,2024-08-26,0.006059266363122706,-0.0018164778050391377
rf,y_XLK,0,2024-08-27,-0.013798379066986777,-0.002251312465587707
rf,y_XLK,1,2024-08-27,-0.013798379066986777,0.0003996537521060504
rf,y_XLK,0,2024-08-28,-0.009023780775687329,0.004924584313959872
rf,y_XLK,1,2024-08-28,-0.009023780775687329,0.005404637116485413
rf,y_XLK,0,2024-08-29,0.01329097833776216,0.004977925646812196
rf,y_XLK,1,2024-08-29,0.01329097833776216,0.005475946246660122
rf,y_XLK,0,2024-09-03,-0.0025687971727617054,0.0006563859981790941
rf,y_XLK,1,2024-09-03,-0.0025687971727617054,-0.0012269299266063256
rf,y_XLK,0,2024-09-04,-0.0015262604084921305,0.0020861253268612367
rf,y_XLK,1,2024-09-04,-0.0015262604084921305,0.0028368471605266436
rf,y_XLK,0,2024-09-05,-0.025937443724601827,-0.0006636580679955789
rf,y_XLK,1,2024-09-05,-0.025937443724601827,-0.002283056266305227
rf,y_XLK,0,2024-09-09,0.014957124070620331,-0.002579024628074128
rf,y_XLK,1,2024-09-09,0.014957124070620331,-0.006055985694358863
rf,y_XLK,0,2024-09-10,0.03413179827603385,-0.0026392926329732408
rf,y_XLK,1,2024-09-10,0.03413179827603385,-0.0015384750281532493
rf,y_XLK,0,2024-09-11,0.008274493787029824,-0.000996111683820322
rf,y_XLK,1,2024-09-11,0.008274493787029824,-0.0025220387156719955
rf,y_XLK,0,2024-09-12,0.005014985180587628,0.0008238674753980898
rf,y_XLK,1,2024-09-12,0.005014985180587628,0.003784014000690565
rf,y_XLK,2,2024-09-12,0.005014985180587628,0.002652401789053043
rf,y_XLK,0,2024-09-16,-0.0019581708715435964,-0.0015084838883051724
rf,y_XLK,1,2024-09-16,-0.0019581708715435964,-0.000586252611114584
rf,y_XLK,2,2024-09-16,-0.0019581708715435964,-0.0019051749697788574
rf,y_XLK,0,2024-09-17,-0.009125387669932539,0.002311566253138863
rf,y_XLK,1,2024-09-17,-0.009125387669932539,0.0033677177255625303
rf,y_XLK,2,2024-09-17,-0.009125387669932539,-0.000144408168853379
rf,y_XLK,0,2024-09-18,0.029700305379968484,0.0021289387651058866
rf,y_XLK,1,2024-09-18,0.029700305379968484,0.0015519213471072166
rf,y_XLK,2,2024-09-18,0.029700305379968484,0.0021337711611046205
rf,y_XLK,0,2024-09-19,-0.004874424490652229,0.0011709586374926556
rf,y_XLK,1,2024-09-19,-0.004874424490652229,-0.0017231512881740103
rf,y_XLK,2,2024-09-19,-0.004874424490652229,-0.0010062773206609033
rf,y_XLK,0,2024-09-23,0.00684413769072445,-0.0007228648282413014
rf,y_XLK,1,2024-09-23,0.00684413769072445,-0.0013567484108649118
rf,y_XLK,2,2024-09-23,0.00684413769072445,-0.001963203487520377
rf,y_XLK,0,2024-09-24,0.002862182173191119,-0.0021713539487250967
rf,y_XLK,1,2024-09-24,0.002862182173191119,-0.0023768684476363888
rf,y_XLK,2,2024-09-24,0.002862182173191119,-0.003056936552209258
rf,y_XLK,0,2024-09-25,0.013244183359941042,-0.0048102491020411775
rf,y_XLK,1,2024-09-25,0.013244183359941042,-0.001932381648546654
rf,y_XLK,2,2024-09-25,0.013244183359941042,-0.0017189915196224037
rf,y_XLK,0,2024-09-26,-0.009330211418282053,-0.0021441778310919654
rf,y_XLK,1,2024-09-26,-0.009330211418282053,-6.35996363139472e-05
rf,y_XLK,2,2024-09-26,-0.009330211418282053,-0.0012843374223108653
rf,y_XLK,0,2024-09-30,-0.024362256132713922,0.001132833570748378
rf,y_XLK,1,2024-09-30,-0.024362256132713922,0.0017541562860552593
rf,y_XLK,2,2024-09-30,-0.024362256132713922,-0.00033060811575985155
rf,y_XLK,0,2024-10-01,0.00740036831126667,0.0016659835809365235
rf,y_XLK,1,2024-10-01,0.00740036831126667,-0.0015328463402125366
rf,y_XLK,2,2024-10-01,0.00740036831126667,-0.0001263212136078588
rf,y_XLK,0,2024-10-02,0.0041462799642419945,0.0017881506957119514
rf,y_XLK,1,2024-10-02,0.0041462799642419945,0.0009300472846133658
rf,y_XLK,2,2024-10-02,0.0041462799642419945,0.0008475413646764629
rf,y_XLK,0,2024-10-03,0.011130432165739279,0.0016522189948608693
rf,y_XLK,1,2024-10-03,0.011130432165739279,-9.068190185073192e-05
rf,y_XLK,2,2024-10-03,0.011130432165739279,-0.004924424801514043
rf,y_XLK,1,2024-10-07,0.018682317770967183,-0.0017024119748580656
rf,y_XLK,2,2024-10-07,0.018682317770967183,-0.0024518767787497647
rf,y_XLK,3,2024-10-07,0.018682317770967183,-0.004123074058667037
rf,y_XLK,1,2024-10-08,0.01118817031368069,-0.0019641339025725578
rf,y_XLK,2,2024-10-08,0.01118817031368069,-0.0016066838628260639
rf,y_XLK,3,2024-10-08,0.01118817031368069,-0.0008696576048644304
rf,y_XLK,1,2024-10-09,-0.0002603093096511522,-0.0034555474652123996
rf,y_XLK,2,2024-10-09,-0.0002603093096511522,-0.0022211934144837223
rf,y_XLK,3,2024-10-09,-0.0002603093096511522,-0.003303705805189664
rf,y_XLK,1,2024-10-10,0.0017360029961053236,0.0013245429117447148
rf,y_XLK,2,2024-10-10,0.0017360029961053236,0.0016505188965859295
rf,y_XLK,3,2024-10-10,0.0017360029961053236,0.0013124210623702162
rf,y_XLK,1,2024-10-14,-0.021982790146283904,0.006008309341789338
rf,y_XLK,2,2024-10-14,-0.021982790146283904,0.00687675649345351
rf,y_XLK,3,2024-10-14,-0.021982790146283904,0.0033927004505670388
rf,y_XLK,1,2024-10-15,0.003104785762922724,0.0006863169063346043
rf,y_XLK,2,2024-10-15,0.003104785762922724,0.004763396491732325
rf,y_XLK,3,2024-10-15,0.003104785762922724,0.0015308332894654211
rf,y_XLK,1,2024-10-16,0.0030515308875318503,0.0014680374749993202
rf,y_XLK,2,2024-10-16,0.0030515308875318503,-0.0010208946624202788
rf,y_XLK,3,2024-10-16,0.0030515308875318503,-0.0007600987907099575
rf,y_XLK,1,2024-10-17,0.0035639263625881767,0.0008123107304973953
rf,y_XLK,2,2024-10-17,0.0035639263625881767,-6.159750315032261e-05
rf,y_XLK,3,2024-10-17,0.0035639263625881767,0.0007540342699621487
rf,y_XLK,1,2024-10-21,-0.0010345475644281121,-0.00483795822588551
rf,y_XLK,2,2024-10-21,-0.0010345475644281121,-0.0038569311092954113
rf,y_XLK,3,2024-10-21,-0.0010345475644281121,-0.0036411132798736885
rf,y_XLK,1,2024-10-22,-0.01432586321985907,0.0018699827730853593
rf,y_XLK,2,2024-10-22,-0.01432586321985907,0.0014009901219567725
rf,y_XLK,3,2024-10-22,-0.01432586321985907,0.0006419105960680969
rf,y_XLK,1,2024-10-23,0.0029331392763485287,0.0008912659573813857
rf,y_XLK,2,2024-10-23,0.0029331392763485287,-0.00032385973739757303
rf,y_XLK,3,2024-10-23,0.0029331392763485287,-0.0012403963098760683
rf,y_XLK,1,2024-10-24,0.00519422248977941,0.0024444849560247848
rf,y_XLK,2,2024-10-24,0.00519422248977941,-0.0006483970683077674
rf,y_XLK,3,2024-10-24,0.00519422248977941,0.0006922988242759831
rf,y_XLK,2,2024-10-28,0.013465477941466242,0.0029221685159988983
rf,y_XLK,3,2024-10-28,0.013465477941466242,0.0013509527322237702
rf,y_XLK,4,2024-10-28,0.013465477941466242,0.0023343133766261467
rf,y_XLK,2,2024-10-29,-0.01590103759477479,0.00346341216694424
rf,y_XLK,3,2024-10-29,-0.01590103759477479,0.002534446411929652
rf,y_XLK,4,2024-10-29,-0.01590103759477479,0.0011411896855286162
rf,y_XLK,2,2024-10-30,-0.03209778208406844,-0.0028514650414025234
rf,y_XLK,3,2024-10-30,-0.03209778208406844,-0.0006370336323376321
rf,y_XLK,4,2024-10-30,-0.03209778208406844,-0.0012249356529741352
rf,y_XLK,2,2024-10-31,0.007514355187098198,-0.0008675173455528466
rf,y_XLK,3,2024-10-31,0.007514355187098198,0.0014601536983938365
rf,y_XLK,4,2024-10-31,0.007514355187098198,-0.0023434534783846523
rf,y_XLK,2,2024-11-04,0.01407879033370607,0.0018019224945436997
rf,y_XLK,3,2024-11-04,0.01407879033370607,-0.0013216898980963482
rf,y_XLK,4,2024-11-04,0.01407879033370607,0.0006205821127601281
rf,y_XLK,2,2024-11-05,0.028471928830785753,0.0004185082085512224
rf,y_XLK,3,2024-11-05,0.028471928830785753,-0.00201807681498298
rf,y_XLK,4,2024-11-05,0.028471928830785753,-0.0009769150666230177
rf,y_XLK,2,2024-11-06,0.0174417064306307,-0.002450318581728362
rf,y_XLK,3,2024-11-06,0.0174417064306307,-0.005218234732441133
rf,y_XLK,4,2024-11-06,0.0174417064306307,-0.0048198121024683824
rf,y_XLK,2,2024-11-07,-0.0010951594947873344,0.0009857996994418492
rf,y_XLK,3,2024-11-07,-0.0010951594947873344,-0.0002677505290273783
rf,y_XLK,4,2024-11-07,-0.0010951594947873344,-0.0011787670215789295
rf,y_XLK,2,2024-11-11,0.0012719219225387768,-0.0010428212216671562
rf,y_XLK,3,2024-11-11,0.0012719219225387768,-0.00408615727512126
rf,y_XLK,4,2024-11-11,0.0012719219225387768,-0.0011542535142628995
rf,y_XLK,2,2024-11-12,-0.003472404704730536,0.0033611507845536424
rf,y_XLK,3,2024-11-12,-0.003472404704730536,-0.0009517161724329037
rf,y_XLK,4,2024-11-12,-0.003472404704730536,-0.0007966594513022452
rf,y_XLK,2,2024-11-13,-0.003399482931451092,0.0015270661179639313
rf,y_XLK,3,2024-11-13,-0.003399482931451092,0.003949930285509901
rf,y_XLK,4,2024-11-13,-0.003399482931451092,0.005040167228183717
rf,y_XLK,2,2024-11-14,-0.024815518202147224,0.0013418554276426557
rf,y_XLK,3,2024-11-14,-0.024815518202147224,0.0005407071666143311
rf,y_XLK,4,2024-11-14,-0.024815518202147224,0.00011820495568741947
rf,y_XLK,3,2024-11-18,0.008193465630059071,0.003621725866276712
rf,y_XLK,4,2024-11-18,0.008193465630059071,0.0018458487426218594
rf,y_XLK,5,2024-11-18,0.008193465630059071,0.0033036572081325028
rf,y_XLK,3,2024-11-19,-0.0008645162611359281,-0.0013771516806603545
rf,y_XLK,4,2024-11-19,-0.0008645162611359281,-0.0023401816430110643
rf,y_XLK,5,2024-11-19,-0.0008645162611359281,-0.0020205696863779404
rf,y_XLK,3,2024-11-20,0.010167387786784943,0.0005716684493995631
rf,y_XLK,4,2024-11-20,0.010167387786784943,-0.0013559751227349075
rf,y_XLK,5,2024-11-20,0.010167387786784943,-0.0005415650316336942
rf,y_XLK,3,2024-11-21,0.0005140386091475602,-0.0017167655985357198
rf,y_XLK,4,2024-11-21,0.0005140386091475602,-0.0037217693594430623
rf,y_XLK,5,2024-11-21,0.0005140386091475602,-0.0009920598423739462
rf,y_XLK,3,2024-11-25,0.005008791951381486,-0.0013641061173864663
rf,y_XLK,4,2024-11-25,0.005008791951381486,-0.002177835898824675
rf,y_XLK,5,2024-11-25,0.005008791951381486,-0.0017827636744085662
rf,y_XLK,3,2024-11-26,-0.013545719382350718,0.0059558000276151105
rf,y_XLK,4,2024-11-26,-0.013545719382350718,0.006081086483666077
rf,y_XLK,5,2024-11-26,-0.013545719382350718,0.006360846501518289
rf,y_XLK,3,2024-12-02,0.003602447056835878,-0.0012169786411788952
rf,y_XLK,4,2024-12-02,0.003602447056835878,0.0008904096595214498
rf,y_XLK,5,2024-12-02,0.003602447056835878,-0.00022779250182822046
rf,y_XLK,3,2024-12-03,0.01828542451920656,-0.0006277212488258623
rf,y_XLK,4,2024-12-03,0.01828542451920656,0.000910152374428432
rf,y_XLK,5,2024-12-03,0.01828542451920656,-0.00119686647280198
rf,y_XLK,3,2024-12-04,-0.005059451166136264,3.5894627560624966e-05
rf,y_XLK,4,2024-12-04,-0.005059451166136264,-0.0017008782067150258
rf,y_XLK,5,2024-12-04,-0.005059451166136264,-0.0009270136244664624
rf,y_XLK,3,2024-12-05,0.0038763210629748635,-0.0008134083868138103
rf,y_XLK,4,2024-12-05,0.0038763210629748635,0.001095309853899253
rf,y_XLK,5,2024-12-05,0.0038763210629748635,0.0007177938127439331
rf,y_XLK,4,2024-12-09,-0.013875488511640777,0.00481570303528918
rf,y_XLK,5,2024-12-09,-0.013875488511640777,0.0015646821470760815
rf,y_XLK,6,2024-12-09,-0.013875488511640777,2.6675558078568623e-06
rf,y_XLK,4,2024-12-10,0.01449452101500226,-0.0019481927355879363
rf,y_XLK,5,2024-12-10,0.01449452101500226,-0.00217222578328234
rf,y_XLK,6,2024-12-10,0.01449452101500226,-0.004202518122689383
rf,y_XLK,4,2024-12-11,-0.0055980415720697785,-0.0011488640530117815
rf,y_XLK,5,2024-12-11,-0.0055980415720697785,-0.0015489833994816377
rf,y_XLK,6,2024-12-11,-0.0055980415720697785,0.00046529641152977805
rf,y_XLK,4,2024-12-12,0.0042852905396102425,0.003846617748799026
rf,y_XLK,5,2024-12-12,0.0042852905396102425,0.0032917961764063687
rf,y_XLK,6,2024-12-12,0.0042852905396102425,0.0049744794087580296
rf,y_XLK,4,2024-12-16,-0.006047073731622277,0.00044466917287187916
rf,y_XLK,5,2024-12-16,-0.006047073731622277,6.305305279028783e-05
rf,y_XLK,6,2024-12-16,-0.006047073731622277,-0.0034919763548363044
rf,y_XLK,4,2024-12-17,-0.032252646273863705,-0.0027555732100114
rf,y_XLK,5,2024-12-17,-0.032252646273863705,-0.0019082382775567563
rf,y_XLK,6,2024-12-17,-0.032252646273863705,-0.0027586801486301077
rf,y_XLK,4,2024-12-18,0.0010764770883413544,0.004106537439320746
rf,y_XLK,5,2024-12-18,0.0010764770883413544,0.006648972230728705
rf,y_XLK,6,2024-12-18,0.0010764770883413544,0.0061489935415098935
rf,y_XLK,4,2024-12-19,0.014925416575518824,-0.0038830164670175934
rf,y_XLK,5,2024-12-19,0.014925416575518824,-0.0027732303881660026
rf,y_XLK,6,2024-12-19,0.014925416575518824,-0.0013814389564990295
rf,y_XLK,4,2024-12-23,0.010333130115946165,-0.0005328191956423228
rf,y_XLK,5,2024-12-23,0.010333130115946165,0.00015445392064389977
rf,y_XLK,6,2024-12-23,0.010333130115946165,-0.0009648398749279456
rf,y_XLK,4,2024-12-26,-0.013295182092859847,0.002872602716608036
rf,y_XLK,5,2024-12-26,-0.013295182092859847,0.0030568303083707755
rf,y_XLK,6,2024-12-26,-0.013295182092859847,0.003087764941388446
rf,y_XLK,5,2024-12-30,-0.008316627479341032,0.000206845201341412
rf,y_XLK,6,2024-12-30,-0.008316627479341032,-0.001977021422014938
rf,y_XLK,7,2024-12-30,-0.008316627479341032,0.00011365214806697554
rf,y_XLK,5,2025-01-02,0.016295182459353796,0.005798350392385952
rf,y_XLK,6,2025-01-02,0.016295182459353796,0.003291143220872045
rf,y_XLK,7,2025-01-02,0.016295182459353796,0.004076242713859203
rf,y_XLK,5,2025-01-06,-0.020062763298325903,-0.004458939930463703
rf,y_XLK,6,2025-01-06,-0.020062763298325903,-0.003354466372848309
rf,y_XLK,7,2025-01-06,-0.020062763298325903,-0.005138199479779315
rf,y_XLK,5,2025-01-07,-0.0003419767278635133,-0.0038986296914789507
rf,y_XLK,6,2025-01-07,-0.0003419767278635133,-0.0012559495443156183
rf,y_XLK,7,2025-01-07,-0.0003419767278635133,-0.0016956660943766753
rf,y_XLK,5,2025-01-13,0.0026411638045382713,-0.006282946923564171
rf,y_XLK,6,2025-01-13,0.0026411638045382713,-0.007030603420324335
rf,y_XLK,7,2025-01-13,0.0026411638045382713,-0.004290138707845903
rf,y_XLK,5,2025-01-14,0.019889350656249416,0.000284465383111789
rf,y_XLK,6,2025-01-14,0.019889350656249416,0.0005666992658385994
rf,y_XLK,7,2025-01-14,0.019889350656249416,0.0034552701467113135
rf,y_XLK,5,2025-01-15,-0.007705807394209563,0.0017583405135064964
rf,y_XLK,6,2025-01-15,-0.007705807394209563,0.0014117015404596274
rf,y_XLK,7,2025-01-15,-0.007705807394209563,0.0007093285335144824
rf,y_XLK,5,2025-01-16,0.015661587153182444,-0.002231091462097968
rf,y_XLK,6,2025-01-16,0.015661587153182444,-0.003419596297480488
rf,y_XLK,7,2025-01-16,0.015661587153182444,-0.000984882634704647
rf,y_XLK,6,2025-01-21,0.022578984069296926,0.0013847101274480752
rf,y_XLK,7,2025-01-21,0.022578984069296926,-0.001370572837404598
rf,y_XLK,8,2025-01-21,0.022578984069296926,0.00020780397727716097
rf,y_XLK,6,2025-01-22,0.001781412364173507,0.0005115581647884115
rf,y_XLK,7,2025-01-22,0.001781412364173507,-0.002769999317992642
rf,y_XLK,8,2025-01-22,0.001781412364173507,-0.001679979593566349
rf,y_XLK,6,2025-01-23,-0.010421019895996309,0.0021467716741475464
rf,y_XLK,7,2025-01-23,-0.010421019895996309,-0.0006032105767677672
rf,y_XLK,8,2025-01-23,-0.010421019895996309,0.00021243087806169144
rf,y_XLK,6,2025-01-27,0.02667306089667476,-0.002476513148932118
rf,y_XLK,7,2025-01-27,0.02667306089667476,-0.0034231861989866717
rf,y_XLK,8,2025-01-27,0.02667306089667476,-0.001035972953359665
rf,y_XLK,6,2025-01-28,-0.008132135588034384,-0.003693907729508854
rf,y_XLK,7,2025-01-28,-0.008132135588034384,-0.0024994295378011
rf,y_XLK,8,2025-01-28,-0.008132135588034384,0.0007069977959280272
rf,y_XLK,6,2025-01-29,0.0018555266516131486,-2.511653881403416e-05
rf,y_XLK,7,2025-01-29,0.0018555266516131486,0.0001406894885139509
rf,y_XLK,8,2025-01-29,0.0018555266516131486,0.0006155216379625813
rf,y_XLK,6,2025-01-30,-0.005857831620902698,0.0023608683825255745
rf,y_XLK,7,2025-01-30,-0.005857831620902698,0.002613247631774936
rf,y_XLK,8,2025-01-30,-0.005857831620902698,0.002758327611409153
rf,y_XLK,6,2025-02-03,0.014404967390106771,-0.00105647895238113
rf,y_XLK,7,2025-02-03,0.014404967390106771,-0.001531113298064148
rf,y_XLK,8,2025-02-03,0.014404967390106771,-0.000497310014167865
rf,y_XLK,6,2025-02-04,0.013897362300324678,0.0018726375180851814
rf,y_XLK,7,2025-02-04,0.013897362300324678,0.002745259657519853
rf,y_XLK,8,2025-02-04,0.013897362300324678,0.0006242532057001177
rf,y_XLK,6,2025-02-05,0.002732799142770581,-0.001479826610147612
rf,y_XLK,7,2025-02-05,0.002732799142770581,-0.002761621362304766
rf,y_XLK,8,2025-02-05,0.002732799142770581,-0.004173549050165945
rf,y_XLK,6,2025-02-06,-0.008559393278988026,0.0067584832152846365
rf,y_XLK,7,2025-02-06,-0.008559393278988026,0.004053504704941262
rf,y_XLK,8,2025-02-06,-0.008559393278988026,0.0028961888776315088
rf,y_XLK,7,2025-02-10,0.0004656461493550701,-0.0029360067143130645
rf,y_XLK,8,2025-02-10,0.0004656461493550701,-0.0013071052040710268
rf,y_XLK,9,2025-02-10,0.0004656461493550701,-0.001322108273585141
rf,y_XLK,7,2025-02-11,-0.0021580358982258296,-0.0017073495809456468
rf,y_XLK,8,2025-02-11,-0.0021580358982258296,-0.0014709428441253844
rf,y_XLK,9,2025-02-11,-0.0021580358982258296,0.0019031527825053027
rf,y_XLK,7,2025-02-12,0.014163338546339554,-2.0789914496197048e-05
rf,y_XLK,8,2025-02-12,0.014163338546339554,-0.0012069283810235236
rf,y_XLK,9,2025-02-12,0.014163338546339554,0.0024864715275884825
rf,y_XLK,7,2025-02-13,0.003386884969109216,0.0017853951300624263
rf,y_XLK,8,2025-02-13,0.003386884969109216,0.0014591546249660573
rf,y_XLK,9,2025-02-13,0.003386884969109216,0.001472914675066711
rf,y_XLK,7,2025-02-18,8.261504842943523e-05,0.002110811765084868
rf,y_XLK,8,2025-02-18,8.261504842943523e-05,0.003401217968426005
rf,y_XLK,9,2025-02-18,8.261504842943523e-05,0.003425664425131842
rf,y_XLK,7,2025-02-19,-0.0031794339377660963,-0.002590328961041726
rf,y_XLK,8,2025-02-19,-0.0031794339377660963,-0.001916658838052318
rf,y_XLK,9,2025-02-19,-0.0031794339377660963,0.00012025558270504777
rf,y_XLK,7,2025-02-20,-0.02709084431070774,0.002514372090716601
rf,y_XLK,8,2025-02-20,-0.02709084431070774,0.0025126282630005188
rf,y_XLK,9,2025-02-20,-0.02709084431070774,0.0014895774836853272
rf,y_XLK,7,2025-02-24,-0.012958416819712104,0.0022387446124676664
rf,y_XLK,8,2025-02-24,-0.012958416819712104,0.0027027979831976035
rf,y_XLK,9,2025-02-24,-0.012958416819712104,0.0023282767216144407
rf,y_XLK,7,2025-02-25,0.01089678857981946,0.004060041169181096
rf,y_XLK,8,2025-02-25,0.01089678857981946,0.0018117701957287087
rf,y_XLK,9,2025-02-25,0.01089678857981946,0.002199970111195662
rf,y_XLK,7,2025-02-26,-0.03640701988349293,0.00020794069371428043
rf,y_XLK,8,2025-02-26,-0.03640701988349293,0.0015590660876041358
rf,y_XLK,9,2025-02-26,-0.03640701988349293,-0.0005757692964328218
rf,y_XLK,7,2025-02-27,0.013208141683312302,-0.0023253999926279457
rf,y_XLK,8,2025-02-27,0.013208141683312302,-0.0014192679679301628
rf,y_XLK,9,2025-02-27,0.013208141683312302,-0.002384997454516897
rf,y_XLK,8,2025-03-03,-0.0007774169367357198,0.0014485617676158163
rf,y_XLK,9,2025-03-03,-0.0007774169367357198,0.0028779094684446118
rf,y_XLK,10,2025-03-03,-0.0007774169367357198,0.001985277919415986
rf,y_XLK,8,2025-03-04,0.01405034824063911,-0.0019158829086334964
rf,y_XLK,9,2025-03-04,0.01405034824063911,0.0012534201447075243
rf,y_XLK,10,2025-03-04,0.01405034824063911,-0.0030247127684919608
rf,y_XLK,8,2025-03-05,-0.02775652325278921,0.0006763107071428816
rf,y_XLK,9,2025-03-05,-0.02775652325278921,0.0008341793837416233
rf,y_XLK,10,2025-03-05,-0.02775652325278921,0.0006397861769712641
rf,y_XLK,8,2025-03-06,0.01448330413712795,0.00018273205094101094
rf,y_XLK,9,2025-03-06,0.01448330413712795,0.0007097277724936447
rf,y_XLK,10,2025-03-06,0.01448330413712795,-0.0009720727169262515
rf,y_XLK,8,2025-03-10,-0.0040621464901259285,0.0005053176571736466
rf,y_XLK,9,2025-03-10,-0.0040621464901259285,0.004018661409258472
rf,y_XLK,10,2025-03-10,-0.0040621464901259285,0.004741509441276887
rf,y_XLK,8,2025-03-11,0.015738942800888944,0.0008483505815410242
rf,y_XLK,9,2025-03-11,0.015738942800888944,-0.0013815067564868296
rf,y_XLK,10,2025-03-11,0.015738942800888944,-0.0014983619050843362
rf,y_XLK,8,2025-03-12,-0.018990880753475547,-0.002104333524461734
rf,y_XLK,9,2025-03-12,-0.018990880753475547,-0.0027855318068622254
rf,y_XLK,10,2025-03-12,-0.018990880753475547,-0.0016038019221693224
rf,y_XLK,8,2025-03-13,0.030241733944785798,-0.0012079219720840194
rf,y_XLK,9,2025-03-13,0.030241733944785798,0.001415367328081532
rf,y_XLK,10,2025-03-13,0.030241733944785798,0.0009227045984595524
rf,y_XLK,8,2025-03-17,-0.015225342943852915,0.007946615078666671
rf,y_XLK,9,2025-03-17,-0.015225342943852915,0.008585081814044352
rf,y_XLK,10,2025-03-17,-0.015225342943852915,0.006891041345809099
rf,y_XLK,8,2025-03-18,0.01300962331010913,-0.0005367278725041622
rf,y_XLK,9,2025-03-18,0.01300962331010913,0.0007612538820588275
rf,y_XLK,10,2025-03-18,0.01300962331010913,-0.0015022066468970085
rf,y_XLK,8,2025-03-19,-0.0071193084647396265,0.004331335430584652
rf,y_XLK,9,2025-03-19,-0.0071193084647396265,0.005657688430538179
rf,y_XLK,10,2025-03-19,-0.0071193084647396265,0.0039543795432684945
rf,y_XLK,8,2025-03-20,0.0027181875065835914,0.0017990714715679626
rf,y_XLK,9,2025-03-20,0.0027181875065835914,-0.001542882347953652
rf,y_XLK,10,2025-03-20,0.0027181875065835914,0.0015131403741208008
rf,y_XLK,9,2025-03-24,0.0033083581962574105,-0.0009701821874914464
rf,y_XLK,10,2025-03-24,0.0033083581962574105,-0.0015543454856099593
rf,y_XLK,11,2025-03-24,0.0033083581962574105,-0.0038057889126875133
rf,y_XLK,9,2025-03-25,-0.022303758401208906,0.00281736257784205
rf,y_XLK,10,2025-03-25,-0.022303758401208906,-0.0011118954931845597
rf,y_XLK,11,2025-03-25,-0.022303758401208906,0.009707373092198055
rf,y_XLK,9,2025-03-26,-0.009228038124350024,-0.003777070315072421
rf,y_XLK,10,2025-03-26,-0.009228038124350024,-0.002471459475841455
rf,y_XLK,11,2025-03-26,-0.009228038124350024,-0.004015750684077649
rf,y_XLK,9,2025-03-27,-0.024254108130870033,0.0037538646728691024
rf,y_XLK,10,2025-03-27,-0.024254108130870033,0.0038387494942161665
rf,y_XLK,11,2025-03-27,-0.024254108130870033,-0.0017005822711065404
rf,y_XLK,9,2025-03-31,0.007313103333808746,-0.0034122699859007437
rf,y_XLK,10,2025-03-31,0.007313103333808746,-0.0017970431550133532
rf,y_XLK,11,2025-03-31,0.007313103333808746,-0.00024509420347888035
rf,y_XLK,9,2025-04-01,0.007404149185691766,0.0038053485215694396
rf,y_XLK,10,2025-04-01,0.007404149185691766,0.002157856635957674
rf,y_XLK,11,2025-04-01,0.007404149185691766,0.0009680498890863115
rf,y_XLK,9,2025-04-02,-0.06824790674657977,0.002849661803856605
rf,y_XLK,10,2025-04-02,-0.06824790674657977,0.00241367429186356
rf,y_XLK,11,2025-04-02,-0.06824790674657977,-0.00035335908596534257
rf,y_XLK,9,2025-04-03,-0.06587103425514218,0.00030805877456758596
rf,y_XLK,10,2025-04-03,-0.06587103425514218,0.0007849527243881262
rf,y_XLK,11,2025-04-03,-0.06587103425514218,-0.0013721025535594557
rf,y_XLK,9,2025-04-07,-0.020331453070269734,0.008758555370207873
rf,y_XLK,10,2025-04-07,-0.020331453070269734,0.00901299948978288
rf,y_XLK,11,2025-04-07,-0.020331453070269734,0.00748169966247759
rf,y_XLK,9,2025-04-08,0.13425696308232604,0.00037937559463879317
rf,y_XLK,10,2025-04-08,0.13425696308232604,-0.0006257202487688592
rf,y_XLK,11,2025-04-08,0.13425696308232604,-0.0017801813144377686
rf,y_XLK,9,2025-04-09,-0.04655159412211418,-0.00036963770070329673
rf,y_XLK,10,2025-04-09,-0.04655159412211418,0.0012179205826057572
rf,y_XLK,11,2025-04-09,-0.04655159412211418,0.000188228940576247
rf,y_XLK,9,2025-04-10,0.020476443148288004,0.004629206078251652
rf,y_XLK,10,2025-04-10,0.020476443148288004,0.003575834622120991
rf,y_XLK,11,2025-04-10,0.020476443148288004,0.00550582675238597
rf,y_XLK,10,2025-04-14,0.003647038247804435,0.0003579411443909386
rf,y_XLK,11,2025-04-14,0.003647038247804435,0.0010951190332009948
rf,y_XLK,12,2025-04-14,0.003647038247804435,-0.0008045958872619043
rf,y_XLK,10,2025-04-15,-0.034745348131745346,0.0008314918277835537
rf,y_XLK,11,2025-04-15,-0.034745348131745346,0.0003013625172773297
rf,y_XLK,12,2025-04-15,-0.034745348131745346,0.0023290054546761993
rf,y_XLK,10,2025-04-16,-0.005414894655491498,0.002228299490883795
rf,y_XLK,11,2025-04-16,-0.005414894655491498,0.00395146503937616
rf,y_XLK,12,2025-04-16,-0.005414894655491498,0.0036425844560899405
rf,y_XLK,10,2025-04-21,0.024377312745142765,0.0033049017983873487
rf,y_XLK,11,2025-04-21,0.024377312745142765,0.0009033321389044382
rf,y_XLK,12,2025-04-21,0.024377312745142765,0.0006293263366180755
rf,y_XLK,10,2025-04-22,0.028992876552094815,-0.0009746873501384479
rf,y_XLK,11,2025-04-22,0.028992876552094815,-0.001420791869828708
rf,y_XLK,12,2025-04-22,0.028992876552094815,-0.000493094700674763
rf,y_XLK,10,2025-04-23,0.03731571535550837,-0.0003910728119830731
rf,y_XLK,11,2025-04-23,0.03731571535550837,0.0019662643781880366
rf,y_XLK,12,2025-04-23,0.03731571535550837,-0.00046991062783627394
rf,y_XLK,10,2025-04-24,0.014798254924457632,-0.0011299862885442778
rf,y_XLK,11,2025-04-24,0.014798254924457632,-4.291166562729783e-05
rf,y_XLK,12,2025-04-24,0.014798254924457632,0.003338906999777355
rf,y_XLK,10,2025-04-28,0.004660527547534654,0.000804581329615478
rf,y_XLK,11,2025-04-28,0.004660527547534654,0.00038455473963074083
rf,y_XLK,12,2025-04-28,0.004660527547534654,0.0006170878823151473
rf,y_XLK,10,2025-04-29,0.004160701611438888,0.0022044733755229593
rf,y_XLK,11,2025-04-29,0.004160701611438888,-8.30163262464471e-07
rf,y_XLK,12,2025-04-29,0.004160701611438888,0.0013273866378069488
rf,y_XLK,10,2025-04-30,0.014668729625953336,-0.0020662820190559916
rf,y_XLK,11,2025-04-30,0.014668729625953336,-0.0034050137649269487
rf,y_XLK,12,2025-04-30,0.014668729625953336,-0.0007123880993086935
rf,y_XLK,10,2025-05-01,0.016709702700655527,-0.0009196501336279251
rf,y_XLK,11,2025-05-01,0.016709702700655527,0.00012268790986871004
rf,y_XLK,12,2025-05-01,0.016709702700655527,0.0018631874796280303
rf,y_XLK,11,2025-05-05,-0.008307815121023077,0.0017056576412595329
rf,y_XLK,12,2025-05-05,-0.008307815121023077,0.0012040866856977825
rf,y_XLK,13,2025-05-05,-0.008307815121023077,0.0026938911024072484
rf,y_XLK,11,2025-05-06,0.010015408707336304,0.003362544996660773
rf,y_XLK,12,2025-05-06,0.010015408707336304,0.0040265938387149805
rf,y_XLK,13,2025-05-06,0.010015408707336304,0.003131169709109685
rf,y_XLK,11,2025-05-07,0.009545367965011486,0.0010834165166672155
rf,y_XLK,12,2025-05-07,0.009545367965011486,0.003504421703085692
rf,y_XLK,13,2025-05-07,0.009545367965011486,0.002194629922841996
rf,y_XLK,11,2025-05-08,-0.0012391974727828936,0.0007096182898458268
rf,y_XLK,12,2025-05-08,-0.0012391974727828936,-0.0017586441678335784
rf,y_XLK,13,2025-05-08,-0.0012391974727828936,0.0007779996773272023
rf,y_XLK,11,2025-05-12,0.02160740970100039,0.0009536964614860681
rf,y_XLK,12,2025-05-12,0.02160740970100039,0.001093999913241724
rf,y_XLK,13,2025-05-12,0.02160740970100039,-0.0004728827608274801
rf,y_XLK,11,2025-05-13,0.006491314210443466,0.003638980546602293
rf,y_XLK,12,2025-05-13,0.006491314210443466,0.002814179878680446
rf,y_XLK,13,2025-05-13,0.006491314210443466,0.005052677776542377
rf,y_XLK,11,2025-05-14,0.0013666782667716149,-0.0016327847533100274
rf,y_XLK,12,2025-05-14,0.0013666782667716149,-0.0023981862172019076
rf,y_XLK,13,2025-05-14,0.0013666782667716149,-0.0006372523346676132
rf,y_XLK,11,2025-05-15,0.0018768221776850336,-0.0010785149559408875
rf,y_XLK,12,2025-05-15,0.0018768221776850336,7.988097265200038e-05
rf,y_XLK,13,2025-05-15,0.0018768221776850336,-0.0004963601540815821
rf,y_XLK,11,2025-05-19,-0.0037519131712042686,-0.0015867462321949891
rf,y_XLK,12,2025-05-19,-0.0037519131712042686,-0.002055832562483542
rf,y_XLK,13,2025-05-19,-0.0037519131712042686,-0.0024240935792971163
rf,y_XLK,11,2025-05-20,-0.018787121098328696,0.0023722978102042407
rf,y_XLK,12,2025-05-20,-0.018787121098328696,0.001113493064108272
rf,y_XLK,13,2025-05-20,-0.018787121098328696,0.00057886984796936
rf,y_XLK,11,2025-05-21,0.0002617103341890914,-0.0009459291704614736
rf,y_XLK,12,2025-05-21,0.0002617103341890914,-0.0018051542535259886
rf,y_XLK,13,2025-05-21,0.0002617103341890914,-0.005226523118484898
rf,y_XLK,11,2025-05-22,-0.01103172970598143,0.0007971391789120569
rf,y_XLK,12,2025-05-22,-0.01103172970598143,0.00235350262360521
rf,y_XLK,13,2025-05-22,-0.01103172970598143,0.0017836792856862746
rf,y_XLK,12,2025-05-27,-0.00413431173122325,-0.0005748806208231178
rf,y_XLK,13,2025-05-27,-0.00413431173122325,-0.0009593355642451164
rf,y_XLK,14,2025-05-27,-0.00413431173122325,0.0017892800847983273
rf,y_XLK,12,2025-05-28,0.001686532667133367,0.00041833595678586835
rf,y_XLK,13,2025-05-28,0.001686532667133367,0.00304664909987614
rf,y_XLK,14,2025-05-28,0.001686532667133367,0.0014436876366135166
rf,y_XLK,12,2025-05-29,-0.003108397145377695,-0.00059208046656678
rf,y_XLK,13,2025-05-29,-0.003108397145377695,-0.002202905193950323
rf,y_XLK,14,2025-05-29,-0.003108397145377695,-0.0004055340133346158
rf,y_XLK,12,2025-06-02,0.015024605666195345,-0.0002234424807044851
rf,y_XLK,13,2025-06-02,0.015024605666195345,0.000661627700988704
rf,y_XLK,14,2025-06-02,0.015024605666195345,-0.002126642745747756
rf,y_XLK,12,2025-06-03,0.001480318063873387,0.00013894101686559208
rf,y_XLK,13,2025-06-03,0.001480318063873387,0.0004262654342999652
rf,y_XLK,14,2025-06-03,0.001480318063873387,0.0010002638341955444
rf,y_XLK,12,2025-06-04,-0.0028293984819475204,0.005828697484488993
rf,y_XLK,13,2025-06-04,-0.0028293984819475204,0.004516867881613249
rf,y_XLK,14,2025-06-04,-0.0028293984819475204,0.003433693349108283
rf,y_XLK,12,2025-06-05,0.009443917204052577,-0.0027792609236338786
rf,y_XLK,13,2025-06-05,0.009443917204052577,-0.003708749473258525
rf,y_XLK,14,2025-06-05,0.009443917204052577,-0.00040915288879735855
rf,y_XLK,12,2025-06-09,0.005594302140434104,-0.002311189717980374
rf,y_XLK,13,2025-06-09,0.005594302140434104,-0.003995281887818239
rf,y_XLK,14,2025-06-09,0.005594302140434104,-0.0008023271028165875
rf,y_XLK,12,2025-06-10,-0.002200379345908332,-0.0018125956216526397
rf,y_XLK,13,2025-06-10,-0.002200379345908332,0.0026855965099376136
rf,y_XLK,14,2025-06-10,-0.002200379345908332,0.0006716669788749842
rf,y_XLK,12,2025-06-11,0.009278617568439396,-0.00010593409280850729
rf,y_XLK,13,2025-06-11,0.009278617568439396,-0.0013800909297309741
rf,y_XLK,14,2025-06-11,0.009278617568439396,-0.002151845534166082
rf,y_XLK,12,2025-06-12,-0.014016652819540787,0.0008380193950626539
rf,y_XLK,13,2025-06-12,-0.014016652819540787,0.0009603270089947528
rf,y_XLK,14,2025-06-12,-0.014016652819540787,0.0017086075569652823
rf,y_XLK,13,2025-07-02,0.013169296025054011,-0.006230124663205381
rf,y_XLK,14,2025-07-02,0.013169296025054011,-0.004619220421116485
rf,y_XLK,15,2025-07-02,0.013169296025054011,-0.0018765407386922275
rf,y_XLK,13,2025-07-07,0.00537427838694815,-0.0008337401003298856
rf,y_XLK,14,2025-07-07,0.00537427838694815,0.0006859905380734037
rf,y_XLK,15,2025-07-07,0.00537427838694815,0.0016483423146022164
rf,y_XLK,13,2025-07-08,0.006008683727441344,0.0033032842584193828
rf,y_XLK,14,2025-07-08,0.006008683727441344,0.0050382074716271595
rf,y_XLK,15,2025-07-08,0.006008683727441344,0.002635132815125872
rf,y_XLK,13,2025-07-09,-0.003296636775292461,0.006464186155144717
rf,y_XLK,14,2025-07-09,-0.003296636775292461,0.00728339974310516
rf,y_XLK,15,2025-07-09,-0.003296636775292461,0.007375624949999538
rf,y_XLK,13,2025-07-10,-0.004397252123809259,-0.000907501639023145
rf,y_XLK,14,2025-07-10,-0.004397252123809259,2.1573541086348607e-05
rf,y_XLK,15,2025-07-10,-0.004397252123809259,-0.0006084176012302749
rf,y_XLK,13,2025-07-14,0.008879749284990801,0.004004738307228919
rf,y_XLK,14,2025-07-14,0.008879749284990801,0.004379939431957034
rf,y_XLK,15,2025-07-14,0.008879749284990801,0.003779152675781311
rf,y_XLK,13,2025-07-15,0.0031017262993522365,-0.002444725661779537
rf,y_XLK,14,2025-07-15,0.0031017262993522365,-0.0011084617054908485
rf,y_XLK,15,2025-07-15,0.0031017262993522365,0.0022353380509632158
rf,y_XLK,13,2025-07-16,0.009083591159142701,-8.958002258217615e-05
rf,y_XLK,14,2025-07-16,0.009083591159142701,0.0008253639224309735
rf,y_XLK,15,2025-07-16,0.009083591159142701,-5.8226308086871865e-05
rf,y_XLK,13,2025-07-17,-0.0006511931605375221,0.0024073903260704325
rf,y_XLK,14,2025-07-17,-0.0006511931605375221,0.0033334458914591977
rf,y_XLK,15,2025-07-17,-0.0006511931605375221,0.004448516254328046
rf,y_XLK,13,2025-07-21,-0.009263885607056488,0.0025679152194323577
rf,y_XLK,14,2025-07-21,-0.009263885607056488,0.0038866271593206675
rf,y_XLK,15,2025-07-21,-0.009263885607056488,0.004238387620217525
rf,y_XLK,13,2025-07-22,0.00571847566280792,0.0018683955068128182
rf,y_XLK,14,2025-07-22,0.00571847566280792,0.0015705448440544425
rf,y_XLK,15,2025-07-22,0.00571847566280792,0.0016297897802602889
rf,y_XLK,13,2025-07-23,0.004226053412358155,0.0016428840719637026
rf,y_XLK,14,2025-07-23,0.004226053412358155,0.0025289958774153383
rf,y_XLK,15,2025-07-23,0.004226053412358155,0.002589738648467152
rf,y_XLK,14,2025-07-24,0.0022953236863003657,0.002397856364218939
rf,y_XLK,15,2025-07-24,0.0022953236863003657,0.0003932411653992829
rf,y_XLK,16,2025-07-24,0.0022953236863003657,-0.0009103514648120592
rf,y_XLK,14,2025-07-28,3.801057737029545e-05,6.991701367511834e-05
rf,y_XLK,15,2025-07-28,3.801057737029545e-05,0.001323414670053454
rf,y_XLK,16,2025-07-28,3.801057737029545e-05,0.0012090047557155009
rf,y_XLK,14,2025-07-29,0.00223407947501042,-8.384059970799885e-05
rf,y_XLK,15,2025-07-29,0.00223407947501042,0.0008847662369155824
rf,y_XLK,16,2025-07-29,0.00223407947501042,0.001524815727955799
rf,y_XLK,14,2025-07-30,-0.007329585291990126,-0.00018230213890979747
rf,y_XLK,15,2025-07-30,-0.007329585291990126,0.0016246789907949386
rf,y_XLK,16,2025-07-30,-0.007329585291990126,-0.0004908647421162057
rf,y_XLK,14,2025-07-31,-0.021580260982841604,0.006584593010358841
rf,y_XLK,15,2025-07-31,-0.021580260982841604,0.001325149838005618
rf,y_XLK,16,2025-07-31,-0.021580260982841604,0.004379011966591041
rf,y_XLK,14,2025-08-04,-0.008273199102942441,0.0003863645422151026
rf,y_XLK,15,2025-08-04,-0.008273199102942441,0.00044454299824788304
rf,y_XLK,16,2025-08-04,-0.008273199102942441,0.00176616337501505
rf,y_XLK,14,2025-08-05,0.011263820945953906,0.0013750472600932567
rf,y_XLK,15,2025-08-05,0.011263820945953906,0.0013207429105630284
rf,y_XLK,16,2025-08-05,0.011263820945953906,0.000984054958096505
rf,y_XLK,14,2025-08-06,0.0009124520680541259,0.004092113775516117
rf,y_XLK,15,2025-08-06,0.0009124520680541259,0.0026493613637905747
rf,y_XLK,16,2025-08-06,0.0009124520680541259,0.0018787771111257652
rf,y_XLK,14,2025-08-07,0.009989117046438789,0.0004114368374921656
rf,y_XLK,15,2025-08-07,0.009989117046438789,-0.0022430149224534077
rf,y_XLK,16,2025-08-07,0.009989117046438789,-0.0014801927660344375
rf,y_XLK,14,2025-08-11,0.015485458289477227,0.006105845945629262
rf,y_XLK,15,2025-08-11,0.015485458289477227,0.007113992763485575
rf,y_XLK,16,2025-08-11,0.015485458289477227,0.00737515584278202
rf,y_XLK,14,2025-08-12,0.0003728835180578649,0.0008375074680890058
rf,y_XLK,15,2025-08-12,0.0003728835180578649,0.0034982957713187083
rf,y_XLK,16,2025-08-12,0.0003728835180578649,0.0032505784349318697
rf,y_XLK,15,2025-08-13,-0.002161644519657391,-0.00022675781002137648
rf,y_XLK,16,2025-08-13,-0.002161644519657391,0.0009171187148433392
rf,y_XLK,17,2025-08-13,-0.002161644519657391,0.0009297338092460546
rf,y_XLK,15,2025-08-14,-0.007582260028551335,0.0025639077087255798
rf,y_XLK,16,2025-08-14,-0.007582260028551335,0.0019798631905547435
rf,y_XLK,17,2025-08-14,-0.007582260028551335,0.00441094868771771
rf,y_XLK,15,2025-08-18,-0.017463459138355897,0.0006576837208018697
rf,y_XLK,16,2025-08-18,-0.017463459138355897,-0.001269238082293304
rf,y_XLK,17,2025-08-18,-0.017463459138355897,-0.003607440205991109
rf,y_XLK,15,2025-08-19,-0.006765515697301883,-0.0010172480110065421
rf,y_XLK,16,2025-08-19,-0.006765515697301883,-0.0015064810093915128
rf,y_XLK,17,2025-08-19,-0.006765515697301883,-0.0016153455366594931
rf,y_XLK,15,2025-08-20,-0.00361737787625116,0.00432271101319594
rf,y_XLK,16,2025-08-20,-0.00361737787625116,0.001311035263590509
rf,y_XLK,17,2025-08-20,-0.00361737787625116,0.0029197913098878508
rf,y_XLK,15,2025-08-21,0.013556822606256347,0.0017005962972276635
rf,y_XLK,16,2025-08-21,0.013556822606256347,0.0013176582242391487
rf,y_XLK,17,2025-08-21,0.013556822606256347,-0.0012477190945232605
rf,y_XLK,15,2025-08-25,0.004583050089905338,0.0011143680785781966
rf,y_XLK,16,2025-08-25,0.004583050089905338,-0.0032968289231871026
rf,y_XLK,17,2025-08-25,0.004583050089905338,-0.003056904179842079
rf,y_XLK,15,2025-08-26,0.005398803727852952,-0.0005456756975412147
rf,y_XLK,16,2025-08-26,0.005398803727852952,-0.001164494438839157
rf,y_XLK,17,2025-08-26,0.005398803727852952,-0.0015789450494029485
rf,y_XLK,15,2025-08-27,0.007903121636417154,-0.0049218510431032715
rf,y_XLK,16,2025-08-27,0.007903121636417154,-0.003256637083733472
rf,y_XLK,17,2025-08-27,0.007903121636417154,-0.004794770319461446
rf,y_XLK,15,2025-08-28,-0.015344744087016138,-8.105739869886108e-05
rf,y_XLK,16,2025-08-28,-0.015344744087016138,0.0013436903454619787
rf,y_XLK,17,2025-08-28,-0.015344744087016138,0.0007222091854344452
rf,y_XLK,15,2025-09-02,0.005966318629450074,-0.0008776030712192887
rf,y_XLK,16,2025-09-02,0.005966318629450074,-0.0014134872827225088
rf,y_XLK,17,2025-09-02,0.005966318629450074,0.001274361654229252
rf,y_XLK,16,2025-09-03,0.0049359646612423536,-0.001353721743498108
rf,y_XLK,17,2025-09-03,0.0049359646612423536,-0.0004991384284796544
rf,y_XLK,18,2025-09-03,0.0049359646612423536,-0.0002601095988670458
rf,y_XLK,16,2025-09-04,0.0008374382801461522,0.004962868490984717
rf,y_XLK,17,2025-09-04,0.0008374382801461522,0.003408825973783318
rf,y_XLK,18,2025-09-04,0.0008374382801461522,0.0048024205379689254
rf,y_XLK,16,2025-09-08,0.0019257691954353007,-0.000848678406525441
rf,y_XLK,17,2025-09-08,0.0019257691954353007,-0.00028755214794563
rf,y_XLK,18,2025-09-08,0.0019257691954353007,-0.0007211671171086703
rf,y_XLK,16,2025-09-09,0.018127641906036107,0.003139245181779889
rf,y_XLK,17,2025-09-09,0.018127641906036107,0.0025980801741014165
rf,y_XLK,18,2025-09-09,0.018127641906036107,0.0053006918969906456
rf,y_XLK,16,2025-09-10,0.003368555369382742,0.00019110865711535936
rf,y_XLK,17,2025-09-10,0.003368555369382742,0.0033939763391463585
rf,y_XLK,18,2025-09-10,0.003368555369382742,0.002840762410646743
rf,y_XLK,16,2025-09-11,-0.0006640880660709891,0.0024612586518955076
rf,y_XLK,17,2025-09-11,-0.0006640880660709891,0.0009534551600747315
rf,y_XLK,18,2025-09-11,-0.0006640880660709891,0.004169169801635541
rf,y_XLK,16,2025-09-15,-0.0034758285310176884,0.0005576239725031046
rf,y_XLK,17,2025-09-15,-0.0034758285310176884,0.0024479651783045797
rf,y_XLK,18,2025-09-15,-0.0034758285310176884,0.0032922625012370608
rf,y_XLK,16,2025-09-16,-0.0034512107495844324,-0.003032634486074225
rf,y_XLK,17,2025-09-16,-0.0034512107495844324,-0.0006454556846638102
rf,y_XLK,18,2025-09-16,-0.0034512107495844324,-0.00035216590666221903
rf,y_XLK,16,2025-09-17,0.017278945726456385,0.0011304112685902442
rf,y_XLK,17,2025-09-17,0.017278945726456385,0.001770761458240258
rf,y_XLK,18,2025-09-17,0.017278945726456385,0.0015205172408596082
rf,y_XLK,16,2025-09-18,0.010140533739601887,-0.0013994603154464694
rf,y_XLK,17,2025-09-18,0.010140533739601887,0.00010102469405640542
rf,y_XLK,18,2025-09-18,0.010140533739601887,-0.0002626257393696883
rf,y_XLK,16,2025-09-22,-0.00863218959416312,0.0010673060968525532
rf,y_XLK,17,2025-09-22,-0.00863218959416312,0.001346861694488896
rf,y_XLK,18,2025-09-22,-0.00863218959416312,0.002922818557252956
rf,y_XLK,17,2025-09-23,-0.006173852788884493,0.0004323878990428113
rf,y_XLK,18,2025-09-23,-0.006173852788884493,0.0016086300074729081
rf,y_XLK,19,2025-09-23,-0.006173852788884493,0.0019268850462312377
rf,y_XLK,17,2025-09-24,-0.0017593787530568727,0.005034477449753347
rf,y_XLK,18,2025-09-24,-0.0017593787530568727,0.006018248215939923
rf,y_XLK,19,2025-09-24,-0.0017593787530568727,0.0031103184796587423
rf,y_XLK,17,2025-09-25,0.0030215349921083323,0.0029614738483763068
rf,y_XLK,18,2025-09-25,0.0030215349921083323,0.0028602069816885856
rf,y_XLK,19,2025-09-25,0.0030215349921083323,0.003991557229609412
rf,y_XLK,17,2025-09-29,0.0054578414754302695,-0.0002379728668274378
rf,y_XLK,18,2025-09-29,0.0054578414754302695,-0.0007907941415149583
rf,y_XLK,19,2025-09-29,0.0054578414754302695,0.000812780513729088
rf,y_XLK,17,2025-09-30,0.009792127521145,-0.0009267281331839406
rf,y_XLK,18,2025-09-30,0.009792127521145,-0.00040952666715123596
rf,y_XLK,19,2025-09-30,0.009792127521145,0.0009444392135989188
rf,y_XLK,17,2025-10-01,0.005410799025761914,-0.0007598721523928949
rf,y_XLK,18,2025-10-01,0.005410799025761914,0.001864456787002235
rf,y_XLK,19,2025-10-01,0.005410799025761914,0.0028736656774320988
rf,y_XLK,17,2025-10-02,-0.005032207624090956,-0.014089778846622306
rf,y_XLK,18,2025-10-02,-0.005032207624090956,-0.014914511714351415
rf,y_XLK,19,2025-10-02,-0.005032207624090956,-0.015359657056788156
rf,y_XLK,17,2025-10-06,-0.006675909508848443,0.0048620290235949154
rf,y_XLK,18,2025-10-06,-0.006675909508848443,0.0024713038877974677
rf,y_XLK,19,2025-10-06,-0.006675909508848443,0.0021001694312040658
rf,y_XLK,17,2025-10-07,0.017537098861290623,0.0005294406251048054
rf,y_XLK,18,2025-10-07,0.017537098861290623,-0.001023521598917031
rf,y_XLK,19,2025-10-07,0.017537098861290623,-7.807218347185286e-05
rf,y_XLK,17,2025-10-08,-0.0016856441827191038,0.00229643630816464
rf,y_XLK,18,2025-10-08,-0.0016856441827191038,0.002246576987350196
rf,y_XLK,19,2025-10-08,-0.0016856441827191038,0.0012942682828337318
rf,y_XLK,17,2025-10-09,-0.04069607257475405,0.00010408303125656511
rf,y_XLK,18,2025-10-09,-0.04069607257475405,-0.0007162719792355082
rf,y_XLK,19,2025-10-09,-0.04069607257475405,-0.0008466797070778169
rf,y_XLK,18,2025-10-13,-0.012834422562449488,-0.004197819898008256
rf,y_XLK,19,2025-10-13,-0.012834422562449488,-0.008978924745209175
rf,y_XLK,20,2025-10-13,-0.012834422562449488,-0.005205584156857906
rf,y_XLK,18,2025-10-14,0.009910700229627922,0.0019008990513173932
rf,y_XLK,19,2025-10-14,0.009910700229627922,0.0009190936317931285
rf,y_XLK,20,2025-10-14,0.009910700229627922,0.002039159920934656
rf,y_XLK,18,2025-10-15,0.0007387791202013716,0.000961517605890691
rf,y_XLK,19,2025-10-15,0.0007387791202013716,-0.004218947910609539
rf,y_XLK,20,2025-10-15,0.0007387791202013716,-0.002713736215713201
rf,y_XLK,18,2025-10-16,0.0017573873057530331,0.007232013354746325
rf,y_XLK,19,2025-10-16,0.0017573873057530331,0.0069035880845909345
rf,y_XLK,20,2025-10-16,0.0017573873057530331,0.0029374620429511843
rf,y_XLK,18,2025-10-20,0.000520515832462598,-0.0014854410487577028
rf,y_XLK,19,2025-10-20,0.000520515832462598,0.0006066051250124892
rf,y_XLK,20,2025-10-20,0.000520515832462598,0.0010918045387339037
rf,y_XLK,18,2025-10-21,-0.009884231699416213,-0.0023690395184694283
rf,y_XLK,19,2025-10-21,-0.009884231699416213,-0.003264419702188179
rf,y_XLK,20,2025-10-21,-0.009884231699416213,-0.005048349742183031
rf,y_XLK,18,2025-10-22,0.012609883898197616,-0.0056453038423461225
rf,y_XLK,19,2025-10-22,0.012609883898197616,-0.004996581119308014
rf,y_XLK,20,2025-10-22,0.012609883898197616,-0.004149596625002541
rf,y_XLK,18,2025-10-23,0.015531549537064482,0.00832000156228112
rf,y_XLK,19,2025-10-23,0.015531549537064482,0.005984105336182956
rf,y_XLK,20,2025-10-23,0.015531549537064482,0.005698768992560749
rf,y_XLK,18,2025-10-27,0.00989962581242132,0.002880292043631524
rf,y_XLK,19,2025-10-27,0.00989962581242132,0.0023716617248221274
rf,y_XLK,20,2025-10-27,0.00989962581242132,0.002555703447725115
rf,y_XLK,18,2025-10-28,0.007186395455704764,0.0011871040615263413
rf,y_XLK,19,2025-10-28,0.007186395455704764,0.0023534896116495885
rf,y_XLK,20,2025-10-28,0.007186395455704764,0.0015171841224120187
rf,y_XLK,18,2025-10-29,-0.01229730070601498,0.0022800939141960795
rf,y_XLK,19,2025-10-29,-0.01229730070601498,1.667128582631313e-05
rf,y_XLK,20,2025-10-29,-0.01229730070601498,0.00198116909302333
rf,y_XLK,18,2025-10-30,0.0009652764020697813,-0.0009976357987778331
rf,y_XLK,19,2025-10-30,0.0009652764020697813,-0.001133258559905222
rf,y_XLK,20,2025-10-30,0.0009652764020697813,-0.0009620787491619274
rf,y_XLK,19,2025-11-03,-0.026398551772200185,-0.0012746803882857417
rf,y_XLK,20,2025-11-03,-0.026398551772200185,-2.5094579194627024e-05
rf,y_XLK,21,2025-11-03,-0.026398551772200185,-0.000834290294771517
rf,y_XLK,19,2025-11-04,0.0039123494799286895,0.003588758563446178
rf,y_XLK,20,2025-11-04,0.0039123494799286895,0.004641215304645492
rf,y_XLK,21,2025-11-04,0.0039123494799286895,0.00244775789103559
rf,y_XLK,19,2025-11-05,-0.020095568399972397,-0.001578478982170529
rf,y_XLK,20,2025-11-05,-0.020095568399972397,-0.0010411742114798043
rf,y_XLK,21,2025-11-05,-0.020095568399972397,0.00011348462438594646
rf,y_XLK,19,2025-11-06,-0.003458359163478475,0.0005358254958120127
rf,y_XLK,20,2025-11-06,-0.003458359163478475,0.000636696284185571
rf,y_XLK,21,2025-11-06,-0.003458359163478475,0.00013908023180707977
rf,y_XLK,19,2025-11-10,-0.008527021868579232,-0.0028836147042848805
rf,y_XLK,20,2025-11-10,-0.008527021868579232,-0.0030137123991729317
rf,y_XLK,21,2025-11-10,-0.008527021868579232,-0.0014840037266743128
rf,y_XLK,19,2025-11-11,0.003105725146766769,-0.0011076376114181803
rf,y_XLK,20,2025-11-11,0.003105725146766769,-0.0006645625438031553
rf,y_XLK,21,2025-11-11,0.003105725146766769,0.0014693214536570206
rf,y_XLK,19,2025-11-12,-0.024938894628394603,0.0007075730290538512
rf,y_XLK,20,2025-11-12,-0.024938894628394603,-0.0005875071321687686
rf,y_XLK,21,2025-11-12,-0.024938894628394603,0.0018183822748339248
rf,y_XLK,19,2025-11-13,0.0054433525958546,0.0038583417542617016
rf,y_XLK,20,2025-11-13,0.0054433525958546,0.003973949340091885
rf,y_XLK,21,2025-11-13,0.0054433525958546,0.004484758571524598
rf,y_XLK,19,2025-11-17,-0.016253027938932574,-0.0018975172670646246
rf,y_XLK,20,2025-11-17,-0.016253027938932574,-0.003559515924186472
rf,y_XLK,21,2025-11-17,-0.016253027938932574,-0.004424332197474853
rf,y_XLK,19,2025-11-18,0.0069525866299327,-0.003443873685121195
rf,y_XLK,20,2025-11-18,0.0069525866299327,-0.0027132198934377368
rf,y_XLK,21,2025-11-18,0.0069525866299327,-0.0008483643635716252
rf,y_XLK,19,2025-11-19,-0.03139124720531028,-0.00513787460154126
rf,y_XLK,20,2025-11-19,-0.03139124720531028,-0.006050219968017179
rf,y_XLK,21,2025-11-19,-0.03139124720531028,-0.006090539863033485
rf,y_XLK,19,2025-11-20,0.003858246095568285,-0.0017321582101453912
rf,y_XLK,20,2025-11-20,0.003858246095568285,-0.0015888451139659274
rf,y_XLK,21,2025-11-20,0.003858246095568285,0.0007444959617457115
rf,y_XLK,20,2025-11-24,0.002681372639006474,-0.0018413464015871646
rf,y_XLK,21,2025-11-24,0.002681372639006474,-0.0009233496064722309
rf,y_XLK,22,2025-11-24,0.002681372639006474,-0.002042596082244113
rf,y_XLK,20,2025-11-25,0.01183769525386058,-0.0016934871639726855
rf,y_XLK,21,2025-11-25,0.01183769525386058,-0.0024932285842777734
rf,y_XLK,22,2025-11-25,0.01183769525386058,-0.0002611845288933462
rf,y_XLK,20,2025-12-01,0.010302056611519061,0.0026936818198142086
rf,y_XLK,21,2025-12-01,0.010302056611519061,0.004211640967382688
rf,y_XLK,22,2025-12-01,0.010302056611519061,0.0028576284939967017
rf,y_XLK,20,2025-12-02,0.002385101567018877,0.0019020619676607794
rf,y_XLK,21,2025-12-02,0.002385101567018877,0.0019186960101816345
rf,y_XLK,22,2025-12-02,0.002385101567018877,0.001393013287400796
rf,y_XLK,20,2025-12-03,0.0037242829127019927,-0.0008575969160815369
rf,y_XLK,21,2025-12-03,0.0037242829127019927,-0.0015214821946244294
rf,y_XLK,22,2025-12-03,0.0037242829127019927,-0.002196467400402229
rf,y_XLK,20,2025-12-04,0.007317813073295598,-0.002927830190670662
rf,y_XLK,21,2025-12-04,0.007317813073295598,-0.0015353294371486823
rf,y_XLK,22,2025-12-04,0.007317813073295598,-0.00372357098160594
rf,y_XLK,20,2025-12-08,0.002641705175143949,-0.0007271435219171665
rf,y_XLK,21,2025-12-08,0.002641705175143949,0.003307206214398457
rf,y_XLK,22,2025-12-08,0.002641705175143949,0.0002387556440158765
rf,y_XLK,20,2025-12-09,0.004796639915539469,-0.003272088449102764
rf,y_XLK,21,2025-12-09,0.004796639915539469,-0.0011142310363843962
rf,y_XLK,22,2025-12-09,0.004796639915539469,-2.9506108939525432e-05
rf,y_XLK,20,2025-12-10,-0.005109938373929479,0.0016569196773115376
rf,y_XLK,21,2025-12-10,-0.005109938373929479,0.0019528962638250453
rf,y_XLK,22,2025-12-10,-0.005109938373929479,0.0007645834282107198
rf,y_XLK,20,2025-12-11,-0.028924754781091022,0.001557244070246631
rf,y_XLK,21,2025-12-11,-0.028924754781091022,0.000688144758884061
rf,y_XLK,22,2025-12-11,-0.028924754781091022,0.0004968804538040846
rf,y_XLK,21,2025-12-15,0.0018270662908363988,-0.0016775667017989253
rf,y_XLK,22,2025-12-15,0.0018270662908363988,-0.0015023046117696012
rf,y_XLK,23,2025-12-15,0.0018270662908363988,-0.0007785607005013277
rf,y_XLK,21,2025-12-16,-0.022236200646995274,0.0019127071329928488
rf,y_XLK,22,2025-12-16,-0.022236200646995274,0.0010126377364747077
rf,y_XLK,23,2025-12-16,-0.022236200646995274,0.0017562908976800657
rf,y_XLK,21,2025-12-17,0.015424348563592538,0.004165856923699379
rf,y_XLK,22,2025-12-17,0.015424348563592538,0.0018760387636116251
rf,y_XLK,23,2025-12-17,0.015424348563592538,0.004100617170343726
rf,y_XLK,21,2025-12-18,0.021619390456640852,3.361946367821481e-05
rf,y_XLK,22,2025-12-18,0.021619390456640852,-0.0012993566943449017
rf,y_XLK,23,2025-12-18,0.021619390456640852,-4.218301983731817e-06
rf,y_XLK,21,2025-12-23,0.002398123404139252,0.005659434034556316
rf,y_XLK,22,2025-12-23,0.002398123404139252,0.004338195948074716
rf,y_XLK,23,2025-12-23,0.002398123404139252,0.0028973130740760503
rf,y_XLK,21,2025-12-29,-0.003153434362622609,0.0045124932944542
rf,y_XLK,22,2025-12-29,-0.003153434362622609,-0.0007398573617740073
rf,y_XLK,23,2025-12-29,-0.003153434362622609,0.001104052827302272
rf,y_XLK,21,2025-12-30,-0.009903049344200499,0.00019784318209030983
rf,y_XLK,22,2025-12-30,-0.009903049344200499,0.00022843969577106363
rf,y_XLK,23,2025-12-30,-0.009903049344200499,-0.0007440442999130816
rf,y_XLK,22,2026-01-05,0.014036778093180935,-0.0036079728562750323
rf,y_XLK,23,2026-01-05,0.014036778093180935,-0.003750245831348593
rf,y_XLK,24,2026-01-05,0.014036778093180935,-0.0039156108458111285
rf,y_XLK,22,2026-01-06,-0.0008182415423229061,-0.0017721849645655828
rf,y_XLK,23,2026-01-06,-0.0008182415423229061,-0.0011943680061148496
rf,y_XLK,24,2026-01-06,-0.0008182415423229061,0.00020577721551014172
rf,y_XLK,22,2026-01-07,-0.01562815331474887,0.0028549294174687544
rf,y_XLK,23,2026-01-07,-0.01562815331474887,0.0026384381301638457
rf,y_XLK,24,2026-01-07,-0.01562815331474887,0.003293826083253336
rf,y_XLK,22,2026-01-08,0.013241738287446347,0.0019853987711522776
rf,y_XLK,23,2026-01-08,0.013241738287446347,0.0040448656433547696
rf,y_XLK,24,2026-01-08,0.013241738287446347,0.004151956261437581
rf,y_XLK,22,2026-01-12,-0.002111843945584835,-0.001445710404133436
rf,y_XLK,23,2026-01-12,-0.002111843945584835,-0.0014233469984492478
rf,y_XLK,24,2026-01-12,-0.002111843945584835,-0.000491467530422011
rf,y_XLK,22,2026-01-13,-0.012151821622167214,-0.0013708768510112415
rf,y_XLK,23,2026-01-13,-0.012151821622167214,-0.00026025749787127184
rf,y_XLK,24,2026-01-13,-0.012151821622167214,-0.0007824530971169706
rf,y_XLK,22,2026-01-14,0.005252313625803584,-0.0005288518356973166
rf,y_XLK,23,2026-01-14,0.005252313625803584,0.0038718182653747556
rf,y_XLK,24,2026-01-14,0.005252313625803584,0.0009485073781231063
rf,y_XLK,22,2026-01-15,0.0010998789765974681,-0.00208325780432649
rf,y_XLK,23,2026-01-15,0.0010998789765974681,0.0027248091175419227
rf,y_XLK,24,2026-01-15,0.0010998789765974681,0.001723212394235818
rf,y_XLK,22,2026-01-21,0.007440423770140203,0.0011555674517177447
rf,y_XLK,23,2026-01-21,0.007440423770140203,0.0021822269838406923
rf,y_XLK,24,2026-01-21,0.007440423770140203,0.00033836913730698006
rf,y_XLK,22,2026-01-22,0.0014494163997853526,-0.0003284431341584191
rf,y_XLK,23,2026-01-22,0.0014494163997853526,-0.0002791871783654911
rf,y_XLK,24,2026-01-22,0.0014494163997853526,-0.0015727364289747857
rf,y_XLK,23,2026-01-26,0.013485769414087745,0.00700514828949053
rf,y_XLK,24,2026-01-26,0.013485769414087745,0.005070145349253303
rf,y_XLK,23,2026-01-27,0.007970230675164114,0.0031697644781810974
rf,y_XLK,24,2026-01-27,0.007970230675164114,0.000166127312675432
rf,y_XLK,23,2026-01-28,-0.015814519050582843,-0.001250916922751084
rf,y_XLK,24,2026-01-28,-0.015814519050582843,-0.003180821978028254
rf,y_XLK,23,2026-01-29,-0.020358074036764928,-0.00227615747830672
rf,y_XLK,24,2026-01-29,-0.020358074036764928,-0.004095965949851293
rf,y_XLK,23,2026-02-02,-0.02189173066250938,-0.003090267777599389
rf,y_XLK,24,2026-02-02,-0.02189173066250938,-0.0035524952583532313
rf,y_XLK,23,2026-02-03,-0.027871668516558534,0.00029866595990832393
rf,y_XLK,24,2026-02-03,-0.027871668516558534,-0.0040883171748492785
rf,y_XLK,23,2026-02-04,-0.018027731844780126,2.9431424504862875e-05
rf,y_XLK,24,2026-02-04,-0.018027731844780126,0.0021565213234290854
rf,y_XLK,23,2026-02-05,0.04055149894562149,-0.0024398088339220255
rf,y_XLK,24,2026-02-05,0.04055149894562149,-0.001373018960855051
rf,y_XLK,23,2026-02-09,-0.005580767476076165,-0.0008172894689722516
rf,y_XLK,24,2026-02-09,-0.005580767476076165,-0.0015183543905331915
rf,y_XLK,23,2026-02-10,0.0029463217113563367,0.0022387121058778177
rf,y_XLK,24,2026-02-10,0.0029463217113563367,0.0016568137815763698
rf,y_XLK,23,2026-02-11,-0.02629918496700312,0.0014841621202039265
rf,y_XLK,24,2026-02-11,-0.02629918496700312,0.003865977436383952
rf,y_XLK,23,2026-02-12,0.0025141213120256634,-0.0025161208628831856
rf,y_XLK,24,2026-02-12,0.0025141213120256634,-0.004334789476941436
rf,y_XLK,24,2026-02-17,0.010252423131440924,-0.0028019367186778396
rf,y_XLK,24,2026-02-18,-0.004967688099141054,-0.0011172167859650269
rf,y_XLK,24,2026-02-19,0.004778533177825173,0.0008738264691770516
rf,y_XLK,24,2026-02-23,0.012994535058036272,0.0022190621944174456
rf,y_XLK,24,2026-02-24,0.01917037515827502,0.003496585285340257
rf,y_XLK,24,2026-02-25,-0.013985036548647689,0.0019095628938895354
rf,y_XLK,24,2026-02-26,-0.015956315776545327,0.005125354262603557
rf,y_XLK,24,2026-03-02,-0.014619416542107189,0.002546983396523899
rf,y_XLK,24,2026-03-03,0.0170181551846591,-0.0002780199613968017
rf,y_XLK,24,2026-03-04,0.0024313239902344908,0.003583334100287548
rf,y_XLK,24,2026-03-05,-0.02061634712974081,-0.003197610067427913
rf,y_XLP,0,2024-08-05,0.006949841429952475,0.0029715074331043033
rf,y_XLP,0,2024-08-06,0.001022338320619376,-0.002630346296268307
rf,y_XLP,0,2024-08-07,0.009065544685853855,0.0017925801618202193
rf,y_XLP,0,2024-08-08,0.0015182284354653408,-0.003133130415628927
rf,y_XLP,0,2024-08-12,0.004571485143404219,0.0009274424244003173
rf,y_XLP,0,2024-08-13,0.004550681769303511,0.00027911826499008214
rf,y_XLP,0,2024-08-14,0.010318302509164434,0.00045922953837844265
rf,y_XLP,0,2024-08-15,0.002740018609581396,-0.001162846804265343
rf,y_XLP,0,2024-08-19,0.004951748876561579,0.0025223939242435935
rf,y_XLP,0,2024-08-20,0.006774947159813083,-0.00015814528023037715
rf,y_XLP,0,2024-08-21,-0.001468170169801275,0.0015837928039794955
rf,y_XLP,0,2024-08-22,0.002818178961611517,-0.001244041125794181
rf,y_XLP,0,2024-08-26,0.0024266574758331494,-0.002104749760488378
rf,y_XLP,1,2024-08-26,0.0024266574758331494,-0.0005572254627613867
rf,y_XLP,0,2024-08-27,-0.004236466456222332,-0.001472686958521177
rf,y_XLP,1,2024-08-27,-0.004236466456222332,-0.0003369671256133189
rf,y_XLP,0,2024-08-28,-0.0049834677334915645,0.0022397593443990423
rf,y_XLP,1,2024-08-28,-0.0049834677334915645,0.0014370845717545998
rf,y_XLP,0,2024-08-29,0.007940395052887128,-0.0011175884650335857
rf,y_XLP,1,2024-08-29,0.007940395052887128,0.0008890384146919053
rf,y_XLP,0,2024-09-03,0.00469378732472947,-0.001742204055719728
rf,y_XLP,1,2024-09-03,0.00469378732472947,-0.0019115104948108392
rf,y_XLP,0,2024-09-04,-0.0038331418743716705,0.0018841598089808583
rf,y_XLP,1,2024-09-04,-0.0038331418743716705,0.0019868526723834075
rf,y_XLP,0,2024-09-05,-0.0020445711937714384,-0.0007803608743906436
rf,y_XLP,1,2024-09-05,-0.0020445711937714384,-0.00019869984423049786
rf,y_XLP,0,2024-09-09,-0.00023894592664119862,-0.004054082409089283
rf,y_XLP,1,2024-09-09,-0.00023894592664119862,-0.002319802004061945
rf,y_XLP,0,2024-09-10,-0.009329094645676772,-0.000492474570114368
rf,y_XLP,1,2024-09-10,-0.009329094645676772,-0.00042806701825418757
rf,y_XLP,0,2024-09-11,0.0061570018211445365,0.0003904066155094893
rf,y_XLP,1,2024-09-11,0.0061570018211445365,0.0014495717519888254
rf,y_XLP,0,2024-09-12,0.0070794826371436415,0.0004025467341160965
rf,y_XLP,1,2024-09-12,0.0070794826371436415,0.001094845313042182
rf,y_XLP,2,2024-09-12,0.0070794826371436415,0.00016580528443395267
rf,y_XLP,0,2024-09-16,-0.009494382329490736,0.0004972236110663312
rf,y_XLP,1,2024-09-16,-0.009494382329490736,0.001435230932287293
rf,y_XLP,2,2024-09-16,-0.009494382329490736,0.000231550859877618
rf,y_XLP,0,2024-09-17,-0.003834250999752431,-0.0012028922223135008
rf,y_XLP,1,2024-09-17,-0.003834250999752431,0.00034153614208128346
rf,y_XLP,2,2024-09-17,-0.003834250999752431,-0.001910705455674692
rf,y_XLP,0,2024-09-18,-0.005893595196201362,0.0003596699956874126
rf,y_XLP,1,2024-09-18,-0.005893595196201362,0.0005507884674447405
rf,y_XLP,2,2024-09-18,-0.005893595196201362,0.00017843066540143188
rf,y_XLP,0,2024-09-19,0.004839713023451431,4.169804003032925e-05
rf,y_XLP,1,2024-09-19,0.004839713023451431,0.00021669817708039237
rf,y_XLP,2,2024-09-19,0.004839713023451431,0.00035923994997682043
rf,y_XLP,0,2024-09-23,-0.0024071023490870314,-0.0011305166177178435
rf,y_XLP,1,2024-09-23,-0.0024071023490870314,-0.00046574526472256407
rf,y_XLP,2,2024-09-23,-0.0024071023490870314,-0.0008452909412210478
rf,y_XLP,0,2024-09-24,-0.002533336864824598,0.0026494027856060467
rf,y_XLP,1,2024-09-24,-0.002533336864824598,0.001064451531256952
rf,y_XLP,2,2024-09-24,-0.002533336864824598,0.000664580011470034
rf,y_XLP,0,2024-09-25,0.002298115430727554,-0.0018995927919308246
rf,y_XLP,1,2024-09-25,0.002298115430727554,-0.0016428580060366886
rf,y_XLP,2,2024-09-25,0.002298115430727554,-0.0020757754921169693
rf,y_XLP,0,2024-09-26,0.001809976225300547,-0.0033089113291581568
rf,y_XLP,1,2024-09-26,0.001809976225300547,-0.0028054074720707885
rf,y_XLP,2,2024-09-26,0.001809976225300547,-0.0014866908587677808
rf,y_XLP,0,2024-09-30,-0.003373274471106802,-0.0027029763891505457
rf,y_XLP,1,2024-09-30,-0.003373274471106802,-0.001941989496167093
rf,y_XLP,2,2024-09-30,-0.003373274471106802,-0.0020825941940904092
rf,y_XLP,0,2024-10-01,-0.008462350469181756,0.0014350710076480634
rf,y_XLP,1,2024-10-01,-0.008462350469181756,0.0006390876481651847
rf,y_XLP,2,2024-10-01,-0.008462350469181756,0.000570510779759209
rf,y_XLP,0,2024-10-02,-0.009997617918337975,0.001088905845787369
rf,y_XLP,1,2024-10-02,-0.009997617918337975,0.0011636888412239208
rf,y_XLP,2,2024-10-02,-0.009997617918337975,0.0006127003980398653
rf,y_XLP,0,2024-10-03,0.003325312875654962,-0.002286634837538286
rf,y_XLP,1,2024-10-03,0.003325312875654962,-0.0016779013050921268
rf,y_XLP,2,2024-10-03,0.003325312875654962,-0.002079348876271847
rf,y_XLP,1,2024-10-07,0.004959043587006828,-0.001413022756526559
rf,y_XLP,2,2024-10-07,0.004959043587006828,-0.0010360516501035607
rf,y_XLP,3,2024-10-07,0.004959043587006828,-0.0019672138266967018
rf,y_XLP,1,2024-10-08,0.006045119629535911,-0.004860676126373904
rf,y_XLP,2,2024-10-08,0.006045119629535911,-0.003530529687210122
rf,y_XLP,3,2024-10-08,0.006045119629535911,-0.00663196038856063
rf,y_XLP,1,2024-10-09,-0.004414623465650358,-0.002470775709877206
rf,y_XLP,2,2024-10-09,-0.004414623465650358,-0.0012992615787465994
rf,y_XLP,3,2024-10-09,-0.004414623465650358,-0.0020917965555474743
rf,y_XLP,1,2024-10-10,0.005542578258934672,4.886971737768179e-05
rf,y_XLP,2,2024-10-10,0.005542578258934672,0.0008130559466005539
rf,y_XLP,3,2024-10-10,0.005542578258934672,-0.00019419911069927612
rf,y_XLP,1,2024-10-14,0.006343824578789237,-0.0003591882766366942
rf,y_XLP,2,2024-10-14,0.006343824578789237,-0.001085010597953388
rf,y_XLP,3,2024-10-14,0.006343824578789237,-0.0012039398793525938
rf,y_XLP,1,2024-10-15,-0.0007273065656051569,-0.00029160454908817114
rf,y_XLP,2,2024-10-15,-0.0007273065656051569,-0.00016559620461305917
rf,y_XLP,3,2024-10-15,-0.0007273065656051569,0.000244362633168832
rf,y_XLP,1,2024-10-16,-0.004488784601187734,-0.0008912062449842134
rf,y_XLP,2,2024-10-16,-0.004488784601187734,-0.0011593987431724009
rf,y_XLP,3,2024-10-16,-0.004488784601187734,-0.0008630534490952255
rf,y_XLP,1,2024-10-17,0.0021935457421125015,0.0023146719735180426
rf,y_XLP,2,2024-10-17,0.0021935457421125015,0.002515508472299289
rf,y_XLP,3,2024-10-17,0.0021935457421125015,0.0019645067872318916
rf,y_XLP,1,2024-10-21,0.005640611863113154,-0.002616316907518316
rf,y_XLP,2,2024-10-21,0.005640611863113154,-0.0019146738298035334
rf,y_XLP,3,2024-10-21,0.005640611863113154,-0.0015233912795949054
rf,y_XLP,1,2024-10-22,-0.0019509641624446683,0.0012746653353555995
rf,y_XLP,2,2024-10-22,-0.0019509641624446683,0.00014656936962286483
rf,y_XLP,3,2024-10-22,-0.0019509641624446683,-9.42093013566625e-05
rf,y_XLP,1,2024-10-23,-0.0013439339026503072,0.00012492853614570846
rf,y_XLP,2,2024-10-23,-0.0013439339026503072,0.001021043891772148
rf,y_XLP,3,2024-10-23,-0.0013439339026503072,0.0003088166123748524
rf,y_XLP,1,2024-10-24,-0.008319179318327152,0.0006333289611839765
rf,y_XLP,2,2024-10-24,-0.008319179318327152,0.0006676395878011767
rf,y_XLP,3,2024-10-24,-0.008319179318327152,0.002288243721851843
rf,y_XLP,2,2024-10-28,-0.00985091663605886,-0.0009545680624702661
rf,y_XLP,3,2024-10-28,-0.00985091663605886,-0.00012539936917277487
rf,y_XLP,4,2024-10-28,-0.00985091663605886,0.0006424812421232153
rf,y_XLP,2,2024-10-29,-0.0016166753764753627,0.0006421513882929192
rf,y_XLP,3,2024-10-29,-0.0016166753764753627,-0.00075240662354125
rf,y_XLP,4,2024-10-29,-0.0016166753764753627,-0.001364786479314096
rf,y_XLP,2,2024-10-30,-0.0019932033163786445,3.324997698456918e-05
rf,y_XLP,3,2024-10-30,-0.0019932033163786445,0.00024457568091018714
rf,y_XLP,4,2024-10-30,-0.0019932033163786445,-0.0006556444330807681
rf,y_XLP,2,2024-10-31,0.0003745582676639714,0.0003489592464304673
rf,y_XLP,3,2024-10-31,0.0003745582676639714,-0.0013200443387536296
rf,y_XLP,4,2024-10-31,0.0003745582676639714,-0.0007484219069012995
rf,y_XLP,2,2024-11-04,0.006345619965763882,0.0002274619638397285
rf,y_XLP,3,2024-11-04,0.006345619965763882,-0.0007711490212671747
rf,y_XLP,4,2024-11-04,0.006345619965763882,-0.0003594481718012364
rf,y_XLP,2,2024-11-05,-0.01632042899882047,0.00033143599079593633
rf,y_XLP,3,2024-11-05,-0.01632042899882047,0.000864977113026072
rf,y_XLP,4,2024-11-05,-0.01632042899882047,0.0003042239462570965
rf,y_XLP,2,2024-11-06,0.0036450900075777337,-8.26391731919692e-05
rf,y_XLP,3,2024-11-06,0.0036450900075777337,0.001399395491172381
rf,y_XLP,4,2024-11-06,0.0036450900075777337,0.0006966271051013671
rf,y_XLP,2,2024-11-07,0.012147743429594682,0.0034499988658800904
rf,y_XLP,3,2024-11-07,0.012147743429594682,0.00439343252862279
rf,y_XLP,4,2024-11-07,0.012147743429594682,0.003579492284400283
rf,y_XLP,2,2024-11-11,0.0011173245709723556,0.004030856773979993
rf,y_XLP,3,2024-11-11,0.0011173245709723556,0.003382724635126221
rf,y_XLP,4,2024-11-11,0.0011173245709723556,0.003111167352390438
rf,y_XLP,2,2024-11-12,0.00297663122642966,0.000179748522915076
rf,y_XLP,3,2024-11-12,0.00297663122642966,-0.0011549527258188446
rf,y_XLP,4,2024-11-12,0.00297663122642966,-0.0014831941544781522
rf,y_XLP,2,2024-11-13,-0.0024731805995065193,0.0008536049354914393
rf,y_XLP,3,2024-11-13,-0.0024731805995065193,0.0019266312143628858
rf,y_XLP,4,2024-11-13,-0.0024731805995065193,0.0005453690772899487
rf,y_XLP,2,2024-11-14,-0.008801235916568784,0.0004032906863856887
rf,y_XLP,3,2024-11-14,-0.008801235916568784,-0.0007527339150673662
rf,y_XLP,4,2024-11-14,-0.008801235916568784,0.0003730160101626282
rf,y_XLP,3,2024-11-18,0.001366132679347265,-0.0025607381690092596
rf,y_XLP,4,2024-11-18,0.001366132679347265,-0.002448653230994563
rf,y_XLP,5,2024-11-18,0.001366132679347265,-0.0029475222805938014
rf,y_XLP,3,2024-11-19,-0.0050849844816738266,-0.0015715141968807383
rf,y_XLP,4,2024-11-19,-0.0050849844816738266,-0.0005714939675261414
rf,y_XLP,5,2024-11-19,-0.0050849844816738266,-0.001356310708630412
rf,y_XLP,3,2024-11-20,0.010845203267943804,0.003533263767035738
rf,y_XLP,4,2024-11-20,0.010845203267943804,0.002791361625312281
rf,y_XLP,5,2024-11-20,0.010845203267943804,0.003287641450923326
rf,y_XLP,3,2024-11-21,0.00924892521624221,0.0008534166235314426
rf,y_XLP,4,2024-11-21,0.00924892521624221,0.0006585175024102672
rf,y_XLP,5,2024-11-21,0.00924892521624221,1.986388861834424e-05
rf,y_XLP,3,2024-11-25,0.004131740457640198,0.0005866678321281534
rf,y_XLP,4,2024-11-25,0.004131740457640198,-0.0005217296314084778
rf,y_XLP,5,2024-11-25,0.004131740457640198,1.8077318829561503e-05
rf,y_XLP,3,2024-11-26,0.002057417498055214,-0.0015340699371403671
rf,y_XLP,4,2024-11-26,0.002057417498055214,0.0004316204688641143
rf,y_XLP,5,2024-11-26,0.002057417498055214,0.0007523824709480968
rf,y_XLP,3,2024-12-02,-0.0051734110746397555,0.001337083703866392
rf,y_XLP,4,2024-12-02,-0.0051734110746397555,4.436740112767253e-05
rf,y_XLP,5,2024-12-02,-0.0051734110746397555,0.000582974942650071
rf,y_XLP,3,2024-12-03,-0.0027813769702216273,-0.001909051983395916
rf,y_XLP,4,2024-12-03,-0.0027813769702216273,0.00045154117726832477
rf,y_XLP,5,2024-12-03,-0.0027813769702216273,6.1019756538382985e-05
rf,y_XLP,3,2024-12-04,0.0040019767104435555,0.0011365990180537558
rf,y_XLP,4,2024-12-04,0.0040019767104435555,0.001566407952264932
rf,y_XLP,5,2024-12-04,0.0040019767104435555,0.0005827928575967737
rf,y_XLP,3,2024-12-05,-0.0049524118039444565,-0.001101523395144848
rf,y_XLP,4,2024-12-05,-0.0049524118039444565,-0.00024244158245433263
rf,y_XLP,5,2024-12-05,-0.0049524118039444565,-0.0014219239045194713
rf,y_XLP,4,2024-12-09,0.004741623114894233,0.0010819768935346503
rf,y_XLP,5,2024-12-09,0.004741623114894233,0.0013211947693293055
rf,y_XLP,6,2024-12-09,0.004741623114894233,0.0011367370095144555
rf,y_XLP,4,2024-12-10,-0.007623383050868848,-0.0005315935465967749
rf,y_XLP,5,2024-12-10,-0.007623383050868848,-0.0002503005170680935
rf,y_XLP,6,2024-12-10,-0.007623383050868848,-0.0002579462405185769
rf,y_XLP,4,2024-12-11,0.0029264462436668914,0.0003577881948893552
rf,y_XLP,5,2024-12-11,0.0029264462436668914,-5.938611681975033e-05
rf,y_XLP,6,2024-12-11,0.0029264462436668914,0.001050028474027078
rf,y_XLP,4,2024-12-12,-0.00255324076363328,0.0021454941236416242
rf,y_XLP,5,2024-12-12,-0.00255324076363328,0.0005150202994562258
rf,y_XLP,6,2024-12-12,-0.00255324076363328,0.0005496268320355879
rf,y_XLP,4,2024-12-16,-0.0017154124295840623,0.0007885256970716523
rf,y_XLP,5,2024-12-16,-0.0017154124295840623,0.0007273082327985523
rf,y_XLP,6,2024-12-16,-0.0017154124295840623,-0.0009314040428698064
rf,y_XLP,4,2024-12-17,-0.015220384266308118,0.001523474509531291
rf,y_XLP,5,2024-12-17,-0.015220384266308118,0.0014503512915623083
rf,y_XLP,6,2024-12-17,-0.015220384266308118,0.0020285574766242217
rf,y_XLP,4,2024-12-18,-0.007104585059434676,-0.0019062112542255843
rf,y_XLP,5,2024-12-18,-0.007104585059434676,-0.0002204087516483581
rf,y_XLP,6,2024-12-18,-0.007104585059434676,-0.0007256487965665016
rf,y_XLP,4,2024-12-19,0.0035150064384614765,-0.0004103992554994634
rf,y_XLP,5,2024-12-19,0.0035150064384614765,0.0007872355852363483
rf,y_XLP,6,2024-12-19,0.0035150064384614765,0.0011336905963950723
rf,y_XLP,4,2024-12-23,0.006589030266675566,-0.0002770962114332661
rf,y_XLP,5,2024-12-23,0.006589030266675566,-0.0005298114069649788
rf,y_XLP,6,2024-12-23,0.006589030266675566,-0.001025169259442051
rf,y_XLP,4,2024-12-26,-0.0048939734168105264,-0.001493814331453494
rf,y_XLP,5,2024-12-26,-0.0048939734168105264,-0.0005772121420093738
rf,y_XLP,6,2024-12-26,-0.0048939734168105264,-0.0004593132819589415
rf,y_XLP,5,2024-12-30,0.0030624099158835794,-0.00028006818928059306
rf,y_XLP,6,2024-12-30,0.0030624099158835794,-0.0008939574025197238
rf,y_XLP,7,2024-12-30,0.0030624099158835794,-0.0007321486352009826
rf,y_XLP,5,2025-01-02,-0.0005104516577078,0.004120517089579295
rf,y_XLP,6,2025-01-02,-0.0005104516577078,0.004403917526926915
rf,y_XLP,7,2025-01-02,-0.0005104516577078,0.005984791719348541
rf,y_XLP,5,2025-01-06,-0.003483575724138821,-0.0005997443623965343
rf,y_XLP,6,2025-01-06,-0.003483575724138821,-0.0018760320846142855
rf,y_XLP,7,2025-01-06,-0.003483575724138821,-0.004020383083460127
rf,y_XLP,5,2025-01-07,0.001812515182934904,-0.00043102845005746717
rf,y_XLP,6,2025-01-07,0.001812515182934904,-0.0010289992661681633
rf,y_XLP,7,2025-01-07,0.001812515182934904,-0.0017726713228838158
rf,y_XLP,5,2025-01-13,0.0002616697749988628,-0.0002336523561975251
rf,y_XLP,6,2025-01-13,0.0002616697749988628,-0.001974574887022786
rf,y_XLP,7,2025-01-13,0.0002616697749988628,-0.0019979814331446493
rf,y_XLP,5,2025-01-14,-0.003399177692672284,0.0010427519397524833
rf,y_XLP,6,2025-01-14,-0.003399177692672284,0.0008124619054975265
rf,y_XLP,7,2025-01-14,-0.003399177692672284,-0.0003278411612259946
rf,y_XLP,5,2025-01-15,0.007477417120709706,-0.003225540966327318
rf,y_XLP,6,2025-01-15,0.007477417120709706,-0.0029183124380818743
rf,y_XLP,7,2025-01-15,0.007477417120709706,-0.00249427624401119
rf,y_XLP,5,2025-01-16,0.005729038726350444,-0.0010671571742391361
rf,y_XLP,6,2025-01-16,0.005729038726350444,-0.0015555098495970902
rf,y_XLP,7,2025-01-16,0.005729038726350444,-0.0016311828915783302
rf,y_XLP,6,2025-01-21,-0.0048970042361450306,0.00038515107283928297
rf,y_XLP,7,2025-01-21,-0.0048970042361450306,-0.0005925946571967257
rf,y_XLP,8,2025-01-21,-0.0048970042361450306,-1.0830825396100179e-05
rf,y_XLP,6,2025-01-22,0.003625968977888583,0.0024789621980532916
rf,y_XLP,7,2025-01-22,0.003625968977888583,0.0016766607540195646
rf,y_XLP,8,2025-01-22,0.003625968977888583,0.0028090736647571678
rf,y_XLP,6,2025-01-23,0.005161414552830701,0.0007172532964171853
rf,y_XLP,7,2025-01-23,0.005161414552830701,-0.00026545330571353296
rf,y_XLP,8,2025-01-23,0.005161414552830701,0.0014283349025927122
rf,y_XLP,6,2025-01-27,-0.015622981102210609,-0.0034318904541281985
rf,y_XLP,7,2025-01-27,-0.015622981102210609,-0.002058215554274825
rf,y_XLP,8,2025-01-27,-0.015622981102210609,-0.002414428406995675
rf,y_XLP,6,2025-01-28,0.0024122408085067715,-0.002734480744074346
rf,y_XLP,7,2025-01-28,0.0024122408085067715,-0.0030461276382283105
rf,y_XLP,8,2025-01-28,0.0024122408085067715,-0.0028986600714412817
rf,y_XLP,6,2025-01-29,0.009879789393177019,0.0016828440329030663
rf,y_XLP,7,2025-01-29,0.009879789393177019,0.0005657932504623903
rf,y_XLP,8,2025-01-29,0.009879789393177019,0.0014860368248326686
rf,y_XLP,6,2025-01-30,-0.009406825672373609,-0.00020279057920128592
rf,y_XLP,7,2025-01-30,-0.009406825672373609,-0.00014567899585346729
rf,y_XLP,8,2025-01-30,-0.009406825672373609,-0.00045318769606591907
rf,y_XLP,6,2025-02-03,-0.008449969396131074,-0.0012904328124928755
rf,y_XLP,7,2025-02-03,-0.008449969396131074,-0.0010329451536524323
rf,y_XLP,8,2025-02-03,-0.008449969396131074,0.0003594533439513686
rf,y_XLP,6,2025-02-04,0.006232451074855261,-0.0002136595445884006
rf,y_XLP,7,2025-02-04,0.006232451074855261,0.0008113791024130845
rf,y_XLP,8,2025-02-04,0.006232451074855261,0.0006393205336809389
rf,y_XLP,6,2025-02-05,0.004550695593022125,-0.0011684514627115256
rf,y_XLP,7,2025-02-05,0.004550695593022125,-0.002155379868426622
rf,y_XLP,8,2025-02-05,0.004550695593022125,-0.00029916009024702115
rf,y_XLP,6,2025-02-06,-0.001510059733706326,0.0005640987147274235
rf,y_XLP,7,2025-02-06,-0.001510059733706326,0.0004048613145995398
rf,y_XLP,8,2025-02-06,-0.001510059733706326,-0.0003094248871598232
rf,y_XLP,7,2025-02-10,0.009644196199671606,0.0011222271020317309
rf,y_XLP,8,2025-02-10,0.009644196199671606,-0.00029228884676142837
rf,y_XLP,9,2025-02-10,0.009644196199671606,0.0005116789484690058
rf,y_XLP,7,2025-02-11,-0.0007442063429249357,-0.0046681016985552735
rf,y_XLP,8,2025-02-11,-0.0007442063429249357,-0.0047228915547930985
rf,y_XLP,9,2025-02-11,-0.0007442063429249357,-0.0035580501840638645
rf,y_XLP,7,2025-02-12,0.010800780140132638,-0.00019601236616772396
rf,y_XLP,8,2025-02-12,0.010800780140132638,-0.0011284975732862505
rf,y_XLP,9,2025-02-12,0.010800780140132638,-0.0008415770180984235
rf,y_XLP,7,2025-02-13,-0.009948567254026153,-5.351845883858249e-05
rf,y_XLP,8,2025-02-13,-0.009948567254026153,-0.0014072408321902559
rf,y_XLP,9,2025-02-13,-0.009948567254026153,-0.002234458833902437
rf,y_XLP,7,2025-02-18,0.008034659131533672,0.0008421865564679165
rf,y_XLP,8,2025-02-18,0.008034659131533672,0.0003583656440590314
rf,y_XLP,9,2025-02-18,0.008034659131533672,0.0018158432720306974
rf,y_XLP,7,2025-02-19,-0.0039238944962831646,-0.0006926237305972286
rf,y_XLP,8,2025-02-19,-0.0039238944962831646,-0.0004875382336437704
rf,y_XLP,9,2025-02-19,-0.0039238944962831646,-0.0009918218817764556
rf,y_XLP,7,2025-02-20,0.011695129443229257,0.00010310985013631813
rf,y_XLP,8,2025-02-20,0.011695129443229257,0.0005518455945820094
rf,y_XLP,9,2025-02-20,0.011695129443229257,0.0005425256545919928
rf,y_XLP,7,2025-02-24,0.014193888727298543,0.0006270716415045017
rf,y_XLP,8,2025-02-24,0.014193888727298543,0.0002309240718935457
rf,y_XLP,9,2025-02-24,0.014193888727298543,0.0005361322787397121
rf,y_XLP,7,2025-02-25,-0.01913874656065273,-0.00047316683390278744
rf,y_XLP,8,2025-02-25,-0.01913874656065273,0.0005215905588124033
rf,y_XLP,9,2025-02-25,-0.01913874656065273,-0.00014529228721976058
rf,y_XLP,7,2025-02-26,-0.00012196370356354347,-0.0037213047291114725
rf,y_XLP,8,2025-02-26,-0.00012196370356354347,-0.00288513547314367
rf,y_XLP,9,2025-02-26,-0.00012196370356354347,-0.0028748775061503305
rf,y_XLP,7,2025-02-27,0.013294326954025548,-0.002385454962812512
rf,y_XLP,8,2025-02-27,0.013294326954025548,-0.0025722345673179392
rf,y_XLP,9,2025-02-27,0.013294326954025548,-0.003166679854582503
rf,y_XLP,8,2025-03-03,-0.017002061080543696,-0.0007789867689297874
rf,y_XLP,9,2025-03-03,-0.017002061080543696,-0.0017770538315250383
rf,y_XLP,10,2025-03-03,-0.017002061080543696,0.0004475620138523327
rf,y_XLP,8,2025-03-04,0.0041415247860454585,0.000792903500270543
rf,y_XLP,9,2025-03-04,0.0041415247860454585,-0.0002890269009646747
rf,y_XLP,10,2025-03-04,0.0041415247860454585,-0.0010168738222865173
rf,y_XLP,8,2025-03-05,0.0018193109359829762,0.00015869890723320493
rf,y_XLP,9,2025-03-05,0.0018193109359829762,-0.00022622143338434282
rf,y_XLP,10,2025-03-05,0.0018193109359829762,-0.0005319275320737032
rf,y_XLP,8,2025-03-06,0.003269306178258047,0.0010006856377239276
rf,y_XLP,9,2025-03-06,0.003269306178258047,0.0005281265723781311
rf,y_XLP,10,2025-03-06,0.003269306178258047,0.0006486775241206203
rf,y_XLP,8,2025-03-10,-0.014634624486924541,-0.0031649352968722085
rf,y_XLP,9,2025-03-10,-0.014634624486924541,-0.002691483346546064
rf,y_XLP,10,2025-03-10,-0.014634624486924541,-0.0015939672544635713
rf,y_XLP,8,2025-03-11,-0.021725896021245084,-0.0011811103752840668
rf,y_XLP,9,2025-03-11,-0.021725896021245084,-0.0005831470601985679
rf,y_XLP,10,2025-03-11,-0.021725896021245084,0.00030209694949295075
rf,y_XLP,8,2025-03-12,-0.004642393042635473,-0.0003204883965013339
rf,y_XLP,9,2025-03-12,-0.004642393042635473,-4.723576230478144e-05
rf,y_XLP,10,2025-03-12,-0.004642393042635473,0.00014185797296179434
rf,y_XLP,8,2025-03-13,0.002269037771288396,0.0017262115255215964
rf,y_XLP,9,2025-03-13,0.002269037771288396,0.0007959630597956319
rf,y_XLP,10,2025-03-13,0.002269037771288396,0.0009215113615842707
rf,y_XLP,8,2025-03-17,-0.011404296183692986,-0.0017675141947428594
rf,y_XLP,9,2025-03-17,-0.011404296183692986,-0.0016437707879246107
rf,y_XLP,10,2025-03-17,-0.011404296183692986,-4.747368817754986e-05
rf,y_XLP,8,2025-03-18,0.0,0.00038635096405528573
rf,y_XLP,9,2025-03-18,0.0,0.0004713993523621988
rf,y_XLP,10,2025-03-18,0.0,0.0027365038912419647
rf,y_XLP,8,2025-03-19,-0.0048903893333689386,0.0023665733099599664
rf,y_XLP,9,2025-03-19,-0.0048903893333689386,0.00210793112682932
rf,y_XLP,10,2025-03-19,-0.0048903893333689386,0.0030546646168360253
rf,y_XLP,8,2025-03-20,-0.00037806290954967015,-0.003050284257765661
rf,y_XLP,9,2025-03-20,-0.00037806290954967015,-0.003379755381099655
rf,y_XLP,10,2025-03-20,-0.00037806290954967015,-0.002983232120943524
rf,y_XLP,9,2025-03-24,-0.00906808912434176,-0.00044096807872066326
rf,y_XLP,10,2025-03-24,-0.00906808912434176,-0.0007508872050645839
rf,y_XLP,11,2025-03-24,-0.00906808912434176,-0.00043351784074834124
rf,y_XLP,9,2025-03-25,0.015505889286993257,-0.0017467768152573254
rf,y_XLP,10,2025-03-25,0.015505889286993257,-0.0031367652767464423
rf,y_XLP,11,2025-03-25,0.015505889286993257,-0.003776110613329997
rf,y_XLP,9,2025-03-26,0.011389127548802502,-0.0021978854680445256
rf,y_XLP,10,2025-03-26,0.011389127548802502,-0.0017532323914769333
rf,y_XLP,11,2025-03-26,0.011389127548802502,-0.0031159879075526326
rf,y_XLP,9,2025-03-27,-0.004949776230635083,0.0009684714419449255
rf,y_XLP,10,2025-03-27,-0.004949776230635083,0.0003313686825367377
rf,y_XLP,11,2025-03-27,-0.004949776230635083,0.0005688377375383608
rf,y_XLP,9,2025-03-31,0.0014693724809597963,-0.0032956919205974463
rf,y_XLP,10,2025-03-31,0.0014693724809597963,-0.004192456038307156
rf,y_XLP,11,2025-03-31,0.0014693724809597963,-0.0031026797228756583
rf,y_XLP,9,2025-04-01,-0.00293443318654818,-0.016082242548122454
rf,y_XLP,10,2025-04-01,-0.00293443318654818,-0.016579258078151738
rf,y_XLP,11,2025-04-01,-0.00293443318654818,-0.01654964158809277
rf,y_XLP,9,2025-04-02,0.005763383489671092,0.0003662229404729008
rf,y_XLP,10,2025-04-02,0.005763383489671092,-6.436998924466883e-05
rf,y_XLP,11,2025-04-02,0.005763383489671092,0.0011937567931150758
rf,y_XLP,9,2025-04-03,-0.04340400558473145,-0.0014218598568782196
rf,y_XLP,10,2025-04-03,-0.04340400558473145,-0.0012385267885541848
rf,y_XLP,11,2025-04-03,-0.04340400558473145,-0.003471920756747712
rf,y_XLP,9,2025-04-07,-0.015473955485887037,-0.0006144004145712932
rf,y_XLP,10,2025-04-07,-0.015473955485887037,1.985853471282347e-05
rf,y_XLP,11,2025-04-07,-0.015473955485887037,0.0001210591872746793
rf,y_XLP,9,2025-04-08,0.03876874809427511,0.0014009592258733819
rf,y_XLP,10,2025-04-08,0.03876874809427511,0.0009009496855966627
rf,y_XLP,11,2025-04-08,0.03876874809427511,0.0016374667985337274
rf,y_XLP,9,2025-04-09,0.0005043981731565061,0.0006704055688290365
rf,y_XLP,10,2025-04-09,0.0005043981731565061,0.001162170528347061
rf,y_XLP,11,2025-04-09,0.0005043981731565061,0.0005201063219696952
rf,y_XLP,9,2025-04-10,0.012602418043458075,2.6595455124222196e-05
rf,y_XLP,10,2025-04-10,0.012602418043458075,-0.000187788889462423
rf,y_XLP,11,2025-04-10,0.012602418043458075,-0.0004025982521930584
rf,y_XLP,10,2025-04-14,-0.008443530846431013,-0.0031195831295769572
rf,y_XLP,11,2025-04-14,-0.008443530846431013,-0.003920390069910924
rf,y_XLP,12,2025-04-14,-0.008443530846431013,-0.0025423028488672
rf,y_XLP,10,2025-04-15,-0.010736801957292541,0.0003357251835963008
rf,y_XLP,11,2025-04-15,-0.010736801957292541,-0.00123515716675514
rf,y_XLP,12,2025-04-15,-0.010736801957292541,-0.0009911157437410398
rf,y_XLP,10,2025-04-16,0.02133240117752755,0.00021932916752788839
rf,y_XLP,11,2025-04-16,0.02133240117752755,-0.001407511476975637
rf,y_XLP,12,2025-04-16,0.02133240117752755,-0.0023237708993032557
rf,y_XLP,10,2025-04-21,0.01418175689298562,0.00018381514698850577
rf,y_XLP,11,2025-04-21,0.01418175689298562,3.631411619502423e-05
rf,y_XLP,12,2025-04-21,0.01418175689298562,0.0006589837920479069
rf,y_XLP,10,2025-04-22,-0.005714933616499773,-0.0016682537813797426
rf,y_XLP,11,2025-04-22,-0.005714933616499773,-0.0014174161702555448
rf,y_XLP,12,2025-04-22,-0.005714933616499773,-0.0023788773955232666
rf,y_XLP,10,2025-04-23,-0.008805071983856716,0.0010745627269837447
rf,y_XLP,11,2025-04-23,-0.008805071983856716,-0.0004841377308767649
rf,y_XLP,12,2025-04-23,-0.008805071983856716,-0.00026526776933782453
rf,y_XLP,10,2025-04-24,-0.0025910718068185012,-0.0027699466522667342
rf,y_XLP,11,2025-04-24,-0.0025910718068185012,-0.003385325529036712
rf,y_XLP,12,2025-04-24,-0.0025910718068185012,-0.003948431253186062
rf,y_XLP,10,2025-04-28,0.008315745979584177,-0.0013198355394376934
rf,y_XLP,11,2025-04-28,0.008315745979584177,-6.311137880582463e-05
rf,y_XLP,12,2025-04-28,0.008315745979584177,0.0007125249428755365
rf,y_XLP,10,2025-04-29,0.007262525976323042,-0.0007438936235313989
rf,y_XLP,11,2025-04-29,0.007262525976323042,0.0004969741006325727
rf,y_XLP,12,2025-04-29,0.007262525976323042,-0.0011277161031128997
rf,y_XLP,10,2025-04-30,-0.00867647089648349,-0.0016118831696232923
rf,y_XLP,11,2025-04-30,-0.00867647089648349,-0.0007845888130256644
rf,y_XLP,12,2025-04-30,-0.00867647089648349,-0.0005305083236824381
rf,y_XLP,10,2025-05-01,0.0054240035922310526,0.004625810960344271
rf,y_XLP,11,2025-05-01,0.0054240035922310526,0.003540355216635881
rf,y_XLP,12,2025-05-01,0.0054240035922310526,0.0046202254386017985
rf,y_XLP,11,2025-05-05,-0.0017180225318602638,0.0028354386116813215
rf,y_XLP,12,2025-05-05,-0.0017180225318602638,0.0022950739630989685
rf,y_XLP,13,2025-05-05,-0.0017180225318602638,0.0030029239569327893
rf,y_XLP,11,2025-05-06,0.0015980178981072068,-0.002357161954131374
rf,y_XLP,12,2025-05-06,0.0015980178981072068,-0.001932511664633496
rf,y_XLP,13,2025-05-06,0.0015980178981072068,-0.0026322260663535703
rf,y_XLP,11,2025-05-07,-0.0012273642813742658,0.0012977350558579838
rf,y_XLP,12,2025-05-07,-0.0012273642813742658,0.0026336743705437037
rf,y_XLP,13,2025-05-07,-0.0012273642813742658,0.0032276626341654698
rf,y_XLP,11,2025-05-08,-0.0057752315740250415,0.0024579311005771772
rf,y_XLP,12,2025-05-08,-0.0057752315740250415,0.0011770405272360515
rf,y_XLP,13,2025-05-08,-0.0057752315740250415,0.001987471509095463
rf,y_XLP,11,2025-05-12,-0.013451767955992455,0.0011568982633055078
rf,y_XLP,12,2025-05-12,-0.013451767955992455,0.0006974710385261466
rf,y_XLP,13,2025-05-12,-0.013451767955992455,0.001353126239656635
rf,y_XLP,11,2025-05-13,-0.0053791325858555394,0.0004282045732234369
rf,y_XLP,12,2025-05-13,-0.0053791325858555394,0.0006069743508556787
rf,y_XLP,13,2025-05-13,-0.0053791325858555394,8.399928783328255e-05
rf,y_XLP,11,2025-05-14,0.02050063481965192,-0.002231090420632603
rf,y_XLP,12,2025-05-14,0.02050063481965192,-0.0015007626920596855
rf,y_XLP,13,2025-05-14,0.02050063481965192,-0.0015599158612101085
rf,y_XLP,11,2025-05-15,0.011461731308038292,0.0002042984601454902
rf,y_XLP,12,2025-05-15,0.011461731308038292,0.0006348382075830383
rf,y_XLP,13,2025-05-15,0.011461731308038292,0.0014962187633108129
rf,y_XLP,11,2025-05-19,0.0035233417006819145,0.0006660671173086052
rf,y_XLP,12,2025-05-19,0.0035233417006819145,-0.0003295452957790768
rf,y_XLP,13,2025-05-19,0.0035233417006819145,-0.0007093897535237555
rf,y_XLP,11,2025-05-20,-0.011622252443342362,0.0009090539173494311
rf,y_XLP,12,2025-05-20,-0.011622252443342362,-0.00014696194654357787
rf,y_XLP,13,2025-05-20,-0.011622252443342362,0.0006067774401677394
rf,y_XLP,11,2025-05-21,-0.004164592758236441,0.00047230568486417157
rf,y_XLP,12,2025-05-21,-0.004164592758236441,0.0017188096482724615
rf,y_XLP,13,2025-05-21,-0.004164592758236441,0.0019519280166885266
rf,y_XLP,11,2025-05-22,0.003689957280387013,0.0023268419947830355
rf,y_XLP,12,2025-05-22,0.003689957280387013,0.0010436602896765782
rf,y_XLP,13,2025-05-22,0.003689957280387013,0.0009800719830443728
rf,y_XLP,12,2025-05-27,-0.006800960690379054,-0.002932879365104126
rf,y_XLP,13,2025-05-27,-0.006800960690379054,-0.002378787817951325
rf,y_XLP,14,2025-05-27,-0.006800960690379054,-0.0011068810076020424
rf,y_XLP,12,2025-05-28,0.004035148482805617,0.0026427354548428194
rf,y_XLP,13,2025-05-28,0.004035148482805617,0.0007290232571480288
rf,y_XLP,14,2025-05-28,0.004035148482805617,0.00033506996659629916
rf,y_XLP,12,2025-05-29,0.00876880224428156,-0.0008408785051377478
rf,y_XLP,13,2025-05-29,0.00876880224428156,-0.00032038402112924413
rf,y_XLP,14,2025-05-29,0.00876880224428156,-3.335401706900202e-05
rf,y_XLP,12,2025-06-02,-0.0009652489676322817,-0.0005217916273211795
rf,y_XLP,13,2025-06-02,-0.0009652489676322817,-0.0017709776720617196
rf,y_XLP,14,2025-06-02,-0.0009652489676322817,-0.00016352555865463598
rf,y_XLP,12,2025-06-03,-0.007004792866998066,0.0006768356674545718
rf,y_XLP,13,2025-06-03,-0.007004792866998066,0.001500853326312478
rf,y_XLP,14,2025-06-03,-0.007004792866998066,0.0010323608006705472
rf,y_XLP,12,2025-06-04,-0.00960840678698982,0.002440798321912239
rf,y_XLP,13,2025-06-04,-0.00960840678698982,0.002773583622625513
rf,y_XLP,14,2025-06-04,-0.00960840678698982,0.0026256321151927986
rf,y_XLP,12,2025-06-05,0.0031928958928086892,0.00025314393502694394
rf,y_XLP,13,2025-06-05,0.0031928958928086892,-0.0004680150748590998
rf,y_XLP,14,2025-06-05,0.0031928958928086892,-0.0004278611545956638
rf,y_XLP,12,2025-06-09,0.0022062989903071095,0.00010041962892182825
rf,y_XLP,13,2025-06-09,0.0022062989903071095,-0.00015215254790854616
rf,y_XLP,14,2025-06-09,0.0022062989903071095,0.00011633400509291348
rf,y_XLP,12,2025-06-10,-0.0034246029971307657,0.0004027788995941852
rf,y_XLP,13,2025-06-10,-0.0034246029971307657,0.0008198369267870089
rf,y_XLP,14,2025-06-10,-0.0034246029971307657,0.0015988642192812403
rf,y_XLP,12,2025-06-11,0.005890908395010941,0.0012653124510069087
rf,y_XLP,13,2025-06-11,0.005890908395010941,0.00030817541100601844
rf,y_XLP,14,2025-06-11,0.005890908395010941,0.0009922365110284223
rf,y_XLP,12,2025-06-12,-0.012201002338663391,-0.0012291484413231367
rf,y_XLP,13,2025-06-12,-0.012201002338663391,0.00036177874502903347
rf,y_XLP,14,2025-06-12,-0.012201002338663391,0.00028332117674213694
rf,y_XLP,13,2025-07-02,-0.0004865274007881393,-0.0005867520515266308
rf,y_XLP,14,2025-07-02,-0.0004865274007881393,-0.0003293865783753042
rf,y_XLP,15,2025-07-02,-0.0004865274007881393,0.0003650451618490332
rf,y_XLP,13,2025-07-07,-0.009255838959643214,-0.002617400720753621
rf,y_XLP,14,2025-07-07,-0.009255838959643214,-0.0016896919438707822
rf,y_XLP,15,2025-07-07,-0.009255838959643214,-0.0016273351548723467
rf,y_XLP,13,2025-07-08,-0.006515097013988447,0.0013612754822744598
rf,y_XLP,14,2025-07-08,-0.006515097013988447,0.0019842809204223266
rf,y_XLP,15,2025-07-08,-0.006515097013988447,0.0005353944575713847
rf,y_XLP,13,2025-07-09,0.0035881861096929146,-0.00038492762719269196
rf,y_XLP,14,2025-07-09,0.0035881861096929146,-0.0012126508206790315
rf,y_XLP,15,2025-07-09,0.0035881861096929146,-0.0001297938217687903
rf,y_XLP,13,2025-07-10,-0.003698701201497956,0.0008362777994920264
rf,y_XLP,14,2025-07-10,-0.003698701201497956,-0.0002789021159791155
rf,y_XLP,15,2025-07-10,-0.003698701201497956,0.00015652476466218682
rf,y_XLP,13,2025-07-14,-0.010014786901552886,0.00039768091232260475
rf,y_XLP,14,2025-07-14,-0.010014786901552886,0.0017993760454240893
rf,y_XLP,15,2025-07-14,-0.010014786901552886,0.0013754850154165795
rf,y_XLP,13,2025-07-15,0.003496946457842709,0.00367157066241962
rf,y_XLP,14,2025-07-15,0.003496946457842709,0.0028979010518659643
rf,y_XLP,15,2025-07-15,0.003496946457842709,0.002498620960920058
rf,y_XLP,13,2025-07-16,0.00945858040342662,-0.001582493695984343
rf,y_XLP,14,2025-07-16,0.00945858040342662,-0.00033923617055556704
rf,y_XLP,15,2025-07-16,0.00945858040342662,-0.0002586108219730367
rf,y_XLP,13,2025-07-17,-0.0027123299650454458,0.004123717275087227
rf,y_XLP,14,2025-07-17,-0.0027123299650454458,0.004338322437999081
rf,y_XLP,15,2025-07-17,-0.0027123299650454458,0.0035125471650127127
rf,y_XLP,13,2025-07-21,0.00914940131957187,0.0013405696211747622
rf,y_XLP,14,2025-07-21,0.00914940131957187,0.0012284175272328408
rf,y_XLP,15,2025-07-21,0.00914940131957187,0.0014626428173756276
rf,y_XLP,13,2025-07-22,0.0003676253989211009,0.0014159183239778226
rf,y_XLP,14,2025-07-22,0.0003676253989211009,0.0011137807288357949
rf,y_XLP,15,2025-07-22,0.0003676253989211009,0.0010058402682143021
rf,y_XLP,13,2025-07-23,-0.0035518056055026115,-0.00021950755932278372
rf,y_XLP,14,2025-07-23,-0.0035518056055026115,-6.227568588976218e-05
rf,y_XLP,15,2025-07-23,-0.0035518056055026115,-0.00036671133470814004
rf,y_XLP,14,2025-07-24,0.0017207503842184835,0.0018586958507482876
rf,y_XLP,15,2025-07-24,0.0017207503842184835,0.0006671991977865934
rf,y_XLP,16,2025-07-24,0.0017207503842184835,-0.0010672313346858605
rf,y_XLP,14,2025-07-28,0.006570830298126662,0.0006372293030431214
rf,y_XLP,15,2025-07-28,0.006570830298126662,0.00014276008254761514
rf,y_XLP,16,2025-07-28,0.006570830298126662,0.0006596343512876218
rf,y_XLP,14,2025-07-29,-0.00886802116147789,0.00039817688260471905
rf,y_XLP,15,2025-07-29,-0.00886802116147789,-4.596868914351811e-06
rf,y_XLP,16,2025-07-29,-0.00886802116147789,-0.00031993067036441465
rf,y_XLP,14,2025-07-30,-0.008574679939815866,-0.0025067904564839475
rf,y_XLP,15,2025-07-30,-0.008574679939815866,-0.002034815000519307
rf,y_XLP,16,2025-07-30,-0.008574679939815866,-0.0010506553704286502
rf,y_XLP,14,2025-07-31,0.004763079177237728,0.0008127142251408102
rf,y_XLP,15,2025-07-31,0.004763079177237728,0.0009691712985946389
rf,y_XLP,16,2025-07-31,0.004763079177237728,0.001093290497119953
rf,y_XLP,14,2025-08-04,-0.0009931324759511195,-0.0005890511250802431
rf,y_XLP,15,2025-08-04,-0.0009931324759511195,0.00029913513023874884
rf,y_XLP,16,2025-08-04,-0.0009931324759511195,-0.0003291418867578916
rf,y_XLP,14,2025-08-05,0.014290940779291272,0.0008578915297479043
rf,y_XLP,15,2025-08-05,0.014290940779291272,-0.0006249766343249299
rf,y_XLP,16,2025-08-05,0.014290940779291272,-0.0008380803974585636
rf,y_XLP,14,2025-08-06,0.007596136887950022,-0.0006514227551361264
rf,y_XLP,15,2025-08-06,0.007596136887950022,-0.00028569579494219235
rf,y_XLP,16,2025-08-06,0.007596136887950022,-0.0009309170650217441
rf,y_XLP,14,2025-08-07,0.0029183605696392334,0.0006909719052386622
rf,y_XLP,15,2025-08-07,0.0029183605696392334,0.0006077236494175307
rf,y_XLP,16,2025-08-07,0.0029183605696392334,0.000603977774872395
rf,y_XLP,14,2025-08-11,0.0026694494338062036,0.0009662736221500508
rf,y_XLP,15,2025-08-11,0.0026694494338062036,-0.0005418433533731642
rf,y_XLP,16,2025-08-11,0.0026694494338062036,-0.00015551085063984134
rf,y_XLP,14,2025-08-12,0.0,-0.00034555031486153503
rf,y_XLP,15,2025-08-12,0.0,-0.0023542936960991726
rf,y_XLP,16,2025-08-12,0.0,-0.0013841222648616194
rf,y_XLP,15,2025-08-13,-0.008955535226417233,-0.00021815458031650413
rf,y_XLP,16,2025-08-13,-0.008955535226417233,-0.001334196827979033
rf,y_XLP,17,2025-08-13,-0.008955535226417233,4.258370981863972e-05
rf,y_XLP,15,2025-08-14,0.0015875388835446813,0.001719439002229429
rf,y_XLP,16,2025-08-14,0.0015875388835446813,0.0024398314857333784
rf,y_XLP,17,2025-08-14,0.0015875388835446813,0.0011757373790805075
rf,y_XLP,15,2025-08-18,0.010255081431183255,-0.0026679294893690005
rf,y_XLP,16,2025-08-18,0.010255081431183255,-0.0021209802947180336
rf,y_XLP,17,2025-08-18,0.010255081431183255,-0.0027675229062385964
rf,y_XLP,15,2025-08-19,0.005679755266244868,0.00022606171667594415
rf,y_XLP,16,2025-08-19,0.005679755266244868,0.0021901767863835675
rf,y_XLP,17,2025-08-19,0.005679755266244868,0.00014437036263296085
rf,y_XLP,15,2025-08-20,-0.009012259788528154,0.0010831566056953494
rf,y_XLP,16,2025-08-20,-0.009012259788528154,-5.5118480187511346e-05
rf,y_XLP,17,2025-08-20,-0.009012259788528154,0.0010663144611363056
rf,y_XLP,15,2025-08-21,0.0,0.0007847670454797192
rf,y_XLP,16,2025-08-21,0.0,-1.6276615359337812e-06
rf,y_XLP,17,2025-08-21,0.0,0.0007170081627108101
rf,y_XLP,15,2025-08-25,-0.0065384058024315905,-0.0006545724518877555
rf,y_XLP,16,2025-08-25,-0.0065384058024315905,-0.0008597085598987965
rf,y_XLP,17,2025-08-25,-0.0065384058024315905,-0.0007275599061166704
rf,y_XLP,15,2025-08-26,0.0029803300142166034,-0.0013178062598850218
rf,y_XLP,16,2025-08-26,0.0029803300142166034,-0.0005033979265886567
rf,y_XLP,17,2025-08-26,0.0029803300142166034,-5.015030948741783e-05
rf,y_XLP,15,2025-08-27,-0.006314154647032555,-0.0025447958461849744
rf,y_XLP,16,2025-08-27,-0.006314154647032555,-0.0010311817584548928
rf,y_XLP,17,2025-08-27,-0.006314154647032555,-0.0005457515122220397
rf,y_XLP,15,2025-08-28,0.0064788304627076965,-0.001017303929263505
rf,y_XLP,16,2025-08-28,0.0064788304627076965,-0.00048481319610230443
rf,y_XLP,17,2025-08-28,0.0064788304627076965,0.0002730782533975138
rf,y_XLP,15,2025-09-02,-0.0007439978270539216,0.0008783952301791714
rf,y_XLP,16,2025-09-02,-0.0007439978270539216,0.00043324097637677066
rf,y_XLP,17,2025-09-02,-0.0007439978270539216,0.0010332191314250635
rf,y_XLP,16,2025-09-03,0.0006204117681649635,-0.000931888816085676
rf,y_XLP,17,2025-09-03,0.0006204117681649635,-0.0004258452948295364
rf,y_XLP,18,2025-09-03,0.0006204117681649635,-0.0012752616775080984
rf,y_XLP,16,2025-09-04,0.0028522014610823376,-0.0004960847465551819
rf,y_XLP,17,2025-09-04,0.0028522014610823376,-0.0016949714558288512
rf,y_XLP,18,2025-09-04,0.0028522014610823376,-0.0012069780927905615
rf,y_XLP,16,2025-09-08,0.0019858681688389446,-0.003372219014712561
rf,y_XLP,17,2025-09-08,0.0019858681688389446,-0.004190489125556827
rf,y_XLP,18,2025-09-08,0.0019858681688389446,-0.004035213876790175
rf,y_XLP,16,2025-09-09,-0.0097856409229361,-0.0023998702627266943
rf,y_XLP,17,2025-09-09,-0.0097856409229361,-0.0018395065575557007
rf,y_XLP,18,2025-09-09,-0.0097856409229361,-0.003003299895372244
rf,y_XLP,16,2025-09-10,0.008131029473843698,0.00040005618348150823
rf,y_XLP,17,2025-09-10,0.008131029473843698,0.00020890094285832273
rf,y_XLP,18,2025-09-10,0.008131029473843698,-0.0015796050255338914
rf,y_XLP,16,2025-09-11,-0.0033503388484035224,0.002064794373033373
rf,y_XLP,17,2025-09-11,-0.0033503388484035224,0.0030916171854772595
rf,y_XLP,18,2025-09-11,-0.0033503388484035224,0.0021605498557559083
rf,y_XLP,16,2025-09-15,0.004533971137881343,-0.0004440436298442957
rf,y_XLP,17,2025-09-15,0.004533971137881343,-0.0009091332414509804
rf,y_XLP,18,2025-09-15,0.004533971137881343,-0.000758217412679336
rf,y_XLP,16,2025-09-16,0.006018009369718635,-0.00033774760667682293
rf,y_XLP,17,2025-09-16,0.006018009369718635,0.00021148417245062668
rf,y_XLP,18,2025-09-16,0.006018009369718635,-0.00019768685500744232
rf,y_XLP,16,2025-09-17,-0.008723747887073308,0.002297137615308048
rf,y_XLP,17,2025-09-17,-0.008723747887073308,0.0007042426032669552
rf,y_XLP,18,2025-09-17,-0.008723747887073308,0.002067907436373211
rf,y_XLP,16,2025-09-18,-0.0020116812637844816,0.002195798361046734
rf,y_XLP,17,2025-09-18,-0.0020116812637844816,-0.00012354108353678598
rf,y_XLP,18,2025-09-18,-0.0020116812637844816,0.0010525700385059604
rf,y_XLP,16,2025-09-22,0.005002542160704504,-0.0009229157172585896
rf,y_XLP,17,2025-09-22,0.005002542160704504,-0.00036634412057309773
rf,y_XLP,18,2025-09-22,0.005002542160704504,-0.001497787559860242
rf,y_XLP,17,2025-09-23,0.002169761214367405,4.0891786147191174e-05
rf,y_XLP,18,2025-09-23,0.002169761214367405,-0.0004524158443404092
rf,y_XLP,19,2025-09-23,0.002169761214367405,-0.0012410154644966773
rf,y_XLP,17,2025-09-24,-0.00955174516560553,0.0007045945971950462
rf,y_XLP,18,2025-09-24,-0.00955174516560553,-9.680677344922247e-05
rf,y_XLP,19,2025-09-24,-0.00955174516560553,0.00031569837588514007
rf,y_XLP,17,2025-09-25,0.002443153612319282,0.002437923042546794
rf,y_XLP,18,2025-09-25,0.002443153612319282,0.002239493734742708
rf,y_XLP,19,2025-09-25,0.002443153612319282,0.002075400338522727
rf,y_XLP,17,2025-09-29,0.0033285905815862993,-0.0009998364968391191
rf,y_XLP,18,2025-09-29,0.0033285905815862993,0.0006862091847825574
rf,y_XLP,19,2025-09-29,0.0033285905815862993,0.00037489325450602666
rf,y_XLP,17,2025-09-30,-0.0015311532725347243,0.0015369454951165947
rf,y_XLP,18,2025-09-30,-0.0015311532725347243,0.0009646208508583785
rf,y_XLP,19,2025-09-30,-0.0015311532725347243,0.001296007386973517
rf,y_XLP,17,2025-10-01,-0.0039616678730839405,0.0017016698703727498
rf,y_XLP,18,2025-10-01,-0.0039616678730839405,0.0007505178529290658
rf,y_XLP,19,2025-10-01,-0.0039616678730839405,0.0019177093626480846
rf,y_XLP,17,2025-10-02,0.0011546758451326244,-0.002792414422203335
rf,y_XLP,18,2025-10-02,0.0011546758451326244,-0.0017611174396029651
rf,y_XLP,19,2025-10-02,0.0011546758451326244,-0.0010802105134206734
rf,y_XLP,17,2025-10-06,0.00929514521002317,0.0012385204381273227
rf,y_XLP,18,2025-10-06,0.00929514521002317,0.002245461102871694
rf,y_XLP,19,2025-10-06,0.00929514521002317,0.001604535372395612
rf,y_XLP,17,2025-10-07,-0.004988562958031295,0.0019199394635996967
rf,y_XLP,18,2025-10-07,-0.004988562958031295,0.001322839510753974
rf,y_XLP,19,2025-10-07,-0.004988562958031295,0.0009821622699308105
rf,y_XLP,17,2025-10-08,0.003213859576640221,-0.00038243005777396276
rf,y_XLP,18,2025-10-08,0.003213859576640221,-0.0012254955405730978
rf,y_XLP,19,2025-10-08,0.003213859576640221,-0.00011891665687090158
rf,y_XLP,17,2025-10-09,0.0007687646422267491,-0.0001750298644896296
rf,y_XLP,18,2025-10-09,0.0007687646422267491,-0.0008070360618568899
rf,y_XLP,19,2025-10-09,0.0007687646422267491,0.0001610832246321266
rf,y_XLP,18,2025-10-13,0.016058581376052983,0.0003393736059026348
rf,y_XLP,19,2025-10-13,0.016058581376052983,-0.0011522049306212404
rf,y_XLP,20,2025-10-13,0.016058581376052983,-0.002083290239784083
rf,y_XLP,18,2025-10-14,0.0017702293801096225,0.0013315628438779416
rf,y_XLP,19,2025-10-14,0.0017702293801096225,0.001576011714839524
rf,y_XLP,20,2025-10-14,0.0017702293801096225,0.0010746957470985816
rf,y_XLP,18,2025-10-15,-0.006941829707354241,-0.0006575701875040085
rf,y_XLP,19,2025-10-15,-0.006941829707354241,-0.0026157514602109357
rf,y_XLP,20,2025-10-15,-0.006941829707354241,-0.0012974964068693797
rf,y_XLP,18,2025-10-16,0.013345268690692302,-0.0006085834389136827
rf,y_XLP,19,2025-10-16,0.013345268690692302,-0.0008874319089383002
rf,y_XLP,20,2025-10-16,0.013345268690692302,0.000371744852314565
rf,y_XLP,18,2025-10-20,-0.004644772552793497,0.00013527642534308845
rf,y_XLP,19,2025-10-20,-0.004644772552793497,0.0008061871155158125
rf,y_XLP,20,2025-10-20,-0.004644772552793497,0.0002701838840234218
rf,y_XLP,18,2025-10-21,0.0056752749882760245,-0.001868660732470449
rf,y_XLP,19,2025-10-21,0.0056752749882760245,-0.0011450810073146468
rf,y_XLP,20,2025-10-21,0.0056752749882760245,-0.0024350163175631528
rf,y_XLP,18,2025-10-22,-0.004890872804419022,-0.0007755279371390395
rf,y_XLP,19,2025-10-22,-0.004890872804419022,-0.00012100523652844123
rf,y_XLP,20,2025-10-22,-0.004890872804419022,0.00012670349312694044
rf,y_XLP,18,2025-10-23,-0.00327667195268444,0.001742190750090251
rf,y_XLP,19,2025-10-23,-0.00327667195268444,0.0012608277395772388
rf,y_XLP,20,2025-10-23,-0.00327667195268444,0.001219055883527926
rf,y_XLP,18,2025-10-27,-0.009972251893357154,-0.0003920949999283422
rf,y_XLP,19,2025-10-27,-0.009972251893357154,-0.0006452563349595292
rf,y_XLP,20,2025-10-27,-0.009972251893357154,0.0012684440464362466
rf,y_XLP,18,2025-10-28,-0.023587882519984005,-0.0011541101155624336
rf,y_XLP,19,2025-10-28,-0.023587882519984005,-0.0007051095584331766
rf,y_XLP,20,2025-10-28,-0.023587882519984005,-0.0008121459967836291
rf,y_XLP,18,2025-10-29,-0.0010447289193076248,0.0019100762299946747
rf,y_XLP,19,2025-10-29,-0.0010447289193076248,0.0025094000218012316
rf,y_XLP,20,2025-10-29,-0.0010447289193076248,0.0010310699160327444
rf,y_XLP,18,2025-10-30,-0.0028757829838415017,-0.0001895917545998919
rf,y_XLP,19,2025-10-30,-0.0028757829838415017,-0.0015864080656427628
rf,y_XLP,20,2025-10-30,-0.0028757829838415017,-0.00037342927566967425
rf,y_XLP,19,2025-11-03,0.004096099610378712,-0.001777583656865835
rf,y_XLP,20,2025-11-03,0.004096099610378712,-0.0022129412057325234
rf,y_XLP,21,2025-11-03,0.004096099610378712,-0.001291315676908524
rf,y_XLP,19,2025-11-04,-0.0006579367504280231,-0.0010896900967506766
rf,y_XLP,20,2025-11-04,-0.0006579367504280231,-0.0005184371136192662
rf,y_XLP,21,2025-11-04,-0.0006579367504280231,-0.0005881883845557536
rf,y_XLP,19,2025-11-05,-0.004477239500817687,8.649480142674711e-05
rf,y_XLP,20,2025-11-05,-0.004477239500817687,-0.0002495609525915478
rf,y_XLP,21,2025-11-05,-0.004477239500817687,-0.0001877205873477561
rf,y_XLP,19,2025-11-06,0.01468254186241591,0.0020682187646246567
rf,y_XLP,20,2025-11-06,0.01468254186241591,0.00292229125520626
rf,y_XLP,21,2025-11-06,0.01468254186241591,0.002212811033382331
rf,y_XLP,19,2025-11-10,0.013083886641533704,-0.00023651516412668733
rf,y_XLP,20,2025-11-10,0.013083886641533704,0.0005622971143836614
rf,y_XLP,21,2025-11-10,0.013083886641533704,-0.0014476254525333345
rf,y_XLP,19,2025-11-11,-0.0014206211659343326,0.0019418284987244127
rf,y_XLP,20,2025-11-11,-0.0014206211659343326,0.0008124021737102805
rf,y_XLP,21,2025-11-11,-0.0014206211659343326,0.0010747267492400162
rf,y_XLP,19,2025-11-12,0.0,-0.0001857539157474978
rf,y_XLP,20,2025-11-12,0.0,0.00047119168205395724
rf,y_XLP,21,2025-11-12,0.0,0.0001388148635771062
rf,y_XLP,19,2025-11-13,-0.0007760228243410827,0.0025472487527976985
rf,y_XLP,20,2025-11-13,-0.0007760228243410827,0.0030204376006446793
rf,y_XLP,21,2025-11-13,-0.0007760228243410827,0.0013193372099203052
rf,y_XLP,19,2025-11-17,0.004298603800262368,-0.0007221490905843435
rf,y_XLP,20,2025-11-17,0.004298603800262368,-0.0012741602402654355
rf,y_XLP,21,2025-11-17,0.004298603800262368,-0.0008273908156501744
rf,y_XLP,19,2025-11-18,-0.007652300133832446,-0.00013118973141760525
rf,y_XLP,20,2025-11-18,-0.007652300133832446,-0.0013486861523766944
rf,y_XLP,21,2025-11-18,-0.007652300133832446,-0.001403433575840433
rf,y_XLP,19,2025-11-19,0.0071885172696801725,-0.0026193169072850206
rf,y_XLP,20,2025-11-19,0.0071885172696801725,-0.0020368264854840417
rf,y_XLP,21,2025-11-19,0.0071885172696801725,-0.0023875536729329795
rf,y_XLP,19,2025-11-20,0.010900676844956436,-0.0016797020898979933
rf,y_XLP,20,2025-11-20,0.010900676844956436,-0.0012972142262883096
rf,y_XLP,21,2025-11-20,0.010900676844956436,-0.0011334262826091393
rf,y_XLP,20,2025-11-24,0.01376617910575062,-0.0005209303531804821
rf,y_XLP,21,2025-11-24,0.01376617910575062,-0.00018150732201325698
rf,y_XLP,22,2025-11-24,0.01376617910575062,-0.00048757872434374293
rf,y_XLP,20,2025-11-25,0.010889109993459156,0.0007844054129979202
rf,y_XLP,21,2025-11-25,0.010889109993459156,0.001099214900953907
rf,y_XLP,22,2025-11-25,0.010889109993459156,0.0017021481504498827
rf,y_XLP,20,2025-12-01,-0.00655830246115785,0.0013938262771838053
rf,y_XLP,21,2025-12-01,-0.00655830246115785,0.0004316371207884834
rf,y_XLP,22,2025-12-01,-0.00655830246115785,0.00027884953844599104
rf,y_XLP,20,2025-12-02,0.0007618354698994967,0.00011347788439229437
rf,y_XLP,21,2025-12-02,0.0007618354698994967,-0.00037729388933845364
rf,y_XLP,22,2025-12-02,0.0007618354698994967,-0.000560041493757089
rf,y_XLP,20,2025-12-03,-0.004820602034775634,0.0002647801230936627
rf,y_XLP,21,2025-12-03,-0.004820602034775634,-0.0004498500704774422
rf,y_XLP,22,2025-12-03,-0.004820602034775634,-0.0004930868344067178
rf,y_XLP,20,2025-12-04,0.00012753951666355512,0.0009585317409415179
rf,y_XLP,21,2025-12-04,0.00012753951666355512,3.592684879275554e-05
rf,y_XLP,22,2025-12-04,0.00012753951666355512,0.0019076189641020979
rf,y_XLP,20,2025-12-08,0.00231330890447512,0.0015554495706732341
rf,y_XLP,21,2025-12-08,0.00231330890447512,0.0018891202167205144
rf,y_XLP,22,2025-12-08,0.00231330890447512,0.0025028207373579774
rf,y_XLP,20,2025-12-09,0.0029491328571187303,0.0007860272833242448
rf,y_XLP,21,2025-12-09,0.0029491328571187303,-0.00028675617215281337
rf,y_XLP,22,2025-12-09,0.0029491328571187303,-0.0005685915979879876
rf,y_XLP,20,2025-12-10,0.0074150115614677325,0.0009956845145453826
rf,y_XLP,21,2025-12-10,0.0074150115614677325,0.00038848224721485617
rf,y_XLP,22,2025-12-10,0.0074150115614677325,0.00045946885393275126
rf,y_XLP,20,2025-12-11,0.007867935564070061,-0.005329340376484118
rf,y_XLP,21,2025-12-11,0.007867935564070061,-0.004812498064510404
rf,y_XLP,22,2025-12-11,0.007867935564070061,-0.004207553832501098
rf,y_XLP,21,2025-12-15,-0.0045204019701616804,-0.0008133365653674461
rf,y_XLP,22,2025-12-15,-0.0045204019701616804,-0.0017058917990698309
rf,y_XLP,23,2025-12-15,-0.0045204019701616804,-0.0018023541263080072
rf,y_XLP,21,2025-12-16,0.004667036063963126,-0.0008792529231914925
rf,y_XLP,22,2025-12-16,0.004667036063963126,-3.978073741117694e-06
rf,y_XLP,23,2025-12-16,0.004667036063963126,0.0006342351500657567
rf,y_XLP,21,2025-12-17,-0.005775242244343004,0.002022598902878453
rf,y_XLP,22,2025-12-17,-0.005775242244343004,0.0009901005410279764
rf,y_XLP,23,2025-12-17,-0.005775242244343004,0.0031139172473145737
rf,y_XLP,21,2025-12-18,-0.005177439370098957,0.0006308716937502753
rf,y_XLP,22,2025-12-18,-0.005177439370098957,0.00027663614741229583
rf,y_XLP,23,2025-12-18,-0.005177439370098957,0.0007229139592046647
rf,y_XLP,21,2025-12-23,0.007869959921810166,-0.0006965731381265994
rf,y_XLP,22,2025-12-23,0.007869959921810166,-0.00034512028614204585
rf,y_XLP,23,2025-12-23,0.007869959921810166,-0.0007183196212550008
rf,y_XLP,21,2025-12-29,-0.001660670100219086,0.0003423360508575668
rf,y_XLP,22,2025-12-29,-0.001660670100219086,0.0005459576794509637
rf,y_XLP,23,2025-12-29,-0.001660670100219086,0.000809851759873792
rf,y_XLP,21,2025-12-30,-0.006014090998417765,-0.0004256142620601376
rf,y_XLP,22,2025-12-30,-0.006014090998417765,-0.0023432990487444265
rf,y_XLP,23,2025-12-30,-0.006014090998417765,-0.0017418316882221914
rf,y_XLP,22,2026-01-05,0.0015514253257831179,-0.003730345923874406
rf,y_XLP,23,2026-01-05,0.0015514253257831179,-0.0012005596496629171
rf,y_XLP,24,2026-01-05,0.0015514253257831179,-0.003013296740168796
rf,y_XLP,22,2026-01-06,-0.01097196928782207,-0.0006862289814587326
rf,y_XLP,23,2026-01-06,-0.01097196928782207,-0.002273414429304234
rf,y_XLP,24,2026-01-06,-0.01097196928782207,-0.0011278958644287962
rf,y_XLP,22,2026-01-07,0.023753584306748232,0.0010040594395576141
rf,y_XLP,23,2026-01-07,0.023753584306748232,1.2037160958389138e-05
rf,y_XLP,24,2026-01-07,0.023753584306748232,0.000731913379792068
rf,y_XLP,22,2026-01-08,0.010326332654041037,0.0006199919200571927
rf,y_XLP,23,2026-01-08,0.010326332654041037,0.0007206570459952229
rf,y_XLP,24,2026-01-08,0.010326332654041037,0.00014488092023095164
rf,y_XLP,22,2026-01-12,0.01159890623143034,-0.002167543708497814
rf,y_XLP,23,2026-01-12,0.01159890623143034,-0.0005110811346918496
rf,y_XLP,24,2026-01-12,0.01159890623143034,-0.0016987392297242285
rf,y_XLP,22,2026-01-13,0.013808442092886564,-0.00022189227481850168
rf,y_XLP,23,2026-01-13,0.013808442092886564,-0.00010207485218687399
rf,y_XLP,24,2026-01-13,0.013808442092886564,0.00011139942994428479
rf,y_XLP,22,2026-01-14,0.0017025341594691934,0.0009685727010249408
rf,y_XLP,23,2026-01-14,0.0017025341594691934,0.0009425061641245791
rf,y_XLP,24,2026-01-14,0.0017025341594691934,0.0011758852928270113
rf,y_XLP,22,2026-01-15,-0.0031565148423071676,-0.0007407692716256723
rf,y_XLP,23,2026-01-15,-0.0031565148423071676,-0.0010134782011679713
rf,y_XLP,24,2026-01-15,-0.0031565148423071676,-0.001590405916694516
rf,y_XLP,22,2026-01-21,-0.002062176046885411,4.263682983938107e-05
rf,y_XLP,23,2026-01-21,-0.002062176046885411,-0.0007472402105169233
rf,y_XLP,24,2026-01-21,-0.002062176046885411,-0.001907082106349776
rf,y_XLP,22,2026-01-22,0.007779349035586858,-0.00044317170259808487
rf,y_XLP,23,2026-01-22,0.007779349035586858,-0.0010680322435062098
rf,y_XLP,24,2026-01-22,0.007779349035586858,-5.018843539270531e-05
rf,y_XLP,23,2026-01-26,0.004590539845568786,0.0022686978440986326
rf,y_XLP,24,2026-01-26,0.004590539845568786,0.0023846940088604026
rf,y_XLP,23,2026-01-27,-0.010101057362842503,0.0011027273946507498
rf,y_XLP,24,2026-01-27,-0.010101057362842503,0.0015881448981231764
rf,y_XLP,23,2026-01-28,-0.002308095749643191,0.0011611685819420384
rf,y_XLP,24,2026-01-28,-0.002308095749643191,0.00028573565668406077
rf,y_XLP,23,2026-01-29,0.01680268999101986,-0.0014168320582598416
rf,y_XLP,24,2026-01-29,0.01680268999101986,-0.001175802852471496
rf,y_XLP,23,2026-02-02,0.016213050255408756,-0.0020634408324475976
rf,y_XLP,24,2026-02-02,0.016213050255408756,-0.001567131023221314
rf,y_XLP,23,2026-02-03,0.013042914654292082,-0.0009858751910564762
rf,y_XLP,24,2026-02-03,0.013042914654292082,-0.0022882401823696523
rf,y_XLP,23,2026-02-04,-0.0008046867058651985,-0.0004174781987230212
rf,y_XLP,24,2026-02-04,-0.0008046867058651985,0.00042491260735099307
rf,y_XLP,23,2026-02-05,0.011734978071195723,-0.0025861477562970415
rf,y_XLP,24,2026-02-05,0.011734978071195723,-0.002324337768422685
rf,y_XLP,23,2026-02-09,-0.003202548076398637,0.0012693086506303315
rf,y_XLP,24,2026-02-09,-0.003202548076398637,0.00013941808888178937
rf,y_XLP,23,2026-02-10,0.014343086381115144,0.00020949646888058783
rf,y_XLP,24,2026-02-10,0.014343086381115144,0.00031260657373786044
rf,y_XLP,23,2026-02-11,0.00916286815172307,-0.0007264540315008431
rf,y_XLP,24,2026-02-11,0.00916286815172307,0.0008728320565894565
rf,y_XLP,23,2026-02-12,0.0033628859414485124,-0.0019489043351931653
rf,y_XLP,24,2026-02-12,0.0033628859414485124,-0.001069907260548885
rf,y_XLP,24,2026-02-17,-0.0018140140391244008,-0.004766733126894482
rf,y_XLP,24,2026-02-18,-0.004202666319109261,-0.0034443606613858164
rf,y_XLP,24,2026-02-19,0.002509424264834248,0.00047474195151392395
rf,y_XLP,24,2026-02-23,0.008654564825241629,-0.00032801788723503994
rf,y_XLP,24,2026-02-24,-0.008134563683043994,0.0009545419225027237
rf,y_XLP,24,2026-02-25,-0.0016852210120086308,0.0029670712603519934
rf,y_XLP,24,2026-02-26,0.01294172313729347,-0.0019374201515696928
rf,y_XLP,24,2026-03-02,-0.010934519566159095,-0.0007019361951931008
rf,y_XLP,24,2026-03-03,-0.006610374011641662,-0.0019568571773781363
rf,y_XLP,24,2026-03-04,-0.020078016595595494,-0.001157029262676094
rf,y_XLP,24,2026-03-05,0.00433198807309787,-0.0021279435154562517
rf,y_XLRE,0,2024-08-05,0.022140248382447325,0.0035540748621990794
rf,y_XLRE,0,2024-08-06,-0.007220257436450606,0.0030942840007742094
rf,y_XLRE,0,2024-08-07,0.008484718305697081,0.0005551580278923486
rf,y_XLRE,0,2024-08-08,0.005048289773204262,-0.004786379732191609
rf,y_XLRE,0,2024-08-12,0.006977686787768667,0.004194369696395373
rf,y_XLRE,0,2024-08-13,0.003584298188425983,-0.0009089479233805579
rf,y_XLRE,0,2024-08-14,-0.0028570444947670914,0.0006875952011572086
rf,y_XLRE,0,2024-08-15,-0.0004776023670663987,-0.0008074105758554226
rf,y_XLRE,0,2024-08-19,0.0009498921630606283,0.0018437949738372326
rf,y_XLRE,0,2024-08-20,0.003321515179611101,0.001983803246394682
rf,y_XLRE,0,2024-08-21,0.0061478765075746455,-0.001747991874406238
rf,y_XLRE,0,2024-08-22,0.019271569213063833,-0.004286925811384345
rf,y_XLRE,0,2024-08-26,0.002538138101291443,0.0005945975356930477
rf,y_XLRE,1,2024-08-26,0.002538138101291443,0.0009769370183611477
rf,y_XLRE,0,2024-08-27,-0.003452217258775314,-0.0010419242795869884
rf,y_XLRE,1,2024-08-27,-0.003452217258775314,-0.0007739074371075942
rf,y_XLRE,0,2024-08-28,-0.003926208758320171,0.0019868089547733143
rf,y_XLRE,1,2024-08-28,-0.003926208758320171,0.0025503828078723913
rf,y_XLRE,0,2024-08-29,0.009738038658253512,0.00029176605152268775
rf,y_XLRE,1,2024-08-29,0.009738038658253512,0.0006905976124176233
rf,y_XLRE,0,2024-09-03,0.0022909945914382224,-0.0015295767888721186
rf,y_XLRE,1,2024-09-03,0.0022909945914382224,0.0011528433908410435
rf,y_XLRE,0,2024-09-04,-0.002742854435924591,0.001661469270631171
rf,y_XLRE,1,2024-09-04,-0.002742854435924591,0.0012224732545350401
rf,y_XLRE,0,2024-09-05,0.0,-0.001925973681234534
rf,y_XLRE,1,2024-09-05,0.0,-0.0009263954544013316
rf,y_XLRE,0,2024-09-09,0.01766688882302425,-0.002128728301800638
rf,y_XLRE,1,2024-09-09,0.01766688882302425,-0.000877452462294015
rf,y_XLRE,0,2024-09-10,-0.0026707294364962664,-0.0015066191685583366
rf,y_XLRE,1,2024-09-10,-0.0026707294364962664,0.00018091773596722686
rf,y_XLRE,0,2024-09-11,0.0017853139774630655,-0.0006729075972131394
rf,y_XLRE,1,2024-09-11,0.0017853139774630655,-0.0016371348400398102
rf,y_XLRE,0,2024-09-12,0.007128439773492756,-0.0019326665263590134
rf,y_XLRE,1,2024-09-12,0.007128439773492756,-0.0012031115897174751
rf,y_XLRE,2,2024-09-12,0.007128439773492756,-0.0025938209195110694
rf,y_XLRE,0,2024-09-16,-0.007936500206268793,-0.00589068833625237
rf,y_XLRE,1,2024-09-16,-0.007936500206268793,-0.0045382610293675995
rf,y_XLRE,2,2024-09-16,-0.007936500206268793,-0.003903596927710416
rf,y_XLRE,0,2024-09-17,-0.0028889976210040302,-0.0066836579274256016
rf,y_XLRE,1,2024-09-17,-0.0028889976210040302,-0.006782927422435058
rf,y_XLRE,2,2024-09-17,-0.0028889976210040302,-0.0064571030185773025
rf,y_XLRE,0,2024-09-18,-0.0024514126012239457,-0.00035466381193703195
rf,y_XLRE,1,2024-09-18,-0.0024514126012239457,0.0002865669115456132
rf,y_XLRE,2,2024-09-18,-0.0024514126012239457,-0.0006627074260906122
rf,y_XLRE,0,2024-09-19,-0.0017873083341080065,6.465651391577102e-05
rf,y_XLRE,1,2024-09-19,-0.0017873083341080065,0.000861506168045013
rf,y_XLRE,2,2024-09-19,-0.0017873083341080065,0.0006449826256113789
rf,y_XLRE,0,2024-09-23,0.0,-0.0006688915477122868
rf,y_XLRE,1,2024-09-23,0.0,-0.002269260226630586
rf,y_XLRE,2,2024-09-23,0.0,-0.002260994721882925
rf,y_XLRE,0,2024-09-24,-0.004235409721677796,0.0013153561832877933
rf,y_XLRE,1,2024-09-24,-0.004235409721677796,0.0006599764649503913
rf,y_XLRE,2,2024-09-24,-0.004235409721677796,0.002452525125845086
rf,y_XLRE,0,2024-09-25,-0.009849923404068428,-0.0011921912442181067
rf,y_XLRE,1,2024-09-25,-0.009849923404068428,-0.0018030941268120512
rf,y_XLRE,2,2024-09-25,-0.009849923404068428,-0.0018310815561371522
rf,y_XLRE,0,2024-09-26,0.0013565249227525111,-0.003022110212660049
rf,y_XLRE,1,2024-09-26,0.0013565249227525111,-0.001073991485131933
rf,y_XLRE,2,2024-09-26,0.0013565249227525111,0.0009016165625101223
rf,y_XLRE,0,2024-09-30,-0.006044279296883559,-0.0014446235931058066
rf,y_XLRE,1,2024-09-30,-0.006044279296883559,-1.20342011068623e-05
rf,y_XLRE,2,2024-09-30,-0.006044279296883559,0.0002154897826410725
rf,y_XLRE,0,2024-10-01,-0.0036034896555304785,0.0017416526355000953
rf,y_XLRE,1,2024-10-01,-0.0036034896555304785,0.001328252426744935
rf,y_XLRE,2,2024-10-01,-0.0036034896555304785,0.0027460877712610363
rf,y_XLRE,0,2024-10-02,-0.009719909342633115,-0.00015674474814644142
rf,y_XLRE,1,2024-10-02,-0.009719909342633115,0.00046359348422667275
rf,y_XLRE,2,2024-10-02,-0.009719909342633115,0.0009313016133144984
rf,y_XLRE,0,2024-10-03,-0.006619409706482893,-0.0009325857125667026
rf,y_XLRE,1,2024-10-03,-0.006619409706482893,0.0005258315622769544
rf,y_XLRE,2,2024-10-03,-0.006619409706482893,-0.00037830514212466117
rf,y_XLRE,1,2024-10-07,0.003009198584486672,-0.005019888696044702
rf,y_XLRE,2,2024-10-07,0.003009198584486672,-0.0026857673254012207
rf,y_XLRE,3,2024-10-07,0.003009198584486672,-0.003889559541151958
rf,y_XLRE,1,2024-10-08,0.00046144431610684045,-0.0041747904336987334
rf,y_XLRE,2,2024-10-08,0.00046144431610684045,-0.004599320706793132
rf,y_XLRE,3,2024-10-08,0.00046144431610684045,-0.0024781905762061443
rf,y_XLRE,1,2024-10-09,-0.00830437487216762,-0.0008746022098692546
rf,y_XLRE,2,2024-10-09,-0.00830437487216762,0.000832969431681201
rf,y_XLRE,3,2024-10-09,-0.00830437487216762,-0.0026884295554959257
rf,y_XLRE,1,2024-10-10,0.010234939631047935,0.0012994456200089044
rf,y_XLRE,2,2024-10-10,0.010234939631047935,0.0003370126179519354
rf,y_XLRE,3,2024-10-10,0.010234939631047935,0.0013268930026845178
rf,y_XLRE,1,2024-10-14,0.012577249386013456,-0.001621285949025871
rf,y_XLRE,2,2024-10-14,0.012577249386013456,-0.0024581861716744544
rf,y_XLRE,3,2024-10-14,0.012577249386013456,-0.0014022939102938494
rf,y_XLRE,1,2024-10-15,0.0099369477296678,0.0008867949908277448
rf,y_XLRE,2,2024-10-15,0.0099369477296678,0.0002156494164084153
rf,y_XLRE,3,2024-10-15,0.0099369477296678,0.0008921345283328534
rf,y_XLRE,1,2024-10-16,-0.006484978575605815,-0.0005669888187211961
rf,y_XLRE,2,2024-10-16,-0.006484978575605815,-0.00011313262223180132
rf,y_XLRE,3,2024-10-16,-0.006484978575605815,0.00019706955911283076
rf,y_XLRE,1,2024-10-17,0.006977417674102204,0.00018168007501015993
rf,y_XLRE,2,2024-10-17,0.006977417674102204,0.0023108156261607673
rf,y_XLRE,3,2024-10-17,0.006977417674102204,0.0008776860477111061
rf,y_XLRE,1,2024-10-21,0.0015974049769313936,0.00031891061139657415
rf,y_XLRE,2,2024-10-21,0.0015974049769313936,-0.003615557512079054
rf,y_XLRE,3,2024-10-21,0.0015974049769313936,-0.002230982480406459
rf,y_XLRE,1,2024-10-22,0.009797331344744586,0.0013260188438392255
rf,y_XLRE,2,2024-10-22,0.009797331344744586,0.0013996580172052741
rf,y_XLRE,3,2024-10-22,0.009797331344744586,0.002340069463122586
rf,y_XLRE,1,2024-10-23,0.002256223716312178,-0.0005417346937110684
rf,y_XLRE,2,2024-10-23,0.002256223716312178,0.0018467775002924043
rf,y_XLRE,3,2024-10-23,0.002256223716312178,0.0014971253816560236
rf,y_XLRE,1,2024-10-24,-0.007879230683376925,0.002616002961647182
rf,y_XLRE,2,2024-10-24,-0.007879230683376925,0.0016736791054533498
rf,y_XLRE,3,2024-10-24,-0.007879230683376925,0.0015913961725094498
rf,y_XLRE,2,2024-10-28,-0.00904771222919809,-2.3266291350636698e-05
rf,y_XLRE,3,2024-10-28,-0.00904771222919809,0.00013353754759336904
rf,y_XLRE,4,2024-10-28,-0.00904771222919809,-0.0025693770659826697
rf,y_XLRE,2,2024-10-29,0.0036521100893376346,-0.001114190497965828
rf,y_XLRE,3,2024-10-29,0.0036521100893376346,-0.0020973816820073665
rf,y_XLRE,4,2024-10-29,0.0036521100893376346,-0.0014091435019404797
rf,y_XLRE,2,2024-10-30,-0.017511785007786496,0.000448833428351648
rf,y_XLRE,3,2024-10-30,-0.017511785007786496,-0.0009590823485192764
rf,y_XLRE,4,2024-10-30,-0.017511785007786496,-0.0003932915772804737
rf,y_XLRE,2,2024-10-31,-0.010648111003817462,-0.005466616923647604
rf,y_XLRE,3,2024-10-31,-0.010648111003817462,-0.004359612573443261
rf,y_XLRE,4,2024-10-31,-0.010648111003817462,-0.004235133070110479
rf,y_XLRE,2,2024-11-04,0.013650990200659185,-0.0019941825604632537
rf,y_XLRE,3,2024-11-04,0.013650990200659185,-0.00057779792292434
rf,y_XLRE,4,2024-11-04,0.013650990200659185,-0.0013175800335286185
rf,y_XLRE,2,2024-11-05,-0.02670615175935387,-0.0025202951051976324
rf,y_XLRE,3,2024-11-05,-0.02670615175935387,-0.0008267309118019262
rf,y_XLRE,4,2024-11-05,-0.02670615175935387,-0.00295499061751077
rf,y_XLRE,2,2024-11-06,0.012429566243393086,-0.001011589338909353
rf,y_XLRE,3,2024-11-06,0.012429566243393086,-0.0036317173595355645
rf,y_XLRE,4,2024-11-06,0.012429566243393086,-0.004704639165648537
rf,y_XLRE,2,2024-11-07,0.01714143168631499,0.002954879841363243
rf,y_XLRE,3,2024-11-07,0.01714143168631499,0.00290029820455929
rf,y_XLRE,4,2024-11-07,0.01714143168631499,0.0015533396703244385
rf,y_XLRE,2,2024-11-11,-0.012634760995171357,0.006792558718597976
rf,y_XLRE,3,2024-11-11,-0.012634760995171357,0.004784501379566527
rf,y_XLRE,4,2024-11-11,-0.012634760995171357,0.004194580516821463
rf,y_XLRE,2,2024-11-12,0.007910567638257815,0.00043842231352958966
rf,y_XLRE,3,2024-11-12,0.007910567638257815,0.002185628816236949
rf,y_XLRE,4,2024-11-12,0.007910567638257815,0.000694365241126089
rf,y_XLRE,2,2024-11-13,-0.009002865150647632,-0.0020717074409669365
rf,y_XLRE,3,2024-11-13,-0.009002865150647632,-0.0008170212241135168
rf,y_XLRE,4,2024-11-13,-0.009002865150647632,-0.0005673626271940559
rf,y_XLRE,2,2024-11-14,0.001164870630887327,0.002407257126515944
rf,y_XLRE,3,2024-11-14,0.001164870630887327,0.001220730299957141
rf,y_XLRE,4,2024-11-14,0.001164870630887327,0.002789988517223609
rf,y_XLRE,3,2024-11-18,0.004151413495998568,-0.0030520615679094807
rf,y_XLRE,4,2024-11-18,0.004151413495998568,-0.0015372017286744532
rf,y_XLRE,5,2024-11-18,0.004151413495998568,-0.001246080251493322
rf,y_XLRE,3,2024-11-19,-0.0016077691774405434,-0.0015954290889305842
rf,y_XLRE,4,2024-11-19,-0.0016077691774405434,9.116858654451461e-05
rf,y_XLRE,5,2024-11-19,-0.0016077691774405434,-0.00020013573402112017
rf,y_XLRE,3,2024-11-20,0.006671274506214742,0.027431337640970107
rf,y_XLRE,4,2024-11-20,0.006671274506214742,0.027084455874425154
rf,y_XLRE,5,2024-11-20,0.006671274506214742,0.028757264303183514
rf,y_XLRE,3,2024-11-21,0.0075411569912882115,0.0025150374603672494
rf,y_XLRE,4,2024-11-21,0.0075411569912882115,0.0027443885562351516
rf,y_XLRE,5,2024-11-21,0.0075411569912882115,0.0005605182987087112
rf,y_XLRE,3,2024-11-25,0.004923859077899939,-0.003325220297171974
rf,y_XLRE,4,2024-11-25,0.004923859077899939,-0.003707029711958696
rf,y_XLRE,5,2024-11-25,0.004923859077899939,-0.0030362689931570995
rf,y_XLRE,3,2024-11-26,0.0069041133759135676,0.0009260147558029582
rf,y_XLRE,4,2024-11-26,0.0069041133759135676,0.0001535010096528483
rf,y_XLRE,5,2024-11-26,0.0069041133759135676,-0.0007653476995517059
rf,y_XLRE,3,2024-12-02,-0.005866487639860751,0.00250476732080596
rf,y_XLRE,4,2024-12-02,-0.005866487639860751,0.0029402230392791976
rf,y_XLRE,5,2024-12-02,-0.005866487639860751,0.003271099035365966
rf,y_XLRE,3,2024-12-03,-0.0027236084630203328,-0.0013848948716590926
rf,y_XLRE,4,2024-12-03,-0.0027236084630203328,-0.00029693729457998805
rf,y_XLRE,5,2024-12-03,-0.0027236084630203328,-0.0013616566220561158
rf,y_XLRE,3,2024-12-04,-0.0025033914559364767,0.00030533793507098633
rf,y_XLRE,4,2024-12-04,-0.0025033914559364767,-0.001244767954369518
rf,y_XLRE,5,2024-12-04,-0.0025033914559364767,-0.0008875916774559946
rf,y_XLRE,3,2024-12-05,-0.0013689049015583876,0.0025754693528559813
rf,y_XLRE,4,2024-12-05,-0.0013689049015583876,0.0037583422760507617
rf,y_XLRE,5,2024-12-05,-0.0013689049015583876,0.002973777759881956
rf,y_XLRE,4,2024-12-09,-0.016188005036830044,-0.000676116267445026
rf,y_XLRE,5,2024-12-09,-0.016188005036830044,-0.0015032691950640303
rf,y_XLRE,6,2024-12-09,-0.016188005036830044,-0.0006481328224128123
rf,y_XLRE,4,2024-12-10,-0.0025491316517703977,-0.0023288215443169353
rf,y_XLRE,5,2024-12-10,-0.0025491316517703977,-0.004106014378502588
rf,y_XLRE,6,2024-12-10,-0.0025491316517703977,-0.002610404276274166
rf,y_XLRE,4,2024-12-11,-0.0006971545197631546,0.001542625006600996
rf,y_XLRE,5,2024-12-11,-0.0006971545197631546,-0.0009525323702128395
rf,y_XLRE,6,2024-12-11,-0.0006971545197631546,4.818506460070963e-05
rf,y_XLRE,4,2024-12-12,-0.0041849179555588645,0.00111404495584737
rf,y_XLRE,5,2024-12-12,-0.0041849179555588645,0.00047820389453450687
rf,y_XLRE,6,2024-12-12,-0.0041849179555588645,0.0015079845546661344
rf,y_XLRE,4,2024-12-16,-0.004459058046101916,0.0014744821223676152
rf,y_XLRE,5,2024-12-16,-0.004459058046101916,0.0010932249726115007
rf,y_XLRE,6,2024-12-16,-0.004459058046101916,0.0009995805912290092
rf,y_XLRE,4,2024-12-17,-0.0391325854837371,-0.0012711492135761143
rf,y_XLRE,5,2024-12-17,-0.0391325854837371,-0.0020942062899901876
rf,y_XLRE,6,2024-12-17,-0.0391325854837371,-0.0023147372179424244
rf,y_XLRE,4,2024-12-18,-0.017173573619649884,-0.0012258965661789579
rf,y_XLRE,5,2024-12-18,-0.017173573619649884,-0.002953096990961034
rf,y_XLRE,6,2024-12-18,-0.017173573619649884,-0.0008573741528399182
rf,y_XLRE,4,2024-12-19,0.018222474405012123,-0.0032715442350660733
rf,y_XLRE,5,2024-12-19,0.018222474405012123,-0.003967740771807616
rf,y_XLRE,6,2024-12-19,0.018222474405012123,-0.0037438798179042303
rf,y_XLRE,4,2024-12-23,0.0066600379714245594,-0.001145052369952824
rf,y_XLRE,5,2024-12-23,0.0066600379714245594,-6.625058002081944e-05
rf,y_XLRE,6,2024-12-23,0.0066600379714245594,-0.0004158672560222787
rf,y_XLRE,4,2024-12-26,-0.008074331702703108,-0.002738788051800502
rf,y_XLRE,5,2024-12-26,-0.008074331702703108,0.0010719650470881184
rf,y_XLRE,6,2024-12-26,-0.008074331702703108,-0.002548825262371962
rf,y_XLRE,5,2024-12-30,0.007930573425063425,0.0016089093353662339
rf,y_XLRE,6,2024-12-30,0.007930573425063425,0.0028610401957508175
rf,y_XLRE,7,2024-12-30,0.007930573425063425,0.0031027438395424527
rf,y_XLRE,5,2025-01-02,0.013651010366145133,0.007637218289086692
rf,y_XLRE,6,2025-01-02,0.013651010366145133,0.006746381212505333
rf,y_XLRE,7,2025-01-02,0.013651010366145133,0.004326355520616022
rf,y_XLRE,5,2025-01-06,-0.007447862999682586,-0.003311699774648105
rf,y_XLRE,6,2025-01-06,-0.007447862999682586,-0.0029821148040296507
rf,y_XLRE,7,2025-01-06,-0.007447862999682586,-0.002948431775316711
rf,y_XLRE,5,2025-01-07,0.0042521413940403985,0.00013800751676760665
rf,y_XLRE,6,2025-01-07,0.0042521413940403985,-0.0012624307076076063
rf,y_XLRE,7,2025-01-07,0.0042521413940403985,-0.0006744216233989187
rf,y_XLRE,5,2025-01-13,0.008568379517157387,-0.0035388192882113405
rf,y_XLRE,6,2025-01-13,0.008568379517157387,-0.003222869934824828
rf,y_XLRE,7,2025-01-13,0.008568379517157387,-0.0028537136754734995
rf,y_XLRE,5,2025-01-14,0.004247891658006875,0.0019265882879246003
rf,y_XLRE,6,2025-01-14,0.004247891658006875,0.0006305619881667344
rf,y_XLRE,7,2025-01-14,0.004247891658006875,0.0007595524569966326
rf,y_XLRE,5,2025-01-15,0.022393723677732957,-0.001920683535668109
rf,y_XLRE,6,2025-01-15,0.022393723677732957,-0.0007073875307930587
rf,y_XLRE,7,2025-01-15,0.022393723677732957,-0.0008873610525922772
rf,y_XLRE,5,2025-01-16,-0.0002432561015218715,0.00030220263089450564
rf,y_XLRE,6,2025-01-16,-0.0002432561015218715,0.00012104503414293218
rf,y_XLRE,7,2025-01-16,-0.0002432561015218715,-1.543827935531946e-05
rf,y_XLRE,6,2025-01-21,-0.017451569380916965,5.770032469165816e-05
rf,y_XLRE,7,2025-01-21,-0.017451569380916965,9.387901441498074e-05
rf,y_XLRE,8,2025-01-21,-0.017451569380916965,-0.00017599583126886125
rf,y_XLRE,6,2025-01-22,0.008029146761899586,-0.00041148825871720657
rf,y_XLRE,7,2025-01-22,0.008029146761899586,-0.0007656032747726915
rf,y_XLRE,8,2025-01-22,0.008029146761899586,-0.002454671070750633
rf,y_XLRE,6,2025-01-23,0.0028965464034622634,0.0020936149029653914
rf,y_XLRE,7,2025-01-23,0.0028965464034622634,0.003946913541391437
rf,y_XLRE,8,2025-01-23,0.0028965464034622634,0.005180315385653357
rf,y_XLRE,6,2025-01-27,-0.012154569667349957,-0.0066158029432590425
rf,y_XLRE,7,2025-01-27,-0.012154569667349957,-0.0027720997697607374
rf,y_XLRE,8,2025-01-27,-0.012154569667349957,-0.004008878948532191
rf,y_XLRE,6,2025-01-28,-0.011580214740440464,-0.007496409150016931
rf,y_XLRE,7,2025-01-28,-0.011580214740440464,-0.008586335023485958
rf,y_XLRE,8,2025-01-28,-0.011580214740440464,-0.008385825503150849
rf,y_XLRE,6,2025-01-29,0.013180373134249246,-0.0006933861385523331
rf,y_XLRE,7,2025-01-29,0.013180373134249246,-0.0022547978625853957
rf,y_XLRE,8,2025-01-29,0.013180373134249246,-0.001583302494599506
rf,y_XLRE,6,2025-01-30,-0.0021681042743414425,-0.0027543934163760738
rf,y_XLRE,7,2025-01-30,-0.0021681042743414425,-0.0004962737716344062
rf,y_XLRE,8,2025-01-30,-0.0021681042743414425,0.00027220071446760195
rf,y_XLRE,6,2025-02-03,0.0,-0.0018401759608641349
rf,y_XLRE,7,2025-02-03,0.0,-0.0014359998008095685
rf,y_XLRE,8,2025-02-03,0.0,-0.0008728427504621207
rf,y_XLRE,6,2025-02-04,0.0157195765423479,1.2144448025793361e-05
rf,y_XLRE,7,2025-02-04,0.0157195765423479,-0.001396721172303821
rf,y_XLRE,8,2025-02-04,0.0157195765423479,-0.0005556288574398651
rf,y_XLRE,6,2025-02-05,0.0028571420518224144,-0.006618095314617696
rf,y_XLRE,7,2025-02-05,0.0028571420518224144,-0.004266404436425623
rf,y_XLRE,8,2025-02-05,0.0028571420518224144,-0.0010074609722655937
rf,y_XLRE,6,2025-02-06,-0.0035612994035083556,0.0014213633421119632
rf,y_XLRE,7,2025-02-06,-0.0035612994035083556,-6.522310682521386e-05
rf,y_XLRE,8,2025-02-06,-0.0035612994035083556,0.0024728079632350213
rf,y_XLRE,7,2025-02-10,0.0054722960669337795,0.0035988442417726678
rf,y_XLRE,8,2025-02-10,0.0054722960669337795,0.002958384424584509
rf,y_XLRE,9,2025-02-10,0.0054722960669337795,0.00210058089824768
rf,y_XLRE,7,2025-02-11,-0.008518598303115299,-4.5811195134373706e-05
rf,y_XLRE,8,2025-02-11,-0.008518598303115299,-0.001797964602345912
rf,y_XLRE,9,2025-02-11,-0.008518598303115299,-0.001017847108680552
rf,y_XLRE,7,2025-02-12,0.007875751000973708,0.003547106039308229
rf,y_XLRE,8,2025-02-12,0.007875751000973708,0.000777552597845361
rf,y_XLRE,9,2025-02-12,0.007875751000973708,0.000630210079370729
rf,y_XLRE,7,2025-02-13,-0.004025495552705816,-7.26379626012926e-05
rf,y_XLRE,8,2025-02-13,-0.004025495552705816,-0.001660677052730027
rf,y_XLRE,9,2025-02-13,-0.004025495552705816,-0.0015411496259568585
rf,y_XLRE,7,2025-02-18,0.001895253872215008,0.0002145166581889966
rf,y_XLRE,8,2025-02-18,0.001895253872215008,0.0030379941165422004
rf,y_XLRE,9,2025-02-18,0.001895253872215008,0.0033186476009272057
rf,y_XLRE,7,2025-02-19,0.006857613884790448,0.0011004163898516827
rf,y_XLRE,8,2025-02-19,0.006857613884790448,0.0009270791401259757
rf,y_XLRE,9,2025-02-19,0.006857613884790448,0.0014850344905638754
rf,y_XLRE,7,2025-02-20,-0.008220019005631629,0.0005789544903670211
rf,y_XLRE,8,2025-02-20,-0.008220019005631629,0.0016132222749326518
rf,y_XLRE,9,2025-02-20,-0.008220019005631629,-0.0013607757490202552
rf,y_XLRE,7,2025-02-24,0.010608154205168363,0.001569841854725957
rf,y_XLRE,8,2025-02-24,0.010608154205168363,0.0013090955072246494
rf,y_XLRE,9,2025-02-24,0.010608154205168363,0.001762682644633127
rf,y_XLRE,7,2025-02-25,-0.004898483289955902,0.0021015124458393358
rf,y_XLRE,8,2025-02-25,-0.004898483289955902,0.003090136376049138
rf,y_XLRE,9,2025-02-25,-0.004898483289955902,0.0008856095795119746
rf,y_XLRE,7,2025-02-26,0.004453711756381651,0.001546414578785235
rf,y_XLRE,8,2025-02-26,0.004453711756381651,0.0019932416703881952
rf,y_XLRE,9,2025-02-26,0.004453711756381651,0.0007508726692111676
rf,y_XLRE,7,2025-02-27,0.00700125776942917,-0.003928051637996439
rf,y_XLRE,8,2025-02-27,0.00700125776942917,-0.0025718681069719445
rf,y_XLRE,9,2025-02-27,0.00700125776942917,-0.0015451421662599505
rf,y_XLRE,8,2025-03-03,-0.011489027216905146,-8.746850293996448e-05
rf,y_XLRE,9,2025-03-03,-0.011489027216905146,-0.002100919644807675
rf,y_XLRE,10,2025-03-03,-0.011489027216905146,-0.002613264189570748
rf,y_XLRE,8,2025-03-04,0.009297937220257513,0.0016918308005341748
rf,y_XLRE,9,2025-03-04,0.009297937220257513,0.0029718826808201953
rf,y_XLRE,10,2025-03-04,0.009297937220257513,0.0024412326501878994
rf,y_XLRE,8,2025-03-05,-0.027406734346636652,-0.00044992600604068695
rf,y_XLRE,9,2025-03-05,-0.027406734346636652,-0.00046231460700554096
rf,y_XLRE,10,2025-03-05,-0.027406734346636652,0.0001885160731133336
rf,y_XLRE,8,2025-03-06,0.005683162477148729,0.0009404035565120262
rf,y_XLRE,9,2025-03-06,0.005683162477148729,0.0004935283309547475
rf,y_XLRE,10,2025-03-06,0.005683162477148729,0.0023956190089382138
rf,y_XLRE,8,2025-03-10,-0.010461305441522573,-0.010043949391162165
rf,y_XLRE,9,2025-03-10,-0.010461305441522573,-0.009982049440043677
rf,y_XLRE,10,2025-03-10,-0.010461305441522573,-0.00814874881749811
rf,y_XLRE,8,2025-03-11,-0.003604083129519431,-0.0005850718555372392
rf,y_XLRE,9,2025-03-11,-0.003604083129519431,-0.002407621321311179
rf,y_XLRE,10,2025-03-11,-0.003604083129519431,-0.0007192744495011746
rf,y_XLRE,8,2025-03-12,-0.019532140961183386,-0.0009180264117136812
rf,y_XLRE,9,2025-03-12,-0.019532140961183386,-0.0008872955186289925
rf,y_XLRE,10,2025-03-12,-0.019532140961183386,0.0012895309518648858
rf,y_XLRE,8,2025-03-13,0.019429394083263718,0.0023802544107751253
rf,y_XLRE,9,2025-03-13,0.019429394083263718,0.0019663206382051685
rf,y_XLRE,10,2025-03-13,0.019429394083263718,0.0019446463916685873
rf,y_XLRE,8,2025-03-17,-0.006164118857690859,-0.00316141242493445
rf,y_XLRE,9,2025-03-17,-0.006164118857690859,-0.002669268953794775
rf,y_XLRE,10,2025-03-17,-0.006164118857690859,-0.0008750264847723843
rf,y_XLRE,8,2025-03-18,0.001192669272904734,-0.0004983182402093824
rf,y_XLRE,9,2025-03-18,0.001192669272904734,-0.0023969654505954516
rf,y_XLRE,10,2025-03-18,0.001192669272904734,-0.004318895512890081
rf,y_XLRE,8,2025-03-19,-0.0011912485074135892,0.00532030531015916
rf,y_XLRE,9,2025-03-19,-0.0011912485074135892,0.0012787703035824004
rf,y_XLRE,10,2025-03-19,-0.0011912485074135892,0.002206262036403771
rf,y_XLRE,8,2025-03-20,-0.00978064110444754,-0.0008934994413157307
rf,y_XLRE,9,2025-03-20,-0.00978064110444754,-0.0010085873695593087
rf,y_XLRE,10,2025-03-20,-0.00978064110444754,-5.016433791627436e-05
rf,y_XLRE,9,2025-03-24,-0.011955966221130154,0.0013074725738350826
rf,y_XLRE,10,2025-03-24,-0.011955966221130154,0.0020859607278310203
rf,y_XLRE,11,2025-03-24,-0.011955966221130154,0.0023703593409582797
rf,y_XLRE,9,2025-03-25,0.005082176257391602,0.0010301999314554704
rf,y_XLRE,10,2025-03-25,0.005082176257391602,0.0030091592596271145
rf,y_XLRE,11,2025-03-25,0.005082176257391602,0.0010180966400115954
rf,y_XLRE,9,2025-03-26,-0.002407815359091736,-0.001971707750424607
rf,y_XLRE,10,2025-03-26,-0.002407815359091736,-0.0022129636694881863
rf,y_XLRE,11,2025-03-26,-0.002407815359091736,-0.0020005129487908084
rf,y_XLRE,9,2025-03-27,-0.0004827632417764294,0.00030332764956870296
rf,y_XLRE,10,2025-03-27,-0.0004827632417764294,0.0036977890563275793
rf,y_XLRE,11,2025-03-27,-0.0004827632417764294,-0.0010001876961527
rf,y_XLRE,9,2025-03-31,0.0007170180817288596,0.0005608959559694649
rf,y_XLRE,10,2025-03-31,0.0007170180817288596,0.0012767139747744108
rf,y_XLRE,11,2025-03-31,0.0007170180817288596,0.0010112089216245206
rf,y_XLRE,9,2025-04-01,0.00477557207998025,-0.002199805010429555
rf,y_XLRE,10,2025-04-01,0.00477557207998025,-0.0002625298594135387
rf,y_XLRE,11,2025-04-01,0.00477557207998025,-0.00043666820926394995
rf,y_XLRE,9,2025-04-02,-0.02994307135871377,0.0013597409972777909
rf,y_XLRE,10,2025-04-02,-0.02994307135871377,-0.0011500358211587818
rf,y_XLRE,11,2025-04-02,-0.02994307135871377,-0.0007085648516414642
rf,y_XLRE,9,2025-04-03,-0.045565890880155724,-0.002112554783045556
rf,y_XLRE,10,2025-04-03,-0.045565890880155724,-0.0038572521542525845
rf,y_XLRE,11,2025-04-03,-0.045565890880155724,-0.0052896598257698435
rf,y_XLRE,9,2025-04-07,-0.024723783884906148,-0.001627106749640388
rf,y_XLRE,10,2025-04-07,-0.024723783884906148,6.140132045597731e-05
rf,y_XLRE,11,2025-04-07,-0.024723783884906148,-0.0019466494499697895
rf,y_XLRE,9,2025-04-08,0.05744319612961535,-0.0022372566243764056
rf,y_XLRE,10,2025-04-08,0.05744319612961535,-0.0009102049989904798
rf,y_XLRE,11,2025-04-08,0.05744319612961535,-0.00012591693895041
rf,y_XLRE,9,2025-04-09,-0.021167953941117812,-0.002203970663340734
rf,y_XLRE,10,2025-04-09,-0.021167953941117812,-0.0010339581307278385
rf,y_XLRE,11,2025-04-09,-0.021167953941117812,-0.000549756964359328
rf,y_XLRE,9,2025-04-10,0.014069732421722492,-0.00015988664893300069
rf,y_XLRE,10,2025-04-10,0.014069732421722492,-0.0017004992131209428
rf,y_XLRE,11,2025-04-10,0.014069732421722492,-0.0020127019655937902
rf,y_XLRE,10,2025-04-14,0.0015083620802327502,0.0005577023633241686
rf,y_XLRE,11,2025-04-14,0.0015083620802327502,0.0005892481454136252
rf,y_XLRE,12,2025-04-14,0.0015083620802327502,-0.0003403780912793234
rf,y_XLRE,10,2025-04-15,-0.0005020301168860986,0.0015397673533242423
rf,y_XLRE,11,2025-04-15,-0.0005020301168860986,-0.0002882297065818588
rf,y_XLRE,12,2025-04-15,-0.0005020301168860986,-0.0006983448304882734
rf,y_XLRE,10,2025-04-16,0.015821153242472796,-0.0012588411771517613
rf,y_XLRE,11,2025-04-16,0.015821153242472796,0.00041849077055130434
rf,y_XLRE,12,2025-04-16,0.015821153242472796,-0.0014462106248417936
rf,y_XLRE,10,2025-04-21,0.020449342883177124,0.002435117179140627
rf,y_XLRE,11,2025-04-21,0.020449342883177124,0.001053093435588745
rf,y_XLRE,12,2025-04-21,0.020449342883177124,0.001577804275693842
rf,y_XLRE,10,2025-04-22,0.0012371144821259339,-0.001378867879812686
rf,y_XLRE,11,2025-04-22,0.0012371144821259339,0.0008370036118705977
rf,y_XLRE,12,2025-04-22,0.0012371144821259339,0.0008764497419357142
rf,y_XLRE,10,2025-04-23,0.0029650961752449856,0.0022456320770892057
rf,y_XLRE,11,2025-04-23,0.0029650961752449856,0.003269956771706071
rf,y_XLRE,12,2025-04-23,0.0029650961752449856,0.003946007669593291
rf,y_XLRE,10,2025-04-24,-0.0014781651856837774,-0.006335888197523348
rf,y_XLRE,11,2025-04-24,-0.0014781651856837774,-0.00557009256789854
rf,y_XLRE,12,2025-04-24,-0.0014781651856837774,-0.004337139759299132
rf,y_XLRE,10,2025-04-28,0.008092125739184608,0.0008972786892077413
rf,y_XLRE,11,2025-04-28,0.008092125739184608,0.0009279979127487949
rf,y_XLRE,12,2025-04-28,0.008092125739184608,-0.0008550563866926875
rf,y_XLRE,10,2025-04-29,0.0046218073424149075,-0.003798083935753573
rf,y_XLRE,11,2025-04-29,0.0046218073424149075,-0.0027525504885109815
rf,y_XLRE,12,2025-04-29,0.0046218073424149075,-0.0016386410189901325
rf,y_XLRE,10,2025-04-30,0.0029055071246348874,8.00053011975175e-05
rf,y_XLRE,11,2025-04-30,0.0029055071246348874,0.0018551318230338805
rf,y_XLRE,12,2025-04-30,0.0029055071246348874,0.001574909589804126
rf,y_XLRE,10,2025-05-01,0.012312914834331057,0.006351102641178691
rf,y_XLRE,11,2025-05-01,0.012312914834331057,0.004924716524205676
rf,y_XLRE,12,2025-05-01,0.012312914834331057,0.004640410608227561
rf,y_XLRE,11,2025-05-05,-0.006924616965564123,0.0023908009385144213
rf,y_XLRE,12,2025-05-05,-0.006924616965564123,0.0015791240371835103
rf,y_XLRE,13,2025-05-05,-0.006924616965564123,0.0021741844995849338
rf,y_XLRE,11,2025-05-06,-0.0007212176189789199,-0.002580046159602158
rf,y_XLRE,12,2025-05-06,-0.0007212176189789199,0.0004944031069483406
rf,y_XLRE,13,2025-05-06,-0.0007212176189789199,-0.0015209853304984412
rf,y_XLRE,11,2025-05-07,-0.004812342420504101,0.0029770067655678625
rf,y_XLRE,12,2025-05-07,-0.004812342420504101,0.005166152594294501
rf,y_XLRE,13,2025-05-07,-0.004812342420504101,0.006281758717505552
rf,y_XLRE,11,2025-05-08,0.006044421506798514,0.0011565031529454021
rf,y_XLRE,12,2025-05-08,0.006044421506798514,-0.00019054881941101738
rf,y_XLRE,13,2025-05-08,0.006044421506798514,0.00018936817482207992
rf,y_XLRE,11,2025-05-12,-0.013445405048687409,2.7229886859098108e-05
rf,y_XLRE,12,2025-05-12,-0.013445405048687409,0.000767715563725276
rf,y_XLRE,13,2025-05-12,-0.013445405048687409,0.001465013418130535
rf,y_XLRE,11,2025-05-13,-0.008517833268111064,-0.0012685688559412609
rf,y_XLRE,12,2025-05-13,-0.008517833268111064,-0.000817501346225899
rf,y_XLRE,13,2025-05-13,-0.008517833268111064,-0.0026199166505451936
rf,y_XLRE,11,2025-05-14,0.018409417263057337,0.0007468632373522003
rf,y_XLRE,12,2025-05-14,0.018409417263057337,-0.0014859822434991898
rf,y_XLRE,13,2025-05-14,0.018409417263057337,-0.0008364392170668681
rf,y_XLRE,11,2025-05-15,0.012532935836770287,-0.0007824594404754683
rf,y_XLRE,12,2025-05-15,0.012532935836770287,-0.0018699949349334287
rf,y_XLRE,13,2025-05-15,0.012532935836770287,-0.0020484608641770227
rf,y_XLRE,11,2025-05-19,-0.0052256040067309995,-0.00036087759623574617
rf,y_XLRE,12,2025-05-19,-0.0052256040067309995,-0.003243583302681469
rf,y_XLRE,13,2025-05-19,-0.0052256040067309995,-0.0006839479846666024
rf,y_XLRE,11,2025-05-20,-0.02650429397031595,-0.0012486172249885482
rf,y_XLRE,12,2025-05-20,-0.02650429397031595,0.0006223875752337479
rf,y_XLRE,13,2025-05-20,-0.02650429397031595,-0.0004409371572109161
rf,y_XLRE,11,2025-05-21,-0.0034339523891820933,-0.0027227075355386746
rf,y_XLRE,12,2025-05-21,-0.0034339523891820933,-0.0014139044223833535
rf,y_XLRE,13,2025-05-21,-0.0034339523891820933,6.295225585382184e-05
rf,y_XLRE,11,2025-05-22,0.00024608614462628964,-0.001500951339551649
rf,y_XLRE,12,2025-05-22,0.00024608614462628964,-0.0015026733508594783
rf,y_XLRE,13,2025-05-22,0.00024608614462628964,-0.0015162265175388055
rf,y_XLRE,12,2025-05-27,0.0,-0.003736208470159442
rf,y_XLRE,13,2025-05-27,0.0,-0.0018718176832725772
rf,y_XLRE,14,2025-05-27,0.0,-0.0018326389834427998
rf,y_XLRE,12,2025-05-28,0.009198672203549751,0.0038318177668363123
rf,y_XLRE,13,2025-05-28,0.009198672203549751,0.004741676293721781
rf,y_XLRE,14,2025-05-28,0.009198672203549751,0.004239749612095665
rf,y_XLRE,12,2025-05-29,0.0009595050676858285,0.0013750774659950144
rf,y_XLRE,13,2025-05-29,0.0009595050676858285,-0.0002930059482173999
rf,y_XLRE,14,2025-05-29,0.0009595050676858285,0.0006211398953181504
rf,y_XLRE,12,2025-06-02,-0.003589299000663182,0.00027592650186721485
rf,y_XLRE,13,2025-06-02,-0.003589299000663182,0.0022230411025866963
rf,y_XLRE,14,2025-06-02,-0.003589299000663182,0.000816558769928849
rf,y_XLRE,12,2025-06-03,0.003121899957767571,0.002270960132514064
rf,y_XLRE,13,2025-06-03,0.003121899957767571,0.0016670634332003377
rf,y_XLRE,14,2025-06-03,0.003121899957767571,0.0024221184183605303
rf,y_XLRE,12,2025-06-04,-0.00023946375888261873,-0.0010687091929371905
rf,y_XLRE,13,2025-06-04,-0.00023946375888261873,-0.0016014269295849075
rf,y_XLRE,14,2025-06-04,-0.00023946375888261873,5.195330612296674e-05
rf,y_XLRE,12,2025-06-05,0.0028736900279406896,-0.0019500815390437816
rf,y_XLRE,13,2025-06-05,0.0028736900279406896,0.00035185479718142045
rf,y_XLRE,14,2025-06-05,0.0028736900279406896,0.0014970807973259087
rf,y_XLRE,12,2025-06-09,0.008838861052107516,-0.0010742834261382459
rf,y_XLRE,13,2025-06-09,0.008838861052107516,-0.0006847358819772858
rf,y_XLRE,14,2025-06-09,0.008838861052107516,-0.0015289665382822873
rf,y_XLRE,12,2025-06-10,-0.005446280628016775,0.0003303525591757367
rf,y_XLRE,13,2025-06-10,-0.005446280628016775,0.001426967809072623
rf,y_XLRE,14,2025-06-10,-0.005446280628016775,0.001513478554267277
rf,y_XLRE,12,2025-06-11,0.005476105032773626,0.0017192047682798167
rf,y_XLRE,13,2025-06-11,0.005476105032773626,0.0017181003961102023
rf,y_XLRE,14,2025-06-11,0.005476105032773626,0.0007535773441480237
rf,y_XLRE,12,2025-06-12,-0.008051039684554562,0.0026242492009998916
rf,y_XLRE,13,2025-06-12,-0.008051039684554562,0.0004482814310665079
rf,y_XLRE,14,2025-06-12,-0.008051039684554562,0.0012122985596267732
rf,y_XLRE,13,2025-07-02,0.00047879873972145326,-0.001725066112676977
rf,y_XLRE,14,2025-07-02,0.00047879873972145326,-0.0009156849015957526
rf,y_XLRE,15,2025-07-02,0.00047879873972145326,2.1528230117249618e-05
rf,y_XLRE,13,2025-07-07,-0.0014465036738722237,0.0012183117049141868
rf,y_XLRE,14,2025-07-07,-0.0014465036738722237,-8.88622912705056e-05
rf,y_XLRE,15,2025-07-07,-0.0014465036738722237,0.0010163956012304363
rf,y_XLRE,13,2025-07-08,-0.00048277254414563764,-0.0009794707215482377
rf,y_XLRE,14,2025-07-08,-0.00048277254414563764,-0.0009510363336790377
rf,y_XLRE,15,2025-07-08,-0.00048277254414563764,-0.001803881629903767
rf,y_XLRE,13,2025-07-09,0.005072404867300984,0.003712321067144066
rf,y_XLRE,14,2025-07-09,0.005072404867300984,0.00032404292571677393
rf,y_XLRE,15,2025-07-09,0.005072404867300984,0.0007559145947057459
rf,y_XLRE,13,2025-07-10,-0.0009613229537100976,-0.0004680501933478113
rf,y_XLRE,14,2025-07-10,-0.0009613229537100976,-0.0002526470731537491
rf,y_XLRE,15,2025-07-10,-0.0009613229537100976,-0.0012581599794375805
rf,y_XLRE,13,2025-07-14,-0.012903064664720909,-0.0014899627990772786
rf,y_XLRE,14,2025-07-14,-0.012903064664720909,-0.004867583760161609
rf,y_XLRE,15,2025-07-14,-0.012903064664720909,-0.001543516011479526
rf,y_XLRE,13,2025-07-15,0.010893092691466988,0.002257900753704952
rf,y_XLRE,14,2025-07-15,0.010893092691466988,0.0037497562738020925
rf,y_XLRE,15,2025-07-15,0.010893092691466988,0.002622827977942076
rf,y_XLRE,13,2025-07-16,-0.0009577769525161983,0.001643036149843304
rf,y_XLRE,14,2025-07-16,-0.0009577769525161983,-0.0015976814212685922
rf,y_XLRE,15,2025-07-16,-0.0009577769525161983,-0.0014892540121343603
rf,y_XLRE,13,2025-07-17,0.0028762717869601495,0.0012055130679651212
rf,y_XLRE,14,2025-07-17,0.0028762717869601495,-1.1545970299442487e-05
rf,y_XLRE,15,2025-07-17,0.0028762717869601495,-0.00040000370151468587
rf,y_XLRE,13,2025-07-21,0.01738100410379806,0.00018686606792955306
rf,y_XLRE,14,2025-07-21,0.01738100410379806,-5.370318337091414e-05
rf,y_XLRE,15,2025-07-21,0.01738100410379806,0.00017798065830858616
rf,y_XLRE,13,2025-07-22,0.002808376969635651,-0.0005879180090673527
rf,y_XLRE,14,2025-07-22,0.002808376969635651,-0.00024430279119695605
rf,y_XLRE,15,2025-07-22,0.002808376969635651,0.0009228326976277697
rf,y_XLRE,13,2025-07-23,-0.0014002560380090845,6.621052466964465e-05
rf,y_XLRE,14,2025-07-23,-0.0014002560380090845,0.0004113411122179537
rf,y_XLRE,15,2025-07-23,-0.0014002560380090845,0.00033457659826837685
rf,y_XLRE,14,2025-07-24,0.0,0.0009847323550523388
rf,y_XLRE,15,2025-07-24,0.0,-0.001032292758349887
rf,y_XLRE,16,2025-07-24,0.0,-0.0015009146665636065
rf,y_XLRE,14,2025-07-28,0.01664684173718123,-0.00022187930525488508
rf,y_XLRE,15,2025-07-28,0.01664684173718123,-0.0015228495787895275
rf,y_XLRE,16,2025-07-28,0.01664684173718123,-0.0031007885800481733
rf,y_XLRE,14,2025-07-29,-0.014035042749492965,0.0011585254199896829
rf,y_XLRE,15,2025-07-29,-0.014035042749492965,0.0015579958387174464
rf,y_XLRE,16,2025-07-29,-0.014035042749492965,0.0011362117960126926
rf,y_XLRE,14,2025-07-30,-0.017556353862179352,0.01921277727922913
rf,y_XLRE,15,2025-07-30,-0.017556353862179352,0.017308255147734597
rf,y_XLRE,16,2025-07-30,-0.017556353862179352,0.01985270262538106
rf,y_XLRE,14,2025-07-31,-0.0028978976682347835,-0.0006034017264829087
rf,y_XLRE,15,2025-07-31,-0.0028978976682347835,-0.0007821004066603845
rf,y_XLRE,16,2025-07-31,-0.0028978976682347835,-0.00041020109056545684
rf,y_XLRE,14,2025-08-04,0.003362113050911386,0.002679123849139235
rf,y_XLRE,15,2025-08-04,0.003362113050911386,0.0015293798681055607
rf,y_XLRE,16,2025-08-04,0.003362113050911386,0.0021790848154150267
rf,y_XLRE,14,2025-08-05,-0.00837721081690801,-0.0006295563053539075
rf,y_XLRE,15,2025-08-05,-0.00837721081690801,-0.0016900154667953673
rf,y_XLRE,16,2025-08-05,-0.00837721081690801,1.5696307901865344e-05
rf,y_XLRE,14,2025-08-06,0.0038619986405719064,0.0028386615947701864
rf,y_XLRE,15,2025-08-06,0.0038619986405719064,0.002158834953076928
rf,y_XLRE,16,2025-08-06,0.0038619986405719064,0.002947799265958809
rf,y_XLRE,14,2025-08-07,-0.008174987734762218,-0.00030222721022669284
rf,y_XLRE,15,2025-08-07,-0.008174987734762218,0.0013258546525134298
rf,y_XLRE,16,2025-08-07,-0.008174987734762218,-0.00028836635859013173
rf,y_XLRE,14,2025-08-11,0.0017069758698138315,0.005290086734171078
rf,y_XLRE,15,2025-08-11,0.0017069758698138315,0.004289647339875634
rf,y_XLRE,16,2025-08-11,0.0017069758698138315,0.005812633497632265
rf,y_XLRE,14,2025-08-12,0.006572411215646445,0.00040891847799315225
rf,y_XLRE,15,2025-08-12,0.006572411215646445,0.0007468843679682545
rf,y_XLRE,16,2025-08-12,0.006572411215646445,-0.0010618511118195859
rf,y_XLRE,15,2025-08-13,-0.007013180501649785,-0.00133833896366533
rf,y_XLRE,16,2025-08-13,-0.007013180501649785,-0.002601439227667711
rf,y_XLRE,17,2025-08-13,-0.007013180501649785,-0.0017793174689811398
rf,y_XLRE,15,2025-08-14,0.006575801912058976,0.0023230732973173627
rf,y_XLRE,16,2025-08-14,0.006575801912058976,0.003537523339464288
rf,y_XLRE,17,2025-08-14,0.006575801912058976,0.004856000552831188
rf,y_XLRE,15,2025-08-18,0.01783092935682351,-0.0048193425275646325
rf,y_XLRE,16,2025-08-18,0.01783092935682351,-0.00427137041412439
rf,y_XLRE,17,2025-08-18,0.01783092935682351,-0.003765064030053659
rf,y_XLRE,15,2025-08-19,0.003839755306053849,-0.0017203916299252655
rf,y_XLRE,16,2025-08-19,0.003839755306053849,-0.0008873192135792139
rf,y_XLRE,17,2025-08-19,0.003839755306053849,9.307498620612087e-05
rf,y_XLRE,15,2025-08-20,-0.0035859547843819506,0.001759948190918703
rf,y_XLRE,16,2025-08-20,-0.0035859547843819506,0.002263447807255739
rf,y_XLRE,17,2025-08-20,-0.0035859547843819506,0.0034940670717593593
rf,y_XLRE,15,2025-08-21,0.01583491000612125,-0.0016141137322422652
rf,y_XLRE,16,2025-08-21,0.01583491000612125,-0.0005279869126177505
rf,y_XLRE,17,2025-08-21,0.01583491000612125,-0.0004876025447218389
rf,y_XLRE,15,2025-08-25,-0.002848372714208902,0.001311857955656189
rf,y_XLRE,16,2025-08-25,-0.002848372714208902,-0.00045081299826645326
rf,y_XLRE,17,2025-08-25,-0.002848372714208902,4.029310940752706e-05
rf,y_XLRE,15,2025-08-26,0.004284671177710031,0.0008289043399050437
rf,y_XLRE,16,2025-08-26,0.004284671177710031,-0.0013922526854843297
rf,y_XLRE,17,2025-08-26,0.004284671177710031,0.0025857546828083936
rf,y_XLRE,15,2025-08-27,-0.002607157133094229,0.0010967695703703892
rf,y_XLRE,16,2025-08-27,-0.002607157133094229,0.001152758641104413
rf,y_XLRE,17,2025-08-27,-0.002607157133094229,-0.0005379138520406918
rf,y_XLRE,15,2025-08-28,0.005465729279951148,0.0030215959940249632
rf,y_XLRE,16,2025-08-28,0.005465729279951148,0.0007605310088143626
rf,y_XLRE,17,2025-08-28,0.005465729279951148,9.93471035219425e-05
rf,y_XLRE,15,2025-09-02,-0.0026448627129573854,0.0010303248665933962
rf,y_XLRE,16,2025-09-02,-0.0026448627129573854,0.0038830101096157337
rf,y_XLRE,17,2025-09-02,-0.0026448627129573854,0.00170171758015867
rf,y_XLRE,16,2025-09-03,0.006750163119261687,-0.004164134145974954
rf,y_XLRE,17,2025-09-03,0.006750163119261687,-0.005002384089368785
rf,y_XLRE,18,2025-09-03,0.006750163119261687,-0.005058504992053391
rf,y_XLRE,16,2025-09-04,0.010057541988697682,-0.0008472984105143123
rf,y_XLRE,17,2025-09-04,0.010057541988697682,-0.0011998276363092077
rf,y_XLRE,18,2025-09-04,0.010057541988697682,-0.00012198351671004378
rf,y_XLRE,16,2025-09-08,-0.00047724197540710556,-0.0009405601346295969
rf,y_XLRE,17,2025-09-08,-0.00047724197540710556,-0.003238712186952286
rf,y_XLRE,18,2025-09-08,-0.00047724197540710556,-0.0031795834894706694
rf,y_XLRE,16,2025-09-09,-0.0004776554133723021,0.005021099901557884
rf,y_XLRE,17,2025-09-09,-0.0004776554133723021,0.001968729685944846
rf,y_XLRE,18,2025-09-09,-0.0004776554133723021,0.0026088381781700348
rf,y_XLRE,16,2025-09-10,0.016244610348428168,0.002846451072805086
rf,y_XLRE,17,2025-09-10,0.016244610348428168,0.000889930839071342
rf,y_XLRE,18,2025-09-10,0.016244610348428168,0.001092179782287637
rf,y_XLRE,16,2025-09-11,-0.004466411527536351,0.005563282495917054
rf,y_XLRE,17,2025-09-11,-0.004466411527536351,0.0036447032833203793
rf,y_XLRE,18,2025-09-11,-0.004466411527536351,0.005767385907719241
rf,y_XLRE,16,2025-09-15,-0.00591012378777056,-0.00015996804733791153
rf,y_XLRE,17,2025-09-15,-0.00591012378777056,0.0013291830447415794
rf,y_XLRE,18,2025-09-15,-0.00591012378777056,0.0005905746768362835
rf,y_XLRE,16,2025-09-16,-0.00047563197045263905,0.0002163215719647828
rf,y_XLRE,17,2025-09-16,-0.00047563197045263905,-0.001155662904094993
rf,y_XLRE,18,2025-09-16,-0.00047563197045263905,0.0015034087036200304
rf,y_XLRE,16,2025-09-17,0.000713741229049436,0.00031087680027325296
rf,y_XLRE,17,2025-09-17,0.000713741229049436,-0.0011596180601626419
rf,y_XLRE,18,2025-09-17,0.000713741229049436,-0.00011080685008048041
rf,y_XLRE,16,2025-09-18,-0.004992902323686321,0.00022550675471977774
rf,y_XLRE,17,2025-09-18,-0.004992902323686321,0.0015221014270785575
rf,y_XLRE,18,2025-09-18,-0.004992902323686321,1.0481989059745363e-05
rf,y_XLRE,16,2025-09-22,0.00791943101294823,-0.001941402944745758
rf,y_XLRE,17,2025-09-22,0.00791943101294823,-0.00023696738388378862
rf,y_XLRE,18,2025-09-22,0.00791943101294823,-0.003120398593478445
rf,y_XLRE,17,2025-09-23,-0.010238158571175271,-0.0001331422611456329
rf,y_XLRE,18,2025-09-23,-0.010238158571175271,7.59110965406438e-05
rf,y_XLRE,19,2025-09-23,-0.010238158571175271,-0.00035611059124704045
rf,y_XLRE,17,2025-09-24,-0.002405488112315224,-0.003836920229135865
rf,y_XLRE,18,2025-09-24,-0.002405488112315224,-0.002166324178781348
rf,y_XLRE,19,2025-09-24,-0.002405488112315224,-0.0020702331045342756
rf,y_XLRE,17,2025-09-25,0.009886654564658315,0.003939757103326247
rf,y_XLRE,18,2025-09-25,0.009886654564658315,0.0027545943319745897
rf,y_XLRE,19,2025-09-25,0.009886654564658315,0.0024831106241305716
rf,y_XLRE,17,2025-09-29,0.004051505020656876,-0.0011814479338348846
rf,y_XLRE,18,2025-09-29,0.004051505020656876,-0.0007270149793925484
rf,y_XLRE,19,2025-09-29,0.004051505020656876,-0.0017950589716077834
rf,y_XLRE,17,2025-09-30,0.0,0.0021337093283113943
rf,y_XLRE,18,2025-09-30,0.0,0.00364897593943239
rf,y_XLRE,19,2025-09-30,0.0,0.0023917440911493866
rf,y_XLRE,17,2025-10-01,-0.005221913473201334,0.0006966871867578448
rf,y_XLRE,18,2025-10-01,-0.005221913473201334,-0.00045808242568756523
rf,y_XLRE,19,2025-10-01,-0.005221913473201334,-0.002095336047614098
rf,y_XLRE,17,2025-10-02,0.004056338411784655,0.0018873618834398577
rf,y_XLRE,18,2025-10-02,0.004056338411784655,0.0008219040126706933
rf,y_XLRE,19,2025-10-02,0.004056338411784655,0.002021041536826886
rf,y_XLRE,17,2025-10-06,-0.0031204713939047,0.0004875874089906455
rf,y_XLRE,18,2025-10-06,-0.0031204713939047,0.0005823529414016464
rf,y_XLRE,19,2025-10-06,-0.0031204713939047,0.0002041548067525739
rf,y_XLRE,17,2025-10-07,-0.0050565759863016035,0.0009395480760523887
rf,y_XLRE,18,2025-10-07,-0.0050565759863016035,0.0006846912950427386
rf,y_XLRE,19,2025-10-07,-0.0050565759863016035,0.00018240837829456107
rf,y_XLRE,17,2025-10-08,-0.004598266492077729,0.0020697984195931895
rf,y_XLRE,18,2025-10-08,-0.004598266492077729,0.0023614090508080146
rf,y_XLRE,19,2025-10-08,-0.004598266492077729,-0.0003423743316056262
rf,y_XLRE,17,2025-10-09,-0.010940871438642641,0.00037201499580005737
rf,y_XLRE,18,2025-10-09,-0.010940871438642641,-0.0001029532922609285
rf,y_XLRE,19,2025-10-09,-0.010940871438642641,0.00011356964456596489
rf,y_XLRE,18,2025-10-13,0.00953303583876619,0.0006641073364647171
rf,y_XLRE,19,2025-10-13,0.00953303583876619,-0.001556919622098002
rf,y_XLRE,20,2025-10-13,0.00953303583876619,-0.0015885761339168487
rf,y_XLRE,18,2025-10-14,0.014527938411334373,-0.0011028241512430388
rf,y_XLRE,19,2025-10-14,0.014527938411334373,0.0004148657126266867
rf,y_XLRE,20,2025-10-14,0.014527938411334373,-2.5316553701369242e-05
rf,y_XLRE,18,2025-10-15,-0.0031026894392959248,-0.0055701077679020106
rf,y_XLRE,19,2025-10-15,-0.0031026894392959248,-0.0026531030700319537
rf,y_XLRE,20,2025-10-15,-0.0031026894392959248,-0.004337616334878337
rf,y_XLRE,18,2025-10-16,0.0064639968742670195,0.004753888521309402
rf,y_XLRE,19,2025-10-16,0.0064639968742670195,0.002199919598278069
rf,y_XLRE,20,2025-10-16,0.0064639968742670195,0.005292016186267701
rf,y_XLRE,18,2025-10-20,-0.003060236363542246,0.0004112821479023384
rf,y_XLRE,19,2025-10-20,-0.003060236363542246,0.0026315992574093634
rf,y_XLRE,20,2025-10-20,-0.003060236363542246,-0.0003847934655920241
rf,y_XLRE,18,2025-10-21,0.004486431569966864,-0.000530264988955088
rf,y_XLRE,19,2025-10-21,0.004486431569966864,0.00027200361501311573
rf,y_XLRE,20,2025-10-21,0.004486431569966864,0.0012801463105205737
rf,y_XLRE,18,2025-10-22,-0.0009402551779305046,0.0017147242219368566
rf,y_XLRE,19,2025-10-22,-0.0009402551779305046,-0.0015513359640864208
rf,y_XLRE,20,2025-10-22,-0.0009402551779305046,-0.0007075327773838263
rf,y_XLRE,18,2025-10-23,0.0035294568137198556,0.0028407326896683644
rf,y_XLRE,19,2025-10-23,0.0035294568137198556,0.002278936585010575
rf,y_XLRE,20,2025-10-23,0.0035294568137198556,-7.6558039411261e-05
rf,y_XLRE,18,2025-10-27,-0.022227463524700175,0.00042709032757776155
rf,y_XLRE,19,2025-10-27,-0.022227463524700175,-0.0027627391298080386
rf,y_XLRE,20,2025-10-27,-0.022227463524700175,-0.0006862009964909932
rf,y_XLRE,18,2025-10-28,-0.027279213728777396,-0.0025630476240961855
rf,y_XLRE,19,2025-10-28,-0.027279213728777396,-0.001000954319202547
rf,y_XLRE,20,2025-10-28,-0.027279213728777396,-0.002635234576549808
rf,y_XLRE,18,2025-10-29,0.005658027314987546,0.0053609850266417205
rf,y_XLRE,19,2025-10-29,0.005658027314987546,0.005984028266145086
rf,y_XLRE,20,2025-10-29,0.005658027314987546,0.0065632241417053665
rf,y_XLRE,18,2025-10-30,0.0004892178683570947,-0.0008635109439167584
rf,y_XLRE,19,2025-10-30,0.0004892178683570947,-0.0019098584893228298
rf,y_XLRE,20,2025-10-30,0.0004892178683570947,-0.00013462912696177441
rf,y_XLRE,19,2025-11-03,0.002694087854238969,-0.000530480022955974
rf,y_XLRE,20,2025-11-03,0.002694087854238969,0.0031607175866993254
rf,y_XLRE,21,2025-11-03,0.002694087854238969,0.0004924246447404884
rf,y_XLRE,19,2025-11-04,-0.0002442504591116945,-0.0005271748732512386
rf,y_XLRE,20,2025-11-04,-0.0002442504591116945,-0.002383684604094031
rf,y_XLRE,21,2025-11-04,-0.0002442504591116945,-0.00044259832433886555
rf,y_XLRE,19,2025-11-05,-0.004886391077677188,5.7624271371436074e-05
rf,y_XLRE,20,2025-11-05,-0.004886391077677188,0.0008549817856384201
rf,y_XLRE,21,2025-11-05,-0.004886391077677188,3.0197976472160863e-05
rf,y_XLRE,19,2025-11-06,0.013258002004791436,0.004013952884621831
rf,y_XLRE,20,2025-11-06,0.013258002004791436,0.0017169818925518434
rf,y_XLRE,21,2025-11-06,0.013258002004791436,0.0033274917056076753
rf,y_XLRE,19,2025-11-10,0.011154255983175432,-0.00018985643333885676
rf,y_XLRE,20,2025-11-10,0.011154255983175432,0.002919801405450702
rf,y_XLRE,21,2025-11-10,0.011154255983175432,0.00017305477941102673
rf,y_XLRE,19,2025-11-11,-0.007913733068423245,-0.0041627872168747354
rf,y_XLRE,20,2025-11-11,-0.007913733068423245,-0.004236136917517218
rf,y_XLRE,21,2025-11-11,-0.007913733068423245,-0.002191076475135173
rf,y_XLRE,19,2025-11-12,-0.013052899258971351,0.0008044681363559486
rf,y_XLRE,20,2025-11-12,-0.013052899258971351,0.0009212548316341874
rf,y_XLRE,21,2025-11-12,-0.013052899258971351,0.001760510583057647
rf,y_XLRE,19,2025-11-13,0.0029389963455459522,0.0001577029841741832
rf,y_XLRE,20,2025-11-13,0.0029389963455459522,0.001049906623960876
rf,y_XLRE,21,2025-11-13,0.0029389963455459522,0.001629972383210912
rf,y_XLRE,19,2025-11-17,0.0036872678156958383,0.0012095155501573743
rf,y_XLRE,20,2025-11-17,0.0036872678156958383,0.0006235714736427894
rf,y_XLRE,21,2025-11-17,0.0036872678156958383,0.0005381089937410137
rf,y_XLRE,19,2025-11-18,-0.007837449521271411,-0.0018660536682422791
rf,y_XLRE,20,2025-11-18,-0.007837449521271411,-0.0019598521027362325
rf,y_XLRE,21,2025-11-18,-0.007837449521271411,-0.0018053163885590501
rf,y_XLRE,19,2025-11-19,-0.0034558987602439917,-9.89776575765322e-05
rf,y_XLRE,20,2025-11-19,-0.0034558987602439917,-0.0022484520036678843
rf,y_XLRE,21,2025-11-19,-0.0034558987602439917,-0.0015126987695554919
rf,y_XLRE,19,2025-11-20,0.013128627304507035,-0.0016069251418610875
rf,y_XLRE,20,2025-11-20,0.013128627304507035,-0.0014099642899158928
rf,y_XLRE,21,2025-11-20,0.013128627304507035,-0.0012784833063791616
rf,y_XLRE,20,2025-11-24,0.008056706226654553,-0.00376068041983705
rf,y_XLRE,21,2025-11-24,0.008056706226654553,-0.0052088573585396805
rf,y_XLRE,22,2025-11-24,0.008056706226654553,-0.004267343159416818
rf,y_XLRE,20,2025-11-25,0.004359427289532647,-0.002340316208587731
rf,y_XLRE,21,2025-11-25,0.004359427289532647,-0.0017180261331955142
rf,y_XLRE,22,2025-11-25,0.004359427289532647,-0.0019095474381043967
rf,y_XLRE,20,2025-12-01,-0.002433681909862595,0.0006396759644621589
rf,y_XLRE,21,2025-12-01,-0.002433681909862595,0.001990378902602096
rf,y_XLRE,22,2025-12-01,-0.002433681909862595,0.0004254979340646984
rf,y_XLRE,20,2025-12-02,0.0019516200685703033,-0.0015678628114655156
rf,y_XLRE,21,2025-12-02,0.0019516200685703033,-0.0016259228295542327
rf,y_XLRE,22,2025-12-02,0.0019516200685703033,0.0008727782820831235
rf,y_XLRE,20,2025-12-03,-0.0017043413332493706,0.0007200281992788271
rf,y_XLRE,21,2025-12-03,-0.0017043413332493706,0.000680891726181244
rf,y_XLRE,22,2025-12-03,-0.0017043413332493706,0.0005311399455161597
rf,y_XLRE,20,2025-12-04,-0.0002438930102596215,-0.0012302626221511357
rf,y_XLRE,21,2025-12-04,-0.0002438930102596215,-0.0006172179178371623
rf,y_XLRE,22,2025-12-04,-0.0002438930102596215,-0.0002596762409574146
rf,y_XLRE,20,2025-12-08,-0.005890978002307645,-0.00011396831700915267
rf,y_XLRE,21,2025-12-08,-0.005890978002307645,0.002315929937892899
rf,y_XLRE,22,2025-12-08,-0.005890978002307645,0.0007323909409925935
rf,y_XLRE,20,2025-12-09,0.0019753274977774016,-0.0024922516815079703
rf,y_XLRE,21,2025-12-09,0.0019753274977774016,-0.0014883773500057216
rf,y_XLRE,22,2025-12-09,0.0019753274977774016,-0.0014837648128793698
rf,y_XLRE,20,2025-12-10,0.005421275190892638,0.0010690533652417862
rf,y_XLRE,21,2025-12-10,0.005421275190892638,0.0013883334894276632
rf,y_XLRE,22,2025-12-10,0.005421275190892638,0.0010162960120137566
rf,y_XLRE,20,2025-12-11,-0.0012254429364202402,0.005856902980615524
rf,y_XLRE,21,2025-12-11,-0.0012254429364202402,0.0020581691460216265
rf,y_XLRE,22,2025-12-11,-0.0012254429364202402,5.219006930773373e-06
rf,y_XLRE,21,2025-12-15,-0.008799841408291376,0.0029898999341735075
rf,y_XLRE,22,2025-12-15,-0.008799841408291376,0.002335778312721638
rf,y_XLRE,23,2025-12-15,-0.008799841408291376,0.0038619152152353916
rf,y_XLRE,21,2025-12-16,0.004438983051008538,0.0015409885905177953
rf,y_XLRE,22,2025-12-16,0.004438983051008538,0.0024435098862870225
rf,y_XLRE,23,2025-12-16,0.004438983051008538,0.004736996348004182
rf,y_XLRE,21,2025-12-17,-0.006138028765642511,0.004070948528005192
rf,y_XLRE,22,2025-12-17,-0.006138028765642511,0.004686499763146836
rf,y_XLRE,23,2025-12-17,-0.006138028765642511,0.00465049793015666
rf,y_XLRE,21,2025-12-18,-0.0037054858929839174,0.0011831791385120674
rf,y_XLRE,22,2025-12-18,-0.0037054858929839174,0.0008566713881250438
rf,y_XLRE,23,2025-12-18,-0.0037054858929839174,0.001363069671400129
rf,y_XLRE,21,2025-12-23,0.00647083921250502,0.0021450709611441567
rf,y_XLRE,22,2025-12-23,0.00647083921250502,0.0003177072290179134
rf,y_XLRE,23,2025-12-23,0.00647083921250502,0.004486269265875707
rf,y_XLRE,21,2025-12-29,0.002215115683531721,0.0031594382952610006
rf,y_XLRE,22,2025-12-29,0.002215115683531721,0.0019442842502337455
rf,y_XLRE,23,2025-12-29,0.002215115683531721,0.0008978574247247424
rf,y_XLRE,21,2025-12-30,-0.00908651118590631,0.00136045580623389
rf,y_XLRE,22,2025-12-30,-0.00908651118590631,0.0006019656543076735
rf,y_XLRE,23,2025-12-30,-0.00908651118590631,0.006357974938118362
rf,y_XLRE,22,2026-01-05,0.006678220522523981,-0.003733165748422711
rf,y_XLRE,23,2026-01-05,0.006678220522523981,-0.00205314521924508
rf,y_XLRE,24,2026-01-05,0.006678220522523981,-0.0037318095081268774
rf,y_XLRE,22,2026-01-06,-0.013759247243084638,0.0008153831673442228
rf,y_XLRE,23,2026-01-06,-0.013759247243084638,-0.0003074486642029121
rf,y_XLRE,24,2026-01-06,-0.013759247243084638,0.0015589561955575509
rf,y_XLRE,22,2026-01-07,0.007473822661240526,-0.0025904725121858197
rf,y_XLRE,23,2026-01-07,0.007473822661240526,-0.0008236966634657033
rf,y_XLRE,24,2026-01-07,0.007473822661240526,-0.00044706434668381295
rf,y_XLRE,22,2026-01-08,0.0014837135343370722,0.00022331351594901498
rf,y_XLRE,23,2026-01-08,0.0014837135343370722,0.0019718969279149123
rf,y_XLRE,24,2026-01-08,0.0014837135343370722,0.0014643275684191076
rf,y_XLRE,22,2026-01-12,0.007631742526897911,0.0007054024462712471
rf,y_XLRE,23,2026-01-12,0.007631742526897911,-7.553331707354134e-06
rf,y_XLRE,24,2026-01-12,0.007631742526897911,0.0014061636419871052
rf,y_XLRE,22,2026-01-13,0.011238677767966943,0.0015466931211529302
rf,y_XLRE,23,2026-01-13,0.011238677767966943,0.0006704360536446241
rf,y_XLRE,24,2026-01-13,0.011238677767966943,0.0029590664014682486
rf,y_XLRE,22,2026-01-14,0.007489765109021551,0.0020387429546941615
rf,y_XLRE,23,2026-01-14,0.007489765109021551,0.0006782838518160047
rf,y_XLRE,24,2026-01-14,0.007489765109021551,0.0012554200668186937
rf,y_XLRE,22,2026-01-15,0.012230175352573536,-0.0035792780733132396
rf,y_XLRE,23,2026-01-15,0.012230175352573536,-0.0027375692626596957
rf,y_XLRE,24,2026-01-15,0.012230175352573536,-0.0027684623627099512
rf,y_XLRE,22,2026-01-21,-0.009867625871011088,-0.0030748885420319133
rf,y_XLRE,23,2026-01-21,-0.009867625871011088,-0.0017902332365153956
rf,y_XLRE,24,2026-01-21,-0.009867625871011088,-0.003312171938653143
rf,y_XLRE,22,2026-01-22,0.0026738116670765866,-0.0007496797482732835
rf,y_XLRE,23,2026-01-22,0.0026738116670765866,-0.0029555199131442917
rf,y_XLRE,24,2026-01-22,0.0026738116670765866,-0.0025158135993367347
rf,y_XLRE,23,2026-01-26,0.0007277724019525422,0.0040180793182953145
rf,y_XLRE,24,2026-01-26,0.0007277724019525422,0.002838343727893216
rf,y_XLRE,23,2026-01-27,-0.009697006687973686,0.00042454787038195184
rf,y_XLRE,24,2026-01-27,-0.009697006687973686,-0.0006628610170091707
rf,y_XLRE,23,2026-01-28,0.012729509845468057,0.001632285645025569
rf,y_XLRE,24,2026-01-28,0.012729509845468057,0.002197621982559275
rf,y_XLRE,23,2026-01-29,0.001450359556204095,0.0003963243686258333
rf,y_XLRE,24,2026-01-29,0.001450359556204095,0.0014485380091119428
rf,y_XLRE,23,2026-02-02,-0.003662053577498825,-0.001710226188359909
rf,y_XLRE,24,2026-02-02,-0.003662053577498825,-0.001411605107480407
rf,y_XLRE,23,2026-02-03,0.01592741213694371,-0.0038229640113704028
rf,y_XLRE,24,2026-02-03,0.01592741213694371,-0.0034912658827190553
rf,y_XLRE,23,2026-02-04,-0.005547504759170763,-0.0018137083492761551
rf,y_XLRE,24,2026-02-04,-0.005547504759170763,0.00020623246007284342
rf,y_XLRE,23,2026-02-05,0.018433231740687228,0.0010032739167442036
rf,y_XLRE,24,2026-02-05,0.018433231740687228,0.00029520228552290344
rf,y_XLRE,23,2026-02-09,0.013964500652967837,0.0022298328823964803
rf,y_XLRE,24,2026-02-09,0.013964500652967837,0.0002572243765571913
rf,y_XLRE,23,2026-02-10,-0.000933728183587057,0.003627596302053397
rf,y_XLRE,24,2026-02-10,-0.000933728183587057,0.002105997207744973
rf,y_XLRE,23,2026-02-11,0.0016355069175704173,0.0017745603080477844
rf,y_XLRE,24,2026-02-11,0.0016355069175704173,0.0011681989645432127
rf,y_XLRE,23,2026-02-12,0.014695616603961792,-0.001726467880619196
rf,y_XLRE,24,2026-02-12,0.014695616603961792,-0.0010852657751563716
rf,y_XLRE,24,2026-02-17,-0.013427404893664674,-0.0016941467855878523
rf,y_XLRE,24,2026-02-18,-0.0034601549356726435,-0.0012224013382598254
rf,y_XLRE,24,2026-02-19,0.008333347314669615,0.003531246596803229
rf,y_XLRE,24,2026-02-23,0.002751637931788453,-0.0014279832856107205
rf,y_XLRE,24,2026-02-24,-0.006631624023852423,0.00230268337348056
rf,y_XLRE,24,2026-02-25,0.004373905327184735,-0.00037042061873026054
rf,y_XLRE,24,2026-02-26,0.004813180823553198,0.0042400240159518035
rf,y_XLRE,24,2026-03-02,-0.005009048615157163,0.0011291792184016
rf,y_XLRE,24,2026-03-03,0.0013729418202810262,-0.00016167703783104097
rf,y_XLRE,24,2026-03-04,-0.009597764740741366,0.0001256186304683382
rf,y_XLRE,24,2026-03-05,-0.010383035564262344,-0.0011764945108000433
rf,y_XLU,0,2024-08-05,0.008441751791375296,-0.002677654830933207
rf,y_XLU,0,2024-08-06,0.005626345218278761,-0.001970672407381031
rf,y_XLU,0,2024-08-07,0.0010917316572938152,-0.00031577741050388224
rf,y_XLU,0,2024-08-08,0.00340790015191339,-0.0012994789333985106
rf,y_XLU,0,2024-08-12,0.005831438259035648,0.0017701050488824301
rf,y_XLU,0,2024-08-13,-0.0006741579791542662,0.0007810519991887282
rf,y_XLU,0,2024-08-14,-0.00013498703920222788,0.0022040678579237573
rf,y_XLU,0,2024-08-15,0.004452808942507769,0.0013749249141029605
rf,y_XLU,0,2024-08-19,-0.002135275808850645,0.0035305798903745756
rf,y_XLU,0,2024-08-20,0.0070884961465746965,0.0006035616341174249
rf,y_XLU,0,2024-08-21,-0.0011954221046032165,0.0008199854451093225
rf,y_XLU,0,2024-08-22,0.002792056455866554,-0.0010270115035616635
rf,y_XLU,0,2024-08-26,-0.007904145770157633,-0.003020151619175351
rf,y_XLU,1,2024-08-26,-0.007904145770157633,-0.0027451685281164556
rf,y_XLU,0,2024-08-27,0.0,-0.0027346482975934717
rf,y_XLU,1,2024-08-27,0.0,-0.003636818679877518
rf,y_XLU,0,2024-08-28,0.005444160989517499,0.0029610431710862203
rf,y_XLU,1,2024-08-28,0.005444160989517499,0.0035597273556660647
rf,y_XLU,0,2024-08-29,0.007527785898848949,-0.0016981821132972558
rf,y_XLU,1,2024-08-29,0.007527785898848949,-0.0007457806916554029
rf,y_XLU,0,2024-09-03,0.008532397690855786,-0.002773292063378279
rf,y_XLU,1,2024-09-03,0.008532397690855786,-0.0027100206748070584
rf,y_XLU,0,2024-09-04,-0.002473147689831423,0.0036228790665046528
rf,y_XLU,1,2024-09-04,-0.002473147689831423,0.0040304589865173554
rf,y_XLU,0,2024-09-05,-0.009524847933273906,-0.0022661559704392448
rf,y_XLU,1,2024-09-05,-0.009524847933273906,-0.0024167854698025097
rf,y_XLU,0,2024-09-09,0.0046949068887964795,-0.0022633330875083207
rf,y_XLU,1,2024-09-09,0.0046949068887964795,-0.0012890893870403717
rf,y_XLU,0,2024-09-10,0.0031153462936592824,-0.0024846193597895766
rf,y_XLU,1,2024-09-10,0.0031153462936592824,-0.0009313965806163162
rf,y_XLU,0,2024-09-11,0.002199708595304939,0.00040279669889063213
rf,y_XLU,1,2024-09-11,0.002199708595304939,0.0004495852079564877
rf,y_XLU,0,2024-09-12,0.014073771229477394,-0.0013891450677165221
rf,y_XLU,1,2024-09-12,0.014073771229477394,-0.0001765309035292447
rf,y_XLU,2,2024-09-12,0.014073771229477394,-0.0007797039620179848
rf,y_XLU,0,2024-09-16,-0.0007581447718307821,-0.00048120612228739573
rf,y_XLU,1,2024-09-16,-0.0007581447718307821,-0.0036196380310377797
rf,y_XLU,2,2024-09-16,-0.0007581447718307821,-0.0006030867175364033
rf,y_XLU,0,2024-09-17,-0.007587199914256382,0.0002820244263322086
rf,y_XLU,1,2024-09-17,-0.007587199914256382,-0.0012044685637671525
rf,y_XLU,2,2024-09-17,-0.007587199914256382,-0.0014469542602519592
rf,y_XLU,0,2024-09-18,-0.005861493478533819,-0.0016292999335909173
rf,y_XLU,1,2024-09-18,-0.005861493478533819,-0.0006897769867787765
rf,y_XLU,2,2024-09-18,-0.005861493478533819,-0.0006286241105848744
rf,y_XLU,0,2024-09-19,0.0264035403069518,0.00048096441932063877
rf,y_XLU,1,2024-09-19,0.0264035403069518,-0.0007323969623186701
rf,y_XLU,2,2024-09-19,0.0264035403069518,-0.00017677908975311055
rf,y_XLU,0,2024-09-23,-0.00709569211439387,-0.0003100084828419734
rf,y_XLU,1,2024-09-23,-0.00709569211439387,0.0018764065070703633
rf,y_XLU,2,2024-09-23,-0.00709569211439387,-2.0087043449340537e-05
rf,y_XLU,0,2024-09-24,0.005265831645166141,0.0004198754069220545
rf,y_XLU,1,2024-09-24,0.005265831645166141,0.00033699850630364476
rf,y_XLU,2,2024-09-24,0.005265831645166141,0.0017794486152360798
rf,y_XLU,0,2024-09-25,-0.006859694947698891,-0.0005512824018885041
rf,y_XLU,1,2024-09-25,-0.006859694947698891,6.578771387281598e-05
rf,y_XLU,2,2024-09-25,-0.006859694947698891,0.0011008255162620875
rf,y_XLU,0,2024-09-26,0.00992087859850943,-0.00280445298253047
rf,y_XLU,1,2024-09-26,0.00992087859850943,-0.003366520990414429
rf,y_XLU,2,2024-09-26,0.00992087859850943,0.0005363503367378665
rf,y_XLU,0,2024-09-30,0.008046529017311732,-0.0005898369155447781
rf,y_XLU,1,2024-09-30,0.008046529017311732,-0.000544788007095375
rf,y_XLU,2,2024-09-30,0.008046529017311732,0.00233417894729273
rf,y_XLU,0,2024-10-01,0.0004912782085371159,0.001826649180906357
rf,y_XLU,1,2024-10-01,0.0004912782085371159,0.00224437065432966
rf,y_XLU,2,2024-10-01,0.0004912782085371159,0.002026243174691846
rf,y_XLU,0,2024-10-02,-0.0003682777295795914,0.0018801734888162225
rf,y_XLU,1,2024-10-02,-0.0003682777295795914,0.0016085002361260954
rf,y_XLU,2,2024-10-02,-0.0003682777295795914,0.00456490559699327
rf,y_XLU,0,2024-10-03,-0.0015962637906067334,0.0009695647403406615
rf,y_XLU,1,2024-10-03,-0.0015962637906067334,-0.0019398909742532435
rf,y_XLU,2,2024-10-03,-0.0015962637906067334,-0.003600390233878902
rf,y_XLU,1,2024-10-07,0.0005035849050023522,-0.003878060237824836
rf,y_XLU,2,2024-10-07,0.0005035849050023522,-0.002033463177557793
rf,y_XLU,3,2024-10-07,0.0005035849050023522,-0.0010337497227447942
rf,y_XLU,1,2024-10-08,-0.008555638880003769,0.00041760553318148836
rf,y_XLU,2,2024-10-08,-0.008555638880003769,0.0004997441410105506
rf,y_XLU,3,2024-10-08,-0.008555638880003769,1.354650742581472e-05
rf,y_XLU,1,2024-10-09,-0.0030458486881734803,0.0062375624454258545
rf,y_XLU,2,2024-10-09,-0.0030458486881734803,0.0056005702221819265
rf,y_XLU,3,2024-10-09,-0.0030458486881734803,0.007307517417523066
rf,y_XLU,1,2024-10-10,0.008783341785181475,0.0010370492265681772
rf,y_XLU,2,2024-10-10,0.008783341785181475,0.002387757333887347
rf,y_XLU,3,2024-10-10,0.008783341785181475,0.0015779723136864201
rf,y_XLU,1,2024-10-14,0.004486123876570991,0.000706935061253434
rf,y_XLU,2,2024-10-14,0.004486123876570991,-0.000148931268808213
rf,y_XLU,3,2024-10-14,0.004486123876570991,0.0006858621215165922
rf,y_XLU,1,2024-10-15,0.01984867125525369,-0.001362823166530889
rf,y_XLU,2,2024-10-15,0.01984867125525369,-0.0006013810849161796
rf,y_XLU,3,2024-10-15,0.01984867125525369,-0.001327398389753102
rf,y_XLU,1,2024-10-16,-0.008879701084744118,0.0008611225330917063
rf,y_XLU,2,2024-10-16,-0.008879701084744118,0.0018795391199996625
rf,y_XLU,3,2024-10-16,-0.008879701084744118,0.0027737577505780034
rf,y_XLU,1,2024-10-17,0.005768102265319763,0.006619926895481086
rf,y_XLU,2,2024-10-17,0.005768102265319763,0.007150535327276775
rf,y_XLU,3,2024-10-17,0.005768102265319763,0.008484012576191217
rf,y_XLU,1,2024-10-21,-0.0035525560888713947,0.002257039598808715
rf,y_XLU,2,2024-10-21,-0.0035525560888713947,0.0025281141912820927
rf,y_XLU,3,2024-10-21,-0.0035525560888713947,4.5783046892645486e-05
rf,y_XLU,1,2024-10-22,0.00958945524703636,0.00497361937722492
rf,y_XLU,2,2024-10-22,0.00958945524703636,0.004518394130002878
rf,y_XLU,3,2024-10-22,0.00958945524703636,0.005676891795428426
rf,y_XLU,1,2024-10-23,-0.006453970703729106,0.004609181694615829
rf,y_XLU,2,2024-10-23,-0.006453970703729106,0.0034918755064250896
rf,y_XLU,3,2024-10-23,-0.006453970703729106,0.007333171908153285
rf,y_XLU,1,2024-10-24,-0.014830373487779713,-0.0007871353560659581
rf,y_XLU,2,2024-10-24,-0.014830373487779713,-0.0006422479643013503
rf,y_XLU,3,2024-10-24,-0.014830373487779713,-0.0024646804830351756
rf,y_XLU,2,2024-10-28,-0.021355501556438394,0.0009317387029867109
rf,y_XLU,3,2024-10-28,-0.021355501556438394,0.0012386500711294777
rf,y_XLU,4,2024-10-28,-0.021355501556438394,0.001036655071936778
rf,y_XLU,2,2024-10-29,-0.002396556734910238,0.0021211059030360867
rf,y_XLU,3,2024-10-29,-0.002396556734910238,0.0015910091689427493
rf,y_XLU,4,2024-10-29,-0.002396556734910238,0.002349509381249881
rf,y_XLU,2,2024-10-30,0.010368176407261398,-0.00030124145841197716
rf,y_XLU,3,2024-10-30,0.010368176407261398,0.0006183537901488993
rf,y_XLU,4,2024-10-30,0.010368176407261398,0.000290001444523059
rf,y_XLU,2,2024-10-31,-0.022275048153769683,-0.00015679544319307606
rf,y_XLU,3,2024-10-31,-0.022275048153769683,-0.0013233354394705929
rf,y_XLU,4,2024-10-31,-0.022275048153769683,-0.00188005072196335
rf,y_XLU,2,2024-11-04,0.015025961592565196,0.0009424245091225729
rf,y_XLU,3,2024-11-04,0.015025961592565196,-0.0004936756261249397
rf,y_XLU,4,2024-11-04,0.015025961592565196,0.00162386571003491
rf,y_XLU,2,2024-11-05,-0.010336930707465664,-0.0035026979188528744
rf,y_XLU,3,2024-11-05,-0.010336930707465664,-0.0030923420078072398
rf,y_XLU,4,2024-11-05,-0.010336930707465664,-0.003208122301621889
rf,y_XLU,2,2024-11-06,0.0018054007550951656,0.0015465459261256957
rf,y_XLU,3,2024-11-06,0.0018054007550951656,0.0008271664135013605
rf,y_XLU,4,2024-11-06,0.0018054007550951656,-0.001044920010853088
rf,y_XLU,2,2024-11-07,0.01917863438696399,8.73567799279625e-05
rf,y_XLU,3,2024-11-07,0.01917863438696399,-8.881724176633596e-05
rf,y_XLU,4,2024-11-07,0.01917863438696399,-3.984731217503886e-05
rf,y_XLU,2,2024-11-11,-0.011460932579701377,0.007853070937133468
rf,y_XLU,3,2024-11-11,-0.011460932579701377,0.008984591385316364
rf,y_XLU,4,2024-11-11,-0.011460932579701377,0.008080687170088495
rf,y_XLU,2,2024-11-12,-0.0017837791521124746,0.0026242048646999572
rf,y_XLU,3,2024-11-12,-0.0017837791521124746,0.00504048251236813
rf,y_XLU,4,2024-11-12,-0.0017837791521124746,0.00479945702949764
rf,y_XLU,2,2024-11-13,-0.0034460837455713156,0.0011110332051251948
rf,y_XLU,3,2024-11-13,-0.0034460837455713156,2.5857662694835544e-05
rf,y_XLU,4,2024-11-13,-0.0034460837455713156,0.00036967071078087464
rf,y_XLU,2,2024-11-14,0.014984803099999278,0.0003495538894849576
rf,y_XLU,3,2024-11-14,0.014984803099999278,-0.0008269547322606143
rf,y_XLU,4,2024-11-14,0.014984803099999278,0.0006969762626883221
rf,y_XLU,3,2024-11-18,0.0063799544045766154,0.0028297123497358846
rf,y_XLU,4,2024-11-18,0.0063799544045766154,0.0017947805613730476
rf,y_XLU,5,2024-11-18,0.0063799544045766154,0.0017458767564494982
rf,y_XLU,3,2024-11-19,0.0004970659438525704,0.001205238465353737
rf,y_XLU,4,2024-11-19,0.0004970659438525704,-0.00032339784071103346
rf,y_XLU,5,2024-11-19,0.0004970659438525704,0.002054820520094074
rf,y_XLU,3,2024-11-20,0.017393383224288295,0.013964563337728785
rf,y_XLU,4,2024-11-20,0.017393383224288295,0.014540982796087782
rf,y_XLU,5,2024-11-20,0.017393383224288295,0.014141289488174025
rf,y_XLU,3,2024-11-21,-0.0053730283042230376,-0.0008884019450478185
rf,y_XLU,4,2024-11-21,-0.0053730283042230376,-0.0007577235938693426
rf,y_XLU,5,2024-11-21,-0.0053730283042230376,-1.0979566220537899e-05
rf,y_XLU,3,2024-11-25,0.015931436479335037,-0.0016279460814273034
rf,y_XLU,4,2024-11-25,0.015931436479335037,-0.0028339745813283812
rf,y_XLU,5,2024-11-25,0.015931436479335037,-0.0021004408835807935
rf,y_XLU,3,2024-11-26,0.0,0.00030572710438221684
rf,y_XLU,4,2024-11-26,0.0,-0.0013447371631019102
rf,y_XLU,5,2024-11-26,0.0,-0.00017907808302173496
rf,y_XLU,3,2024-12-02,-0.008625959840228514,-0.0009076765004387801
rf,y_XLU,4,2024-12-02,-0.008625959840228514,0.0003656090936778748
rf,y_XLU,5,2024-12-02,-0.008625959840228514,0.00225735705084719
rf,y_XLU,3,2024-12-03,-0.00012441401246010564,0.0011774579385855604
rf,y_XLU,4,2024-12-03,-0.00012441401246010564,0.0012141051935670361
rf,y_XLU,5,2024-12-03,-0.00012441401246010564,0.0006294040871208911
rf,y_XLU,3,2024-12-04,0.0031079831602141006,-0.0004782760641273207
rf,y_XLU,4,2024-12-04,0.0031079831602141006,-0.0005007523999427925
rf,y_XLU,5,2024-12-04,0.0031079831602141006,-0.0003320150708124229
rf,y_XLU,3,2024-12-05,-0.012393119943063358,0.002499684898152654
rf,y_XLU,4,2024-12-05,-0.012393119943063358,0.0021367167449847114
rf,y_XLU,5,2024-12-05,-0.012393119943063358,0.0019165463286454733
rf,y_XLU,4,2024-12-09,-0.007243575962979643,0.000345143227066777
rf,y_XLU,5,2024-12-09,-0.007243575962979643,-0.0008777408260769966
rf,y_XLU,6,2024-12-09,-0.007243575962979643,0.00011438498896908234
rf,y_XLU,4,2024-12-10,-0.006272442727966121,-0.0004518041351611666
rf,y_XLU,5,2024-12-10,-0.006272442727966121,6.520658521489697e-05
rf,y_XLU,6,2024-12-10,-0.006272442727966121,0.0009508848753845168
rf,y_XLU,4,2024-12-11,-0.0005154282967586576,3.12225959105387e-05
rf,y_XLU,5,2024-12-11,-0.0005154282967586576,0.0004995667674239682
rf,y_XLU,6,2024-12-11,-0.0005154282967586576,2.687296087841573e-05
rf,y_XLU,4,2024-12-12,0.0006445921310405112,0.0007542590170202525
rf,y_XLU,5,2024-12-12,0.0006445921310405112,0.0003513250147523026
rf,y_XLU,6,2024-12-12,0.0006445921310405112,0.000986463467427546
rf,y_XLU,4,2024-12-16,-0.004154953625190583,-0.0009943717600540672
rf,y_XLU,5,2024-12-16,-0.004154953625190583,0.0003175932208068379
rf,y_XLU,6,2024-12-16,-0.004154953625190583,-0.00014843383678540082
rf,y_XLU,4,2024-12-17,-0.023598270178865288,-0.004235039140610906
rf,y_XLU,5,2024-12-17,-0.023598270178865288,-0.002159919261310023
rf,y_XLU,6,2024-12-17,-0.023598270178865288,-0.004386301330795552
rf,y_XLU,4,2024-12-18,0.00454000670261423,0.0005806365853009134
rf,y_XLU,5,2024-12-18,0.00454000670261423,-0.0008439376858644432
rf,y_XLU,6,2024-12-18,0.00454000670261423,-1.3731046642638985e-05
rf,y_XLU,4,2024-12-19,0.015951097688404303,-0.0027013027258870606
rf,y_XLU,5,2024-12-19,0.015951097688404303,-0.0037340229190152025
rf,y_XLU,6,2024-12-19,0.015951097688404303,-0.0025712117912459567
rf,y_XLU,4,2024-12-23,0.005521913187489513,2.2508921728799553e-06
rf,y_XLU,5,2024-12-23,0.005521913187489513,-0.0009433158734747714
rf,y_XLU,6,2024-12-23,0.005521913187489513,0.0008695248287697521
rf,y_XLU,4,2024-12-26,-0.002883352130574335,0.0003596715833583897
rf,y_XLU,5,2024-12-26,-0.002883352130574335,-0.0001598148750887855
rf,y_XLU,6,2024-12-26,-0.002883352130574335,-0.0006195117748251498
rf,y_XLU,5,2024-12-30,-0.0009238424054747174,0.001003169870232684
rf,y_XLU,6,2024-12-30,-0.0009238424054747174,0.002046969064632319
rf,y_XLU,7,2024-12-30,-0.0009238424054747174,0.0008117708896852889
rf,y_XLU,5,2025-01-02,0.010620281392546005,-3.4792169467876e-05
rf,y_XLU,6,2025-01-02,0.010620281392546005,0.0003121538715190701
rf,y_XLU,7,2025-01-02,0.010620281392546005,0.00014338091329163435
rf,y_XLU,5,2025-01-06,-0.0024926738902836254,0.0016135710341079884
rf,y_XLU,6,2025-01-06,-0.0024926738902836254,0.00013742958328681794
rf,y_XLU,7,2025-01-06,-0.0024926738902836254,-0.0002943885304001572
rf,y_XLU,5,2025-01-07,-0.00026319450837930525,0.001178211957639492
rf,y_XLU,6,2025-01-07,-0.00026319450837930525,0.0011594255163354513
rf,y_XLU,7,2025-01-07,-0.00026319450837930525,0.000445686415108613
rf,y_XLU,5,2025-01-13,0.013119216536406686,-0.00011166974910367296
rf,y_XLU,6,2025-01-13,0.013119216536406686,0.00014619563357093728
rf,y_XLU,7,2025-01-13,0.013119216536406686,-0.0005327123778556254
rf,y_XLU,5,2025-01-14,0.014667074517448642,0.0010325345042802396
rf,y_XLU,6,2025-01-14,0.014667074517448642,0.001096914905763922
rf,y_XLU,7,2025-01-14,0.014667074517448642,0.0004814591357131424
rf,y_XLU,5,2025-01-15,0.025263706504522032,0.000802366867763952
rf,y_XLU,6,2025-01-15,0.025263706504522032,0.0007796751892253881
rf,y_XLU,7,2025-01-15,0.025263706504522032,-0.0004434252374990788
rf,y_XLU,5,2025-01-16,0.0013970291998639528,0.0022652335802463056
rf,y_XLU,6,2025-01-16,0.0013970291998639528,-0.00011922964307651921
rf,y_XLU,7,2025-01-16,0.0013970291998639528,0.0006629517898207445
rf,y_XLU,6,2025-01-21,-0.021611561064683427,-0.0002912836733220366
rf,y_XLU,7,2025-01-21,-0.021611561064683427,0.0011134866455498253
rf,y_XLU,8,2025-01-21,-0.021611561064683427,-0.00030849834445064356
rf,y_XLU,6,2025-01-22,0.004724125745167784,-0.003424179769299851
rf,y_XLU,7,2025-01-22,0.004724125745167784,-0.0025801975962243115
rf,y_XLU,8,2025-01-22,0.004724125745167784,-0.0047045841758252905
rf,y_XLU,6,2025-01-23,0.010166420347001548,0.0008649506948348169
rf,y_XLU,7,2025-01-23,0.010166420347001548,0.0009187499924044153
rf,y_XLU,8,2025-01-23,0.010166420347001548,0.002817104649041182
rf,y_XLU,6,2025-01-27,-0.013779762106280735,-0.0036945562077581985
rf,y_XLU,7,2025-01-27,-0.013779762106280735,-0.003574258121917135
rf,y_XLU,8,2025-01-27,-0.013779762106280735,-0.0034588113606174808
rf,y_XLU,6,2025-01-28,0.0020892043531444138,-0.002693173485320002
rf,y_XLU,7,2025-01-28,0.0020892043531444138,-0.0030666465673424978
rf,y_XLU,8,2025-01-28,0.0020892043531444138,-0.0020552821348983406
rf,y_XLU,6,2025-01-29,0.02084961162688681,0.0009753947019189441
rf,y_XLU,7,2025-01-29,0.02084961162688681,0.0003635821365305445
rf,y_XLU,8,2025-01-29,0.02084961162688681,9.329571129783702e-05
rf,y_XLU,6,2025-01-30,-0.005871771442263474,-0.0015881917943586278
rf,y_XLU,7,2025-01-30,-0.005871771442263474,-0.0025152907741548816
rf,y_XLU,8,2025-01-30,-0.005871771442263474,-0.0012856892092711486
rf,y_XLU,6,2025-02-03,-0.008812255698130378,0.0020217402792322516
rf,y_XLU,7,2025-02-03,-0.008812255698130378,0.0023654470901173182
rf,y_XLU,8,2025-02-03,-0.008812255698130378,0.0026217903281049995
rf,y_XLU,6,2025-02-04,0.010050157765515433,0.0006223120641427104
rf,y_XLU,7,2025-02-04,0.010050157765515433,0.0012139597364295208
rf,y_XLU,8,2025-02-04,0.010050157765515433,0.002060631125744432
rf,y_XLU,6,2025-02-05,-0.0011480180471480361,-0.0007268485172930707
rf,y_XLU,7,2025-02-05,-0.0011480180471480361,-0.0012519119916595193
rf,y_XLU,8,2025-02-05,-0.0011480180471480361,-0.0025364640231074365
rf,y_XLU,6,2025-02-06,-0.0020434114437856143,0.001008238721058922
rf,y_XLU,7,2025-02-06,-0.0020434114437856143,0.0012588384662543075
rf,y_XLU,8,2025-02-06,-0.0020434114437856143,-0.0005539655946236501
rf,y_XLU,7,2025-02-10,0.005063953863806869,0.0004838736854308162
rf,y_XLU,8,2025-02-10,0.005063953863806869,0.0003020996940848129
rf,y_XLU,9,2025-02-10,0.005063953863806869,0.001290853548324213
rf,y_XLU,7,2025-02-11,-0.0017633994387368235,-0.0009515547520158392
rf,y_XLU,8,2025-02-11,-0.0017633994387368235,-9.248370760604937e-05
rf,y_XLU,9,2025-02-11,-0.0017633994387368235,-0.0019529972475175795
rf,y_XLU,7,2025-02-12,0.002271218795001362,0.0012755526110594005
rf,y_XLU,8,2025-02-12,0.002271218795001362,0.0008748121982396532
rf,y_XLU,9,2025-02-12,0.002271218795001362,-0.0006557322571291158
rf,y_XLU,7,2025-02-13,-0.004154646549271335,0.000846400287523664
rf,y_XLU,8,2025-02-13,-0.004154646549271335,0.0004290944311124034
rf,y_XLU,9,2025-02-13,-0.004154646549271335,-0.001363490302488381
rf,y_XLU,7,2025-02-18,0.0052606763777320875,0.0014880436357977958
rf,y_XLU,8,2025-02-18,0.0052606763777320875,0.0017973987940049822
rf,y_XLU,9,2025-02-18,0.0052606763777320875,0.0006145696545969072
rf,y_XLU,7,2025-02-19,-0.00012475935426292661,0.0009495059933938057
rf,y_XLU,8,2025-02-19,-0.00012475935426292661,0.00015467426560018815
rf,y_XLU,9,2025-02-19,-0.00012475935426292661,0.001163052040144802
rf,y_XLU,7,2025-02-20,0.000249256484237792,0.001386575530404944
rf,y_XLU,8,2025-02-20,0.000249256484237792,0.00015356169382277815
rf,y_XLU,9,2025-02-20,0.000249256484237792,0.00022587306218536476
rf,y_XLU,7,2025-02-24,-0.005008159764354203,0.0021974962984899595
rf,y_XLU,8,2025-02-24,-0.005008159764354203,0.002320124050610419
rf,y_XLU,9,2025-02-24,-0.005008159764354203,0.002796048407383107
rf,y_XLU,7,2025-02-25,0.00415265423174449,-0.0002636896884297755
rf,y_XLU,8,2025-02-25,0.00415265423174449,-0.0002518876753584846
rf,y_XLU,9,2025-02-25,0.00415265423174449,-0.0012154211035870536
rf,y_XLU,7,2025-02-26,-0.02218059053771959,0.00132900021775057
rf,y_XLU,8,2025-02-26,-0.02218059053771959,0.002812686722145428
rf,y_XLU,9,2025-02-26,-0.02218059053771959,0.0013568034920212301
rf,y_XLU,7,2025-02-27,0.015250542690386615,-0.000658690185913797
rf,y_XLU,8,2025-02-27,0.015250542690386615,-0.001746516892143741
rf,y_XLU,9,2025-02-27,0.015250542690386615,-0.0024103125116073957
rf,y_XLU,8,2025-03-03,-0.016261262785163932,0.001345220140346599
rf,y_XLU,9,2025-03-03,-0.016261262785163932,-0.00030730942253371827
rf,y_XLU,10,2025-03-03,-0.016261262785163932,-0.0003446379341327327
rf,y_XLU,8,2025-03-04,-0.007047710409169183,-0.003697458514673129
rf,y_XLU,9,2025-03-04,-0.007047710409169183,-0.003260916622584907
rf,y_XLU,10,2025-03-04,-0.007047710409169183,-0.004769269271735257
rf,y_XLU,8,2025-03-05,-0.020776930787379744,-0.0012590488980912852
rf,y_XLU,9,2025-03-05,-0.020776930787379744,-0.0009316909322511557
rf,y_XLU,10,2025-03-05,-0.020776930787379744,-0.0013928569505806934
rf,y_XLU,8,2025-03-06,0.01858207053575267,0.0011230615855080265
rf,y_XLU,9,2025-03-06,0.01858207053575267,-0.0011466126278852232
rf,y_XLU,10,2025-03-06,0.01858207053575267,0.0003849371825480591
rf,y_XLU,8,2025-03-10,-0.00934217340781096,-0.0018041959885109593
rf,y_XLU,9,2025-03-10,-0.00934217340781096,0.0001489256901051857
rf,y_XLU,10,2025-03-10,-0.00934217340781096,-0.0009082053844410492
rf,y_XLU,8,2025-03-11,-0.0031004080487339047,-0.0027510917980136033
rf,y_XLU,9,2025-03-11,-0.0031004080487339047,-0.0014189593420194167
rf,y_XLU,10,2025-03-11,-0.0031004080487339047,-0.002062426099566638
rf,y_XLU,8,2025-03-12,0.002462089395850464,-0.00016916110720825253
rf,y_XLU,9,2025-03-12,0.002462089395850464,0.00041852149093249413
rf,y_XLU,10,2025-03-12,0.002462089395850464,0.001881447987922687
rf,y_XLU,8,2025-03-13,0.019519207282187923,0.001374346364796509
rf,y_XLU,9,2025-03-13,0.019519207282187923,-0.0013972928542639465
rf,y_XLU,10,2025-03-13,0.019519207282187923,-0.0005150253214355369
rf,y_XLU,8,2025-03-17,-0.006944487104921349,2.6375465893845503e-05
rf,y_XLU,9,2025-03-17,-0.006944487104921349,-0.0006491984242872515
rf,y_XLU,10,2025-03-17,-0.006944487104921349,-2.341746785602024e-06
rf,y_XLU,8,2025-03-18,0.00368729547313551,0.008540990927193622
rf,y_XLU,9,2025-03-18,0.00368729547313551,0.006029033235042889
rf,y_XLU,10,2025-03-18,0.00368729547313551,0.007599796401353978
rf,y_XLU,8,2025-03-19,0.004053888283268581,0.0031389746875632044
rf,y_XLU,9,2025-03-19,0.004053888283268581,0.003989120533786085
rf,y_XLU,10,2025-03-19,0.004053888283268581,0.0032636165213504615
rf,y_XLU,8,2025-03-20,-0.006434687113933135,-0.0024471918631834067
rf,y_XLU,9,2025-03-20,-0.006434687113933135,-0.0017568380124647453
rf,y_XLU,10,2025-03-20,-0.006434687113933135,-0.001965961685714232
rf,y_XLU,9,2025-03-24,-0.015990738489623846,-0.0019564377608028744
rf,y_XLU,10,2025-03-24,-0.015990738489623846,0.0017209633653937166
rf,y_XLU,11,2025-03-24,-0.015990738489623846,-0.00021248792250623446
rf,y_XLU,9,2025-03-25,0.006630308630676041,0.001405212663567416
rf,y_XLU,10,2025-03-25,0.006630308630676041,-0.0005844332083232567
rf,y_XLU,11,2025-03-25,0.006630308630676041,0.0005947178924135931
rf,y_XLU,9,2025-03-26,-0.00025832514934709394,-0.0020485038888355743
rf,y_XLU,10,2025-03-26,-0.00025832514934709394,-0.001199597233636086
rf,y_XLU,11,2025-03-26,-0.00025832514934709394,-0.0016903114090773867
rf,y_XLU,9,2025-03-27,0.007363514822353867,0.0016554068932860915
rf,y_XLU,10,2025-03-27,0.007363514822353867,0.0021036068895854522
rf,y_XLU,11,2025-03-27,0.007363514822353867,0.00029504542452237864
rf,y_XLU,9,2025-03-31,0.002536532571438155,-0.0014714049227253093
rf,y_XLU,10,2025-03-31,0.002536532571438155,-0.0001928277780126969
rf,y_XLU,11,2025-03-31,0.002536532571438155,0.0016519997515603466
rf,y_XLU,9,2025-04-01,0.004680535050094692,-0.0016080549313727702
rf,y_XLU,10,2025-04-01,0.004680535050094692,-0.0019004175657470017
rf,y_XLU,11,2025-04-01,0.004680535050094692,-0.0006090977182377722
rf,y_XLU,9,2025-04-02,-0.006295623105588399,-2.408620359833543e-05
rf,y_XLU,10,2025-04-02,-0.006295623105588399,-0.00021083025184240694
rf,y_XLU,11,2025-04-02,-0.006295623105588399,0.0007015301980774167
rf,y_XLU,9,2025-04-03,-0.05562596326534219,-0.002013553985948044
rf,y_XLU,10,2025-04-03,-0.05562596326534219,-0.0025245087462168977
rf,y_XLU,11,2025-04-03,-0.05562596326534219,-0.0026947937718000627
rf,y_XLU,9,2025-04-07,-0.004087758606392988,-0.0005399700572343402
rf,y_XLU,10,2025-04-07,-0.004087758606392988,-0.0025718693828337127
rf,y_XLU,11,2025-04-07,-0.004087758606392988,-0.0016289489506792544
rf,y_XLU,9,2025-04-08,0.03940359748523181,0.00033508119120040185
rf,y_XLU,10,2025-04-08,0.03940359748523181,-0.0008671477357335375
rf,y_XLU,11,2025-04-08,0.03940359748523181,-0.001481399148759884
rf,y_XLU,9,2025-04-09,-0.007502986240217835,-0.00027405695359560554
rf,y_XLU,10,2025-04-09,-0.007502986240217835,-0.000863376411855236
rf,y_XLU,11,2025-04-09,-0.007502986240217835,-0.0008315666895062995
rf,y_XLU,9,2025-04-10,0.012201539265065842,0.0005743602071607994
rf,y_XLU,10,2025-04-10,0.012201539265065842,-0.0005105652381288091
rf,y_XLU,11,2025-04-10,0.012201539265065842,0.0008436783002124397
rf,y_XLU,10,2025-04-14,-0.0001287804561014294,0.0044282800949415535
rf,y_XLU,11,2025-04-14,-0.0001287804561014294,0.005944090486948583
rf,y_XLU,12,2025-04-14,-0.0001287804561014294,0.004822280939045324
rf,y_XLU,10,2025-04-15,-0.009011279069988887,-0.0004170317525951252
rf,y_XLU,11,2025-04-15,-0.009011279069988887,0.0006602694208314987
rf,y_XLU,12,2025-04-15,-0.009011279069988887,-0.0016136947196193454
rf,y_XLU,10,2025-04-16,0.010262327293589779,-0.0003016115201589555
rf,y_XLU,11,2025-04-16,0.010262327293589779,-0.0004972379345770069
rf,y_XLU,12,2025-04-16,0.010262327293589779,-0.00025008330517142335
rf,y_XLU,10,2025-04-21,0.02726201549496632,-0.00013552112375131802
rf,y_XLU,11,2025-04-21,0.02726201549496632,0.0030925608255590142
rf,y_XLU,12,2025-04-21,0.02726201549496632,0.0016008699171560614
rf,y_XLU,10,2025-04-22,0.00423076727123739,-0.0029415142404545422
rf,y_XLU,11,2025-04-22,0.00423076727123739,-0.002288547370256248
rf,y_XLU,12,2025-04-22,0.00423076727123739,-0.0038288885509169305
rf,y_XLU,10,2025-04-23,0.001531943204299946,-0.0019710954782437267
rf,y_XLU,11,2025-04-23,0.001531943204299946,-0.00011540705733112019
rf,y_XLU,12,2025-04-23,0.001531943204299946,-0.0009051670388213602
rf,y_XLU,10,2025-04-24,-0.0030592992127923546,-0.0006144031278005168
rf,y_XLU,11,2025-04-24,-0.0030592992127923546,-0.0023194392024471137
rf,y_XLU,12,2025-04-24,-0.0030592992127923546,-0.0028779298980472425
rf,y_XLU,10,2025-04-28,0.007752016280758944,0.0025526707905289946
rf,y_XLU,11,2025-04-28,0.007752016280758944,0.004413357310352568
rf,y_XLU,12,2025-04-28,0.007752016280758944,0.003808144812899614
rf,y_XLU,10,2025-04-29,-0.005044178692547696,-0.0009619082318861411
rf,y_XLU,11,2025-04-29,-0.005044178692547696,-0.0024318880722424283
rf,y_XLU,12,2025-04-29,-0.005044178692547696,-0.001068588810341184
rf,y_XLU,10,2025-04-30,0.0029151441034991343,0.001897980667638576
rf,y_XLU,11,2025-04-30,0.0029151441034991343,0.001547089964996089
rf,y_XLU,12,2025-04-30,0.0029151441034991343,0.0018950464406955793
rf,y_XLU,10,2025-05-01,0.007835052196098147,0.0015776352940861966
rf,y_XLU,11,2025-05-01,0.007835052196098147,0.0008930638986473884
rf,y_XLU,12,2025-05-01,0.007835052196098147,0.0024388312324413234
rf,y_XLU,11,2025-05-05,0.0121934579749583,0.0029064933975878793
rf,y_XLU,12,2025-05-05,0.0121934579749583,0.0015233976843616371
rf,y_XLU,13,2025-05-05,0.0121934579749583,0.002405193524893572
rf,y_XLU,11,2025-05-06,0.002856396889075352,0.002330893281972294
rf,y_XLU,12,2025-05-06,0.002856396889075352,0.0032913466759782887
rf,y_XLU,13,2025-05-06,0.002856396889075352,0.0031115535467140976
rf,y_XLU,11,2025-05-07,-0.008049471372886585,-0.005160938098623098
rf,y_XLU,12,2025-05-07,-0.008049471372886585,-0.0009072466918276669
rf,y_XLU,13,2025-05-07,-0.008049471372886585,-0.0007937657965598014
rf,y_XLU,11,2025-05-08,0.0017478056609758763,0.0034302284754999302
rf,y_XLU,12,2025-05-08,0.0017478056609758763,0.001606390768066542
rf,y_XLU,13,2025-05-08,0.0017478056609758763,0.002376609070185648
rf,y_XLU,11,2025-05-12,-0.0013792344809012702,0.002674665252614055
rf,y_XLU,12,2025-05-12,-0.0013792344809012702,0.004005947649804027
rf,y_XLU,13,2025-05-12,-0.0013792344809012702,0.0036309883984264628
rf,y_XLU,11,2025-05-13,-0.004394152022183739,-0.0008667597694087555
rf,y_XLU,12,2025-05-13,-0.004394152022183739,-0.0011493709907791972
rf,y_XLU,13,2025-05-13,-0.004394152022183739,-0.0025977190631775423
rf,y_XLU,11,2025-05-14,0.021311421608442238,0.0004863227587009476
rf,y_XLU,12,2025-05-14,0.021311421608442238,-0.0005613504209580483
rf,y_XLU,13,2025-05-14,0.021311421608442238,-0.0016457903939230514
rf,y_XLU,11,2025-05-15,0.014693236441219781,0.0013069284638176
rf,y_XLU,12,2025-05-15,0.014693236441219781,0.001602863203698826
rf,y_XLU,13,2025-05-15,0.014693236441219781,0.002070185579101705
rf,y_XLU,11,2025-05-19,0.0029079637040809736,0.0009379849415965248
rf,y_XLU,12,2025-05-19,0.0029079637040809736,0.00015675917518527446
rf,y_XLU,13,2025-05-19,0.0029079637040809736,0.0025669053650805877
rf,y_XLU,11,2025-05-20,-0.018243233829178362,0.0003467567276379202
rf,y_XLU,12,2025-05-20,-0.018243233829178362,-0.0015729490786746958
rf,y_XLU,13,2025-05-20,-0.018243233829178362,-6.251184612418859e-05
rf,y_XLU,11,2025-05-21,-0.014275143099032217,-0.0010104853247681614
rf,y_XLU,12,2025-05-21,-0.014275143099032217,-8.544494739343248e-05
rf,y_XLU,13,2025-05-21,-0.014275143099032217,0.002634207235235006
rf,y_XLU,11,2025-05-22,0.011984925309932226,-0.0011821692588344923
rf,y_XLU,12,2025-05-22,0.011984925309932226,0.00022857142255985896
rf,y_XLU,13,2025-05-22,0.011984925309932226,-0.0011576558746037044
rf,y_XLU,12,2025-05-27,-0.01395866040595406,-0.001759921956098066
rf,y_XLU,13,2025-05-27,-0.01395866040595406,-0.003628931421344897
rf,y_XLU,14,2025-05-27,-0.01395866040595406,-0.002232703224872609
rf,y_XLU,12,2025-05-28,0.006953892580414678,-0.0038093000071147067
rf,y_XLU,13,2025-05-28,0.006953892580414678,-0.0017368308012247415
rf,y_XLU,14,2025-05-28,0.006953892580414678,-0.0022196873340608113
rf,y_XLU,12,2025-05-29,0.01023561615824442,0.0004324788655488576
rf,y_XLU,13,2025-05-29,0.01023561615824442,-0.002005502244567939
rf,y_XLU,14,2025-05-29,0.01023561615824442,-0.0019271634287719877
rf,y_XLU,12,2025-06-02,0.0026770492003791446,0.005522370763705166
rf,y_XLU,13,2025-06-02,0.0026770492003791446,0.004813596456772444
rf,y_XLU,14,2025-06-02,0.0026770492003791446,0.005866566260908635
rf,y_XLU,12,2025-06-03,-0.017475780670134555,0.0035399321456276184
rf,y_XLU,13,2025-06-03,-0.017475780670134555,0.0027625983293686246
rf,y_XLU,14,2025-06-03,-0.017475780670134555,0.0023213529890404308
rf,y_XLU,12,2025-06-04,-0.0016056606105263604,-0.00046920007951764173
rf,y_XLU,13,2025-06-04,-0.0016056606105263604,0.0009576176699836977
rf,y_XLU,14,2025-06-04,-0.0016056606105263604,0.0012305512895156598
rf,y_XLU,12,2025-06-05,0.004453684715561401,-0.0030767069609872995
rf,y_XLU,13,2025-06-05,0.004453684715561401,-0.00327745664254048
rf,y_XLU,14,2025-06-05,0.004453684715561401,-0.0027287915119159597
rf,y_XLU,12,2025-06-09,0.00235528232237181,0.0027554863315358935
rf,y_XLU,13,2025-06-09,0.00235528232237181,0.0025684834328222835
rf,y_XLU,14,2025-06-09,0.00235528232237181,0.002093501850028746
rf,y_XLU,12,2025-06-10,0.0006183699529058728,-0.002094476387842172
rf,y_XLU,13,2025-06-10,0.0006183699529058728,-0.0007687591141583729
rf,y_XLU,14,2025-06-10,0.0006183699529058728,0.0018512355245718334
rf,y_XLU,12,2025-06-11,0.012112156553059084,-0.0020432398232627202
rf,y_XLU,13,2025-06-11,0.012112156553059084,-0.0016658490813273475
rf,y_XLU,14,2025-06-11,0.012112156553059084,-0.0010854215419364552
rf,y_XLU,12,2025-06-12,-0.00573949073925617,0.0017407406993044763
rf,y_XLU,13,2025-06-12,-0.00573949073925617,-0.0002740900643938837
rf,y_XLU,14,2025-06-12,-0.00573949073925617,0.002436666327568398
rf,y_XLU,13,2025-07-02,0.007509564265414159,-0.0016422374835831737
rf,y_XLU,14,2025-07-02,0.007509564265414159,0.0003517665984788504
rf,y_XLU,15,2025-07-02,0.007509564265414159,0.00030427959534178316
rf,y_XLU,13,2025-07-07,-0.010608471736737624,0.0019113155058067385
rf,y_XLU,14,2025-07-07,-0.010608471736737624,0.0011218543276338088
rf,y_XLU,15,2025-07-07,-0.010608471736737624,0.0011375850331727935
rf,y_XLU,13,2025-07-08,0.009366538626564669,0.0005732524574415856
rf,y_XLU,14,2025-07-08,0.009366538626564669,0.0003669315889912539
rf,y_XLU,15,2025-07-08,0.009366538626564669,0.0008936731663865975
rf,y_XLU,13,2025-07-09,0.008180669763873327,-0.0029577980179881984
rf,y_XLU,14,2025-07-09,0.008180669763873327,-0.002245347397152603
rf,y_XLU,15,2025-07-09,0.008180669763873327,-0.003455827005771524
rf,y_XLU,13,2025-07-10,-0.0014533783079632157,0.0005896702171730486
rf,y_XLU,14,2025-07-10,-0.0014533783079632157,0.000737736120791226
rf,y_XLU,15,2025-07-10,-0.0014533783079632157,0.00048558684036882166
rf,y_XLU,13,2025-07-14,-0.00954339585602193,-3.291616954411621e-05
rf,y_XLU,14,2025-07-14,-0.00954339585602193,0.0022753279836365864
rf,y_XLU,15,2025-07-14,-0.00954339585602193,-0.0009716561164077736
rf,y_XLU,13,2025-07-15,0.00048785506108361965,0.003544891951666383
rf,y_XLU,14,2025-07-15,0.00048785506108361965,0.0047711773116265455
rf,y_XLU,15,2025-07-15,0.00048785506108361965,0.004499707547843322
rf,y_XLU,13,2025-07-16,0.004144887486275284,-0.002013715753345204
rf,y_XLU,14,2025-07-16,0.004144887486275284,-0.001647021134389274
rf,y_XLU,15,2025-07-16,0.004144887486275284,-0.0009279897328208266
rf,y_XLU,13,2025-07-17,0.016753680574142615,-0.0027599477326404154
rf,y_XLU,14,2025-07-17,0.016753680574142615,-0.0012187277333378507
rf,y_XLU,15,2025-07-17,0.016753680574142615,-0.001365227462148024
rf,y_XLU,13,2025-07-21,0.012259144232415586,-0.004621094221241891
rf,y_XLU,14,2025-07-21,0.012259144232415586,-0.00398601693242999
rf,y_XLU,15,2025-07-21,0.012259144232415586,-0.004228064194667822
rf,y_XLU,13,2025-07-22,-0.007524931995377626,-0.00032166533903326317
rf,y_XLU,14,2025-07-22,-0.007524931995377626,6.895557197107438e-05
rf,y_XLU,15,2025-07-22,-0.007524931995377626,-0.000630566575875451
rf,y_XLU,13,2025-07-23,-0.0013032526678359302,-0.0006492335319907792
rf,y_XLU,14,2025-07-23,-0.0013032526678359302,0.0001648973159709614
rf,y_XLU,15,2025-07-23,-0.0013032526678359302,0.0005394478864995934
rf,y_XLU,14,2025-07-24,0.0026096313194678977,0.00018738522037495264
rf,y_XLU,15,2025-07-24,0.0026096313194678977,0.00024794185673794047
rf,y_XLU,16,2025-07-24,0.0026096313194678977,-2.5807019315118863e-05
rf,y_XLU,14,2025-07-28,0.011480471686013072,-0.0012247828061535033
rf,y_XLU,15,2025-07-28,0.011480471686013072,-0.0009070222872045526
rf,y_XLU,16,2025-07-28,0.011480471686013072,-0.000161067675339475
rf,y_XLU,14,2025-07-29,0.007448449505309318,0.0004566640440170836
rf,y_XLU,15,2025-07-29,0.007448449505309318,0.0010260975070353951
rf,y_XLU,16,2025-07-29,0.007448449505309318,0.001357330008344774
rf,y_XLU,14,2025-07-30,0.005398460805240202,-0.0018274698787942199
rf,y_XLU,15,2025-07-30,0.005398460805240202,-0.0015451745355016394
rf,y_XLU,16,2025-07-30,0.005398460805240202,-0.0008272632192384129
rf,y_XLU,14,2025-07-31,0.0015174894726426302,-0.0013564408662417584
rf,y_XLU,15,2025-07-31,0.0015174894726426302,-0.0008392164622658562
rf,y_XLU,16,2025-07-31,0.0015174894726426302,-0.0010759172907974818
rf,y_XLU,14,2025-08-04,-0.010650433147686322,0.0013083584851526016
rf,y_XLU,15,2025-08-04,-0.010650433147686322,-1.205440387414732e-05
rf,y_XLU,16,2025-08-04,-0.010650433147686322,0.0007640062191473072
rf,y_XLU,14,2025-08-05,-0.008913055142345971,0.0010094810112131175
rf,y_XLU,15,2025-08-05,-0.008913055142345971,0.0010188662359587634
rf,y_XLU,16,2025-08-05,-0.008913055142345971,0.0020945995897786083
rf,y_XLU,14,2025-08-06,0.010861989057573185,-0.0008408134460797356
rf,y_XLU,15,2025-08-06,0.010861989057573185,0.00013391980098448978
rf,y_XLU,16,2025-08-06,0.010861989057573185,0.0015885153679892794
rf,y_XLU,14,2025-08-07,-0.004275060131584074,-0.00011870804659209755
rf,y_XLU,15,2025-08-07,-0.004275060131584074,-0.0006599390682736526
rf,y_XLU,16,2025-08-07,-0.004275060131584074,-0.0011017179649386282
rf,y_XLU,14,2025-08-11,0.004306817948443564,0.0006420748347466254
rf,y_XLU,15,2025-08-11,0.004306817948443564,0.001319510637771191
rf,y_XLU,16,2025-08-11,0.004306817948443564,0.00013766020015561393
rf,y_XLU,14,2025-08-12,0.0022021129449945054,-1.7016766172390598e-05
rf,y_XLU,15,2025-08-12,0.0022021129449945054,0.0010846771174635144
rf,y_XLU,16,2025-08-12,0.0022021129449945054,0.0008856340040809171
rf,y_XLU,15,2025-08-13,-0.006938779783859372,-0.001726678679165619
rf,y_XLU,16,2025-08-13,-0.006938779783859372,-0.0033704389692552645
rf,y_XLU,17,2025-08-13,-0.006938779783859372,-0.0026905257045692454
rf,y_XLU,15,2025-08-14,-0.0029113895646866172,0.0024088628759154056
rf,y_XLU,16,2025-08-14,-0.0029113895646866172,0.002080320351833164
rf,y_XLU,17,2025-08-14,-0.0029113895646866172,0.00298975414397691
rf,y_XLU,15,2025-08-18,0.009736180020752272,-0.0009031038711815348
rf,y_XLU,16,2025-08-18,0.009736180020752272,-0.0010503106413507445
rf,y_XLU,17,2025-08-18,0.009736180020752272,-0.0017075391907151849
rf,y_XLU,15,2025-08-19,0.0010454965393884574,0.0021029419958139887
rf,y_XLU,16,2025-08-19,0.0010454965393884574,0.003023934690266547
rf,y_XLU,17,2025-08-19,0.0010454965393884574,0.002269914181537177
rf,y_XLU,15,2025-08-20,-0.006846911925439403,0.0007965226941380392
rf,y_XLU,16,2025-08-20,-0.006846911925439403,0.0024121497055153438
rf,y_XLU,17,2025-08-20,-0.006846911925439403,0.0010696463288385667
rf,y_XLU,15,2025-08-21,0.005375120475668904,-0.002313148472438541
rf,y_XLU,16,2025-08-21,0.005375120475668904,-0.000927714378373797
rf,y_XLU,17,2025-08-21,0.005375120475668904,-0.0019359629563812494
rf,y_XLU,15,2025-08-25,0.002233525791564883,-0.0010426798463682154
rf,y_XLU,16,2025-08-25,0.002233525791564883,-0.0026511145914999146
rf,y_XLU,17,2025-08-25,0.002233525791564883,-0.00159525339182832
rf,y_XLU,15,2025-08-26,0.00023443594466643347,0.0027601114513793267
rf,y_XLU,16,2025-08-26,0.00023443594466643347,0.0017251016141928014
rf,y_XLU,17,2025-08-26,0.00023443594466643347,0.0012938714628582064
rf,y_XLU,15,2025-08-27,-0.007621874035321996,0.0012846468203962505
rf,y_XLU,16,2025-08-27,-0.007621874035321996,0.0014501993002576847
rf,y_XLU,17,2025-08-27,-0.007621874035321996,0.0025282723467974196
rf,y_XLU,15,2025-08-28,-0.003663047874182257,0.0019679338520671137
rf,y_XLU,16,2025-08-28,-0.003663047874182257,0.003443191625832879
rf,y_XLU,17,2025-08-28,-0.003663047874182257,0.002746397709671606
rf,y_XLU,15,2025-09-02,-0.0024988312913197808,-0.0002550764224495683
rf,y_XLU,16,2025-09-02,-0.0024988312913197808,4.291777310405087e-05
rf,y_XLU,17,2025-09-02,-0.0024988312913197808,0.0013990458271643414
rf,y_XLU,16,2025-09-03,-0.0011929137067288043,-0.0034511230166671867
rf,y_XLU,17,2025-09-03,-0.0011929137067288043,-0.004287703090260823
rf,y_XLU,18,2025-09-03,-0.0011929137067288043,-0.005359519473198268
rf,y_XLU,16,2025-09-04,-0.0031052060328556896,0.0018611409222262759
rf,y_XLU,17,2025-09-04,-0.0031052060328556896,0.0013122002899293966
rf,y_XLU,18,2025-09-04,-0.0031052060328556896,0.000839747834071943
rf,y_XLU,16,2025-09-08,0.006899087683227112,-0.0012905947611343976
rf,y_XLU,17,2025-09-08,0.006899087683227112,-0.005300828329310992
rf,y_XLU,18,2025-09-08,0.006899087683227112,-0.0041715005930857505
rf,y_XLU,16,2025-09-09,0.017189445560988448,-0.0022608273924921317
rf,y_XLU,17,2025-09-09,0.017189445560988448,-0.002488140887489526
rf,y_XLU,18,2025-09-09,0.017189445560988448,-0.0023000725697841138
rf,y_XLU,16,2025-09-10,0.005317950389328807,0.0021011907539123407
rf,y_XLU,17,2025-09-10,0.005317950389328807,0.0006267844333769488
rf,y_XLU,18,2025-09-10,0.005317950389328807,0.002229773230773872
rf,y_XLU,16,2025-09-11,0.005054586937357941,-0.0021943699765997757
rf,y_XLU,17,2025-09-11,0.005054586937357941,0.0003186888180198207
rf,y_XLU,18,2025-09-11,0.005054586937357941,-0.0005177766842286685
rf,y_XLU,16,2025-09-15,-0.01820304738851153,0.002120511820021434
rf,y_XLU,17,2025-09-15,-0.01820304738851153,0.0014833510458201213
rf,y_XLU,18,2025-09-15,-0.01820304738851153,0.0028335456176856832
rf,y_XLU,16,2025-09-16,0.002495861613495798,0.001086311081931308
rf,y_XLU,17,2025-09-16,0.002495861613495798,0.0029856118449015302
rf,y_XLU,18,2025-09-16,0.002495861613495798,0.0008605098388524533
rf,y_XLU,16,2025-09-17,0.000711445893828877,0.0020286950997992037
rf,y_XLU,17,2025-09-17,0.000711445893828877,0.003036614326264889
rf,y_XLU,18,2025-09-17,0.000711445893828877,0.0012511892342003015
rf,y_XLU,16,2025-09-18,0.006397177434880552,-0.0023390210569738594
rf,y_XLU,17,2025-09-18,0.006397177434880552,-0.0026703428588904046
rf,y_XLU,18,2025-09-18,0.006397177434880552,-0.0028346213439153834
rf,y_XLU,16,2025-09-22,0.005164334793387404,-0.00422921552352867
rf,y_XLU,17,2025-09-22,0.005164334793387404,-0.0033525278671397087
rf,y_XLU,18,2025-09-22,0.005164334793387404,-0.0018272635296538691
rf,y_XLU,17,2025-09-23,0.00712280604756832,-0.00012598631595056958
rf,y_XLU,18,2025-09-23,0.00712280604756832,-0.0009495402413385534
rf,y_XLU,19,2025-09-23,0.00712280604756832,0.00044494213484303863
rf,y_XLU,17,2025-09-24,-0.009623207417946644,-0.001444694331562238
rf,y_XLU,18,2025-09-24,-0.009623207417946644,-0.001648768530665611
rf,y_XLU,19,2025-09-24,-0.009623207417946644,-0.0014827263991536999
rf,y_XLU,17,2025-09-25,0.016272509622588638,0.0007594542195872392
rf,y_XLU,18,2025-09-25,0.016272509622588638,0.0027925995992817143
rf,y_XLU,19,2025-09-25,0.016272509622588638,0.0026004744893811577
rf,y_XLU,17,2025-09-29,0.001722984981645359,0.00045533770268818275
rf,y_XLU,18,2025-09-29,0.001722984981645359,-1.1702997506712886e-05
rf,y_XLU,19,2025-09-29,0.001722984981645359,0.0019544537657296634
rf,y_XLU,17,2025-09-30,0.00963194362243125,-0.00027230616381449614
rf,y_XLU,18,2025-09-30,0.00963194362243125,-0.0006091282212805342
rf,y_XLU,19,2025-09-30,0.00963194362243125,-7.613356760295213e-06
rf,y_XLU,17,2025-10-01,-0.0018171864670244453,0.002622049439065687
rf,y_XLU,18,2025-10-01,-0.0018171864670244453,0.001993628765026879
rf,y_XLU,19,2025-10-01,-0.0018171864670244453,0.0007407399256936805
rf,y_XLU,17,2025-10-02,0.011605478450498197,-0.001115198177774209
rf,y_XLU,18,2025-10-02,0.011605478450498197,0.0008826010138878117
rf,y_XLU,19,2025-10-02,0.011605478450498197,-0.0003953532600994005
rf,y_XLU,17,2025-10-06,0.0045673212152888,0.0002421074727593564
rf,y_XLU,18,2025-10-06,0.0045673212152888,0.0019462380375690203
rf,y_XLU,19,2025-10-06,0.0045673212152888,0.0035830107637099514
rf,y_XLU,17,2025-10-07,0.006875194017683661,0.0026520426046728273
rf,y_XLU,18,2025-10-07,0.006875194017683661,0.0028480416189882026
rf,y_XLU,19,2025-10-07,0.006875194017683661,0.0023448408309168444
rf,y_XLU,17,2025-10-08,-0.0025330913254637544,5.098308112063225e-05
rf,y_XLU,18,2025-10-08,-0.0025330913254637544,0.000650731148912571
rf,y_XLU,19,2025-10-08,-0.0025330913254637544,0.002849067115148021
rf,y_XLU,17,2025-10-09,-0.004085321494271876,0.0011587607542609079
rf,y_XLU,18,2025-10-09,-0.004085321494271876,0.001997005018816388
rf,y_XLU,19,2025-10-09,-0.004085321494271876,0.0019004546070930327
rf,y_XLU,18,2025-10-13,0.0089118001729791,0.0018595713395837294
rf,y_XLU,19,2025-10-13,0.0089118001729791,0.0005168402825048823
rf,y_XLU,20,2025-10-13,0.0089118001729791,0.0005312130966701125
rf,y_XLU,18,2025-10-14,0.013086251590014086,-0.0014888709609087974
rf,y_XLU,19,2025-10-14,0.013086251590014086,-0.0027651837022816777
rf,y_XLU,20,2025-10-14,0.013086251590014086,-0.0028886708270221754
rf,y_XLU,18,2025-10-15,-0.010871961981270495,-0.0012667127704348608
rf,y_XLU,19,2025-10-15,-0.010871961981270495,-0.0026999898246914075
rf,y_XLU,20,2025-10-15,-0.010871961981270495,-0.0027623566493017522
rf,y_XLU,18,2025-10-16,-0.003482412357908804,-0.0018169792373613194
rf,y_XLU,19,2025-10-16,-0.003482412357908804,-0.0025091000699087734
rf,y_XLU,20,2025-10-16,-0.003482412357908804,-0.0005253978616590216
rf,y_XLU,18,2025-10-20,-0.010159449362714734,0.00044254975430643717
rf,y_XLU,19,2025-10-20,-0.010159449362714734,0.0011454962912498478
rf,y_XLU,20,2025-10-20,-0.010159449362714734,0.0006353517381343405
rf,y_XLU,18,2025-10-21,-0.0023176723684522615,0.001070373975183056
rf,y_XLU,19,2025-10-21,-0.0023176723684522615,0.00031264242044478084
rf,y_XLU,20,2025-10-21,-0.0023176723684522615,0.000446244589022284
rf,y_XLU,18,2025-10-22,-0.0007742671224973963,0.0041666379602136065
rf,y_XLU,19,2025-10-22,-0.0007742671224973963,0.0029693715607555515
rf,y_XLU,20,2025-10-22,-0.0007742671224973963,0.00409090537689017
rf,y_XLU,18,2025-10-23,0.01173464963729054,-0.0013680868767602004
rf,y_XLU,19,2025-10-23,0.01173464963729054,0.00045390373099832846
rf,y_XLU,20,2025-10-23,0.01173464963729054,0.00011332822301057254
rf,y_XLU,18,2025-10-27,-0.0164775224540602,0.0003741919809955243
rf,y_XLU,19,2025-10-27,-0.0164775224540602,0.0007802059072917635
rf,y_XLU,20,2025-10-27,-0.0164775224540602,-0.0012436353683995408
rf,y_XLU,18,2025-10-28,-0.0003328593591171991,0.00046786947649664253
rf,y_XLU,19,2025-10-28,-0.0003328593591171991,-0.0007838003265480934
rf,y_XLU,20,2025-10-28,-0.0003328593591171991,0.0006396093358405491
rf,y_XLU,18,2025-10-29,-0.004217537112569336,0.0036363768813329643
rf,y_XLU,19,2025-10-29,-0.004217537112569336,0.0010259623933040686
rf,y_XLU,20,2025-10-29,-0.004217537112569336,0.001656889297250975
rf,y_XLU,18,2025-10-30,-0.006910443696217183,-0.0007802430016396495
rf,y_XLU,19,2025-10-30,-0.006910443696217183,0.0002573523775880123
rf,y_XLU,20,2025-10-30,-0.006910443696217183,-0.00025974617610520316
rf,y_XLU,19,2025-11-03,-0.0035894431004593885,-0.0009809795042356499
rf,y_XLU,20,2025-11-03,-0.0035894431004593885,-0.0004014661028315362
rf,y_XLU,21,2025-11-03,-0.0035894431004593885,-0.00035220337151200913
rf,y_XLU,19,2025-11-04,0.0002250672281260968,0.0004045835178452306
rf,y_XLU,20,2025-11-04,0.0002250672281260968,0.0017281225534751124
rf,y_XLU,21,2025-11-04,0.0002250672281260968,-0.0008145548297902696
rf,y_XLU,19,2025-11-05,-0.004389423857190877,0.002321832706397404
rf,y_XLU,20,2025-11-05,-0.004389423857190877,0.002059695707857669
rf,y_XLU,21,2025-11-05,-0.004389423857190877,0.00043963375157471304
rf,y_XLU,19,2025-11-06,0.0139046141039465,0.0007457295171438875
rf,y_XLU,20,2025-11-06,0.0139046141039465,0.0029935532711615385
rf,y_XLU,21,2025-11-06,0.0139046141039465,-0.00016641145563203638
rf,y_XLU,19,2025-11-10,0.0005575879281185525,-0.0008090532081385456
rf,y_XLU,20,2025-11-10,0.0005575879281185525,-0.00014921481147401236
rf,y_XLU,21,2025-11-10,0.0005575879281185525,0.00047058488703928444
rf,y_XLU,19,2025-11-11,0.0023408384108618563,-0.00018204166934304063
rf,y_XLU,20,2025-11-11,0.0023408384108618563,0.0009020678994676262
rf,y_XLU,21,2025-11-11,0.0023408384108618563,0.0005521566007452211
rf,y_XLU,19,2025-11-12,-0.013789976571058848,0.0033433910250905926
rf,y_XLU,20,2025-11-12,-0.013789976571058848,0.003366894744590907
rf,y_XLU,21,2025-11-12,-0.013789976571058848,0.0035443091868853148
rf,y_XLU,19,2025-11-13,0.0009021384356044937,0.0023958613884457144
rf,y_XLU,20,2025-11-13,0.0009021384356044937,0.0024744997656195766
rf,y_XLU,21,2025-11-13,0.0009021384356044937,0.0018730053549058684
rf,y_XLU,19,2025-11-17,-0.003796329696811207,0.0007609406348163807
rf,y_XLU,20,2025-11-17,-0.003796329696811207,-0.0005148434187775321
rf,y_XLU,21,2025-11-17,-0.003796329696811207,0.0005750130346900787
rf,y_XLU,19,2025-11-18,-0.008406187011535171,-0.0006998622634254751
rf,y_XLU,20,2025-11-18,-0.008406187011535171,-0.0007556461882223318
rf,y_XLU,21,2025-11-18,-0.008406187011535171,-9.865590333487847e-05
rf,y_XLU,19,2025-11-19,-0.0050864874018122785,0.0013428019794672489
rf,y_XLU,20,2025-11-19,-0.0050864874018122785,-2.5865841873251584e-06
rf,y_XLU,21,2025-11-19,-0.0050864874018122785,0.0013147278066449098
rf,y_XLU,19,2025-11-20,0.0014769673693519891,0.001850515269552111
rf,y_XLU,20,2025-11-20,0.0014769673693519891,0.0006572105270191114
rf,y_XLU,21,2025-11-20,0.0014769673693519891,0.0025949238364294616
rf,y_XLU,20,2025-11-24,-0.0038138749034546393,-0.0015090671603957652
rf,y_XLU,21,2025-11-24,-0.0038138749034546393,-0.000683763820379756
rf,y_XLU,22,2025-11-24,-0.0038138749034546393,-0.000594371110706482
rf,y_XLU,20,2025-11-25,0.013286804921332385,0.004582969385097572
rf,y_XLU,21,2025-11-25,0.013286804921332385,0.005290689841497909
rf,y_XLU,22,2025-11-25,0.013286804921332385,0.004047063381041922
rf,y_XLU,20,2025-12-01,-0.007117811985585698,0.003713501822630075
rf,y_XLU,21,2025-12-01,-0.007117811985585698,0.0038620831831595575
rf,y_XLU,22,2025-12-01,-0.007117811985585698,0.004502863279093024
rf,y_XLU,20,2025-12-02,-0.0031862281611558796,0.0013824708335256064
rf,y_XLU,21,2025-12-02,-0.0031862281611558796,0.000992346381365721
rf,y_XLU,22,2025-12-02,-0.0031862281611558796,0.00034509679105877987
rf,y_XLU,20,2025-12-03,-0.002054748964728348,0.0018499672829052516
rf,y_XLU,21,2025-12-03,-0.002054748964728348,0.0011315391043229012
rf,y_XLU,22,2025-12-03,-0.002054748964728348,0.0008343888292756211
rf,y_XLU,20,2025-12-04,-0.009380020889626528,0.0021499014760337416
rf,y_XLU,21,2025-12-04,-0.009380020889626528,0.000771383098006806
rf,y_XLU,22,2025-12-04,-0.009380020889626528,0.0002481292878793571
rf,y_XLU,20,2025-12-08,0.0007021715679080831,0.0030522338370104706
rf,y_XLU,21,2025-12-08,0.0007021715679080831,0.0018747412690460449
rf,y_XLU,22,2025-12-08,0.0007021715679080831,0.0022128878869321347
rf,y_XLU,20,2025-12-09,-0.0004678458467712865,-0.0013145286506906614
rf,y_XLU,21,2025-12-09,-0.0004678458467712865,-0.0016395511413958628
rf,y_XLU,22,2025-12-09,-0.0004678458467712865,-0.001850576048700564
rf,y_XLU,20,2025-12-10,0.007254914905562293,0.0026697824049553742
rf,y_XLU,21,2025-12-10,0.007254914905562293,0.002601393382354596
rf,y_XLU,22,2025-12-10,0.007254914905562293,0.002718569562124934
rf,y_XLU,20,2025-12-11,-0.004879192633411189,0.003324236585096735
rf,y_XLU,21,2025-12-11,-0.004879192633411189,0.0031196876392431783
rf,y_XLU,22,2025-12-11,-0.004879192633411189,0.001960512431096666
rf,y_XLU,21,2025-12-15,-0.004164734802386105,0.006863853472073795
rf,y_XLU,22,2025-12-15,-0.004164734802386105,0.007445656752928578
rf,y_XLU,23,2025-12-15,-0.004164734802386105,0.005854793565963602
rf,y_XLU,21,2025-12-16,-0.006505619943031338,-0.0007213246275236553
rf,y_XLU,22,2025-12-16,-0.006505619943031338,0.0017258366074644335
rf,y_XLU,23,2025-12-16,-0.006505619943031338,0.001685421475128566
rf,y_XLU,21,2025-12-17,0.009822285322100166,0.0010292681152873388
rf,y_XLU,22,2025-12-17,0.009822285322100166,0.0023105797469311113
rf,y_XLU,23,2025-12-17,0.009822285322100166,0.001589439728840426
rf,y_XLU,21,2025-12-18,-0.012737372149651871,0.0004949037571137099
rf,y_XLU,22,2025-12-18,-0.012737372149651871,1.1404124822151733e-05
rf,y_XLU,23,2025-12-18,-0.012737372149651871,0.0005958191133135106
rf,y_XLU,21,2025-12-23,0.00445805833336399,-0.0012888956965255022
rf,y_XLU,22,2025-12-23,0.00445805833336399,-0.00020655339615019235
rf,y_XLU,23,2025-12-23,0.00445805833336399,-0.001257566215667219
rf,y_XLU,21,2025-12-29,0.0023331421534544816,0.0017985576980529133
rf,y_XLU,22,2025-12-29,0.0023331421534544816,0.001211613640777387
rf,y_XLU,23,2025-12-29,0.0023331421534544816,-0.0012778059202480394
rf,y_XLU,21,2025-12-30,-0.006284926990635542,0.003394969992167039
rf,y_XLU,22,2025-12-30,-0.006284926990635542,0.0017508169751282675
rf,y_XLU,23,2025-12-30,-0.006284926990635542,0.0011087330924209873
rf,y_XLU,22,2026-01-05,0.004918011258091548,-0.0008672217169026682
rf,y_XLU,23,2026-01-05,0.004918011258091548,-0.0005564926714181165
rf,y_XLU,24,2026-01-05,0.004918011258091548,0.0005219120013521835
rf,y_XLU,22,2026-01-06,-0.024236796066781308,0.002748816995883607
rf,y_XLU,23,2026-01-06,-0.024236796066781308,0.0029960339407318227
rf,y_XLU,24,2026-01-06,-0.024236796066781308,0.0030878579322755673
rf,y_XLU,22,2026-01-07,0.0028660795233659275,-4.892488563322343e-05
rf,y_XLU,23,2026-01-07,0.0028660795233659275,0.0009604069455119435
rf,y_XLU,24,2026-01-07,0.0028660795233659275,-0.0009189856127955013
rf,y_XLU,22,2026-01-08,0.012383820487748887,0.0003639774455870548
rf,y_XLU,23,2026-01-08,0.012383820487748887,0.0006843739489050603
rf,y_XLU,24,2026-01-08,0.012383820487748887,0.0005835445352099039
rf,y_XLU,22,2026-01-12,0.006340926055796503,0.0019573686016616104
rf,y_XLU,23,2026-01-12,0.006340926055796503,0.0018697822228484734
rf,y_XLU,24,2026-01-12,0.006340926055796503,0.003538069133798481
rf,y_XLU,22,2026-01-13,0.007467904462528541,0.0009376753116403097
rf,y_XLU,23,2026-01-13,0.007467904462528541,-2.669320037244997e-05
rf,y_XLU,24,2026-01-13,0.007467904462528541,-0.0011807876983344705
rf,y_XLU,22,2026-01-14,0.010192320131316768,0.002068591762519666
rf,y_XLU,23,2026-01-14,0.010192320131316768,0.0017468629420749717
rf,y_XLU,24,2026-01-14,0.010192320131316768,0.0006152198488473925
rf,y_XLU,22,2026-01-15,-0.005044742435772909,-0.0017370352122820407
rf,y_XLU,23,2026-01-15,-0.005044742435772909,-0.004371333447134739
rf,y_XLU,24,2026-01-15,-0.005044742435772909,-0.0028516404876550994
rf,y_XLU,22,2026-01-21,-0.0072059825660710786,-0.0003399286183784378
rf,y_XLU,23,2026-01-21,-0.0072059825660710786,-0.0009593683758802781
rf,y_XLU,24,2026-01-21,-0.0072059825660710786,-0.0011080846482718926
rf,y_XLU,22,2026-01-22,-0.0035120045515564247,0.00030271490006479975
rf,y_XLU,23,2026-01-22,-0.0035120045515564247,-0.00016789554493716884
rf,y_XLU,24,2026-01-22,-0.0035120045515564247,-0.0011191406275418935
rf,y_XLU,23,2026-01-26,0.01306278020162277,0.0021212112903272453
rf,y_XLU,24,2026-01-26,0.01306278020162277,0.0011688339778256813
rf,y_XLU,23,2026-01-27,-0.002302520686585763,0.004762767076623844
rf,y_XLU,24,2026-01-27,-0.002302520686585763,0.0042559724416626815
rf,y_XLU,23,2026-01-28,0.0,0.0029795840103971323
rf,y_XLU,24,2026-01-28,0.0,0.002339664798342253
rf,y_XLU,23,2026-01-29,-0.0018463380492486081,0.003123835090268712
rf,y_XLU,24,2026-01-29,-0.0018463380492486081,0.002114825053324626
rf,y_XLU,23,2026-02-02,0.014547225765371818,-0.0015931025515910691
rf,y_XLU,24,2026-02-02,0.014547225765371818,-0.00171740243902077
rf,y_XLU,23,2026-02-03,-0.003700273848319169,0.0005217067678391622
rf,y_XLU,24,2026-02-03,-0.003700273848319169,0.0002806644446748256
rf,y_XLU,23,2026-02-04,0.00046417461041015073,0.0012525241035001911
rf,y_XLU,24,2026-02-04,0.00046417461041015073,0.0012300829010034385
rf,y_XLU,23,2026-02-05,0.005800464242478043,-0.00015627317028268732
rf,y_XLU,24,2026-02-05,0.005800464242478043,-0.001091292610514217
rf,y_XLU,23,2026-02-09,0.016559365875883136,0.0025366800332140634
rf,y_XLU,24,2026-02-09,0.016559365875883136,0.001253721758480189
rf,y_XLU,23,2026-02-10,0.008823515450602448,-7.862134656336784e-05
rf,y_XLU,24,2026-02-10,0.008823515450602448,-0.0012909497532727929
rf,y_XLU,23,2026-02-11,0.014801521532935125,0.0013256234014459773
rf,y_XLU,24,2026-02-11,0.014801521532935125,0.001071585026116037
rf,y_XLU,23,2026-02-12,0.027624309392265234,0.0015405603094150945
rf,y_XLU,24,2026-02-12,0.027624309392265234,0.0001892658047958027
rf,y_XLU,24,2026-02-17,-0.01660199310113908,-4.695322381232751e-06
rf,y_XLU,24,2026-02-18,0.010962508075181177,-0.0020890512034906937
rf,y_XLU,24,2026-02-19,0.004771225716569072,0.0019188710742476143
rf,y_XLU,24,2026-02-23,0.011139684112341675,0.0021221158502744103
rf,y_XLU,24,2026-02-24,0.0033898272208872093,0.0025211300445785846
rf,y_XLU,24,2026-02-25,-0.0038006820704398203,0.0015315669708804113
rf,y_XLU,24,2026-02-26,0.011657465737663575,0.005295530223263733
rf,y_XLU,24,2026-03-02,-0.006333106266097399,-0.0010016743260237216
rf,y_XLU,24,2026-03-03,0.004249007100831648,0.0020174807325783585
rf,y_XLU,24,2026-03-04,-0.007827351984381004,-0.0021099558311107962
rf,y_XLU,24,2026-03-05,-0.0034115104948093666,0.0005957166115317019
rf,y_XLV,0,2024-08-05,0.004631014264948385,0.0016950174169408027
rf,y_XLV,0,2024-08-06,-0.010168797884475667,-0.0012835595743059887
rf,y_XLV,0,2024-08-07,0.0221218518210351,0.0016468857284595425
rf,y_XLV,0,2024-08-08,0.004958427133664678,0.0003080971841920392
rf,y_XLV,0,2024-08-12,0.012114294528045688,0.0019095624153856719
rf,y_XLV,0,2024-08-13,0.003570921279469008,0.001566118838590916
rf,y_XLV,0,2024-08-14,0.006259784782244537,0.0017157954740958817
rf,y_XLV,0,2024-08-15,0.0010478451358497676,0.0012522634019651627
rf,y_XLV,0,2024-08-19,0.004031177752931381,0.001412655243522437
rf,y_XLV,0,2024-08-20,0.0016837785255379156,0.0009845746411665283
rf,y_XLV,0,2024-08-21,0.0006464484605377407,0.00021758000367984865
rf,y_XLV,0,2024-08-22,0.0043287201519239815,0.0009651856792927729
rf,y_XLV,0,2024-08-26,0.0015446062619379752,-0.0006467173089095677
rf,y_XLV,1,2024-08-26,0.0015446062619379752,-0.00020530062388625833
rf,y_XLV,0,2024-08-27,0.0011566932517306228,-0.0016077362088007649
rf,y_XLV,1,2024-08-27,0.0011566932517306228,-0.002284648963261755
rf,y_XLV,0,2024-08-28,0.002118170988795409,0.002282821605663145
rf,y_XLV,1,2024-08-28,0.002118170988795409,0.002687469304440146
rf,y_XLV,0,2024-08-29,0.0069179901236609,0.0002765207434668913
rf,y_XLV,1,2024-08-29,0.0069179901236609,0.0003551163969213659
rf,y_XLV,0,2024-09-03,-0.0017207249016383264,-0.001940603703601887
rf,y_XLV,1,2024-09-03,-0.0017207249016383264,-0.00046162178992237475
rf,y_XLV,0,2024-09-04,-0.013726756660423556,0.0016356076678707393
rf,y_XLV,1,2024-09-04,-0.013726756660423556,0.003005924930127535
rf,y_XLV,0,2024-09-05,-0.0034308055182327157,0.0013410922001051576
rf,y_XLV,1,2024-09-05,-0.0034308055182327157,0.001908701425721703
rf,y_XLV,0,2024-09-09,0.004579856809795224,-0.002627100665153694
rf,y_XLV,1,2024-09-09,0.004579856809795224,-0.0028251877145496337
rf,y_XLV,0,2024-09-10,-0.002953604524396969,-0.001072765905034284
rf,y_XLV,1,2024-09-10,-0.002953604524396969,0.0005260508989166681
rf,y_XLV,0,2024-09-11,0.003606304726851306,-0.0007391407972498061
rf,y_XLV,1,2024-09-11,0.003606304726851306,-0.0007419379034504108
rf,y_XLV,0,2024-09-12,0.0020533979919294953,-0.0017167718579604381
rf,y_XLV,1,2024-09-12,0.0020533979919294953,-0.0005259304654844106
rf,y_XLV,2,2024-09-12,0.0020533979919294953,0.00037174146875422937
rf,y_XLV,0,2024-09-16,-0.010302919513985875,-0.002504742329095123
rf,y_XLV,1,2024-09-16,-0.010302919513985875,-0.0012215500750883826
rf,y_XLV,2,2024-09-16,-0.010302919513985875,0.0005602115257218608
rf,y_XLV,0,2024-09-17,-0.0016704930565133447,0.0011844925688137304
rf,y_XLV,1,2024-09-17,-0.0016704930565133447,0.0006861631196839968
rf,y_XLV,2,2024-09-17,-0.0016704930565133447,0.0018445138733321246
rf,y_XLV,0,2024-09-18,0.003604447349311757,-3.653263643928299e-05
rf,y_XLV,1,2024-09-18,0.003604447349311757,-5.287355919702992e-05
rf,y_XLV,2,2024-09-18,0.003604447349311757,0.0005579893200755498
rf,y_XLV,0,2024-09-19,-0.004104688431757042,-0.001397232713268883
rf,y_XLV,1,2024-09-19,-0.004104688431757042,-0.0008654831003351469
rf,y_XLV,2,2024-09-19,-0.004104688431757042,-0.0006092805263787591
rf,y_XLV,0,2024-09-23,-0.0020077712617673216,0.0017885284397856304
rf,y_XLV,1,2024-09-23,-0.0020077712617673216,0.0014407538159894521
rf,y_XLV,2,2024-09-23,-0.0020077712617673216,0.001321444834494718
rf,y_XLV,0,2024-09-24,-0.009734632323534331,0.0008968293227081573
rf,y_XLV,1,2024-09-24,-0.009734632323534331,0.0025713652669186182
rf,y_XLV,2,2024-09-24,-0.009734632323534331,0.002006156152649648
rf,y_XLV,0,2024-09-25,0.0033424338221306193,-0.0017565895386630872
rf,y_XLV,1,2024-09-25,0.0033424338221306193,-0.0006908824692244288
rf,y_XLV,2,2024-09-25,0.0033424338221306193,-0.001004173193105363
rf,y_XLV,0,2024-09-26,-0.0005225307645209121,0.0006726323944064268
rf,y_XLV,1,2024-09-26,-0.0005225307645209121,-0.0018869270787503834
rf,y_XLV,2,2024-09-26,-0.0005225307645209121,-5.525802020996488e-05
rf,y_XLV,0,2024-09-30,-0.005259009056906572,-0.0004229168606188651
rf,y_XLV,1,2024-09-30,-0.005259009056906572,0.001370259919691952
rf,y_XLV,2,2024-09-30,-0.005259009056906572,0.00023225850406555318
rf,y_XLV,0,2024-10-01,-0.0020234673756607258,0.003871547335649722
rf,y_XLV,1,2024-10-01,-0.0020234673756607258,0.002890556910371934
rf,y_XLV,2,2024-10-01,-0.0020234673756607258,0.004038229065858779
rf,y_XLV,0,2024-10-02,-0.009025420828416841,-0.0005301968206802232
rf,y_XLV,1,2024-10-02,-0.009025420828416841,0.00044171011430800913
rf,y_XLV,2,2024-10-02,-0.009025420828416841,0.0001748476604398419
rf,y_XLV,0,2024-10-03,0.0007919178060757925,0.0009586485220487828
rf,y_XLV,1,2024-10-03,0.0007919178060757925,0.002036735983126494
rf,y_XLV,2,2024-10-03,0.0007919178060757925,0.0009414740092280993
rf,y_XLV,1,2024-10-07,0.005431687647895478,-0.0005841639271337647
rf,y_XLV,2,2024-10-07,0.005431687647895478,-0.0016562502009137188
rf,y_XLV,3,2024-10-07,0.005431687647895478,-0.0008846074579314347
rf,y_XLV,1,2024-10-08,0.010211471744613565,-0.0030086929569753305
rf,y_XLV,2,2024-10-08,0.010211471744613565,-0.002953464574854021
rf,y_XLV,3,2024-10-08,0.010211471744613565,-0.0037096010341237393
rf,y_XLV,1,2024-10-09,-0.0037172936393439215,-0.000939392823948947
rf,y_XLV,2,2024-10-09,-0.0037172936393439215,-0.0027245148801872815
rf,y_XLV,3,2024-10-09,-0.0037172936393439215,0.00018880133281028074
rf,y_XLV,1,2024-10-10,0.007331335483921064,0.002012237002488179
rf,y_XLV,2,2024-10-10,0.007331335483921064,0.0008193172824743782
rf,y_XLV,3,2024-10-10,0.007331335483921064,0.001051379292780172
rf,y_XLV,1,2024-10-14,-0.012213891270240862,0.003031002514279729
rf,y_XLV,2,2024-10-14,-0.012213891270240862,0.0020528840458777305
rf,y_XLV,3,2024-10-14,-0.012213891270240862,0.0014359831312909651
rf,y_XLV,1,2024-10-15,0.002812953874026025,-0.00020519951566996263
rf,y_XLV,2,2024-10-15,0.002812953874026025,0.00029153324612126813
rf,y_XLV,3,2024-10-15,0.002812953874026025,-0.0003760474195398202
rf,y_XLV,1,2024-10-16,-0.005806316307475856,0.0008459675735324736
rf,y_XLV,2,2024-10-16,-0.005806316307475856,0.0013751343896300755
rf,y_XLV,3,2024-10-16,-0.005806316307475856,0.0018796968655688787
rf,y_XLV,1,2024-10-17,0.0048560060731805965,-0.0007414561362301305
rf,y_XLV,2,2024-10-17,0.0048560060731805965,0.0012527971892646354
rf,y_XLV,3,2024-10-17,0.0048560060731805965,0.0023910674025505647
rf,y_XLV,1,2024-10-21,-0.001453792486454164,0.0008410259975128721
rf,y_XLV,2,2024-10-21,-0.001453792486454164,0.0003693218255289454
rf,y_XLV,3,2024-10-21,-0.001453792486454164,0.0005915511798934043
rf,y_XLV,1,2024-10-22,-0.004698648497306723,0.004269298199601748
rf,y_XLV,2,2024-10-22,-0.004698648497306723,0.002624465965549566
rf,y_XLV,3,2024-10-22,-0.004698648497306723,0.0025193282335834494
rf,y_XLV,1,2024-10-23,-0.0065823642293393325,0.002515351730425544
rf,y_XLV,2,2024-10-23,-0.0065823642293393325,0.0012881423866801503
rf,y_XLV,3,2024-10-23,-0.0065823642293393325,0.0009969853483681828
rf,y_XLV,1,2024-10-24,-0.005488295210631766,0.004234933266178843
rf,y_XLV,2,2024-10-24,-0.005488295210631766,0.003944963085043786
rf,y_XLV,3,2024-10-24,-0.005488295210631766,0.004379546178239788
rf,y_XLV,2,2024-10-28,-0.002755369264866303,0.0003980714028650661
rf,y_XLV,3,2024-10-28,-0.002755369264866303,0.0001480838341465886
rf,y_XLV,4,2024-10-28,-0.002755369264866303,0.0009557879131877121
rf,y_XLV,2,2024-10-29,-0.0018866225011316962,-0.0004481139693505461
rf,y_XLV,3,2024-10-29,-0.0018866225011316962,-0.0008416630891105225
rf,y_XLV,4,2024-10-29,-0.0018866225011316962,-0.0010133847637956365
rf,y_XLV,2,2024-10-30,-0.008439086488184477,-0.001522915653185201
rf,y_XLV,3,2024-10-30,-0.008439086488184477,-0.002228444920538914
rf,y_XLV,4,2024-10-30,-0.008439086488184477,-0.0012281476300574116
rf,y_XLV,2,2024-10-31,0.0059235794740717385,0.0007655500784342443
rf,y_XLV,3,2024-10-31,0.0059235794740717385,-0.0018177601115124185
rf,y_XLV,4,2024-10-31,0.0059235794740717385,-0.0014263200777284981
rf,y_XLV,2,2024-11-04,0.007358455576626843,0.0025446486015288463
rf,y_XLV,3,2024-11-04,0.007358455576626843,0.0005546320435370696
rf,y_XLV,4,2024-11-04,0.007358455576626843,0.00041747910893562187
rf,y_XLV,2,2024-11-05,0.0012850380157518604,0.0007128106981544138
rf,y_XLV,3,2024-11-05,0.0012850380157518604,0.0012340495579752837
rf,y_XLV,4,2024-11-05,0.0012850380157518604,-1.963791331549003e-05
rf,y_XLV,2,2024-11-06,0.007227688410349042,0.003994520985598443
rf,y_XLV,3,2024-11-06,0.007227688410349042,0.0002247978897011782
rf,y_XLV,4,2024-11-06,0.007227688410349042,0.0011634965771332587
rf,y_XLV,2,2024-11-07,0.007175928395738884,0.00347496757178139
rf,y_XLV,3,2024-11-07,0.007175928395738884,0.002804949591035502
rf,y_XLV,4,2024-11-07,0.007175928395738884,0.004870984677449686
rf,y_XLV,2,2024-11-11,-0.013931795879696174,0.0037203060991955277
rf,y_XLV,3,2024-11-11,-0.013931795879696174,0.0031732596354829695
rf,y_XLV,4,2024-11-11,-0.013931795879696174,0.00449571892846721
rf,y_XLV,2,2024-11-12,-0.0026488803283925,0.0006194505885665086
rf,y_XLV,3,2024-11-12,-0.0026488803283925,0.0013207952204203482
rf,y_XLV,4,2024-11-12,-0.0026488803283925,0.0022656474114128356
rf,y_XLV,2,2024-11-13,-0.01573259746987976,0.001720513071064316
rf,y_XLV,3,2024-11-13,-0.01573259746987976,-0.0002016301690740204
rf,y_XLV,4,2024-11-13,-0.01573259746987976,0.0016352184731433803
rf,y_XLV,2,2024-11-14,-0.018544182940750442,-0.0018448270259370265
rf,y_XLV,3,2024-11-14,-0.018544182940750442,-0.001404934696596047
rf,y_XLV,4,2024-11-14,-0.018544182940750442,-0.001528283769571831
rf,y_XLV,3,2024-11-18,-0.005143189318025265,0.000812906712527911
rf,y_XLV,4,2024-11-18,-0.005143189318025265,0.0011629991774229575
rf,y_XLV,5,2024-11-18,-0.005143189318025265,0.0005091980702947234
rf,y_XLV,3,2024-11-19,0.011826403955381926,0.0022775942176093615
rf,y_XLV,4,2024-11-19,0.011826403955381926,0.001258149239450304
rf,y_XLV,5,2024-11-19,0.011826403955381926,-0.00031972330783412625
rf,y_XLV,3,2024-11-20,0.008048726837258657,0.00412989920274913
rf,y_XLV,4,2024-11-20,0.008048726837258657,0.004235114489939474
rf,y_XLV,5,2024-11-20,0.008048726837258657,0.004541666044978342
rf,y_XLV,3,2024-11-21,0.0009026243247238774,0.0006829802734880069
rf,y_XLV,4,2024-11-21,0.0009026243247238774,0.00020902170569999471
rf,y_XLV,5,2024-11-21,0.0009026243247238774,-0.001275347721616124
rf,y_XLV,3,2024-11-25,0.005365086578400735,0.0009129370126310932
rf,y_XLV,4,2024-11-25,0.005365086578400735,0.0010758696993589704
rf,y_XLV,5,2024-11-25,0.005365086578400735,0.001413692176417855
rf,y_XLV,3,2024-11-26,0.005336242614221165,-0.001942378731637978
rf,y_XLV,4,2024-11-26,0.005336242614221165,-0.0012407925841932408
rf,y_XLV,5,2024-11-26,0.005336242614221165,-0.0025634652384939503
rf,y_XLV,3,2024-12-02,-0.0022424754486779497,0.0006598228285310722
rf,y_XLV,4,2024-12-02,-0.0022424754486779497,0.0018945527806478698
rf,y_XLV,5,2024-12-02,-0.0022424754486779497,0.00015166175421249816
rf,y_XLV,3,2024-12-03,-0.000545093673566921,0.0009705943800844987
rf,y_XLV,4,2024-12-03,-0.000545093673566921,0.002205991026669656
rf,y_XLV,5,2024-12-03,-0.000545093673566921,0.0011486236775981097
rf,y_XLV,3,2024-12-04,-0.011175997270387872,0.004108249023602451
rf,y_XLV,4,2024-12-04,-0.011175997270387872,0.0036584060004775155
rf,y_XLV,5,2024-12-04,-0.011175997270387872,0.003935743691415292
rf,y_XLV,3,2024-12-05,-0.005651424675207517,-0.0010019537758658918
rf,y_XLV,4,2024-12-05,-0.005651424675207517,0.00030043425914290655
rf,y_XLV,5,2024-12-05,-0.005651424675207517,0.0001478127829248934
rf,y_XLV,4,2024-12-09,-0.00414632095667411,0.0005129939660724836
rf,y_XLV,5,2024-12-09,-0.00414632095667411,2.552685264623396e-05
rf,y_XLV,6,2024-12-09,-0.00414632095667411,0.0010780220302236882
rf,y_XLV,4,2024-12-10,-0.013601735487148936,-0.00038881121165084873
rf,y_XLV,5,2024-12-10,-0.013601735487148936,0.00025526712357659687
rf,y_XLV,6,2024-12-10,-0.013601735487148936,7.06520387747415e-05
rf,y_XLV,4,2024-12-11,-0.007949951124831212,0.0009348890679963667
rf,y_XLV,5,2024-12-11,-0.007949951124831212,0.0004522378114528001
rf,y_XLV,6,2024-12-11,-0.007949951124831212,0.0014751602814764583
rf,y_XLV,4,2024-12-12,-0.00014180531214647019,0.0021252358912211416
rf,y_XLV,5,2024-12-12,-0.00014180531214647019,0.0011227020346289704
rf,y_XLV,6,2024-12-12,-0.00014180531214647019,0.00146430090899868
rf,y_XLV,4,2024-12-16,-0.0007176788943400458,-0.0004422511458932928
rf,y_XLV,5,2024-12-16,-0.0007176788943400458,-0.0001286941071037162
rf,y_XLV,6,2024-12-16,-0.0007176788943400458,-0.0007956278740928136
rf,y_XLV,4,2024-12-17,-0.013576561812162269,-0.0002630279636771519
rf,y_XLV,5,2024-12-17,-0.013576561812162269,-0.00021440267112092607
rf,y_XLV,6,2024-12-17,-0.013576561812162269,-7.07386224362098e-05
rf,y_XLV,4,2024-12-18,-0.0075736132307313575,0.0001340189923473308
rf,y_XLV,5,2024-12-18,-0.0075736132307313575,0.0002445649805846125
rf,y_XLV,6,2024-12-18,-0.0075736132307313575,0.0013880965621644906
rf,y_XLV,4,2024-12-19,0.012621046981279083,0.0006624526169621901
rf,y_XLV,5,2024-12-19,0.012621046981279083,-0.00010732707364540887
rf,y_XLV,6,2024-12-19,0.012621046981279083,0.0010158284354252404
rf,y_XLV,4,2024-12-23,0.004108127344114143,0.0004692825317721694
rf,y_XLV,5,2024-12-23,0.004108127344114143,0.0010039922496599
rf,y_XLV,6,2024-12-23,0.004108127344114143,-0.0001976865532617167
rf,y_XLV,4,2024-12-26,-0.0046562616057568285,-0.0008950627252254928
rf,y_XLV,5,2024-12-26,-0.0046562616057568285,0.0004124812060719
rf,y_XLV,6,2024-12-26,-0.0046562616057568285,-0.0009650014221373413
rf,y_XLV,5,2024-12-30,0.0024044268063494467,-0.00039664897352986175
rf,y_XLV,6,2024-12-30,0.0024044268063494467,0.00031276248086060016
rf,y_XLV,7,2024-12-30,0.0024044268063494467,0.0006278160593476365
rf,y_XLV,5,2025-01-02,0.009810522396269672,0.005085143255879128
rf,y_XLV,6,2025-01-02,0.009810522396269672,0.005580917406967081
rf,y_XLV,7,2025-01-02,0.009810522396269672,0.005195164506623964
rf,y_XLV,5,2025-01-06,0.004963290215322047,-0.0023284296791134798
rf,y_XLV,6,2025-01-06,0.004963290215322047,-0.002452528609572316
rf,y_XLV,7,2025-01-06,0.004963290215322047,-0.0029515464759843004
rf,y_XLV,5,2025-01-07,0.005153497426529929,-0.000817702859960175
rf,y_XLV,6,2025-01-07,0.005153497426529929,-0.00022464872664476425
rf,y_XLV,7,2025-01-07,0.005153497426529929,-4.1957518126113186e-05
rf,y_XLV,5,2025-01-13,-0.010321081910182772,-0.0007765745659498928
rf,y_XLV,6,2025-01-13,-0.010321081910182772,-0.001864234653234905
rf,y_XLV,7,2025-01-13,-0.010321081910182772,-0.0015586673833842925
rf,y_XLV,5,2025-01-14,0.0040715585481601035,0.0007925126947439937
rf,y_XLV,6,2025-01-14,0.0040715585481601035,0.0026171847588474084
rf,y_XLV,7,2025-01-14,0.0040715585481601035,0.002149794524551906
rf,y_XLV,5,2025-01-15,0.003983691882171625,-0.00231279860264824
rf,y_XLV,6,2025-01-15,0.003983691882171625,-0.002129436942392246
rf,y_XLV,7,2025-01-15,0.003983691882171625,-0.0012664416760020207
rf,y_XLV,5,2025-01-16,-0.006731376987586968,0.0009882391469905809
rf,y_XLV,6,2025-01-16,-0.006731376987586968,0.0005229416232866306
rf,y_XLV,7,2025-01-16,-0.006731376987586968,0.0004862803590782875
rf,y_XLV,6,2025-01-21,-0.0022455022126499635,0.000628537514663119
rf,y_XLV,7,2025-01-21,-0.0022455022126499635,-0.00021192038180120333
rf,y_XLV,8,2025-01-21,-0.0022455022126499635,0.0011695148938343503
rf,y_XLV,6,2025-01-22,0.013363221343936083,0.002816297990887997
rf,y_XLV,7,2025-01-22,0.013363221343936083,0.0024960392310876644
rf,y_XLV,8,2025-01-22,0.013363221343936083,0.0022385097312029273
rf,y_XLV,6,2025-01-23,0.001596363657525357,0.001418337709841529
rf,y_XLV,7,2025-01-23,0.001596363657525357,0.00047323544946802537
rf,y_XLV,8,2025-01-23,0.001596363657525357,0.0002362179331500976
rf,y_XLV,6,2025-01-27,-0.006980757246313529,-0.003144755771756594
rf,y_XLV,7,2025-01-27,-0.006980757246313529,-0.002933290353965878
rf,y_XLV,8,2025-01-27,-0.006980757246313529,-0.0029358849793795255
rf,y_XLV,6,2025-01-28,-0.005869319498052139,-0.003372498167380228
rf,y_XLV,7,2025-01-28,-0.005869319498052139,-0.003075920173249169
rf,y_XLV,8,2025-01-28,-0.005869319498052139,-0.0015513825825560425
rf,y_XLV,6,2025-01-29,0.01153345180718457,-0.00026635459376168067
rf,y_XLV,7,2025-01-29,0.01153345180718457,0.0011722751665807515
rf,y_XLV,8,2025-01-29,0.01153345180718457,0.000981468778719355
rf,y_XLV,6,2025-01-30,-0.003189847624154196,1.9129263872696052e-05
rf,y_XLV,7,2025-01-30,-0.003189847624154196,0.0003535370221753977
rf,y_XLV,8,2025-01-30,-0.003189847624154196,0.001096513283212309
rf,y_XLV,6,2025-02-03,-0.002713043185219255,0.0012054464049974577
rf,y_XLV,7,2025-02-03,-0.002713043185219255,0.0013121202287399289
rf,y_XLV,8,2025-02-03,-0.002713043185219255,0.0001307100077761821
rf,y_XLV,6,2025-02-04,0.009589171864215817,0.001538492493822033
rf,y_XLV,7,2025-02-04,0.009589171864215817,0.0016107867643790103
rf,y_XLV,8,2025-02-04,0.009589171864215817,0.0015999410087937482
rf,y_XLV,6,2025-02-05,-0.00895921786120113,-0.0020447259666434865
rf,y_XLV,7,2025-02-05,-0.00895921786120113,-0.0006576915984837043
rf,y_XLV,8,2025-02-05,-0.00895921786120113,-0.000792364135363179
rf,y_XLV,6,2025-02-06,-0.004690026385224311,-0.0006839148916223762
rf,y_XLV,7,2025-02-06,-0.004690026385224311,-0.0009355979951935591
rf,y_XLV,8,2025-02-06,-0.004690026385224311,-0.0017243727622777455
rf,y_XLV,7,2025-02-10,-0.0018456431042039867,0.0012108739091070075
rf,y_XLV,8,2025-02-10,-0.0018456431042039867,0.002082908569637787
rf,y_XLV,9,2025-02-10,-0.0018456431042039867,0.001734667916047275
rf,y_XLV,7,2025-02-11,-0.0014378827832596253,-0.0010044460755805145
rf,y_XLV,8,2025-02-11,-0.0014378827832596253,-0.0019156397834808492
rf,y_XLV,9,2025-02-11,-0.0014378827832596253,-0.002715059749212086
rf,y_XLV,7,2025-02-12,0.003908840086390697,2.6704022522585265e-05
rf,y_XLV,8,2025-02-12,0.003908840086390697,-0.0002376147943418912
rf,y_XLV,9,2025-02-12,0.003908840086390697,-2.468629609256682e-05
rf,y_XLV,7,2025-02-13,-0.0108613865145748,-0.0014497885789399193
rf,y_XLV,8,2025-02-13,-0.0108613865145748,-0.001539605023278497
rf,y_XLV,9,2025-02-13,-0.0108613865145748,-0.0009186593510238807
rf,y_XLV,7,2025-02-18,0.013008359984627571,-0.00036389481240297526
rf,y_XLV,8,2025-02-18,0.013008359984627571,-0.00037945021715250863
rf,y_XLV,9,2025-02-18,0.013008359984627571,0.0005708150071171499
rf,y_XLV,7,2025-02-19,0.00560123852577088,-0.0012821626172678134
rf,y_XLV,8,2025-02-19,0.00560123852577088,-0.0017305279441727976
rf,y_XLV,9,2025-02-19,0.00560123852577088,-0.0018470054304405533
rf,y_XLV,7,2025-02-20,-0.005366167442269587,0.0005685306227633034
rf,y_XLV,8,2025-02-20,-0.005366167442269587,0.0015469269365184558
rf,y_XLV,9,2025-02-20,-0.005366167442269587,0.0019039066750970919
rf,y_XLV,7,2025-02-24,0.008603267291470207,0.001109812530265015
rf,y_XLV,8,2025-02-24,0.008603267291470207,0.0006360695670705195
rf,y_XLV,9,2025-02-24,0.008603267291470207,0.0012513780186177187
rf,y_XLV,7,2025-02-25,-0.007186571689733912,0.001977859626144246
rf,y_XLV,8,2025-02-25,-0.007186571689733912,0.0023367908609820296
rf,y_XLV,9,2025-02-25,-0.007186571689733912,0.0024030480500518547
rf,y_XLV,7,2025-02-26,-0.004058998225120569,0.0011786032653402945
rf,y_XLV,8,2025-02-26,-0.004058998225120569,0.002262193616578694
rf,y_XLV,9,2025-02-26,-0.004058998225120569,0.00236821329949465
rf,y_XLV,7,2025-02-27,0.011615217560284385,-0.0013044277527415817
rf,y_XLV,8,2025-02-27,0.011615217560284385,-0.0009288881233970249
rf,y_XLV,9,2025-02-27,0.011615217560284385,-0.0023587475678886693
rf,y_XLV,8,2025-03-03,-0.009292741227348578,0.0017149381130590613
rf,y_XLV,9,2025-03-03,-0.009292741227348578,0.000976568900241436
rf,y_XLV,10,2025-03-03,-0.009292741227348578,-0.0001912935510258146
rf,y_XLV,8,2025-03-04,0.010054577200627968,-3.559398455318663e-05
rf,y_XLV,9,2025-03-04,0.010054577200627968,0.00013715816821177618
rf,y_XLV,10,2025-03-04,0.010054577200627968,0.0004375217415715976
rf,y_XLV,8,2025-03-05,-0.0027390405183803646,0.000555809259371178
rf,y_XLV,9,2025-03-05,-0.0027390405183803646,0.001587768555431688
rf,y_XLV,10,2025-03-05,-0.0027390405183803646,0.0002355588739473761
rf,y_XLV,8,2025-03-06,6.69893528537635e-05,0.0018231889301904439
rf,y_XLV,9,2025-03-06,6.69893528537635e-05,0.002335243449698247
rf,y_XLV,10,2025-03-06,6.69893528537635e-05,0.0009330218340977784
rf,y_XLV,8,2025-03-10,-0.010902670775282064,0.0011858370007966034
rf,y_XLV,9,2025-03-10,-0.010902670775282064,-1.2406843502253221e-05
rf,y_XLV,10,2025-03-10,-0.010902670775282064,0.0005385040927389219
rf,y_XLV,8,2025-03-11,-0.009995818952233448,0.0015174467096592998
rf,y_XLV,9,2025-03-11,-0.009995818952233448,0.0006856249756345218
rf,y_XLV,10,2025-03-11,-0.009995818952233448,0.0020585837771991892
rf,y_XLV,8,2025-03-12,-0.005325090830215262,0.00030408520915524336
rf,y_XLV,9,2025-03-12,-0.005325090830215262,0.00035661838159469774
rf,y_XLV,10,2025-03-12,-0.005325090830215262,0.000744826801416255
rf,y_XLV,8,2025-03-13,0.007647752149007259,0.0006224279399105415
rf,y_XLV,9,2025-03-13,0.007647752149007259,0.0002925518748615195
rf,y_XLV,10,2025-03-13,0.007647752149007259,0.001629396322302897
rf,y_XLV,8,2025-03-17,0.0004768070957190673,0.0015252436646707474
rf,y_XLV,9,2025-03-17,0.0004768070957190673,0.002791271926330164
rf,y_XLV,10,2025-03-17,0.0004768070957190673,2.303429005219848e-05
rf,y_XLV,8,2025-03-18,0.0005449950285330019,0.001804389140790578
rf,y_XLV,9,2025-03-18,0.0005449950285330019,0.002142688993404321
rf,y_XLV,10,2025-03-18,0.0005449950285330019,0.0022738895974858805
rf,y_XLV,8,2025-03-19,0.0006124419672925985,0.0017314597463558845
rf,y_XLV,9,2025-03-19,0.0006124419672925985,0.0020831696230192848
rf,y_XLV,10,2025-03-19,0.0006124419672925985,0.0017272498211906389
rf,y_XLV,8,2025-03-20,-0.0027889981279934917,-0.0018504902245548701
rf,y_XLV,9,2025-03-20,-0.0027889981279934917,-0.0016097085467391044
rf,y_XLV,10,2025-03-20,-0.0027889981279934917,0.00041831876181574004
rf,y_XLV,9,2025-03-24,-0.012776028585609778,-0.0008565344876553277
rf,y_XLV,10,2025-03-24,-0.012776028585609778,-0.0016075525197217148
rf,y_XLV,11,2025-03-24,-0.012776028585609778,-0.0003189720143170621
rf,y_XLV,9,2025-03-25,-0.0036482975179439325,-0.001113617807021112
rf,y_XLV,10,2025-03-25,-0.0036482975179439325,0.0007853385666882003
rf,y_XLV,11,2025-03-25,-0.0036482975179439325,-0.0001582563205549679
rf,y_XLV,9,2025-03-26,0.0015890509155636057,-0.0018981130964699907
rf,y_XLV,10,2025-03-26,0.0015890509155636057,-0.002063007411210613
rf,y_XLV,11,2025-03-26,0.0015890509155636057,-0.0013601995521233784
rf,y_XLV,9,2025-03-27,-0.003104135785615525,-0.00020473569167932988
rf,y_XLV,10,2025-03-27,-0.003104135785615525,0.0004145728664633058
rf,y_XLV,11,2025-03-27,-0.003104135785615525,0.0008446227030201537
rf,y_XLV,9,2025-03-31,-0.018286328215126102,0.0008101533903840515
rf,y_XLV,10,2025-03-31,-0.018286328215126102,0.001168386516775586
rf,y_XLV,11,2025-03-31,-0.018286328215126102,0.0018382376717882675
rf,y_XLV,9,2025-04-01,0.006697223660077745,-0.00291126240627974
rf,y_XLV,10,2025-04-01,0.006697223660077745,-0.0019244583989330387
rf,y_XLV,11,2025-04-01,0.006697223660077745,-0.0019080083761057428
rf,y_XLV,9,2025-04-02,-0.008108077979380734,-0.000589434683138341
rf,y_XLV,10,2025-04-02,-0.008108077979380734,-0.000116589625035729
rf,y_XLV,11,2025-04-02,-0.008108077979380734,-8.823661633681942e-05
rf,y_XLV,9,2025-04-03,-0.05484511862558683,-0.0019289913271734766
rf,y_XLV,10,2025-04-03,-0.05484511862558683,-0.001155235124553077
rf,y_XLV,11,2025-04-03,-0.05484511862558683,-0.0014171771019088415
rf,y_XLV,9,2025-04-07,-0.011080532507856788,0.0023708912622825945
rf,y_XLV,10,2025-04-07,-0.011080532507856788,0.001184788394924119
rf,y_XLV,11,2025-04-07,-0.011080532507856788,0.002656965495512953
rf,y_XLV,9,2025-04-08,0.043465092188705645,-0.0009402542883486696
rf,y_XLV,10,2025-04-08,0.043465092188705645,-0.0009509206899773415
rf,y_XLV,11,2025-04-08,0.043465092188705645,-0.0009363040431739078
rf,y_XLV,9,2025-04-09,-0.027889803374456235,0.0014351076371094654
rf,y_XLV,10,2025-04-09,-0.027889803374456235,0.002310533718495861
rf,y_XLV,11,2025-04-09,-0.027889803374456235,0.001701464789559252
rf,y_XLV,9,2025-04-10,0.014678659230176416,0.00011713260912447436
rf,y_XLV,10,2025-04-10,0.014678659230176416,0.0005598211747579314
rf,y_XLV,11,2025-04-10,0.014678659230176416,-0.0005079028814998258
rf,y_XLV,10,2025-04-14,-0.006135353576628422,-0.0011067683646324637
rf,y_XLV,11,2025-04-14,-0.006135353576628422,-0.003079589846633658
rf,y_XLV,12,2025-04-14,-0.006135353576628422,-0.002362465435735081
rf,y_XLV,10,2025-04-15,-0.010167842303072328,0.0005431927478810338
rf,y_XLV,11,2025-04-15,-0.010167842303072328,-0.0009722633426275023
rf,y_XLV,12,2025-04-15,-0.010167842303072328,-0.0003971662444604627
rf,y_XLV,10,2025-04-16,-0.005869847186730337,-0.0003364884818360392
rf,y_XLV,11,2025-04-16,-0.005869847186730337,-6.162759054456068e-05
rf,y_XLV,12,2025-04-16,-0.005869847186730337,-0.0003023333862841963
rf,y_XLV,10,2025-04-21,0.018782361430162986,0.0012259062829989295
rf,y_XLV,11,2025-04-21,0.018782361430162986,-0.0016101037933454521
rf,y_XLV,12,2025-04-21,0.018782361430162986,0.0016673372335514033
rf,y_XLV,10,2025-04-22,0.004960747599333404,-0.00196771434778522
rf,y_XLV,11,2025-04-22,0.004960747599333404,-0.0027405909934241257
rf,y_XLV,12,2025-04-22,0.004960747599333404,-0.0009488369123282482
rf,y_XLV,10,2025-04-23,0.012230283135544529,-0.0005780048557951297
rf,y_XLV,11,2025-04-23,0.012230283135544529,-0.0011618790986994976
rf,y_XLV,12,2025-04-23,0.012230283135544529,0.0015866369315549985
rf,y_XLV,10,2025-04-24,0.004803778537140868,-0.003165717112390376
rf,y_XLV,11,2025-04-24,0.004803778537140868,-0.004194719172162883
rf,y_XLV,12,2025-04-24,0.004803778537140868,-0.0023239342667889756
rf,y_XLV,10,2025-04-28,0.004906135274881596,-0.0001373133788507591
rf,y_XLV,11,2025-04-28,0.004906135274881596,-0.000563813709256696
rf,y_XLV,12,2025-04-28,0.004906135274881596,-0.0022406341545094023
rf,y_XLV,10,2025-04-29,0.008543902885399524,-0.0017680845024711344
rf,y_XLV,11,2025-04-29,0.008543902885399524,-0.00036686116541035654
rf,y_XLV,12,2025-04-29,0.008543902885399524,-0.00040589147967075117
rf,y_XLV,10,2025-04-30,-0.027265540007839872,-0.0018512026050894323
rf,y_XLV,11,2025-04-30,-0.027265540007839872,-0.0005820767987749294
rf,y_XLV,12,2025-04-30,-0.027265540007839872,-0.00039722798429756565
rf,y_XLV,10,2025-05-01,0.013831966169283616,0.0019274124123262884
rf,y_XLV,11,2025-05-01,0.013831966169283616,0.001226977746911111
rf,y_XLV,12,2025-05-01,0.013831966169283616,0.002334058548713483
rf,y_XLV,11,2025-05-05,-0.02758076290885314,8.48343831954701e-05
rf,y_XLV,12,2025-05-05,-0.02758076290885314,9.346330321465442e-06
rf,y_XLV,13,2025-05-05,-0.02758076290885314,0.0005977369649442584
rf,y_XLV,11,2025-05-06,0.007667804983307436,0.0010700391026002047
rf,y_XLV,12,2025-05-06,0.007667804983307436,0.0005809723257784643
rf,y_XLV,13,2025-05-06,0.007667804983307436,0.0015286829110631858
rf,y_XLV,11,2025-05-07,-0.009013012511102536,0.004389235915318676
rf,y_XLV,12,2025-05-07,-0.009013012511102536,0.002821065419603437
rf,y_XLV,13,2025-05-07,-0.009013012511102536,0.002770569795297935
rf,y_XLV,11,2025-05-08,-0.010884210509323089,0.0020989797649025987
rf,y_XLV,12,2025-05-08,-0.010884210509323089,0.0010656547387098813
rf,y_XLV,13,2025-05-08,-0.010884210509323089,0.0017055080722945231
rf,y_XLV,11,2025-05-12,-0.030082349105326922,0.0009730863340085808
rf,y_XLV,12,2025-05-12,-0.030082349105326922,0.0013175441667782164
rf,y_XLV,13,2025-05-12,-0.030082349105326922,0.0004109110898118856
rf,y_XLV,11,2025-05-13,-0.0235079541762504,-0.0006595846514813587
rf,y_XLV,12,2025-05-13,-0.0235079541762504,0.00017193922707994986
rf,y_XLV,13,2025-05-13,-0.0235079541762504,-0.0001687891576950142
rf,y_XLV,11,2025-05-14,0.013124230657245661,-0.001957657614136778
rf,y_XLV,12,2025-05-14,0.013124230657245661,-0.0022908214943386535
rf,y_XLV,13,2025-05-14,0.013124230657245661,-0.001129780815399096
rf,y_XLV,11,2025-05-15,0.020159223650434877,0.0015348443026242367
rf,y_XLV,12,2025-05-15,0.020159223650434877,0.0006136715735519919
rf,y_XLV,13,2025-05-15,0.020159223650434877,-0.00022942425839629724
rf,y_XLV,11,2025-05-19,0.0024559876786220958,-0.002199913548484551
rf,y_XLV,12,2025-05-19,0.0024559876786220958,-0.00016669136685862988
rf,y_XLV,13,2025-05-19,0.0024559876786220958,-0.0012216859422938384
rf,y_XLV,11,2025-05-20,-0.0231626483750228,0.0004081800113569891
rf,y_XLV,12,2025-05-20,-0.0231626483750228,-0.00047468391608060286
rf,y_XLV,13,2025-05-20,-0.0231626483750228,-0.0005941239900478336
rf,y_XLV,11,2025-05-21,-0.007827825686261614,0.000327407578779898
rf,y_XLV,12,2025-05-21,-0.007827825686261614,0.00046311515812698655
rf,y_XLV,13,2025-05-21,-0.007827825686261614,0.0005959872432239647
rf,y_XLV,11,2025-05-22,-0.0016086974396498643,-1.8405844913723286e-05
rf,y_XLV,12,2025-05-22,-0.0016086974396498643,-0.000683236532842844
rf,y_XLV,13,2025-05-22,-0.0016086974396498643,5.771973587133938e-05
rf,y_XLV,12,2025-05-27,-0.005145322834365529,0.0013389918493848971
rf,y_XLV,13,2025-05-27,-0.005145322834365529,0.0003867377008389082
rf,y_XLV,14,2025-05-27,-0.005145322834365529,-0.00020947677332186314
rf,y_XLV,12,2025-05-28,0.006693139634809553,0.0020139512123806113
rf,y_XLV,13,2025-05-28,0.006693139634809553,0.0016857382679490848
rf,y_XLV,14,2025-05-28,0.006693139634809553,0.0009877300080456703
rf,y_XLV,12,2025-05-29,0.0021153646146780947,-0.0010807845025221196
rf,y_XLV,13,2025-05-29,0.0021153646146780947,-0.0013896265912476623
rf,y_XLV,14,2025-05-29,0.0021153646146780947,-0.0017150618116853662
rf,y_XLV,12,2025-06-02,0.0023358332175691388,0.0007029011167594782
rf,y_XLV,13,2025-06-02,0.0023358332175691388,0.0013555916433527538
rf,y_XLV,14,2025-06-02,0.0023358332175691388,-0.00044827109278918197
rf,y_XLV,12,2025-06-03,0.0019542579464688625,0.004979144818691753
rf,y_XLV,13,2025-06-03,0.0019542579464688625,0.0020912743010893676
rf,y_XLV,14,2025-06-03,0.0019542579464688625,0.0025888638551154336
rf,y_XLV,12,2025-06-04,-0.0013502732516276206,-0.0002911957331907476
rf,y_XLV,13,2025-06-04,-0.0013502732516276206,0.0003863021111233239
rf,y_XLV,14,2025-06-04,-0.0013502732516276206,0.0003816233911842058
rf,y_XLV,12,2025-06-05,0.009541035843055656,-0.0009510386056413217
rf,y_XLV,13,2025-06-05,0.009541035843055656,-0.0009902058904524252
rf,y_XLV,14,2025-06-05,0.009541035843055656,-5.9112960426406054e-05
rf,y_XLV,12,2025-06-09,0.011405126899590945,-0.0005080891582860116
rf,y_XLV,13,2025-06-09,0.011405126899590945,-0.0011236547009461427
rf,y_XLV,14,2025-06-09,0.011405126899590945,-0.0009527076618545044
rf,y_XLV,12,2025-06-10,0.0005159578136657572,0.0010539972154328624
rf,y_XLV,13,2025-06-10,0.0005159578136657572,0.0010817258783809235
rf,y_XLV,14,2025-06-10,0.0005159578136657572,0.001197700554980488
rf,y_XLV,12,2025-06-11,0.007808411517905567,0.0013727905556609706
rf,y_XLV,13,2025-06-11,0.007808411517905567,0.0012761734169925941
rf,y_XLV,14,2025-06-11,0.007808411517905567,0.0007800781900712604
rf,y_XLV,12,2025-06-12,-0.00497032704690914,0.0004944661286291396
rf,y_XLV,13,2025-06-12,-0.00497032704690914,0.0011747550851879183
rf,y_XLV,14,2025-06-12,-0.00497032704690914,0.0022750531903339513
rf,y_XLV,13,2025-07-02,0.0010343309158382663,0.0003716342264410745
rf,y_XLV,14,2025-07-02,0.0010343309158382663,0.0002368386322646678
rf,y_XLV,15,2025-07-02,0.0010343309158382663,0.0011805531721036802
rf,y_XLV,13,2025-07-07,0.004540016037738903,-0.0013378783883432378
rf,y_XLV,14,2025-07-07,0.004540016037738903,-0.0015648288091015964
rf,y_XLV,15,2025-07-07,0.004540016037738903,-0.0021976906573601285
rf,y_XLV,13,2025-07-08,0.003852738700714564,1.1290092756964983e-05
rf,y_XLV,14,2025-07-08,0.003852738700714564,-0.0005183725907063906
rf,y_XLV,15,2025-07-08,0.003852738700714564,-0.0014190296977742527
rf,y_XLV,13,2025-07-09,0.0061259532249307025,0.0014340509064776769
rf,y_XLV,14,2025-07-09,0.0061259532249307025,0.0017868337076454557
rf,y_XLV,15,2025-07-09,0.0061259532249307025,0.002667114737226901
rf,y_XLV,13,2025-07-10,-0.008289436820357765,0.0013221757580243584
rf,y_XLV,14,2025-07-10,-0.008289436820357765,0.0006418637333927233
rf,y_XLV,15,2025-07-10,-0.008289436820357765,0.0002623998995683432
rf,y_XLV,13,2025-07-14,-0.017995968164390752,0.0014757464279489799
rf,y_XLV,14,2025-07-14,-0.017995968164390752,2.516965602036014e-05
rf,y_XLV,15,2025-07-14,-0.017995968164390752,6.626087166234363e-05
rf,y_XLV,13,2025-07-15,0.012443358542400196,0.004857634412536277
rf,y_XLV,14,2025-07-15,0.012443358542400196,0.004455024083183064
rf,y_XLV,15,2025-07-15,0.012443358542400196,0.003776391341621552
rf,y_XLV,13,2025-07-16,-0.011396606611361992,0.0022402037446878262
rf,y_XLV,14,2025-07-16,-0.011396606611361992,0.0024179023444358314
rf,y_XLV,15,2025-07-16,-0.011396606611361992,0.002827637757147288
rf,y_XLV,13,2025-07-17,-0.0066305350486630665,0.001148264271331038
rf,y_XLV,14,2025-07-17,-0.0066305350486630665,0.0002654321327453542
rf,y_XLV,15,2025-07-17,-0.0066305350486630665,0.0006924225346399915
rf,y_XLV,13,2025-07-21,0.018613177643613144,-0.00010034432673417249
rf,y_XLV,14,2025-07-21,0.018613177643613144,0.0006297111043431114
rf,y_XLV,15,2025-07-21,0.018613177643613144,-0.00015862245179759833
rf,y_XLV,13,2025-07-22,0.02051970857178831,-0.0003371729076200517
rf,y_XLV,14,2025-07-22,0.02051970857178831,-0.0011732650659303382
rf,y_XLV,15,2025-07-22,0.02051970857178831,-0.00019126866763788015
rf,y_XLV,13,2025-07-23,-0.003742668945110994,0.002688095576943091
rf,y_XLV,14,2025-07-23,-0.003742668945110994,0.0019418907655157378
rf,y_XLV,15,2025-07-23,-0.003742668945110994,0.0019306922489654552
rf,y_XLV,14,2025-07-24,0.005303597597398735,-0.00018232324160875242
rf,y_XLV,15,2025-07-24,0.005303597597398735,-3.586001325095086e-05
rf,y_XLV,16,2025-07-24,0.005303597597398735,0.0008114342537267467
rf,y_XLV,14,2025-07-28,-0.0063567742536704275,0.0005960573162936319
rf,y_XLV,15,2025-07-28,-0.0063567742536704275,0.0002548667308704807
rf,y_XLV,16,2025-07-28,-0.0063567742536704275,-0.00028056814512196954
rf,y_XLV,14,2025-07-29,-0.0017852419237556205,0.0011705785531730786
rf,y_XLV,15,2025-07-29,-0.0017852419237556205,0.001994105489507029
rf,y_XLV,16,2025-07-29,-0.0017852419237556205,0.001921514015463165
rf,y_XLV,14,2025-07-30,-0.028020034139715877,0.003721746617775711
rf,y_XLV,15,2025-07-30,-0.028020034139715877,0.005035891283695512
rf,y_XLV,16,2025-07-30,-0.028020034139715877,0.005421963396792366
rf,y_XLV,14,2025-07-31,0.005367015128056929,0.001414928702057322
rf,y_XLV,15,2025-07-31,0.005367015128056929,0.0005165405996238863
rf,y_XLV,16,2025-07-31,0.005367015128056929,0.001371827323979305
rf,y_XLV,14,2025-08-04,-0.003834283937926508,0.0030409145862283476
rf,y_XLV,15,2025-08-04,-0.003834283937926508,0.001804596490185768
rf,y_XLV,16,2025-08-04,-0.003834283937926508,0.001441553784873111
rf,y_XLV,14,2025-08-05,-0.015018932687186792,3.74196613524419e-05
rf,y_XLV,15,2025-08-05,-0.015018932687186792,-0.00021743332138683308
rf,y_XLV,16,2025-08-05,-0.015018932687186792,0.000935900944076117
rf,y_XLV,14,2025-08-06,-0.01149342721326807,0.0029755270428071614
rf,y_XLV,15,2025-08-06,-0.01149342721326807,0.002396969508902627
rf,y_XLV,16,2025-08-06,-0.01149342721326807,0.0014082672723866262
rf,y_XLV,14,2025-08-07,0.008914136553842544,9.114073247638206e-05
rf,y_XLV,15,2025-08-07,0.008914136553842544,2.550442518654087e-05
rf,y_XLV,16,2025-08-07,0.008914136553842544,-0.000537496591947235
rf,y_XLV,14,2025-08-11,0.006907795591350574,-0.0008436708981483437
rf,y_XLV,15,2025-08-11,0.006907795591350574,-0.0007693153186052256
rf,y_XLV,16,2025-08-11,0.006907795591350574,-0.0011466686075625777
rf,y_XLV,14,2025-08-12,0.016007182151822397,-0.0035874655476414163
rf,y_XLV,15,2025-08-12,0.016007182151822397,-0.004071174332735584
rf,y_XLV,16,2025-08-12,0.016007182151822397,-0.002756325622255315
rf,y_XLV,15,2025-08-13,0.005026762820179664,9.772412899357505e-05
rf,y_XLV,16,2025-08-13,0.005026762820179664,-0.0010112223747614547
rf,y_XLV,17,2025-08-13,0.005026762820179664,-0.0009662059959954238
rf,y_XLV,15,2025-08-14,0.016796023156958828,0.0016727537615157894
rf,y_XLV,16,2025-08-14,0.016796023156958828,0.0021106951652019893
rf,y_XLV,17,2025-08-14,0.016796023156958828,0.0015932763460938656
rf,y_XLV,15,2025-08-18,0.00640211320145978,-0.003419672624784595
rf,y_XLV,16,2025-08-18,0.00640211320145978,-0.002503256979784091
rf,y_XLV,17,2025-08-18,0.00640211320145978,-0.0035056348639827817
rf,y_XLV,15,2025-08-19,0.005410921504549249,0.0006095955468079478
rf,y_XLV,16,2025-08-19,0.005410921504549249,-0.0004590969254925544
rf,y_XLV,17,2025-08-19,0.005410921504549249,0.0011948154123773138
rf,y_XLV,15,2025-08-20,-0.0033454468917862856,-0.0006453405571162983
rf,y_XLV,16,2025-08-20,-0.0033454468917862856,-0.0004479653995432533
rf,y_XLV,17,2025-08-20,-0.0033454468917862856,-0.000558161855335961
rf,y_XLV,15,2025-08-21,0.008245773151036584,-0.0013223866715075527
rf,y_XLV,16,2025-08-21,0.008245773151036584,-0.00040813470265006757
rf,y_XLV,17,2025-08-21,0.008245773151036584,-0.0018595792261262114
rf,y_XLV,15,2025-08-25,0.006240837298680635,-0.001544291435120678
rf,y_XLV,16,2025-08-25,0.006240837298680635,-0.001538917477482422
rf,y_XLV,17,2025-08-25,0.006240837298680635,-0.0010899622769292453
rf,y_XLV,15,2025-08-26,-0.0005837418515388659,-9.125772158228666e-05
rf,y_XLV,16,2025-08-26,-0.0005837418515388659,0.0006736523577394117
rf,y_XLV,17,2025-08-26,-0.0005837418515388659,0.0014018348677229315
rf,y_XLV,15,2025-08-27,-0.0039425870316533995,0.0003137977343556309
rf,y_XLV,16,2025-08-27,-0.0039425870316533995,0.0007784180156292388
rf,y_XLV,17,2025-08-27,-0.0039425870316533995,0.0006191095959344926
rf,y_XLV,15,2025-08-28,0.007329877549905994,0.0005199223101884642
rf,y_XLV,16,2025-08-28,0.007329877549905994,0.0019678760698093422
rf,y_XLV,17,2025-08-28,0.007329877549905994,-5.092650294104366e-05
rf,y_XLV,15,2025-09-02,-0.004725136576187339,0.00280654384946743
rf,y_XLV,16,2025-09-02,-0.004725136576187339,0.002679612139592947
rf,y_XLV,17,2025-09-02,-0.004725136576187339,0.003169705783832837
rf,y_XLV,16,2025-09-03,0.00379803310480753,-0.0002513212130671442
rf,y_XLV,17,2025-09-03,0.00379803310480753,-0.0010114335088822043
rf,y_XLV,18,2025-09-03,0.00379803310480753,-0.0004664097354525054
rf,y_XLV,16,2025-09-04,0.0034199587727621328,0.00023495295913800822
rf,y_XLV,17,2025-09-04,0.0034199587727621328,0.0012470444502962177
rf,y_XLV,18,2025-09-04,0.0034199587727621328,0.0009322691854912062
rf,y_XLV,16,2025-09-08,0.005368023997646798,-0.001159302935943063
rf,y_XLV,17,2025-09-08,0.005368023997646798,-0.0013399787132209204
rf,y_XLV,18,2025-09-08,0.005368023997646798,-0.0013712337703136938
rf,y_XLV,16,2025-09-09,-0.009091577558817399,0.0018559682067021892
rf,y_XLV,17,2025-09-09,-0.009091577558817399,0.00025971570647381016
rf,y_XLV,18,2025-09-09,-0.009091577558817399,3.7129496455391245e-05
rf,y_XLV,16,2025-09-10,0.01740335297329465,0.0014566738020857478
rf,y_XLV,17,2025-09-10,0.01740335297329465,0.0005570008149459053
rf,y_XLV,18,2025-09-10,0.01740335297329465,-0.0004486684659283036
rf,y_XLV,16,2025-09-11,-0.011523019044871963,0.0007962826052535861
rf,y_XLV,17,2025-09-11,-0.011523019044871963,0.000669387080730871
rf,y_XLV,18,2025-09-11,-0.011523019044871963,0.001847428033237471
rf,y_XLV,16,2025-09-15,0.0,0.0016020594716165829
rf,y_XLV,17,2025-09-15,0.0,0.0006570713948894931
rf,y_XLV,18,2025-09-15,0.0,0.002192552306481968
rf,y_XLV,16,2025-09-16,0.0019718694941670556,0.001390453744241088
rf,y_XLV,17,2025-09-16,0.0019718694941670556,0.0008874379292764467
rf,y_XLV,18,2025-09-16,0.0019718694941670556,0.0004446410887087841
rf,y_XLV,16,2025-09-17,0.0019679888769359444,0.001672323317153529
rf,y_XLV,17,2025-09-17,0.0019679888769359444,-0.0007753457339499541
rf,y_XLV,18,2025-09-17,0.0019679888769359444,0.0005603469229296406
rf,y_XLV,16,2025-09-18,-0.0013093783425932592,-0.0004141146961947969
rf,y_XLV,17,2025-09-18,-0.0013093783425932592,0.00034243275314721765
rf,y_XLV,18,2025-09-18,-0.0013093783425932592,-0.0013248365649955148
rf,y_XLV,16,2025-09-22,0.00226889997605495,-0.0025951454591216496
rf,y_XLV,17,2025-09-22,0.00226889997605495,-0.003551191162783506
rf,y_XLV,18,2025-09-22,0.00226889997605495,-0.0027441547354739655
rf,y_XLV,17,2025-09-23,-0.0040163622111477615,0.00046732311394598786
rf,y_XLV,18,2025-09-23,-0.0040163622111477615,-0.00104957422782485
rf,y_XLV,19,2025-09-23,-0.0040163622111477615,0.0004396159174302028
rf,y_XLV,17,2025-09-24,-0.016570094015506687,-0.00043791042678317424
rf,y_XLV,18,2025-09-24,-0.016570094015506687,0.0020345078065594556
rf,y_XLV,19,2025-09-24,-0.016570094015506687,-0.0005075470610409333
rf,y_XLV,17,2025-09-25,0.010213902093779703,0.0016557858555663006
rf,y_XLV,18,2025-09-25,0.010213902093779703,0.0028811157378237444
rf,y_XLV,19,2025-09-25,0.010213902093779703,0.0030423410492292887
rf,y_XLV,17,2025-09-29,0.02406181105061278,-0.00017549613823185744
rf,y_XLV,18,2025-09-29,0.02406181105061278,-3.37100884269137e-05
rf,y_XLV,19,2025-09-29,0.02406181105061278,-0.001587157943660981
rf,y_XLV,17,2025-09-30,0.030897481493552537,0.00036755602498094266
rf,y_XLV,18,2025-09-30,0.030897481493552537,0.0006116688778985015
rf,y_XLV,19,2025-09-30,0.030897481493552537,-0.0006487255627501419
rf,y_XLV,17,2025-10-01,-0.0019515988114386928,0.0008285721273596697
rf,y_XLV,18,2025-10-01,-0.0019515988114386928,0.0020303296348644453
rf,y_XLV,19,2025-10-01,-0.0019515988114386928,0.0022586117185128107
rf,y_XLV,17,2025-10-02,0.011383507478563315,-0.0008035824574128241
rf,y_XLV,18,2025-10-02,0.011383507478563315,-0.0010692835880211841
rf,y_XLV,19,2025-10-02,0.011383507478563315,-0.0012258696798476234
rf,y_XLV,17,2025-10-06,0.0007632112202469177,0.0019458468596676242
rf,y_XLV,18,2025-10-06,0.0007632112202469177,0.0021997327648273944
rf,y_XLV,19,2025-10-06,0.0007632112202469177,0.0005264640315506238
rf,y_XLV,17,2025-10-07,0.0019413151645273352,0.0014134562572189647
rf,y_XLV,18,2025-10-07,0.0019413151645273352,0.002752070236364552
rf,y_XLV,19,2025-10-07,0.0019413151645273352,-0.0009968230097490473
rf,y_XLV,17,2025-10-08,-0.00221431685960205,0.00016765949172855844
rf,y_XLV,18,2025-10-08,-0.00221431685960205,0.001315399947612449
rf,y_XLV,19,2025-10-08,-0.00221431685960205,-0.0006603256982855632
rf,y_XLV,17,2025-10-09,-0.01442542620988041,-0.0006981366584976667
rf,y_XLV,18,2025-10-09,-0.01442542620988041,6.975453740395061e-05
rf,y_XLV,19,2025-10-09,-0.01442542620988041,0.0010320916477252176
rf,y_XLV,18,2025-10-13,0.002747374934527258,-0.0018578690753324651
rf,y_XLV,19,2025-10-13,0.002747374934527258,-0.0029065534870196196
rf,y_XLV,20,2025-10-13,0.002747374934527258,-0.0014230592579040034
rf,y_XLV,18,2025-10-14,0.0015456185154698598,0.0009490613851981569
rf,y_XLV,19,2025-10-14,0.0015456185154698598,0.0004128251146319188
rf,y_XLV,20,2025-10-14,0.0015456185154698598,-0.00020021734148802559
rf,y_XLV,18,2025-10-15,-0.0016834001652120678,-0.0017015126097986249
rf,y_XLV,19,2025-10-15,-0.0016834001652120678,-0.0028009284390059907
rf,y_XLV,20,2025-10-15,-0.0016834001652120678,-0.0027953787958070585
rf,y_XLV,18,2025-10-16,0.006675076505776367,-0.003171289333252471
rf,y_XLV,19,2025-10-16,0.006675076505776367,-0.0026190025035364114
rf,y_XLV,20,2025-10-16,0.006675076505776367,-0.0018030612646947163
rf,y_XLV,18,2025-10-20,0.002348254329871846,0.0002465951946116901
rf,y_XLV,19,2025-10-20,0.002348254329871846,-0.00021262252453975173
rf,y_XLV,20,2025-10-20,0.002348254329871846,0.00043361600894096614
rf,y_XLV,18,2025-10-21,0.005719092011125859,-0.001928144456636858
rf,y_XLV,19,2025-10-21,0.005719092011125859,-0.0004461814267543357
rf,y_XLV,20,2025-10-21,0.005719092011125859,-0.001729712982754229
rf,y_XLV,18,2025-10-22,0.0005479222523625538,-0.0010507097653503494
rf,y_XLV,19,2025-10-22,0.0005479222523625538,-0.0012603729747280865
rf,y_XLV,20,2025-10-22,0.0005479222523625538,0.0007553218302529262
rf,y_XLV,18,2025-10-23,-6.841342653363114e-05,0.001083296275332644
rf,y_XLV,19,2025-10-23,-6.841342653363114e-05,-9.104257331596274e-05
rf,y_XLV,20,2025-10-23,-6.841342653363114e-05,-0.0005870534547615362
rf,y_XLV,18,2025-10-27,-0.006285497782675953,-0.0005257351635357797
rf,y_XLV,19,2025-10-27,-0.006285497782675953,0.0005988568926857498
rf,y_XLV,20,2025-10-27,-0.006285497782675953,0.00157041038934057
rf,y_XLV,18,2025-10-28,-0.010106522573031795,0.0005562379205324467
rf,y_XLV,19,2025-10-28,-0.010106522573031795,9.421476974690775e-05
rf,y_XLV,20,2025-10-28,-0.010106522573031795,0.0017274505803948985
rf,y_XLV,18,2025-10-29,0.0022225741501951113,0.0016162439502648636
rf,y_XLV,19,2025-10-29,0.0022225741501951113,0.0004897151027686925
rf,y_XLV,20,2025-10-29,0.0022225741501951113,0.0008960995657360045
rf,y_XLV,18,2025-10-30,-0.0003465103918605106,-0.0012458079318683978
rf,y_XLV,19,2025-10-30,-0.0003465103918605106,-0.0019464262803054993
rf,y_XLV,20,2025-10-30,-0.0003465103918605106,-0.00147171368698495
rf,y_XLV,19,2025-11-03,0.004499957725708992,-0.0004974008157720681
rf,y_XLV,20,2025-11-03,0.004499957725708992,-0.0007902065804406602
rf,y_XLV,21,2025-11-03,0.004499957725708992,0.00010123286490152927
rf,y_XLV,19,2025-11-04,0.003859350010434026,-0.0014623269817179902
rf,y_XLV,20,2025-11-04,0.003859350010434026,-0.0014899732225730998
rf,y_XLV,21,2025-11-04,0.003859350010434026,-0.0014738698763951666
rf,y_XLV,19,2025-11-05,0.0019222563451712915,-0.0017673972821390614
rf,y_XLV,20,2025-11-05,0.0019222563451712915,-0.002172275653397296
rf,y_XLV,21,2025-11-05,0.0019222563451712915,-0.0011496580437926303
rf,y_XLV,19,2025-11-06,0.0013703609747739431,0.0010753073920748183
rf,y_XLV,20,2025-11-06,0.0013703609747739431,-0.00024685493003963056
rf,y_XLV,21,2025-11-06,0.0013703609747739431,0.0017813189432779124
rf,y_XLV,19,2025-11-10,0.023085221076130535,-0.0009789682393738794
rf,y_XLV,20,2025-11-10,0.023085221076130535,-0.0008078329125243885
rf,y_XLV,21,2025-11-10,0.023085221076130535,-0.00019468579298974423
rf,y_XLV,19,2025-11-11,0.014202350003676312,-0.0005754709385553632
rf,y_XLV,20,2025-11-11,0.014202350003676312,-0.0003456531636908058
rf,y_XLV,21,2025-11-11,0.014202350003676312,-0.000513954687528484
rf,y_XLV,19,2025-11-12,-0.0005235269249866947,5.091023968912996e-05
rf,y_XLV,20,2025-11-12,-0.0005235269249866947,0.00045743757615203753
rf,y_XLV,21,2025-11-12,-0.0005235269249866947,-0.0005798217788673325
rf,y_XLV,19,2025-11-13,-0.005957849307195007,0.0007621238186907594
rf,y_XLV,20,2025-11-13,-0.005957849307195007,0.0020575417333611717
rf,y_XLV,21,2025-11-13,-0.005957849307195007,0.002024770542342554
rf,y_XLV,19,2025-11-17,0.005866871710869859,-0.0007121328985711939
rf,y_XLV,20,2025-11-17,0.005866871710869859,-0.0009316437269004959
rf,y_XLV,21,2025-11-17,0.005866871710869859,0.0006227310825398587
rf,y_XLV,19,2025-11-18,-0.001703901710971567,-0.002546594071775646
rf,y_XLV,20,2025-11-18,-0.001703901710971567,-0.002161318315190878
rf,y_XLV,21,2025-11-18,-0.001703901710971567,-0.0021913040930616793
rf,y_XLV,19,2025-11-19,-0.0059738851136939,-0.00125326106785566
rf,y_XLV,20,2025-11-19,-0.0059738851136939,-0.0012630493324479297
rf,y_XLV,21,2025-11-19,-0.0059738851136939,-0.001987556914365676
rf,y_XLV,19,2025-11-20,0.021067296052313278,0.0012015311933545603
rf,y_XLV,20,2025-11-20,0.021067296052313278,0.0009297596753595862
rf,y_XLV,21,2025-11-20,0.021067296052313278,-0.00041372098732925336
rf,y_XLV,20,2025-11-24,0.022607344097739013,-0.0008011514118627846
rf,y_XLV,21,2025-11-24,0.022607344097739013,-0.0010619228360197398
rf,y_XLV,22,2025-11-24,0.022607344097739013,-0.0004921737902052627
rf,y_XLV,20,2025-11-25,-0.0022045105554177047,0.0026196304334035274
rf,y_XLV,21,2025-11-25,-0.0022045105554177047,0.002592333501196999
rf,y_XLV,22,2025-11-25,-0.0022045105554177047,0.0025349694570751626
rf,y_XLV,20,2025-12-01,-0.005988791516342462,0.0008720823352579482
rf,y_XLV,21,2025-12-01,-0.005988791516342462,0.0010930970392109699
rf,y_XLV,22,2025-12-01,-0.005988791516342462,0.0002037770539518452
rf,y_XLV,20,2025-12-02,0.00466443719553622,0.0010110615942517064
rf,y_XLV,21,2025-12-02,0.00466443719553622,0.0012097449897414635
rf,y_XLV,22,2025-12-02,0.00466443719553622,0.0016713652108242374
rf,y_XLV,20,2025-12-03,-0.007609019046707188,0.0003703420321075753
rf,y_XLV,21,2025-12-03,-0.007609019046707188,-0.00025190892178201624
rf,y_XLV,22,2025-12-03,-0.007609019046707188,-0.0002443112246821079
rf,y_XLV,20,2025-12-04,-0.004158526018841369,0.0013933824124599296
rf,y_XLV,21,2025-12-04,-0.004158526018841369,0.001715692355168024
rf,y_XLV,22,2025-12-04,-0.004158526018841369,0.0010018956586824491
rf,y_XLV,20,2025-12-08,-0.009707313291980157,0.002845210244767816
rf,y_XLV,21,2025-12-08,-0.009707313291980157,0.003652963746732347
rf,y_XLV,22,2025-12-08,-0.009707313291980157,0.0031795119090698995
rf,y_XLV,20,2025-12-09,0.01453714071766643,0.001311574264035307
rf,y_XLV,21,2025-12-09,0.01453714071766643,0.00033803207040495237
rf,y_XLV,22,2025-12-09,0.01453714071766643,-0.0011146888219690898
rf,y_XLV,20,2025-12-10,0.009464999685748987,0.0001999445813853029
rf,y_XLV,21,2025-12-10,0.009464999685748987,0.0009567913818750023
rf,y_XLV,22,2025-12-10,0.009464999685748987,0.0005409179503161073
rf,y_XLV,20,2025-12-11,0.0031254178165978086,-0.001769253915890622
rf,y_XLV,21,2025-12-11,0.0031254178165978086,-0.0015041486988517973
rf,y_XLV,22,2025-12-11,0.0031254178165978086,-0.0012695095310321766
rf,y_XLV,21,2025-12-15,-0.013004487870615922,-0.0003036447053224321
rf,y_XLV,22,2025-12-15,-0.013004487870615922,-0.000853605774872109
rf,y_XLV,23,2025-12-15,-0.013004487870615922,-0.0013902778370610963
rf,y_XLV,21,2025-12-16,-0.0018174282748395498,0.0021959079593762707
rf,y_XLV,22,2025-12-16,-0.0018174282748395498,0.0003681745686937854
rf,y_XLV,23,2025-12-16,-0.0018174282748395498,0.0006670687106479537
rf,y_XLV,21,2025-12-17,0.0007802875316209601,0.003257829268326399
rf,y_XLV,22,2025-12-17,0.0007802875316209601,0.0021903329840387187
rf,y_XLV,23,2025-12-17,0.0007802875316209601,0.003381778116210124
rf,y_XLV,21,2025-12-18,0.0066922378066234245,0.0005577761729602615
rf,y_XLV,22,2025-12-18,0.0066922378066234245,9.557442225618014e-05
rf,y_XLV,23,2025-12-18,0.0066922378066234245,-0.001683047480885184
rf,y_XLV,21,2025-12-23,0.0052261276849201455,0.0036742427077470895
rf,y_XLV,22,2025-12-23,0.0052261276849201455,0.0039791596831992
rf,y_XLV,23,2025-12-23,0.0052261276849201455,0.0039530945807557125
rf,y_XLV,21,2025-12-29,-0.0008343808795940877,0.0008509043243510511
rf,y_XLV,22,2025-12-29,-0.0008343808795940877,0.0024427642574227676
rf,y_XLV,23,2025-12-29,-0.0008343808795940877,0.0015791783558295183
rf,y_XLV,21,2025-12-30,-0.00565255437708112,-0.000862337591044815
rf,y_XLV,22,2025-12-30,-0.00565255437708112,-0.0004882371623744488
rf,y_XLV,23,2025-12-30,-0.00565255437708112,-0.000913152895621804
rf,y_XLV,22,2026-01-05,0.019672363156833406,-0.001934153926477583
rf,y_XLV,23,2026-01-05,0.019672363156833406,-0.0014780299387830162
rf,y_XLV,24,2026-01-05,0.019672363156833406,-0.00017618801613156765
rf,y_XLV,22,2026-01-06,0.0099310984919192,-0.0007682111558920928
rf,y_XLV,23,2026-01-06,0.0099310984919192,-0.001331644782415333
rf,y_XLV,24,2026-01-06,0.0099310984919192,-0.0003906914112859215
rf,y_XLV,22,2026-01-07,-0.009645549978697376,0.00045498980329466423
rf,y_XLV,23,2026-01-07,-0.009645549978697376,0.0020705861598941094
rf,y_XLV,24,2026-01-07,-0.009645549978697376,0.0016277950617173706
rf,y_XLV,22,2026-01-08,-0.005122676344591515,0.0008560148759322327
rf,y_XLV,23,2026-01-08,-0.005122676344591515,0.0017047395027070349
rf,y_XLV,24,2026-01-08,-0.005122676344591515,-6.972873430766506e-05
rf,y_XLV,22,2026-01-12,-0.004066586413725148,-0.0027789474703010537
rf,y_XLV,23,2026-01-12,-0.004066586413725148,-0.002145835016287297
rf,y_XLV,24,2026-01-12,-0.004066586413725148,-0.0025854823137957395
rf,y_XLV,22,2026-01-13,0.007145560022558062,-0.0006613053660184868
rf,y_XLV,23,2026-01-13,0.007145560022558062,-0.001057522156247745
rf,y_XLV,24,2026-01-13,0.007145560022558062,-0.0011869198189762564
rf,y_XLV,22,2026-01-14,-0.005701215589792419,0.0011921457197320406
rf,y_XLV,23,2026-01-14,-0.005701215589792419,0.0021718067647175784
rf,y_XLV,24,2026-01-14,-0.005701215589792419,0.0017980593219467165
rf,y_XLV,22,2026-01-15,-0.00777268838250722,0.0005232770086826599
rf,y_XLV,23,2026-01-15,-0.00777268838250722,0.0009680012973115178
rf,y_XLV,24,2026-01-15,-0.00777268838250722,0.0009460524528276301
rf,y_XLV,22,2026-01-21,0.00018955377441010057,-0.0021752300604200156
rf,y_XLV,23,2026-01-21,0.00018955377441010057,-0.0035972614711850055
rf,y_XLV,24,2026-01-21,0.00018955377441010057,-0.002484747379230448
rf,y_XLV,22,2026-01-22,-0.005117174761196441,-0.0006649910241759899
rf,y_XLV,23,2026-01-22,-0.005117174761196441,-9.470519162814809e-05
rf,y_XLV,24,2026-01-22,-0.005117174761196441,-0.0008437141776899785
rf,y_XLV,23,2026-01-26,-0.01676160058803766,0.0016541329326343575
rf,y_XLV,24,2026-01-26,-0.01676160058803766,0.0007243178863067727
rf,y_XLV,23,2026-01-27,-0.007333543982172008,0.004211060655751031
rf,y_XLV,24,2026-01-27,-0.007333543982172008,0.004113840294033374
rf,y_XLV,23,2026-01-28,-0.0031753628548204516,0.0023108036785398243
rf,y_XLV,24,2026-01-28,-0.0031753628548204516,0.0007780543533523023
rf,y_XLV,23,2026-01-29,0.005981004584183713,-0.0011000080767924294
rf,y_XLV,24,2026-01-29,0.005981004584183713,-0.0013418624661431751
rf,y_XLV,23,2026-02-02,-0.010212578283496532,-0.003144855052093267
rf,y_XLV,24,2026-02-02,-0.010212578283496532,-0.004547057188494531
rf,y_XLV,23,2026-02-03,0.012524286822446884,-0.0006365877992194226
rf,y_XLV,24,2026-02-03,0.012524286822446884,-0.001494666255343339
rf,y_XLV,23,2026-02-04,-0.007626754154433479,-0.000732855517868633
rf,y_XLV,24,2026-02-04,-0.007626754154433479,-0.0006801280515241241
rf,y_XLV,23,2026-02-05,0.01853532965548288,-0.0008394691600748803
rf,y_XLV,24,2026-02-05,0.01853532965548288,-9.36467841456586e-06
rf,y_XLV,23,2026-02-09,-0.00633319758686246,0.0010990027633267009
rf,y_XLV,24,2026-02-09,-0.00633319758686246,0.0018661865266257497
rf,y_XLV,23,2026-02-10,0.0059228620234355045,0.0004668379016119615
rf,y_XLV,24,2026-02-10,0.0059228620234355045,-0.0010927737775536562
rf,y_XLV,23,2026-02-11,-0.0016000000000000458,0.000507671344233133
rf,y_XLV,24,2026-02-11,-0.0016000000000000458,0.000164212218888136
rf,y_XLV,23,2026-02-12,0.010705116467598197,-0.003803423697170752
rf,y_XLV,24,2026-02-12,0.010705116467598197,-0.0032273690509831967
rf,y_XLV,24,2026-02-17,0.0019063548393352114,-0.0040649349817561495
rf,y_XLV,24,2026-02-18,-0.0026003911135334956,-0.003197378511632897
rf,y_XLV,24,2026-02-19,-0.0027978328754046933,0.0022228906381103817
rf,y_XLV,24,2026-02-23,-0.004226051452746682,-0.00046006053284633014
rf,y_XLV,24,2026-02-24,-0.00025333050845488536,0.0010329143374554401
rf,y_XLV,24,2026-02-25,-0.0025977549094136076,0.0006499784682114679
rf,y_XLV,24,2026-02-26,0.01765975614047033,0.0022660952587991215
rf,y_XLV,24,2026-03-02,-0.011291195987611191,-0.00045451673103401313
rf,y_XLV,24,2026-03-03,0.001977781981175708,-0.001306259032484088
rf,y_XLV,24,2026-03-04,-0.019993628326219204,0.0012781569366221092
rf,y_XLV,24,2026-03-05,-0.007861780813959385,-0.003234685009886985
rf,y_XLY,0,2024-08-05,0.011041198823721121,-0.0024108677451053994
rf,y_XLY,0,2024-08-06,-0.017449621646755342,-0.0037413401572664244
rf,y_XLY,0,2024-08-07,0.021817056069055374,0.0004704633839076174
rf,y_XLY,0,2024-08-08,0.0033379284390684383,6.437774795558608e-05
rf,y_XLY,0,2024-08-12,0.02505049972953799,0.003008305240187146
rf,y_XLY,0,2024-08-13,-0.005337204498623738,0.0029193929357680076
rf,y_XLY,0,2024-08-14,0.03191176847918231,-0.0010602976598536261
rf,y_XLY,0,2024-08-15,0.0023536287188543614,0.0013447502312656965
rf,y_XLY,0,2024-08-19,-0.0009170385207023513,0.0022971858568180494
rf,y_XLY,0,2024-08-20,0.012634243741173723,-0.0052883440338624375
rf,y_XLY,0,2024-08-21,-0.017275358507519267,0.0016048337176819776
rf,y_XLY,0,2024-08-22,0.019315283859488774,-0.006957754599057475
rf,y_XLY,0,2024-08-26,-0.0026285702065147465,4.702487015524152e-06
rf,y_XLY,1,2024-08-26,-0.0026285702065147465,0.0023423028373186893
rf,y_XLY,0,2024-08-27,-0.009681554474129772,-0.0021852125670193427
rf,y_XLY,1,2024-08-27,-0.009681554474129772,-0.000973700223346551
rf,y_XLY,0,2024-08-28,0.0011947191667245338,0.0008454553197301133
rf,y_XLY,1,2024-08-28,0.0011947191667245338,0.002548697679300227
rf,y_XLY,0,2024-08-29,0.015080795845299866,0.004073259802672629
rf,y_XLY,1,2024-08-29,0.015080795845299866,0.0015056978744285797
rf,y_XLY,0,2024-09-03,0.0026008912892079294,-0.0011320774137190015
rf,y_XLY,1,2024-09-03,0.0026008912892079294,0.0004782152660087385
rf,y_XLY,0,2024-09-04,0.011349631413396066,-3.809399658318465e-06
rf,y_XLY,1,2024-09-04,0.011349631413396066,0.00025724364515819313
rf,y_XLY,0,2024-09-05,-0.02527659722044473,0.0033732435451116066
rf,y_XLY,1,2024-09-05,-0.02527659722044473,0.0003358835966154291
rf,y_XLY,0,2024-09-09,0.011455751563631988,-0.0010551555802084344
rf,y_XLY,1,2024-09-09,0.011455751563631988,-0.0025621535669985577
rf,y_XLY,0,2024-09-10,0.009990502571239901,-0.004787984972429272
rf,y_XLY,1,2024-09-10,0.009990502571239901,-0.0034956932385064986
rf,y_XLY,0,2024-09-11,0.011266770566778606,0.0024521948166858942
rf,y_XLY,1,2024-09-11,0.011266770566778606,-2.1521733507523512e-05
rf,y_XLY,0,2024-09-12,0.00679990382031348,-0.0008929682215344802
rf,y_XLY,1,2024-09-12,0.00679990382031348,-0.002141197583022512
rf,y_XLY,2,2024-09-12,0.00679990382031348,-0.0008891894586830613
rf,y_XLY,0,2024-09-16,0.005100257320783896,-0.0049332084012519315
rf,y_XLY,1,2024-09-16,0.005100257320783896,-0.005905223858861892
rf,y_XLY,2,2024-09-16,0.005100257320783896,-0.005129454186572341
rf,y_XLY,0,2024-09-17,-0.0019677770999391164,0.002397478927495441
rf,y_XLY,1,2024-09-17,-0.0019677770999391164,0.0024407329845896404
rf,y_XLY,2,2024-09-17,-0.0019677770999391164,0.001953024383330603
rf,y_XLY,0,2024-09-18,0.022775743369557455,-0.0022519120345493417
rf,y_XLY,1,2024-09-18,0.022775743369557455,-0.0005647034859798968
rf,y_XLY,2,2024-09-18,0.022775743369557455,-0.0009132004389698763
rf,y_XLY,0,2024-09-19,-0.0022825762276763584,0.0002460946769008043
rf,y_XLY,1,2024-09-19,-0.0022825762276763584,-0.00018746616688171866
rf,y_XLY,2,2024-09-19,-0.0022825762276763584,-0.001912602471304245
rf,y_XLY,0,2024-09-23,0.008758347020918711,-0.0007239132972557831
rf,y_XLY,1,2024-09-23,0.008758347020918711,-0.00014022662347404254
rf,y_XLY,2,2024-09-23,0.008758347020918711,-0.0003602271366269875
rf,y_XLY,0,2024-09-24,-0.0035927360469284464,-0.00397040313437654
rf,y_XLY,1,2024-09-24,-0.0035927360469284464,-0.0036847379459900927
rf,y_XLY,2,2024-09-24,-0.0035927360469284464,-0.0023070765477382887
rf,y_XLY,0,2024-09-25,0.0042565740490061454,-0.0017203751600640637
rf,y_XLY,1,2024-09-25,0.0042565740490061454,-0.0006468414325117439
rf,y_XLY,2,2024-09-25,0.0042565740490061454,-0.0026905755551437827
rf,y_XLY,0,2024-09-26,0.0014959390502684577,-0.0019663428789024025
rf,y_XLY,1,2024-09-26,0.0014959390502684577,-7.809605647051132e-05
rf,y_XLY,2,2024-09-26,0.0014959390502684577,-0.0008842763463560517
rf,y_XLY,0,2024-09-30,-0.004042423902878123,0.002736675536847598
rf,y_XLY,1,2024-09-30,-0.004042423902878123,0.0014592038471602444
rf,y_XLY,2,2024-09-30,-0.004042423902878123,-0.0007605539433844982
rf,y_XLY,0,2024-10-01,-0.008468699832540838,0.003384455586608699
rf,y_XLY,1,2024-10-01,-0.008468699832540838,1.2162668561808512e-06
rf,y_XLY,2,2024-10-01,-0.008468699832540838,-0.0014885438012963797
rf,y_XLY,0,2024-10-02,-0.011573202955691309,0.0006551267674029877
rf,y_XLY,1,2024-10-02,-0.011573202955691309,-0.0018384885435516066
rf,y_XLY,2,2024-10-02,-0.011573202955691309,-0.00027043987544344005
rf,y_XLY,0,2024-10-03,0.01324266575546007,0.0013540432029439822
rf,y_XLY,1,2024-10-03,0.01324266575546007,0.000608075596591918
rf,y_XLY,2,2024-10-03,0.01324266575546007,0.002969532642955632
rf,y_XLY,1,2024-10-07,0.009739189873101628,-0.006032192519869101
rf,y_XLY,2,2024-10-07,0.009739189873101628,-0.005884692458936957
rf,y_XLY,3,2024-10-07,0.009739189873101628,-0.0068506939740023065
rf,y_XLY,1,2024-10-08,0.007157579548600745,0.0002229300684563007
rf,y_XLY,2,2024-10-08,0.007157579548600745,0.002384933920672419
rf,y_XLY,3,2024-10-08,0.007157579548600745,0.0028304154826619345
rf,y_XLY,1,2024-10-09,-0.00493936661669947,-0.004929594422499174
rf,y_XLY,2,2024-10-09,-0.00493936661669947,-0.0022931430665842872
rf,y_XLY,3,2024-10-09,-0.00493936661669947,-0.0035465904242257098
rf,y_XLY,1,2024-10-10,-0.004254903683742928,-0.0007302851140353922
rf,y_XLY,2,2024-10-10,-0.004254903683742928,-0.0007334416043137244
rf,y_XLY,3,2024-10-10,-0.004254903683742928,-0.0012871651572181767
rf,y_XLY,1,2024-10-14,0.0021778840660593435,0.006842454327943494
rf,y_XLY,2,2024-10-14,0.0021778840660593435,0.006003736719319699
rf,y_XLY,3,2024-10-14,0.0021778840660593435,0.009026070048989508
rf,y_XLY,1,2024-10-15,0.005255977276285462,0.0005258399172712416
rf,y_XLY,2,2024-10-15,0.005255977276285462,0.0015252717270935875
rf,y_XLY,3,2024-10-15,0.005255977276285462,0.0006581573049979084
rf,y_XLY,1,2024-10-16,-0.0009049186549991983,0.00570196604636676
rf,y_XLY,2,2024-10-16,-0.0009049186549991983,0.00522485928257599
rf,y_XLY,3,2024-10-16,-0.0009049186549991983,0.004563625303578605
rf,y_XLY,1,2024-10-17,0.0039249434485824075,0.0015782369418646145
rf,y_XLY,2,2024-10-17,0.0039249434485824075,0.0008181878931561887
rf,y_XLY,3,2024-10-17,0.0039249434485824075,0.001987207898316907
rf,y_XLY,1,2024-10-21,-0.004041317057143612,-0.006397093860602959
rf,y_XLY,2,2024-10-21,-0.004041317057143612,-0.0057140180837850305
rf,y_XLY,3,2024-10-21,-0.004041317057143612,-0.004452312647266683
rf,y_XLY,1,2024-10-22,-0.01572319813245926,0.0012301140100983285
rf,y_XLY,2,2024-10-22,-0.01572319813245926,0.00206617906860482
rf,y_XLY,3,2024-10-22,-0.01572319813245926,0.004239382904936511
rf,y_XLY,1,2024-10-23,0.031536653827282324,-0.0001517487019185998
rf,y_XLY,2,2024-10-23,0.031536653827282324,-3.6699121555302156e-05
rf,y_XLY,3,2024-10-23,0.031536653827282324,0.0027236515076688394
rf,y_XLY,1,2024-10-24,0.003147160003152294,-0.0013878465738575928
rf,y_XLY,2,2024-10-24,0.003147160003152294,0.00037536858202146526
rf,y_XLY,3,2024-10-24,0.003147160003152294,0.0011945696186226032
rf,y_XLY,2,2024-10-28,-0.005216576045195875,0.0027527697743955303
rf,y_XLY,3,2024-10-28,-0.005216576045195875,0.0011954401710654852
rf,y_XLY,4,2024-10-28,-0.005216576045195875,0.004134233662331654
rf,y_XLY,2,2024-10-29,-0.0013984484530545904,0.0015530505210793373
rf,y_XLY,3,2024-10-29,-0.0013984484530545904,0.001715260911398637
rf,y_XLY,4,2024-10-29,-0.0013984484530545904,0.0009095095204503412
rf,y_XLY,2,2024-10-30,-0.015303680604515368,-0.0015692683381850758
rf,y_XLY,3,2024-10-30,-0.015303680604515368,-0.0026281207058176897
rf,y_XLY,4,2024-10-30,-0.015303680604515368,-0.0021440708879326307
rf,y_XLY,2,2024-10-31,0.016252647921792374,0.0028327885942811084
rf,y_XLY,3,2024-10-31,0.016252647921792374,0.0028616229380793055
rf,y_XLY,4,2024-10-31,0.016252647921792374,0.0044338035984055274
rf,y_XLY,2,2024-11-04,0.017703122614795008,-0.002816927132921392
rf,y_XLY,3,2024-11-04,0.017703122614795008,-0.00012852243960114843
rf,y_XLY,4,2024-11-04,0.017703122614795008,-0.000353499394159576
rf,y_XLY,2,2024-11-05,0.031981499980015426,-0.001458141591324641
rf,y_XLY,3,2024-11-05,0.031981499980015426,0.0006877477906195361
rf,y_XLY,4,2024-11-05,0.031981499980015426,0.0018501131537109056
rf,y_XLY,2,2024-11-06,0.012844997288508297,-0.007240804582325979
rf,y_XLY,3,2024-11-06,0.012844997288508297,-0.005411891780887283
rf,y_XLY,4,2024-11-06,0.012844997288508297,-0.0054730250044873205
rf,y_XLY,2,2024-11-07,0.01419079768186382,0.002589955200583189
rf,y_XLY,3,2024-11-07,0.01419079768186382,0.0022308459052088375
rf,y_XLY,4,2024-11-07,0.01419079768186382,0.001458233176597303
rf,y_XLY,2,2024-11-11,-0.013351002199942563,-0.0023685758135319978
rf,y_XLY,3,2024-11-11,-0.013351002199942563,0.0020356609137447542
rf,y_XLY,4,2024-11-11,-0.013351002199942563,-0.0014948648686424991
rf,y_XLY,2,2024-11-12,0.00854383252282287,-8.692425505056981e-05
rf,y_XLY,3,2024-11-12,0.00854383252282287,-0.0010877609861790565
rf,y_XLY,4,2024-11-12,0.00854383252282287,0.0011991916178900257
rf,y_XLY,2,2024-11-13,-0.014195372877705892,-0.0002197375987620718
rf,y_XLY,3,2024-11-13,-0.014195372877705892,0.0018742846154754383
rf,y_XLY,4,2024-11-13,-0.014195372877705892,0.002057479730773868
rf,y_XLY,2,2024-11-14,-0.008547026300840033,-0.003241740566094637
rf,y_XLY,3,2024-11-14,-0.008547026300840033,-0.0054109997409839145
rf,y_XLY,4,2024-11-14,-0.008547026300840033,-0.0011365363513826784
rf,y_XLY,3,2024-11-18,0.0007426870912894401,0.00017866462882348277
rf,y_XLY,4,2024-11-18,0.0007426870912894401,0.00045949042894887583
rf,y_XLY,5,2024-11-18,0.0007426870912894401,0.0021769925461327428
rf,y_XLY,3,2024-11-19,-0.004406892486286784,-0.0015796640074687174
rf,y_XLY,4,2024-11-19,-0.004406892486286784,0.0031082696837074347
rf,y_XLY,5,2024-11-19,-0.004406892486286784,0.0017521825797664878
rf,y_XLY,3,2024-11-20,0.001770617138818098,0.0017053666737043413
rf,y_XLY,4,2024-11-20,0.001770617138818098,0.0031353413887546208
rf,y_XLY,5,2024-11-20,0.001770617138818098,0.0027068552185537543
rf,y_XLY,3,2024-11-21,0.014418536099413792,-0.004520201075878241
rf,y_XLY,4,2024-11-21,0.014418536099413792,-0.003558000654551418
rf,y_XLY,5,2024-11-21,0.014418536099413792,-0.005508242285099113
rf,y_XLY,3,2024-11-25,0.00363093400967629,-0.0007733693490603785
rf,y_XLY,4,2024-11-25,0.00363093400967629,0.000983286084087508
rf,y_XLY,5,2024-11-25,0.00363093400967629,-0.00035348410587397646
rf,y_XLY,3,2024-11-26,-0.004929329128270266,0.008324308519432774
rf,y_XLY,4,2024-11-26,-0.004929329128270266,0.006827976399164429
rf,y_XLY,5,2024-11-26,-0.004929329128270266,0.004345532194504683
rf,y_XLY,3,2024-12-02,-0.0007582083480348611,0.0018122679130959801
rf,y_XLY,4,2024-12-02,-0.0007582083480348611,0.0041308918833139275
rf,y_XLY,5,2024-12-02,-0.0007582083480348611,0.0028859412305221018
rf,y_XLY,3,2024-12-03,0.009282884748771814,0.0030496596289941104
rf,y_XLY,4,2024-12-03,0.009282884748771814,0.001056607658432059
rf,y_XLY,5,2024-12-03,0.009282884748771814,0.0027572884522862645
rf,y_XLY,3,2024-12-04,0.008180462049679038,-0.0007410088685190599
rf,y_XLY,4,2024-12-04,0.008180462049679038,-0.0009276322302244169
rf,y_XLY,5,2024-12-04,0.008180462049679038,-0.0023722153459095423
rf,y_XLY,3,2024-12-05,0.021052660767264086,-0.0007334414800915734
rf,y_XLY,4,2024-12-05,0.021052660767264086,0.00196805359757872
rf,y_XLY,5,2024-12-05,0.021052660767264086,-0.002695937109056413
rf,y_XLY,4,2024-12-09,0.0016374170460418114,0.0009123928251904824
rf,y_XLY,5,2024-12-09,0.0016374170460418114,5.883396674069285e-05
rf,y_XLY,6,2024-12-09,0.0016374170460418114,0.00047020222834524004
rf,y_XLY,4,2024-12-10,0.017552992400003298,0.0033588728600885734
rf,y_XLY,5,2024-12-10,0.017552992400003298,0.0053506901157423315
rf,y_XLY,6,2024-12-10,0.017552992400003298,0.007118664924241268
rf,y_XLY,4,2024-12-11,-0.008286834470044746,0.0014833984823560112
rf,y_XLY,5,2024-12-11,-0.008286834470044746,0.003419789542122111
rf,y_XLY,6,2024-12-11,-0.008286834470044746,0.005069923148951883
rf,y_XLY,4,2024-12-12,0.0039649108805552835,0.0010196941085647301
rf,y_XLY,5,2024-12-12,0.0039649108805552835,0.0013254349636134819
rf,y_XLY,6,2024-12-12,0.0039649108805552835,0.00256762171367896
rf,y_XLY,4,2024-12-16,0.0031423983903478003,-0.0006737501377700471
rf,y_XLY,5,2024-12-16,0.0031423983903478003,-0.0012724615591499049
rf,y_XLY,6,2024-12-16,0.0031423983903478003,0.0008633055546770758
rf,y_XLY,4,2024-12-17,-0.04506531511703005,-0.0014010531294913863
rf,y_XLY,5,2024-12-17,-0.04506531511703005,-0.002293524035467385
rf,y_XLY,6,2024-12-17,-0.04506531511703005,-0.0020036870786251547
rf,y_XLY,4,2024-12-18,-0.00135592447611943,0.00651704468922075
rf,y_XLY,5,2024-12-18,-0.00135592447611943,0.009443514520674427
rf,y_XLY,6,2024-12-18,-0.00135592447611943,0.005031662237283854
rf,y_XLY,4,2024-12-19,0.002540213461942775,-0.004019146785460945
rf,y_XLY,5,2024-12-19,0.002540213461942775,-0.0034588367738378717
rf,y_XLY,6,2024-12-19,0.002540213461942775,-0.004658932204799075
rf,y_XLY,4,2024-12-23,0.023126909453738076,0.0026048606824075663
rf,y_XLY,5,2024-12-23,0.023126909453738076,0.001424465361197913
rf,y_XLY,6,2024-12-23,0.023126909453738076,0.003117805436001857
rf,y_XLY,4,2024-12-26,-0.01652403268358793,0.003430799657789188
rf,y_XLY,5,2024-12-26,-0.01652403268358793,-0.0009992867414229409
rf,y_XLY,6,2024-12-26,-0.01652403268358793,0.00028503134416297073
rf,y_XLY,5,2024-12-30,-0.007520490435980909,-0.0003412569365820036
rf,y_XLY,6,2024-12-30,-0.007520490435980909,0.0005194721989119882
rf,y_XLY,7,2024-12-30,-0.007520490435980909,-7.710251754157922e-05
rf,y_XLY,5,2025-01-02,0.020234880130356236,0.0045196992453965
rf,y_XLY,6,2025-01-02,0.020234880130356236,0.00456320253126086
rf,y_XLY,7,2025-01-02,0.020234880130356236,0.004215537967185121
rf,y_XLY,5,2025-01-06,-0.01935874012156813,-0.0022429301572435205
rf,y_XLY,6,2025-01-06,-0.01935874012156813,0.00010374334378692822
rf,y_XLY,7,2025-01-06,-0.01935874012156813,-0.0024689453010183614
rf,y_XLY,5,2025-01-07,0.0028328827564976233,0.0011800656722243267
rf,y_XLY,6,2025-01-07,0.0028328827564976233,0.0007728505003974641
rf,y_XLY,7,2025-01-07,0.0028328827564976233,-0.0010603915229878377
rf,y_XLY,5,2025-01-13,-0.0019364124833040064,-0.003314984310841554
rf,y_XLY,6,2025-01-13,-0.0019364124833040064,-0.0041582885462741175
rf,y_XLY,7,2025-01-13,-0.0019364124833040064,-0.00547679992876109
rf,y_XLY,5,2025-01-14,0.025446773666248035,0.004989698208123272
rf,y_XLY,6,2025-01-14,0.025446773666248035,0.003675087276899425
rf,y_XLY,7,2025-01-14,0.025446773666248035,0.002508794076140249
rf,y_XLY,5,2025-01-15,-0.005411837458247026,-0.002192603627271255
rf,y_XLY,6,2025-01-15,-0.005411837458247026,-0.0016625086269258858
rf,y_XLY,7,2025-01-15,-0.005411837458247026,0.0010634511160926053
rf,y_XLY,5,2025-01-16,0.014023437872344502,-0.002147918128519441
rf,y_XLY,6,2025-01-16,0.014023437872344502,0.0010717654790375387
rf,y_XLY,7,2025-01-16,0.014023437872344502,0.0017073110785999963
rf,y_XLY,6,2025-01-21,-0.00376784823717613,-0.0036053519072556375
rf,y_XLY,7,2025-01-21,-0.00376784823717613,-0.0041194133654711045
rf,y_XLY,8,2025-01-21,-0.00376784823717613,-0.0043722113049946935
rf,y_XLY,6,2025-01-22,0.0060427132862548305,0.001299359114277258
rf,y_XLY,7,2025-01-22,0.0060427132862548305,-0.0035655580718491537
rf,y_XLY,8,2025-01-22,0.0060427132862548305,-0.0023999895635613906
rf,y_XLY,6,2025-01-23,-0.00609287595596486,0.001159593716448948
rf,y_XLY,7,2025-01-23,-0.00609287595596486,-0.0007626063845523973
rf,y_XLY,8,2025-01-23,-0.00609287595596486,-0.0004775728616889907
rf,y_XLY,6,2025-01-27,0.0012104658287417358,-0.0036169236715707744
rf,y_XLY,7,2025-01-27,0.0012104658287417358,-0.0024207833955693075
rf,y_XLY,8,2025-01-27,0.0012104658287417358,-0.001061421472337315
rf,y_XLY,6,2025-01-28,-0.002849758079907616,-0.004086239330811982
rf,y_XLY,7,2025-01-28,-0.002849758079907616,-0.004564517410585161
rf,y_XLY,8,2025-01-28,-0.002849758079907616,-0.005218601720330212
rf,y_XLY,6,2025-01-29,0.009786098170477375,0.0014305433483320354
rf,y_XLY,7,2025-01-29,0.009786098170477375,0.000222945172737161
rf,y_XLY,8,2025-01-29,0.009786098170477375,-0.0005048613969861366
rf,y_XLY,6,2025-01-30,-0.004416805230128884,0.0006967215264249464
rf,y_XLY,7,2025-01-30,-0.004416805230128884,-0.00015851309991726884
rf,y_XLY,8,2025-01-30,-0.004416805230128884,0.0003165327497242576
rf,y_XLY,6,2025-02-03,0.0117852201090336,0.0003668626661920619
rf,y_XLY,7,2025-02-03,0.0117852201090336,0.0004006326937867908
rf,y_XLY,8,2025-02-03,0.0117852201090336,-0.0008007771361419021
rf,y_XLY,6,2025-02-04,-0.011345973272050003,0.0006816442884666401
rf,y_XLY,7,2025-02-04,-0.011345973272050003,-0.0008862840546680591
rf,y_XLY,8,2025-02-04,-0.011345973272050003,0.000609388761225189
rf,y_XLY,6,2025-02-05,0.003970904879678994,-0.003533805215102264
rf,y_XLY,7,2025-02-05,0.003970904879678994,-0.00341442217250099
rf,y_XLY,8,2025-02-05,0.003970904879678994,-0.004590224209712451
rf,y_XLY,6,2025-02-06,-0.019558458842971138,0.0012913356931299293
rf,y_XLY,7,2025-02-06,-0.019558458842971138,0.0004371429183847392
rf,y_XLY,8,2025-02-06,-0.019558458842971138,-0.0009745633536300933
rf,y_XLY,7,2025-02-10,-0.011354178792550407,0.0010183498782531284
rf,y_XLY,8,2025-02-10,-0.011354178792550407,-0.0012461189728574184
rf,y_XLY,9,2025-02-10,-0.011354178792550407,-0.0006024179254003763
rf,y_XLY,7,2025-02-11,-0.00017875014924506605,-0.0037240950181641613
rf,y_XLY,8,2025-02-11,-0.00017875014924506605,-0.0021689884448814977
rf,y_XLY,9,2025-02-11,-0.00017875014924506605,-0.0008692631475654762
rf,y_XLY,7,2025-02-12,0.015017490585736315,-0.0021180454490241575
rf,y_XLY,8,2025-02-12,0.015017490585736315,-0.0027324075723151597
rf,y_XLY,9,2025-02-12,0.015017490585736315,-0.001377241025879559
rf,y_XLY,7,2025-02-13,-0.00044037631369131525,0.0014363671272699227
rf,y_XLY,8,2025-02-13,-0.00044037631369131525,1.022911321126585e-05
rf,y_XLY,9,2025-02-13,-0.00044037631369131525,-0.0018054119611963376
rf,y_XLY,7,2025-02-18,-0.0005741722825519657,0.0009812938946275958
rf,y_XLY,8,2025-02-18,-0.0005741722825519657,0.003398768284723407
rf,y_XLY,9,2025-02-18,-0.0005741722825519657,0.003541450599746208
rf,y_XLY,7,2025-02-19,-0.008619232903237739,0.003619932680075429
rf,y_XLY,8,2025-02-19,-0.008619232903237739,0.002025264562004312
rf,y_XLY,9,2025-02-19,-0.008619232903237739,0.000697988255453554
rf,y_XLY,7,2025-02-20,-0.026305113626694743,0.003132415646714483
rf,y_XLY,8,2025-02-20,-0.026305113626694743,0.0011598239427673416
rf,y_XLY,9,2025-02-20,-0.026305113626694743,0.003146167380977037
rf,y_XLY,7,2025-02-24,-0.0052398209128925455,-0.0025112061870053706
rf,y_XLY,8,2025-02-24,-0.0052398209128925455,-0.0009148539616593722
rf,y_XLY,9,2025-02-24,-0.0052398209128925455,-0.0027320766233505894
rf,y_XLY,7,2025-02-25,-0.004112132811379676,0.002635809233494571
rf,y_XLY,8,2025-02-25,-0.004112132811379676,0.0030974299320315813
rf,y_XLY,9,2025-02-25,-0.004112132811379676,0.0025002463897155188
rf,y_XLY,7,2025-02-26,-0.01442882886691177,-0.002459703350559809
rf,y_XLY,8,2025-02-26,-0.01442882886691177,-0.00291556877928853
rf,y_XLY,9,2025-02-26,-0.01442882886691177,-0.0010771061193449894
rf,y_XLY,7,2025-02-27,0.016617260989850058,0.000516313067560641
rf,y_XLY,8,2025-02-27,0.016617260989850058,5.7530872436373224e-06
rf,y_XLY,9,2025-02-27,0.016617260989850058,0.0030355112782548847
rf,y_XLY,8,2025-03-03,-0.017643087757083453,0.0036663002878722577
rf,y_XLY,9,2025-03-03,-0.017643087757083453,0.0046954746587230915
rf,y_XLY,10,2025-03-03,-0.017643087757083453,0.005206397805295327
rf,y_XLY,8,2025-03-04,0.015222811564242766,-0.00016368713983378285
rf,y_XLY,9,2025-03-04,0.015222811564242766,-0.0006941452443127383
rf,y_XLY,10,2025-03-04,0.015222811564242766,0.001893904054854123
rf,y_XLY,8,2025-03-05,-0.025353516807727683,-0.0013672555505655382
rf,y_XLY,9,2025-03-05,-0.025353516807727683,-0.0017434914040071793
rf,y_XLY,10,2025-03-05,-0.025353516807727683,-0.001553245476145365
rf,y_XLY,8,2025-03-06,-0.0018443570867134884,-0.0007986152936076305
rf,y_XLY,9,2025-03-06,-0.0018443570867134884,0.001005166852755704
rf,y_XLY,10,2025-03-06,-0.0018443570867134884,7.309758246493529e-05
rf,y_XLY,8,2025-03-10,-0.009781732720846592,-0.0017383443674164592
rf,y_XLY,9,2025-03-10,-0.009781732720846592,-0.004028000502989963
rf,y_XLY,10,2025-03-10,-0.009781732720846592,-0.007100518472866312
rf,y_XLY,8,2025-03-11,0.005804682758088431,-0.00766375439640058
rf,y_XLY,9,2025-03-11,0.005804682758088431,-0.006005888525780537
rf,y_XLY,10,2025-03-11,0.005804682758088431,-0.005594197080436887
rf,y_XLY,8,2025-03-12,-0.02495815115202371,6.195763404611976e-05
rf,y_XLY,9,2025-03-12,-0.02495815115202371,-0.0007536443653042596
rf,y_XLY,10,2025-03-12,-0.02495815115202371,-0.0013475501321880041
rf,y_XLY,8,2025-03-13,0.02128765913023245,0.00340939742379081
rf,y_XLY,9,2025-03-13,0.02128765913023245,0.003612518178991131
rf,y_XLY,10,2025-03-13,0.02128765913023245,0.002613490185849493
rf,y_XLY,8,2025-03-17,-0.01781641620505703,0.010063387868666925
rf,y_XLY,9,2025-03-17,-0.01781641620505703,0.008901622477073838
rf,y_XLY,10,2025-03-17,-0.01781641620505703,0.011649643214359668
rf,y_XLY,8,2025-03-18,0.01917328849239186,-0.0038724062017505205
rf,y_XLY,9,2025-03-18,0.01917328849239186,-0.004116160950179052
rf,y_XLY,10,2025-03-18,0.01917328849239186,-0.0014028097228593855
rf,y_XLY,8,2025-03-19,-0.0023832687633832395,0.0025411828641822803
rf,y_XLY,9,2025-03-19,-0.0023832687633832395,0.002547469765160319
rf,y_XLY,10,2025-03-19,-0.0023832687633832395,0.004997221590350612
rf,y_XLY,8,2025-03-20,0.003608789704040438,0.0021361739335226376
rf,y_XLY,9,2025-03-20,0.003608789704040438,0.002062359458038445
rf,y_XLY,10,2025-03-20,0.003608789704040438,0.0017861902078202421
rf,y_XLY,9,2025-03-24,0.007978862277154164,-0.00269272356945091
rf,y_XLY,10,2025-03-24,0.007978862277154164,-0.0006028694243135652
rf,y_XLY,11,2025-03-24,0.007978862277154164,-0.002384072683451214
rf,y_XLY,9,2025-03-25,-0.013063345160291506,-0.005324121307617249
rf,y_XLY,10,2025-03-25,-0.013063345160291506,-0.0028695929956301797
rf,y_XLY,11,2025-03-25,-0.013063345160291506,-0.005233613966990692
rf,y_XLY,9,2025-03-26,0.0006396807003952176,-0.001692901799265172
rf,y_XLY,10,2025-03-26,0.0006396807003952176,-0.002592871764848434
rf,y_XLY,11,2025-03-26,0.0006396807003952176,-0.0034923017856027896
rf,y_XLY,9,2025-03-27,-0.031077966928591994,-0.0012393203891457659
rf,y_XLY,10,2025-03-27,-0.031077966928591994,-0.0009943253323811297
rf,y_XLY,11,2025-03-27,-0.031077966928591994,-0.002448822160506157
rf,y_XLY,9,2025-03-31,0.010432449898566176,-0.0028762332221916394
rf,y_XLY,10,2025-03-31,0.010432449898566176,-0.0012740371884369698
rf,y_XLY,11,2025-03-31,0.010432449898566176,-0.0022029418271433065
rf,y_XLY,9,2025-04-01,0.018995612444242083,-0.011012031025210667
rf,y_XLY,10,2025-04-01,0.018995612444242083,-0.008576084384797494
rf,y_XLY,11,2025-04-01,0.018995612444242083,-0.0067960277565182305
rf,y_XLY,9,2025-04-02,-0.060400444082277405,0.002988042671533541
rf,y_XLY,10,2025-04-02,-0.060400444082277405,0.0031846916594749854
rf,y_XLY,11,2025-04-02,-0.060400444082277405,0.0022018401792336948
rf,y_XLY,9,2025-04-03,-0.04313449382369683,-0.0015847248644659667
rf,y_XLY,10,2025-04-03,-0.04313449382369683,-9.063251813271982e-05
rf,y_XLY,11,2025-04-03,-0.04313449382369683,-0.0028282266333033304
rf,y_XLY,9,2025-04-07,-0.02375028593200923,0.004847966863820794
rf,y_XLY,10,2025-04-07,-0.02375028593200923,0.0045794917988256755
rf,y_XLY,11,2025-04-07,-0.02375028593200923,0.0030991592569433635
rf,y_XLY,9,2025-04-08,0.10888059614452938,-0.0006048765564493028
rf,y_XLY,10,2025-04-08,0.10888059614452938,-0.0003726622990775789
rf,y_XLY,11,2025-04-08,0.10888059614452938,-0.000745731981928549
rf,y_XLY,9,2025-04-09,-0.03907132189917739,-0.0009793355549674448
rf,y_XLY,10,2025-04-09,-0.03907132189917739,-0.002072482506039363
rf,y_XLY,11,2025-04-09,-0.03907132189917739,0.0006292947392055326
rf,y_XLY,9,2025-04-10,0.009685929585643738,0.0015217866692285244
rf,y_XLY,10,2025-04-10,0.009685929585643738,0.001085529952971374
rf,y_XLY,11,2025-04-10,0.009685929585643738,-0.00016023023641380252
rf,y_XLY,10,2025-04-14,-0.007200278979652697,-0.0014009809913464917
rf,y_XLY,11,2025-04-14,-0.007200278979652697,-0.001264158670281478
rf,y_XLY,12,2025-04-14,-0.007200278979652697,-0.002730318955072711
rf,y_XLY,10,2025-04-15,-0.02466909188530031,-0.0019575529259586878
rf,y_XLY,11,2025-04-15,-0.02466909188530031,-0.0008780278964612189
rf,y_XLY,12,2025-04-15,-0.02466909188530031,-0.0014005256841512056
rf,y_XLY,10,2025-04-16,0.006296041406452568,0.0018172946543791035
rf,y_XLY,11,2025-04-16,0.006296041406452568,-6.622076467651671e-05
rf,y_XLY,12,2025-04-16,0.006296041406452568,-0.0011973093736204117
rf,y_XLY,10,2025-04-21,0.03164312342027631,0.0005651626249243119
rf,y_XLY,11,2025-04-21,0.03164312342027631,-0.0008785015556726154
rf,y_XLY,12,2025-04-21,0.03164312342027631,-0.0013147100429305402
rf,y_XLY,10,2025-04-22,0.022346433199717852,0.0003045809230714458
rf,y_XLY,11,2025-04-22,0.022346433199717852,-0.001285327658705763
rf,y_XLY,12,2025-04-22,0.022346433199717852,-0.00019980875025471894
rf,y_XLY,10,2025-04-23,0.019913689362026865,0.0034022235574916637
rf,y_XLY,11,2025-04-23,0.019913689362026865,0.0030448858532869643
rf,y_XLY,12,2025-04-23,0.019913689362026865,0.0032215999064725193
rf,y_XLY,10,2025-04-24,0.01797958359232532,-0.0042523454317014995
rf,y_XLY,11,2025-04-24,0.01797958359232532,-0.0014047520751434117
rf,y_XLY,12,2025-04-24,0.01797958359232532,-0.0038219607161644907
rf,y_XLY,10,2025-04-28,0.007082529003435312,0.0005392841897284543
rf,y_XLY,11,2025-04-28,0.007082529003435312,0.0004899930246657987
rf,y_XLY,12,2025-04-28,0.007082529003435312,-0.0004529222961846241
rf,y_XLY,10,2025-04-29,-0.0090923270542278,-0.00018511828172671957
rf,y_XLY,11,2025-04-29,-0.0090923270542278,0.0029226386875949306
rf,y_XLY,12,2025-04-29,-0.0090923270542278,0.0013212629825584087
rf,y_XLY,10,2025-04-30,0.005525823956078479,0.0020336192294936393
rf,y_XLY,11,2025-04-30,0.005525823956078479,0.002000845950660988
rf,y_XLY,12,2025-04-30,0.005525823956078479,0.0014715840732629317
rf,y_XLY,10,2025-05-01,0.015527927721020296,-0.0002909151564134793
rf,y_XLY,11,2025-05-01,0.015527927721020296,-0.0008209712002462732
rf,y_XLY,12,2025-05-01,0.015527927721020296,-0.0012569024874923543
rf,y_XLY,11,2025-05-05,-0.00873094233950611,0.0014990641574182913
rf,y_XLY,12,2025-05-05,-0.00873094233950611,0.0022480596943975197
rf,y_XLY,13,2025-05-05,-0.00873094233950611,0.00028137221697748606
rf,y_XLY,11,2025-05-06,0.0077954830717164025,0.0010115858962645144
rf,y_XLY,12,2025-05-06,0.0077954830717164025,0.0009207559099086956
rf,y_XLY,13,2025-05-06,0.0077954830717164025,-4.3117527211012735e-05
rf,y_XLY,11,2025-05-07,0.011803719764864606,0.003380191771285452
rf,y_XLY,12,2025-05-07,0.011803719764864606,0.0014775687243566492
rf,y_XLY,13,2025-05-07,0.011803719764864606,0.0022820241540375697
rf,y_XLY,11,2025-05-08,0.004815244691188436,-0.0005620028970119734
rf,y_XLY,12,2025-05-08,0.004815244691188436,-0.0001975636975510379
rf,y_XLY,13,2025-05-08,0.004815244691188436,-0.0005504712211743922
rf,y_XLY,11,2025-05-12,0.013225392314031525,0.0013593953378577077
rf,y_XLY,12,2025-05-12,0.013225392314031525,0.00018942757004496342
rf,y_XLY,13,2025-05-12,0.013225392314031525,0.000699274944876314
rf,y_XLY,11,2025-05-13,0.0038555344543742542,0.002877614069025882
rf,y_XLY,12,2025-05-13,0.0038555344543742542,0.0008435334462833806
rf,y_XLY,13,2025-05-13,0.0038555344543742542,0.0001601623658280584
rf,y_XLY,11,2025-05-14,-0.0022210702457765574,-0.0016058880256094403
rf,y_XLY,12,2025-05-14,-0.0022210702457765574,-0.0024169051402974486
rf,y_XLY,13,2025-05-14,-0.0022210702457765574,-0.0004935767048289714
rf,y_XLY,11,2025-05-15,0.009460614500405473,-0.0005528741159031949
rf,y_XLY,12,2025-05-15,0.009460614500405473,-0.0018274370518195572
rf,y_XLY,13,2025-05-15,0.009460614500405473,-0.0026363564229695286
rf,y_XLY,11,2025-05-19,-0.005203498476664459,-0.0058339670179239494
rf,y_XLY,12,2025-05-19,-0.005203498476664459,-0.004904245477455777
rf,y_XLY,13,2025-05-19,-0.005203498476664459,-0.004728050873508168
rf,y_XLY,11,2025-05-20,-0.02027497673879297,0.0012889557159182117
rf,y_XLY,12,2025-05-20,-0.02027497673879297,0.0008084172261089392
rf,y_XLY,13,2025-05-20,-0.02027497673879297,0.0011393819705714828
rf,y_XLY,11,2025-05-21,0.00429962739221601,0.0003309911052925496
rf,y_XLY,12,2025-05-21,0.00429962739221601,-0.004957853228208314
rf,y_XLY,13,2025-05-21,0.00429962739221601,-0.0032058717469692004
rf,y_XLY,11,2025-05-22,-0.008985795723069456,0.0010515689200970041
rf,y_XLY,12,2025-05-22,-0.008985795723069456,0.0007526531397549894
rf,y_XLY,13,2025-05-22,-0.008985795723069456,0.0006021577467367811
rf,y_XLY,12,2025-05-27,-0.009176013727147714,0.001259114548728361
rf,y_XLY,13,2025-05-27,-0.009176013727147714,0.0037959899377291847
rf,y_XLY,14,2025-05-27,-0.009176013727147714,0.003915134284847454
rf,y_XLY,12,2025-05-28,0.00041878538523998365,0.0027337178794246686
rf,y_XLY,13,2025-05-28,0.00041878538523998365,0.0005564684517096214
rf,y_XLY,14,2025-05-28,0.00041878538523998365,0.0015167142142501358
rf,y_XLY,12,2025-05-29,-0.005442573594478972,0.0018748886810568133
rf,y_XLY,13,2025-05-29,-0.005442573594478972,-0.001866395016869248
rf,y_XLY,14,2025-05-29,-0.005442573594478972,0.0027557011071373512
rf,y_XLY,12,2025-06-02,0.005319640383887325,-0.004029762220355159
rf,y_XLY,13,2025-06-02,0.005319640383887325,-0.0033344458915133923
rf,y_XLY,14,2025-06-02,0.005319640383887325,0.00012603517305108484
rf,y_XLY,12,2025-06-03,-0.0026458170187203534,-0.002574333152796904
rf,y_XLY,13,2025-06-03,-0.0026458170187203534,-0.0026757724165022505
rf,y_XLY,14,2025-06-03,-0.0026458170187203534,-0.0019722453333194806
rf,y_XLY,12,2025-06-04,-0.025224513866993092,0.0002628498253864011
rf,y_XLY,13,2025-06-04,-0.025224513866993092,0.0030042165781781287
rf,y_XLY,14,2025-06-04,-0.025224513866993092,0.000538566188078111
rf,y_XLY,12,2025-06-05,0.012986442923324404,-0.0007478210832379668
rf,y_XLY,13,2025-06-05,0.012986442923324404,-0.002746758212311076
rf,y_XLY,14,2025-06-05,0.012986442923324404,-0.004671895837659342
rf,y_XLY,12,2025-06-09,0.011969896239512945,-0.004311722192900249
rf,y_XLY,13,2025-06-09,0.011969896239512945,-0.006851194896071012
rf,y_XLY,14,2025-06-09,0.011969896239512945,-0.005651690319651401
rf,y_XLY,12,2025-06-10,-0.007900859776085345,-0.002746274334236007
rf,y_XLY,13,2025-06-10,-0.007900859776085345,-0.001139211120218698
rf,y_XLY,14,2025-06-10,-0.007900859776085345,-0.003507317118994583
rf,y_XLY,12,2025-06-11,-0.004703784321867355,-0.0015117235497856206
rf,y_XLY,13,2025-06-11,-0.004703784321867355,-0.0008754722572272666
rf,y_XLY,14,2025-06-11,-0.004703784321867355,-0.0004196347458075844
rf,y_XLY,12,2025-06-12,-0.009218184454612643,-0.0018524709261206205
rf,y_XLY,13,2025-06-12,-0.009218184454612643,-0.0012732799836217242
rf,y_XLY,14,2025-06-12,-0.009218184454612643,-0.0013154767913968524
rf,y_XLY,13,2025-07-02,0.005454404579107175,-0.00145216165878308
rf,y_XLY,14,2025-07-02,0.005454404579107175,-0.0026051667583188065
rf,y_XLY,15,2025-07-02,0.005454404579107175,-0.00013764073392195375
rf,y_XLY,13,2025-07-07,-0.003388173106093628,-0.000625133712138264
rf,y_XLY,14,2025-07-07,-0.003388173106093628,-0.0010536958850555888
rf,y_XLY,15,2025-07-07,-0.003388173106093628,0.0014756452688096454
rf,y_XLY,13,2025-07-08,0.005926556410650541,7.083591778150877e-05
rf,y_XLY,14,2025-07-08,0.005926556410650541,0.0002739660703736195
rf,y_XLY,15,2025-07-08,0.005926556410650541,-3.107868263058737e-05
rf,y_XLY,13,2025-07-09,0.011052769568518972,0.006398503066250168
rf,y_XLY,14,2025-07-09,0.011052769568518972,0.006196557770208085
rf,y_XLY,15,2025-07-09,0.011052769568518972,0.006302296157179766
rf,y_XLY,13,2025-07-10,0.000271006703766119,-0.0020391130617252867
rf,y_XLY,14,2025-07-10,0.000271006703766119,-0.0017233408964107745
rf,y_XLY,15,2025-07-10,0.000271006703766119,-0.0006456876424290954
rf,y_XLY,13,2025-07-14,-0.014308205638022597,0.004359608542169369
rf,y_XLY,14,2025-07-14,-0.014308205638022597,0.0042588363569883315
rf,y_XLY,15,2025-07-14,-0.014308205638022597,0.0016807024474379633
rf,y_XLY,13,2025-07-15,0.0018258662237682355,0.0006321605715758803
rf,y_XLY,14,2025-07-15,0.0018258662237682355,0.0003473551373985704
rf,y_XLY,15,2025-07-15,0.0018258662237682355,0.0013433685073396956
rf,y_XLY,13,2025-07-16,0.0034173643899029216,-0.0015101058024201198
rf,y_XLY,14,2025-07-16,0.0034173643899029216,-0.0016111167863103793
rf,y_XLY,15,2025-07-16,0.0034173643899029216,-0.0010258922833803576
rf,y_XLY,13,2025-07-17,0.008854720121448612,-0.0005545355072002165
rf,y_XLY,14,2025-07-17,0.008854720121448612,0.0032768366755329395
rf,y_XLY,15,2025-07-17,0.008854720121448612,0.0010166745899858462
rf,y_XLY,13,2025-07-21,0.010124530114847152,0.0014822428265052997
rf,y_XLY,14,2025-07-21,0.010124530114847152,-0.0005761879589859779
rf,y_XLY,15,2025-07-21,0.010124530114847152,0.0009785626083464152
rf,y_XLY,13,2025-07-22,0.0047454588630897465,-0.005621878395600887
rf,y_XLY,14,2025-07-22,0.0047454588630897465,-0.001420791853528038
rf,y_XLY,15,2025-07-22,0.0047454588630897465,-0.002965868506909271
rf,y_XLY,13,2025-07-23,-0.016552632194511974,0.0007000914084931892
rf,y_XLY,14,2025-07-23,-0.016552632194511974,0.0011800278904720639
rf,y_XLY,15,2025-07-23,-0.016552632194511974,0.0003105821725798291
rf,y_XLY,14,2025-07-24,0.009290786947912633,-0.002321006915707626
rf,y_XLY,15,2025-07-24,0.009290786947912633,-0.0040331274375499165
rf,y_XLY,16,2025-07-24,0.009290786947912633,-0.003660583308699521
rf,y_XLY,14,2025-07-28,-0.0068970738375521146,-0.0040924883496645395
rf,y_XLY,15,2025-07-28,-0.0068970738375521146,-0.001415418532499695
rf,y_XLY,16,2025-07-28,-0.0068970738375521146,-0.001258922738516031
rf,y_XLY,14,2025-07-29,-0.006321751535588338,3.382164366884377e-05
rf,y_XLY,15,2025-07-29,-0.006321751535588338,-0.0006193470842426154
rf,y_XLY,16,2025-07-29,-0.006321751535588338,-0.0006651281360833012
rf,y_XLY,14,2025-07-30,-0.007930212864186492,0.0028510926921344
rf,y_XLY,15,2025-07-30,-0.007930212864186492,-9.882561542568965e-05
rf,y_XLY,16,2025-07-30,-0.007930212864186492,0.0028609483919821107
rf,y_XLY,14,2025-07-31,-0.024115966913630604,0.0036300837840165245
rf,y_XLY,15,2025-07-31,-0.024115966913630604,0.0003850677020323434
rf,y_XLY,16,2025-07-31,-0.024115966913630604,0.0032501565504202542
rf,y_XLY,14,2025-08-04,0.001280734618504864,-0.0020155741728292422
rf,y_XLY,15,2025-08-04,0.001280734618504864,-0.00038122988467344243
rf,y_XLY,16,2025-08-04,0.001280734618504864,0.0006851443485238038
rf,y_XLY,14,2025-08-05,0.02078479233958208,-0.0011422190414001813
rf,y_XLY,15,2025-08-05,0.02078479233958208,-0.0009255473353914865
rf,y_XLY,16,2025-08-05,0.02078479233958208,6.230605029181047e-06
rf,y_XLY,14,2025-08-06,-0.00031329727250428707,0.001934650361266696
rf,y_XLY,15,2025-08-06,-0.00031329727250428707,0.0030102755017284333
rf,y_XLY,16,2025-08-06,-0.00031329727250428707,0.0007202586355880909
rf,y_XLY,14,2025-08-07,0.0017457861646086315,-0.0018781936880999032
rf,y_XLY,15,2025-08-07,0.0017457861646086315,-0.0028400891310697155
rf,y_XLY,16,2025-08-07,0.0017457861646086315,-0.0031785700484293095
rf,y_XLY,14,2025-08-11,0.01060801278581125,0.00174015494044067
rf,y_XLY,15,2025-08-11,0.01060801278581125,0.0009447618570249154
rf,y_XLY,16,2025-08-11,0.01060801278581125,0.002377427629440582
rf,y_XLY,14,2025-08-12,0.013716170593453203,-0.000509130309670249
rf,y_XLY,15,2025-08-12,0.013716170593453203,-0.0002649756917273871
rf,y_XLY,16,2025-08-12,0.013716170593453203,0.0007913046591721956
rf,y_XLY,15,2025-08-13,-0.0011312579012137114,-0.003292359835564143
rf,y_XLY,16,2025-08-13,-0.0011312579012137114,-0.003491764779206523
rf,y_XLY,17,2025-08-13,-0.0011312579012137114,-0.002644713540825605
rf,y_XLY,15,2025-08-14,-0.0023955633446387514,0.0007859440787646841
rf,y_XLY,16,2025-08-14,-0.0023955633446387514,-0.0027129597352750917
rf,y_XLY,17,2025-08-14,-0.0023955633446387514,-0.002457292733819496
rf,y_XLY,15,2025-08-18,-0.0004782751775981309,-0.002942220134651627
rf,y_XLY,16,2025-08-18,-0.0004782751775981309,-0.0030615986258114235
rf,y_XLY,17,2025-08-18,-0.0004782751775981309,-0.002170090475324645
rf,y_XLY,15,2025-08-19,-0.009876067388507437,-0.0016931728238671812
rf,y_XLY,16,2025-08-19,-0.009876067388507437,-0.0006912555560747315
rf,y_XLY,17,2025-08-19,-0.009876067388507437,-0.0013714024642764325
rf,y_XLY,15,2025-08-20,-0.0059319700092387295,0.0028906920959174687
rf,y_XLY,16,2025-08-20,-0.0059319700092387295,0.002546637659450955
rf,y_XLY,17,2025-08-20,-0.0059319700092387295,0.005428625765285309
rf,y_XLY,15,2025-08-21,0.030367346242422544,-0.002102844266295592
rf,y_XLY,16,2025-08-21,0.030367346242422544,-0.004685679094458676
rf,y_XLY,17,2025-08-21,0.030367346242422544,-0.005300333201418777
rf,y_XLY,15,2025-08-25,0.004599538722775298,-0.0010591458175215867
rf,y_XLY,16,2025-08-25,0.004599538722775298,0.0010750092621527976
rf,y_XLY,17,2025-08-25,0.004599538722775298,0.0003546149181306663
rf,y_XLY,15,2025-08-26,0.00021397828025437882,-0.0022411969635085386
rf,y_XLY,16,2025-08-26,0.00021397828025437882,-0.002904368847934673
rf,y_XLY,17,2025-08-26,0.00021397828025437882,-0.00014280237540789016
rf,y_XLY,15,2025-08-27,0.0017111979348729545,-0.0012528748567217816
rf,y_XLY,16,2025-08-27,0.0017111979348729545,0.00017878455585856694
rf,y_XLY,17,2025-08-27,0.0017111979348729545,-0.0009249066095239012
rf,y_XLY,15,2025-08-28,-0.010292492663661168,-0.00014681679207505702
rf,y_XLY,16,2025-08-28,-0.010292492663661168,-0.0008542410809666538
rf,y_XLY,17,2025-08-28,-0.010292492663661168,0.00045153706645832036
rf,y_XLY,15,2025-09-02,0.004043313616733268,-0.0008574625906334399
rf,y_XLY,16,2025-09-02,0.004043313616733268,0.0011922473425151597
rf,y_XLY,17,2025-09-02,0.004043313616733268,0.0011796168265884217
rf,y_XLY,16,2025-09-03,0.01827314838211125,0.004911787381046057
rf,y_XLY,17,2025-09-03,0.01827314838211125,0.005729605695514782
rf,y_XLY,18,2025-09-03,0.01827314838211125,0.0057358975358890955
rf,y_XLY,16,2025-09-04,-0.00021258466018014843,-0.0006118806667886093
rf,y_XLY,17,2025-09-04,-0.00021258466018014843,0.0024685129620911368
rf,y_XLY,18,2025-09-04,-0.00021258466018014843,0.0003845930010887871
rf,y_XLY,16,2025-09-08,-0.0013981799131658201,-0.0009488300480268145
rf,y_XLY,17,2025-09-08,-0.0013981799131658201,0.00016128336411417218
rf,y_XLY,18,2025-09-08,-0.0013981799131658201,0.0008820630741190374
rf,y_XLY,16,2025-09-09,-0.011964918190792928,-0.0026543331953849726
rf,y_XLY,17,2025-09-09,-0.011964918190792928,-0.004451866835399681
rf,y_XLY,18,2025-09-09,-0.011964918190792928,-0.0020874326386140073
rf,y_XLY,16,2025-09-10,0.019452899252754063,0.000705101096793124
rf,y_XLY,17,2025-09-10,0.019452899252754063,0.0005889480325974167
rf,y_XLY,18,2025-09-10,0.019452899252754063,0.001595352654646225
rf,y_XLY,16,2025-09-11,0.005181245195606365,-0.0006047334359192146
rf,y_XLY,17,2025-09-11,0.005181245195606365,-0.0012399404227506313
rf,y_XLY,18,2025-09-11,0.005181245195606365,0.0011084644428060323
rf,y_XLY,16,2025-09-15,0.006148732762028208,0.0016844000568764052
rf,y_XLY,17,2025-09-15,0.006148732762028208,0.001962756320737959
rf,y_XLY,18,2025-09-15,0.006148732762028208,0.0019618892492399426
rf,y_XLY,16,2025-09-16,-0.0025187470430318992,0.001545443124800645
rf,y_XLY,17,2025-09-16,-0.0025187470430318992,0.0004035534092221821
rf,y_XLY,18,2025-09-16,-0.0025187470430318992,0.0012213358173232482
rf,y_XLY,16,2025-09-17,-0.00451212244173349,-0.0010743392748551082
rf,y_XLY,17,2025-09-17,-0.00451212244173349,-0.0016373841912303815
rf,y_XLY,18,2025-09-17,-0.00451212244173349,0.0006871328168137635
rf,y_XLY,16,2025-09-18,0.0037840977202234782,0.000668694311720509
rf,y_XLY,17,2025-09-18,0.0037840977202234782,-0.00010078021039891157
rf,y_XLY,18,2025-09-18,0.0037840977202234782,0.0013669885425101936
rf,y_XLY,16,2025-09-22,-0.009409583008897271,0.0010437989208756965
rf,y_XLY,17,2025-09-22,-0.009409583008897271,-0.0001592555709808328
rf,y_XLY,18,2025-09-22,-0.009409583008897271,0.0017811235103718228
rf,y_XLY,17,2025-09-23,0.007061215105035545,-0.0026660012903015023
rf,y_XLY,18,2025-09-23,0.007061215105035545,-0.0040054304216785444
rf,y_XLY,19,2025-09-23,0.007061215105035545,-0.005334409676275262
rf,y_XLY,17,2025-09-24,-0.014106872220289168,0.0024187897826545143
rf,y_XLY,18,2025-09-24,-0.014106872220289168,0.0018946141252217598
rf,y_XLY,19,2025-09-24,-0.014106872220289168,0.002907207524563332
rf,y_XLY,17,2025-09-25,0.014774410456240394,0.001042737120922856
rf,y_XLY,18,2025-09-25,0.014774410456240394,0.002902552838905644
rf,y_XLY,19,2025-09-25,0.014774410456240394,0.0044021278928761546
rf,y_XLY,17,2025-09-29,-0.004651863098032782,-0.0014300448825276784
rf,y_XLY,18,2025-09-29,-0.004651863098032782,-0.001471572463048541
rf,y_XLY,19,2025-09-29,-0.004651863098032782,-0.0005151524992976349
rf,y_XLY,17,2025-09-30,0.00625935267897737,0.00358038532052564
rf,y_XLY,18,2025-09-30,0.00625935267897737,0.004877317752850227
rf,y_XLY,19,2025-09-30,0.00625935267897737,0.0027247702176356413
rf,y_XLY,17,2025-10-01,-0.0072157191048951574,-8.219616892320703e-05
rf,y_XLY,18,2025-10-01,-0.0072157191048951574,-0.0007853754293629417
rf,y_XLY,19,2025-10-01,-0.0072157191048951574,-0.005874033966552369
rf,y_XLY,17,2025-10-02,-0.006432759854254733,-0.016588678577001748
rf,y_XLY,18,2025-10-02,-0.006432759854254733,-0.017583187096710258
rf,y_XLY,19,2025-10-02,-0.006432759854254733,-0.015314531337939908
rf,y_XLY,17,2025-10-06,-0.017507308334273386,0.00384768165270148
rf,y_XLY,18,2025-10-06,-0.017507308334273386,0.001777522635521401
rf,y_XLY,19,2025-10-06,-0.017507308334273386,0.0007335323912913629
rf,y_XLY,17,2025-10-07,0.0029699117485064708,-0.0012703397048422097
rf,y_XLY,18,2025-10-07,0.0029699117485064708,-0.0007984485806509132
rf,y_XLY,19,2025-10-07,0.0029699117485064708,0.001683636729056263
rf,y_XLY,17,2025-10-08,-0.004991505664054818,0.00345961695292319
rf,y_XLY,18,2025-10-08,-0.004991505664054818,-0.00041904337911753686
rf,y_XLY,19,2025-10-08,-0.004991505664054818,0.00026170126517984226
rf,y_XLY,17,2025-10-09,-0.027506210802040854,0.001347130166760129
rf,y_XLY,18,2025-10-09,-0.027506210802040854,-0.0006066125626194389
rf,y_XLY,19,2025-10-09,-0.027506210802040854,-0.0008155611335343741
rf,y_XLY,18,2025-10-13,0.0020952624278764986,0.005673982061225348
rf,y_XLY,19,2025-10-13,0.0020952624278764986,0.0014146641903349604
rf,y_XLY,20,2025-10-13,0.0020952624278764986,0.0005236315181285524
rf,y_XLY,18,2025-10-14,0.0014508103968000619,0.001199039215360683
rf,y_XLY,19,2025-10-14,0.0014508103968000619,0.002029752678508594
rf,y_XLY,20,2025-10-14,0.0014508103968000619,0.002541123242650491
rf,y_XLY,18,2025-10-15,-0.00967236762619017,-0.0017189653646332488
rf,y_XLY,19,2025-10-15,-0.00967236762619017,-0.005365386163222451
rf,y_XLY,20,2025-10-15,-0.00967236762619017,-0.0064624344530186655
rf,y_XLY,18,2025-10-16,0.008605127699113702,0.0017022553221619921
rf,y_XLY,19,2025-10-16,0.008605127699113702,0.0010716031354356058
rf,y_XLY,20,2025-10-16,0.008605127699113702,0.001613380857264483
rf,y_XLY,18,2025-10-20,0.012231287779731925,0.0011852465716661932
rf,y_XLY,19,2025-10-20,0.012231287779731925,0.0043839386287867115
rf,y_XLY,20,2025-10-20,0.012231287779731925,0.0008753339837450173
rf,y_XLY,18,2025-10-21,-0.007818710748230928,-0.0025742955246548477
rf,y_XLY,19,2025-10-21,-0.007818710748230928,-0.001911336742172115
rf,y_XLY,20,2025-10-21,-0.007818710748230928,-0.0050706845825706235
rf,y_XLY,18,2025-10-22,0.004509006996614939,-0.002976524971977624
rf,y_XLY,19,2025-10-22,0.004509006996614939,-0.0031725897410601776
rf,y_XLY,20,2025-10-22,0.004509006996614939,0.0017797771545524828
rf,y_XLY,18,2025-10-23,-0.0029785289102285395,0.011915114542284758
rf,y_XLY,19,2025-10-23,-0.0029785289102285395,0.010042018102035042
rf,y_XLY,20,2025-10-23,-0.0029785289102285395,0.01023876151277557
rf,y_XLY,18,2025-10-27,0.00024885576449262814,-0.002473573963713903
rf,y_XLY,19,2025-10-27,0.00024885576449262814,-0.0012466263088005156
rf,y_XLY,20,2025-10-27,0.00024885576449262814,-0.002299502843203132
rf,y_XLY,18,2025-10-28,-0.008252486955758864,-0.0018697044776461288
rf,y_XLY,19,2025-10-28,-0.008252486955758864,-0.00015503010228634003
rf,y_XLY,20,2025-10-28,-0.008252486955758864,-0.0007246423097614687
rf,y_XLY,18,2025-10-29,-0.022579942954627952,-0.002290888433812957
rf,y_XLY,19,2025-10-29,-0.022579942954627952,0.0015991215052121894
rf,y_XLY,20,2025-10-29,-0.022579942954627952,-0.0037912628924976987
rf,y_XLY,18,2025-10-30,0.026438475215192714,-0.0025618493533728645
rf,y_XLY,19,2025-10-30,0.026438475215192714,-0.0029645710975921957
rf,y_XLY,20,2025-10-30,0.026438475215192714,-0.007633990741437878
rf,y_XLY,19,2025-11-03,-0.016599183995874678,0.0023807866380091127
rf,y_XLY,20,2025-11-03,-0.016599183995874678,-0.000684541104299785
rf,y_XLY,21,2025-11-03,-0.016599183995874678,0.0005809465162330025
rf,y_XLY,19,2025-11-04,0.012176720270924424,-0.0060813749885213755
rf,y_XLY,20,2025-11-04,0.012176720270924424,-0.0025305803313241076
rf,y_XLY,21,2025-11-04,0.012176720270924424,-0.0019968926658601514
rf,y_XLY,19,2025-11-05,-0.023106246506121475,-0.00045335620484011446
rf,y_XLY,20,2025-11-05,-0.023106246506121475,-0.002841812745099567
rf,y_XLY,21,2025-11-05,-0.023106246506121475,-0.0018480148947650219
rf,y_XLY,19,2025-11-06,0.0015711685124326635,-0.0027324158760320683
rf,y_XLY,20,2025-11-06,0.0015711685124326635,-0.0035696025187021076
rf,y_XLY,21,2025-11-06,0.0015711685124326635,-0.003179213936636365
rf,y_XLY,19,2025-11-10,0.00246898351061442,-0.0023320277157001384
rf,y_XLY,20,2025-11-10,0.00246898351061442,-0.0067798326488964205
rf,y_XLY,21,2025-11-10,0.00246898351061442,-0.0025730459745692156
rf,y_XLY,19,2025-11-11,-0.006720917880396082,-0.0036995494770710228
rf,y_XLY,20,2025-11-11,-0.006720917880396082,-0.003999001617946554
rf,y_XLY,21,2025-11-11,-0.006720917880396082,-0.0028625808491990847
rf,y_XLY,19,2025-11-12,-0.024964283405666365,-0.0034343263121296946
rf,y_XLY,20,2025-11-12,-0.024964283405666365,-0.002978771019207811
rf,y_XLY,21,2025-11-12,-0.024964283405666365,-0.003808886867655044
rf,y_XLY,19,2025-11-13,-0.004784477418368405,-0.004032978733372764
rf,y_XLY,20,2025-11-13,-0.004784477418368405,-0.0029789984144514042
rf,y_XLY,21,2025-11-13,-0.004784477418368405,-0.006445355131724043
rf,y_XLY,19,2025-11-17,-0.018450512565486576,-0.001512861685840051
rf,y_XLY,20,2025-11-17,-0.018450512565486576,-0.0019314540796891526
rf,y_XLY,21,2025-11-17,-0.018450512565486576,-0.0010998128723780246
rf,y_XLY,19,2025-11-18,4.4539085840122894e-05,-0.004267953931709983
rf,y_XLY,20,2025-11-18,4.4539085840122894e-05,-0.004998928847613421
rf,y_XLY,21,2025-11-18,4.4539085840122894e-05,-0.005497143557944164
rf,y_XLY,19,2025-11-19,-0.01492135932683869,-0.006047413738504666
rf,y_XLY,20,2025-11-19,-0.01492135932683869,-0.0024208897971691973
rf,y_XLY,21,2025-11-19,-0.01492135932683869,-0.005499300998838872
rf,y_XLY,19,2025-11-20,0.019623754128421433,0.0007058184358562398
rf,y_XLY,20,2025-11-20,0.019623754128421433,-1.431691243285645e-06
rf,y_XLY,21,2025-11-20,0.019623754128421433,-0.0019329420736108752
rf,y_XLY,20,2025-11-24,0.021399489134592553,-0.003019255208449692
rf,y_XLY,21,2025-11-24,0.021399489134592553,-0.004017848790183552
rf,y_XLY,22,2025-11-24,0.021399489134592553,-0.0018715168437730579
rf,y_XLY,20,2025-11-25,0.00685523660395404,-0.0001273093287705492
rf,y_XLY,21,2025-11-25,0.00685523660395404,0.001786835283616985
rf,y_XLY,22,2025-11-25,0.00685523660395404,-0.00011606263685751868
rf,y_XLY,20,2025-12-01,-0.000676310084231857,0.00680859405349851
rf,y_XLY,21,2025-12-01,-0.000676310084231857,0.003113205244834599
rf,y_XLY,22,2025-12-01,-0.000676310084231857,0.004769609679215871
rf,y_XLY,20,2025-12-02,0.01078502476998544,-0.002727657194704607
rf,y_XLY,21,2025-12-02,0.01078502476998544,-0.003201039854486205
rf,y_XLY,22,2025-12-02,0.01078502476998544,-0.0016955977757514553
rf,y_XLY,20,2025-12-03,-0.003556671026034519,0.0012903930805401253
rf,y_XLY,21,2025-12-03,-0.003556671026034519,0.0008099332579839016
rf,y_XLY,22,2025-12-03,-0.003556671026034519,0.0016539274665456868
rf,y_XLY,20,2025-12-04,0.005542995176835985,0.0022241003222801575
rf,y_XLY,21,2025-12-04,0.005542995176835985,0.0022318933013288364
rf,y_XLY,22,2025-12-04,0.005542995176835985,5.670383915365821e-05
rf,y_XLY,20,2025-12-08,-8.467989154481437e-05,0.0010499185600360607
rf,y_XLY,21,2025-12-08,-8.467989154481437e-05,0.002680530255451915
rf,y_XLY,22,2025-12-08,-8.467989154481437e-05,0.002112946363953371
rf,y_XLY,20,2025-12-09,0.01466343210034915,0.0004933811285360273
rf,y_XLY,21,2025-12-09,0.01466343210034915,0.002434859024916003
rf,y_XLY,22,2025-12-09,0.01466343210034915,0.0003100398457981333
rf,y_XLY,20,2025-12-10,0.003926155178342716,-0.0016570909826725785
rf,y_XLY,21,2025-12-10,0.003926155178342716,-0.0010164379495330518
rf,y_XLY,22,2025-12-10,0.003926155178342716,-0.0008491033104256539
rf,y_XLY,20,2025-12-11,0.004326802801105867,-0.0016119581046288782
rf,y_XLY,21,2025-12-11,0.004326802801105867,-0.003968782134574493
rf,y_XLY,22,2025-12-11,0.004326802801105867,-0.0011670210841523375
rf,y_XLY,21,2025-12-15,0.0016430085286605056,0.001993166291034822
rf,y_XLY,22,2025-12-15,0.0016430085286605056,0.0029301019374422493
rf,y_XLY,23,2025-12-15,0.0016430085286605056,0.0019482326286928162
rf,y_XLY,21,2025-12-16,-0.011564075235109605,0.0008563726685618944
rf,y_XLY,22,2025-12-16,-0.011564075235109605,-0.0009168707067772933
rf,y_XLY,23,2025-12-16,-0.011564075235109605,-0.0019302847318314136
rf,y_XLY,21,2025-12-17,0.015101214654506423,0.0027987566736924117
rf,y_XLY,22,2025-12-17,0.015101214654506423,-0.0013139652324927356
rf,y_XLY,23,2025-12-17,0.015101214654506423,0.000414896942492667
rf,y_XLY,21,2025-12-18,-0.004005215816009766,0.0003269600374503986
rf,y_XLY,22,2025-12-18,-0.004005215816009766,0.0025774247206948745
rf,y_XLY,23,2025-12-18,-0.004005215816009766,0.0017801388845807315
rf,y_XLY,21,2025-12-23,0.003437817592208736,0.0012171802063343738
rf,y_XLY,22,2025-12-23,0.003437817592208736,0.0013937310822719872
rf,y_XLY,23,2025-12-23,0.003437817592208736,0.0006882111701692635
rf,y_XLY,21,2025-12-29,-0.004054595531289618,0.00147076009431897
rf,y_XLY,22,2025-12-29,-0.004054595531289618,0.0028258545067182494
rf,y_XLY,23,2025-12-29,-0.004054595531289618,0.0032129917205490624
rf,y_XLY,21,2025-12-30,-0.00789296230828107,-0.000586666494701335
rf,y_XLY,22,2025-12-30,-0.00789296230828107,0.0032793060399489166
rf,y_XLY,23,2025-12-30,-0.00789296230828107,7.803809553937428e-05
rf,y_XLY,22,2026-01-05,0.006400636937100801,-0.004738335223273156
rf,y_XLY,23,2026-01-05,0.006400636937100801,-0.004712833711911906
rf,y_XLY,24,2026-01-05,0.006400636937100801,-0.005994576692427993
rf,y_XLY,22,2026-01-06,-0.0014041312412143014,0.0007468758444037836
rf,y_XLY,23,2026-01-06,-0.0014041312412143014,-0.001553364666358743
rf,y_XLY,24,2026-01-06,-0.0014041312412143014,-0.00010805597607717135
rf,y_XLY,22,2026-01-07,0.016707995182564384,0.004875230250403669
rf,y_XLY,23,2026-01-07,0.016707995182564384,0.003985678022108947
rf,y_XLY,24,2026-01-07,0.016707995182564384,0.004402342781088432
rf,y_XLY,22,2026-01-08,0.012121750043602608,0.004251920889969572
rf,y_XLY,23,2026-01-08,0.012121750043602608,0.0022984035017989957
rf,y_XLY,24,2026-01-08,0.012121750043602608,0.0012484148761663326
rf,y_XLY,22,2026-01-12,-0.0024895403706309827,-0.0019003403739797976
rf,y_XLY,23,2026-01-12,-0.0024895403706309827,-0.004838298845508602
rf,y_XLY,24,2026-01-12,-0.0024895403706309827,-0.004241776106366035
rf,y_XLY,22,2026-01-13,-0.01577972062570987,0.000729284639188275
rf,y_XLY,23,2026-01-13,-0.01577972062570987,0.001577232594385559
rf,y_XLY,24,2026-01-13,-0.01577972062570987,-0.0014868975789644634
rf,y_XLY,22,2026-01-14,0.003680956631838095,0.004196993812551621
rf,y_XLY,23,2026-01-14,0.003680956631838095,-0.0010766849155694406
rf,y_XLY,24,2026-01-14,0.003680956631838095,-0.00011962722207051653
rf,y_XLY,22,2026-01-15,-0.003259934037758261,-0.002473639120476992
rf,y_XLY,23,2026-01-15,-0.003259934037758261,-0.0030263418902049025
rf,y_XLY,24,2026-01-15,-0.003259934037758261,-0.0012314593625734754
rf,y_XLY,22,2026-01-21,0.01004943332264352,-0.0009077447554521362
rf,y_XLY,23,2026-01-21,0.01004943332264352,-0.0006870723996916961
rf,y_XLY,24,2026-01-21,0.01004943332264352,-0.0021102951422943394
rf,y_XLY,22,2026-01-22,0.004159146105141787,-0.0001301455583808425
rf,y_XLY,23,2026-01-22,0.004159146105141787,-0.0005077602165552114
rf,y_XLY,24,2026-01-22,0.004159146105141787,0.00030369210208596733
rf,y_XLY,23,2026-01-26,0.0030248753066148826,0.005723401426155687
rf,y_XLY,24,2026-01-26,0.0030248753066148826,0.005711067632209016
rf,y_XLY,23,2026-01-27,-0.00749862075175356,-0.0009194144421863532
rf,y_XLY,24,2026-01-27,-0.00749862075175356,-0.003713671102587034
rf,y_XLY,23,2026-01-28,-0.004763030447970329,-0.0016540207515224911
rf,y_XLY,24,2026-01-28,-0.004763030447970329,-0.0017280435157721013
rf,y_XLY,23,2026-01-29,-0.00016506536890759094,0.00036817593528576755
rf,y_XLY,24,2026-01-29,-0.00016506536890759094,2.170991462541368e-05
rf,y_XLY,23,2026-02-02,-0.008034790088755517,-0.006385765233454051
rf,y_XLY,24,2026-02-02,-0.008034790088755517,-0.004696990990585964
rf,y_XLY,23,2026-02-03,-0.007355974918278219,0.00614523511995999
rf,y_XLY,24,2026-02-03,-0.007355974918278219,-0.002596625520011726
rf,y_XLY,23,2026-02-04,-0.02156533197998911,0.00372678728570749
rf,y_XLY,24,2026-02-04,-0.02156533197998911,0.0034957104168394397
rf,y_XLY,23,2026-02-05,0.004084722311404443,-0.00037542189653737014
rf,y_XLY,24,2026-02-05,0.004084722311404443,-0.0003088117455709823
rf,y_XLY,23,2026-02-09,0.00663546370946011,0.002210407516467301
rf,y_XLY,24,2026-02-09,0.00663546370946011,0.0025006562809200125
rf,y_XLY,23,2026-02-10,-0.004817034446073953,-0.0017595439331806683
rf,y_XLY,24,2026-02-10,-0.004817034446073953,-0.0008666271455038899
rf,y_XLY,23,2026-02-11,-0.013841753169525739,-0.0009038375055619117
rf,y_XLY,24,2026-02-11,-0.013841753169525739,-0.0012949161653027128
rf,y_XLY,23,2026-02-12,0.00043057825661274585,-0.004119214190951782
rf,y_XLY,24,2026-02-12,0.00043057825661274585,-0.0028661107117127446
rf,y_XLY,24,2026-02-17,0.008445326782205553,-0.001799054104070022
rf,y_XLY,24,2026-02-18,-0.006665517019933231,-0.005024849341550209
rf,y_XLY,24,2026-02-19,0.010409489906312519,-0.000215634090416635
rf,y_XLY,24,2026-02-23,0.015218714953567192,0.00027313296458159796
rf,y_XLY,24,2026-02-24,0.0029981024543921375,0.004279734339699485
rf,y_XLY,24,2026-02-25,-0.0003415602304522869,0.0003667733024847436
rf,y_XLY,24,2026-02-26,-0.0016232587479918514,-0.001198548542390863
rf,y_XLY,24,2026-03-02,-0.009183829279239775,0.0025464643511165287
rf,y_XLY,24,2026-03-03,0.017750951105828472,-0.0028511814481834504
rf,y_XLY,24,2026-03-04,0.0013747200184588415,0.0010656969638650213
rf,y_XLY,24,2026-03-05,-0.018103822866607278,0.0020640836351240284
