model,target,fold_id,date,y_true,y_pred
ridge,y_BTC-USD,0,2024-08-03,-0.04223983565450573,0.011172354676541181
ridge,y_BTC-USD,0,2024-08-04,-0.07098647891315102,-0.04053407135168016
ridge,y_BTC-USD,0,2024-08-05,0.03783671505322772,0.009006831841374009
ridge,y_BTC-USD,0,2024-08-06,-0.017968550940289485,-0.006696500307589545
ridge,y_BTC-USD,0,2024-08-07,0.12144256099404904,0.10035684159772454
ridge,y_BTC-USD,0,2024-08-08,-0.013450358103773374,0.027963946796558264
ridge,y_BTC-USD,0,2024-08-09,0.001079157301276501,0.008186997025977773
ridge,y_BTC-USD,0,2024-08-10,-0.036529632368097475,0.007398394607875981
ridge,y_BTC-USD,0,2024-08-11,0.010814659848586317,-0.020978003082864332
ridge,y_BTC-USD,0,2024-08-12,0.021144992390795814,-0.013719822404076041
ridge,y_BTC-USD,0,2024-08-13,-0.0308911115194338,-0.00976322833370159
ridge,y_BTC-USD,0,2024-08-14,-0.020041310813293967,-0.0013903461815785905
ridge,y_BTC-USD,0,2024-08-15,0.023175912946963972,0.01815579887801303
ridge,y_BTC-USD,0,2024-08-16,0.00993082725079053,-0.023341839058442875
ridge,y_BTC-USD,0,2024-08-17,-0.016728732324455264,-0.015897401396093414
ridge,y_BTC-USD,0,2024-08-18,0.01726094125025579,0.003086819362374222
ridge,y_BTC-USD,0,2024-08-19,-0.008079210921579816,-0.011602707167780056
ridge,y_BTC-USD,0,2024-08-20,0.03664287570061453,-0.12154386617612288
ridge,y_BTC-USD,0,2024-08-21,-0.012967304646127387,0.03734255748999786
ridge,y_BTC-USD,0,2024-08-22,0.061482671821355916,0.006205732588562579
ridge,y_BTC-USD,0,2024-08-23,0.0013205019089592707,0.002790667649084059
ridge,y_BTC-USD,1,2024-08-23,0.0013205019089592707,-0.006497787419683021
ridge,y_BTC-USD,0,2024-08-24,0.0024081210374646833,-0.0651750601861502
ridge,y_BTC-USD,1,2024-08-24,0.0024081210374646833,-0.07758485840810543
ridge,y_BTC-USD,0,2024-08-25,-0.022583597070127692,-0.007500408216569338
ridge,y_BTC-USD,1,2024-08-25,-0.022583597070127692,-0.006826323385826766
ridge,y_BTC-USD,0,2024-08-26,-0.05369739018896724,0.04044065125042735
ridge,y_BTC-USD,1,2024-08-26,-0.05369739018896724,0.03863589458569915
ridge,y_BTC-USD,0,2024-08-27,-0.00800797843742207,-0.02572183586208307
ridge,y_BTC-USD,1,2024-08-27,-0.00800797843742207,-0.02347726876420777
ridge,y_BTC-USD,0,2024-08-28,0.006108236397788236,0.006182146757231619
ridge,y_BTC-USD,1,2024-08-28,0.006108236397788236,-0.00035641781914632785
ridge,y_BTC-USD,0,2024-08-29,-0.004524521990973862,0.012533636864758106
ridge,y_BTC-USD,1,2024-08-29,-0.004524521990973862,0.009546953073949184
ridge,y_BTC-USD,0,2024-08-30,-0.002530098940268344,0.02002908272866556
ridge,y_BTC-USD,1,2024-08-30,-0.002530098940268344,0.021527819676786002
ridge,y_BTC-USD,0,2024-08-31,-0.027885585694078285,-0.015512780954669849
ridge,y_BTC-USD,1,2024-08-31,-0.027885585694078285,-0.015795248325486753
ridge,y_BTC-USD,0,2024-09-01,0.031172733823612075,-0.07559324608826268
ridge,y_BTC-USD,1,2024-09-01,0.031172733823612075,-0.06528364583156827
ridge,y_BTC-USD,0,2024-09-02,-0.02844504270361159,0.014065829812215968
ridge,y_BTC-USD,1,2024-09-02,-0.02844504270361159,0.01395414793686209
ridge,y_BTC-USD,0,2024-09-03,0.00941156177702851,0.014602280498046228
ridge,y_BTC-USD,1,2024-09-03,0.00941156177702851,0.014080739748526472
ridge,y_BTC-USD,0,2024-09-04,-0.031240343288065575,0.09987431972775086
ridge,y_BTC-USD,1,2024-09-04,-0.031240343288065575,0.08964586532846283
ridge,y_BTC-USD,0,2024-09-05,-0.03938239218868078,-0.017822640303279756
ridge,y_BTC-USD,1,2024-09-05,-0.03938239218868078,-0.010190815552505571
ridge,y_BTC-USD,0,2024-09-06,0.003539165966313096,-0.011784935116297806
ridge,y_BTC-USD,1,2024-09-06,0.003539165966313096,-0.01621051210553586
ridge,y_BTC-USD,0,2024-09-07,0.012964221602682846,0.008354984932432525
ridge,y_BTC-USD,1,2024-09-07,0.012964221602682846,0.005248050380477276
ridge,y_BTC-USD,0,2024-09-08,0.039713831911113884,-0.012436955929076775
ridge,y_BTC-USD,1,2024-09-08,0.039713831911113884,-0.010075304959052685
ridge,y_BTC-USD,0,2024-09-09,0.011034389872275785,-0.046205076940017
ridge,y_BTC-USD,1,2024-09-09,0.011034389872275785,-0.051742061221905666
ridge,y_BTC-USD,0,2024-09-10,-0.005300015516934153,0.03171157709573956
ridge,y_BTC-USD,1,2024-09-10,-0.005300015516934153,0.02221157171950783
ridge,y_BTC-USD,0,2024-09-11,0.013669279499548104,-0.06373928102496201
ridge,y_BTC-USD,1,2024-09-11,0.013669279499548104,-0.056165026260946486
ridge,y_BTC-USD,0,2024-09-12,0.04205082955798245,0.009271266232190767
ridge,y_BTC-USD,1,2024-09-12,0.04205082955798245,0.0010602383565735593
ridge,y_BTC-USD,2,2024-09-12,0.04205082955798245,0.0077939034741708185
ridge,y_BTC-USD,0,2024-09-13,-0.00934732588201681,-0.08578600794878172
ridge,y_BTC-USD,1,2024-09-13,-0.00934732588201681,-0.08728684981740299
ridge,y_BTC-USD,2,2024-09-13,-0.00934732588201681,-0.07023263607189434
ridge,y_BTC-USD,0,2024-09-14,-0.013703582981947293,0.010030298081519704
ridge,y_BTC-USD,1,2024-09-14,-0.013703582981947293,0.010324535183504931
ridge,y_BTC-USD,2,2024-09-14,-0.013703582981947293,0.015064800028544033
ridge,y_BTC-USD,0,2024-09-15,-0.016733367188517922,-0.006423363599114839
ridge,y_BTC-USD,1,2024-09-15,-0.016733367188517922,-0.006655886785164436
ridge,y_BTC-USD,2,2024-09-15,-0.016733367188517922,-0.007908750998532391
ridge,y_BTC-USD,0,2024-09-16,0.0363626062794542,-0.042194189229618734
ridge,y_BTC-USD,1,2024-09-16,0.0363626062794542,-0.017414649342259964
ridge,y_BTC-USD,2,2024-09-16,0.0363626062794542,-0.048037738387886594
ridge,y_BTC-USD,0,2024-09-17,0.02223798894564699,0.02257723494563957
ridge,y_BTC-USD,1,2024-09-17,0.02223798894564699,0.005557234793293056
ridge,y_BTC-USD,2,2024-09-17,0.02223798894564699,0.004943671307126991
ridge,y_BTC-USD,0,2024-09-18,0.020937291974474137,0.034532624596605783
ridge,y_BTC-USD,1,2024-09-18,0.020937291974474137,0.029389203423425683
ridge,y_BTC-USD,2,2024-09-18,0.020937291974474137,0.029718275769728734
ridge,y_BTC-USD,0,2024-09-19,0.004012038411551844,-0.09801081057526291
ridge,y_BTC-USD,1,2024-09-19,0.004012038411551844,-0.09825190171509371
ridge,y_BTC-USD,2,2024-09-19,0.004012038411551844,-0.09615298088915122
ridge,y_BTC-USD,0,2024-09-20,0.003194394254405042,0.0636684665546
ridge,y_BTC-USD,1,2024-09-20,0.003194394254405042,0.030911967817503248
ridge,y_BTC-USD,2,2024-09-20,0.003194394254405042,0.029412998925637784
ridge,y_BTC-USD,0,2024-09-21,0.004004601863112578,-0.004932591188937756
ridge,y_BTC-USD,1,2024-09-21,0.004004601863112578,0.0010362027262820165
ridge,y_BTC-USD,2,2024-09-21,0.004004601863112578,0.00312938848088039
ridge,y_BTC-USD,0,2024-09-22,-0.005010473135318549,-0.038900739498101744
ridge,y_BTC-USD,1,2024-09-22,-0.005010473135318549,-0.03720159618565694
ridge,y_BTC-USD,2,2024-09-22,-0.005010473135318549,-0.04000763956853722
ridge,y_BTC-USD,0,2024-09-23,0.01535087678718594,-0.027907021559165454
ridge,y_BTC-USD,1,2024-09-23,0.01535087678718594,-0.022930933761631106
ridge,y_BTC-USD,2,2024-09-23,0.01535087678718594,-0.01924089781413303
ridge,y_BTC-USD,0,2024-09-24,-0.018021597802944433,0.009312200889444682
ridge,y_BTC-USD,1,2024-09-24,-0.018021597802944433,0.007166384475809505
ridge,y_BTC-USD,2,2024-09-24,-0.018021597802944433,0.00773315789435516
ridge,y_BTC-USD,0,2024-09-25,0.032273891570151925,-0.0022048670572601785
ridge,y_BTC-USD,1,2024-09-25,0.032273891570151925,-0.005401143759480552
ridge,y_BTC-USD,2,2024-09-25,0.032273891570151925,-0.0036058444192414965
ridge,y_BTC-USD,0,2024-09-26,0.00935309904070647,0.016554213856139345
ridge,y_BTC-USD,1,2024-09-26,0.00935309904070647,0.015831860683341817
ridge,y_BTC-USD,2,2024-09-26,0.00935309904070647,0.013600229040242495
ridge,y_BTC-USD,0,2024-09-27,0.0014741358273548943,-0.3426352222801556
ridge,y_BTC-USD,1,2024-09-27,0.0014741358273548943,-0.345969372927964
ridge,y_BTC-USD,2,2024-09-27,0.0014741358273548943,-0.3081682912311649
ridge,y_BTC-USD,0,2024-09-30,-0.039357521968434894,0.00877624784680178
ridge,y_BTC-USD,1,2024-09-30,-0.039357521968434894,0.008160059658446382
ridge,y_BTC-USD,2,2024-09-30,-0.039357521968434894,0.005843153274563933
ridge,y_BTC-USD,0,2024-10-01,-0.0033568819965540397,-0.00817044547843256
ridge,y_BTC-USD,1,2024-10-01,-0.0033568819965540397,-0.006106703112632159
ridge,y_BTC-USD,2,2024-10-01,-0.0033568819965540397,0.0023096224308732103
ridge,y_BTC-USD,0,2024-10-02,0.0020882627636797935,-0.019843621579674006
ridge,y_BTC-USD,1,2024-10-02,0.0020882627636797935,-0.014460659063124822
ridge,y_BTC-USD,2,2024-10-02,0.0020882627636797935,-0.02666104749914491
ridge,y_BTC-USD,0,2024-10-03,0.021528753876634443,0.07316763475080242
ridge,y_BTC-USD,1,2024-10-03,0.021528753876634443,0.06864523214402582
ridge,y_BTC-USD,2,2024-10-03,0.021528753876634443,0.06009931492803344
ridge,y_BTC-USD,1,2024-10-04,0.0003620681473552878,0.019125623770501567
ridge,y_BTC-USD,2,2024-10-04,0.0003620681473552878,0.016505173777649366
ridge,y_BTC-USD,3,2024-10-04,0.0003620681473552878,0.011716908488492115
ridge,y_BTC-USD,1,2024-10-06,-0.009269383518558882,-0.07237731499064602
ridge,y_BTC-USD,2,2024-10-06,-0.009269383518558882,-0.0727057592312596
ridge,y_BTC-USD,3,2024-10-06,-0.009269383518558882,-0.06667520880085229
ridge,y_BTC-USD,1,2024-10-07,-0.001682150134457161,-0.03343258874361422
ridge,y_BTC-USD,2,2024-10-07,-0.001682150134457161,-0.02982929344062756
ridge,y_BTC-USD,3,2024-10-07,-0.001682150134457161,-0.027737063924326538
ridge,y_BTC-USD,1,2024-10-08,-0.024944762232405493,-0.006928391107643649
ridge,y_BTC-USD,2,2024-10-08,-0.024944762232405493,0.0069463706871888305
ridge,y_BTC-USD,3,2024-10-08,-0.024944762232405493,0.006018242196201913
ridge,y_BTC-USD,1,2024-10-09,-0.005077433013489285,-0.013206306462721449
ridge,y_BTC-USD,2,2024-10-09,-0.005077433013489285,-0.013223177722198406
ridge,y_BTC-USD,3,2024-10-09,-0.005077433013489285,-0.008987505658763467
ridge,y_BTC-USD,1,2024-10-10,0.036011743668549645,0.008476685855797505
ridge,y_BTC-USD,2,2024-10-10,0.036011743668549645,0.009192461018395312
ridge,y_BTC-USD,3,2024-10-10,0.036011743668549645,0.011625541369124588
ridge,y_BTC-USD,1,2024-10-11,0.011977460447594401,-0.004557318566629522
ridge,y_BTC-USD,2,2024-10-11,0.011977460447594401,-0.00470168055658656
ridge,y_BTC-USD,3,2024-10-11,0.011977460447594401,0.0001881129940034175
ridge,y_BTC-USD,1,2024-10-12,-0.005406426515387475,0.009282609954138099
ridge,y_BTC-USD,2,2024-10-12,-0.005406426515387475,0.007981540895449427
ridge,y_BTC-USD,3,2024-10-12,-0.005406426515387475,0.014035598176684866
ridge,y_BTC-USD,1,2024-10-14,0.015064992457922477,-0.010039329363408475
ridge,y_BTC-USD,2,2024-10-14,0.015064992457922477,-0.007985965154247458
ridge,y_BTC-USD,3,2024-10-14,0.015064992457922477,-0.008204263577516708
ridge,y_BTC-USD,1,2024-10-15,0.008526251733136592,0.02100971491987919
ridge,y_BTC-USD,2,2024-10-15,0.008526251733136592,0.018930532993514874
ridge,y_BTC-USD,3,2024-10-15,0.008526251733136592,0.01330416257348943
ridge,y_BTC-USD,1,2024-10-16,-0.0031485616380424464,0.020986125520519202
ridge,y_BTC-USD,2,2024-10-16,-0.0031485616380424464,0.02192767884692571
ridge,y_BTC-USD,3,2024-10-16,-0.0031485616380424464,0.019836553380553797
ridge,y_BTC-USD,1,2024-10-17,0.015118035686984221,0.008537451692850301
ridge,y_BTC-USD,2,2024-10-17,0.015118035686984221,0.005073649378175529
ridge,y_BTC-USD,3,2024-10-17,0.015118035686984221,0.011525136863384702
ridge,y_BTC-USD,1,2024-10-18,-0.0008192879217548965,-0.012856848055154989
ridge,y_BTC-USD,2,2024-10-18,-0.0008192879217548965,-0.006071526246224486
ridge,y_BTC-USD,3,2024-10-18,-0.0008192879217548965,0.0005072733651814805
ridge,y_BTC-USD,1,2024-10-19,0.009346740674458287,0.05528251736386961
ridge,y_BTC-USD,2,2024-10-19,0.009346740674458287,0.049548597833390384
ridge,y_BTC-USD,3,2024-10-19,0.009346740674458287,0.03970413165019218
ridge,y_BTC-USD,1,2024-10-20,-0.023678423698328066,0.005412671538949748
ridge,y_BTC-USD,2,2024-10-20,-0.023678423698328066,0.005547418871563754
ridge,y_BTC-USD,3,2024-10-20,-0.023678423698328066,0.0030083325277209744
ridge,y_BTC-USD,1,2024-10-21,-9.567341618454961e-05,-0.03279809860077176
ridge,y_BTC-USD,2,2024-10-21,-9.567341618454961e-05,-0.04257885289178943
ridge,y_BTC-USD,3,2024-10-21,-9.567341618454961e-05,-0.055222468076075594
ridge,y_BTC-USD,1,2024-10-22,-0.01379441121005398,0.058389120336092386
ridge,y_BTC-USD,2,2024-10-22,-0.01379441121005398,0.06227447761763541
ridge,y_BTC-USD,3,2024-10-22,-0.01379441121005398,0.05974897737403224
ridge,y_BTC-USD,1,2024-10-23,0.02602442034118191,0.020439151760780157
ridge,y_BTC-USD,2,2024-10-23,0.02602442034118191,0.02199187527584938
ridge,y_BTC-USD,3,2024-10-23,0.02602442034118191,0.02163978358625068
ridge,y_BTC-USD,1,2024-10-24,-0.022280180844656217,0.010441361084702769
ridge,y_BTC-USD,2,2024-10-24,-0.022280180844656217,0.004907150301610855
ridge,y_BTC-USD,3,2024-10-24,-0.022280180844656217,0.010494310789744667
ridge,y_BTC-USD,1,2024-10-25,0.00558625096700216,-0.03465277746872142
ridge,y_BTC-USD,2,2024-10-25,0.00558625096700216,-0.03676170569846239
ridge,y_BTC-USD,3,2024-10-25,0.00558625096700216,-0.029726510766485137
ridge,y_BTC-USD,2,2024-10-27,0.029125296867722028,-0.008118425147480714
ridge,y_BTC-USD,3,2024-10-27,0.029125296867722028,-0.004217473583558294
ridge,y_BTC-USD,4,2024-10-27,0.029125296867722028,0.001267007547780173
ridge,y_BTC-USD,2,2024-10-28,0.04023493905417541,0.14109459254534212
ridge,y_BTC-USD,3,2024-10-28,0.04023493905417541,0.08937852923428861
ridge,y_BTC-USD,4,2024-10-28,0.04023493905417541,0.07225347986928665
ridge,y_BTC-USD,2,2024-10-29,-0.005238593875544262,-0.06637302722557735
ridge,y_BTC-USD,3,2024-10-29,-0.005238593875544262,-0.07662838091955441
ridge,y_BTC-USD,4,2024-10-29,-0.005238593875544262,-0.09697813172294453
ridge,y_BTC-USD,2,2024-10-30,-0.029366396164960396,0.04393115245643253
ridge,y_BTC-USD,3,2024-10-30,-0.029366396164960396,0.054219629644411606
ridge,y_BTC-USD,4,2024-10-30,-0.029366396164960396,0.042801753991099756
ridge,y_BTC-USD,2,2024-10-31,-0.010435331387529279,-0.08182033916410625
ridge,y_BTC-USD,3,2024-10-31,-0.010435331387529279,-0.07193730735493002
ridge,y_BTC-USD,4,2024-10-31,-0.010435331387529279,-0.06606493861603942
ridge,y_BTC-USD,2,2024-11-01,-0.0027804900426771084,-0.02986218611983416
ridge,y_BTC-USD,3,2024-11-01,-0.0027804900426771084,-0.02635999057815415
ridge,y_BTC-USD,4,2024-11-01,-0.0027804900426771084,-0.02200689345737369
ridge,y_BTC-USD,2,2024-11-02,-0.00791112711687536,-0.00252329136369336
ridge,y_BTC-USD,3,2024-11-02,-0.00791112711687536,-0.003987105301559108
ridge,y_BTC-USD,4,2024-11-02,-0.00791112711687536,-0.0011784145180532585
ridge,y_BTC-USD,2,2024-11-03,-0.013523338185854272,0.003957967396286486
ridge,y_BTC-USD,3,2024-11-03,-0.013523338185854272,0.0011946955551840215
ridge,y_BTC-USD,4,2024-11-03,-0.013523338185854272,-0.008377820636366924
ridge,y_BTC-USD,2,2024-11-04,0.02282879023690776,0.026301721760924823
ridge,y_BTC-USD,3,2024-11-04,0.02282879023690776,0.013375997767779564
ridge,y_BTC-USD,4,2024-11-04,0.02282879023690776,0.013522007991227143
ridge,y_BTC-USD,2,2024-11-05,0.09053568676993895,0.06714017348677041
ridge,y_BTC-USD,3,2024-11-05,0.09053568676993895,0.07060594232005868
ridge,y_BTC-USD,4,2024-11-05,0.09053568676993895,0.0643581355571363
ridge,y_BTC-USD,2,2024-11-06,0.003513808689745934,-0.08169754934298216
ridge,y_BTC-USD,3,2024-11-06,0.003513808689745934,-0.0789097532664573
ridge,y_BTC-USD,4,2024-11-06,0.003513808689745934,-0.06962942593449573
ridge,y_BTC-USD,2,2024-11-07,0.008439738809541852,-0.04314137141641475
ridge,y_BTC-USD,3,2024-11-07,0.008439738809541852,-0.039992776356107804
ridge,y_BTC-USD,4,2024-11-07,0.008439738809541852,-0.011957769738563115
ridge,y_BTC-USD,2,2024-11-08,0.0030490452928257916,0.020679579788195866
ridge,y_BTC-USD,3,2024-11-08,0.0030490452928257916,0.017360177147918064
ridge,y_BTC-USD,4,2024-11-08,0.0030490452928257916,0.030133611147300517
ridge,y_BTC-USD,2,2024-11-09,0.048129393514959595,-0.016470952369560123
ridge,y_BTC-USD,3,2024-11-09,0.048129393514959595,-0.012716858965494782
ridge,y_BTC-USD,4,2024-11-09,0.048129393514959595,-0.01757720500158078
ridge,y_BTC-USD,2,2024-11-10,0.10223522760015435,0.0030731109638655525
ridge,y_BTC-USD,3,2024-11-10,0.10223522760015435,0.002178588924469032
ridge,y_BTC-USD,4,2024-11-10,0.10223522760015435,0.002257771634866539
ridge,y_BTC-USD,2,2024-11-11,-0.008406532091926988,0.04728022000727475
ridge,y_BTC-USD,3,2024-11-11,-0.008406532091926988,0.049151774479574466
ridge,y_BTC-USD,4,2024-11-11,-0.008406532091926988,0.0430680620882434
ridge,y_BTC-USD,2,2024-11-12,0.029882636380625716,0.024110281435654416
ridge,y_BTC-USD,3,2024-11-12,0.029882636380625716,0.022852262947266576
ridge,y_BTC-USD,4,2024-11-12,0.029882636380625716,0.03141269391729776
ridge,y_BTC-USD,2,2024-11-13,-0.03680261786927608,0.05201818334337854
ridge,y_BTC-USD,3,2024-11-13,-0.03680261786927608,0.05009761823319561
ridge,y_BTC-USD,4,2024-11-13,-0.03680261786927608,0.05031851246522295
ridge,y_BTC-USD,2,2024-11-14,0.04373133907381366,-0.12357924862790941
ridge,y_BTC-USD,3,2024-11-14,0.04373133907381366,-0.1413613804551966
ridge,y_BTC-USD,4,2024-11-14,0.04373133907381366,-0.1790868154274867
ridge,y_BTC-USD,2,2024-11-15,-0.005573223886622736,0.09463753117663291
ridge,y_BTC-USD,3,2024-11-15,-0.005573223886622736,0.12911030365294773
ridge,y_BTC-USD,4,2024-11-15,-0.005573223886622736,0.08501280679462099
ridge,y_BTC-USD,3,2024-11-16,-0.007869224693816235,0.010445969101126976
ridge,y_BTC-USD,4,2024-11-16,-0.007869224693816235,-0.00812930315291066
ridge,y_BTC-USD,5,2024-11-16,-0.007869224693816235,-0.007566598158332683
ridge,y_BTC-USD,3,2024-11-17,0.007755383808848215,0.027023628762607558
ridge,y_BTC-USD,4,2024-11-17,0.007755383808848215,0.028258501045924374
ridge,y_BTC-USD,5,2024-11-17,0.007755383808848215,0.028939676031840125
ridge,y_BTC-USD,3,2024-11-18,0.019892819836786257,-0.023498179709890356
ridge,y_BTC-USD,4,2024-11-18,0.019892819836786257,-0.02434222819218004
ridge,y_BTC-USD,5,2024-11-18,0.019892819836786257,-0.032211111824869514
ridge,y_BTC-USD,3,2024-11-19,0.02161166598491282,0.01795639731777029
ridge,y_BTC-USD,4,2024-11-19,0.02161166598491282,0.04335523716878332
ridge,y_BTC-USD,5,2024-11-19,0.02161166598491282,-0.004919762584494367
ridge,y_BTC-USD,3,2024-11-20,0.044151545428309014,-0.06264571405907704
ridge,y_BTC-USD,4,2024-11-20,0.044151545428309014,-0.05620196227647217
ridge,y_BTC-USD,5,2024-11-20,0.044151545428309014,-0.0490037109937147
ridge,y_BTC-USD,3,2024-11-21,0.005004201495724558,-0.14189393445669102
ridge,y_BTC-USD,4,2024-11-21,0.005004201495724558,-0.10393932856382905
ridge,y_BTC-USD,5,2024-11-21,0.005004201495724558,-0.09623199446705026
ridge,y_BTC-USD,3,2024-11-22,-0.012327389984975179,0.04933410139632415
ridge,y_BTC-USD,4,2024-11-22,-0.012327389984975179,0.06532068140541447
ridge,y_BTC-USD,5,2024-11-22,-0.012327389984975179,0.04956007855981758
ridge,y_BTC-USD,3,2024-11-23,0.002419161787646784,-0.04680795362897824
ridge,y_BTC-USD,4,2024-11-23,0.002419161787646784,-0.07456012719782679
ridge,y_BTC-USD,5,2024-11-23,0.002419161787646784,-0.062184885177268105
ridge,y_BTC-USD,3,2024-11-25,-0.011997304040733403,-0.010220953526261439
ridge,y_BTC-USD,4,2024-11-25,-0.011997304040733403,-0.010057051009136675
ridge,y_BTC-USD,5,2024-11-25,-0.011997304040733403,-0.009332673799301205
ridge,y_BTC-USD,3,2024-11-26,0.04323745271515378,0.037238283879642835
ridge,y_BTC-USD,4,2024-11-26,0.04323745271515378,0.03859218471466449
ridge,y_BTC-USD,5,2024-11-26,0.04323745271515378,0.04155669688954407
ridge,y_BTC-USD,3,2024-11-27,-0.0032310787967048116,-0.06669142159254826
ridge,y_BTC-USD,4,2024-11-27,-0.0032310787967048116,-0.05259829167705815
ridge,y_BTC-USD,5,2024-11-27,-0.0032310787967048116,-0.059626413264720304
ridge,y_BTC-USD,3,2024-11-28,0.018912786163713058,-0.006380536354684322
ridge,y_BTC-USD,4,2024-11-28,0.018912786163713058,-0.0029004049659255345
ridge,y_BTC-USD,5,2024-11-28,0.018912786163713058,-0.0008121701084453613
ridge,y_BTC-USD,3,2024-11-29,-0.010388394458550332,0.003219521153811148
ridge,y_BTC-USD,4,2024-11-29,-0.010388394458550332,0.0033350147323377016
ridge,y_BTC-USD,5,2024-11-29,-0.010388394458550332,0.0007495531208399398
ridge,y_BTC-USD,3,2024-11-30,0.008613193542348574,0.005719510223530836
ridge,y_BTC-USD,4,2024-11-30,0.008613193542348574,0.004785501815983678
ridge,y_BTC-USD,5,2024-11-30,0.008613193542348574,0.004070184736269006
ridge,y_BTC-USD,3,2024-12-02,0.0014276215513644441,0.13291320264515172
ridge,y_BTC-USD,4,2024-12-02,0.0014276215513644441,0.15845393279944095
ridge,y_BTC-USD,5,2024-12-02,0.0014276215513644441,0.15798352102760757
ridge,y_BTC-USD,3,2024-12-03,0.02881567529768403,0.05491532579159852
ridge,y_BTC-USD,4,2024-12-03,0.02881567529768403,0.05341077317689788
ridge,y_BTC-USD,5,2024-12-03,0.02881567529768403,0.046158705067344735
ridge,y_BTC-USD,3,2024-12-04,-0.022020788503929523,-0.020691377575487696
ridge,y_BTC-USD,4,2024-12-04,-0.022020788503929523,-0.016467006281436457
ridge,y_BTC-USD,5,2024-12-04,-0.022020788503929523,-0.015507530572966074
ridge,y_BTC-USD,3,2024-12-05,0.03444474217316973,-0.04049648383971506
ridge,y_BTC-USD,4,2024-12-05,0.03444474217316973,-0.024860753049442103
ridge,y_BTC-USD,5,2024-12-05,0.03444474217316973,-0.029957340888297677
ridge,y_BTC-USD,3,2024-12-06,2.627082989481444e-05,-0.059053459631839535
ridge,y_BTC-USD,4,2024-12-06,2.627082989481444e-05,-0.04745500723057967
ridge,y_BTC-USD,5,2024-12-06,2.627082989481444e-05,-0.05631411046614675
ridge,y_BTC-USD,3,2024-12-07,0.013136868131795154,0.007876109699645806
ridge,y_BTC-USD,4,2024-12-07,0.013136868131795154,0.034652526066803836
ridge,y_BTC-USD,5,2024-12-07,0.013136868131795154,0.0246094888132507
ridge,y_BTC-USD,4,2024-12-08,-0.03756861480096407,-0.0004540537373120073
ridge,y_BTC-USD,5,2024-12-08,-0.03756861480096407,0.0035184223700115086
ridge,y_BTC-USD,6,2024-12-08,-0.03756861480096407,0.0016414040196630298
ridge,y_BTC-USD,4,2024-12-09,-0.007772430783165474,-0.004061533473933422
ridge,y_BTC-USD,5,2024-12-09,-0.007772430783165474,-0.0054342676605568805
ridge,y_BTC-USD,6,2024-12-09,-0.007772430783165474,0.0011270660151188056
ridge,y_BTC-USD,4,2024-12-10,0.04652269534294651,0.01993853905001608
ridge,y_BTC-USD,5,2024-12-10,0.04652269534294651,0.02489756057380694
ridge,y_BTC-USD,6,2024-12-10,0.04652269534294651,0.021995904075048745
ridge,y_BTC-USD,4,2024-12-11,-0.011169293200355757,0.006619409213721784
ridge,y_BTC-USD,5,2024-12-11,-0.011169293200355757,0.007030296379060856
ridge,y_BTC-USD,6,2024-12-11,-0.011169293200355757,0.00612321123047665
ridge,y_BTC-USD,4,2024-12-12,0.014156490833941326,0.0597911715440226
ridge,y_BTC-USD,5,2024-12-12,0.014156490833941326,0.05681725607824673
ridge,y_BTC-USD,6,2024-12-12,0.014156490833941326,0.053676475858878255
ridge,y_BTC-USD,4,2024-12-13,-0.0008504799301751742,0.028925783172954037
ridge,y_BTC-USD,5,2024-12-13,-0.0008504799301751742,0.026782662747699797
ridge,y_BTC-USD,6,2024-12-13,-0.0008504799301751742,0.030861993170800947
ridge,y_BTC-USD,4,2024-12-14,0.02886101293644905,0.011801782135339412
ridge,y_BTC-USD,5,2024-12-14,0.02886101293644905,0.013081079065287422
ridge,y_BTC-USD,6,2024-12-14,0.02886101293644905,0.01243920806958454
ridge,y_BTC-USD,4,2024-12-16,0.001045771070669721,-0.008370038453900703
ridge,y_BTC-USD,5,2024-12-16,0.001045771070669721,-0.004632306576879368
ridge,y_BTC-USD,6,2024-12-16,0.001045771070669721,-0.013824143537014968
ridge,y_BTC-USD,4,2024-12-17,-0.057462106019896764,0.017010222657190145
ridge,y_BTC-USD,5,2024-12-17,-0.057462106019896764,0.005110957216302011
ridge,y_BTC-USD,6,2024-12-17,-0.057462106019896764,0.00565341770903721
ridge,y_BTC-USD,4,2024-12-18,-0.025495268879325628,0.018261339085796857
ridge,y_BTC-USD,5,2024-12-18,-0.025495268879325628,0.02348169351401857
ridge,y_BTC-USD,6,2024-12-18,-0.025495268879325628,0.0238250313336801
ridge,y_BTC-USD,4,2024-12-19,0.002717960528709318,-0.044432421400717084
ridge,y_BTC-USD,5,2024-12-19,0.002717960528709318,-0.04314029858906842
ridge,y_BTC-USD,6,2024-12-19,0.002717960528709318,-0.041055974906123525
ridge,y_BTC-USD,4,2024-12-20,-0.005433973434635808,0.14108164267792855
ridge,y_BTC-USD,5,2024-12-20,-0.005433973434635808,0.09840225121601501
ridge,y_BTC-USD,6,2024-12-20,-0.005433973434635808,0.11918235456166403
ridge,y_BTC-USD,4,2024-12-21,-0.021802983021374844,0.014836929806663087
ridge,y_BTC-USD,5,2024-12-21,-0.021802983021374844,0.013241326417255237
ridge,y_BTC-USD,6,2024-12-21,-0.021802983021374844,0.01563673575329874
ridge,y_BTC-USD,4,2024-12-22,-0.004402456102765462,0.0009983235569318532
ridge,y_BTC-USD,5,2024-12-22,-0.004402456102765462,0.0009702705612624536
ridge,y_BTC-USD,6,2024-12-22,-0.004402456102765462,0.0022657509922592994
ridge,y_BTC-USD,4,2024-12-23,0.04213760595334648,-0.0025014853051179
ridge,y_BTC-USD,5,2024-12-23,0.04213760595334648,0.0001933555671847
ridge,y_BTC-USD,6,2024-12-23,0.04213760595334648,0.004537023255433346
ridge,y_BTC-USD,4,2024-12-24,0.0063146152104343045,0.01816605379520087
ridge,y_BTC-USD,5,2024-12-24,0.0063146152104343045,0.015745382762922137
ridge,y_BTC-USD,6,2024-12-24,0.0063146152104343045,0.02097042763389462
ridge,y_BTC-USD,4,2024-12-26,-0.017022260795415023,-0.03500565340072584
ridge,y_BTC-USD,5,2024-12-26,-0.017022260795415023,-0.027725995143032867
ridge,y_BTC-USD,6,2024-12-26,-0.017022260795415023,-0.026239449714650212
ridge,y_BTC-USD,4,2024-12-27,0.010609799867287384,0.03311511961003304
ridge,y_BTC-USD,5,2024-12-27,0.010609799867287384,0.032959424137736795
ridge,y_BTC-USD,6,2024-12-27,0.010609799867287384,0.03772000701225329
ridge,y_BTC-USD,4,2024-12-28,-0.017167251608511402,0.0067380847734798245
ridge,y_BTC-USD,5,2024-12-28,-0.017167251608511402,0.006309788587253918
ridge,y_BTC-USD,6,2024-12-28,-0.017167251608511402,0.013131330776864096
ridge,y_BTC-USD,4,2024-12-29,-0.00948373223930199,-0.004498854315719396
ridge,y_BTC-USD,5,2024-12-29,-0.00948373223930199,-0.004748720468209223
ridge,y_BTC-USD,6,2024-12-29,-0.00948373223930199,-0.003514341262561919
ridge,y_BTC-USD,5,2024-12-30,0.008484077565384274,-0.041467926919996
ridge,y_BTC-USD,6,2024-12-30,0.008484077565384274,-0.040565540735391425
ridge,y_BTC-USD,7,2024-12-30,0.008484077565384274,-0.03899004354004368
ridge,y_BTC-USD,5,2024-12-31,0.010602195613021781,-0.0019494822103086873
ridge,y_BTC-USD,6,2024-12-31,0.010602195613021781,0.0013469508814626834
ridge,y_BTC-USD,7,2024-12-31,0.010602195613021781,0.0010699734641294674
ridge,y_BTC-USD,5,2025-01-02,0.012597729955682757,-0.009221017720073894
ridge,y_BTC-USD,6,2025-01-02,0.012597729955682757,-0.009724871848720156
ridge,y_BTC-USD,7,2025-01-02,0.012597729955682757,-0.005101088418247722
ridge,y_BTC-USD,5,2025-01-03,0.0013128146911018934,0.008181688157768988
ridge,y_BTC-USD,6,2025-01-03,0.0013128146911018934,0.006072738277050193
ridge,y_BTC-USD,7,2025-01-03,0.0013128146911018934,0.005720299261282335
ridge,y_BTC-USD,5,2025-01-04,0.0008014800420892421,-0.0032843042029508706
ridge,y_BTC-USD,6,2025-01-04,0.0008014800420892421,0.0009609364308916725
ridge,y_BTC-USD,7,2025-01-04,0.0008014800420892421,0.0008908968465454023
ridge,y_BTC-USD,5,2025-01-05,0.03827621924594227,0.01322656080276725
ridge,y_BTC-USD,6,2025-01-05,0.03827621924594227,0.01143288681314289
ridge,y_BTC-USD,7,2025-01-05,0.03827621924594227,0.01060399501320912
ridge,y_BTC-USD,5,2025-01-06,-0.05050430525956884,0.02427837399231604
ridge,y_BTC-USD,6,2025-01-06,-0.05050430525956884,0.01820955044280551
ridge,y_BTC-USD,7,2025-01-06,-0.05050430525956884,0.01815925989500982
ridge,y_BTC-USD,5,2025-01-07,-0.019388436629511285,0.02460226692644831
ridge,y_BTC-USD,6,2025-01-07,-0.019388436629511285,0.028882971529591746
ridge,y_BTC-USD,7,2025-01-07,-0.019388436629511285,0.029048651235210048
ridge,y_BTC-USD,5,2025-01-08,-0.026929603222076492,0.019278631511653932
ridge,y_BTC-USD,6,2025-01-08,-0.026929603222076492,0.025043961367933857
ridge,y_BTC-USD,7,2025-01-08,-0.026929603222076492,0.037438206901954166
ridge,y_BTC-USD,5,2025-01-09,0.023976181025154863,0.047317605918385894
ridge,y_BTC-USD,6,2025-01-09,0.023976181025154863,0.043850700442693784
ridge,y_BTC-USD,7,2025-01-09,0.023976181025154863,0.04400465858918472
ridge,y_BTC-USD,5,2025-01-10,-0.001424047578467369,0.090808840341592
ridge,y_BTC-USD,6,2025-01-10,-0.001424047578467369,0.09252456109905026
ridge,y_BTC-USD,7,2025-01-10,-0.001424047578467369,0.07976252299171013
ridge,y_BTC-USD,5,2025-01-11,-0.0008264678561502592,-0.07692006697795199
ridge,y_BTC-USD,6,2025-01-11,-0.0008264678561502592,-0.07100935360464088
ridge,y_BTC-USD,7,2025-01-11,-0.0008264678561502592,-0.0683735439418134
ridge,y_BTC-USD,5,2025-01-12,0.00029724205673309356,-0.0017299821308975464
ridge,y_BTC-USD,6,2025-01-12,0.00029724205673309356,-0.0014296157629454548
ridge,y_BTC-USD,7,2025-01-12,0.00029724205673309356,0.002478616779643834
ridge,y_BTC-USD,5,2025-01-13,0.021345722040169157,-0.02218587928140972
ridge,y_BTC-USD,6,2025-01-13,0.021345722040169157,-0.02007587522016813
ridge,y_BTC-USD,7,2025-01-13,0.021345722040169157,-0.01466069292196218
ridge,y_BTC-USD,5,2025-01-14,0.041129999632577796,-0.0033603504348124133
ridge,y_BTC-USD,6,2025-01-14,0.041129999632577796,-0.0009272997209265712
ridge,y_BTC-USD,7,2025-01-14,0.041129999632577796,0.0021875416557535915
ridge,y_BTC-USD,5,2025-01-15,-0.0074383335632930425,0.024945179161330946
ridge,y_BTC-USD,6,2025-01-15,-0.0074383335632930425,0.020238041075525674
ridge,y_BTC-USD,7,2025-01-15,-0.0074383335632930425,0.025738306903813134
ridge,y_BTC-USD,5,2025-01-16,0.04716598568833419,-0.010372746742288158
ridge,y_BTC-USD,6,2025-01-16,0.04716598568833419,-0.004704599609711752
ridge,y_BTC-USD,7,2025-01-16,0.04716598568833419,-0.00831166875468969
ridge,y_BTC-USD,5,2025-01-17,-0.000516635042589142,-0.029165097016388808
ridge,y_BTC-USD,6,2025-01-17,-0.000516635042589142,-0.016887711448195227
ridge,y_BTC-USD,7,2025-01-17,-0.000516635042589142,-0.004739556015520588
ridge,y_BTC-USD,5,2025-01-18,-0.03178356737719257,0.005609950819425381
ridge,y_BTC-USD,6,2025-01-18,-0.03178356737719257,0.006898250772519514
ridge,y_BTC-USD,7,2025-01-18,-0.03178356737719257,0.004028690194979274
ridge,y_BTC-USD,5,2025-01-19,0.009170622908047932,0.01177892415311309
ridge,y_BTC-USD,6,2025-01-19,0.009170622908047932,0.011507399019550345
ridge,y_BTC-USD,7,2025-01-19,0.009170622908047932,0.01266580809639185
ridge,y_BTC-USD,6,2025-01-20,0.040479676535688514,-0.01144611760069512
ridge,y_BTC-USD,7,2025-01-20,0.040479676535688514,-0.0071804193350134575
ridge,y_BTC-USD,8,2025-01-20,0.040479676535688514,-0.008223944006895766
ridge,y_BTC-USD,6,2025-01-21,-0.023488299826845638,0.04529858484509218
ridge,y_BTC-USD,7,2025-01-21,-0.023488299826845638,0.05050652045956501
ridge,y_BTC-USD,8,2025-01-21,-0.023488299826845638,0.041629887749025596
ridge,y_BTC-USD,6,2025-01-22,0.002962783076025932,-0.024762194756266
ridge,y_BTC-USD,7,2025-01-22,0.002962783076025932,-0.014856613372984294
ridge,y_BTC-USD,8,2025-01-22,0.002962783076025932,-0.026841702621539353
ridge,y_BTC-USD,6,2025-01-23,0.008265785680243276,0.019772927890887453
ridge,y_BTC-USD,7,2025-01-23,0.008265785680243276,0.002429443002583613
ridge,y_BTC-USD,8,2025-01-23,0.008265785680243276,0.003869103949920955
ridge,y_BTC-USD,6,2025-01-24,-0.0010001569662844156,0.010010282837160878
ridge,y_BTC-USD,7,2025-01-24,-0.0010001569662844156,0.009936258023649815
ridge,y_BTC-USD,8,2025-01-24,-0.0010001569662844156,0.005870912592502908
ridge,y_BTC-USD,6,2025-01-25,-0.019406534499448846,-0.016054556031439696
ridge,y_BTC-USD,7,2025-01-25,-0.019406534499448846,-0.012410167010265902
ridge,y_BTC-USD,8,2025-01-25,-0.019406534499448846,-0.012454821493462562
ridge,y_BTC-USD,6,2025-01-26,-0.005792734886665207,0.020186519992110484
ridge,y_BTC-USD,7,2025-01-26,-0.005792734886665207,0.020974168777149547
ridge,y_BTC-USD,8,2025-01-26,-0.005792734886665207,0.021018041166550854
ridge,y_BTC-USD,6,2025-01-27,-0.007397669160641884,-0.0026225838438940705
ridge,y_BTC-USD,7,2025-01-27,-0.007397669160641884,0.0026990009062633643
ridge,y_BTC-USD,8,2025-01-27,-0.007397669160641884,-0.002198168974961197
ridge,y_BTC-USD,6,2025-01-28,0.023395602825692086,-0.03496171433659386
ridge,y_BTC-USD,7,2025-01-28,0.023395602825692086,-0.02552522854597845
ridge,y_BTC-USD,8,2025-01-28,0.023395602825692086,-0.02593844174351715
ridge,y_BTC-USD,6,2025-01-29,0.009952379879751394,0.03571921941510422
ridge,y_BTC-USD,7,2025-01-29,0.009952379879751394,0.05887954500838321
ridge,y_BTC-USD,8,2025-01-29,0.009952379879751394,0.052379633452767006
ridge,y_BTC-USD,6,2025-01-30,-0.022249243050878498,-0.0023544041563899054
ridge,y_BTC-USD,7,2025-01-30,-0.022249243050878498,0.015939954986373305
ridge,y_BTC-USD,8,2025-01-30,-0.022249243050878498,-0.015938168975124144
ridge,y_BTC-USD,6,2025-01-31,-0.017080384621634526,-0.013792958015042104
ridge,y_BTC-USD,7,2025-01-31,-0.017080384621634526,-0.009292389015920006
ridge,y_BTC-USD,8,2025-01-31,-0.017080384621634526,-0.014761132962870535
ridge,y_BTC-USD,6,2025-02-01,-0.02947596219670423,-0.016854898004438592
ridge,y_BTC-USD,7,2025-02-01,-0.02947596219670423,-0.007291965005645458
ridge,y_BTC-USD,8,2025-02-01,-0.02947596219670423,-0.009947966114585191
ridge,y_BTC-USD,6,2025-02-02,0.03804365081173988,0.008153829660376255
ridge,y_BTC-USD,7,2025-02-02,0.03804365081173988,0.01153578247871984
ridge,y_BTC-USD,8,2025-02-02,0.03804365081173988,0.012924736626936996
ridge,y_BTC-USD,6,2025-02-03,-0.034846278405663456,-0.03236663854309081
ridge,y_BTC-USD,7,2025-02-03,-0.034846278405663456,-0.025556228438529203
ridge,y_BTC-USD,8,2025-02-03,-0.034846278405663456,-0.03179800221980421
ridge,y_BTC-USD,6,2025-02-04,-0.012836943218062724,-0.09111380832903802
ridge,y_BTC-USD,7,2025-02-04,-0.012836943218062724,-0.0887431818550767
ridge,y_BTC-USD,8,2025-02-04,-0.012836943218062724,-0.07741920250010166
ridge,y_BTC-USD,6,2025-02-05,-0.00022924323774897726,-0.028946061280715463
ridge,y_BTC-USD,7,2025-02-05,-0.00022924323774897726,-0.01860578740416453
ridge,y_BTC-USD,8,2025-02-05,-0.00022924323774897726,-0.016043326913395158
ridge,y_BTC-USD,6,2025-02-06,-0.0006647556256734743,0.054684887185406456
ridge,y_BTC-USD,7,2025-02-06,-0.0006647556256734743,0.050574297091876164
ridge,y_BTC-USD,8,2025-02-06,-0.0006647556256734743,0.027866969891445877
ridge,y_BTC-USD,6,2025-02-07,-0.00048309597099249757,-0.0015381719694364546
ridge,y_BTC-USD,7,2025-02-07,-0.00048309597099249757,0.004175181965033239
ridge,y_BTC-USD,8,2025-02-07,-0.00048309597099249757,0.002184184764930666
ridge,y_BTC-USD,6,2025-02-08,0.00018283765004545316,0.012954046993506243
ridge,y_BTC-USD,7,2025-02-08,0.00018283765004545316,0.013502501026715456
ridge,y_BTC-USD,8,2025-02-08,0.00018283765004545316,0.013596739006558022
ridge,y_BTC-USD,7,2025-02-09,0.009714611676219231,0.020883064150820356
ridge,y_BTC-USD,8,2025-02-09,0.009714611676219231,0.02073446962619514
ridge,y_BTC-USD,9,2025-02-09,0.009714611676219231,0.019592229596133853
ridge,y_BTC-USD,7,2025-02-10,-0.017345724709743937,-0.005309552324752777
ridge,y_BTC-USD,8,2025-02-10,-0.017345724709743937,-0.008226073934358345
ridge,y_BTC-USD,9,2025-02-10,-0.017345724709743937,-0.014192916974696749
ridge,y_BTC-USD,7,2025-02-11,0.02233406885677658,0.04876595385442721
ridge,y_BTC-USD,8,2025-02-11,0.02233406885677658,0.04566073407884484
ridge,y_BTC-USD,9,2025-02-11,0.02233406885677658,0.04790277491960943
ridge,y_BTC-USD,7,2025-02-12,-0.012892487184132717,-0.005043645512368399
ridge,y_BTC-USD,8,2025-02-12,-0.012892487184132717,-0.013770581061598878
ridge,y_BTC-USD,9,2025-02-12,-0.012892487184132717,-0.010677374259018779
ridge,y_BTC-USD,7,2025-02-13,0.009160278803397981,-0.08444661916037094
ridge,y_BTC-USD,8,2025-02-13,0.009160278803397981,-0.07840599864729228
ridge,y_BTC-USD,9,2025-02-13,0.009160278803397981,-0.07995021233186367
ridge,y_BTC-USD,7,2025-02-14,0.0007320640697474623,-0.07349571928723299
ridge,y_BTC-USD,8,2025-02-14,0.0007320640697474623,-0.08634716283187456
ridge,y_BTC-USD,9,2025-02-14,0.0007320640697474623,-0.08865246328549757
ridge,y_BTC-USD,7,2025-02-15,-0.014401672980240199,-0.012864510763427962
ridge,y_BTC-USD,8,2025-02-15,-0.014401672980240199,-0.01413582453459372
ridge,y_BTC-USD,9,2025-02-15,-0.014401672980240199,-0.012350910914514762
ridge,y_BTC-USD,7,2025-02-16,-0.004176223623530095,-0.016488862824478884
ridge,y_BTC-USD,8,2025-02-16,-0.004176223623530095,-0.013001475548874396
ridge,y_BTC-USD,9,2025-02-16,-0.004176223623530095,-0.010056369084787384
ridge,y_BTC-USD,7,2025-02-17,-0.0024415545387781457,0.05824030899277752
ridge,y_BTC-USD,8,2025-02-17,-0.0024415545387781457,0.03927473857335182
ridge,y_BTC-USD,9,2025-02-17,-0.0024415545387781457,0.037750541270228324
ridge,y_BTC-USD,7,2025-02-18,0.011472343504350446,0.029195832860621697
ridge,y_BTC-USD,8,2025-02-18,0.011472343504350446,0.0019489244411055183
ridge,y_BTC-USD,9,2025-02-18,0.011472343504350446,0.01454748557070156
ridge,y_BTC-USD,7,2025-02-19,0.017574558032842136,-0.03679017198055408
ridge,y_BTC-USD,8,2025-02-19,0.017574558032842136,-0.05201463863898239
ridge,y_BTC-USD,9,2025-02-19,0.017574558032842136,-0.04919211520829181
ridge,y_BTC-USD,7,2025-02-20,-0.02245807176184722,1.9129812250528663e-05
ridge,y_BTC-USD,8,2025-02-20,-0.02245807176184722,-0.0009992135120436352
ridge,y_BTC-USD,9,2025-02-20,-0.02245807176184722,-0.002431913950763872
ridge,y_BTC-USD,7,2025-02-21,0.0047043783073406065,-0.012172612885442007
ridge,y_BTC-USD,8,2025-02-21,0.0047043783073406065,-0.022268967953030697
ridge,y_BTC-USD,9,2025-02-21,0.0047043783073406065,-0.020879298231303765
ridge,y_BTC-USD,7,2025-02-22,-0.0031460239332733453,0.01901589392194052
ridge,y_BTC-USD,8,2025-02-22,-0.0031460239332733453,0.018701788695802305
ridge,y_BTC-USD,9,2025-02-22,-0.0031460239332733453,0.01621540256546556
ridge,y_BTC-USD,7,2025-02-23,-0.05043681513571874,-0.012456637441034715
ridge,y_BTC-USD,8,2025-02-23,-0.05043681513571874,-0.0008752974900437126
ridge,y_BTC-USD,9,2025-02-23,-0.05043681513571874,-0.005771865876297199
ridge,y_BTC-USD,7,2025-02-24,-0.029337712021491935,0.06025930327079699
ridge,y_BTC-USD,8,2025-02-24,-0.029337712021491935,0.05366678752140157
ridge,y_BTC-USD,9,2025-02-24,-0.029337712021491935,0.05182656765030324
ridge,y_BTC-USD,7,2025-02-25,-0.04946290046952739,0.009090340450191307
ridge,y_BTC-USD,8,2025-02-25,-0.04946290046952739,0.010294800650699083
ridge,y_BTC-USD,9,2025-02-25,-0.04946290046952739,0.005968092439669735
ridge,y_BTC-USD,7,2025-02-26,0.004234922709094535,-0.028931556309910244
ridge,y_BTC-USD,8,2025-02-26,0.004234922709094535,-0.033485997434229586
ridge,y_BTC-USD,9,2025-02-26,0.004234922709094535,-0.027902888365917557
ridge,y_BTC-USD,7,2025-02-27,-0.003910297790814532,-0.019676920191488086
ridge,y_BTC-USD,8,2025-02-27,-0.003910297790814532,-0.03021188863997589
ridge,y_BTC-USD,9,2025-02-27,-0.003910297790814532,-0.022689322935621488
ridge,y_BTC-USD,7,2025-02-28,0.019661575342751147,0.07024554836105837
ridge,y_BTC-USD,8,2025-02-28,0.019661575342751147,0.05201360364307781
ridge,y_BTC-USD,9,2025-02-28,0.019661575342751147,0.04926893147315525
ridge,y_BTC-USD,8,2025-03-01,0.09550452979612856,-0.011866681548790767
ridge,y_BTC-USD,9,2025-03-01,0.09550452979612856,-0.018930038131361678
ridge,y_BTC-USD,10,2025-03-01,0.09550452979612856,-0.006794442777846442
ridge,y_BTC-USD,8,2025-03-03,0.013437685575495406,-0.004676218737847646
ridge,y_BTC-USD,9,2025-03-03,0.013437685575495406,-0.005620006815331265
ridge,y_BTC-USD,10,2025-03-03,0.013437685575495406,-0.00569280508754853
ridge,y_BTC-USD,8,2025-03-04,0.03899657851208138,0.004701716564660288
ridge,y_BTC-USD,9,2025-03-04,0.03899657851208138,0.004859005796057636
ridge,y_BTC-USD,10,2025-03-04,0.03899657851208138,0.0036319631856723553
ridge,y_BTC-USD,8,2025-03-05,-0.007303133084179958,-0.0022035384412777068
ridge,y_BTC-USD,9,2025-03-05,-0.007303133084179958,0.0015371119843011188
ridge,y_BTC-USD,10,2025-03-05,-0.007303133084179958,0.002895429284597981
ridge,y_BTC-USD,8,2025-03-06,-0.0357824911826653,0.04483168952234405
ridge,y_BTC-USD,9,2025-03-06,-0.0357824911826653,0.02754622594725373
ridge,y_BTC-USD,10,2025-03-06,-0.0357824911826653,0.026555977498191677
ridge,y_BTC-USD,8,2025-03-07,-0.006779571257010009,0.022119100690483545
ridge,y_BTC-USD,9,2025-03-07,-0.006779571257010009,0.020622678609577918
ridge,y_BTC-USD,10,2025-03-07,-0.006779571257010009,0.01923288039245059
ridge,y_BTC-USD,8,2025-03-08,-0.0644603432710168,-0.02945226512332596
ridge,y_BTC-USD,9,2025-03-08,-0.0644603432710168,-0.027992836833711218
ridge,y_BTC-USD,10,2025-03-08,-0.0644603432710168,-0.027529180227565304
ridge,y_BTC-USD,8,2025-03-09,-0.02567012890361897,0.002213580063134716
ridge,y_BTC-USD,9,2025-03-09,-0.02567012890361897,0.004282730849499119
ridge,y_BTC-USD,10,2025-03-09,-0.02567012890361897,0.0056133282123114305
ridge,y_BTC-USD,8,2025-03-10,0.05513944554449135,0.00898946497487541
ridge,y_BTC-USD,9,2025-03-10,0.05513944554449135,0.01088330224901646
ridge,y_BTC-USD,10,2025-03-10,0.05513944554449135,0.013123130895426738
ridge,y_BTC-USD,8,2025-03-11,0.010380466895202334,-0.05605667353613386
ridge,y_BTC-USD,9,2025-03-11,0.010380466895202334,-0.0493690341283503
ridge,y_BTC-USD,10,2025-03-11,0.010380466895202334,-0.05099944057997596
ridge,y_BTC-USD,8,2025-03-12,-0.0317197970748182,-0.03336068731044038
ridge,y_BTC-USD,9,2025-03-12,-0.0317197970748182,-0.037209410536774776
ridge,y_BTC-USD,10,2025-03-12,-0.0317197970748182,-0.038074636610110894
ridge,y_BTC-USD,8,2025-03-13,0.03580259620308812,-0.030194302388554417
ridge,y_BTC-USD,9,2025-03-13,0.03580259620308812,-0.03136585486266033
ridge,y_BTC-USD,10,2025-03-13,0.03580259620308812,-0.03054626162626073
ridge,y_BTC-USD,8,2025-03-14,0.004454112352525463,-0.00033389094812290103
ridge,y_BTC-USD,9,2025-03-14,0.004454112352525463,0.00036875475130737634
ridge,y_BTC-USD,10,2025-03-14,0.004454112352525463,-0.01736341440387399
ridge,y_BTC-USD,8,2025-03-15,-0.020907717157540473,0.006440852488089798
ridge,y_BTC-USD,9,2025-03-15,-0.020907717157540473,0.006491342277052196
ridge,y_BTC-USD,10,2025-03-15,-0.020907717157540473,0.006099704800768808
ridge,y_BTC-USD,8,2025-03-16,0.018115835083536647,-0.027626022338598732
ridge,y_BTC-USD,9,2025-03-16,0.018115835083536647,-0.0304489276310117
ridge,y_BTC-USD,10,2025-03-16,0.018115835083536647,-0.029126586879550703
ridge,y_BTC-USD,8,2025-03-17,-0.016142449028442418,0.024030524576090683
ridge,y_BTC-USD,9,2025-03-17,-0.016142449028442418,0.023754255295099686
ridge,y_BTC-USD,10,2025-03-17,-0.016142449028442418,0.02197570344958427
ridge,y_BTC-USD,8,2025-03-18,0.049997601050550955,0.018454826391783377
ridge,y_BTC-USD,9,2025-03-18,0.049997601050550955,0.012215278631711766
ridge,y_BTC-USD,10,2025-03-18,0.049997601050550955,0.014684207673551187
ridge,y_BTC-USD,8,2025-03-19,-0.030937253791171848,0.029568505802825797
ridge,y_BTC-USD,9,2025-03-19,-0.030937253791171848,0.0268030892104254
ridge,y_BTC-USD,10,2025-03-19,-0.030937253791171848,0.024015659956364246
ridge,y_BTC-USD,8,2025-03-20,-0.0014727011460912154,0.019380458650273276
ridge,y_BTC-USD,9,2025-03-20,-0.0014727011460912154,0.017559616823933172
ridge,y_BTC-USD,10,2025-03-20,-0.0014727011460912154,0.013037857797971026
ridge,y_BTC-USD,8,2025-03-21,-0.0025077306278807887,-0.016501149454472064
ridge,y_BTC-USD,9,2025-03-21,-0.0025077306278807887,-0.019696756245617744
ridge,y_BTC-USD,10,2025-03-21,-0.0025077306278807887,-0.01813454585568951
ridge,y_BTC-USD,9,2025-03-22,0.026503933905394295,-0.021033223385086924
ridge,y_BTC-USD,10,2025-03-22,0.026503933905394295,-0.020055121055319355
ridge,y_BTC-USD,11,2025-03-22,0.026503933905394295,-0.021050648867972185
ridge,y_BTC-USD,9,2025-03-23,0.016786352378946434,0.002313558069984017
ridge,y_BTC-USD,10,2025-03-23,0.016786352378946434,0.0009639705164425218
ridge,y_BTC-USD,11,2025-03-23,0.016786352378946434,-0.0015872448355423265
ridge,y_BTC-USD,9,2025-03-24,-0.0003109860024155253,0.014738123607591275
ridge,y_BTC-USD,10,2025-03-24,-0.0003109860024155253,0.016704982393564098
ridge,y_BTC-USD,11,2025-03-24,-0.0003109860024155253,0.016483184922533468
ridge,y_BTC-USD,9,2025-03-25,-0.00652577110204744,-0.04185874829808264
ridge,y_BTC-USD,10,2025-03-25,-0.00652577110204744,-0.0396882428736357
ridge,y_BTC-USD,11,2025-03-25,-0.00652577110204744,-0.04596605402564698
ridge,y_BTC-USD,9,2025-03-26,0.003178549412391707,0.012165912506488418
ridge,y_BTC-USD,10,2025-03-26,0.003178549412391707,0.014701571870358865
ridge,y_BTC-USD,11,2025-03-26,0.003178549412391707,0.018219682720354215
ridge,y_BTC-USD,9,2025-03-27,-0.032393289916566204,0.03048515088408692
ridge,y_BTC-USD,10,2025-03-27,-0.032393289916566204,0.037762028713922424
ridge,y_BTC-USD,11,2025-03-27,-0.032393289916566204,0.04033363759613975
ridge,y_BTC-USD,9,2025-03-28,-0.020812056603918605,0.061860813459027345
ridge,y_BTC-USD,10,2025-03-28,-0.020812056603918605,0.06695598586700789
ridge,y_BTC-USD,11,2025-03-28,-0.020812056603918605,0.059639720612892695
ridge,y_BTC-USD,9,2025-03-29,-0.0031848691098436133,0.01826441756565115
ridge,y_BTC-USD,10,2025-03-29,-0.0031848691098436133,0.014644968454243464
ridge,y_BTC-USD,11,2025-03-29,-0.0031848691098436133,0.013613090613472784
ridge,y_BTC-USD,9,2025-03-30,0.0026038970780313253,-0.008050420109433135
ridge,y_BTC-USD,10,2025-03-30,0.0026038970780313253,-0.010032484973998761
ridge,y_BTC-USD,11,2025-03-30,0.0026038970780313253,-0.010327234291280442
ridge,y_BTC-USD,9,2025-03-31,0.0317418810684309,0.02210724408045714
ridge,y_BTC-USD,10,2025-03-31,0.0317418810684309,0.02228526675801975
ridge,y_BTC-USD,11,2025-03-31,0.0317418810684309,0.02341393681817941
ridge,y_BTC-USD,9,2025-04-01,-0.031507420800550134,0.09812757867793975
ridge,y_BTC-USD,10,2025-04-01,-0.031507420800550134,0.08535843730963666
ridge,y_BTC-USD,11,2025-04-01,-0.031507420800550134,0.12188950980207326
ridge,y_BTC-USD,9,2025-04-02,0.007481504135517403,-0.01891904912348134
ridge,y_BTC-USD,10,2025-04-02,0.007481504135517403,-0.009952452777285601
ridge,y_BTC-USD,11,2025-04-02,0.007481504135517403,-0.0007233315073181441
ridge,y_BTC-USD,9,2025-04-03,0.008916382019940938,0.03635583124200711
ridge,y_BTC-USD,10,2025-04-03,0.008916382019940938,0.03415951168491677
ridge,y_BTC-USD,11,2025-04-03,0.008916382019940938,0.02669992647853413
ridge,y_BTC-USD,9,2025-04-04,-0.004043325726492686,-0.01879492568631987
ridge,y_BTC-USD,10,2025-04-04,-0.004043325726492686,-0.021191825603080416
ridge,y_BTC-USD,11,2025-04-04,-0.004043325726492686,-0.01770976750987054
ridge,y_BTC-USD,9,2025-04-05,-0.06335339642726368,0.0020873132846812
ridge,y_BTC-USD,10,2025-04-05,-0.06335339642726368,0.005878100929766789
ridge,y_BTC-USD,11,2025-04-05,-0.06335339642726368,0.007507497437257596
ridge,y_BTC-USD,9,2025-04-06,0.013051950296130821,-0.0025782894347111786
ridge,y_BTC-USD,10,2025-04-06,0.013051950296130821,-0.0014047564113799883
ridge,y_BTC-USD,11,2025-04-06,0.013051950296130821,-0.0025886922408411145
ridge,y_BTC-USD,9,2025-04-07,-0.03739976334343409,0.06609375795323333
ridge,y_BTC-USD,10,2025-04-07,-0.03739976334343409,0.061993241948733395
ridge,y_BTC-USD,11,2025-04-07,-0.03739976334343409,0.06447796751747063
ridge,y_BTC-USD,9,2025-04-08,0.0826253916648998,-0.010938850372339298
ridge,y_BTC-USD,10,2025-04-08,0.0826253916648998,-0.013796885180465863
ridge,y_BTC-USD,11,2025-04-08,0.0826253916648998,-0.010735570917249273
ridge,y_BTC-USD,9,2025-04-09,-0.0356990599146636,-0.01782649714628105
ridge,y_BTC-USD,10,2025-04-09,-0.0356990599146636,-0.015456214924381583
ridge,y_BTC-USD,11,2025-04-09,-0.0356990599146636,-0.012826063095208236
ridge,y_BTC-USD,9,2025-04-10,0.04745546227457886,-0.014729322605939376
ridge,y_BTC-USD,10,2025-04-10,0.04745546227457886,-0.014863638399321625
ridge,y_BTC-USD,11,2025-04-10,0.04745546227457886,-0.01887687841382104
ridge,y_BTC-USD,10,2025-04-11,0.022567917271733462,-0.02380098990876039
ridge,y_BTC-USD,11,2025-04-11,0.022567917271733462,-0.02867049227705603
ridge,y_BTC-USD,12,2025-04-11,0.022567917271733462,-0.025249909803387482
ridge,y_BTC-USD,10,2025-04-12,-0.01878516957885823,-0.0029005879528017607
ridge,y_BTC-USD,11,2025-04-12,-0.01878516957885823,-0.006702312512897006
ridge,y_BTC-USD,12,2025-04-12,-0.01878516957885823,-0.004042615181175817
ridge,y_BTC-USD,10,2025-04-13,0.010245734631468162,-0.012386972643962829
ridge,y_BTC-USD,11,2025-04-13,0.010245734631468162,-0.006723710277278458
ridge,y_BTC-USD,12,2025-04-13,0.010245734631468162,-0.00622666010667167
ridge,y_BTC-USD,10,2025-04-14,-0.01033089354397465,0.03385607546908286
ridge,y_BTC-USD,11,2025-04-14,-0.01033089354397465,0.02534518095701012
ridge,y_BTC-USD,12,2025-04-14,-0.01033089354397465,0.02723018591978683
ridge,y_BTC-USD,10,2025-04-15,0.004360934564412222,0.00765102456487402
ridge,y_BTC-USD,11,2025-04-15,0.004360934564412222,0.002662734888917947
ridge,y_BTC-USD,12,2025-04-15,0.004360934564412222,0.005413311348518765
ridge,y_BTC-USD,10,2025-04-16,0.01025637449930672,-0.02057500732838608
ridge,y_BTC-USD,11,2025-04-16,0.01025637449930672,-0.010679534285002814
ridge,y_BTC-USD,12,2025-04-16,0.01025637449930672,-0.009870164804490952
ridge,y_BTC-USD,10,2025-04-17,-0.005241078764249063,0.033086820326373376
ridge,y_BTC-USD,11,2025-04-17,-0.005241078764249063,0.043591854667212444
ridge,y_BTC-USD,12,2025-04-17,-0.005241078764249063,0.041624048592238574
ridge,y_BTC-USD,10,2025-04-18,0.007254038339443714,0.04022250638204098
ridge,y_BTC-USD,11,2025-04-18,0.007254038339443714,0.05248995078131621
ridge,y_BTC-USD,12,2025-04-18,0.007254038339443714,0.05572787265055148
ridge,y_BTC-USD,10,2025-04-21,0.06767662701452015,0.006193317243136535
ridge,y_BTC-USD,11,2025-04-21,0.06767662701452015,0.004691644936381
ridge,y_BTC-USD,12,2025-04-21,0.06767662701452015,0.0034927029382836304
ridge,y_BTC-USD,10,2025-04-22,0.0027527134594511615,0.03131280142256511
ridge,y_BTC-USD,11,2025-04-22,0.0027527134594511615,0.03222428891447819
ridge,y_BTC-USD,12,2025-04-22,0.0027527134594511615,0.03751857900422929
ridge,y_BTC-USD,10,2025-04-23,0.0026114175645013393,-0.022081983505839495
ridge,y_BTC-USD,11,2025-04-23,0.0026114175645013393,-0.012999736712138225
ridge,y_BTC-USD,12,2025-04-23,0.0026114175645013393,-0.007994539634110846
ridge,y_BTC-USD,10,2025-04-24,0.008267742531563593,-0.0006367429684432812
ridge,y_BTC-USD,11,2025-04-24,0.008267742531563593,-0.0002592221792931614
ridge,y_BTC-USD,12,2025-04-24,0.008267742531563593,0.00045631388957108755
ridge,y_BTC-USD,10,2025-04-25,-0.0007767095032226168,-0.01984594511848981
ridge,y_BTC-USD,11,2025-04-25,-0.0007767095032226168,-0.018880888729164276
ridge,y_BTC-USD,12,2025-04-25,-0.0007767095032226168,-0.023294747671346826
ridge,y_BTC-USD,10,2025-04-26,-0.00942540809771053,0.013434334237096774
ridge,y_BTC-USD,11,2025-04-26,-0.00942540809771053,0.01313035542311804
ridge,y_BTC-USD,12,2025-04-26,-0.00942540809771053,0.013824511487061096
ridge,y_BTC-USD,10,2025-04-27,0.013054325526514532,-0.02349446342432494
ridge,y_BTC-USD,11,2025-04-27,0.013054325526514532,-0.020156094646962337
ridge,y_BTC-USD,12,2025-04-27,0.013054325526514532,-0.020975826260775664
ridge,y_BTC-USD,10,2025-04-28,-0.007306486319308303,0.013382540748963228
ridge,y_BTC-USD,11,2025-04-28,-0.007306486319308303,0.014895900977550842
ridge,y_BTC-USD,12,2025-04-28,-0.007306486319308303,0.01140369887400153
ridge,y_BTC-USD,10,2025-04-29,-0.0008217291810309613,0.006576695306727002
ridge,y_BTC-USD,11,2025-04-29,-0.0008217291810309613,0.00836893374766906
ridge,y_BTC-USD,12,2025-04-29,-0.0008217291810309613,0.0073522064513726545
ridge,y_BTC-USD,10,2025-04-30,0.02425526614507767,0.00670036186519393
ridge,y_BTC-USD,11,2025-04-30,0.02425526614507767,0.006583663642739432
ridge,y_BTC-USD,12,2025-04-30,0.02425526614507767,0.0023976879169903065
ridge,y_BTC-USD,10,2025-05-01,0.0043291974532626565,-0.08536409205312043
ridge,y_BTC-USD,11,2025-05-01,0.0043291974532626565,-0.07056222378812707
ridge,y_BTC-USD,12,2025-05-01,0.0043291974532626565,-0.026075231163118804
ridge,y_BTC-USD,10,2025-05-02,-0.010507405827035687,0.056124719966037115
ridge,y_BTC-USD,11,2025-05-02,-0.010507405827035687,0.07362893013338655
ridge,y_BTC-USD,12,2025-05-02,-0.010507405827035687,0.06209647775125101
ridge,y_BTC-USD,11,2025-05-04,0.0045811763897039,-0.0042355129865601585
ridge,y_BTC-USD,12,2025-05-04,0.0045811763897039,-0.004000040732996637
ridge,y_BTC-USD,13,2025-05-04,0.0045811763897039,-0.003596802595144457
ridge,y_BTC-USD,11,2025-05-05,0.02168299794413664,0.006710697227499598
ridge,y_BTC-USD,12,2025-05-05,0.02168299794413664,0.0034374893482327935
ridge,y_BTC-USD,13,2025-05-05,0.02168299794413664,0.006741690993751503
ridge,y_BTC-USD,11,2025-05-06,0.0023743581586117557,0.0073785713791116765
ridge,y_BTC-USD,12,2025-05-06,0.0023743581586117557,-0.017353259676902218
ridge,y_BTC-USD,13,2025-05-06,0.0023743581586117557,-0.03617424781626816
ridge,y_BTC-USD,11,2025-05-07,0.06399043746457878,0.03327833063062893
ridge,y_BTC-USD,12,2025-05-07,0.06399043746457878,0.0338838090779207
ridge,y_BTC-USD,13,2025-05-07,0.06399043746457878,0.03017204016055839
ridge,y_BTC-USD,11,2025-05-08,-0.002621130818400763,-0.06108737543103353
ridge,y_BTC-USD,12,2025-05-08,-0.002621130818400763,-0.061976103554960846
ridge,y_BTC-USD,13,2025-05-08,-0.002621130818400763,-0.07698544669549805
ridge,y_BTC-USD,11,2025-05-09,0.016756941758927724,-0.055036900864840685
ridge,y_BTC-USD,12,2025-05-09,0.016756941758927724,-0.06170615639969783
ridge,y_BTC-USD,13,2025-05-09,0.016756941758927724,-0.05935580692433238
ridge,y_BTC-USD,11,2025-05-10,-0.005635047193781384,0.0015645055581015768
ridge,y_BTC-USD,12,2025-05-10,-0.005635047193781384,0.0023640750405624026
ridge,y_BTC-USD,13,2025-05-10,-0.005635047193781384,0.00016524872840878706
ridge,y_BTC-USD,11,2025-05-11,-0.01242389281274392,0.004942869392894497
ridge,y_BTC-USD,12,2025-05-11,-0.01242389281274392,0.004093602903954223
ridge,y_BTC-USD,13,2025-05-11,-0.01242389281274392,0.005264450576618503
ridge,y_BTC-USD,11,2025-05-12,0.013197358248725033,-0.034491856985019144
ridge,y_BTC-USD,12,2025-05-12,0.013197358248725033,-0.032511158957554846
ridge,y_BTC-USD,13,2025-05-12,0.013197358248725033,-0.02982658626895561
ridge,y_BTC-USD,11,2025-05-13,-0.006051642240404331,0.01270622837444577
ridge,y_BTC-USD,12,2025-05-13,-0.006051642240404331,0.013338494823856456
ridge,y_BTC-USD,13,2025-05-13,-0.006051642240404331,0.013417415847251599
ridge,y_BTC-USD,11,2025-05-14,0.00198211052629782,0.03426803701327626
ridge,y_BTC-USD,12,2025-05-14,0.00198211052629782,0.0321300127476237
ridge,y_BTC-USD,13,2025-05-14,0.00198211052629782,0.02388581310208973
ridge,y_BTC-USD,11,2025-05-15,-0.0024613470244020386,-0.010631634717200848
ridge,y_BTC-USD,12,2025-05-15,-0.0024613470244020386,-0.011572272619081522
ridge,y_BTC-USD,13,2025-05-15,-0.0024613470244020386,-0.017039988069486492
ridge,y_BTC-USD,11,2025-05-16,-0.0028814878109744146,-0.041859924001181006
ridge,y_BTC-USD,12,2025-05-16,-0.0028814878109744146,-0.04325897242521801
ridge,y_BTC-USD,13,2025-05-16,-0.0028814878109744146,-0.04747530614197227
ridge,y_BTC-USD,11,2025-05-17,0.03154266519659865,0.017680048675963532
ridge,y_BTC-USD,12,2025-05-17,0.03154266519659865,0.018224739150712585
ridge,y_BTC-USD,13,2025-05-17,0.03154266519659865,0.019971070012677852
ridge,y_BTC-USD,11,2025-05-19,0.011220046530480143,-0.05790251667176244
ridge,y_BTC-USD,12,2025-05-19,0.011220046530480143,-0.056301892859757195
ridge,y_BTC-USD,13,2025-05-19,0.011220046530480143,-0.06779803905586634
ridge,y_BTC-USD,11,2025-05-20,0.027034018449719976,0.0009851370235941176
ridge,y_BTC-USD,12,2025-05-20,0.027034018449719976,0.0016359506191992177
ridge,y_BTC-USD,13,2025-05-20,0.027034018449719976,-0.0009656761997225102
ridge,y_BTC-USD,11,2025-05-21,0.018191448638679386,0.004998606070459551
ridge,y_BTC-USD,12,2025-05-21,0.018191448638679386,0.0012850638944279108
ridge,y_BTC-USD,13,2025-05-21,0.018191448638679386,0.0147185438262596
ridge,y_BTC-USD,11,2025-05-22,-0.03927066820202352,0.007467813765914179
ridge,y_BTC-USD,12,2025-05-22,-0.03927066820202352,0.026994190290988124
ridge,y_BTC-USD,13,2025-05-22,-0.03927066820202352,0.020620258984763037
ridge,y_BTC-USD,11,2025-05-23,0.004691674073487251,-0.001911910567687216
ridge,y_BTC-USD,12,2025-05-23,0.004691674073487251,-0.0035811081388668962
ridge,y_BTC-USD,13,2025-05-23,0.004691674073487251,-0.0022441166821203762
ridge,y_BTC-USD,11,2025-05-24,0.011543009819045436,-0.020245380961125523
ridge,y_BTC-USD,12,2025-05-24,0.011543009819045436,-0.02076761278027788
ridge,y_BTC-USD,13,2025-05-24,0.011543009819045436,-0.016352831380356092
ridge,y_BTC-USD,12,2025-05-26,-0.004072780217708405,0.09547630441326588
ridge,y_BTC-USD,13,2025-05-26,-0.004072780217708405,0.08598131343931163
ridge,y_BTC-USD,14,2025-05-26,-0.004072780217708405,0.0782581176831549
ridge,y_BTC-USD,12,2025-05-27,-0.010939184653144474,0.022377734272371004
ridge,y_BTC-USD,13,2025-05-27,-0.010939184653144474,0.022469380033749785
ridge,y_BTC-USD,14,2025-05-27,-0.010939184653144474,0.022575190290219548
ridge,y_BTC-USD,12,2025-05-28,-0.020041963379443528,0.0019034911342871125
ridge,y_BTC-USD,13,2025-05-28,-0.020041963379443528,0.006653311129208742
ridge,y_BTC-USD,14,2025-05-28,-0.020041963379443528,0.0024109822241371003
ridge,y_BTC-USD,12,2025-05-29,-0.015554336978341854,-0.00563189916300701
ridge,y_BTC-USD,13,2025-05-29,-0.015554336978341854,-0.0014313002629994377
ridge,y_BTC-USD,14,2025-05-29,-0.015554336978341854,0.00238599534275518
ridge,y_BTC-USD,12,2025-05-30,0.006149348357177731,0.01093499654461077
ridge,y_BTC-USD,13,2025-05-30,0.006149348357177731,0.015828542335674607
ridge,y_BTC-USD,14,2025-05-30,0.006149348357177731,0.0175774658932891
ridge,y_BTC-USD,12,2025-05-31,0.009690618169351017,0.00104017878943176
ridge,y_BTC-USD,13,2025-05-31,0.009690618169351017,0.022193929295922468
ridge,y_BTC-USD,14,2025-05-31,0.009690618169351017,0.03312925414989027
ridge,y_BTC-USD,12,2025-06-01,0.0021715582000447764,-0.004959653025682385
ridge,y_BTC-USD,13,2025-06-01,0.0021715582000447764,-0.009969964802352165
ridge,y_BTC-USD,14,2025-06-01,0.0021715582000447764,-0.012142397360616132
ridge,y_BTC-USD,12,2025-06-02,-0.004241178746647534,0.010213836661113413
ridge,y_BTC-USD,13,2025-06-02,-0.004241178746647534,0.007224056758169228
ridge,y_BTC-USD,14,2025-06-02,-0.004241178746647534,0.00528302119392525
ridge,y_BTC-USD,12,2025-06-03,-0.0066439151364365845,-0.032823286993990244
ridge,y_BTC-USD,13,2025-06-03,-0.0066439151364365845,-0.0284027205599041
ridge,y_BTC-USD,14,2025-06-03,-0.0066439151364365845,-0.029615518465162406
ridge,y_BTC-USD,12,2025-06-04,-0.030134359325224014,-0.01680370757032154
ridge,y_BTC-USD,13,2025-06-04,-0.030134359325224014,-0.017252566027962116
ridge,y_BTC-USD,14,2025-06-04,-0.030134359325224014,-0.010455414657454134
ridge,y_BTC-USD,12,2025-06-05,0.027707252931573167,0.001964757051287727
ridge,y_BTC-USD,13,2025-06-05,0.027707252931573167,0.003584741458837667
ridge,y_BTC-USD,14,2025-06-05,0.027707252931573167,0.0018119142281615677
ridge,y_BTC-USD,12,2025-06-06,0.011737496074678777,-0.026526462667402256
ridge,y_BTC-USD,13,2025-06-06,0.011737496074678777,-0.017921815967221387
ridge,y_BTC-USD,14,2025-06-06,0.011737496074678777,-0.01719918581833771
ridge,y_BTC-USD,12,2025-06-07,0.0016855786016509722,-0.01914608014860617
ridge,y_BTC-USD,13,2025-06-07,0.0016855786016509722,-0.01658048818946474
ridge,y_BTC-USD,14,2025-06-07,0.0016855786016509722,-0.012542508658865182
ridge,y_BTC-USD,12,2025-06-08,0.04253991795791734,-0.057906793969932195
ridge,y_BTC-USD,13,2025-06-08,0.04253991795791734,-0.05421934381451506
ridge,y_BTC-USD,14,2025-06-08,0.04253991795791734,-0.05081018431494483
ridge,y_BTC-USD,12,2025-06-09,-0.0003342625487465778,-0.013675750147983992
ridge,y_BTC-USD,13,2025-06-09,-0.0003342625487465778,-0.013629386787431853
ridge,y_BTC-USD,14,2025-06-09,-0.0003342625487465778,-0.0066522214921159555
ridge,y_BTC-USD,12,2025-06-10,-0.014244955298426398,0.002627801408953659
ridge,y_BTC-USD,13,2025-06-10,-0.014244955298426398,0.0002737159367449068
ridge,y_BTC-USD,14,2025-06-10,-0.014244955298426398,0.00047272115860567227
ridge,y_BTC-USD,12,2025-06-11,-0.025371753999169577,0.06707975011468768
ridge,y_BTC-USD,13,2025-06-11,-0.025371753999169577,0.060011519546972515
ridge,y_BTC-USD,14,2025-06-11,-0.025371753999169577,0.06061148051571939
ridge,y_BTC-USD,12,2025-06-12,0.0015285141831733462,0.017481087736615726
ridge,y_BTC-USD,13,2025-06-12,0.0015285141831733462,0.018066321807523572
ridge,y_BTC-USD,14,2025-06-12,0.0015285141831733462,0.018389063139344543
ridge,y_BTC-USD,12,2025-06-13,-0.0058304915798971235,0.00044263383368186963
ridge,y_BTC-USD,13,2025-06-13,-0.0058304915798971235,-0.001982513527812636
ridge,y_BTC-USD,14,2025-06-13,-0.0058304915798971235,-0.005158889310525617
ridge,y_BTC-USD,12,2025-06-14,0.0007548627203146641,0.026187258109462177
ridge,y_BTC-USD,13,2025-06-14,0.0007548627203146641,0.02563784861583903
ridge,y_BTC-USD,14,2025-06-14,0.0007548627203146641,0.02708629028632682
ridge,y_BTC-USD,13,2025-07-02,0.007244728772290987,-0.03350604018710601
ridge,y_BTC-USD,14,2025-07-02,0.007244728772290987,-0.027735807955821066
ridge,y_BTC-USD,15,2025-07-02,0.007244728772290987,-0.030287551838405265
ridge,y_BTC-USD,13,2025-07-03,-0.014716556343200904,0.004872653510154611
ridge,y_BTC-USD,14,2025-07-03,-0.014716556343200904,0.007382811532637475
ridge,y_BTC-USD,15,2025-07-03,-0.014716556343200904,0.00917306020077793
ridge,y_BTC-USD,13,2025-07-04,0.0018220480395592098,-0.06348403607950893
ridge,y_BTC-USD,14,2025-07-04,0.0018220480395592098,-0.07030536302927012
ridge,y_BTC-USD,15,2025-07-04,0.0018220480395592098,-0.06954957028469047
ridge,y_BTC-USD,13,2025-07-05,0.009247710575546852,0.014483505257688744
ridge,y_BTC-USD,14,2025-07-05,0.009247710575546852,0.015077548894678078
ridge,y_BTC-USD,15,2025-07-05,0.009247710575546852,0.016486601314236377
ridge,y_BTC-USD,13,2025-07-06,-0.008534295352390808,-0.014553982363580997
ridge,y_BTC-USD,14,2025-07-06,-0.008534295352390808,-0.013829526914459178
ridge,y_BTC-USD,15,2025-07-06,-0.008534295352390808,-0.014373366104141033
ridge,y_BTC-USD,13,2025-07-07,0.006005750382996888,0.006450624373076404
ridge,y_BTC-USD,14,2025-07-07,0.006005750382996888,0.006997328869956084
ridge,y_BTC-USD,15,2025-07-07,0.006005750382996888,0.006207905143637764
ridge,y_BTC-USD,13,2025-07-08,0.021810695604753683,0.06371691975719265
ridge,y_BTC-USD,14,2025-07-08,0.021810695604753683,0.0631407547779076
ridge,y_BTC-USD,15,2025-07-08,0.021810695604753683,0.05926293804505964
ridge,y_BTC-USD,13,2025-07-09,0.041864660687494615,-0.010707688849266353
ridge,y_BTC-USD,14,2025-07-09,0.041864660687494615,-0.009443073223928825
ridge,y_BTC-USD,15,2025-07-09,0.041864660687494615,-0.010037391770096113
ridge,y_BTC-USD,13,2025-07-10,0.013189291760499877,-0.0160582977486839
ridge,y_BTC-USD,14,2025-07-10,0.013189291760499877,-0.015469898089836879
ridge,y_BTC-USD,15,2025-07-10,0.013189291760499877,-0.014255256007930416
ridge,y_BTC-USD,13,2025-07-13,0.006158578325259345,-0.005986526834100957
ridge,y_BTC-USD,14,2025-07-13,0.006158578325259345,-0.005743262984089306
ridge,y_BTC-USD,15,2025-07-13,0.006158578325259345,-0.006278493686828598
ridge,y_BTC-USD,13,2025-07-14,-0.01729262210051885,-0.027705040465108646
ridge,y_BTC-USD,14,2025-07-14,-0.01729262210051885,-0.024682010809820083
ridge,y_BTC-USD,15,2025-07-14,-0.01729262210051885,-0.027434915032459994
ridge,y_BTC-USD,13,2025-07-15,0.00816219450392297,-0.006025421804546852
ridge,y_BTC-USD,14,2025-07-15,0.00816219450392297,-0.004013382308471568
ridge,y_BTC-USD,15,2025-07-15,0.00816219450392297,-0.004520732381906337
ridge,y_BTC-USD,13,2025-07-16,0.004643278306736054,0.01986024790080549
ridge,y_BTC-USD,14,2025-07-16,0.004643278306736054,0.022171674784277926
ridge,y_BTC-USD,15,2025-07-16,0.004643278306736054,0.01973102095842671
ridge,y_BTC-USD,13,2025-07-17,-0.01078563897020779,-0.007065069810510249
ridge,y_BTC-USD,14,2025-07-17,-0.01078563897020779,0.004586614026595952
ridge,y_BTC-USD,15,2025-07-17,-0.01078563897020779,0.0009475243853638394
ridge,y_BTC-USD,13,2025-07-18,-0.0005360022928398989,-0.018813269201066622
ridge,y_BTC-USD,14,2025-07-18,-0.0005360022928398989,-0.018899466537125553
ridge,y_BTC-USD,15,2025-07-18,-0.0005360022928398989,-0.019129204354371078
ridge,y_BTC-USD,13,2025-07-19,-0.00541960002562214,-0.026060781434749367
ridge,y_BTC-USD,14,2025-07-19,-0.00541960002562214,-0.0229317287022324
ridge,y_BTC-USD,15,2025-07-19,-0.00541960002562214,-0.021007350027031333
ridge,y_BTC-USD,13,2025-07-20,0.0011828564931994912,0.013431090707360928
ridge,y_BTC-USD,14,2025-07-20,0.0011828564931994912,0.01171490505482655
ridge,y_BTC-USD,15,2025-07-20,0.0011828564931994912,0.011442752967659982
ridge,y_BTC-USD,13,2025-07-21,0.02176332622218302,-0.007614632902538467
ridge,y_BTC-USD,14,2025-07-21,0.02176332622218302,-0.0051570829940037885
ridge,y_BTC-USD,15,2025-07-21,0.02176332622218302,-0.005410182889808068
ridge,y_BTC-USD,13,2025-07-22,-0.010337504434577038,0.040282951017968374
ridge,y_BTC-USD,14,2025-07-22,-0.010337504434577038,0.04317266525543546
ridge,y_BTC-USD,15,2025-07-22,-0.010337504434577038,0.04152187648938161
ridge,y_BTC-USD,13,2025-07-23,-0.0032584822936673197,-0.013698976108023286
ridge,y_BTC-USD,14,2025-07-23,-0.0032584822936673197,-0.013359540953948628
ridge,y_BTC-USD,15,2025-07-23,-0.0032584822936673197,-0.011318453094638994
ridge,y_BTC-USD,14,2025-07-24,-0.006185093838706357,-0.007804445060318697
ridge,y_BTC-USD,15,2025-07-24,-0.006185093838706357,-0.0074873074079413425
ridge,y_BTC-USD,16,2025-07-24,-0.006185093838706357,-0.00818303320675595
ridge,y_BTC-USD,14,2025-07-25,0.002647868724685587,0.0028781637248529125
ridge,y_BTC-USD,15,2025-07-25,0.002647868724685587,-0.0038808885466397073
ridge,y_BTC-USD,16,2025-07-25,0.002647868724685587,-0.00461988350453453
ridge,y_BTC-USD,14,2025-07-26,0.012727075099638885,-4.912201883287403e-05
ridge,y_BTC-USD,15,2025-07-26,0.012727075099638885,6.948088269644417e-05
ridge,y_BTC-USD,16,2025-07-26,0.012727075099638885,-0.0006552827268779357
ridge,y_BTC-USD,14,2025-07-27,-0.012758768211219684,0.004772321571864614
ridge,y_BTC-USD,15,2025-07-27,-0.012758768211219684,0.0036415409641613024
ridge,y_BTC-USD,16,2025-07-27,-0.012758768211219684,0.004389067905156026
ridge,y_BTC-USD,14,2025-07-28,-1.9742508661990676e-05,0.001827129321251856
ridge,y_BTC-USD,15,2025-07-28,-1.9742508661990676e-05,-0.0006446723290697205
ridge,y_BTC-USD,16,2025-07-28,-1.9742508661990676e-05,0.0012353471709004597
ridge,y_BTC-USD,14,2025-07-29,-0.0007713643170961237,0.04946120129850337
ridge,y_BTC-USD,15,2025-07-29,-0.0007713643170961237,0.05169240999294884
ridge,y_BTC-USD,16,2025-07-29,-0.0007713643170961237,0.049193001085078014
ridge,y_BTC-USD,14,2025-07-30,-0.017592832754910526,0.022731465063905915
ridge,y_BTC-USD,15,2025-07-30,-0.017592832754910526,0.024410418357808158
ridge,y_BTC-USD,16,2025-07-30,-0.017592832754910526,0.024407790198860184
ridge,y_BTC-USD,14,2025-07-31,-0.021062154747402473,0.02626666677990895
ridge,y_BTC-USD,15,2025-07-31,-0.021062154747402473,0.023029592357858012
ridge,y_BTC-USD,16,2025-07-31,-0.021062154747402473,0.01499990534131514
ridge,y_BTC-USD,14,2025-08-01,-0.006999393518263508,-0.0049258111448940885
ridge,y_BTC-USD,15,2025-08-01,-0.006999393518263508,0.000765643272216363
ridge,y_BTC-USD,16,2025-08-01,-0.006999393518263508,0.0008630676222836327
ridge,y_BTC-USD,14,2025-08-02,0.015025363723748075,0.00471309556858253
ridge,y_BTC-USD,15,2025-08-02,0.015025363723748075,0.006187567055852501
ridge,y_BTC-USD,16,2025-08-02,0.015025363723748075,0.00793137429822512
ridge,y_BTC-USD,14,2025-08-03,0.007478798363486527,-0.0056668973410194294
ridge,y_BTC-USD,15,2025-08-03,0.007478798363486527,-0.005773193293458995
ridge,y_BTC-USD,16,2025-08-03,0.007478798363486527,-0.004995158976041279
ridge,y_BTC-USD,14,2025-08-04,-0.008085706753543476,-0.005526558946092773
ridge,y_BTC-USD,15,2025-08-04,-0.008085706753543476,-0.002462213382341518
ridge,y_BTC-USD,16,2025-08-04,-0.008085706753543476,-0.005107286820746651
ridge,y_BTC-USD,14,2025-08-05,0.007767158415357134,-0.030199270487441223
ridge,y_BTC-USD,15,2025-08-05,0.007767158415357134,-0.027902711155537628
ridge,y_BTC-USD,16,2025-08-05,0.007767158415357134,-0.026163619752947856
ridge,y_BTC-USD,14,2025-08-06,0.021463456180234486,-0.010111220189094161
ridge,y_BTC-USD,15,2025-08-06,0.021463456180234486,-0.010870874446173082
ridge,y_BTC-USD,16,2025-08-06,0.021463456180234486,-0.00974526829980938
ridge,y_BTC-USD,14,2025-08-07,-0.0068782400705657,-0.042980309765920634
ridge,y_BTC-USD,15,2025-08-07,-0.0068782400705657,-0.03417559952868444
ridge,y_BTC-USD,16,2025-08-07,-0.0068782400705657,-0.03111444597903233
ridge,y_BTC-USD,14,2025-08-08,-0.0016142706587778388,-0.007026020043484431
ridge,y_BTC-USD,15,2025-08-08,-0.0016142706587778388,-0.007737058950408625
ridge,y_BTC-USD,16,2025-08-08,-0.0016142706587778388,-0.012598435186876877
ridge,y_BTC-USD,14,2025-08-09,0.02408918266480664,0.03250995266215065
ridge,y_BTC-USD,15,2025-08-09,0.02408918266480664,0.028753263326328302
ridge,y_BTC-USD,16,2025-08-09,0.02408918266480664,0.020023547615098582
ridge,y_BTC-USD,14,2025-08-10,-0.004822128356753663,-0.015161781938076482
ridge,y_BTC-USD,15,2025-08-10,-0.004822128356753663,-0.014210556610924545
ridge,y_BTC-USD,16,2025-08-10,-0.004822128356753663,-0.01376937992240209
ridge,y_BTC-USD,14,2025-08-11,0.012140515376580119,0.02922931962684975
ridge,y_BTC-USD,15,2025-08-11,0.012140515376580119,0.0297276239567135
ridge,y_BTC-USD,16,2025-08-11,0.012140515376580119,0.02863841871106228
ridge,y_BTC-USD,14,2025-08-12,0.026388279596092357,0.024151922602944794
ridge,y_BTC-USD,15,2025-08-12,0.026388279596092357,0.022512218792045267
ridge,y_BTC-USD,16,2025-08-12,0.026388279596092357,0.024713773111841714
ridge,y_BTC-USD,15,2025-08-13,-0.040411222672351976,0.013872235782533222
ridge,y_BTC-USD,16,2025-08-13,-0.040411222672351976,0.015253768864706523
ridge,y_BTC-USD,17,2025-08-13,-0.040411222672351976,0.011108450298552643
ridge,y_BTC-USD,15,2025-08-14,-0.008121240187970669,0.012178972631219424
ridge,y_BTC-USD,16,2025-08-14,-0.008121240187970669,0.010797317070537922
ridge,y_BTC-USD,17,2025-08-14,-0.008121240187970669,0.01033675482263444
ridge,y_BTC-USD,15,2025-08-15,0.0007921746665282559,-0.008912733274641843
ridge,y_BTC-USD,16,2025-08-15,0.0007921746665282559,-0.01028033940731607
ridge,y_BTC-USD,17,2025-08-15,0.0007921746665282559,-0.01098273186751677
ridge,y_BTC-USD,15,2025-08-16,-0.00032588834829794244,0.021694304099437716
ridge,y_BTC-USD,16,2025-08-16,-0.00032588834829794244,0.02101222156515928
ridge,y_BTC-USD,17,2025-08-16,-0.00032588834829794244,0.024661076758165836
ridge,y_BTC-USD,15,2025-08-17,-0.01022323279139703,0.011068454303032235
ridge,y_BTC-USD,16,2025-08-17,-0.01022323279139703,0.012063285511707683
ridge,y_BTC-USD,17,2025-08-17,-0.01022323279139703,0.011147223880238182
ridge,y_BTC-USD,15,2025-08-18,-0.029428514056440758,-0.0028594812024275414
ridge,y_BTC-USD,16,2025-08-18,-0.029428514056440758,-0.0035370121935250015
ridge,y_BTC-USD,17,2025-08-18,-0.029428514056440758,-0.0023291918330484856
ridge,y_BTC-USD,15,2025-08-19,0.012794003430595335,0.025419942459840444
ridge,y_BTC-USD,16,2025-08-19,0.012794003430595335,0.02729261090744706
ridge,y_BTC-USD,17,2025-08-19,0.012794003430595335,0.026377847461001143
ridge,y_BTC-USD,15,2025-08-20,-0.01623902974513114,-0.0013066295127582561
ridge,y_BTC-USD,16,2025-08-20,-0.01623902974513114,-0.0019426818451179822
ridge,y_BTC-USD,17,2025-08-20,-0.01623902974513114,0.0002054865421273588
ridge,y_BTC-USD,15,2025-08-21,0.03962900798880531,-0.008363581514994155
ridge,y_BTC-USD,16,2025-08-21,0.03962900798880531,-0.008805493683285056
ridge,y_BTC-USD,17,2025-08-21,0.03962900798880531,-0.00797514541134333
ridge,y_BTC-USD,15,2025-08-22,-0.012832252765613172,-0.014728341927018301
ridge,y_BTC-USD,16,2025-08-22,-0.012832252765613172,-0.012234486824201928
ridge,y_BTC-USD,17,2025-08-22,-0.012832252765613172,-0.009516720219489828
ridge,y_BTC-USD,15,2025-08-23,-0.016605933647771742,0.013759832920925096
ridge,y_BTC-USD,16,2025-08-23,-0.016605933647771742,0.013123436961948981
ridge,y_BTC-USD,17,2025-08-23,-0.016605933647771742,0.013038162927586076
ridge,y_BTC-USD,15,2025-08-25,0.015240086898922645,0.028266029645246406
ridge,y_BTC-USD,16,2025-08-25,0.015240086898922645,0.026914790329709188
ridge,y_BTC-USD,17,2025-08-25,0.015240086898922645,0.028750810335951397
ridge,y_BTC-USD,15,2025-08-26,-0.005193022862549412,0.060521822157017395
ridge,y_BTC-USD,16,2025-08-26,-0.005193022862549412,0.06206975128407913
ridge,y_BTC-USD,17,2025-08-26,-0.005193022862549412,0.06241001030041186
ridge,y_BTC-USD,15,2025-08-27,0.01189280397942638,-0.01932047642731995
ridge,y_BTC-USD,16,2025-08-27,0.01189280397942638,-0.027268397196985674
ridge,y_BTC-USD,17,2025-08-27,0.01189280397942638,-0.032424431271205346
ridge,y_BTC-USD,15,2025-08-28,-0.036731759955323295,0.015558177645122571
ridge,y_BTC-USD,16,2025-08-28,-0.036731759955323295,0.012254215512278946
ridge,y_BTC-USD,17,2025-08-28,-0.036731759955323295,0.005522799223800781
ridge,y_BTC-USD,15,2025-08-29,0.003664157476186425,0.006411491837990914
ridge,y_BTC-USD,16,2025-08-29,0.003664157476186425,0.006002007225749603
ridge,y_BTC-USD,17,2025-08-29,0.003664157476186425,0.006062991973951202
ridge,y_BTC-USD,15,2025-08-30,-0.00525107534173741,-0.004996098530293931
ridge,y_BTC-USD,16,2025-08-30,-0.00525107534173741,-0.0007747064282707787
ridge,y_BTC-USD,17,2025-08-30,-0.00525107534173741,-0.0020193655103655926
ridge,y_BTC-USD,15,2025-08-31,0.009367272930950854,-0.007497848257868435
ridge,y_BTC-USD,16,2025-08-31,0.009367272930950854,-0.008308903770025756
ridge,y_BTC-USD,17,2025-08-31,0.009367272930950854,-0.008484601098909757
ridge,y_BTC-USD,15,2025-09-01,0.017848801737061493,-0.02855079554225827
ridge,y_BTC-USD,16,2025-09-01,0.017848801737061493,-0.02651133509048248
ridge,y_BTC-USD,17,2025-09-01,0.017848801737061493,-0.029551848909197945
ridge,y_BTC-USD,15,2025-09-02,0.004699840343410866,-0.027331747242104652
ridge,y_BTC-USD,16,2025-09-02,0.004699840343410866,-0.026648675748442884
ridge,y_BTC-USD,17,2025-09-02,0.004699840343410866,-0.02509235945068121
ridge,y_BTC-USD,16,2025-09-03,-0.008947195185422974,0.016618158273264214
ridge,y_BTC-USD,17,2025-09-03,-0.008947195185422974,0.016044409883062893
ridge,y_BTC-USD,18,2025-09-03,-0.008947195185422974,0.013956464111579175
ridge,y_BTC-USD,16,2025-09-04,-0.0006558419928113235,-0.0038532255672993603
ridge,y_BTC-USD,17,2025-09-04,-0.0006558419928113235,-0.0009189040566562703
ridge,y_BTC-USD,18,2025-09-04,-0.0006558419928113235,-0.01903087772680586
ridge,y_BTC-USD,16,2025-09-05,-0.0038525555367432407,-0.004645508710176299
ridge,y_BTC-USD,17,2025-09-05,-0.0038525555367432407,0.006199137011905081
ridge,y_BTC-USD,18,2025-09-05,-0.0038525555367432407,0.003976716059924126
ridge,y_BTC-USD,16,2025-09-06,0.008554542812086785,-0.07840950857745203
ridge,y_BTC-USD,17,2025-09-06,0.008554542812086785,-0.07663189603401172
ridge,y_BTC-USD,18,2025-09-06,0.008554542812086785,-0.07936420095684765
ridge,y_BTC-USD,16,2025-09-07,0.008130177859939192,-0.028188016878762327
ridge,y_BTC-USD,17,2025-09-07,0.008130177859939192,-0.019710565572229836
ridge,y_BTC-USD,18,2025-09-07,0.008130177859939192,-0.022803570160152966
ridge,y_BTC-USD,16,2025-09-08,-0.004826232823193166,0.008322250011346607
ridge,y_BTC-USD,17,2025-09-08,-0.004826232823193166,0.007880843335355592
ridge,y_BTC-USD,18,2025-09-08,-0.004826232823193166,0.010595934249128407
ridge,y_BTC-USD,16,2025-09-09,0.02174124101370767,0.017704567972986068
ridge,y_BTC-USD,17,2025-09-09,0.02174124101370767,0.02112835147485882
ridge,y_BTC-USD,18,2025-09-09,0.02174124101370767,0.02883311707341686
ridge,y_BTC-USD,16,2025-09-10,0.013620945043858246,0.017059600911515715
ridge,y_BTC-USD,17,2025-09-10,0.013620945043858246,0.021755489224052123
ridge,y_BTC-USD,18,2025-09-10,0.013620945043858246,0.02746473072788289
ridge,y_BTC-USD,16,2025-09-11,0.005142859655061782,-0.008284842646169239
ridge,y_BTC-USD,17,2025-09-11,0.005142859655061782,-0.006747604596361191
ridge,y_BTC-USD,18,2025-09-11,0.005142859655061782,-0.005236484968849462
ridge,y_BTC-USD,16,2025-09-12,-0.0013011908618274504,-0.013582039584899567
ridge,y_BTC-USD,17,2025-09-12,-0.0013011908618274504,-0.021208801606905178
ridge,y_BTC-USD,18,2025-09-12,-0.0013011908618274504,-0.026383147269662684
ridge,y_BTC-USD,16,2025-09-13,-0.004681752350561785,0.008283650960329497
ridge,y_BTC-USD,17,2025-09-13,-0.004681752350561785,0.008147023426002936
ridge,y_BTC-USD,18,2025-09-13,-0.004681752350561785,0.0060421590549277985
ridge,y_BTC-USD,16,2025-09-14,0.0003224981011604733,0.000852247601226482
ridge,y_BTC-USD,17,2025-09-14,0.0003224981011604733,0.0031564254126051697
ridge,y_BTC-USD,18,2025-09-14,0.0003224981011604733,0.0018686992981320739
ridge,y_BTC-USD,16,2025-09-15,0.012112382641498831,-0.02116329768648995
ridge,y_BTC-USD,17,2025-09-15,0.012112382641498831,-0.014444836263046896
ridge,y_BTC-USD,18,2025-09-15,0.012112382641498831,-0.016733652209727442
ridge,y_BTC-USD,16,2025-09-16,-0.0032066883445814875,-0.021756905717414735
ridge,y_BTC-USD,17,2025-09-16,-0.0032066883445814875,-0.018214393367393528
ridge,y_BTC-USD,18,2025-09-16,-0.0032066883445814875,-0.018620084152492108
ridge,y_BTC-USD,16,2025-09-17,0.005741425944741474,0.00523864504354183
ridge,y_BTC-USD,17,2025-09-17,0.005741425944741474,0.0051229019875267765
ridge,y_BTC-USD,18,2025-09-17,0.005741425944741474,0.008389016246370255
ridge,y_BTC-USD,16,2025-09-18,-0.012364506846338497,0.01718762704972299
ridge,y_BTC-USD,17,2025-09-18,-0.012364506846338497,0.013499644848014712
ridge,y_BTC-USD,18,2025-09-18,-0.012364506846338497,0.008056210180666384
ridge,y_BTC-USD,16,2025-09-19,0.0002861257573012477,-0.05310866443196307
ridge,y_BTC-USD,17,2025-09-19,0.0002861257573012477,-0.05885182266073812
ridge,y_BTC-USD,18,2025-09-19,0.0002861257573012477,-0.03567977790071863
ridge,y_BTC-USD,16,2025-09-20,-0.003593675600818802,-0.015948125976718085
ridge,y_BTC-USD,17,2025-09-20,-0.003593675600818802,-0.015224598182909672
ridge,y_BTC-USD,18,2025-09-20,-0.003593675600818802,-0.013522118423480707
ridge,y_BTC-USD,16,2025-09-21,-0.02218083931492132,0.07802008762492908
ridge,y_BTC-USD,17,2025-09-21,-0.02218083931492132,0.06663604915383518
ridge,y_BTC-USD,18,2025-09-21,-0.02218083931492132,0.06649906615823657
ridge,y_BTC-USD,16,2025-09-22,-0.00651013327573835,-0.009340351891654986
ridge,y_BTC-USD,17,2025-09-22,-0.00651013327573835,-0.014617443133082508
ridge,y_BTC-USD,18,2025-09-22,-0.00651013327573835,-0.015358604583717312
ridge,y_BTC-USD,17,2025-09-23,0.011731809832655538,0.0042456105823630574
ridge,y_BTC-USD,18,2025-09-23,0.011731809832655538,0.010097491364080237
ridge,y_BTC-USD,19,2025-09-23,0.011731809832655538,0.0026365124919104665
ridge,y_BTC-USD,17,2025-09-24,-0.03776048156409062,0.4468597521052001
ridge,y_BTC-USD,18,2025-09-24,-0.03776048156409062,0.4870889255663537
ridge,y_BTC-USD,19,2025-09-24,-0.03776048156409062,0.48604127308954226
ridge,y_BTC-USD,17,2025-09-25,0.0060847628462732395,-0.03452245707662828
ridge,y_BTC-USD,18,2025-09-25,0.0060847628462732395,-0.029270680405220403
ridge,y_BTC-USD,19,2025-09-25,0.0060847628462732395,-0.026900056001029366
ridge,y_BTC-USD,17,2025-09-26,-0.0002814877077529365,0.0060299608561012645
ridge,y_BTC-USD,18,2025-09-26,-0.0002814877077529365,0.0038709264886224925
ridge,y_BTC-USD,19,2025-09-26,-0.0002814877077529365,0.007552835604360364
ridge,y_BTC-USD,17,2025-09-27,0.02225248016477188,0.021054248587174286
ridge,y_BTC-USD,18,2025-09-27,0.02225248016477188,0.020536744538884804
ridge,y_BTC-USD,19,2025-09-27,0.02225248016477188,0.020558373882897205
ridge,y_BTC-USD,17,2025-09-28,0.02031473906432546,-0.001567929150375734
ridge,y_BTC-USD,18,2025-09-28,0.02031473906432546,0.001793086452012023
ridge,y_BTC-USD,19,2025-09-28,0.02031473906432546,0.000799951986485991
ridge,y_BTC-USD,17,2025-09-29,-0.003009577997342028,-0.018865223175031264
ridge,y_BTC-USD,18,2025-09-29,-0.003009577997342028,-0.017639796204063484
ridge,y_BTC-USD,19,2025-09-29,-0.003009577997342028,-0.015796861428550097
ridge,y_BTC-USD,17,2025-09-30,0.04026829179914837,-0.0031659678281659746
ridge,y_BTC-USD,18,2025-09-30,0.04026829179914837,-0.013827412439130646
ridge,y_BTC-USD,19,2025-09-30,0.04026829179914837,-0.011346274308261602
ridge,y_BTC-USD,17,2025-10-01,0.017128920845327356,0.008617428601659243
ridge,y_BTC-USD,18,2025-10-01,0.017128920845327356,0.013277174285873019
ridge,y_BTC-USD,19,2025-10-01,0.017128920845327356,0.01083508893574474
ridge,y_BTC-USD,17,2025-10-02,0.013136036748664148,-0.00025788469190024836
ridge,y_BTC-USD,18,2025-10-02,0.013136036748664148,0.01994695621181408
ridge,y_BTC-USD,19,2025-10-02,0.013136036748664148,0.026373999968023122
ridge,y_BTC-USD,17,2025-10-03,0.001299606980548873,-0.03749610878447885
ridge,y_BTC-USD,18,2025-10-03,0.001299606980548873,-0.04022737529069437
ridge,y_BTC-USD,19,2025-10-03,0.001299606980548873,-0.03469239623367063
ridge,y_BTC-USD,17,2025-10-04,0.008887425412982486,-0.017511370538958272
ridge,y_BTC-USD,18,2025-10-04,0.008887425412982486,-0.01617088797337178
ridge,y_BTC-USD,19,2025-10-04,0.008887425412982486,-0.014523815527600428
ridge,y_BTC-USD,17,2025-10-05,0.010031736794915869,-0.012581778112954044
ridge,y_BTC-USD,18,2025-10-05,0.010031736794915869,-0.006347459141185164
ridge,y_BTC-USD,19,2025-10-05,0.010031736794915869,-0.004876027066154204
ridge,y_BTC-USD,17,2025-10-06,-0.026461574802715715,-0.001922506085400526
ridge,y_BTC-USD,18,2025-10-06,-0.026461574802715715,-0.00061202688869307
ridge,y_BTC-USD,19,2025-10-06,-0.026461574802715715,7.399688939400831e-05
ridge,y_BTC-USD,17,2025-10-07,0.01567280940669602,-0.016807288165236318
ridge,y_BTC-USD,18,2025-10-07,0.01567280940669602,-0.016407662748653375
ridge,y_BTC-USD,19,2025-10-07,0.01567280940669602,-0.017384353072614947
ridge,y_BTC-USD,17,2025-10-08,-0.013370216251727518,0.014018234623826262
ridge,y_BTC-USD,18,2025-10-08,-0.013370216251727518,0.002496191932281668
ridge,y_BTC-USD,19,2025-10-08,-0.013370216251727518,0.007785062205481923
ridge,y_BTC-USD,17,2025-10-09,-0.06976852117831744,-0.022097289649639827
ridge,y_BTC-USD,18,2025-10-09,-0.06976852117831744,-0.022335514219587776
ridge,y_BTC-USD,19,2025-10-09,-0.06976852117831744,-0.022882302635425258
ridge,y_BTC-USD,17,2025-10-10,-0.02125599811033263,-0.0038285594764094245
ridge,y_BTC-USD,18,2025-10-10,-0.02125599811033263,-0.003860411933809479
ridge,y_BTC-USD,19,2025-10-10,-0.02125599811033263,-0.0036440691486093624
ridge,y_BTC-USD,17,2025-10-11,0.03936437283871608,0.0007614710469165242
ridge,y_BTC-USD,18,2025-10-11,0.03936437283871608,8.867864801942829e-05
ridge,y_BTC-USD,19,2025-10-11,0.03936437283871608,0.00017750050275623956
ridge,y_BTC-USD,17,2025-10-12,0.000879679657679322,-0.00790458705270309
ridge,y_BTC-USD,18,2025-10-12,0.000879679657679322,-0.0038370756049785604
ridge,y_BTC-USD,19,2025-10-12,0.000879679657679322,-0.0037389771991005807
ridge,y_BTC-USD,18,2025-10-13,-0.01867262888064536,0.012672433196568298
ridge,y_BTC-USD,19,2025-10-13,-0.01867262888064536,0.015927312883198326
ridge,y_BTC-USD,20,2025-10-13,-0.01867262888064536,0.016030145005484144
ridge,y_BTC-USD,18,2025-10-14,-0.02064646024028005,0.006605253350993557
ridge,y_BTC-USD,19,2025-10-14,-0.02064646024028005,0.0069967718761181135
ridge,y_BTC-USD,20,2025-10-14,-0.02064646024028005,0.0027110131275147227
ridge,y_BTC-USD,18,2025-10-15,-0.023443318504017374,0.10270544949121664
ridge,y_BTC-USD,19,2025-10-15,-0.023443318504017374,0.09196656873266504
ridge,y_BTC-USD,20,2025-10-15,-0.023443318504017374,0.08898624356962179
ridge,y_BTC-USD,18,2025-10-16,-0.01588236351834038,-0.036428799703085164
ridge,y_BTC-USD,19,2025-10-16,-0.01588236351834038,-0.03177641385791077
ridge,y_BTC-USD,20,2025-10-16,-0.01588236351834038,-0.02649264319522701
ridge,y_BTC-USD,18,2025-10-17,0.006861009972426446,0.006917487159219466
ridge,y_BTC-USD,19,2025-10-17,0.006861009972426446,0.008551081319919577
ridge,y_BTC-USD,20,2025-10-17,0.006861009972426446,0.00910879691150551
ridge,y_BTC-USD,18,2025-10-18,0.013698405510000455,-0.008616360316416634
ridge,y_BTC-USD,19,2025-10-18,0.013698405510000455,-0.008861378268998377
ridge,y_BTC-USD,20,2025-10-18,0.013698405510000455,-0.011312451330427936
ridge,y_BTC-USD,18,2025-10-19,0.01768912239467313,0.010253259351016461
ridge,y_BTC-USD,19,2025-10-19,0.01768912239467313,0.009666699349703349
ridge,y_BTC-USD,20,2025-10-19,0.01768912239467313,0.009959407704927172
ridge,y_BTC-USD,18,2025-10-20,-0.019098105646452646,0.013808303936258546
ridge,y_BTC-USD,19,2025-10-20,-0.019098105646452646,0.010051842349529489
ridge,y_BTC-USD,20,2025-10-20,-0.019098105646452646,0.010792966421227236
ridge,y_BTC-USD,18,2025-10-21,-0.007267028792566799,-0.0029366198547172745
ridge,y_BTC-USD,19,2025-10-21,-0.007267028792566799,-0.0025977989867216993
ridge,y_BTC-USD,20,2025-10-21,-0.007267028792566799,-0.0019177926406098351
ridge,y_BTC-USD,18,2025-10-22,0.022111355667553845,-0.03243383215941102
ridge,y_BTC-USD,19,2025-10-22,0.022111355667553845,-0.02382026521136504
ridge,y_BTC-USD,20,2025-10-22,0.022111355667553845,-0.025203690774780633
ridge,y_BTC-USD,18,2025-10-23,0.008759859251149305,0.000547129845346759
ridge,y_BTC-USD,19,2025-10-23,0.008759859251149305,0.0008619963064793447
ridge,y_BTC-USD,20,2025-10-23,0.008759859251149305,0.0027886195825929717
ridge,y_BTC-USD,18,2025-10-24,0.005474045023684315,0.00751897448374278
ridge,y_BTC-USD,19,2025-10-24,0.005474045023684315,0.00894429323881008
ridge,y_BTC-USD,20,2025-10-24,0.005474045023684315,0.010372175590306837
ridge,y_BTC-USD,18,2025-10-25,0.025355383127430242,-0.013429426099625738
ridge,y_BTC-USD,19,2025-10-25,0.025355383127430242,-0.011695219836816097
ridge,y_BTC-USD,20,2025-10-25,0.025355383127430242,-0.007516540326274518
ridge,y_BTC-USD,18,2025-10-26,-0.0030847352525406047,-0.028368902163281067
ridge,y_BTC-USD,19,2025-10-26,-0.0030847352525406047,-0.03393107380742722
ridge,y_BTC-USD,20,2025-10-26,-0.0030847352525406047,-0.036141058942710476
ridge,y_BTC-USD,18,2025-10-27,-0.01019252462848308,-0.0038344723476398533
ridge,y_BTC-USD,19,2025-10-27,-0.01019252462848308,-0.00329494988599677
ridge,y_BTC-USD,20,2025-10-27,-0.01019252462848308,-0.003618118892310936
ridge,y_BTC-USD,18,2025-10-28,-0.025681284408657135,0.0198695473995313
ridge,y_BTC-USD,19,2025-10-28,-0.025681284408657135,0.02422391149062789
ridge,y_BTC-USD,20,2025-10-28,-0.025681284408657135,0.01975756518757832
ridge,y_BTC-USD,18,2025-10-29,-0.015898895718551742,0.006184649764281257
ridge,y_BTC-USD,19,2025-10-29,-0.015898895718551742,0.005202657323023038
ridge,y_BTC-USD,20,2025-10-29,-0.015898895718551742,0.003910565593637339
ridge,y_BTC-USD,18,2025-10-30,0.011547120379193476,0.0016506779528256276
ridge,y_BTC-USD,19,2025-10-30,0.011547120379193476,0.0012502749313245624
ridge,y_BTC-USD,20,2025-10-30,0.011547120379193476,-0.00011944672395067268
ridge,y_BTC-USD,18,2025-10-31,0.004635536182247879,0.02367737912587491
ridge,y_BTC-USD,19,2025-10-31,0.004635536182247879,0.02638909555919003
ridge,y_BTC-USD,20,2025-10-31,0.004635536182247879,0.027442334486121857
ridge,y_BTC-USD,18,2025-11-01,0.005229768982454308,0.007316322435746481
ridge,y_BTC-USD,19,2025-11-01,0.005229768982454308,0.006276912821654402
ridge,y_BTC-USD,20,2025-11-01,0.005229768982454308,0.004953880718740777
ridge,y_BTC-USD,19,2025-11-02,-0.03698585893164408,0.01182813764438954
ridge,y_BTC-USD,20,2025-11-02,-0.03698585893164408,0.010450496464149736
ridge,y_BTC-USD,21,2025-11-02,-0.03698585893164408,0.01178610599454824
ridge,y_BTC-USD,19,2025-11-03,-0.046523840630681046,-0.038346063389725286
ridge,y_BTC-USD,20,2025-11-03,-0.046523840630681046,-0.039688365381464315
ridge,y_BTC-USD,21,2025-11-03,-0.046523840630681046,-0.039669325743550844
ridge,y_BTC-USD,19,2025-11-04,0.02265282648549194,0.06801974887552834
ridge,y_BTC-USD,20,2025-11-04,0.02265282648549194,0.0714925275474806
ridge,y_BTC-USD,21,2025-11-04,0.02265282648549194,0.06462858450924545
ridge,y_BTC-USD,19,2025-11-05,-0.02493503798083263,-0.03602766134146343
ridge,y_BTC-USD,20,2025-11-05,-0.02493503798083263,-0.038542150278491186
ridge,y_BTC-USD,21,2025-11-05,-0.02493503798083263,-0.0418934428674484
ridge,y_BTC-USD,19,2025-11-06,0.020445121741957006,0.007637217869531234
ridge,y_BTC-USD,20,2025-11-06,0.020445121741957006,0.007190321877476573
ridge,y_BTC-USD,21,2025-11-06,0.020445121741957006,0.003894845294880479
ridge,y_BTC-USD,19,2025-11-07,-0.010547196317199026,0.008739246050925256
ridge,y_BTC-USD,20,2025-11-07,-0.010547196317199026,0.004768582169889141
ridge,y_BTC-USD,21,2025-11-07,-0.010547196317199026,0.0033810122906353553
ridge,y_BTC-USD,19,2025-11-08,0.02383137448193029,0.017629955006864546
ridge,y_BTC-USD,20,2025-11-08,0.02383137448193029,0.01779308511720718
ridge,y_BTC-USD,21,2025-11-08,0.02383137448193029,0.017408135611425624
ridge,y_BTC-USD,19,2025-11-09,0.012194017448672767,0.0595249786796845
ridge,y_BTC-USD,20,2025-11-09,0.012194017448672767,0.05282196177801274
ridge,y_BTC-USD,21,2025-11-09,0.012194017448672767,0.04776021298541797
ridge,y_BTC-USD,19,2025-11-10,-0.028294541304540788,-0.08582373249766763
ridge,y_BTC-USD,20,2025-11-10,-0.028294541304540788,-0.08922242129948814
ridge,y_BTC-USD,21,2025-11-10,-0.028294541304540788,-0.08491694681736209
ridge,y_BTC-USD,19,2025-11-11,-0.012954505253314763,-0.05470552377015785
ridge,y_BTC-USD,20,2025-11-11,-0.012954505253314763,-0.055824508814570746
ridge,y_BTC-USD,21,2025-11-11,-0.012954505253314763,-0.047067891839752955
ridge,y_BTC-USD,19,2025-11-12,-0.01933536967351135,-0.0034117046068714825
ridge,y_BTC-USD,20,2025-11-12,-0.01933536967351135,-0.0036357369448446423
ridge,y_BTC-USD,21,2025-11-12,-0.01933536967351135,-0.00863927757592913
ridge,y_BTC-USD,19,2025-11-13,-0.053157837862490065,0.028881576853156166
ridge,y_BTC-USD,20,2025-11-13,-0.053157837862490065,0.023724386042561506
ridge,y_BTC-USD,21,2025-11-13,-0.053157837862490065,0.02558710662602968
ridge,y_BTC-USD,19,2025-11-14,0.012196889211437911,-0.031246291335208808
ridge,y_BTC-USD,20,2025-11-14,0.012196889211437911,-0.03207197847009019
ridge,y_BTC-USD,21,2025-11-14,0.012196889211437911,-0.03604699577920785
ridge,y_BTC-USD,19,2025-11-15,-0.01435983820826503,0.010188103027116164
ridge,y_BTC-USD,20,2025-11-15,-0.01435983820826503,0.015751822765422994
ridge,y_BTC-USD,21,2025-11-15,-0.01435983820826503,0.01580900947565531
ridge,y_BTC-USD,19,2025-11-16,-0.02212006537551514,0.016829269502794376
ridge,y_BTC-USD,20,2025-11-16,-0.02212006537551514,0.020198622814814493
ridge,y_BTC-USD,21,2025-11-16,-0.02212006537551514,0.02178141107160112
ridge,y_BTC-USD,19,2025-11-17,0.009284005043766586,-0.002397078139982748
ridge,y_BTC-USD,20,2025-11-17,0.009284005043766586,-0.0017119009743369422
ridge,y_BTC-USD,21,2025-11-17,0.009284005043766586,-0.0007208688498521955
ridge,y_BTC-USD,19,2025-11-18,-0.015953746750565823,0.00029510570555991696
ridge,y_BTC-USD,20,2025-11-18,-0.015953746750565823,-0.0008108816416834586
ridge,y_BTC-USD,21,2025-11-18,-0.015953746750565823,-0.002234434813783036
ridge,y_BTC-USD,19,2025-11-19,-0.05285126891851111,-0.016060321303916287
ridge,y_BTC-USD,20,2025-11-19,-0.05285126891851111,-0.01611272977991293
ridge,y_BTC-USD,21,2025-11-19,-0.05285126891851111,-0.01465434261510692
ridge,y_BTC-USD,19,2025-11-20,-0.017790340109098413,0.05478020588856069
ridge,y_BTC-USD,20,2025-11-20,-0.017790340109098413,0.058048346684880535
ridge,y_BTC-USD,21,2025-11-20,-0.017790340109098413,0.053164282167848576
ridge,y_BTC-USD,19,2025-11-21,-0.0051983141515926645,-0.046984952177045854
ridge,y_BTC-USD,20,2025-11-21,-0.0051983141515926645,-0.050720258783168354
ridge,y_BTC-USD,21,2025-11-21,-0.0051983141515926645,-0.05170405665039387
ridge,y_BTC-USD,20,2025-11-22,0.025477734635657168,-0.04745631032193019
ridge,y_BTC-USD,21,2025-11-22,0.025477734635657168,-0.03773892302709818
ridge,y_BTC-USD,22,2025-11-22,0.025477734635657168,-0.03603504579130805
ridge,y_BTC-USD,20,2025-11-23,0.01688329653360121,-0.004009922537688448
ridge,y_BTC-USD,21,2025-11-23,0.01688329653360121,-0.00168462723472741
ridge,y_BTC-USD,22,2025-11-23,0.01688329653360121,-0.0034782004689508346
ridge,y_BTC-USD,20,2025-11-24,-0.010520742688141405,0.0017193888664132097
ridge,y_BTC-USD,21,2025-11-24,-0.010520742688141405,0.000809271845030738
ridge,y_BTC-USD,22,2025-11-24,-0.010520742688141405,0.0008154586535853098
ridge,y_BTC-USD,20,2025-11-25,0.03636830551491177,-0.011298952809358448
ridge,y_BTC-USD,21,2025-11-25,0.03636830551491177,-0.007315299212284238
ridge,y_BTC-USD,22,2025-11-25,0.03636830551491177,-0.004796901308318831
ridge,y_BTC-USD,20,2025-11-26,0.008473504729832548,0.01350138572603096
ridge,y_BTC-USD,21,2025-11-26,0.008473504729832548,0.012791852299289802
ridge,y_BTC-USD,22,2025-11-26,0.008473504729832548,0.01231904182337829
ridge,y_BTC-USD,20,2025-11-27,-0.004010602738938163,0.010468861672781262
ridge,y_BTC-USD,21,2025-11-27,-0.004010602738938163,0.010138178566963583
ridge,y_BTC-USD,22,2025-11-27,-0.004010602738938163,0.014105405910367875
ridge,y_BTC-USD,20,2025-11-28,-0.0007425028351905061,-0.03111401068564017
ridge,y_BTC-USD,21,2025-11-28,-0.0007425028351905061,-0.028081556319497106
ridge,y_BTC-USD,22,2025-11-28,-0.0007425028351905061,-0.02414931729314577
ridge,y_BTC-USD,20,2025-11-30,-0.045055292472078956,0.015251332569208392
ridge,y_BTC-USD,21,2025-11-30,-0.045055292472078956,0.014871910946779235
ridge,y_BTC-USD,22,2025-11-30,-0.045055292472078956,0.014050197163351636
ridge,y_BTC-USD,20,2025-12-01,0.05825464938016567,0.0030684821588815763
ridge,y_BTC-USD,21,2025-12-01,0.05825464938016567,0.005027237501282781
ridge,y_BTC-USD,22,2025-12-01,0.05825464938016567,0.0030774702334971996
ridge,y_BTC-USD,20,2025-12-02,0.023837949867722363,0.020297043253536873
ridge,y_BTC-USD,21,2025-12-02,0.023837949867722363,0.0113685823253546
ridge,y_BTC-USD,22,2025-12-02,0.023837949867722363,0.006165661378494088
ridge,y_BTC-USD,20,2025-12-03,-0.014821043775501641,0.0013075935573769403
ridge,y_BTC-USD,21,2025-12-03,-0.014821043775501641,0.002800371068279545
ridge,y_BTC-USD,22,2025-12-03,-0.014821043775501641,0.0013153236334357775
ridge,y_BTC-USD,20,2025-12-04,-0.029887330373216225,0.01920462119205897
ridge,y_BTC-USD,21,2025-12-04,-0.029887330373216225,0.02287290614771908
ridge,y_BTC-USD,22,2025-12-04,-0.029887330373216225,0.025126257663446373
ridge,y_BTC-USD,20,2025-12-05,-0.0012908122468182626,0.0026864808781536173
ridge,y_BTC-USD,21,2025-12-05,-0.0012908122468182626,0.003044239930226799
ridge,y_BTC-USD,22,2025-12-05,-0.0012908122468182626,0.0033717714414015507
ridge,y_BTC-USD,20,2025-12-06,0.012694471554050235,-0.00013463416225622236
ridge,y_BTC-USD,21,2025-12-06,0.012694471554050235,0.000717158639749765
ridge,y_BTC-USD,22,2025-12-06,0.012694471554050235,-0.0008186490804031725
ridge,y_BTC-USD,20,2025-12-07,0.0025945560296725123,0.0042327645526756014
ridge,y_BTC-USD,21,2025-12-07,0.0025945560296725123,0.004485375343746493
ridge,y_BTC-USD,22,2025-12-07,0.0025945560296725123,0.004182737386284971
ridge,y_BTC-USD,20,2025-12-08,0.022633530616329445,-0.007202265817406045
ridge,y_BTC-USD,21,2025-12-08,0.022633530616329445,-0.015878477056871447
ridge,y_BTC-USD,22,2025-12-08,0.022633530616329445,-0.03181550114923307
ridge,y_BTC-USD,20,2025-12-09,-0.007236522211271801,-0.04333634237130429
ridge,y_BTC-USD,21,2025-12-09,-0.007236522211271801,-0.046520457108025215
ridge,y_BTC-USD,22,2025-12-09,-0.007236522211271801,-0.040280579037991475
ridge,y_BTC-USD,20,2025-12-10,0.005329119618741718,0.009802505148253449
ridge,y_BTC-USD,21,2025-12-10,0.005329119618741718,0.016783636869340254
ridge,y_BTC-USD,22,2025-12-10,0.005329119618741718,0.011333754685074488
ridge,y_BTC-USD,20,2025-12-11,-0.024223213861206738,-0.056389462236539865
ridge,y_BTC-USD,21,2025-12-11,-0.024223213861206738,-0.05656864954131404
ridge,y_BTC-USD,22,2025-12-11,-0.024223213861206738,-0.05633622452326594
ridge,y_BTC-USD,20,2025-12-12,0.00031346787642294593,-0.006298474630130927
ridge,y_BTC-USD,21,2025-12-12,0.00031346787642294593,-0.010619435773895902
ridge,y_BTC-USD,22,2025-12-12,0.00031346787642294593,-0.011280286555202152
ridge,y_BTC-USD,21,2025-12-13,-0.023516739363752315,0.0015645220614174797
ridge,y_BTC-USD,22,2025-12-13,-0.023516739363752315,-0.0004825437708661903
ridge,y_BTC-USD,23,2025-12-13,-0.023516739363752315,0.006808065276718413
ridge,y_BTC-USD,21,2025-12-15,0.01648005936140917,-0.017729671627022468
ridge,y_BTC-USD,22,2025-12-15,0.01648005936140917,-0.02403260589719894
ridge,y_BTC-USD,23,2025-12-15,0.01648005936140917,-0.018506501251207435
ridge,y_BTC-USD,21,2025-12-16,-0.01935507109105894,-0.011970622155361266
ridge,y_BTC-USD,22,2025-12-16,-0.01935507109105894,-0.01256546283333013
ridge,y_BTC-USD,23,2025-12-16,-0.01935507109105894,-0.011465339668527742
ridge,y_BTC-USD,21,2025-12-17,-0.007908292107279613,-0.022609130164924125
ridge,y_BTC-USD,22,2025-12-17,-0.007908292107279613,-0.020770200151834426
ridge,y_BTC-USD,23,2025-12-17,-0.007908292107279613,-0.020120854453265932
ridge,y_BTC-USD,21,2025-12-18,0.03090097713717843,-0.0134651653083751
ridge,y_BTC-USD,22,2025-12-18,0.03090097713717843,-0.01157758308511358
ridge,y_BTC-USD,23,2025-12-18,0.03090097713717843,-0.022786607341182506
ridge,y_BTC-USD,21,2025-12-19,0.002731077738661547,0.007777535869596482
ridge,y_BTC-USD,22,2025-12-19,0.002731077738661547,0.015288549460093155
ridge,y_BTC-USD,23,2025-12-19,0.002731077738661547,0.022227327834769006
ridge,y_BTC-USD,21,2025-12-20,0.0031439599746445612,-0.012771792388380531
ridge,y_BTC-USD,22,2025-12-20,0.0031439599746445612,-0.012424396467821808
ridge,y_BTC-USD,23,2025-12-20,0.0031439599746445612,-0.012193475933321554
ridge,y_BTC-USD,21,2025-12-21,-0.0014864790528285043,0.0070546622210020515
ridge,y_BTC-USD,22,2025-12-21,-0.0014864790528285043,0.006365351032112502
ridge,y_BTC-USD,23,2025-12-21,-0.0014864790528285043,0.006616083356295516
ridge,y_BTC-USD,21,2025-12-23,0.0022646365284737513,0.008085520724707945
ridge,y_BTC-USD,22,2025-12-23,0.0022646365284737513,0.004533896121175892
ridge,y_BTC-USD,23,2025-12-23,0.0022646365284737513,0.0053450911295893555
ridge,y_BTC-USD,21,2025-12-24,-0.004305562231041726,0.0060681190765633775
ridge,y_BTC-USD,22,2025-12-24,-0.004305562231041726,0.0045638322724323
ridge,y_BTC-USD,23,2025-12-24,-0.004305562231041726,0.005558497128907085
ridge,y_BTC-USD,21,2025-12-25,0.0007644603322913834,-0.01761111858006577
ridge,y_BTC-USD,22,2025-12-25,0.0007644603322913834,-0.01791638255639751
ridge,y_BTC-USD,23,2025-12-25,0.0007644603322913834,-0.018420547001998872
ridge,y_BTC-USD,21,2025-12-26,0.005735605525503784,0.04709611992903809
ridge,y_BTC-USD,22,2025-12-26,0.005735605525503784,0.04443800585106082
ridge,y_BTC-USD,23,2025-12-26,0.005735605525503784,0.03597250565813544
ridge,y_BTC-USD,21,2025-12-27,0.00038358610925337544,0.00537613194595077
ridge,y_BTC-USD,22,2025-12-27,0.00038358610925337544,0.004431907390884103
ridge,y_BTC-USD,23,2025-12-27,0.00038358610925337544,0.003168090534561077
ridge,y_BTC-USD,21,2025-12-28,-0.007943173820266769,0.009279385088115634
ridge,y_BTC-USD,22,2025-12-28,-0.007943173820266769,0.008228090261384342
ridge,y_BTC-USD,23,2025-12-28,-0.007943173820266769,0.005223923691496047
ridge,y_BTC-USD,21,2025-12-29,0.014826942349620564,-0.0005608023105774537
ridge,y_BTC-USD,22,2025-12-29,0.014826942349620564,-0.0016185779485135183
ridge,y_BTC-USD,23,2025-12-29,0.014826942349620564,-0.00015605405770972858
ridge,y_BTC-USD,21,2025-12-30,-0.01041844740246467,-0.033028730469465424
ridge,y_BTC-USD,22,2025-12-30,-0.01041844740246467,-0.03200602994585533
ridge,y_BTC-USD,23,2025-12-30,-0.01041844740246467,-0.032408728560038534
ridge,y_BTC-USD,21,2025-12-31,0.013977518339667538,0.003433895212565894
ridge,y_BTC-USD,22,2025-12-31,0.013977518339667538,0.0025662622307540007
ridge,y_BTC-USD,23,2025-12-31,0.013977518339667538,0.005465967023945923
ridge,y_BTC-USD,21,2026-01-01,0.013667122921255048,0.0043887779603740545
ridge,y_BTC-USD,22,2026-01-01,0.013667122921255048,0.003567802367736482
ridge,y_BTC-USD,23,2026-01-01,0.013667122921255048,-0.0008091496504961278
ridge,y_BTC-USD,21,2026-01-02,0.007321078638514056,-0.0021528385761144394
ridge,y_BTC-USD,22,2026-01-02,0.007321078638514056,-0.001911637809973643
ridge,y_BTC-USD,23,2026-01-02,0.007321078638514056,-0.003269553500501526
ridge,y_BTC-USD,21,2026-01-03,0.008943445698309516,0.0004931345732316543
ridge,y_BTC-USD,22,2026-01-03,0.008943445698309516,0.0014379753551148455
ridge,y_BTC-USD,23,2026-01-03,0.008943445698309516,0.0009927582741894694
ridge,y_BTC-USD,22,2026-01-04,0.027009825802690735,0.004714766101275065
ridge,y_BTC-USD,23,2026-01-04,0.027009825802690735,0.004544623693468454
ridge,y_BTC-USD,24,2026-01-04,0.027009825802690735,0.004246742196425771
ridge,y_BTC-USD,22,2026-01-05,-0.0016352711961346023,0.04829492291457873
ridge,y_BTC-USD,23,2026-01-05,-0.0016352711961346023,0.051492722312086674
ridge,y_BTC-USD,24,2026-01-05,-0.0016352711961346023,0.04759147376006414
ridge,y_BTC-USD,22,2026-01-06,-0.025829527204251357,-0.02208624126205745
ridge,y_BTC-USD,23,2026-01-06,-0.025829527204251357,-0.013114590545351152
ridge,y_BTC-USD,24,2026-01-06,-0.025829527204251357,-0.01974557898978812
ridge,y_BTC-USD,22,2026-01-07,-0.003076724046541912,3.540777653348909e-05
ridge,y_BTC-USD,23,2026-01-07,-0.003076724046541912,-0.003952195938750045
ridge,y_BTC-USD,24,2026-01-07,-0.003076724046541912,-0.00909123790677202
ridge,y_BTC-USD,22,2026-01-08,-0.005646925984974294,0.014241757624509693
ridge,y_BTC-USD,23,2026-01-08,-0.005646925984974294,0.015020068225784552
ridge,y_BTC-USD,24,2026-01-08,-0.005646925984974294,0.00988139414402477
ridge,y_BTC-USD,22,2026-01-09,-0.001397069847536736,0.016994003277503812
ridge,y_BTC-USD,23,2026-01-09,-0.001397069847536736,0.014188470575053944
ridge,y_BTC-USD,24,2026-01-09,-0.001397069847536736,0.01952833802160741
ridge,y_BTC-USD,22,2026-01-10,0.004876964768804504,-0.003518580688611974
ridge,y_BTC-USD,23,2026-01-10,0.004876964768804504,-0.007010359623748792
ridge,y_BTC-USD,24,2026-01-10,0.004876964768804504,-0.00747750887267757
ridge,y_BTC-USD,22,2026-01-11,0.004024457429802286,0.008997502087001242
ridge,y_BTC-USD,23,2026-01-11,0.004024457429802286,0.008331042158789569
ridge,y_BTC-USD,24,2026-01-11,0.004024457429802286,0.007735988747828881
ridge,y_BTC-USD,22,2026-01-12,0.04527528885126264,0.04237404018006995
ridge,y_BTC-USD,23,2026-01-12,0.04527528885126264,0.04118439720099733
ridge,y_BTC-USD,24,2026-01-12,0.04527528885126264,0.037827260092983685
ridge,y_BTC-USD,22,2026-01-13,0.016864423365986925,-0.025818465984572065
ridge,y_BTC-USD,23,2026-01-13,0.016864423365986925,-0.022022359683163538
ridge,y_BTC-USD,24,2026-01-13,0.016864423365986925,-0.019919000846630695
ridge,y_BTC-USD,22,2026-01-14,-0.01421799419905967,-0.010485463641838291
ridge,y_BTC-USD,23,2026-01-14,-0.01421799419905967,-0.012362593492834466
ridge,y_BTC-USD,24,2026-01-14,-0.01421799419905967,-0.013327887253367685
ridge,y_BTC-USD,22,2026-01-15,-0.00027284132392391136,0.005395043028597211
ridge,y_BTC-USD,23,2026-01-15,-0.00027284132392391136,0.004745702705274904
ridge,y_BTC-USD,24,2026-01-15,-0.00027284132392391136,0.0068744110621389055
ridge,y_BTC-USD,22,2026-01-16,-0.004451136256293897,-0.04759501811857385
ridge,y_BTC-USD,23,2026-01-16,-0.004451136256293897,-0.046359362021922944
ridge,y_BTC-USD,24,2026-01-16,-0.004451136256293897,-0.04841080170733551
ridge,y_BTC-USD,22,2026-01-18,-0.011543146480490485,0.026383821386258065
ridge,y_BTC-USD,23,2026-01-18,-0.011543146480490485,0.026688678604239232
ridge,y_BTC-USD,24,2026-01-18,-0.011543146480490485,0.024820480170117
ridge,y_BTC-USD,22,2026-01-19,-0.04584033237499219,0.006310249958687055
ridge,y_BTC-USD,23,2026-01-19,-0.04584033237499219,0.009784635999794709
ridge,y_BTC-USD,24,2026-01-19,-0.04584033237499219,0.009100310050794933
ridge,y_BTC-USD,22,2026-01-21,0.000956534957143873,6.603100613498231e-05
ridge,y_BTC-USD,23,2026-01-21,0.000956534957143873,-0.0011180446312850818
ridge,y_BTC-USD,24,2026-01-21,0.000956534957143873,-0.0021876972616952273
ridge,y_BTC-USD,22,2026-01-22,0.00046300848627667257,0.010824825089821301
ridge,y_BTC-USD,23,2026-01-22,0.00046300848627667257,0.005318606332935028
ridge,y_BTC-USD,24,2026-01-22,0.00046300848627667257,0.00481849428714566
ridge,y_BTC-USD,22,2026-01-23,-0.00439244250598092,0.011242194228337362
ridge,y_BTC-USD,23,2026-01-23,-0.00439244250598092,0.011509133303268054
ridge,y_BTC-USD,24,2026-01-23,-0.00439244250598092,0.00874822739120186
ridge,y_BTC-USD,22,2026-01-24,-0.028487203509257375,0.002873022896918111
ridge,y_BTC-USD,23,2026-01-24,-0.028487203509257375,0.002760208678836927
ridge,y_BTC-USD,24,2026-01-24,-0.028487203509257375,0.0011996193231664485
ridge,y_BTC-USD,22,2026-01-25,0.019578126787931138,-0.022922605719077022
ridge,y_BTC-USD,23,2026-01-25,0.019578126787931138,-0.02635447000971271
ridge,y_BTC-USD,24,2026-01-25,0.019578126787931138,-0.024577996916646853
ridge,y_BTC-USD,23,2026-01-26,0.009464787027023913,0.01393394195210668
ridge,y_BTC-USD,24,2026-01-26,0.009464787027023913,0.007985369722866818
ridge,y_BTC-USD,23,2026-01-27,0.0009202877056453396,0.04187555711524952
ridge,y_BTC-USD,24,2026-01-27,0.0009202877056453396,0.033913618801839344
ridge,y_BTC-USD,23,2026-01-28,-0.05183614563372574,0.008475542690379076
ridge,y_BTC-USD,24,2026-01-28,-0.05183614563372574,0.008645285816564152
ridge,y_BTC-USD,23,2026-01-29,-0.005119696877728619,0.015809224462177977
ridge,y_BTC-USD,24,2026-01-29,-0.005119696877728619,0.019407242893758867
ridge,y_BTC-USD,23,2026-01-30,-0.06546567255435032,-0.00918418317269461
ridge,y_BTC-USD,24,2026-01-30,-0.06546567255435032,-0.010799902102917723
ridge,y_BTC-USD,23,2026-01-31,-0.02094439679701987,0.05342849539684381
ridge,y_BTC-USD,24,2026-01-31,-0.02094439679701987,0.045506742401619185
ridge,y_BTC-USD,23,2026-02-01,0.022271291537603544,0.00022909781169062112
ridge,y_BTC-USD,24,2026-02-01,0.022271291537603544,0.00014943511293035697
ridge,y_BTC-USD,23,2026-02-02,-0.03882661934945053,-0.042386027628062206
ridge,y_BTC-USD,24,2026-02-02,-0.03882661934945053,-0.03916016588108596
ridge,y_BTC-USD,23,2026-02-03,-0.03455931736640505,0.019184872357355717
ridge,y_BTC-USD,24,2026-02-03,-0.03455931736640505,0.01796192697409789
ridge,y_BTC-USD,23,2026-02-04,-0.14129892381358544,-0.018952218406810453
ridge,y_BTC-USD,24,2026-02-04,-0.14129892381358544,-0.018330800746929703
ridge,y_BTC-USD,23,2026-02-05,0.1252476912623226,-0.021635119507716297
ridge,y_BTC-USD,24,2026-02-05,0.1252476912623226,-0.013878316228161268
ridge,y_BTC-USD,23,2026-02-06,-0.018048541205989532,-0.031195950808445054
ridge,y_BTC-USD,24,2026-02-06,-0.018048541205989532,-0.03664093911263095
ridge,y_BTC-USD,23,2026-02-07,0.014184900201757111,0.00225909317683173
ridge,y_BTC-USD,24,2026-02-07,0.014184900201757111,0.003134244067284017
ridge,y_BTC-USD,23,2026-02-08,-0.00204861414171964,-0.0374937308966392
ridge,y_BTC-USD,24,2026-02-08,-0.00204861414171964,-0.03871953065659464
ridge,y_BTC-USD,23,2026-02-09,-0.018921927121284043,-0.012033265870524744
ridge,y_BTC-USD,24,2026-02-09,-0.018921927121284043,-0.01276935994767514
ridge,y_BTC-USD,23,2026-02-10,-0.02619404614799148,-0.000894023523674937
ridge,y_BTC-USD,24,2026-02-10,-0.02619404614799148,-0.0006569494395731019
ridge,y_BTC-USD,23,2026-02-11,-0.011495780977477277,0.01995912597261747
ridge,y_BTC-USD,24,2026-02-11,-0.011495780977477277,0.022068973087835255
ridge,y_BTC-USD,23,2026-02-12,0.039805596623848194,-0.0275720003475648
ridge,y_BTC-USD,24,2026-02-12,0.039805596623848194,-0.02673930165720345
ridge,y_BTC-USD,23,2026-02-13,0.013212456278809848,-0.02812399107521871
ridge,y_BTC-USD,24,2026-02-13,0.013212456278809848,-0.02995891067485381
ridge,y_BTC-USD,23,2026-02-14,-0.014038567315427408,0.007123017017402737
ridge,y_BTC-USD,24,2026-02-14,-0.014038567315427408,0.00396456822834513
ridge,y_BTC-USD,24,2026-02-16,-0.019594358734823403,0.015935515077568057
ridge,y_BTC-USD,24,2026-02-17,-0.015836888807606253,0.019764787510039003
ridge,y_BTC-USD,24,2026-02-18,0.008012052068341324,-0.008033571202753343
ridge,y_BTC-USD,24,2026-02-19,0.015650197075734784,-0.0032411314731317594
ridge,y_BTC-USD,24,2026-02-20,-2.435467576455963e-05,0.0005878762025263249
ridge,y_BTC-USD,24,2026-02-21,-0.005064057803784272,0.006021071447078925
ridge,y_BTC-USD,24,2026-02-22,-0.04497014110892317,0.005172390004151137
ridge,y_BTC-USD,24,2026-02-23,-0.008305824880296298,-0.012413100080911151
ridge,y_BTC-USD,24,2026-02-24,0.060550552894326426,0.00916890099611083
ridge,y_BTC-USD,24,2026-02-25,-0.007450715585058165,0.012430364008529676
ridge,y_BTC-USD,24,2026-02-26,-0.023304501473983996,0.016409728253351605
ridge,y_BTC-USD,24,2026-02-27,0.016910019957618205,-0.0028857217419810117
ridge,y_BTC-USD,24,2026-02-28,-0.018773664883674046,0.0007371183112304283
ridge,y_BTC-USD,24,2026-03-01,0.04620988327616793,0.002186176240457421
ridge,y_BTC-USD,24,2026-03-02,-0.007011227255569463,-0.02981084605772805
ridge,y_BTC-USD,24,2026-03-03,0.06467555605177866,0.011968123213915435
ridge,y_BTC-USD,24,2026-03-04,-0.025710882421896564,-0.03658220865884024
ridge,y_BTC-USD,24,2026-03-05,-0.03817885179689062,-0.03535650053244458
ridge,y_BTC-USD,24,2026-03-06,-0.01267893913767526,-0.00531271485913685
ridge,y_BTC-USD,24,2026-03-08,0.03687448277691541,-0.0071311359214838894
ridge,y_GLD,0,2024-08-05,-0.00800071383261225,-0.003734530408771833
ridge,y_GLD,0,2024-08-06,-0.0006796279952806517,0.006396725179815905
ridge,y_GLD,0,2024-08-07,0.015688013635013265,0.00900698965816239
ridge,y_GLD,0,2024-08-08,0.0024552612171102606,-0.013802732508755432
ridge,y_GLD,0,2024-08-12,-0.001532358906807807,0.006825728278441057
ridge,y_GLD,0,2024-08-13,-0.00815575125082435,-0.02061972690998035
ridge,y_GLD,0,2024-08-14,0.0031388449312383937,-0.009803062270700725
ridge,y_GLD,0,2024-08-15,0.022387738526589596,-0.003554537667207089
ridge,y_GLD,0,2024-08-19,0.0036699887797402297,0.012843459895568142
ridge,y_GLD,0,2024-08-20,-0.0013336178629831386,-0.02187597032960366
ridge,y_GLD,0,2024-08-21,-0.011975011209935715,0.03951981785817525
ridge,y_GLD,0,2024-08-22,0.011553425520715921,-4.549506050585889e-05
ridge,y_GLD,0,2024-08-26,0.002706671669018057,-0.013507822343550212
ridge,y_GLD,1,2024-08-26,0.002706671669018057,-0.013304819626398115
ridge,y_GLD,0,2024-08-27,-0.007026862307456638,0.017893960861753315
ridge,y_GLD,1,2024-08-27,-0.007026862307456638,0.013560570215152886
ridge,y_GLD,0,2024-08-28,0.005177980359189593,0.007661435935682207
ridge,y_GLD,1,2024-08-28,0.005177980359189593,0.009073984238895461
ridge,y_GLD,0,2024-08-29,-0.0071260085162319076,-0.02653175226077689
ridge,y_GLD,1,2024-08-29,-0.0071260085162319076,-0.02176760804755789
ridge,y_GLD,0,2024-09-03,0.000607926500195255,-0.007348255792977581
ridge,y_GLD,1,2024-09-03,0.000607926500195255,-0.0055134725193397545
ridge,y_GLD,0,2024-09-04,0.008332306942507417,-0.017564922396101832
ridge,y_GLD,1,2024-09-04,0.008332306942507417,-0.00980515647642361
ridge,y_GLD,0,2024-09-05,-0.00740263040895639,0.010998117866479085
ridge,y_GLD,1,2024-09-05,-0.00740263040895639,0.016082906841553956
ridge,y_GLD,0,2024-09-09,0.004404097525006145,-0.04095319276438389
ridge,y_GLD,1,2024-09-09,0.004404097525006145,-0.048656985320672835
ridge,y_GLD,0,2024-09-10,-0.001590555949419148,-0.01890898483799346
ridge,y_GLD,1,2024-09-10,-0.001590555949419148,-0.018389655390274023
ridge,y_GLD,0,2024-09-11,0.017567284525531468,0.014472719455031634
ridge,y_GLD,1,2024-09-11,0.017567284525531468,0.0120162162559686
ridge,y_GLD,0,2024-09-12,0.009943683944142245,0.025130712893210266
ridge,y_GLD,1,2024-09-12,0.009943683944142245,0.019742091626410326
ridge,y_GLD,2,2024-09-12,0.009943683944142245,0.017691308594047266
ridge,y_GLD,0,2024-09-16,-0.005530911354914347,-0.09175181496943186
ridge,y_GLD,1,2024-09-16,-0.005530911354914347,-0.10356271002123074
ridge,y_GLD,2,2024-09-16,-0.005530911354914347,-0.09544971933308659
ridge,y_GLD,0,2024-09-17,-0.007710465405288747,0.0017261450719165464
ridge,y_GLD,1,2024-09-17,-0.007710465405288747,0.0022370764895086118
ridge,y_GLD,2,2024-09-17,-0.007710465405288747,0.004416672408460371
ridge,y_GLD,0,2024-09-18,0.015540757281972128,0.023544130561122364
ridge,y_GLD,1,2024-09-18,0.015540757281972128,0.024823731044967625
ridge,y_GLD,2,2024-09-18,0.015540757281972128,0.02046007527264847
ridge,y_GLD,0,2024-09-19,0.012710660066880486,0.04314298684370755
ridge,y_GLD,1,2024-09-19,0.012710660066880486,0.04860155260067662
ridge,y_GLD,2,2024-09-19,0.012710660066880486,0.042154251052276916
ridge,y_GLD,0,2024-09-23,0.01396907347432852,-0.011233694355988939
ridge,y_GLD,1,2024-09-23,0.01396907347432852,-0.007124451542885686
ridge,y_GLD,2,2024-09-23,0.01396907347432852,-0.00787415364187167
ridge,y_GLD,0,2024-09-24,-0.001381767735032069,0.006504740957276286
ridge,y_GLD,1,2024-09-24,-0.001381767735032069,0.0038470547264701366
ridge,y_GLD,2,2024-09-24,-0.001381767735032069,0.0017714367392824915
ridge,y_GLD,0,2024-09-25,0.005086884066794806,0.01732267084532686
ridge,y_GLD,1,2024-09-25,0.005086884066794806,0.017974289152152052
ridge,y_GLD,2,2024-09-25,0.005086884066794806,0.01747625649081335
ridge,y_GLD,0,2024-09-26,-0.007935830791900744,-0.04276629014914816
ridge,y_GLD,1,2024-09-26,-0.007935830791900744,-0.04043336584638336
ridge,y_GLD,2,2024-09-26,-0.007935830791900744,-0.03987282468900115
ridge,y_GLD,0,2024-09-30,0.010491249392624358,-0.03055863141403812
ridge,y_GLD,1,2024-09-30,0.010491249392624358,-0.03435183113441239
ridge,y_GLD,2,2024-09-30,0.010491249392624358,-0.034521100187532225
ridge,y_GLD,0,2024-10-01,0.0002035871977259518,-0.003392467602802257
ridge,y_GLD,1,2024-10-01,0.0002035871977259518,-0.001656858115654021
ridge,y_GLD,2,2024-10-01,0.0002035871977259518,-0.00519038031077844
ridge,y_GLD,0,2024-10-02,-0.0006920058878573387,0.06893410426612971
ridge,y_GLD,1,2024-10-02,-0.0006920058878573387,0.07186984348816433
ridge,y_GLD,2,2024-10-02,-0.0006920058878573387,0.06624441980812919
ridge,y_GLD,0,2024-10-03,-0.001996030315693398,-0.0033882516937801554
ridge,y_GLD,1,2024-10-03,-0.001996030315693398,-0.009844817742794824
ridge,y_GLD,2,2024-10-03,-0.001996030315693398,-0.012148876471511482
ridge,y_GLD,1,2024-10-07,-0.007371925565205384,-0.002206684473316149
ridge,y_GLD,2,2024-10-07,-0.007371925565205384,0.0005464793347230751
ridge,y_GLD,3,2024-10-07,-0.007371925565205384,0.004494945089121985
ridge,y_GLD,1,2024-10-08,-0.005446185963701722,0.028145609347367682
ridge,y_GLD,2,2024-10-08,-0.005446185963701722,0.028417444208377534
ridge,y_GLD,3,2024-10-08,-0.005446185963701722,0.04650578001391289
ridge,y_GLD,1,2024-10-09,0.007342892553628744,0.0005477313790652778
ridge,y_GLD,2,2024-10-09,0.007342892553628744,0.0014657880412048945
ridge,y_GLD,3,2024-10-09,0.007342892553628744,0.0009127104822496859
ridge,y_GLD,1,2024-10-10,0.010913408354139564,-0.0026683498159901092
ridge,y_GLD,2,2024-10-10,0.010913408354139564,-0.004191867224067443
ridge,y_GLD,3,2024-10-10,0.010913408354139564,-0.00023647392140412375
ridge,y_GLD,1,2024-10-14,0.003468359323146597,0.005172640735319116
ridge,y_GLD,2,2024-10-14,0.003468359323146597,0.006120457736912719
ridge,y_GLD,3,2024-10-14,0.003468359323146597,0.00710433209797789
ridge,y_GLD,1,2024-10-15,0.005001609209081437,-0.007178227783003871
ridge,y_GLD,2,2024-10-15,0.005001609209081437,-0.004355852702725611
ridge,y_GLD,3,2024-10-15,0.005001609209081437,-0.0005466487033752892
ridge,y_GLD,1,2024-10-16,0.005988310835030708,-0.0006511536085473696
ridge,y_GLD,2,2024-10-16,0.005988310835030708,-0.0010708370306994246
ridge,y_GLD,3,2024-10-16,0.005988310835030708,-0.0006369987800252684
ridge,y_GLD,1,2024-10-17,0.010618185005034864,-0.026673292194836176
ridge,y_GLD,2,2024-10-17,0.010618185005034864,-0.027004374109283105
ridge,y_GLD,3,2024-10-17,0.010618185005034864,-0.029540153973492432
ridge,y_GLD,1,2024-10-21,0.01078732362833379,-0.06665442643690814
ridge,y_GLD,2,2024-10-21,0.01078732362833379,-0.06332062006409547
ridge,y_GLD,3,2024-10-21,0.01078732362833379,-0.06694693265522245
ridge,y_GLD,1,2024-10-22,-0.012050555849465017,-0.0176995075941966
ridge,y_GLD,2,2024-10-22,-0.012050555849465017,-0.01807308928266496
ridge,y_GLD,3,2024-10-22,-0.012050555849465017,-0.017100555030981943
ridge,y_GLD,1,2024-10-23,0.007693259346016168,0.01061167532352213
ridge,y_GLD,2,2024-10-23,0.007693259346016168,0.013732263804320452
ridge,y_GLD,3,2024-10-23,0.007693259346016168,0.02837440830031707
ridge,y_GLD,1,2024-10-24,0.0020569789010425055,0.04909716124092902
ridge,y_GLD,2,2024-10-24,0.0020569789010425055,0.049173602256881686
ridge,y_GLD,3,2024-10-24,0.0020569789010425055,0.05807779930797519
ridge,y_GLD,2,2024-10-28,0.010894858433216914,-0.11236511622271302
ridge,y_GLD,3,2024-10-28,0.010894858433216914,-0.10847440688300007
ridge,y_GLD,4,2024-10-28,0.010894858433216914,-0.09448765227066779
ridge,y_GLD,2,2024-10-29,0.005505891218995584,-0.025550162660428175
ridge,y_GLD,3,2024-10-29,0.005505891218995584,-0.04494337127664216
ridge,y_GLD,4,2024-10-29,0.005505891218995584,-0.046479759507902126
ridge,y_GLD,2,2024-10-30,-0.015495166963743756,-0.0014245492608915993
ridge,y_GLD,3,2024-10-30,-0.015495166963743756,-0.0033088878508823302
ridge,y_GLD,4,2024-10-30,-0.015495166963743756,0.0034429264699454647
ridge,y_GLD,2,2024-10-31,-0.004102375877353515,0.02015787298257731
ridge,y_GLD,3,2024-10-31,-0.004102375877353515,0.035697201122085485
ridge,y_GLD,4,2024-10-31,-0.004102375877353515,0.023475271729565764
ridge,y_GLD,2,2024-11-04,0.002254447895035039,-0.0019439508623490388
ridge,y_GLD,3,2024-11-04,0.002254447895035039,-0.012227681078889878
ridge,y_GLD,4,2024-11-04,0.002254447895035039,-0.007965960488846503
ridge,y_GLD,2,2024-11-05,-0.030386729020158265,0.020511043275279008
ridge,y_GLD,3,2024-11-05,-0.030386729020158265,0.012322276164466052
ridge,y_GLD,4,2024-11-05,-0.030386729020158265,0.010922692723003558
ridge,y_GLD,2,2024-11-06,0.01607650385553039,-0.03097296908507942
ridge,y_GLD,3,2024-11-06,0.01607650385553039,-0.02304676761716141
ridge,y_GLD,4,2024-11-06,0.01607650385553039,-0.01917865622036994
ridge,y_GLD,2,2024-11-07,-0.006769426092267272,-0.012534340276947236
ridge,y_GLD,3,2024-11-07,-0.006769426092267272,-0.005284747510970181
ridge,y_GLD,4,2024-11-07,-0.006769426092267272,-0.0060794738392625
ridge,y_GLD,2,2024-11-11,-0.008631355179477884,0.032441408025938645
ridge,y_GLD,3,2024-11-11,-0.008631355179477884,0.02966854090776896
ridge,y_GLD,4,2024-11-11,-0.008631355179477884,0.017727854931342723
ridge,y_GLD,2,2024-11-12,-0.010081225320474285,0.025051422902705747
ridge,y_GLD,3,2024-11-12,-0.010081225320474285,0.02185228835698718
ridge,y_GLD,4,2024-11-12,-0.010081225320474285,0.018395811268111885
ridge,y_GLD,2,2024-11-13,-0.0026091417886485724,0.006633563904406795
ridge,y_GLD,3,2024-11-13,-0.0026091417886485724,0.0058659201336891615
ridge,y_GLD,4,2024-11-13,-0.0026091417886485724,-0.0014650893991015657
ridge,y_GLD,2,2024-11-14,-0.0017720694429754769,0.01258013180490709
ridge,y_GLD,3,2024-11-14,-0.0017720694429754769,-0.00651533537660965
ridge,y_GLD,4,2024-11-14,-0.0017720694429754769,0.03918559056917456
ridge,y_GLD,3,2024-11-18,0.008959325127211315,0.012000805718263171
ridge,y_GLD,4,2024-11-18,0.008959325127211315,0.01026612401454922
ridge,y_GLD,5,2024-11-18,0.008959325127211315,0.016426616652248045
ridge,y_GLD,3,2024-11-19,0.005632045702723465,0.10185714400364405
ridge,y_GLD,4,2024-11-19,0.005632045702723465,0.10669974241912637
ridge,y_GLD,5,2024-11-19,0.005632045702723465,0.13642575970955695
ridge,y_GLD,3,2024-11-20,0.00833950039098208,0.01862400778595472
ridge,y_GLD,4,2024-11-20,0.00833950039098208,0.02620955229807395
ridge,y_GLD,5,2024-11-20,0.00833950039098208,0.02332377935980967
ridge,y_GLD,3,2024-11-21,0.012892210445830887,-0.006768650314098032
ridge,y_GLD,4,2024-11-21,0.012892210445830887,0.0013898885718672573
ridge,y_GLD,5,2024-11-21,0.012892210445830887,-0.0020184897316858803
ridge,y_GLD,3,2024-11-25,0.0019383092584317474,-0.004921830500838459
ridge,y_GLD,4,2024-11-25,0.0019383092584317474,-0.0036584554247564138
ridge,y_GLD,5,2024-11-25,0.0019383092584317474,-0.005098578462593079
ridge,y_GLD,3,2024-11-26,0.002222714763140843,-0.027409731980725518
ridge,y_GLD,4,2024-11-26,0.002222714763140843,-0.027283101335936623
ridge,y_GLD,5,2024-11-26,0.002222714763140843,-0.017600080573486616
ridge,y_GLD,3,2024-12-02,0.002012776164397767,0.024433457622348675
ridge,y_GLD,4,2024-12-02,0.002012776164397767,0.01921905739606232
ridge,y_GLD,5,2024-12-02,0.002012776164397767,0.022287781892762475
ridge,y_GLD,3,2024-12-03,0.003033679807253664,0.022038216753163312
ridge,y_GLD,4,2024-12-03,0.003033679807253664,0.016912704236306114
ridge,y_GLD,5,2024-12-03,0.003033679807253664,0.02575423895296608
ridge,y_GLD,3,2024-12-04,-0.007397709454119106,0.00822205684005003
ridge,y_GLD,4,2024-12-04,-0.007397709454119106,0.008235248707647622
ridge,y_GLD,5,2024-12-04,-0.007397709454119106,0.004993756181027854
ridge,y_GLD,3,2024-12-05,0.0003705687954558279,-0.035003568232366486
ridge,y_GLD,4,2024-12-05,0.0003705687954558279,-0.04377334436340185
ridge,y_GLD,5,2024-12-05,0.0003705687954558279,-0.03888275199369064
ridge,y_GLD,4,2024-12-09,0.01316431251835759,-0.006894552499307445
ridge,y_GLD,5,2024-12-09,0.01316431251835759,-0.010728224023230138
ridge,y_GLD,6,2024-12-09,0.01316431251835759,-0.016053082823922614
ridge,y_GLD,4,2024-12-10,0.009533812345188464,0.033418709825893456
ridge,y_GLD,5,2024-12-10,0.009533812345188464,0.02218292301913461
ridge,y_GLD,6,2024-12-10,0.009533812345188464,0.022541586625778546
ridge,y_GLD,4,2024-12-11,-0.014663722649505995,0.004562926670515251
ridge,y_GLD,5,2024-12-11,-0.014663722649505995,0.002330222223524257
ridge,y_GLD,6,2024-12-11,-0.014663722649505995,0.0019756221574828863
ridge,y_GLD,4,2024-12-12,-0.012091578404740733,-0.005890879505132704
ridge,y_GLD,5,2024-12-12,-0.012091578404740733,-0.008699692280505104
ridge,y_GLD,6,2024-12-12,-0.012091578404740733,-0.010817998318124087
ridge,y_GLD,4,2024-12-16,-0.0038386247250202787,-0.04935836003406017
ridge,y_GLD,5,2024-12-16,-0.0038386247250202787,-0.04572391008763949
ridge,y_GLD,6,2024-12-16,-0.0038386247250202787,-0.04565363316496113
ridge,y_GLD,4,2024-12-17,-0.01918507783771295,-0.011180226589130161
ridge,y_GLD,5,2024-12-17,-0.01918507783771295,-0.012109816669038083
ridge,y_GLD,6,2024-12-17,-0.01918507783771295,-0.011947083197643647
ridge,y_GLD,4,2024-12-18,0.0014210967336198976,0.010260003330216585
ridge,y_GLD,5,2024-12-18,0.0014210967336198976,0.011245034419186927
ridge,y_GLD,6,2024-12-18,0.0014210967336198976,0.011592919444055797
ridge,y_GLD,4,2024-12-19,0.010434056495473909,-0.053505278314892574
ridge,y_GLD,5,2024-12-19,0.010434056495473909,-0.047114736177704855
ridge,y_GLD,6,2024-12-19,0.010434056495473909,-0.037884275678210406
ridge,y_GLD,4,2024-12-23,0.001992014086009908,-0.005825087230979138
ridge,y_GLD,5,2024-12-23,0.001992014086009908,-0.00016233807045655242
ridge,y_GLD,6,2024-12-23,0.001992014086009908,0.0019621660418239054
ridge,y_GLD,4,2024-12-26,-0.0068705038771270655,-0.016207205092283974
ridge,y_GLD,5,2024-12-26,-0.0068705038771270655,-0.01359366972154525
ridge,y_GLD,6,2024-12-26,-0.0068705038771270655,-0.01695938022483327
ridge,y_GLD,5,2024-12-30,0.006233636577161361,-0.03273865687308397
ridge,y_GLD,6,2024-12-30,0.006233636577161361,-0.032089914002992735
ridge,y_GLD,7,2024-12-30,0.006233636577161361,-0.023521275452205042
ridge,y_GLD,5,2025-01-02,-0.007864039973028758,-0.005025725127972498
ridge,y_GLD,6,2025-01-02,-0.007864039973028758,-0.003475125795862764
ridge,y_GLD,7,2025-01-02,-0.007864039973028758,-0.0013490503510333765
ridge,y_GLD,5,2025-01-06,0.005633435188264091,0.020868309139074222
ridge,y_GLD,6,2025-01-06,0.005633435188264091,0.018148723463617324
ridge,y_GLD,7,2025-01-06,0.005633435188264091,0.013251923546859857
ridge,y_GLD,5,2025-01-07,0.005315681488124113,-0.0038140938068203277
ridge,y_GLD,6,2025-01-07,0.005315681488124113,-0.0028629834649647906
ridge,y_GLD,7,2025-01-07,0.005315681488124113,-0.0060042667763885406
ridge,y_GLD,5,2025-01-13,0.005249423200524239,-0.024915314240027128
ridge,y_GLD,6,2025-01-13,0.005249423200524239,-0.025559257576327817
ridge,y_GLD,7,2025-01-13,0.005249423200524239,-0.024828858711033176
ridge,y_GLD,5,2025-01-14,0.007488993695735191,-0.001146711612334781
ridge,y_GLD,6,2025-01-14,0.007488993695735191,-4.930012134382394e-05
ridge,y_GLD,7,2025-01-14,0.007488993695735191,0.002945259056743154
ridge,y_GLD,5,2025-01-15,0.006910965874952435,-0.051221835590400056
ridge,y_GLD,6,2025-01-15,0.006910965874952435,-0.0678507049873296
ridge,y_GLD,7,2025-01-15,0.006910965874952435,-0.059437833524553334
ridge,y_GLD,5,2025-01-16,-0.005307269747253374,-0.005271359672857571
ridge,y_GLD,6,2025-01-16,-0.005307269747253374,-0.008840255303040532
ridge,y_GLD,7,2025-01-16,-0.005307269747253374,-0.0037474660061478913
ridge,y_GLD,6,2025-01-21,0.005135652699768123,0.009111294043170185
ridge,y_GLD,7,2025-01-21,0.005135652699768123,0.007145830772470956
ridge,y_GLD,8,2025-01-21,0.005135652699768123,0.006629216001814261
ridge,y_GLD,6,2025-01-22,-0.0014148699521492336,-0.02001083995094177
ridge,y_GLD,7,2025-01-22,-0.0014148699521492336,-0.017425144292595784
ridge,y_GLD,8,2025-01-22,-0.0014148699521492336,-0.019908749905335494
ridge,y_GLD,6,2025-01-23,0.006218705580031125,-0.008534632558021471
ridge,y_GLD,7,2025-01-23,0.006218705580031125,-0.012827367749526452
ridge,y_GLD,8,2025-01-23,0.006218705580031125,-0.013761996125749626
ridge,y_GLD,6,2025-01-27,0.008656417783572623,0.05192061932526936
ridge,y_GLD,7,2025-01-27,0.008656417783572623,0.045041560845188754
ridge,y_GLD,8,2025-01-27,0.008656417783572623,0.04149024102123922
ridge,y_GLD,6,2025-01-28,-0.0038404097330004827,-0.0017389443000204586
ridge,y_GLD,7,2025-01-28,-0.0038404097330004827,-0.009286801104920594
ridge,y_GLD,8,2025-01-28,-0.0038404097330004827,-0.009851019127940258
ridge,y_GLD,6,2025-01-29,0.01514551884715587,0.05220778381201485
ridge,y_GLD,7,2025-01-29,0.01514551884715587,0.03898320179172189
ridge,y_GLD,8,2025-01-29,0.01514551884715587,0.038945111347354205
ridge,y_GLD,6,2025-01-30,0.0019763991077346166,-0.024168297641999157
ridge,y_GLD,7,2025-01-30,0.0019763991077346166,-0.02803860084036306
ridge,y_GLD,8,2025-01-30,0.0019763991077346166,-0.03101576545884038
ridge,y_GLD,6,2025-02-03,0.00984841707528572,-0.010725831787466243
ridge,y_GLD,7,2025-02-03,0.00984841707528572,-0.014679821470373049
ridge,y_GLD,8,2025-02-03,0.00984841707528572,-0.014526540250655227
ridge,y_GLD,6,2025-02-04,0.006209542410714253,-0.045395985054705684
ridge,y_GLD,7,2025-02-04,0.006209542410714253,-0.038720782813421
ridge,y_GLD,8,2025-02-04,0.006209542410714253,-0.0365736670062326
ridge,y_GLD,6,2025-02-05,-0.0026502562908058414,0.01364294187580095
ridge,y_GLD,7,2025-02-05,-0.0026502562908058414,0.004162573535752532
ridge,y_GLD,8,2025-02-05,-0.0026502562908058414,0.004261718945998984
ridge,y_GLD,6,2025-02-06,0.0017841598670260694,0.05755255239188983
ridge,y_GLD,7,2025-02-06,0.0017841598670260694,0.05915861758338716
ridge,y_GLD,8,2025-02-06,0.0017841598670260694,0.050800606849005114
ridge,y_GLD,7,2025-02-10,-0.0036516022155236305,0.0072370267939374355
ridge,y_GLD,8,2025-02-10,-0.0036516022155236305,0.005860494679324221
ridge,y_GLD,9,2025-02-10,-0.0036516022155236305,0.001613502023639388
ridge,y_GLD,7,2025-02-11,0.0010471549570203464,0.042976546581141646
ridge,y_GLD,8,2025-02-11,0.0010471549570203464,0.03941539735563488
ridge,y_GLD,9,2025-02-11,0.0010471549570203464,0.03564015795383409
ridge,y_GLD,7,2025-02-12,0.009862831092105395,0.016516101125988024
ridge,y_GLD,8,2025-02-12,0.009862831092105395,0.007044457925221701
ridge,y_GLD,9,2025-02-12,0.009862831092105395,0.00024631995707681173
ridge,y_GLD,7,2025-02-13,-0.014871773334245386,0.0626426658907838
ridge,y_GLD,8,2025-02-13,-0.014871773334245386,0.058857816499669
ridge,y_GLD,9,2025-02-13,-0.014871773334245386,0.031978450018483186
ridge,y_GLD,7,2025-02-18,0.000554096378723612,0.06873237927635983
ridge,y_GLD,8,2025-02-18,0.000554096378723612,0.06959316390370784
ridge,y_GLD,9,2025-02-18,0.000554096378723612,0.0520348189162064
ridge,y_GLD,7,2025-02-19,0.0005168326664386491,-0.04750724304922486
ridge,y_GLD,8,2025-02-19,0.0005168326664386491,-0.048726808257023815
ridge,y_GLD,9,2025-02-19,0.0005168326664386491,-0.049853962703324005
ridge,y_GLD,7,2025-02-20,-0.0009225433005247696,0.013923105892303085
ridge,y_GLD,8,2025-02-20,-0.0009225433005247696,0.012652129063394014
ridge,y_GLD,9,2025-02-20,-0.0009225433005247696,0.009865013494151628
ridge,y_GLD,7,2025-02-24,-0.013188334192659745,0.007058092875821495
ridge,y_GLD,8,2025-02-24,-0.013188334192659745,0.00805687226656966
ridge,y_GLD,9,2025-02-24,-0.013188334192659745,0.010409223145244628
ridge,y_GLD,7,2025-02-25,0.0015263333689308212,0.009833048548688186
ridge,y_GLD,8,2025-02-25,0.0015263333689308212,0.009554726565529918
ridge,y_GLD,9,2025-02-25,0.0015263333689308212,0.004264584849956036
ridge,y_GLD,7,2025-02-26,-0.015239958822878874,0.04435885380149631
ridge,y_GLD,8,2025-02-26,-0.015239958822878874,0.040022207354338986
ridge,y_GLD,9,2025-02-26,-0.015239958822878874,0.03837099438563445
ridge,y_GLD,7,2025-02-27,-0.006265820058134697,0.03100399702694214
ridge,y_GLD,8,2025-02-27,-0.006265820058134697,0.033027745845810336
ridge,y_GLD,9,2025-02-27,-0.006265820058134697,0.030118020125033996
ridge,y_GLD,8,2025-03-03,0.00869763593445505,-0.005032220498445097
ridge,y_GLD,9,2025-03-03,0.00869763593445505,-0.006794372758186281
ridge,y_GLD,10,2025-03-03,0.00869763593445505,-0.004695530296388728
ridge,y_GLD,8,2025-03-04,0.0020813110966890758,0.012439018850807688
ridge,y_GLD,9,2025-03-04,0.0020813110966890758,0.004960254541860133
ridge,y_GLD,10,2025-03-04,0.0020813110966890758,0.0037096228103582055
ridge,y_GLD,8,2025-03-05,-0.005081207410422395,0.001577469205231298
ridge,y_GLD,9,2025-03-05,-0.005081207410422395,0.001345196760786478
ridge,y_GLD,10,2025-03-05,-0.005081207410422395,0.002237558421314276
ridge,y_GLD,8,2025-03-06,0.0005219558189655249,0.025118577142395595
ridge,y_GLD,9,2025-03-06,0.0005219558189655249,0.030609208237759696
ridge,y_GLD,10,2025-03-06,0.0005219558189655249,0.020036120866949867
ridge,y_GLD,8,2025-03-10,0.011727541035094546,-0.019217774894058137
ridge,y_GLD,9,2025-03-10,0.011727541035094546,-0.012000710490723984
ridge,y_GLD,10,2025-03-10,0.011727541035094546,0.002960652746016741
ridge,y_GLD,8,2025-03-11,0.004346793335703092,-0.010349332031537761
ridge,y_GLD,9,2025-03-11,0.004346793335703092,-0.0024998419147778017
ridge,y_GLD,10,2025-03-11,0.004346793335703092,-0.009081928572983547
ridge,y_GLD,8,2025-03-12,0.017756144523255468,0.0092223427246248
ridge,y_GLD,9,2025-03-12,0.017756144523255468,0.008272075029598836
ridge,y_GLD,10,2025-03-12,0.017756144523255468,0.004365753038699029
ridge,y_GLD,8,2025-03-13,0.00039975774946587883,0.00850137616765565
ridge,y_GLD,9,2025-03-13,0.00039975774946587883,0.00905914975666764
ridge,y_GLD,10,2025-03-13,0.00039975774946587883,0.00813660964162166
ridge,y_GLD,8,2025-03-17,0.011671955843306048,-0.017382847918355638
ridge,y_GLD,9,2025-03-17,0.011671955843306048,-0.01743781611807112
ridge,y_GLD,10,2025-03-17,0.011671955843306048,-0.01795076989899062
ridge,y_GLD,8,2025-03-18,0.004107707999658539,-0.0134471370281413
ridge,y_GLD,9,2025-03-18,0.004107707999658539,-0.01755098123932582
ridge,y_GLD,10,2025-03-18,0.004107707999658539,-0.014480334546410931
ridge,y_GLD,8,2025-03-19,-0.0012805854303336028,0.006589586769374755
ridge,y_GLD,9,2025-03-19,-0.0012805854303336028,0.008806069212656307
ridge,y_GLD,10,2025-03-19,-0.0012805854303336028,0.007237407858522182
ridge,y_GLD,8,2025-03-20,-0.008049901213267985,0.012784422870194153
ridge,y_GLD,9,2025-03-20,-0.008049901213267985,0.0052092120276033
ridge,y_GLD,10,2025-03-20,-0.008049901213267985,0.0019259832096705709
ridge,y_GLD,9,2025-03-24,0.004400365088198743,0.004435636351113181
ridge,y_GLD,10,2025-03-24,0.004400365088198743,0.004110762250498312
ridge,y_GLD,11,2025-03-24,0.004400365088198743,0.0030002793366262818
ridge,y_GLD,9,2025-03-25,-0.0008259812019960622,0.04168529047615423
ridge,y_GLD,10,2025-03-25,-0.0008259812019960622,0.030631780022078302
ridge,y_GLD,11,2025-03-25,-0.0008259812019960622,0.035057593986029936
ridge,y_GLD,9,2025-03-26,0.013405732882559862,0.0012580837387557767
ridge,y_GLD,10,2025-03-26,0.013405732882559862,0.0017335367104464906
ridge,y_GLD,11,2025-03-26,0.013405732882559862,0.0025012052339741754
ridge,y_GLD,9,2025-03-27,0.007412123023167627,0.02380622923629241
ridge,y_GLD,10,2025-03-27,0.007412123023167627,0.014326482150080201
ridge,y_GLD,11,2025-03-27,0.007412123023167627,0.02483783363122799
ridge,y_GLD,9,2025-03-31,-0.0019782303576065807,-0.013404152662564709
ridge,y_GLD,10,2025-03-31,-0.0019782303576065807,-0.006805343340195681
ridge,y_GLD,11,2025-03-31,-0.0019782303576065807,-0.003096284980582224
ridge,y_GLD,9,2025-04-01,0.0020516615880092903,-0.008208804503226119
ridge,y_GLD,10,2025-04-01,0.0020516615880092903,-0.017253345224472874
ridge,y_GLD,11,2025-04-01,0.0020516615880092903,0.00949684677807377
ridge,y_GLD,9,2025-04-02,-0.006038278082531101,0.01662931943658003
ridge,y_GLD,10,2025-04-02,-0.006038278082531101,0.015506444128950612
ridge,y_GLD,11,2025-04-02,-0.006038278082531101,0.02000057508264809
ridge,y_GLD,9,2025-04-03,-0.02339226273628292,-0.02349019491174401
ridge,y_GLD,10,2025-04-03,-0.02339226273628292,-0.020239158255008608
ridge,y_GLD,11,2025-04-03,-0.02339226273628292,-0.01563777354306809
ridge,y_GLD,9,2025-04-07,0.005443793790763651,0.02235629551469703
ridge,y_GLD,10,2025-04-07,0.005443793790763651,0.017824005976907673
ridge,y_GLD,11,2025-04-07,0.005443793790763651,0.021575365792358605
ridge,y_GLD,9,2025-04-08,0.03699125081478161,-0.0031022573965672293
ridge,y_GLD,10,2025-04-08,0.03699125081478161,-0.006691564111677072
ridge,y_GLD,11,2025-04-08,0.03699125081478161,-0.011998055281761432
ridge,y_GLD,9,2025-04-09,0.0244235794430141,-0.005672514334246701
ridge,y_GLD,10,2025-04-09,0.0244235794430141,-0.004229052379288462
ridge,y_GLD,11,2025-04-09,0.0244235794430141,-0.003547205249866481
ridge,y_GLD,9,2025-04-10,0.019086664805096243,-0.008754176788389285
ridge,y_GLD,10,2025-04-10,0.019086664805096243,-0.006115914076668872
ridge,y_GLD,11,2025-04-10,0.019086664805096243,-0.000656041764739513
ridge,y_GLD,10,2025-04-14,0.005232379352138938,-0.0012217751493628698
ridge,y_GLD,11,2025-04-14,0.005232379352138938,0.003801104497236117
ridge,y_GLD,12,2025-04-14,0.005232379352138938,0.014714083230220356
ridge,y_GLD,10,2025-04-15,0.0325408102664011,0.025151096074169314
ridge,y_GLD,11,2025-04-15,0.0325408102664011,0.025331431252204186
ridge,y_GLD,12,2025-04-15,0.0325408102664011,0.023299304423238253
ridge,y_GLD,10,2025-04-16,-0.004390692094044635,0.035502776966985956
ridge,y_GLD,11,2025-04-16,-0.004390692094044635,0.03983072735102469
ridge,y_GLD,12,2025-04-16,-0.004390692094044635,0.03401180637986888
ridge,y_GLD,10,2025-04-21,-0.014195668551963636,-0.004722313937835806
ridge,y_GLD,11,2025-04-21,-0.014195668551963636,-0.0013117864013964906
ridge,y_GLD,12,2025-04-21,-0.014195668551963636,-0.003921286500777412
ridge,y_GLD,10,2025-04-22,-0.023978630729734163,-0.01240720608960901
ridge,y_GLD,11,2025-04-22,-0.023978630729734163,-0.005636603819471773
ridge,y_GLD,12,2025-04-22,-0.023978630729734163,-0.006452157835926685
ridge,y_GLD,10,2025-04-23,0.014556277018207942,0.017364888215796716
ridge,y_GLD,11,2025-04-23,0.014556277018207942,0.018059250761098385
ridge,y_GLD,12,2025-04-23,0.014556277018207942,0.012521783045940907
ridge,y_GLD,10,2025-04-24,-0.010841679678267213,0.0024849108387774185
ridge,y_GLD,11,2025-04-24,-0.010841679678267213,0.0019679497197348118
ridge,y_GLD,12,2025-04-24,-0.010841679678267213,0.0015373086755579696
ridge,y_GLD,10,2025-04-28,-0.009738925467677295,-0.01043337551929023
ridge,y_GLD,11,2025-04-28,-0.009738925467677295,-0.009327192763456116
ridge,y_GLD,12,2025-04-28,-0.009738925467677295,-0.007869759981014574
ridge,y_GLD,10,2025-04-29,-0.007482221012837242,-0.007932026062704137
ridge,y_GLD,11,2025-04-29,-0.007482221012837242,-0.01160880322944942
ridge,y_GLD,12,2025-04-29,-0.007482221012837242,-0.012555000824666821
ridge,y_GLD,10,2025-04-30,-0.02077228754256477,0.00778743741586886
ridge,y_GLD,11,2025-04-30,-0.02077228754256477,0.00774880983404088
ridge,y_GLD,12,2025-04-30,-0.02077228754256477,0.006291982748511409
ridge,y_GLD,10,2025-05-01,0.0017481999132260562,-0.03417380145155037
ridge,y_GLD,11,2025-05-01,0.0017481999132260562,-0.07489828503922952
ridge,y_GLD,12,2025-05-01,0.0017481999132260562,-0.07205581630457283
ridge,y_GLD,11,2025-05-05,0.02802400275899264,0.0064199032878685235
ridge,y_GLD,12,2025-05-05,0.02802400275899264,0.007548569302623226
ridge,y_GLD,13,2025-05-05,0.02802400275899264,0.020077747596711465
ridge,y_GLD,11,2025-05-06,-0.014993060801348546,-0.02226518738997067
ridge,y_GLD,12,2025-05-06,-0.014993060801348546,-0.0189076130742908
ridge,y_GLD,13,2025-05-06,-0.014993060801348546,-0.02980128517373523
ridge,y_GLD,11,2025-05-07,-0.0196942722998793,-0.007837224392431763
ridge,y_GLD,12,2025-05-07,-0.0196942722998793,-0.00942426755973689
ridge,y_GLD,13,2025-05-07,-0.0196942722998793,-0.011883132017862194
ridge,y_GLD,11,2025-05-08,0.007254674259445482,0.01469863309197396
ridge,y_GLD,12,2025-05-08,0.007254674259445482,0.012273852323920526
ridge,y_GLD,13,2025-05-08,0.007254674259445482,0.024088733003376165
ridge,y_GLD,11,2025-05-12,0.004258992599597278,0.002050412818836945
ridge,y_GLD,12,2025-05-12,0.004258992599597278,0.003641965399649365
ridge,y_GLD,13,2025-05-12,0.004258992599597278,0.0016510613898777825
ridge,y_GLD,11,2025-05-13,-0.021037827999516923,-0.0001553753524198752
ridge,y_GLD,12,2025-05-13,-0.021037827999516923,-0.00061562762556508
ridge,y_GLD,13,2025-05-13,-0.021037827999516923,0.0012768464123360103
ridge,y_GLD,11,2025-05-14,0.015963953531585195,-0.022229875441022402
ridge,y_GLD,12,2025-05-14,0.015963953531585195,-0.02260925972465775
ridge,y_GLD,13,2025-05-14,0.015963953531585195,-0.02054140092659212
ridge,y_GLD,11,2025-05-15,-0.012087047232674286,0.006358678572157725
ridge,y_GLD,12,2025-05-15,-0.012087047232674286,0.004437605623990119
ridge,y_GLD,13,2025-05-15,-0.012087047232674286,0.004476726466855237
ridge,y_GLD,11,2025-05-19,0.0186222454642182,-0.010430384971567194
ridge,y_GLD,12,2025-05-19,0.0186222454642182,-0.014779657527444888
ridge,y_GLD,13,2025-05-19,0.0186222454642182,-0.012843648822589168
ridge,y_GLD,11,2025-05-20,0.007378683875855163,0.027972071768462215
ridge,y_GLD,12,2025-05-20,0.007378683875855163,0.027459736737507505
ridge,y_GLD,13,2025-05-20,0.007378683875855163,0.02612921024866431
ridge,y_GLD,11,2025-05-21,-0.008861493387459118,-0.02405990154944483
ridge,y_GLD,12,2025-05-21,-0.008861493387459118,-0.018813029243357118
ridge,y_GLD,13,2025-05-21,-0.008861493387459118,-0.028686956281164668
ridge,y_GLD,11,2025-05-22,0.021906288045034472,0.04002579002082776
ridge,y_GLD,12,2025-05-22,0.021906288045034472,0.030037042106688512
ridge,y_GLD,13,2025-05-22,0.021906288045034472,0.03353492860698046
ridge,y_GLD,12,2025-05-27,-0.002266017869971493,0.0036624001673697055
ridge,y_GLD,13,2025-05-27,-0.002266017869971493,0.007370099312386267
ridge,y_GLD,14,2025-05-27,-0.002266017869971493,0.008943959245461517
ridge,y_GLD,12,2025-05-28,0.0059247154716219885,0.001124286371440505
ridge,y_GLD,13,2025-05-28,0.0059247154716219885,0.0022322527680164505
ridge,y_GLD,14,2025-05-28,0.0059247154716219885,-0.0030197612134114935
ridge,y_GLD,12,2025-05-29,-0.006576942326457891,0.005368291869410399
ridge,y_GLD,13,2025-05-29,-0.006576942326457891,0.00855216872437815
ridge,y_GLD,14,2025-05-29,-0.006576942326457891,0.010586136825309834
ridge,y_GLD,12,2025-06-02,-0.008855551213511115,-0.0030666997458018057
ridge,y_GLD,13,2025-06-02,-0.008855551213511115,-0.008394994075854234
ridge,y_GLD,14,2025-06-02,-0.008855551213511115,-0.008023575690090955
ridge,y_GLD,12,2025-06-03,0.006441974072654677,0.01776305811140663
ridge,y_GLD,13,2025-06-03,0.006441974072654677,0.012110072317002441
ridge,y_GLD,14,2025-06-03,0.006441974072654677,0.013564087621455053
ridge,y_GLD,12,2025-06-04,-0.00504987891618125,0.010487829723131677
ridge,y_GLD,13,2025-06-04,-0.00504987891618125,0.012550273579310158
ridge,y_GLD,14,2025-06-04,-0.00504987891618125,0.011647970013157956
ridge,y_GLD,12,2025-06-05,-0.013416073696802311,0.009163444303522854
ridge,y_GLD,13,2025-06-05,-0.013416073696802311,0.008761091992306104
ridge,y_GLD,14,2025-06-05,-0.013416073696802311,0.007689474237002842
ridge,y_GLD,12,2025-06-09,0.000293510988597534,-0.01656268554682109
ridge,y_GLD,13,2025-06-09,0.000293510988597534,-0.008148881083534915
ridge,y_GLD,14,2025-06-09,0.000293510988597534,-0.003677002770157361
ridge,y_GLD,12,2025-06-10,0.005412290790508978,0.0040044989033002805
ridge,y_GLD,13,2025-06-10,0.005412290790508978,0.004154361076373009
ridge,y_GLD,14,2025-06-10,0.005412290790508978,0.0042813667475218664
ridge,y_GLD,12,2025-06-11,0.0124202002480438,-0.01943746094243497
ridge,y_GLD,13,2025-06-11,0.0124202002480438,-0.015190527927313735
ridge,y_GLD,14,2025-06-11,0.0124202002480438,-0.015896733679859016
ridge,y_GLD,12,2025-06-12,0.013100564311248064,0.0006205429755073086
ridge,y_GLD,13,2025-06-12,0.013100564311248064,0.00126807923315234
ridge,y_GLD,14,2025-06-12,0.013100564311248064,-0.0014944250423498068
ridge,y_GLD,13,2025-07-02,-0.006822911403597365,0.007862607396780137
ridge,y_GLD,14,2025-07-02,-0.006822911403597365,0.012084585105801918
ridge,y_GLD,15,2025-07-02,-0.006822911403597365,0.01248425667023976
ridge,y_GLD,13,2025-07-07,-0.010443411868664265,-0.0013239231632103414
ridge,y_GLD,14,2025-07-07,-0.010443411868664265,-0.001743794252832371
ridge,y_GLD,15,2025-07-07,-0.010443411868664265,-4.792607500977346e-05
ridge,y_GLD,13,2025-07-08,0.004471282664348264,0.0222357450097001
ridge,y_GLD,14,2025-07-08,0.004471282664348264,0.019119170199270782
ridge,y_GLD,15,2025-07-08,0.004471282664348264,0.015385286139721585
ridge,y_GLD,13,2025-07-09,0.0022257895319868215,0.0053614711274978
ridge,y_GLD,14,2025-07-09,0.0022257895319868215,0.005372591349246618
ridge,y_GLD,15,2025-07-09,0.0022257895319868215,0.005372903843892616
ridge,y_GLD,13,2025-07-10,0.009601575193336043,0.023558785250611555
ridge,y_GLD,14,2025-07-10,0.009601575193336043,0.01822876017451018
ridge,y_GLD,15,2025-07-10,0.009601575193336043,0.01743893734718314
ridge,y_GLD,13,2025-07-14,-0.004155705135267751,0.009666968857057862
ridge,y_GLD,14,2025-07-14,-0.004155705135267751,0.007577203887818392
ridge,y_GLD,15,2025-07-14,-0.004155705135267751,0.005142358595923978
ridge,y_GLD,13,2025-07-15,0.004988096125243757,0.008425128641956372
ridge,y_GLD,14,2025-07-15,0.004988096125243757,0.012366543502735784
ridge,y_GLD,15,2025-07-15,0.004988096125243757,0.014602189669425805
ridge,y_GLD,13,2025-07-16,-0.0021735334020257513,-0.0064165686124566315
ridge,y_GLD,14,2025-07-16,-0.0021735334020257513,-0.006148656965993269
ridge,y_GLD,15,2025-07-16,-0.0021735334020257513,-0.003372274511991807
ridge,y_GLD,13,2025-07-17,0.002600924347578637,0.0313175375150568
ridge,y_GLD,14,2025-07-17,0.002600924347578637,0.03267627110617628
ridge,y_GLD,15,2025-07-17,0.002600924347578637,0.030846400772225942
ridge,y_GLD,13,2025-07-21,0.009484882235462067,0.000707118815982936
ridge,y_GLD,14,2025-07-21,0.009484882235462067,0.0010759476418493751
ridge,y_GLD,15,2025-07-21,0.009484882235462067,0.0015767935269985504
ridge,y_GLD,13,2025-07-22,-0.01240118112003663,0.001775650629313732
ridge,y_GLD,14,2025-07-22,-0.01240118112003663,0.00011210307233987292
ridge,y_GLD,15,2025-07-22,-0.01240118112003663,0.00019204448217116242
ridge,y_GLD,13,2025-07-23,-0.006118276977772341,0.014630041727456104
ridge,y_GLD,14,2025-07-23,-0.006118276977772341,0.014465609913119609
ridge,y_GLD,15,2025-07-23,-0.006118276977772341,0.014437679150969303
ridge,y_GLD,14,2025-07-24,-0.0092499926477293,0.013433040622136912
ridge,y_GLD,15,2025-07-24,-0.0092499926477293,0.013576767002250542
ridge,y_GLD,16,2025-07-24,-0.0092499926477293,0.012328102117219878
ridge,y_GLD,14,2025-07-28,0.002750389076383808,0.002152799863614604
ridge,y_GLD,15,2025-07-28,0.002750389076383808,-0.001103704712680735
ridge,y_GLD,16,2025-07-28,0.002750389076383808,0.002339133511901069
ridge,y_GLD,14,2025-07-29,-0.017273497289540862,-0.009716486747235152
ridge,y_GLD,15,2025-07-29,-0.017273497289540862,-0.008231714159244286
ridge,y_GLD,16,2025-07-29,-0.017273497289540862,-0.007983804537538882
ridge,y_GLD,14,2025-07-30,0.0066454015709211944,-0.006653483171700597
ridge,y_GLD,15,2025-07-30,0.0066454015709211944,-0.008549232731382722
ridge,y_GLD,16,2025-07-30,0.0066454015709211944,-0.009662231787770884
ridge,y_GLD,14,2025-07-31,0.020299689958884537,-0.012043070796561858
ridge,y_GLD,15,2025-07-31,0.020299689958884537,-0.014459818730789687
ridge,y_GLD,16,2025-07-31,0.020299689958884537,-0.010958201045178566
ridge,y_GLD,14,2025-08-04,0.0008040912066364925,0.00164665687085398
ridge,y_GLD,15,2025-08-04,0.0008040912066364925,0.0003429751223166833
ridge,y_GLD,16,2025-08-04,0.0008040912066364925,0.0008254403453728148
ridge,y_GLD,14,2025-08-05,-0.00212110700071233,-0.013105093539735187
ridge,y_GLD,15,2025-08-05,-0.00212110700071233,-0.010657245770440778
ridge,y_GLD,16,2025-08-05,-0.00212110700071233,-0.00830856614904892
ridge,y_GLD,14,2025-08-06,0.008437987494967825,-0.001203491952926197
ridge,y_GLD,15,2025-08-06,0.008437987494967825,-0.003106833209558451
ridge,y_GLD,16,2025-08-06,0.008437987494967825,-0.0017716853283700285
ridge,y_GLD,14,2025-08-07,-0.00022357985855403495,0.006351001018709983
ridge,y_GLD,15,2025-08-07,-0.00022357985855403495,0.008427988441574212
ridge,y_GLD,16,2025-08-07,-0.00022357985855403495,0.008367166214456535
ridge,y_GLD,14,2025-08-11,-0.0009074665058316222,0.003941947266985701
ridge,y_GLD,15,2025-08-11,-0.0009074665058316222,0.004725877971455407
ridge,y_GLD,16,2025-08-11,-0.0009074665058316222,0.0038058694038541983
ridge,y_GLD,14,2025-08-12,0.0030492830145867345,-0.007841131913859727
ridge,y_GLD,15,2025-08-12,0.0030492830145867345,-0.011686261756732015
ridge,y_GLD,16,2025-08-12,0.0030492830145867345,-0.010326285429222551
ridge,y_GLD,15,2025-08-13,-0.006338706734070332,0.003314027888073073
ridge,y_GLD,16,2025-08-13,-0.006338706734070332,0.004642271582898596
ridge,y_GLD,17,2025-08-13,-0.006338706734070332,0.0009378788631305174
ridge,y_GLD,15,2025-08-14,0.0005858183101099534,0.0019134705246990184
ridge,y_GLD,16,2025-08-14,0.0005858183101099534,0.0016761413047095433
ridge,y_GLD,17,2025-08-14,0.0005858183101099534,0.003914745893448204
ridge,y_GLD,15,2025-08-18,-0.005473279447945512,-0.003531733811353327
ridge,y_GLD,16,2025-08-18,-0.005473279447945512,-0.0017834776932050518
ridge,y_GLD,17,2025-08-18,-0.005473279447945512,-0.0014217803228828531
ridge,y_GLD,15,2025-08-19,0.010122175284489776,0.01358587044767182
ridge,y_GLD,16,2025-08-19,0.010122175284489776,0.010579523567532032
ridge,y_GLD,17,2025-08-19,0.010122175284489776,0.010103517055946205
ridge,y_GLD,15,2025-08-20,-0.0034698951143765644,0.004830105983165599
ridge,y_GLD,16,2025-08-20,-0.0034698951143765644,0.0036193318117935026
ridge,y_GLD,17,2025-08-20,-0.0034698951143765644,0.0043227152857267
ridge,y_GLD,15,2025-08-21,0.01070642694476942,-0.001016005811158669
ridge,y_GLD,16,2025-08-21,0.01070642694476942,-0.0017367804556387059
ridge,y_GLD,17,2025-08-21,0.01070642694476942,-0.002622374556020781
ridge,y_GLD,15,2025-08-25,0.007262047243691283,0.0002093866511092855
ridge,y_GLD,16,2025-08-25,0.007262047243691283,-0.0008008427349843268
ridge,y_GLD,17,2025-08-25,0.007262047243691283,0.0023909920864781872
ridge,y_GLD,15,2025-08-26,0.0020187288833615202,-0.001776627778681074
ridge,y_GLD,16,2025-08-26,0.0020187288833615202,0.009241773373644591
ridge,y_GLD,17,2025-08-26,0.0020187288833615202,0.00860390918146402
ridge,y_GLD,15,2025-08-27,0.007419038046796889,-0.002547036020833055
ridge,y_GLD,16,2025-08-27,0.007419038046796889,-0.0003809866964817757
ridge,y_GLD,17,2025-08-27,0.007419038046796889,0.00038052203136774526
ridge,y_GLD,15,2025-08-28,0.00964990177666114,0.012639492243191861
ridge,y_GLD,16,2025-08-28,0.00964990177666114,0.013558896320686535
ridge,y_GLD,17,2025-08-28,0.00964990177666114,0.008948578745215858
ridge,y_GLD,15,2025-09-02,0.007831992196408066,0.00573507676431249
ridge,y_GLD,16,2025-09-02,0.007831992196408066,0.0032397353962797014
ridge,y_GLD,17,2025-09-02,0.007831992196408066,0.0025521760353780926
ridge,y_GLD,16,2025-09-03,-0.004418882618094533,0.008401723271136235
ridge,y_GLD,17,2025-09-03,-0.004418882618094533,0.007630762976202591
ridge,y_GLD,18,2025-09-03,-0.004418882618094533,0.0059344200314480275
ridge,y_GLD,16,2025-09-04,0.01334594055214322,-0.017239838081565737
ridge,y_GLD,17,2025-09-04,0.01334594055214322,-0.014971765877621402
ridge,y_GLD,18,2025-09-04,0.01334594055214322,-0.011297012868349936
ridge,y_GLD,16,2025-09-08,-0.002269905468609279,-0.00541379455031522
ridge,y_GLD,17,2025-09-08,-0.002269905468609279,-0.0045953888450145945
ridge,y_GLD,18,2025-09-08,-0.002269905468609279,-0.00381378111948593
ridge,y_GLD,16,2025-09-09,0.0035922056391106683,0.01472217317899306
ridge,y_GLD,17,2025-09-09,0.0035922056391106683,0.011956278928040565
ridge,y_GLD,18,2025-09-09,0.0035922056391106683,0.016166017859455355
ridge,y_GLD,16,2025-09-10,-0.0014913797811720864,-0.004834978675837442
ridge,y_GLD,17,2025-09-10,-0.0014913797811720864,-0.0071196273590564295
ridge,y_GLD,18,2025-09-10,-0.0014913797811720864,-0.0070061974781089435
ridge,y_GLD,16,2025-09-11,0.0019715725978484144,-0.015963913863603896
ridge,y_GLD,17,2025-09-11,0.0019715725978484144,-0.01791502199830851
ridge,y_GLD,18,2025-09-11,0.0019715725978484144,-0.0181492927197809
ridge,y_GLD,16,2025-09-15,0.0020064107533963593,-0.006249744685190005
ridge,y_GLD,17,2025-09-15,0.0020064107533963593,-0.007048626796938997
ridge,y_GLD,18,2025-09-15,0.0020064107533963593,-0.00619585930487363
ridge,y_GLD,16,2025-09-16,-0.007715171664187115,0.0033990877289442637
ridge,y_GLD,17,2025-09-16,-0.007715171664187115,0.0009734555603930672
ridge,y_GLD,18,2025-09-16,-0.007715171664187115,0.003367621249034829
ridge,y_GLD,16,2025-09-17,-0.0040063094596702875,0.02077563548573008
ridge,y_GLD,17,2025-09-17,-0.0040063094596702875,0.018335120170796856
ridge,y_GLD,18,2025-09-17,-0.0040063094596702875,0.018391099771686088
ridge,y_GLD,16,2025-09-18,0.010607227252210416,-0.015053943982673512
ridge,y_GLD,17,2025-09-18,0.010607227252210416,-0.014796768953552747
ridge,y_GLD,18,2025-09-18,0.010607227252210416,-0.023873137617669845
ridge,y_GLD,16,2025-09-22,0.004086375052867464,-0.012274158378387431
ridge,y_GLD,17,2025-09-22,0.004086375052867464,-0.015445373752293233
ridge,y_GLD,18,2025-09-22,0.004086375052867464,-0.021020885799054003
ridge,y_GLD,17,2025-09-23,-0.009063049726670935,0.006745678097448208
ridge,y_GLD,18,2025-09-23,-0.009063049726670935,0.005670686199863504
ridge,y_GLD,19,2025-09-23,-0.009063049726670935,0.0036463847803067466
ridge,y_GLD,17,2025-09-24,0.004165188877066628,0.07642511285537884
ridge,y_GLD,18,2025-09-24,0.004165188877066628,0.06605531960169844
ridge,y_GLD,19,2025-09-24,0.004165188877066628,0.04157938065554571
ridge,y_GLD,17,2025-09-25,0.00577227044053652,0.01190804436279016
ridge,y_GLD,18,2025-09-25,0.00577227044053652,0.013878500402250738
ridge,y_GLD,19,2025-09-25,0.00577227044053652,0.012404606909167004
ridge,y_GLD,17,2025-09-29,0.008540004081594166,-0.008679600324877709
ridge,y_GLD,18,2025-09-29,0.008540004081594166,-0.007834036804913203
ridge,y_GLD,19,2025-09-29,0.008540004081594166,-0.005236235647675387
ridge,y_GLD,17,2025-09-30,0.0015753722020723782,-0.04166899422587063
ridge,y_GLD,18,2025-09-30,0.0015753722020723782,-0.04212842071868579
ridge,y_GLD,19,2025-09-30,0.0015753722020723782,-0.039058279753364476
ridge,y_GLD,17,2025-10-01,-0.003482825151325697,0.0009265491992302511
ridge,y_GLD,18,2025-10-01,-0.003482825151325697,0.005522830130206149
ridge,y_GLD,19,2025-10-01,-0.003482825151325697,0.002423303251582974
ridge,y_GLD,17,2025-10-02,0.008032937892485048,-0.06782819682885027
ridge,y_GLD,18,2025-10-02,0.008032937892485048,-0.057818186383782735
ridge,y_GLD,19,2025-10-02,0.008032937892485048,-0.05119754364311128
ridge,y_GLD,17,2025-10-06,0.005159462258136571,-0.002602374467601444
ridge,y_GLD,18,2025-10-06,0.005159462258136571,-0.0028912060973045324
ridge,y_GLD,19,2025-10-06,0.005159462258136571,-0.002764203379128354
ridge,y_GLD,17,2025-10-07,0.01649095687844504,-0.009850101119900156
ridge,y_GLD,18,2025-10-07,0.01649095687844504,-0.009055311003424738
ridge,y_GLD,19,2025-10-07,0.01649095687844504,-0.00982686862410051
ridge,y_GLD,17,2025-10-08,-0.018452848086064955,-0.01683073911441971
ridge,y_GLD,18,2025-10-08,-0.018452848086064955,-0.017789446353053483
ridge,y_GLD,19,2025-10-08,-0.018452848086064955,-0.013675592203861598
ridge,y_GLD,17,2025-10-09,0.01009770001194199,-0.007364482545073854
ridge,y_GLD,18,2025-10-09,0.01009770001194199,-0.002686024553487995
ridge,y_GLD,19,2025-10-09,0.01009770001194199,-0.0019320005429421523
ridge,y_GLD,18,2025-10-13,0.007141189222626965,0.017005159905999927
ridge,y_GLD,19,2025-10-13,0.007141189222626965,0.01684151872287675
ridge,y_GLD,20,2025-10-13,0.007141189222626965,0.021772023385953125
ridge,y_GLD,18,2025-10-14,0.017332403569977117,0.012869965288913196
ridge,y_GLD,19,2025-10-14,0.017332403569977117,0.013091691825209341
ridge,y_GLD,20,2025-10-14,0.017332403569977117,0.012520921585392938
ridge,y_GLD,18,2025-10-15,0.02338727694573106,0.026190882933413703
ridge,y_GLD,19,2025-10-15,0.02338727694573106,0.01953533884354154
ridge,y_GLD,20,2025-10-15,0.02338727694573106,0.014526468706226476
ridge,y_GLD,18,2025-10-16,-0.01881705572696668,-0.037939857535606795
ridge,y_GLD,19,2025-10-16,-0.01881705572696668,-0.039367056858687244
ridge,y_GLD,20,2025-10-16,-0.01881705572696668,-0.03600799859914813
ridge,y_GLD,18,2025-10-20,-0.06426889260666147,0.011894718777186413
ridge,y_GLD,19,2025-10-20,-0.06426889260666147,0.010407904798917258
ridge,y_GLD,20,2025-10-20,-0.06426889260666147,0.009062986065365436
ridge,y_GLD,18,2025-10-21,0.00010605594835544352,0.0047287869404603
ridge,y_GLD,19,2025-10-21,0.00010605594835544352,0.0046017419362576655
ridge,y_GLD,20,2025-10-21,0.00010605594835544352,0.003716248817592836
ridge,y_GLD,18,2025-10-22,0.004002358382396931,0.005384466627038337
ridge,y_GLD,19,2025-10-22,0.004002358382396931,0.00984011892802237
ridge,y_GLD,20,2025-10-22,0.004002358382396931,0.009041786763059277
ridge,y_GLD,18,2025-10-23,-0.0033528327110016187,-0.002211280693510906
ridge,y_GLD,19,2025-10-23,-0.0033528327110016187,-0.0024127294138499645
ridge,y_GLD,20,2025-10-23,-0.0033528327110016187,-0.002764530869101071
ridge,y_GLD,18,2025-10-27,-0.007166030388359279,0.01436647960549001
ridge,y_GLD,19,2025-10-27,-0.007166030388359279,0.015348336728514163
ridge,y_GLD,20,2025-10-27,-0.007166030388359279,0.014269326617729243
ridge,y_GLD,18,2025-10-28,-0.0037872684129753864,0.007266362945874432
ridge,y_GLD,19,2025-10-28,-0.0037872684129753864,0.008352322800210442
ridge,y_GLD,20,2025-10-28,-0.0037872684129753864,0.006654390488559501
ridge,y_GLD,18,2025-10-29,0.01964188672951095,-0.006374002115531028
ridge,y_GLD,19,2025-10-29,0.01964188672951095,-0.007010532052955139
ridge,y_GLD,20,2025-10-29,0.01964188672951095,-0.007277997272592783
ridge,y_GLD,18,2025-10-30,-0.005430550723012573,0.015015667049137146
ridge,y_GLD,19,2025-10-30,-0.005430550723012573,0.01666536775266132
ridge,y_GLD,20,2025-10-30,-0.005430550723012573,0.01688167994147778
ridge,y_GLD,19,2025-11-03,-0.01751719582531963,0.025128518133494957
ridge,y_GLD,20,2025-11-03,-0.01751719582531963,0.025857887310994254
ridge,y_GLD,21,2025-11-03,-0.01751719582531963,0.026338157889356686
ridge,y_GLD,19,2025-11-04,0.011564369498526794,-0.034399427223274937
ridge,y_GLD,20,2025-11-04,0.011564369498526794,-0.032569235592618796
ridge,y_GLD,21,2025-11-04,0.011564369498526794,-0.030420511994298155
ridge,y_GLD,19,2025-11-05,-0.0012005195756796816,0.0011045079668107196
ridge,y_GLD,20,2025-11-05,-0.0012005195756796816,0.002702035188804778
ridge,y_GLD,21,2025-11-05,-0.0012005195756796816,0.0010252185344446292
ridge,y_GLD,19,2025-11-06,0.006119021470095687,-0.014285834018982584
ridge,y_GLD,20,2025-11-06,0.006119021470095687,-0.013005853736898228
ridge,y_GLD,21,2025-11-06,0.006119021470095687,-0.015192335561780118
ridge,y_GLD,19,2025-11-10,0.003937814406542062,-0.006402475089847923
ridge,y_GLD,20,2025-11-10,0.003937814406542062,-0.008438824533967618
ridge,y_GLD,21,2025-11-10,0.003937814406542062,-0.0051161594432467435
ridge,y_GLD,19,2025-11-11,0.016110762091908537,-0.025600774745173773
ridge,y_GLD,20,2025-11-11,0.016110762091908537,-0.020631045715434684
ridge,y_GLD,21,2025-11-11,0.016110762091908537,-0.023263967704035604
ridge,y_GLD,19,2025-11-12,-0.008083098515826892,-0.009778753925195786
ridge,y_GLD,20,2025-11-12,-0.008083098515826892,-0.008777901988017004
ridge,y_GLD,21,2025-11-12,-0.008083098515826892,-0.012601512960784886
ridge,y_GLD,19,2025-11-13,-0.018047911171504505,0.0017095529642885369
ridge,y_GLD,20,2025-11-13,-0.018047911171504505,0.0031201787961969343
ridge,y_GLD,21,2025-11-13,-0.018047911171504505,0.0008443500543213232
ridge,y_GLD,19,2025-11-17,0.007264932736103624,0.0015845789620124715
ridge,y_GLD,20,2025-11-17,0.007264932736103624,0.001028347175958543
ridge,y_GLD,21,2025-11-17,0.007264932736103624,0.0013477328338116997
ridge,y_GLD,19,2025-11-18,0.0016294519610446923,-0.002421897154267535
ridge,y_GLD,20,2025-11-18,0.0016294519610446923,-0.0025332096790634745
ridge,y_GLD,21,2025-11-18,0.0016294519610446923,-0.002090512023064677
ridge,y_GLD,19,2025-11-19,-0.0002933255655774847,0.00019253601896150146
ridge,y_GLD,20,2025-11-19,-0.0002933255655774847,-0.0004436762363097214
ridge,y_GLD,21,2025-11-19,-0.0002933255655774847,-0.0009989347953865075
ridge,y_GLD,19,2025-11-20,-0.0015473311468576778,-0.008539522996017016
ridge,y_GLD,20,2025-11-20,-0.0015473311468576778,-0.005602010517134112
ridge,y_GLD,21,2025-11-20,-0.0015473311468576778,-0.002425088722447338
ridge,y_GLD,20,2025-11-24,-0.0003156907704157108,0.00029911251581059983
ridge,y_GLD,21,2025-11-24,-0.0003156907704157108,0.0008290024980172708
ridge,y_GLD,22,2025-11-24,-0.0003156907704157108,0.0005508929804174541
ridge,y_GLD,20,2025-11-25,0.007998338908444147,0.00795720789835095
ridge,y_GLD,21,2025-11-25,0.007998338908444147,0.009110370092490824
ridge,y_GLD,22,2025-11-25,0.007998338908444147,0.009570933400345512
ridge,y_GLD,20,2025-12-01,-0.006440050713598433,0.0035797057328428882
ridge,y_GLD,21,2025-12-01,-0.006440050713598433,0.0040395529261357515
ridge,y_GLD,22,2025-12-01,-0.006440050713598433,0.005423193756739612
ridge,y_GLD,20,2025-12-02,-0.0009296182229129313,-0.0034842988560685167
ridge,y_GLD,21,2025-12-02,-0.0009296182229129313,0.0008985384975079735
ridge,y_GLD,22,2025-12-02,-0.0009296182229129313,0.0008008772050551946
ridge,y_GLD,20,2025-12-03,0.0006461951944911615,-0.00030602069666334426
ridge,y_GLD,21,2025-12-03,0.0006461951944911615,2.3605551681289195e-05
ridge,y_GLD,22,2025-12-03,0.0006461951944911615,0.0013123507205990933
ridge,y_GLD,20,2025-12-04,-0.0017823532991586566,0.005802872246587276
ridge,y_GLD,21,2025-12-04,-0.0017823532991586566,0.005913816862688452
ridge,y_GLD,22,2025-12-04,-0.0017823532991586566,0.007130424560995624
ridge,y_GLD,20,2025-12-08,0.005137202012788666,-0.06244690846589616
ridge,y_GLD,21,2025-12-08,0.005137202012788666,-0.06003266602333341
ridge,y_GLD,22,2025-12-08,0.005137202012788666,-0.03044694477482502
ridge,y_GLD,20,2025-12-09,0.00425914796716631,-0.001235067987769743
ridge,y_GLD,21,2025-12-09,0.00425914796716631,-0.003186291705423272
ridge,y_GLD,22,2025-12-09,0.00425914796716631,-0.0017084120205875593
ridge,y_GLD,20,2025-12-10,0.010769830543307712,0.003812125492185456
ridge,y_GLD,21,2025-12-10,0.010769830543307712,0.0052372856264089615
ridge,y_GLD,22,2025-12-10,0.010769830543307712,0.0024205164140507036
ridge,y_GLD,20,2025-12-11,0.005594579039939651,-0.018884845483724953
ridge,y_GLD,21,2025-12-11,0.005594579039939651,-0.016252636636347066
ridge,y_GLD,22,2025-12-11,0.005594579039939651,-0.019646386973510663
ridge,y_GLD,21,2025-12-15,0.00022745542760294057,-0.002895983641806241
ridge,y_GLD,22,2025-12-15,0.00022745542760294057,-0.002580965719808917
ridge,y_GLD,23,2025-12-15,0.00022745542760294057,-0.005936067853308192
ridge,y_GLD,21,2025-12-16,0.008588228474273762,-0.011446590150756738
ridge,y_GLD,22,2025-12-16,0.008588228474273762,-0.01425796682556814
ridge,y_GLD,23,2025-12-16,0.008588228474273762,-0.014583750561594621
ridge,y_GLD,21,2025-12-17,-0.0018032036998042456,0.0008459526803305042
ridge,y_GLD,22,2025-12-17,-0.0018032036998042456,0.0009913499889484191
ridge,y_GLD,23,2025-12-17,-0.0018032036998042456,0.0025529746316800966
ridge,y_GLD,21,2025-12-18,0.0011289903434379411,0.013160827491062864
ridge,y_GLD,22,2025-12-18,0.0011289903434379411,0.01323344492803291
ridge,y_GLD,23,2025-12-18,0.0011289903434379411,0.02036907344834938
ridge,y_GLD,21,2025-12-23,-0.004134082564786645,0.026475589333969398
ridge,y_GLD,22,2025-12-23,-0.004134082564786645,0.024699210469787965
ridge,y_GLD,23,2025-12-23,-0.004134082564786645,0.02672619925931311
ridge,y_GLD,21,2025-12-29,0.0007275678386380324,0.003584866524750742
ridge,y_GLD,22,2025-12-29,0.0007275678386380324,0.003445730285111579
ridge,y_GLD,23,2025-12-29,0.0007275678386380324,0.002399165495244926
ridge,y_GLD,21,2025-12-30,-0.006467991163222386,0.010457250507342501
ridge,y_GLD,22,2025-12-30,-0.006467991163222386,0.009011636423492267
ridge,y_GLD,23,2025-12-30,-0.006467991163222386,0.009996508670931447
ridge,y_GLD,22,2026-01-05,0.010813149047262716,3.1288272658523664e-05
ridge,y_GLD,23,2026-01-05,0.010813149047262716,0.004685657946901815
ridge,y_GLD,24,2026-01-05,0.010813149047262716,-0.0017584788471685328
ridge,y_GLD,22,2026-01-06,-0.009559953917112063,0.006256799940822515
ridge,y_GLD,23,2026-01-06,-0.009559953917112063,0.0030861552877462185
ridge,y_GLD,24,2026-01-06,-0.009559953917112063,0.0019565241490492784
ridge,y_GLD,22,2026-01-07,0.005522515913727544,-0.0005811121272750276
ridge,y_GLD,23,2026-01-07,0.005522515913727544,0.0026390005523442136
ridge,y_GLD,24,2026-01-07,0.005522515913727544,0.0011391576186271268
ridge,y_GLD,22,2026-01-08,0.007242001159325273,-0.006007644468725958
ridge,y_GLD,23,2026-01-08,0.007242001159325273,-0.0069354447035883445
ridge,y_GLD,24,2026-01-08,0.007242001159325273,-0.008878404132366798
ridge,y_GLD,22,2026-01-12,-0.0014210408732292512,0.008533923418290776
ridge,y_GLD,23,2026-01-12,-0.0014210408732292512,0.006378548397536257
ridge,y_GLD,24,2026-01-12,-0.0014210408732292512,0.00554608010478254
ridge,y_GLD,22,2026-01-13,0.010222226854542216,-0.0028721968512002032
ridge,y_GLD,23,2026-01-13,0.010222226854542216,-0.00206895609960763
ridge,y_GLD,24,2026-01-13,0.010222226854542216,-0.0016484602901288606
ridge,y_GLD,22,2026-01-14,-0.0061276608305878,0.01780973887412332
ridge,y_GLD,23,2026-01-14,-0.0061276608305878,0.018414679188912556
ridge,y_GLD,24,2026-01-14,-0.0061276608305878,0.0169692749035674
ridge,y_GLD,22,2026-01-15,-0.004818883830700504,-0.021808483626022883
ridge,y_GLD,23,2026-01-15,-0.004818883830700504,-0.016712441191854343
ridge,y_GLD,24,2026-01-15,-0.004818883830700504,-0.015186618255742733
ridge,y_GLD,22,2026-01-21,0.01846258414950319,0.003871528312890047
ridge,y_GLD,23,2026-01-21,0.01846258414950319,0.002620577442964637
ridge,y_GLD,24,2026-01-21,0.01846258414950319,0.002101017569005911
ridge,y_GLD,22,2026-01-22,0.013745304981574558,0.008122214534638544
ridge,y_GLD,23,2026-01-22,0.013745304981574558,0.010211453587085067
ridge,y_GLD,24,2026-01-22,0.013745304981574558,0.010771623479650777
ridge,y_GLD,23,2026-01-26,0.02453194232197564,-0.005856584243565963
ridge,y_GLD,24,2026-01-26,0.02453194232197564,-0.006929146435343378
ridge,y_GLD,23,2026-01-27,0.038773348494905324,0.009538577903821292
ridge,y_GLD,24,2026-01-27,0.038773348494905324,0.006877029870147397
ridge,y_GLD,23,2026-01-28,0.0027094717415592218,-0.012623118597255255
ridge,y_GLD,24,2026-01-28,0.0027094717415592218,-0.01169134670258238
ridge,y_GLD,23,2026-01-29,-0.10274245274560034,-0.013102065460540404
ridge,y_GLD,24,2026-01-29,-0.10274245274560034,-0.012644225419922793
ridge,y_GLD,23,2026-02-02,0.06358720612372104,-0.0014351540868090037
ridge,y_GLD,24,2026-02-02,0.06358720612372104,-0.002344052167494077
ridge,y_GLD,23,2026-02-03,-0.0007044119795716064,0.0013105556832464064
ridge,y_GLD,24,2026-02-03,-0.0007044119795716064,0.0039113076817633395
ridge,y_GLD,23,2026-02-04,-0.026631707613677613,0.005347032103852969
ridge,y_GLD,24,2026-02-04,-0.026631707613677613,0.006272472532671467
ridge,y_GLD,23,2026-02-05,0.03073229479090611,0.01290813423126732
ridge,y_GLD,24,2026-02-05,0.03073229479090611,0.014233248223343781
ridge,y_GLD,23,2026-02-09,-0.009913720520981939,0.005433860720231771
ridge,y_GLD,24,2026-02-09,-0.009913720520981939,0.004887419505560013
ridge,y_GLD,23,2026-02-10,0.011310577541873812,0.0066016938297013385
ridge,y_GLD,24,2026-02-10,0.011310577541873812,0.006631614168675703
ridge,y_GLD,23,2026-02-11,-0.03472828959819363,0.006407521623870504
ridge,y_GLD,24,2026-02-11,-0.03472828959819363,0.0067249880495943975
ridge,y_GLD,23,2026-02-12,0.024878663914389865,0.009131206443063197
ridge,y_GLD,24,2026-02-12,0.024878663914389865,0.010612755183331313
ridge,y_GLD,24,2026-02-17,0.022489929267582198,0.006101368347943777
ridge,y_GLD,24,2026-02-18,0.0027930496262249527,-0.012035714256422208
ridge,y_GLD,24,2026-02-19,0.019714504323102178,0.0035868063731319647
ridge,y_GLD,24,2026-02-23,-0.01385890426498504,0.00918772758249581
ridge,y_GLD,24,2026-02-24,-0.0025072627221415233,-0.015248420986725625
ridge,y_GLD,24,2026-02-25,0.008575889154321725,0.011995687643442561
ridge,y_GLD,24,2026-02-26,0.01313141674919538,-0.008248115273880134
ridge,y_GLD,24,2026-03-02,-0.04461221500318879,0.002503268764900774
ridge,y_GLD,24,2026-03-03,0.007818116439543887,-0.0027907122435087235
ridge,y_GLD,24,2026-03-04,-0.012017768242597704,0.03823840843786008
ridge,y_GLD,24,2026-03-05,0.01583250339069653,0.0020167473969263513
ridge,y_TLT,0,2024-08-05,-0.022368550889996675,0.0039684492358263955
ridge,y_TLT,0,2024-08-06,-0.007039945492178679,0.009356301221312946
ridge,y_TLT,0,2024-08-07,-0.006151853499033244,0.02164740301772637
ridge,y_TLT,0,2024-08-08,0.00986178206100674,-0.021703241021343668
ridge,y_TLT,0,2024-08-12,0.006935122929059956,0.0065757592171654935
ridge,y_TLT,0,2024-08-13,0.006270521022239128,-0.006088979402932989
ridge,y_TLT,0,2024-08-14,-0.008070343520724332,-0.007217035570540131
ridge,y_TLT,0,2024-08-15,0.0035014424876782524,-0.00901267156604656
ridge,y_TLT,0,2024-08-19,0.007968164045019321,-0.00899164169129519
ridge,y_TLT,0,2024-08-20,0.0006079821175304367,0.09898634104882104
ridge,y_TLT,0,2024-08-21,-0.009925829403327091,0.010901817422380099
ridge,y_TLT,0,2024-08-22,0.006547180757068949,0.007670493911069647
ridge,y_TLT,0,2024-08-26,-0.0017321272201223925,-0.01485335027799874
ridge,y_TLT,1,2024-08-26,-0.0017321272201223925,-0.011035961964665168
ridge,y_TLT,0,2024-08-27,-0.0012249025003615577,-0.0057277506726227615
ridge,y_TLT,1,2024-08-27,-0.0012249025003615577,-0.012159445125216701
ridge,y_TLT,0,2024-08-28,-0.003270162266437837,-0.019842591107853833
ridge,y_TLT,1,2024-08-28,-0.003270162266437837,-0.017719257730621458
ridge,y_TLT,0,2024-08-29,-0.010663461876560532,-0.0408559883328032
ridge,y_TLT,1,2024-08-29,-0.010663461876560532,-0.04122425999723694
ridge,y_TLT,0,2024-09-03,0.012889861184252949,-0.0003020073987438694
ridge,y_TLT,1,2024-09-03,0.012889861184252949,-0.00034750116606856635
ridge,y_TLT,0,2024-09-04,0.00565590486216605,0.00674645910570461
ridge,y_TLT,1,2024-09-04,0.00565590486216605,-7.51192613315693e-05
ridge,y_TLT,0,2024-09-05,-0.00010045655008983356,-0.013549078335090236
ridge,y_TLT,1,2024-09-05,-0.00010045655008983356,-0.010532839659163996
ridge,y_TLT,0,2024-09-09,0.007000793032513997,-0.033120080577558
ridge,y_TLT,1,2024-09-09,0.007000793032513997,-0.02999526735128615
ridge,y_TLT,0,2024-09-10,-0.0007946322273765238,0.00422210238830823
ridge,y_TLT,1,2024-09-10,-0.0007946322273765238,0.007554914484303595
ridge,y_TLT,0,2024-09-11,-0.004671519738422836,-0.003685784944494001
ridge,y_TLT,1,2024-09-11,-0.004671519738422836,-0.003726436795578663
ridge,y_TLT,0,2024-09-12,0.0026962379698411976,-0.001461463821652052
ridge,y_TLT,1,2024-09-12,0.0026962379698411976,0.012342236959216667
ridge,y_TLT,2,2024-09-12,0.0026962379698411976,0.010605861114565693
ridge,y_TLT,0,2024-09-16,-0.004835669483926441,-0.1321104599007145
ridge,y_TLT,1,2024-09-16,-0.004835669483926441,-0.11241726907682953
ridge,y_TLT,2,2024-09-16,-0.004835669483926441,-0.11896405223739741
ridge,y_TLT,0,2024-09-17,-0.012395693689927323,-0.0015076459936692798
ridge,y_TLT,1,2024-09-17,-0.012395693689927323,-0.00659951705178173
ridge,y_TLT,2,2024-09-17,-0.012395693689927323,0.001094205887864583
ridge,y_TLT,0,2024-09-18,-0.0033138276507249653,-0.009915436420930119
ridge,y_TLT,1,2024-09-18,-0.0033138276507249653,-0.005559719572599126
ridge,y_TLT,2,2024-09-18,-0.0033138276507249653,-0.00949273090832369
ridge,y_TLT,0,2024-09-19,-0.0038282870977541794,0.0037354816657031815
ridge,y_TLT,1,2024-09-19,-0.0038282870977541794,-0.025781658063283537
ridge,y_TLT,2,2024-09-19,-0.0038282870977541794,-0.04128545046990262
ridge,y_TLT,0,2024-09-23,-0.00020291062925059666,-0.007799006083979004
ridge,y_TLT,1,2024-09-23,-0.00020291062925059666,-0.008967079098819629
ridge,y_TLT,2,2024-09-23,-0.00020291062925059666,-0.010317904114620823
ridge,y_TLT,0,2024-09-24,-0.008312114144058191,0.004917894681664555
ridge,y_TLT,1,2024-09-24,-0.008312114144058191,0.0060943588303993225
ridge,y_TLT,2,2024-09-24,-0.008312114144058191,0.003314873308615851
ridge,y_TLT,0,2024-09-25,0.0023510126824906052,-0.008293334462869527
ridge,y_TLT,1,2024-09-25,0.0023510126824906052,-0.005470850591877301
ridge,y_TLT,2,2024-09-25,0.0023510126824906052,-0.010981842524606586
ridge,y_TLT,0,2024-09-26,0.005200682037067805,-0.021252367765422518
ridge,y_TLT,1,2024-09-26,0.005200682037067805,-0.02213600053542114
ridge,y_TLT,2,2024-09-26,0.005200682037067805,-0.018308324207235296
ridge,y_TLT,0,2024-09-30,0.007219794901542231,-0.02273691887983757
ridge,y_TLT,1,2024-09-30,0.007219794901542231,-0.017857598496512146
ridge,y_TLT,2,2024-09-30,0.007219794901542231,-0.02184341655873605
ridge,y_TLT,0,2024-10-01,-0.008426964441155427,-0.007060042413037293
ridge,y_TLT,1,2024-10-01,-0.008426964441155427,-0.010713756977316306
ridge,y_TLT,2,2024-10-01,-0.008426964441155427,-0.023304535938295345
ridge,y_TLT,0,2024-10-02,-0.009420643077179713,0.05970318349447157
ridge,y_TLT,1,2024-10-02,-0.009420643077179713,0.0544102508802737
ridge,y_TLT,2,2024-10-02,-0.009420643077179713,0.05504944831933771
ridge,y_TLT,0,2024-10-03,-0.012300881957621912,0.030166255605175767
ridge,y_TLT,1,2024-10-03,-0.012300881957621912,0.029002050256602324
ridge,y_TLT,2,2024-10-03,-0.012300881957621912,0.01675328505840862
ridge,y_TLT,1,2024-10-07,0.0016874269369799855,-0.00028053227431418124
ridge,y_TLT,2,2024-10-07,0.0016874269369799855,-0.005047574864551421
ridge,y_TLT,3,2024-10-07,0.0016874269369799855,-0.003497185837689661
ridge,y_TLT,1,2024-10-08,-0.005684884944385238,0.047402689645316055
ridge,y_TLT,2,2024-10-08,-0.005684884944385238,0.0588819175956959
ridge,y_TLT,3,2024-10-08,-0.005684884944385238,0.06205934347215175
ridge,y_TLT,1,2024-10-09,-0.00391735319266262,-0.009624137845119571
ridge,y_TLT,2,2024-10-09,-0.00391735319266262,-0.010196366844610087
ridge,y_TLT,3,2024-10-09,-0.00391735319266262,-0.0009477280998978398
ridge,y_TLT,1,2024-10-10,-0.004039166515118153,0.00365426906760346
ridge,y_TLT,2,2024-10-10,-0.004039166515118153,0.002515283993574429
ridge,y_TLT,3,2024-10-10,-0.004039166515118153,0.0049467847646202275
ridge,y_TLT,1,2024-10-14,0.012157648434101498,0.03000202405576136
ridge,y_TLT,2,2024-10-14,0.012157648434101498,0.026646695603979177
ridge,y_TLT,3,2024-10-14,0.012157648434101498,0.024611350832264234
ridge,y_TLT,1,2024-10-15,0.0042144549496681005,-0.016654542477942937
ridge,y_TLT,2,2024-10-15,0.0042144549496681005,-0.023003629059009136
ridge,y_TLT,3,2024-10-15,0.0042144549496681005,-0.035876095743796216
ridge,y_TLT,1,2024-10-16,-0.015843041256527912,-5.565548100282578e-05
ridge,y_TLT,2,2024-10-16,-0.015843041256527912,0.0021837880940168484
ridge,y_TLT,3,2024-10-16,-0.015843041256527912,-0.00040765830240712807
ridge,y_TLT,1,2024-10-17,0.0007462097939257006,-0.026412404678808874
ridge,y_TLT,2,2024-10-17,0.0007462097939257006,-0.029246002661630483
ridge,y_TLT,3,2024-10-17,0.0007462097939257006,-0.03126276753872394
ridge,y_TLT,1,2024-10-21,0.0009759077019129148,-0.022271612236476168
ridge,y_TLT,2,2024-10-21,0.0009759077019129148,-0.030342872285803162
ridge,y_TLT,3,2024-10-21,0.0009759077019129148,-0.040045169609238394
ridge,y_TLT,1,2024-10-22,-0.002708172707938994,0.03314821159073556
ridge,y_TLT,2,2024-10-22,-0.002708172707938994,0.030505768641986248
ridge,y_TLT,3,2024-10-22,-0.002708172707938994,0.025255241246328913
ridge,y_TLT,1,2024-10-23,0.006408393065260531,0.03881650406633557
ridge,y_TLT,2,2024-10-23,0.006408393065260531,0.03994420960567549
ridge,y_TLT,3,2024-10-23,0.006408393065260531,0.0412761751427883
ridge,y_TLT,1,2024-10-24,-0.005612109149179867,0.047093698209645624
ridge,y_TLT,2,2024-10-24,-0.005612109149179867,0.04593792786817301
ridge,y_TLT,3,2024-10-24,-0.005612109149179867,0.035582891167381184
ridge,y_TLT,2,2024-10-28,0.0015235289298340948,-0.09120786751176485
ridge,y_TLT,3,2024-10-28,0.0015235289298340948,-0.07242920659385703
ridge,y_TLT,4,2024-10-28,0.0015235289298340948,-0.06969872285460516
ridge,y_TLT,2,2024-10-29,0.0029338213574119365,-0.000821698792383281
ridge,y_TLT,3,2024-10-29,0.0029338213574119365,0.002318433062098913
ridge,y_TLT,4,2024-10-29,0.0029338213574119365,0.004489961780985244
ridge,y_TLT,2,2024-10-30,0.0016250450119625892,0.04016671263739224
ridge,y_TLT,3,2024-10-30,0.0016250450119625892,0.02519113506614082
ridge,y_TLT,4,2024-10-30,0.0016250450119625892,0.018117457507092833
ridge,y_TLT,2,2024-10-31,-0.01409816760588345,0.03750525507996769
ridge,y_TLT,3,2024-10-31,-0.01409816760588345,0.037908753734622755
ridge,y_TLT,4,2024-10-31,-0.01409816760588345,0.04047575536330411
ridge,y_TLT,2,2024-11-04,0.005311509892854893,-0.002543323530951211
ridge,y_TLT,3,2024-11-04,0.005311509892854893,-0.005073080794555488
ridge,y_TLT,4,2024-11-04,0.005311509892854893,-0.0024026429262430558
ridge,y_TLT,2,2024-11-05,-0.027388259105888046,0.024988383674030154
ridge,y_TLT,3,2024-11-05,-0.027388259105888046,0.020045886264792524
ridge,y_TLT,4,2024-11-05,-0.027388259105888046,0.017948007328205708
ridge,y_TLT,2,2024-11-06,0.012527473512486287,-0.0006745414249049383
ridge,y_TLT,3,2024-11-06,0.012527473512486287,-0.00917617352735978
ridge,y_TLT,4,2024-11-06,0.012527473512486287,-0.0101640484576622
ridge,y_TLT,2,2024-11-07,0.012701533353653316,0.0008178835256831441
ridge,y_TLT,3,2024-11-07,0.012701533353653316,-0.011454116859617634
ridge,y_TLT,4,2024-11-07,0.012701533353653316,-0.006997831646082339
ridge,y_TLT,2,2024-11-11,-0.014993440666183022,-0.03214629890585154
ridge,y_TLT,3,2024-11-11,-0.014993440666183022,-0.04496780253688252
ridge,y_TLT,4,2024-11-11,-0.014993440666183022,-0.04930567076277209
ridge,y_TLT,2,2024-11-12,-0.00948622931614962,-0.012902362167666246
ridge,y_TLT,3,2024-11-12,-0.00948622931614962,-0.021066266607960387
ridge,y_TLT,4,2024-11-12,-0.00948622931614962,-0.02561889595502144
ridge,y_TLT,2,2024-11-13,0.005790725367673666,0.01496541588202395
ridge,y_TLT,3,2024-11-13,0.005790725367673666,0.018589171405435607
ridge,y_TLT,4,2024-11-13,0.005790725367673666,0.015817644114423345
ridge,y_TLT,2,2024-11-14,-0.0026570484651297077,0.2796884219888908
ridge,y_TLT,3,2024-11-14,-0.0026570484651297077,0.253590338491153
ridge,y_TLT,4,2024-11-14,-0.0026570484651297077,0.2894323962841037
ridge,y_TLT,3,2024-11-18,0.005097504306904588,0.03213470915818805
ridge,y_TLT,4,2024-11-18,0.005097504306904588,0.03210617323636737
ridge,y_TLT,5,2024-11-18,0.005097504306904588,0.013958151539214458
ridge,y_TLT,3,2024-11-19,-0.003197171128437537,0.1692138925774497
ridge,y_TLT,4,2024-11-19,-0.003197171128437537,0.17142729688962668
ridge,y_TLT,5,2024-11-19,-0.003197171128437537,0.03018761549141821
ridge,y_TLT,3,2024-11-20,-0.000774446762419001,0.014012981942681546
ridge,y_TLT,4,2024-11-20,-0.000774446762419001,0.03480546952257553
ridge,y_TLT,5,2024-11-20,-0.000774446762419001,0.029209243059223143
ridge,y_TLT,3,2024-11-21,0.0005534515724503475,-0.0433701610908101
ridge,y_TLT,4,2024-11-21,0.0005534515724503475,-0.030071846138814903
ridge,y_TLT,5,2024-11-21,0.0005534515724503475,-0.03791690547069092
ridge,y_TLT,3,2024-11-25,-0.00388225111274898,-0.004141509215025803
ridge,y_TLT,4,2024-11-25,-0.00388225111274898,-0.003925903636545824
ridge,y_TLT,5,2024-11-25,-0.00388225111274898,-0.002437216996201047
ridge,y_TLT,3,2024-11-26,0.006928736979951999,-0.03660094226884607
ridge,y_TLT,4,2024-11-26,0.006928736979951999,-0.031681518319546145
ridge,y_TLT,5,2024-11-26,0.006928736979951999,-0.03563197983899095
ridge,y_TLT,3,2024-12-02,-0.008628795038114534,0.07137256239388647
ridge,y_TLT,4,2024-12-02,-0.008628795038114534,0.053248697347215976
ridge,y_TLT,5,2024-12-02,-0.008628795038114534,0.07575205709017217
ridge,y_TLT,3,2024-12-03,0.01074556525733894,0.06201513214498889
ridge,y_TLT,4,2024-12-03,0.01074556525733894,0.06578988155198448
ridge,y_TLT,5,2024-12-03,0.01074556525733894,0.06601008366320188
ridge,y_TLT,3,2024-12-04,0.002020217421788262,0.01849020668826168
ridge,y_TLT,4,2024-12-04,0.002020217421788262,0.020539058045910108
ridge,y_TLT,5,2024-12-04,0.002020217421788262,0.017570906597766073
ridge,y_TLT,3,2024-12-05,0.0014850941327582134,-0.0031873768986052146
ridge,y_TLT,4,2024-12-05,0.0014850941327582134,0.005601243412388322
ridge,y_TLT,5,2024-12-05,0.0014850941327582134,-0.003135130981481692
ridge,y_TLT,4,2024-12-09,-0.004704845045274908,-0.004369190406424
ridge,y_TLT,5,2024-12-09,-0.004704845045274908,-0.009289595905881699
ridge,y_TLT,6,2024-12-09,-0.004704845045274908,-0.02076448021142874
ridge,y_TLT,4,2024-12-10,-0.009454170497773529,0.025686553316105806
ridge,y_TLT,5,2024-12-10,-0.009454170497773529,0.021442594786744686
ridge,y_TLT,6,2024-12-10,-0.009454170497773529,0.009717464967972997
ridge,y_TLT,4,2024-12-11,-0.012147535677257904,0.0011556082627813449
ridge,y_TLT,5,2024-12-11,-0.012147535677257904,0.0033899795131159495
ridge,y_TLT,6,2024-12-11,-0.012147535677257904,0.0002596166518683352
ridge,y_TLT,4,2024-12-12,-0.010210862606242044,-0.0236074409638303
ridge,y_TLT,5,2024-12-12,-0.010210862606242044,-0.01741335475464951
ridge,y_TLT,6,2024-12-12,-0.010210862606242044,-0.014531150288308273
ridge,y_TLT,4,2024-12-16,0.002433207752153832,-0.007993522517863354
ridge,y_TLT,5,2024-12-16,0.002433207752153832,-0.011383942170943523
ridge,y_TLT,6,2024-12-16,0.002433207752153832,-0.006102624173239625
ridge,y_TLT,4,2024-12-17,-0.012504256844886541,-0.007690996204606899
ridge,y_TLT,5,2024-12-17,-0.012504256844886541,-0.004423027110020343
ridge,y_TLT,6,2024-12-17,-0.012504256844886541,-0.007337038461591756
ridge,y_TLT,4,2024-12-18,-0.015141424927233804,0.012336323956274983
ridge,y_TLT,5,2024-12-18,-0.015141424927233804,0.012527097587099025
ridge,y_TLT,6,2024-12-18,-0.015141424927233804,0.011288057524973747
ridge,y_TLT,4,2024-12-19,0.005693990251774528,-0.011036911703827089
ridge,y_TLT,5,2024-12-19,0.005693990251774528,-0.0021610531384314105
ridge,y_TLT,6,2024-12-19,0.005693990251774528,0.0031881913777657314
ridge,y_TLT,4,2024-12-23,0.004228384884106484,-0.007037944772146946
ridge,y_TLT,5,2024-12-23,0.004228384884106484,-0.006783052955839832
ridge,y_TLT,6,2024-12-23,0.004228384884106484,-0.007514465491553178
ridge,y_TLT,4,2024-12-26,-0.008198755902080634,0.0283417388646283
ridge,y_TLT,5,2024-12-26,-0.008198755902080634,0.017773161242882314
ridge,y_TLT,6,2024-12-26,-0.008198755902080634,0.015378081177130926
ridge,y_TLT,5,2024-12-30,-0.005353029943474086,0.00010789070745398808
ridge,y_TLT,6,2024-12-30,-0.005353029943474086,0.002829234326457056
ridge,y_TLT,7,2024-12-30,-0.005353029943474086,0.009722358827009834
ridge,y_TLT,5,2025-01-02,-0.0031975783165182348,-0.003791225047422011
ridge,y_TLT,6,2025-01-02,-0.0031975783165182348,-0.0035960500615980894
ridge,y_TLT,7,2025-01-02,-0.0031975783165182348,0.00011227208917266538
ridge,y_TLT,5,2025-01-06,-0.011277349671819592,0.006935429334221843
ridge,y_TLT,6,2025-01-06,-0.011277349671819592,0.007698138999683178
ridge,y_TLT,7,2025-01-06,-0.011277349671819592,-0.0024274400338114605
ridge,y_TLT,5,2025-01-07,0.0012802219487304534,-0.0004457839514277037
ridge,y_TLT,6,2025-01-07,0.0012802219487304534,-0.0020898758954226685
ridge,y_TLT,7,2025-01-07,0.0012802219487304534,-0.0016554912944843317
ridge,y_TLT,5,2025-01-13,-0.0016389324288217377,-0.04790224726794168
ridge,y_TLT,6,2025-01-13,-0.0016389324288217377,-0.041445348689058366
ridge,y_TLT,7,2025-01-13,-0.0016389324288217377,-0.03735287122170253
ridge,y_TLT,5,2025-01-14,0.017235394049260444,-0.009258955470014698
ridge,y_TLT,6,2025-01-14,0.017235394049260444,-0.008424305272635033
ridge,y_TLT,7,2025-01-14,0.017235394049260444,-0.007885851732507847
ridge,y_TLT,5,2025-01-15,0.00322724659786644,-0.06559830177087347
ridge,y_TLT,6,2025-01-15,0.00322724659786644,-0.11013808915495717
ridge,y_TLT,7,2025-01-15,0.00322724659786644,-0.11446945895638526
ridge,y_TLT,5,2025-01-16,0.0017234193229516137,-0.001359229246170637
ridge,y_TLT,6,2025-01-16,0.0017234193229516137,-0.0009981882967779483
ridge,y_TLT,7,2025-01-16,0.0017234193229516137,0.002836040663394186
ridge,y_TLT,6,2025-01-21,-0.005228914165501863,-0.003330128273724409
ridge,y_TLT,7,2025-01-21,-0.005228914165501863,-0.005920344300540161
ridge,y_TLT,8,2025-01-21,-0.005228914165501863,-0.007731800859794646
ridge,y_TLT,6,2025-01-22,-0.007770688474414311,-0.028183771531590004
ridge,y_TLT,7,2025-01-22,-0.007770688474414311,-0.03429607098164753
ridge,y_TLT,8,2025-01-22,-0.007770688474414311,-0.03164854444909025
ridge,y_TLT,6,2025-01-23,0.004491450105859718,0.05051761778716252
ridge,y_TLT,7,2025-01-23,0.004491450105859718,0.04194254414482918
ridge,y_TLT,8,2025-01-23,0.004491450105859718,0.03926020843183854
ridge,y_TLT,6,2025-01-27,-0.0006800067555038369,0.02538868658333646
ridge,y_TLT,7,2025-01-27,-0.0006800067555038369,0.015622308136582089
ridge,y_TLT,8,2025-01-27,-0.0006800067555038369,0.012437204954712842
ridge,y_TLT,6,2025-01-28,-0.002040771379546502,-0.02287836304876739
ridge,y_TLT,7,2025-01-28,-0.002040771379546502,-0.026182105013393027
ridge,y_TLT,8,2025-01-28,-0.002040771379546502,-0.024010341493752894
ridge,y_TLT,6,2025-01-29,0.003749551551226915,-0.01400675500704048
ridge,y_TLT,7,2025-01-29,0.003749551551226915,-0.020870789024306842
ridge,y_TLT,8,2025-01-29,0.003749551551226915,-0.023662997154436902
ridge,y_TLT,6,2025-01-30,-0.006565640872727041,-0.01894914117322283
ridge,y_TLT,7,2025-01-30,-0.006565640872727041,-0.010735052477147759
ridge,y_TLT,8,2025-01-30,-0.006565640872727041,-0.006828920541839726
ridge,y_TLT,6,2025-02-03,0.003062560416624338,-0.00258537032297047
ridge,y_TLT,7,2025-02-03,0.003062560416624338,-0.0029374887931363394
ridge,y_TLT,8,2025-02-03,0.003062560416624338,-0.005238202750834918
ridge,y_TLT,6,2025-02-04,0.016510394659921657,-0.026147054909644127
ridge,y_TLT,7,2025-02-04,0.016510394659921657,-0.032855482996365266
ridge,y_TLT,8,2025-02-04,0.016510394659921657,-0.031724716262481446
ridge,y_TLT,6,2025-02-05,-0.0004450267020469356,-0.04074027090811105
ridge,y_TLT,7,2025-02-05,-0.0004450267020469356,-0.04213918668001934
ridge,y_TLT,8,2025-02-05,-0.0004450267020469356,-0.03560797167455278
ridge,y_TLT,6,2025-02-06,-0.00645531511851638,0.023603488785906315
ridge,y_TLT,7,2025-02-06,-0.00645531511851638,0.008688765374716443
ridge,y_TLT,8,2025-02-06,-0.00645531511851638,0.0023829803040070164
ridge,y_TLT,7,2025-02-10,-0.006404463930769433,-0.0011842625508819685
ridge,y_TLT,8,2025-02-10,-0.006404463930769433,-0.0006051384825045659
ridge,y_TLT,9,2025-02-10,-0.006404463930769433,-0.005455064303183755
ridge,y_TLT,7,2025-02-11,-0.013569961914463802,-0.009007419882286722
ridge,y_TLT,8,2025-02-11,-0.013569961914463802,-0.00984496373082598
ridge,y_TLT,9,2025-02-11,-0.013569961914463802,-0.009989162740288497
ridge,y_TLT,7,2025-02-12,0.01662273531997749,0.0555408272308909
ridge,y_TLT,8,2025-02-12,0.01662273531997749,0.06123139363842829
ridge,y_TLT,9,2025-02-12,0.01662273531997749,0.05756643072459582
ridge,y_TLT,7,2025-02-13,0.005299826116787809,0.11817985359448607
ridge,y_TLT,8,2025-02-13,0.005299826116787809,0.1264167627579247
ridge,y_TLT,9,2025-02-13,0.005299826116787809,0.07940054745290084
ridge,y_TLT,7,2025-02-18,0.001248552780812373,0.04835541385902877
ridge,y_TLT,8,2025-02-18,0.001248552780812373,0.05250135132697422
ridge,y_TLT,9,2025-02-18,0.001248552780812373,0.025535281178844516
ridge,y_TLT,7,2025-02-19,0.003741168850526222,-0.0549510679591789
ridge,y_TLT,8,2025-02-19,0.003741168850526222,-0.05282265915651767
ridge,y_TLT,9,2025-02-19,0.003741168850526222,-0.040340534592257594
ridge,y_TLT,7,2025-02-20,0.012085027403194504,0.017073383115267585
ridge,y_TLT,8,2025-02-20,0.012085027403194504,0.017132576902144467
ridge,y_TLT,9,2025-02-20,0.012085027403194504,0.013839990953980785
ridge,y_TLT,7,2025-02-24,0.01724688592207624,-0.019035199305470932
ridge,y_TLT,8,2025-02-24,0.01724688592207624,-0.01436387509392346
ridge,y_TLT,9,2025-02-24,0.01724688592207624,0.0059754636903068285
ridge,y_TLT,7,2025-02-25,0.005906964370742562,-0.01730040834213259
ridge,y_TLT,8,2025-02-25,0.005906964370742562,-0.018264671738612397
ridge,y_TLT,9,2025-02-25,0.005906964370742562,-0.026563444744171178
ridge,y_TLT,7,2025-02-26,-0.007068422033070787,0.0634059235419112
ridge,y_TLT,8,2025-02-26,-0.007068422033070787,0.06560010418964296
ridge,y_TLT,9,2025-02-26,-0.007068422033070787,0.06373138586705476
ridge,y_TLT,7,2025-02-27,0.012266091307345128,-0.023719994297164322
ridge,y_TLT,8,2025-02-27,0.012266091307345128,-0.02227620975878848
ridge,y_TLT,9,2025-02-27,0.012266091307345128,-0.02241927538157297
ridge,y_TLT,8,2025-03-03,-0.012314975657354732,-0.010819732248480799
ridge,y_TLT,9,2025-03-03,-0.012314975657354732,-0.014193048594037068
ridge,y_TLT,10,2025-03-03,-0.012314975657354732,-0.011767157084382035
ridge,y_TLT,8,2025-03-04,-0.007984170650322975,0.020912718993406305
ridge,y_TLT,9,2025-03-04,-0.007984170650322975,0.010114895637777366
ridge,y_TLT,10,2025-03-04,-0.007984170650322975,0.007209385312571906
ridge,y_TLT,8,2025-03-05,-0.00330771032013355,0.013393516782047586
ridge,y_TLT,9,2025-03-05,-0.00330771032013355,0.017570282466800584
ridge,y_TLT,10,2025-03-05,-0.00330771032013355,0.01757706508005433
ridge,y_TLT,8,2025-03-06,-0.003207920613952364,0.027553319616190588
ridge,y_TLT,9,2025-03-06,-0.003207920613952364,0.032811512303384
ridge,y_TLT,10,2025-03-06,-0.003207920613952364,0.02375437247698792
ridge,y_TLT,8,2025-03-10,-0.007139083278418168,-0.02541005203544919
ridge,y_TLT,9,2025-03-10,-0.007139083278418168,-0.002055799579624514
ridge,y_TLT,10,2025-03-10,-0.007139083278418168,0.01103465325252846
ridge,y_TLT,8,2025-03-11,-0.005973302516129819,-0.006539973097471428
ridge,y_TLT,9,2025-03-11,-0.005973302516129819,0.004500099113668001
ridge,y_TLT,10,2025-03-11,-0.005973302516129819,0.0025555013352226035
ridge,y_TLT,8,2025-03-12,0.008791196896851039,-0.0051777409401323835
ridge,y_TLT,9,2025-03-12,0.008791196896851039,-0.006113876913718805
ridge,y_TLT,10,2025-03-12,0.008791196896851039,-0.0101593139885696
ridge,y_TLT,8,2025-03-13,-0.005295116001279854,0.02221767573343403
ridge,y_TLT,9,2025-03-13,-0.005295116001279854,0.021340363482967167
ridge,y_TLT,10,2025-03-13,-0.005295116001279854,0.01871695005987321
ridge,y_TLT,8,2025-03-17,0.0009929868052489521,0.012048127737529703
ridge,y_TLT,9,2025-03-17,0.0009929868052489521,0.010721999674870135
ridge,y_TLT,10,2025-03-17,0.0009929868052489521,0.008992200321151998
ridge,y_TLT,8,2025-03-18,0.005181400885427623,0.04111559873739034
ridge,y_TLT,9,2025-03-18,0.005181400885427623,0.03517620312316948
ridge,y_TLT,10,2025-03-18,0.005181400885427623,0.03698071008057793
ridge,y_TLT,8,2025-03-19,0.0006580421122470703,-0.0317002314147789
ridge,y_TLT,9,2025-03-19,0.0006580421122470703,-0.025638251301411223
ridge,y_TLT,10,2025-03-19,0.0006580421122470703,-0.0282219430504517
ridge,y_TLT,8,2025-03-20,-0.005918309641570585,0.022359146188850255
ridge,y_TLT,9,2025-03-20,-0.005918309641570585,0.014696435383857573
ridge,y_TLT,10,2025-03-20,-0.005918309641570585,0.010405599761606231
ridge,y_TLT,9,2025-03-24,-0.00011127790462195364,-0.005180723564362208
ridge,y_TLT,10,2025-03-24,-0.00011127790462195364,-0.005480422566368534
ridge,y_TLT,11,2025-03-24,-0.00011127790462195364,-0.004454057354600281
ridge,y_TLT,9,2025-03-25,-0.006573054924644106,-0.006941974554663412
ridge,y_TLT,10,2025-03-25,-0.006573054924644106,-0.01792341803996631
ridge,y_TLT,11,2025-03-25,-0.006573054924644106,-0.014500216689174977
ridge,y_TLT,9,2025-03-26,-0.0029157326269962924,-0.00799047139781506
ridge,y_TLT,10,2025-03-26,-0.0029157326269962924,-0.007467782284596528
ridge,y_TLT,11,2025-03-26,-0.0029157326269962924,-0.004871766544723414
ridge,y_TLT,9,2025-03-27,0.013834097889148023,0.05913858468397085
ridge,y_TLT,10,2025-03-27,0.013834097889148023,0.05353119170836892
ridge,y_TLT,11,2025-03-27,0.013834097889148023,0.05656503821136745
ridge,y_TLT,9,2025-03-31,0.008665418069222275,-0.003900360186825447
ridge,y_TLT,10,2025-03-31,0.008665418069222275,-0.0005718508071740501
ridge,y_TLT,11,2025-03-31,0.008665418069222275,-0.00028476558234525777
ridge,y_TLT,9,2025-04-01,-0.0006558949623377552,0.05049625483080741
ridge,y_TLT,10,2025-04-01,-0.0006558949623377552,0.0340915998769659
ridge,y_TLT,11,2025-04-01,-0.0006558949623377552,0.0700153908363054
ridge,y_TLT,9,2025-04-02,0.004593930562262649,0.04384408131060173
ridge,y_TLT,10,2025-04-02,0.004593930562262649,0.04205612653359151
ridge,y_TLT,11,2025-04-02,0.004593930562262649,0.04763861775044881
ridge,y_TLT,9,2025-04-03,0.0108872650056977,-0.03346149520708658
ridge,y_TLT,10,2025-04-03,0.0108872650056977,-0.03304017812438999
ridge,y_TLT,11,2025-04-03,0.0108872650056977,-0.030814095887705395
ridge,y_TLT,9,2025-04-07,-0.018878307382398152,0.03560044914601074
ridge,y_TLT,10,2025-04-07,-0.018878307382398152,0.03223297966939248
ridge,y_TLT,11,2025-04-07,-0.018878307382398152,0.035475830334752455
ridge,y_TLT,9,2025-04-08,0.005885640597837805,-0.00666224309519222
ridge,y_TLT,10,2025-04-08,0.005885640597837805,-0.008076841733976534
ridge,y_TLT,11,2025-04-08,0.005885640597837805,-0.004701461626422107
ridge,y_TLT,9,2025-04-09,-0.027568291218065366,-0.004061478654384024
ridge,y_TLT,10,2025-04-09,-0.027568291218065366,-0.0018015734885766686
ridge,y_TLT,11,2025-04-09,-0.027568291218065366,-0.0015062329183960135
ridge,y_TLT,9,2025-04-10,0.005438529904652656,0.003086726421488291
ridge,y_TLT,10,2025-04-10,0.005438529904652656,0.005090581930456983
ridge,y_TLT,11,2025-04-10,0.005438529904652656,0.0027753252604672514
ridge,y_TLT,10,2025-04-14,0.0035424608283660675,-0.024847202670927736
ridge,y_TLT,11,2025-04-14,0.0035424608283660675,-0.026200027782546233
ridge,y_TLT,12,2025-04-14,0.0035424608283660675,-0.0252273108158411
ridge,y_TLT,10,2025-04-15,0.005579418358684363,0.016891942852160887
ridge,y_TLT,11,2025-04-15,0.005579418358684363,0.006225619510107164
ridge,y_TLT,12,2025-04-15,0.005579418358684363,0.008527012744643007
ridge,y_TLT,10,2025-04-16,-0.008832236972302066,0.011247589023959165
ridge,y_TLT,11,2025-04-16,-0.008832236972302066,0.014004024324403216
ridge,y_TLT,12,2025-04-16,-0.008832236972302066,0.008633539017617273
ridge,y_TLT,10,2025-04-21,0.005581570122111801,0.009058431007975565
ridge,y_TLT,11,2025-04-21,0.005581570122111801,0.014056831617183184
ridge,y_TLT,12,2025-04-21,0.005581570122111801,0.017997708922266615
ridge,y_TLT,10,2025-04-22,0.009713117600179011,-0.00030078332783721375
ridge,y_TLT,11,2025-04-22,0.009713117600179011,0.011909186639198028
ridge,y_TLT,12,2025-04-22,0.009713117600179011,0.015445282658263374
ridge,y_TLT,10,2025-04-23,0.010535879549711469,-0.0004479027917667377
ridge,y_TLT,11,2025-04-23,0.010535879549711469,0.0033396439670713633
ridge,y_TLT,12,2025-04-23,0.010535879549711469,0.009297202195494582
ridge,y_TLT,10,2025-04-24,0.007366425803466248,0.005624836928913291
ridge,y_TLT,11,2025-04-24,0.007366425803466248,0.0027065061870615867
ridge,y_TLT,12,2025-04-24,0.007366425803466248,0.004338428202792695
ridge,y_TLT,10,2025-04-28,0.008384512470155148,-0.010863895427656685
ridge,y_TLT,11,2025-04-28,0.008384512470155148,-0.009552883537274955
ridge,y_TLT,12,2025-04-28,0.008384512470155148,-0.0034642806364364054
ridge,y_TLT,10,2025-04-29,-0.008093038502040129,-0.01188602735904404
ridge,y_TLT,11,2025-04-29,-0.008093038502040129,-0.012749648605843426
ridge,y_TLT,12,2025-04-29,-0.008093038502040129,-0.017807828891767997
ridge,y_TLT,10,2025-04-30,-0.0050704962166168155,-0.011727332718218573
ridge,y_TLT,11,2025-04-30,-0.0050704962166168155,-0.013056235283047932
ridge,y_TLT,12,2025-04-30,-0.0050704962166168155,-0.01576242650478042
ridge,y_TLT,10,2025-05-01,-0.010824228216099074,0.19160825171899248
ridge,y_TLT,11,2025-05-01,-0.010824228216099074,0.18765693544842957
ridge,y_TLT,12,2025-05-01,-0.010824228216099074,0.16138078565292735
ridge,y_TLT,11,2025-05-05,0.0033242939368243185,-0.026087298626101093
ridge,y_TLT,12,2025-05-05,0.0033242939368243185,-0.031258905685954845
ridge,y_TLT,13,2025-05-05,0.0033242939368243185,-0.023291290659378
ridge,y_TLT,11,2025-05-06,0.004227004051764238,0.10878490198143842
ridge,y_TLT,12,2025-05-06,0.004227004051764238,0.11009523616762881
ridge,y_TLT,13,2025-05-06,0.004227004051764238,0.0938238125020122
ridge,y_TLT,11,2025-05-07,-0.011149048972256104,-0.01408281839081574
ridge,y_TLT,12,2025-05-07,-0.011149048972256104,-0.013096231009646627
ridge,y_TLT,13,2025-05-07,-0.011149048972256104,-0.014761277323953664
ridge,y_TLT,11,2025-05-08,0.0014956210401326775,0.07460142770853422
ridge,y_TLT,12,2025-05-08,0.0014956210401326775,0.06753566410449972
ridge,y_TLT,13,2025-05-08,0.0014956210401326775,0.07178918555161257
ridge,y_TLT,11,2025-05-12,-0.004058408185501183,-0.0057074173022549565
ridge,y_TLT,12,2025-05-12,-0.004058408185501183,-0.0003347424300832278
ridge,y_TLT,13,2025-05-12,-0.004058408185501183,-0.0014074702285321197
ridge,y_TLT,11,2025-05-13,-0.006636243180125789,0.008270919175253634
ridge,y_TLT,12,2025-05-13,-0.006636243180125789,0.005075645693323228
ridge,y_TLT,13,2025-05-13,-0.006636243180125789,0.006246457734408475
ridge,y_TLT,11,2025-05-14,0.008790242810072568,0.010015366645582512
ridge,y_TLT,12,2025-05-14,0.008790242810072568,0.008119454581452763
ridge,y_TLT,13,2025-05-14,0.008790242810072568,0.010726757421322508
ridge,y_TLT,11,2025-05-15,0.002672358182987722,0.04885490367334589
ridge,y_TLT,12,2025-05-15,0.002672358182987722,0.047959786328306504
ridge,y_TLT,13,2025-05-15,0.002672358182987722,0.04798644696644044
ridge,y_TLT,11,2025-05-19,-0.007205297209197048,-0.026603780790758324
ridge,y_TLT,12,2025-05-19,-0.007205297209197048,-0.026180270581922623
ridge,y_TLT,13,2025-05-19,-0.007205297209197048,-0.021060840358891844
ridge,y_TLT,11,2025-05-20,-0.017089898713178342,-0.02087061089372341
ridge,y_TLT,12,2025-05-20,-0.017089898713178342,-0.01860518448075488
ridge,y_TLT,13,2025-05-20,-0.017089898713178342,-0.01894734268085872
ridge,y_TLT,11,2025-05-21,0.005239912235805777,0.057156366809686505
ridge,y_TLT,12,2025-05-21,0.005239912235805777,0.03441653266180115
ridge,y_TLT,13,2025-05-21,0.005239912235805777,0.02700843812565147
ridge,y_TLT,11,2025-05-22,0.0016586137930580946,0.019011012538610865
ridge,y_TLT,12,2025-05-22,0.0016586137930580946,0.02143533743879922
ridge,y_TLT,13,2025-05-22,0.0016586137930580946,0.032137685713542107
ridge,y_TLT,12,2025-05-27,-0.004315755188378456,-0.01784542762188104
ridge,y_TLT,13,2025-05-27,-0.004315755188378456,-0.016044351846811328
ridge,y_TLT,14,2025-05-27,-0.004315755188378456,-0.014059808599026032
ridge,y_TLT,12,2025-05-28,0.009254831797722796,0.0024150961154897656
ridge,y_TLT,13,2025-05-28,0.009254831797722796,0.0032887496978350806
ridge,y_TLT,14,2025-05-28,0.009254831797722796,-0.0005959189795949239
ridge,y_TLT,12,2025-05-29,0.001508988611063522,0.01125547660512351
ridge,y_TLT,13,2025-05-29,0.001508988611063522,0.012330215684123347
ridge,y_TLT,14,2025-05-29,0.001508988611063522,0.0139316873202446
ridge,y_TLT,12,2025-06-02,-0.00176124528866195,-0.0007866591280325337
ridge,y_TLT,13,2025-06-02,-0.00176124528866195,-0.0021412168702342116
ridge,y_TLT,14,2025-06-02,-0.00176124528866195,-0.0033651657291930465
ridge,y_TLT,12,2025-06-03,0.01623323257324838,0.033105816945433804
ridge,y_TLT,13,2025-06-03,0.01623323257324838,0.028008257650678065
ridge,y_TLT,14,2025-06-03,0.01623323257324838,0.027407748133388473
ridge,y_TLT,12,2025-06-04,0.0006944311332974795,0.04676855114833052
ridge,y_TLT,13,2025-06-04,0.0006944311332974795,0.044216918479981014
ridge,y_TLT,14,2025-06-04,0.0006944311332974795,0.03755709836123476
ridge,y_TLT,12,2025-06-05,-0.012723862020855292,0.002651773415946703
ridge,y_TLT,13,2025-06-05,-0.012723862020855292,0.0026255283438072533
ridge,y_TLT,14,2025-06-05,-0.012723862020855292,0.0008804069649845847
ridge,y_TLT,12,2025-06-09,0.005149764384827948,-0.021073051455230942
ridge,y_TLT,13,2025-06-09,0.005149764384827948,-0.018078171987566376
ridge,y_TLT,14,2025-06-09,0.005149764384827948,-0.010297588277209653
ridge,y_TLT,12,2025-06-10,0.003027623043210248,0.0009122709990283121
ridge,y_TLT,13,2025-06-10,0.003027623043210248,0.000836277299234142
ridge,y_TLT,14,2025-06-10,0.003027623043210248,0.0012282435705678447
ridge,y_TLT,12,2025-06-11,0.01195722163239088,-0.024040796264514632
ridge,y_TLT,13,2025-06-11,0.01195722163239088,-0.018943334991646025
ridge,y_TLT,14,2025-06-11,0.01195722163239088,-0.020911976194894114
ridge,y_TLT,12,2025-06-12,-0.009636128589180615,0.014742996903947894
ridge,y_TLT,13,2025-06-12,-0.009636128589180615,0.014783244432681888
ridge,y_TLT,14,2025-06-12,-0.009636128589180615,0.012444446755228834
ridge,y_TLT,13,2025-07-02,-0.006964968038882358,0.04622422233427214
ridge,y_TLT,14,2025-07-02,-0.006964968038882358,0.04463971059443132
ridge,y_TLT,15,2025-07-02,-0.006964968038882358,0.04012465048546848
ridge,y_TLT,13,2025-07-07,-0.0012770891232737336,0.0008717156639887578
ridge,y_TLT,14,2025-07-07,-0.0012770891232737336,2.4996048613838272e-05
ridge,y_TLT,15,2025-07-07,-0.0012770891232737336,0.00013821321077483036
ridge,y_TLT,13,2025-07-08,0.010461541720878875,0.024210461460985943
ridge,y_TLT,14,2025-07-08,0.010461541720878875,0.02156926663957023
ridge,y_TLT,15,2025-07-08,0.010461541720878875,0.019521335539479268
ridge,y_TLT,13,2025-07-09,0.0006901732238093761,0.008268418614956391
ridge,y_TLT,14,2025-07-09,0.0006901732238093761,0.007573498337776589
ridge,y_TLT,15,2025-07-09,0.0006901732238093761,0.007985239265464326
ridge,y_TLT,13,2025-07-10,-0.013794576434968953,0.01028710714533948
ridge,y_TLT,14,2025-07-10,-0.013794576434968953,0.0073376308902389125
ridge,y_TLT,15,2025-07-10,-0.013794576434968953,0.007966508253388084
ridge,y_TLT,13,2025-07-14,-0.007008423634629279,0.003554629225634994
ridge,y_TLT,14,2025-07-14,-0.007008423634629279,-2.4557792173049572e-05
ridge,y_TLT,15,2025-07-14,-0.007008423634629279,-0.0017121645481483283
ridge,y_TLT,13,2025-07-15,0.0014113373863384737,-0.013138234423437475
ridge,y_TLT,14,2025-07-15,0.0014113373863384737,-0.0061361944824899995
ridge,y_TLT,15,2025-07-15,0.0014113373863384737,-0.00333463796837649
ridge,y_TLT,13,2025-07-16,-0.00023486062567612542,0.007890787907076405
ridge,y_TLT,14,2025-07-16,-0.00023486062567612542,0.009230804944216514
ridge,y_TLT,15,2025-07-16,-0.00023486062567612542,0.011677834043263113
ridge,y_TLT,13,2025-07-17,0.001527460364535882,0.01715056274761187
ridge,y_TLT,14,2025-07-17,0.001527460364535882,0.01778600488586936
ridge,y_TLT,15,2025-07-17,0.001527460364535882,0.022176254574506737
ridge,y_TLT,13,2025-07-21,0.006046519955589469,-0.0012655913936593219
ridge,y_TLT,14,2025-07-21,0.006046519955589469,-0.0002782429557757302
ridge,y_TLT,15,2025-07-21,0.006046519955589469,0.0016548109165060959
ridge,y_TLT,13,2025-07-22,-0.005547822879723108,-0.011527592391483907
ridge,y_TLT,14,2025-07-22,-0.005547822879723108,-0.007899914797156127
ridge,y_TLT,15,2025-07-22,-0.005547822879723108,-0.00477742571250029
ridge,y_TLT,13,2025-07-23,-0.0017434178989321758,0.014512618253602453
ridge,y_TLT,14,2025-07-23,-0.0017434178989321758,0.014103159057984984
ridge,y_TLT,15,2025-07-23,-0.0017434178989321758,0.01212231697006184
ridge,y_TLT,14,2025-07-24,0.006287137714630964,0.007699217674366259
ridge,y_TLT,15,2025-07-24,0.006287137714630964,0.009813798381397704
ridge,y_TLT,16,2025-07-24,0.006287137714630964,0.010533027384389746
ridge,y_TLT,14,2025-07-28,0.01688600885053715,0.0031055939933683123
ridge,y_TLT,15,2025-07-28,0.01688600885053715,0.003789845904694491
ridge,y_TLT,16,2025-07-28,0.01688600885053715,0.0017923658846226314
ridge,y_TLT,14,2025-07-29,-0.005153495089195381,0.004032848018534968
ridge,y_TLT,15,2025-07-29,-0.005153495089195381,0.006238795782317229
ridge,y_TLT,16,2025-07-29,-0.005153495089195381,0.005820250382554706
ridge,y_TLT,14,2025-07-30,0.0005755265561553369,0.003347585389962449
ridge,y_TLT,15,2025-07-30,0.0005755265561553369,0.004440991405042062
ridge,y_TLT,16,2025-07-30,0.0005755265561553369,3.890179501165838e-05
ridge,y_TLT,14,2025-07-31,0.014216656736620426,0.0011712479856185896
ridge,y_TLT,15,2025-07-31,0.014216656736620426,0.003936955471922031
ridge,y_TLT,16,2025-07-31,0.014216656736620426,0.0051656028662149835
ridge,y_TLT,14,2025-08-04,0.003066025893116997,-0.01497941912931167
ridge,y_TLT,15,2025-08-04,0.003066025893116997,-0.016158946236469022
ridge,y_TLT,16,2025-08-04,0.003066025893116997,-0.013164502284037123
ridge,y_TLT,14,2025-08-05,-0.005773788280607928,-0.006587895014639888
ridge,y_TLT,15,2025-08-05,-0.005773788280607928,-0.005266118893580668
ridge,y_TLT,16,2025-08-05,-0.005773788280607928,-0.002580469529088093
ridge,y_TLT,14,2025-08-06,-0.0017081711500515073,-0.007335498831704001
ridge,y_TLT,15,2025-08-06,-0.0017081711500515073,-0.00791803485024943
ridge,y_TLT,16,2025-08-06,-0.0017081711500515073,-0.0037802504985520024
ridge,y_TLT,14,2025-08-07,-0.00433424178665065,-0.00156509104935841
ridge,y_TLT,15,2025-08-07,-0.00433424178665065,0.0031062935134353693
ridge,y_TLT,16,2025-08-07,-0.00433424178665065,-0.003413026083671016
ridge,y_TLT,14,2025-08-11,-0.005035008997963941,0.010237148586026121
ridge,y_TLT,15,2025-08-11,-0.005035008997963941,0.012593921183558272
ridge,y_TLT,16,2025-08-11,-0.005035008997963941,0.010444026005507612
ridge,y_TLT,14,2025-08-12,0.008280504963370516,-0.015470261356307101
ridge,y_TLT,15,2025-08-12,0.008280504963370516,-0.013274041421094772
ridge,y_TLT,16,2025-08-12,0.008280504963370516,-0.0116143772972469
ridge,y_TLT,15,2025-08-13,-0.007413996727425598,-0.008438450573962529
ridge,y_TLT,16,2025-08-13,-0.007413996727425598,-0.009620092189715674
ridge,y_TLT,17,2025-08-13,-0.007413996727425598,-0.010337347434371863
ridge,y_TLT,15,2025-08-14,-0.00712483351900417,0.0032519665374193905
ridge,y_TLT,16,2025-08-14,-0.00712483351900417,0.004484977692569845
ridge,y_TLT,17,2025-08-14,-0.00712483351900417,0.007182015659210566
ridge,y_TLT,15,2025-08-18,0.005803885202822601,0.0012296229961660395
ridge,y_TLT,16,2025-08-18,0.005803885202822601,0.0008137155176918865
ridge,y_TLT,17,2025-08-18,0.005803885202822601,0.0027051186415355992
ridge,y_TLT,15,2025-08-19,0.002192585527635016,0.0037596478118015015
ridge,y_TLT,16,2025-08-19,0.002192585527635016,0.00046685809568174606
ridge,y_TLT,17,2025-08-19,0.002192585527635016,0.000992048500407028
ridge,y_TLT,15,2025-08-20,-0.004951633613719197,0.017218027638593664
ridge,y_TLT,16,2025-08-20,-0.004951633613719197,0.01768456933496715
ridge,y_TLT,17,2025-08-20,-0.004951633613719197,0.016194138674060162
ridge,y_TLT,15,2025-08-21,0.007406627835110591,0.010656988336536086
ridge,y_TLT,16,2025-08-21,0.007406627835110591,0.009552612660449005
ridge,y_TLT,17,2025-08-21,0.007406627835110591,0.007355623567260693
ridge,y_TLT,15,2025-08-25,-0.0005759611938481735,-2.7595649842724983e-05
ridge,y_TLT,16,2025-08-25,-0.0005759611938481735,-0.0033322415603413407
ridge,y_TLT,17,2025-08-25,-0.0005759611938481735,0.0019187046067201145
ridge,y_TLT,15,2025-08-26,-0.0011526764475914275,-0.006998163000659071
ridge,y_TLT,16,2025-08-26,-0.0011526764475914275,0.0021828693989771253
ridge,y_TLT,17,2025-08-26,-0.0011526764475914275,0.005561106851198182
ridge,y_TLT,15,2025-08-27,0.006578117859149302,0.016772132225999367
ridge,y_TLT,16,2025-08-27,0.006578117859149302,0.020506200598127
ridge,y_TLT,17,2025-08-27,0.006578117859149302,0.019072549693644893
ridge,y_TLT,15,2025-08-28,-0.007108406405488821,0.01364790010093043
ridge,y_TLT,16,2025-08-28,-0.007108406405488821,0.01097725101382819
ridge,y_TLT,17,2025-08-28,-0.007108406405488821,0.008283516536827957
ridge,y_TLT,15,2025-09-02,0.010977384762771436,-0.004203294746295039
ridge,y_TLT,16,2025-09-02,0.010977384762771436,-0.003938154426412826
ridge,y_TLT,17,2025-09-02,0.010977384762771436,-0.0009199134942820844
ridge,y_TLT,16,2025-09-03,0.007623860604202726,-0.0011571700051798538
ridge,y_TLT,17,2025-09-03,0.007623860604202726,-0.004672609093668726
ridge,y_TLT,18,2025-09-03,0.007623860604202726,-0.008438064562156303
ridge,y_TLT,16,2025-09-04,0.015247205909363792,0.01716811829802895
ridge,y_TLT,17,2025-09-04,0.015247205909363792,0.016398229970344954
ridge,y_TLT,18,2025-09-04,0.015247205909363792,0.019726555472383684
ridge,y_TLT,16,2025-09-08,-0.0056830043739143354,0.0195669672256184
ridge,y_TLT,17,2025-09-08,-0.0056830043739143354,0.016667134390405205
ridge,y_TLT,18,2025-09-08,-0.0056830043739143354,0.0167976557470639
ridge,y_TLT,16,2025-09-09,0.005715485503027029,-0.0005770681793057587
ridge,y_TLT,17,2025-09-09,0.005715485503027029,-0.00021371376878945357
ridge,y_TLT,18,2025-09-09,0.005715485503027029,0.0031364421438551406
ridge,y_TLT,16,2025-09-10,0.006685846614571167,0.0343531971528566
ridge,y_TLT,17,2025-09-10,0.006685846614571167,0.03356149244964358
ridge,y_TLT,18,2025-09-10,0.006685846614571167,0.0317841833695449
ridge,y_TLT,16,2025-09-11,-0.004316903394000371,0.007048669756784891
ridge,y_TLT,17,2025-09-11,-0.004316903394000371,0.004785776253919468
ridge,y_TLT,18,2025-09-11,-0.004316903394000371,0.0023060820275115925
ridge,y_TLT,16,2025-09-15,0.002107460692758023,-0.009949027452713893
ridge,y_TLT,17,2025-09-15,0.002107460692758023,-0.0061846262083900105
ridge,y_TLT,18,2025-09-15,0.002107460692758023,-0.009036489009007352
ridge,y_TLT,16,2025-09-16,-0.002545707930905805,-0.013210735159368388
ridge,y_TLT,17,2025-09-16,-0.002545707930905805,-0.011431498538736711
ridge,y_TLT,18,2025-09-16,-0.002545707930905805,-0.011541901554424455
ridge,y_TLT,16,2025-09-17,-0.010319642904106807,0.0031268614376318473
ridge,y_TLT,17,2025-09-17,-0.010319642904106807,0.006405940170005614
ridge,y_TLT,18,2025-09-17,-0.010319642904106807,0.005766149612886163
ridge,y_TLT,16,2025-09-18,-0.001905987540450016,-0.04689925958468884
ridge,y_TLT,17,2025-09-18,-0.001905987540450016,-0.03511426183623482
ridge,y_TLT,18,2025-09-18,-0.001905987540450016,-0.046900336215686185
ridge,y_TLT,16,2025-09-22,0.006989782446735093,0.035053640277495975
ridge,y_TLT,17,2025-09-22,0.006989782446735093,0.025915233016084636
ridge,y_TLT,18,2025-09-22,0.006989782446735093,0.02262425952602928
ridge,y_TLT,17,2025-09-23,-0.003806426688141684,0.020029475742743996
ridge,y_TLT,18,2025-09-23,-0.003806426688141684,0.018382914357265988
ridge,y_TLT,19,2025-09-23,-0.003806426688141684,0.01371513252715699
ridge,y_TLT,17,2025-09-24,0.0,0.04622391610805378
ridge,y_TLT,18,2025-09-24,0.0,0.03461656216146085
ridge,y_TLT,19,2025-09-24,0.0,0.026677041412016482
ridge,y_TLT,17,2025-09-25,-0.0008991653761573071,0.015769664560912465
ridge,y_TLT,18,2025-09-25,-0.0008991653761573071,0.01784592949371855
ridge,y_TLT,19,2025-09-25,-0.0008991653761573071,0.018816389544498706
ridge,y_TLT,17,2025-09-29,-0.0029007906629126,0.037811770823108076
ridge,y_TLT,18,2025-09-29,-0.0029007906629126,0.03847131627912879
ridge,y_TLT,19,2025-09-29,-0.0029007906629126,0.0367457956891284
ridge,y_TLT,17,2025-09-30,0.0025825215208672425,0.0037801531533015824
ridge,y_TLT,18,2025-09-30,0.0025825215208672425,0.002842537247980185
ridge,y_TLT,19,2025-09-30,0.0025825215208672425,0.007409704186894673
ridge,y_TLT,17,2025-10-01,0.0029120035613003914,-0.0484785987113476
ridge,y_TLT,18,2025-10-01,0.0029120035613003914,-0.04660747493518099
ridge,y_TLT,19,2025-10-01,0.0029120035613003914,-0.052199086314660664
ridge,y_TLT,17,2025-10-02,-0.001898507335264199,0.03719196759921687
ridge,y_TLT,18,2025-10-02,-0.001898507335264199,0.04540488987927039
ridge,y_TLT,19,2025-10-02,-0.001898507335264199,0.04971037476603416
ridge,y_TLT,17,2025-10-06,0.0057516973956313056,0.0082294752805247
ridge,y_TLT,18,2025-10-06,0.0057516973956313056,0.007963798155773355
ridge,y_TLT,19,2025-10-06,0.0057516973956313056,0.007083119372763846
ridge,y_TLT,17,2025-10-07,0.0007848741705307472,0.0011584582819775357
ridge,y_TLT,18,2025-10-07,0.0007848741705307472,0.0025049858941556483
ridge,y_TLT,19,2025-10-07,0.0007848741705307472,0.0034866925600558446
ridge,y_TLT,17,2025-10-08,-0.0007842586261920248,0.04648603849048894
ridge,y_TLT,18,2025-10-08,-0.0007842586261920248,0.04937807835787587
ridge,y_TLT,19,2025-10-08,-0.0007842586261920248,0.049350358839546825
ridge,y_TLT,17,2025-10-09,0.016147202632312396,-0.00518689034854661
ridge,y_TLT,18,2025-10-09,0.016147202632312396,-0.0010571385503551113
ridge,y_TLT,19,2025-10-09,0.016147202632312396,-0.0037059308329599884
ridge,y_TLT,18,2025-10-13,0.00320188958237666,0.017787895720996618
ridge,y_TLT,19,2025-10-13,0.00320188958237666,0.018090017031442706
ridge,y_TLT,20,2025-10-13,0.00320188958237666,0.026395680952757277
ridge,y_TLT,18,2025-10-14,-0.0022011194318288796,0.011450926584889259
ridge,y_TLT,19,2025-10-14,-0.0022011194318288796,0.011878317057070938
ridge,y_TLT,20,2025-10-14,-0.0022011194318288796,0.011880921376178893
ridge,y_TLT,18,2025-10-15,0.007500537974762134,-0.07007848619900969
ridge,y_TLT,19,2025-10-15,0.007500537974762134,-0.07516894768115025
ridge,y_TLT,20,2025-10-15,0.007500537974762134,-0.08424456077253525
ridge,y_TLT,18,2025-10-16,-0.0015328821987558028,0.03899863279806254
ridge,y_TLT,19,2025-10-16,-0.0015328821987558028,0.04400584853193881
ridge,y_TLT,20,2025-10-16,-0.0015328821987558028,0.05125930210363936
ridge,y_TLT,18,2025-10-20,0.004915340872299723,-0.0010991281365289158
ridge,y_TLT,19,2025-10-20,0.004915340872299723,-0.0019446478904914734
ridge,y_TLT,20,2025-10-20,0.004915340872299723,-0.004615334210806872
ridge,y_TLT,18,2025-10-21,0.0006521280893743153,0.005447601570223102
ridge,y_TLT,19,2025-10-21,0.0006521280893743153,0.005709428657912057
ridge,y_TLT,20,2025-10-21,0.0006521280893743153,0.004905754154136517
ridge,y_TLT,18,2025-10-22,-0.006843220085080759,0.026951191582083665
ridge,y_TLT,19,2025-10-22,-0.006843220085080759,0.033578786364195846
ridge,y_TLT,20,2025-10-22,-0.006843220085080759,0.04024580597427857
ridge,y_TLT,18,2025-10-23,0.00043746238167674534,0.0037592650447767335
ridge,y_TLT,19,2025-10-23,0.00043746238167674534,0.0029455831605295184
ridge,y_TLT,20,2025-10-23,0.00043746238167674534,0.0007959675621028951
ridge,y_TLT,18,2025-10-27,0.0026148494906041986,-0.008731151033069514
ridge,y_TLT,19,2025-10-27,0.0026148494906041986,-0.011167637867077631
ridge,y_TLT,20,2025-10-27,0.0026148494906041986,-0.01054360433321036
ridge,y_TLT,18,2025-10-28,-0.010106464087642153,0.0033796653887892855
ridge,y_TLT,19,2025-10-28,-0.010106464087642153,0.005860644330287388
ridge,y_TLT,20,2025-10-28,-0.010106464087642153,0.0037554056088631993
ridge,y_TLT,18,2025-10-29,-0.005818438879822585,-0.001508089520698095
ridge,y_TLT,19,2025-10-29,-0.005818438879822585,-0.0009703484426527834
ridge,y_TLT,20,2025-10-29,-0.005818438879822585,-0.0018155504455635754
ridge,y_TLT,18,2025-10-30,-0.0029814108591097455,0.017608718827131185
ridge,y_TLT,19,2025-10-30,-0.0029814108591097455,0.015595646631978937
ridge,y_TLT,20,2025-10-30,-0.0029814108591097455,0.01637440851207315
ridge,y_TLT,19,2025-11-03,0.0022287640478515502,0.021534396899630485
ridge,y_TLT,20,2025-11-03,0.0022287640478515502,0.021025709231429674
ridge,y_TLT,21,2025-11-03,0.0022287640478515502,0.018743469293226647
ridge,y_TLT,19,2025-11-04,-0.010896192955859307,-0.016006372056301763
ridge,y_TLT,20,2025-11-04,-0.010896192955859307,-0.009837973564731218
ridge,y_TLT,21,2025-11-04,-0.010896192955859307,-0.004484085656071269
ridge,y_TLT,19,2025-11-05,0.008992787599684027,0.015913483497852397
ridge,y_TLT,20,2025-11-05,0.008992787599684027,0.021271874054562694
ridge,y_TLT,21,2025-11-05,0.008992787599684027,0.019446260719069693
ridge,y_TLT,19,2025-11-06,-0.0021167504796820724,0.0033653034689340436
ridge,y_TLT,20,2025-11-06,-0.0021167504796820724,0.007532118072355356
ridge,y_TLT,21,2025-11-06,-0.0021167504796820724,0.007746825261598556
ridge,y_TLT,19,2025-11-10,0.004578504336231415,0.0024018815959880578
ridge,y_TLT,20,2025-11-10,0.004578504336231415,0.003883726714226025
ridge,y_TLT,21,2025-11-10,0.004578504336231415,0.006909119060847407
ridge,y_TLT,19,2025-11-11,0.0017784956664927964,-0.03631906580695943
ridge,y_TLT,20,2025-11-11,0.0017784956664927964,-0.022840355970675304
ridge,y_TLT,21,2025-11-11,0.0017784956664927964,-0.02652778509678715
ridge,y_TLT,19,2025-11-12,-0.008211293683568655,0.005515411208899396
ridge,y_TLT,20,2025-11-12,-0.008211293683568655,0.007834252967049713
ridge,y_TLT,21,2025-11-12,-0.008211293683568655,0.005344945331135607
ridge,y_TLT,19,2025-11-13,-0.005705996575483985,0.006805348165436568
ridge,y_TLT,20,2025-11-13,-0.005705996575483985,0.01112570026839094
ridge,y_TLT,21,2025-11-13,-0.005705996575483985,0.010847176995087903
ridge,y_TLT,19,2025-11-17,-0.0003367190030822975,0.0030712933494688416
ridge,y_TLT,20,2025-11-17,-0.0003367190030822975,0.0030265093755890062
ridge,y_TLT,21,2025-11-17,-0.0003367190030822975,0.00370125331239755
ridge,y_TLT,19,2025-11-18,-0.002021081450251816,-0.0010137146408949254
ridge,y_TLT,20,2025-11-18,-0.002021081450251816,-0.0018269291014383182
ridge,y_TLT,21,2025-11-18,-0.002021081450251816,-0.0014675445133273176
ridge,y_TLT,19,2025-11-19,0.003937902197598708,-0.001395004898586106
ridge,y_TLT,20,2025-11-19,0.003937902197598708,-0.0019531550738643476
ridge,y_TLT,21,2025-11-19,0.003937902197598708,-0.002826774052184903
ridge,y_TLT,19,2025-11-20,0.0030258896321135875,-0.014994383005299358
ridge,y_TLT,20,2025-11-20,0.0030258896321135875,-0.011810606815378823
ridge,y_TLT,21,2025-11-20,0.0030258896321135875,-0.00899649502281299
ridge,y_TLT,20,2025-11-24,0.0025552694196606662,0.0038052109959242665
ridge,y_TLT,21,2025-11-24,0.0025552694196606662,0.004570715992558519
ridge,y_TLT,22,2025-11-24,0.0025552694196606662,0.004293634140670784
ridge,y_TLT,20,2025-11-25,0.004432486001140656,0.0047633741974152655
ridge,y_TLT,21,2025-11-25,0.004432486001140656,0.006530353472497351
ridge,y_TLT,22,2025-11-25,0.004432486001140656,0.006004316828039474
ridge,y_TLT,20,2025-12-01,0.00045047996450375827,0.005218311562337071
ridge,y_TLT,21,2025-12-01,0.00045047996450375827,0.004896555169347155
ridge,y_TLT,22,2025-12-01,0.00045047996450375827,0.004911104975071314
ridge,y_TLT,20,2025-12-02,0.00281501375412474,-0.022811140930049847
ridge,y_TLT,21,2025-12-02,0.00281501375412474,-0.018696031639946188
ridge,y_TLT,22,2025-12-02,0.00281501375412474,-0.01759319792714105
ridge,y_TLT,20,2025-12-03,-0.005389543589051082,0.0032483443874453356
ridge,y_TLT,21,2025-12-03,-0.005389543589051082,0.002269622006416113
ridge,y_TLT,22,2025-12-03,-0.005389543589051082,0.001215539675644699
ridge,y_TLT,20,2025-12-04,-0.004628630173311277,0.002618742784670715
ridge,y_TLT,21,2025-12-04,-0.004628630173311277,0.0019453195137016915
ridge,y_TLT,22,2025-12-04,-0.004628630173311277,0.001116679913180424
ridge,y_TLT,20,2025-12-08,0.001024108283190106,-0.13597917870031243
ridge,y_TLT,21,2025-12-08,0.001024108283190106,-0.12356175637808939
ridge,y_TLT,22,2025-12-08,0.001024108283190106,-0.11020050341223063
ridge,y_TLT,20,2025-12-09,0.003865041590169538,-0.02404723885988642
ridge,y_TLT,21,2025-12-09,0.003865041590169538,-0.024162500225602603
ridge,y_TLT,22,2025-12-09,0.003865041590169538,-0.02424052973511
ridge,y_TLT,20,2025-12-10,-0.0013588288146481053,-0.01222479624711823
ridge,y_TLT,21,2025-12-10,-0.0013588288146481053,-0.011920678205910798
ridge,y_TLT,22,2025-12-10,-0.0013588288146481053,-0.014921383376484333
ridge,y_TLT,20,2025-12-11,-0.009638367263681946,0.008345358148267788
ridge,y_TLT,21,2025-12-11,-0.009638367263681946,0.008425253313442956
ridge,y_TLT,22,2025-12-11,-0.009638367263681946,0.006294478112135544
ridge,y_TLT,21,2025-12-15,0.005491907150900088,0.005690001930042873
ridge,y_TLT,22,2025-12-15,0.005491907150900088,0.006441602441387863
ridge,y_TLT,23,2025-12-15,0.005491907150900088,0.005848172790314624
ridge,y_TLT,21,2025-12-16,-0.0009103477333474164,-0.006863411174819353
ridge,y_TLT,22,2025-12-16,-0.0009103477333474164,-0.006067750863866933
ridge,y_TLT,23,2025-12-16,-0.0009103477333474164,-0.007802009657491274
ridge,y_TLT,21,2025-12-17,0.004783702377240351,-0.011159923614791801
ridge,y_TLT,22,2025-12-17,0.004783702377240351,-0.009578063836172717
ridge,y_TLT,23,2025-12-17,0.004783702377240351,-0.008057637973699757
ridge,y_TLT,21,2025-12-18,-0.0037324594473431283,0.014615231275715023
ridge,y_TLT,22,2025-12-18,-0.0037324594473431283,0.007219681428429295
ridge,y_TLT,23,2025-12-18,-0.0037324594473431283,0.013306474602578552
ridge,y_TLT,21,2025-12-23,0.006057222153968311,0.008326462756813074
ridge,y_TLT,22,2025-12-23,0.006057222153968311,0.010596120953228788
ridge,y_TLT,23,2025-12-23,0.006057222153968311,0.007411344940858648
ridge,y_TLT,21,2025-12-29,-0.0023846097872392003,-0.0008877210044052177
ridge,y_TLT,22,2025-12-29,-0.0023846097872392003,-0.0012684206871077226
ridge,y_TLT,23,2025-12-29,-0.0023846097872392003,-0.00251137500382538
ridge,y_TLT,21,2025-12-30,-0.007967145244616503,0.008879762231187291
ridge,y_TLT,22,2025-12-30,-0.007967145244616503,0.00657379489787713
ridge,y_TLT,23,2025-12-30,-0.007967145244616503,0.006928340912745873
ridge,y_TLT,22,2026-01-05,-0.002058156947074785,0.03067479681866427
ridge,y_TLT,23,2026-01-05,-0.002058156947074785,0.03411081374918548
ridge,y_TLT,24,2026-01-05,-0.002058156947074785,0.0345841435843308
ridge,y_TLT,22,2026-01-06,0.0058433247330964555,0.017205275976458805
ridge,y_TLT,23,2026-01-06,0.0058433247330964555,0.017347219191887607
ridge,y_TLT,24,2026-01-06,0.0058433247330964555,0.017507290098034586
ridge,y_TLT,22,2026-01-07,-0.0050120026531351725,0.015507536754713546
ridge,y_TLT,23,2026-01-07,-0.0050120026531351725,0.017590436926803617
ridge,y_TLT,24,2026-01-07,-0.0050120026531351725,0.014631178830211792
ridge,y_TLT,22,2026-01-08,0.006639946543332664,-0.008300954363116116
ridge,y_TLT,23,2026-01-08,0.006639946543332664,-0.005638185757351267
ridge,y_TLT,24,2026-01-08,0.006639946543332664,-0.005791944795638215
ridge,y_TLT,22,2026-01-12,0.0017109640797461356,0.014118243907033031
ridge,y_TLT,23,2026-01-12,0.0017109640797461356,0.01022505023102588
ridge,y_TLT,24,2026-01-12,0.0017109640797461356,0.00805030030047531
ridge,y_TLT,22,2026-01-13,0.005807394216650108,0.001319345353579052
ridge,y_TLT,23,2026-01-13,0.005807394216650108,0.0013743086846225733
ridge,y_TLT,24,2026-01-13,0.005807394216650108,0.0027390624847690452
ridge,y_TLT,22,2026-01-14,-0.00022644135621230355,0.02019555916821438
ridge,y_TLT,23,2026-01-14,-0.00022644135621230355,0.020397698445290522
ridge,y_TLT,24,2026-01-14,-0.00022644135621230355,0.020136508165094606
ridge,y_TLT,22,2026-01-15,-0.005775170854895317,0.009089115147012565
ridge,y_TLT,23,2026-01-15,-0.005775170854895317,0.011903553256605944
ridge,y_TLT,24,2026-01-15,-0.005775170854895317,0.011929350948820543
ridge,y_TLT,22,2026-01-21,0.004352296548640222,0.0051287302781953875
ridge,y_TLT,23,2026-01-21,0.004352296548640222,0.005085909416963451
ridge,y_TLT,24,2026-01-21,0.004352296548640222,0.004289352223775215
ridge,y_TLT,22,2026-01-22,0.002736865534053834,0.00835782844189987
ridge,y_TLT,23,2026-01-22,0.002736865534053834,0.010852093088799374
ridge,y_TLT,24,2026-01-22,0.002736865534053834,0.009780593523488465
ridge,y_TLT,23,2026-01-26,-0.006225249724905124,0.012213521242285587
ridge,y_TLT,24,2026-01-26,-0.006225249724905124,0.012734979248812627
ridge,y_TLT,23,2026-01-27,-0.0022779077170819173,-0.0004886520001563023
ridge,y_TLT,24,2026-01-27,-0.0022779077170819173,0.0013102992274826894
ridge,y_TLT,23,2026-01-28,0.00022832838621833496,-0.004706953323393539
ridge,y_TLT,24,2026-01-28,0.00022832838621833496,-0.006751621376077186
ridge,y_TLT,23,2026-01-29,-0.005592373836365461,0.004742834892147292
ridge,y_TLT,24,2026-01-29,-0.005592373836365461,0.0036553452762311312
ridge,y_TLT,23,2026-02-02,0.0024263524124314984,0.021796429617162785
ridge,y_TLT,24,2026-02-02,0.0024263524124314984,0.022036511109675465
ridge,y_TLT,23,2026-02-03,-0.0025357950217211878,0.002444552272724369
ridge,y_TLT,24,2026-02-03,-0.0025357950217211878,0.0020556135823788834
ridge,y_TLT,23,2026-02-04,0.010862088013517734,0.007373687894175485
ridge,y_TLT,24,2026-02-04,0.010862088013517734,0.007822500460390732
ridge,y_TLT,23,2026-02-05,0.0006858486703522626,0.009262674337828007
ridge,y_TLT,24,2026-02-05,0.0006858486703522626,0.00865848943705764
ridge,y_TLT,23,2026-02-09,0.011540222236566144,0.008197032814944381
ridge,y_TLT,24,2026-02-09,0.011540222236566144,0.008858708715287746
ridge,y_TLT,23,2026-02-10,-0.005308963519119914,0.00246620562498508
ridge,y_TLT,24,2026-02-10,-0.005308963519119914,0.0018911418447347217
ridge,y_TLT,23,2026-02-11,0.013286484481064065,-0.0024418705445175487
ridge,y_TLT,24,2026-02-11,0.013286484481064065,-0.002468589701105463
ridge,y_TLT,23,2026-02-12,0.005491390299201537,-0.010027877945650323
ridge,y_TLT,24,2026-02-12,0.005491390299201537,-0.011493541349844646
ridge,y_TLT,24,2026-02-17,-0.003783260895432794,0.01388153866853132
ridge,y_TLT,24,2026-02-18,0.001005302332834912,-0.009426863374223672
ridge,y_TLT,24,2026-02-19,-0.0023432357836378204,0.003613824298914272
ridge,y_TLT,24,2026-02-23,0.0017830125807176689,0.006366666156964967
ridge,y_TLT,24,2026-02-24,0.00011128783956837474,-0.027121356749948256
ridge,y_TLT,24,2026-02-25,0.004003873101027233,0.021506436683649998
ridge,y_TLT,24,2026-02-26,0.006092860344002027,0.00034566891341365557
ridge,y_TLT,24,2026-03-02,-0.0020087077775891027,0.011540276339658841
ridge,y_TLT,24,2026-03-03,-0.003130926739812079,-0.011722337493775254
ridge,y_TLT,24,2026-03-04,-0.004038144746941641,0.018571872743798377
ridge,y_TLT,24,2026-03-05,-0.003716655340150754,-0.0013606517595782836
ridge,y_UUP,0,2024-08-05,0.0031678691271028736,0.004055017920348291
ridge,y_UUP,0,2024-08-06,0.0021053400598705085,0.0011147998120843979
ridge,y_UUP,0,2024-08-07,0.00140053909530935,-0.015381942826939138
ridge,y_UUP,0,2024-08-08,-0.0010489893071279344,-0.0031889979905704775
ridge,y_UUP,0,2024-08-12,-0.005250237737016383,-0.008420623441755783
ridge,y_UUP,0,2024-08-13,0.0010556331662778806,0.021259713335021264
ridge,y_UUP,0,2024-08-14,0.0035149216787224713,0.004488692105683432
ridge,y_UUP,0,2024-08-15,-0.004903712154580742,0.0022408066780716983
ridge,y_UUP,0,2024-08-19,-0.003538626535241951,0.005231744840894272
ridge,y_UUP,0,2024-08-20,-0.003195993064965208,0.018235575150006164
ridge,y_UUP,0,2024-08-21,0.004631301106177377,-0.021453235094352905
ridge,y_UUP,0,2024-08-22,-0.00851072944336928,-0.0018730817068756194
ridge,y_UUP,0,2024-08-26,-0.003211961501488503,0.0007263280927873295
ridge,y_UUP,1,2024-08-26,-0.003211961501488503,-0.00040559207137462906
ridge,y_UUP,0,2024-08-27,0.0057285946796914455,-0.0006368657882695507
ridge,y_UUP,1,2024-08-27,0.0057285946796914455,0.00045797970538226005
ridge,y_UUP,0,2024-08-28,0.0035599688300904653,-0.003714451978952906
ridge,y_UUP,1,2024-08-28,0.0035599688300904653,-0.0028186675536386245
ridge,y_UUP,0,2024-08-29,0.002837916204430524,0.00766841212399069
ridge,y_UUP,1,2024-08-29,0.002837916204430524,0.0065842644917113715
ridge,y_UUP,0,2024-09-03,-0.004943537525047281,-0.001199305476685907
ridge,y_UUP,1,2024-09-03,-0.004943537525047281,-0.0021455994298123907
ridge,y_UUP,0,2024-09-04,-0.0014194250768803096,-0.005226903202709382
ridge,y_UUP,1,2024-09-04,-0.0014194250768803096,-0.0044371098279731925
ridge,y_UUP,0,2024-09-05,0.001421442708305909,-0.0014876906277217828
ridge,y_UUP,1,2024-09-05,0.001421442708305909,-0.0036258228255983817
ridge,y_UUP,0,2024-09-09,0.0003533698120341544,-0.008282012052118821
ridge,y_UUP,1,2024-09-09,0.0003533698120341544,-0.00875085023967789
ridge,y_UUP,0,2024-09-10,0.0010598077767638436,-0.010811405915475905
ridge,y_UUP,1,2024-09-10,0.0010598077767638436,-0.012446421395169277
ridge,y_UUP,0,2024-09-11,-0.0042343793838367505,0.011291995810763495
ridge,y_UUP,1,2024-09-11,-0.0042343793838367505,0.014674608502200053
ridge,y_UUP,0,2024-09-12,-0.0014174131650894761,-0.007716763591221156
ridge,y_UUP,1,2024-09-12,-0.0014174131650894761,-0.006889609861135359
ridge,y_UUP,2,2024-09-12,-0.0014174131650894761,-0.007445973857608029
ridge,y_UUP,0,2024-09-16,0.003203957269218627,0.0496527235135432
ridge,y_UUP,1,2024-09-16,0.003203957269218627,0.04590245345121692
ridge,y_UUP,2,2024-09-16,0.003203957269218627,0.040721537859167274
ridge,y_UUP,0,2024-09-17,0.001064623673856513,0.0021547988178472017
ridge,y_UUP,1,2024-09-17,0.001064623673856513,-0.00013380224278161366
ridge,y_UUP,2,2024-09-17,0.001064623673856513,-0.0024514269467052004
ridge,y_UUP,0,2024-09-18,-0.004253819668445957,-0.017287685864133834
ridge,y_UUP,1,2024-09-18,-0.004253819668445957,-0.01623149537660476
ridge,y_UUP,2,2024-09-18,-0.004253819668445957,-0.0134434297787564
ridge,y_UUP,0,2024-09-19,0.0017799844150452326,0.0008783884329829198
ridge,y_UUP,1,2024-09-19,0.0017799844150452326,0.001130252023320587
ridge,y_UUP,2,2024-09-19,0.0017799844150452326,0.0075850665020110565
ridge,y_UUP,0,2024-09-23,-0.005677773462449798,0.011984133196211645
ridge,y_UUP,1,2024-09-23,-0.005677773462449798,0.010149342891386203
ridge,y_UUP,2,2024-09-23,-0.005677773462449798,0.009914353917798942
ridge,y_UUP,0,2024-09-24,0.006780897536390107,-0.004783029853589892
ridge,y_UUP,1,2024-09-24,0.006780897536390107,-0.00542224384271728
ridge,y_UUP,2,2024-09-24,0.006780897536390107,-0.0040513055456842225
ridge,y_UUP,0,2024-09-25,-0.004608389897466925,-0.005700176814362006
ridge,y_UUP,1,2024-09-25,-0.004608389897466925,-0.006165149786223729
ridge,y_UUP,2,2024-09-25,-0.004608389897466925,-0.005226470209478015
ridge,y_UUP,0,2024-09-26,-0.0003560649609319899,0.01480685412772145
ridge,y_UUP,1,2024-09-26,-0.0003560649609319899,0.014024561322565545
ridge,y_UUP,2,2024-09-26,-0.0003560649609319899,0.015179773372396212
ridge,y_UUP,0,2024-09-30,0.004258275230641262,0.0207794114076684
ridge,y_UUP,1,2024-09-30,0.004258275230641262,0.019316777296660256
ridge,y_UUP,2,2024-09-30,0.004258275230641262,0.017801437436244526
ridge,y_UUP,0,2024-10-01,0.0042403648996767185,-0.0005728196848317658
ridge,y_UUP,1,2024-10-01,0.0042403648996767185,0.00014572679819635184
ridge,y_UUP,2,2024-10-01,0.0042403648996767185,0.0034516698575815996
ridge,y_UUP,0,2024-10-02,0.0031667544245304047,-0.021089449674681317
ridge,y_UUP,1,2024-10-02,0.0031667544245304047,-0.018705358549995964
ridge,y_UUP,2,2024-10-02,0.0031667544245304047,-0.02013899046043083
ridge,y_UUP,0,2024-10-03,0.005612126253534466,-0.001728160457988067
ridge,y_UUP,1,2024-10-03,0.005612126253534466,0.0003194878973191902
ridge,y_UUP,2,2024-10-03,0.005612126253534466,0.0024369553358256583
ridge,y_UUP,1,2024-10-07,0.0,-0.001184930193703024
ridge,y_UUP,2,2024-10-07,0.0,-0.0030066352004671313
ridge,y_UUP,3,2024-10-07,0.0,-0.002226204633737453
ridge,y_UUP,1,2024-10-08,0.0045311450475142845,-0.02197107521517998
ridge,y_UUP,2,2024-10-08,0.0045311450475142845,-0.017309301225191767
ridge,y_UUP,3,2024-10-08,0.0045311450475142845,-0.02020038720112598
ridge,y_UUP,1,2024-10-09,-0.00034699392106130045,-0.006114469701085227
ridge,y_UUP,2,2024-10-09,-0.00034699392106130045,-0.006393295131695439
ridge,y_UUP,3,2024-10-09,-0.00034699392106130045,-0.005918220132884619
ridge,y_UUP,1,2024-10-10,0.0006942287352738052,0.007365337505930903
ridge,y_UUP,2,2024-10-10,0.0006942287352738052,0.008365495306297521
ridge,y_UUP,3,2024-10-10,0.0006942287352738052,0.00713368715370779
ridge,y_UUP,1,2024-10-14,0.0006915881721456518,-0.006690252602943754
ridge,y_UUP,2,2024-10-14,0.0006915881721456518,-0.007550227441704482
ridge,y_UUP,3,2024-10-14,0.0006915881721456518,-0.007216251684364133
ridge,y_UUP,1,2024-10-15,0.002764369600211758,-0.005511538755204502
ridge,y_UUP,2,2024-10-15,0.002764369600211758,-0.0027758460277458835
ridge,y_UUP,3,2024-10-15,0.002764369600211758,-0.0030555106722499527
ridge,y_UUP,1,2024-10-16,0.00310128038545443,0.0010046772655553646
ridge,y_UUP,2,2024-10-16,0.00310128038545443,0.0015126384886680931
ridge,y_UUP,3,2024-10-16,0.00310128038545443,0.002729906363107038
ridge,y_UUP,1,2024-10-17,-0.0027481550903893925,0.009757548946342029
ridge,y_UUP,2,2024-10-17,-0.0027481550903893925,0.00946594901135458
ridge,y_UUP,3,2024-10-17,-0.0027481550903893925,0.009239630867323769
ridge,y_UUP,1,2024-10-21,0.0010287734181690933,0.00679166735509538
ridge,y_UUP,2,2024-10-21,0.0010287734181690933,0.009519147845325347
ridge,y_UUP,3,2024-10-21,0.0010287734181690933,0.011165877936718666
ridge,y_UUP,1,2024-10-22,0.0034258852257471606,-0.006411903494415069
ridge,y_UUP,2,2024-10-22,0.0034258852257471606,-0.007775035440664346
ridge,y_UUP,3,2024-10-22,0.0034258852257471606,-0.006281143896362277
ridge,y_UUP,1,2024-10-23,-0.003755544123860366,-0.022453004420757733
ridge,y_UUP,2,2024-10-23,-0.003755544123860366,-0.022895559026622138
ridge,y_UUP,3,2024-10-23,-0.003755544123860366,-0.02527698335251427
ridge,y_UUP,1,2024-10-24,0.0034269884311235455,-0.02632814934822977
ridge,y_UUP,2,2024-10-24,0.0034269884311235455,-0.02419960543040173
ridge,y_UUP,3,2024-10-24,0.0034269884311235455,-0.028630240042866937
ridge,y_UUP,2,2024-10-28,0.0003415425104607017,0.09273761642448168
ridge,y_UUP,3,2024-10-28,0.0003415425104607017,0.07690651091193287
ridge,y_UUP,4,2024-10-28,0.0003415425104607017,0.07193327839831919
ridge,y_UUP,2,2024-10-29,-0.002389981293013821,-0.02297604885561894
ridge,y_UUP,3,2024-10-29,-0.002389981293013821,-0.013447015799468753
ridge,y_UUP,4,2024-10-29,-0.002389981293013821,-0.015013312095053058
ridge,y_UUP,2,2024-10-30,-0.0006844171596310789,-0.002805825146825854
ridge,y_UUP,3,2024-10-30,-0.0006844171596310789,-0.003676507780756033
ridge,y_UUP,4,2024-10-30,-0.0006844171596310789,-0.0055147887211777925
ridge,y_UUP,2,2024-10-31,0.004109597841857271,0.031197664680846234
ridge,y_UUP,3,2024-10-31,0.004109597841857271,0.028643489438325377
ridge,y_UUP,4,2024-10-31,0.004109597841857271,0.030486050496262948
ridge,y_UUP,2,2024-11-04,-0.004108120590407882,0.016659919815128484
ridge,y_UUP,3,2024-11-04,-0.004108120590407882,0.019586174548123638
ridge,y_UUP,4,2024-11-04,-0.004108120590407882,0.01712932999789415
ridge,y_UUP,2,2024-11-05,0.016156706761030648,-0.005489947667229289
ridge,y_UUP,3,2024-11-05,0.016156706761030648,-0.0031624153405628436
ridge,y_UUP,4,2024-11-05,0.016156706761030648,-0.0022315909207389897
ridge,y_UUP,2,2024-11-06,-0.00811902783953622,0.005497807893472905
ridge,y_UUP,3,2024-11-06,-0.00811902783953622,0.0048160802800095125
ridge,y_UUP,4,2024-11-06,-0.00811902783953622,0.004154868687588014
ridge,y_UUP,2,2024-11-07,0.006821320386064089,-0.0017048058007705
ridge,y_UUP,3,2024-11-07,0.006821320386064089,-0.0021336016264684433
ridge,y_UUP,4,2024-11-07,0.006821320386064089,-6.390114050738936e-05
ridge,y_UUP,2,2024-11-11,0.004378599693808161,-0.004830392445843965
ridge,y_UUP,3,2024-11-11,0.004378599693808161,-0.005050074707205367
ridge,y_UUP,4,2024-11-11,0.004378599693808161,-0.0016104693686705162
ridge,y_UUP,2,2024-11-12,0.00570087259354457,-0.004601052103339929
ridge,y_UUP,3,2024-11-12,0.00570087259354457,-0.0026165247439269273
ridge,y_UUP,4,2024-11-12,0.00570087259354457,-0.001568908421149721
ridge,y_UUP,2,2024-11-13,0.0040013423503419965,-0.0009402187735471749
ridge,y_UUP,3,2024-11-13,0.0040013423503419965,-0.00022541673734857408
ridge,y_UUP,4,2024-11-13,0.0040013423503419965,-0.0008805964597736367
ridge,y_UUP,2,2024-11-14,-0.0009963146218071595,-0.06491299578855421
ridge,y_UUP,3,2024-11-14,-0.0009963146218071595,-0.05109059331609611
ridge,y_UUP,4,2024-11-14,-0.0009963146218071595,-0.07106632627406813
ridge,y_UUP,3,2024-11-18,-0.0003341939815605377,0.0037703629077316648
ridge,y_UUP,4,2024-11-18,-0.0003341939815605377,0.0036529167405104815
ridge,y_UUP,5,2024-11-18,-0.0003341939815605377,0.0008867400452711336
ridge,y_UUP,3,2024-11-19,0.005013414257545978,-0.07579453558107438
ridge,y_UUP,4,2024-11-19,0.005013414257545978,-0.06961218309518608
ridge,y_UUP,5,2024-11-19,0.005013414257545978,-0.062302840304260525
ridge,y_UUP,3,2024-11-20,0.0033255578388811102,-0.01678829210152371
ridge,y_UUP,4,2024-11-20,0.0033255578388811102,-0.01875836871255889
ridge,y_UUP,5,2024-11-20,0.0033255578388811102,-0.019404548069003595
ridge,y_UUP,3,2024-11-21,0.00530326992272534,-0.01779950151201401
ridge,y_UUP,4,2024-11-21,0.00530326992272534,-0.022034113702768834
ridge,y_UUP,5,2024-11-21,0.00530326992272534,-0.02353737895166762
ridge,y_UUP,3,2024-11-25,0.0013280696947759463,0.002357912741082043
ridge,y_UUP,4,2024-11-25,0.0013280696947759463,0.0023213755799093476
ridge,y_UUP,5,2024-11-25,0.0013280696947759463,0.002788683007149131
ridge,y_UUP,3,2024-11-26,-0.008620798665325391,-0.005595368535620951
ridge,y_UUP,4,2024-11-26,-0.008620798665325391,-0.007464528275900509
ridge,y_UUP,5,2024-11-26,-0.008620798665325391,-0.00391837641627145
ridge,y_UUP,3,2024-12-02,-0.00033294384623994144,0.00994146320440501
ridge,y_UUP,4,2024-12-02,-0.00033294384623994144,0.01873836935251839
ridge,y_UUP,5,2024-12-02,-0.00033294384623994144,0.013111967758752455
ridge,y_UUP,3,2024-12-03,-0.00033312340584390476,-0.014663091305418798
ridge,y_UUP,4,2024-12-03,-0.00033312340584390476,-0.01013465582867629
ridge,y_UUP,5,2024-12-03,-0.00033312340584390476,-0.0133984934151214
ridge,y_UUP,3,2024-12-04,-0.00533154454253959,-0.0022803348460039077
ridge,y_UUP,4,2024-12-04,-0.00533154454253959,-0.0026557728713421792
ridge,y_UUP,5,2024-12-04,-0.00533154454253959,-0.0027865355679540685
ridge,y_UUP,3,2024-12-05,0.002680095667681792,0.009990019885843377
ridge,y_UUP,4,2024-12-05,0.002680095667681792,0.014338261984151616
ridge,y_UUP,5,2024-12-05,0.002680095667681792,0.011721099424410795
ridge,y_UUP,4,2024-12-09,0.0023349064177400347,-0.01438873866702149
ridge,y_UUP,5,2024-12-09,0.0023349064177400347,-0.01387451999445189
ridge,y_UUP,6,2024-12-09,0.0023349064177400347,-0.014287846293953405
ridge,y_UUP,4,2024-12-10,0.0033277712693038364,-0.0089534577508708
ridge,y_UUP,5,2024-12-10,0.0033277712693038364,-0.008527111200636345
ridge,y_UUP,6,2024-12-10,0.0033277712693038364,-0.011265713841945083
ridge,y_UUP,4,2024-12-11,0.0033167339373989524,-0.00019885761841107835
ridge,y_UUP,5,2024-12-11,0.0033167339373989524,-0.00019471634528448058
ridge,y_UUP,6,2024-12-11,0.0033167339373989524,-0.0001679944197857464
ridge,y_UUP,4,2024-12-12,0.00033059058771600647,0.010091191542202598
ridge,y_UUP,5,2024-12-12,0.00033059058771600647,0.005795661999679107
ridge,y_UUP,6,2024-12-12,0.00033059058771600647,0.006267574968736725
ridge,y_UUP,4,2024-12-16,0.000993016674382341,0.02222755611864972
ridge,y_UUP,5,2024-12-16,0.000993016674382341,0.018130814699513092
ridge,y_UUP,6,2024-12-16,0.000993016674382341,0.021958728172440323
ridge,y_UUP,4,2024-12-17,0.01157408796085968,0.0027530211758057975
ridge,y_UUP,5,2024-12-17,0.01157408796085968,0.0027374602459015822
ridge,y_UUP,6,2024-12-17,0.01157408796085968,0.0037443218988885375
ridge,y_UUP,4,2024-12-18,0.0019614295542853544,-0.0022370494147409456
ridge,y_UUP,5,2024-12-18,0.0019614295542853544,-0.0014261115069995028
ridge,y_UUP,6,2024-12-18,0.0019614295542853544,-0.001362568553252241
ridge,y_UUP,4,2024-12-19,-0.004893941069314178,0.019096990382298052
ridge,y_UUP,5,2024-12-19,-0.004893941069314178,0.018583209430806644
ridge,y_UUP,6,2024-12-19,-0.004893941069314178,0.014690549109758115
ridge,y_UUP,4,2024-12-23,0.0027313151088972365,0.000272602051920703
ridge,y_UUP,5,2024-12-23,0.0027313151088972365,0.0013408710129025046
ridge,y_UUP,6,2024-12-23,0.0027313151088972365,0.000375229860608432
ridge,y_UUP,4,2024-12-26,-0.0017059239823745687,0.013148763284555203
ridge,y_UUP,5,2024-12-26,-0.0017059239823745687,0.012580349158220663
ridge,y_UUP,6,2024-12-26,-0.0017059239823745687,0.014797518377409063
ridge,y_UUP,5,2024-12-30,0.004438336544380528,0.011459150397282961
ridge,y_UUP,6,2024-12-30,0.004438336544380528,0.011276398927898395
ridge,y_UUP,7,2024-12-30,0.004438336544380528,0.006599304216848603
ridge,y_UUP,5,2025-01-02,-0.003033391976163702,0.003830445918365176
ridge,y_UUP,6,2025-01-02,-0.003033391976163702,0.003490364492429847
ridge,y_UUP,7,2025-01-02,-0.003033391976163702,0.0019005710032080792
ridge,y_UUP,5,2025-01-06,0.003742763232691848,0.0006796560304364659
ridge,y_UUP,6,2025-01-06,0.003742763232691848,0.005237184049459667
ridge,y_UUP,7,2025-01-06,0.003742763232691848,0.006670929012539441
ridge,y_UUP,5,2025-01-07,0.0037288071902383813,0.0018381721727332872
ridge,y_UUP,6,2025-01-07,0.0037288071902383813,0.003000840634222838
ridge,y_UUP,7,2025-01-07,0.0037288071902383813,0.0034578293665388964
ridge,y_UUP,5,2025-01-13,-0.00636516016943478,0.010353587713619126
ridge,y_UUP,6,2025-01-13,-0.00636516016943478,0.011038756576671896
ridge,y_UUP,7,2025-01-13,-0.00636516016943478,0.009794876355319754
ridge,y_UUP,5,2025-01-14,-0.001685793361994814,0.0023485371917178746
ridge,y_UUP,6,2025-01-14,-0.001685793361994814,0.00139429903656721
ridge,y_UUP,7,2025-01-14,-0.001685793361994814,-0.0003452065753660579
ridge,y_UUP,5,2025-01-15,0.0,0.026659350494553622
ridge,y_UUP,6,2025-01-15,0.0,0.025081757206498932
ridge,y_UUP,7,2025-01-15,0.0,0.027753417814011354
ridge,y_UUP,5,2025-01-16,0.003714954839920015,0.003360096907474457
ridge,y_UUP,6,2025-01-16,0.003714954839920015,0.0038417286190096057
ridge,y_UUP,7,2025-01-16,0.003714954839920015,0.0018052776458509928
ridge,y_UUP,6,2025-01-21,0.0017041797076291498,-0.0001297807765829456
ridge,y_UUP,7,2025-01-21,0.0017041797076291498,0.0008531847043685442
ridge,y_UUP,8,2025-01-21,0.0017041797076291498,0.0011245074964231876
ridge,y_UUP,6,2025-01-22,-0.00034026950687227053,0.022410977411234326
ridge,y_UUP,7,2025-01-22,-0.00034026950687227053,0.019223801165682734
ridge,y_UUP,8,2025-01-22,-0.00034026950687227053,0.01866098057380939
ridge,y_UUP,6,2025-01-23,-0.006126600247440495,0.01996580363451897
ridge,y_UUP,7,2025-01-23,-0.006126600247440495,0.026257902208673543
ridge,y_UUP,8,2025-01-23,-0.006126600247440495,0.026372198406882527
ridge,y_UUP,6,2025-01-27,0.0041081937115605704,-0.03204149199893026
ridge,y_UUP,7,2025-01-27,0.0041081937115605704,-0.02749809531804735
ridge,y_UUP,8,2025-01-27,0.0041081937115605704,-0.024450759616215054
ridge,y_UUP,6,2025-01-28,0.0020457263794730896,-0.002061585945505353
ridge,y_UUP,7,2025-01-28,0.0020457263794730896,-4.7544800797713464e-05
ridge,y_UUP,8,2025-01-28,0.0020457263794730896,-0.00021601997241269439
ridge,y_UUP,6,2025-01-29,0.0,-0.013098392770555481
ridge,y_UUP,7,2025-01-29,0.0,-0.007564162338133048
ridge,y_UUP,8,2025-01-29,0.0,-0.004261293552502251
ridge,y_UUP,6,2025-01-30,0.00408303273956423,0.008881523650430259
ridge,y_UUP,7,2025-01-30,0.00408303273956423,0.007926532678962943
ridge,y_UUP,8,2025-01-30,0.00408303273956423,0.00835516830039272
ridge,y_UUP,6,2025-02-03,-0.009109254016368307,-0.006893909011024563
ridge,y_UUP,7,2025-02-03,-0.009109254016368307,-0.006955694764600644
ridge,y_UUP,8,2025-02-03,-0.009109254016368307,-0.008022484951150382
ridge,y_UUP,6,2025-02-04,-0.0017024388818798197,0.02559047422960706
ridge,y_UUP,7,2025-02-04,-0.0017024388818798197,0.022262178695505574
ridge,y_UUP,8,2025-02-04,-0.0017024388818798197,0.021335324486924483
ridge,y_UUP,6,2025-02-05,-0.0006821637588596552,-0.00982074026888859
ridge,y_UUP,7,2025-02-05,-0.0006821637588596552,-0.007568343918811279
ridge,y_UUP,8,2025-02-05,-0.0006821637588596552,-0.008786892913829919
ridge,y_UUP,6,2025-02-06,0.004436889294068491,-0.06183597041524917
ridge,y_UUP,7,2025-02-06,0.004436889294068491,-0.057169306058912725
ridge,y_UUP,8,2025-02-06,0.004436889294068491,-0.05397344742242311
ridge,y_UUP,7,2025-02-10,-0.0033875765650906997,-0.013650970350569435
ridge,y_UUP,8,2025-02-10,-0.0033875765650906997,-0.012388621677025605
ridge,y_UUP,9,2025-02-10,-0.0033875765650906997,-0.009649019285523046
ridge,y_UUP,7,2025-02-11,0.0006798450677341084,-0.01561028052233264
ridge,y_UUP,8,2025-02-11,0.0006798450677341084,-0.015316316537070395
ridge,y_UUP,9,2025-02-11,0.0006798450677341084,-0.016148225279166074
ridge,y_UUP,7,2025-02-12,-0.008152196307170345,-0.001516419516799011
ridge,y_UUP,8,2025-02-12,-0.008152196307170345,0.004537777276611024
ridge,y_UUP,9,2025-02-12,-0.008152196307170345,0.0022531328309694796
ridge,y_UUP,7,2025-02-13,-0.0027397336153183183,-0.05065211193112755
ridge,y_UUP,8,2025-02-13,-0.0027397336153183183,-0.04227846134341687
ridge,y_UUP,9,2025-02-13,-0.0027397336153183183,-0.02684153403981483
ridge,y_UUP,7,2025-02-18,0.001028019757339127,-0.057427454635932275
ridge,y_UUP,8,2025-02-18,0.001028019757339127,-0.059891022349797034
ridge,y_UUP,9,2025-02-18,0.001028019757339127,-0.04586162592248203
ridge,y_UUP,7,2025-02-19,-0.007873953537306244,0.04086495921047231
ridge,y_UUP,8,2025-02-19,-0.007873953537306244,0.042928184393451495
ridge,y_UUP,9,2025-02-19,-0.007873953537306244,0.03826131470763489
ridge,y_UUP,7,2025-02-20,0.0034506311046857974,0.004785726929111133
ridge,y_UUP,8,2025-02-20,0.0034506311046857974,0.0058974113981366755
ridge,y_UUP,9,2025-02-20,0.0034506311046857974,0.0055303552395320095
ridge,y_UUP,7,2025-02-24,-0.00378012994298349,0.00021659108732991123
ridge,y_UUP,8,2025-02-24,-0.00378012994298349,0.0016667597707338455
ridge,y_UUP,9,2025-02-24,-0.00378012994298349,-0.008760781837212022
ridge,y_UUP,7,2025-02-25,0.0020697190287868317,-0.008092851613562735
ridge,y_UUP,8,2025-02-25,0.0020697190287868317,-0.008397650027433801
ridge,y_UUP,9,2025-02-25,0.0020697190287868317,-0.004617874467485739
ridge,y_UUP,7,2025-02-26,0.007228884739607366,-0.020871906447678206
ridge,y_UUP,8,2025-02-26,0.007228884739607366,-0.015483566680963377
ridge,y_UUP,9,2025-02-26,0.007228884739607366,-0.014380107028962811
ridge,y_UUP,7,2025-02-27,0.004442954778288044,0.0018633315477144781
ridge,y_UUP,8,2025-02-27,0.004442954778288044,-0.0005590919147917203
ridge,y_UUP,9,2025-02-27,0.004442954778288044,-0.0014813382651338507
ridge,y_UUP,8,2025-03-03,-0.008931696851646742,-0.002150345479433823
ridge,y_UUP,9,2025-03-03,-0.008931696851646742,-0.0014866592494396183
ridge,y_UUP,10,2025-03-03,-0.008931696851646742,-0.0014664917184426906
ridge,y_UUP,8,2025-03-04,-0.012131732478756874,-0.0012069632508126134
ridge,y_UUP,9,2025-03-04,-0.012131732478756874,0.0020335803786760004
ridge,y_UUP,10,2025-03-04,-0.012131732478756874,0.00047487068905417186
ridge,y_UUP,8,2025-03-05,-0.0007017217479134974,0.010988712271240667
ridge,y_UUP,9,2025-03-05,-0.0007017217479134974,0.007296183826737134
ridge,y_UUP,10,2025-03-05,-0.0007017217479134974,0.005025902457700481
ridge,y_UUP,8,2025-03-06,-0.0031601384288568735,-0.0012819172858093133
ridge,y_UUP,9,2025-03-06,-0.0031601384288568735,-0.003621649428109386
ridge,y_UUP,10,2025-03-06,-0.0031601384288568735,-0.0016974831214949108
ridge,y_UUP,8,2025-03-10,-0.005631835324568346,0.012043318257442032
ridge,y_UUP,9,2025-03-10,-0.005631835324568346,0.0046782036828992984
ridge,y_UUP,10,2025-03-10,-0.005631835324568346,-0.0005081286420107399
ridge,y_UUP,8,2025-03-11,0.002477865527757084,0.004957041938247697
ridge,y_UUP,9,2025-03-11,0.002477865527757084,0.0008873240249830068
ridge,y_UUP,10,2025-03-11,0.002477865527757084,0.004557821844882896
ridge,y_UUP,8,2025-03-12,0.003531118108928588,0.0028001120070735583
ridge,y_UUP,9,2025-03-12,0.003531118108928588,0.003118564511759668
ridge,y_UUP,10,2025-03-12,0.003531118108928588,0.003599814671158259
ridge,y_UUP,8,2025-03-13,-0.001055649599290276,-0.0017543907567838602
ridge,y_UUP,9,2025-03-13,-0.001055649599290276,-0.0018168182738212448
ridge,y_UUP,10,2025-03-13,-0.001055649599290276,-0.0010047790889713922
ridge,y_UUP,8,2025-03-17,-0.000707250376537405,0.013142838371918849
ridge,y_UUP,9,2025-03-17,-0.000707250376537405,0.013670872629564759
ridge,y_UUP,10,2025-03-17,-0.000707250376537405,0.01407899700259163
ridge,y_UUP,8,2025-03-18,0.0024769886719366863,-0.002654735616909381
ridge,y_UUP,9,2025-03-18,0.0024769886719366863,-0.0038778915142361962
ridge,y_UUP,10,2025-03-18,0.0024769886719366863,-0.005259811690986994
ridge,y_UUP,8,2025-03-19,0.0028238694461333314,-0.01597934633183677
ridge,y_UUP,9,2025-03-19,0.0028238694461333314,-0.017371939645171194
ridge,y_UUP,10,2025-03-19,0.0028238694461333314,-0.01960163264466047
ridge,y_UUP,8,2025-03-20,0.0031678552980189956,-0.003139664088509306
ridge,y_UUP,9,2025-03-20,0.0031678552980189956,0.0009115165618830896
ridge,y_UUP,10,2025-03-20,0.0031678552980189956,0.00013187684655231117
ridge,y_UUP,9,2025-03-24,-0.001050773740895461,-0.0038440533092684976
ridge,y_UUP,10,2025-03-24,-0.001050773740895461,-0.004082787659317043
ridge,y_UUP,11,2025-03-24,-0.001050773740895461,-0.003469728162980246
ridge,y_UUP,9,2025-03-25,0.004558165507483336,-0.010037671460390125
ridge,y_UUP,10,2025-03-25,0.004558165507483336,-0.004933088977314823
ridge,y_UUP,11,2025-03-25,0.004558165507483336,-0.0032110562507579863
ridge,y_UUP,9,2025-03-26,-0.0031413184339357247,-0.007907818886162033
ridge,y_UUP,10,2025-03-26,-0.0031413184339357247,-0.0077406836088339806
ridge,y_UUP,11,2025-03-26,-0.0031413184339357247,-0.008542468317064018
ridge,y_UUP,9,2025-03-27,-0.0017507223827670781,-0.013992618027866293
ridge,y_UUP,10,2025-03-27,-0.0017507223827670781,-0.008406930020958029
ridge,y_UUP,11,2025-03-27,-0.0017507223827670781,-0.014116038735232381
ridge,y_UUP,9,2025-03-31,0.0010510727500887551,0.012179451835775287
ridge,y_UUP,10,2025-03-31,0.0010510727500887551,0.007358653992119374
ridge,y_UUP,11,2025-03-31,0.0010510727500887551,0.007509328395934478
ridge,y_UUP,9,2025-04-01,-0.004200152786805744,-0.025881297549995817
ridge,y_UUP,10,2025-04-01,-0.004200152786805744,-0.025315307018125455
ridge,y_UUP,11,2025-04-01,-0.004200152786805744,-0.03225188618130536
ridge,y_UUP,9,2025-04-02,-0.017574706211760383,-0.006011940279210804
ridge,y_UUP,10,2025-04-02,-0.017574706211760383,-0.010812115782135511
ridge,y_UUP,11,2025-04-02,-0.017574706211760383,-0.008858180145284878
ridge,y_UUP,9,2025-04-03,0.011091247426236572,0.003652906585739308
ridge,y_UUP,10,2025-04-03,0.011091247426236572,0.0016725446956379448
ridge,y_UUP,11,2025-04-03,0.011091247426236572,-0.0010933734865318733
ridge,y_UUP,9,2025-04-07,-0.004580651394121782,-0.01606252386877584
ridge,y_UUP,10,2025-04-07,-0.004580651394121782,-0.012699944495400548
ridge,y_UUP,11,2025-04-07,-0.004580651394121782,-0.012394305529669953
ridge,y_UUP,9,2025-04-08,0.001415933133379843,0.0027355389419365084
ridge,y_UUP,10,2025-04-08,0.001415933133379843,0.005117287739857339
ridge,y_UUP,11,2025-04-08,0.001415933133379843,0.006679415510132358
ridge,y_UUP,9,2025-04-09,-0.02085539659202096,0.007683340689106675
ridge,y_UUP,10,2025-04-09,-0.02085539659202096,0.00751703383984151
ridge,y_UUP,11,2025-04-09,-0.02085539659202096,0.00732997986898251
ridge,y_UUP,9,2025-04-10,-0.009025242094572783,0.014011860021615542
ridge,y_UUP,10,2025-04-10,-0.009025242094572783,0.011414471631831093
ridge,y_UUP,11,2025-04-10,-0.009025242094572783,0.01026367750063894
ridge,y_UUP,10,2025-04-14,0.005482453136438137,-0.002454135833884135
ridge,y_UUP,11,2025-04-14,0.005482453136438137,-0.0066836188608821595
ridge,y_UUP,12,2025-04-14,0.005482453136438137,-0.008541468584872645
ridge,y_UUP,10,2025-04-15,-0.00836060115105608,-0.0007067248982585533
ridge,y_UUP,11,2025-04-15,-0.00836060115105608,0.0027524043196959338
ridge,y_UUP,12,2025-04-15,-0.00836060115105608,0.005294125275723695
ridge,y_UUP,10,2025-04-16,0.0007331036916207179,-0.006289357345116127
ridge,y_UUP,11,2025-04-16,0.0007331036916207179,-0.006392043697682396
ridge,y_UUP,12,2025-04-16,0.0007331036916207179,-0.00336507665365739
ridge,y_UUP,10,2025-04-21,0.005547334418494421,0.0058197463486384955
ridge,y_UUP,11,2025-04-21,0.005547334418494421,0.0037692833849087763
ridge,y_UUP,12,2025-04-21,0.005547334418494421,0.004926210193253758
ridge,y_UUP,10,2025-04-22,0.009194600471888581,0.011782357635302039
ridge,y_UUP,11,2025-04-22,0.009194600471888581,0.008713691986027379
ridge,y_UUP,12,2025-04-22,0.009194600471888581,0.007788783575050314
ridge,y_UUP,10,2025-04-23,-0.004373261671975159,-0.003940303486720952
ridge,y_UUP,11,2025-04-23,-0.004373261671975159,-0.00665538495542116
ridge,y_UUP,12,2025-04-23,-0.004373261671975159,-0.0026427172837012
ridge,y_UUP,10,2025-04-24,0.002562214640636551,-0.000693200534676702
ridge,y_UUP,11,2025-04-24,0.002562214640636551,-0.00034618936685589625
ridge,y_UUP,12,2025-04-24,0.002562214640636551,-0.0007948740120106579
ridge,y_UUP,10,2025-04-28,0.003306419699212082,-0.0013550355039109526
ridge,y_UUP,11,2025-04-28,0.003306419699212082,0.0006519952065524229
ridge,y_UUP,12,2025-04-28,0.003306419699212082,-0.0003105749502887195
ridge,y_UUP,10,2025-04-29,0.0036616363976351707,0.012938954781546464
ridge,y_UUP,11,2025-04-29,0.0036616363976351707,0.0138698212698403
ridge,y_UUP,12,2025-04-29,0.0036616363976351707,0.014855777265009276
ridge,y_UUP,10,2025-04-30,0.005837301939688899,-0.0016233949749537972
ridge,y_UUP,11,2025-04-30,0.005837301939688899,-0.0020670928456733586
ridge,y_UUP,12,2025-04-30,0.005837301939688899,-0.0031552029497179087
ridge,y_UUP,10,2025-05-01,-0.0014508563980556444,-0.0038840601928724324
ridge,y_UUP,11,2025-05-01,-0.0014508563980556444,0.006055261659293201
ridge,y_UUP,12,2025-05-01,-0.0014508563980556444,0.00462998480196478
ridge,y_UUP,11,2025-05-05,-0.006186280805252298,-0.003457579238202896
ridge,y_UUP,12,2025-05-05,-0.006186280805252298,-0.003939314747566796
ridge,y_UUP,13,2025-05-05,-0.006186280805252298,-0.008613894396598772
ridge,y_UUP,11,2025-05-06,0.007323345021169159,-0.007195633620969537
ridge,y_UUP,12,2025-05-06,0.007323345021169159,-0.01259745859799666
ridge,y_UUP,13,2025-05-06,0.007323345021169159,-0.008376976089696321
ridge,y_UUP,11,2025-05-07,0.0083605294502469,0.007150856782768627
ridge,y_UUP,12,2025-05-07,0.0083605294502469,0.006893819009819466
ridge,y_UUP,13,2025-05-07,0.0083605294502469,0.007443189241638664
ridge,y_UUP,11,2025-05-08,-0.0028838591278508297,0.010600483641866009
ridge,y_UUP,12,2025-05-08,-0.0028838591278508297,0.014125916211384173
ridge,y_UUP,13,2025-05-08,-0.0028838591278508297,0.007469777629763232
ridge,y_UUP,11,2025-05-12,-0.008556173649103216,-0.004827749736442914
ridge,y_UUP,12,2025-05-12,-0.008556173649103216,-0.006499720819939076
ridge,y_UUP,13,2025-05-12,-0.008556173649103216,-0.005954304549734404
ridge,y_UUP,11,2025-05-13,0.002157538849565599,-0.0033497859485878217
ridge,y_UUP,12,2025-05-13,0.002157538849565599,-0.0026332990891409043
ridge,y_UUP,13,2025-05-13,0.002157538849565599,-0.003307146100371575
ridge,y_UUP,11,2025-05-14,-0.002511650568030488,0.008285684121943927
ridge,y_UUP,12,2025-05-14,-0.002511650568030488,0.006910691410262983
ridge,y_UUP,13,2025-05-14,-0.002511650568030488,0.006058643895046375
ridge,y_UUP,11,2025-05-15,0.002877634851928157,-0.006345745286758856
ridge,y_UUP,12,2025-05-15,0.002877634851928157,-0.006665813723433213
ridge,y_UUP,13,2025-05-15,0.002877634851928157,-0.006379643099904016
ridge,y_UUP,11,2025-05-19,-0.0028891376246881206,-0.008459466884873397
ridge,y_UUP,12,2025-05-19,-0.0028891376246881206,-0.007623259811994349
ridge,y_UUP,13,2025-05-19,-0.0028891376246881206,-0.005997599645325631
ridge,y_UUP,11,2025-05-20,-0.004346263390120009,-0.0009834697068905806
ridge,y_UUP,12,2025-05-20,-0.004346263390120009,-0.0021804009872921732
ridge,y_UUP,13,2025-05-20,-0.004346263390120009,-0.000620913120906472
ridge,y_UUP,11,2025-05-21,0.0029101572366034834,0.007257920935022453
ridge,y_UUP,12,2025-05-21,0.0029101572366034834,0.0026931357192064792
ridge,y_UUP,13,2025-05-21,0.0029101572366034834,0.006338219245129287
ridge,y_UUP,11,2025-05-22,-0.0072542104455078915,-0.006472311483650365
ridge,y_UUP,12,2025-05-22,-0.0072542104455078915,-0.004390685501864015
ridge,y_UUP,13,2025-05-22,-0.0072542104455078915,-0.005013901070683294
ridge,y_UUP,12,2025-05-27,0.003270303988399448,-0.0009817093310173844
ridge,y_UUP,13,2025-05-27,0.003270303988399448,-0.0020497044138908533
ridge,y_UUP,14,2025-05-27,0.003270303988399448,-0.003342024251926798
ridge,y_UUP,12,2025-05-28,-0.005432882818489415,0.0004371583175805708
ridge,y_UUP,13,2025-05-28,-0.005432882818489415,0.0011468927102324118
ridge,y_UUP,14,2025-05-28,-0.005432882818489415,0.0022101217645072845
ridge,y_UUP,12,2025-05-29,-0.00036404138808676656,-0.00018736255473481337
ridge,y_UUP,13,2025-05-29,-0.00036404138808676656,-0.0015363732748973436
ridge,y_UUP,14,2025-05-29,-0.00036404138808676656,-0.0020902284955013504
ridge,y_UUP,12,2025-06-02,0.006603136012040434,0.0010176873428032747
ridge,y_UUP,13,2025-06-02,0.006603136012040434,0.003169086673123945
ridge,y_UUP,14,2025-06-02,0.006603136012040434,0.0032448710692637504
ridge,y_UUP,12,2025-06-03,-0.004373261671975159,-0.01136579389650101
ridge,y_UUP,13,2025-06-03,-0.004373261671975159,-0.010163142401603775
ridge,y_UUP,14,2025-06-03,-0.004373261671975159,-0.011348337364201258
ridge,y_UUP,12,2025-06-04,-0.0007320303832677455,-0.005525973869045685
ridge,y_UUP,13,2025-06-04,-0.0007320303832677455,-0.007284152086995857
ridge,y_UUP,14,2025-06-04,-0.0007320303832677455,-0.008030173471964204
ridge,y_UUP,12,2025-06-05,0.005128255519592173,-0.006399818264316032
ridge,y_UUP,13,2025-06-05,0.005128255519592173,-0.006356053449781773
ridge,y_UUP,14,2025-06-05,0.005128255519592173,-0.006018550966011849
ridge,y_UUP,12,2025-06-09,0.0010960035076723607,-0.005461622307606144
ridge,y_UUP,13,2025-06-09,0.0010960035076723607,-0.009927407805328855
ridge,y_UUP,14,2025-06-09,0.0010960035076723607,-0.011015451331463767
ridge,y_UUP,12,2025-06-10,-0.00364960928872593,-0.004931019049217492
ridge,y_UUP,13,2025-06-10,-0.00364960928872593,-0.00479265694305531
ridge,y_UUP,14,2025-06-10,-0.00364960928872593,-0.005118263006374366
ridge,y_UUP,12,2025-06-11,-0.007325955452520572,-0.0024487322499558463
ridge,y_UUP,13,2025-06-11,-0.007325955452520572,-0.004572396117925869
ridge,y_UUP,14,2025-06-11,-0.007325955452520572,-0.005697626823116611
ridge,y_UUP,12,2025-06-12,0.0025830146841268053,-0.003327967641612233
ridge,y_UUP,13,2025-06-12,0.0025830146841268053,-0.0033689197655097174
ridge,y_UUP,14,2025-06-12,0.0025830146841268053,-0.0027510496164828454
ridge,y_UUP,13,2025-07-02,0.004841671551363502,0.007789196368850864
ridge,y_UUP,14,2025-07-02,0.004841671551363502,0.005169035586075921
ridge,y_UUP,15,2025-07-02,0.004841671551363502,0.007028770653789125
ridge,y_UUP,13,2025-07-07,0.0007388637601535297,1.3077073543398432e-05
ridge,y_UUP,14,2025-07-07,0.0007388637601535297,0.0002802014178647443
ridge,y_UUP,15,2025-07-07,0.0007388637601535297,0.00010165206383219273
ridge,y_UUP,13,2025-07-08,0.0,-0.001594043429606146
ridge,y_UUP,14,2025-07-08,0.0,-0.0020625875245188227
ridge,y_UUP,15,2025-07-08,0.0,-0.0013532885646815624
ridge,y_UUP,13,2025-07-09,0.0018456499839993867,-0.0009868952579409648
ridge,y_UUP,14,2025-07-09,0.0018456499839993867,-0.0006185419136745789
ridge,y_UUP,15,2025-07-09,0.0018456499839993867,-0.0005301020003100229
ridge,y_UUP,13,2025-07-10,0.002947686950965256,-0.006237935716679425
ridge,y_UUP,14,2025-07-10,0.002947686950965256,-0.004048457792320007
ridge,y_UUP,15,2025-07-10,0.002947686950965256,-0.004672765923086663
ridge,y_UUP,13,2025-07-14,0.005496515799067847,0.0014629590799375993
ridge,y_UUP,14,2025-07-14,0.005496515799067847,0.0016400553454215183
ridge,y_UUP,15,2025-07-14,0.005496515799067847,0.0027107202673216035
ridge,y_UUP,13,2025-07-15,-0.003644360765406307,0.007036740776135727
ridge,y_UUP,14,2025-07-15,-0.003644360765406307,0.005457133491266542
ridge,y_UUP,15,2025-07-15,-0.003644360765406307,0.0042675322321111325
ridge,y_UUP,13,2025-07-16,0.0043891134172708846,0.004497404908986237
ridge,y_UUP,14,2025-07-16,0.0043891134172708846,0.004411773978748273
ridge,y_UUP,15,2025-07-16,0.0043891134172708846,0.003949337302473629
ridge,y_UUP,13,2025-07-17,-0.001456596540572619,-0.01768160452529853
ridge,y_UUP,14,2025-07-17,-0.001456596540572619,-0.017244879365600076
ridge,y_UUP,15,2025-07-17,-0.001456596540572619,-0.0162635680547181
ridge,y_UUP,13,2025-07-21,-0.005139478670504571,0.00013788795463723575
ridge,y_UUP,14,2025-07-21,-0.005139478670504571,0.0006011162181037774
ridge,y_UUP,15,2025-07-21,-0.005139478670504571,0.0001924897772332945
ridge,y_UUP,13,2025-07-22,-0.0014760915744503889,-0.0070268737640294746
ridge,y_UUP,14,2025-07-22,-0.0014760915744503889,-0.005805216252380682
ridge,y_UUP,15,2025-07-22,-0.0014760915744503889,-0.006600089374053289
ridge,y_UUP,13,2025-07-23,0.0025868330866503086,-0.006861117148336663
ridge,y_UUP,14,2025-07-23,0.0025868330866503086,-0.006147749963293118
ridge,y_UUP,15,2025-07-23,0.0025868330866503086,-0.006196245283918779
ridge,y_UUP,14,2025-07-24,0.0022116164866963217,-0.0029284012221146407
ridge,y_UUP,15,2025-07-24,0.0022116164866963217,-0.003163870789177136
ridge,y_UUP,16,2025-07-24,0.0022116164866963217,-0.0032555252614739566
ridge,y_UUP,14,2025-07-28,0.0025454436429681593,-0.0006006806615457704
ridge,y_UUP,15,2025-07-28,0.0025454436429681593,-0.00014109096018599424
ridge,y_UUP,16,2025-07-28,0.0025454436429681593,0.0009697366897116275
ridge,y_UUP,14,2025-07-29,0.009793262800682934,-5.501828491150245e-05
ridge,y_UUP,15,2025-07-29,0.009793262800682934,-0.000883773533527045
ridge,y_UUP,16,2025-07-29,0.009793262800682934,-0.0022283710412616927
ridge,y_UUP,14,2025-07-30,0.0021551429434800706,-0.002272448092642391
ridge,y_UUP,15,2025-07-30,0.0021551429434800706,-0.0016623656155302347
ridge,y_UUP,16,2025-07-30,0.0021551429434800706,-0.00018227679534099224
ridge,y_UUP,14,2025-07-31,-0.011827936996003596,-0.007062070103609616
ridge,y_UUP,15,2025-07-31,-0.011827936996003596,-0.007074347466193793
ridge,y_UUP,16,2025-07-31,-0.011827936996003596,-0.007420140970112303
ridge,y_UUP,14,2025-08-04,0.0,-0.007967634081664362
ridge,y_UUP,15,2025-08-04,0.0,-0.0074765904436273735
ridge,y_UUP,16,2025-08-04,0.0,-0.0069527034717254904
ridge,y_UUP,14,2025-08-05,-0.005805531444171397,0.004096016592278038
ridge,y_UUP,15,2025-08-05,-0.005805531444171397,0.0032081291740493167
ridge,y_UUP,16,2025-08-05,-0.005805531444171397,0.0041029042197255556
ridge,y_UUP,14,2025-08-06,-0.0007298930622796629,0.00039528659454507486
ridge,y_UUP,15,2025-08-06,-0.0007298930622796629,0.0009954301633073274
ridge,y_UUP,16,2025-08-06,-0.0007298930622796629,0.0009036273874360872
ridge,y_UUP,14,2025-08-07,0.00182617355009973,0.005613364214978045
ridge,y_UUP,15,2025-08-07,0.00182617355009973,0.003413486202726258
ridge,y_UUP,16,2025-08-07,0.00182617355009973,0.006060920567005715
ridge,y_UUP,14,2025-08-11,-0.005083564716449662,0.00014872366847847762
ridge,y_UUP,15,2025-08-11,-0.005083564716449662,-0.00024286586080238886
ridge,y_UUP,16,2025-08-11,-0.005083564716449662,0.00013901405029572046
ridge,y_UUP,14,2025-08-12,-0.0025547337009745874,-0.007533867407431877
ridge,y_UUP,15,2025-08-12,-0.0025547337009745874,-0.006942070926757647
ridge,y_UUP,16,2025-08-12,-0.0025547337009745874,-0.009411894602873914
ridge,y_UUP,15,2025-08-13,0.00365902912240168,0.0006115264618100647
ridge,y_UUP,16,2025-08-13,0.00365902912240168,0.0013954001074394178
ridge,y_UUP,17,2025-08-13,0.00365902912240168,0.0004978071011168945
ridge,y_UUP,15,2025-08-14,-0.003281106112732024,-0.0037550094565966087
ridge,y_UUP,16,2025-08-14,-0.003281106112732024,-0.002217951115066724
ridge,y_UUP,17,2025-08-14,-0.003281106112732024,-0.0029000936057340756
ridge,y_UUP,15,2025-08-18,0.0025538016080142167,0.0020020031707149
ridge,y_UUP,16,2025-08-18,0.0025538016080142167,0.0014193729004875495
ridge,y_UUP,17,2025-08-18,0.0025538016080142167,0.0012835715838804944
ridge,y_UUP,15,2025-08-19,-0.0007278399647878686,-0.005040949836109204
ridge,y_UUP,16,2025-08-19,-0.0007278399647878686,-0.0028018181972105606
ridge,y_UUP,17,2025-08-19,-0.0007278399647878686,-0.002746469422297617
ridge,y_UUP,15,2025-08-20,0.00509837521748735,-0.0025122294908176707
ridge,y_UUP,16,2025-08-20,0.00509837521748735,-0.0021282092477401724
ridge,y_UUP,17,2025-08-20,0.00509837521748735,-0.0018203875614358912
ridge,y_UUP,15,2025-08-21,-0.009782618095117046,-0.002409775970298772
ridge,y_UUP,16,2025-08-21,-0.009782618095117046,-0.001958388552662573
ridge,y_UUP,17,2025-08-21,-0.009782618095117046,-0.001804814750037869
ridge,y_UUP,15,2025-08-25,-0.002540824086737392,0.0007690466129558696
ridge,y_UUP,16,2025-08-25,-0.002540824086737392,0.0016352454735015327
ridge,y_UUP,17,2025-08-25,-0.002540824086737392,0.0008461470395169804
ridge,y_UUP,15,2025-08-26,0.0003639199823939343,0.004589016904376947
ridge,y_UUP,16,2025-08-26,0.0003639199823939343,0.0036412474720818686
ridge,y_UUP,17,2025-08-26,0.0003639199823939343,0.0030664973776620822
ridge,y_UUP,15,2025-08-27,-0.0036377324222428564,0.0021372827293435715
ridge,y_UUP,16,2025-08-27,-0.0036377324222428564,0.0024391953157975794
ridge,y_UUP,17,2025-08-27,-0.0036377324222428564,0.004130544853635454
ridge,y_UUP,15,2025-08-28,-0.0007300875428108977,-0.009536524389017281
ridge,y_UUP,16,2025-08-28,-0.0007300875428108977,-0.008140277019830146
ridge,y_UUP,17,2025-08-28,-0.0007300875428108977,-0.007365112135396672
ridge,y_UUP,15,2025-09-02,-0.00181483343526323,0.0078804913801577
ridge,y_UUP,16,2025-09-02,-0.00181483343526323,0.00889312122859267
ridge,y_UUP,17,2025-09-02,-0.00181483343526323,0.009907309649204749
ridge,y_UUP,16,2025-09-03,0.0014545494712510099,-0.0023627661092828524
ridge,y_UUP,17,2025-09-03,0.0014545494712510099,-0.0010383976546611965
ridge,y_UUP,18,2025-09-03,0.0014545494712510099,-0.0012320816990280348
ridge,y_UUP,16,2025-09-04,-0.005083564716449662,0.010700264444908418
ridge,y_UUP,17,2025-09-04,-0.005083564716449662,0.008608706706255607
ridge,y_UUP,18,2025-09-04,-0.005083564716449662,0.009151366302094966
ridge,y_UUP,16,2025-09-08,0.004027821705168355,0.0051585348968894535
ridge,y_UUP,17,2025-09-08,0.004027821705168355,0.006063307813526552
ridge,y_UUP,18,2025-09-08,0.004027821705168355,0.005188285441949517
ridge,y_UUP,16,2025-09-09,0.0007294325906452848,-0.014432682524541718
ridge,y_UUP,17,2025-09-09,0.0007294325906452848,-0.013044304685789269
ridge,y_UUP,18,2025-09-09,0.0007294325906452848,-0.01472703394212157
ridge,y_UUP,16,2025-09-10,-0.0032799103121219364,0.001728518939293613
ridge,y_UUP,17,2025-09-10,-0.0032799103121219364,-0.0001535495309815611
ridge,y_UUP,18,2025-09-10,-0.0032799103121219364,0.00037698795444306783
ridge,y_UUP,16,2025-09-11,0.001462454766168575,0.009980947095787219
ridge,y_UUP,17,2025-09-11,0.001462454766168575,0.00802097725015046
ridge,y_UUP,18,2025-09-11,0.001462454766168575,0.008702588051436156
ridge,y_UUP,16,2025-09-15,-0.006227141612235143,0.004289057645375166
ridge,y_UUP,17,2025-09-15,-0.006227141612235143,0.006373286570844305
ridge,y_UUP,18,2025-09-15,-0.006227141612235143,0.006579453429079822
ridge,y_UUP,16,2025-09-16,0.003317388377493513,-0.0009631203515649059
ridge,y_UUP,17,2025-09-16,0.003317388377493513,-0.001126082626577642
ridge,y_UUP,18,2025-09-16,0.003317388377493513,-0.002483580509223679
ridge,y_UUP,16,2025-09-17,0.004775931513894216,-0.008272812080298007
ridge,y_UUP,17,2025-09-17,0.004775931513894216,-0.006715806699942117
ridge,y_UUP,18,2025-09-17,0.004775931513894216,-0.006084193031885127
ridge,y_UUP,16,2025-09-18,0.002925053772870889,0.020944500599066735
ridge,y_UUP,17,2025-09-18,0.002925053772870889,0.022205079245163344
ridge,y_UUP,18,2025-09-18,0.002925053772870889,0.03060077598647112
ridge,y_UUP,16,2025-09-22,-0.0007317625206523237,-0.004621463037368422
ridge,y_UUP,17,2025-09-22,-0.0007317625206523237,0.0009440098324173273
ridge,y_UUP,18,2025-09-22,-0.0007317625206523237,0.0035877078398504018
ridge,y_UUP,17,2025-09-23,0.007323345021169159,-0.01142666672760555
ridge,y_UUP,18,2025-09-23,0.007323345021169159,-0.010152760768371225
ridge,y_UUP,19,2025-09-23,0.007323345021169159,-0.011127643784914312
ridge,y_UUP,17,2025-09-24,0.006906580442141541,-0.06525524646521111
ridge,y_UUP,18,2025-09-24,0.006906580442141541,-0.06383321360845613
ridge,y_UUP,19,2025-09-24,0.006906580442141541,-0.07499242006129427
ridge,y_UUP,17,2025-09-25,-0.003610153805027938,0.010259196068165834
ridge,y_UUP,18,2025-09-25,-0.003610153805027938,0.009104040535212013
ridge,y_UUP,19,2025-09-25,-0.003610153805027938,0.008771605108947969
ridge,y_UUP,17,2025-09-29,-0.001089309716844622,0.0001110725632698783
ridge,y_UUP,18,2025-09-29,-0.001089309716844622,-0.002242252806006928
ridge,y_UUP,19,2025-09-29,-0.001089309716844622,-0.0035017555790129292
ridge,y_UUP,17,2025-09-30,-0.00036352310243092933,0.015708489473913876
ridge,y_UUP,18,2025-09-30,-0.00036352310243092933,0.014974042171622832
ridge,y_UUP,19,2025-09-30,-0.00036352310243092933,0.009364016334944438
ridge,y_UUP,17,2025-10-01,0.0014545494712510099,-0.006068030994048268
ridge,y_UUP,18,2025-10-01,0.0014545494712510099,-0.00859741731460195
ridge,y_UUP,19,2025-10-01,0.0014545494712510099,-0.005258597439900569
ridge,y_UUP,17,2025-10-02,-0.0018155639432109183,0.025057595810461235
ridge,y_UUP,18,2025-10-02,-0.0018155639432109183,0.01663726995954597
ridge,y_UUP,19,2025-10-02,-0.0018155639432109183,0.012577212546185549
ridge,y_UUP,17,2025-10-06,0.005792919620490444,4.77303734508278e-05
ridge,y_UUP,18,2025-10-06,0.005792919620490444,0.00031048879465186323
ridge,y_UUP,19,2025-10-06,0.005792919620490444,-0.00043052105562627746
ridge,y_UUP,17,2025-10-07,0.002159797616071435,0.0018353494159509978
ridge,y_UUP,18,2025-10-07,0.002159797616071435,0.0011993515574396944
ridge,y_UUP,19,2025-10-07,0.002159797616071435,0.0020338419949586066
ridge,y_UUP,17,2025-10-08,0.006824713788897485,-0.0033727280864232242
ridge,y_UUP,18,2025-10-08,0.006824713788897485,-0.004811415375271369
ridge,y_UUP,19,2025-10-08,0.006824713788897485,-0.008561676480826494
ridge,y_UUP,17,2025-10-09,-0.004994697571578999,0.00763310229344401
ridge,y_UUP,18,2025-10-09,-0.004994697571578999,0.005033353591795718
ridge,y_UUP,19,2025-10-09,-0.004994697571578999,0.004573388118738198
ridge,y_UUP,18,2025-10-13,-0.0028581715355342485,0.006464899973192138
ridge,y_UUP,19,2025-10-13,-0.0028581715355342485,0.005022641318303728
ridge,y_UUP,20,2025-10-13,-0.0028581715355342485,0.0046137816725434246
ridge,y_UUP,18,2025-10-14,-0.002866364095803986,-0.0008676344561369166
ridge,y_UUP,19,2025-10-14,-0.002866364095803986,0.000299757670331685
ridge,y_UUP,20,2025-10-14,-0.002866364095803986,-5.304689796681392e-06
ridge,y_UUP,18,2025-10-15,-0.0039525624465105436,-0.0010733566492135114
ridge,y_UUP,19,2025-10-15,-0.0039525624465105436,0.00010373531008284228
ridge,y_UUP,20,2025-10-15,-0.0039525624465105436,0.002093191769906638
ridge,y_UUP,18,2025-10-16,0.00108223629625126,0.002403981143075019
ridge,y_UUP,19,2025-10-16,0.00108223629625126,-0.002979976083284882
ridge,y_UUP,20,2025-10-16,0.00108223629625126,-0.005142951794964639
ridge,y_UUP,18,2025-10-20,0.003954054185318245,-0.007283766691320494
ridge,y_UUP,19,2025-10-20,0.003954054185318245,-0.006432970609091036
ridge,y_UUP,20,2025-10-20,0.003954054185318245,-0.006202947368805086
ridge,y_UUP,18,2025-10-21,-0.0010741697624669921,0.002749059743082547
ridge,y_UUP,19,2025-10-21,-0.0010741697624669921,0.0021578111665794485
ridge,y_UUP,20,2025-10-21,-0.0010741697624669921,0.002204361144295606
ridge,y_UUP,18,2025-10-22,0.0003584416146331648,-0.023130726799481322
ridge,y_UUP,19,2025-10-22,0.0003584416146331648,-0.017339830048117483
ridge,y_UUP,20,2025-10-22,0.0003584416146331648,-0.019089870483415473
ridge,y_UUP,18,2025-10-23,0.0,0.003454442735952336
ridge,y_UUP,19,2025-10-23,0.0,0.002673907237154022
ridge,y_UUP,20,2025-10-23,0.0,0.0024774242355632293
ridge,y_UUP,18,2025-10-27,-0.0007172560209921519,-0.004292414468506108
ridge,y_UUP,19,2025-10-27,-0.0007172560209921519,-0.0033611724706212
ridge,y_UUP,20,2025-10-27,-0.0007172560209921519,-0.0031874564277139176
ridge,y_UUP,18,2025-10-28,0.005742945572112079,0.0019193934772647736
ridge,y_UUP,19,2025-10-28,0.005742945572112079,0.00016762099557851286
ridge,y_UUP,20,2025-10-28,0.005742945572112079,0.0003392829272029004
ridge,y_UUP,18,2025-10-29,0.003925760626240837,-0.0019997130284871005
ridge,y_UUP,19,2025-10-29,0.003925760626240837,-0.003591857256692455
ridge,y_UUP,20,2025-10-29,0.003925760626240837,-0.0029591157100805738
ridge,y_UUP,18,2025-10-30,0.002843946782195239,-0.007590885593082326
ridge,y_UUP,19,2025-10-30,0.002843946782195239,-0.006892060044294436
ridge,y_UUP,20,2025-10-30,0.002843946782195239,-0.006934088470461537
ridge,y_UUP,19,2025-11-03,0.003188124202409881,-0.007137987276460008
ridge,y_UUP,20,2025-11-03,0.003188124202409881,-0.007196303502070237
ridge,y_UUP,21,2025-11-03,0.003188124202409881,-0.004735192510015548
ridge,y_UUP,19,2025-11-04,0.00035312574090240467,0.009587394713802709
ridge,y_UUP,20,2025-11-04,0.00035312574090240467,0.009046310514354384
ridge,y_UUP,21,2025-11-04,0.00035312574090240467,0.010297352250460325
ridge,y_UUP,19,2025-11-05,-0.005294737805135563,-0.0038309300338446213
ridge,y_UUP,20,2025-11-05,-0.005294737805135563,-0.004883807481534748
ridge,y_UUP,21,2025-11-05,-0.005294737805135563,-0.0024972741371912842
ridge,y_UUP,19,2025-11-06,-0.0007097601682591881,0.008898492684999041
ridge,y_UUP,20,2025-11-06,-0.0007097601682591881,0.007895482688830472
ridge,y_UUP,21,2025-11-06,-0.0007097601682591881,0.008665870017320899
ridge,y_UUP,19,2025-11-10,-0.0014194503404467707,0.008068932802141873
ridge,y_UUP,20,2025-11-10,-0.0014194503404467707,0.007662807073512775
ridge,y_UUP,21,2025-11-10,-0.0014194503404467707,0.006066555653284013
ridge,y_UUP,19,2025-11-11,0.00035531443925962414,0.008224112082175467
ridge,y_UUP,20,2025-11-11,0.00035531443925962414,0.006739127458902456
ridge,y_UUP,21,2025-11-11,0.00035531443925962414,0.011967523248019986
ridge,y_UUP,19,2025-11-12,-0.0028418562393659474,0.003931461405120161
ridge,y_UUP,20,2025-11-12,-0.0028418562393659474,0.004286449288931056
ridge,y_UUP,21,2025-11-12,-0.0028418562393659474,0.008014801565924186
ridge,y_UUP,19,2025-11-13,0.0014250128366397607,0.00032558911596935986
ridge,y_UUP,20,2025-11-13,0.0014250128366397607,-0.0014960711696377924
ridge,y_UUP,21,2025-11-13,0.0014250128366397607,-0.00033562122656394776
ridge,y_UUP,19,2025-11-17,0.0010645702563174542,0.0029645560387581626
ridge,y_UUP,20,2025-11-17,0.0010645702563174542,0.0024997270296484007
ridge,y_UUP,21,2025-11-17,0.0010645702563174542,0.001757366322114642
ridge,y_UUP,19,2025-11-18,0.0063806988317842706,-0.001560903466137854
ridge,y_UUP,20,2025-11-18,0.0063806988317842706,-0.001242582886549493
ridge,y_UUP,21,2025-11-18,0.0063806988317842706,-0.0011275311439239374
ridge,y_UUP,19,2025-11-19,0.0007045101153477784,-0.0014279651813977148
ridge,y_UUP,20,2025-11-19,0.0007045101153477784,-0.0011670637920567165
ridge,y_UUP,21,2025-11-19,0.0007045101153477784,-0.0017914669418919278
ridge,y_UUP,19,2025-11-20,-0.0007040141302716574,-0.0034073300560179837
ridge,y_UUP,20,2025-11-20,-0.0007040141302716574,-0.004755195723705095
ridge,y_UUP,21,2025-11-20,-0.0007040141302716574,-0.00489525670005767
ridge,y_UUP,20,2025-11-24,-0.0028179015047613554,-0.0009742207625616741
ridge,y_UUP,21,2025-11-24,-0.0028179015047613554,-0.0014113788038394685
ridge,y_UUP,22,2025-11-24,-0.0028179015047613554,-0.0008326021789925701
ridge,y_UUP,20,2025-11-25,-0.002825864512623566,-0.005086756130908589
ridge,y_UUP,21,2025-11-25,-0.002825864512623566,-0.005495462287346789
ridge,y_UUP,22,2025-11-25,-0.002825864512623566,-0.006740802956609547
ridge,y_UUP,20,2025-12-01,-0.00035462838302890987,0.0027337839601915145
ridge,y_UUP,21,2025-12-01,-0.00035462838302890987,0.0012257294847214876
ridge,y_UUP,22,2025-12-01,-0.00035462838302890987,-7.087984331631498e-06
ridge,y_UUP,20,2025-12-02,-0.004966348731344494,0.0019899639025923624
ridge,y_UUP,21,2025-12-02,-0.004966348731344494,0.0014957080070114234
ridge,y_UUP,22,2025-12-02,-0.004966348731344494,0.000596643188075152
ridge,y_UUP,20,2025-12-03,0.0021390785725139416,-0.0009021841006211568
ridge,y_UUP,21,2025-12-03,0.0021390785725139416,0.0004881227982217925
ridge,y_UUP,22,2025-12-03,0.0021390785725139416,0.001377535541933306
ridge,y_UUP,20,2025-12-04,-0.00106729142627493,0.0001698372376633567
ridge,y_UUP,21,2025-12-04,-0.00106729142627493,0.0013178224624012759
ridge,y_UUP,22,2025-12-04,-0.00106729142627493,0.0022957642855159876
ridge,y_UUP,20,2025-12-08,0.00142240885268885,0.028304782768413868
ridge,y_UUP,21,2025-12-08,0.00142240885268885,0.02137052584564581
ridge,y_UUP,22,2025-12-08,0.00142240885268885,0.008409682691282557
ridge,y_UUP,20,2025-12-09,-0.00532670195853624,0.01160195694699272
ridge,y_UUP,21,2025-12-09,-0.00532670195853624,0.015395043276339056
ridge,y_UUP,22,2025-12-09,-0.00532670195853624,0.012326199704178227
ridge,y_UUP,20,2025-12-10,-0.0035701282998350514,-0.010352123850613541
ridge,y_UUP,21,2025-12-10,-0.0035701282998350514,-0.008184086410060444
ridge,y_UUP,22,2025-12-10,-0.0035701282998350514,-0.007830809074007116
ridge,y_UUP,20,2025-12-11,0.00143318204790166,-0.007229501460663123
ridge,y_UUP,21,2025-12-11,0.00143318204790166,-0.005212759235683465
ridge,y_UUP,22,2025-12-11,0.00143318204790166,-0.003253107145704114
ridge,y_UUP,21,2025-12-15,-0.0010741697624669921,-0.013096750689610559
ridge,y_UUP,22,2025-12-15,-0.0010741697624669921,-0.014184635615132501
ridge,y_UUP,23,2025-12-15,-0.0010741697624669921,-0.01230515008538074
ridge,y_UUP,21,2025-12-16,0.002150508290711839,-0.006919903419204517
ridge,y_UUP,22,2025-12-16,0.002150508290711839,-0.004989690368266871
ridge,y_UUP,23,2025-12-16,0.002150508290711839,-0.004483232950872814
ridge,y_UUP,21,2025-12-17,0.0007153448741836765,-0.00020674888601131334
ridge,y_UUP,22,2025-12-17,0.0007153448741836765,-0.00118710879807806
ridge,y_UUP,23,2025-12-17,0.0007153448741836765,-0.0019134576100605127
ridge,y_UUP,21,2025-12-18,0.003216609854790775,-0.01741678972298611
ridge,y_UUP,22,2025-12-18,0.003216609854790775,-0.01968111894595733
ridge,y_UUP,23,2025-12-18,0.003216609854790775,-0.018170412401094016
ridge,y_UUP,21,2025-12-23,0.0003712037373271304,-0.0010575049662180872
ridge,y_UUP,22,2025-12-23,0.0003712037373271304,-0.0034532950146578217
ridge,y_UUP,23,2025-12-23,0.0003712037373271304,-0.002889920903704196
ridge,y_UUP,21,2025-12-29,0.0025945031879870406,-0.0007611339970003458
ridge,y_UUP,22,2025-12-29,0.0025945031879870406,-0.0008383174933606552
ridge,y_UUP,23,2025-12-29,0.0025945031879870406,-0.0018481807577530025
ridge,y_UUP,21,2025-12-30,-0.0007393179659553883,-0.007591555100799941
ridge,y_UUP,22,2025-12-30,-0.0007393179659553883,-0.006533316139993335
ridge,y_UUP,23,2025-12-30,-0.0007393179659553883,-0.006938980415519722
ridge,y_UUP,22,2026-01-05,0.003324719379479646,0.0060360917998136055
ridge,y_UUP,23,2026-01-05,0.003324719379479646,0.0048261853322696885
ridge,y_UUP,24,2026-01-05,0.003324719379479646,0.007741890013327776
ridge,y_UUP,22,2026-01-06,0.001472787767013095,0.008541119484275052
ridge,y_UUP,23,2026-01-06,0.001472787767013095,0.008396209333037257
ridge,y_UUP,24,2026-01-06,0.001472787767013095,0.011001438787352638
ridge,y_UUP,22,2026-01-07,0.0025735181198816015,-0.001488950873486101
ridge,y_UUP,23,2026-01-07,0.0025735181198816015,-0.002294361837864566
ridge,y_UUP,24,2026-01-07,0.0025735181198816015,-0.0026463135667794046
ridge,y_UUP,22,2026-01-08,0.002200200400997776,-0.00571240545782846
ridge,y_UUP,23,2026-01-08,0.002200200400997776,-0.004000477523849672
ridge,y_UUP,24,2026-01-08,0.002200200400997776,-0.0023244189523127833
ridge,y_UUP,22,2026-01-12,0.0025659711533103646,-0.009875776708122128
ridge,y_UUP,23,2026-01-12,0.0025659711533103646,-0.007756787320414292
ridge,y_UUP,24,2026-01-12,0.0025659711533103646,-0.00825694345734389
ridge,y_UUP,22,2026-01-13,-0.0007312781530059986,0.0004159943905878947
ridge,y_UUP,23,2026-01-13,-0.0007312781530059986,-0.0006902971790861224
ridge,y_UUP,24,2026-01-13,-0.0007312781530059986,-0.0009169454470866319
ridge,y_UUP,22,2026-01-14,0.003658996770907086,-0.001533829791329507
ridge,y_UUP,23,2026-01-14,0.003658996770907086,-0.002454219441142901
ridge,y_UUP,24,2026-01-14,0.003658996770907086,-0.0025978265895786044
ridge,y_UUP,22,2026-01-15,0.0,0.0015889009099792962
ridge,y_UUP,23,2026-01-15,0.0,-0.0004327810404558713
ridge,y_UUP,24,2026-01-15,0.0,-0.0010597126219269633
ridge,y_UUP,22,2026-01-21,-0.004400470745105078,9.728011003952922e-05
ridge,y_UUP,23,2026-01-21,-0.004400470745105078,0.0006173871149025068
ridge,y_UUP,24,2026-01-21,-0.004400470745105078,0.0011872917592329142
ridge,y_UUP,22,2026-01-22,-0.008839770699457628,0.0009188136997109997
ridge,y_UUP,23,2026-01-22,-0.008839770699457628,0.0006380721568000531
ridge,y_UUP,24,2026-01-22,-0.008839770699457628,0.0003506879251737677
ridge,y_UUP,23,2026-01-26,-0.011575853821602311,-0.0015120237370141736
ridge,y_UUP,24,2026-01-26,-0.011575853821602311,-0.0008312521337413226
ridge,y_UUP,23,2026-01-27,0.006044573160657096,0.011143032789415197
ridge,y_UUP,24,2026-01-27,0.006044573160657096,0.011631687320574246
ridge,y_UUP,23,2026-01-28,-0.0015020281426685322,0.010347343094638443
ridge,y_UUP,24,2026-01-28,-0.0015020281426685322,0.01093626144740426
ridge,y_UUP,23,2026-01-29,0.009778120623911812,0.003902374665079224
ridge,y_UUP,24,2026-01-29,0.009778120623911812,0.003947233683346033
ridge,y_UUP,23,2026-02-02,-0.002593541882839334,0.006551940407241765
ridge,y_UUP,24,2026-02-02,-0.002593541882839334,0.00658529160426709
ridge,y_UUP,23,2026-02-03,0.0033432448860633013,0.0003567236883010162
ridge,y_UUP,24,2026-02-03,0.0033432448860633013,-0.0008334794904649357
ridge,y_UUP,23,2026-02-04,0.002961863125810149,-0.0008809956540265923
ridge,y_UUP,24,2026-02-04,0.002961863125810149,-0.0014336778945309972
ridge,y_UUP,23,2026-02-05,-0.002953116399241118,-0.004837310216171746
ridge,y_UUP,24,2026-02-05,-0.002953116399241118,-0.0052609930079453495
ridge,y_UUP,23,2026-02-09,0.0003732109440657272,-0.003412677380015755
ridge,y_UUP,24,2026-02-09,0.0003732109440657272,-0.0032953263992380345
ridge,y_UUP,23,2026-02-10,0.0011194286380433738,0.0003585367428124319
ridge,y_UUP,24,2026-02-10,0.0011194286380433738,0.000515151531639598
ridge,y_UUP,23,2026-02-11,-0.0003727256395925638,-0.0059400183831909035
ridge,y_UUP,24,2026-02-11,-0.0003727256395925638,-0.005554798200942865
ridge,y_UUP,23,2026-02-12,0.0,0.009373483828019337
ridge,y_UUP,24,2026-02-12,0.0,0.009126989782594344
ridge,y_UUP,24,2026-02-17,0.006317357014414382,0.0002865537596194657
ridge,y_UUP,24,2026-02-18,0.0014771386868552838,0.005326310993251987
ridge,y_UUP,24,2026-02-19,-0.0011062199748205215,-0.0005676824107112116
ridge,y_UUP,24,2026-02-23,0.0007382967017723896,-0.0048634298983797584
ridge,y_UUP,24,2026-02-24,-0.0011066280328320133,0.001208790319054571
ridge,y_UUP,24,2026-02-25,0.000738569343427864,0.0007550188107682338
ridge,y_UUP,24,2026-02-26,-0.0007380242613336252,-0.001711589090839383
ridge,y_UUP,24,2026-03-02,0.004756646949487964,-0.004668145249380447
ridge,y_UUP,24,2026-03-03,-0.0018208025756569768,0.0004534249543600733
ridge,y_UUP,24,2026-03-04,0.002553801357676022,0.00321284706056974
ridge,y_UUP,24,2026-03-05,-0.00036390935401831026,0.006354380889606649
ridge,y_XLB,0,2024-08-05,0.005111982366713175,-0.006852412309926167
ridge,y_XLB,0,2024-08-06,-0.013562443502398436,-0.009459677861785153
ridge,y_XLB,0,2024-08-07,0.015467458879019125,0.047627859868802656
ridge,y_XLB,0,2024-08-08,-0.000789760785544491,0.010776657707542847
ridge,y_XLB,0,2024-08-12,0.009980678275147259,0.0033374091761345696
ridge,y_XLB,0,2024-08-13,0.0,-0.059133477093354175
ridge,y_XLB,0,2024-08-14,0.01583391763271269,-0.011896210583898392
ridge,y_XLB,0,2024-08-15,0.0012160454421095146,0.00015834152765206938
ridge,y_XLB,0,2024-08-19,-0.003626487735878814,0.009001010323209772
ridge,y_XLB,0,2024-08-20,0.01147017428869579,0.009638456452808301
ridge,y_XLB,0,2024-08-21,-0.0020717665838776433,0.05876649599662718
ridge,y_XLB,0,2024-08-22,0.013221142289661314,0.007340981346519599
ridge,y_XLB,0,2024-08-26,0.00010729963101385742,0.020124548285849458
ridge,y_XLB,1,2024-08-26,0.00010729963101385742,0.017261939446895868
ridge,y_XLB,0,2024-08-27,-0.004294139487712623,0.0037720649798094765
ridge,y_XLB,1,2024-08-27,-0.004294139487712623,0.00853009620035861
ridge,y_XLB,0,2024-08-28,0.005498764719909399,0.025222542529836092
ridge,y_XLB,1,2024-08-28,0.005498764719909399,0.020852343498921806
ridge,y_XLB,0,2024-08-29,0.01093713458076584,-0.0002792949094415077
ridge,y_XLB,1,2024-08-29,0.01093713458076584,0.004843560895314517
ridge,y_XLB,0,2024-09-03,-0.0041242811585234795,0.0037315574092357247
ridge,y_XLB,1,2024-09-03,-0.0041242811585234795,0.0010566915839359307
ridge,y_XLB,0,2024-09-04,-0.00784655548715163,0.007608105120535805
ridge,y_XLB,1,2024-09-04,-0.00784655548715163,0.009926004634460094
ridge,y_XLB,0,2024-09-05,-0.012631856926981877,0.01500270905176187
ridge,y_XLB,1,2024-09-05,-0.012631856926981877,0.023059897095478572
ridge,y_XLB,0,2024-09-09,0.00044088626709837264,0.028285477943443278
ridge,y_XLB,1,2024-09-09,0.00044088626709837264,0.04375582487663363
ridge,y_XLB,0,2024-09-10,0.002422897292292614,0.02201139112225746
ridge,y_XLB,1,2024-09-10,0.002422897292292614,0.02706589454868176
ridge,y_XLB,0,2024-09-11,0.009228710038458932,0.004666685165903658
ridge,y_XLB,1,2024-09-11,0.009228710038458932,-0.01705558289378815
ridge,y_XLB,0,2024-09-12,0.009035353936655666,0.04182710225769878
ridge,y_XLB,1,2024-09-12,0.009035353936655666,0.030311350559463792
ridge,y_XLB,2,2024-09-12,0.009035353936655666,0.030687855552198752
ridge,y_XLB,0,2024-09-16,0.001924188598533716,-0.0700241369403294
ridge,y_XLB,1,2024-09-16,0.001924188598533716,-0.05451480982108527
ridge,y_XLB,2,2024-09-16,0.001924188598533716,-0.044424517297166614
ridge,y_XLB,0,2024-09-17,-0.004267567093621749,-0.010996347452436172
ridge,y_XLB,1,2024-09-17,-0.004267567093621749,-0.004587011700592606
ridge,y_XLB,2,2024-09-17,-0.004267567093621749,-0.0007594953574706578
ridge,y_XLB,0,2024-09-18,0.015107707934707726,0.062353560603776385
ridge,y_XLB,1,2024-09-18,0.015107707934707726,0.06125306383002595
ridge,y_XLB,2,2024-09-18,0.015107707934707726,0.04860415130114015
ridge,y_XLB,0,2024-09-19,-0.007071975906386085,-0.04207983829247044
ridge,y_XLB,1,2024-09-19,-0.007071975906386085,-0.0507400311479589
ridge,y_XLB,2,2024-09-19,-0.007071975906386085,-0.07676995313909105
ridge,y_XLB,0,2024-09-23,0.013655112468113684,-0.030198681969619
ridge,y_XLB,1,2024-09-23,0.013655112468113684,-0.02526033198491521
ridge,y_XLB,2,2024-09-23,0.013655112468113684,-0.025402007197433768
ridge,y_XLB,0,2024-09-24,-0.00668334514734803,0.012872843359398495
ridge,y_XLB,1,2024-09-24,-0.00668334514734803,0.0033322152946483096
ridge,y_XLB,2,2024-09-24,-0.00668334514734803,0.0008951778505861381
ridge,y_XLB,0,2024-09-25,0.02071056594517051,0.019381156898097433
ridge,y_XLB,1,2024-09-25,0.02071056594517051,0.022796377311508905
ridge,y_XLB,2,2024-09-25,0.02071056594517051,0.020607311272126456
ridge,y_XLB,0,2024-09-26,-0.0017508883746425452,-0.04041135570775705
ridge,y_XLB,1,2024-09-26,-0.0017508883746425452,-0.03301609292043307
ridge,y_XLB,2,2024-09-26,-0.0017508883746425452,-0.033890247718040716
ridge,y_XLB,0,2024-09-30,-0.0024901422569747478,-0.025085623586893445
ridge,y_XLB,1,2024-09-30,-0.0024901422569747478,-0.019993992037881884
ridge,y_XLB,2,2024-09-30,-0.0024901422569747478,-0.018622249211628198
ridge,y_XLB,0,2024-10-01,-0.003848637506332797,0.012199200014847443
ridge,y_XLB,1,2024-10-01,-0.003848637506332797,0.0077180546403600595
ridge,y_XLB,2,2024-10-01,-0.003848637506332797,-0.003592443857599471
ridge,y_XLB,0,2024-10-02,-0.011068133346521014,0.03170836006105277
ridge,y_XLB,1,2024-10-02,-0.011068133346521014,0.01974189301718567
ridge,y_XLB,2,2024-10-02,-0.011068133346521014,0.01938543539599688
ridge,y_XLB,0,2024-10-03,0.004857005737312292,0.003930765803606782
ridge,y_XLB,1,2024-10-03,0.004857005737312292,-0.0006329991989032326
ridge,y_XLB,2,2024-10-03,0.004857005737312292,-0.008791194064210516
ridge,y_XLB,1,2024-10-07,-0.004636932825391016,0.0037271836600861015
ridge,y_XLB,2,2024-10-07,-0.004636932825391016,0.009328879446817933
ridge,y_XLB,3,2024-10-07,-0.004636932825391016,-0.005337201988235452
ridge,y_XLB,1,2024-10-08,0.006352772408346752,0.03873560219985214
ridge,y_XLB,2,2024-10-08,0.006352772408346752,0.03573621641217498
ridge,y_XLB,3,2024-10-08,0.006352772408346752,0.021593839550865926
ridge,y_XLB,1,2024-10-09,0.0023143985892406516,0.028864486726095186
ridge,y_XLB,2,2024-10-09,0.0023143985892406516,0.029377385854260703
ridge,y_XLB,3,2024-10-09,0.0023143985892406516,0.0256978773858632
ridge,y_XLB,1,2024-10-10,0.006507783288780322,0.001704191274468819
ridge,y_XLB,2,2024-10-10,0.006507783288780322,-0.0011265759630517212
ridge,y_XLB,3,2024-10-10,0.006507783288780322,6.907165845089025e-05
ridge,y_XLB,1,2024-10-14,-0.001037109660457114,-0.010952021577137823
ridge,y_XLB,2,2024-10-14,-0.001037109660457114,-0.008927600129117835
ridge,y_XLB,3,2024-10-14,-0.001037109660457114,-0.009756234273036436
ridge,y_XLB,1,2024-10-15,0.007784976963336909,-0.02808657307821583
ridge,y_XLB,2,2024-10-15,0.007784976963336909,-0.03307591546963484
ridge,y_XLB,3,2024-10-15,0.007784976963336909,-0.027188670462625558
ridge,y_XLB,1,2024-10-16,0.0015449678535186528,-0.004571362164170985
ridge,y_XLB,2,2024-10-16,0.0015449678535186528,-0.005989385686744688
ridge,y_XLB,3,2024-10-16,0.0015449678535186528,-0.011653938167178173
ridge,y_XLB,1,2024-10-17,0.004010703897839418,-0.019538294975464554
ridge,y_XLB,2,2024-10-17,0.004010703897839418,-0.021680799825166297
ridge,y_XLB,3,2024-10-17,0.004010703897839418,-0.013412752450534932
ridge,y_XLB,1,2024-10-21,-0.009186635985069747,-0.1234528730591065
ridge,y_XLB,2,2024-10-21,-0.009186635985069747,-0.12248621742235087
ridge,y_XLB,3,2024-10-21,-0.009186635985069747,-0.11075042277298743
ridge,y_XLB,1,2024-10-22,-0.002708539800516774,0.015706766791923836
ridge,y_XLB,2,2024-10-22,-0.002708539800516774,0.0181224807428334
ridge,y_XLB,3,2024-10-22,-0.002708539800516774,0.007623074292922213
ridge,y_XLB,1,2024-10-23,-0.012222062709831505,0.041619906361892514
ridge,y_XLB,2,2024-10-23,-0.012222062709831505,0.04733955600466126
ridge,y_XLB,3,2024-10-23,-0.012222062709831505,0.03649023766655956
ridge,y_XLB,1,2024-10-24,-0.006345052011708319,0.051534311582442136
ridge,y_XLB,2,2024-10-24,-0.006345052011708319,0.047026318953751076
ridge,y_XLB,3,2024-10-24,-0.006345052011708319,0.07070382108784831
ridge,y_XLB,2,2024-10-28,-0.006438757743380874,-0.36681017893433193
ridge,y_XLB,3,2024-10-28,-0.006438757743380874,-0.2735280548201757
ridge,y_XLB,4,2024-10-28,-0.006438757743380874,-0.25555574480403154
ridge,y_XLB,2,2024-10-29,0.005418089148432337,0.05935718705234192
ridge,y_XLB,3,2024-10-29,0.005418089148432337,0.029117297258665416
ridge,y_XLB,4,2024-10-29,0.005418089148432337,0.020240385614854296
ridge,y_XLB,2,2024-10-30,-0.013207917063865038,0.019984952724180282
ridge,y_XLB,3,2024-10-30,-0.013207917063865038,0.04290339499935159
ridge,y_XLB,4,2024-10-30,-0.013207917063865038,0.04594210356605621
ridge,y_XLB,2,2024-10-31,-0.0027840298866111945,-0.08465884109796742
ridge,y_XLB,3,2024-10-31,-0.0027840298866111945,-0.09648848352798554
ridge,y_XLB,4,2024-10-31,-0.0027840298866111945,-0.08516009154074956
ridge,y_XLB,2,2024-11-04,0.0014966504731617203,-0.014832241397435515
ridge,y_XLB,3,2024-11-04,0.0014966504731617203,-0.023810513856908407
ridge,y_XLB,4,2024-11-04,0.0014966504731617203,-0.022187774139536782
ridge,y_XLB,2,2024-11-05,0.0137703498872217,0.019417969414297673
ridge,y_XLB,3,2024-11-05,0.0137703498872217,0.02194696974374896
ridge,y_XLB,4,2024-11-05,0.0137703498872217,0.017857560832870083
ridge,y_XLB,2,2024-11-06,0.0038958865460381187,-0.025354998403503602
ridge,y_XLB,3,2024-11-06,0.0038958865460381187,-0.01604938826470735
ridge,y_XLB,4,2024-11-06,0.0038958865460381187,-0.015544946928115266
ridge,y_XLB,2,2024-11-07,-0.009125161028633921,0.012266465135058533
ridge,y_XLB,3,2024-11-07,-0.009125161028633921,0.0193689491053692
ridge,y_XLB,4,2024-11-07,-0.009125161028633921,0.018751230710445564
ridge,y_XLB,2,2024-11-11,-0.01701038562157431,0.008961130160001664
ridge,y_XLB,3,2024-11-11,-0.01701038562157431,0.008719173091652935
ridge,y_XLB,4,2024-11-11,-0.01701038562157431,0.025841335283948573
ridge,y_XLB,2,2024-11-12,0.002379399405953775,0.02771535517525374
ridge,y_XLB,3,2024-11-12,0.002379399405953775,0.020729219232037566
ridge,y_XLB,4,2024-11-12,0.002379399405953775,0.024078192435107004
ridge,y_XLB,2,2024-11-13,-0.008200185741017774,0.01210257464915372
ridge,y_XLB,3,2024-11-13,-0.008200185741017774,0.0075857086796506925
ridge,y_XLB,4,2024-11-13,-0.008200185741017774,0.015175141143536457
ridge,y_XLB,2,2024-11-14,-0.006962629920673091,0.14223014303157216
ridge,y_XLB,3,2024-11-14,-0.006962629920673091,0.1043374229385151
ridge,y_XLB,4,2024-11-14,-0.006962629920673091,0.10133653480008713
ridge,y_XLB,3,2024-11-18,-0.0032612439748742617,-0.02722582357613735
ridge,y_XLB,4,2024-11-18,-0.0032612439748742617,-0.0293214187782518
ridge,y_XLB,5,2024-11-18,-0.0032612439748742617,-0.02172344723684854
ridge,y_XLB,3,2024-11-19,0.008179786215697593,0.0697666233484257
ridge,y_XLB,4,2024-11-19,0.008179786215697593,0.04427206144215516
ridge,y_XLB,5,2024-11-19,0.008179786215697593,0.08579371897866132
ridge,y_XLB,3,2024-11-20,0.012224157675776892,0.038268779520048146
ridge,y_XLB,4,2024-11-20,0.012224157675776892,0.030614111220648683
ridge,y_XLB,5,2024-11-20,0.012224157675776892,0.028452769896250407
ridge,y_XLB,3,2024-11-21,0.0055572645943084975,-0.014341836836078193
ridge,y_XLB,4,2024-11-21,0.0055572645943084975,-0.008140377820773925
ridge,y_XLB,5,2024-11-21,0.0055572645943084975,0.003981754048241806
ridge,y_XLB,3,2024-11-25,-0.007468837604189038,-0.006140676835943595
ridge,y_XLB,4,2024-11-25,-0.007468837604189038,-0.005901849665653605
ridge,y_XLB,5,2024-11-25,-0.007468837604189038,-0.008416935276456665
ridge,y_XLB,3,2024-11-26,-0.0005299172791831674,0.019461351992748017
ridge,y_XLB,4,2024-11-26,-0.0005299172791831674,0.03961608805691467
ridge,y_XLB,5,2024-11-26,-0.0005299172791831674,0.037587633273232016
ridge,y_XLB,3,2024-12-02,-0.0031673314718291268,-9.617828041161389e-05
ridge,y_XLB,4,2024-12-02,-0.0031673314718291268,-0.006864728793796245
ridge,y_XLB,5,2024-12-02,-0.0031673314718291268,-0.007863013644438824
ridge,y_XLB,3,2024-12-03,-0.009743680996964321,0.05229609465955118
ridge,y_XLB,4,2024-12-03,-0.009743680996964321,0.050441134434460896
ridge,y_XLB,5,2024-12-03,-0.009743680996964321,0.06483249237265633
ridge,y_XLB,3,2024-12-04,-0.013155043798557475,0.01637076317468675
ridge,y_XLB,4,2024-12-04,-0.013155043798557475,0.016871096527025373
ridge,y_XLB,5,2024-12-04,-0.013155043798557475,0.019057163277920883
ridge,y_XLB,3,2024-12-05,-0.003901633896615353,0.015391069865828586
ridge,y_XLB,4,2024-12-05,-0.003901633896615353,0.008724635274846838
ridge,y_XLB,5,2024-12-05,-0.003901633896615353,0.021557244072715347
ridge,y_XLB,4,2024-12-09,-0.010229526348772278,0.020182500102250662
ridge,y_XLB,5,2024-12-09,-0.010229526348772278,0.014382937731078094
ridge,y_XLB,6,2024-12-09,-0.010229526348772278,0.01182475950432348
ridge,y_XLB,4,2024-12-10,-0.0035185297306817853,0.04615581890348983
ridge,y_XLB,5,2024-12-10,-0.0035185297306817853,0.043056799414636006
ridge,y_XLB,6,2024-12-10,-0.0035185297306817853,0.039553110730541075
ridge,y_XLB,4,2024-12-11,-0.006951176317064989,-0.00366068448815672
ridge,y_XLB,5,2024-12-11,-0.006951176317064989,-0.005403480346810877
ridge,y_XLB,6,2024-12-11,-0.006951176317064989,-0.009333646497768324
ridge,y_XLB,4,2024-12-12,-0.008555612655548606,-0.018724332093833885
ridge,y_XLB,5,2024-12-12,-0.008555612655548606,-0.012142691680112196
ridge,y_XLB,6,2024-12-12,-0.008555612655548606,-0.006864621226084096
ridge,y_XLB,4,2024-12-16,-0.005540437169537449,-0.004166595504936042
ridge,y_XLB,5,2024-12-16,-0.005540437169537449,0.008955778293794101
ridge,y_XLB,6,2024-12-16,-0.005540437169537449,0.005447093320117005
ridge,y_XLB,4,2024-12-17,-0.028425179728469807,-0.018908652972310362
ridge,y_XLB,5,2024-12-17,-0.028425179728469807,-0.021000357599991065
ridge,y_XLB,6,2024-12-17,-0.028425179728469807,-0.022878060618196288
ridge,y_XLB,4,2024-12-18,-0.010766601940183307,0.011928674886419376
ridge,y_XLB,5,2024-12-18,-0.010766601940183307,0.010424742986628814
ridge,y_XLB,6,2024-12-18,-0.010766601940183307,0.010949604730198428
ridge,y_XLB,4,2024-12-19,0.012421702163413206,-2.4339776914246544e-05
ridge,y_XLB,5,2024-12-19,0.012421702163413206,-0.0004421317370511738
ridge,y_XLB,6,2024-12-19,0.012421702163413206,0.004313595044455746
ridge,y_XLB,4,2024-12-23,0.005407237768176865,0.0006682473517743987
ridge,y_XLB,5,2024-12-23,0.005407237768176865,-0.0007101517621652473
ridge,y_XLB,6,2024-12-23,0.005407237768176865,0.0005047280996148824
ridge,y_XLB,4,2024-12-26,-0.005386434487613667,-0.0049376908456325854
ridge,y_XLB,5,2024-12-26,-0.005386434487613667,-0.00300411753493446
ridge,y_XLB,6,2024-12-26,-0.005386434487613667,-0.007124504354759936
ridge,y_XLB,5,2024-12-30,0.004057252066464789,-0.0012400643646749633
ridge,y_XLB,6,2024-12-30,0.004057252066464789,0.0027327715753636935
ridge,y_XLB,7,2024-12-30,0.004057252066464789,0.015300266292867163
ridge,y_XLB,5,2025-01-02,-0.00024023863392585998,0.005697792372292591
ridge,y_XLB,6,2025-01-02,-0.00024023863392585998,0.006819664876962645
ridge,y_XLB,7,2025-01-02,-0.00024023863392585998,0.009526161274461552
ridge,y_XLB,5,2025-01-06,-0.0005970492055510368,0.036480917307032935
ridge,y_XLB,6,2025-01-06,-0.0005970492055510368,0.02522703447551157
ridge,y_XLB,7,2025-01-06,-0.0005970492055510368,0.019870466565420374
ridge,y_XLB,5,2025-01-07,0.005495836659227704,0.008404128414242465
ridge,y_XLB,6,2025-01-07,0.005495836659227704,0.0016292609979694853
ridge,y_XLB,7,2025-01-07,0.005495836659227704,0.00016903071695045942
ridge,y_XLB,5,2025-01-13,0.01244721487810585,0.001511247347176543
ridge,y_XLB,6,2025-01-13,0.01244721487810585,-0.00013914161023039287
ridge,y_XLB,7,2025-01-13,0.01244721487810585,0.0171565875732158
ridge,y_XLB,5,2025-01-14,0.009510522177124336,-0.004755342248564073
ridge,y_XLB,6,2025-01-14,0.009510522177124336,-0.004475667678447824
ridge,y_XLB,7,2025-01-14,0.009510522177124336,0.0034645324393472007
ridge,y_XLB,5,2025-01-15,0.008271961289280982,0.042863384810065894
ridge,y_XLB,6,2025-01-15,0.008271961289280982,0.02519970301411221
ridge,y_XLB,7,2025-01-15,0.008271961289280982,-0.01236915243302449
ridge,y_XLB,5,2025-01-16,0.006495058150334687,-0.033461123397603064
ridge,y_XLB,6,2025-01-16,0.006495058150334687,-0.03497977791325652
ridge,y_XLB,7,2025-01-16,0.006495058150334687,-0.029882282048505186
ridge,y_XLB,6,2025-01-21,-0.00804828221289533,-0.017797471417223914
ridge,y_XLB,7,2025-01-21,-0.00804828221289533,-0.022597841547337558
ridge,y_XLB,8,2025-01-21,-0.00804828221289533,-0.02329002504722238
ridge,y_XLB,6,2025-01-22,0.005521732763602127,-0.05276437058187782
ridge,y_XLB,7,2025-01-22,0.005521732763602127,-0.02744273167230132
ridge,y_XLB,8,2025-01-22,0.005521732763602127,-0.0243930080671837
ridge,y_XLB,6,2025-01-23,-0.0025776169400308913,-0.10849124918250572
ridge,y_XLB,7,2025-01-23,-0.0025776169400308913,-0.12289640652950898
ridge,y_XLB,8,2025-01-23,-0.0025776169400308913,-0.11943397143671002
ridge,y_XLB,6,2025-01-27,-0.0032566270906391193,0.028504182394230058
ridge,y_XLB,7,2025-01-27,-0.0032566270906391193,0.02269972195657166
ridge,y_XLB,8,2025-01-27,-0.0032566270906391193,0.02638717653538445
ridge,y_XLB,6,2025-01-28,-0.0018026121306800036,0.0029068824514197162
ridge,y_XLB,7,2025-01-28,-0.0018026121306800036,-0.0012405533634175072
ridge,y_XLB,8,2025-01-28,-0.0018026121306800036,-0.0003782165581251531
ridge,y_XLB,6,2025-01-29,0.00948084781092362,0.042764299026179266
ridge,y_XLB,7,2025-01-29,0.00948084781092362,0.042857016045531285
ridge,y_XLB,8,2025-01-29,0.00948084781092362,0.03162919395256042
ridge,y_XLB,6,2025-01-30,-0.007267424030393155,-0.09085067346129849
ridge,y_XLB,7,2025-01-30,-0.007267424030393155,-0.07597803496279992
ridge,y_XLB,8,2025-01-30,-0.007267424030393155,-0.06718901927427802
ridge,y_XLB,6,2025-02-03,0.0029253556297950123,-0.013667010640907534
ridge,y_XLB,7,2025-02-03,0.0029253556297950123,-0.009778901313640979
ridge,y_XLB,8,2025-02-03,0.0029253556297950123,-0.008544498982691145
ridge,y_XLB,6,2025-02-04,-0.0007853790477418965,-0.1242309279015718
ridge,y_XLB,7,2025-02-04,-0.0007853790477418965,-0.10716620322234191
ridge,y_XLB,8,2025-02-04,-0.0007853790477418965,-0.11016095274531147
ridge,y_XLB,6,2025-02-05,0.0034804166610606924,0.01327130420341976
ridge,y_XLB,7,2025-02-05,0.0034804166610606924,0.019833535011664693
ridge,y_XLB,8,2025-02-05,0.0034804166610606924,0.01885887536345682
ridge,y_XLB,6,2025-02-06,-0.012195144246829104,0.12912738685474792
ridge,y_XLB,7,2025-02-06,-0.012195144246829104,0.08270086637873167
ridge,y_XLB,8,2025-02-06,-0.012195144246829104,0.09762141325929566
ridge,y_XLB,7,2025-02-10,0.005859853510238766,0.04197123241267073
ridge,y_XLB,8,2025-02-10,0.005859853510238766,0.03967308157367666
ridge,y_XLB,9,2025-02-10,0.005859853510238766,0.033038909768666865
ridge,y_XLB,7,2025-02-11,-0.007170057946809916,-0.03621695514843813
ridge,y_XLB,8,2025-02-11,-0.007170057946809916,-0.031090256868983004
ridge,y_XLB,9,2025-02-11,-0.007170057946809916,-0.026417194743430787
ridge,y_XLB,7,2025-02-12,0.017377615829040405,-0.028268392224873765
ridge,y_XLB,8,2025-02-12,0.017377615829040405,-0.029399973648964732
ridge,y_XLB,9,2025-02-12,0.017377615829040405,-0.030430757587394924
ridge,y_XLB,7,2025-02-13,-0.0034383390817349646,-0.030334251930999503
ridge,y_XLB,8,2025-02-13,-0.0034383390817349646,-0.05045019582157656
ridge,y_XLB,9,2025-02-13,-0.0034383390817349646,-0.059864566759588136
ridge,y_XLB,7,2025-02-18,-0.011759576778724856,0.22855300665844008
ridge,y_XLB,8,2025-02-18,-0.011759576778724856,0.23592027422679004
ridge,y_XLB,9,2025-02-18,-0.011759576778724856,0.22765110372371924
ridge,y_XLB,7,2025-02-19,-0.002335439682778939,-0.05733625605100748
ridge,y_XLB,8,2025-02-19,-0.002335439682778939,-0.05953337676442136
ridge,y_XLB,9,2025-02-19,-0.002335439682778939,-0.0549394238595093
ridge,y_XLB,7,2025-02-20,-0.018281156186566783,-0.012787524245460442
ridge,y_XLB,8,2025-02-20,-0.018281156186566783,-0.012364245482431195
ridge,y_XLB,9,2025-02-20,-0.018281156186566783,-0.01252039844668848
ridge,y_XLB,7,2025-02-24,0.00772994505652469,-0.010560471550685745
ridge,y_XLB,8,2025-02-24,0.00772994505652469,-0.01467276609425856
ridge,y_XLB,9,2025-02-24,0.00772994505652469,0.005287169330327097
ridge,y_XLB,7,2025-02-25,-0.00045125609121132726,-0.015355276693423691
ridge,y_XLB,8,2025-02-25,-0.00045125609121132726,-0.012671171877606633
ridge,y_XLB,9,2025-02-25,-0.00045125609121132726,-0.015413855946363741
ridge,y_XLB,7,2025-02-26,-0.00677119470352705,0.0557021648626779
ridge,y_XLB,8,2025-02-26,-0.00677119470352705,0.04943042623825289
ridge,y_XLB,9,2025-02-26,-0.00677119470352705,0.048462157865659244
ridge,y_XLB,7,2025-02-27,0.008521717541985163,-0.03212083217275534
ridge,y_XLB,8,2025-02-27,0.008521717541985163,-0.028230565277820217
ridge,y_XLB,9,2025-02-27,0.008521717541985163,-0.02487621977701564
ridge,y_XLB,8,2025-03-03,-0.013566434654982529,0.001616713620455376
ridge,y_XLB,9,2025-03-03,-0.013566434654982529,-0.002777121219547081
ridge,y_XLB,10,2025-03-03,-0.013566434654982529,-0.0008313614598239786
ridge,y_XLB,8,2025-03-04,0.026107201246319933,-0.035854743182866036
ridge,y_XLB,9,2025-03-04,0.026107201246319933,-0.037934358507066744
ridge,y_XLB,10,2025-03-04,0.026107201246319933,-0.03531313163650246
ridge,y_XLB,8,2025-03-05,-0.005224826636778701,-0.015542384409595902
ridge,y_XLB,9,2025-03-05,-0.005224826636778701,-0.018793777655979022
ridge,y_XLB,10,2025-03-05,-0.005224826636778701,-0.020288467860950062
ridge,y_XLB,8,2025-03-06,0.002740260091037783,-0.005401986078248761
ridge,y_XLB,9,2025-03-06,0.002740260091037783,-0.009647340880544026
ridge,y_XLB,10,2025-03-06,0.002740260091037783,-0.014558999703729546
ridge,y_XLB,8,2025-03-10,-0.007675281427588998,0.005610772656862763
ridge,y_XLB,9,2025-03-10,-0.007675281427588998,0.010016052782002328
ridge,y_XLB,10,2025-03-10,-0.007675281427588998,0.01485088959549654
ridge,y_XLB,8,2025-03-11,-0.0046877698686720315,0.019616136241431863
ridge,y_XLB,9,2025-03-11,-0.0046877698686720315,0.01804528413089805
ridge,y_XLB,10,2025-03-11,-0.0046877698686720315,0.009849286394301961
ridge,y_XLB,8,2025-03-12,-0.0007063032040822703,-0.005185818057217036
ridge,y_XLB,9,2025-03-12,-0.0007063032040822703,-0.006349541252690758
ridge,y_XLB,10,2025-03-12,-0.0007063032040822703,-0.006787694227470511
ridge,y_XLB,8,2025-03-13,0.0130788245607103,-0.011457806675178277
ridge,y_XLB,9,2025-03-13,0.0130788245607103,-0.01179182817719062
ridge,y_XLB,10,2025-03-13,0.0130788245607103,-0.013175885302748566
ridge,y_XLB,8,2025-03-17,-0.001722780602750662,-0.014438415538782935
ridge,y_XLB,9,2025-03-17,-0.001722780602750662,-0.016080112775312686
ridge,y_XLB,10,2025-03-17,-0.001722780602750662,-0.014983817709267681
ridge,y_XLB,8,2025-03-18,0.003336725748773306,0.008367256857829374
ridge,y_XLB,9,2025-03-18,0.003336725748773306,-0.0013049806091558307
ridge,y_XLB,10,2025-03-18,0.003336725748773306,0.00498593457616333
ridge,y_XLB,8,2025-03-19,-0.006307344412754934,0.0486259621005921
ridge,y_XLB,9,2025-03-19,-0.006307344412754934,0.0468160814640572
ridge,y_XLB,10,2025-03-19,-0.006307344412754934,0.044797986851824824
ridge,y_XLB,8,2025-03-20,-0.00992499833192928,-0.024127782920580088
ridge,y_XLB,9,2025-03-20,-0.00992499833192928,-0.025294294061991532
ridge,y_XLB,10,2025-03-20,-0.00992499833192928,-0.022708981940939524
ridge,y_XLB,9,2025-03-24,-0.00023124083348002866,0.003976255621049754
ridge,y_XLB,10,2025-03-24,-0.00023124083348002866,0.005131130871148023
ridge,y_XLB,11,2025-03-24,-0.00023124083348002866,0.004944472336436679
ridge,y_XLB,9,2025-03-25,0.001849280423146915,-0.08140371001547396
ridge,y_XLB,10,2025-03-25,0.001849280423146915,-0.08779595316722388
ridge,y_XLB,11,2025-03-25,0.001849280423146915,-0.08075423470316949
ridge,y_XLB,9,2025-03-26,-0.0004614667244073889,0.021038153079002624
ridge,y_XLB,10,2025-03-26,-0.0004614667244073889,0.020383253823826622
ridge,y_XLB,11,2025-03-26,-0.0004614667244073889,0.019943063334182644
ridge,y_XLB,9,2025-03-27,-0.018351703987196988,0.07138343701244175
ridge,y_XLB,10,2025-03-27,-0.018351703987196988,0.06134365455228354
ridge,y_XLB,11,2025-03-27,-0.018351703987196988,0.07517188244542461
ridge,y_XLB,9,2025-03-31,0.003721789564685496,-0.027688388164284507
ridge,y_XLB,10,2025-03-31,0.003721789564685496,-0.022753066875805566
ridge,y_XLB,11,2025-03-31,0.003721789564685496,-0.020789708220316207
ridge,y_XLB,9,2025-04-01,0.008227123492372979,-0.051700492897677454
ridge,y_XLB,10,2025-04-01,0.008227123492372979,-0.0581218016322876
ridge,y_XLB,11,2025-04-01,0.008227123492372979,-0.01884407063409767
ridge,y_XLB,9,2025-04-02,-0.045167213534979656,0.024618711943358008
ridge,y_XLB,10,2025-04-02,-0.045167213534979656,0.023409488264284618
ridge,y_XLB,11,2025-04-02,-0.045167213534979656,0.0210394344512464
ridge,y_XLB,9,2025-04-03,-0.06259035584718209,-0.031256891141988916
ridge,y_XLB,10,2025-04-03,-0.06259035584718209,-0.02470612176502835
ridge,y_XLB,11,2025-04-03,-0.06259035584718209,-0.015888135724822623
ridge,y_XLB,9,2025-04-07,-0.030797388342337362,0.070595121270178
ridge,y_XLB,10,2025-04-07,-0.030797388342337362,0.06194386064455898
ridge,y_XLB,11,2025-04-07,-0.030797388342337362,0.06232593174027501
ridge,y_XLB,9,2025-04-08,0.0873839131882379,-0.005060793312229839
ridge,y_XLB,10,2025-04-08,0.0873839131882379,-0.004352254769835486
ridge,y_XLB,11,2025-04-08,0.0873839131882379,-0.00730058467321004
ridge,y_XLB,9,2025-04-09,-0.03194650404021748,-0.014832029079055982
ridge,y_XLB,10,2025-04-09,-0.03194650404021748,-0.014318684984332754
ridge,y_XLB,11,2025-04-09,-0.03194650404021748,-0.013883121288704232
ridge,y_XLB,9,2025-04-10,0.029675159279204166,-0.004638798936282648
ridge,y_XLB,10,2025-04-10,0.029675159279204166,-0.00192508397305704
ridge,y_XLB,11,2025-04-10,0.029675159279204166,-0.004410000233002482
ridge,y_XLB,10,2025-04-14,-0.007855544447434526,0.03264331662853811
ridge,y_XLB,11,2025-04-14,-0.007855544447434526,0.032753256707615024
ridge,y_XLB,12,2025-04-14,-0.007855544447434526,0.02388751983991055
ridge,y_XLB,10,2025-04-15,-0.007794241976194383,0.01889412210481115
ridge,y_XLB,11,2025-04-15,-0.007794241976194383,0.01618153450058704
ridge,y_XLB,12,2025-04-15,-0.007794241976194383,0.024557360345494356
ridge,y_XLB,10,2025-04-16,0.006857868244803278,0.006131852778238489
ridge,y_XLB,11,2025-04-16,0.006857868244803278,0.007932761230070404
ridge,y_XLB,12,2025-04-16,0.006857868244803278,0.007370214296401428
ridge,y_XLB,10,2025-04-21,0.023390254631922236,-0.018679881041343945
ridge,y_XLB,11,2025-04-21,0.023390254631922236,-0.016528936736308994
ridge,y_XLB,12,2025-04-21,0.023390254631922236,-0.016913703240423596
ridge,y_XLB,10,2025-04-22,0.0012288487981158003,-0.010124541902598691
ridge,y_XLB,11,2025-04-22,0.0012288487981158003,-0.004371973114838701
ridge,y_XLB,12,2025-04-22,0.0012288487981158003,-0.006199022439340177
ridge,y_XLB,10,2025-04-23,0.021600357832558092,0.0006090915551777382
ridge,y_XLB,11,2025-04-23,0.021600357832558092,0.01074157709326357
ridge,y_XLB,12,2025-04-23,0.021600357832558092,0.0063683759327523275
ridge,y_XLB,10,2025-04-24,-0.007448283844024184,0.004907489490038946
ridge,y_XLB,11,2025-04-24,-0.007448283844024184,0.003961734484771367
ridge,y_XLB,12,2025-04-24,-0.007448283844024184,0.004456966278188026
ridge,y_XLB,10,2025-04-28,0.008336316515050068,-0.018216217052434456
ridge,y_XLB,11,2025-04-28,0.008336316515050068,-0.020518712269344017
ridge,y_XLB,12,2025-04-28,0.008336316515050068,-0.01720349121842082
ridge,y_XLB,10,2025-04-29,0.0051521835351713285,-0.006321390989360474
ridge,y_XLB,11,2025-04-29,0.0051521835351713285,-0.014943315679639125
ridge,y_XLB,12,2025-04-29,0.0051521835351713285,-0.015253395502970347
ridge,y_XLB,10,2025-04-30,-0.004410599618881017,0.004150347132606375
ridge,y_XLB,11,2025-04-30,-0.004410599618881017,0.00716385062499065
ridge,y_XLB,12,2025-04-30,-0.004410599618881017,0.008938628908138962
ridge,y_XLB,10,2025-05-01,0.01688222684015095,-0.04774742296490087
ridge,y_XLB,11,2025-05-01,0.01688222684015095,-0.08009258112183636
ridge,y_XLB,12,2025-05-01,0.01688222684015095,-0.07862275775190064
ridge,y_XLB,11,2025-05-05,-0.007236118286974569,0.0457602623090181
ridge,y_XLB,12,2025-05-05,-0.007236118286974569,0.0461197754979394
ridge,y_XLB,13,2025-05-05,-0.007236118286974569,0.052972292431265854
ridge,y_XLB,11,2025-05-06,-0.005496419789998375,-0.034814671281000444
ridge,y_XLB,12,2025-05-06,-0.005496419789998375,-0.0546444184124542
ridge,y_XLB,13,2025-05-06,-0.005496419789998375,-0.046499904429795055
ridge,y_XLB,11,2025-05-07,0.013336444872715347,-0.01780889288477979
ridge,y_XLB,12,2025-05-07,0.013336444872715347,-0.01292205688980225
ridge,y_XLB,13,2025-05-07,0.013336444872715347,-0.013650968865537794
ridge,y_XLB,11,2025-05-08,0.002608531167760386,-0.10981176613772495
ridge,y_XLB,12,2025-05-08,0.002608531167760386,-0.11587671690926407
ridge,y_XLB,13,2025-05-08,0.002608531167760386,-0.0989094446721681
ridge,y_XLB,11,2025-05-12,-0.004969963514753428,0.015379946395626242
ridge,y_XLB,12,2025-05-12,-0.004969963514753428,0.013535939189313
ridge,y_XLB,13,2025-05-12,-0.004969963514753428,0.012477260113188811
ridge,y_XLB,11,2025-05-13,-0.00917645109396581,0.005407194018126129
ridge,y_XLB,12,2025-05-13,-0.00917645109396581,0.003977271754664879
ridge,y_XLB,13,2025-05-13,-0.00917645109396581,0.0036621329714339322
ridge,y_XLB,11,2025-05-14,0.010199303092865764,-0.002870858061535779
ridge,y_XLB,12,2025-05-14,0.010199303092865764,-0.004117410425928359
ridge,y_XLB,13,2025-05-14,0.010199303092865764,-0.003744140858830299
ridge,y_XLB,11,2025-05-15,0.010212444477118776,-0.01384814481858959
ridge,y_XLB,12,2025-05-15,0.010212444477118776,-0.01725224923479145
ridge,y_XLB,13,2025-05-15,0.010212444477118776,-0.019550961351718157
ridge,y_XLB,11,2025-05-19,-0.0017187343732765203,0.020243037053253456
ridge,y_XLB,12,2025-05-19,-0.0017187343732765203,0.028016782866087008
ridge,y_XLB,13,2025-05-19,-0.0017187343732765203,0.020926351734881804
ridge,y_XLB,11,2025-05-20,-0.013315034265416581,0.007659454113744356
ridge,y_XLB,12,2025-05-20,-0.013315034265416581,0.011082512051313945
ridge,y_XLB,13,2025-05-20,-0.013315034265416581,0.009356701625027157
ridge,y_XLB,11,2025-05-21,-0.0010469743827774547,-0.03869343259383312
ridge,y_XLB,12,2025-05-21,-0.0010469743827774547,-0.0341253957036361
ridge,y_XLB,13,2025-05-21,-0.0010469743827774547,-0.03666562439686964
ridge,y_XLB,11,2025-05-22,-0.0019797110060242318,0.06330660905800123
ridge,y_XLB,12,2025-05-22,-0.0019797110060242318,0.07477158510130019
ridge,y_XLB,13,2025-05-22,-0.0019797110060242318,0.06828477146951288
ridge,y_XLB,12,2025-05-27,-0.013646700565680292,0.012562607552015173
ridge,y_XLB,13,2025-05-27,-0.013646700565680292,0.013687964164062762
ridge,y_XLB,14,2025-05-27,-0.013646700565680292,0.015218322952070871
ridge,y_XLB,12,2025-05-28,0.003720491335361009,-0.0004171785709925984
ridge,y_XLB,13,2025-05-28,0.003720491335361009,-0.005192548995436514
ridge,y_XLB,14,2025-05-28,0.003720491335361009,-0.007792137947818611
ridge,y_XLB,12,2025-05-29,0.00011572225940081893,0.005043816159601163
ridge,y_XLB,13,2025-05-29,0.00011572225940081893,0.00768693830544861
ridge,y_XLB,14,2025-05-29,0.00011572225940081893,0.008691556804441518
ridge,y_XLB,12,2025-06-02,0.01024751382693423,-0.01328044680532195
ridge,y_XLB,13,2025-06-02,0.01024751382693423,-0.01666317377440629
ridge,y_XLB,14,2025-06-02,0.01024751382693423,-0.015730004079355136
ridge,y_XLB,12,2025-06-03,0.003761084169517259,-0.04873801707197932
ridge,y_XLB,13,2025-06-03,0.003761084169517259,-0.04757246872062242
ridge,y_XLB,14,2025-06-03,0.003761084169517259,-0.044823846457400986
ridge,y_XLB,12,2025-06-04,-0.00590429682158633,0.01847208585976102
ridge,y_XLB,13,2025-06-04,-0.00590429682158633,0.02013753538716537
ridge,y_XLB,14,2025-06-04,-0.00590429682158633,0.025917816129948673
ridge,y_XLB,12,2025-06-05,0.002626999429363064,0.0024003240779937292
ridge,y_XLB,13,2025-06-05,0.002626999429363064,0.0012110640396325958
ridge,y_XLB,14,2025-06-05,0.002626999429363064,0.0016389075257798378
ridge,y_XLB,12,2025-06-09,0.0062236674812168324,0.029433716445392697
ridge,y_XLB,13,2025-06-09,0.0062236674812168324,0.04172074076349848
ridge,y_XLB,14,2025-06-09,0.0062236674812168324,0.04381519567651344
ridge,y_XLB,12,2025-06-10,-0.009896433603299282,0.00723004202480247
ridge,y_XLB,13,2025-06-10,-0.009896433603299282,0.0065670956898022485
ridge,y_XLB,14,2025-06-10,-0.009896433603299282,0.007337248459590013
ridge,y_XLB,12,2025-06-11,0.0042026061506392764,0.0016661576218524674
ridge,y_XLB,13,2025-06-11,0.0042026061506392764,0.0029749399118217373
ridge,y_XLB,14,2025-06-11,0.0042026061506392764,0.007382914972584035
ridge,y_XLB,12,2025-06-12,-0.011650268571368305,0.0015918316774616449
ridge,y_XLB,13,2025-06-12,-0.011650268571368305,-0.0010170362465951955
ridge,y_XLB,14,2025-06-12,-0.011650268571368305,-0.0016858435359197212
ridge,y_XLB,13,2025-07-02,-0.0006561572512118197,-0.04180711934614553
ridge,y_XLB,14,2025-07-02,-0.0006561572512118197,-0.037215598523933933
ridge,y_XLB,15,2025-07-02,-0.0006561572512118197,-0.0470363062508377
ridge,y_XLB,13,2025-07-07,0.00817774974280594,-0.008560908200726722
ridge,y_XLB,14,2025-07-07,0.00817774974280594,-0.009858374912390392
ridge,y_XLB,15,2025-07-07,0.00817774974280594,-0.010158927204832243
ridge,y_XLB,13,2025-07-08,0.006028664280088192,0.0034930077539572536
ridge,y_XLB,14,2025-07-08,0.006028664280088192,0.006973160165532802
ridge,y_XLB,15,2025-07-08,0.006028664280088192,0.008098928406857685
ridge,y_XLB,13,2025-07-09,0.005338798312418236,-0.007181160105286395
ridge,y_XLB,14,2025-07-09,0.005338798312418236,-0.006009488930715073
ridge,y_XLB,15,2025-07-09,0.005338798312418236,-0.006904000692909348
ridge,y_XLB,13,2025-07-10,-0.008128216315972936,0.002924185707204813
ridge,y_XLB,14,2025-07-10,-0.008128216315972936,0.00016867440972073624
ridge,y_XLB,15,2025-07-10,-0.008128216315972936,0.00488151701026414
ridge,y_XLB,13,2025-07-14,-0.02054717802042727,-0.011277682041561701
ridge,y_XLB,14,2025-07-14,-0.02054717802042727,-0.009791823912836626
ridge,y_XLB,15,2025-07-14,-0.02054717802042727,-0.011305937561482833
ridge,y_XLB,13,2025-07-15,0.002692314840146315,-0.0046013679124899745
ridge,y_XLB,14,2025-07-15,0.002692314840146315,-0.005181311861143902
ridge,y_XLB,15,2025-07-15,0.002692314840146315,-0.001402642981117959
ridge,y_XLB,13,2025-07-16,0.007048619474375739,0.02043686511284468
ridge,y_XLB,14,2025-07-16,0.007048619474375739,0.021088647472789046
ridge,y_XLB,15,2025-07-16,0.007048619474375739,0.017868478863292615
ridge,y_XLB,13,2025-07-17,0.002333037658861059,0.025059733159915634
ridge,y_XLB,14,2025-07-17,0.002333037658861059,0.01973426537934704
ridge,y_XLB,15,2025-07-17,0.002333037658861059,0.01596571522958686
ridge,y_XLB,13,2025-07-21,0.01378476046802346,-0.0008020499880538774
ridge,y_XLB,14,2025-07-21,0.01378476046802346,-0.0017831186868856848
ridge,y_XLB,15,2025-07-21,0.01378476046802346,-0.001112011347144813
ridge,y_XLB,13,2025-07-22,0.0033720701201496173,0.03293095667535255
ridge,y_XLB,14,2025-07-22,0.0033720701201496173,0.027694200663783478
ridge,y_XLB,15,2025-07-22,0.0033720701201496173,0.02959395917841732
ridge,y_XLB,13,2025-07-23,-0.010299150075573027,-0.005114267275720556
ridge,y_XLB,14,2025-07-23,-0.010299150075573027,-0.005180027193521881
ridge,y_XLB,15,2025-07-23,-0.010299150075573027,-0.0033813305411939166
ridge,y_XLB,14,2025-07-24,0.011830377546582449,0.006053125048336589
ridge,y_XLB,15,2025-07-24,0.011830377546582449,0.005604338789362064
ridge,y_XLB,16,2025-07-24,0.011830377546582449,0.004382105322922862
ridge,y_XLB,14,2025-07-28,-0.003844882553921569,0.00430427171977395
ridge,y_XLB,15,2025-07-28,-0.003844882553921569,0.004863073362450886
ridge,y_XLB,16,2025-07-28,-0.003844882553921569,0.008172058750995425
ridge,y_XLB,14,2025-07-29,-0.020180867572610617,0.005567133282036729
ridge,y_XLB,15,2025-07-29,-0.020180867572610617,0.006680829997766502
ridge,y_XLB,16,2025-07-29,-0.020180867572610617,0.0074792481529034295
ridge,y_XLB,14,2025-07-30,-0.012605433354915152,-0.02046433616970484
ridge,y_XLB,15,2025-07-30,-0.012605433354915152,-0.023777625586885447
ridge,y_XLB,16,2025-07-30,-0.012605433354915152,-0.026293725784773448
ridge,y_XLB,14,2025-07-31,-0.011512698818938905,-0.03800544606870159
ridge,y_XLB,15,2025-07-31,-0.011512698818938905,-0.03749440789723173
ridge,y_XLB,16,2025-07-31,-0.011512698818938905,-0.03495708373671677
ridge,y_XLB,14,2025-08-04,0.007055838413627669,-0.029449162006351542
ridge,y_XLB,15,2025-08-04,0.007055838413627669,-0.02982249102728387
ridge,y_XLB,16,2025-08-04,0.007055838413627669,-0.027489454477797652
ridge,y_XLB,14,2025-08-05,-0.010848625834342207,-0.022022596579231658
ridge,y_XLB,15,2025-08-05,-0.010848625834342207,-0.020617188618678367
ridge,y_XLB,16,2025-08-05,-0.010848625834342207,-0.019021635921181213
ridge,y_XLB,14,2025-08-06,0.004341409545238317,0.008458464795284833
ridge,y_XLB,15,2025-08-06,0.004341409545238317,0.006705082393869398
ridge,y_XLB,16,2025-08-06,0.004341409545238317,0.007106662569487966
ridge,y_XLB,14,2025-08-07,0.005004985878530155,0.0035849473081774686
ridge,y_XLB,15,2025-08-07,0.005004985878530155,0.00784199639974001
ridge,y_XLB,16,2025-08-07,0.005004985878530155,0.014180490781722824
ridge,y_XLB,14,2025-08-11,0.013045994141797967,-0.007761048843257691
ridge,y_XLB,15,2025-08-11,0.013045994141797967,-0.008799778133825967
ridge,y_XLB,16,2025-08-11,0.013045994141797967,-0.008587524666215976
ridge,y_XLB,14,2025-08-12,0.018812953417544964,0.014759342957362852
ridge,y_XLB,15,2025-08-12,0.018812953417544964,0.01418618769386708
ridge,y_XLB,16,2025-08-12,0.018812953417544964,0.0158325119249895
ridge,y_XLB,15,2025-08-13,-0.010441869241448298,-0.0014566286293229117
ridge,y_XLB,16,2025-08-13,-0.010441869241448298,0.0012331597547665558
ridge,y_XLB,17,2025-08-13,-0.010441869241448298,0.0011869511569213406
ridge,y_XLB,15,2025-08-14,0.0,0.004858365825755532
ridge,y_XLB,16,2025-08-14,0.0,0.003847871340134255
ridge,y_XLB,17,2025-08-14,0.0,0.004441079788581831
ridge,y_XLB,15,2025-08-18,0.006032861677516488,-0.014176628458157415
ridge,y_XLB,16,2025-08-18,0.006032861677516488,-0.012891023749779672
ridge,y_XLB,17,2025-08-18,0.006032861677516488,-0.012813293510451271
ridge,y_XLB,15,2025-08-19,0.0007772766873981318,0.01485241028181518
ridge,y_XLB,16,2025-08-19,0.0007772766873981318,0.012958895224899139
ridge,y_XLB,17,2025-08-19,0.0007772766873981318,0.010817879074954545
ridge,y_XLB,15,2025-08-20,0.0029960562727116002,0.0067083112948413855
ridge,y_XLB,16,2025-08-20,0.0029960562727116002,0.006512195899249841
ridge,y_XLB,17,2025-08-20,0.0029960562727116002,0.008947175725539904
ridge,y_XLB,15,2025-08-21,0.01980302928527311,0.0029067924139154076
ridge,y_XLB,16,2025-08-21,0.01980302928527311,0.0016280344935465131
ridge,y_XLB,17,2025-08-21,0.01980302928527311,0.002060297769254492
ridge,y_XLB,15,2025-08-25,0.0027271949397194017,-0.00429075600977569
ridge,y_XLB,16,2025-08-25,0.0027271949397194017,-0.005438357481329315
ridge,y_XLB,17,2025-08-25,0.0027271949397194017,-0.0033628604602961975
ridge,y_XLB,15,2025-08-26,0.0025021685460733245,0.0024092026197107437
ridge,y_XLB,16,2025-08-26,0.0025021685460733245,0.010741676135746427
ridge,y_XLB,17,2025-08-26,0.0025021685460733245,0.004146463087222021
ridge,y_XLB,15,2025-08-27,0.0,-0.025732026469584664
ridge,y_XLB,16,2025-08-27,0.0,-0.021351080713034765
ridge,y_XLB,17,2025-08-27,0.0,-0.02209899656694204
ridge,y_XLB,15,2025-08-28,0.00141067746800827,0.018916745865655057
ridge,y_XLB,16,2025-08-28,0.00141067746800827,0.019786646601431066
ridge,y_XLB,17,2025-08-28,0.00141067746800827,0.01821778776624849
ridge,y_XLB,15,2025-09-02,-0.006769260381853215,-0.017093152292375534
ridge,y_XLB,16,2025-09-02,-0.006769260381853215,-0.01633049262939205
ridge,y_XLB,17,2025-09-02,-0.006769260381853215,-0.021634208079263507
ridge,y_XLB,16,2025-09-03,0.003847418484176357,0.013909992045545945
ridge,y_XLB,17,2025-09-03,0.003847418484176357,0.012795379187241704
ridge,y_XLB,18,2025-09-03,0.003847418484176357,0.007928635466435456
ridge,y_XLB,16,2025-09-04,0.00700831318024564,0.00907972157593406
ridge,y_XLB,17,2025-09-04,0.00700831318024564,0.016414042817106345
ridge,y_XLB,18,2025-09-04,0.00700831318024564,0.014765398411329025
ridge,y_XLB,16,2025-09-08,-0.016297305718619315,-0.008049411819271683
ridge,y_XLB,17,2025-09-08,-0.016297305718619315,-0.007704763524658889
ridge,y_XLB,18,2025-09-08,-0.016297305718619315,-0.00783471711185181
ridge,y_XLB,16,2025-09-09,0.00187761407954401,0.00832138271217709
ridge,y_XLB,17,2025-09-09,0.00187761407954401,0.009606571423891938
ridge,y_XLB,18,2025-09-09,0.00187761407954401,0.013321077291634238
ridge,y_XLB,16,2025-09-10,0.02094590037522681,0.00916464086839205
ridge,y_XLB,17,2025-09-10,0.02094590037522681,-0.0020726978045959438
ridge,y_XLB,18,2025-09-10,0.02094590037522681,-0.0055803832311706785
ridge,y_XLB,16,2025-09-11,-0.01004209763676489,0.011535210371871128
ridge,y_XLB,17,2025-09-11,-0.01004209763676489,0.006556061876541999
ridge,y_XLB,18,2025-09-11,-0.01004209763676489,0.004797397521556056
ridge,y_XLB,16,2025-09-15,-0.00307893308728302,0.010407601609380137
ridge,y_XLB,17,2025-09-15,-0.00307893308728302,0.01373945341323706
ridge,y_XLB,18,2025-09-15,-0.00307893308728302,0.010402338053486563
ridge,y_XLB,16,2025-09-16,0.002316310398171817,-0.01012326927380689
ridge,y_XLB,17,2025-09-16,0.002316310398171817,-0.013972822090276142
ridge,y_XLB,18,2025-09-16,0.002316310398171817,-0.013852311269717244
ridge,y_XLB,16,2025-09-17,0.0,0.034707375014778725
ridge,y_XLB,17,2025-09-17,0.0,0.034625460451810225
ridge,y_XLB,18,2025-09-17,0.0,0.03531468421812447
ridge,y_XLB,16,2025-09-18,-0.00044016219268772083,-0.05382172673169728
ridge,y_XLB,17,2025-09-18,-0.00044016219268772083,-0.06284120748739866
ridge,y_XLB,18,2025-09-18,-0.00044016219268772083,-0.06340559918829532
ridge,y_XLB,16,2025-09-22,-0.0032090570492713244,0.004106322223436543
ridge,y_XLB,17,2025-09-22,-0.0032090570492713244,0.006130089456675548
ridge,y_XLB,18,2025-09-22,-0.0032090570492713244,0.009293232271443672
ridge,y_XLB,17,2025-09-23,-0.012211387538798246,0.04122204573645274
ridge,y_XLB,18,2025-09-23,-0.012211387538798246,0.03920221669755877
ridge,y_XLB,19,2025-09-23,-0.012211387538798246,0.04375079177915798
ridge,y_XLB,17,2025-09-24,-0.013036663618001487,0.14240685975725484
ridge,y_XLB,18,2025-09-24,-0.013036663618001487,0.11535494363728885
ridge,y_XLB,19,2025-09-24,-0.013036663618001487,0.10300934899331331
ridge,y_XLB,17,2025-09-25,0.011614679448661791,0.0012539245504719792
ridge,y_XLB,18,2025-09-25,0.011614679448661791,0.0024323107727294434
ridge,y_XLB,19,2025-09-25,0.011614679448661791,0.005047160278409669
ridge,y_XLB,17,2025-09-29,0.004933884095687846,0.00011979915010580807
ridge,y_XLB,18,2025-09-29,0.004933884095687846,0.003654376912255368
ridge,y_XLB,19,2025-09-29,0.004933884095687846,0.0022409807009395057
ridge,y_XLB,17,2025-09-30,-0.0104888199461457,-0.023788728496105815
ridge,y_XLB,18,2025-09-30,-0.0104888199461457,-0.022910020284684834
ridge,y_XLB,19,2025-09-30,-0.0104888199461457,-0.019636496161945734
ridge,y_XLB,17,2025-10-01,0.011614808731960524,0.022422738456269856
ridge,y_XLB,18,2025-10-01,0.011614808731960524,0.015700772039976635
ridge,y_XLB,19,2025-10-01,0.011614808731960524,0.017106751905282963
ridge,y_XLB,17,2025-10-02,0.0016720688338422995,-0.05283680922170162
ridge,y_XLB,18,2025-10-02,0.0016720688338422995,-0.04554837615770709
ridge,y_XLB,19,2025-10-02,0.0016720688338422995,-0.03757292978035717
ridge,y_XLB,17,2025-10-06,-0.004009836330787886,0.002593064433231385
ridge,y_XLB,18,2025-10-06,-0.004009836330787886,0.00015947013947000736
ridge,y_XLB,19,2025-10-06,-0.004009836330787886,-0.0003050882908851261
ridge,y_XLB,17,2025-10-07,0.005367973134748905,-0.015540384833814919
ridge,y_XLB,18,2025-10-07,0.005367973134748905,-0.013911345419804301
ridge,y_XLB,19,2025-10-07,0.005367973134748905,-0.014765028268924058
ridge,y_XLB,17,2025-10-08,-0.013681901317758705,0.022279895053388316
ridge,y_XLB,18,2025-10-08,-0.013681901317758705,0.023141788004205712
ridge,y_XLB,19,2025-10-08,-0.013681901317758705,0.02888355758631593
ridge,y_XLB,17,2025-10-09,-0.020525548697734597,-0.042902593683913415
ridge,y_XLB,18,2025-10-09,-0.020525548697734597,-0.03705860091823318
ridge,y_XLB,19,2025-10-09,-0.020525548697734597,-0.03316242084227162
ridge,y_XLB,18,2025-10-13,0.009973930675745146,-0.017864478757650203
ridge,y_XLB,19,2025-10-13,0.009973930675745146,-0.018364563358886938
ridge,y_XLB,20,2025-10-13,0.009973930675745146,-0.011859609320385121
ridge,y_XLB,18,2025-10-14,-0.004488872656121745,0.023277871385307097
ridge,y_XLB,19,2025-10-14,-0.004488872656121745,0.021475815144078366
ridge,y_XLB,20,2025-10-14,-0.004488872656121745,0.020545531677675803
ridge,y_XLB,18,2025-10-15,-0.007439950814700724,0.012094446758723364
ridge,y_XLB,19,2025-10-15,-0.007439950814700724,0.024791446408924663
ridge,y_XLB,20,2025-10-15,-0.007439950814700724,0.017883762886542684
ridge,y_XLB,18,2025-10-16,-0.001930737828743867,-0.04843798652734949
ridge,y_XLB,19,2025-10-16,-0.001930737828743867,-0.03857413948298248
ridge,y_XLB,20,2025-10-16,-0.001930737828743867,-0.03328436136636205
ridge,y_XLB,18,2025-10-20,-0.0038232647245189932,0.034883024831064244
ridge,y_XLB,19,2025-10-20,-0.0038232647245189932,0.033626565195385816
ridge,y_XLB,20,2025-10-20,-0.0038232647245189932,0.031896419674130864
ridge,y_XLB,18,2025-10-21,-0.0030476878707788035,-0.010866840159685693
ridge,y_XLB,19,2025-10-21,-0.0030476878707788035,-0.011737131658041135
ridge,y_XLB,20,2025-10-21,-0.0030476878707788035,-0.012332339483609319
ridge,y_XLB,18,2025-10-22,0.012001741104257002,-0.026298624696027516
ridge,y_XLB,19,2025-10-22,0.012001741104257002,-0.027830443687747144
ridge,y_XLB,20,2025-10-22,0.012001741104257002,-0.026989998611565733
ridge,y_XLB,18,2025-10-23,-0.0041395786256104294,0.007261881851904447
ridge,y_XLB,19,2025-10-23,-0.0041395786256104294,0.0048267904045763525
ridge,y_XLB,20,2025-10-23,-0.0041395786256104294,0.003929783017142215
ridge,y_XLB,18,2025-10-27,0.001348694678694029,0.006148964736735964
ridge,y_XLB,19,2025-10-27,0.001348694678694029,0.0012774782263164368
ridge,y_XLB,20,2025-10-27,0.001348694678694029,0.0012177447289918395
ridge,y_XLB,18,2025-10-28,-0.01964305620055029,0.0064853388726639075
ridge,y_XLB,19,2025-10-28,-0.01964305620055029,0.005309757848050381
ridge,y_XLB,20,2025-10-28,-0.01964305620055029,0.0034707417895630636
ridge,y_XLB,18,2025-10-29,-0.013395864812801972,-0.006705571110375845
ridge,y_XLB,19,2025-10-29,-0.013395864812801972,-0.006049253350334054
ridge,y_XLB,20,2025-10-29,-0.013395864812801972,-0.005984534507122762
ridge,y_XLB,18,2025-10-30,-0.0058025335534617195,-0.00013153694489070704
ridge,y_XLB,19,2025-10-30,-0.0058025335534617195,0.00017688704305215817
ridge,y_XLB,20,2025-10-30,-0.0058025335534617195,0.00043349465555477586
ridge,y_XLB,19,2025-11-03,-0.004933004028044974,0.014365503083622397
ridge,y_XLB,20,2025-11-03,-0.004933004028044974,0.014272875339479829
ridge,y_XLB,21,2025-11-03,-0.004933004028044974,0.01445361261608923
ridge,y_XLB,19,2025-11-04,0.005901754377707125,-0.02423270138133066
ridge,y_XLB,20,2025-11-04,0.005901754377707125,-0.022001884191316767
ridge,y_XLB,21,2025-11-04,0.005901754377707125,-0.011178733197494054
ridge,y_XLB,19,2025-11-05,-0.004928373146427023,0.013809002507260186
ridge,y_XLB,20,2025-11-05,-0.004928373146427023,0.016743592716790448
ridge,y_XLB,21,2025-11-05,-0.004928373146427023,0.018534568966466512
ridge,y_XLB,19,2025-11-06,0.012028224356960049,-0.050976723841934475
ridge,y_XLB,20,2025-11-06,0.012028224356960049,-0.0494500259296022
ridge,y_XLB,21,2025-11-06,0.012028224356960049,-0.041850599600484664
ridge,y_XLB,19,2025-11-10,0.010389012339624415,-0.03116071627028113
ridge,y_XLB,20,2025-11-10,0.010389012339624415,-0.030914465456292176
ridge,y_XLB,21,2025-11-10,0.010389012339624415,-0.031179673872886983
ridge,y_XLB,19,2025-11-11,0.00708334716890846,-0.060779876497542684
ridge,y_XLB,20,2025-11-11,0.00708334716890846,-0.055614380812157874
ridge,y_XLB,21,2025-11-11,0.00708334716890846,-0.04605015765033529
ridge,y_XLB,19,2025-11-12,-0.006579750372803561,-0.02370509686740743
ridge,y_XLB,20,2025-11-12,-0.006579750372803561,-0.022550052713895333
ridge,y_XLB,21,2025-11-12,-0.006579750372803561,-0.01946286943900344
ridge,y_XLB,19,2025-11-13,-0.009135540333595982,0.01671884792111391
ridge,y_XLB,20,2025-11-13,-0.009135540333595982,0.017363020509530792
ridge,y_XLB,21,2025-11-13,-0.009135540333595982,0.010665480509783177
ridge,y_XLB,19,2025-11-17,0.0008191996415913838,-0.022303122983997236
ridge,y_XLB,20,2025-11-17,0.0008191996415913838,-0.022752404292019017
ridge,y_XLB,21,2025-11-17,0.0008191996415913838,-0.01943488307314282
ridge,y_XLB,19,2025-11-18,0.0025725200375077417,-0.00536613915094537
ridge,y_XLB,20,2025-11-18,0.0025725200375077417,-0.00543310587211735
ridge,y_XLB,21,2025-11-18,0.0025725200375077417,-0.005156884956387058
ridge,y_XLB,19,2025-11-19,-0.014928805313656368,-0.0001149024528958666
ridge,y_XLB,20,2025-11-19,-0.014928805313656368,-0.0002885102697976008
ridge,y_XLB,21,2025-11-19,-0.014928805313656368,-0.00032983190371221134
ridge,y_XLB,19,2025-11-20,0.022377468211935314,-0.010373323007940964
ridge,y_XLB,20,2025-11-20,0.022377468211935314,-0.0080229998597872
ridge,y_XLB,21,2025-11-20,0.022377468211935314,-0.006698816768471962
ridge,y_XLB,20,2025-11-24,0.014909888309899477,-0.0007013702914850163
ridge,y_XLB,21,2025-11-24,0.014909888309899477,0.00032760468535090505
ridge,y_XLB,22,2025-11-24,0.014909888309899477,-0.0002667755833177706
ridge,y_XLB,20,2025-11-25,0.012299301548209352,-0.005608080419444152
ridge,y_XLB,21,2025-11-25,0.012299301548209352,-0.0024923895117914484
ridge,y_XLB,22,2025-11-25,0.012299301548209352,0.003428147891409888
ridge,y_XLB,20,2025-12-01,-0.009082746093119876,-0.0009014486055498842
ridge,y_XLB,21,2025-12-01,-0.009082746093119876,0.0011220522525668118
ridge,y_XLB,22,2025-12-01,-0.009082746093119876,0.003548880796267275
ridge,y_XLB,20,2025-12-02,0.007015929136573007,0.007228048465092087
ridge,y_XLB,21,2025-12-02,0.007015929136573007,0.010546157138717399
ridge,y_XLB,22,2025-12-02,0.007015929136573007,0.007006975104026163
ridge,y_XLB,20,2025-12-03,-0.005843317365545997,-0.006928916141422036
ridge,y_XLB,21,2025-12-03,-0.005843317365545997,-0.007142443993935929
ridge,y_XLB,22,2025-12-03,-0.005843317365545997,-0.007411637816602052
ridge,y_XLB,20,2025-12-04,-0.0032779754566182318,-0.002852266862507801
ridge,y_XLB,21,2025-12-04,-0.0032779754566182318,0.0033916846990217895
ridge,y_XLB,22,2025-12-04,-0.0032779754566182318,0.004655770321980506
ridge,y_XLB,20,2025-12-08,-0.002069935092296027,-0.07257415765251968
ridge,y_XLB,21,2025-12-08,-0.002069935092296027,-0.0806610579018618
ridge,y_XLB,22,2025-12-08,-0.002069935092296027,-0.058128245361970934
ridge,y_XLB,20,2025-12-09,0.019589848510261687,-0.06664210232972886
ridge,y_XLB,21,2025-12-09,0.019589848510261687,-0.0684967699177204
ridge,y_XLB,22,2025-12-09,0.019589848510261687,-0.058763756442554604
ridge,y_XLB,20,2025-12-10,0.019891411567286355,0.0011505779436294932
ridge,y_XLB,21,2025-12-10,0.019891411567286355,0.012678332532414868
ridge,y_XLB,22,2025-12-10,0.019891411567286355,0.015520687103338286
ridge,y_XLB,20,2025-12-11,0.0006649843624570995,-0.0225237724068241
ridge,y_XLB,21,2025-12-11,0.0006649843624570995,-0.027611292127611445
ridge,y_XLB,22,2025-12-11,0.0006649843624570995,-0.02477531298200903
ridge,y_XLB,21,2025-12-15,-0.0026595125396929875,0.03900987747245041
ridge,y_XLB,22,2025-12-15,-0.0026595125396929875,0.03860192021948242
ridge,y_XLB,23,2025-12-15,-0.0026595125396929875,0.0346141094669425
ridge,y_XLB,21,2025-12-16,0.004222173350333147,0.008754790013639433
ridge,y_XLB,22,2025-12-16,0.004222173350333147,0.004128993272524107
ridge,y_XLB,23,2025-12-16,0.004222173350333147,0.0008683421640103419
ridge,y_XLB,21,2025-12-17,-0.0004425796214825306,-0.009122409533392415
ridge,y_XLB,22,2025-12-17,-0.0004425796214825306,-0.007914489235182771
ridge,y_XLB,23,2025-12-17,-0.0004425796214825306,-0.005250046328463331
ridge,y_XLB,21,2025-12-18,0.004427755849331971,-0.017128470270015732
ridge,y_XLB,22,2025-12-18,0.004427755849331971,-0.008191921823424354
ridge,y_XLB,23,2025-12-18,0.004427755849331971,-0.012174472164844413
ridge,y_XLB,21,2025-12-23,0.0019672164500086353,0.004817048773608728
ridge,y_XLB,22,2025-12-23,0.0019672164500086353,0.0047795212482816445
ridge,y_XLB,23,2025-12-23,0.0019672164500086353,0.0032035532004807193
ridge,y_XLB,21,2025-12-29,-0.00021867371804618063,-0.005255120971384833
ridge,y_XLB,22,2025-12-29,-0.00021867371804618063,-0.0060401333959578755
ridge,y_XLB,23,2025-12-29,-0.00021867371804618063,-0.004148488287668797
ridge,y_XLB,21,2025-12-30,-0.008309667000199084,-0.0013164657816060869
ridge,y_XLB,22,2025-12-30,-0.008309667000199084,-0.003939183778977629
ridge,y_XLB,23,2025-12-30,-0.008309667000199084,-0.004393708366360493
ridge,y_XLB,22,2026-01-05,0.019750925993565538,0.02139952611816316
ridge,y_XLB,23,2026-01-05,0.019750925993565538,0.025333134469129378
ridge,y_XLB,24,2026-01-05,0.019750925993565538,0.018139795933601693
ridge,y_XLB,22,2026-01-06,-0.017263151469983584,-0.00807730299343381
ridge,y_XLB,23,2026-01-06,-0.017263151469983584,-0.006138046215451233
ridge,y_XLB,24,2026-01-06,-0.017263151469983584,-0.012478389039961891
ridge,y_XLB,22,2026-01-07,0.017566402944802384,-0.015832217998917122
ridge,y_XLB,23,2026-01-07,0.017566402944802384,-0.015520437868833819
ridge,y_XLB,24,2026-01-07,0.017566402944802384,-0.012849426214781752
ridge,y_XLB,22,2026-01-08,0.01599996466385689,0.0069042816736198
ridge,y_XLB,23,2026-01-08,0.01599996466385689,0.004542683895594131
ridge,y_XLB,24,2026-01-08,0.01599996466385689,0.0011631965422459452
ridge,y_XLB,22,2026-01-12,0.004328093208809003,0.027529686409937682
ridge,y_XLB,23,2026-01-12,0.004328093208809003,0.02115404208936303
ridge,y_XLB,24,2026-01-12,0.004328093208809003,0.022378021645511066
ridge,y_XLB,22,2026-01-13,0.0004104341873907291,0.007504130229607973
ridge,y_XLB,23,2026-01-13,0.0004104341873907291,0.009643897627229631
ridge,y_XLB,24,2026-01-13,0.0004104341873907291,0.009383359070591065
ridge,y_XLB,22,2026-01-14,0.0043076735276441624,-0.014101303333364975
ridge,y_XLB,23,2026-01-14,0.0043076735276441624,-0.011901410617965028
ridge,y_XLB,24,2026-01-14,0.0043076735276441624,-0.011498088650999312
ridge,y_XLB,22,2026-01-15,-0.005718929422645291,-0.03483426128388554
ridge,y_XLB,23,2026-01-15,-0.005718929422645291,-0.03129224407718967
ridge,y_XLB,24,2026-01-15,-0.005718929422645291,-0.02988089188381974
ridge,y_XLB,22,2026-01-21,0.005686408808944554,0.002637391303925095
ridge,y_XLB,23,2026-01-21,0.005686408808944554,0.0027496410804249594
ridge,y_XLB,24,2026-01-21,0.005686408808944554,0.0013406225984052432
ridge,y_XLB,22,2026-01-22,0.009087252802496781,-0.006556602685520066
ridge,y_XLB,23,2026-01-22,0.009087252802496781,-0.005405031812517391
ridge,y_XLB,24,2026-01-22,0.009087252802496781,-0.004619610974774748
ridge,y_XLB,23,2026-01-26,-0.0009993851345294624,0.006305980338559109
ridge,y_XLB,24,2026-01-26,-0.0009993851345294624,0.004530928382613508
ridge,y_XLB,23,2026-01-27,-0.0006002156777037415,-0.019137900110816168
ridge,y_XLB,24,2026-01-27,-0.0006002156777037415,-0.020205819372229702
ridge,y_XLB,23,2026-01-28,0.0010009857116488607,-0.004064284909573763
ridge,y_XLB,24,2026-01-28,0.0010009857116488607,-0.0026078504007510345
ridge,y_XLB,23,2026-01-29,-0.014599990844726518,0.019860173596067635
ridge,y_XLB,24,2026-01-29,-0.014599990844726518,0.02152541063403274
ridge,y_XLB,23,2026-02-02,0.021148020237486964,-0.043675824262127516
ridge,y_XLB,24,2026-02-02,0.021148020237486964,-0.04308566951352564
ridge,y_XLB,23,2026-02-03,0.02347137295466961,-0.002996312789488678
ridge,y_XLB,24,2026-02-03,0.02347137295466961,-0.0020998734993467163
ridge,y_XLB,23,2026-02-04,-0.02678742351123886,0.001872298586446435
ridge,y_XLB,24,2026-02-04,-0.02678742351123886,0.002182357930908401
ridge,y_XLB,23,2026-02-05,0.019999966763033727,-0.011086320077939422
ridge,y_XLB,24,2026-02-05,0.019999966763033727,-0.009707012022315704
ridge,y_XLB,23,2026-02-09,0.013990025641374304,0.004367449874063523
ridge,y_XLB,24,2026-02-09,0.013990025641374304,0.004348492628147971
ridge,y_XLB,23,2026-02-10,0.01341899615422859,-0.006908693299402198
ridge,y_XLB,24,2026-02-10,0.01341899615422859,-0.006007150056110197
ridge,y_XLB,23,2026-02-11,-0.014733254691661535,0.013198586504485795
ridge,y_XLB,24,2026-02-11,-0.014733254691661535,0.013282327040387258
ridge,y_XLB,23,2026-02-12,0.009085737755060386,-0.01967577507795484
ridge,y_XLB,24,2026-02-12,0.009085737755060386,-0.018406348558927182
ridge,y_XLB,24,2026-02-17,0.006072100383141876,0.005544543199434468
ridge,y_XLB,24,2026-02-18,-0.0035835274437678866,0.00046011861131515055
ridge,y_XLB,24,2026-02-19,0.002460670999665737,-0.002397529052738905
ridge,y_XLB,24,2026-02-23,0.007552899033115512,0.02303872038367389
ridge,y_XLB,24,2026-02-24,-0.005622174543272962,-0.000666867578677684
ridge,y_XLB,24,2026-02-25,-0.0011308211786292821,0.019214000914783327
ridge,y_XLB,24,2026-02-26,0.007735846177586936,-0.0012246229077184432
ridge,y_XLB,24,2026-03-02,-0.024600964756638977,0.019400856752472013
ridge,y_XLB,24,2026-03-03,-0.0003850685077488869,0.018499292094486953
ridge,y_XLB,24,2026-03-04,-0.02099376687849308,0.02039329118728581
ridge,y_XLB,24,2026-03-05,-0.019083241899678693,0.007318553436010025
ridge,y_XLC,0,2024-08-05,0.011784736536268436,0.004773501389672782
ridge,y_XLC,0,2024-08-06,-0.005283311494377663,0.0033478847341481682
ridge,y_XLC,0,2024-08-07,0.01991788361026381,0.019131545638543863
ridge,y_XLC,0,2024-08-08,0.008521689065428495,0.023092689857973015
ridge,y_XLC,0,2024-08-12,0.012999300968778105,-0.003138975746231622
ridge,y_XLC,0,2024-08-13,-0.0057163533474250405,-0.05379272201988826
ridge,y_XLC,0,2024-08-14,0.009034394169033177,-0.009225345576438934
ridge,y_XLC,0,2024-08-15,0.0030232402109731105,-0.007682819332710695
ridge,y_XLC,0,2024-08-19,-0.0006878296610807189,-0.018488710708489703
ridge,y_XLC,0,2024-08-20,0.00424410521889107,-0.002578696855891181
ridge,y_XLC,0,2024-08-21,-0.007538626713751606,0.007174301370456788
ridge,y_XLC,0,2024-08-22,0.007020403858674973,-0.010102344894608692
ridge,y_XLC,0,2024-08-26,-0.0022805037297490838,0.005690329134576741
ridge,y_XLC,1,2024-08-26,-0.0022805037297490838,0.0031799230594405634
ridge,y_XLC,0,2024-08-27,-0.006628612812312418,0.012859352585559362
ridge,y_XLC,1,2024-08-27,-0.006628612812312418,0.014727926211035759
ridge,y_XLC,0,2024-08-28,-0.002070818083036108,-0.02795912696863142
ridge,y_XLC,1,2024-08-28,-0.002070818083036108,-0.03188670174343965
ridge,y_XLC,0,2024-08-29,0.006686601906978895,-0.03817884079060204
ridge,y_XLC,1,2024-08-29,0.006686601906978895,-0.028535998861615505
ridge,y_XLC,0,2024-09-03,-0.004783135878855149,0.002616742387464341
ridge,y_XLC,1,2024-09-03,-0.004783135878855149,-0.000722593493266878
ridge,y_XLC,0,2024-09-04,0.002930445878009058,0.0074065347879261395
ridge,y_XLC,1,2024-09-04,0.002930445878009058,0.023897089936359635
ridge,y_XLC,0,2024-09-05,-0.02092098325662395,0.009067275391100246
ridge,y_XLC,1,2024-09-05,-0.02092098325662395,0.02046542375094539
ridge,y_XLC,0,2024-09-09,-0.00023769062557399412,0.031193999309513117
ridge,y_XLC,1,2024-09-09,-0.00023769062557399412,0.01635324644371514
ridge,y_XLC,0,2024-09-10,0.0041611750155921,0.0013953757941637791
ridge,y_XLC,1,2024-09-10,0.0041611750155921,0.0010987405500441228
ridge,y_XLC,0,2024-09-11,0.01870713459773099,-0.034969382470818926
ridge,y_XLC,1,2024-09-11,0.01870713459773099,-0.041563758710958985
ridge,y_XLC,0,2024-09-12,0.009646765729539819,0.08717550001861835
ridge,y_XLC,1,2024-09-12,0.009646765729539819,0.07190181910346559
ridge,y_XLC,2,2024-09-12,0.009646765729539819,0.07640560796252756
ridge,y_XLC,0,2024-09-16,0.0,-0.053627168956208865
ridge,y_XLC,1,2024-09-16,0.0,-0.05045484364286266
ridge,y_XLC,2,2024-09-16,0.0,-0.06932353677094734
ridge,y_XLC,0,2024-09-17,-0.0007974576900214858,-0.003361382529327942
ridge,y_XLC,1,2024-09-17,-0.0007974576900214858,-0.015283636565412997
ridge,y_XLC,2,2024-09-17,-0.0007974576900214858,0.0011961704454491644
ridge,y_XLC,0,2024-09-18,0.013567511778174834,0.045391854165718996
ridge,y_XLC,1,2024-09-18,0.013567511778174834,0.048665625468149815
ridge,y_XLC,2,2024-09-18,0.013567511778174834,0.04156131037535713
ridge,y_XLC,0,2024-09-19,0.0,0.013403214256419039
ridge,y_XLC,1,2024-09-19,0.0,0.00422963666720125
ridge,y_XLC,2,2024-09-19,0.0,-0.020060019860239094
ridge,y_XLC,0,2024-09-23,0.004728088911464923,-0.002110206798814443
ridge,y_XLC,1,2024-09-23,0.004728088911464923,0.0041958316372913106
ridge,y_XLC,2,2024-09-23,0.004728088911464923,0.0033951639281828414
ridge,y_XLC,0,2024-09-24,-0.0031372551060746545,0.029056844010721835
ridge,y_XLC,1,2024-09-24,-0.0031372551060746545,0.02017531414349369
ridge,y_XLC,2,2024-09-24,-0.0031372551060746545,0.017946224672631583
ridge,y_XLC,0,2024-09-25,0.005619841154641536,0.03192544708536281
ridge,y_XLC,1,2024-09-25,0.005619841154641536,0.036994433626144005
ridge,y_XLC,2,2024-09-25,0.005619841154641536,0.031894191757712104
ridge,y_XLC,0,2024-09-26,0.0060357348316131265,-0.03641754946581044
ridge,y_XLC,1,2024-09-26,0.0060357348316131265,-0.031229516869149453
ridge,y_XLC,2,2024-09-26,0.0060357348316131265,-0.03858400735760636
ridge,y_XLC,0,2024-09-30,0.0007744004883809552,-0.01327677227232939
ridge,y_XLC,1,2024-09-30,0.0007744004883809552,-0.01716645997834729
ridge,y_XLC,2,2024-09-30,0.0007744004883809552,-0.02112982984851008
ridge,y_XLC,0,2024-10-01,-0.0030949482895885616,0.029456010334487987
ridge,y_XLC,1,2024-10-01,-0.0030949482895885616,0.029604614404186786
ridge,y_XLC,2,2024-10-01,-0.0030949482895885616,0.019087933050260443
ridge,y_XLC,0,2024-10-02,-0.0034373748283759165,-0.008916073868239088
ridge,y_XLC,1,2024-10-02,-0.0034373748283759165,-0.00833371709453195
ridge,y_XLC,2,2024-10-02,-0.0034373748283759165,0.011399552471685401
ridge,y_XLC,0,2024-10-03,0.011126057415631552,0.04495778508412577
ridge,y_XLC,1,2024-10-03,0.011126057415631552,0.03178142918556607
ridge,y_XLC,2,2024-10-03,0.011126057415631552,0.027276449893909527
ridge,y_XLC,1,2024-10-07,0.008810981241044846,0.04177626076362434
ridge,y_XLC,2,2024-10-07,0.008810981241044846,0.045580082683716924
ridge,y_XLC,3,2024-10-07,0.008810981241044846,0.025850883140288734
ridge,y_XLC,1,2024-10-08,0.0003318614844232126,-0.001680253877940769
ridge,y_XLC,2,2024-10-08,0.0003318614844232126,0.0009628406102484242
ridge,y_XLC,3,2024-10-08,0.0003318614844232126,-0.01751414928860443
ridge,y_XLC,1,2024-10-09,-0.007405064081841051,0.024137298344297748
ridge,y_XLC,2,2024-10-09,-0.007405064081841051,0.029612327372763463
ridge,y_XLC,3,2024-10-09,-0.007405064081841051,0.027761689621687208
ridge,y_XLC,1,2024-10-10,0.006903494100779728,-0.016047123120929613
ridge,y_XLC,2,2024-10-10,0.006903494100779728,-0.021776513243448835
ridge,y_XLC,3,2024-10-10,0.006903494100779728,-0.02078931110269824
ridge,y_XLC,1,2024-10-14,0.0022015041438523397,-0.0035728304031014922
ridge,y_XLC,2,2024-10-14,0.0022015041438523397,-0.003202003575032964
ridge,y_XLC,3,2024-10-14,0.0022015041438523397,-0.006639368409548847
ridge,y_XLC,1,2024-10-15,-0.0006590939876870427,-0.015454261306713863
ridge,y_XLC,2,2024-10-15,-0.0006590939876870427,-0.021919697022499116
ridge,y_XLC,3,2024-10-15,-0.0006590939876870427,-0.009623057655440097
ridge,y_XLC,1,2024-10-16,-0.00472570039716369,0.01812490939999856
ridge,y_XLC,2,2024-10-16,-0.00472570039716369,0.017047175210921344
ridge,y_XLC,3,2024-10-16,-0.00472570039716369,0.00530091137849231
ridge,y_XLC,1,2024-10-17,0.0073984375547693215,-0.041468018127579324
ridge,y_XLC,2,2024-10-17,0.0073984375547693215,-0.03952140734917976
ridge,y_XLC,3,2024-10-17,0.0073984375547693215,-0.02733871183212941
ridge,y_XLC,1,2024-10-21,0.0014306243063504365,-0.1332668016566917
ridge,y_XLC,2,2024-10-21,0.0014306243063504365,-0.13769868861403983
ridge,y_XLC,3,2024-10-21,0.0014306243063504365,-0.12573709240468808
ridge,y_XLC,1,2024-10-22,-0.007582511778281176,0.013305897772702474
ridge,y_XLC,2,2024-10-22,-0.007582511778281176,0.028212889912922985
ridge,y_XLC,3,2024-10-22,-0.007582511778281176,0.012761135149958192
ridge,y_XLC,1,2024-10-23,0.0034327223371626303,0.04504551052117579
ridge,y_XLC,2,2024-10-23,0.0034327223371626303,0.049566766013322355
ridge,y_XLC,3,2024-10-23,0.0034327223371626303,0.03314660033761929
ridge,y_XLC,1,2024-10-24,0.0025379886649150585,0.03301739588246338
ridge,y_XLC,2,2024-10-24,0.0025379886649150585,0.03259227551525602
ridge,y_XLC,3,2024-10-24,0.0025379886649150585,0.061115061159215896
ridge,y_XLC,2,2024-10-28,0.009406084969266315,-0.18646575722269018
ridge,y_XLC,3,2024-10-28,0.009406084969266315,-0.06342314743462811
ridge,y_XLC,4,2024-10-28,0.009406084969266315,-0.04540299099147359
ridge,y_XLC,2,2024-10-29,0.006067829830971538,0.1115917291323164
ridge,y_XLC,3,2024-10-29,0.006067829830971538,0.07857250035636865
ridge,y_XLC,4,2024-10-29,0.006067829830971538,0.07214078124988725
ridge,y_XLC,2,2024-10-30,-0.008723733324261018,0.05248430375772432
ridge,y_XLC,3,2024-10-30,-0.008723733324261018,0.07311495553978783
ridge,y_XLC,4,2024-10-30,-0.008723733324261018,0.06463769456216513
ridge,y_XLC,2,2024-10-31,0.003911354958364477,-0.08100098297064968
ridge,y_XLC,3,2024-10-31,0.003911354958364477,-0.09719789069066652
ridge,y_XLC,4,2024-10-31,0.003911354958364477,-0.07517732016802686
ridge,y_XLC,2,2024-11-04,0.011076127357304788,-0.017025170086584874
ridge,y_XLC,3,2024-11-04,0.011076127357304788,-0.022486420302800143
ridge,y_XLC,4,2024-11-04,0.011076127357304788,-0.027209233302233134
ridge,y_XLC,2,2024-11-05,0.024594562817006782,0.0009382358381872986
ridge,y_XLC,3,2024-11-05,0.024594562817006782,0.0016460265021656564
ridge,y_XLC,4,2024-11-05,0.024594562817006782,0.001318217648968595
ridge,y_XLC,2,2024-11-06,0.013102571901873805,-0.050770179049101104
ridge,y_XLC,3,2024-11-06,0.013102571901873805,-0.04330154733745456
ridge,y_XLC,4,2024-11-06,0.013102571901873805,-0.039025829826492324
ridge,y_XLC,2,2024-11-07,-0.004862785170139383,-0.008766571963386356
ridge,y_XLC,3,2024-11-07,-0.004862785170139383,-0.0029060719649445354
ridge,y_XLC,4,2024-11-07,-0.004862785170139383,0.008758590371442453
ridge,y_XLC,2,2024-11-11,0.0045492372016833205,-0.028470077994102873
ridge,y_XLC,3,2024-11-11,0.0045492372016833205,-0.024761274113563905
ridge,y_XLC,4,2024-11-11,0.0045492372016833205,-0.014207278705622904
ridge,y_XLC,2,2024-11-12,0.00041165790319830364,0.008731463612136446
ridge,y_XLC,3,2024-11-12,0.00041165790319830364,0.0046536778878150725
ridge,y_XLC,4,2024-11-12,0.00041165790319830364,0.009177544594009459
ridge,y_XLC,2,2024-11-13,-0.001131712884250069,0.0013273464315897898
ridge,y_XLC,3,2024-11-13,-0.001131712884250069,0.0012783450265505202
ridge,y_XLC,4,2024-11-13,-0.001131712884250069,-0.00012159331723063594
ridge,y_XLC,2,2024-11-14,-0.01998131929657021,0.09169080557527703
ridge,y_XLC,3,2024-11-14,-0.01998131929657021,0.02418167115254118
ridge,y_XLC,4,2024-11-14,-0.01998131929657021,0.024746787037233365
ridge,y_XLC,3,2024-11-18,0.006556414395814114,-0.022272428093038206
ridge,y_XLC,4,2024-11-18,0.006556414395814114,-0.02294181991737186
ridge,y_XLC,5,2024-11-18,0.006556414395814114,0.0023077982905226374
ridge,y_XLC,3,2024-11-19,0.00641012504858951,-0.07488374740775587
ridge,y_XLC,4,2024-11-19,0.00641012504858951,-0.09415034323791563
ridge,y_XLC,5,2024-11-19,0.00641012504858951,0.04839366764915611
ridge,y_XLC,3,2024-11-20,-0.002568223890519028,0.008309387565201876
ridge,y_XLC,4,2024-11-20,-0.002568223890519028,0.010485531336214639
ridge,y_XLC,5,2024-11-20,-0.002568223890519028,0.02429006528818108
ridge,y_XLC,3,2024-11-21,-0.00216304140926471,0.04763741182906877
ridge,y_XLC,4,2024-11-21,-0.00216304140926471,0.03775317457898377
ridge,y_XLC,5,2024-11-21,-0.00216304140926471,0.03842526788641119
ridge,y_XLC,3,2024-11-25,0.0036968691339489546,-0.001976036462002977
ridge,y_XLC,4,2024-11-25,0.0036968691339489546,-0.0024124786829695126
ridge,y_XLC,5,2024-11-25,0.0036968691339489546,-0.003734222839952215
ridge,y_XLC,3,2024-11-26,0.0013300678508083585,-0.00026506359890397845
ridge,y_XLC,4,2024-11-26,0.0013300678508083585,0.01962443180256667
ridge,y_XLC,5,2024-11-26,0.0013300678508083585,0.023176756482516107
ridge,y_XLC,3,2024-12-02,0.008063580285210703,0.03163626906458942
ridge,y_XLC,4,2024-12-02,0.008063580285210703,0.03191928232527504
ridge,y_XLC,5,2024-12-02,0.008063580285210703,0.02091252996495311
ridge,y_XLC,3,2024-12-03,0.002299850387408764,0.08221137528560589
ridge,y_XLC,4,2024-12-03,0.002299850387408764,0.0813482952124733
ridge,y_XLC,5,2024-12-03,0.002299850387408764,0.06671660365026673
ridge,y_XLC,3,2024-12-04,-0.002294573212317519,0.02262182804394327
ridge,y_XLC,4,2024-12-04,-0.002294573212317519,0.02327999694653092
ridge,y_XLC,5,2024-12-04,-0.002294573212317519,0.017770424298836022
ridge,y_XLC,3,2024-12-05,0.009199169304073163,0.0007508615296343746
ridge,y_XLC,4,2024-12-05,0.009199169304073163,0.0029065470826680085
ridge,y_XLC,5,2024-12-05,0.009199169304073163,-0.0017929413147607285
ridge,y_XLC,4,2024-12-09,0.01569150593388935,-0.011257439222552235
ridge,y_XLC,5,2024-12-09,0.01569150593388935,-0.012204938394792721
ridge,y_XLC,6,2024-12-09,0.01569150593388935,-0.003021430026118185
ridge,y_XLC,4,2024-12-10,0.016346013236672174,0.03243710851056079
ridge,y_XLC,5,2024-12-10,0.016346013236672174,0.02664828991239104
ridge,y_XLC,6,2024-12-10,0.016346013236672174,0.025622672434609035
ridge,y_XLC,4,2024-12-11,0.0018633283823765723,0.001639902680483875
ridge,y_XLC,5,2024-12-11,0.0018633283823765723,-0.0014952443088378058
ridge,y_XLC,6,2024-12-11,0.0018633283823765723,-0.004592588771591149
ridge,y_XLC,4,2024-12-12,-0.011942121668421346,-0.0007897496518068747
ridge,y_XLC,5,2024-12-12,-0.011942121668421346,-0.006013511564801886
ridge,y_XLC,6,2024-12-12,-0.011942121668421346,0.00506303200289943
ridge,y_XLC,4,2024-12-16,-0.007500312312445301,-0.008343336193742446
ridge,y_XLC,5,2024-12-16,-0.007500312312445301,0.006446988031008073
ridge,y_XLC,6,2024-12-16,-0.007500312312445301,-0.001034414334817883
ridge,y_XLC,4,2024-12-17,-0.028537320207438377,-0.015958922116969556
ridge,y_XLC,5,2024-12-17,-0.028537320207438377,-0.021077009156680773
ridge,y_XLC,6,2024-12-17,-0.028537320207438377,-0.01652580926432486
ridge,y_XLC,4,2024-12-18,-0.0027634517185632923,0.002804594852217084
ridge,y_XLC,5,2024-12-18,-0.0027634517185632923,0.0010703349098100336
ridge,y_XLC,6,2024-12-18,-0.0027634517185632923,0.0052351793859160695
ridge,y_XLC,4,2024-12-19,0.005439788482778596,0.018933271569856767
ridge,y_XLC,5,2024-12-19,0.005439788482778596,0.02702413541282685
ridge,y_XLC,6,2024-12-19,0.005439788482778596,0.0365247617046842
ridge,y_XLC,4,2024-12-23,0.00946663328547559,-0.013266168556910905
ridge,y_XLC,5,2024-12-23,0.00946663328547559,-0.006963321085201655
ridge,y_XLC,6,2024-12-23,0.00946663328547559,-0.0006453053492029711
ridge,y_XLC,4,2024-12-26,-0.008885228078306273,0.014044372961689984
ridge,y_XLC,5,2024-12-26,-0.008885228078306273,0.025685249963623702
ridge,y_XLC,6,2024-12-26,-0.008885228078306273,0.0249424601305277
ridge,y_XLC,5,2024-12-30,-0.0032945637670491745,0.005074783168774833
ridge,y_XLC,6,2024-12-30,-0.0032945637670491745,0.008086566275702407
ridge,y_XLC,7,2024-12-30,-0.0032945637670491745,0.017808410472944514
ridge,y_XLC,5,2025-01-02,0.006167851221575482,0.0032887844499118126
ridge,y_XLC,6,2025-01-02,0.006167851221575482,0.0007091729337348814
ridge,y_XLC,7,2025-01-02,0.006167851221575482,0.0017286836109261096
ridge,y_XLC,5,2025-01-06,-0.011117993341442145,0.03422329103623302
ridge,y_XLC,6,2025-01-06,-0.011117993341442145,0.01712027039871175
ridge,y_XLC,7,2025-01-06,-0.011117993341442145,0.011145992958017463
ridge,y_XLC,5,2025-01-07,-0.00592804888675047,-0.006150864533331532
ridge,y_XLC,6,2025-01-07,-0.00592804888675047,-0.008914987022974278
ridge,y_XLC,7,2025-01-07,-0.00592804888675047,-0.00629361904537783
ridge,y_XLC,5,2025-01-13,-0.003338559626510418,-0.002305421649682699
ridge,y_XLC,6,2025-01-13,-0.003338559626510418,0.0006557555694069897
ridge,y_XLC,7,2025-01-13,-0.003338559626510418,0.015502888753445968
ridge,y_XLC,5,2025-01-14,0.016434587900540087,-0.009827867257547813
ridge,y_XLC,6,2025-01-14,0.016434587900540087,-0.011025467100392278
ridge,y_XLC,7,2025-01-14,0.016434587900540087,-0.005144513798298847
ridge,y_XLC,5,2025-01-15,-0.0056641786706318475,-0.013956887359830954
ridge,y_XLC,6,2025-01-15,-0.0056641786706318475,-0.023025959430412114
ridge,y_XLC,7,2025-01-15,-0.0056641786706318475,-0.05590421944458302
ridge,y_XLC,5,2025-01-16,0.008699990650159473,-0.03300148738030404
ridge,y_XLC,6,2025-01-16,0.008699990650159473,-0.031022489039379778
ridge,y_XLC,7,2025-01-16,0.008699990650159473,-0.02922924887106024
ridge,y_XLC,6,2025-01-21,0.009972560077431192,0.023103283479772477
ridge,y_XLC,7,2025-01-21,0.009972560077431192,0.019870590643915324
ridge,y_XLC,8,2025-01-21,0.009972560077431192,0.018685839813915965
ridge,y_XLC,6,2025-01-22,0.0026196406838625563,-0.058317116140238025
ridge,y_XLC,7,2025-01-22,0.0026196406838625563,-0.039249241112935256
ridge,y_XLC,8,2025-01-22,0.0026196406838625563,-0.026647221825913094
ridge,y_XLC,6,2025-01-23,0.00904440760053693,-0.04244078857037128
ridge,y_XLC,7,2025-01-23,0.00904440760053693,-0.048423101657805064
ridge,y_XLC,8,2025-01-23,0.00904440760053693,-0.04557882366704041
ridge,y_XLC,6,2025-01-27,0.0048547518565493775,0.024600986687506547
ridge,y_XLC,7,2025-01-27,0.0048547518565493775,0.01936452172134688
ridge,y_XLC,8,2025-01-27,0.0048547518565493775,0.02390555655351241
ridge,y_XLC,6,2025-01-28,0.0044370391424761735,-0.0026624673672687358
ridge,y_XLC,7,2025-01-28,0.0044370391424761735,-0.006315146919196893
ridge,y_XLC,8,2025-01-28,0.0044370391424761735,-0.0011819501279010758
ridge,y_XLC,6,2025-01-29,0.0009816699107254578,0.12277071023124135
ridge,y_XLC,7,2025-01-29,0.0009816699107254578,0.12771849671636654
ridge,y_XLC,8,2025-01-29,0.0009816699107254578,0.1130688975468478
ridge,y_XLC,6,2025-01-30,0.004020672247130319,-0.0534149954785578
ridge,y_XLC,7,2025-01-30,0.004020672247130319,-0.034347840121903686
ridge,y_XLC,8,2025-01-30,0.004020672247130319,-0.018794765483615892
ridge,y_XLC,6,2025-02-03,0.008966804173820897,0.009495210080989611
ridge,y_XLC,7,2025-02-03,0.008966804173820897,0.015585887477650296
ridge,y_XLC,8,2025-02-03,0.008966804173820897,0.014292871119033684
ridge,y_XLC,6,2025-02-04,-0.009659933721110181,-0.10122699530869847
ridge,y_XLC,7,2025-02-04,-0.009659933721110181,-0.09182552060230768
ridge,y_XLC,8,2025-02-04,-0.009659933721110181,-0.09776938793455445
ridge,y_XLC,6,2025-02-05,0.004291886873276862,-0.0005661544178761609
ridge,y_XLC,7,2025-02-05,0.004291886873276862,0.00730015425536734
ridge,y_XLC,8,2025-02-05,0.004291886873276862,0.02067188207201365
ridge,y_XLC,6,2025-02-06,-0.0021368101512057036,0.12520227422679375
ridge,y_XLC,7,2025-02-06,-0.0021368101512057036,0.09980085627178045
ridge,y_XLC,8,2025-02-06,-0.0021368101512057036,0.12293608768869932
ridge,y_XLC,7,2025-02-10,0.001647331566053012,0.0029301744954430236
ridge,y_XLC,8,2025-02-10,0.001647331566053012,0.003070089176020872
ridge,y_XLC,9,2025-02-10,0.001647331566053012,0.0005796776776567253
ridge,y_XLC,7,2025-02-11,0.0010641673885622982,-0.01951210494615293
ridge,y_XLC,8,2025-02-11,0.0010641673885622982,-0.006889747249493583
ridge,y_XLC,9,2025-02-11,0.0010641673885622982,0.001764148706758078
ridge,y_XLC,7,2025-02-12,0.011499745117589555,-0.0382738867515369
ridge,y_XLC,8,2025-02-12,0.011499745117589555,-0.019177842168409332
ridge,y_XLC,9,2025-02-12,0.011499745117589555,-0.01137712845680936
ridge,y_XLC,7,2025-02-13,0.006114399629876477,-0.04396288816005186
ridge,y_XLC,8,2025-02-13,0.006114399629876477,-0.043846451111052724
ridge,y_XLC,9,2025-02-13,0.006114399629876477,-0.026231693853168977
ridge,y_XLC,7,2025-02-18,0.0011448508124574097,0.28811128529588137
ridge,y_XLC,8,2025-02-18,0.0011448508124574097,0.30582579739998217
ridge,y_XLC,9,2025-02-18,0.0011448508124574097,0.3123879213366334
ridge,y_XLC,7,2025-02-19,-0.004669314473285557,-0.0869197103415581
ridge,y_XLC,8,2025-02-19,-0.004669314473285557,-0.08549032567910692
ridge,y_XLC,9,2025-02-19,-0.004669314473285557,-0.07765857522000205
ridge,y_XLC,7,2025-02-20,-0.013690762941755752,-0.0002853681076503613
ridge,y_XLC,8,2025-02-20,-0.013690762941755752,0.0011591735577689282
ridge,y_XLC,9,2025-02-20,-0.013690762941755752,0.001003494759993934
ridge,y_XLC,7,2025-02-24,-0.014822662441317469,0.02910058173153624
ridge,y_XLC,8,2025-02-24,-0.014822662441317469,0.031133904231664494
ridge,y_XLC,9,2025-02-24,-0.014822662441317469,0.05318693145784418
ridge,y_XLC,7,2025-02-25,-0.0017700576026210557,-0.01191166714075533
ridge,y_XLC,8,2025-02-25,-0.0017700576026210557,-0.0077566548097954945
ridge,y_XLC,9,2025-02-25,-0.0017700576026210557,0.0016946883484528577
ridge,y_XLC,7,2025-02-26,-0.009654254495694015,0.033278270539723855
ridge,y_XLC,8,2025-02-26,-0.009654254495694015,0.03438397225302646
ridge,y_XLC,9,2025-02-26,-0.009654254495694015,0.04871685587647035
ridge,y_XLC,7,2025-02-27,0.014622436355272939,-0.02210675148555415
ridge,y_XLC,8,2025-02-27,0.014622436355272939,-0.01720465477846721
ridge,y_XLC,9,2025-02-27,0.014622436355272939,-0.011412577983420524
ridge,y_XLC,8,2025-03-03,-0.007922346520165324,0.005245240399353838
ridge,y_XLC,9,2025-03-03,-0.007922346520165324,0.00229825007537012
ridge,y_XLC,10,2025-03-03,-0.007922346520165324,0.0013183778565798293
ridge,y_XLC,8,2025-03-04,0.01287678569529005,-0.010070827048821628
ridge,y_XLC,9,2025-03-04,0.01287678569529005,-0.007900819518131506
ridge,y_XLC,10,2025-03-04,0.01287678569529005,-0.00830534103145716
ridge,y_XLC,8,2025-03-05,-0.0179363665532013,-0.0051940118938656995
ridge,y_XLC,9,2025-03-05,-0.0179363665532013,-0.002903224577401609
ridge,y_XLC,10,2025-03-05,-0.0179363665532013,-0.002724523152973828
ridge,y_XLC,8,2025-03-06,0.006422498381162711,-0.006428700660292131
ridge,y_XLC,9,2025-03-06,0.006422498381162711,0.00662597051661761
ridge,y_XLC,10,2025-03-06,0.006422498381162711,0.0023375397155116725
ridge,y_XLC,8,2025-03-10,-0.014725437224468285,0.018503419280833697
ridge,y_XLC,9,2025-03-10,-0.014725437224468285,0.02734569347705299
ridge,y_XLC,10,2025-03-10,-0.014725437224468285,0.02465779710319275
ridge,y_XLC,8,2025-03-11,0.004981972409042079,-0.009893611538036758
ridge,y_XLC,9,2025-03-11,0.004981972409042079,-0.01312355314685089
ridge,y_XLC,10,2025-03-11,0.004981972409042079,-0.015988262779774186
ridge,y_XLC,8,2025-03-12,-0.020551638843666065,0.005582409182314898
ridge,y_XLC,9,2025-03-12,-0.020551638843666065,0.008103894405068634
ridge,y_XLC,10,2025-03-12,-0.020551638843666065,0.007237083883664571
ridge,y_XLC,8,2025-03-13,0.01834669956615853,-0.06006986871043274
ridge,y_XLC,9,2025-03-13,0.01834669956615853,-0.05601054797311799
ridge,y_XLC,10,2025-03-13,0.01834669956615853,-0.05285783036607563
ridge,y_XLC,8,2025-03-17,-0.013981603704568468,-0.020153640143517008
ridge,y_XLC,9,2025-03-17,-0.013981603704568468,-0.017077999785780867
ridge,y_XLC,10,2025-03-17,-0.013981603704568468,-0.017108475769007505
ridge,y_XLC,8,2025-03-18,0.011886142755613172,0.037040854043778285
ridge,y_XLC,9,2025-03-18,0.011886142755613172,0.03646802769659119
ridge,y_XLC,10,2025-03-18,0.011886142755613172,0.03497110136041744
ridge,y_XLC,8,2025-03-19,-0.0021639711847137866,0.035679666487315694
ridge,y_XLC,9,2025-03-19,-0.0021639711847137866,0.04817379749740395
ridge,y_XLC,10,2025-03-19,-0.0021639711847137866,0.045202285258108356
ridge,y_XLC,8,2025-03-20,0.007848050614496005,0.008749072135024518
ridge,y_XLC,9,2025-03-20,0.007848050614496005,0.01747531405825056
ridge,y_XLC,10,2025-03-20,0.007848050614496005,0.015418109665917576
ridge,y_XLC,9,2025-03-24,0.012665870484181774,0.005756810340814041
ridge,y_XLC,10,2025-03-24,0.012665870484181774,0.006521214827798078
ridge,y_XLC,11,2025-03-24,0.012665870484181774,0.006694964660914291
ridge,y_XLC,9,2025-03-25,-0.008505120229063023,-0.12583673256371034
ridge,y_XLC,10,2025-03-25,-0.008505120229063023,-0.124376951081979
ridge,y_XLC,11,2025-03-25,-0.008505120229063023,-0.12138713312202645
ridge,y_XLC,9,2025-03-26,-0.004440323508174138,0.02085196455093178
ridge,y_XLC,10,2025-03-26,-0.004440323508174138,0.022369674405630126
ridge,y_XLC,11,2025-03-26,-0.004440323508174138,0.019468392364184045
ridge,y_XLC,9,2025-03-27,-0.02949829921818592,-0.011408556049340692
ridge,y_XLC,10,2025-03-27,-0.02949829921818592,-0.016201102916971032
ridge,y_XLC,11,2025-03-27,-0.02949829921818592,-0.0015219842068679853
ridge,y_XLC,9,2025-03-31,0.0006221810166775477,-0.0004048157129770155
ridge,y_XLC,10,2025-03-31,0.0006221810166775477,-0.004296729324869808
ridge,y_XLC,11,2025-03-31,0.0006221810166775477,0.0025578750411624548
ridge,y_XLC,9,2025-04-01,0.0035227821658205816,-0.01171435981766655
ridge,y_XLC,10,2025-04-01,0.0035227821658205816,-0.02138888471091844
ridge,y_XLC,11,2025-04-01,0.0035227821658205816,0.0158618947261292
ridge,y_XLC,9,2025-04-02,-0.044605024369473445,0.0725770903929781
ridge,y_XLC,10,2025-04-02,-0.044605024369473445,0.059568130916104
ridge,y_XLC,11,2025-04-02,-0.044605024369473445,0.059630900980386606
ridge,y_XLC,9,2025-04-03,-0.05727867028930156,0.017582062569054875
ridge,y_XLC,10,2025-04-03,-0.05727867028930156,0.01566662420260909
ridge,y_XLC,11,2025-04-03,-0.05727867028930156,0.016721208584077732
ridge,y_XLC,9,2025-04-07,-0.013966775657459518,0.09241658523742345
ridge,y_XLC,10,2025-04-07,-0.013966775657459518,0.0978200308499231
ridge,y_XLC,11,2025-04-07,-0.013966775657459518,0.10254698739489797
ridge,y_XLC,9,2025-04-08,0.0883548285073259,0.011276547766993932
ridge,y_XLC,10,2025-04-08,0.0883548285073259,0.011023816709554188
ridge,y_XLC,11,2025-04-08,0.0883548285073259,0.008526031039700687
ridge,y_XLC,9,2025-04-09,-0.03456373906800414,-0.007235135675287113
ridge,y_XLC,10,2025-04-09,-0.03456373906800414,-0.007644391063001368
ridge,y_XLC,11,2025-04-09,-0.03456373906800414,-0.008087602546296155
ridge,y_XLC,9,2025-04-10,0.008508253619412987,0.02097371443979143
ridge,y_XLC,10,2025-04-10,0.008508253619412987,0.016192169786453405
ridge,y_XLC,11,2025-04-10,0.008508253619412987,0.012517807046741195
ridge,y_XLC,10,2025-04-14,0.0025033205260884817,0.025684464224224372
ridge,y_XLC,11,2025-04-14,0.0025033205260884817,0.020596067772568935
ridge,y_XLC,12,2025-04-14,0.0025033205260884817,0.012873738173929247
ridge,y_XLC,10,2025-04-15,-0.02692443332369543,0.012715132785484112
ridge,y_XLC,11,2025-04-15,-0.02692443332369543,0.02125534973682501
ridge,y_XLC,12,2025-04-15,-0.02692443332369543,0.03396205022842241
ridge,y_XLC,10,2025-04-16,0.006471198647552745,0.01152327463902244
ridge,y_XLC,11,2025-04-16,0.006471198647552745,0.017876258733429004
ridge,y_XLC,12,2025-04-16,0.006471198647552745,0.015629109739453254
ridge,y_XLC,10,2025-04-21,0.0260829757205141,-0.002492884432807907
ridge,y_XLC,11,2025-04-21,0.0260829757205141,-0.003987777808147988
ridge,y_XLC,12,2025-04-21,0.0260829757205141,-0.004227773664003153
ridge,y_XLC,10,2025-04-22,0.016025587841027145,-0.005459218089603224
ridge,y_XLC,11,2025-04-22,0.016025587841027145,-0.008813084342607797
ridge,y_XLC,12,2025-04-22,0.016025587841027145,-0.005721878405166981
ridge,y_XLC,10,2025-04-23,0.020015253130610366,-0.01356383853718003
ridge,y_XLC,11,2025-04-23,0.020015253130610366,-0.004095066679261184
ridge,y_XLC,12,2025-04-23,0.020015253130610366,-0.007024492011926432
ridge,y_XLC,10,2025-04-24,0.006291987329153148,-0.0004057293646872226
ridge,y_XLC,11,2025-04-24,0.006291987329153148,-0.0009667706084402672
ridge,y_XLC,12,2025-04-24,0.006291987329153148,-0.002089226563550953
ridge,y_XLC,10,2025-04-28,0.007284626687776408,-0.019320674208167313
ridge,y_XLC,11,2025-04-28,0.007284626687776408,-0.019772509669846203
ridge,y_XLC,12,2025-04-28,0.007284626687776408,-0.01770267112141721
ridge,y_XLC,10,2025-04-29,0.0003144814977227295,0.0075253672976546
ridge,y_XLC,11,2025-04-29,0.0003144814977227295,0.000981855887844235
ridge,y_XLC,12,2025-04-29,0.0003144814977227295,-0.00015080211922447704
ridge,y_XLC,10,2025-04-30,0.005134028890448672,-0.008505907853931093
ridge,y_XLC,11,2025-04-30,0.005134028890448672,-0.00724114266861083
ridge,y_XLC,12,2025-04-30,0.005134028890448672,-0.00608628843765775
ridge,y_XLC,10,2025-05-01,0.015532174477940863,-0.1936899042424161
ridge,y_XLC,11,2025-05-01,0.015532174477940863,-0.20924378869459165
ridge,y_XLC,12,2025-05-01,0.015532174477940863,-0.21926369199631654
ridge,y_XLC,11,2025-05-05,-0.0002048450506462185,0.07093824462174558
ridge,y_XLC,12,2025-05-05,-0.0002048450506462185,0.07155705135305958
ridge,y_XLC,13,2025-05-05,-0.0002048450506462185,0.07240786839337872
ridge,y_XLC,11,2025-05-06,-0.0018437465965530642,0.036103487142977064
ridge,y_XLC,12,2025-05-06,-0.0018437465965530642,0.00471907680399061
ridge,y_XLC,13,2025-05-06,-0.0018437465965530642,0.027999039380116667
ridge,y_XLC,11,2025-05-07,0.002360236963903972,-0.027446682248221672
ridge,y_XLC,12,2025-05-07,0.002360236963903972,-0.02061665612614148
ridge,y_XLC,13,2025-05-07,0.002360236963903972,-0.019067991326854508
ridge,y_XLC,11,2025-05-08,-0.005118765367035594,-0.10489917988655928
ridge,y_XLC,12,2025-05-08,-0.005118765367035594,-0.11083053596598953
ridge,y_XLC,13,2025-05-08,-0.005118765367035594,-0.09416036067414987
ridge,y_XLC,11,2025-05-12,0.00977827658496122,-0.002588435782907894
ridge,y_XLC,12,2025-05-12,0.00977827658496122,-0.002510498042313537
ridge,y_XLC,13,2025-05-12,0.00977827658496122,-0.002980691852426645
ridge,y_XLC,11,2025-05-13,0.005191215962670137,0.008002441650229501
ridge,y_XLC,12,2025-05-13,0.005191215962670137,0.005334197571837771
ridge,y_XLC,13,2025-05-13,0.005191215962670137,0.0050649751217136845
ridge,y_XLC,11,2025-05-14,0.003972520323313189,0.000999741970519509
ridge,y_XLC,12,2025-05-14,0.003972520323313189,-0.0014158440524447095
ridge,y_XLC,13,2025-05-14,0.003972520323313189,0.0007495159840554077
ridge,y_XLC,11,2025-05-15,0.0068255993373114165,0.0019448533881864767
ridge,y_XLC,12,2025-05-15,0.0068255993373114165,-0.0045094047986981994
ridge,y_XLC,13,2025-05-15,0.0068255993373114165,-0.0059652795423412236
ridge,y_XLC,11,2025-05-19,-0.0024538721906677274,0.01276725969856664
ridge,y_XLC,12,2025-05-19,-0.0024538721906677274,0.020832643683505302
ridge,y_XLC,13,2025-05-19,-0.0024538721906677274,0.015936277946858014
ridge,y_XLC,11,2025-05-20,-0.007478061207250475,-0.01453795072981867
ridge,y_XLC,12,2025-05-20,-0.007478061207250475,-0.0061040228598197525
ridge,y_XLC,13,2025-05-20,-0.007478061207250475,-0.0034246712826352947
ridge,y_XLC,11,2025-05-21,-0.0021809835454933424,-0.04318040257325386
ridge,y_XLC,12,2025-05-21,-0.0021809835454933424,-0.04531146425254447
ridge,y_XLC,13,2025-05-21,-0.0021809835454933424,-0.03996788987816016
ridge,y_XLC,11,2025-05-22,-0.004570240637581602,0.05452172838902509
ridge,y_XLC,12,2025-05-22,-0.004570240637581602,0.07097133155099494
ridge,y_XLC,13,2025-05-22,-0.004570240637581602,0.06910731335209051
ridge,y_XLC,12,2025-05-27,-0.00019630447004770346,-0.006708304034658676
ridge,y_XLC,13,2025-05-27,-0.00019630447004770346,-0.004759423194084502
ridge,y_XLC,14,2025-05-27,-0.00019630447004770346,-0.007219318382855331
ridge,y_XLC,12,2025-05-28,-0.00805513093983945,-0.022097543417804632
ridge,y_XLC,13,2025-05-28,-0.00805513093983945,-0.02206545233946403
ridge,y_XLC,14,2025-05-28,-0.00805513093983945,-0.017868060609802252
ridge,y_XLC,12,2025-05-29,0.004159278324418425,0.013880796094079722
ridge,y_XLC,13,2025-05-29,0.004159278324418425,0.017628633471431846
ridge,y_XLC,14,2025-05-29,0.004159278324418425,0.015668873438573434
ridge,y_XLC,12,2025-06-02,-0.0028458425152884104,-0.0016369641029917311
ridge,y_XLC,13,2025-06-02,-0.0028458425152884104,-0.0046902217894701
ridge,y_XLC,14,2025-06-02,-0.0028458425152884104,-0.0030784415589537382
ridge,y_XLC,12,2025-06-03,0.006397020674496323,-0.039273718566552054
ridge,y_XLC,13,2025-06-03,0.006397020674496323,-0.03775000691244422
ridge,y_XLC,14,2025-06-03,0.006397020674496323,-0.03719045633259779
ridge,y_XLC,12,2025-06-04,0.0013690468616389673,0.01276096582263342
ridge,y_XLC,13,2025-06-04,0.0013690468616389673,0.01442226872940929
ridge,y_XLC,14,2025-06-04,0.0013690468616389673,0.022389286301498088
ridge,y_XLC,12,2025-06-05,0.012792933607605361,0.004084212638996216
ridge,y_XLC,13,2025-06-05,0.012792933607605361,0.003747818267071036
ridge,y_XLC,14,2025-06-05,0.012792933607605361,0.00593884737577585
ridge,y_XLC,12,2025-06-09,0.012667985271238802,0.06634573523387077
ridge,y_XLC,13,2025-06-09,0.012667985271238802,0.07612602196651591
ridge,y_XLC,14,2025-06-09,0.012667985271238802,0.06655255143077081
ridge,y_XLC,12,2025-06-10,-0.002291815598653657,0.0015666059775594626
ridge,y_XLC,13,2025-06-10,-0.002291815598653657,0.0023711266870669063
ridge,y_XLC,14,2025-06-10,-0.002291815598653657,0.0012962357614650648
ridge,y_XLC,12,2025-06-11,-0.008135544158381913,0.0370515349683112
ridge,y_XLC,13,2025-06-11,-0.008135544158381913,0.03554637887683689
ridge,y_XLC,14,2025-06-11,-0.008135544158381913,0.03390632141527566
ridge,y_XLC,12,2025-06-12,-0.010132220973862238,-0.00791683498964799
ridge,y_XLC,13,2025-06-12,-0.010132220973862238,-0.01162507474851536
ridge,y_XLC,14,2025-06-12,-0.010132220973862238,-0.010202121123057923
ridge,y_XLC,13,2025-07-02,0.0054909235173647986,-0.041443097402967206
ridge,y_XLC,14,2025-07-02,0.0054909235173647986,-0.0367505762172677
ridge,y_XLC,15,2025-07-02,0.0054909235173647986,-0.04703493101612381
ridge,y_XLC,13,2025-07-07,-0.0020560823874359313,-0.006196986015757574
ridge,y_XLC,14,2025-07-07,-0.0020560823874359313,-0.005144539835117064
ridge,y_XLC,15,2025-07-07,-0.0020560823874359313,-0.004731269084040512
ridge,y_XLC,13,2025-07-08,0.002622243254835732,0.003256832890919397
ridge,y_XLC,14,2025-07-08,0.002622243254835732,0.0013543403956835657
ridge,y_XLC,15,2025-07-08,0.002622243254835732,0.000311679112763891
ridge,y_XLC,13,2025-07-09,-0.0033625867137720977,-0.004127212606732055
ridge,y_XLC,14,2025-07-09,-0.0033625867137720977,-0.005121272076423215
ridge,y_XLC,15,2025-07-09,-0.0033625867137720977,-0.006503058602863484
ridge,y_XLC,13,2025-07-10,-0.006466690719218349,-0.016479289483740882
ridge,y_XLC,14,2025-07-10,-0.006466690719218349,-0.015761428594528386
ridge,y_XLC,15,2025-07-10,-0.006466690719218349,-0.012162224820204324
ridge,y_XLC,13,2025-07-14,-0.009902009510687537,-0.030063449853309658
ridge,y_XLC,14,2025-07-14,-0.009902009510687537,-0.02574348636639923
ridge,y_XLC,15,2025-07-14,-0.009902009510687537,-0.026958396763022696
ridge,y_XLC,13,2025-07-15,0.003019196897828369,0.006827884426972822
ridge,y_XLC,14,2025-07-15,0.003019196897828369,0.0026366848620731835
ridge,y_XLC,15,2025-07-15,0.003019196897828369,0.007957667326130924
ridge,y_XLC,13,2025-07-16,0.0034804495735434315,0.03039570609681995
ridge,y_XLC,14,2025-07-16,0.0034804495735434315,0.02996382617032081
ridge,y_XLC,15,2025-07-16,0.0034804495735434315,0.02911368709305894
ridge,y_XLC,13,2025-07-17,-0.00459320878141245,-0.04803230391761401
ridge,y_XLC,14,2025-07-17,-0.00459320878141245,-0.04653908314323987
ridge,y_XLC,15,2025-07-17,-0.00459320878141245,-0.04359017846639403
ridge,y_XLC,13,2025-07-21,0.0023232224963938286,-0.003714141924097478
ridge,y_XLC,14,2025-07-21,0.0023232224963938286,-0.005014174212590388
ridge,y_XLC,15,2025-07-21,0.0023232224963938286,-0.004200559202781501
ridge,y_XLC,13,2025-07-22,0.0054700512645955435,0.029507022882186075
ridge,y_XLC,14,2025-07-22,0.0054700512645955435,0.027879374839293605
ridge,y_XLC,15,2025-07-22,0.0054700512645955435,0.031264826057048264
ridge,y_XLC,13,2025-07-23,0.0016597442782730898,0.013667255148539094
ridge,y_XLC,14,2025-07-23,0.0016597442782730898,0.01171950183160642
ridge,y_XLC,15,2025-07-23,0.0016597442782730898,0.012346627895962721
ridge,y_XLC,14,2025-07-24,-0.009297550462841087,-0.0036805481268730325
ridge,y_XLC,15,2025-07-24,-0.009297550462841087,-0.004417040144100302
ridge,y_XLC,16,2025-07-24,-0.009297550462841087,-0.004755175557198291
ridge,y_XLC,14,2025-07-28,-0.00859489081211573,0.002846748049030398
ridge,y_XLC,15,2025-07-28,-0.00859489081211573,0.0020423501542500295
ridge,y_XLC,16,2025-07-28,-0.00859489081211573,-0.002164425747408655
ridge,y_XLC,14,2025-07-29,0.0031096623543902524,0.024911493104289237
ridge,y_XLC,15,2025-07-29,0.0031096623543902524,0.027286684042256797
ridge,y_XLC,16,2025-07-29,0.0031096623543902524,0.025308311893811625
ridge,y_XLC,14,2025-07-30,0.009018377971976133,0.008431512222667137
ridge,y_XLC,15,2025-07-30,0.009018377971976133,0.007792685510398675
ridge,y_XLC,16,2025-07-30,0.009018377971976133,-0.004814472556173617
ridge,y_XLC,14,2025-07-31,-0.012010088783497297,0.0013001052899141792
ridge,y_XLC,15,2025-07-31,-0.012010088783497297,0.0022116105958893766
ridge,y_XLC,16,2025-07-31,-0.012010088783497297,-0.004093818598362643
ridge,y_XLC,14,2025-08-04,-0.00776635806699244,-0.022308626023246403
ridge,y_XLC,15,2025-08-04,-0.00776635806699244,-0.024517524979661025
ridge,y_XLC,16,2025-08-04,-0.00776635806699244,-0.026391343408179512
ridge,y_XLC,14,2025-08-05,0.00382035458873764,-0.015093146449628924
ridge,y_XLC,15,2025-08-05,0.00382035458873764,-0.013302601143139239
ridge,y_XLC,16,2025-08-05,0.00382035458873764,-0.014249687440463284
ridge,y_XLC,14,2025-08-06,-0.004269956198904801,0.009740413928540335
ridge,y_XLC,15,2025-08-06,-0.004269956198904801,0.006727017784440346
ridge,y_XLC,16,2025-08-06,-0.004269956198904801,0.005727798930535747
ridge,y_XLC,14,2025-08-07,0.003356003842183819,0.0016547086818936296
ridge,y_XLC,15,2025-08-07,0.003356003842183819,0.006350786117381461
ridge,y_XLC,16,2025-08-07,0.003356003842183819,0.004017844059645754
ridge,y_XLC,14,2025-08-11,0.019134803077398566,-0.004139187876227143
ridge,y_XLC,15,2025-08-11,0.019134803077398566,-0.004994597205700413
ridge,y_XLC,16,2025-08-11,0.019134803077398566,-0.006207333990411899
ridge,y_XLC,14,2025-08-12,0.00780040569884477,0.023079860260484232
ridge,y_XLC,15,2025-08-12,0.00780040569884477,0.02542297911235526
ridge,y_XLC,16,2025-08-12,0.00780040569884477,0.028920593580231288
ridge,y_XLC,15,2025-08-13,0.0008099702169868106,0.00845396235756817
ridge,y_XLC,16,2025-08-13,0.0008099702169868106,0.007866597691364954
ridge,y_XLC,17,2025-08-13,0.0008099702169868106,0.010258386795493605
ridge,y_XLC,15,2025-08-14,0.0025180137620106624,0.014855896422558452
ridge,y_XLC,16,2025-08-14,0.0025180137620106624,0.012192921484481624
ridge,y_XLC,17,2025-08-14,0.0025180137620106624,0.01771414555020354
ridge,y_XLC,15,2025-08-18,-0.005595675577951487,-0.007181760313840628
ridge,y_XLC,16,2025-08-18,-0.005595675577951487,-0.006631542587626079
ridge,y_XLC,17,2025-08-18,-0.005595675577951487,-0.006530089484610346
ridge,y_XLC,15,2025-08-19,-0.002995144679813655,0.008643960678722083
ridge,y_XLC,16,2025-08-19,-0.002995144679813655,0.009062990786017064
ridge,y_XLC,17,2025-08-19,-0.002995144679813655,0.007617058805828057
ridge,y_XLC,15,2025-08-20,-0.0010923709673066329,0.00497454617781865
ridge,y_XLC,16,2025-08-20,-0.0010923709673066329,0.002910824997041684
ridge,y_XLC,17,2025-08-20,-0.0010923709673066329,0.006839736052688447
ridge,y_XLC,15,2025-08-21,0.014398904684524538,-0.007577670624742806
ridge,y_XLC,16,2025-08-21,0.014398904684524538,-0.00949202523068925
ridge,y_XLC,17,2025-08-21,0.014398904684524538,-0.006158186025947943
ridge,y_XLC,15,2025-08-25,-0.004395044779220703,0.01839304777408921
ridge,y_XLC,16,2025-08-25,-0.004395044779220703,0.013798334534562109
ridge,y_XLC,17,2025-08-25,-0.004395044779220703,0.017137696815518546
ridge,y_XLC,15,2025-08-26,0.0017117778035189435,0.011638578216485477
ridge,y_XLC,16,2025-08-26,0.0017117778035189435,0.01634546308651212
ridge,y_XLC,17,2025-08-26,0.0017117778035189435,0.014151387528922248
ridge,y_XLC,15,2025-08-27,0.003777256468813439,0.015192113628571804
ridge,y_XLC,16,2025-08-27,0.003777256468813439,0.011078989065977431
ridge,y_XLC,17,2025-08-27,0.003777256468813439,0.011612420371837344
ridge,y_XLC,15,2025-08-28,-0.0019711568205514896,0.0551587223534061
ridge,y_XLC,16,2025-08-28,-0.0019711568205514896,0.04566714360628023
ridge,y_XLC,17,2025-08-28,-0.0019711568205514896,0.04107063469771191
ridge,y_XLC,15,2025-09-02,0.016726642892601173,0.0015808397068013866
ridge,y_XLC,16,2025-09-02,0.016726642892601173,0.0017600793890172545
ridge,y_XLC,17,2025-09-02,0.016726642892601173,-0.00757842599048816
ridge,y_XLC,16,2025-09-03,0.009021834742270363,0.001806112745730377
ridge,y_XLC,17,2025-09-03,0.009021834742270363,-0.0015914059560732633
ridge,y_XLC,18,2025-09-03,0.009021834742270363,-0.002381525088652331
ridge,y_XLC,16,2025-09-04,0.00534712876710719,-0.0027762904392614135
ridge,y_XLC,17,2025-09-04,0.00534712876710719,0.00725901347864236
ridge,y_XLC,18,2025-09-04,0.00534712876710719,0.010545748414190101
ridge,y_XLC,16,2025-09-08,0.005661052106001874,-0.0028088389469422548
ridge,y_XLC,17,2025-09-08,0.005661052106001874,-0.0006699716541774509
ridge,y_XLC,18,2025-09-08,0.005661052106001874,-0.003244692278913456
ridge,y_XLC,16,2025-09-09,-0.007361303319261436,0.04257748624661842
ridge,y_XLC,17,2025-09-09,-0.007361303319261436,0.04499809282973647
ridge,y_XLC,18,2025-09-09,-0.007361303319261436,0.04277563869879813
ridge,y_XLC,16,2025-09-10,0.015355075954161412,-0.008941483705326709
ridge,y_XLC,17,2025-09-10,0.015355075954161412,-0.008142028960622242
ridge,y_XLC,18,2025-09-10,0.015355075954161412,-0.012630816789615357
ridge,y_XLC,16,2025-09-11,0.008334823226708421,-0.0012632499871748871
ridge,y_XLC,17,2025-09-11,0.008334823226708421,-0.002451944486614038
ridge,y_XLC,18,2025-09-11,0.008334823226708421,-0.003319650456003377
ridge,y_XLC,16,2025-09-15,-0.004033639783845855,0.01309896100617539
ridge,y_XLC,17,2025-09-15,-0.004033639783845855,0.013679732009363246
ridge,y_XLC,18,2025-09-15,-0.004033639783845855,0.013375215125499813
ridge,y_XLC,16,2025-09-16,0.002615628355119748,-0.012983826593006257
ridge,y_XLC,17,2025-09-16,0.002615628355119748,-0.014311748406590075
ridge,y_XLC,18,2025-09-16,0.002615628355119748,-0.014713256343229222
ridge,y_XLC,16,2025-09-17,0.0007572844024363867,0.06195858405065912
ridge,y_XLC,17,2025-09-17,0.0007572844024363867,0.056315444057832474
ridge,y_XLC,18,2025-09-17,0.0007572844024363867,0.0549010714025081
ridge,y_XLC,16,2025-09-18,0.0041205116443514544,-0.011603014577118608
ridge,y_XLC,17,2025-09-18,0.0041205116443514544,-0.02757435216054759
ridge,y_XLC,18,2025-09-18,0.0041205116443514544,-0.04005757341049414
ridge,y_XLC,16,2025-09-22,-0.0014336095791197545,-0.008727644824484989
ridge,y_XLC,17,2025-09-22,-0.0014336095791197545,-0.004504633906331974
ridge,y_XLC,18,2025-09-22,-0.0014336095791197545,-0.007455838427063642
ridge,y_XLC,17,2025-09-23,-0.008276324093239418,0.08957087751909143
ridge,y_XLC,18,2025-09-23,-0.008276324093239418,0.08560974445570253
ridge,y_XLC,19,2025-09-23,-0.008276324093239418,0.08762519033004576
ridge,y_XLC,17,2025-09-24,-0.0034063095725317405,0.27339597231339524
ridge,y_XLC,18,2025-09-24,-0.0034063095725317405,0.25412166915512957
ridge,y_XLC,19,2025-09-24,-0.0034063095725317405,0.23892519083717884
ridge,y_XLC,17,2025-09-25,0.009741098298041706,-0.013606751912730955
ridge,y_XLC,18,2025-09-25,0.009741098298041706,-0.01365692096487228
ridge,y_XLC,19,2025-09-25,0.009741098298041706,-0.011891969509180556
ridge,y_XLC,17,2025-09-29,-0.0015183578156720001,0.00026425982447201494
ridge,y_XLC,18,2025-09-29,-0.0015183578156720001,0.0012510288117766363
ridge,y_XLC,19,2025-09-29,-0.0015183578156720001,-0.0009087348306508377
ridge,y_XLC,17,2025-09-30,-0.014023861864980058,0.02336491082419023
ridge,y_XLC,18,2025-09-30,-0.014023861864980058,0.024083591213585945
ridge,y_XLC,19,2025-09-30,-0.014023861864980058,0.020158097273303616
ridge,y_XLC,17,2025-10-01,-0.0022277604170869436,0.058767756995301
ridge,y_XLC,18,2025-10-01,-0.0022277604170869436,0.0583157457354243
ridge,y_XLC,19,2025-10-01,-0.0022277604170869436,0.06092222683171265
ridge,y_XLC,17,2025-10-02,-0.0005151806747434318,-0.017686294626698577
ridge,y_XLC,18,2025-10-02,-0.0005151806747434318,-0.02143356134110733
ridge,y_XLC,19,2025-10-02,-0.0005151806747434318,-0.02323053470997699
ridge,y_XLC,17,2025-10-06,-0.0038623905525715374,0.002066945830802937
ridge,y_XLC,18,2025-10-06,-0.0038623905525715374,0.0012064675263730406
ridge,y_XLC,19,2025-10-06,-0.0038623905525715374,0.001076795975903295
ridge,y_XLC,17,2025-10-07,-0.004135756430715065,4.134178810829723e-05
ridge,y_XLC,18,2025-10-07,-0.004135756430715065,-0.0001693816063318413
ridge,y_XLC,19,2025-10-07,-0.004135756430715065,-0.0007092382776735339
ridge,y_XLC,17,2025-10-08,-0.00571037248245343,0.0927165366948096
ridge,y_XLC,18,2025-10-08,-0.00571037248245343,0.09998533166299015
ridge,y_XLC,19,2025-10-08,-0.00571037248245343,0.096410222677602
ridge,y_XLC,17,2025-10-09,-0.018447552305029924,-0.052772360260934535
ridge,y_XLC,18,2025-10-09,-0.018447552305029924,-0.04641859398755947
ridge,y_XLC,19,2025-10-09,-0.018447552305029924,-0.043759903565852694
ridge,y_XLC,18,2025-10-13,0.0065882090643460955,-0.05703163893429517
ridge,y_XLC,19,2025-10-13,0.0065882090643460955,-0.059510439073981486
ridge,y_XLC,20,2025-10-13,0.0065882090643460955,-0.051196504846420195
ridge,y_XLC,18,2025-10-14,0.007068698415938712,0.009668972069568075
ridge,y_XLC,19,2025-10-14,0.007068698415938712,0.011594348303939803
ridge,y_XLC,20,2025-10-14,0.007068698415938712,0.010029836833572265
ridge,y_XLC,18,2025-10-15,-0.01065855783739078,-0.05065172951717246
ridge,y_XLC,19,2025-10-15,-0.01065855783739078,-0.037140839832562125
ridge,y_XLC,20,2025-10-15,-0.01065855783739078,-0.04700177553777963
ridge,y_XLC,18,2025-10-16,0.006744344622333642,-0.036802731092178326
ridge,y_XLC,19,2025-10-16,0.006744344622333642,-0.0416423879454089
ridge,y_XLC,20,2025-10-16,0.006744344622333642,-0.03331026053226484
ridge,y_XLC,18,2025-10-20,0.0035272440705136354,0.02425352361683003
ridge,y_XLC,19,2025-10-20,0.0035272440705136354,0.02373187763728227
ridge,y_XLC,20,2025-10-20,0.0035272440705136354,0.02177078520695269
ridge,y_XLC,18,2025-10-21,-0.008658410306786268,-0.009177021337227772
ridge,y_XLC,19,2025-10-21,-0.008658410306786268,-0.010067056379110265
ridge,y_XLC,20,2025-10-21,-0.008658410306786268,-0.01024701922660623
ridge,y_XLC,18,2025-10-22,-0.003372527138309711,-0.05063560075285617
ridge,y_XLC,19,2025-10-22,-0.003372527138309711,-0.04809871181825859
ridge,y_XLC,20,2025-10-22,-0.003372527138309711,-0.045709090812849636
ridge,y_XLC,18,2025-10-23,0.002603055979085944,0.004447190784248513
ridge,y_XLC,19,2025-10-23,0.002603055979085944,0.002632448561599983
ridge,y_XLC,20,2025-10-23,0.002603055979085944,0.0012852301080304245
ridge,y_XLC,18,2025-10-27,-0.0049505312722244454,-0.021752878706436687
ridge,y_XLC,19,2025-10-27,-0.0049505312722244454,-0.022786213690734827
ridge,y_XLC,20,2025-10-27,-0.0049505312722244454,-0.022166659291659663
ridge,y_XLC,18,2025-10-28,-0.002487547653430622,0.00283114934956531
ridge,y_XLC,19,2025-10-28,-0.002487547653430622,0.0010476977767829641
ridge,y_XLC,20,2025-10-28,-0.002487547653430622,-0.0010106173501110097
ridge,y_XLC,18,2025-10-29,-0.016940433195769544,0.004995623933783098
ridge,y_XLC,19,2025-10-29,-0.016940433195769544,0.0033090306842074825
ridge,y_XLC,20,2025-10-29,-0.016940433195769544,0.003982327063703332
ridge,y_XLC,18,2025-10-30,0.00428621222649106,0.0015171559655073703
ridge,y_XLC,19,2025-10-30,0.00428621222649106,0.003177807565076817
ridge,y_XLC,20,2025-10-30,0.00428621222649106,0.0034001932178802214
ridge,y_XLC,19,2025-11-03,-0.006866784938220127,-0.01296678966497735
ridge,y_XLC,20,2025-11-03,-0.006866784938220127,-0.01381310442279452
ridge,y_XLC,21,2025-11-03,-0.006866784938220127,-0.012244418261846064
ridge,y_XLC,19,2025-11-04,0.005407327928086403,0.012004438777056592
ridge,y_XLC,20,2025-11-04,0.005407327928086403,0.01410745135725364
ridge,y_XLC,21,2025-11-04,0.005407327928086403,0.01597357677709702
ridge,y_XLC,19,2025-11-05,-0.00899312157322063,-0.011443778536036838
ridge,y_XLC,20,2025-11-05,-0.00899312157322063,-0.00759328613884275
ridge,y_XLC,21,2025-11-05,-0.00899312157322063,-5.00946661240912e-05
ridge,y_XLC,19,2025-11-06,-0.0025800561009664547,-0.03495169267757768
ridge,y_XLC,20,2025-11-06,-0.0025800561009664547,-0.033128501149632235
ridge,y_XLC,21,2025-11-06,-0.0025800561009664547,-0.03191434638865071
ridge,y_XLC,19,2025-11-10,0.008121461172466926,-0.04687834071742134
ridge,y_XLC,20,2025-11-10,0.008121461172466926,-0.04422983344349002
ridge,y_XLC,21,2025-11-10,0.008121461172466926,-0.04934326558032445
ridge,y_XLC,19,2025-11-11,-0.0057793100859779845,-0.0396860981409469
ridge,y_XLC,20,2025-11-11,-0.0057793100859779845,-0.034100633795490345
ridge,y_XLC,21,2025-11-11,-0.0057793100859779845,-0.02851482031320917
ridge,y_XLC,19,2025-11-12,-0.014180027736483414,0.004317825685678826
ridge,y_XLC,20,2025-11-12,-0.014180027736483414,0.005761641910519825
ridge,y_XLC,21,2025-11-12,-0.014180027736483414,0.006484227540601961
ridge,y_XLC,19,2025-11-13,-0.005360464188339353,-0.008310885447498027
ridge,y_XLC,20,2025-11-13,-0.005360464188339353,-0.008660609184128792
ridge,y_XLC,21,2025-11-13,-0.005360464188339353,-0.012240875424547937
ridge,y_XLC,19,2025-11-17,0.005666494097301467,-0.024534332084418315
ridge,y_XLC,20,2025-11-17,0.005666494097301467,-0.024641589427117343
ridge,y_XLC,21,2025-11-17,0.005666494097301467,-0.021495020231186247
ridge,y_XLC,19,2025-11-18,-0.005545093538284029,-0.006510633121181456
ridge,y_XLC,20,2025-11-18,-0.005545093538284029,-0.0064421307568711655
ridge,y_XLC,21,2025-11-18,-0.005545093538284029,-0.006585168271223318
ridge,y_XLC,19,2025-11-19,-0.01097222133306519,-0.007974527146260759
ridge,y_XLC,20,2025-11-19,-0.01097222133306519,-0.00743378174144396
ridge,y_XLC,21,2025-11-19,-0.01097222133306519,-0.006222439958710566
ridge,y_XLC,19,2025-11-20,0.017550265443301516,0.016618467269128277
ridge,y_XLC,20,2025-11-20,0.017550265443301516,0.018619810857570723
ridge,y_XLC,21,2025-11-20,0.017550265443301516,0.017014291946385457
ridge,y_XLC,20,2025-11-24,0.011414969053105795,0.004157611680671582
ridge,y_XLC,21,2025-11-24,0.011414969053105795,0.003638651160144599
ridge,y_XLC,22,2025-11-24,0.011414969053105795,0.0024583328615433663
ridge,y_XLC,20,2025-11-25,0.0013997682744995021,0.019714590357963205
ridge,y_XLC,21,2025-11-25,0.0013997682744995021,0.017318109823852283
ridge,y_XLC,22,2025-11-25,0.0013997682744995021,0.01879513127811256
ridge,y_XLC,20,2025-12-01,0.0033086878397272645,-0.0025265341953282405
ridge,y_XLC,21,2025-12-01,0.0033086878397272645,-0.0003360526779238763
ridge,y_XLC,22,2025-12-01,0.0033086878397272645,0.0018888158965671641
ridge,y_XLC,20,2025-12-02,-0.000867835928061722,-0.01913674026192045
ridge,y_XLC,21,2025-12-02,-0.000867835928061722,-0.018084651828908366
ridge,y_XLC,22,2025-12-02,-0.000867835928061722,-0.018133098320714188
ridge,y_XLC,20,2025-12-03,0.00573262567924826,-0.014532509559879007
ridge,y_XLC,21,2025-12-03,0.00573262567924826,-0.01609894635217073
ridge,y_XLC,22,2025-12-03,0.00573262567924826,-0.016046345769971736
ridge,y_XLC,20,2025-12-04,0.011572693862949013,-0.010495442757432935
ridge,y_XLC,21,2025-12-04,0.011572693862949013,-0.002939004254594867
ridge,y_XLC,22,2025-12-04,0.011572693862949013,-0.0020354315598294062
ridge,y_XLC,20,2025-12-08,0.0011181586355302198,0.006800960569981213
ridge,y_XLC,21,2025-12-08,0.0011181586355302198,-0.0163372997807569
ridge,y_XLC,22,2025-12-08,0.0011181586355302198,0.019856593016149938
ridge,y_XLC,20,2025-12-09,0.005842403402497531,-0.07201450216703104
ridge,y_XLC,21,2025-12-09,0.005842403402497531,-0.0763559565768572
ridge,y_XLC,22,2025-12-09,0.005842403402497531,-0.06868430853366046
ridge,y_XLC,20,2025-12-10,-0.0022209098178808118,-0.002657617672620288
ridge,y_XLC,21,2025-12-10,-0.0022209098178808118,0.007585451527108048
ridge,y_XLC,22,2025-12-10,-0.0022209098178808118,0.010495149798528539
ridge,y_XLC,20,2025-12-11,-0.0022257877111721003,0.03373955277048776
ridge,y_XLC,21,2025-12-11,-0.0022257877111721003,0.033771303079823733
ridge,y_XLC,22,2025-12-11,-0.0022257877111721003,0.033672090846280464
ridge,y_XLC,21,2025-12-15,0.0006863536505308243,-0.002362169050626349
ridge,y_XLC,22,2025-12-15,0.0006863536505308243,-0.0022674086629345877
ridge,y_XLC,23,2025-12-15,0.0006863536505308243,-0.004168966668026575
ridge,y_XLC,21,2025-12-16,-0.007201081402350762,0.03146650043650079
ridge,y_XLC,22,2025-12-16,-0.007201081402350762,0.0272075974278155
ridge,y_XLC,23,2025-12-16,-0.007201081402350762,0.02530586045926401
ridge,y_XLC,21,2025-12-17,0.005699031721761338,-0.012022977954705538
ridge,y_XLC,22,2025-12-17,0.005699031721761338,-0.009503862051072422
ridge,y_XLC,23,2025-12-17,0.005699031721761338,-0.005520787182435406
ridge,y_XLC,21,2025-12-18,0.0004292653844522043,0.020730784008824648
ridge,y_XLC,22,2025-12-18,0.0004292653844522043,0.028856873776386065
ridge,y_XLC,23,2025-12-18,0.0004292653844522043,0.034503672307629386
ridge,y_XLC,21,2025-12-23,0.005963003253102617,-0.005817527369790925
ridge,y_XLC,22,2025-12-23,0.005963003253102617,-0.0036490020688334387
ridge,y_XLC,23,2025-12-23,0.005963003253102617,-0.004773731568732193
ridge,y_XLC,21,2025-12-29,0.003393006429297074,-0.003361479911550819
ridge,y_XLC,22,2025-12-29,0.003393006429297074,-0.0031680703318956137
ridge,y_XLC,23,2025-12-29,0.003393006429297074,-0.004589583545241357
ridge,y_XLC,21,2025-12-30,-0.004818663373172716,-0.01254830636628704
ridge,y_XLC,22,2025-12-30,-0.004818663373172716,-0.013476468697672002
ridge,y_XLC,23,2025-12-30,-0.004818663373172716,-0.015147263747690856
ridge,y_XLC,22,2026-01-05,-0.0035668634305335845,0.02143746881919647
ridge,y_XLC,23,2026-01-05,-0.0035668634305335845,0.025811016707853074
ridge,y_XLC,24,2026-01-05,-0.0035668634305335845,0.026485774814005516
ridge,y_XLC,22,2026-01-06,-0.00204555944275564,-0.004517873120702686
ridge,y_XLC,23,2026-01-06,-0.00204555944275564,-0.0066920647003706635
ridge,y_XLC,24,2026-01-06,-0.00204555944275564,-0.013048194727577355
ridge,y_XLC,22,2026-01-07,0.003330831251523003,-0.01593849032589841
ridge,y_XLC,23,2026-01-07,0.003330831251523003,-0.017822014009048058
ridge,y_XLC,24,2026-01-07,0.003330831251523003,-0.010307881138175334
ridge,y_XLC,22,2026-01-08,0.0036601999735166313,0.024565134907531518
ridge,y_XLC,23,2026-01-08,0.0036601999735166313,0.022141158689136166
ridge,y_XLC,24,2026-01-08,0.0036601999735166313,0.020734187179124598
ridge,y_XLC,22,2026-01-12,-0.00561466307932601,0.02282739288058887
ridge,y_XLC,23,2026-01-12,-0.00561466307932601,0.01650810118339513
ridge,y_XLC,24,2026-01-12,-0.00561466307932601,0.019503646321205242
ridge,y_XLC,22,2026-01-13,-0.0021387629506834926,0.011294410961475687
ridge,y_XLC,23,2026-01-13,-0.0021387629506834926,0.014437660953433146
ridge,y_XLC,24,2026-01-13,-0.0021387629506834926,0.011313772528503623
ridge,y_XLC,22,2026-01-14,-0.0036865595629790304,-0.02272618646180751
ridge,y_XLC,23,2026-01-14,-0.0036865595629790304,-0.020297639394958957
ridge,y_XLC,24,2026-01-14,-0.0036865595629790304,-0.018317308940117558
ridge,y_XLC,22,2026-01-15,-0.008949323842360246,-0.03486824968166558
ridge,y_XLC,23,2026-01-15,-0.008949323842360246,-0.029010115777650385
ridge,y_XLC,24,2026-01-15,-0.008949323842360246,-0.02990582308852373
ridge,y_XLC,22,2026-01-21,0.014132450365506255,-0.0032718453231922514
ridge,y_XLC,23,2026-01-21,0.014132450365506255,-0.00394078856203321
ridge,y_XLC,24,2026-01-21,0.014132450365506255,-0.004086320875512774
ridge,y_XLC,22,2026-01-22,0.006107519006216311,0.004061614142277074
ridge,y_XLC,23,2026-01-22,0.006107519006216311,0.00620151303125633
ridge,y_XLC,24,2026-01-22,0.006107519006216311,0.007610723861641792
ridge,y_XLC,23,2026-01-26,-0.007387239042081828,-0.0030646896280802378
ridge,y_XLC,24,2026-01-26,-0.007387239042081828,-0.003777964957101942
ridge,y_XLC,23,2026-01-27,-0.00128316102584225,-0.047987910529998956
ridge,y_XLC,24,2026-01-27,-0.00128316102584225,-0.050933068296210714
ridge,y_XLC,23,2026-01-28,0.026038551738992277,0.0063582366608503724
ridge,y_XLC,24,2026-01-28,0.026038551738992277,0.009543882693394904
ridge,y_XLC,23,2026-01-29,0.002420910871616222,-0.008486668556333166
ridge,y_XLC,24,2026-01-29,0.002420910871616222,-0.005989281672454239
ridge,y_XLC,23,2026-02-02,-0.016127687262526003,-0.027758739589215153
ridge,y_XLC,24,2026-02-02,-0.016127687262526003,-0.02762551126305545
ridge,y_XLC,23,2026-02-03,-0.007983648964384527,0.003885303615663666
ridge,y_XLC,24,2026-02-03,-0.007983648964384527,0.0028197718064880022
ridge,y_XLC,23,2026-02-04,-0.005051403697512669,-0.005616288569146131
ridge,y_XLC,24,2026-02-04,-0.005051403697512669,-0.006374026916125736
ridge,y_XLC,23,2026-02-05,-0.0038722739160773623,-0.014954561400101731
ridge,y_XLC,24,2026-02-05,-0.0038722739160773623,-0.012487872227876742
ridge,y_XLC,23,2026-02-09,0.00598908790285968,0.00144609534260448
ridge,y_XLC,24,2026-02-09,0.00598908790285968,0.0007788368622436971
ridge,y_XLC,23,2026-02-10,-0.00714410575101132,-0.016333372056564686
ridge,y_XLC,24,2026-02-10,-0.00714410575101132,-0.014175619882612327
ridge,y_XLC,23,2026-02-11,-0.017988680080084363,0.029834192570947767
ridge,y_XLC,24,2026-02-11,-0.017988680080084363,0.03090075723849344
ridge,y_XLC,23,2026-02-12,-0.000523356236158401,-0.03871026597761762
ridge,y_XLC,24,2026-02-12,-0.000523356236158401,-0.038262943556095934
ridge,y_XLC,24,2026-02-17,0.0016607937891393032,-0.012318163543194729
ridge,y_XLC,24,2026-02-18,0.004799747528885678,0.01112754649743539
ridge,y_XLC,24,2026-02-19,0.014417263078938314,-0.0004474164964165532
ridge,y_XLC,24,2026-02-23,0.006934839177575647,-4.571256532520391e-05
ridge,y_XLC,24,2026-02-24,0.0029269656264785393,0.0022883114977876105
ridge,y_XLC,24,2026-02-25,0.0018884224953057416,0.0328225215317834
ridge,y_XLC,24,2026-02-26,0.011394806521118905,0.014974279718202466
ridge,y_XLC,24,2026-03-02,0.0007635219800927739,0.03023826109254766
ridge,y_XLC,24,2026-03-03,0.007036299063213125,0.0010726355979355819
ridge,y_XLC,24,2026-03-04,-0.002946363089684545,0.024445916331291027
ridge,y_XLC,24,2026-03-05,-0.008274259850833743,0.006894001398088044
ridge,y_XLE,0,2024-08-05,0.0061308513333226955,-0.0020725213831921385
ridge,y_XLE,0,2024-08-06,0.004023775304114796,-0.012817894495174184
ridge,y_XLE,0,2024-08-07,0.021527542183078063,-0.01147449360452117
ridge,y_XLE,0,2024-08-08,0.002241991290100609,0.02233124959471484
ridge,y_XLE,0,2024-08-12,-0.00968276136238122,-0.022645376376831734
ridge,y_XLE,0,2024-08-13,0.005843920328309604,-0.022012085376714795
ridge,y_XLE,0,2024-08-14,0.01195526462180485,-0.03097525934576009
ridge,y_XLE,0,2024-08-15,-0.0011039415927895924,0.001289529980355374
ridge,y_XLE,0,2024-08-19,-0.026350551463097616,0.009364282763560626
ridge,y_XLE,0,2024-08-20,0.0016915204683649598,0.02768706807823509
ridge,y_XLE,0,2024-08-21,0.002589260825728301,0.05107195910915562
ridge,y_XLE,0,2024-08-22,0.014933708866977868,0.008348107775154536
ridge,y_XLE,0,2024-08-26,-0.009320133129440134,0.001754479052733461
ridge,y_XLE,1,2024-08-26,-0.009320133129440134,0.00026626129750696855
ridge,y_XLE,0,2024-08-27,-0.006419480655098231,0.0070862351400390496
ridge,y_XLE,1,2024-08-27,-0.006419480655098231,0.01802309850676341
ridge,y_XLE,0,2024-08-28,0.01303344302955134,0.022025651491557725
ridge,y_XLE,1,2024-08-28,0.01303344302955134,0.01330867373996907
ridge,y_XLE,0,2024-08-29,0.0037386406858141985,0.01777852172714278
ridge,y_XLE,1,2024-08-29,0.0037386406858141985,0.021024782612351488
ridge,y_XLE,0,2024-09-03,-0.013818807768049668,0.003771239272082022
ridge,y_XLE,1,2024-09-03,-0.013818807768049668,0.004744797321832767
ridge,y_XLE,0,2024-09-04,-0.007746549420837523,0.005143924045245999
ridge,y_XLE,1,2024-09-04,-0.007746549420837523,-0.0012725340410569645
ridge,y_XLE,0,2024-09-05,-0.012514398488310596,0.012985097461222266
ridge,y_XLE,1,2024-09-05,-0.012514398488310596,0.02402213117708214
ridge,y_XLE,0,2024-09-09,-0.017199631501240153,-0.10189622418842165
ridge,y_XLE,1,2024-09-09,-0.017199631501240153,-0.0940866454153147
ridge,y_XLE,0,2024-09-10,-0.009278882809441558,-0.05241141666931003
ridge,y_XLE,1,2024-09-10,-0.009278882809441558,-0.05372383507226929
ridge,y_XLE,0,2024-09-11,0.009010078344251493,0.04815204561997395
ridge,y_XLE,1,2024-09-11,0.009010078344251493,0.020780699767094124
ridge,y_XLE,0,2024-09-12,0.005639666922565567,0.06895047866197973
ridge,y_XLE,1,2024-09-12,0.005639666922565567,0.060586652080944985
ridge,y_XLE,2,2024-09-12,0.005639666922565567,0.06232347706249452
ridge,y_XLE,0,2024-09-16,0.013514936237957631,0.02592232288228945
ridge,y_XLE,1,2024-09-16,0.013514936237957631,0.06223412148709638
ridge,y_XLE,2,2024-09-16,0.013514936237957631,0.04614869100897583
ridge,y_XLE,0,2024-09-17,0.0019375887745565201,0.02189720918385341
ridge,y_XLE,1,2024-09-17,0.0019375887745565201,0.033635005001853104
ridge,y_XLE,2,2024-09-17,0.0019375887745565201,0.039798450696368066
ridge,y_XLE,0,2024-09-18,0.011943989712195124,-0.015642735386833095
ridge,y_XLE,1,2024-09-18,0.011943989712195124,-0.02003572510608782
ridge,y_XLE,2,2024-09-18,0.011943989712195124,-0.024989976748048207
ridge,y_XLE,0,2024-09-19,-0.002248111735721703,0.08369112367978042
ridge,y_XLE,1,2024-09-19,-0.002248111735721703,0.07225324256322392
ridge,y_XLE,2,2024-09-19,-0.002248111735721703,0.06488842159833572
ridge,y_XLE,0,2024-09-23,-0.002468702309007864,-0.02999461916610006
ridge,y_XLE,1,2024-09-23,-0.002468702309007864,-0.017256849505081214
ridge,y_XLE,2,2024-09-23,-0.002468702309007864,-0.01947460089861308
ridge,y_XLE,0,2024-09-24,-0.019572414607229915,0.01131573296289353
ridge,y_XLE,1,2024-09-24,-0.019572414607229915,0.0060409075524230655
ridge,y_XLE,2,2024-09-24,-0.019572414607229915,0.006511992630464559
ridge,y_XLE,0,2024-09-25,-0.019619257641427468,0.006360858737982604
ridge,y_XLE,1,2024-09-25,-0.019619257641427468,0.009849534595981393
ridge,y_XLE,2,2024-09-25,-0.019619257641427468,0.007511664361717221
ridge,y_XLE,0,2024-09-26,0.02036292052097899,-0.029391167323960927
ridge,y_XLE,1,2024-09-26,0.02036292052097899,-0.02688618753638603
ridge,y_XLE,2,2024-09-26,0.02036292052097899,-0.033955220238876045
ridge,y_XLE,0,2024-09-30,0.022779006152215286,-0.024429662324414146
ridge,y_XLE,1,2024-09-30,0.022779006152215286,-0.01532351497867574
ridge,y_XLE,2,2024-09-30,0.022779006152215286,-0.01926106757774594
ridge,y_XLE,0,2024-10-01,0.010245096485526073,-0.025200396812379296
ridge,y_XLE,1,2024-10-01,0.010245096485526073,-0.028664568480125392
ridge,y_XLE,2,2024-10-01,0.010245096485526073,-0.02785211290978706
ridge,y_XLE,0,2024-10-02,0.017636654318403,0.018445568979632312
ridge,y_XLE,1,2024-10-02,0.017636654318403,0.00028423985446488246
ridge,y_XLE,2,2024-10-02,0.017636654318403,0.012016619743911928
ridge,y_XLE,0,2024-10-03,0.009315426270464888,-0.003155242479943956
ridge,y_XLE,1,2024-10-03,0.009315426270464888,-0.004439635488061236
ridge,y_XLE,2,2024-10-03,0.009315426270464888,-0.011815996364111323
ridge,y_XLE,1,2024-10-07,-0.026093489142903437,-0.017685344293896052
ridge,y_XLE,2,2024-10-07,-0.026093489142903437,-0.014601710418262661
ridge,y_XLE,3,2024-10-07,-0.026093489142903437,-0.03751027267354318
ridge,y_XLE,1,2024-10-08,0.006039212892686718,0.028104513580889688
ridge,y_XLE,2,2024-10-08,0.006039212892686718,0.0345565990504674
ridge,y_XLE,3,2024-10-08,0.006039212892686718,0.025002607977464085
ridge,y_XLE,1,2024-10-09,0.006767105328696177,0.029516547899360673
ridge,y_XLE,2,2024-10-09,0.006767105328696177,0.03260571479575166
ridge,y_XLE,3,2024-10-09,0.006767105328696177,0.022488251701480354
ridge,y_XLE,1,2024-10-10,0.0061795561200574944,0.012127467972394402
ridge,y_XLE,2,2024-10-10,0.0061795561200574944,0.011877705085523074
ridge,y_XLE,3,2024-10-10,0.0061795561200574944,0.0066826300955787985
ridge,y_XLE,1,2024-10-14,-0.032230178883911775,-0.025379968504063287
ridge,y_XLE,2,2024-10-14,-0.032230178883911775,-0.024103840243666796
ridge,y_XLE,3,2024-10-14,-0.032230178883911775,-0.02497135798149193
ridge,y_XLE,1,2024-10-15,0.004789442098403596,-0.015936800510239362
ridge,y_XLE,2,2024-10-15,0.004789442098403596,-0.014387553208173205
ridge,y_XLE,3,2024-10-15,0.004789442098403596,-0.01000838981055922
ridge,y_XLE,1,2024-10-16,0.004766700814831992,-0.0015519427132572106
ridge,y_XLE,2,2024-10-16,0.004766700814831992,-0.00034907569180134203
ridge,y_XLE,3,2024-10-16,0.004766700814831992,-0.0024706928514267317
ridge,y_XLE,1,2024-10-17,-0.0033098792549732803,-0.021955297571208947
ridge,y_XLE,2,2024-10-17,-0.0033098792549732803,-0.020675145236595416
ridge,y_XLE,3,2024-10-17,-0.0033098792549732803,-0.012536995237782827
ridge,y_XLE,1,2024-10-21,0.0023315340017875386,-0.13347955606248382
ridge,y_XLE,2,2024-10-21,0.0023315340017875386,-0.13576283587987392
ridge,y_XLE,3,2024-10-21,0.0023315340017875386,-0.10252242709728612
ridge,y_XLE,1,2024-10-22,-0.005205964790783946,-0.03775112390404277
ridge,y_XLE,2,2024-10-22,-0.005205964790783946,-0.02881349891017415
ridge,y_XLE,3,2024-10-22,-0.005205964790783946,-0.028236346653924792
ridge,y_XLE,1,2024-10-23,-0.00011136370074482649,0.07688907013933519
ridge,y_XLE,2,2024-10-23,-0.00011136370074482649,0.0802351237691674
ridge,y_XLE,3,2024-10-23,-0.00011136370074482649,0.05596304038831107
ridge,y_XLE,1,2024-10-24,-0.00033403977773671656,0.0545817926392627
ridge,y_XLE,2,2024-10-24,-0.00033403977773671656,0.054780550139160084
ridge,y_XLE,3,2024-10-24,-0.00033403977773671656,0.06182119430478391
ridge,y_XLE,2,2024-10-28,-0.015246630136527273,-0.1719836487300419
ridge,y_XLE,3,2024-10-28,-0.015246630136527273,-0.10968439110710979
ridge,y_XLE,4,2024-10-28,-0.015246630136527273,-0.1134027345638441
ridge,y_XLE,2,2024-10-29,0.0022768633627650026,0.09124933640058451
ridge,y_XLE,3,2024-10-29,0.0022768633627650026,0.0793354746492829
ridge,y_XLE,4,2024-10-29,0.0022768633627650026,0.07586855691412428
ridge,y_XLE,2,2024-10-30,0.006247150339873109,-0.04197129668990436
ridge,y_XLE,3,2024-10-30,0.006247150339873109,-0.0333829626931357
ridge,y_XLE,4,2024-10-30,0.006247150339873109,-0.016773600601396963
ridge,y_XLE,2,2024-10-31,-0.0063212630715896445,0.024153835419843023
ridge,y_XLE,3,2024-10-31,-0.0063212630715896445,0.00856720943055158
ridge,y_XLE,4,2024-10-31,-0.0063212630715896445,-0.0077364501545251485
ridge,y_XLE,2,2024-11-04,0.006698660489806052,-0.03923195419213747
ridge,y_XLE,3,2024-11-04,0.006698660489806052,-0.036226559819989346
ridge,y_XLE,4,2024-11-04,0.006698660489806052,-0.024149537749764458
ridge,y_XLE,2,2024-11-05,0.037595662199719326,0.011288847091667366
ridge,y_XLE,3,2024-11-05,0.037595662199719326,0.01465115047510914
ridge,y_XLE,4,2024-11-05,0.037595662199719326,0.014888164517396444
ridge,y_XLE,2,2024-11-06,-0.004596024675739163,0.003005838549669973
ridge,y_XLE,3,2024-11-06,-0.004596024675739163,0.010500878807088217
ridge,y_XLE,4,2024-11-06,-0.004596024675739163,0.012814496645852625
ridge,y_XLE,2,2024-11-07,0.006657469623720935,0.028974855406025627
ridge,y_XLE,3,2024-11-07,0.006657469623720935,0.03867516369466285
ridge,y_XLE,4,2024-11-07,0.006657469623720935,0.0316050081486811
ridge,y_XLE,2,2024-11-11,-0.005303343400044347,0.08287654786109998
ridge,y_XLE,3,2024-11-11,-0.005303343400044347,0.0984489245074131
ridge,y_XLE,4,2024-11-11,-0.005303343400044347,0.09275158701071284
ridge,y_XLE,2,2024-11-12,0.0077842990989827054,0.023106427812676113
ridge,y_XLE,3,2024-11-12,0.0077842990989827054,0.0351801298541294
ridge,y_XLE,4,2024-11-12,0.0077842990989827054,0.029090112449565646
ridge,y_XLE,2,2024-11-13,0.0038090469576079755,0.036444787113223825
ridge,y_XLE,3,2024-11-13,0.0038090469576079755,0.040612020073673386
ridge,y_XLE,4,2024-11-13,0.0038090469576079755,0.04076873038669574
ridge,y_XLE,2,2024-11-14,-0.0014756844346592857,0.04364822656574855
ridge,y_XLE,3,2024-11-14,-0.0014756844346592857,0.0027670571898968013
ridge,y_XLE,4,2024-11-14,-0.0014756844346592857,0.053630080575096384
ridge,y_XLE,3,2024-11-18,-0.006354752472762737,0.01629212602269588
ridge,y_XLE,4,2024-11-18,-0.006354752472762737,0.0038166856163678762
ridge,y_XLE,5,2024-11-18,-0.006354752472762737,0.023694808215550197
ridge,y_XLE,3,2024-11-19,0.010064920017777812,-0.1648090065688308
ridge,y_XLE,4,2024-11-19,0.010064920017777812,-0.18208255437537454
ridge,y_XLE,5,2024-11-19,0.010064920017777812,0.01625008882157613
ridge,y_XLE,3,2024-11-20,0.008096444991377849,0.05762051563948485
ridge,y_XLE,4,2024-11-20,0.008096444991377849,0.03315289207254979
ridge,y_XLE,5,2024-11-20,0.008096444991377849,0.03463959502714211
ridge,y_XLE,3,2024-11-21,0.0015443966137553833,0.007412471101286747
ridge,y_XLE,4,2024-11-21,0.0015443966137553833,0.005164883278402409
ridge,y_XLE,5,2024-11-21,0.0015443966137553833,0.027759341235889894
ridge,y_XLE,3,2024-11-25,-0.001363445762299298,-0.0037572707155362965
ridge,y_XLE,4,2024-11-25,-0.001363445762299298,-0.0018579461102724542
ridge,y_XLE,5,2024-11-25,-0.001363445762299298,-0.00467396267006059
ridge,y_XLE,3,2024-11-26,-0.0010501143419804349,-0.01292054079213348
ridge,y_XLE,4,2024-11-26,-0.0010501143419804349,-0.02983383893476251
ridge,y_XLE,5,2024-11-26,-0.0010501143419804349,-0.03268188727175173
ridge,y_XLE,3,2024-12-02,-0.00010564614731378708,-0.06411419737322761
ridge,y_XLE,4,2024-12-02,-0.00010564614731378708,-0.0656667045876793
ridge,y_XLE,5,2024-12-02,-0.00010564614731378708,-0.07322713155823041
ridge,y_XLE,3,2024-12-03,-0.024124440756533305,0.015533374791521044
ridge,y_XLE,4,2024-12-03,-0.024124440756533305,0.009937290812116525
ridge,y_XLE,5,2024-12-03,-0.024124440756533305,0.02228775630766305
ridge,y_XLE,3,2024-12-04,0.0039032097089928275,0.0038042858576729103
ridge,y_XLE,4,2024-12-04,0.0039032097089928275,0.0033909697139855727
ridge,y_XLE,5,2024-12-04,0.0039032097089928275,0.0033673940058123733
ridge,y_XLE,3,2024-12-05,-0.016956395888747644,0.023122060814022165
ridge,y_XLE,4,2024-12-05,-0.016956395888747644,-0.009217270917092657
ridge,y_XLE,5,2024-12-05,-0.016956395888747644,-0.004444184466613281
ridge,y_XLE,4,2024-12-09,-0.006822870382610979,-0.03208652307191195
ridge,y_XLE,5,2024-12-09,-0.006822870382610979,-0.027027101319926864
ridge,y_XLE,6,2024-12-09,-0.006822870382610979,-0.03379922119010659
ridge,y_XLE,4,2024-12-10,0.0016619589868058782,0.01299259623246287
ridge,y_XLE,5,2024-12-10,0.0016619589868058782,0.00812430279671696
ridge,y_XLE,6,2024-12-10,0.0016619589868058782,-0.004349932001832397
ridge,y_XLE,4,2024-12-11,-0.008075261223531305,0.006286568115179539
ridge,y_XLE,5,2024-12-11,-0.008075261223531305,0.0006699098437555359
ridge,y_XLE,6,2024-12-11,-0.008075261223531305,-0.004250244652018615
ridge,y_XLE,4,2024-12-12,-0.005018127073042944,-0.038593394263695714
ridge,y_XLE,5,2024-12-12,-0.005018127073042944,-0.04303625200007171
ridge,y_XLE,6,2024-12-12,-0.005018127073042944,-0.038212817275889786
ridge,y_XLE,4,2024-12-16,-0.007449081738816421,0.01686875153596202
ridge,y_XLE,5,2024-12-16,-0.007449081738816421,0.03791294677090392
ridge,y_XLE,6,2024-12-16,-0.007449081738816421,0.0428237115636169
ridge,y_XLE,4,2024-12-17,-0.029557667680115585,0.025591847871347793
ridge,y_XLE,5,2024-12-17,-0.029557667680115585,0.017125896215699498
ridge,y_XLE,6,2024-12-17,-0.029557667680115585,0.018262530146519417
ridge,y_XLE,4,2024-12-18,-0.008685348331939235,-0.010386926051739843
ridge,y_XLE,5,2024-12-18,-0.008685348331939235,-0.014442506043280881
ridge,y_XLE,6,2024-12-18,-0.008685348331939235,-0.012157047420116076
ridge,y_XLE,4,2024-12-19,0.009841596479849724,0.06705728766471787
ridge,y_XLE,5,2024-12-19,0.009841596479849724,0.0582182093593348
ridge,y_XLE,6,2024-12-19,0.009841596479849724,0.0659478250982396
ridge,y_XLE,4,2024-12-23,0.008459417192344887,0.0029699266379495685
ridge,y_XLE,5,2024-12-23,0.008459417192344887,0.002977875912315857
ridge,y_XLE,6,2024-12-23,0.008459417192344887,0.005434152334053956
ridge,y_XLE,4,2024-12-26,-0.00011830545199809084,-0.05910970919428804
ridge,y_XLE,5,2024-12-26,-0.00011830545199809084,-0.04898717123410392
ridge,y_XLE,6,2024-12-26,-0.00011830545199809084,-0.04914087227275289
ridge,y_XLE,5,2024-12-30,0.013128296656031324,-0.014087754667380685
ridge,y_XLE,6,2024-12-30,0.013128296656031324,-0.00923667446140432
ridge,y_XLE,7,2024-12-30,0.013128296656031324,-0.00027156723159113094
ridge,y_XLE,5,2025-01-02,0.009346810465523658,0.02007682567313644
ridge,y_XLE,6,2025-01-02,0.009346810465523658,0.02070855259750412
ridge,y_XLE,7,2025-01-02,0.009346810465523658,0.024925392406666167
ridge,y_XLE,5,2025-01-06,0.009992068680033217,-0.002978776287811986
ridge,y_XLE,6,2025-01-06,0.009992068680033217,-0.007188906584395374
ridge,y_XLE,7,2025-01-06,0.009992068680033217,-0.0016318875457023631
ridge,y_XLE,5,2025-01-07,0.001023408210235166,0.029520586922986185
ridge,y_XLE,6,2025-01-07,0.001023408210235166,0.026589287613730903
ridge,y_XLE,7,2025-01-07,0.001023408210235166,0.02634340033032984
ridge,y_XLE,5,2025-01-13,0.010747979190166568,0.026507792596962163
ridge,y_XLE,6,2025-01-13,0.010747979190166568,0.03170592010619316
ridge,y_XLE,7,2025-01-13,0.010747979190166568,0.03979112501204111
ridge,y_XLE,5,2025-01-14,0.014799229070330266,0.003199222414609619
ridge,y_XLE,6,2025-01-14,0.014799229070330266,0.003262795283606924
ridge,y_XLE,7,2025-01-14,0.014799229070330266,0.009239852372687969
ridge,y_XLE,5,2025-01-15,0.007237875189941123,0.11767288657749675
ridge,y_XLE,6,2025-01-15,0.007237875189941123,0.07480404331755447
ridge,y_XLE,7,2025-01-15,0.007237875189941123,0.04134835097074182
ridge,y_XLE,5,2025-01-16,0.007721965606004133,-0.00312345470411808
ridge,y_XLE,6,2025-01-16,0.007721965606004133,-0.005798622152533832
ridge,y_XLE,7,2025-01-16,0.007721965606004133,-0.00616891425438883
ridge,y_XLE,6,2025-01-21,-0.018185776093498807,-0.02293291196805092
ridge,y_XLE,7,2025-01-21,-0.018185776093498807,-0.02422924285686061
ridge,y_XLE,8,2025-01-21,-0.018185776093498807,-0.02737546755723442
ridge,y_XLE,6,2025-01-22,0.004576171727521006,0.002857758904066276
ridge,y_XLE,7,2025-01-22,0.004576171727521006,0.017148356910334346
ridge,y_XLE,8,2025-01-22,0.004576171727521006,0.00745264325175016
ridge,y_XLE,6,2025-01-23,-0.009652799535907586,0.016485627399229222
ridge,y_XLE,7,2025-01-23,-0.009652799535907586,-0.007912945966449649
ridge,y_XLE,8,2025-01-23,-0.009652799535907586,-0.0027175417461471375
ridge,y_XLE,6,2025-01-27,-0.009517533083066798,0.02166886785793631
ridge,y_XLE,7,2025-01-27,-0.009517533083066798,0.0119205737925503
ridge,y_XLE,8,2025-01-27,-0.009517533083066798,0.011729496838025
ridge,y_XLE,6,2025-01-28,0.0022346296863511306,0.01883531713106858
ridge,y_XLE,7,2025-01-28,0.0022346296863511306,0.01956647036928023
ridge,y_XLE,8,2025-01-28,0.0022346296863511306,0.012802969223251649
ridge,y_XLE,6,2025-01-29,0.005128267781979501,0.06568449718687297
ridge,y_XLE,7,2025-01-29,0.005128267781979501,0.06591569769874173
ridge,y_XLE,8,2025-01-29,0.005128267781979501,0.05920378766307978
ridge,y_XLE,6,2025-01-30,-0.027950376551716505,-0.010927554846432057
ridge,y_XLE,7,2025-01-30,-0.027950376551716505,-0.00761400601305115
ridge,y_XLE,8,2025-01-30,-0.027950376551716505,-0.02210691743296745
ridge,y_XLE,6,2025-02-03,0.020977478663444016,-0.0063880570072644425
ridge,y_XLE,7,2025-02-03,0.020977478663444016,-0.0012797340549114435
ridge,y_XLE,8,2025-02-03,0.020977478663444016,0.0039954555866371965
ridge,y_XLE,6,2025-02-04,0.002110196956094157,-0.06790124494150107
ridge,y_XLE,7,2025-02-04,0.002110196956094157,-0.05944728303854698
ridge,y_XLE,8,2025-02-04,0.002110196956094157,-0.0672456480478186
ridge,y_XLE,6,2025-02-05,-0.01839744642776009,-0.10928896855431049
ridge,y_XLE,7,2025-02-05,-0.01839744642776009,-0.10504205618512331
ridge,y_XLE,8,2025-02-05,-0.01839744642776009,-0.11642435715587007
ridge,y_XLE,6,2025-02-06,-0.00011296253551662527,0.09677894597361308
ridge,y_XLE,7,2025-02-06,-0.00011296253551662527,0.08385628001953983
ridge,y_XLE,8,2025-02-06,-0.00011296253551662527,0.08949994763190539
ridge,y_XLE,7,2025-02-10,0.008065419533350271,0.04015294152171519
ridge,y_XLE,8,2025-02-10,0.008065419533350271,0.03174239989723968
ridge,y_XLE,9,2025-02-10,0.008065419533350271,0.026718309000615833
ridge,y_XLE,7,2025-02-11,-0.024112237462998398,-0.045862703524778496
ridge,y_XLE,8,2025-02-11,-0.024112237462998398,-0.05967544938364221
ridge,y_XLE,9,2025-02-11,-0.024112237462998398,-0.05630685587589814
ridge,y_XLE,7,2025-02-12,0.007524643097674755,0.010535197395271834
ridge,y_XLE,8,2025-02-12,0.007524643097674755,-0.025700630978253012
ridge,y_XLE,9,2025-02-12,0.007524643097674755,-0.043142680630299975
ridge,y_XLE,7,2025-02-13,0.004012864720494669,-0.08839160866399216
ridge,y_XLE,8,2025-02-13,0.004012864720494669,-0.11755814441829993
ridge,y_XLE,9,2025-02-13,0.004012864720494669,-0.15308311608858197
ridge,y_XLE,7,2025-02-18,0.007885959968822132,0.15426495806315052
ridge,y_XLE,8,2025-02-18,0.007885959968822132,0.1558058785962874
ridge,y_XLE,9,2025-02-18,0.007885959968822132,0.14304299295935535
ridge,y_XLE,7,2025-02-19,0.009128472571485524,-0.026464453812815703
ridge,y_XLE,8,2025-02-19,0.009128472571485524,-0.03511900242093973
ridge,y_XLE,9,2025-02-19,0.009128472571485524,-0.0370969490284782
ridge,y_XLE,7,2025-02-20,-0.020783947204331854,0.03540340851998429
ridge,y_XLE,8,2025-02-20,-0.020783947204331854,0.029498104503440845
ridge,y_XLE,9,2025-02-20,-0.020783947204331854,0.029668157839348588
ridge,y_XLE,7,2025-02-24,-0.014403484284976287,0.04231925957812465
ridge,y_XLE,8,2025-02-24,-0.014403484284976287,0.04279943289945392
ridge,y_XLE,9,2025-02-24,-0.014403484284976287,0.0380510668054656
ridge,y_XLE,7,2025-02-25,-0.0056894187418702336,-0.008868757492759973
ridge,y_XLE,8,2025-02-25,-0.0056894187418702336,-0.006280515543640897
ridge,y_XLE,9,2025-02-25,-0.0056894187418702336,-0.01965696569414687
ridge,y_XLE,7,2025-02-26,0.005385303517316142,0.06641805695148643
ridge,y_XLE,8,2025-02-26,0.005385303517316142,0.04700598653009757
ridge,y_XLE,9,2025-02-26,0.005385303517316142,0.034904809706635266
ridge,y_XLE,7,2025-02-27,0.015511642420221516,-0.06493982539398745
ridge,y_XLE,8,2025-02-27,0.015511642420221516,-0.06051708641305462
ridge,y_XLE,9,2025-02-27,0.015511642420221516,-0.05789895123473771
ridge,y_XLE,8,2025-03-03,-0.009678879537496576,-0.001593393284341193
ridge,y_XLE,9,2025-03-03,-0.009678879537496576,-0.003187304958009441
ridge,y_XLE,10,2025-03-03,-0.009678879537496576,-0.0025127358486003244
ridge,y_XLE,8,2025-03-04,-0.014602829367314052,-0.024780177606689463
ridge,y_XLE,9,2025-03-04,-0.014602829367314052,-0.0261404010221828
ridge,y_XLE,10,2025-03-04,-0.014602829367314052,-0.023272851107056954
ridge,y_XLE,8,2025-03-05,0.003033820144153543,-0.014265419571702433
ridge,y_XLE,9,2025-03-05,0.003033820144153543,-0.01882543002056763
ridge,y_XLE,10,2025-03-05,0.003033820144153543,-0.0166701802726849
ridge,y_XLE,8,2025-03-06,0.017101065408050786,0.02709387611355376
ridge,y_XLE,9,2025-03-06,0.017101065408050786,0.009859738978587222
ridge,y_XLE,10,2025-03-06,0.017101065408050786,0.011743215012416694
ridge,y_XLE,8,2025-03-10,-0.00794742913387203,0.022549319292403638
ridge,y_XLE,9,2025-03-10,-0.00794742913387203,0.009743107748747232
ridge,y_XLE,10,2025-03-10,-0.00794742913387203,0.016246202734699892
ridge,y_XLE,8,2025-03-11,0.004577782465690072,0.08600039270353822
ridge,y_XLE,9,2025-03-11,0.004577782465690072,0.0757955898541621
ridge,y_XLE,10,2025-03-11,0.004577782465690072,0.07193061497122435
ridge,y_XLE,8,2025-03-12,-0.006835158257715412,0.02593947796210099
ridge,y_XLE,9,2025-03-12,-0.006835158257715412,0.02322639228391271
ridge,y_XLE,10,2025-03-12,-0.006835158257715412,0.023803310232346653
ridge,y_XLE,8,2025-03-13,0.029593908647804312,-0.006966742885704739
ridge,y_XLE,9,2025-03-13,0.029593908647804312,-0.012580841168412444
ridge,y_XLE,10,2025-03-13,0.029593908647804312,-0.01414442669105137
ridge,y_XLE,8,2025-03-17,0.0016448902791177389,-0.06913221418852325
ridge,y_XLE,9,2025-03-17,0.0016448902791177389,-0.07479097765786323
ridge,y_XLE,10,2025-03-17,0.0016448902791177389,-0.07493893248463034
ridge,y_XLE,8,2025-03-18,0.01631278535462566,-0.046256276927765676
ridge,y_XLE,9,2025-03-18,0.01631278535462566,-0.062369982058802294
ridge,y_XLE,10,2025-03-18,0.01631278535462566,-0.058041700447436735
ridge,y_XLE,8,2025-03-19,0.003662520515312684,0.1269842315490208
ridge,y_XLE,9,2025-03-19,0.003662520515312684,0.11472501408477573
ridge,y_XLE,10,2025-03-19,0.003662520515312684,0.11853161654367861
ridge,y_XLE,8,2025-03-20,-0.00697649327191463,-0.025806661107201347
ridge,y_XLE,9,2025-03-20,-0.00697649327191463,-0.03705652059296759
ridge,y_XLE,10,2025-03-20,-0.00697649327191463,-0.03311248380618271
ridge,y_XLE,9,2025-03-24,0.004092676448119059,0.019062675032939427
ridge,y_XLE,10,2025-03-24,0.004092676448119059,0.01966894967144451
ridge,y_XLE,11,2025-03-24,0.004092676448119059,0.019650087016473583
ridge,y_XLE,9,2025-03-25,0.0058993423814586166,-0.1694606382579053
ridge,y_XLE,10,2025-03-25,0.0058993423814586166,-0.17510263062310022
ridge,y_XLE,11,2025-03-25,0.0058993423814586166,-0.16486739714987483
ridge,y_XLE,9,2025-03-26,-0.009703526888329539,0.01742474408598123
ridge,y_XLE,10,2025-03-26,-0.009703526888329539,0.016510543179772675
ridge,y_XLE,11,2025-03-26,-0.009703526888329539,0.01737153664876308
ridge,y_XLE,9,2025-03-27,-0.0047378190044133905,0.08645419349010926
ridge,y_XLE,10,2025-03-27,-0.0047378190044133905,0.08205644474166127
ridge,y_XLE,11,2025-03-27,-0.0047378190044133905,0.0962475432825465
ridge,y_XLE,9,2025-03-31,0.005885454356105102,-0.028737537470471093
ridge,y_XLE,10,2025-03-31,0.005885454356105102,-0.020868592082267504
ridge,y_XLE,11,2025-03-31,0.005885454356105102,-0.021732943611503124
ridge,y_XLE,9,2025-04-01,0.0013829619454512887,0.14266908598028533
ridge,y_XLE,10,2025-04-01,0.0013829619454512887,0.14939043276922753
ridge,y_XLE,11,2025-04-01,0.0013829619454512887,0.09827589516759844
ridge,y_XLE,9,2025-04-02,-0.07850844721450867,0.07214731620805888
ridge,y_XLE,10,2025-04-02,-0.07850844721450867,0.08469056707833042
ridge,y_XLE,11,2025-04-02,-0.07850844721450867,0.09096774417796387
ridge,y_XLE,9,2025-04-03,-0.09199903170306623,0.008053391110936763
ridge,y_XLE,10,2025-04-03,-0.09199903170306623,0.011868463328895941
ridge,y_XLE,11,2025-04-03,-0.09199903170306623,0.010869055334891497
ridge,y_XLE,9,2025-04-07,-0.023131030751194714,0.023165561520497084
ridge,y_XLE,10,2025-04-07,-0.023131030751194714,0.014645756667249342
ridge,y_XLE,11,2025-04-07,-0.023131030751194714,0.0017684762209572874
ridge,y_XLE,9,2025-04-08,0.07744638040551988,0.004860279202190814
ridge,y_XLE,10,2025-04-08,0.07744638040551988,0.0038707219267375935
ridge,y_XLE,11,2025-04-08,0.07744638040551988,5.355366143855759e-05
ridge,y_XLE,9,2025-04-09,-0.06532292099357151,-0.020427676104286464
ridge,y_XLE,10,2025-04-09,-0.06532292099357151,-0.020249508618047158
ridge,y_XLE,11,2025-04-09,-0.06532292099357151,-0.020926932598722026
ridge,y_XLE,9,2025-04-10,0.024811429255521045,-0.034090642210395816
ridge,y_XLE,10,2025-04-10,0.024811429255521045,-0.029173416093231593
ridge,y_XLE,11,2025-04-10,0.024811429255521045,-0.02487849480823411
ridge,y_XLE,10,2025-04-14,-0.0015156312191966226,0.013817635076289116
ridge,y_XLE,11,2025-04-14,-0.0015156312191966226,0.013911936071147225
ridge,y_XLE,12,2025-04-14,-0.0015156312191966226,0.012611361091002048
ridge,y_XLE,10,2025-04-15,0.00822254317812443,-0.04313538336519023
ridge,y_XLE,11,2025-04-15,0.00822254317812443,-0.042561707894935207
ridge,y_XLE,12,2025-04-15,0.00822254317812443,-0.032398457015930415
ridge,y_XLE,10,2025-04-16,0.022584659836744958,0.05062565725860463
ridge,y_XLE,11,2025-04-16,0.022584659836744958,0.05417846640266933
ridge,y_XLE,12,2025-04-16,0.022584659836744958,0.058232492650425946
ridge,y_XLE,10,2025-04-21,0.025450446165918184,0.008066685843167595
ridge,y_XLE,11,2025-04-21,0.025450446165918184,0.008790513934782189
ridge,y_XLE,12,2025-04-21,0.025450446165918184,0.0075527716177827015
ridge,y_XLE,10,2025-04-22,-0.0018430075530242451,-0.000895012312111948
ridge,y_XLE,11,2025-04-22,-0.0018430075530242451,0.0035658003024319884
ridge,y_XLE,12,2025-04-22,-0.0018430075530242451,-0.00012800641639745445
ridge,y_XLE,10,2025-04-23,0.016001967552903285,0.004482102282599791
ridge,y_XLE,11,2025-04-23,0.016001967552903285,0.0027717780849991526
ridge,y_XLE,12,2025-04-23,0.016001967552903285,0.005092626717438571
ridge,y_XLE,10,2025-04-24,-0.0018172348704746932,-0.0031814516523002907
ridge,y_XLE,11,2025-04-24,-0.0018172348704746932,-0.0039972931476252105
ridge,y_XLE,12,2025-04-24,-0.0018172348704746932,-0.003918690451775712
ridge,y_XLE,10,2025-04-28,-0.002892620037885818,-0.015405103047701539
ridge,y_XLE,11,2025-04-28,-0.002892620037885818,-0.013965790534036893
ridge,y_XLE,12,2025-04-28,-0.002892620037885818,-0.014383810905171221
ridge,y_XLE,10,2025-04-29,-0.026955161508367187,-0.025604808315642567
ridge,y_XLE,11,2025-04-29,-0.026955161508367187,-0.02386784257278927
ridge,y_XLE,12,2025-04-29,-0.026955161508367187,-0.024773637291069777
ridge,y_XLE,10,2025-04-30,0.003726670167192303,0.014966114081871307
ridge,y_XLE,11,2025-04-30,0.003726670167192303,0.016177773477255936
ridge,y_XLE,12,2025-04-30,0.003726670167192303,0.017925468273755067
ridge,y_XLE,10,2025-05-01,0.014603954404578623,0.08741961490194404
ridge,y_XLE,11,2025-05-01,0.014603954404578623,0.07639365446756685
ridge,y_XLE,12,2025-05-01,0.014603954404578623,0.07238448204052399
ridge,y_XLE,11,2025-05-05,0.000248399325823323,0.0889059205565533
ridge,y_XLE,12,2025-05-05,0.000248399325823323,0.09131437984033315
ridge,y_XLE,13,2025-05-05,0.000248399325823323,0.09918447650959722
ridge,y_XLE,11,2025-05-06,0.00037260361708235656,-0.02543667143572374
ridge,y_XLE,12,2025-05-06,0.00037260361708235656,-0.03934847214572215
ridge,y_XLE,13,2025-05-06,0.00037260361708235656,-0.02928648633289409
ridge,y_XLE,11,2025-05-07,0.013159614827655153,0.01520981232679276
ridge,y_XLE,12,2025-05-07,0.013159614827655153,0.019023294834899663
ridge,y_XLE,13,2025-05-07,0.013159614827655153,0.01726927048063473
ridge,y_XLE,11,2025-05-08,0.010047672643058059,-0.04117014421956666
ridge,y_XLE,12,2025-05-08,0.010047672643058059,-0.04412641669563249
ridge,y_XLE,13,2025-05-08,0.010047672643058059,-0.0305078610121502
ridge,y_XLE,11,2025-05-12,0.014069397806465211,0.03265983405748197
ridge,y_XLE,12,2025-05-12,0.014069397806465211,0.03353645136992918
ridge,y_XLE,13,2025-05-12,0.014069397806465211,0.02917774334118432
ridge,y_XLE,11,2025-05-13,-0.006062652517193845,-0.0010339575963980053
ridge,y_XLE,12,2025-05-13,-0.006062652517193845,-0.0027668997807688226
ridge,y_XLE,13,2025-05-13,-0.006062652517193845,-0.0022739567235944965
ridge,y_XLE,11,2025-05-14,0.004222886010434079,0.02917357490051542
ridge,y_XLE,12,2025-05-14,0.004222886010434079,0.02842368786444579
ridge,y_XLE,13,2025-05-14,0.004222886010434079,0.02482488127748827
ridge,y_XLE,11,2025-05-15,-0.001518495683157206,-0.014784484637677528
ridge,y_XLE,12,2025-05-15,-0.001518495683157206,-0.018203186795336418
ridge,y_XLE,13,2025-05-15,-0.001518495683157206,-0.021132474910560237
ridge,y_XLE,11,2025-05-19,-0.009245064589995078,0.011287456363339844
ridge,y_XLE,12,2025-05-19,-0.009245064589995078,0.016788436532935196
ridge,y_XLE,13,2025-05-19,-0.009245064589995078,0.008608209425610807
ridge,y_XLE,11,2025-05-20,-0.018423169005193474,0.004129118351654119
ridge,y_XLE,12,2025-05-20,-0.018423169005193474,0.006898137145984029
ridge,y_XLE,13,2025-05-20,-0.018423169005193474,0.007830300820068437
ridge,y_XLE,11,2025-05-21,-0.003900071815325923,0.02233872128427264
ridge,y_XLE,12,2025-05-21,-0.003900071815325923,0.017935498165389106
ridge,y_XLE,13,2025-05-21,-0.003900071815325923,0.013585738826804611
ridge,y_XLE,11,2025-05-22,0.0031810717377478426,0.03128431248865876
ridge,y_XLE,12,2025-05-22,0.0031810717377478426,0.04454219379035756
ridge,y_XLE,13,2025-05-22,0.0031810717377478426,0.028293562058043436
ridge,y_XLE,12,2025-05-27,-0.01269650633231334,0.031093353915736314
ridge,y_XLE,13,2025-05-27,-0.01269650633231334,0.033509719451247345
ridge,y_XLE,14,2025-05-27,-0.01269650633231334,0.035765303491071196
ridge,y_XLE,12,2025-05-28,0.007471005945166809,-0.011508937176899887
ridge,y_XLE,13,2025-05-28,0.007471005945166809,-0.017240599291764504
ridge,y_XLE,14,2025-05-28,0.007471005945166809,-0.012634496117680536
ridge,y_XLE,12,2025-05-29,-0.008874492325381622,0.002457129519142472
ridge,y_XLE,13,2025-05-29,-0.008874492325381622,0.004754575774320961
ridge,y_XLE,14,2025-05-29,-0.008874492325381622,0.0046705761761270765
ridge,y_XLE,12,2025-06-02,0.011864487846782401,0.020389679533263795
ridge,y_XLE,13,2025-06-02,0.011864487846782401,0.015133454658327784
ridge,y_XLE,14,2025-06-02,0.011864487846782401,0.01359465791693934
ridge,y_XLE,12,2025-06-03,-0.0195024441236199,0.00737172236393261
ridge,y_XLE,13,2025-06-03,-0.0195024441236199,0.010296386252932669
ridge,y_XLE,14,2025-06-03,-0.0195024441236199,0.01318124138994612
ridge,y_XLE,12,2025-06-04,-0.0009761124053815351,0.03397067990779601
ridge,y_XLE,13,2025-06-04,-0.0009761124053815351,0.037420542221231486
ridge,y_XLE,14,2025-06-04,-0.0009761124053815351,0.05251622214202037
ridge,y_XLE,12,2025-06-05,0.018810219165728004,-0.006601333554782509
ridge,y_XLE,13,2025-06-05,0.018810219165728004,-0.008000887166621234
ridge,y_XLE,14,2025-06-05,0.018810219165728004,-0.007302840380906934
ridge,y_XLE,12,2025-06-09,0.01782929807752165,0.030898838178836336
ridge,y_XLE,13,2025-06-09,0.01782929807752165,0.039654037755765904
ridge,y_XLE,14,2025-06-09,0.01782929807752165,0.03499156485027112
ridge,y_XLE,12,2025-06-10,0.01446044579468908,0.0024572051555283346
ridge,y_XLE,13,2025-06-10,0.01446044579468908,0.001204196382899774
ridge,y_XLE,14,2025-06-10,0.01446044579468908,0.002941044200807496
ridge,y_XLE,12,2025-06-11,0.0034766130298602427,-0.0016984244128549254
ridge,y_XLE,13,2025-06-11,0.0034766130298602427,-0.004042729457284771
ridge,y_XLE,14,2025-06-11,0.0034766130298602427,0.011538892611816473
ridge,y_XLE,12,2025-06-12,0.017438485553608496,0.01016056338949637
ridge,y_XLE,13,2025-06-12,0.017438485553608496,0.009509940537046466
ridge,y_XLE,14,2025-06-12,0.017438485553608496,0.013491287531989924
ridge,y_XLE,13,2025-07-02,0.0011503108901305126,-0.07312054717119276
ridge,y_XLE,14,2025-07-02,0.0011503108901305126,-0.06721543425389706
ridge,y_XLE,15,2025-07-02,0.0011503108901305126,-0.07161509510791561
ridge,y_XLE,13,2025-07-07,0.026917223628814213,0.005231572856416641
ridge,y_XLE,14,2025-07-07,0.026917223628814213,0.004591911145203898
ridge,y_XLE,15,2025-07-07,0.026917223628814213,0.0037089793174208503
ridge,y_XLE,13,2025-07-08,-0.005084258053406843,0.0011281893257442076
ridge,y_XLE,14,2025-07-08,-0.005084258053406843,0.012518852206440978
ridge,y_XLE,15,2025-07-08,-0.005084258053406843,0.011956639199734479
ridge,y_XLE,13,2025-07-09,0.00760852055604766,-0.01928736427523713
ridge,y_XLE,14,2025-07-09,0.00760852055604766,-0.018351418627375847
ridge,y_XLE,15,2025-07-09,0.00760852055604766,-0.019298676059482246
ridge,y_XLE,13,2025-07-10,0.004508076861722277,0.0209410116662879
ridge,y_XLE,14,2025-07-10,0.004508076861722277,0.02169397136558877
ridge,y_XLE,15,2025-07-10,0.004508076861722277,0.02581736395805639
ridge,y_XLE,13,2025-07-14,-0.014407357991669256,0.004865989169651024
ridge,y_XLE,14,2025-07-14,-0.014407357991669256,0.005046619955407003
ridge,y_XLE,15,2025-07-14,-0.014407357991669256,0.005162907201606105
ridge,y_XLE,13,2025-07-15,-0.008632654637989678,-0.03234645093453734
ridge,y_XLE,14,2025-07-15,-0.008632654637989678,-0.040318745286820425
ridge,y_XLE,15,2025-07-15,-0.008632654637989678,-0.043144701405453456
ridge,y_XLE,13,2025-07-16,0.0061535642182029004,0.014204688753931702
ridge,y_XLE,14,2025-07-16,0.0061535642182029004,0.011358026782661335
ridge,y_XLE,15,2025-07-16,0.0061535642182029004,0.011409063829065664
ridge,y_XLE,13,2025-07-17,-0.008077622399852435,0.05727346983154348
ridge,y_XLE,14,2025-07-17,-0.008077622399852435,0.05399108938446006
ridge,y_XLE,15,2025-07-17,-0.008077622399852435,0.06051011083207878
ridge,y_XLE,13,2025-07-21,0.004702029646522332,0.014056128781125946
ridge,y_XLE,14,2025-07-21,0.004702029646522332,0.011443281303513781
ridge,y_XLE,15,2025-07-21,0.004702029646522332,0.010167640773134413
ridge,y_XLE,13,2025-07-22,0.01567798064398862,0.046634346013986666
ridge,y_XLE,14,2025-07-22,0.01567798064398862,0.03693747170293986
ridge,y_XLE,15,2025-07-22,0.01567798064398862,0.040320204115101024
ridge,y_XLE,13,2025-07-23,0.007142037293491832,-0.034843595225607524
ridge,y_XLE,14,2025-07-23,0.007142037293491832,-0.03282207207249691
ridge,y_XLE,15,2025-07-23,0.007142037293491832,-0.02869088184061489
ridge,y_XLE,14,2025-07-24,-0.0037744239177321948,0.017540145299952258
ridge,y_XLE,15,2025-07-24,-0.0037744239177321948,0.01621164856754009
ridge,y_XLE,16,2025-07-24,-0.0037744239177321948,0.01478873538957943
ridge,y_XLE,14,2025-07-28,0.009762792611131221,0.001314825036051541
ridge,y_XLE,15,2025-07-28,0.009762792611131221,-0.0014475411443737659
ridge,y_XLE,16,2025-07-28,0.009762792611131221,-0.00030612093192964565
ridge,y_XLE,14,2025-07-29,-0.014277608345967252,0.016425311544186798
ridge,y_XLE,15,2025-07-29,-0.014277608345967252,0.015684005729372494
ridge,y_XLE,16,2025-07-29,-0.014277608345967252,0.01637947938448273
ridge,y_XLE,14,2025-07-30,-0.005360463205195343,-0.004686945587404877
ridge,y_XLE,15,2025-07-30,-0.005360463205195343,-0.006472954609794022
ridge,y_XLE,16,2025-07-30,-0.005360463205195343,-0.00445429874051732
ridge,y_XLE,14,2025-07-31,-0.018575812825283422,-0.029303533505693972
ridge,y_XLE,15,2025-07-31,-0.018575812825283422,-0.03029010011440271
ridge,y_XLE,16,2025-07-31,-0.018575812825283422,-0.03487732165402586
ridge,y_XLE,14,2025-08-04,0.0012881388274901262,0.010593886605668507
ridge,y_XLE,15,2025-08-04,0.0012881388274901262,0.0037139998038517126
ridge,y_XLE,16,2025-08-04,0.0012881388274901262,0.005932687464449067
ridge,y_XLE,14,2025-08-05,-0.009238691625645279,-0.011385016314519882
ridge,y_XLE,15,2025-08-05,-0.009238691625645279,-0.012946304085817609
ridge,y_XLE,16,2025-08-05,-0.009238691625645279,-0.01167824700751407
ridge,y_XLE,14,2025-08-06,-0.003895158901415674,0.007445622893977972
ridge,y_XLE,15,2025-08-06,-0.003895158901415674,0.007342451767648289
ridge,y_XLE,16,2025-08-06,-0.003895158901415674,0.007783242244250085
ridge,y_XLE,14,2025-08-07,0.006398879324843509,0.03162060361435882
ridge,y_XLE,15,2025-08-07,0.006398879324843509,0.03265159019695822
ridge,y_XLE,16,2025-08-07,0.006398879324843509,0.03641074215318186
ridge,y_XLE,14,2025-08-11,0.004866428807224876,0.0014261326201352367
ridge,y_XLE,15,2025-08-11,0.004866428807224876,-0.0013992388993795772
ridge,y_XLE,16,2025-08-11,0.004866428807224876,-0.0023738961470058505
ridge,y_XLE,14,2025-08-12,0.011575698101115028,0.02712123879665552
ridge,y_XLE,15,2025-08-12,0.011575698101115028,0.028043551965069753
ridge,y_XLE,16,2025-08-12,0.011575698101115028,0.026734905486479967
ridge,y_XLE,15,2025-08-13,-0.0009341286611133093,0.010188051200832503
ridge,y_XLE,16,2025-08-13,-0.0009341286611133093,0.011500412228889563
ridge,y_XLE,17,2025-08-13,-0.0009341286611133093,0.007419094065791444
ridge,y_XLE,15,2025-08-14,0.0,0.0013382557458928718
ridge,y_XLE,16,2025-08-14,0.0,-0.0019510360483637986
ridge,y_XLE,17,2025-08-14,0.0,-0.003865913514067884
ridge,y_XLE,15,2025-08-18,0.000352648430773872,-0.009106577954222487
ridge,y_XLE,16,2025-08-18,0.000352648430773872,-0.008607549586630936
ridge,y_XLE,17,2025-08-18,0.000352648430773872,-0.009541142994280839
ridge,y_XLE,15,2025-08-19,0.008345107699537113,0.01726636451386464
ridge,y_XLE,16,2025-08-19,0.008345107699537113,0.016961024646946158
ridge,y_XLE,17,2025-08-19,0.008345107699537113,0.013052684407252624
ridge,y_XLE,15,2025-08-20,0.00687725497393421,0.00513164642785126
ridge,y_XLE,16,2025-08-20,0.00687725497393421,0.004080017227930964
ridge,y_XLE,17,2025-08-20,0.00687725497393421,0.004752429015209731
ridge,y_XLE,15,2025-08-21,0.02037504470496887,0.016692085746381164
ridge,y_XLE,16,2025-08-21,0.02037504470496887,0.01307005996345068
ridge,y_XLE,17,2025-08-21,0.02037504470496887,0.01424053708345952
ridge,y_XLE,15,2025-08-25,-0.0015842456730275067,-0.03319510371246799
ridge,y_XLE,16,2025-08-25,-0.0015842456730275067,-0.034721212294733225
ridge,y_XLE,17,2025-08-25,-0.0015842456730275067,-0.03425522932018357
ridge,y_XLE,15,2025-08-26,0.011220599851552882,-0.0429919553892652
ridge,y_XLE,16,2025-08-26,0.011220599851552882,-0.03984767707882544
ridge,y_XLE,17,2025-08-26,0.011220599851552882,-0.035827491506881054
ridge,y_XLE,15,2025-08-27,0.007621623464594496,0.014473143460227322
ridge,y_XLE,16,2025-08-27,0.007621623464594496,0.017697868118063974
ridge,y_XLE,17,2025-08-27,0.007621623464594496,0.014362450613105582
ridge,y_XLE,15,2025-08-28,0.005450449532823587,0.06527995432824664
ridge,y_XLE,16,2025-08-28,0.005450449532823587,0.06479319209534914
ridge,y_XLE,17,2025-08-28,0.005450449532823587,0.061717591250518684
ridge,y_XLE,15,2025-09-02,-0.022425995586212277,-0.026018549935208454
ridge,y_XLE,16,2025-09-02,-0.022425995586212277,-0.02655250852666442
ridge,y_XLE,17,2025-09-02,-0.022425995586212277,-0.026809050719662268
ridge,y_XLE,16,2025-09-03,0.006667505026652032,0.014811979145495929
ridge,y_XLE,17,2025-09-03,0.006667505026652032,0.01626756505168548
ridge,y_XLE,18,2025-09-03,0.006667505026652032,0.012360964060882369
ridge,y_XLE,16,2025-09-04,-0.019308496454514823,-0.0015724024445148068
ridge,y_XLE,17,2025-09-04,-0.019308496454514823,-0.012115062248275322
ridge,y_XLE,18,2025-09-04,-0.019308496454514823,-0.0030614331515663225
ridge,y_XLE,16,2025-09-08,0.004818806415020305,0.013258497200506349
ridge,y_XLE,17,2025-09-08,0.004818806415020305,0.012460210893342346
ridge,y_XLE,18,2025-09-08,0.004818806415020305,0.010288524734433433
ridge,y_XLE,16,2025-09-09,0.017469684211813608,0.019474279961472975
ridge,y_XLE,17,2025-09-09,0.017469684211813608,0.014712899108741406
ridge,y_XLE,18,2025-09-09,0.017469684211813608,0.014468858923016397
ridge,y_XLE,16,2025-09-10,0.00022441649751248072,-0.012373603815936647
ridge,y_XLE,17,2025-09-10,0.00022441649751248072,-0.02942715157494767
ridge,y_XLE,18,2025-09-10,0.00022441649751248072,-0.030275160070246897
ridge,y_XLE,16,2025-09-11,-0.005946442921583084,-0.0078756450699276
ridge,y_XLE,17,2025-09-11,-0.005946442921583084,-0.009306417472943857
ridge,y_XLE,18,2025-09-11,-0.005946442921583084,-0.009934106437202309
ridge,y_XLE,16,2025-09-15,0.016761004937895896,0.04336473015022819
ridge,y_XLE,17,2025-09-15,0.016761004937895896,0.03556830490589649
ridge,y_XLE,18,2025-09-15,0.016761004937895896,0.02870722588143186
ridge,y_XLE,16,2025-09-16,0.0023390044748878847,0.028712914333827683
ridge,y_XLE,17,2025-09-16,0.0023390044748878847,0.02581921127434071
ridge,y_XLE,18,2025-09-16,0.0023390044748878847,0.023262059797128285
ridge,y_XLE,16,2025-09-17,-0.003111452554746541,0.017224753730684543
ridge,y_XLE,17,2025-09-17,-0.003111452554746541,0.023217970159158347
ridge,y_XLE,18,2025-09-17,-0.003111452554746541,0.017609616484641048
ridge,y_XLE,16,2025-09-18,-0.013264989860671816,-0.009386321568554293
ridge,y_XLE,17,2025-09-18,-0.013264989860671816,0.01852500275961978
ridge,y_XLE,18,2025-09-18,-0.013264989860671816,0.006407417094650862
ridge,y_XLE,16,2025-09-22,0.017223692982490046,-0.00217257412413162
ridge,y_XLE,17,2025-09-22,0.017223692982490046,-0.002144682130189909
ridge,y_XLE,18,2025-09-22,0.017223692982490046,-0.003225004314165402
ridge,y_XLE,17,2025-09-23,0.013007366049357927,0.04003855612636939
ridge,y_XLE,18,2025-09-23,0.013007366049357927,0.04073594033741414
ridge,y_XLE,19,2025-09-23,0.013007366049357927,0.03677137338696344
ridge,y_XLE,17,2025-09-24,0.008966217413226785,-0.0899448935333659
ridge,y_XLE,18,2025-09-24,0.008966217413226785,-0.11615528094164977
ridge,y_XLE,19,2025-09-24,0.008966217413226785,-0.09865940860156988
ridge,y_XLE,17,2025-09-25,0.009215504136673935,0.0043822368446880654
ridge,y_XLE,18,2025-09-25,0.009215504136673935,0.005380991786984221
ridge,y_XLE,19,2025-09-25,0.009215504136673935,0.0048992803527607215
ridge,y_XLE,17,2025-09-29,-0.010631265357971653,0.015085147051825426
ridge,y_XLE,18,2025-09-29,-0.010631265357971653,0.015701632327977874
ridge,y_XLE,19,2025-09-29,-0.010631265357971653,0.008847943227059101
ridge,y_XLE,17,2025-09-30,0.0,-0.04364840715886103
ridge,y_XLE,18,2025-09-30,0.0,-0.03991245363864973
ridge,y_XLE,19,2025-09-30,0.0,-0.042708598106304105
ridge,y_XLE,17,2025-10-01,-0.010073812789187064,0.0603170761047344
ridge,y_XLE,18,2025-10-01,-0.010073812789187064,0.06294282473492842
ridge,y_XLE,19,2025-10-01,-0.010073812789187064,0.0592119676842069
ridge,y_XLE,17,2025-10-02,0.005314324507098567,0.0052175100928431835
ridge,y_XLE,18,2025-10-02,0.005314324507098567,-0.0005297855417092741
ridge,y_XLE,19,2025-10-02,0.005314324507098567,-0.011732857658508808
ridge,y_XLE,17,2025-10-06,0.0015668735967460101,-0.01805276613548846
ridge,y_XLE,18,2025-10-06,0.0015668735967460101,-0.018177195694124276
ridge,y_XLE,19,2025-10-06,0.0015668735967460101,-0.020792395124417787
ridge,y_XLE,17,2025-10-07,-0.005810674717000364,-0.017116885969180484
ridge,y_XLE,18,2025-10-07,-0.005810674717000364,-0.01424645520551321
ridge,y_XLE,19,2025-10-07,-0.005810674717000364,-0.01070332422296917
ridge,y_XLE,17,2025-10-08,-0.013600123152389787,-0.054400791015237315
ridge,y_XLE,18,2025-10-08,-0.013600123152389787,-0.039097627575779545
ridge,y_XLE,19,2025-10-08,-0.013600123152389787,-0.04789449432169034
ridge,y_XLE,17,2025-10-09,-0.028942577860294416,-0.002798014857127714
ridge,y_XLE,18,2025-10-09,-0.028942577860294416,0.00027538796852945963
ridge,y_XLE,19,2025-10-09,-0.028942577860294416,-0.0024899149807350238
ridge,y_XLE,18,2025-10-13,-0.00011571040935831611,-0.033634516524572944
ridge,y_XLE,19,2025-10-13,-0.00011571040935831611,-0.033023449048956884
ridge,y_XLE,20,2025-10-13,-0.00011571040935831611,-0.03829646764582562
ridge,y_XLE,18,2025-10-14,-0.0005788862595403899,0.006142542491634216
ridge,y_XLE,19,2025-10-14,-0.0005788862595403899,0.011385092568466612
ridge,y_XLE,20,2025-10-14,-0.0005788862595403899,0.011059923670199222
ridge,y_XLE,18,2025-10-15,-0.01204821854605409,0.07800165556645482
ridge,y_XLE,19,2025-10-15,-0.01204821854605409,0.07527778990022155
ridge,y_XLE,20,2025-10-15,-0.01204821854605409,0.08327146767173131
ridge,y_XLE,18,2025-10-16,0.008208264258199316,-0.007308912952525139
ridge,y_XLE,19,2025-10-16,0.008208264258199316,-0.0133166334527084
ridge,y_XLE,20,2025-10-16,0.008208264258199316,-0.024230420728183495
ridge,y_XLE,18,2025-10-20,-0.002301687549988718,0.012028388042337931
ridge,y_XLE,19,2025-10-20,-0.002301687549988718,0.013360380960444685
ridge,y_XLE,20,2025-10-20,-0.002301687549988718,0.016384745089468276
ridge,y_XLE,18,2025-10-21,0.012804226868249113,-0.006120648961228251
ridge,y_XLE,19,2025-10-21,0.012804226868249113,-0.007268374332279836
ridge,y_XLE,20,2025-10-21,0.012804226868249113,-0.005931865661248116
ridge,y_XLE,18,2025-10-22,0.013325735887206314,-0.009295125894920632
ridge,y_XLE,19,2025-10-22,0.013325735887206314,-0.010306590959517857
ridge,y_XLE,20,2025-10-22,0.013325735887206314,-0.020400371838623973
ridge,y_XLE,18,2025-10-23,-0.010115792650812083,-0.004102731659623304
ridge,y_XLE,19,2025-10-23,-0.010115792650812083,-0.003962962755219937
ridge,y_XLE,20,2025-10-23,-0.010115792650812083,-0.005224290405708551
ridge,y_XLE,18,2025-10-27,-0.0104213859841088,0.008903434218547931
ridge,y_XLE,19,2025-10-27,-0.0104213859841088,0.0070723706680814935
ridge,y_XLE,20,2025-10-27,-0.0104213859841088,0.008025692953616844
ridge,y_XLE,18,2025-10-28,0.0074405035835558575,0.04751644578057998
ridge,y_XLE,19,2025-10-28,0.0074405035835558575,0.05158731866251157
ridge,y_XLE,20,2025-10-28,0.0074405035835558575,0.05453305098951704
ridge,y_XLE,18,2025-10-29,-0.0059084760604517506,0.007455202240514625
ridge,y_XLE,19,2025-10-29,-0.0059084760604517506,0.0035351267078008964
ridge,y_XLE,20,2025-10-29,-0.0059084760604517506,-1.434700009497942e-05
ridge,y_XLE,18,2025-10-30,0.00731511775759186,-0.0049067866869875075
ridge,y_XLE,19,2025-10-30,0.00731511775759186,-0.007672190034791711
ridge,y_XLE,20,2025-10-30,0.00731511775759186,-0.005888183190336018
ridge,y_XLE,19,2025-11-03,-0.01077822607151302,0.021756974223527563
ridge,y_XLE,20,2025-11-03,-0.01077822607151302,0.02456739164332798
ridge,y_XLE,21,2025-11-03,-0.01077822607151302,0.021621773300720144
ridge,y_XLE,19,2025-11-04,0.0026378506639943566,0.020964138737601223
ridge,y_XLE,20,2025-11-04,0.0026378506639943566,0.015358650936947132
ridge,y_XLE,21,2025-11-04,0.0026378506639943566,0.01595575642121404
ridge,y_XLE,19,2025-11-05,0.009723129895660376,-0.040112588181491375
ridge,y_XLE,20,2025-11-05,0.009723129895660376,-0.040466422708275815
ridge,y_XLE,21,2025-11-05,0.009723129895660376,-0.042727367236624056
ridge,y_XLE,19,2025-11-06,0.014387722244566525,-0.02804198669020239
ridge,y_XLE,20,2025-11-06,0.014387722244566525,-0.02857177126368602
ridge,y_XLE,21,2025-11-06,0.014387722244566525,-0.031905916361668674
ridge,y_XLE,19,2025-11-10,0.01306034783763943,-0.015093193121399388
ridge,y_XLE,20,2025-11-10,0.01306034783763943,-0.009639499791376245
ridge,y_XLE,21,2025-11-10,0.01306034783763943,-0.00763015835948882
ridge,y_XLE,19,2025-11-11,-0.013984477309207488,-0.030637412412492866
ridge,y_XLE,20,2025-11-11,-0.013984477309207488,-0.041200346888031175
ridge,y_XLE,21,2025-11-11,-0.013984477309207488,-0.0475673369445418
ridge,y_XLE,19,2025-11-12,0.00254849750163344,-0.02833943466152105
ridge,y_XLE,20,2025-11-12,0.00254849750163344,-0.029353408994052445
ridge,y_XLE,21,2025-11-12,0.00254849750163344,-0.034236192553711534
ridge,y_XLE,19,2025-11-13,0.01702026914176491,0.042156505368281444
ridge,y_XLE,20,2025-11-13,0.01702026914176491,0.03880515906876525
ridge,y_XLE,21,2025-11-13,0.01702026914176491,0.038163510119288535
ridge,y_XLE,19,2025-11-17,0.007969876398522757,-0.009692901752943005
ridge,y_XLE,20,2025-11-17,0.007969876398522757,-0.007988719141862154
ridge,y_XLE,21,2025-11-17,0.007969876398522757,-0.00808315542505597
ridge,y_XLE,19,2025-11-18,-0.012958431654343183,5.696459511808898e-05
ridge,y_XLE,20,2025-11-18,-0.012958431654343183,8.04952665518601e-05
ridge,y_XLE,21,2025-11-18,-0.012958431654343183,0.000568675426113107
ridge,y_XLE,19,2025-11-19,-0.011348428330467009,0.01947580560037081
ridge,y_XLE,20,2025-11-19,-0.011348428330467009,0.019785168734773727
ridge,y_XLE,21,2025-11-19,-0.011348428330467009,0.018422788330201886
ridge,y_XLE,19,2025-11-20,0.006301968357415255,0.008896224763828356
ridge,y_XLE,20,2025-11-20,0.006301968357415255,0.012532831285393623
ridge,y_XLE,21,2025-11-20,0.006301968357415255,0.014657653505826372
ridge,y_XLE,20,2025-11-24,-0.006280060009136279,-0.010846668959771887
ridge,y_XLE,21,2025-11-24,-0.006280060009136279,-0.010711520465495778
ridge,y_XLE,22,2025-11-24,-0.006280060009136279,-0.01182107713544512
ridge,y_XLE,20,2025-11-25,0.007561138414377888,-0.008592773886044068
ridge,y_XLE,21,2025-11-25,0.007561138414377888,-0.00762949394016384
ridge,y_XLE,22,2025-11-25,0.007561138414377888,-0.006375246275049731
ridge,y_XLE,20,2025-12-01,-0.012921536948137136,-0.0029922645910705334
ridge,y_XLE,21,2025-12-01,-0.012921536948137136,-0.004360594752851965
ridge,y_XLE,22,2025-12-01,-0.012921536948137136,-0.0024278560820228615
ridge,y_XLE,20,2025-12-02,0.01874857874131597,0.021479283346057913
ridge,y_XLE,21,2025-12-02,0.01874857874131597,0.02646760001538986
ridge,y_XLE,22,2025-12-02,0.01874857874131597,0.019625126271755902
ridge,y_XLE,20,2025-12-03,0.004246976879925812,-0.023651072534805126
ridge,y_XLE,21,2025-12-03,0.004246976879925812,-0.02452127405298798
ridge,y_XLE,22,2025-12-03,0.004246976879925812,-0.021695798771610434
ridge,y_XLE,20,2025-12-04,-0.0041206335130897775,0.02140224647301254
ridge,y_XLE,21,2025-12-04,-0.0041206335130897775,0.0193725283498466
ridge,y_XLE,22,2025-12-04,-0.0041206335130897775,0.021874210965854447
ridge,y_XLE,20,2025-12-08,0.006164777024993073,-0.06537353759737957
ridge,y_XLE,21,2025-12-08,0.006164777024993073,-0.05481471420177043
ridge,y_XLE,22,2025-12-08,0.006164777024993073,-0.015340352856930436
ridge,y_XLE,20,2025-12-09,0.010503233386282451,-0.03492703256994609
ridge,y_XLE,21,2025-12-09,0.010503233386282451,-0.033957521435548366
ridge,y_XLE,22,2025-12-09,0.010503233386282451,-0.02636312186199561
ridge,y_XLE,20,2025-12-10,-0.00476394861227003,0.04862269555675827
ridge,y_XLE,21,2025-12-10,-0.00476394861227003,0.04761491634645076
ridge,y_XLE,22,2025-12-10,-0.00476394861227003,0.03843192189019402
ridge,y_XLE,20,2025-12-11,-0.00979114544548676,-0.04922473280024816
ridge,y_XLE,21,2025-12-11,-0.00979114544548676,-0.043397882968490245
ridge,y_XLE,22,2025-12-11,-0.00979114544548676,-0.04308723935262266
ridge,y_XLE,21,2025-12-15,-0.030537727268973525,0.055572665871133284
ridge,y_XLE,22,2025-12-15,-0.030537727268973525,0.06201093481649266
ridge,y_XLE,23,2025-12-15,-0.030537727268973525,0.058148308978592786
ridge,y_XLE,21,2025-12-16,0.022141025679304427,0.023707820352863625
ridge,y_XLE,22,2025-12-16,0.022141025679304427,0.019713736994918716
ridge,y_XLE,23,2025-12-16,0.022141025679304427,0.02120470427167759
ridge,y_XLE,21,2025-12-17,-0.014515376317443485,0.041862505107994635
ridge,y_XLE,22,2025-12-17,-0.014515376317443485,0.03585115952445546
ridge,y_XLE,23,2025-12-17,-0.014515376317443485,0.03856372076386951
ridge,y_XLE,21,2025-12-18,0.0,-0.006437907868257272
ridge,y_XLE,22,2025-12-18,0.0,-0.002654123213300286
ridge,y_XLE,23,2025-12-18,0.0,-0.011143125132896626
ridge,y_XLE,21,2025-12-23,-0.002921372317196247,0.03338573175322018
ridge,y_XLE,22,2025-12-23,-0.002921372317196247,0.024805951739412982
ridge,y_XLE,23,2025-12-23,-0.002921372317196247,0.019145821594511635
ridge,y_XLE,21,2025-12-29,0.007619904991636561,-0.006451092542160638
ridge,y_XLE,22,2025-12-29,0.007619904991636561,-0.007153858047322708
ridge,y_XLE,23,2025-12-29,0.007619904991636561,-0.006845275041943733
ridge,y_XLE,21,2025-12-30,-0.0055604983338698455,0.008219280159829374
ridge,y_XLE,22,2025-12-30,-0.0055604983338698455,0.005231532020755785
ridge,y_XLE,23,2025-12-30,-0.0055604983338698455,0.0052943324566194225
ridge,y_XLE,22,2026-01-05,-0.0266581364101266,-0.027815361326014507
ridge,y_XLE,23,2026-01-05,-0.0266581364101266,-0.03207229855564196
ridge,y_XLE,24,2026-01-05,-0.0266581364101266,-0.04040108025949598
ridge,y_XLE,22,2026-01-06,-0.011174371786886517,0.03340286443831241
ridge,y_XLE,23,2026-01-06,-0.011174371786886517,0.03592722757475445
ridge,y_XLE,24,2026-01-06,-0.011174371786886517,0.030915828506955855
ridge,y_XLE,22,2026-01-07,0.03146461633807829,-0.011877519053134805
ridge,y_XLE,23,2026-01-07,0.03146461633807829,-0.013064683312176487
ridge,y_XLE,24,2026-01-07,0.03146461633807829,-0.00823092637724849
ridge,y_XLE,22,2026-01-08,0.0025778503512676743,0.016808714425781197
ridge,y_XLE,23,2026-01-08,0.0025778503512676743,0.01826838109955457
ridge,y_XLE,24,2026-01-08,0.0025778503512676743,0.01436288205080178
ridge,y_XLE,22,2026-01-12,0.014242551688365745,-0.004191665046641286
ridge,y_XLE,23,2026-01-12,0.014242551688365745,-0.0044349801118514385
ridge,y_XLE,24,2026-01-12,0.014242551688365745,-0.0012520053999455763
ridge,y_XLE,22,2026-01-13,0.022553220708319444,0.026914855839120122
ridge,y_XLE,23,2026-01-13,0.022553220708319444,0.02635186923620063
ridge,y_XLE,24,2026-01-13,0.022553220708319444,0.022725714826355756
ridge,y_XLE,22,2026-01-14,-0.009363311487326276,-0.015603278930877906
ridge,y_XLE,23,2026-01-14,-0.009363311487326276,-0.015444832197066268
ridge,y_XLE,24,2026-01-14,-0.009363311487326276,-0.01651544160188507
ridge,y_XLE,22,2026-01-15,0.0016802775747082332,-0.03348541004876474
ridge,y_XLE,23,2026-01-15,0.0016802775747082332,-0.034826611915860124
ridge,y_XLE,24,2026-01-15,0.0016802775747082332,-0.03376167263414697
ridge,y_XLE,22,2026-01-21,0.0032820481520432487,-1.2653919944383965e-05
ridge,y_XLE,23,2026-01-21,0.0032820481520432487,-0.00030523375594759795
ridge,y_XLE,24,2026-01-21,0.0032820481520432487,0.0004286373296368641
ridge,y_XLE,22,2026-01-22,0.005724775713972674,0.006277503515380555
ridge,y_XLE,23,2026-01-22,0.005724775713972674,0.005045397785283787
ridge,y_XLE,24,2026-01-22,0.005724775713972674,0.0086036054529206
ridge,y_XLE,23,2026-01-26,0.009142562720069636,0.014579928343245114
ridge,y_XLE,24,2026-01-26,0.009142562720069636,0.012191982490679558
ridge,y_XLE,23,2026-01-27,0.007650515041750516,0.00745902546886294
ridge,y_XLE,24,2026-01-27,0.007650515041750516,-0.003917059602082402
ridge,y_XLE,23,2026-01-28,0.009190791038654833,-0.018337899352831324
ridge,y_XLE,24,2026-01-28,0.009190791038654833,-0.013483055998141879
ridge,y_XLE,23,2026-01-29,0.010690970767606167,0.06001035105174348
ridge,y_XLE,24,2026-01-29,0.010690970767606167,0.06277073314187002
ridge,y_XLE,23,2026-02-02,0.03236761152006573,-0.05736271808828607
ridge,y_XLE,24,2026-02-02,0.03236761152006573,-0.06070037264688127
ridge,y_XLE,23,2026-02-03,0.022450236176059235,-0.008623062051392988
ridge,y_XLE,24,2026-02-03,0.022450236176059235,-0.0029102538919010368
ridge,y_XLE,23,2026-02-04,-0.01173580778143335,-0.028833990614013073
ridge,y_XLE,24,2026-02-04,-0.01173580778143335,-0.02777201510774341
ridge,y_XLE,23,2026-02-05,0.01991957352545981,0.020865745900589473
ridge,y_XLE,24,2026-02-05,0.01991957352545981,0.026257640150944835
ridge,y_XLE,23,2026-02-09,-0.0011185227307315415,0.003531496817883664
ridge,y_XLE,24,2026-02-09,-0.0011185227307315415,0.0004451800018964103
ridge,y_XLE,23,2026-02-10,0.02612910905818988,-0.008366852767998976
ridge,y_XLE,24,2026-02-10,0.02612910905818988,-0.00669443417115438
ridge,y_XLE,23,2026-02-11,-0.018188432308585023,0.03182712471563415
ridge,y_XLE,24,2026-02-11,-0.018188432308585023,0.03336696596083326
ridge,y_XLE,23,2026-02-12,0.006854370785891906,0.002409967093727541
ridge,y_XLE,24,2026-02-12,0.006854370785891906,0.006574345672151228
ridge,y_XLE,24,2026-02-17,0.019162767986918627,-0.008215852861972956
ridge,y_XLE,24,2026-02-18,0.0073019630301647265,0.012600697940551001
ridge,y_XLE,24,2026-02-19,-0.00543673859009397,-0.003663493396365163
ridge,y_XLE,24,2026-02-23,-0.0009066736241948314,0.029604716450523053
ridge,y_XLE,24,2026-02-24,-0.004174220482861646,-0.004145645546652038
ridge,y_XLE,24,2026-02-25,0.0032804867628890566,-0.04158040915980162
ridge,y_XLE,24,2026-02-26,0.015803795530283438,-0.02140867403663644
ridge,y_XLE,24,2026-03-02,-0.009116417416152545,0.022312736385342362
ridge,y_XLE,24,2026-03-03,-0.005838673538251293,0.05392761922385409
ridge,y_XLE,24,2026-03-04,0.005161077106513812,0.05464563137530373
ridge,y_XLE,24,2026-03-05,0.0015934871338054712,0.0014087250196341676
ridge,y_XLF,0,2024-08-05,0.0161606878396221,-0.006683014891471634
ridge,y_XLF,0,2024-08-06,0.0012048322924362864,-0.012318295811177382
ridge,y_XLF,0,2024-08-07,0.016125286877605394,0.01132440443806126
ridge,y_XLF,0,2024-08-08,0.004263372310600477,0.02121415255453161
ridge,y_XLF,0,2024-08-12,0.008297861643032256,0.02130531063979906
ridge,y_XLF,0,2024-08-13,0.012226667001537628,-0.042693440255408756
ridge,y_XLF,0,2024-08-14,0.009291621612003365,-0.007980785176041595
ridge,y_XLF,0,2024-08-15,0.007364560692824762,-0.002953207864499259
ridge,y_XLF,0,2024-08-19,-0.003181147354894498,-0.00014156384220032612
ridge,y_XLF,0,2024-08-20,-0.0015955163812568784,-0.044435181043187735
ridge,y_XLF,0,2024-08-21,0.00570773502274724,0.052540633895015496
ridge,y_XLF,0,2024-08-22,0.008626600766895587,0.0022999914022245535
ridge,y_XLF,0,2024-08-26,0.005160512944490714,0.022926387030072607
ridge,y_XLF,1,2024-08-26,0.005160512944490714,0.021835869920180082
ridge,y_XLF,0,2024-08-27,0.0024553662330537573,0.01244236355400531
ridge,y_XLF,1,2024-08-27,0.0024553662330537573,0.01732405963609708
ridge,y_XLF,0,2024-08-28,0.008906624709021704,-0.004412356109857554
ridge,y_XLF,1,2024-08-28,0.008906624709021704,-0.011723276400331724
ridge,y_XLF,0,2024-08-29,0.009490316227723117,-0.02277716992061417
ridge,y_XLF,1,2024-08-29,0.009490316227723117,-0.021004076714851272
ridge,y_XLF,0,2024-09-03,0.0011014193686660345,-0.003178654602415119
ridge,y_XLF,1,2024-09-03,0.0011014193686660345,-0.008638485626921412
ridge,y_XLF,0,2024-09-04,-0.011001132286602266,0.0222651154618361
ridge,y_XLF,1,2024-09-04,-0.011001132286602266,0.0221042778109028
ridge,y_XLF,0,2024-09-05,-0.014683034920579874,0.010551652685964393
ridge,y_XLF,1,2024-09-05,-0.014683034920579874,0.017058917363564446
ridge,y_XLF,0,2024-09-09,-0.010233598862143256,0.035600140811750794
ridge,y_XLF,1,2024-09-09,-0.010233598862143256,0.04259251499420816
ridge,y_XLF,0,2024-09-10,-0.004720195099177649,0.03523948139289254
ridge,y_XLF,1,2024-09-10,-0.004720195099177649,0.032809247000340276
ridge,y_XLF,0,2024-09-11,0.0022584683318331855,0.01475144274844113
ridge,y_XLF,1,2024-09-11,0.0022584683318331855,-0.0009674115009509886
ridge,y_XLF,0,2024-09-12,0.0029291381520903936,0.0491356431205972
ridge,y_XLF,1,2024-09-12,0.0029291381520903936,0.042314890821508716
ridge,y_XLF,2,2024-09-12,0.0029291381520903936,0.04540983039729352
ridge,y_XLF,0,2024-09-16,0.005322675762467366,-0.07161737464067956
ridge,y_XLF,1,2024-09-16,0.005322675762467366,-0.05706934341403631
ridge,y_XLF,2,2024-09-16,0.005322675762467366,-0.07077839347850906
ridge,y_XLF,0,2024-09-17,-0.003088512681581168,0.001993347898389163
ridge,y_XLF,1,2024-09-17,-0.003088512681581168,-0.00040162899877037935
ridge,y_XLF,2,2024-09-17,-0.003088512681581168,0.003499865041707675
ridge,y_XLF,0,2024-09-18,0.011064341364667163,0.04875294268818395
ridge,y_XLF,1,2024-09-18,0.011064341364667163,0.04671842976761778
ridge,y_XLF,2,2024-09-18,0.011064341364667163,0.04430357702455774
ridge,y_XLF,0,2024-09-19,-0.0006565547284226314,-0.005295762399795527
ridge,y_XLF,1,2024-09-19,-0.0006565547284226314,-0.013443287444586914
ridge,y_XLF,2,2024-09-19,-0.0006565547284226314,-0.027560522853590896
ridge,y_XLF,0,2024-09-23,-0.008362584441980458,-0.01946139200435599
ridge,y_XLF,1,2024-09-23,-0.008362584441980458,-0.01772062990960978
ridge,y_XLF,2,2024-09-23,-0.008362584441980458,-0.01732554466617297
ridge,y_XLF,0,2024-09-24,-0.005992110055111022,0.008360625810486523
ridge,y_XLF,1,2024-09-24,-0.005992110055111022,0.00026468103268678075
ridge,y_XLF,2,2024-09-24,-0.005992110055111022,0.001150646600535697
ridge,y_XLF,0,2024-09-25,0.005135080195465047,0.01702286296980299
ridge,y_XLF,1,2024-09-25,0.005135080195465047,0.01742466094183592
ridge,y_XLF,2,2024-09-25,0.005135080195465047,0.01480838959763751
ridge,y_XLF,0,2024-09-26,0.0028875897745084256,-0.03964835510590646
ridge,y_XLF,1,2024-09-26,0.0028875897745084256,-0.03230921251521135
ridge,y_XLF,2,2024-09-26,0.0028875897745084256,-0.03224555453188198
ridge,y_XLF,0,2024-09-30,-0.005295554163467275,-0.01826735183263107
ridge,y_XLF,1,2024-09-30,-0.005295554163467275,-0.015662041297657105
ridge,y_XLF,2,2024-09-30,-0.005295554163467275,-0.017522621704821092
ridge,y_XLF,0,2024-10-01,0.0011091066426889284,0.0069595184159860456
ridge,y_XLF,1,2024-10-01,0.0011091066426889284,0.0033334687493243908
ridge,y_XLF,2,2024-10-01,0.0011091066426889284,-0.0036333392044638705
ridge,y_XLF,0,2024-10-02,-0.005318106496225106,0.04924173192549477
ridge,y_XLF,1,2024-10-02,-0.005318106496225106,0.037749081702961505
ridge,y_XLF,2,2024-10-02,-0.005318106496225106,0.04695548315454862
ridge,y_XLF,0,2024-10-03,0.016930349352157537,-0.011646289659595466
ridge,y_XLF,1,2024-10-03,0.016930349352157537,-0.015365214614140815
ridge,y_XLF,2,2024-10-03,0.016930349352157537,-0.02005754213329683
ridge,y_XLF,1,2024-10-07,0.0057662135344236365,0.01758906921787001
ridge,y_XLF,2,2024-10-07,0.0057662135344236365,0.015149204713718112
ridge,y_XLF,3,2024-10-07,0.0057662135344236365,-0.0009785970229890045
ridge,y_XLF,1,2024-10-08,0.009261302994275189,0.01896316751968203
ridge,y_XLF,2,2024-10-08,0.009261302994275189,0.024807059541533883
ridge,y_XLF,3,2024-10-08,0.009261302994275189,0.01158888316132147
ridge,y_XLF,1,2024-10-09,-0.0030587161997305268,0.03505724024057495
ridge,y_XLF,2,2024-10-09,-0.0030587161997305268,0.03450348589747891
ridge,y_XLF,3,2024-10-09,-0.0030587161997305268,0.03470358755513169
ridge,y_XLF,1,2024-10-10,0.01928548377746675,0.0004379013178205349
ridge,y_XLF,2,2024-10-10,0.01928548377746675,-0.00010692339511903751
ridge,y_XLF,3,2024-10-10,0.01928548377746675,-0.00038936204132388277
ridge,y_XLF,1,2024-10-14,0.0021367725314549446,-0.003212081202331663
ridge,y_XLF,2,2024-10-14,0.0021367725314549446,-0.005361840598706322
ridge,y_XLF,3,2024-10-14,0.0021367725314549446,-0.005892739864105545
ridge,y_XLF,1,2024-10-15,0.01236668988404288,-0.010067572014752328
ridge,y_XLF,2,2024-10-15,0.01236668988404288,-0.018535193242581727
ridge,y_XLF,3,2024-10-15,0.01236668988404288,-0.016647951855459215
ridge,y_XLF,1,2024-10-16,0.002738062056794943,-0.001320945017164727
ridge,y_XLF,2,2024-10-16,0.002738062056794943,-0.001220560409101117
ridge,y_XLF,3,2024-10-16,0.002738062056794943,-0.006172771459204604
ridge,y_XLF,1,2024-10-17,0.00021008269670819146,-0.0019149494851123429
ridge,y_XLF,2,2024-10-17,0.00021008269670819146,-0.003843482951991257
ridge,y_XLF,3,2024-10-17,0.00021008269670819146,0.0029171994127884407
ridge,y_XLF,1,2024-10-21,-0.0019051420169492461,-0.087439319862113
ridge,y_XLF,2,2024-10-21,-0.0019051420169492461,-0.08975159416079867
ridge,y_XLF,3,2024-10-21,-0.0019051420169492461,-0.07192206723951186
ridge,y_XLF,1,2024-10-22,-0.00084836431192159,-0.02728983057240216
ridge,y_XLF,2,2024-10-22,-0.00084836431192159,-0.02396770959995172
ridge,y_XLF,3,2024-10-22,-0.00084836431192159,-0.03148055725084551
ridge,y_XLF,1,2024-10-23,0.0008490846450321943,0.06105201680109252
ridge,y_XLF,2,2024-10-23,0.0008490846450321943,0.06187004278190855
ridge,y_XLF,3,2024-10-23,0.0008490846450321943,0.049828929863560426
ridge,y_XLF,1,2024-10-24,-0.01102865367351713,0.05082975601453878
ridge,y_XLF,2,2024-10-24,-0.01102865367351713,0.04939035780820904
ridge,y_XLF,3,2024-10-24,-0.01102865367351713,0.0627096359928331
ridge,y_XLF,2,2024-10-28,-0.006142865875948478,-0.23871306780011747
ridge,y_XLF,3,2024-10-28,-0.006142865875948478,-0.1532789443141347
ridge,y_XLF,4,2024-10-28,-0.006142865875948478,-0.14375269341421487
ridge,y_XLF,2,2024-10-29,0.0044757876980701106,0.05775013414604515
ridge,y_XLF,3,2024-10-29,0.0044757876980701106,0.03659217573219277
ridge,y_XLF,4,2024-10-29,0.0044757876980701106,0.030951142491390075
ridge,y_XLF,2,2024-10-30,-0.01379164780360631,0.0337347547872116
ridge,y_XLF,3,2024-10-30,-0.01379164780360631,0.04832442354525029
ridge,y_XLF,4,2024-10-30,-0.01379164780360631,0.05347401157116397
ridge,y_XLF,2,2024-10-31,0.003442373586451497,-0.10011427432168518
ridge,y_XLF,3,2024-10-31,0.003442373586451497,-0.11462406181001017
ridge,y_XLF,4,2024-10-31,0.003442373586451497,-0.10282884151556144
ridge,y_XLF,2,2024-11-04,0.009291317461362025,-0.007436714448838239
ridge,y_XLF,3,2024-11-04,0.009291317461362025,-0.011925059111096273
ridge,y_XLF,4,2024-11-04,0.009291317461362025,-0.017557704102012107
ridge,y_XLF,2,2024-11-05,0.06080076504890708,0.0062490082963984435
ridge,y_XLF,3,2024-11-05,0.06080076504890708,0.010901142043915912
ridge,y_XLF,4,2024-11-05,0.06080076504890708,0.006906802922755216
ridge,y_XLF,2,2024-11-06,-0.0161453034983583,-0.03098109411187424
ridge,y_XLF,3,2024-11-06,-0.0161453034983583,-0.024275731089142386
ridge,y_XLF,4,2024-11-06,-0.0161453034983583,-0.02512351234318118
ridge,y_XLF,2,2024-11-07,0.009025487210978289,0.014275176252136972
ridge,y_XLF,3,2024-11-07,0.009025487210978289,0.018914800649240667
ridge,y_XLF,4,2024-11-07,0.009025487210978289,0.014917565276307523
ridge,y_XLF,2,2024-11-11,-0.0030066042990463115,0.0055902537034347825
ridge,y_XLF,3,2024-11-11,-0.0030066042990463115,0.0017847854672551414
ridge,y_XLF,4,2024-11-11,-0.0030066042990463115,0.021866110746658243
ridge,y_XLF,2,2024-11-12,0.000603181100908623,0.027349011717383815
ridge,y_XLF,3,2024-11-12,0.000603181100908623,0.02227582472800734
ridge,y_XLF,4,2024-11-12,0.000603181100908623,0.030590548935142816
ridge,y_XLF,2,2024-11-13,-0.00261200101614234,-0.0012325966305675468
ridge,y_XLF,3,2024-11-13,-0.00261200101614234,-0.0035946257866391585
ridge,y_XLF,4,2024-11-13,-0.00261200101614234,0.004799291860677063
ridge,y_XLF,2,2024-11-14,0.0046332866890350655,0.02286048587831155
ridge,y_XLF,3,2024-11-14,0.0046332866890350655,-0.012048356483367465
ridge,y_XLF,4,2024-11-14,0.0046332866890350655,-0.0530429712112014
ridge,y_XLF,3,2024-11-18,-0.006597617182428128,-0.04510555112530666
ridge,y_XLF,4,2024-11-18,-0.006597617182428128,-0.04306780638327636
ridge,y_XLF,5,2024-11-18,-0.006597617182428128,-0.017374568166936624
ridge,y_XLF,3,2024-11-19,-0.0030185497562764674,0.028998549130564693
ridge,y_XLF,4,2024-11-19,-0.0030185497562764674,0.006488677797754462
ridge,y_XLF,5,2024-11-19,-0.0030185497562764674,0.10395506844134811
ridge,y_XLF,3,2024-11-20,0.012716999405360863,-0.002214636817372544
ridge,y_XLF,4,2024-11-20,0.012716999405360863,-0.019540544639803314
ridge,y_XLF,5,2024-11-20,0.012716999405360863,-0.007739299838971957
ridge,y_XLF,3,2024-11-21,0.011162077474515586,0.05026359895238518
ridge,y_XLF,4,2024-11-21,0.011162077474515586,0.04340044002596248
ridge,y_XLF,5,2024-11-21,0.011162077474515586,0.03817202959562596
ridge,y_XLF,3,2024-11-25,0.001958346547842771,-0.00866041927332414
ridge,y_XLF,4,2024-11-25,0.001958346547842771,-0.009657980690720026
ridge,y_XLF,5,2024-11-25,0.001958346547842771,-0.009923034548710038
ridge,y_XLF,3,2024-11-26,0.0019546707710322853,0.04231826044088998
ridge,y_XLF,4,2024-11-26,0.0019546707710322853,0.05990458476508584
ridge,y_XLF,5,2024-11-26,0.0019546707710322853,0.05436387709671337
ridge,y_XLF,3,2024-12-02,-0.0074760464589000986,-0.026450269082078988
ridge,y_XLF,4,2024-12-02,-0.0074760464589000986,-0.02071726948580581
ridge,y_XLF,5,2024-12-02,-0.0074760464589000986,-0.02716000603607823
ridge,y_XLF,3,2024-12-03,-0.003766179361327837,0.06692738699992319
ridge,y_XLF,4,2024-12-03,-0.003766179361327837,0.06476885148616703
ridge,y_XLF,5,2024-12-03,-0.003766179361327837,0.05049504169879867
ridge,y_XLF,3,2024-12-04,0.0029845479431558353,0.00844152074645214
ridge,y_XLF,4,2024-12-04,0.0029845479431558353,0.00818637571645562
ridge,y_XLF,5,2024-12-04,0.0029845479431558353,0.0039159663567824915
ridge,y_XLF,3,2024-12-05,-0.00019833669943225551,-0.003459402229285488
ridge,y_XLF,4,2024-12-05,-0.00019833669943225551,-0.0071089795035577
ridge,y_XLF,5,2024-12-05,-0.00019833669943225551,-0.010611374397477783
ridge,y_XLF,4,2024-12-09,-0.00020112960763774002,0.00233630601084511
ridge,y_XLF,5,2024-12-09,-0.00020112960763774002,0.00633373393015386
ridge,y_XLF,6,2024-12-09,-0.00020112960763774002,0.013911324117142342
ridge,y_XLF,4,2024-12-10,0.0020120133075485214,0.012639588337832668
ridge,y_XLF,5,2024-12-10,0.0020120133075485214,0.014608526661804653
ridge,y_XLF,6,2024-12-10,0.0020120133075485214,0.01889396003606157
ridge,y_XLF,4,2024-12-11,-0.004417556724619964,-0.007594949764275365
ridge,y_XLF,5,2024-12-11,-0.004417556724619964,-0.008129783820041916
ridge,y_XLF,6,2024-12-11,-0.004417556724619964,-0.01004128266171121
ridge,y_XLF,4,2024-12-12,-0.0008068628547025503,-0.008602390932793379
ridge,y_XLF,5,2024-12-12,-0.0008068628547025503,-0.006175749818872635
ridge,y_XLF,6,2024-12-12,-0.0008068628547025503,-0.0019037340062834209
ridge,y_XLF,4,2024-12-16,-0.00707796213320111,-0.007319034959156163
ridge,y_XLF,5,2024-12-16,-0.00707796213320111,0.007997958883245768
ridge,y_XLF,6,2024-12-16,-0.00707796213320111,-0.0010046195675291083
ridge,y_XLF,4,2024-12-17,-0.029938907534605597,0.007691382993491797
ridge,y_XLF,5,2024-12-17,-0.029938907534605597,0.007235068834935581
ridge,y_XLF,6,2024-12-17,-0.029938907534605597,0.008019685979301904
ridge,y_XLF,4,2024-12-18,0.003569172222957606,0.007032279217283304
ridge,y_XLF,5,2024-12-18,0.003569172222957606,0.005043637720334435
ridge,y_XLF,6,2024-12-18,0.003569172222957606,0.007071195261488021
ridge,y_XLF,4,2024-12-19,0.014853575814645747,0.024588725461881428
ridge,y_XLF,5,2024-12-19,0.014853575814645747,0.030436772099846233
ridge,y_XLF,6,2024-12-19,0.014853575814645747,0.033108792622662836
ridge,y_XLF,4,2024-12-23,0.011772001279358735,-0.0032785518032772383
ridge,y_XLF,5,2024-12-23,0.011772001279358735,-0.0022533880201247155
ridge,y_XLF,6,2024-12-23,0.011772001279358735,0.0004916205016083223
ridge,y_XLF,4,2024-12-26,-0.007330453531055103,-0.01315814351078055
ridge,y_XLF,5,2024-12-26,-0.007330453531055103,-0.0067754668053738145
ridge,y_XLF,6,2024-12-26,-0.007330453531055103,-0.009510349503017426
ridge,y_XLF,5,2024-12-30,0.0010357638548137427,0.0027461159219863774
ridge,y_XLF,6,2024-12-30,0.0010357638548137427,0.0050124455946197605
ridge,y_XLF,7,2024-12-30,0.0010357638548137427,0.014398810906168144
ridge,y_XLF,5,2025-01-02,0.007882240065106627,0.0020631729943142944
ridge,y_XLF,6,2025-01-02,0.007882240065106627,0.0022108499041659617
ridge,y_XLF,7,2025-01-02,0.007882240065106627,0.004055183387560655
ridge,y_XLF,5,2025-01-06,-0.0022707704754005853,0.01560540419227541
ridge,y_XLF,6,2025-01-06,-0.0022707704754005853,0.001829596830234737
ridge,y_XLF,7,2025-01-06,-0.0022707704754005853,-0.0005930798093195459
ridge,y_XLF,5,2025-01-07,0.0033105507388897504,0.007156646072891898
ridge,y_XLF,6,2025-01-07,0.0033105507388897504,0.0021810261214736896
ridge,y_XLF,7,2025-01-07,0.0033105507388897504,0.0032334195122241264
ridge,y_XLF,5,2025-01-13,0.012379450030173045,-0.007521462192395024
ridge,y_XLF,6,2025-01-13,0.012379450030173045,-0.011698058992585992
ridge,y_XLF,7,2025-01-13,0.012379450030173045,0.01024007529843123
ridge,y_XLF,5,2025-01-14,0.02549223359473185,-0.004701507979409338
ridge,y_XLF,6,2025-01-14,0.02549223359473185,-0.0049175269792179075
ridge,y_XLF,7,2025-01-14,0.02549223359473185,0.00260491010544835
ridge,y_XLF,5,2025-01-15,0.006669360884182796,0.002408205531430551
ridge,y_XLF,6,2025-01-15,0.006669360884182796,0.015501529982116596
ridge,y_XLF,7,2025-01-15,0.006669360884182796,-0.03543265214420752
ridge,y_XLF,5,2025-01-16,0.008432111755182214,-0.03739714804732539
ridge,y_XLF,6,2025-01-16,0.008432111755182214,-0.03840137902771208
ridge,y_XLF,7,2025-01-16,0.008432111755182214,-0.03678104628666685
ridge,y_XLF,6,2025-01-21,-0.004738407106839371,-0.0020266782095293744
ridge,y_XLF,7,2025-01-21,-0.004738407106839371,-0.005662643187205675
ridge,y_XLF,8,2025-01-21,-0.004738407106839371,-0.004380871936037092
ridge,y_XLF,6,2025-01-22,0.005752888874157369,-0.05228733360656796
ridge,y_XLF,7,2025-01-22,0.005752888874157369,-0.03185184222849297
ridge,y_XLF,8,2025-01-22,0.005752888874157369,-0.02808012305639563
ridge,y_XLF,6,2025-01-23,0.002958440622578662,-0.03077969123182386
ridge,y_XLF,7,2025-01-23,0.002958440622578662,-0.044525309027167635
ridge,y_XLF,8,2025-01-23,0.002958440622578662,-0.04077404860843093
ridge,y_XLF,6,2025-01-27,-0.0017506251775999404,0.03052879551644243
ridge,y_XLF,7,2025-01-27,-0.0017506251775999404,0.02553639058438314
ridge,y_XLF,8,2025-01-27,-0.0017506251775999404,0.027395571822521517
ridge,y_XLF,6,2025-01-28,-0.0007794368549881581,0.0029408331192216086
ridge,y_XLF,7,2025-01-28,-0.0007794368549881581,0.002817105922897041
ridge,y_XLF,8,2025-01-28,-0.0007794368549881581,0.0044370181528359896
ridge,y_XLF,6,2025-01-29,0.009555285433661798,0.04807169942205017
ridge,y_XLF,7,2025-01-29,0.009555285433661798,0.05801672385042708
ridge,y_XLF,8,2025-01-29,0.009555285433661798,0.04642654329853891
ridge,y_XLF,6,2025-01-30,-0.005794814424435635,-0.08325885592172803
ridge,y_XLF,7,2025-01-30,-0.005794814424435635,-0.0756974787009495
ridge,y_XLF,8,2025-01-30,-0.005794814424435635,-0.06529347537036986
ridge,y_XLF,6,2025-02-03,-0.0023408968810174624,-0.016533598635438462
ridge,y_XLF,7,2025-02-03,-0.0023408968810174624,-0.016074524089341402
ridge,y_XLF,8,2025-02-03,-0.0023408968810174624,-0.013851328380138224
ridge,y_XLF,6,2025-02-04,0.010559206704938262,-0.11325109211092955
ridge,y_XLF,7,2025-02-04,0.010559206704938262,-0.09360593765708343
ridge,y_XLF,8,2025-02-04,0.010559206704938262,-0.09250749409031843
ridge,y_XLF,6,2025-02-05,0.008320466889144562,-0.0005502318378945215
ridge,y_XLF,7,2025-02-05,0.008320466889144562,0.011704357964873255
ridge,y_XLF,8,2025-02-05,0.008320466889144562,0.011008493961053103
ridge,y_XLF,6,2025-02-06,-0.005565210807994325,0.12436056379921256
ridge,y_XLF,7,2025-02-06,-0.005565210807994325,0.07360878769834109
ridge,y_XLF,8,2025-02-06,-0.005565210807994325,0.08560725599702784
ridge,y_XLF,7,2025-02-10,0.0025286975308049797,0.023270631702355247
ridge,y_XLF,8,2025-02-10,0.0025286975308049797,0.02103191463969554
ridge,y_XLF,9,2025-02-10,0.0025286975308049797,0.018691806038999514
ridge,y_XLF,7,2025-02-11,-0.003492419083686138,-0.0461973444476407
ridge,y_XLF,8,2025-02-11,-0.003492419083686138,-0.03686837066444089
ridge,y_XLF,9,2025-02-11,-0.003492419083686138,-0.02963591482309865
ridge,y_XLF,7,2025-02-12,0.00661990273890245,-0.02296356501269093
ridge,y_XLF,8,2025-02-12,0.00661990273890245,-0.02795179826797231
ridge,y_XLF,9,2025-02-12,0.00661990273890245,-0.031366176672543516
ridge,y_XLF,7,2025-02-13,0.0019342698376372258,-0.07204991983741987
ridge,y_XLF,8,2025-02-13,0.0019342698376372258,-0.10177869825581287
ridge,y_XLF,9,2025-02-13,0.0019342698376372258,-0.11463970477793653
ridge,y_XLF,7,2025-02-18,0.00038336880724254563,0.1872122156780092
ridge,y_XLF,8,2025-02-18,0.00038336880724254563,0.19540496551199033
ridge,y_XLF,9,2025-02-18,0.00038336880724254563,0.1997852125756632
ridge,y_XLF,7,2025-02-19,-0.015328579237629314,-0.04621651883649015
ridge,y_XLF,8,2025-02-19,-0.015328579237629314,-0.049938770713554195
ridge,y_XLF,9,2025-02-19,-0.015328579237629314,-0.03757105137625621
ridge,y_XLF,7,2025-02-20,-0.012453776918368908,-0.017137038275647682
ridge,y_XLF,8,2025-02-20,-0.012453776918368908,-0.016308063475712613
ridge,y_XLF,9,2025-02-20,-0.012453776918368908,-0.01662629505012049
ridge,y_XLF,7,2025-02-24,-0.00019615934421923775,-0.03875764971367025
ridge,y_XLF,8,2025-02-24,-0.00019615934421923775,-0.04798723847926103
ridge,y_XLF,9,2025-02-24,-0.00019615934421923775,-0.030981795523648555
ridge,y_XLF,7,2025-02-25,-0.002158555625727976,0.007159680661751232
ridge,y_XLF,8,2025-02-25,-0.002158555625727976,0.010456019909042153
ridge,y_XLF,9,2025-02-25,-0.002158555625727976,0.007721903710510452
ridge,y_XLF,7,2025-02-26,0.005506563950493204,0.04521825775449621
ridge,y_XLF,8,2025-02-26,0.005506563950493204,0.03520158515574348
ridge,y_XLF,9,2025-02-26,0.005506563950493204,0.03755080282501028
ridge,y_XLF,7,2025-02-27,0.02053575372981231,-0.03142744610041382
ridge,y_XLF,8,2025-02-27,0.02053575372981231,-0.025643274894115282
ridge,y_XLF,9,2025-02-27,0.02053575372981231,-0.01825505266746808
ridge,y_XLF,8,2025-03-03,-0.03517589404733923,-0.0019889561488786577
ridge,y_XLF,9,2025-03-03,-0.03517589404733923,-0.005394510001251618
ridge,y_XLF,10,2025-03-03,-0.03517589404733923,-0.003695087695856535
ridge,y_XLF,8,2025-03-04,0.005809202445479,-0.04718207866158208
ridge,y_XLF,9,2025-03-04,0.005809202445479,-0.04567587279753133
ridge,y_XLF,10,2025-03-04,0.005809202445479,-0.042990596370638796
ridge,y_XLF,8,2025-03-05,-0.016530514649694128,-0.02777933531220296
ridge,y_XLF,9,2025-03-05,-0.016530514649694128,-0.02365892773879711
ridge,y_XLF,10,2025-03-05,-0.016530514649694128,-0.02266645772993776
ridge,y_XLF,8,2025-03-06,-0.0052652249052556055,-0.010471174570175192
ridge,y_XLF,9,2025-03-06,-0.0052652249052556055,-0.02439534951463987
ridge,y_XLF,10,2025-03-06,-0.0052652249052556055,-0.02225985021745109
ridge,y_XLF,8,2025-03-10,-0.008538137535184398,-0.00240085429236304
ridge,y_XLF,9,2025-03-10,-0.008538137535184398,0.007206200959961369
ridge,y_XLF,10,2025-03-10,-0.008538137535184398,0.016165055152318523
ridge,y_XLF,8,2025-03-11,0.0014702644737538684,-0.0036085525710107787
ridge,y_XLF,9,2025-03-11,0.0014702644737538684,-0.008665082856248387
ridge,y_XLF,10,2025-03-11,0.0014702644737538684,-0.016086256701439983
ridge,y_XLF,8,2025-03-12,-0.005452953441782871,0.0003221463679823919
ridge,y_XLF,9,2025-03-12,-0.005452953441782871,-0.001225458776861205
ridge,y_XLF,10,2025-03-12,-0.005452953441782871,-0.0006101143203823006
ridge,y_XLF,8,2025-03-13,0.023196960382544374,-0.02769270257153856
ridge,y_XLF,9,2025-03-13,0.023196960382544374,-0.03370179204893873
ridge,y_XLF,10,2025-03-13,0.023196960382544374,-0.029143633990290872
ridge,y_XLF,8,2025-03-17,-0.0012222662832334086,-0.004865930208565941
ridge,y_XLF,9,2025-03-17,-0.0012222662832334086,-0.008824942641967015
ridge,y_XLF,10,2025-03-17,-0.0012222662832334086,-0.009599951562868065
ridge,y_XLF,8,2025-03-18,0.011013779530664847,0.0009576662777695717
ridge,y_XLF,9,2025-03-18,0.011013779530664847,-0.008682280022136134
ridge,y_XLF,10,2025-03-18,0.011013779530664847,-0.0009675051197821804
ridge,y_XLF,8,2025-03-19,0.0014121300551648286,0.0390156015806906
ridge,y_XLF,9,2025-03-19,0.0014121300551648286,0.04028618928994528
ridge,y_XLF,10,2025-03-19,0.0014121300551648286,0.04018205506987528
ridge,y_XLF,8,2025-03-20,-0.0036262491820679976,-0.04130051087780663
ridge,y_XLF,9,2025-03-20,-0.0036262491820679976,-0.038390742522811515
ridge,y_XLF,10,2025-03-20,-0.0036262491820679976,-0.032623503712402614
ridge,y_XLF,9,2025-03-24,0.005583274950086814,0.007038045512713442
ridge,y_XLF,10,2025-03-24,0.005583274950086814,0.009393256075424804
ridge,y_XLF,11,2025-03-24,0.005583274950086814,0.01005489944602687
ridge,y_XLF,9,2025-03-25,-0.002974443991111797,-0.11161731803103064
ridge,y_XLF,10,2025-03-25,-0.002974443991111797,-0.11293386088767494
ridge,y_XLF,11,2025-03-25,-0.002974443991111797,-0.10539366689524582
ridge,y_XLF,9,2025-03-26,-0.0019888273705813697,0.017156097747129704
ridge,y_XLF,10,2025-03-26,-0.0019888273705813697,0.017537001772404803
ridge,y_XLF,11,2025-03-26,-0.0019888273705813697,0.01784454949616216
ridge,y_XLF,9,2025-03-27,-0.019330484382996782,0.03206267435073023
ridge,y_XLF,10,2025-03-27,-0.019330484382996782,0.032636856127827345
ridge,y_XLF,11,2025-03-27,-0.019330484382996782,0.048306179862728116
ridge,y_XLF,9,2025-03-31,-0.0012045716002883067,-0.012800241159692983
ridge,y_XLF,10,2025-03-31,-0.0012045716002883067,-0.004635111477655221
ridge,y_XLF,11,2025-03-31,-0.0012045716002883067,-0.0036217514467750222
ridge,y_XLF,9,2025-04-01,0.008241153433036663,-0.07086934303741442
ridge,y_XLF,10,2025-04-01,0.008241153433036663,-0.07233895375037652
ridge,y_XLF,11,2025-04-01,0.008241153433036663,-0.03432708783430305
ridge,y_XLF,9,2025-04-02,-0.04924243297310815,0.005488291396102748
ridge,y_XLF,10,2025-04-02,-0.04924243297310815,0.023789435620651014
ridge,y_XLF,11,2025-04-02,-0.04924243297310815,0.021454702350461582
ridge,y_XLF,9,2025-04-03,-0.07318094915166029,0.010479015300992777
ridge,y_XLF,10,2025-04-03,-0.07318094915166029,0.017314633944220472
ridge,y_XLF,11,2025-04-03,-0.07318094915166029,0.02589836566234557
ridge,y_XLF,9,2025-04-07,-0.003855803962615867,0.06828708031153082
ridge,y_XLF,10,2025-04-07,-0.003855803962615867,0.05977695097956292
ridge,y_XLF,11,2025-04-07,-0.003855803962615867,0.056956297704053485
ridge,y_XLF,9,2025-04-08,0.07536430723581367,0.006698567751455231
ridge,y_XLF,10,2025-04-08,0.07536430723581367,0.007629553287699461
ridge,y_XLF,11,2025-04-08,0.07536430723581367,0.004990764434403411
ridge,y_XLF,9,2025-04-09,-0.02794828686912998,-0.011281100214983193
ridge,y_XLF,10,2025-04-09,-0.02794828686912998,-0.009721751121344296
ridge,y_XLF,11,2025-04-09,-0.02794828686912998,-0.009929656594439756
ridge,y_XLF,9,2025-04-10,0.01655402022188146,-0.008066262433354943
ridge,y_XLF,10,2025-04-10,0.01655402022188146,-0.00620596103035573
ridge,y_XLF,11,2025-04-10,0.01655402022188146,-0.009473237237946394
ridge,y_XLF,10,2025-04-14,0.0025450566904061667,0.0377852647525289
ridge,y_XLF,11,2025-04-14,0.0025450566904061667,0.03583362650148837
ridge,y_XLF,12,2025-04-14,0.0025450566904061667,0.027599948386410233
ridge,y_XLF,10,2025-04-15,-0.01565478292714817,0.019664894840989346
ridge,y_XLF,11,2025-04-15,-0.01565478292714817,0.014981232043449567
ridge,y_XLF,12,2025-04-15,-0.01565478292714817,0.025484327004739602
ridge,y_XLF,10,2025-04-16,0.0025790518441681787,-0.017774101798740602
ridge,y_XLF,11,2025-04-16,0.0025790518441681787,-0.013318159098611143
ridge,y_XLF,12,2025-04-16,0.0025790518441681787,-0.010915279504303387
ridge,y_XLF,10,2025-04-21,0.033077705394745305,-0.012165340167773354
ridge,y_XLF,11,2025-04-21,0.033077705394745305,-0.009921049062992005
ridge,y_XLF,12,2025-04-21,0.033077705394745305,-0.011596048642347295
ridge,y_XLF,10,2025-04-22,0.011874522565940238,-0.007719917973680405
ridge,y_XLF,11,2025-04-22,0.011874522565940238,-0.0030189086512687003
ridge,y_XLF,12,2025-04-22,0.011874522565940238,-0.006520809726523475
ridge,y_XLF,10,2025-04-23,0.01110646839711582,-0.013383232931840686
ridge,y_XLF,11,2025-04-23,0.01110646839711582,-0.004764370329722951
ridge,y_XLF,12,2025-04-23,0.01110646839711582,-0.008288819446908784
ridge,y_XLF,10,2025-04-24,-0.004766803158848698,0.01379168802647779
ridge,y_XLF,11,2025-04-24,-0.004766803158848698,0.012102353324549031
ridge,y_XLF,12,2025-04-24,-0.004766803158848698,0.012451590255161554
ridge,y_XLF,10,2025-04-28,0.01037996231970384,-0.011502737965862932
ridge,y_XLF,11,2025-04-28,0.01037996231970384,-0.01307000269163498
ridge,y_XLF,12,2025-04-28,0.01037996231970384,-0.011609911608263121
ridge,y_XLF,10,2025-04-29,0.0018491400109303946,-0.007623862906293424
ridge,y_XLF,11,2025-04-29,0.0018491400109303946,-0.016326342703768
ridge,y_XLF,12,2025-04-29,0.0018491400109303946,-0.01694556961157602
ridge,y_XLF,10,2025-04-30,-0.00020501930572103255,0.00042264324936660587
ridge,y_XLF,11,2025-04-30,-0.00020501930572103255,0.0037956385419973143
ridge,y_XLF,12,2025-04-30,-0.00020501930572103255,0.006394983605562682
ridge,y_XLF,10,2025-05-01,0.020717836455749206,-0.03493140092643235
ridge,y_XLF,11,2025-05-01,0.020717836455749206,-0.07164964400694891
ridge,y_XLF,12,2025-05-01,0.020717836455749206,-0.07364381299447544
ridge,y_XLF,11,2025-05-05,-0.0056634554576976415,0.06008801234262887
ridge,y_XLF,12,2025-05-05,-0.0056634554576976415,0.06235885415034164
ridge,y_XLF,13,2025-05-05,-0.0056634554576976415,0.06783505314292328
ridge,y_XLF,11,2025-05-06,0.005899220782641601,-0.0029632637243831605
ridge,y_XLF,12,2025-05-06,0.005899220782641601,-0.02869826873881757
ridge,y_XLF,13,2025-05-06,0.005899220782641601,-0.02349178421399906
ridge,y_XLF,11,2025-05-07,0.008291072144025469,-0.011860885463405968
ridge,y_XLF,12,2025-05-07,0.008291072144025469,-0.00557329397513593
ridge,y_XLF,13,2025-05-07,0.008291072144025469,-0.005851432085855032
ridge,y_XLF,11,2025-05-08,0.0,-0.09586171537567956
ridge,y_XLF,12,2025-05-08,0.0,-0.10268337782517001
ridge,y_XLF,13,2025-05-08,0.0,-0.08810342933519623
ridge,y_XLF,11,2025-05-12,0.004128264143450577,0.023166062302362622
ridge,y_XLF,12,2025-05-12,0.004128264143450577,0.01934908494035166
ridge,y_XLF,13,2025-05-12,0.004128264143450577,0.017061660504573063
ridge,y_XLF,11,2025-05-13,-0.0027408107995550157,0.0022788255436683447
ridge,y_XLF,12,2025-05-13,-0.0027408107995550157,0.0013308135641841878
ridge,y_XLF,13,2025-05-13,-0.0027408107995550157,0.0021710060774397647
ridge,y_XLF,11,2025-05-14,0.006674537665802616,0.011798064979110259
ridge,y_XLF,12,2025-05-14,0.006674537665802616,0.013675753521718143
ridge,y_XLF,13,2025-05-14,0.006674537665802616,0.013429269991407899
ridge,y_XLF,11,2025-05-15,0.006045225410478139,-0.024099428760027054
ridge,y_XLF,12,2025-05-15,0.006045225410478139,-0.026241774177443444
ridge,y_XLF,13,2025-05-15,0.006045225410478139,-0.026626199933356857
ridge,y_XLF,11,2025-05-19,-0.005424203632017788,0.011688338562148612
ridge,y_XLF,12,2025-05-19,-0.005424203632017788,0.02363516624110112
ridge,y_XLF,13,2025-05-19,-0.005424203632017788,0.01888501595651351
ridge,y_XLF,11,2025-05-20,-0.020451904219941586,-0.01874811076210428
ridge,y_XLF,12,2025-05-20,-0.020451904219941586,-0.013705919773309035
ridge,y_XLF,13,2025-05-20,-0.020451904219941586,-0.014019854324834222
ridge,y_XLF,11,2025-05-21,-0.0011930744514782043,-0.04446030857372031
ridge,y_XLF,12,2025-05-21,-0.0011930744514782043,-0.0369433700742716
ridge,y_XLF,13,2025-05-21,-0.0011930744514782043,-0.03574771327768546
ridge,y_XLF,11,2025-05-22,-0.0035834987352220127,0.048110131683553686
ridge,y_XLF,12,2025-05-22,-0.0035834987352220127,0.06423979166640897
ridge,y_XLF,13,2025-05-22,-0.0035834987352220127,0.059141646629965704
ridge,y_XLF,12,2025-05-27,-0.006675923438676401,0.005655638110118289
ridge,y_XLF,13,2025-05-27,-0.006675923438676401,0.007786375318472737
ridge,y_XLF,14,2025-05-27,-0.006675923438676401,0.00737523521861781
ridge,y_XLF,12,2025-05-28,0.00513935665791454,-0.009871320554694057
ridge,y_XLF,13,2025-05-28,0.00513935665791454,-0.01312914801243798
ridge,y_XLF,14,2025-05-28,0.00513935665791454,-0.009162106559906819
ridge,y_XLF,12,2025-05-29,0.0021632022942388307,0.0038926946860621224
ridge,y_XLF,13,2025-05-29,0.0021632022942388307,0.008698025564395556
ridge,y_XLF,14,2025-05-29,0.0021632022942388307,0.006781840034210567
ridge,y_XLF,12,2025-06-02,0.0019615946542179685,-0.00758547379990276
ridge,y_XLF,13,2025-06-02,0.0019615946542179685,-0.011714150362192302
ridge,y_XLF,14,2025-06-02,0.0019615946542179685,-0.011103629734268379
ridge,y_XLF,12,2025-06-03,-0.005677404577111744,-0.040343679594536705
ridge,y_XLF,13,2025-06-03,-0.005677404577111744,-0.038662861739716226
ridge,y_XLF,14,2025-06-03,-0.005677404577111744,-0.037135770940555334
ridge,y_XLF,12,2025-06-04,-0.002756384463087791,-0.0016738100877778037
ridge,y_XLF,13,2025-06-04,-0.002756384463087791,0.0024676171466193166
ridge,y_XLF,14,2025-06-04,-0.002756384463087791,0.0025176055305715156
ridge,y_XLF,12,2025-06-05,0.012438280336126928,-0.006789298525426428
ridge,y_XLF,13,2025-06-05,0.012438280336126928,-0.0069595125752495235
ridge,y_XLF,14,2025-06-05,0.012438280336126928,-0.006024551601752502
ridge,y_XLF,12,2025-06-09,0.0011763893340901443,0.03449263603713845
ridge,y_XLF,13,2025-06-09,0.0011763893340901443,0.04699615667436797
ridge,y_XLF,14,2025-06-09,0.0011763893340901443,0.041686271141767116
ridge,y_XLF,12,2025-06-10,-0.001175007068307532,0.0027570519113099203
ridge,y_XLF,13,2025-06-10,-0.001175007068307532,0.003444726818046149
ridge,y_XLF,14,2025-06-10,-0.001175007068307532,0.003400052870877133
ridge,y_XLF,12,2025-06-11,0.0,0.0034657679388625804
ridge,y_XLF,13,2025-06-11,0.0,0.005223364754858684
ridge,y_XLF,14,2025-06-11,0.0,0.005722125693391669
ridge,y_XLF,12,2025-06-12,-0.020392310125487034,0.012511203110301405
ridge,y_XLF,13,2025-06-12,-0.020392310125487034,0.008653694608663085
ridge,y_XLF,14,2025-06-12,-0.020392310125487034,0.010843172909762958
ridge,y_XLF,13,2025-07-02,0.010832376216637796,-0.04548533854596611
ridge,y_XLF,14,2025-07-02,0.010832376216637796,-0.04500247874933323
ridge,y_XLF,15,2025-07-02,0.010832376216637796,-0.049099744308105854
ridge,y_XLF,13,2025-07-07,-0.008921812751726876,-0.012260981749077414
ridge,y_XLF,14,2025-07-07,-0.008921812751726876,-0.011343969600824653
ridge,y_XLF,15,2025-07-07,-0.008921812751726876,-0.01086098145792305
ridge,y_XLF,13,2025-07-08,0.0036391471929884123,0.008381144801506224
ridge,y_XLF,14,2025-07-08,0.0036391471929884123,0.012948797823518023
ridge,y_XLF,15,2025-07-08,0.0036391471929884123,0.012872157734655469
ridge,y_XLF,13,2025-07-09,0.005916038227475218,-0.004275734529938416
ridge,y_XLF,14,2025-07-09,0.005916038227475218,-0.0038034012824277536
ridge,y_XLF,15,2025-07-09,0.005916038227475218,-0.005354700611103736
ridge,y_XLF,13,2025-07-10,-0.010434480257143774,0.0023188463897296685
ridge,y_XLF,14,2025-07-10,-0.010434480257143774,0.005650452423319193
ridge,y_XLF,15,2025-07-10,-0.010434480257143774,0.009411820764896255
ridge,y_XLF,13,2025-07-14,-0.017126440099849094,-0.027387966981411653
ridge,y_XLF,14,2025-07-14,-0.017126440099849094,-0.0225889146358745
ridge,y_XLF,15,2025-07-14,-0.017126440099849094,-0.02167379227316459
ridge,y_XLF,13,2025-07-15,0.006969946409623118,-0.0070194258788362504
ridge,y_XLF,14,2025-07-15,0.006969946409623118,-0.011258546851766499
ridge,y_XLF,15,2025-07-15,0.006969946409623118,-0.008893902092562704
ridge,y_XLF,13,2025-07-16,0.009613541353136856,0.01962186495585048
ridge,y_XLF,14,2025-07-16,0.009613541353136856,0.01838920514582451
ridge,y_XLF,15,2025-07-16,0.009613541353136856,0.013208582749559194
ridge,y_XLF,13,2025-07-17,0.0005713771219928443,-0.006677817459886458
ridge,y_XLF,14,2025-07-17,0.0005713771219928443,-0.009381558548164883
ridge,y_XLF,15,2025-07-17,0.0005713771219928443,-0.012290643060645944
ridge,y_XLF,13,2025-07-21,0.005535450296628053,-0.002498642091502643
ridge,y_XLF,14,2025-07-21,0.005535450296628053,-0.0038519741812773475
ridge,y_XLF,15,2025-07-21,0.005535450296628053,-0.004098300569406254
ridge,y_XLF,13,2025-07-22,0.007972590665472623,0.029738447133393228
ridge,y_XLF,14,2025-07-22,0.007972590665472623,0.028085185884197447
ridge,y_XLF,15,2025-07-22,0.007972590665472623,0.028534844461013956
ridge,y_XLF,13,2025-07-23,-0.0005649561824438987,-0.008037747111443012
ridge,y_XLF,14,2025-07-23,-0.0005649561824438987,-0.008876080926936574
ridge,y_XLF,15,2025-07-23,-0.0005649561824438987,-0.0070873137038976585
ridge,y_XLF,14,2025-07-24,0.006971972870247756,0.0006037495585606411
ridge,y_XLF,15,2025-07-24,0.006971972870247756,-0.0012782775902754292
ridge,y_XLF,16,2025-07-24,0.006971972870247756,-0.0023787468784453513
ridge,y_XLF,14,2025-07-28,-0.0050876245835156375,0.002233252180535986
ridge,y_XLF,15,2025-07-28,-0.0050876245835156375,0.002124879194775214
ridge,y_XLF,16,2025-07-28,-0.0050876245835156375,0.004287162895670929
ridge,y_XLF,14,2025-07-29,-0.0018939114279084013,-0.002194688229880277
ridge,y_XLF,15,2025-07-29,-0.0018939114279084013,-0.0021419479036942865
ridge,y_XLF,16,2025-07-29,-0.0018939114279084013,-0.002033393225990791
ridge,y_XLF,14,2025-07-30,-0.006261905410859248,-0.01977460198617068
ridge,y_XLF,15,2025-07-30,-0.006261905410859248,-0.023021507858553572
ridge,y_XLF,16,2025-07-30,-0.006261905410859248,-0.027719548458577263
ridge,y_XLF,14,2025-07-31,-0.01852193545538805,-0.01854967967779032
ridge,y_XLF,15,2025-07-31,-0.01852193545538805,-0.01899130509816395
ridge,y_XLF,16,2025-07-31,-0.01852193545538805,-0.020387757091633978
ridge,y_XLF,14,2025-08-04,-0.004045425546168935,-0.011157057303640684
ridge,y_XLF,15,2025-08-04,-0.004045425546168935,-0.010544536169471657
ridge,y_XLF,16,2025-08-04,-0.004045425546168935,-0.008104343195937055
ridge,y_XLF,14,2025-08-05,0.004835555241239353,-0.02776452054223288
ridge,y_XLF,15,2025-08-05,0.004835555241239353,-0.027604692394660728
ridge,y_XLF,16,2025-08-05,0.004835555241239353,-0.025779126033264106
ridge,y_XLF,14,2025-08-06,-0.011164667197282374,0.01233420356082288
ridge,y_XLF,15,2025-08-06,-0.011164667197282374,0.010461021645208127
ridge,y_XLF,16,2025-08-06,-0.011164667197282374,0.01000639422271635
ridge,y_XLF,14,2025-08-07,0.009344016823716217,-0.020242770678865738
ridge,y_XLF,15,2025-08-07,0.009344016823716217,-0.017241663125321854
ridge,y_XLF,16,2025-08-07,0.009344016823716217,-0.00822683143957427
ridge,y_XLF,14,2025-08-11,0.012155008255541278,-0.008479528179611492
ridge,y_XLF,15,2025-08-11,0.012155008255541278,-0.01159946810511782
ridge,y_XLF,16,2025-08-11,0.012155008255541278,-0.010591579894773134
ridge,y_XLF,14,2025-08-12,0.005718631499386673,-0.00044568360428578384
ridge,y_XLF,15,2025-08-12,0.005718631499386673,0.0006846039604292238
ridge,y_XLF,16,2025-08-12,0.005718631499386673,0.009224076043800555
ridge,y_XLF,15,2025-08-13,0.00473847745019329,-0.0006676452520938471
ridge,y_XLF,16,2025-08-13,0.00473847745019329,0.0017035911503888866
ridge,y_XLF,17,2025-08-13,0.00473847745019329,0.0035384088900001385
ridge,y_XLF,15,2025-08-14,-0.010375428421309896,0.009489333240899933
ridge,y_XLF,16,2025-08-14,-0.010375428421309896,0.008243297062417027
ridge,y_XLF,17,2025-08-14,-0.010375428421309896,0.008006876408311017
ridge,y_XLF,15,2025-08-18,0.0019047337575488488,-0.0067331472958728844
ridge,y_XLF,16,2025-08-18,0.0019047337575488488,-0.004976979913240504
ridge,y_XLF,17,2025-08-18,0.0019047337575488488,-0.005988121253633417
ridge,y_XLF,15,2025-08-19,0.005133084456511172,0.007499465516510297
ridge,y_XLF,16,2025-08-19,0.005133084456511172,0.00670747412226836
ridge,y_XLF,17,2025-08-19,0.005133084456511172,0.004230405803773844
ridge,y_XLF,15,2025-08-20,-0.0032153939080915572,0.0007808295645419716
ridge,y_XLF,16,2025-08-20,-0.0032153939080915572,0.000556618666385685
ridge,y_XLF,17,2025-08-20,-0.0032153939080915572,0.003964524048355319
ridge,y_XLF,15,2025-08-21,0.016508520590230225,0.004988374008553655
ridge,y_XLF,16,2025-08-21,0.016508520590230225,0.005307954655188604
ridge,y_XLF,17,2025-08-21,0.016508520590230225,0.008711784419897133
ridge,y_XLF,15,2025-08-25,0.007698064923114201,0.011820799732794257
ridge,y_XLF,16,2025-08-25,0.007698064923114201,0.011223642551573505
ridge,y_XLF,17,2025-08-25,0.007698064923114201,0.009172480303311113
ridge,y_XLF,15,2025-08-26,0.002049553378982827,0.006778092538333365
ridge,y_XLF,16,2025-08-26,0.002049553378982827,0.006847261400168796
ridge,y_XLF,17,2025-08-26,0.002049553378982827,0.003219969983821209
ridge,y_XLF,15,2025-08-27,0.0013015870635415538,-0.027742582202583597
ridge,y_XLF,16,2025-08-27,0.0013015870635415538,-0.024957422994688963
ridge,y_XLF,17,2025-08-27,0.0013015870635415538,-0.02375439924932271
ridge,y_XLF,15,2025-08-28,0.0025999329155401707,0.026901297399801374
ridge,y_XLF,16,2025-08-28,0.0025999329155401707,0.026384858634458545
ridge,y_XLF,17,2025-08-28,0.0025999329155401707,0.026157764417528456
ridge,y_XLF,15,2025-09-02,-0.0016794430905363589,-0.021899455921229626
ridge,y_XLF,16,2025-09-02,-0.0016794430905363589,-0.01999484791720329
ridge,y_XLF,17,2025-09-02,-0.0016794430905363589,-0.02705640615274125
ridge,y_XLF,16,2025-09-03,0.010467335931992894,-0.0045287456412308885
ridge,y_XLF,17,2025-09-03,0.010467335931992894,-0.0021539584790635597
ridge,y_XLF,18,2025-09-03,0.010467335931992894,-0.003989290772304979
ridge,y_XLF,16,2025-09-04,-0.018313047823674156,0.0132460610269462
ridge,y_XLF,17,2025-09-04,-0.018313047823674156,0.019373630748295935
ridge,y_XLF,18,2025-09-04,-0.018313047823674156,0.01986306007459857
ridge,y_XLF,16,2025-09-08,0.004330635321832199,-0.006990473015170773
ridge,y_XLF,17,2025-09-08,0.004330635321832199,-0.00425140072988322
ridge,y_XLF,18,2025-09-08,0.004330635321832199,-0.003365792720421321
ridge,y_XLF,16,2025-09-09,-0.0033746288793868873,0.004986034837645225
ridge,y_XLF,17,2025-09-09,-0.0033746288793868873,0.009912051720902136
ridge,y_XLF,18,2025-09-09,-0.0033746288793868873,0.015313330740768025
ridge,y_XLF,16,2025-09-10,0.016365670303610802,-0.01221675128786677
ridge,y_XLF,17,2025-09-10,0.016365670303610802,-0.019262520312012255
ridge,y_XLF,18,2025-09-10,0.016365670303610802,-0.019080044231837533
ridge,y_XLF,16,2025-09-11,-0.004256895383629167,-0.0005246695653456528
ridge,y_XLF,17,2025-09-11,-0.004256895383629167,-0.002818245491126287
ridge,y_XLF,18,2025-09-11,-0.004256895383629167,-0.0021633198518919445
ridge,y_XLF,16,2025-09-15,-0.0022354078181178183,0.02043284584475247
ridge,y_XLF,17,2025-09-15,-0.0022354078181178183,0.022711934699914744
ridge,y_XLF,18,2025-09-15,-0.0022354078181178183,0.02395923348695807
ridge,y_XLF,16,2025-09-16,0.009708708624296847,-0.011156840602222533
ridge,y_XLF,17,2025-09-16,0.009708708624296847,-0.01300640655933306
ridge,y_XLF,18,2025-09-16,0.009708708624296847,-0.009987696358482576
ridge,y_XLF,16,2025-09-17,0.0009245780383209112,0.03026426417230505
ridge,y_XLF,17,2025-09-17,0.0009245780383209112,0.03257737169342592
ridge,y_XLF,18,2025-09-17,0.0009245780383209112,0.03280239904048917
ridge,y_XLF,16,2025-09-18,0.0022168240370024073,0.04736948685091581
ridge,y_XLF,17,2025-09-18,0.0022168240370024073,0.03965341082719767
ridge,y_XLF,18,2025-09-18,0.0022168240370024073,0.046479578325902056
ridge,y_XLF,16,2025-09-22,-0.004444484457596043,-0.023386294086906418
ridge,y_XLF,17,2025-09-22,-0.004444484457596043,-0.009335203088028
ridge,y_XLF,18,2025-09-22,-0.004444484457596043,-0.009557488224901635
ridge,y_XLF,17,2025-09-23,-0.002790132597520034,0.03635320518995385
ridge,y_XLF,18,2025-09-23,-0.002790132597520034,0.03578979543761722
ridge,y_XLF,19,2025-09-23,-0.002790132597520034,0.037371574381790514
ridge,y_XLF,17,2025-09-24,-0.002611428979049979,0.11894377759328646
ridge,y_XLF,18,2025-09-24,-0.002611428979049979,0.09993418538255842
ridge,y_XLF,19,2025-09-24,-0.002611428979049979,0.1076637659131104
ridge,y_XLF,17,2025-09-25,0.0072938034672198615,0.0064852707284190755
ridge,y_XLF,18,2025-09-25,0.0072938034672198615,0.007151342639401885
ridge,y_XLF,19,2025-09-25,0.0072938034672198615,0.00879881719941284
ridge,y_XLF,17,2025-09-29,-0.00480324753845951,0.004792901644760962
ridge,y_XLF,18,2025-09-29,-0.00480324753845951,0.006893414314524226
ridge,y_XLF,19,2025-09-29,-0.00480324753845951,0.0036043936419479852
ridge,y_XLF,17,2025-09-30,-0.008910348848141014,-0.010250968634077536
ridge,y_XLF,18,2025-09-30,-0.008910348848141014,-0.010051896823343072
ridge,y_XLF,19,2025-09-30,-0.008910348848141014,-0.01041821779436535
ridge,y_XLF,17,2025-10-01,-0.0007491868214818398,0.012793439055878868
ridge,y_XLF,18,2025-10-01,-0.0007491868214818398,0.011646895034077752
ridge,y_XLF,19,2025-10-01,-0.0007491868214818398,0.014218735401729191
ridge,y_XLF,17,2025-10-02,0.0069353711606781054,-0.030872448691717406
ridge,y_XLF,18,2025-10-02,0.0069353711606781054,-0.024852863228033185
ridge,y_XLF,19,2025-10-02,0.0069353711606781054,-0.02485323823794579
ridge,y_XLF,17,2025-10-06,0.0013035261215625926,0.008930362357361072
ridge,y_XLF,18,2025-10-06,0.0013035261215625926,0.007285106152378878
ridge,y_XLF,19,2025-10-06,0.0013035261215625926,0.005886975909044941
ridge,y_XLF,17,2025-10-07,-0.004835406107903895,-0.011428961177749976
ridge,y_XLF,18,2025-10-07,-0.004835406107903895,-0.009453038837550373
ridge,y_XLF,19,2025-10-07,-0.004835406107903895,-0.008601953604745596
ridge,y_XLF,17,2025-10-08,-0.003550746254775916,0.025251748795951656
ridge,y_XLF,18,2025-10-08,-0.003550746254775916,0.02204998969339822
ridge,y_XLF,19,2025-10-08,-0.003550746254775916,0.019371794795950498
ridge,y_XLF,17,2025-10-09,-0.02175544316840261,-0.03807201415537961
ridge,y_XLF,18,2025-10-09,-0.02175544316840261,-0.03469047419137781
ridge,y_XLF,19,2025-10-09,-0.02175544316840261,-0.03308059203152721
ridge,y_XLF,18,2025-10-13,0.011014054233861925,-0.048834224862391834
ridge,y_XLF,19,2025-10-13,0.011014054233861925,-0.051447831765645165
ridge,y_XLF,20,2025-10-13,0.011014054233861925,-0.04463331738779033
ridge,y_XLF,18,2025-10-14,0.0,0.014194714837569926
ridge,y_XLF,19,2025-10-14,0.0,0.01681447458379754
ridge,y_XLF,20,2025-10-14,0.0,0.015179406951344006
ridge,y_XLF,18,2025-10-15,-0.027798729042364134,-0.0010470005212014273
ridge,y_XLF,19,2025-10-15,-0.027798729042364134,0.004219038409092156
ridge,y_XLF,20,2025-10-15,-0.027798729042364134,1.3677802023394229e-05
ridge,y_XLF,18,2025-10-16,0.008114447448343665,-0.05889812641853635
ridge,y_XLF,19,2025-10-16,0.008114447448343665,-0.06053156173469132
ridge,y_XLF,20,2025-10-16,0.008114447448343665,-0.05453225056161509
ridge,y_XLF,18,2025-10-20,-0.0011365890899049935,0.02867023973324829
ridge,y_XLF,19,2025-10-20,-0.0011365890899049935,0.028938043076749978
ridge,y_XLF,20,2025-10-20,-0.0011365890899049935,0.027502703572051004
ridge,y_XLF,18,2025-10-21,-0.005689339376291791,-0.005044221989445766
ridge,y_XLF,19,2025-10-21,-0.005689339376291791,-0.006241171969111135
ridge,y_XLF,20,2025-10-21,-0.005689339376291791,-0.0070957424165096
ridge,y_XLF,18,2025-10-22,0.002098005591420371,-0.023274379728180115
ridge,y_XLF,19,2025-10-22,0.002098005591420371,-0.026538649548185456
ridge,y_XLF,20,2025-10-22,0.002098005591420371,-0.021485186648300115
ridge,y_XLF,18,2025-10-23,0.010848901674569866,0.009456871243865123
ridge,y_XLF,19,2025-10-23,0.010848901674569866,0.00838224477230726
ridge,y_XLF,20,2025-10-23,0.010848901674569866,0.007614280790089696
ridge,y_XLF,18,2025-10-27,-0.006375431586477465,-0.0020981569757534766
ridge,y_XLF,19,2025-10-27,-0.006375431586477465,-0.005483643122413307
ridge,y_XLF,20,2025-10-27,-0.006375431586477465,-0.004576081667528319
ridge,y_XLF,18,2025-10-28,-0.016984344737958068,0.015218723139565946
ridge,y_XLF,19,2025-10-28,-0.016984344737958068,0.016137332972465616
ridge,y_XLF,20,2025-10-28,-0.016984344737958068,0.014118431805723246
ridge,y_XLF,18,2025-10-29,0.0026876311498889027,-0.007934782639135128
ridge,y_XLF,19,2025-10-29,0.0026876311498889027,-0.010388036194242578
ridge,y_XLF,20,2025-10-29,0.0026876311498889027,-0.009757263051514928
ridge,y_XLF,18,2025-10-30,0.0026804271503846344,-0.002346764710204949
ridge,y_XLF,19,2025-10-30,0.0026804271503846344,-0.0022910191553110783
ridge,y_XLF,20,2025-10-30,0.0026804271503846344,-0.0032081386789552793
ridge,y_XLF,19,2025-11-03,0.005177346050075249,0.005732361100755909
ridge,y_XLF,20,2025-11-03,0.005177346050075249,0.004379467601733691
ridge,y_XLF,21,2025-11-03,0.005177346050075249,0.00377422621668839
ridge,y_XLF,19,2025-11-04,0.0034337617922599595,0.011889325403415734
ridge,y_XLF,20,2025-11-04,0.0034337617922599595,0.016250551903368462
ridge,y_XLF,21,2025-11-04,0.0034337617922599595,0.029345299792064725
ridge,y_XLF,19,2025-11-05,-0.0036121029501375856,0.012580303106997173
ridge,y_XLF,20,2025-11-05,-0.0036121029501375856,0.014742429497112847
ridge,y_XLF,21,2025-11-05,-0.0036121029501375856,0.018556157220949773
ridge,y_XLF,19,2025-11-06,0.0070596874644843766,-0.030121573631321
ridge,y_XLF,20,2025-11-06,0.0070596874644843766,-0.027906115965151888
ridge,y_XLF,21,2025-11-06,0.0070596874644843766,-0.023156391043570784
ridge,y_XLF,19,2025-11-10,0.004530762485396522,-0.007293942846584673
ridge,y_XLF,20,2025-11-10,0.004530762485396522,-0.006981483524914515
ridge,y_XLF,21,2025-11-10,0.004530762485396522,-0.008650069700977462
ridge,y_XLF,19,2025-11-11,0.00864497377716722,-0.05522930939488277
ridge,y_XLF,20,2025-11-11,0.00864497377716722,-0.04634649378103239
ridge,y_XLF,21,2025-11-11,0.00864497377716722,-0.03591922345232421
ridge,y_XLF,19,2025-11-12,-0.012856318132623112,-0.008448433705555142
ridge,y_XLF,20,2025-11-12,-0.012856318132623112,-0.006277997459723864
ridge,y_XLF,21,2025-11-12,-0.012856318132623112,-0.0011370830223604213
ridge,y_XLF,19,2025-11-13,-0.010003744937596704,0.010383126162453826
ridge,y_XLF,20,2025-11-13,-0.010003744937596704,0.010845957308154873
ridge,y_XLF,21,2025-11-13,-0.010003744937596704,0.009689682207739714
ridge,y_XLF,19,2025-11-17,-0.0015549464767765642,-0.01878918979985235
ridge,y_XLF,20,2025-11-17,-0.0015549464767765642,-0.018858542649860244
ridge,y_XLF,21,2025-11-17,-0.0015549464767765642,-0.01610463687847697
ridge,y_XLF,19,2025-11-18,0.003698739924594463,-0.0024041487743807067
ridge,y_XLF,20,2025-11-18,0.003698739924594463,-0.00277921513679904
ridge,y_XLF,21,2025-11-18,0.003698739924594463,-0.0032134733181022157
ridge,y_XLF,19,2025-11-19,-0.00872769983376731,-0.0018694908979486119
ridge,y_XLF,20,2025-11-19,-0.00872769983376731,-0.0005366943621023661
ridge,y_XLF,21,2025-11-19,-0.00872769983376731,-0.0009949855300981235
ridge,y_XLF,19,2025-11-20,0.010956658404933206,0.002433252838520542
ridge,y_XLF,20,2025-11-20,0.010956658404933206,0.0020085863946066856
ridge,y_XLF,21,2025-11-20,0.010956658404933206,0.002875391326005291
ridge,y_XLF,20,2025-11-24,0.012526487841339362,-0.0066649308143033
ridge,y_XLF,21,2025-11-24,0.012526487841339362,-0.00627112589006577
ridge,y_XLF,22,2025-11-24,0.012526487841339362,-0.006000922638913693
ridge,y_XLF,20,2025-11-25,0.007803599776059489,-0.003900986969074118
ridge,y_XLF,21,2025-11-25,0.007803599776059489,-0.001593074268586361
ridge,y_XLF,22,2025-11-25,0.007803599776059489,0.0043875550073096195
ridge,y_XLF,20,2025-12-01,-0.0009453909008985129,0.007465013618298432
ridge,y_XLF,21,2025-12-01,-0.0009453909008985129,0.007540339933397
ridge,y_XLF,22,2025-12-01,-0.0009453909008985129,0.00887604363815073
ridge,y_XLF,20,2025-12-02,0.013436790598289061,-0.006150257351865002
ridge,y_XLF,21,2025-12-02,0.013436790598289061,-0.0023293851506335306
ridge,y_XLF,22,2025-12-02,0.013436790598289061,-0.007523868058497829
ridge,y_XLF,20,2025-12-03,0.0020541973257548474,-0.012676503186434677
ridge,y_XLF,21,2025-12-03,0.0020541973257548474,-0.012546057237005163
ridge,y_XLF,22,2025-12-03,0.0020541973257548474,-0.010980126966056608
ridge,y_XLF,20,2025-12-04,0.0003726728900093068,-0.005279375505648347
ridge,y_XLF,21,2025-12-04,0.0003726728900093068,0.0006494893108994796
ridge,y_XLF,22,2025-12-04,0.0003726728900093068,0.003817691413770734
ridge,y_XLF,20,2025-12-08,-0.003739701701419018,-0.10927214206497762
ridge,y_XLF,21,2025-12-08,-0.003739701701419018,-0.12151462353842928
ridge,y_XLF,22,2025-12-08,-0.003739701701419018,-0.11657598472644756
ridge,y_XLF,20,2025-12-09,0.011448955974568076,-0.06803080521597525
ridge,y_XLF,21,2025-12-09,0.011448955974568076,-0.06724939009398338
ridge,y_XLF,22,2025-12-09,0.011448955974568076,-0.05497702818017528
ridge,y_XLF,20,2025-12-10,0.01818516582706664,0.0157074851861243
ridge,y_XLF,21,2025-12-10,0.01818516582706664,0.026171825577782394
ridge,y_XLF,22,2025-12-10,0.01818516582706664,0.03330964341982369
ridge,y_XLF,20,2025-12-11,0.0014580279932445706,-0.024312479864935958
ridge,y_XLF,21,2025-12-11,0.0014580279932445706,-0.02478793327384948
ridge,y_XLF,22,2025-12-11,0.0014580279932445706,-0.018161660839145364
ridge,y_XLF,21,2025-12-15,-0.006364804346536745,0.051846997927090216
ridge,y_XLF,22,2025-12-15,-0.006364804346536745,0.047107271341044844
ridge,y_XLF,23,2025-12-15,-0.006364804346536745,0.046198015323804256
ridge,y_XLF,21,2025-12-16,-0.00018299439786328975,0.02406338279871838
ridge,y_XLF,22,2025-12-16,-0.00018299439786328975,0.02175992705549536
ridge,y_XLF,23,2025-12-16,-0.00018299439786328975,0.018729277326818974
ridge,y_XLF,21,2025-12-17,-0.0016474612342792794,0.0126513083134075
ridge,y_XLF,22,2025-12-17,-0.0016474612342792794,0.013013821400502685
ridge,y_XLF,23,2025-12-17,-0.0016474612342792794,0.012867010736841492
ridge,y_XLF,21,2025-12-18,0.005500529284427902,0.0009675058253681766
ridge,y_XLF,22,2025-12-18,0.005500529284427902,0.011651902106080018
ridge,y_XLF,23,2025-12-18,0.005500529284427902,0.00681185475971909
ridge,y_XLF,21,2025-12-23,0.0054122178497000295,0.00019248495250074574
ridge,y_XLF,22,2025-12-23,0.0054122178497000295,-0.0013309988643940298
ridge,y_XLF,23,2025-12-23,0.0054122178497000295,-0.0017172628330409142
ridge,y_XLF,21,2025-12-29,-0.0025307192773093012,-0.003827703869359052
ridge,y_XLF,22,2025-12-29,-0.0025307192773093012,-0.005211971624748728
ridge,y_XLF,23,2025-12-29,-0.0025307192773093012,-0.005505832827449801
ridge,y_XLF,21,2025-12-30,-0.00743022553723427,0.003355975501107674
ridge,y_XLF,22,2025-12-30,-0.00743022553723427,0.0016107483258716495
ridge,y_XLF,23,2025-12-30,-0.00743022553723427,-0.0009542820190855651
ridge,y_XLF,22,2026-01-05,0.004810269955919377,0.007305948516968837
ridge,y_XLF,23,2026-01-05,0.004810269955919377,0.011901240110821502
ridge,y_XLF,24,2026-01-05,0.004810269955919377,0.00823525567433478
ridge,y_XLF,22,2026-01-06,-0.014007108052379258,-0.0011548354441302485
ridge,y_XLF,23,2026-01-06,-0.014007108052379258,0.0014303785264669887
ridge,y_XLF,24,2026-01-06,-0.014007108052379258,-0.0026788393130713637
ridge,y_XLF,22,2026-01-07,0.005214905814501236,-0.02013365278437273
ridge,y_XLF,23,2026-01-07,0.005214905814501236,-0.019517289740903655
ridge,y_XLF,24,2026-01-07,0.005214905814501236,-0.016731276904551187
ridge,y_XLF,22,2026-01-08,-0.0030411803041521246,0.018878543318376084
ridge,y_XLF,23,2026-01-08,-0.0030411803041521246,0.019019661895784207
ridge,y_XLF,24,2026-01-08,-0.0030411803041521246,0.016720795926508842
ridge,y_XLF,22,2026-01-12,-0.019171664961816437,0.03265167465196872
ridge,y_XLF,23,2026-01-12,-0.019171664961816437,0.025605521315047685
ridge,y_XLF,24,2026-01-12,-0.019171664961816437,0.027037295218621936
ridge,y_XLF,22,2026-01-13,-0.0014751616638889464,0.00675467439075598
ridge,y_XLF,23,2026-01-13,-0.0014751616638889464,0.008990477860489668
ridge,y_XLF,24,2026-01-13,-0.0014751616638889464,0.00720671215801348
ridge,y_XLF,22,2026-01-14,0.004062740531977971,-0.018211882926915824
ridge,y_XLF,23,2026-01-14,0.004062740531977971,-0.017627026317174166
ridge,y_XLF,24,2026-01-14,0.004062740531977971,-0.01744813005739599
ridge,y_XLF,22,2026-01-15,0.0012874691226665291,-0.035358879519054975
ridge,y_XLF,23,2026-01-15,0.0012874691226665291,-0.033750203355544975
ridge,y_XLF,24,2026-01-15,0.0012874691226665291,-0.033670332201166955
ridge,y_XLF,22,2026-01-21,0.006546993917177613,0.007960302758135874
ridge,y_XLF,23,2026-01-21,0.006546993917177613,0.008319074721002807
ridge,y_XLF,24,2026-01-21,0.006546993917177613,0.007927943703930069
ridge,y_XLF,22,2026-01-22,-0.01375212153096328,-0.009557525821961258
ridge,y_XLF,23,2026-01-22,-0.01375212153096328,-0.009298821844058594
ridge,y_XLF,24,2026-01-22,-0.01375212153096328,-0.007975273152682625
ridge,y_XLF,23,2026-01-26,-0.007676462246460347,0.010001535450663753
ridge,y_XLF,24,2026-01-26,-0.007676462246460347,0.008740185143490396
ridge,y_XLF,23,2026-01-27,-0.0001886475760981554,-0.0012103673321337645
ridge,y_XLF,24,2026-01-27,-0.0001886475760981554,-0.005162524310169536
ridge,y_XLF,23,2026-01-28,0.010567985296390692,0.007968712433668718
ridge,y_XLF,24,2026-01-28,0.010567985296390692,0.010771390013398137
ridge,y_XLF,23,2026-01-29,-0.0020541664223860945,0.03063967533606235
ridge,y_XLF,24,2026-01-29,-0.0020541664223860945,0.03299049020988677
ridge,y_XLF,23,2026-02-02,-0.00925411829162559,-0.04012194794678902
ridge,y_XLF,24,2026-02-02,-0.00925411829162559,-0.04063790055757825
ridge,y_XLF,23,2026-02-03,0.008032884643780047,-0.0010909452408784954
ridge,y_XLF,24,2026-02-03,0.008032884643780047,-0.0007320755699327315
ridge,y_XLF,23,2026-02-04,-0.012416571169626023,-0.010620134581890614
ridge,y_XLF,24,2026-02-04,-0.012416571169626023,-0.010964966506344102
ridge,y_XLF,23,2026-02-05,0.018202240370448708,0.0012074223460141634
ridge,y_XLF,24,2026-02-05,0.018202240370448708,0.0035565224894492462
ridge,y_XLF,23,2026-02-09,-0.007230244708521738,0.0051687817192695605
ridge,y_XLF,24,2026-02-09,-0.007230244708521738,0.0043581053274444675
ridge,y_XLF,23,2026-02-10,-0.015126005044518664,-0.00848190948840531
ridge,y_XLF,24,2026-02-10,-0.015126005044518664,-0.006931585016431998
ridge,y_XLF,23,2026-02-11,-0.01990904471636612,0.01905203429103593
ridge,y_XLF,24,2026-02-11,-0.01990904471636612,0.02049950146333924
ridge,y_XLF,23,2026-02-12,-0.0007737880033411582,-0.014932557313587317
ridge,y_XLF,24,2026-02-12,-0.0007737880033411582,-0.01331725861632397
ridge,y_XLF,24,2026-02-17,0.0074712525660598494,0.0038626569191438265
ridge,y_XLF,24,2026-02-18,-0.008366583484167078,0.007937917843635912
ridge,y_XLF,24,2026-02-19,0.006519657576983473,0.0017290930425042322
ridge,y_XLF,24,2026-02-23,0.004928050507705173,0.030533036108861916
ridge,y_XLF,24,2026-02-24,0.017457814783051973,-0.0015367713354574796
ridge,y_XLF,24,2026-02-25,0.012145769830119946,-0.010469625280319571
ridge,y_XLF,24,2026-02-26,-0.020380946568080316,-0.01151298534088829
ridge,y_XLF,24,2026-03-02,-0.0017543889654265676,0.018759180413236074
ridge,y_XLF,24,2026-03-03,0.005662974432961265,0.030585844531511988
ridge,y_XLF,24,2026-03-04,-0.005242727335216912,0.036186745046062285
ridge,y_XLF,24,2026-03-05,-0.01288307345909645,0.010566997534241177
ridge,y_XLI,0,2024-08-05,0.012023230410309838,-0.004162000880269209
ridge,y_XLI,0,2024-08-06,-0.004834107688075906,-0.004335473629450928
ridge,y_XLI,0,2024-08-07,0.023052829250552964,0.04679259917577551
ridge,y_XLI,0,2024-08-08,0.00016103872108907957,0.012400318702818328
ridge,y_XLI,0,2024-08-12,0.010513542806165566,0.005525067655998658
ridge,y_XLI,0,2024-08-13,0.004081688441829989,-0.03975254956802264
ridge,y_XLI,0,2024-08-14,0.013470404996042129,-0.00906262223200371
ridge,y_XLI,0,2024-08-15,-0.0014156087780134996,-0.0017227707605273921
ridge,y_XLI,0,2024-08-19,-0.002739876391770868,-0.0008896905853523227
ridge,y_XLI,0,2024-08-20,0.006044472315712035,0.03872260454926307
ridge,y_XLI,0,2024-08-21,-0.0012484361841432756,0.06039906473208227
ridge,y_XLI,0,2024-08-22,0.009999851952427807,-0.002567845203267898
ridge,y_XLI,0,2024-08-26,0.0006193905286571155,0.0038034890673588314
ridge,y_XLI,1,2024-08-26,0.0006193905286571155,0.0008501028129627393
ridge,y_XLI,0,2024-08-27,-0.0004643307782870032,0.016274422671787997
ridge,y_XLI,1,2024-08-27,-0.0004643307782870032,0.018455197526224494
ridge,y_XLI,0,2024-08-28,0.0070456015104103376,0.017249095060215675
ridge,y_XLI,1,2024-08-28,0.0070456015104103376,0.01412674582319198
ridge,y_XLI,0,2024-08-29,0.010686559368195292,-0.0027748818848558907
ridge,y_XLI,1,2024-08-29,0.010686559368195292,0.0013280830818737056
ridge,y_XLI,0,2024-09-03,0.0010111517885156296,-0.0030979511862681787
ridge,y_XLI,1,2024-09-03,0.0010111517885156296,-0.005556991709423264
ridge,y_XLI,0,2024-09-04,-0.011656800502277354,0.019012874039759868
ridge,y_XLI,1,2024-09-04,-0.011656800502277354,0.021452924391705406
ridge,y_XLI,0,2024-09-05,-0.010143119906909859,0.018132813336965675
ridge,y_XLI,1,2024-09-05,-0.010143119906909859,0.025714286767397346
ridge,y_XLI,0,2024-09-09,0.0017210515247161329,0.005187463835763605
ridge,y_XLI,1,2024-09-09,0.0017210515247161329,0.008050251036668163
ridge,y_XLI,0,2024-09-10,0.0017965413974372346,0.01091467681732588
ridge,y_XLI,1,2024-09-10,0.0017965413974372346,0.009465107727222673
ridge,y_XLI,0,2024-09-11,0.007717895143603881,-0.0010899936915754354
ridge,y_XLI,1,2024-09-11,0.007717895143603881,-0.01347825895911326
ridge,y_XLI,0,2024-09-12,0.010134771722088987,0.0346120207837467
ridge,y_XLI,1,2024-09-12,0.010134771722088987,0.029758468432009647
ridge,y_XLI,2,2024-09-12,0.010134771722088987,0.03181688588058901
ridge,y_XLI,0,2024-09-16,0.005486206819919293,-0.08100809679489616
ridge,y_XLI,1,2024-09-16,0.005486206819919293,-0.07321028960268845
ridge,y_XLI,2,2024-09-16,0.005486206819919293,-0.08086573752928032
ridge,y_XLI,0,2024-09-17,-0.0008337350918438124,0.034139357771353226
ridge,y_XLI,1,2024-09-17,-0.0008337350918438124,0.02925565790520108
ridge,y_XLI,2,2024-09-17,-0.0008337350918438124,0.03612090717080712
ridge,y_XLI,0,2024-09-18,0.01721655229618113,0.059978237408163076
ridge,y_XLI,1,2024-09-18,0.01721655229618113,0.06082332686357399
ridge,y_XLI,2,2024-09-18,0.01721655229618113,0.05346570291790934
ridge,y_XLI,0,2024-09-19,-0.007008783364983562,-0.06212679981172238
ridge,y_XLI,1,2024-09-19,-0.007008783364983562,-0.07923337756276957
ridge,y_XLI,2,2024-09-19,-0.007008783364983562,-0.09874917252361141
ridge,y_XLI,0,2024-09-23,0.007183711321665287,-0.011869518545014258
ridge,y_XLI,1,2024-09-23,0.007183711321665287,-0.009979247299701918
ridge,y_XLI,2,2024-09-23,0.007183711321665287,-0.010763422704182866
ridge,y_XLI,0,2024-09-24,-0.0046806389369561385,0.01324578024807775
ridge,y_XLI,1,2024-09-24,-0.0046806389369561385,0.005138868841382108
ridge,y_XLI,2,2024-09-24,-0.0046806389369561385,0.0035401562855335595
ridge,y_XLI,0,2024-09-25,0.005001113434424775,0.015160181801254865
ridge,y_XLI,1,2024-09-25,0.005001113434424775,0.017886021573995124
ridge,y_XLI,2,2024-09-25,0.005001113434424775,0.015247745345258315
ridge,y_XLI,0,2024-09-26,0.0014112222071089864,-0.03763805211115577
ridge,y_XLI,1,2024-09-26,0.0014112222071089864,-0.03205696624753467
ridge,y_XLI,2,2024-09-26,0.0014112222071089864,-0.03308394355009629
ridge,y_XLI,0,2024-09-30,0.0005167562993591002,-0.020289893264492345
ridge,y_XLI,1,2024-09-30,0.0005167562993591002,-0.019611522340199854
ridge,y_XLI,2,2024-09-30,0.0005167562993591002,-0.02241527276501001
ridge,y_XLI,0,2024-10-01,-0.0018448836172246796,0.001399107731017927
ridge,y_XLI,1,2024-10-01,-0.0018448836172246796,-0.0019332598409950198
ridge,y_XLI,2,2024-10-01,-0.0018448836172246796,-0.010775415814035212
ridge,y_XLI,0,2024-10-02,-0.005101225705589241,0.02004770535231453
ridge,y_XLI,1,2024-10-02,-0.005101225705589241,0.011645189446215745
ridge,y_XLI,2,2024-10-02,-0.005101225705589241,0.01754894856821467
ridge,y_XLI,0,2024-10-03,0.006985152046395271,0.02203041733553893
ridge,y_XLI,1,2024-10-03,0.006985152046395271,0.016240395089598725
ridge,y_XLI,2,2024-10-03,0.006985152046395271,0.013770707893505391
ridge,y_XLI,1,2024-10-07,0.0022193568212387493,0.020184841402161584
ridge,y_XLI,2,2024-10-07,0.0022193568212387493,0.023358894317492402
ridge,y_XLI,3,2024-10-07,0.0022193568212387493,0.004891266410049754
ridge,y_XLI,1,2024-10-08,0.008931208625515108,0.037556477214519664
ridge,y_XLI,2,2024-10-08,0.008931208625515108,0.04155703810926552
ridge,y_XLI,3,2024-10-08,0.008931208625515108,0.01559065459976546
ridge,y_XLI,1,2024-10-09,-0.005121102874491523,0.014826829315176107
ridge,y_XLI,2,2024-10-09,-0.005121102874491523,0.017404549211125102
ridge,y_XLI,3,2024-10-09,-0.005121102874491523,0.014912640342958987
ridge,y_XLI,1,2024-10-10,0.017869050456620572,-0.0018418643628839554
ridge,y_XLI,2,2024-10-10,0.017869050456620572,-0.005459373413535587
ridge,y_XLI,3,2024-10-10,0.017869050456620572,-0.005331341756890674
ridge,y_XLI,1,2024-10-14,-0.007683950773859971,-0.0012963057162147349
ridge,y_XLI,2,2024-10-14,-0.007683950773859971,-0.0015802071490558457
ridge,y_XLI,3,2024-10-14,-0.007683950773859971,-0.0037788821778349697
ridge,y_XLI,1,2024-10-15,0.007743451070707064,-0.013624163778564527
ridge,y_XLI,2,2024-10-15,0.007743451070707064,-0.017004757678604997
ridge,y_XLI,3,2024-10-15,0.007743451070707064,-0.014945272612077763
ridge,y_XLI,1,2024-10-16,-0.0028724663566187525,0.0015494573078855436
ridge,y_XLI,2,2024-10-16,-0.0028724663566187525,0.0007609640996443201
ridge,y_XLI,3,2024-10-16,-0.0028724663566187525,-0.006560051445413451
ridge,y_XLI,1,2024-10-17,0.0030248398288192924,-0.015656007279651548
ridge,y_XLI,2,2024-10-17,0.0030248398288192924,-0.016520292474557347
ridge,y_XLI,3,2024-10-17,0.0030248398288192924,-0.0065777255070792965
ridge,y_XLI,1,2024-10-21,-0.012105461258580807,-0.08755745287514177
ridge,y_XLI,2,2024-10-21,-0.012105461258580807,-0.08928408227017623
ridge,y_XLI,3,2024-10-21,-0.012105461258580807,-0.07685399822630892
ridge,y_XLI,1,2024-10-22,-0.0029177386170660125,0.00891439875878194
ridge,y_XLI,2,2024-10-22,-0.0029177386170660125,0.013557541668616474
ridge,y_XLI,3,2024-10-22,-0.0029177386170660125,0.00018013559096356324
ridge,y_XLI,1,2024-10-23,-0.006876426191717688,0.032011530366416754
ridge,y_XLI,2,2024-10-23,-0.006876426191717688,0.03693961209742727
ridge,y_XLI,3,2024-10-23,-0.006876426191717688,0.015341290247036687
ridge,y_XLI,1,2024-10-24,-0.0026517814813882268,0.054455376924723464
ridge,y_XLI,2,2024-10-24,-0.0026517814813882268,0.053932060333905414
ridge,y_XLI,3,2024-10-24,-0.0026517814813882268,0.07309917088842457
ridge,y_XLI,2,2024-10-28,-0.001325442952433864,-0.288868973643261
ridge,y_XLI,3,2024-10-28,-0.001325442952433864,-0.19262119651064757
ridge,y_XLI,4,2024-10-28,-0.001325442952433864,-0.18666913349641873
ridge,y_XLI,2,2024-10-29,-0.0016960858543161317,0.054656953948391436
ridge,y_XLI,3,2024-10-29,-0.0016960858543161317,0.033534872902628354
ridge,y_XLI,4,2024-10-29,-0.0016960858543161317,0.027288713993876317
ridge,y_XLI,2,2024-10-30,-0.011521998562606495,0.036177457932779634
ridge,y_XLI,3,2024-10-30,-0.011521998562606495,0.05613934534220136
ridge,y_XLI,4,2024-10-30,-0.011521998562606495,0.056561571034374855
ridge,y_XLI,2,2024-10-31,0.0013448373440316796,-0.08094386529183216
ridge,y_XLI,3,2024-10-31,0.0013448373440316796,-0.09953041055576857
ridge,y_XLI,4,2024-10-31,0.0013448373440316796,-0.08889530936026138
ridge,y_XLI,2,2024-11-04,0.016733823786453605,-0.0046377143603617615
ridge,y_XLI,3,2024-11-04,0.016733823786453605,-0.0070245410745578656
ridge,y_XLI,4,2024-11-04,0.016733823786453605,-0.0073599304797803185
ridge,y_XLI,2,2024-11-05,0.039162418370459084,0.012731214650982894
ridge,y_XLI,3,2024-11-05,0.039162418370459084,0.01889582236856108
ridge,y_XLI,4,2024-11-05,0.039162418370459084,0.01544348792488696
ridge,y_XLI,2,2024-11-06,-0.006010000508940183,-0.020207287294136584
ridge,y_XLI,3,2024-11-06,-0.006010000508940183,-0.018835141087615092
ridge,y_XLI,4,2024-11-06,-0.006010000508940183,-0.019735605661175323
ridge,y_XLI,2,2024-11-07,0.01074119545770924,0.019010334723940876
ridge,y_XLI,3,2024-11-07,0.01074119545770924,0.01941493575297089
ridge,y_XLI,4,2024-11-07,0.01074119545770924,0.018047767406656937
ridge,y_XLI,2,2024-11-11,-0.008589934995174575,0.008094237873180653
ridge,y_XLI,3,2024-11-11,-0.008589934995174575,0.00624856200011167
ridge,y_XLI,4,2024-11-11,-0.008589934995174575,0.023563117581989833
ridge,y_XLI,2,2024-11-12,0.0021132508394907656,0.03467528664635937
ridge,y_XLI,3,2024-11-12,0.0021132508394907656,0.02714729405342121
ridge,y_XLI,4,2024-11-12,0.0021132508394907656,0.031246918938255194
ridge,y_XLI,2,2024-11-13,-0.01687046470411202,0.010626255878973472
ridge,y_XLI,3,2024-11-13,-0.01687046470411202,0.008894499799179272
ridge,y_XLI,4,2024-11-13,-0.01687046470411202,0.019343548596610582
ridge,y_XLI,2,2024-11-14,-0.0053625087243724945,-0.011019557749210186
ridge,y_XLI,3,2024-11-14,-0.0053625087243724945,-0.05069721702504678
ridge,y_XLI,4,2024-11-14,-0.0053625087243724945,-0.0777178090507022
ridge,y_XLI,3,2024-11-18,-0.0008638205240801833,-0.033167582712337905
ridge,y_XLI,4,2024-11-18,-0.0008638205240801833,-0.03525079991928741
ridge,y_XLI,5,2024-11-18,-0.0008638205240801833,-0.024502210075548796
ridge,y_XLI,3,2024-11-19,0.0010806251900585817,-0.022581016278043594
ridge,y_XLI,4,2024-11-19,0.0010806251900585817,-0.032435358147686846
ridge,y_XLI,5,2024-11-19,0.0010806251900585817,0.031286074119985616
ridge,y_XLI,3,2024-11-20,0.012522638368021255,0.016784285625079387
ridge,y_XLI,4,2024-11-20,0.012522638368021255,0.009168713106257994
ridge,y_XLI,5,2024-11-20,0.012522638368021255,0.013213628671874124
ridge,y_XLI,3,2024-11-21,0.013931342542734315,0.041494786765913526
ridge,y_XLI,4,2024-11-21,0.013931342542734315,0.04697843821290364
ridge,y_XLI,5,2024-11-21,0.013931342542734315,0.054288252005167986
ridge,y_XLI,3,2024-11-25,0.001184656007867435,-0.007187357198438072
ridge,y_XLI,4,2024-11-25,0.001184656007867435,-0.007757239017870994
ridge,y_XLI,5,2024-11-25,0.001184656007867435,-0.009551537535806846
ridge,y_XLI,3,2024-11-26,-0.0036883391796492804,0.02166002810723749
ridge,y_XLI,4,2024-11-26,-0.0036883391796492804,0.03712721244137848
ridge,y_XLI,5,2024-11-26,-0.0036883391796492804,0.039160249281174245
ridge,y_XLI,3,2024-12-02,-0.0062969445575639105,0.009851876084443543
ridge,y_XLI,4,2024-12-02,-0.0062969445575639105,0.008304138745917478
ridge,y_XLI,5,2024-12-02,-0.0062969445575639105,0.0022916785639818522
ridge,y_XLI,3,2024-12-03,0.004365400745693027,0.05279824988229069
ridge,y_XLI,4,2024-12-03,0.004365400745693027,0.05082567127837946
ridge,y_XLI,5,2024-12-03,0.004365400745693027,0.05336683723978096
ridge,y_XLI,3,2024-12-04,-0.01212764471115535,0.008818691714971441
ridge,y_XLI,4,2024-12-04,-0.01212764471115535,0.008752237178411107
ridge,y_XLI,5,2024-12-04,-0.01212764471115535,0.008464201765832045
ridge,y_XLI,3,2024-12-05,-0.002554682359773186,0.012418999836570424
ridge,y_XLI,4,2024-12-05,-0.002554682359773186,0.009923332786134373
ridge,y_XLI,5,2024-12-05,-0.002554682359773186,0.01637750152440184
ridge,y_XLI,4,2024-12-09,-0.00243994689218896,0.0048667687778831525
ridge,y_XLI,5,2024-12-09,-0.00243994689218896,0.001088485379413656
ridge,y_XLI,6,2024-12-09,-0.00243994689218896,0.003356516956136337
ridge,y_XLI,4,2024-12-10,-0.0023024190386992105,0.03480025990434493
ridge,y_XLI,5,2024-12-10,-0.0023024190386992105,0.03086575633775958
ridge,y_XLI,6,2024-12-10,-0.0023024190386992105,0.029929457247365076
ridge,y_XLI,4,2024-12-11,-0.0064176170583418735,-0.005015935576817426
ridge,y_XLI,5,2024-12-11,-0.0064176170583418735,-0.00674900499295786
ridge,y_XLI,6,2024-12-11,-0.0064176170583418735,-0.009311755987317556
ridge,y_XLI,4,2024-12-12,-0.0026126012995084658,-0.019196626258287528
ridge,y_XLI,5,2024-12-12,-0.0026126012995084658,-0.017160691099367673
ridge,y_XLI,6,2024-12-12,-0.0026126012995084658,-0.011497501838952385
ridge,y_XLI,4,2024-12-16,-0.009160508612234386,-0.00820601778336535
ridge,y_XLI,5,2024-12-16,-0.009160508612234386,0.0035427411917222226
ridge,y_XLI,6,2024-12-16,-0.009160508612234386,0.001012593793570184
ridge,y_XLI,4,2024-12-17,-0.02824844708027363,0.006406127608713659
ridge,y_XLI,5,2024-12-17,-0.02824844708027363,0.0032552891870411237
ridge,y_XLI,6,2024-12-17,-0.02824844708027363,0.005330707431706176
ridge,y_XLI,4,2024-12-18,-0.0012837088009413078,0.009424172819849315
ridge,y_XLI,5,2024-12-18,-0.0012837088009413078,0.008766685189601152
ridge,y_XLI,6,2024-12-18,-0.0012837088009413078,0.010865053846697541
ridge,y_XLI,4,2024-12-19,0.011718556251491208,0.013244466407540538
ridge,y_XLI,5,2024-12-19,0.011718556251491208,0.016701403555350873
ridge,y_XLI,6,2024-12-19,0.011718556251491208,0.02199962316321703
ridge,y_XLI,4,2024-12-23,0.0078124373612360465,-0.005337857665349633
ridge,y_XLI,5,2024-12-23,0.0078124373612360465,-0.003310287339744599
ridge,y_XLI,6,2024-12-23,0.0078124373612360465,-0.00021685906756384213
ridge,y_XLI,4,2024-12-26,-0.007448277228731204,-0.02083759099754307
ridge,y_XLI,5,2024-12-26,-0.007448277228731204,-0.014657787877453907
ridge,y_XLI,6,2024-12-26,-0.007448277228731204,-0.015449008033617678
ridge,y_XLI,5,2024-12-30,-0.0012129007898981081,0.0008368449602588889
ridge,y_XLI,6,2024-12-30,-0.0012129007898981081,0.0033001983813316176
ridge,y_XLI,7,2024-12-30,-0.0012129007898981081,0.01425987071006875
ridge,y_XLI,5,2025-01-02,0.010814733569464163,-0.008053109991488956
ridge,y_XLI,6,2025-01-02,0.010814733569464163,-0.007818901879770124
ridge,y_XLI,7,2025-01-02,0.010814733569464163,-0.005559037204634692
ridge,y_XLI,5,2025-01-06,-0.0009816282273480414,0.005925675445777092
ridge,y_XLI,6,2025-01-06,-0.0009816282273480414,-0.003942706490113182
ridge,y_XLI,7,2025-01-06,-0.0009816282273480414,-0.009534441070896934
ridge,y_XLI,5,2025-01-07,0.003930371072581096,-0.01392247434281413
ridge,y_XLI,6,2025-01-07,0.003930371072581096,-0.01759195435770385
ridge,y_XLI,7,2025-01-07,0.003930371072581096,-0.01638832267535533
ridge,y_XLI,5,2025-01-13,0.011816085975218549,-0.009310337903542156
ridge,y_XLI,6,2025-01-13,0.011816085975218549,-0.010261692581620149
ridge,y_XLI,7,2025-01-13,0.011816085975218549,0.012834081889390836
ridge,y_XLI,5,2025-01-14,0.0063224667446304395,-0.006346366816053211
ridge,y_XLI,6,2025-01-14,0.0063224667446304395,-0.0069266514057954925
ridge,y_XLI,7,2025-01-14,0.0063224667446304395,0.0015818829210706427
ridge,y_XLI,5,2025-01-15,0.01212198059540981,0.05201345555088946
ridge,y_XLI,6,2025-01-15,0.01212198059540981,0.039875005227533095
ridge,y_XLI,7,2025-01-15,0.01212198059540981,-0.012221266364757781
ridge,y_XLI,5,2025-01-16,0.0059885684901570535,-0.03410586182723628
ridge,y_XLI,6,2025-01-16,0.0059885684901570535,-0.03490828401964571
ridge,y_XLI,7,2025-01-16,0.0059885684901570535,-0.03209023791323913
ridge,y_XLI,6,2025-01-21,-0.0023472290274723084,-0.006268527408040928
ridge,y_XLI,7,2025-01-21,-0.0023472290274723084,-0.010591142768941375
ridge,y_XLI,8,2025-01-21,-0.0023472290274723084,-0.010545577453232985
ridge,y_XLI,6,2025-01-22,0.010124706195582478,-0.06071623961487428
ridge,y_XLI,7,2025-01-22,0.010124706195582478,-0.04091154683740529
ridge,y_XLI,8,2025-01-22,0.010124706195582478,-0.036208012703757834
ridge,y_XLI,6,2025-01-23,-0.004235131236877132,-0.04362128651915516
ridge,y_XLI,7,2025-01-23,-0.004235131236877132,-0.057064691495515955
ridge,y_XLI,8,2025-01-23,-0.004235131236877132,-0.053142611645353326
ridge,y_XLI,6,2025-01-27,-0.006610054150763878,0.035164345729779674
ridge,y_XLI,7,2025-01-27,-0.006610054150763878,0.03222430615814386
ridge,y_XLI,8,2025-01-27,-0.006610054150763878,0.036151245342095996
ridge,y_XLI,6,2025-01-28,-0.003399460874705884,0.008900154596059322
ridge,y_XLI,7,2025-01-28,-0.003399460874705884,0.008856648981181311
ridge,y_XLI,8,2025-01-28,-0.003399460874705884,0.010694664777746946
ridge,y_XLI,6,2025-01-29,0.011176388505485635,0.01101141646060732
ridge,y_XLI,7,2025-01-29,0.011176388505485635,0.02179032620412065
ridge,y_XLI,8,2025-01-29,0.011176388505485635,0.010423022803750922
ridge,y_XLI,6,2025-01-30,-0.007033475091575148,-0.046972709746337854
ridge,y_XLI,7,2025-01-30,-0.007033475091575148,-0.03888976011210301
ridge,y_XLI,8,2025-01-30,-0.007033475091575148,-0.02888703629486748
ridge,y_XLI,6,2025-02-03,0.0002920241496970899,-0.011212766789574337
ridge,y_XLI,7,2025-02-03,0.0002920241496970899,-0.00878143326959125
ridge,y_XLI,8,2025-02-03,0.0002920241496970899,-0.007945236121659122
ridge,y_XLI,6,2025-02-04,0.0007297343491512454,-0.10456283437228034
ridge,y_XLI,7,2025-02-04,0.0007297343491512454,-0.07845725856211899
ridge,y_XLI,8,2025-02-04,0.0007297343491512454,-0.08086538033934983
ridge,y_XLI,6,2025-02-05,0.004521753216939262,0.0030966935533956064
ridge,y_XLI,7,2025-02-05,0.004521753216939262,0.012700542049406184
ridge,y_XLI,8,2025-02-05,0.004521753216939262,0.01521787107943074
ridge,y_XLI,6,2025-02-06,-0.0029765631448588348,0.18134431184419902
ridge,y_XLI,7,2025-02-06,-0.0029765631448588348,0.12978238256086996
ridge,y_XLI,8,2025-02-06,-0.0029765631448588348,0.1464294058967671
ridge,y_XLI,7,2025-02-10,0.00036081189821879356,0.027016819364978222
ridge,y_XLI,8,2025-02-10,0.00036081189821879356,0.025019958996239273
ridge,y_XLI,9,2025-02-10,0.00036081189821879356,0.01946150593807826
ridge,y_XLI,7,2025-02-11,-0.0062044628118357315,-0.06399171115940415
ridge,y_XLI,8,2025-02-11,-0.0062044628118357315,-0.05588879838021009
ridge,y_XLI,9,2025-02-11,-0.0062044628118357315,-0.05023135884656164
ridge,y_XLI,7,2025-02-12,0.0010162589072846284,-0.020938007679650723
ridge,y_XLI,8,2025-02-12,0.0010162589072846284,-0.020360262489938604
ridge,y_XLI,9,2025-02-12,0.0010162589072846284,-0.02705567297626444
ridge,y_XLI,7,2025-02-13,-0.0024655997844352795,-0.015285767611815698
ridge,y_XLI,8,2025-02-13,-0.0024655997844352795,-0.03285611901214989
ridge,y_XLI,9,2025-02-13,-0.0024655997844352795,-0.05543944937314011
ridge,y_XLI,7,2025-02-18,0.0010099194374175724,0.15979285356020886
ridge,y_XLI,8,2025-02-18,0.0010099194374175724,0.1706170612725462
ridge,y_XLI,9,2025-02-18,0.0010099194374175724,0.16911146833382595
ridge,y_XLI,7,2025-02-19,-0.006557686236951521,-0.04827057131695842
ridge,y_XLI,8,2025-02-19,-0.006557686236951521,-0.05012042707437837
ridge,y_XLI,9,2025-02-19,-0.006557686236951521,-0.03943123010781528
ridge,y_XLI,7,2025-02-20,-0.021906300064113537,-0.001079637486381029
ridge,y_XLI,8,2025-02-20,-0.021906300064113537,-0.00037906956619727407
ridge,y_XLI,9,2025-02-20,-0.021906300064113537,-0.002419117533621234
ridge,y_XLI,7,2025-02-24,0.005140561656604925,-0.016559648174234977
ridge,y_XLI,8,2025-02-24,0.005140561656604925,-0.020171320702541667
ridge,y_XLI,9,2025-02-24,0.005140561656604925,-0.0010425172482341474
ridge,y_XLI,7,2025-02-25,0.0005928510033925694,-0.0031625101628133985
ridge,y_XLI,8,2025-02-25,0.0005928510033925694,0.0006003002514487509
ridge,y_XLI,9,2025-02-25,0.0005928510033925694,-0.001537926445458884
ridge,y_XLI,7,2025-02-26,-0.0034814372615993294,0.06141173931837446
ridge,y_XLI,8,2025-02-26,-0.0034814372615993294,0.05539676368167671
ridge,y_XLI,9,2025-02-26,-0.0034814372615993294,0.05711975557665285
ridge,y_XLI,7,2025-02-27,0.013379945328563236,-0.01946335152546713
ridge,y_XLI,8,2025-02-27,0.013379945328563236,-0.014329100562463271
ridge,y_XLI,9,2025-02-27,0.013379945328563236,-0.00927270944833401
ridge,y_XLI,8,2025-03-03,-0.01949540716816711,-0.0012718999462118011
ridge,y_XLI,9,2025-03-03,-0.01949540716816711,-0.006152773273536884
ridge,y_XLI,10,2025-03-03,-0.01949540716816711,-0.005288448036759088
ridge,y_XLI,8,2025-03-04,0.015785070326540085,-0.04033209838854518
ridge,y_XLI,9,2025-03-04,0.015785070326540085,-0.04279524514703504
ridge,y_XLI,10,2025-03-04,0.015785070326540085,-0.039821912187842395
ridge,y_XLI,8,2025-03-05,-0.008591732475558445,-0.0065568518080770105
ridge,y_XLI,9,2025-03-05,-0.008591732475558445,-0.008692570137019117
ridge,y_XLI,10,2025-03-05,-0.008591732475558445,-0.009709187783640006
ridge,y_XLI,8,2025-03-06,0.011680385268654225,-0.026271935702862494
ridge,y_XLI,9,2025-03-06,0.011680385268654225,-0.028843899547395507
ridge,y_XLI,10,2025-03-06,0.011680385268654225,-0.025684028408151805
ridge,y_XLI,8,2025-03-10,-0.015361368782411788,-0.021482946874174763
ridge,y_XLI,9,2025-03-10,-0.015361368782411788,-0.01183311176848173
ridge,y_XLI,10,2025-03-10,-0.015361368782411788,-0.011194981523537588
ridge,y_XLI,8,2025-03-11,-7.691439879153883e-05,-0.004482515090807087
ridge,y_XLI,9,2025-03-11,-7.691439879153883e-05,-0.008196688702294586
ridge,y_XLI,10,2025-03-11,-7.691439879153883e-05,-0.011467935135912965
ridge,y_XLI,8,2025-03-12,-0.010221960880729242,-0.0033563491478318325
ridge,y_XLI,9,2025-03-12,-0.010221960880729242,-0.003919359518150079
ridge,y_XLI,10,2025-03-12,-0.010221960880729242,-0.0020892310179482973
ridge,y_XLI,8,2025-03-13,0.01824830318875348,-0.009881312672610974
ridge,y_XLI,9,2025-03-13,0.01824830318875348,-0.010316867057371986
ridge,y_XLI,10,2025-03-13,0.01824830318875348,-0.009896064141961109
ridge,y_XLI,8,2025-03-17,-0.007973465067831365,-0.017496314914016226
ridge,y_XLI,9,2025-03-17,-0.007973465067831365,-0.019326047176104526
ridge,y_XLI,10,2025-03-17,-0.007973465067831365,-0.01867219477049606
ridge,y_XLI,8,2025-03-18,0.013269479563626785,0.0009156630655548167
ridge,y_XLI,9,2025-03-18,0.013269479563626785,-0.011996277511502024
ridge,y_XLI,10,2025-03-18,0.013269479563626785,-0.007038543133130284
ridge,y_XLI,8,2025-03-19,-0.005013623322145944,0.020100057681014756
ridge,y_XLI,9,2025-03-19,-0.005013623322145944,0.022689292791402266
ridge,y_XLI,10,2025-03-19,-0.005013623322145944,0.023187535619386856
ridge,y_XLI,8,2025-03-20,-0.005340088766861872,-0.03426692049993819
ridge,y_XLI,9,2025-03-20,-0.005340088766861872,-0.033686475655497206
ridge,y_XLI,10,2025-03-20,-0.005340088766861872,-0.02912508470532568
ridge,y_XLI,9,2025-03-24,0.0014894011367219129,0.003011422577551235
ridge,y_XLI,10,2025-03-24,0.0014894011367219129,0.0038840842248413945
ridge,y_XLI,11,2025-03-24,0.0014894011367219129,0.0038540670183856503
ridge,y_XLI,9,2025-03-25,-0.006617691575256934,-0.09504587497976465
ridge,y_XLI,10,2025-03-25,-0.006617691575256934,-0.09223874144102517
ridge,y_XLI,11,2025-03-25,-0.006617691575256934,-0.10069933984460762
ridge,y_XLI,9,2025-03-26,-0.005314277654155042,0.016484858240711234
ridge,y_XLI,10,2025-03-26,-0.005314277654155042,0.01466004047555991
ridge,y_XLI,11,2025-03-26,-0.005314277654155042,0.01602632902098547
ridge,y_XLI,9,2025-03-27,-0.02061871461670517,0.04078974433011325
ridge,y_XLI,10,2025-03-27,-0.02061871461670517,0.03684709106019891
ridge,y_XLI,11,2025-03-27,-0.02061871461670517,0.06118042345438625
ridge,y_XLI,9,2025-03-31,0.005645696622606167,-0.014214882890084556
ridge,y_XLI,10,2025-03-31,0.005645696622606167,-0.010987830530814414
ridge,y_XLI,11,2025-03-31,0.005645696622606167,-0.007793305150890528
ridge,y_XLI,9,2025-04-01,0.009407679242958489,-0.044927626330833643
ridge,y_XLI,10,2025-04-01,0.009407679242958489,-0.040206096661227264
ridge,y_XLI,11,2025-04-01,0.009407679242958489,0.0018684939434566708
ridge,y_XLI,9,2025-04-02,-0.054115132612175265,0.016738029711910667
ridge,y_XLI,10,2025-04-02,-0.054115132612175265,0.0197194107868184
ridge,y_XLI,11,2025-04-02,-0.054115132612175265,0.015982537680940267
ridge,y_XLI,9,2025-04-03,-0.06285253481970621,-0.010615911994721706
ridge,y_XLI,10,2025-04-03,-0.06285253481970621,-0.0063780089948483314
ridge,y_XLI,11,2025-04-03,-0.06285253481970621,-0.0010485203357344266
ridge,y_XLI,9,2025-04-07,-0.008263011808393728,0.044637233722358255
ridge,y_XLI,10,2025-04-07,-0.008263011808393728,0.03948800090114858
ridge,y_XLI,11,2025-04-07,-0.008263011808393728,0.042416581757053026
ridge,y_XLI,9,2025-04-08,0.08881637095097594,0.001304043648486187
ridge,y_XLI,10,2025-04-08,0.08881637095097594,0.004114761768508582
ridge,y_XLI,11,2025-04-08,0.08881637095097594,0.0009552338923402567
ridge,y_XLI,9,2025-04-09,-0.02579682627776836,-0.003931612626895959
ridge,y_XLI,10,2025-04-09,-0.02579682627776836,-0.004742036541963693
ridge,y_XLI,11,2025-04-09,-0.02579682627776836,-0.006090936601412124
ridge,y_XLI,9,2025-04-10,0.017653282856253893,-0.012304271893988177
ridge,y_XLI,10,2025-04-10,0.017653282856253893,-0.010964123377101828
ridge,y_XLI,11,2025-04-10,0.017653282856253893,-0.01111844213027445
ridge,y_XLI,10,2025-04-14,-0.004961518296979994,0.030074598214367015
ridge,y_XLI,11,2025-04-14,-0.004961518296979994,0.034014897010945025
ridge,y_XLI,12,2025-04-14,-0.004961518296979994,0.024854500313727178
ridge,y_XLI,10,2025-04-15,-0.01369213135726799,0.035546673676060486
ridge,y_XLI,11,2025-04-15,-0.01369213135726799,0.03358535379934928
ridge,y_XLI,12,2025-04-15,-0.01369213135726799,0.04479573319172098
ridge,y_XLI,10,2025-04-16,0.005456659244029494,-0.009740164615148268
ridge,y_XLI,11,2025-04-16,0.005456659244029494,-0.0024788578619052005
ridge,y_XLI,12,2025-04-16,0.005456659244029494,-0.0013068363961643383
ridge,y_XLI,10,2025-04-21,0.017470827346677265,-0.023225877496645658
ridge,y_XLI,11,2025-04-21,0.017470827346677265,-0.02051267514284894
ridge,y_XLI,12,2025-04-21,0.017470827346677265,-0.020382426602021494
ridge,y_XLI,10,2025-04-22,0.012517100959212879,-0.019418062680704905
ridge,y_XLI,11,2025-04-22,0.012517100959212879,-0.01735604563414525
ridge,y_XLI,12,2025-04-22,0.012517100959212879,-0.019227090694914593
ridge,y_XLI,10,2025-04-23,0.022426464118537215,0.00032361924337435824
ridge,y_XLI,11,2025-04-23,0.022426464118537215,0.011342806005830383
ridge,y_XLI,12,2025-04-23,0.022426464118537215,0.010133360687060588
ridge,y_XLI,10,2025-04-24,-7.751188869220549e-05,0.009744551805873043
ridge,y_XLI,11,2025-04-24,-7.751188869220549e-05,0.00827467138150505
ridge,y_XLI,12,2025-04-24,-7.751188869220549e-05,0.00834360925509728
ridge,y_XLI,10,2025-04-28,0.00648939471829757,-0.013958284851015246
ridge,y_XLI,11,2025-04-28,0.00648939471829757,-0.018412147612600026
ridge,y_XLI,12,2025-04-28,0.00648939471829757,-0.015321224872519783
ridge,y_XLI,10,2025-04-29,0.007215294682336282,-0.008768040182938438
ridge,y_XLI,11,2025-04-29,0.007215294682336282,-0.014969369331147677
ridge,y_XLI,12,2025-04-29,0.007215294682336282,-0.015882606904050803
ridge,y_XLI,10,2025-04-30,0.007544610071945179,-9.995546474805123e-05
ridge,y_XLI,11,2025-04-30,0.007544610071945179,0.0015820603024106611
ridge,y_XLI,12,2025-04-30,0.007544610071945179,0.002986104691085501
ridge,y_XLI,10,2025-05-01,0.01792596309550598,-0.05712909632951347
ridge,y_XLI,11,2025-05-01,0.01792596309550598,-0.08882200637341033
ridge,y_XLI,12,2025-05-01,0.01792596309550598,-0.09241271795934096
ridge,y_XLI,11,2025-05-05,-0.008763514077637868,0.03152408896349869
ridge,y_XLI,12,2025-05-05,-0.008763514077637868,0.032620507350598106
ridge,y_XLI,13,2025-05-05,-0.008763514077637868,0.03693698415800499
ridge,y_XLI,11,2025-05-06,0.005094728795668191,-0.002352424576690579
ridge,y_XLI,12,2025-05-06,0.005094728795668191,-0.03111062374000448
ridge,y_XLI,13,2025-05-06,0.005094728795668191,-0.0235671647978722
ridge,y_XLI,11,2025-05-07,0.013790591897869131,-0.01710114288337126
ridge,y_XLI,12,2025-05-07,0.013790591897869131,-0.010697821266654747
ridge,y_XLI,13,2025-05-07,0.013790591897869131,-0.010522909287973581
ridge,y_XLI,11,2025-05-08,0.0008088140663118359,-0.11077427368824948
ridge,y_XLI,12,2025-05-08,0.0008088140663118359,-0.11702491476431032
ridge,y_XLI,13,2025-05-08,0.0008088140663118359,-0.10148756189959471
ridge,y_XLI,11,2025-05-12,0.006985000094527072,0.01704046244545071
ridge,y_XLI,12,2025-05-12,0.006985000094527072,0.015033137736306771
ridge,y_XLI,13,2025-05-12,0.006985000094527072,0.015295744872672792
ridge,y_XLI,11,2025-05-13,-0.004813090646012874,0.004276636839926625
ridge,y_XLI,12,2025-05-13,-0.004813090646012874,0.0024996627517128263
ridge,y_XLI,13,2025-05-13,-0.004813090646012874,0.0022767408338302316
ridge,y_XLI,11,2025-05-14,0.01109529516051655,0.011642452896931594
ridge,y_XLI,12,2025-05-14,0.01109529516051655,0.010817182575391627
ridge,y_XLI,13,2025-05-14,0.01109529516051655,0.011932495814277641
ridge,y_XLI,11,2025-05-15,0.011395624772605029,-0.005477124709060571
ridge,y_XLI,12,2025-05-15,0.011395624772605029,-0.009518810999435627
ridge,y_XLI,13,2025-05-15,0.011395624772605029,-0.010018291282846417
ridge,y_XLI,11,2025-05-19,-0.00360445622425809,-0.010532814525213837
ridge,y_XLI,12,2025-05-19,-0.00360445622425809,-0.0004809057763324507
ridge,y_XLI,13,2025-05-19,-0.00360445622425809,-0.005779608114990368
ridge,y_XLI,11,2025-05-20,-0.016904316116804763,-0.00682762367314787
ridge,y_XLI,12,2025-05-20,-0.016904316116804763,-0.0021269151501916925
ridge,y_XLI,13,2025-05-20,-0.016904316116804763,-0.004141957435860357
ridge,y_XLI,11,2025-05-21,-0.0002123511318719018,-0.03460984454564073
ridge,y_XLI,12,2025-05-21,-0.0002123511318719018,-0.03498043755205224
ridge,y_XLI,13,2025-05-21,-0.0002123511318719018,-0.03309459339624947
ridge,y_XLI,11,2025-05-22,-0.003255578047921426,0.049834841963679974
ridge,y_XLI,12,2025-05-22,-0.003255578047921426,0.06569667826170697
ridge,y_XLI,13,2025-05-22,-0.003255578047921426,0.06270778255513872
ridge,y_XLI,12,2025-05-27,-0.004954207476914885,-0.002028491694263436
ridge,y_XLI,13,2025-05-27,-0.004954207476914885,-0.00123682967781447
ridge,y_XLI,14,2025-05-27,-0.004954207476914885,-8.714723052758019e-06
ridge,y_XLI,12,2025-05-28,0.0009115318785808402,-0.0021843503436669966
ridge,y_XLI,13,2025-05-28,0.0009115318785808402,-0.004757510671488355
ridge,y_XLI,14,2025-05-28,0.0009115318785808402,-0.005396667340071622
ridge,y_XLI,12,2025-05-29,0.0006306520447301178,0.004155136899740359
ridge,y_XLI,13,2025-05-29,0.0006306520447301178,0.007676637513726066
ridge,y_XLI,14,2025-05-29,0.0006306520447301178,0.007619699526591436
ridge,y_XLI,12,2025-06-02,0.007711847695224483,-0.014379927110390777
ridge,y_XLI,13,2025-06-02,0.007711847695224483,-0.01753469636892574
ridge,y_XLI,14,2025-06-02,0.007711847695224483,-0.016347225262435428
ridge,y_XLI,12,2025-06-03,0.0005564855944579783,-0.03174423191696403
ridge,y_XLI,13,2025-06-03,0.0005564855944579783,-0.031200611547021227
ridge,y_XLI,14,2025-06-03,0.0005564855944579783,-0.029399430272690544
ridge,y_XLI,12,2025-06-04,-0.0006953541443481814,0.006267343886565631
ridge,y_XLI,13,2025-06-04,-0.0006953541443481814,0.010387546361774413
ridge,y_XLI,14,2025-06-04,-0.0006953541443481814,0.010652523369102157
ridge,y_XLI,12,2025-06-05,0.008419049630149056,-0.0034339507918736785
ridge,y_XLI,13,2025-06-05,0.008419049630149056,-0.0038702449141899166
ridge,y_XLI,14,2025-06-05,0.008419049630149056,-0.0035875812996108685
ridge,y_XLI,12,2025-06-09,-0.004350816402427626,0.015198463053563243
ridge,y_XLI,13,2025-06-09,-0.004350816402427626,0.02757235540254136
ridge,y_XLI,14,2025-06-09,-0.004350816402427626,0.027769507388013263
ridge,y_XLI,12,2025-06-10,0.000485619719754693,0.005176713281422049
ridge,y_XLI,13,2025-06-10,0.000485619719754693,0.005457851976527761
ridge,y_XLI,14,2025-06-10,0.000485619719754693,0.005988933597709721
ridge,y_XLI,12,2025-06-11,-0.0026345446515333437,0.0008564798428962106
ridge,y_XLI,13,2025-06-11,-0.0026345446515333437,0.0027713973910942387
ridge,y_XLI,14,2025-06-11,-0.0026345446515333437,0.004523832466667706
ridge,y_XLI,12,2025-06-12,-0.008410963194853904,0.005194594987254865
ridge,y_XLI,13,2025-06-12,-0.008410963194853904,0.002656440457784766
ridge,y_XLI,14,2025-06-12,-0.008410963194853904,0.0023449333040018155
ridge,y_XLI,13,2025-07-02,0.008504224977085473,-0.04033125447375456
ridge,y_XLI,14,2025-07-02,0.008504224977085473,-0.03930762032899199
ridge,y_XLI,15,2025-07-02,0.008504224977085473,-0.04600089113535035
ridge,y_XLI,13,2025-07-07,-0.00026855993331531547,-0.007740223025790085
ridge,y_XLI,14,2025-07-07,-0.00026855993331531547,-0.008439667902544138
ridge,y_XLI,15,2025-07-07,-0.00026855993331531547,-0.008382856974483974
ridge,y_XLI,13,2025-07-08,0.006986293050846637,-0.0030896102026745616
ridge,y_XLI,14,2025-07-08,0.006986293050846637,0.00011773246589165398
ridge,y_XLI,15,2025-07-08,0.006986293050846637,0.0005038317708749225
ridge,y_XLI,13,2025-07-09,0.005603879043678983,-0.004200148496061573
ridge,y_XLI,14,2025-07-09,0.005603879043678983,-0.004229591079966622
ridge,y_XLI,15,2025-07-09,0.005603879043678983,-0.005076907042068864
ridge,y_XLI,13,2025-07-10,-0.003582374521528986,-0.0064244377747001225
ridge,y_XLI,14,2025-07-10,-0.003582374521528986,-0.007360785592376534
ridge,y_XLI,15,2025-07-10,-0.003582374521528986,-0.0042663854922446965
ridge,y_XLI,13,2025-07-14,-0.00748282136716194,-0.015066944790660881
ridge,y_XLI,14,2025-07-14,-0.00748282136716194,-0.01280093687499261
ridge,y_XLI,15,2025-07-14,-0.00748282136716194,-0.013343177141218202
ridge,y_XLI,13,2025-07-15,0.003536049248656248,-0.0021269582458850415
ridge,y_XLI,14,2025-07-15,0.003536049248656248,-0.0014012602660564064
ridge,y_XLI,15,2025-07-15,0.003536049248656248,0.000966902187339795
ridge,y_XLI,13,2025-07-16,0.009241450015613495,0.016217757444175626
ridge,y_XLI,14,2025-07-16,0.009241450015613495,0.01640138753888575
ridge,y_XLI,15,2025-07-16,0.009241450015613495,0.01413224501982004
ridge,y_XLI,13,2025-07-17,-0.002239807584171749,0.02807052281563185
ridge,y_XLI,14,2025-07-17,-0.002239807584171749,0.023835920622438295
ridge,y_XLI,15,2025-07-17,-0.002239807584171749,0.025052077990603237
ridge,y_XLI,13,2025-07-21,0.002389517959447973,-0.0009597451116122729
ridge,y_XLI,14,2025-07-21,0.002389517959447973,-0.0017821894623381688
ridge,y_XLI,15,2025-07-21,0.002389517959447973,-0.001140722897441266
ridge,y_XLI,13,2025-07-22,0.01794452992512796,0.025016027217325505
ridge,y_XLI,14,2025-07-22,0.01794452992512796,0.022681003276741083
ridge,y_XLI,15,2025-07-22,0.01794452992512796,0.025341066525851354
ridge,y_XLI,13,2025-07-23,-0.001691243924857977,-0.0005491473569581447
ridge,y_XLI,14,2025-07-23,-0.001691243924857977,-0.0018721392172120863
ridge,y_XLI,15,2025-07-23,-0.001691243924857977,-0.0015103097568902233
ridge,y_XLI,14,2025-07-24,0.009904191825520492,-0.0009511222231318309
ridge,y_XLI,15,2025-07-24,0.009904191825520492,-0.0016612411314080987
ridge,y_XLI,16,2025-07-24,0.009904191825520492,-0.0025558216546684425
ridge,y_XLI,14,2025-07-28,-0.011390779375242466,5.150058003276976e-05
ridge,y_XLI,15,2025-07-28,-0.011390779375242466,0.00039646361833124585
ridge,y_XLI,16,2025-07-28,-0.011390779375242466,0.001028771480568259
ridge,y_XLI,14,2025-07-29,-0.0049100152615790815,0.0025684395409434806
ridge,y_XLI,15,2025-07-29,-0.0049100152615790815,0.004077447691256233
ridge,y_XLI,16,2025-07-29,-0.0049100152615790815,0.005357574995686551
ridge,y_XLI,14,2025-07-30,6.574539499015764e-05,-0.020826318210168004
ridge,y_XLI,15,2025-07-30,6.574539499015764e-05,-0.023125735620260903
ridge,y_XLI,16,2025-07-30,6.574539499015764e-05,-0.029110487644071207
ridge,y_XLI,14,2025-07-31,-0.014933135260537966,-0.03077987946422356
ridge,y_XLI,15,2025-07-31,-0.014933135260537966,-0.02921476250487825
ridge,y_XLI,16,2025-07-31,-0.014933135260537966,-0.02591364932219453
ridge,y_XLI,14,2025-08-04,-0.0020511964888952905,-0.023446925705875064
ridge,y_XLI,15,2025-08-04,-0.0020511964888952905,-0.024276632231763694
ridge,y_XLI,16,2025-08-04,-0.0020511964888952905,-0.02294178236262451
ridge,y_XLI,14,2025-08-05,0.0007955777944899101,-0.02366865394443113
ridge,y_XLI,15,2025-08-05,0.0007955777944899101,-0.023499633017546623
ridge,y_XLI,16,2025-08-05,0.0007955777944899101,-0.024119339771372508
ridge,y_XLI,14,2025-08-06,-0.0014574677241898648,0.017992324159272904
ridge,y_XLI,15,2025-08-06,-0.0014574677241898648,0.016889385013770377
ridge,y_XLI,16,2025-08-06,-0.0014574677241898648,0.016484071476692258
ridge,y_XLI,14,2025-08-07,0.0007961056519114607,0.0009132727374915108
ridge,y_XLI,15,2025-08-07,0.0007961056519114607,0.0017147010870023972
ridge,y_XLI,16,2025-08-07,0.0007961056519114607,0.0048308586834712045
ridge,y_XLI,14,2025-08-11,0.010376481339145815,-0.007079974902902113
ridge,y_XLI,15,2025-08-11,0.010376481339145815,-0.00857199379314773
ridge,y_XLI,16,2025-08-11,0.010376481339145815,-0.008411774572573966
ridge,y_XLI,14,2025-08-12,0.003818273462265598,-0.008272144523867727
ridge,y_XLI,15,2025-08-12,0.003818273462265598,-0.007629305761954443
ridge,y_XLI,16,2025-08-12,0.003818273462265598,-0.001307386289533677
ridge,y_XLI,15,2025-08-13,-0.008853536226871905,-0.007361243834003148
ridge,y_XLI,16,2025-08-13,-0.008853536226871905,-0.006005916588631087
ridge,y_XLI,17,2025-08-13,-0.008853536226871905,-0.004012260717250484
ridge,y_XLI,15,2025-08-14,-0.004565700007029494,0.004774156786730586
ridge,y_XLI,16,2025-08-14,-0.004565700007029494,0.003381553040552757
ridge,y_XLI,17,2025-08-14,-0.004565700007029494,0.003930645200479931
ridge,y_XLI,15,2025-08-18,0.00218495750815495,-0.011631684163374085
ridge,y_XLI,16,2025-08-18,0.00218495750815495,-0.010442784777198262
ridge,y_XLI,17,2025-08-18,0.00218495750815495,-0.010652051603591579
ridge,y_XLI,15,2025-08-19,-0.000924835317353101,0.0054387804066489565
ridge,y_XLI,16,2025-08-19,-0.000924835317353101,0.002982484109152214
ridge,y_XLI,17,2025-08-19,-0.000924835317353101,0.001055250458010071
ridge,y_XLI,15,2025-08-20,-0.0035710033793583396,-0.0025901123901374322
ridge,y_XLI,16,2025-08-20,-0.0035710033793583396,-0.002808005003359897
ridge,y_XLI,17,2025-08-20,-0.0035710033793583396,-0.0009889789476443822
ridge,y_XLI,15,2025-08-21,0.016325967141143094,0.0020130664525347397
ridge,y_XLI,16,2025-08-21,0.016325967141143094,0.0018935917916806586
ridge,y_XLI,17,2025-08-21,0.016325967141143094,0.0040396494638432244
ridge,y_XLI,15,2025-08-25,0.010289559405098236,0.0023119768569462022
ridge,y_XLI,16,2025-08-25,0.010289559405098236,0.001146547218966533
ridge,y_XLI,17,2025-08-25,0.010289559405098236,0.0014599445131675108
ridge,y_XLI,15,2025-08-26,-0.00013068712318298203,0.014737436232574248
ridge,y_XLI,16,2025-08-26,-0.00013068712318298203,0.017254774847008294
ridge,y_XLI,17,2025-08-26,-0.00013068712318298203,0.012740111523861172
ridge,y_XLI,15,2025-08-27,0.0017630009524742807,-0.013678897197500421
ridge,y_XLI,16,2025-08-27,0.0017630009524742807,-0.010002067898317132
ridge,y_XLI,17,2025-08-27,0.0017630009524742807,-0.011771749295906391
ridge,y_XLI,15,2025-08-28,-0.009190512943900275,0.015144806243671328
ridge,y_XLI,16,2025-08-28,-0.009190512943900275,0.014119848247409389
ridge,y_XLI,17,2025-08-28,-0.009190512943900275,0.011022374404291522
ridge,y_XLI,15,2025-09-02,-0.005047809339790099,-0.01309438335004405
ridge,y_XLI,16,2025-09-02,-0.005047809339790099,-0.011405828314649738
ridge,y_XLI,17,2025-09-02,-0.005047809339790099,-0.018438583342313554
ridge,y_XLI,16,2025-09-03,0.011281745174848368,0.01088725226239056
ridge,y_XLI,17,2025-09-03,0.011281745174848368,0.01034787518266259
ridge,y_XLI,18,2025-09-03,0.011281745174848368,0.009524284623159575
ridge,y_XLI,16,2025-09-04,-0.0036966740184048996,0.005613176846024331
ridge,y_XLI,17,2025-09-04,-0.0036966740184048996,0.017142031347243274
ridge,y_XLI,18,2025-09-04,-0.0036966740184048996,0.016659442434297185
ridge,y_XLI,16,2025-09-08,-0.006742965317202976,-0.006346148074226906
ridge,y_XLI,17,2025-09-08,-0.006742965317202976,-0.005881938030357783
ridge,y_XLI,18,2025-09-08,-0.006742965317202976,-0.006144125943206429
ridge,y_XLI,16,2025-09-09,0.007387648859620288,-0.011908357424307495
ridge,y_XLI,17,2025-09-09,0.007387648859620288,-0.01032021633149522
ridge,y_XLI,18,2025-09-09,0.007387648859620288,-0.00909058326107808
ridge,y_XLI,16,2025-09-10,0.009513767197061318,-0.018253467731197126
ridge,y_XLI,17,2025-09-10,0.009513767197061318,-0.025778272831566938
ridge,y_XLI,18,2025-09-10,0.009513767197061318,-0.026070322853032724
ridge,y_XLI,16,2025-09-11,-0.007984276349555786,0.0006163579846044468
ridge,y_XLI,17,2025-09-11,-0.007984276349555786,-0.0018753666630725227
ridge,y_XLI,18,2025-09-11,-0.007984276349555786,-0.001653297457435895
ridge,y_XLI,16,2025-09-15,-0.0029551218258311307,0.0019059055817365108
ridge,y_XLI,17,2025-09-15,-0.0029551218258311307,0.005612458714014913
ridge,y_XLI,18,2025-09-15,-0.0029551218258311307,0.005544458548327563
ridge,y_XLI,16,2025-09-16,-0.004544549188922553,-0.004871641080683199
ridge,y_XLI,17,2025-09-16,-0.004544549188922553,-0.006015466658487858
ridge,y_XLI,18,2025-09-16,-0.004544549188922553,-0.005485271795534238
ridge,y_XLI,16,2025-09-17,0.010652358273638418,0.027935846939483668
ridge,y_XLI,17,2025-09-17,0.010652358273638418,0.028573010351843606
ridge,y_XLI,18,2025-09-17,0.010652358273638418,0.028856680029529326
ridge,y_XLI,16,2025-09-18,0.0024222460136762436,0.031190598920074995
ridge,y_XLI,17,2025-09-18,0.0024222460136762436,0.024220435275379492
ridge,y_XLI,18,2025-09-18,0.0024222460136762436,0.028444649800242517
ridge,y_XLI,16,2025-09-22,0.00026138864418445706,0.003615551203989705
ridge,y_XLI,17,2025-09-22,0.00026138864418445706,0.009039117897224844
ridge,y_XLI,18,2025-09-22,0.00026138864418445706,0.010414869009838764
ridge,y_XLI,17,2025-09-23,-0.0051620771365213924,0.04180826914256237
ridge,y_XLI,18,2025-09-23,-0.0051620771365213924,0.04182293724008974
ridge,y_XLI,19,2025-09-23,-0.0051620771365213924,0.04206364362452742
ridge,y_XLI,17,2025-09-24,-0.0067651213349265715,0.02771470079922595
ridge,y_XLI,18,2025-09-24,-0.0067651213349265715,0.020117921749898987
ridge,y_XLI,19,2025-09-24,-0.0067651213349265715,0.011952186873250172
ridge,y_XLI,17,2025-09-25,0.008993546010657383,0.01805415380690796
ridge,y_XLI,18,2025-09-25,0.008993546010657383,0.017782784913673206
ridge,y_XLI,19,2025-09-25,0.008993546010657383,0.019507989120824288
ridge,y_XLI,17,2025-09-29,0.007709846931507336,0.008480944203412895
ridge,y_XLI,18,2025-09-29,0.007709846931507336,0.009017820593993817
ridge,y_XLI,19,2025-09-29,0.007709846931507336,0.006802906427911233
ridge,y_XLI,17,2025-09-30,-0.0027879158742935006,-0.006810677913554125
ridge,y_XLI,18,2025-09-30,-0.0027879158742935006,-0.006641069256509677
ridge,y_XLI,19,2025-09-30,-0.0027879158742935006,-0.005459389073399042
ridge,y_XLI,17,2025-10-01,0.002600688320287148,0.0334668036968003
ridge,y_XLI,18,2025-10-01,0.002600688320287148,0.030451598250981298
ridge,y_XLI,19,2025-10-01,0.002600688320287148,0.0322701664970182
ridge,y_XLI,17,2025-10-02,0.0013619090636756148,-0.0038993584606078213
ridge,y_XLI,18,2025-10-02,0.0013619090636756148,-0.004393852168336098
ridge,y_XLI,19,2025-10-02,0.0013619090636756148,-0.0030837723545785933
ridge,y_XLI,17,2025-10-06,-0.005672678505054041,0.008024563857736708
ridge,y_XLI,18,2025-10-06,-0.005672678505054041,0.00729816138113044
ridge,y_XLI,19,2025-10-06,-0.005672678505054041,0.005865228574720579
ridge,y_XLI,17,2025-10-07,0.00868714764111056,-0.014501521337006263
ridge,y_XLI,18,2025-10-07,0.00868714764111056,-0.0140362266773743
ridge,y_XLI,19,2025-10-07,0.00868714764111056,-0.013392826625649555
ridge,y_XLI,17,2025-10-08,-0.014782412139570544,0.023955340512496544
ridge,y_XLI,18,2025-10-08,-0.014782412139570544,0.022710708997618997
ridge,y_XLI,19,2025-10-08,-0.014782412139570544,0.020647991829910322
ridge,y_XLI,17,2025-10-09,-0.022114974615258576,-0.014236270732367436
ridge,y_XLI,18,2025-10-09,-0.022114974615258576,-0.013453198156566284
ridge,y_XLI,19,2025-10-09,-0.022114974615258576,-0.011099164561356208
ridge,y_XLI,18,2025-10-13,0.011752287306708853,-0.020162842478320318
ridge,y_XLI,19,2025-10-13,0.011752287306708853,-0.023057060323621984
ridge,y_XLI,20,2025-10-13,0.011752287306708853,-0.01867338836237127
ridge,y_XLI,18,2025-10-14,-0.00417646754375145,0.020798086509368062
ridge,y_XLI,19,2025-10-14,-0.00417646754375145,0.022501343633466033
ridge,y_XLI,20,2025-10-14,-0.00417646754375145,0.022201875602614028
ridge,y_XLI,18,2025-10-15,-0.006553049176564518,0.009779886639239661
ridge,y_XLI,19,2025-10-15,-0.006553049176564518,0.013502045113212938
ridge,y_XLI,20,2025-10-15,-0.006553049176564518,0.011262373209285251
ridge,y_XLI,18,2025-10-16,0.0008574591777723573,-0.027357737312930775
ridge,y_XLI,19,2025-10-16,0.0008574591777723573,-0.027320834345401633
ridge,y_XLI,20,2025-10-16,0.0008574591777723573,-0.023496520277849698
ridge,y_XLI,18,2025-10-20,0.008858807120356582,0.025497730720663622
ridge,y_XLI,19,2025-10-20,0.008858807120356582,0.02535588214016993
ridge,y_XLI,20,2025-10-20,0.008858807120356582,0.02452603594052946
ridge,y_XLI,18,2025-10-21,-0.012977815387565927,-0.004956005344642259
ridge,y_XLI,19,2025-10-21,-0.012977815387565927,-0.0060173014554336665
ridge,y_XLI,20,2025-10-21,-0.012977815387565927,-0.005690600414989244
ridge,y_XLI,18,2025-10-22,0.012494225930091085,-0.019943249076571162
ridge,y_XLI,19,2025-10-22,0.012494225930091085,-0.01845124779364537
ridge,y_XLI,20,2025-10-22,0.012494225930091085,-0.01737717834676998
ridge,y_XLI,18,2025-10-23,0.0008399414464561605,0.005721146239519689
ridge,y_XLI,19,2025-10-23,0.0008399414464561605,0.003907003800114925
ridge,y_XLI,20,2025-10-23,0.0008399414464561605,0.004141425566341876
ridge,y_XLI,18,2025-10-27,-0.007125009484025724,-0.0013118692826335422
ridge,y_XLI,19,2025-10-27,-0.007125009484025724,-0.005219710921433315
ridge,y_XLI,20,2025-10-27,-0.007125009484025724,-0.005393540917099112
ridge,y_XLI,18,2025-10-28,0.0025859917741211103,0.014379988711712997
ridge,y_XLI,19,2025-10-28,0.0025859917741211103,0.014360192389077313
ridge,y_XLI,20,2025-10-28,0.0025859917741211103,0.013573411627911128
ridge,y_XLI,18,2025-10-29,-0.0025147522389993293,-0.006731286063107084
ridge,y_XLI,19,2025-10-29,-0.0025147522389993293,-0.008557234667377818
ridge,y_XLI,20,2025-10-29,-0.0025147522389993293,-0.008963251060687598
ridge,y_XLI,18,2025-10-30,0.0023918256870301136,0.0018651711106133003
ridge,y_XLI,19,2025-10-30,0.0023918256870301136,0.0020233081424852702
ridge,y_XLI,20,2025-10-30,0.0023918256870301136,0.0023259728726705425
ridge,y_XLI,19,2025-11-03,-0.011593163536016027,0.012948695655840711
ridge,y_XLI,20,2025-11-03,-0.011593163536016027,0.01283910982738561
ridge,y_XLI,21,2025-11-03,-0.011593163536016027,0.00812887737034682
ridge,y_XLI,19,2025-11-04,0.003866037690606783,0.0024577585363074854
ridge,y_XLI,20,2025-11-04,0.003866037690606783,0.002626855880338311
ridge,y_XLI,21,2025-11-04,0.003866037690606783,0.011750684896612566
ridge,y_XLI,19,2025-11-05,-0.003981772653883775,0.01205278060398523
ridge,y_XLI,20,2025-11-05,-0.003981772653883775,0.01534930351800797
ridge,y_XLI,21,2025-11-05,-0.003981772653883775,0.015196938032357003
ridge,y_XLI,19,2025-11-06,0.004849686995911373,-0.02931532235786031
ridge,y_XLI,20,2025-11-06,0.004849686995911373,-0.02740586474851921
ridge,y_XLI,21,2025-11-06,0.004849686995911373,-0.020049592769770246
ridge,y_XLI,19,2025-11-10,0.00025945380456282585,-0.00492317388519069
ridge,y_XLI,20,2025-11-10,0.00025945380456282585,-0.003971384027343641
ridge,y_XLI,21,2025-11-10,0.00025945380456282585,-0.005209957914963858
ridge,y_XLI,19,2025-11-11,0.000972525678072822,-0.020051342534460947
ridge,y_XLI,20,2025-11-11,0.000972525678072822,-0.016114647444652217
ridge,y_XLI,21,2025-11-11,0.000972525678072822,-0.011110114935969664
ridge,y_XLI,19,2025-11-12,-0.015480335480490215,-0.0033079987616457932
ridge,y_XLI,20,2025-11-12,-0.015480335480490215,-0.0028658707336778827
ridge,y_XLI,21,2025-11-12,-0.015480335480490215,-0.001472597599359288
ridge,y_XLI,19,2025-11-13,6.577708116961567e-05,0.021446417193107987
ridge,y_XLI,20,2025-11-13,6.577708116961567e-05,0.02124094860321729
ridge,y_XLI,21,2025-11-13,6.577708116961567e-05,0.015587602306502312
ridge,y_XLI,19,2025-11-17,-0.004451210927931881,-0.014670431426736146
ridge,y_XLI,20,2025-11-17,-0.004451210927931881,-0.014157464247978448
ridge,y_XLI,21,2025-11-17,-0.004451210927931881,-0.011183423672231357
ridge,y_XLI,19,2025-11-18,0.0033366543888766476,-0.00784752838789074
ridge,y_XLI,20,2025-11-18,0.0033366543888766476,-0.007871739228029615
ridge,y_XLI,21,2025-11-18,0.0033366543888766476,-0.00770254004571219
ridge,y_XLI,19,2025-11-19,-0.01676089047481566,-0.00046684972522786276
ridge,y_XLI,20,2025-11-19,-0.01676089047481566,5.272712411872693e-05
ridge,y_XLI,21,2025-11-19,-0.01676089047481566,-0.00027744323205787405
ridge,y_XLI,19,2025-11-20,0.012176132906920545,-8.505868827374111e-05
ridge,y_XLI,20,2025-11-20,0.012176132906920545,0.002411448244048583
ridge,y_XLI,21,2025-11-20,0.012176132906920545,0.002173233054625668
ridge,y_XLI,20,2025-11-24,0.012799935816077967,-0.004028819313523457
ridge,y_XLI,21,2025-11-24,0.012799935816077967,-0.0031876310451838296
ridge,y_XLI,22,2025-11-24,0.012799935816077967,-0.0033247421033666667
ridge,y_XLI,20,2025-11-25,0.005792539893945348,-0.0017437096415903101
ridge,y_XLI,21,2025-11-25,0.005792539893945348,0.0028075154968022807
ridge,y_XLI,22,2025-11-25,0.005792539893945348,0.007875295112993261
ridge,y_XLI,20,2025-12-01,0.008716197197907949,0.001262046651566657
ridge,y_XLI,21,2025-12-01,0.008716197197907949,0.0015295727926901265
ridge,y_XLI,22,2025-12-01,0.008716197197907949,0.002945208492663282
ridge,y_XLI,20,2025-12-02,0.00949213033397367,0.0004873618050422175
ridge,y_XLI,21,2025-12-02,0.00949213033397367,0.004390987942062089
ridge,y_XLI,22,2025-12-02,0.00949213033397367,0.0010373704289963436
ridge,y_XLI,20,2025-12-03,0.005187646988212835,-0.015605308788725566
ridge,y_XLI,21,2025-12-03,0.005187646988212835,-0.017285520118712462
ridge,y_XLI,22,2025-12-03,0.005187646988212835,-0.016732363973792345
ridge,y_XLI,20,2025-12-04,-0.002773985930545675,0.002679253375568594
ridge,y_XLI,21,2025-12-04,-0.002773985930545675,0.005099008468113238
ridge,y_XLI,22,2025-12-04,-0.002773985930545675,0.00670010443937744
ridge,y_XLI,20,2025-12-08,-0.007319235345984221,-0.09393378645281648
ridge,y_XLI,21,2025-12-08,-0.007319235345984221,-0.08984895219718618
ridge,y_XLI,22,2025-12-08,-0.007319235345984221,-0.08463795344540603
ridge,y_XLI,20,2025-12-09,0.018269663327693086,-0.06923221382586948
ridge,y_XLI,21,2025-12-09,0.018269663327693086,-0.06952733119254616
ridge,y_XLI,22,2025-12-09,0.018269663327693086,-0.0633085168145311
ridge,y_XLI,20,2025-12-10,0.010701056978576151,0.01701688740277188
ridge,y_XLI,21,2025-12-10,0.010701056978576151,0.02393495006108007
ridge,y_XLI,22,2025-12-10,0.010701056978576151,0.024637436709273354
ridge,y_XLI,20,2025-12-11,-0.0062765307895484845,-0.035328183118977376
ridge,y_XLI,21,2025-12-11,-0.0062765307895484845,-0.03760132150369122
ridge,y_XLI,22,2025-12-11,-0.0062765307895484845,-0.033758323499625036
ridge,y_XLI,21,2025-12-15,-0.005923998322894364,0.03036460315086805
ridge,y_XLI,22,2025-12-15,-0.005923998322894364,0.030051464810358055
ridge,y_XLI,23,2025-12-15,-0.005923998322894364,0.025844011458801424
ridge,y_XLI,21,2025-12-16,-0.016211701033628345,0.012373493879281468
ridge,y_XLI,22,2025-12-16,-0.016211701033628345,0.009528668823457454
ridge,y_XLI,23,2025-12-16,-0.016211701033628345,0.007003837282297182
ridge,y_XLI,21,2025-12-17,0.006513354710763419,0.0006579523496486902
ridge,y_XLI,22,2025-12-17,0.006513354710763419,-0.0014842814617577055
ridge,y_XLI,23,2025-12-17,0.006513354710763419,0.0017729851076459207
ridge,y_XLI,21,2025-12-18,0.008606806298803837,-0.015281937397492857
ridge,y_XLI,22,2025-12-18,0.008606806298803837,-0.008436747453344462
ridge,y_XLI,23,2025-12-18,0.008606806298803837,-0.012076028438491948
ridge,y_XLI,21,2025-12-23,0.003248579457232781,0.0021722014343063213
ridge,y_XLI,22,2025-12-23,0.003248579457232781,-0.004395233530678463
ridge,y_XLI,23,2025-12-23,0.003248579457232781,-0.006315325684019978
ridge,y_XLI,21,2025-12-29,-0.002868597961681707,0.00030746855068143776
ridge,y_XLI,22,2025-12-29,-0.002868597961681707,-0.00034704922877406305
ridge,y_XLI,23,2025-12-29,-0.002868597961681707,0.0007946518304907844
ridge,y_XLI,21,2025-12-30,-0.00831097728535779,-0.010147117683396514
ridge,y_XLI,22,2025-12-30,-0.00831097728535779,-0.012203795599483345
ridge,y_XLI,23,2025-12-30,-0.00831097728535779,-0.013488116802091164
ridge,y_XLI,22,2026-01-05,0.01357521480193169,0.004507975244764859
ridge,y_XLI,23,2026-01-05,0.01357521480193169,0.008362744017516199
ridge,y_XLI,24,2026-01-05,0.01357521480193169,0.005853674767305434
ridge,y_XLI,22,2026-01-06,-0.0188248547792208,-0.00820210820737079
ridge,y_XLI,23,2026-01-06,-0.0188248547792208,-0.007103018308390851
ridge,y_XLI,24,2026-01-06,-0.0188248547792208,-0.0119240122287326
ridge,y_XLI,22,2026-01-07,0.007548574819322029,-0.012457019077214703
ridge,y_XLI,23,2026-01-07,0.007548574819322029,-0.0121069492755779
ridge,y_XLI,24,2026-01-07,0.007548574819322029,-0.01026799665249622
ridge,y_XLI,22,2026-01-08,0.010988290734570194,0.009219690767040508
ridge,y_XLI,23,2026-01-08,0.010988290734570194,0.006824157799548277
ridge,y_XLI,24,2026-01-08,0.010988290734570194,0.004159883780751508
ridge,y_XLI,22,2026-01-12,0.005147982762253145,0.024679745681925307
ridge,y_XLI,23,2026-01-12,0.005147982762253145,0.017907433178744107
ridge,y_XLI,24,2026-01-12,0.005147982762253145,0.017967328714397476
ridge,y_XLI,22,2026-01-13,0.0015853287868634602,0.014207540214225557
ridge,y_XLI,23,2026-01-13,0.0015853287868634602,0.01622129166609762
ridge,y_XLI,24,2026-01-13,0.0015853287868634602,0.014217176769904106
ridge,y_XLI,22,2026-01-14,0.009192149921244619,-0.01640629078682526
ridge,y_XLI,23,2026-01-14,0.009192149921244619,-0.014168250849780673
ridge,y_XLI,24,2026-01-14,0.009192149921244619,-0.014148556140821878
ridge,y_XLI,22,2026-01-15,0.006755912205540282,-0.033356342405043
ridge,y_XLI,23,2026-01-15,0.006755912205540282,-0.029455327941837313
ridge,y_XLI,24,2026-01-15,0.006755912205540282,-0.029893058915800068
ridge,y_XLI,22,2026-01-21,-0.005169515551793347,0.004480658243088463
ridge,y_XLI,23,2026-01-21,-0.005169515551793347,0.004426139921295985
ridge,y_XLI,24,2026-01-21,-0.005169515551793347,0.0036992601494879682
ridge,y_XLI,22,2026-01-22,-0.007734131596960014,-0.007778104143216712
ridge,y_XLI,23,2026-01-22,-0.007734131596960014,-0.0065453118088405005
ridge,y_XLI,24,2026-01-22,-0.007734131596960014,-0.005452168017298751
ridge,y_XLI,23,2026-01-26,0.004136711616878452,0.004790208780237296
ridge,y_XLI,24,2026-01-26,0.004136711616878452,0.003927729192255343
ridge,y_XLI,23,2026-01-27,-0.005573719753744211,-0.005919232489290763
ridge,y_XLI,24,2026-01-27,-0.005573719753744211,-0.011145671526711793
ridge,y_XLI,23,2026-01-28,0.010478866986102897,0.010006879534604073
ridge,y_XLI,24,2026-01-28,0.010478866986102897,0.012375413120796722
ridge,y_XLI,23,2026-01-29,-0.0025322450705399513,0.020188475386623383
ridge,y_XLI,24,2026-01-29,-0.0025322450705399513,0.022351418273771927
ridge,y_XLI,23,2026-02-02,0.008416424953043178,-0.024933631310915406
ridge,y_XLI,24,2026-02-02,0.008416424953043178,-0.026103134940744826
ridge,y_XLI,23,2026-02-03,0.0026636494716416603,-0.0048664203678673666
ridge,y_XLI,24,2026-02-03,0.0026636494716416603,-0.004451921353054349
ridge,y_XLI,23,2026-02-04,-0.006021632186883785,-0.0028589056036383066
ridge,y_XLI,24,2026-02-04,-0.006021632186883785,-0.002888165779677331
ridge,y_XLI,23,2026-02-05,0.02856802101375555,-0.015142046159227
ridge,y_XLI,24,2026-02-05,0.02856802101375555,-0.01184755260793213
ridge,y_XLI,23,2026-02-09,0.001209019675053602,0.004407782428809964
ridge,y_XLI,24,2026-02-09,0.001209019675053602,0.003444205758068593
ridge,y_XLI,23,2026-02-10,0.00534755135528675,-0.007723141491625858
ridge,y_XLI,24,2026-02-10,0.00534755135528675,-0.005937913198067839
ridge,y_XLI,23,2026-02-11,-0.011953765623808232,0.01579150276054027
ridge,y_XLI,24,2026-02-11,-0.011953765623808232,0.018084744640056966
ridge,y_XLI,23,2026-02-12,0.008219960456991693,-0.013347142036069907
ridge,y_XLI,24,2026-02-12,0.008219960456991693,-0.012640451150544803
ridge,y_XLI,24,2026-02-17,-0.00022851578994431687,0.0033504655709433217
ridge,y_XLI,24,2026-02-18,0.007426891576902239,0.0030596738478883
ridge,y_XLI,24,2026-02-19,0.005047064807368384,0.0009114922954066068
ridge,y_XLI,24,2026-02-23,0.012297625544624768,0.020806236281677652
ridge,y_XLI,24,2026-02-24,-0.0077974328022243355,-0.006207770028255305
ridge,y_XLI,24,2026-02-25,0.006264184547226659,-0.009358509165400332
ridge,y_XLI,24,2026-02-26,0.0024901100679426413,-0.007460376778602862
ridge,y_XLI,24,2026-03-02,-0.01934036653506066,0.03657426120235225
ridge,y_XLI,24,2026-03-03,0.003020968832201598,0.013679521116006909
ridge,y_XLI,24,2026-03-04,-0.022219717196031663,0.04043642174712609
ridge,y_XLI,24,2026-03-05,-0.012321255069561166,0.01296122255909528
ridge,y_XLK,0,2024-08-05,0.013592865337741955,0.0067218489690642974
ridge,y_XLK,0,2024-08-06,-0.01620226482544973,0.001685703035918454
ridge,y_XLK,0,2024-08-07,0.03734682179574711,0.05648385620843945
ridge,y_XLK,0,2024-08-08,0.004494044279352627,0.024746751657323627
ridge,y_XLK,0,2024-08-12,0.03072697191967433,-0.002348422823234134
ridge,y_XLK,0,2024-08-13,0.0054755242077912936,-0.054957499174593624
ridge,y_XLK,0,2024-08-14,0.028764173503917023,-0.012097368561861457
ridge,y_XLK,0,2024-08-15,0.0016740060101385623,0.0031391952685118135
ridge,y_XLK,0,2024-08-19,-0.0035102873888632757,-0.0126057094139669
ridge,y_XLK,0,2024-08-20,0.0058860647530327714,0.05931476309500618
ridge,y_XLK,0,2024-08-21,-0.023007490974612077,0.022915507264024637
ridge,y_XLK,0,2024-08-22,0.016198594563828106,0.0072891014001585
ridge,y_XLK,0,2024-08-26,0.006059266363122706,-0.0011129956353261989
ridge,y_XLK,1,2024-08-26,0.006059266363122706,-0.0014650649146931009
ridge,y_XLK,0,2024-08-27,-0.013798379066986777,0.006171468916029454
ridge,y_XLK,1,2024-08-27,-0.013798379066986777,0.0027327166575204977
ridge,y_XLK,0,2024-08-28,-0.009023780775687329,-0.0054866768359231
ridge,y_XLK,1,2024-08-28,-0.009023780775687329,-0.009609848100421745
ridge,y_XLK,0,2024-08-29,0.01329097833776216,-0.018462619973619608
ridge,y_XLK,1,2024-08-29,0.01329097833776216,-0.015101266702858936
ridge,y_XLK,0,2024-09-03,-0.0025687971727617054,0.022089399604889245
ridge,y_XLK,1,2024-09-03,-0.0025687971727617054,0.01727796740285546
ridge,y_XLK,0,2024-09-04,-0.0015262604084921305,0.042212490972941455
ridge,y_XLK,1,2024-09-04,-0.0015262604084921305,0.05175437670016767
ridge,y_XLK,0,2024-09-05,-0.025937443724601827,0.00596106267282031
ridge,y_XLK,1,2024-09-05,-0.025937443724601827,0.014921966225371381
ridge,y_XLK,0,2024-09-09,0.014957124070620331,0.027213604255634866
ridge,y_XLK,1,2024-09-09,0.014957124070620331,0.036977742654567235
ridge,y_XLK,0,2024-09-10,0.03413179827603385,0.027051517925511845
ridge,y_XLK,1,2024-09-10,0.03413179827603385,0.030537216125848865
ridge,y_XLK,0,2024-09-11,0.008274493787029824,-0.025597563453072965
ridge,y_XLK,1,2024-09-11,0.008274493787029824,-0.05056000982191611
ridge,y_XLK,0,2024-09-12,0.005014985180587628,0.07343143154841418
ridge,y_XLK,1,2024-09-12,0.005014985180587628,0.06883489119330487
ridge,y_XLK,2,2024-09-12,0.005014985180587628,0.06733768594697023
ridge,y_XLK,0,2024-09-16,-0.0019581708715435964,-0.1733280472933924
ridge,y_XLK,1,2024-09-16,-0.0019581708715435964,-0.16846221146849036
ridge,y_XLK,2,2024-09-16,-0.0019581708715435964,-0.17352037786196978
ridge,y_XLK,0,2024-09-17,-0.009125387669932539,0.017178773186995778
ridge,y_XLK,1,2024-09-17,-0.009125387669932539,0.030148077900452555
ridge,y_XLK,2,2024-09-17,-0.009125387669932539,0.04341092555691031
ridge,y_XLK,0,2024-09-18,0.029700305379968484,0.07802682571751693
ridge,y_XLK,1,2024-09-18,0.029700305379968484,0.07931975990348757
ridge,y_XLK,2,2024-09-18,0.029700305379968484,0.07419276560257486
ridge,y_XLK,0,2024-09-19,-0.004874424490652229,-0.06301241966801793
ridge,y_XLK,1,2024-09-19,-0.004874424490652229,-0.07109077136373919
ridge,y_XLK,2,2024-09-19,-0.004874424490652229,-0.09054758795749439
ridge,y_XLK,0,2024-09-23,0.00684413769072445,-0.000289209789920255
ridge,y_XLK,1,2024-09-23,0.00684413769072445,0.0016241518134131013
ridge,y_XLK,2,2024-09-23,0.00684413769072445,-0.00022568865209239065
ridge,y_XLK,0,2024-09-24,0.002862182173191119,0.03781748731261505
ridge,y_XLK,1,2024-09-24,0.002862182173191119,0.028412164604738922
ridge,y_XLK,2,2024-09-24,0.002862182173191119,0.023433590277319647
ridge,y_XLK,0,2024-09-25,0.013244183359941042,0.03119434834013102
ridge,y_XLK,1,2024-09-25,0.013244183359941042,0.032290251175086555
ridge,y_XLK,2,2024-09-25,0.013244183359941042,0.026030968811548125
ridge,y_XLK,0,2024-09-26,-0.009330211418282053,-0.04198662115330644
ridge,y_XLK,1,2024-09-26,-0.009330211418282053,-0.028076271796190662
ridge,y_XLK,2,2024-09-26,-0.009330211418282053,-0.026472055275154126
ridge,y_XLK,0,2024-09-30,-0.024362256132713922,-0.020161687214594347
ridge,y_XLK,1,2024-09-30,-0.024362256132713922,-0.01860780244003754
ridge,y_XLK,2,2024-09-30,-0.024362256132713922,-0.022911695644950308
ridge,y_XLK,0,2024-10-01,0.00740036831126667,0.01117704794594095
ridge,y_XLK,1,2024-10-01,0.00740036831126667,0.006092705436561283
ridge,y_XLK,2,2024-10-01,0.00740036831126667,-0.00841624298213522
ridge,y_XLK,0,2024-10-02,0.0041462799642419945,0.06526844885091364
ridge,y_XLK,1,2024-10-02,0.0041462799642419945,0.051341526719406116
ridge,y_XLK,2,2024-10-02,0.0041462799642419945,0.053402482191171746
ridge,y_XLK,0,2024-10-03,0.011130432165739279,0.04910820541037083
ridge,y_XLK,1,2024-10-03,0.011130432165739279,0.04348588020639715
ridge,y_XLK,2,2024-10-03,0.011130432165739279,0.0327853652008946
ridge,y_XLK,1,2024-10-07,0.018682317770967183,0.04001098777600954
ridge,y_XLK,2,2024-10-07,0.018682317770967183,0.03836399242364615
ridge,y_XLK,3,2024-10-07,0.018682317770967183,0.021924151832285306
ridge,y_XLK,1,2024-10-08,0.01118817031368069,0.002700572406238783
ridge,y_XLK,2,2024-10-08,0.01118817031368069,0.011569075783253526
ridge,y_XLK,3,2024-10-08,0.01118817031368069,-0.017198494791048402
ridge,y_XLK,1,2024-10-09,-0.0002603093096511522,0.01375463737488297
ridge,y_XLK,2,2024-10-09,-0.0002603093096511522,0.015785750250444815
ridge,y_XLK,3,2024-10-09,-0.0002603093096511522,0.013853412120913882
ridge,y_XLK,1,2024-10-10,0.0017360029961053236,-0.009971130935529635
ridge,y_XLK,2,2024-10-10,0.0017360029961053236,-0.013571275986221796
ridge,y_XLK,3,2024-10-10,0.0017360029961053236,-0.015712460061382535
ridge,y_XLK,1,2024-10-14,-0.021982790146283904,0.011846281338520804
ridge,y_XLK,2,2024-10-14,-0.021982790146283904,0.009242823047858725
ridge,y_XLK,3,2024-10-14,-0.021982790146283904,0.007096121183257357
ridge,y_XLK,1,2024-10-15,0.003104785762922724,-0.04209771974203493
ridge,y_XLK,2,2024-10-15,0.003104785762922724,-0.04660232757019407
ridge,y_XLK,3,2024-10-15,0.003104785762922724,-0.03422282668461428
ridge,y_XLK,1,2024-10-16,0.0030515308875318503,0.009091930979613003
ridge,y_XLK,2,2024-10-16,0.0030515308875318503,0.010505764711639942
ridge,y_XLK,3,2024-10-16,0.0030515308875318503,0.0026730684296126586
ridge,y_XLK,1,2024-10-17,0.0035639263625881767,-0.029034219680571162
ridge,y_XLK,2,2024-10-17,0.0035639263625881767,-0.02986674617301776
ridge,y_XLK,3,2024-10-17,0.0035639263625881767,-0.017179935083193973
ridge,y_XLK,1,2024-10-21,-0.0010345475644281121,-0.13550966688030852
ridge,y_XLK,2,2024-10-21,-0.0010345475644281121,-0.14386043953660926
ridge,y_XLK,3,2024-10-21,-0.0010345475644281121,-0.1271920514995011
ridge,y_XLK,1,2024-10-22,-0.01432586321985907,0.03308825401899013
ridge,y_XLK,2,2024-10-22,-0.01432586321985907,0.03431479190495194
ridge,y_XLK,3,2024-10-22,-0.01432586321985907,0.01776776899763845
ridge,y_XLK,1,2024-10-23,0.0029331392763485287,0.06143226723802022
ridge,y_XLK,2,2024-10-23,0.0029331392763485287,0.06429619717334689
ridge,y_XLK,3,2024-10-23,0.0029331392763485287,0.04045120258745359
ridge,y_XLK,1,2024-10-24,0.00519422248977941,0.05932106328188618
ridge,y_XLK,2,2024-10-24,0.00519422248977941,0.05885677760093633
ridge,y_XLK,3,2024-10-24,0.00519422248977941,0.08644425329158525
ridge,y_XLK,2,2024-10-28,0.013465477941466242,-0.16775480913503846
ridge,y_XLK,3,2024-10-28,0.013465477941466242,-0.05756876939598837
ridge,y_XLK,4,2024-10-28,0.013465477941466242,-0.03979725597377652
ridge,y_XLK,2,2024-10-29,-0.01590103759477479,0.05763643253496308
ridge,y_XLK,3,2024-10-29,-0.01590103759477479,0.040040625741171086
ridge,y_XLK,4,2024-10-29,-0.01590103759477479,0.030081221385297875
ridge,y_XLK,2,2024-10-30,-0.03209778208406844,0.07347681983323484
ridge,y_XLK,3,2024-10-30,-0.03209778208406844,0.10166553837878435
ridge,y_XLK,4,2024-10-30,-0.03209778208406844,0.09389771202624793
ridge,y_XLK,2,2024-10-31,0.007514355187098198,-0.09064439056942139
ridge,y_XLK,3,2024-10-31,0.007514355187098198,-0.113340766494182
ridge,y_XLK,4,2024-10-31,0.007514355187098198,-0.08931590390328484
ridge,y_XLK,2,2024-11-04,0.01407879033370607,-0.02653826943830442
ridge,y_XLK,3,2024-11-04,0.01407879033370607,-0.036911314814820656
ridge,y_XLK,4,2024-11-04,0.01407879033370607,-0.038196626750676574
ridge,y_XLK,2,2024-11-05,0.028471928830785753,0.017418824587176866
ridge,y_XLK,3,2024-11-05,0.028471928830785753,0.022366285963063844
ridge,y_XLK,4,2024-11-05,0.028471928830785753,0.023157518606679493
ridge,y_XLK,2,2024-11-06,0.0174417064306307,-0.026615833403456638
ridge,y_XLK,3,2024-11-06,0.0174417064306307,-0.01872246169169265
ridge,y_XLK,4,2024-11-06,0.0174417064306307,-0.017032397994893603
ridge,y_XLK,2,2024-11-07,-0.0010951594947873344,-0.019548974838215636
ridge,y_XLK,3,2024-11-07,-0.0010951594947873344,-0.014577133775755457
ridge,y_XLK,4,2024-11-07,-0.0010951594947873344,-0.002879272211271042
ridge,y_XLK,2,2024-11-11,0.0012719219225387768,-0.02270236211574242
ridge,y_XLK,3,2024-11-11,0.0012719219225387768,-0.023098820474635906
ridge,y_XLK,4,2024-11-11,0.0012719219225387768,-0.010101869161573412
ridge,y_XLK,2,2024-11-12,-0.003472404704730536,0.01709991300822826
ridge,y_XLK,3,2024-11-12,-0.003472404704730536,0.011080608351215961
ridge,y_XLK,4,2024-11-12,-0.003472404704730536,0.013951773950519839
ridge,y_XLK,2,2024-11-13,-0.003399482931451092,0.023343505148242523
ridge,y_XLK,3,2024-11-13,-0.003399482931451092,0.021960349076606538
ridge,y_XLK,4,2024-11-13,-0.003399482931451092,0.01927546098223528
ridge,y_XLK,2,2024-11-14,-0.024815518202147224,0.10730240203393356
ridge,y_XLK,3,2024-11-14,-0.024815518202147224,0.07966423741792777
ridge,y_XLK,4,2024-11-14,-0.024815518202147224,0.08676995688965453
ridge,y_XLK,3,2024-11-18,0.008193465630059071,-0.04702688600509455
ridge,y_XLK,4,2024-11-18,0.008193465630059071,-0.046726307551470496
ridge,y_XLK,5,2024-11-18,0.008193465630059071,-0.02964930429329834
ridge,y_XLK,3,2024-11-19,-0.0008645162611359281,0.010356446151566957
ridge,y_XLK,4,2024-11-19,-0.0008645162611359281,-0.015990168665629922
ridge,y_XLK,5,2024-11-19,-0.0008645162611359281,0.03301653595252794
ridge,y_XLK,3,2024-11-20,0.010167387786784943,-0.015648330599621126
ridge,y_XLK,4,2024-11-20,0.010167387786784943,-0.01414362598942937
ridge,y_XLK,5,2024-11-20,0.010167387786784943,9.355082510603837e-05
ridge,y_XLK,3,2024-11-21,0.0005140386091475602,0.10148627859178597
ridge,y_XLK,4,2024-11-21,0.0005140386091475602,0.09112295680365211
ridge,y_XLK,5,2024-11-21,0.0005140386091475602,0.0964141900989015
ridge,y_XLK,3,2024-11-25,0.005008791951381486,0.000991389805302516
ridge,y_XLK,4,2024-11-25,0.005008791951381486,0.0009008242787864407
ridge,y_XLK,5,2024-11-25,0.005008791951381486,-0.001382225610844215
ridge,y_XLK,3,2024-11-26,-0.013545719382350718,0.03288086492724584
ridge,y_XLK,4,2024-11-26,-0.013545719382350718,0.051297684395751324
ridge,y_XLK,5,2024-11-26,-0.013545719382350718,0.05203373414796731
ridge,y_XLK,3,2024-12-02,0.003602447056835878,0.02224112805084657
ridge,y_XLK,4,2024-12-02,0.003602447056835878,0.02292825031933656
ridge,y_XLK,5,2024-12-02,0.003602447056835878,0.031116094509481877
ridge,y_XLK,3,2024-12-03,0.01828542451920656,0.08812399195981936
ridge,y_XLK,4,2024-12-03,0.01828542451920656,0.09290558138268183
ridge,y_XLK,5,2024-12-03,0.01828542451920656,0.08546076377986117
ridge,y_XLK,3,2024-12-04,-0.005059451166136264,0.013794641090259015
ridge,y_XLK,4,2024-12-04,-0.005059451166136264,0.014309993807777048
ridge,y_XLK,5,2024-12-04,-0.005059451166136264,0.01239594094273814
ridge,y_XLK,3,2024-12-05,0.0038763210629748635,-0.01987846869107904
ridge,y_XLK,4,2024-12-05,0.0038763210629748635,-0.01841753959043287
ridge,y_XLK,5,2024-12-05,0.0038763210629748635,-0.01161132453200465
ridge,y_XLK,4,2024-12-09,-0.013875488511640777,-0.0009145569812511905
ridge,y_XLK,5,2024-12-09,-0.013875488511640777,-0.005630566091575988
ridge,y_XLK,6,2024-12-09,-0.013875488511640777,0.00942500086182385
ridge,y_XLK,4,2024-12-10,0.01449452101500226,0.05617742853504838
ridge,y_XLK,5,2024-12-10,0.01449452101500226,0.048035546164543114
ridge,y_XLK,6,2024-12-10,0.01449452101500226,0.04936751642707833
ridge,y_XLK,4,2024-12-11,-0.0055980415720697785,0.00279489939381038
ridge,y_XLK,5,2024-12-11,-0.0055980415720697785,8.933894428408279e-05
ridge,y_XLK,6,2024-12-11,-0.0055980415720697785,-0.003307169610393005
ridge,y_XLK,4,2024-12-12,0.0042852905396102425,-0.026570649794381805
ridge,y_XLK,5,2024-12-12,0.0042852905396102425,-0.021922433422934023
ridge,y_XLK,6,2024-12-12,0.0042852905396102425,-0.01492953983002767
ridge,y_XLK,4,2024-12-16,-0.006047073731622277,-0.028352247611690667
ridge,y_XLK,5,2024-12-16,-0.006047073731622277,-0.012055049479080421
ridge,y_XLK,6,2024-12-16,-0.006047073731622277,-0.028274122528036266
ridge,y_XLK,4,2024-12-17,-0.032252646273863705,-0.027219195802250892
ridge,y_XLK,5,2024-12-17,-0.032252646273863705,-0.029588784762398262
ridge,y_XLK,6,2024-12-17,-0.032252646273863705,-0.024969598111963646
ridge,y_XLK,4,2024-12-18,0.0010764770883413544,0.011098621363816384
ridge,y_XLK,5,2024-12-18,0.0010764770883413544,0.01047722015469723
ridge,y_XLK,6,2024-12-18,0.0010764770883413544,0.016280867038371016
ridge,y_XLK,4,2024-12-19,0.014925416575518824,-0.04355105255913844
ridge,y_XLK,5,2024-12-19,0.014925416575518824,-0.032088372788100845
ridge,y_XLK,6,2024-12-19,0.014925416575518824,-0.015910504727758092
ridge,y_XLK,4,2024-12-23,0.010333130115946165,-0.0008683481182112822
ridge,y_XLK,5,2024-12-23,0.010333130115946165,0.0023687602690597737
ridge,y_XLK,6,2024-12-23,0.010333130115946165,0.011346827530381229
ridge,y_XLK,4,2024-12-26,-0.013295182092859847,-0.01158070314110937
ridge,y_XLK,5,2024-12-26,-0.013295182092859847,0.001586977305701456
ridge,y_XLK,6,2024-12-26,-0.013295182092859847,-0.0029213545654044907
ridge,y_XLK,5,2024-12-30,-0.008316627479341032,0.013419355519832867
ridge,y_XLK,6,2024-12-30,-0.008316627479341032,0.017212706215875142
ridge,y_XLK,7,2024-12-30,-0.008316627479341032,0.024081730754469087
ridge,y_XLK,5,2025-01-02,0.016295182459353796,0.0016318395901858587
ridge,y_XLK,6,2025-01-02,0.016295182459353796,-0.0005071980075233484
ridge,y_XLK,7,2025-01-02,0.016295182459353796,0.0022566433124788635
ridge,y_XLK,5,2025-01-06,-0.020062763298325903,0.02062509089739357
ridge,y_XLK,6,2025-01-06,-0.020062763298325903,-0.0031021424393643674
ridge,y_XLK,7,2025-01-06,-0.020062763298325903,-0.009360133686679229
ridge,y_XLK,5,2025-01-07,-0.0003419767278635133,-0.008193814287196177
ridge,y_XLK,6,2025-01-07,-0.0003419767278635133,-0.010116952394203887
ridge,y_XLK,7,2025-01-07,-0.0003419767278635133,-0.011043502807234156
ridge,y_XLK,5,2025-01-13,0.0026411638045382713,-0.028720994110760137
ridge,y_XLK,6,2025-01-13,0.0026411638045382713,-0.02221112998760212
ridge,y_XLK,7,2025-01-13,0.0026411638045382713,0.0003662822130325547
ridge,y_XLK,5,2025-01-14,0.019889350656249416,-0.00797981340854883
ridge,y_XLK,6,2025-01-14,0.019889350656249416,-0.006718556372550715
ridge,y_XLK,7,2025-01-14,0.019889350656249416,0.0011970961787812987
ridge,y_XLK,5,2025-01-15,-0.007705807394209563,-0.03347904835189415
ridge,y_XLK,6,2025-01-15,-0.007705807394209563,-0.041560460189275145
ridge,y_XLK,7,2025-01-15,-0.007705807394209563,-0.0925924188069494
ridge,y_XLK,5,2025-01-16,0.015661587153182444,-0.03608236992358937
ridge,y_XLK,6,2025-01-16,0.015661587153182444,-0.03586387994318101
ridge,y_XLK,7,2025-01-16,0.015661587153182444,-0.03480861957724964
ridge,y_XLK,6,2025-01-21,0.022578984069296926,0.004735329435380527
ridge,y_XLK,7,2025-01-21,0.022578984069296926,0.0007772063074486562
ridge,y_XLK,8,2025-01-21,0.022578984069296926,0.0043674732199393
ridge,y_XLK,6,2025-01-22,0.001781412364173507,-0.08687041385930244
ridge,y_XLK,7,2025-01-22,0.001781412364173507,-0.07246258367400508
ridge,y_XLK,8,2025-01-22,0.001781412364173507,-0.057161254902073
ridge,y_XLK,6,2025-01-23,-0.010421019895996309,-0.07417112656637936
ridge,y_XLK,7,2025-01-23,-0.010421019895996309,-0.08570343084682577
ridge,y_XLK,8,2025-01-23,-0.010421019895996309,-0.08426140031772775
ridge,y_XLK,6,2025-01-27,0.02667306089667476,0.01778531072738084
ridge,y_XLK,7,2025-01-27,0.02667306089667476,0.021811711098084684
ridge,y_XLK,8,2025-01-27,0.02667306089667476,0.02155607284102778
ridge,y_XLK,6,2025-01-28,-0.008132135588034384,-0.013570381926137581
ridge,y_XLK,7,2025-01-28,-0.008132135588034384,-0.011497456838573126
ridge,y_XLK,8,2025-01-28,-0.008132135588034384,-0.0034605155144807258
ridge,y_XLK,6,2025-01-29,0.0018555266516131486,0.04689352688036229
ridge,y_XLK,7,2025-01-29,0.0018555266516131486,0.06911131124613064
ridge,y_XLK,8,2025-01-29,0.0018555266516131486,0.061171180045208794
ridge,y_XLK,6,2025-01-30,-0.005857831620902698,-0.10196098709524205
ridge,y_XLK,7,2025-01-30,-0.005857831620902698,-0.09293096630043197
ridge,y_XLK,8,2025-01-30,-0.005857831620902698,-0.07747151227589286
ridge,y_XLK,6,2025-02-03,0.014404967390106771,0.017537162926068908
ridge,y_XLK,7,2025-02-03,0.014404967390106771,0.026940515902851445
ridge,y_XLK,8,2025-02-03,0.014404967390106771,0.024958596902720915
ridge,y_XLK,6,2025-02-04,0.013897362300324678,-0.12712585474559784
ridge,y_XLK,7,2025-02-04,0.013897362300324678,-0.10676762524004116
ridge,y_XLK,8,2025-02-04,0.013897362300324678,-0.10314684653555828
ridge,y_XLK,6,2025-02-05,0.002732799142770581,0.00936985400060611
ridge,y_XLK,7,2025-02-05,0.002732799142770581,0.020699730711706
ridge,y_XLK,8,2025-02-05,0.002732799142770581,0.04321191518110403
ridge,y_XLK,6,2025-02-06,-0.008559393278988026,0.2661829421050853
ridge,y_XLK,7,2025-02-06,-0.008559393278988026,0.23058282620573115
ridge,y_XLK,8,2025-02-06,-0.008559393278988026,0.24230970483915606
ridge,y_XLK,7,2025-02-10,0.0004656461493550701,-0.0010886934039355816
ridge,y_XLK,8,2025-02-10,0.0004656461493550701,0.001561762246195691
ridge,y_XLK,9,2025-02-10,0.0004656461493550701,-0.006530372754309678
ridge,y_XLK,7,2025-02-11,-0.0021580358982258296,-0.06920097793709605
ridge,y_XLK,8,2025-02-11,-0.0021580358982258296,-0.04736676047130055
ridge,y_XLK,9,2025-02-11,-0.0021580358982258296,-0.03302676750104928
ridge,y_XLK,7,2025-02-12,0.014163338546339554,-0.05164139498750626
ridge,y_XLK,8,2025-02-12,0.014163338546339554,-0.03271523584341929
ridge,y_XLK,9,2025-02-12,0.014163338546339554,-0.012613434725718048
ridge,y_XLK,7,2025-02-13,0.003386884969109216,-0.12640073900224563
ridge,y_XLK,8,2025-02-13,0.003386884969109216,-0.12042972459391374
ridge,y_XLK,9,2025-02-13,0.003386884969109216,-0.11946101946267727
ridge,y_XLK,7,2025-02-18,8.261504842943523e-05,0.2669194183421454
ridge,y_XLK,8,2025-02-18,8.261504842943523e-05,0.2887889230210259
ridge,y_XLK,9,2025-02-18,8.261504842943523e-05,0.2847991805285617
ridge,y_XLK,7,2025-02-19,-0.0031794339377660963,-0.08994457090354488
ridge,y_XLK,8,2025-02-19,-0.0031794339377660963,-0.08801537426379957
ridge,y_XLK,9,2025-02-19,-0.0031794339377660963,-0.06749424584191882
ridge,y_XLK,7,2025-02-20,-0.02709084431070774,0.008165542339641384
ridge,y_XLK,8,2025-02-20,-0.02709084431070774,0.010709732801314058
ridge,y_XLK,9,2025-02-20,-0.02709084431070774,0.011478064099182046
ridge,y_XLK,7,2025-02-24,-0.012958416819712104,-0.008186837401132203
ridge,y_XLK,8,2025-02-24,-0.012958416819712104,-0.009380037528778067
ridge,y_XLK,9,2025-02-24,-0.012958416819712104,0.015280415028501094
ridge,y_XLK,7,2025-02-25,0.01089678857981946,0.023040134164212925
ridge,y_XLK,8,2025-02-25,0.01089678857981946,0.028473947826924847
ridge,y_XLK,9,2025-02-25,0.01089678857981946,0.03302060178883641
ridge,y_XLK,7,2025-02-26,-0.03640701988349293,0.052139608683129446
ridge,y_XLK,8,2025-02-26,-0.03640701988349293,0.05318578440852918
ridge,y_XLK,9,2025-02-26,-0.03640701988349293,0.07022804590712971
ridge,y_XLK,7,2025-02-27,0.013208141683312302,-0.03406356116939174
ridge,y_XLK,8,2025-02-27,0.013208141683312302,-0.02627918523828409
ridge,y_XLK,9,2025-02-27,0.013208141683312302,-0.013344603401425926
ridge,y_XLK,8,2025-03-03,-0.0007774169367357198,0.013389764628529473
ridge,y_XLK,9,2025-03-03,-0.0007774169367357198,0.010739737066074997
ridge,y_XLK,10,2025-03-03,-0.0007774169367357198,0.007875326712072885
ridge,y_XLK,8,2025-03-04,0.01405034824063911,-0.029968688356129387
ridge,y_XLK,9,2025-03-04,0.01405034824063911,-0.028874013466222002
ridge,y_XLK,10,2025-03-04,0.01405034824063911,-0.028135017347178454
ridge,y_XLK,8,2025-03-05,-0.02775652325278921,-0.02135563027922323
ridge,y_XLK,9,2025-03-05,-0.02775652325278921,-0.020011669814866663
ridge,y_XLK,10,2025-03-05,-0.02775652325278921,-0.016541834272177397
ridge,y_XLK,8,2025-03-06,0.01448330413712795,-0.03572813719196265
ridge,y_XLK,9,2025-03-06,0.01448330413712795,-0.013227401652877098
ridge,y_XLK,10,2025-03-06,0.01448330413712795,-0.015710388476469512
ridge,y_XLK,8,2025-03-10,-0.0040621464901259285,-0.01766539953587216
ridge,y_XLK,9,2025-03-10,-0.0040621464901259285,0.004489768389786623
ridge,y_XLK,10,2025-03-10,-0.0040621464901259285,0.0016231845318868464
ridge,y_XLK,8,2025-03-11,0.015738942800888944,-0.03422062022856249
ridge,y_XLK,9,2025-03-11,0.015738942800888944,-0.0316787137000037
ridge,y_XLK,10,2025-03-11,0.015738942800888944,-0.03484429020668094
ridge,y_XLK,8,2025-03-12,-0.018990880753475547,-0.011725898703805374
ridge,y_XLK,9,2025-03-12,-0.018990880753475547,-0.008465268202474363
ridge,y_XLK,10,2025-03-12,-0.018990880753475547,-0.009315802093966258
ridge,y_XLK,8,2025-03-13,0.030241733944785798,-0.05468211949020399
ridge,y_XLK,9,2025-03-13,0.030241733944785798,-0.040910952973032676
ridge,y_XLK,10,2025-03-13,0.030241733944785798,-0.037704653342478134
ridge,y_XLK,8,2025-03-17,-0.015225342943852915,-0.002563130331407664
ridge,y_XLK,9,2025-03-17,-0.015225342943852915,0.0022348651555217326
ridge,y_XLK,10,2025-03-17,-0.015225342943852915,0.0027475701731553286
ridge,y_XLK,8,2025-03-18,0.01300962331010913,0.024442028634007646
ridge,y_XLK,9,2025-03-18,0.01300962331010913,0.02625201737759749
ridge,y_XLK,10,2025-03-18,0.01300962331010913,0.022428159130083506
ridge,y_XLK,8,2025-03-19,-0.0071193084647396265,0.021945229421786765
ridge,y_XLK,9,2025-03-19,-0.0071193084647396265,0.03633727296797856
ridge,y_XLK,10,2025-03-19,-0.0071193084647396265,0.038423346893203786
ridge,y_XLK,8,2025-03-20,0.0027181875065835914,-0.025357191422302906
ridge,y_XLK,9,2025-03-20,0.0027181875065835914,-0.018475785896865382
ridge,y_XLK,10,2025-03-20,0.0027181875065835914,-0.020067155476809755
ridge,y_XLK,9,2025-03-24,0.0033083581962574105,0.006895387547570132
ridge,y_XLK,10,2025-03-24,0.0033083581962574105,0.007906767736695339
ridge,y_XLK,11,2025-03-24,0.0033083581962574105,0.006885814380491775
ridge,y_XLK,9,2025-03-25,-0.022303758401208906,-0.08282055667661306
ridge,y_XLK,10,2025-03-25,-0.022303758401208906,-0.08729272827590116
ridge,y_XLK,11,2025-03-25,-0.022303758401208906,-0.11615972049359452
ridge,y_XLK,9,2025-03-26,-0.009228038124350024,0.013671753628226651
ridge,y_XLK,10,2025-03-26,-0.009228038124350024,0.017061404969191705
ridge,y_XLK,11,2025-03-26,-0.009228038124350024,0.014924405488055889
ridge,y_XLK,9,2025-03-27,-0.024254108130870033,0.04407190085548909
ridge,y_XLK,10,2025-03-27,-0.024254108130870033,0.03665276536296196
ridge,y_XLK,11,2025-03-27,-0.024254108130870033,0.0742369668801941
ridge,y_XLK,9,2025-03-31,0.007313103333808746,-0.02300067834397484
ridge,y_XLK,10,2025-03-31,0.007313103333808746,-0.025186552774964295
ridge,y_XLK,11,2025-03-31,0.007313103333808746,-0.012711253616850288
ridge,y_XLK,9,2025-04-01,0.007404149185691766,-0.05408686133221941
ridge,y_XLK,10,2025-04-01,0.007404149185691766,-0.05158784385132071
ridge,y_XLK,11,2025-04-01,0.007404149185691766,0.01593814652146747
ridge,y_XLK,9,2025-04-02,-0.06824790674657977,0.022570384676908285
ridge,y_XLK,10,2025-04-02,-0.06824790674657977,0.011034434311657577
ridge,y_XLK,11,2025-04-02,-0.06824790674657977,-0.005903687851154108
ridge,y_XLK,9,2025-04-03,-0.06587103425514218,-0.0008668922398624339
ridge,y_XLK,10,2025-04-03,-0.06587103425514218,-0.00538053310156852
ridge,y_XLK,11,2025-04-03,-0.06587103425514218,-0.00018220406869357865
ridge,y_XLK,9,2025-04-07,-0.020331453070269734,0.09963577947412722
ridge,y_XLK,10,2025-04-07,-0.020331453070269734,0.1044222774205001
ridge,y_XLK,11,2025-04-07,-0.020331453070269734,0.1167173149493361
ridge,y_XLK,9,2025-04-08,0.13425696308232604,0.002715016167277957
ridge,y_XLK,10,2025-04-08,0.13425696308232604,-0.0006087739457714595
ridge,y_XLK,11,2025-04-08,0.13425696308232604,-0.0072986264667323
ridge,y_XLK,9,2025-04-09,-0.04655159412211418,-0.001034685559513272
ridge,y_XLK,10,2025-04-09,-0.04655159412211418,-0.0022402110307519155
ridge,y_XLK,11,2025-04-09,-0.04655159412211418,-0.0053536054348753
ridge,y_XLK,9,2025-04-10,0.020476443148288004,0.005563328837676034
ridge,y_XLK,10,2025-04-10,0.020476443148288004,0.001303319291185509
ridge,y_XLK,11,2025-04-10,0.020476443148288004,0.0031080034113758503
ridge,y_XLK,10,2025-04-14,0.003647038247804435,0.014522997799596619
ridge,y_XLK,11,2025-04-14,0.003647038247804435,0.015126297788254726
ridge,y_XLK,12,2025-04-14,0.003647038247804435,0.002667726972952622
ridge,y_XLK,10,2025-04-15,-0.034745348131745346,0.018821134658248622
ridge,y_XLK,11,2025-04-15,-0.034745348131745346,0.03963179078476953
ridge,y_XLK,12,2025-04-15,-0.034745348131745346,0.05607430688624961
ridge,y_XLK,10,2025-04-16,-0.005414894655491498,-0.004287516745197729
ridge,y_XLK,11,2025-04-16,-0.005414894655491498,0.0034260056099402595
ridge,y_XLK,12,2025-04-16,-0.005414894655491498,0.0016170571137340958
ridge,y_XLK,10,2025-04-21,0.024377312745142765,-0.027730855360065747
ridge,y_XLK,11,2025-04-21,0.024377312745142765,-0.02988548075737292
ridge,y_XLK,12,2025-04-21,0.024377312745142765,-0.03149817856852274
ridge,y_XLK,10,2025-04-22,0.028992876552094815,-0.014607668170532743
ridge,y_XLK,11,2025-04-22,0.028992876552094815,-0.025611502103164673
ridge,y_XLK,12,2025-04-22,0.028992876552094815,-0.02574243202678604
ridge,y_XLK,10,2025-04-23,0.03731571535550837,0.010744631205935428
ridge,y_XLK,11,2025-04-23,0.03731571535550837,0.02511738133580544
ridge,y_XLK,12,2025-04-23,0.03731571535550837,0.015025712427335601
ridge,y_XLK,10,2025-04-24,0.014798254924457632,0.0017252412370896415
ridge,y_XLK,11,2025-04-24,0.014798254924457632,0.002930161817662303
ridge,y_XLK,12,2025-04-24,0.014798254924457632,0.0027116494759125056
ridge,y_XLK,10,2025-04-28,0.004660527547534654,-0.0046015523354152555
ridge,y_XLK,11,2025-04-28,0.004660527547534654,-0.01331681739095629
ridge,y_XLK,12,2025-04-28,0.004660527547534654,-0.00960370446355216
ridge,y_XLK,10,2025-04-29,0.004160701611438888,-0.0031405748103272846
ridge,y_XLK,11,2025-04-29,0.004160701611438888,-0.013763284621373335
ridge,y_XLK,12,2025-04-29,0.004160701611438888,-0.014427481505311113
ridge,y_XLK,10,2025-04-30,0.014668729625953336,-0.005523578057654942
ridge,y_XLK,11,2025-04-30,0.014668729625953336,-0.004318826865863971
ridge,y_XLK,12,2025-04-30,0.014668729625953336,-0.00016735446394394412
ridge,y_XLK,10,2025-05-01,0.016709702700655527,-0.18417843033101747
ridge,y_XLK,11,2025-05-01,0.016709702700655527,-0.21229584942197566
ridge,y_XLK,12,2025-05-01,0.016709702700655527,-0.21094055598889358
ridge,y_XLK,11,2025-05-05,-0.008307815121023077,0.06624609267171042
ridge,y_XLK,12,2025-05-05,-0.008307815121023077,0.06663601284592316
ridge,y_XLK,13,2025-05-05,-0.008307815121023077,0.059771798021356876
ridge,y_XLK,11,2025-05-06,0.010015408707336304,0.028977860234182307
ridge,y_XLK,12,2025-05-06,0.010015408707336304,-0.01083097711972437
ridge,y_XLK,13,2025-05-06,0.010015408707336304,0.030691889260775613
ridge,y_XLK,11,2025-05-07,0.009545367965011486,-0.03822753637469952
ridge,y_XLK,12,2025-05-07,0.009545367965011486,-0.028315573229409464
ridge,y_XLK,13,2025-05-07,0.009545367965011486,-0.02426170624168221
ridge,y_XLK,11,2025-05-08,-0.0012391974727828936,-0.156951739258214
ridge,y_XLK,12,2025-05-08,-0.0012391974727828936,-0.16807412579398462
ridge,y_XLK,13,2025-05-08,-0.0012391974727828936,-0.1512554725010709
ridge,y_XLK,11,2025-05-12,0.02160740970100039,0.0017617492537098807
ridge,y_XLK,12,2025-05-12,0.02160740970100039,0.001252152016199583
ridge,y_XLK,13,2025-05-12,0.02160740970100039,0.004450161308646317
ridge,y_XLK,11,2025-05-13,0.006491314210443466,0.005498645542821684
ridge,y_XLK,12,2025-05-13,0.006491314210443466,0.002075127365841933
ridge,y_XLK,13,2025-05-13,0.006491314210443466,0.0002715788579507948
ridge,y_XLK,11,2025-05-14,0.0013666782667716149,0.009554050268450628
ridge,y_XLK,12,2025-05-14,0.0013666782667716149,0.005774954883548528
ridge,y_XLK,13,2025-05-14,0.0013666782667716149,0.011532300727422888
ridge,y_XLK,11,2025-05-15,0.0018768221776850336,-0.0002897651793627527
ridge,y_XLK,12,2025-05-15,0.0018768221776850336,-0.00805277771413936
ridge,y_XLK,13,2025-05-15,0.0018768221776850336,-0.010637332257144859
ridge,y_XLK,11,2025-05-19,-0.0037519131712042686,0.022577546660036186
ridge,y_XLK,12,2025-05-19,-0.0037519131712042686,0.03361921094473024
ridge,y_XLK,13,2025-05-19,-0.0037519131712042686,0.025363357690648826
ridge,y_XLK,11,2025-05-20,-0.018787121098328696,-0.020679622221944274
ridge,y_XLK,12,2025-05-20,-0.018787121098328696,-0.010441211149731667
ridge,y_XLK,13,2025-05-20,-0.018787121098328696,-0.008545754647193884
ridge,y_XLK,11,2025-05-21,0.0002617103341890914,-0.06145814841099516
ridge,y_XLK,12,2025-05-21,0.0002617103341890914,-0.05610689220663883
ridge,y_XLK,13,2025-05-21,0.0002617103341890914,-0.046682265114674465
ridge,y_XLK,11,2025-05-22,-0.01103172970598143,0.07011793486437597
ridge,y_XLK,12,2025-05-22,-0.01103172970598143,0.0974335144822575
ridge,y_XLK,13,2025-05-22,-0.01103172970598143,0.09852970525951835
ridge,y_XLK,12,2025-05-27,-0.00413431173122325,-0.004458128890907009
ridge,y_XLK,13,2025-05-27,-0.00413431173122325,-0.004292672477536583
ridge,y_XLK,14,2025-05-27,-0.00413431173122325,-0.0051509087114392305
ridge,y_XLK,12,2025-05-28,0.001686532667133367,0.010417447779794932
ridge,y_XLK,13,2025-05-28,0.001686532667133367,0.014213172795261816
ridge,y_XLK,14,2025-05-28,0.001686532667133367,0.019483578726116713
ridge,y_XLK,12,2025-05-29,-0.003108397145377695,0.024526006803632736
ridge,y_XLK,13,2025-05-29,-0.003108397145377695,0.025833457186621885
ridge,y_XLK,14,2025-05-29,-0.003108397145377695,0.024560310257680525
ridge,y_XLK,12,2025-06-02,0.015024605666195345,-0.02326513687409563
ridge,y_XLK,13,2025-06-02,0.015024605666195345,-0.023167388230638235
ridge,y_XLK,14,2025-06-02,0.015024605666195345,-0.020427373118532606
ridge,y_XLK,12,2025-06-03,0.001480318063873387,-0.03337920642037546
ridge,y_XLK,13,2025-06-03,0.001480318063873387,-0.030890702519634605
ridge,y_XLK,14,2025-06-03,0.001480318063873387,-0.03137840497670081
ridge,y_XLK,12,2025-06-04,-0.0028293984819475204,0.013634844410389054
ridge,y_XLK,13,2025-06-04,-0.0028293984819475204,0.014532132521299247
ridge,y_XLK,14,2025-06-04,-0.0028293984819475204,0.019158676598568878
ridge,y_XLK,12,2025-06-05,0.009443917204052577,0.010042357883602911
ridge,y_XLK,13,2025-06-05,0.009443917204052577,0.010253615572209598
ridge,y_XLK,14,2025-06-05,0.009443917204052577,0.013071924993784111
ridge,y_XLK,12,2025-06-09,0.005594302140434104,0.06398676790948016
ridge,y_XLK,13,2025-06-09,0.005594302140434104,0.0704963337207324
ridge,y_XLK,14,2025-06-09,0.005594302140434104,0.059028241227080266
ridge,y_XLK,12,2025-06-10,-0.002200379345908332,0.0036274876794803435
ridge,y_XLK,13,2025-06-10,-0.002200379345908332,0.004715693646736982
ridge,y_XLK,14,2025-06-10,-0.002200379345908332,0.003910548074666859
ridge,y_XLK,12,2025-06-11,0.009278617568439396,0.0396337342941735
ridge,y_XLK,13,2025-06-11,0.009278617568439396,0.03765924171950143
ridge,y_XLK,14,2025-06-11,0.009278617568439396,0.033308140738639566
ridge,y_XLK,12,2025-06-12,-0.014016652819540787,0.004345831958507089
ridge,y_XLK,13,2025-06-12,-0.014016652819540787,-0.0008785619359754313
ridge,y_XLK,14,2025-06-12,-0.014016652819540787,-0.0012632414647337825
ridge,y_XLK,13,2025-07-02,0.013169296025054011,-0.03897310259158445
ridge,y_XLK,14,2025-07-02,0.013169296025054011,-0.03367315863043365
ridge,y_XLK,15,2025-07-02,0.013169296025054011,-0.042057017429473806
ridge,y_XLK,13,2025-07-07,0.00537427838694815,-0.012450880475970717
ridge,y_XLK,14,2025-07-07,0.00537427838694815,-0.011338563511882437
ridge,y_XLK,15,2025-07-07,0.00537427838694815,-0.009862369064031304
ridge,y_XLK,13,2025-07-08,0.006008683727441344,-0.0005640907113360624
ridge,y_XLK,14,2025-07-08,0.006008683727441344,-0.0015737464738668145
ridge,y_XLK,15,2025-07-08,0.006008683727441344,-0.0021797406048474216
ridge,y_XLK,13,2025-07-09,-0.003296636775292461,0.008732443375383581
ridge,y_XLK,14,2025-07-09,-0.003296636775292461,0.00600823716514435
ridge,y_XLK,15,2025-07-09,-0.003296636775292461,0.005215680283626116
ridge,y_XLK,13,2025-07-10,-0.004397252123809259,-0.024080097391721875
ridge,y_XLK,14,2025-07-10,-0.004397252123809259,-0.02318390754487263
ridge,y_XLK,15,2025-07-10,-0.004397252123809259,-0.017532576178458357
ridge,y_XLK,13,2025-07-14,0.008879749284990801,-0.02617003475245031
ridge,y_XLK,14,2025-07-14,0.008879749284990801,-0.020084113396969996
ridge,y_XLK,15,2025-07-14,0.008879749284990801,-0.021756203637350275
ridge,y_XLK,13,2025-07-15,0.0031017262993522365,-0.02119744651523165
ridge,y_XLK,14,2025-07-15,0.0031017262993522365,-0.022548412271943225
ridge,y_XLK,15,2025-07-15,0.0031017262993522365,-0.016535436722658434
ridge,y_XLK,13,2025-07-16,0.009083591159142701,0.024709203911828213
ridge,y_XLK,14,2025-07-16,0.009083591159142701,0.02686247993902687
ridge,y_XLK,15,2025-07-16,0.009083591159142701,0.022065401538662516
ridge,y_XLK,13,2025-07-17,-0.0006511931605375221,-0.004793855228918315
ridge,y_XLK,14,2025-07-17,-0.0006511931605375221,-0.007222998579844547
ridge,y_XLK,15,2025-07-17,-0.0006511931605375221,-0.01167849089314645
ridge,y_XLK,13,2025-07-21,-0.009263885607056488,-0.0037044504009405787
ridge,y_XLK,14,2025-07-21,-0.009263885607056488,-0.005934221732428091
ridge,y_XLK,15,2025-07-21,-0.009263885607056488,-0.004353158832209268
ridge,y_XLK,13,2025-07-22,0.00571847566280792,0.026566025945401212
ridge,y_XLK,14,2025-07-22,0.00571847566280792,0.024237084090799995
ridge,y_XLK,15,2025-07-22,0.00571847566280792,0.0258288011194345
ridge,y_XLK,13,2025-07-23,0.004226053412358155,0.00889735450707675
ridge,y_XLK,14,2025-07-23,0.004226053412358155,0.004754245211112349
ridge,y_XLK,15,2025-07-23,0.004226053412358155,0.005919554542206813
ridge,y_XLK,14,2025-07-24,0.0022953236863003657,-0.014851120066791498
ridge,y_XLK,15,2025-07-24,0.0022953236863003657,-0.015635053797795416
ridge,y_XLK,16,2025-07-24,0.0022953236863003657,-0.01757598507070453
ridge,y_XLK,14,2025-07-28,3.801057737029545e-05,-0.004278525805048767
ridge,y_XLK,15,2025-07-28,3.801057737029545e-05,-0.003356306747033098
ridge,y_XLK,16,2025-07-28,3.801057737029545e-05,-0.005323725127921606
ridge,y_XLK,14,2025-07-29,0.00223407947501042,0.019150850103270223
ridge,y_XLK,15,2025-07-29,0.00223407947501042,0.020200974000955746
ridge,y_XLK,16,2025-07-29,0.00223407947501042,0.02088794260253453
ridge,y_XLK,14,2025-07-30,-0.007329585291990126,0.01549383350329681
ridge,y_XLK,15,2025-07-30,-0.007329585291990126,0.00977676433649987
ridge,y_XLK,16,2025-07-30,-0.007329585291990126,0.0011722582363442237
ridge,y_XLK,14,2025-07-31,-0.021580260982841604,0.012119268599337757
ridge,y_XLK,15,2025-07-31,-0.021580260982841604,0.013415143055981764
ridge,y_XLK,16,2025-07-31,-0.021580260982841604,0.010277822015638354
ridge,y_XLK,14,2025-08-04,-0.008273199102942441,-0.02583772701998683
ridge,y_XLK,15,2025-08-04,-0.008273199102942441,-0.023928865671835605
ridge,y_XLK,16,2025-08-04,-0.008273199102942441,-0.02408933756347893
ridge,y_XLK,14,2025-08-05,0.011263820945953906,-0.024355509365291038
ridge,y_XLK,15,2025-08-05,0.011263820945953906,-0.022567342981766728
ridge,y_XLK,16,2025-08-05,0.011263820945953906,-0.023338400869337663
ridge,y_XLK,14,2025-08-06,0.0009124520680541259,0.0207643602905047
ridge,y_XLK,15,2025-08-06,0.0009124520680541259,0.018543495177426688
ridge,y_XLK,16,2025-08-06,0.0009124520680541259,0.01839557508117694
ridge,y_XLK,14,2025-08-07,0.009989117046438789,-0.029180751073965294
ridge,y_XLK,15,2025-08-07,0.009989117046438789,-0.02663595727886374
ridge,y_XLK,16,2025-08-07,0.009989117046438789,-0.03438298645970024
ridge,y_XLK,14,2025-08-11,0.015485458289477227,0.0011699240704263459
ridge,y_XLK,15,2025-08-11,0.015485458289477227,-0.0009630320524025917
ridge,y_XLK,16,2025-08-11,0.015485458289477227,-0.0033871164749851154
ridge,y_XLK,14,2025-08-12,0.0003728835180578649,0.024884467009044953
ridge,y_XLK,15,2025-08-12,0.0003728835180578649,0.022537369874619944
ridge,y_XLK,16,2025-08-12,0.0003728835180578649,0.02424429923076227
ridge,y_XLK,15,2025-08-13,-0.002161644519657391,-0.009134836910470515
ridge,y_XLK,16,2025-08-13,-0.002161644519657391,-0.010145074035068213
ridge,y_XLK,17,2025-08-13,-0.002161644519657391,-0.005713914678871591
ridge,y_XLK,15,2025-08-14,-0.007582260028551335,0.02383707134775128
ridge,y_XLK,16,2025-08-14,-0.007582260028551335,0.020083986288019388
ridge,y_XLK,17,2025-08-14,-0.007582260028551335,0.025831934960004573
ridge,y_XLK,15,2025-08-18,-0.017463459138355897,-0.006739206530308781
ridge,y_XLK,16,2025-08-18,-0.017463459138355897,-0.006449535327080103
ridge,y_XLK,17,2025-08-18,-0.017463459138355897,-0.005932114696868178
ridge,y_XLK,15,2025-08-19,-0.006765515697301883,-0.005711918960968002
ridge,y_XLK,16,2025-08-19,-0.006765515697301883,-0.0063703168177273355
ridge,y_XLK,17,2025-08-19,-0.006765515697301883,-0.007508083813924385
ridge,y_XLK,15,2025-08-20,-0.00361737787625116,0.005114091119280407
ridge,y_XLK,16,2025-08-20,-0.00361737787625116,0.004108791610623229
ridge,y_XLK,17,2025-08-20,-0.00361737787625116,0.007903847501725304
ridge,y_XLK,15,2025-08-21,0.013556822606256347,-0.009606281578381152
ridge,y_XLK,16,2025-08-21,0.013556822606256347,-0.013241562823638527
ridge,y_XLK,17,2025-08-21,0.013556822606256347,-0.010418855969719414
ridge,y_XLK,15,2025-08-25,0.004583050089905338,0.00521489994948123
ridge,y_XLK,16,2025-08-25,0.004583050089905338,0.001381980156605926
ridge,y_XLK,17,2025-08-25,0.004583050089905338,0.004549493096218464
ridge,y_XLK,15,2025-08-26,0.005398803727852952,0.024074287685415578
ridge,y_XLK,16,2025-08-26,0.005398803727852952,0.026611906177864932
ridge,y_XLK,17,2025-08-26,0.005398803727852952,0.022384086925102836
ridge,y_XLK,15,2025-08-27,0.007903121636417154,-0.006695510934512932
ridge,y_XLK,16,2025-08-27,0.007903121636417154,-0.007897946960104676
ridge,y_XLK,17,2025-08-27,0.007903121636417154,-0.007972315370542864
ridge,y_XLK,15,2025-08-28,-0.015344744087016138,0.013198718240839114
ridge,y_XLK,16,2025-08-28,-0.015344744087016138,0.007642061487166308
ridge,y_XLK,17,2025-08-28,-0.015344744087016138,0.0033500601607541714
ridge,y_XLK,15,2025-09-02,0.005966318629450074,-0.014228838844220356
ridge,y_XLK,16,2025-09-02,0.005966318629450074,-0.014763280103105821
ridge,y_XLK,17,2025-09-02,0.005966318629450074,-0.02548691125472978
ridge,y_XLK,16,2025-09-03,0.0049359646612423536,6.726256106931721e-05
ridge,y_XLK,17,2025-09-03,0.0049359646612423536,-0.003612131266488508
ridge,y_XLK,18,2025-09-03,0.0049359646612423536,-0.0029847685400624315
ridge,y_XLK,16,2025-09-04,0.0008374382801461522,0.013721878995778427
ridge,y_XLK,17,2025-09-04,0.0008374382801461522,0.032013907869012474
ridge,y_XLK,18,2025-09-04,0.0008374382801461522,0.033877188893538406
ridge,y_XLK,16,2025-09-08,0.0019257691954353007,0.0059352037496892595
ridge,y_XLK,17,2025-09-08,0.0019257691954353007,0.008107336368787181
ridge,y_XLK,18,2025-09-08,0.0019257691954353007,0.00703457905581024
ridge,y_XLK,16,2025-09-09,0.018127641906036107,-0.002083752666193863
ridge,y_XLK,17,2025-09-09,0.018127641906036107,0.0017466889171864042
ridge,y_XLK,18,2025-09-09,0.018127641906036107,0.0009350242054040151
ridge,y_XLK,16,2025-09-10,0.003368555369382742,0.00045504441673025126
ridge,y_XLK,17,2025-09-10,0.003368555369382742,0.0038175277450554317
ridge,y_XLK,18,2025-09-10,0.003368555369382742,0.00368904908313324
ridge,y_XLK,16,2025-09-11,-0.0006640880660709891,0.014289764025400078
ridge,y_XLK,17,2025-09-11,-0.0006640880660709891,0.01356003617099081
ridge,y_XLK,18,2025-09-11,-0.0006640880660709891,0.01605650939078567
ridge,y_XLK,16,2025-09-15,-0.0034758285310176884,0.012810559911846528
ridge,y_XLK,17,2025-09-15,-0.0034758285310176884,0.016676187639409434
ridge,y_XLK,18,2025-09-15,-0.0034758285310176884,0.01708136106039788
ridge,y_XLK,16,2025-09-16,-0.0034512107495844324,-0.013412005019226611
ridge,y_XLK,17,2025-09-16,-0.0034512107495844324,-0.01384872098791574
ridge,y_XLK,18,2025-09-16,-0.0034512107495844324,-0.013379307273587016
ridge,y_XLK,16,2025-09-17,0.017278945726456385,0.054078712156208894
ridge,y_XLK,17,2025-09-17,0.017278945726456385,0.04771364430766504
ridge,y_XLK,18,2025-09-17,0.017278945726456385,0.047569399701468174
ridge,y_XLK,16,2025-09-18,0.010140533739601887,0.10141026097476911
ridge,y_XLK,17,2025-09-18,0.010140533739601887,0.07718641984171867
ridge,y_XLK,18,2025-09-18,0.010140533739601887,0.06469962023559879
ridge,y_XLK,16,2025-09-22,-0.00863218959416312,-0.011820555974993303
ridge,y_XLK,17,2025-09-22,-0.00863218959416312,-0.009279841666177624
ridge,y_XLK,18,2025-09-22,-0.00863218959416312,-0.009229408405909316
ridge,y_XLK,17,2025-09-23,-0.006173852788884493,0.08272891310231097
ridge,y_XLK,18,2025-09-23,-0.006173852788884493,0.08289914136409753
ridge,y_XLK,19,2025-09-23,-0.006173852788884493,0.0920232216391125
ridge,y_XLK,17,2025-09-24,-0.0017593787530568727,0.2617051643743722
ridge,y_XLK,18,2025-09-24,-0.0017593787530568727,0.2474971363944021
ridge,y_XLK,19,2025-09-24,-0.0017593787530568727,0.2407829894832175
ridge,y_XLK,17,2025-09-25,0.0030215349921083323,0.00509123155444308
ridge,y_XLK,18,2025-09-25,0.0030215349921083323,0.0057549000690978475
ridge,y_XLK,19,2025-09-25,0.0030215349921083323,0.008117571203128716
ridge,y_XLK,17,2025-09-29,0.0054578414754302695,-0.00357699972140166
ridge,y_XLK,18,2025-09-29,0.0054578414754302695,-0.0014045921783064062
ridge,y_XLK,19,2025-09-29,0.0054578414754302695,-0.004240264402370922
ridge,y_XLK,17,2025-09-30,0.009792127521145,0.005455186611777308
ridge,y_XLK,18,2025-09-30,0.009792127521145,0.009003576315269728
ridge,y_XLK,19,2025-09-30,0.009792127521145,0.00676547945325709
ridge,y_XLK,17,2025-10-01,0.005410799025761914,0.04893182533848656
ridge,y_XLK,18,2025-10-01,0.005410799025761914,0.04799449241933197
ridge,y_XLK,19,2025-10-01,0.005410799025761914,0.047062274764496786
ridge,y_XLK,17,2025-10-02,-0.005032207624090956,0.012886565836559317
ridge,y_XLK,18,2025-10-02,-0.005032207624090956,0.008698310208069895
ridge,y_XLK,19,2025-10-02,-0.005032207624090956,0.010605316027915028
ridge,y_XLK,17,2025-10-06,-0.006675909508848443,0.013685390299550218
ridge,y_XLK,18,2025-10-06,-0.006675909508848443,0.012099898786126434
ridge,y_XLK,19,2025-10-06,-0.006675909508848443,0.013083838312166985
ridge,y_XLK,17,2025-10-07,0.017537098861290623,-0.0006090654354069397
ridge,y_XLK,18,2025-10-07,0.017537098861290623,-0.0020473225971115376
ridge,y_XLK,19,2025-10-07,0.017537098861290623,-0.004246558632673567
ridge,y_XLK,17,2025-10-08,-0.0016856441827191038,0.08250191709417651
ridge,y_XLK,18,2025-10-08,-0.0016856441827191038,0.0878354194369071
ridge,y_XLK,19,2025-10-08,-0.0016856441827191038,0.09452349670198014
ridge,y_XLK,17,2025-10-09,-0.04069607257475405,-0.052226504917971185
ridge,y_XLK,18,2025-10-09,-0.04069607257475405,-0.048681969761750876
ridge,y_XLK,19,2025-10-09,-0.04069607257475405,-0.04298370058369689
ridge,y_XLK,18,2025-10-13,-0.012834422562449488,-0.07503760696765376
ridge,y_XLK,19,2025-10-13,-0.012834422562449488,-0.07244186403470962
ridge,y_XLK,20,2025-10-13,-0.012834422562449488,-0.06163644485486176
ridge,y_XLK,18,2025-10-14,0.009910700229627922,0.024882401362041714
ridge,y_XLK,19,2025-10-14,0.009910700229627922,0.024114638481044913
ridge,y_XLK,20,2025-10-14,0.009910700229627922,0.021705024829548836
ridge,y_XLK,18,2025-10-15,0.0007387791202013716,0.019037466256411444
ridge,y_XLK,19,2025-10-15,0.0007387791202013716,0.046709371226550056
ridge,y_XLK,20,2025-10-15,0.0007387791202013716,0.02912004907850176
ridge,y_XLK,18,2025-10-16,0.0017573873057530331,-0.02634732506082617
ridge,y_XLK,19,2025-10-16,0.0017573873057530331,-0.021403439238004418
ridge,y_XLK,20,2025-10-16,0.0017573873057530331,-0.005395275701767853
ridge,y_XLK,18,2025-10-20,0.000520515832462598,0.03777209288706171
ridge,y_XLK,19,2025-10-20,0.000520515832462598,0.035424397630689615
ridge,y_XLK,20,2025-10-20,0.000520515832462598,0.03255683386117915
ridge,y_XLK,18,2025-10-21,-0.009884231699416213,-0.0003600905199495917
ridge,y_XLK,19,2025-10-21,-0.009884231699416213,-0.001612059720372764
ridge,y_XLK,20,2025-10-21,-0.009884231699416213,-0.0022606393722205092
ridge,y_XLK,18,2025-10-22,0.012609883898197616,-0.014761534902373861
ridge,y_XLK,19,2025-10-22,0.012609883898197616,-0.025234458221049166
ridge,y_XLK,20,2025-10-22,0.012609883898197616,-0.018791695855824922
ridge,y_XLK,18,2025-10-23,0.015531549537064482,0.015768899793847505
ridge,y_XLK,19,2025-10-23,0.015531549537064482,0.014129402539828246
ridge,y_XLK,20,2025-10-23,0.015531549537064482,0.01261466677864738
ridge,y_XLK,18,2025-10-27,0.00989962581242132,-0.012727349565540965
ridge,y_XLK,19,2025-10-27,0.00989962581242132,-0.014705362341918686
ridge,y_XLK,20,2025-10-27,0.00989962581242132,-0.014537647924642785
ridge,y_XLK,18,2025-10-28,0.007186395455704764,0.017593687428841324
ridge,y_XLK,19,2025-10-28,0.007186395455704764,0.016566827217334677
ridge,y_XLK,20,2025-10-28,0.007186395455704764,0.013602248656276085
ridge,y_XLK,18,2025-10-29,-0.01229730070601498,0.005560879858949979
ridge,y_XLK,19,2025-10-29,-0.01229730070601498,0.005465397191949096
ridge,y_XLK,20,2025-10-29,-0.01229730070601498,0.006004687294227995
ridge,y_XLK,18,2025-10-30,0.0009652764020697813,0.00314089692312809
ridge,y_XLK,19,2025-10-30,0.0009652764020697813,0.004760584855519022
ridge,y_XLK,20,2025-10-30,0.0009652764020697813,0.004718068117883307
ridge,y_XLK,19,2025-11-03,-0.026398551772200185,0.002842660199949207
ridge,y_XLK,20,2025-11-03,-0.026398551772200185,0.001537966480992832
ridge,y_XLK,21,2025-11-03,-0.026398551772200185,-0.0013952126179288
ridge,y_XLK,19,2025-11-04,0.0039123494799286895,-0.018099317315332306
ridge,y_XLK,20,2025-11-04,0.0039123494799286895,-0.0148276527741657
ridge,y_XLK,21,2025-11-04,0.0039123494799286895,0.0031261275756540195
ridge,y_XLK,19,2025-11-05,-0.020095568399972397,-0.003997033137715049
ridge,y_XLK,20,2025-11-05,-0.020095568399972397,0.0019049728577543636
ridge,y_XLK,21,2025-11-05,-0.020095568399972397,0.008391368019470782
ridge,y_XLK,19,2025-11-06,-0.003458359163478475,-0.05018740303423278
ridge,y_XLK,20,2025-11-06,-0.003458359163478475,-0.0468052254490434
ridge,y_XLK,21,2025-11-06,-0.003458359163478475,-0.03329499595049511
ridge,y_XLK,19,2025-11-10,-0.008527021868579232,-0.05304272530930723
ridge,y_XLK,20,2025-11-10,-0.008527021868579232,-0.050389937006223
ridge,y_XLK,21,2025-11-10,-0.008527021868579232,-0.04887605393136135
ridge,y_XLK,19,2025-11-11,0.003105725146766769,0.01078328032015762
ridge,y_XLK,20,2025-11-11,0.003105725146766769,0.019956498962212816
ridge,y_XLK,21,2025-11-11,0.003105725146766769,0.03082023555396059
ridge,y_XLK,19,2025-11-12,-0.024938894628394603,0.01125279870469092
ridge,y_XLK,20,2025-11-12,-0.024938894628394603,0.013106030175910704
ridge,y_XLK,21,2025-11-12,-0.024938894628394603,0.017453582058758313
ridge,y_XLK,19,2025-11-13,0.0054433525958546,-0.008919283298354294
ridge,y_XLK,20,2025-11-13,0.0054433525958546,-0.007554648296032482
ridge,y_XLK,21,2025-11-13,0.0054433525958546,-0.016912678520235296
ridge,y_XLK,19,2025-11-17,-0.016253027938932574,-0.017522167863804596
ridge,y_XLK,20,2025-11-17,-0.016253027938932574,-0.017132214242533337
ridge,y_XLK,21,2025-11-17,-0.016253027938932574,-0.013937728328060934
ridge,y_XLK,19,2025-11-18,0.0069525866299327,-0.007251896741645909
ridge,y_XLK,20,2025-11-18,0.0069525866299327,-0.007418603958127216
ridge,y_XLK,21,2025-11-18,0.0069525866299327,-0.007067069192331722
ridge,y_XLK,19,2025-11-19,-0.03139124720531028,-0.004108099902651892
ridge,y_XLK,20,2025-11-19,-0.03139124720531028,-0.003689853378470796
ridge,y_XLK,21,2025-11-19,-0.03139124720531028,-0.00614059687689499
ridge,y_XLK,19,2025-11-20,0.003858246095568285,0.023994351608492358
ridge,y_XLK,20,2025-11-20,0.003858246095568285,0.02769484107086474
ridge,y_XLK,21,2025-11-20,0.003858246095568285,0.030330487862280646
ridge,y_XLK,20,2025-11-24,0.002681372639006474,-0.0026046706647583576
ridge,y_XLK,21,2025-11-24,0.002681372639006474,-0.0005793290084802404
ridge,y_XLK,22,2025-11-24,0.002681372639006474,-0.001507240850303728
ridge,y_XLK,20,2025-11-25,0.01183769525386058,-0.010588105935054869
ridge,y_XLK,21,2025-11-25,0.01183769525386058,-0.004403708862303516
ridge,y_XLK,22,2025-11-25,0.01183769525386058,9.477773540486829e-05
ridge,y_XLK,20,2025-12-01,0.010302056611519061,0.0023157488400520196
ridge,y_XLK,21,2025-12-01,0.010302056611519061,0.0026657646628262446
ridge,y_XLK,22,2025-12-01,0.010302056611519061,0.005917344456513044
ridge,y_XLK,20,2025-12-02,0.002385101567018877,-0.016554950830653864
ridge,y_XLK,21,2025-12-02,0.002385101567018877,-0.011929545332587905
ridge,y_XLK,22,2025-12-02,0.002385101567018877,-0.013952747065606539
ridge,y_XLK,20,2025-12-03,0.0037242829127019927,-0.015963137722258262
ridge,y_XLK,21,2025-12-03,0.0037242829127019927,-0.01969105207696488
ridge,y_XLK,22,2025-12-03,0.0037242829127019927,-0.016493063267495143
ridge,y_XLK,20,2025-12-04,0.007317813073295598,-0.00835550345392843
ridge,y_XLK,21,2025-12-04,0.007317813073295598,0.0018861376565885552
ridge,y_XLK,22,2025-12-04,0.007317813073295598,0.004780662032499232
ridge,y_XLK,20,2025-12-08,0.002641705175143949,-0.011097696245850988
ridge,y_XLK,21,2025-12-08,0.002641705175143949,-0.015018713720228626
ridge,y_XLK,22,2025-12-08,0.002641705175143949,0.023021152057954
ridge,y_XLK,20,2025-12-09,0.004796639915539469,-0.08850292861427238
ridge,y_XLK,21,2025-12-09,0.004796639915539469,-0.08966066464684024
ridge,y_XLK,22,2025-12-09,0.004796639915539469,-0.07807106954817085
ridge,y_XLK,20,2025-12-10,-0.005109938373929479,-0.014907812231384092
ridge,y_XLK,21,2025-12-10,-0.005109938373929479,0.0033799304840518725
ridge,y_XLK,22,2025-12-10,-0.005109938373929479,0.00300801816375111
ridge,y_XLK,20,2025-12-11,-0.028924754781091022,-0.011666573666950215
ridge,y_XLK,21,2025-12-11,-0.028924754781091022,-0.004099914981737876
ridge,y_XLK,22,2025-12-11,-0.028924754781091022,-0.003444093449418565
ridge,y_XLK,21,2025-12-15,0.0018270662908363988,0.03167954443518906
ridge,y_XLK,22,2025-12-15,0.0018270662908363988,0.032226529620530076
ridge,y_XLK,23,2025-12-15,0.0018270662908363988,0.028666693919299525
ridge,y_XLK,21,2025-12-16,-0.022236200646995274,0.029378428345628572
ridge,y_XLK,22,2025-12-16,-0.022236200646995274,0.023402136272898274
ridge,y_XLK,23,2025-12-16,-0.022236200646995274,0.019540604432120655
ridge,y_XLK,21,2025-12-17,0.015424348563592538,-0.004786366380948351
ridge,y_XLK,22,2025-12-17,0.015424348563592538,-0.010511414973180418
ridge,y_XLK,23,2025-12-17,0.015424348563592538,-0.006686551643227471
ridge,y_XLK,21,2025-12-18,0.021619390456640852,0.014858295033028268
ridge,y_XLK,22,2025-12-18,0.021619390456640852,0.028941489237341692
ridge,y_XLK,23,2025-12-18,0.021619390456640852,0.033622513893564146
ridge,y_XLK,21,2025-12-23,0.002398123404139252,0.028311198509530698
ridge,y_XLK,22,2025-12-23,0.002398123404139252,0.01540052384844427
ridge,y_XLK,23,2025-12-23,0.002398123404139252,0.013618302825079582
ridge,y_XLK,21,2025-12-29,-0.003153434362622609,-0.0006017354448351206
ridge,y_XLK,22,2025-12-29,-0.003153434362622609,-0.0008658884646563204
ridge,y_XLK,23,2025-12-29,-0.003153434362622609,-0.0016254494190180357
ridge,y_XLK,21,2025-12-30,-0.009903049344200499,-0.031365916700535394
ridge,y_XLK,22,2025-12-30,-0.009903049344200499,-0.033519748433325246
ridge,y_XLK,23,2025-12-30,-0.009903049344200499,-0.03463997025119724
ridge,y_XLK,22,2026-01-05,0.014036778093180935,0.03655196656262247
ridge,y_XLK,23,2026-01-05,0.014036778093180935,0.04588314991353582
ridge,y_XLK,24,2026-01-05,0.014036778093180935,0.04395591927345648
ridge,y_XLK,22,2026-01-06,-0.0008182415423229061,-0.020445829731931077
ridge,y_XLK,23,2026-01-06,-0.0008182415423229061,-0.021535335566169458
ridge,y_XLK,24,2026-01-06,-0.0008182415423229061,-0.02723877912986855
ridge,y_XLK,22,2026-01-07,-0.01562815331474887,-0.006345575222932456
ridge,y_XLK,23,2026-01-07,-0.01562815331474887,-0.005432775427179248
ridge,y_XLK,24,2026-01-07,-0.01562815331474887,-0.0005638765544172631
ridge,y_XLK,22,2026-01-08,0.013241738287446347,0.019822541590823584
ridge,y_XLK,23,2026-01-08,0.013241738287446347,0.016141884519712754
ridge,y_XLK,24,2026-01-08,0.013241738287446347,0.013666834722324401
ridge,y_XLK,22,2026-01-12,-0.002111843945584835,0.01337814730369423
ridge,y_XLK,23,2026-01-12,-0.002111843945584835,0.001122407192423696
ridge,y_XLK,24,2026-01-12,-0.002111843945584835,0.004529199503241885
ridge,y_XLK,22,2026-01-13,-0.012151821622167214,0.006520878698477443
ridge,y_XLK,23,2026-01-13,-0.012151821622167214,0.01198202855159383
ridge,y_XLK,24,2026-01-13,-0.012151821622167214,0.00942417727007761
ridge,y_XLK,22,2026-01-14,0.005252313625803584,-0.010813624843633832
ridge,y_XLK,23,2026-01-14,0.005252313625803584,-0.007822947436560028
ridge,y_XLK,24,2026-01-14,0.005252313625803584,-0.006117812104150647
ridge,y_XLK,22,2026-01-15,0.0010998789765974681,-0.022010416968662655
ridge,y_XLK,23,2026-01-15,0.0010998789765974681,-0.012683506167334806
ridge,y_XLK,24,2026-01-15,0.0010998789765974681,-0.013682145962888002
ridge,y_XLK,22,2026-01-21,0.007440423770140203,-0.0029934738487210366
ridge,y_XLK,23,2026-01-21,0.007440423770140203,-0.004343882877234148
ridge,y_XLK,24,2026-01-21,0.007440423770140203,-0.005000555468692171
ridge,y_XLK,22,2026-01-22,0.0014494163997853526,0.005172762136263137
ridge,y_XLK,23,2026-01-22,0.0014494163997853526,0.008026593408931528
ridge,y_XLK,24,2026-01-22,0.0014494163997853526,0.009427682040381864
ridge,y_XLK,23,2026-01-26,0.013485769414087745,0.007552343252403895
ridge,y_XLK,24,2026-01-26,0.013485769414087745,0.005940810464288888
ridge,y_XLK,23,2026-01-27,0.007970230675164114,-0.06426745815861479
ridge,y_XLK,24,2026-01-27,0.007970230675164114,-0.06636759748155571
ridge,y_XLK,23,2026-01-28,-0.015814519050582843,-0.006343323576555448
ridge,y_XLK,24,2026-01-28,-0.015814519050582843,-0.002528068890430124
ridge,y_XLK,23,2026-01-29,-0.020358074036764928,-0.003929828746470593
ridge,y_XLK,24,2026-01-29,-0.020358074036764928,0.0002062323504568778
ridge,y_XLK,23,2026-02-02,-0.02189173066250938,-0.02267082327197549
ridge,y_XLK,24,2026-02-02,-0.02189173066250938,-0.021553203988801888
ridge,y_XLK,23,2026-02-03,-0.027871668516558534,0.006479693617249025
ridge,y_XLK,24,2026-02-03,-0.027871668516558534,0.0032051687807178636
ridge,y_XLK,23,2026-02-04,-0.018027731844780126,0.01836903769567544
ridge,y_XLK,24,2026-02-04,-0.018027731844780126,0.016216940378274605
ridge,y_XLK,23,2026-02-05,0.04055149894562149,-0.005866244172761017
ridge,y_XLK,24,2026-02-05,0.04055149894562149,-0.004286333787227283
ridge,y_XLK,23,2026-02-09,-0.005580767476076165,0.004510471700971082
ridge,y_XLK,24,2026-02-09,-0.005580767476076165,0.004315306324731162
ridge,y_XLK,23,2026-02-10,0.0029463217113563367,-0.012066716816687233
ridge,y_XLK,24,2026-02-10,0.0029463217113563367,-0.00947661164612803
ridge,y_XLK,23,2026-02-11,-0.02629918496700312,0.0360812274738116
ridge,y_XLK,24,2026-02-11,-0.02629918496700312,0.038226601618046384
ridge,y_XLK,23,2026-02-12,0.0025141213120256634,-0.04253026854751458
ridge,y_XLK,24,2026-02-12,0.0025141213120256634,-0.040652671786869744
ridge,y_XLK,24,2026-02-17,0.010252423131440924,0.0004133954476260848
ridge,y_XLK,24,2026-02-18,-0.004967688099141054,0.004717343127770501
ridge,y_XLK,24,2026-02-19,0.004778533177825173,-0.0009585381830889119
ridge,y_XLK,24,2026-02-23,0.012994535058036272,0.020972861577369512
ridge,y_XLK,24,2026-02-24,0.01917037515827502,0.006405485956514887
ridge,y_XLK,24,2026-02-25,-0.013985036548647689,0.032225685984009
ridge,y_XLK,24,2026-02-26,-0.015956315776545327,-0.012228259193694826
ridge,y_XLK,24,2026-03-02,-0.014619416542107189,0.048151219328062704
ridge,y_XLK,24,2026-03-03,0.0170181551846591,0.009187998297199096
ridge,y_XLK,24,2026-03-04,0.0024313239902344908,0.01760397963828257
ridge,y_XLK,24,2026-03-05,-0.02061634712974081,0.008773086369198262
ridge,y_XLP,0,2024-08-05,0.006949841429952475,-0.007689859260825764
ridge,y_XLP,0,2024-08-06,0.001022338320619376,-0.007735280654796577
ridge,y_XLP,0,2024-08-07,0.009065544685853855,0.04907274890910407
ridge,y_XLP,0,2024-08-08,0.0015182284354653408,-0.0023601902570362177
ridge,y_XLP,0,2024-08-12,0.004571485143404219,0.012098456337398623
ridge,y_XLP,0,2024-08-13,0.004550681769303511,-0.02700214900899893
ridge,y_XLP,0,2024-08-14,0.010318302509164434,0.004524812025657831
ridge,y_XLP,0,2024-08-15,0.002740018609581396,-0.01293706725308294
ridge,y_XLP,0,2024-08-19,0.004951748876561579,0.00511042797620728
ridge,y_XLP,0,2024-08-20,0.006774947159813083,0.03711514285487079
ridge,y_XLP,0,2024-08-21,-0.001468170169801275,-0.0009086794077316602
ridge,y_XLP,0,2024-08-22,0.002818178961611517,-0.0004925407490692106
ridge,y_XLP,0,2024-08-26,0.0024266574758331494,-0.011865708528067273
ridge,y_XLP,1,2024-08-26,0.0024266574758331494,-0.012582967023761903
ridge,y_XLP,0,2024-08-27,-0.004236466456222332,0.006129526198520087
ridge,y_XLP,1,2024-08-27,-0.004236466456222332,0.006615000378436483
ridge,y_XLP,0,2024-08-28,-0.0049834677334915645,-0.009150403989511677
ridge,y_XLP,1,2024-08-28,-0.0049834677334915645,-0.009378943749542073
ridge,y_XLP,0,2024-08-29,0.007940395052887128,-0.02357516078318781
ridge,y_XLP,1,2024-08-29,0.007940395052887128,-0.02043708377533279
ridge,y_XLP,0,2024-09-03,0.00469378732472947,-0.00938128049462807
ridge,y_XLP,1,2024-09-03,0.00469378732472947,-0.012218112639551146
ridge,y_XLP,0,2024-09-04,-0.0038331418743716705,0.033635423972620336
ridge,y_XLP,1,2024-09-04,-0.0038331418743716705,0.032675623356754877
ridge,y_XLP,0,2024-09-05,-0.0020445711937714384,0.00535782294304465
ridge,y_XLP,1,2024-09-05,-0.0020445711937714384,0.00819850091730208
ridge,y_XLP,0,2024-09-09,-0.00023894592664119862,0.015981647226627527
ridge,y_XLP,1,2024-09-09,-0.00023894592664119862,0.027211093431369442
ridge,y_XLP,0,2024-09-10,-0.009329094645676772,0.02883593272685048
ridge,y_XLP,1,2024-09-10,-0.009329094645676772,0.03305087735167424
ridge,y_XLP,0,2024-09-11,0.0061570018211445365,0.016400236675730068
ridge,y_XLP,1,2024-09-11,0.0061570018211445365,0.011406723086759904
ridge,y_XLP,0,2024-09-12,0.0070794826371436415,0.026191538856956586
ridge,y_XLP,1,2024-09-12,0.0070794826371436415,0.0230835252994156
ridge,y_XLP,2,2024-09-12,0.0070794826371436415,0.0212361740842576
ridge,y_XLP,0,2024-09-16,-0.009494382329490736,-0.10885479946881037
ridge,y_XLP,1,2024-09-16,-0.009494382329490736,-0.09985548587630255
ridge,y_XLP,2,2024-09-16,-0.009494382329490736,-0.08852854909348779
ridge,y_XLP,0,2024-09-17,-0.003834250999752431,0.02530296245024547
ridge,y_XLP,1,2024-09-17,-0.003834250999752431,0.019942285082502502
ridge,y_XLP,2,2024-09-17,-0.003834250999752431,0.016703858545366226
ridge,y_XLP,0,2024-09-18,-0.005893595196201362,0.035421984794400924
ridge,y_XLP,1,2024-09-18,-0.005893595196201362,0.0361969990901403
ridge,y_XLP,2,2024-09-18,-0.005893595196201362,0.03309539005127536
ridge,y_XLP,0,2024-09-19,0.004839713023451431,-0.012459974394899882
ridge,y_XLP,1,2024-09-19,0.004839713023451431,-0.02585466330275185
ridge,y_XLP,2,2024-09-19,0.004839713023451431,-0.02523840417007759
ridge,y_XLP,0,2024-09-23,-0.0024071023490870314,-0.013896822169229859
ridge,y_XLP,1,2024-09-23,-0.0024071023490870314,-0.013656868404784058
ridge,y_XLP,2,2024-09-23,-0.0024071023490870314,-0.014274127100131536
ridge,y_XLP,0,2024-09-24,-0.002533336864824598,0.00949045323005576
ridge,y_XLP,1,2024-09-24,-0.002533336864824598,0.004064842379979706
ridge,y_XLP,2,2024-09-24,-0.002533336864824598,0.0018302469068121239
ridge,y_XLP,0,2024-09-25,0.002298115430727554,-0.0014206008991655946
ridge,y_XLP,1,2024-09-25,0.002298115430727554,0.0011025375432117844
ridge,y_XLP,2,2024-09-25,0.002298115430727554,0.00016214284986563
ridge,y_XLP,0,2024-09-26,0.001809976225300547,-0.03374964424877592
ridge,y_XLP,1,2024-09-26,0.001809976225300547,-0.03154104352860475
ridge,y_XLP,2,2024-09-26,0.001809976225300547,-0.02951328141518963
ridge,y_XLP,0,2024-09-30,-0.003373274471106802,-0.02871379504825615
ridge,y_XLP,1,2024-09-30,-0.003373274471106802,-0.025924350816852404
ridge,y_XLP,2,2024-09-30,-0.003373274471106802,-0.026402484288080414
ridge,y_XLP,0,2024-10-01,-0.008462350469181756,-0.0017734227229638507
ridge,y_XLP,1,2024-10-01,-0.008462350469181756,-0.004416676802899255
ridge,y_XLP,2,2024-10-01,-0.008462350469181756,-0.006295961858651595
ridge,y_XLP,0,2024-10-02,-0.009997617918337975,0.0388252586619573
ridge,y_XLP,1,2024-10-02,-0.009997617918337975,0.03603873917262386
ridge,y_XLP,2,2024-10-02,-0.009997617918337975,0.03212206199394655
ridge,y_XLP,0,2024-10-03,0.003325312875654962,0.0016155937673890282
ridge,y_XLP,1,2024-10-03,0.003325312875654962,-0.0007501836440260964
ridge,y_XLP,2,2024-10-03,0.003325312875654962,-0.0007528534400819978
ridge,y_XLP,1,2024-10-07,0.004959043587006828,0.011757953262040412
ridge,y_XLP,2,2024-10-07,0.004959043587006828,0.013224724747284934
ridge,y_XLP,3,2024-10-07,0.004959043587006828,0.007162654741771991
ridge,y_XLP,1,2024-10-08,0.006045119629535911,-0.012276577813422004
ridge,y_XLP,2,2024-10-08,0.006045119629535911,-0.015861819625723503
ridge,y_XLP,3,2024-10-08,0.006045119629535911,-0.02080576952299977
ridge,y_XLP,1,2024-10-09,-0.004414623465650358,0.00376543348713084
ridge,y_XLP,2,2024-10-09,-0.004414623465650358,0.004406572999813812
ridge,y_XLP,3,2024-10-09,-0.004414623465650358,0.005988691691033408
ridge,y_XLP,1,2024-10-10,0.005542578258934672,-0.002021601350050168
ridge,y_XLP,2,2024-10-10,0.005542578258934672,-0.0031460573056575304
ridge,y_XLP,3,2024-10-10,0.005542578258934672,-0.0033313493742980096
ridge,y_XLP,1,2024-10-14,0.006343824578789237,-0.0010908411204520081
ridge,y_XLP,2,2024-10-14,0.006343824578789237,0.0004460329436591574
ridge,y_XLP,3,2024-10-14,0.006343824578789237,0.0016383713170151069
ridge,y_XLP,1,2024-10-15,-0.0007273065656051569,-0.013480853949639935
ridge,y_XLP,2,2024-10-15,-0.0007273065656051569,-0.013646567254712824
ridge,y_XLP,3,2024-10-15,-0.0007273065656051569,-0.013411820549968029
ridge,y_XLP,1,2024-10-16,-0.004488784601187734,-0.009657967982595708
ridge,y_XLP,2,2024-10-16,-0.004488784601187734,-0.007923622057329636
ridge,y_XLP,3,2024-10-16,-0.004488784601187734,-0.007193219025718026
ridge,y_XLP,1,2024-10-17,0.0021935457421125015,-0.020446824989420253
ridge,y_XLP,2,2024-10-17,0.0021935457421125015,-0.02106777376251028
ridge,y_XLP,3,2024-10-17,0.0021935457421125015,-0.02028464759127913
ridge,y_XLP,1,2024-10-21,0.005640611863113154,-0.03977740487762284
ridge,y_XLP,2,2024-10-21,0.005640611863113154,-0.05695802502909851
ridge,y_XLP,3,2024-10-21,0.005640611863113154,-0.042880813721222134
ridge,y_XLP,1,2024-10-22,-0.0019509641624446683,-0.002198317101588296
ridge,y_XLP,2,2024-10-22,-0.0019509641624446683,-0.009864493746797605
ridge,y_XLP,3,2024-10-22,-0.0019509641624446683,-0.010664837167466369
ridge,y_XLP,1,2024-10-23,-0.0013439339026503072,0.02518867805118239
ridge,y_XLP,2,2024-10-23,-0.0013439339026503072,0.024676723993824357
ridge,y_XLP,3,2024-10-23,-0.0013439339026503072,0.02015113364045848
ridge,y_XLP,1,2024-10-24,-0.008319179318327152,0.02056135699626019
ridge,y_XLP,2,2024-10-24,-0.008319179318327152,0.01775248133831619
ridge,y_XLP,3,2024-10-24,-0.008319179318327152,0.021181188291124954
ridge,y_XLP,2,2024-10-28,-0.00985091663605886,-0.08757658087739233
ridge,y_XLP,3,2024-10-28,-0.00985091663605886,-0.06756786892482684
ridge,y_XLP,4,2024-10-28,-0.00985091663605886,-0.06724569073735849
ridge,y_XLP,2,2024-10-29,-0.0016166753764753627,-0.04054006265229142
ridge,y_XLP,3,2024-10-29,-0.0016166753764753627,-0.045791908945727815
ridge,y_XLP,4,2024-10-29,-0.0016166753764753627,-0.0469531934899294
ridge,y_XLP,2,2024-10-30,-0.0019932033163786445,0.04338651778763102
ridge,y_XLP,3,2024-10-30,-0.0019932033163786445,0.046439636560212647
ridge,y_XLP,4,2024-10-30,-0.0019932033163786445,0.0509495077021869
ridge,y_XLP,2,2024-10-31,0.0003745582676639714,-0.07279759066114858
ridge,y_XLP,3,2024-10-31,0.0003745582676639714,-0.07519137094134964
ridge,y_XLP,4,2024-10-31,0.0003745582676639714,-0.06855137109631079
ridge,y_XLP,2,2024-11-04,0.006345619965763882,-0.021048260005902854
ridge,y_XLP,3,2024-11-04,0.006345619965763882,-0.024319064594212163
ridge,y_XLP,4,2024-11-04,0.006345619965763882,-0.02618911720675782
ridge,y_XLP,2,2024-11-05,-0.01632042899882047,0.007594945987293782
ridge,y_XLP,3,2024-11-05,-0.01632042899882047,0.0113774745284416
ridge,y_XLP,4,2024-11-05,-0.01632042899882047,0.004711574530784899
ridge,y_XLP,2,2024-11-06,0.0036450900075777337,-0.018611732523530586
ridge,y_XLP,3,2024-11-06,0.0036450900075777337,-0.015176914361298073
ridge,y_XLP,4,2024-11-06,0.0036450900075777337,-0.013133042380993576
ridge,y_XLP,2,2024-11-07,0.012147743429594682,-0.015613726129277278
ridge,y_XLP,3,2024-11-07,0.012147743429594682,-0.012198535952527324
ridge,y_XLP,4,2024-11-07,0.012147743429594682,-0.012899028522903384
ridge,y_XLP,2,2024-11-11,0.0011173245709723556,-0.015877961686390146
ridge,y_XLP,3,2024-11-11,0.0011173245709723556,-0.025257275765186
ridge,y_XLP,4,2024-11-11,0.0011173245709723556,-0.010929885737083683
ridge,y_XLP,2,2024-11-12,0.00297663122642966,0.02075620931836179
ridge,y_XLP,3,2024-11-12,0.00297663122642966,0.016418905638013955
ridge,y_XLP,4,2024-11-12,0.00297663122642966,0.01927637410821629
ridge,y_XLP,2,2024-11-13,-0.0024731805995065193,0.011989158312936014
ridge,y_XLP,3,2024-11-13,-0.0024731805995065193,0.011791757542846606
ridge,y_XLP,4,2024-11-13,-0.0024731805995065193,0.018624073444591563
ridge,y_XLP,2,2024-11-14,-0.008801235916568784,-0.06961149590073498
ridge,y_XLP,3,2024-11-14,-0.008801235916568784,-0.06963789059342108
ridge,y_XLP,4,2024-11-14,-0.008801235916568784,-0.0874666369371212
ridge,y_XLP,3,2024-11-18,0.001366132679347265,-0.06928472404257449
ridge,y_XLP,4,2024-11-18,0.001366132679347265,-0.06771801380206258
ridge,y_XLP,5,2024-11-18,0.001366132679347265,-0.056829994217945046
ridge,y_XLP,3,2024-11-19,-0.0050849844816738266,0.010678769946267404
ridge,y_XLP,4,2024-11-19,-0.0050849844816738266,0.009490454052203556
ridge,y_XLP,5,2024-11-19,-0.0050849844816738266,0.07753932479583488
ridge,y_XLP,3,2024-11-20,0.010845203267943804,0.014095895732518323
ridge,y_XLP,4,2024-11-20,0.010845203267943804,0.010808890044515126
ridge,y_XLP,5,2024-11-20,0.010845203267943804,0.021147939127724894
ridge,y_XLP,3,2024-11-21,0.00924892521624221,-0.008121001456801115
ridge,y_XLP,4,2024-11-21,0.00924892521624221,-0.0035535864369692716
ridge,y_XLP,5,2024-11-21,0.00924892521624221,0.0028773728246210568
ridge,y_XLP,3,2024-11-25,0.004131740457640198,-0.0017538829778791423
ridge,y_XLP,4,2024-11-25,0.004131740457640198,-0.0026774167767825005
ridge,y_XLP,5,2024-11-25,0.004131740457640198,-0.0027978756085250142
ridge,y_XLP,3,2024-11-26,0.002057417498055214,0.02944377331769015
ridge,y_XLP,4,2024-11-26,0.002057417498055214,0.043070975559130566
ridge,y_XLP,5,2024-11-26,0.002057417498055214,0.04027503834286272
ridge,y_XLP,3,2024-12-02,-0.0051734110746397555,0.029368763175539683
ridge,y_XLP,4,2024-12-02,-0.0051734110746397555,0.02667767421020529
ridge,y_XLP,5,2024-12-02,-0.0051734110746397555,0.02065317174730617
ridge,y_XLP,3,2024-12-03,-0.0027813769702216273,0.04497858937296433
ridge,y_XLP,4,2024-12-03,-0.0027813769702216273,0.04575850500024747
ridge,y_XLP,5,2024-12-03,-0.0027813769702216273,0.04337448135778887
ridge,y_XLP,3,2024-12-04,0.0040019767104435555,0.010477059482847528
ridge,y_XLP,4,2024-12-04,0.0040019767104435555,0.01125344114125103
ridge,y_XLP,5,2024-12-04,0.0040019767104435555,0.008596106971312094
ridge,y_XLP,3,2024-12-05,-0.0049524118039444565,0.004951350693120128
ridge,y_XLP,4,2024-12-05,-0.0049524118039444565,0.002539570543130344
ridge,y_XLP,5,2024-12-05,-0.0049524118039444565,0.0032167268570689645
ridge,y_XLP,4,2024-12-09,0.004741623114894233,-0.010986266848896874
ridge,y_XLP,5,2024-12-09,0.004741623114894233,-0.0013605952394836274
ridge,y_XLP,6,2024-12-09,0.004741623114894233,0.008191844400499467
ridge,y_XLP,4,2024-12-10,-0.007623383050868848,0.0069148871216279705
ridge,y_XLP,5,2024-12-10,-0.007623383050868848,0.00733861117430469
ridge,y_XLP,6,2024-12-10,-0.007623383050868848,0.011365008686143763
ridge,y_XLP,4,2024-12-11,0.0029264462436668914,-0.0010411084788189936
ridge,y_XLP,5,2024-12-11,0.0029264462436668914,-0.0006422045187644425
ridge,y_XLP,6,2024-12-11,0.0029264462436668914,-0.002403765665577763
ridge,y_XLP,4,2024-12-12,-0.00255324076363328,-0.028165507876478896
ridge,y_XLP,5,2024-12-12,-0.00255324076363328,-0.02508085040405515
ridge,y_XLP,6,2024-12-12,-0.00255324076363328,-0.019698588171203863
ridge,y_XLP,4,2024-12-16,-0.0017154124295840623,-0.020650642319751854
ridge,y_XLP,5,2024-12-16,-0.0017154124295840623,-0.009075265783959464
ridge,y_XLP,6,2024-12-16,-0.0017154124295840623,-0.01770693200829215
ridge,y_XLP,4,2024-12-17,-0.015220384266308118,-0.005047248328315862
ridge,y_XLP,5,2024-12-17,-0.015220384266308118,-0.005791257200688672
ridge,y_XLP,6,2024-12-17,-0.015220384266308118,-0.0038083745457240473
ridge,y_XLP,4,2024-12-18,-0.007104585059434676,0.015584672545107472
ridge,y_XLP,5,2024-12-18,-0.007104585059434676,0.015900606577696718
ridge,y_XLP,6,2024-12-18,-0.007104585059434676,0.018714279631341934
ridge,y_XLP,4,2024-12-19,0.0035150064384614765,-0.0037028594726025124
ridge,y_XLP,5,2024-12-19,0.0035150064384614765,0.0026386894122642536
ridge,y_XLP,6,2024-12-19,0.0035150064384614765,0.009496500340034403
ridge,y_XLP,4,2024-12-23,0.006589030266675566,-0.0006560516002159645
ridge,y_XLP,5,2024-12-23,0.006589030266675566,0.0026525586592092824
ridge,y_XLP,6,2024-12-23,0.006589030266675566,0.007114608366087715
ridge,y_XLP,4,2024-12-26,-0.0048939734168105264,-0.01247727303415299
ridge,y_XLP,5,2024-12-26,-0.0048939734168105264,-0.004522865642604006
ridge,y_XLP,6,2024-12-26,-0.0048939734168105264,-0.0037185180257526098
ridge,y_XLP,5,2024-12-30,0.0030624099158835794,0.009886750156780803
ridge,y_XLP,6,2024-12-30,0.0030624099158835794,0.011479083963631075
ridge,y_XLP,7,2024-12-30,0.0030624099158835794,0.01664471245052535
ridge,y_XLP,5,2025-01-02,-0.0005104516577078,-0.006213549882895587
ridge,y_XLP,6,2025-01-02,-0.0005104516577078,-0.0069479323382859014
ridge,y_XLP,7,2025-01-02,-0.0005104516577078,-0.006943790488374719
ridge,y_XLP,5,2025-01-06,-0.003483575724138821,-0.013247957063322272
ridge,y_XLP,6,2025-01-06,-0.003483575724138821,-0.0276415933292084
ridge,y_XLP,7,2025-01-06,-0.003483575724138821,-0.029983431954819083
ridge,y_XLP,5,2025-01-07,0.001812515182934904,-0.00983988520795842
ridge,y_XLP,6,2025-01-07,0.001812515182934904,-0.01468812644782626
ridge,y_XLP,7,2025-01-07,0.001812515182934904,-0.014661212373179864
ridge,y_XLP,5,2025-01-13,0.0002616697749988628,-0.008096475147995549
ridge,y_XLP,6,2025-01-13,0.0002616697749988628,-0.006717290690527242
ridge,y_XLP,7,2025-01-13,0.0002616697749988628,0.0010220266928644786
ridge,y_XLP,5,2025-01-14,-0.003399177692672284,0.004519748030099028
ridge,y_XLP,6,2025-01-14,-0.003399177692672284,0.0052190924707054675
ridge,y_XLP,7,2025-01-14,-0.003399177692672284,0.008793366226959202
ridge,y_XLP,5,2025-01-15,0.007477417120709706,-0.0854257375310702
ridge,y_XLP,6,2025-01-15,0.007477417120709706,-0.08282972346329673
ridge,y_XLP,7,2025-01-15,0.007477417120709706,-0.10234858523077328
ridge,y_XLP,5,2025-01-16,0.005729038726350444,-0.02553450999238947
ridge,y_XLP,6,2025-01-16,0.005729038726350444,-0.024074688849446444
ridge,y_XLP,7,2025-01-16,0.005729038726350444,-0.02101339866246112
ridge,y_XLP,6,2025-01-21,-0.0048970042361450306,0.002280187582986066
ridge,y_XLP,7,2025-01-21,-0.0048970042361450306,-0.00033922851546804483
ridge,y_XLP,8,2025-01-21,-0.0048970042361450306,0.0005963244388442941
ridge,y_XLP,6,2025-01-22,0.003625968977888583,-0.040363365018851155
ridge,y_XLP,7,2025-01-22,0.003625968977888583,-0.023782532397405288
ridge,y_XLP,8,2025-01-22,0.003625968977888583,-0.022498564119464864
ridge,y_XLP,6,2025-01-23,0.005161414552830701,-0.055401609013582744
ridge,y_XLP,7,2025-01-23,0.005161414552830701,-0.05928447923484581
ridge,y_XLP,8,2025-01-23,0.005161414552830701,-0.058487262020236984
ridge,y_XLP,6,2025-01-27,-0.015622981102210609,0.003621587764993169
ridge,y_XLP,7,2025-01-27,-0.015622981102210609,0.0044064455352613285
ridge,y_XLP,8,2025-01-27,-0.015622981102210609,0.0037891613314975266
ridge,y_XLP,6,2025-01-28,0.0024122408085067715,0.00301114273597811
ridge,y_XLP,7,2025-01-28,0.0024122408085067715,0.002591767303623603
ridge,y_XLP,8,2025-01-28,0.0024122408085067715,0.004647310009036994
ridge,y_XLP,6,2025-01-29,0.009879789393177019,0.053779841388806024
ridge,y_XLP,7,2025-01-29,0.009879789393177019,0.05218051478197248
ridge,y_XLP,8,2025-01-29,0.009879789393177019,0.04997998155333351
ridge,y_XLP,6,2025-01-30,-0.009406825672373609,-0.07830764631627266
ridge,y_XLP,7,2025-01-30,-0.009406825672373609,-0.06791756620498086
ridge,y_XLP,8,2025-01-30,-0.009406825672373609,-0.06400092487440488
ridge,y_XLP,6,2025-02-03,-0.008449969396131074,-0.025019571813831593
ridge,y_XLP,7,2025-02-03,-0.008449969396131074,-0.02319494279639258
ridge,y_XLP,8,2025-02-03,-0.008449969396131074,-0.024786833734741515
ridge,y_XLP,6,2025-02-04,0.006232451074855261,-0.02498641688677037
ridge,y_XLP,7,2025-02-04,0.006232451074855261,-0.011122793288576653
ridge,y_XLP,8,2025-02-04,0.006232451074855261,-0.007851838818064942
ridge,y_XLP,6,2025-02-05,0.004550695593022125,0.0001429252849927868
ridge,y_XLP,7,2025-02-05,0.004550695593022125,0.002933123354523412
ridge,y_XLP,8,2025-02-05,0.004550695593022125,0.010010302909434894
ridge,y_XLP,6,2025-02-06,-0.001510059733706326,0.10339506283381251
ridge,y_XLP,7,2025-02-06,-0.001510059733706326,0.06876950950015424
ridge,y_XLP,8,2025-02-06,-0.001510059733706326,0.06855463457404824
ridge,y_XLP,7,2025-02-10,0.009644196199671606,0.012483548220925761
ridge,y_XLP,8,2025-02-10,0.009644196199671606,0.011721376462941753
ridge,y_XLP,9,2025-02-10,0.009644196199671606,0.008534781661520418
ridge,y_XLP,7,2025-02-11,-0.0007442063429249357,-0.061386086323371426
ridge,y_XLP,8,2025-02-11,-0.0007442063429249357,-0.05664815320961635
ridge,y_XLP,9,2025-02-11,-0.0007442063429249357,-0.05986232094250294
ridge,y_XLP,7,2025-02-12,0.010800780140132638,0.008785796879237235
ridge,y_XLP,8,2025-02-12,0.010800780140132638,0.0053468658373588005
ridge,y_XLP,9,2025-02-12,0.010800780140132638,0.0022817338992569968
ridge,y_XLP,7,2025-02-13,-0.009948567254026153,-0.041719351292168826
ridge,y_XLP,8,2025-02-13,-0.009948567254026153,-0.04211819285673105
ridge,y_XLP,9,2025-02-13,-0.009948567254026153,-0.05425001759059256
ridge,y_XLP,7,2025-02-18,0.008034659131533672,0.05764310379079741
ridge,y_XLP,8,2025-02-18,0.008034659131533672,0.06770064934633921
ridge,y_XLP,9,2025-02-18,0.008034659131533672,0.06404083882639258
ridge,y_XLP,7,2025-02-19,-0.0039238944962831646,-0.02666723644174305
ridge,y_XLP,8,2025-02-19,-0.0039238944962831646,-0.026251625073009894
ridge,y_XLP,9,2025-02-19,-0.0039238944962831646,-0.01977049394182524
ridge,y_XLP,7,2025-02-20,0.011695129443229257,0.004222726253815884
ridge,y_XLP,8,2025-02-20,0.011695129443229257,0.004580146521149051
ridge,y_XLP,9,2025-02-20,0.011695129443229257,0.003239533672024353
ridge,y_XLP,7,2025-02-24,0.014193888727298543,-0.04278167989731056
ridge,y_XLP,8,2025-02-24,0.014193888727298543,-0.04085521590541335
ridge,y_XLP,9,2025-02-24,0.014193888727298543,-0.021730728768298273
ridge,y_XLP,7,2025-02-25,-0.01913874656065273,0.01451121363366728
ridge,y_XLP,8,2025-02-25,-0.01913874656065273,0.01721953575726678
ridge,y_XLP,9,2025-02-25,-0.01913874656065273,0.01720255374622466
ridge,y_XLP,7,2025-02-26,-0.00012196370356354347,0.022344140112915488
ridge,y_XLP,8,2025-02-26,-0.00012196370356354347,0.019483792759608366
ridge,y_XLP,9,2025-02-26,-0.00012196370356354347,0.021181906707365507
ridge,y_XLP,7,2025-02-27,0.013294326954025548,-0.027422077866110565
ridge,y_XLP,8,2025-02-27,0.013294326954025548,-0.022104175568864827
ridge,y_XLP,9,2025-02-27,0.013294326954025548,-0.021963854924662896
ridge,y_XLP,8,2025-03-03,-0.017002061080543696,0.0017868225739768994
ridge,y_XLP,9,2025-03-03,-0.017002061080543696,-0.0010020513495440355
ridge,y_XLP,10,2025-03-03,-0.017002061080543696,0.00015323258921174
ridge,y_XLP,8,2025-03-04,0.0041415247860454585,-0.019911390859813007
ridge,y_XLP,9,2025-03-04,0.0041415247860454585,-0.024049284293252905
ridge,y_XLP,10,2025-03-04,0.0041415247860454585,-0.02577815804801815
ridge,y_XLP,8,2025-03-05,0.0018193109359829762,-0.01706768285898908
ridge,y_XLP,9,2025-03-05,0.0018193109359829762,-0.015620382116630359
ridge,y_XLP,10,2025-03-05,0.0018193109359829762,-0.013650021755860354
ridge,y_XLP,8,2025-03-06,0.003269306178258047,-0.026360805199392087
ridge,y_XLP,9,2025-03-06,0.003269306178258047,-0.02169659057909284
ridge,y_XLP,10,2025-03-06,0.003269306178258047,-0.02590532618126704
ridge,y_XLP,8,2025-03-10,-0.014634624486924541,-0.00879440000692801
ridge,y_XLP,9,2025-03-10,-0.014634624486924541,0.006458149408106596
ridge,y_XLP,10,2025-03-10,-0.014634624486924541,0.015043480010153102
ridge,y_XLP,8,2025-03-11,-0.021725896021245084,-0.044598807544417106
ridge,y_XLP,9,2025-03-11,-0.021725896021245084,-0.03837119764855729
ridge,y_XLP,10,2025-03-11,-0.021725896021245084,-0.040921497186191876
ridge,y_XLP,8,2025-03-12,-0.004642393042635473,-0.004383954650649173
ridge,y_XLP,9,2025-03-12,-0.004642393042635473,-0.00526003483842226
ridge,y_XLP,10,2025-03-12,-0.004642393042635473,-0.007645325546430255
ridge,y_XLP,8,2025-03-13,0.002269037771288396,-0.014656586581493092
ridge,y_XLP,9,2025-03-13,0.002269037771288396,-0.01369465962170879
ridge,y_XLP,10,2025-03-13,0.002269037771288396,-0.013300945278387205
ridge,y_XLP,8,2025-03-17,-0.011404296183692986,-0.014395123157324559
ridge,y_XLP,9,2025-03-17,-0.011404296183692986,-0.014155729377277416
ridge,y_XLP,10,2025-03-17,-0.011404296183692986,-0.015584465418251316
ridge,y_XLP,8,2025-03-18,0.0,-0.010447233900312632
ridge,y_XLP,9,2025-03-18,0.0,-0.012075202955104093
ridge,y_XLP,10,2025-03-18,0.0,-0.007688204649832258
ridge,y_XLP,8,2025-03-19,-0.0048903893333689386,-0.012404768381006103
ridge,y_XLP,9,2025-03-19,-0.0048903893333689386,-0.007315218862835282
ridge,y_XLP,10,2025-03-19,-0.0048903893333689386,-0.010045773634160239
ridge,y_XLP,8,2025-03-20,-0.00037806290954967015,-0.037583594091889376
ridge,y_XLP,9,2025-03-20,-0.00037806290954967015,-0.037773034927987295
ridge,y_XLP,10,2025-03-20,-0.00037806290954967015,-0.03953505256088297
ridge,y_XLP,9,2025-03-24,-0.00906808912434176,-0.005373864644074734
ridge,y_XLP,10,2025-03-24,-0.00906808912434176,-0.004691066389588425
ridge,y_XLP,11,2025-03-24,-0.00906808912434176,-0.005311455234127889
ridge,y_XLP,9,2025-03-25,0.015505889286993257,-0.039600967388726434
ridge,y_XLP,10,2025-03-25,0.015505889286993257,-0.047705958924820775
ridge,y_XLP,11,2025-03-25,0.015505889286993257,-0.043578755141903326
ridge,y_XLP,9,2025-03-26,0.011389127548802502,0.007304334652786379
ridge,y_XLP,10,2025-03-26,0.011389127548802502,0.008358192730001142
ridge,y_XLP,11,2025-03-26,0.011389127548802502,0.008148704790558648
ridge,y_XLP,9,2025-03-27,-0.004949776230635083,0.036534613158805115
ridge,y_XLP,10,2025-03-27,-0.004949776230635083,0.03343697587251276
ridge,y_XLP,11,2025-03-27,-0.004949776230635083,0.04798510965820985
ridge,y_XLP,9,2025-03-31,0.0014693724809597963,-0.009720836636675693
ridge,y_XLP,10,2025-03-31,0.0014693724809597963,-0.006025800209589432
ridge,y_XLP,11,2025-03-31,0.0014693724809597963,-0.0051734223995352525
ridge,y_XLP,9,2025-04-01,-0.00293443318654818,-0.03662875052151671
ridge,y_XLP,10,2025-04-01,-0.00293443318654818,-0.04427515709720414
ridge,y_XLP,11,2025-04-01,-0.00293443318654818,-0.010535871518097718
ridge,y_XLP,9,2025-04-02,0.005763383489671092,0.010760793610736848
ridge,y_XLP,10,2025-04-02,0.005763383489671092,0.012665238045707627
ridge,y_XLP,11,2025-04-02,0.005763383489671092,0.00831106759275638
ridge,y_XLP,9,2025-04-03,-0.04340400558473145,-0.01583975581222072
ridge,y_XLP,10,2025-04-03,-0.04340400558473145,-0.017236566573800613
ridge,y_XLP,11,2025-04-03,-0.04340400558473145,-0.007859436407736333
ridge,y_XLP,9,2025-04-07,-0.015473955485887037,-0.020021226053735804
ridge,y_XLP,10,2025-04-07,-0.015473955485887037,-0.023806470189710095
ridge,y_XLP,11,2025-04-07,-0.015473955485887037,-0.024277406026426297
ridge,y_XLP,9,2025-04-08,0.03876874809427511,0.01193200199766115
ridge,y_XLP,10,2025-04-08,0.03876874809427511,0.011394391602476227
ridge,y_XLP,11,2025-04-08,0.03876874809427511,0.007451573316973516
ridge,y_XLP,9,2025-04-09,0.0005043981731565061,-0.008645070832986363
ridge,y_XLP,10,2025-04-09,0.0005043981731565061,-0.007200432375622652
ridge,y_XLP,11,2025-04-09,0.0005043981731565061,-0.006874485348187572
ridge,y_XLP,9,2025-04-10,0.012602418043458075,-0.004155154160008827
ridge,y_XLP,10,2025-04-10,0.012602418043458075,-0.0032979437941018223
ridge,y_XLP,11,2025-04-10,0.012602418043458075,-0.004170008403088241
ridge,y_XLP,10,2025-04-14,-0.008443530846431013,-0.007020061272374443
ridge,y_XLP,11,2025-04-14,-0.008443530846431013,-0.0040252656136819855
ridge,y_XLP,12,2025-04-14,-0.008443530846431013,-0.006523513416507622
ridge,y_XLP,10,2025-04-15,-0.010736801957292541,0.01968036019973425
ridge,y_XLP,11,2025-04-15,-0.010736801957292541,0.016616286762887133
ridge,y_XLP,12,2025-04-15,-0.010736801957292541,0.013417211096276414
ridge,y_XLP,10,2025-04-16,0.02133240117752755,-0.005038652291189337
ridge,y_XLP,11,2025-04-16,0.02133240117752755,-0.004192600633098318
ridge,y_XLP,12,2025-04-16,0.02133240117752755,-0.004991255122114587
ridge,y_XLP,10,2025-04-21,0.01418175689298562,0.0005656602458206595
ridge,y_XLP,11,2025-04-21,0.01418175689298562,0.0030302108680752035
ridge,y_XLP,12,2025-04-21,0.01418175689298562,0.0036428802363217177
ridge,y_XLP,10,2025-04-22,-0.005714933616499773,-0.019011167418324065
ridge,y_XLP,11,2025-04-22,-0.005714933616499773,-0.01403160032330975
ridge,y_XLP,12,2025-04-22,-0.005714933616499773,-0.01589751127174467
ridge,y_XLP,10,2025-04-23,-0.008805071983856716,-0.025924392922682886
ridge,y_XLP,11,2025-04-23,-0.008805071983856716,-0.01630159437011007
ridge,y_XLP,12,2025-04-23,-0.008805071983856716,-0.013556955946625187
ridge,y_XLP,10,2025-04-24,-0.0025910718068185012,-0.004490141847890112
ridge,y_XLP,11,2025-04-24,-0.0025910718068185012,-0.0050612827488983395
ridge,y_XLP,12,2025-04-24,-0.0025910718068185012,-0.0032326730411482234
ridge,y_XLP,10,2025-04-28,0.008315745979584177,-0.013209653382075448
ridge,y_XLP,11,2025-04-28,0.008315745979584177,-0.016485419412749988
ridge,y_XLP,12,2025-04-28,0.008315745979584177,-0.012509378827150584
ridge,y_XLP,10,2025-04-29,0.007262525976323042,-0.002579167403561425
ridge,y_XLP,11,2025-04-29,0.007262525976323042,-0.010818128909754367
ridge,y_XLP,12,2025-04-29,0.007262525976323042,-0.012044854463082273
ridge,y_XLP,10,2025-04-30,-0.00867647089648349,-0.01022536623588519
ridge,y_XLP,11,2025-04-30,-0.00867647089648349,-0.006794055075190644
ridge,y_XLP,12,2025-04-30,-0.00867647089648349,-0.007793263983661596
ridge,y_XLP,10,2025-05-01,0.0054240035922310526,0.12131932531314471
ridge,y_XLP,11,2025-05-01,0.0054240035922310526,0.0855577807840933
ridge,y_XLP,12,2025-05-01,0.0054240035922310526,0.07995975215739383
ridge,y_XLP,11,2025-05-05,-0.0017180225318602638,-0.009199668975644998
ridge,y_XLP,12,2025-05-05,-0.0017180225318602638,-0.01198896621378079
ridge,y_XLP,13,2025-05-05,-0.0017180225318602638,-0.009570695810396513
ridge,y_XLP,11,2025-05-06,0.0015980178981072068,0.0046035200314118695
ridge,y_XLP,12,2025-05-06,0.0015980178981072068,0.01167268103211115
ridge,y_XLP,13,2025-05-06,0.0015980178981072068,0.013762611990975233
ridge,y_XLP,11,2025-05-07,-0.0012273642813742658,-0.021505965200590504
ridge,y_XLP,12,2025-05-07,-0.0012273642813742658,-0.01999426215227545
ridge,y_XLP,13,2025-05-07,-0.0012273642813742658,-0.020486070058828992
ridge,y_XLP,11,2025-05-08,-0.0057752315740250415,-0.06851880773850787
ridge,y_XLP,12,2025-05-08,-0.0057752315740250415,-0.07101008428138275
ridge,y_XLP,13,2025-05-08,-0.0057752315740250415,-0.06485081758298607
ridge,y_XLP,11,2025-05-12,-0.013451767955992455,0.013720442475589989
ridge,y_XLP,12,2025-05-12,-0.013451767955992455,0.014293340485693983
ridge,y_XLP,13,2025-05-12,-0.013451767955992455,0.014793240619638534
ridge,y_XLP,11,2025-05-13,-0.0053791325858555394,0.0011696441523377638
ridge,y_XLP,12,2025-05-13,-0.0053791325858555394,0.001227328340705233
ridge,y_XLP,13,2025-05-13,-0.0053791325858555394,0.0017480529643470934
ridge,y_XLP,11,2025-05-14,0.02050063481965192,-0.003031003514735616
ridge,y_XLP,12,2025-05-14,0.02050063481965192,-0.0021369691335438312
ridge,y_XLP,13,2025-05-14,0.02050063481965192,0.0004236252255972905
ridge,y_XLP,11,2025-05-15,0.011461731308038292,-0.009955083739385957
ridge,y_XLP,12,2025-05-15,0.011461731308038292,-0.007158673602697492
ridge,y_XLP,13,2025-05-15,0.011461731308038292,-0.0055104872175469576
ridge,y_XLP,11,2025-05-19,0.0035233417006819145,-0.0199039655468954
ridge,y_XLP,12,2025-05-19,0.0035233417006819145,-0.015018165468627883
ridge,y_XLP,13,2025-05-19,0.0035233417006819145,-0.012551984852544726
ridge,y_XLP,11,2025-05-20,-0.011622252443342362,-0.0002963515720693821
ridge,y_XLP,12,2025-05-20,-0.011622252443342362,-0.002024080870945902
ridge,y_XLP,13,2025-05-20,-0.011622252443342362,-0.0033048242315431124
ridge,y_XLP,11,2025-05-21,-0.004164592758236441,-0.013686507436926574
ridge,y_XLP,12,2025-05-21,-0.004164592758236441,-0.014153810997681905
ridge,y_XLP,13,2025-05-21,-0.004164592758236441,-0.011714497411787246
ridge,y_XLP,11,2025-05-22,0.003689957280387013,0.02061120378330417
ridge,y_XLP,12,2025-05-22,0.003689957280387013,0.013191436370794467
ridge,y_XLP,13,2025-05-22,0.003689957280387013,0.016845802368117363
ridge,y_XLP,12,2025-05-27,-0.006800960690379054,-0.0159044062315604
ridge,y_XLP,13,2025-05-27,-0.006800960690379054,-0.014483181088084314
ridge,y_XLP,14,2025-05-27,-0.006800960690379054,-0.013185868533335601
ridge,y_XLP,12,2025-05-28,0.004035148482805617,0.002244692862940643
ridge,y_XLP,13,2025-05-28,0.004035148482805617,0.005926954777380044
ridge,y_XLP,14,2025-05-28,0.004035148482805617,0.0059721804848398685
ridge,y_XLP,12,2025-05-29,0.00876880224428156,0.0019658522180507373
ridge,y_XLP,13,2025-05-29,0.00876880224428156,0.0049443257181007155
ridge,y_XLP,14,2025-05-29,0.00876880224428156,0.004490046948126079
ridge,y_XLP,12,2025-06-02,-0.0009652489676322817,-0.010401867157577438
ridge,y_XLP,13,2025-06-02,-0.0009652489676322817,-0.011801005966982041
ridge,y_XLP,14,2025-06-02,-0.0009652489676322817,-0.011451715395596671
ridge,y_XLP,12,2025-06-03,-0.007004792866998066,-0.005068159094627246
ridge,y_XLP,13,2025-06-03,-0.007004792866998066,-0.008050188813175775
ridge,y_XLP,14,2025-06-03,-0.007004792866998066,-0.006103928622347864
ridge,y_XLP,12,2025-06-04,-0.00960840678698982,0.02911636793421707
ridge,y_XLP,13,2025-06-04,-0.00960840678698982,0.03354195125399088
ridge,y_XLP,14,2025-06-04,-0.00960840678698982,0.026854534458682616
ridge,y_XLP,12,2025-06-05,0.0031928958928086892,0.0008171924932825843
ridge,y_XLP,13,2025-06-05,0.0031928958928086892,0.0016700161085694966
ridge,y_XLP,14,2025-06-05,0.0031928958928086892,0.0010877913870793693
ridge,y_XLP,12,2025-06-09,0.0022062989903071095,0.01483566886088271
ridge,y_XLP,13,2025-06-09,0.0022062989903071095,0.022863674042154336
ridge,y_XLP,14,2025-06-09,0.0022062989903071095,0.022942035973467723
ridge,y_XLP,12,2025-06-10,-0.0034246029971307657,-0.00010434710997970663
ridge,y_XLP,13,2025-06-10,-0.0034246029971307657,0.001779736751173129
ridge,y_XLP,14,2025-06-10,-0.0034246029971307657,0.0017558525058760433
ridge,y_XLP,12,2025-06-11,0.005890908395010941,-0.020148493612672368
ridge,y_XLP,13,2025-06-11,0.005890908395010941,-0.01488379715663571
ridge,y_XLP,14,2025-06-11,0.005890908395010941,-0.017084922243321757
ridge,y_XLP,12,2025-06-12,-0.012201002338663391,0.021299651814287456
ridge,y_XLP,13,2025-06-12,-0.012201002338663391,0.01734485921983557
ridge,y_XLP,14,2025-06-12,-0.012201002338663391,0.017057630093586514
ridge,y_XLP,13,2025-07-02,-0.0004865274007881393,-0.009150699316749293
ridge,y_XLP,14,2025-07-02,-0.0004865274007881393,-0.007945820134840229
ridge,y_XLP,15,2025-07-02,-0.0004865274007881393,-0.012594629837753193
ridge,y_XLP,13,2025-07-07,-0.009255838959643214,-0.002583154909871774
ridge,y_XLP,14,2025-07-07,-0.009255838959643214,-0.0018871032464254727
ridge,y_XLP,15,2025-07-07,-0.009255838959643214,-0.0020920729225299165
ridge,y_XLP,13,2025-07-08,-0.006515097013988447,-0.023443990402164067
ridge,y_XLP,14,2025-07-08,-0.006515097013988447,-0.022064959159972464
ridge,y_XLP,15,2025-07-08,-0.006515097013988447,-0.02143716124084752
ridge,y_XLP,13,2025-07-09,0.0035881861096929146,0.0004102670474905927
ridge,y_XLP,14,2025-07-09,0.0035881861096929146,0.0004677213780030779
ridge,y_XLP,15,2025-07-09,0.0035881861096929146,-0.00022839684896605556
ridge,y_XLP,13,2025-07-10,-0.003698701201497956,-0.011344057680139281
ridge,y_XLP,14,2025-07-10,-0.003698701201497956,-0.011525075693965936
ridge,y_XLP,15,2025-07-10,-0.003698701201497956,-0.010798810605223285
ridge,y_XLP,13,2025-07-14,-0.010014786901552886,-0.009753170794115038
ridge,y_XLP,14,2025-07-14,-0.010014786901552886,-0.007068946971843848
ridge,y_XLP,15,2025-07-14,-0.010014786901552886,-0.007899534971513406
ridge,y_XLP,13,2025-07-15,0.003496946457842709,0.00964410896327847
ridge,y_XLP,14,2025-07-15,0.003496946457842709,0.011033945516754531
ridge,y_XLP,15,2025-07-15,0.003496946457842709,0.011697135575114936
ridge,y_XLP,13,2025-07-16,0.00945858040342662,0.004552461610516284
ridge,y_XLP,14,2025-07-16,0.00945858040342662,0.003324286824668942
ridge,y_XLP,15,2025-07-16,0.00945858040342662,0.0013175190160282823
ridge,y_XLP,13,2025-07-17,-0.0027123299650454458,-0.004771089407952126
ridge,y_XLP,14,2025-07-17,-0.0027123299650454458,-0.005884061158878696
ridge,y_XLP,15,2025-07-17,-0.0027123299650454458,-0.009318205502184868
ridge,y_XLP,13,2025-07-21,0.00914940131957187,-0.0051880623219205824
ridge,y_XLP,14,2025-07-21,0.00914940131957187,-0.005899069918846986
ridge,y_XLP,15,2025-07-21,0.00914940131957187,-0.0058339712087581
ridge,y_XLP,13,2025-07-22,0.0003676253989211009,0.0011381138651408071
ridge,y_XLP,14,2025-07-22,0.0003676253989211009,0.0010907425553403679
ridge,y_XLP,15,2025-07-22,0.0003676253989211009,0.0017671184143325024
ridge,y_XLP,13,2025-07-23,-0.0035518056055026115,-0.00018831064052370538
ridge,y_XLP,14,2025-07-23,-0.0035518056055026115,-0.001665321533776206
ridge,y_XLP,15,2025-07-23,-0.0035518056055026115,-0.0013613723013730177
ridge,y_XLP,14,2025-07-24,0.0017207503842184835,0.007384408273793452
ridge,y_XLP,15,2025-07-24,0.0017207503842184835,0.006884091462956365
ridge,y_XLP,16,2025-07-24,0.0017207503842184835,0.005702935347026977
ridge,y_XLP,14,2025-07-28,0.006570830298126662,-0.01061638665258799
ridge,y_XLP,15,2025-07-28,0.006570830298126662,-0.011609778333019011
ridge,y_XLP,16,2025-07-28,0.006570830298126662,-0.010337891932214752
ridge,y_XLP,14,2025-07-29,-0.00886802116147789,0.005874859753101343
ridge,y_XLP,15,2025-07-29,-0.00886802116147789,0.007636072768100955
ridge,y_XLP,16,2025-07-29,-0.00886802116147789,0.006691672509570406
ridge,y_XLP,14,2025-07-30,-0.008574679939815866,-0.0018366172609598774
ridge,y_XLP,15,2025-07-30,-0.008574679939815866,-0.005862945106140146
ridge,y_XLP,16,2025-07-30,-0.008574679939815866,-0.009195883744219974
ridge,y_XLP,14,2025-07-31,0.004763079177237728,-0.0439147270817063
ridge,y_XLP,15,2025-07-31,0.004763079177237728,-0.04523383794364663
ridge,y_XLP,16,2025-07-31,0.004763079177237728,-0.04576802809049398
ridge,y_XLP,14,2025-08-04,-0.0009931324759511195,-0.002022000465930781
ridge,y_XLP,15,2025-08-04,-0.0009931324759511195,-0.0026118908330483633
ridge,y_XLP,16,2025-08-04,-0.0009931324759511195,-0.0014850727797907355
ridge,y_XLP,14,2025-08-05,0.014290940779291272,-0.01931337813363076
ridge,y_XLP,15,2025-08-05,0.014290940779291272,-0.01870292857937668
ridge,y_XLP,16,2025-08-05,0.014290940779291272,-0.018066541792083435
ridge,y_XLP,14,2025-08-06,0.007596136887950022,0.001012957236091072
ridge,y_XLP,15,2025-08-06,0.007596136887950022,-0.0002977105441476512
ridge,y_XLP,16,2025-08-06,0.007596136887950022,-0.0011280412041972088
ridge,y_XLP,14,2025-08-07,0.0029183605696392334,-0.0014070419719280948
ridge,y_XLP,15,2025-08-07,0.0029183605696392334,-0.0018450862552970124
ridge,y_XLP,16,2025-08-07,0.0029183605696392334,0.0013320385773320344
ridge,y_XLP,14,2025-08-11,0.0026694494338062036,-0.009333996386306227
ridge,y_XLP,15,2025-08-11,0.0026694494338062036,-0.010115608913357905
ridge,y_XLP,16,2025-08-11,0.0026694494338062036,-0.010172484737251868
ridge,y_XLP,14,2025-08-12,0.0,-0.033175226915245576
ridge,y_XLP,15,2025-08-12,0.0,-0.03538819491546303
ridge,y_XLP,16,2025-08-12,0.0,-0.03121007407252521
ridge,y_XLP,15,2025-08-13,-0.008955535226417233,-0.002943115633868836
ridge,y_XLP,16,2025-08-13,-0.008955535226417233,-0.00209726260600163
ridge,y_XLP,17,2025-08-13,-0.008955535226417233,0.0016158186803412727
ridge,y_XLP,15,2025-08-14,0.0015875388835446813,-0.0034230489478593957
ridge,y_XLP,16,2025-08-14,0.0015875388835446813,-0.0036644364339984766
ridge,y_XLP,17,2025-08-14,0.0015875388835446813,-0.0005693856841537735
ridge,y_XLP,15,2025-08-18,0.010255081431183255,-0.002741569236856949
ridge,y_XLP,16,2025-08-18,0.010255081431183255,-0.0022025516197396663
ridge,y_XLP,17,2025-08-18,0.010255081431183255,-0.0015512245998129271
ridge,y_XLP,15,2025-08-19,0.005679755266244868,0.0023679716376168334
ridge,y_XLP,16,2025-08-19,0.005679755266244868,0.003394871128884114
ridge,y_XLP,17,2025-08-19,0.005679755266244868,0.0032747502043035076
ridge,y_XLP,15,2025-08-20,-0.009012259788528154,5.58619519036221e-05
ridge,y_XLP,16,2025-08-20,-0.009012259788528154,-0.0002836332225165379
ridge,y_XLP,17,2025-08-20,-0.009012259788528154,0.00021868295705161332
ridge,y_XLP,15,2025-08-21,0.0,-0.005402805518469811
ridge,y_XLP,16,2025-08-21,0.0,-0.0049774148887757165
ridge,y_XLP,17,2025-08-21,0.0,-0.0038502886042953354
ridge,y_XLP,15,2025-08-25,-0.0065384058024315905,-0.003128338180229961
ridge,y_XLP,16,2025-08-25,-0.0065384058024315905,-0.003767504326190691
ridge,y_XLP,17,2025-08-25,-0.0065384058024315905,-0.0016751657142136769
ridge,y_XLP,15,2025-08-26,0.0029803300142166034,0.014554767192029978
ridge,y_XLP,16,2025-08-26,0.0029803300142166034,0.012683711300659942
ridge,y_XLP,17,2025-08-26,0.0029803300142166034,0.010953936254807763
ridge,y_XLP,15,2025-08-27,-0.006314154647032555,-0.008490487758429227
ridge,y_XLP,16,2025-08-27,-0.006314154647032555,-0.008566323941907714
ridge,y_XLP,17,2025-08-27,-0.006314154647032555,-0.010286464066432287
ridge,y_XLP,15,2025-08-28,0.0064788304627076965,0.007870359167397834
ridge,y_XLP,16,2025-08-28,0.0064788304627076965,0.006796026153355451
ridge,y_XLP,17,2025-08-28,0.0064788304627076965,0.002203595618842801
ridge,y_XLP,15,2025-09-02,-0.0007439978270539216,0.01124852930788611
ridge,y_XLP,16,2025-09-02,-0.0007439978270539216,0.013561037932656622
ridge,y_XLP,17,2025-09-02,-0.0007439978270539216,0.006607151564409696
ridge,y_XLP,16,2025-09-03,0.0006204117681649635,0.004364197666714342
ridge,y_XLP,17,2025-09-03,0.0006204117681649635,0.0024370085355948715
ridge,y_XLP,18,2025-09-03,0.0006204117681649635,0.0006717131076194204
ridge,y_XLP,16,2025-09-04,0.0028522014610823376,-0.011061439004220719
ridge,y_XLP,17,2025-09-04,0.0028522014610823376,0.00577130000547158
ridge,y_XLP,18,2025-09-04,0.0028522014610823376,0.0012315044366420585
ridge,y_XLP,16,2025-09-08,0.0019858681688389446,-0.0015105128717644188
ridge,y_XLP,17,2025-09-08,0.0019858681688389446,-0.002350519162404254
ridge,y_XLP,18,2025-09-08,0.0019858681688389446,-0.00044845176821396113
ridge,y_XLP,16,2025-09-09,-0.0097856409229361,-0.005403160126547653
ridge,y_XLP,17,2025-09-09,-0.0097856409229361,-0.002337994663580831
ridge,y_XLP,18,2025-09-09,-0.0097856409229361,0.004037348921096916
ridge,y_XLP,16,2025-09-10,0.008131029473843698,-0.001801676655249826
ridge,y_XLP,17,2025-09-10,0.008131029473843698,0.003123996324126275
ridge,y_XLP,18,2025-09-10,0.008131029473843698,0.0028801511972864195
ridge,y_XLP,16,2025-09-11,-0.0033503388484035224,-0.00014008358324977578
ridge,y_XLP,17,2025-09-11,-0.0033503388484035224,0.0017509221974306628
ridge,y_XLP,18,2025-09-11,-0.0033503388484035224,0.00046194716255519824
ridge,y_XLP,16,2025-09-15,0.004533971137881343,-0.01185774373923068
ridge,y_XLP,17,2025-09-15,0.004533971137881343,-0.008192733861029209
ridge,y_XLP,18,2025-09-15,0.004533971137881343,-0.00899282745283978
ridge,y_XLP,16,2025-09-16,0.006018009369718635,-0.01822251668573337
ridge,y_XLP,17,2025-09-16,0.006018009369718635,-0.017276909078088744
ridge,y_XLP,18,2025-09-16,0.006018009369718635,-0.014272780362249575
ridge,y_XLP,16,2025-09-17,-0.008723747887073308,0.015503542011491987
ridge,y_XLP,17,2025-09-17,-0.008723747887073308,0.015023753248777586
ridge,y_XLP,18,2025-09-17,-0.008723747887073308,0.016230988367495765
ridge,y_XLP,16,2025-09-18,-0.0020116812637844816,-0.023917719222966
ridge,y_XLP,17,2025-09-18,-0.0020116812637844816,-0.03639234462545052
ridge,y_XLP,18,2025-09-18,-0.0020116812637844816,-0.03422810992533407
ridge,y_XLP,16,2025-09-22,0.005002542160704504,-0.026653043410878582
ridge,y_XLP,17,2025-09-22,0.005002542160704504,-0.029363692276958963
ridge,y_XLP,18,2025-09-22,0.005002542160704504,-0.02902369325287723
ridge,y_XLP,17,2025-09-23,0.002169761214367405,0.026119656483952636
ridge,y_XLP,18,2025-09-23,0.002169761214367405,0.02552523508339658
ridge,y_XLP,19,2025-09-23,0.002169761214367405,0.02529554030988517
ridge,y_XLP,17,2025-09-24,-0.00955174516560553,0.23880395079524888
ridge,y_XLP,18,2025-09-24,-0.00955174516560553,0.23239602559005662
ridge,y_XLP,19,2025-09-24,-0.00955174516560553,0.22606014545444642
ridge,y_XLP,17,2025-09-25,0.002443153612319282,-0.006130353792919728
ridge,y_XLP,18,2025-09-25,0.002443153612319282,-0.004911247308856922
ridge,y_XLP,19,2025-09-25,0.002443153612319282,-0.003066720999325332
ridge,y_XLP,17,2025-09-29,0.0033285905815862993,-0.0035636821546507665
ridge,y_XLP,18,2025-09-29,0.0033285905815862993,0.0003012367036058308
ridge,y_XLP,19,2025-09-29,0.0033285905815862993,-0.0015276558910270516
ridge,y_XLP,17,2025-09-30,-0.0015311532725347243,0.014787607353677595
ridge,y_XLP,18,2025-09-30,-0.0015311532725347243,0.014605331768601588
ridge,y_XLP,19,2025-09-30,-0.0015311532725347243,0.014539349826647148
ridge,y_XLP,17,2025-10-01,-0.0039616678730839405,0.014864611875036331
ridge,y_XLP,18,2025-10-01,-0.0039616678730839405,0.010903632575650194
ridge,y_XLP,19,2025-10-01,-0.0039616678730839405,0.013164076118123204
ridge,y_XLP,17,2025-10-02,0.0011546758451326244,-0.06720381745725913
ridge,y_XLP,18,2025-10-02,0.0011546758451326244,-0.052273686341961
ridge,y_XLP,19,2025-10-02,0.0011546758451326244,-0.053070285305714525
ridge,y_XLP,17,2025-10-06,0.00929514521002317,-0.005473613046501775
ridge,y_XLP,18,2025-10-06,0.00929514521002317,-0.006941378959687261
ridge,y_XLP,19,2025-10-06,0.00929514521002317,-0.008189410955229645
ridge,y_XLP,17,2025-10-07,-0.004988562958031295,-0.00829746120054545
ridge,y_XLP,18,2025-10-07,-0.004988562958031295,-0.006512182216015477
ridge,y_XLP,19,2025-10-07,-0.004988562958031295,-0.005488193035000124
ridge,y_XLP,17,2025-10-08,0.003213859576640221,0.02021559745450307
ridge,y_XLP,18,2025-10-08,0.003213859576640221,0.01434138778144759
ridge,y_XLP,19,2025-10-08,0.003213859576640221,0.013151640800219183
ridge,y_XLP,17,2025-10-09,0.0007687646422267491,-0.036939890781057846
ridge,y_XLP,18,2025-10-09,0.0007687646422267491,-0.03393581058260816
ridge,y_XLP,19,2025-10-09,0.0007687646422267491,-0.03340374595571802
ridge,y_XLP,18,2025-10-13,0.016058581376052983,-0.0027156284404843143
ridge,y_XLP,19,2025-10-13,0.016058581376052983,-0.003838032453166544
ridge,y_XLP,20,2025-10-13,0.016058581376052983,-0.00333561881678083
ridge,y_XLP,18,2025-10-14,0.0017702293801096225,0.005003625327415409
ridge,y_XLP,19,2025-10-14,0.0017702293801096225,0.0039870014639017915
ridge,y_XLP,20,2025-10-14,0.0017702293801096225,0.0054765733760155505
ridge,y_XLP,18,2025-10-15,-0.006941829707354241,0.021546600702817453
ridge,y_XLP,19,2025-10-15,-0.006941829707354241,0.02402918446706856
ridge,y_XLP,20,2025-10-15,-0.006941829707354241,0.020610646379796243
ridge,y_XLP,18,2025-10-16,0.013345268690692302,-0.060195138713674136
ridge,y_XLP,19,2025-10-16,0.013345268690692302,-0.05487908701242255
ridge,y_XLP,20,2025-10-16,0.013345268690692302,-0.0553893562637468
ridge,y_XLP,18,2025-10-20,-0.004644772552793497,0.014589578553416468
ridge,y_XLP,19,2025-10-20,-0.004644772552793497,0.015213941859513283
ridge,y_XLP,20,2025-10-20,-0.004644772552793497,0.014262751039754143
ridge,y_XLP,18,2025-10-21,0.0056752749882760245,-0.005375493046476694
ridge,y_XLP,19,2025-10-21,0.0056752749882760245,-0.00592502096786488
ridge,y_XLP,20,2025-10-21,0.0056752749882760245,-0.005156919370119566
ridge,y_XLP,18,2025-10-22,-0.004890872804419022,0.0035632547954157654
ridge,y_XLP,19,2025-10-22,-0.004890872804419022,0.008001575553271304
ridge,y_XLP,20,2025-10-22,-0.004890872804419022,0.0059292150886065716
ridge,y_XLP,18,2025-10-23,-0.00327667195268444,0.006002536026805762
ridge,y_XLP,19,2025-10-23,-0.00327667195268444,0.004375746576422475
ridge,y_XLP,20,2025-10-23,-0.00327667195268444,0.0027388268731629714
ridge,y_XLP,18,2025-10-27,-0.009972251893357154,0.012320266481663126
ridge,y_XLP,19,2025-10-27,-0.009972251893357154,0.008866661421994802
ridge,y_XLP,20,2025-10-27,-0.009972251893357154,0.00826459373666828
ridge,y_XLP,18,2025-10-28,-0.023587882519984005,-0.00376723236457695
ridge,y_XLP,19,2025-10-28,-0.023587882519984005,-0.005232948350486532
ridge,y_XLP,20,2025-10-28,-0.023587882519984005,-0.004126146102540543
ridge,y_XLP,18,2025-10-29,-0.0010447289193076248,-0.0012315009604256593
ridge,y_XLP,19,2025-10-29,-0.0010447289193076248,-0.0009511643249053537
ridge,y_XLP,20,2025-10-29,-0.0010447289193076248,-0.003749308314590447
ridge,y_XLP,18,2025-10-30,-0.0028757829838415017,-0.0011245997017425959
ridge,y_XLP,19,2025-10-30,-0.0028757829838415017,-0.0025757155817464385
ridge,y_XLP,20,2025-10-30,-0.0028757829838415017,0.00042650102679407686
ridge,y_XLP,19,2025-11-03,0.004096099610378712,0.010339775339964895
ridge,y_XLP,20,2025-11-03,0.004096099610378712,0.01214471331234611
ridge,y_XLP,21,2025-11-03,0.004096099610378712,0.010644694094097455
ridge,y_XLP,19,2025-11-04,-0.0006579367504280231,-0.033513268933211667
ridge,y_XLP,20,2025-11-04,-0.0006579367504280231,-0.035009405675580876
ridge,y_XLP,21,2025-11-04,-0.0006579367504280231,-0.02852297008206806
ridge,y_XLP,19,2025-11-05,-0.004477239500817687,-0.0006639139257029363
ridge,y_XLP,20,2025-11-05,-0.004477239500817687,0.0051785082424882865
ridge,y_XLP,21,2025-11-05,-0.004477239500817687,0.0037784858630562734
ridge,y_XLP,19,2025-11-06,0.01468254186241591,-0.03231907393811699
ridge,y_XLP,20,2025-11-06,0.01468254186241591,-0.03020138333138832
ridge,y_XLP,21,2025-11-06,0.01468254186241591,-0.02695245883067489
ridge,y_XLP,19,2025-11-10,0.013083886641533704,0.0024073171357443073
ridge,y_XLP,20,2025-11-10,0.013083886641533704,0.004156537465048575
ridge,y_XLP,21,2025-11-10,0.013083886641533704,0.0051901703356782
ridge,y_XLP,19,2025-11-11,-0.0014206211659343326,-0.01796382827196465
ridge,y_XLP,20,2025-11-11,-0.0014206211659343326,-0.01679155783584906
ridge,y_XLP,21,2025-11-11,-0.0014206211659343326,-0.012233658837401793
ridge,y_XLP,19,2025-11-12,0.0,-0.005795688877821043
ridge,y_XLP,20,2025-11-12,0.0,-0.0057839863701978685
ridge,y_XLP,21,2025-11-12,0.0,-0.004272951835305552
ridge,y_XLP,19,2025-11-13,-0.0007760228243410827,0.004015351717879842
ridge,y_XLP,20,2025-11-13,-0.0007760228243410827,0.005040364966796094
ridge,y_XLP,21,2025-11-13,-0.0007760228243410827,0.0003129397372210026
ridge,y_XLP,19,2025-11-17,0.004298603800262368,-0.012498288783126277
ridge,y_XLP,20,2025-11-17,0.004298603800262368,-0.012099645328382745
ridge,y_XLP,21,2025-11-17,0.004298603800262368,-0.010659145047304575
ridge,y_XLP,19,2025-11-18,-0.007652300133832446,-0.0019654425422316922
ridge,y_XLP,20,2025-11-18,-0.007652300133832446,-0.0019476275682459353
ridge,y_XLP,21,2025-11-18,-0.007652300133832446,-0.0022237246032010493
ridge,y_XLP,19,2025-11-19,0.0071885172696801725,0.002650673531844361
ridge,y_XLP,20,2025-11-19,0.0071885172696801725,0.000381284395771995
ridge,y_XLP,21,2025-11-19,0.0071885172696801725,-3.0058105601043713e-05
ridge,y_XLP,19,2025-11-20,0.010900676844956436,-0.019424074047026407
ridge,y_XLP,20,2025-11-20,0.010900676844956436,-0.013246547283664766
ridge,y_XLP,21,2025-11-20,0.010900676844956436,-0.011920942678070789
ridge,y_XLP,20,2025-11-24,0.01376617910575062,-0.0036671114700568435
ridge,y_XLP,21,2025-11-24,0.01376617910575062,-0.0030175730455015413
ridge,y_XLP,22,2025-11-24,0.01376617910575062,-0.00286494502933697
ridge,y_XLP,20,2025-11-25,0.010889109993459156,-0.016354545017484626
ridge,y_XLP,21,2025-11-25,0.010889109993459156,-0.013465901715649953
ridge,y_XLP,22,2025-11-25,0.010889109993459156,-0.008486426183370734
ridge,y_XLP,20,2025-12-01,-0.00655830246115785,0.0009198826889196122
ridge,y_XLP,21,2025-12-01,-0.00655830246115785,0.001899707620048297
ridge,y_XLP,22,2025-12-01,-0.00655830246115785,0.0016117818580542154
ridge,y_XLP,20,2025-12-02,0.0007618354698994967,-0.012420574710877444
ridge,y_XLP,21,2025-12-02,0.0007618354698994967,-0.010741936344890296
ridge,y_XLP,22,2025-12-02,0.0007618354698994967,-0.011041859899320959
ridge,y_XLP,20,2025-12-03,-0.004820602034775634,-0.005306771388674676
ridge,y_XLP,21,2025-12-03,-0.004820602034775634,-0.0052510645393634165
ridge,y_XLP,22,2025-12-03,-0.004820602034775634,-0.008570476355578064
ridge,y_XLP,20,2025-12-04,0.00012753951666355512,-0.01803784659065519
ridge,y_XLP,21,2025-12-04,0.00012753951666355512,-0.01508067785988586
ridge,y_XLP,22,2025-12-04,0.00012753951666355512,-0.016546698157501226
ridge,y_XLP,20,2025-12-08,0.00231330890447512,-0.005992303283445425
ridge,y_XLP,21,2025-12-08,0.00231330890447512,-0.013036228538330986
ridge,y_XLP,22,2025-12-08,0.00231330890447512,-0.041100824977215324
ridge,y_XLP,20,2025-12-09,0.0029491328571187303,-0.02016491128491505
ridge,y_XLP,21,2025-12-09,0.0029491328571187303,-0.02211464486818272
ridge,y_XLP,22,2025-12-09,0.0029491328571187303,-0.01918483687523395
ridge,y_XLP,20,2025-12-10,0.0074150115614677325,0.003756863208440998
ridge,y_XLP,21,2025-12-10,0.0074150115614677325,0.009603875610474488
ridge,y_XLP,22,2025-12-10,0.0074150115614677325,0.014117217753178608
ridge,y_XLP,20,2025-12-11,0.007867935564070061,-0.015846840356612584
ridge,y_XLP,21,2025-12-11,0.007867935564070061,-0.014109306654595744
ridge,y_XLP,22,2025-12-11,0.007867935564070061,-0.00895092614252513
ridge,y_XLP,21,2025-12-15,-0.0045204019701616804,0.022775975368561893
ridge,y_XLP,22,2025-12-15,-0.0045204019701616804,0.02264540707175346
ridge,y_XLP,23,2025-12-15,-0.0045204019701616804,0.01828544062209058
ridge,y_XLP,21,2025-12-16,0.004667036063963126,0.007406872147391486
ridge,y_XLP,22,2025-12-16,0.004667036063963126,0.008680601013111267
ridge,y_XLP,23,2025-12-16,0.004667036063963126,0.008120997901361898
ridge,y_XLP,21,2025-12-17,-0.005775242244343004,0.00238801085533324
ridge,y_XLP,22,2025-12-17,-0.005775242244343004,0.0034122515354372126
ridge,y_XLP,23,2025-12-17,-0.005775242244343004,0.00637085144447202
ridge,y_XLP,21,2025-12-18,-0.005177439370098957,0.0330198445429445
ridge,y_XLP,22,2025-12-18,-0.005177439370098957,0.033459827880167846
ridge,y_XLP,23,2025-12-18,-0.005177439370098957,0.023845301548876152
ridge,y_XLP,21,2025-12-23,0.007869959921810166,-0.007775773207508898
ridge,y_XLP,22,2025-12-23,0.007869959921810166,-0.005342613788528666
ridge,y_XLP,23,2025-12-23,0.007869959921810166,-0.0042375098303144305
ridge,y_XLP,21,2025-12-29,-0.001660670100219086,-0.001382547195945868
ridge,y_XLP,22,2025-12-29,-0.001660670100219086,-0.0017293441049667623
ridge,y_XLP,23,2025-12-29,-0.001660670100219086,-0.0013776386015090373
ridge,y_XLP,21,2025-12-30,-0.006014090998417765,0.0016706922629975626
ridge,y_XLP,22,2025-12-30,-0.006014090998417765,0.0005107201405544954
ridge,y_XLP,23,2025-12-30,-0.006014090998417765,-0.00023552155636353967
ridge,y_XLP,22,2026-01-05,0.0015514253257831179,-0.00854955635067447
ridge,y_XLP,23,2026-01-05,0.0015514253257831179,-0.007799184383616876
ridge,y_XLP,24,2026-01-05,0.0015514253257831179,-0.006566836490193214
ridge,y_XLP,22,2026-01-06,-0.01097196928782207,0.013020534301934351
ridge,y_XLP,23,2026-01-06,-0.01097196928782207,0.015038111762264198
ridge,y_XLP,24,2026-01-06,-0.01097196928782207,0.014909531392713156
ridge,y_XLP,22,2026-01-07,0.023753584306748232,-0.009800798501541773
ridge,y_XLP,23,2026-01-07,0.023753584306748232,-0.012552433573800356
ridge,y_XLP,24,2026-01-07,0.023753584306748232,-0.011878542708952508
ridge,y_XLP,22,2026-01-08,0.010326332654041037,0.00386162635321543
ridge,y_XLP,23,2026-01-08,0.010326332654041037,0.0018202292600387727
ridge,y_XLP,24,2026-01-08,0.010326332654041037,0.0016185809245538082
ridge,y_XLP,22,2026-01-12,0.01159890623143034,0.013888353507508883
ridge,y_XLP,23,2026-01-12,0.01159890623143034,0.011634106364501845
ridge,y_XLP,24,2026-01-12,0.01159890623143034,0.012837195144846174
ridge,y_XLP,22,2026-01-13,0.013808442092886564,0.01023385523119262
ridge,y_XLP,23,2026-01-13,0.013808442092886564,0.011401436363058145
ridge,y_XLP,24,2026-01-13,0.013808442092886564,0.010622150244692355
ridge,y_XLP,22,2026-01-14,0.0017025341594691934,-0.004333839950463138
ridge,y_XLP,23,2026-01-14,0.0017025341594691934,-0.0041080705793793216
ridge,y_XLP,24,2026-01-14,0.0017025341594691934,-0.0037178976017633947
ridge,y_XLP,22,2026-01-15,-0.0031565148423071676,-0.026470475280615514
ridge,y_XLP,23,2026-01-15,-0.0031565148423071676,-0.027521533244120485
ridge,y_XLP,24,2026-01-15,-0.0031565148423071676,-0.028180848773380646
ridge,y_XLP,22,2026-01-21,-0.002062176046885411,-0.004121146365441437
ridge,y_XLP,23,2026-01-21,-0.002062176046885411,-0.003623192832873233
ridge,y_XLP,24,2026-01-21,-0.002062176046885411,-0.0032149164100936834
ridge,y_XLP,22,2026-01-22,0.007779349035586858,-0.00681842244453535
ridge,y_XLP,23,2026-01-22,0.007779349035586858,-0.008950334444586434
ridge,y_XLP,24,2026-01-22,0.007779349035586858,-0.008437812505127724
ridge,y_XLP,23,2026-01-26,0.004590539845568786,-0.001711189816187351
ridge,y_XLP,24,2026-01-26,0.004590539845568786,-0.0018098584912699858
ridge,y_XLP,23,2026-01-27,-0.010101057362842503,-0.01720784014052698
ridge,y_XLP,24,2026-01-27,-0.010101057362842503,-0.018453675728097516
ridge,y_XLP,23,2026-01-28,-0.002308095749643191,0.005473424263200507
ridge,y_XLP,24,2026-01-28,-0.002308095749643191,0.005507674356172387
ridge,y_XLP,23,2026-01-29,0.01680268999101986,0.01578496700193236
ridge,y_XLP,24,2026-01-29,0.01680268999101986,0.01608431885549238
ridge,y_XLP,23,2026-02-02,0.016213050255408756,-0.007917444753696792
ridge,y_XLP,24,2026-02-02,0.016213050255408756,-0.008262482166993709
ridge,y_XLP,23,2026-02-03,0.013042914654292082,-0.0018802944356888442
ridge,y_XLP,24,2026-02-03,0.013042914654292082,-0.0019343889121759814
ridge,y_XLP,23,2026-02-04,-0.0008046867058651985,0.0026419203191849717
ridge,y_XLP,24,2026-02-04,-0.0008046867058651985,0.0023232930414329423
ridge,y_XLP,23,2026-02-05,0.011734978071195723,-0.009547541193622819
ridge,y_XLP,24,2026-02-05,0.011734978071195723,-0.009252218419360919
ridge,y_XLP,23,2026-02-09,-0.003202548076398637,0.0015133922872534841
ridge,y_XLP,24,2026-02-09,-0.003202548076398637,0.001073911622420466
ridge,y_XLP,23,2026-02-10,0.014343086381115144,-0.0002069679117598556
ridge,y_XLP,24,2026-02-10,0.014343086381115144,-6.432259606976867e-05
ridge,y_XLP,23,2026-02-11,0.00916286815172307,0.00354445506484446
ridge,y_XLP,24,2026-02-11,0.00916286815172307,0.0038098396769759442
ridge,y_XLP,23,2026-02-12,0.0033628859414485124,-0.011343718806338237
ridge,y_XLP,24,2026-02-12,0.0033628859414485124,-0.011024152271811055
ridge,y_XLP,24,2026-02-17,-0.0018140140391244008,-0.0032608065878649323
ridge,y_XLP,24,2026-02-18,-0.004202666319109261,0.0010939679453730682
ridge,y_XLP,24,2026-02-19,0.002509424264834248,0.00028276034602380776
ridge,y_XLP,24,2026-02-23,0.008654564825241629,0.007573004566225156
ridge,y_XLP,24,2026-02-24,-0.008134563683043994,-0.008625377833798676
ridge,y_XLP,24,2026-02-25,-0.0016852210120086308,0.04420711845459562
ridge,y_XLP,24,2026-02-26,0.01294172313729347,0.021331990278527894
ridge,y_XLP,24,2026-03-02,-0.010934519566159095,0.002574181771501862
ridge,y_XLP,24,2026-03-03,-0.006610374011641662,0.013740110201919169
ridge,y_XLP,24,2026-03-04,-0.020078016595595494,0.02372828639645674
ridge,y_XLP,24,2026-03-05,0.00433198807309787,0.0033083016322363133
ridge,y_XLRE,0,2024-08-05,0.022140248382447325,-0.0026232823225198734
ridge,y_XLRE,0,2024-08-06,-0.007220257436450606,0.00032479031303411576
ridge,y_XLRE,0,2024-08-07,0.008484718305697081,0.017638022211646183
ridge,y_XLRE,0,2024-08-08,0.005048289773204262,-0.013010920110194179
ridge,y_XLRE,0,2024-08-12,0.006977686787768667,0.0036560237811938353
ridge,y_XLRE,0,2024-08-13,0.003584298188425983,-0.04739814228708281
ridge,y_XLRE,0,2024-08-14,-0.0028570444947670914,-0.0009683415060157356
ridge,y_XLRE,0,2024-08-15,-0.0004776023670663987,-0.017330472751557847
ridge,y_XLRE,0,2024-08-19,0.0009498921630606283,-0.02623986871493819
ridge,y_XLRE,0,2024-08-20,0.003321515179611101,0.011803455283032518
ridge,y_XLRE,0,2024-08-21,0.0061478765075746455,0.008472398637383994
ridge,y_XLRE,0,2024-08-22,0.019271569213063833,-0.010202491658243369
ridge,y_XLRE,0,2024-08-26,0.002538138101291443,-0.011978539451016098
ridge,y_XLRE,1,2024-08-26,0.002538138101291443,-0.015477158102298017
ridge,y_XLRE,0,2024-08-27,-0.003452217258775314,0.006481622231376396
ridge,y_XLRE,1,2024-08-27,-0.003452217258775314,0.008233409406728816
ridge,y_XLRE,0,2024-08-28,-0.003926208758320171,-0.003880715729976458
ridge,y_XLRE,1,2024-08-28,-0.003926208758320171,-0.0024272413192279662
ridge,y_XLRE,0,2024-08-29,0.009738038658253512,-0.05041804029372851
ridge,y_XLRE,1,2024-08-29,0.009738038658253512,-0.04694639417413567
ridge,y_XLRE,0,2024-09-03,0.0022909945914382224,-0.01547611285140888
ridge,y_XLRE,1,2024-09-03,0.0022909945914382224,-0.013986935375073999
ridge,y_XLRE,0,2024-09-04,-0.002742854435924591,0.052205175408852306
ridge,y_XLRE,1,2024-09-04,-0.002742854435924591,0.049704311588260636
ridge,y_XLRE,0,2024-09-05,0.0,0.005245059955536837
ridge,y_XLRE,1,2024-09-05,0.0,0.008433346995084951
ridge,y_XLRE,0,2024-09-09,0.01766688882302425,0.04197836708871667
ridge,y_XLRE,1,2024-09-09,0.01766688882302425,0.05631779762269038
ridge,y_XLRE,0,2024-09-10,-0.0026707294364962664,0.022354062513707803
ridge,y_XLRE,1,2024-09-10,-0.0026707294364962664,0.023271161253326365
ridge,y_XLRE,0,2024-09-11,0.0017853139774630655,-0.04465073926267643
ridge,y_XLRE,1,2024-09-11,0.0017853139774630655,-0.057069182232995945
ridge,y_XLRE,0,2024-09-12,0.007128439773492756,0.014316474322887312
ridge,y_XLRE,1,2024-09-12,0.007128439773492756,0.010463431292904023
ridge,y_XLRE,2,2024-09-12,0.007128439773492756,0.0050081719162052025
ridge,y_XLRE,0,2024-09-16,-0.007936500206268793,-0.05291305510584597
ridge,y_XLRE,1,2024-09-16,-0.007936500206268793,-0.054904983554110304
ridge,y_XLRE,2,2024-09-16,-0.007936500206268793,-0.04722348916474874
ridge,y_XLRE,0,2024-09-17,-0.0028889976210040302,-0.01277775921202837
ridge,y_XLRE,1,2024-09-17,-0.0028889976210040302,-0.006725622653925303
ridge,y_XLRE,2,2024-09-17,-0.0028889976210040302,-0.0021560453805511163
ridge,y_XLRE,0,2024-09-18,-0.0024514126012239457,0.06317901860681248
ridge,y_XLRE,1,2024-09-18,-0.0024514126012239457,0.061100213006206716
ridge,y_XLRE,2,2024-09-18,-0.0024514126012239457,0.054362088035594495
ridge,y_XLRE,0,2024-09-19,-0.0017873083341080065,-0.04400997733395021
ridge,y_XLRE,1,2024-09-19,-0.0017873083341080065,-0.05179763664052693
ridge,y_XLRE,2,2024-09-19,-0.0017873083341080065,-0.06069571233450173
ridge,y_XLRE,0,2024-09-23,0.0,-0.018165025751552967
ridge,y_XLRE,1,2024-09-23,0.0,-0.013812088281528348
ridge,y_XLRE,2,2024-09-23,0.0,-0.015301335029657675
ridge,y_XLRE,0,2024-09-24,-0.004235409721677796,0.018329885016000916
ridge,y_XLRE,1,2024-09-24,-0.004235409721677796,0.012466087335884397
ridge,y_XLRE,2,2024-09-24,-0.004235409721677796,0.010515499769469708
ridge,y_XLRE,0,2024-09-25,-0.009849923404068428,0.008232772007454555
ridge,y_XLRE,1,2024-09-25,-0.009849923404068428,0.009624265891986498
ridge,y_XLRE,2,2024-09-25,-0.009849923404068428,0.006814267693164814
ridge,y_XLRE,0,2024-09-26,0.0013565249227525111,-0.052119344511652094
ridge,y_XLRE,1,2024-09-26,0.0013565249227525111,-0.0500764016732847
ridge,y_XLRE,2,2024-09-26,0.0013565249227525111,-0.05128841597743086
ridge,y_XLRE,0,2024-09-30,-0.006044279296883559,-0.03524116692023241
ridge,y_XLRE,1,2024-09-30,-0.006044279296883559,-0.033844317593154524
ridge,y_XLRE,2,2024-09-30,-0.006044279296883559,-0.0360572012642332
ridge,y_XLRE,0,2024-10-01,-0.0036034896555304785,0.016820371893708917
ridge,y_XLRE,1,2024-10-01,-0.0036034896555304785,0.015410114580984718
ridge,y_XLRE,2,2024-10-01,-0.0036034896555304785,0.010111562889639832
ridge,y_XLRE,0,2024-10-02,-0.009719909342633115,0.010079455656849312
ridge,y_XLRE,1,2024-10-02,-0.009719909342633115,0.00579566533009225
ridge,y_XLRE,2,2024-10-02,-0.009719909342633115,0.0017634209105123857
ridge,y_XLRE,0,2024-10-03,-0.006619409706482893,0.058086292104533345
ridge,y_XLRE,1,2024-10-03,-0.006619409706482893,0.059186079060618096
ridge,y_XLRE,2,2024-10-03,-0.006619409706482893,0.04605860900787982
ridge,y_XLRE,1,2024-10-07,0.003009198584486672,0.021646937105637986
ridge,y_XLRE,2,2024-10-07,0.003009198584486672,0.021451490786847913
ridge,y_XLRE,3,2024-10-07,0.003009198584486672,0.01283499162552297
ridge,y_XLRE,1,2024-10-08,0.00046144431610684045,0.013382812720461136
ridge,y_XLRE,2,2024-10-08,0.00046144431610684045,0.020052567507015194
ridge,y_XLRE,3,2024-10-08,0.00046144431610684045,0.01917245503993171
ridge,y_XLRE,1,2024-10-09,-0.00830437487216762,0.0212866993468843
ridge,y_XLRE,2,2024-10-09,-0.00830437487216762,0.021919200719305216
ridge,y_XLRE,3,2024-10-09,-0.00830437487216762,0.019595990268962648
ridge,y_XLRE,1,2024-10-10,0.010234939631047935,0.007980398103990384
ridge,y_XLRE,2,2024-10-10,0.010234939631047935,0.007153857231931054
ridge,y_XLRE,3,2024-10-10,0.010234939631047935,0.0069769455011539855
ridge,y_XLRE,1,2024-10-14,0.012577249386013456,-0.01903106350352818
ridge,y_XLRE,2,2024-10-14,0.012577249386013456,-0.016923684393627146
ridge,y_XLRE,3,2024-10-14,0.012577249386013456,-0.012729836604046349
ridge,y_XLRE,1,2024-10-15,0.0099369477296678,-0.05094205787465915
ridge,y_XLRE,2,2024-10-15,0.0099369477296678,-0.04844099990152351
ridge,y_XLRE,3,2024-10-15,0.0099369477296678,-0.0431447644085945
ridge,y_XLRE,1,2024-10-16,-0.006484978575605815,-0.0006478032506797407
ridge,y_XLRE,2,2024-10-16,-0.006484978575605815,0.0011371674799904666
ridge,y_XLRE,3,2024-10-16,-0.006484978575605815,-0.003800504857961661
ridge,y_XLRE,1,2024-10-17,0.006977417674102204,-0.06902523380064682
ridge,y_XLRE,2,2024-10-17,0.006977417674102204,-0.070271444220336
ridge,y_XLRE,3,2024-10-17,0.006977417674102204,-0.06112896245622655
ridge,y_XLRE,1,2024-10-21,0.0015974049769313936,-0.08216305394547639
ridge,y_XLRE,2,2024-10-21,0.0015974049769313936,-0.08034909334368005
ridge,y_XLRE,3,2024-10-21,0.0015974049769313936,-0.06120706604379511
ridge,y_XLRE,1,2024-10-22,0.009797331344744586,0.022417457253857284
ridge,y_XLRE,2,2024-10-22,0.009797331344744586,0.022685344857922517
ridge,y_XLRE,3,2024-10-22,0.009797331344744586,0.014857964052809394
ridge,y_XLRE,1,2024-10-23,0.002256223716312178,0.02489147193961345
ridge,y_XLRE,2,2024-10-23,0.002256223716312178,0.027806837430033034
ridge,y_XLRE,3,2024-10-23,0.002256223716312178,0.02639353193328261
ridge,y_XLRE,1,2024-10-24,-0.007879230683376925,0.019347609063917318
ridge,y_XLRE,2,2024-10-24,-0.007879230683376925,0.018234098484377383
ridge,y_XLRE,3,2024-10-24,-0.007879230683376925,0.045266921154588594
ridge,y_XLRE,2,2024-10-28,-0.00904771222919809,-0.2054716639821579
ridge,y_XLRE,3,2024-10-28,-0.00904771222919809,-0.1340020647140269
ridge,y_XLRE,4,2024-10-28,-0.00904771222919809,-0.12753456217641557
ridge,y_XLRE,2,2024-10-29,0.0036521100893376346,-0.001659539777276329
ridge,y_XLRE,3,2024-10-29,0.0036521100893376346,-0.0354364371400567
ridge,y_XLRE,4,2024-10-29,0.0036521100893376346,-0.03788953169685024
ridge,y_XLRE,2,2024-10-30,-0.017511785007786496,0.025470685774789243
ridge,y_XLRE,3,2024-10-30,-0.017511785007786496,0.05453549366085874
ridge,y_XLRE,4,2024-10-30,-0.017511785007786496,0.058427365398002175
ridge,y_XLRE,2,2024-10-31,-0.010648111003817462,-0.056923785865507955
ridge,y_XLRE,3,2024-10-31,-0.010648111003817462,-0.05401413147314684
ridge,y_XLRE,4,2024-10-31,-0.010648111003817462,-0.05190233624460431
ridge,y_XLRE,2,2024-11-04,0.013650990200659185,0.00262001208541417
ridge,y_XLRE,3,2024-11-04,0.013650990200659185,-0.01644225253753573
ridge,y_XLRE,4,2024-11-04,0.013650990200659185,-0.014128209526903492
ridge,y_XLRE,2,2024-11-05,-0.02670615175935387,-0.000474594616646781
ridge,y_XLRE,3,2024-11-05,-0.02670615175935387,0.002798386943875701
ridge,y_XLRE,4,2024-11-05,-0.02670615175935387,-0.003208841586849232
ridge,y_XLRE,2,2024-11-06,0.012429566243393086,-0.09304880709206266
ridge,y_XLRE,3,2024-11-06,0.012429566243393086,-0.07514010135817847
ridge,y_XLRE,4,2024-11-06,0.012429566243393086,-0.07509182885493931
ridge,y_XLRE,2,2024-11-07,0.01714143168631499,-0.038155692839971785
ridge,y_XLRE,3,2024-11-07,0.01714143168631499,-0.022011888023926496
ridge,y_XLRE,4,2024-11-07,0.01714143168631499,-0.0225700111132928
ridge,y_XLRE,2,2024-11-11,-0.012634760995171357,-0.006569677073731508
ridge,y_XLRE,3,2024-11-11,-0.012634760995171357,-0.006946335411683363
ridge,y_XLRE,4,2024-11-11,-0.012634760995171357,-0.0017200922813638316
ridge,y_XLRE,2,2024-11-12,0.007910567638257815,0.02840920946801214
ridge,y_XLRE,3,2024-11-12,0.007910567638257815,0.02289268673209959
ridge,y_XLRE,4,2024-11-12,0.007910567638257815,0.02182820280184449
ridge,y_XLRE,2,2024-11-13,-0.009002865150647632,0.025531296928654443
ridge,y_XLRE,3,2024-11-13,-0.009002865150647632,0.019107596531831483
ridge,y_XLRE,4,2024-11-13,-0.009002865150647632,0.01962166531121744
ridge,y_XLRE,2,2024-11-14,0.001164870630887327,-0.18120875624831276
ridge,y_XLRE,3,2024-11-14,0.001164870630887327,-0.2205194317009439
ridge,y_XLRE,4,2024-11-14,0.001164870630887327,-0.20038033966740335
ridge,y_XLRE,3,2024-11-18,0.004151413495998568,-0.0823891279105927
ridge,y_XLRE,4,2024-11-18,0.004151413495998568,-0.08189440113769118
ridge,y_XLRE,5,2024-11-18,0.004151413495998568,-0.07932434696430575
ridge,y_XLRE,3,2024-11-19,-0.0016077691774405434,0.04598996458922664
ridge,y_XLRE,4,2024-11-19,-0.0016077691774405434,0.0442956738705202
ridge,y_XLRE,5,2024-11-19,-0.0016077691774405434,0.09459788209685334
ridge,y_XLRE,3,2024-11-20,0.006671274506214742,-0.00791932163537735
ridge,y_XLRE,4,2024-11-20,0.006671274506214742,-0.0005731369582999198
ridge,y_XLRE,5,2024-11-20,0.006671274506214742,0.0018085765447352518
ridge,y_XLRE,3,2024-11-21,0.0075411569912882115,-0.09118173632258862
ridge,y_XLRE,4,2024-11-21,0.0075411569912882115,-0.08073763207578742
ridge,y_XLRE,5,2024-11-21,0.0075411569912882115,-0.07668891181247085
ridge,y_XLRE,3,2024-11-25,0.004923859077899939,-0.004641632138059655
ridge,y_XLRE,4,2024-11-25,0.004923859077899939,-0.004836619970306322
ridge,y_XLRE,5,2024-11-25,0.004923859077899939,-0.004844213263733487
ridge,y_XLRE,3,2024-11-26,0.0069041133759135676,0.006849349670212838
ridge,y_XLRE,4,2024-11-26,0.0069041133759135676,0.018725439152281784
ridge,y_XLRE,5,2024-11-26,0.0069041133759135676,0.013347980454817505
ridge,y_XLRE,3,2024-12-02,-0.005866487639860751,0.13412217539810312
ridge,y_XLRE,4,2024-12-02,-0.005866487639860751,0.12400342383561924
ridge,y_XLRE,5,2024-12-02,-0.005866487639860751,0.11998671171354283
ridge,y_XLRE,3,2024-12-03,-0.0027236084630203328,0.07446900916970729
ridge,y_XLRE,4,2024-12-03,-0.0027236084630203328,0.07615498144094023
ridge,y_XLRE,5,2024-12-03,-0.0027236084630203328,0.08212489833752498
ridge,y_XLRE,3,2024-12-04,-0.0025033914559364767,0.02631735402790337
ridge,y_XLRE,4,2024-12-04,-0.0025033914559364767,0.027531941719473634
ridge,y_XLRE,5,2024-12-04,-0.0025033914559364767,0.022349835573044406
ridge,y_XLRE,3,2024-12-05,-0.0013689049015583876,0.030226101143648793
ridge,y_XLRE,4,2024-12-05,-0.0013689049015583876,0.02763748819117394
ridge,y_XLRE,5,2024-12-05,-0.0013689049015583876,0.02099647849045312
ridge,y_XLRE,4,2024-12-09,-0.016188005036830044,0.02108453141306856
ridge,y_XLRE,5,2024-12-09,-0.016188005036830044,0.027182681993556525
ridge,y_XLRE,6,2024-12-09,-0.016188005036830044,0.030568826926891883
ridge,y_XLRE,4,2024-12-10,-0.0025491316517703977,0.04812742601392666
ridge,y_XLRE,5,2024-12-10,-0.0025491316517703977,0.04842328772441472
ridge,y_XLRE,6,2024-12-10,-0.0025491316517703977,0.04639694816097856
ridge,y_XLRE,4,2024-12-11,-0.0006971545197631546,-0.005018652280706587
ridge,y_XLRE,5,2024-12-11,-0.0006971545197631546,-0.004599028188025091
ridge,y_XLRE,6,2024-12-11,-0.0006971545197631546,-0.006466786521356632
ridge,y_XLRE,4,2024-12-12,-0.0041849179555588645,0.0030946107121626034
ridge,y_XLRE,5,2024-12-12,-0.0041849179555588645,0.004735051843665115
ridge,y_XLRE,6,2024-12-12,-0.0041849179555588645,0.011442857143657958
ridge,y_XLRE,4,2024-12-16,-0.004459058046101916,-0.003812573198922427
ridge,y_XLRE,5,2024-12-16,-0.004459058046101916,0.009732051773333604
ridge,y_XLRE,6,2024-12-16,-0.004459058046101916,0.009984179812608605
ridge,y_XLRE,4,2024-12-17,-0.0391325854837371,-0.009437167704756904
ridge,y_XLRE,5,2024-12-17,-0.0391325854837371,-0.012141252182754851
ridge,y_XLRE,6,2024-12-17,-0.0391325854837371,-0.005751642914261886
ridge,y_XLRE,4,2024-12-18,-0.017173573619649884,0.02780378124394535
ridge,y_XLRE,5,2024-12-18,-0.017173573619649884,0.02517638986309351
ridge,y_XLRE,6,2024-12-18,-0.017173573619649884,0.028110540888990978
ridge,y_XLRE,4,2024-12-19,0.018222474405012123,-0.03173005847493619
ridge,y_XLRE,5,2024-12-19,0.018222474405012123,-0.02500161985278216
ridge,y_XLRE,6,2024-12-19,0.018222474405012123,-0.014123475709821438
ridge,y_XLRE,4,2024-12-23,0.0066600379714245594,0.005596309165391668
ridge,y_XLRE,5,2024-12-23,0.0066600379714245594,0.010191163854240364
ridge,y_XLRE,6,2024-12-23,0.0066600379714245594,0.015553278332472423
ridge,y_XLRE,4,2024-12-26,-0.008074331702703108,-0.008509079885741809
ridge,y_XLRE,5,2024-12-26,-0.008074331702703108,-0.009621574148113297
ridge,y_XLRE,6,2024-12-26,-0.008074331702703108,-0.009201510606800085
ridge,y_XLRE,5,2024-12-30,0.007930573425063425,0.022939710601529235
ridge,y_XLRE,6,2024-12-30,0.007930573425063425,0.023793792557240796
ridge,y_XLRE,7,2024-12-30,0.007930573425063425,0.03393730926447767
ridge,y_XLRE,5,2025-01-02,0.013651010366145133,-0.007585008950069099
ridge,y_XLRE,6,2025-01-02,0.013651010366145133,-0.007525896509174702
ridge,y_XLRE,7,2025-01-02,0.013651010366145133,-0.006695466343059769
ridge,y_XLRE,5,2025-01-06,-0.007447862999682586,-0.0063700706384536825
ridge,y_XLRE,6,2025-01-06,-0.007447862999682586,-0.01430130972475953
ridge,y_XLRE,7,2025-01-06,-0.007447862999682586,-0.01640101103350333
ridge,y_XLRE,5,2025-01-07,0.0042521413940403985,-0.0060120388878899585
ridge,y_XLRE,6,2025-01-07,0.0042521413940403985,-0.005374879387562497
ridge,y_XLRE,7,2025-01-07,0.0042521413940403985,-0.009966494441304633
ridge,y_XLRE,5,2025-01-13,0.008568379517157387,-0.03371080630129133
ridge,y_XLRE,6,2025-01-13,0.008568379517157387,-0.02953897393433009
ridge,y_XLRE,7,2025-01-13,0.008568379517157387,-0.021273449729156194
ridge,y_XLRE,5,2025-01-14,0.004247891658006875,-0.0040405505135417035
ridge,y_XLRE,6,2025-01-14,0.004247891658006875,-0.004896232684431917
ridge,y_XLRE,7,2025-01-14,0.004247891658006875,8.998603415920012e-05
ridge,y_XLRE,5,2025-01-15,0.022393723677732957,0.05170234196920859
ridge,y_XLRE,6,2025-01-15,0.022393723677732957,0.009062492932186614
ridge,y_XLRE,7,2025-01-15,0.022393723677732957,-0.006048844506038916
ridge,y_XLRE,5,2025-01-16,-0.0002432561015218715,-0.03821520163521378
ridge,y_XLRE,6,2025-01-16,-0.0002432561015218715,-0.037488981693977956
ridge,y_XLRE,7,2025-01-16,-0.0002432561015218715,-0.031033396646333197
ridge,y_XLRE,6,2025-01-21,-0.017451569380916965,0.002996128903107885
ridge,y_XLRE,7,2025-01-21,-0.017451569380916965,-0.0014784962942494036
ridge,y_XLRE,8,2025-01-21,-0.017451569380916965,-0.002291208647215674
ridge,y_XLRE,6,2025-01-22,0.008029146761899586,-0.08383251933626035
ridge,y_XLRE,7,2025-01-22,0.008029146761899586,-0.052576186442046945
ridge,y_XLRE,8,2025-01-22,0.008029146761899586,-0.05073859883613231
ridge,y_XLRE,6,2025-01-23,0.0028965464034622634,-0.03553217339426001
ridge,y_XLRE,7,2025-01-23,0.0028965464034622634,-0.04343836112222966
ridge,y_XLRE,8,2025-01-23,0.0028965464034622634,-0.04234150586253835
ridge,y_XLRE,6,2025-01-27,-0.012154569667349957,0.03193480967708147
ridge,y_XLRE,7,2025-01-27,-0.012154569667349957,0.024839394262755478
ridge,y_XLRE,8,2025-01-27,-0.012154569667349957,0.02596510467918277
ridge,y_XLRE,6,2025-01-28,-0.011580214740440464,-0.007602582890141753
ridge,y_XLRE,7,2025-01-28,-0.011580214740440464,-0.01608909412833918
ridge,y_XLRE,8,2025-01-28,-0.011580214740440464,-0.0158672264126934
ridge,y_XLRE,6,2025-01-29,0.013180373134249246,-0.022953305615558802
ridge,y_XLRE,7,2025-01-29,0.013180373134249246,-0.036728361965595514
ridge,y_XLRE,8,2025-01-29,0.013180373134249246,-0.04056057758889011
ridge,y_XLRE,6,2025-01-30,-0.0021681042743414425,-0.06506631011128798
ridge,y_XLRE,7,2025-01-30,-0.0021681042743414425,-0.04405424212848139
ridge,y_XLRE,8,2025-01-30,-0.0021681042743414425,-0.04277783211126842
ridge,y_XLRE,6,2025-02-03,0.0,-0.0067128039012126954
ridge,y_XLRE,7,2025-02-03,0.0,-0.006561364730485808
ridge,y_XLRE,8,2025-02-03,0.0,-0.006093674501417285
ridge,y_XLRE,6,2025-02-04,0.0157195765423479,-0.06935404125409744
ridge,y_XLRE,7,2025-02-04,0.0157195765423479,-0.06707774886901413
ridge,y_XLRE,8,2025-02-04,0.0157195765423479,-0.0700720111153562
ridge,y_XLRE,6,2025-02-05,0.0028571420518224144,-0.02458224055365956
ridge,y_XLRE,7,2025-02-05,0.0028571420518224144,-0.020158407585914605
ridge,y_XLRE,8,2025-02-05,0.0028571420518224144,-0.018741538537287827
ridge,y_XLRE,6,2025-02-06,-0.0035612994035083556,0.15023777290846066
ridge,y_XLRE,7,2025-02-06,-0.0035612994035083556,0.10546672379752377
ridge,y_XLRE,8,2025-02-06,-0.0035612994035083556,0.11168468383641124
ridge,y_XLRE,7,2025-02-10,0.0054722960669337795,0.019046376434989652
ridge,y_XLRE,8,2025-02-10,0.0054722960669337795,0.018286197528825307
ridge,y_XLRE,9,2025-02-10,0.0054722960669337795,0.013939127393239811
ridge,y_XLRE,7,2025-02-11,-0.008518598303115299,-0.05327096755410708
ridge,y_XLRE,8,2025-02-11,-0.008518598303115299,-0.05258782492882895
ridge,y_XLRE,9,2025-02-11,-0.008518598303115299,-0.04698356324492208
ridge,y_XLRE,7,2025-02-12,0.007875751000973708,-0.02730124431874606
ridge,y_XLRE,8,2025-02-12,0.007875751000973708,-0.026145353844806304
ridge,y_XLRE,9,2025-02-12,0.007875751000973708,-0.02651629256623368
ridge,y_XLRE,7,2025-02-13,-0.004025495552705816,-0.022662303874827455
ridge,y_XLRE,8,2025-02-13,-0.004025495552705816,-0.02483488453044219
ridge,y_XLRE,9,2025-02-13,-0.004025495552705816,-0.048509206317265574
ridge,y_XLRE,7,2025-02-18,0.001895253872215008,0.22367374985324712
ridge,y_XLRE,8,2025-02-18,0.001895253872215008,0.22711427262866563
ridge,y_XLRE,9,2025-02-18,0.001895253872215008,0.21797682352247072
ridge,y_XLRE,7,2025-02-19,0.006857613884790448,-0.05270033268679854
ridge,y_XLRE,8,2025-02-19,0.006857613884790448,-0.05333497456661567
ridge,y_XLRE,9,2025-02-19,0.006857613884790448,-0.0365926597492403
ridge,y_XLRE,7,2025-02-20,-0.008220019005631629,0.020207995545648432
ridge,y_XLRE,8,2025-02-20,-0.008220019005631629,0.019775914301038533
ridge,y_XLRE,9,2025-02-20,-0.008220019005631629,0.017782961122522676
ridge,y_XLRE,7,2025-02-24,0.010608154205168363,-0.01652208899595348
ridge,y_XLRE,8,2025-02-24,0.010608154205168363,-0.015819868874166677
ridge,y_XLRE,9,2025-02-24,0.010608154205168363,0.015679524406508525
ridge,y_XLRE,7,2025-02-25,-0.004898483289955902,0.004284940848961972
ridge,y_XLRE,8,2025-02-25,-0.004898483289955902,0.005220881290741299
ridge,y_XLRE,9,2025-02-25,-0.004898483289955902,0.005346538117246718
ridge,y_XLRE,7,2025-02-26,0.004453711756381651,0.027049596355524976
ridge,y_XLRE,8,2025-02-26,0.004453711756381651,0.02577836554017936
ridge,y_XLRE,9,2025-02-26,0.004453711756381651,0.0312558578714192
ridge,y_XLRE,7,2025-02-27,0.00700125776942917,-0.0415032871898262
ridge,y_XLRE,8,2025-02-27,0.00700125776942917,-0.04062837506713677
ridge,y_XLRE,9,2025-02-27,0.00700125776942917,-0.03596343046101908
ridge,y_XLRE,8,2025-03-03,-0.011489027216905146,-0.006211204976066873
ridge,y_XLRE,9,2025-03-03,-0.011489027216905146,-0.01076562162192139
ridge,y_XLRE,10,2025-03-03,-0.011489027216905146,-0.009103361030479654
ridge,y_XLRE,8,2025-03-04,0.009297937220257513,-0.0343236255952994
ridge,y_XLRE,9,2025-03-04,0.009297937220257513,-0.03939723863708359
ridge,y_XLRE,10,2025-03-04,0.009297937220257513,-0.03539682871011794
ridge,y_XLRE,8,2025-03-05,-0.027406734346636652,0.0063756022599924436
ridge,y_XLRE,9,2025-03-05,-0.027406734346636652,0.008551873389568403
ridge,y_XLRE,10,2025-03-05,-0.027406734346636652,0.007091798699805857
ridge,y_XLRE,8,2025-03-06,0.005683162477148729,-0.04831036243887446
ridge,y_XLRE,9,2025-03-06,0.005683162477148729,-0.03893220709809168
ridge,y_XLRE,10,2025-03-06,0.005683162477148729,-0.04347629647992637
ridge,y_XLRE,8,2025-03-10,-0.010461305441522573,-0.014965453241003157
ridge,y_XLRE,9,2025-03-10,-0.010461305441522573,0.007081335645925734
ridge,y_XLRE,10,2025-03-10,-0.010461305441522573,0.010592087088457517
ridge,y_XLRE,8,2025-03-11,-0.003604083129519431,-0.02176667832798621
ridge,y_XLRE,9,2025-03-11,-0.003604083129519431,-0.01974807787742538
ridge,y_XLRE,10,2025-03-11,-0.003604083129519431,-0.03149694545453934
ridge,y_XLRE,8,2025-03-12,-0.019532140961183386,-0.030302449990694497
ridge,y_XLRE,9,2025-03-12,-0.019532140961183386,-0.029500324248603764
ridge,y_XLRE,10,2025-03-12,-0.019532140961183386,-0.02842264982181829
ridge,y_XLRE,8,2025-03-13,0.019429394083263718,-0.014300027049068813
ridge,y_XLRE,9,2025-03-13,0.019429394083263718,-0.012288597500117649
ridge,y_XLRE,10,2025-03-13,0.019429394083263718,-0.008439282724471494
ridge,y_XLRE,8,2025-03-17,-0.006164118857690859,-0.013981296582113495
ridge,y_XLRE,9,2025-03-17,-0.006164118857690859,-0.013614708779549628
ridge,y_XLRE,10,2025-03-17,-0.006164118857690859,-0.013384074345955179
ridge,y_XLRE,8,2025-03-18,0.001192669272904734,0.035181853935335246
ridge,y_XLRE,9,2025-03-18,0.001192669272904734,0.02830756490369001
ridge,y_XLRE,10,2025-03-18,0.001192669272904734,0.035031581872242486
ridge,y_XLRE,8,2025-03-19,-0.0011912485074135892,0.003404720863314038
ridge,y_XLRE,9,2025-03-19,-0.0011912485074135892,0.013776781135503253
ridge,y_XLRE,10,2025-03-19,-0.0011912485074135892,0.009511036094911603
ridge,y_XLRE,8,2025-03-20,-0.00978064110444754,-0.032278428813306746
ridge,y_XLRE,9,2025-03-20,-0.00978064110444754,-0.030733347211438337
ridge,y_XLRE,10,2025-03-20,-0.00978064110444754,-0.02651992448593251
ridge,y_XLRE,9,2025-03-24,-0.011955966221130154,-0.005262380616808664
ridge,y_XLRE,10,2025-03-24,-0.011955966221130154,-0.0038580390151283566
ridge,y_XLRE,11,2025-03-24,-0.011955966221130154,-0.0032279487856144047
ridge,y_XLRE,9,2025-03-25,0.005082176257391602,-0.09646470214489768
ridge,y_XLRE,10,2025-03-25,0.005082176257391602,-0.08994634596476796
ridge,y_XLRE,11,2025-03-25,0.005082176257391602,-0.08973405340459178
ridge,y_XLRE,9,2025-03-26,-0.002407815359091736,0.01369049583792944
ridge,y_XLRE,10,2025-03-26,-0.002407815359091736,0.011452437122668664
ridge,y_XLRE,11,2025-03-26,-0.002407815359091736,0.013606569221298681
ridge,y_XLRE,9,2025-03-27,-0.0004827632417764294,0.0010529689292706691
ridge,y_XLRE,10,2025-03-27,-0.0004827632417764294,-0.004966728278052765
ridge,y_XLRE,11,2025-03-27,-0.0004827632417764294,0.017674625623971953
ridge,y_XLRE,9,2025-03-31,0.0007170180817288596,-0.0161885869822492
ridge,y_XLRE,10,2025-03-31,0.0007170180817288596,-0.010919480933471988
ridge,y_XLRE,11,2025-03-31,0.0007170180817288596,-0.009164634779356643
ridge,y_XLRE,9,2025-04-01,0.00477557207998025,-0.052502256119729716
ridge,y_XLRE,10,2025-04-01,0.00477557207998025,-0.06773925959028143
ridge,y_XLRE,11,2025-04-01,0.00477557207998025,0.02268880408164999
ridge,y_XLRE,9,2025-04-02,-0.02994307135871377,0.023550319930318194
ridge,y_XLRE,10,2025-04-02,-0.02994307135871377,0.029327394219725012
ridge,y_XLRE,11,2025-04-02,-0.02994307135871377,0.02561934534260575
ridge,y_XLRE,9,2025-04-03,-0.045565890880155724,-0.02114710284496249
ridge,y_XLRE,10,2025-04-03,-0.045565890880155724,-0.009951212325812475
ridge,y_XLRE,11,2025-04-03,-0.045565890880155724,0.0014930173008545402
ridge,y_XLRE,9,2025-04-07,-0.024723783884906148,0.026678457243231393
ridge,y_XLRE,10,2025-04-07,-0.024723783884906148,0.023130734473440898
ridge,y_XLRE,11,2025-04-07,-0.024723783884906148,0.02707133114292999
ridge,y_XLRE,9,2025-04-08,0.05744319612961535,-0.006161237780744728
ridge,y_XLRE,10,2025-04-08,0.05744319612961535,-0.005775546686410026
ridge,y_XLRE,11,2025-04-08,0.05744319612961535,-0.005989391471956678
ridge,y_XLRE,9,2025-04-09,-0.021167953941117812,-0.024990257159650628
ridge,y_XLRE,10,2025-04-09,-0.021167953941117812,-0.024486647548502702
ridge,y_XLRE,11,2025-04-09,-0.021167953941117812,-0.024670357234584467
ridge,y_XLRE,9,2025-04-10,0.014069732421722492,0.014843981782050144
ridge,y_XLRE,10,2025-04-10,0.014069732421722492,0.015701293377821963
ridge,y_XLRE,11,2025-04-10,0.014069732421722492,0.012002067085937568
ridge,y_XLRE,10,2025-04-14,0.0015083620802327502,-0.0012261712787740454
ridge,y_XLRE,11,2025-04-14,0.0015083620802327502,-8.892481684127267e-05
ridge,y_XLRE,12,2025-04-14,0.0015083620802327502,-0.004730895900287185
ridge,y_XLRE,10,2025-04-15,-0.0005020301168860986,0.04106267621666593
ridge,y_XLRE,11,2025-04-15,-0.0005020301168860986,0.027009211394555973
ridge,y_XLRE,12,2025-04-15,-0.0005020301168860986,0.028448335677167428
ridge,y_XLRE,10,2025-04-16,0.015821153242472796,0.018084370819082315
ridge,y_XLRE,11,2025-04-16,0.015821153242472796,0.022693564632593814
ridge,y_XLRE,12,2025-04-16,0.015821153242472796,0.01957714698657504
ridge,y_XLRE,10,2025-04-21,0.020449342883177124,-0.004410606317621375
ridge,y_XLRE,11,2025-04-21,0.020449342883177124,0.005103978124193041
ridge,y_XLRE,12,2025-04-21,0.020449342883177124,0.004806772997706197
ridge,y_XLRE,10,2025-04-22,0.0012371144821259339,-0.028783237183626603
ridge,y_XLRE,11,2025-04-22,0.0012371144821259339,-0.011606585603305571
ridge,y_XLRE,12,2025-04-22,0.0012371144821259339,-0.007702972595450274
ridge,y_XLRE,10,2025-04-23,0.0029650961752449856,-0.005849031557695923
ridge,y_XLRE,11,2025-04-23,0.0029650961752449856,0.009665299622511652
ridge,y_XLRE,12,2025-04-23,0.0029650961752449856,0.012460716829142932
ridge,y_XLRE,10,2025-04-24,-0.0014781651856837774,0.004639887572265884
ridge,y_XLRE,11,2025-04-24,-0.0014781651856837774,-9.778958639819967e-05
ridge,y_XLRE,12,2025-04-24,-0.0014781651856837774,7.675234870627059e-05
ridge,y_XLRE,10,2025-04-28,0.008092125739184608,-0.022250206996993694
ridge,y_XLRE,11,2025-04-28,0.008092125739184608,-0.024909948603764432
ridge,y_XLRE,12,2025-04-28,0.008092125739184608,-0.020875789033620674
ridge,y_XLRE,10,2025-04-29,0.0046218073424149075,-0.011404541600400707
ridge,y_XLRE,11,2025-04-29,0.0046218073424149075,-0.020711245400033242
ridge,y_XLRE,12,2025-04-29,0.0046218073424149075,-0.02204666411588876
ridge,y_XLRE,10,2025-04-30,0.0029055071246348874,-0.015666258716790792
ridge,y_XLRE,11,2025-04-30,0.0029055071246348874,-0.013721961274390761
ridge,y_XLRE,12,2025-04-30,0.0029055071246348874,-0.01242548777614565
ridge,y_XLRE,10,2025-05-01,0.012312914834331057,0.07532339673178337
ridge,y_XLRE,11,2025-05-01,0.012312914834331057,0.03671825210643804
ridge,y_XLRE,12,2025-05-01,0.012312914834331057,0.02581157728933588
ridge,y_XLRE,11,2025-05-05,-0.006924616965564123,0.01118919853507602
ridge,y_XLRE,12,2025-05-05,-0.006924616965564123,0.01153668492935668
ridge,y_XLRE,13,2025-05-05,-0.006924616965564123,0.0152383329419497
ridge,y_XLRE,11,2025-05-06,-0.0007212176189789199,-0.03464238167794414
ridge,y_XLRE,12,2025-05-06,-0.0007212176189789199,-0.038782752082556986
ridge,y_XLRE,13,2025-05-06,-0.0007212176189789199,-0.03529275824440474
ridge,y_XLRE,11,2025-05-07,-0.004812342420504101,-0.002262611128558136
ridge,y_XLRE,12,2025-05-07,-0.004812342420504101,0.0022117819969412126
ridge,y_XLRE,13,2025-05-07,-0.004812342420504101,0.0025311357119028903
ridge,y_XLRE,11,2025-05-08,0.006044421506798514,-0.13603407334773227
ridge,y_XLRE,12,2025-05-08,0.006044421506798514,-0.1407882294622522
ridge,y_XLRE,13,2025-05-08,0.006044421506798514,-0.1273561352286646
ridge,y_XLRE,11,2025-05-12,-0.013445405048687409,-0.0007275204283218932
ridge,y_XLRE,12,2025-05-12,-0.013445405048687409,0.0036114736373451706
ridge,y_XLRE,13,2025-05-12,-0.013445405048687409,0.002628818920708503
ridge,y_XLRE,11,2025-05-13,-0.008517833268111064,0.0006246355706928581
ridge,y_XLRE,12,2025-05-13,-0.008517833268111064,-0.0017623669749946926
ridge,y_XLRE,13,2025-05-13,-0.008517833268111064,-0.0007640695792329696
ridge,y_XLRE,11,2025-05-14,0.018409417263057337,-0.005088666155635366
ridge,y_XLRE,12,2025-05-14,0.018409417263057337,-0.005226164999659811
ridge,y_XLRE,13,2025-05-14,0.018409417263057337,-0.003033278668516037
ridge,y_XLRE,11,2025-05-15,0.012532935836770287,-0.013685332097630284
ridge,y_XLRE,12,2025-05-15,0.012532935836770287,-0.017543570499039984
ridge,y_XLRE,13,2025-05-15,0.012532935836770287,-0.01682520788963527
ridge,y_XLRE,11,2025-05-19,-0.0052256040067309995,-0.002416782811159564
ridge,y_XLRE,12,2025-05-19,-0.0052256040067309995,0.0026837068359515416
ridge,y_XLRE,13,2025-05-19,-0.0052256040067309995,0.0019514679063561537
ridge,y_XLRE,11,2025-05-20,-0.02650429397031595,-0.009466114077189414
ridge,y_XLRE,12,2025-05-20,-0.02650429397031595,-0.005694042203774435
ridge,y_XLRE,13,2025-05-20,-0.02650429397031595,-0.0056497322502491185
ridge,y_XLRE,11,2025-05-21,-0.0034339523891820933,-0.007992788599536003
ridge,y_XLRE,12,2025-05-21,-0.0034339523891820933,-0.013381197165532191
ridge,y_XLRE,13,2025-05-21,-0.0034339523891820933,-0.00964926820669715
ridge,y_XLRE,11,2025-05-22,0.00024608614462628964,0.09812708984654596
ridge,y_XLRE,12,2025-05-22,0.00024608614462628964,0.09743297039037481
ridge,y_XLRE,13,2025-05-22,0.00024608614462628964,0.10123011179231009
ridge,y_XLRE,12,2025-05-27,0.0,-0.01882386674775489
ridge,y_XLRE,13,2025-05-27,0.0,-0.016628118291952505
ridge,y_XLRE,14,2025-05-27,0.0,-0.017642577113135476
ridge,y_XLRE,12,2025-05-28,0.009198672203549751,-0.0050567554802556204
ridge,y_XLRE,13,2025-05-28,0.009198672203549751,-0.0032917197755501044
ridge,y_XLRE,14,2025-05-28,0.009198672203549751,-0.0058835233427082115
ridge,y_XLRE,12,2025-05-29,0.0009595050676858285,0.005431309962940047
ridge,y_XLRE,13,2025-05-29,0.0009595050676858285,0.009835425360096812
ridge,y_XLRE,14,2025-05-29,0.0009595050676858285,0.0076345203910355205
ridge,y_XLRE,12,2025-06-02,-0.003589299000663182,-0.019256956259958193
ridge,y_XLRE,13,2025-06-02,-0.003589299000663182,-0.022552810930923303
ridge,y_XLRE,14,2025-06-02,-0.003589299000663182,-0.02079192877533234
ridge,y_XLRE,12,2025-06-03,0.003121899957767571,-0.016747121184858826
ridge,y_XLRE,13,2025-06-03,0.003121899957767571,-0.018316932377302766
ridge,y_XLRE,14,2025-06-03,0.003121899957767571,-0.01446051860752283
ridge,y_XLRE,12,2025-06-04,-0.00023946375888261873,0.015200861708062766
ridge,y_XLRE,13,2025-06-04,-0.00023946375888261873,0.021555487817202606
ridge,y_XLRE,14,2025-06-04,-0.00023946375888261873,0.023000389600145908
ridge,y_XLRE,12,2025-06-05,0.0028736900279406896,0.008466183521143904
ridge,y_XLRE,13,2025-06-05,0.0028736900279406896,0.009586874048208894
ridge,y_XLRE,14,2025-06-05,0.0028736900279406896,0.010060035648627463
ridge,y_XLRE,12,2025-06-09,0.008838861052107516,0.026366775147563616
ridge,y_XLRE,13,2025-06-09,0.008838861052107516,0.037138389267216784
ridge,y_XLRE,14,2025-06-09,0.008838861052107516,0.04025574632273995
ridge,y_XLRE,12,2025-06-10,-0.005446280628016775,-0.003981757685819273
ridge,y_XLRE,13,2025-06-10,-0.005446280628016775,-0.002532367317699716
ridge,y_XLRE,14,2025-06-10,-0.005446280628016775,-0.0027612976122840353
ridge,y_XLRE,12,2025-06-11,0.005476105032773626,-0.028256224737735338
ridge,y_XLRE,13,2025-06-11,0.005476105032773626,-0.023146865739520017
ridge,y_XLRE,14,2025-06-11,0.005476105032773626,-0.020929471341725375
ridge,y_XLRE,12,2025-06-12,-0.008051039684554562,0.003364577843596717
ridge,y_XLRE,13,2025-06-12,-0.008051039684554562,-0.0004294372740595593
ridge,y_XLRE,14,2025-06-12,-0.008051039684554562,-1.8043402193831113e-05
ridge,y_XLRE,13,2025-07-02,0.00047879873972145326,-0.0002802772240100183
ridge,y_XLRE,14,2025-07-02,0.00047879873972145326,-0.0015072268522971827
ridge,y_XLRE,15,2025-07-02,0.00047879873972145326,-0.010331238528720667
ridge,y_XLRE,13,2025-07-07,-0.0014465036738722237,-0.011137074056407544
ridge,y_XLRE,14,2025-07-07,-0.0014465036738722237,-0.013463693406855765
ridge,y_XLRE,15,2025-07-07,-0.0014465036738722237,-0.013805878724916412
ridge,y_XLRE,13,2025-07-08,-0.00048277254414563764,-0.012311347963440099
ridge,y_XLRE,14,2025-07-08,-0.00048277254414563764,-0.011733300587703197
ridge,y_XLRE,15,2025-07-08,-0.00048277254414563764,-0.010582035427650112
ridge,y_XLRE,13,2025-07-09,0.005072404867300984,-0.001925466290815746
ridge,y_XLRE,14,2025-07-09,0.005072404867300984,-0.0007879613874542874
ridge,y_XLRE,15,2025-07-09,0.005072404867300984,-0.0017481113698267785
ridge,y_XLRE,13,2025-07-10,-0.0009613229537100976,0.008321326178296328
ridge,y_XLRE,14,2025-07-10,-0.0009613229537100976,0.006651918547870746
ridge,y_XLRE,15,2025-07-10,-0.0009613229537100976,0.009204133109071169
ridge,y_XLRE,13,2025-07-14,-0.012903064664720909,-0.0017332509933052282
ridge,y_XLRE,14,2025-07-14,-0.012903064664720909,0.0030366184663751378
ridge,y_XLRE,15,2025-07-14,-0.012903064664720909,0.0028036202943409316
ridge,y_XLRE,13,2025-07-15,0.010893092691466988,-0.005462453234500764
ridge,y_XLRE,14,2025-07-15,0.010893092691466988,-0.0037232203815261936
ridge,y_XLRE,15,2025-07-15,0.010893092691466988,-0.001557834596711091
ridge,y_XLRE,13,2025-07-16,-0.0009577769525161983,0.023680461515304178
ridge,y_XLRE,14,2025-07-16,-0.0009577769525161983,0.021700333079142795
ridge,y_XLRE,15,2025-07-16,-0.0009577769525161983,0.021207561393824077
ridge,y_XLRE,13,2025-07-17,0.0028762717869601495,-0.011055562166501406
ridge,y_XLRE,14,2025-07-17,0.0028762717869601495,-0.015112214720106572
ridge,y_XLRE,15,2025-07-17,0.0028762717869601495,-0.007240667244491611
ridge,y_XLRE,13,2025-07-21,0.01738100410379806,-0.002661676174272944
ridge,y_XLRE,14,2025-07-21,0.01738100410379806,-0.002912077992947057
ridge,y_XLRE,15,2025-07-21,0.01738100410379806,-0.002349503276358758
ridge,y_XLRE,13,2025-07-22,0.002808376969635651,-0.002986378516201698
ridge,y_XLRE,14,2025-07-22,0.002808376969635651,-0.0019285143905106758
ridge,y_XLRE,15,2025-07-22,0.002808376969635651,0.0025202110263489556
ridge,y_XLRE,13,2025-07-23,-0.0014002560380090845,-0.010652551042229693
ridge,y_XLRE,14,2025-07-23,-0.0014002560380090845,-0.012551388833116208
ridge,y_XLRE,15,2025-07-23,-0.0014002560380090845,-0.012952780793564895
ridge,y_XLRE,14,2025-07-24,0.0,0.0025484208612656985
ridge,y_XLRE,15,2025-07-24,0.0,0.0015731475576767078
ridge,y_XLRE,16,2025-07-24,0.0,0.0011228052374751048
ridge,y_XLRE,14,2025-07-28,0.01664684173718123,0.005552735565128753
ridge,y_XLRE,15,2025-07-28,0.01664684173718123,0.005876328368396712
ridge,y_XLRE,16,2025-07-28,0.01664684173718123,0.007044790397706169
ridge,y_XLRE,14,2025-07-29,-0.014035042749492965,-0.001897994647230095
ridge,y_XLRE,15,2025-07-29,-0.014035042749492965,0.00040754895789704357
ridge,y_XLRE,16,2025-07-29,-0.014035042749492965,-0.0006112441264695077
ridge,y_XLRE,14,2025-07-30,-0.017556353862179352,0.026179775229661858
ridge,y_XLRE,15,2025-07-30,-0.017556353862179352,0.026160479233228534
ridge,y_XLRE,16,2025-07-30,-0.017556353862179352,0.015993526469780642
ridge,y_XLRE,14,2025-07-31,-0.0028978976682347835,-0.006716745631104945
ridge,y_XLRE,15,2025-07-31,-0.0028978976682347835,-0.00377580588485374
ridge,y_XLRE,16,2025-07-31,-0.0028978976682347835,-0.009613666844238561
ridge,y_XLRE,14,2025-08-04,0.003362113050911386,-0.00038145866543949874
ridge,y_XLRE,15,2025-08-04,0.003362113050911386,-0.003089306956046846
ridge,y_XLRE,16,2025-08-04,0.003362113050911386,-0.0006104439857124371
ridge,y_XLRE,14,2025-08-05,-0.00837721081690801,-0.0196099198954718
ridge,y_XLRE,15,2025-08-05,-0.00837721081690801,-0.020203655919513314
ridge,y_XLRE,16,2025-08-05,-0.00837721081690801,-0.01584440920302841
ridge,y_XLRE,14,2025-08-06,0.0038619986405719064,0.006816520123567287
ridge,y_XLRE,15,2025-08-06,0.0038619986405719064,0.005889203615173148
ridge,y_XLRE,16,2025-08-06,0.0038619986405719064,0.008045834094609822
ridge,y_XLRE,14,2025-08-07,-0.008174987734762218,0.007257286427629791
ridge,y_XLRE,15,2025-08-07,-0.008174987734762218,0.00479674541133442
ridge,y_XLRE,16,2025-08-07,-0.008174987734762218,0.008826282178337043
ridge,y_XLRE,14,2025-08-11,0.0017069758698138315,0.003741585423661947
ridge,y_XLRE,15,2025-08-11,0.0017069758698138315,0.002254913426960604
ridge,y_XLRE,16,2025-08-11,0.0017069758698138315,0.003373432205642997
ridge,y_XLRE,14,2025-08-12,0.006572411215646445,-0.002860157235981752
ridge,y_XLRE,15,2025-08-12,0.006572411215646445,-0.0003270578961712244
ridge,y_XLRE,16,2025-08-12,0.006572411215646445,0.006542610398788862
ridge,y_XLRE,15,2025-08-13,-0.007013180501649785,0.01006407182961742
ridge,y_XLRE,16,2025-08-13,-0.007013180501649785,0.011046276615681996
ridge,y_XLRE,17,2025-08-13,-0.007013180501649785,0.005819960499680848
ridge,y_XLRE,15,2025-08-14,0.006575801912058976,0.004836537357515882
ridge,y_XLRE,16,2025-08-14,0.006575801912058976,0.007272911085347753
ridge,y_XLRE,17,2025-08-14,0.006575801912058976,0.014087834789057539
ridge,y_XLRE,15,2025-08-18,0.01783092935682351,-0.00553570356032792
ridge,y_XLRE,16,2025-08-18,0.01783092935682351,-0.005079807998714511
ridge,y_XLRE,17,2025-08-18,0.01783092935682351,-0.0033240710001007645
ridge,y_XLRE,15,2025-08-19,0.003839755306053849,0.01888601188489672
ridge,y_XLRE,16,2025-08-19,0.003839755306053849,0.0209650227133162
ridge,y_XLRE,17,2025-08-19,0.003839755306053849,0.018729286743529194
ridge,y_XLRE,15,2025-08-20,-0.0035859547843819506,0.007755245002666379
ridge,y_XLRE,16,2025-08-20,-0.0035859547843819506,0.009256654903096451
ridge,y_XLRE,17,2025-08-20,-0.0035859547843819506,0.012776926597962444
ridge,y_XLRE,15,2025-08-21,0.01583491000612125,-0.004984593981795434
ridge,y_XLRE,16,2025-08-21,0.01583491000612125,-0.003432700178744802
ridge,y_XLRE,17,2025-08-21,0.01583491000612125,-0.0035802722627708387
ridge,y_XLRE,15,2025-08-25,-0.002848372714208902,0.00965468628302129
ridge,y_XLRE,16,2025-08-25,-0.002848372714208902,0.009642244234089943
ridge,y_XLRE,17,2025-08-25,-0.002848372714208902,0.018636512172644
ridge,y_XLRE,15,2025-08-26,0.004284671177710031,0.020945038998879815
ridge,y_XLRE,16,2025-08-26,0.004284671177710031,0.01907313761198407
ridge,y_XLRE,17,2025-08-26,0.004284671177710031,0.017357799769113426
ridge,y_XLRE,15,2025-08-27,-0.002607157133094229,-0.0264717798420842
ridge,y_XLRE,16,2025-08-27,-0.002607157133094229,-0.025036545527183013
ridge,y_XLRE,17,2025-08-27,-0.002607157133094229,-0.022971431974561866
ridge,y_XLRE,15,2025-08-28,0.005465729279951148,0.014877939431535028
ridge,y_XLRE,16,2025-08-28,0.005465729279951148,0.014015203733924482
ridge,y_XLRE,17,2025-08-28,0.005465729279951148,0.00476308556971493
ridge,y_XLRE,15,2025-09-02,-0.0026448627129573854,-0.004394324043586692
ridge,y_XLRE,16,2025-09-02,-0.0026448627129573854,-9.608086432995593e-05
ridge,y_XLRE,17,2025-09-02,-0.0026448627129573854,-0.0035244534877360515
ridge,y_XLRE,16,2025-09-03,0.006750163119261687,0.005606652064888406
ridge,y_XLRE,17,2025-09-03,0.006750163119261687,0.0016693164088982995
ridge,y_XLRE,18,2025-09-03,0.006750163119261687,-0.0014361873077119057
ridge,y_XLRE,16,2025-09-04,0.010057541988697682,0.03954392417073211
ridge,y_XLRE,17,2025-09-04,0.010057541988697682,0.04454509401510841
ridge,y_XLRE,18,2025-09-04,0.010057541988697682,0.034224629502508326
ridge,y_XLRE,16,2025-09-08,-0.00047724197540710556,-0.010268145394500043
ridge,y_XLRE,17,2025-09-08,-0.00047724197540710556,-0.008272287147967808
ridge,y_XLRE,18,2025-09-08,-0.00047724197540710556,-0.005855026007657062
ridge,y_XLRE,16,2025-09-09,-0.0004776554133723021,0.004077731398178729
ridge,y_XLRE,17,2025-09-09,-0.0004776554133723021,0.004404666941820442
ridge,y_XLRE,18,2025-09-09,-0.0004776554133723021,0.010919495521544016
ridge,y_XLRE,16,2025-09-10,0.016244610348428168,0.04833900952976795
ridge,y_XLRE,17,2025-09-10,0.016244610348428168,0.035515470235419906
ridge,y_XLRE,18,2025-09-10,0.016244610348428168,0.03242960281794574
ridge,y_XLRE,16,2025-09-11,-0.004466411527536351,0.030637685022882926
ridge,y_XLRE,17,2025-09-11,-0.004466411527536351,0.019926460673982262
ridge,y_XLRE,18,2025-09-11,-0.004466411527536351,0.016291239756004102
ridge,y_XLRE,16,2025-09-15,-0.00591012378777056,-0.00927777447163336
ridge,y_XLRE,17,2025-09-15,-0.00591012378777056,-0.0023589676739176305
ridge,y_XLRE,18,2025-09-15,-0.00591012378777056,-0.0019387577173791137
ridge,y_XLRE,16,2025-09-16,-0.00047563197045263905,-0.00501709244580556
ridge,y_XLRE,17,2025-09-16,-0.00047563197045263905,-0.008275582602592826
ridge,y_XLRE,18,2025-09-16,-0.00047563197045263905,-0.0047451230830167
ridge,y_XLRE,16,2025-09-17,0.000713741229049436,0.027626461591135847
ridge,y_XLRE,17,2025-09-17,0.000713741229049436,0.02677744645779596
ridge,y_XLRE,18,2025-09-17,0.000713741229049436,0.03168384750849932
ridge,y_XLRE,16,2025-09-18,-0.004992902323686321,-0.12317428792265192
ridge,y_XLRE,17,2025-09-18,-0.004992902323686321,-0.11860333363795944
ridge,y_XLRE,18,2025-09-18,-0.004992902323686321,-0.11278475308334968
ridge,y_XLRE,16,2025-09-22,0.00791943101294823,-0.051378341949106746
ridge,y_XLRE,17,2025-09-22,0.00791943101294823,-0.048523489488400774
ridge,y_XLRE,18,2025-09-22,0.00791943101294823,-0.04810624555987466
ridge,y_XLRE,17,2025-09-23,-0.010238158571175271,0.037653667070817465
ridge,y_XLRE,18,2025-09-23,-0.010238158571175271,0.03457883043127791
ridge,y_XLRE,19,2025-09-23,-0.010238158571175271,0.039636443766184894
ridge,y_XLRE,17,2025-09-24,-0.002405488112315224,0.26731508357305606
ridge,y_XLRE,18,2025-09-24,-0.002405488112315224,0.2661358444549314
ridge,y_XLRE,19,2025-09-24,-0.002405488112315224,0.2781148017249174
ridge,y_XLRE,17,2025-09-25,0.009886654564658315,0.017416684031574592
ridge,y_XLRE,18,2025-09-25,0.009886654564658315,0.01829989776214897
ridge,y_XLRE,19,2025-09-25,0.009886654564658315,0.020872790419072394
ridge,y_XLRE,17,2025-09-29,0.004051505020656876,0.007134706851778806
ridge,y_XLRE,18,2025-09-29,0.004051505020656876,0.011129509095613022
ridge,y_XLRE,19,2025-09-29,0.004051505020656876,0.00818874377070667
ridge,y_XLRE,17,2025-09-30,0.0,0.01838689191263957
ridge,y_XLRE,18,2025-09-30,0.0,0.015966289682922182
ridge,y_XLRE,19,2025-09-30,0.0,0.029250988735657586
ridge,y_XLRE,17,2025-10-01,-0.005221913473201334,0.007412157592164679
ridge,y_XLRE,18,2025-10-01,-0.005221913473201334,-9.996019364550584e-05
ridge,y_XLRE,19,2025-10-01,-0.005221913473201334,-0.0002827821220732828
ridge,y_XLRE,17,2025-10-02,0.004056338411784655,-0.02418999110902885
ridge,y_XLRE,18,2025-10-02,0.004056338411784655,0.0028002308757993566
ridge,y_XLRE,19,2025-10-02,0.004056338411784655,0.02102129300251973
ridge,y_XLRE,17,2025-10-06,-0.0031204713939047,0.0014318179031052448
ridge,y_XLRE,18,2025-10-06,-0.0031204713939047,0.00018532145028928872
ridge,y_XLRE,19,2025-10-06,-0.0031204713939047,-0.0014053997398355109
ridge,y_XLRE,17,2025-10-07,-0.0050565759863016035,-0.007610504079289325
ridge,y_XLRE,18,2025-10-07,-0.0050565759863016035,-0.006909275600956629
ridge,y_XLRE,19,2025-10-07,-0.0050565759863016035,-0.00671760583070082
ridge,y_XLRE,17,2025-10-08,-0.004598266492077729,0.05874577312969093
ridge,y_XLRE,18,2025-10-08,-0.004598266492077729,0.043944636545160135
ridge,y_XLRE,19,2025-10-08,-0.004598266492077729,0.05261518188021921
ridge,y_XLRE,17,2025-10-09,-0.010940871438642641,-0.05343060299892258
ridge,y_XLRE,18,2025-10-09,-0.010940871438642641,-0.047896286128641045
ridge,y_XLRE,19,2025-10-09,-0.010940871438642641,-0.045403275455999995
ridge,y_XLRE,18,2025-10-13,0.00953303583876619,0.006817155448519994
ridge,y_XLRE,19,2025-10-13,0.00953303583876619,0.0062948436614450026
ridge,y_XLRE,20,2025-10-13,0.00953303583876619,0.010980098014737085
ridge,y_XLRE,18,2025-10-14,0.014527938411334373,0.00841169846875254
ridge,y_XLRE,19,2025-10-14,0.014527938411334373,0.007159186235625881
ridge,y_XLRE,20,2025-10-14,0.014527938411334373,0.007885849279996984
ridge,y_XLRE,18,2025-10-15,-0.0031026894392959248,-0.029889245473767798
ridge,y_XLRE,19,2025-10-15,-0.0031026894392959248,-0.023108182782363602
ridge,y_XLRE,20,2025-10-15,-0.0031026894392959248,-0.03033179866451505
ridge,y_XLRE,18,2025-10-16,0.0064639968742670195,-0.03746546747218569
ridge,y_XLRE,19,2025-10-16,0.0064639968742670195,-0.01835196722937095
ridge,y_XLRE,20,2025-10-16,0.0064639968742670195,-0.008978241179411128
ridge,y_XLRE,18,2025-10-20,-0.003060236363542246,0.02094636391790688
ridge,y_XLRE,19,2025-10-20,-0.003060236363542246,0.020102436247155197
ridge,y_XLRE,20,2025-10-20,-0.003060236363542246,0.018329071880075463
ridge,y_XLRE,18,2025-10-21,0.004486431569966864,-0.005099719541261549
ridge,y_XLRE,19,2025-10-21,0.004486431569966864,-0.005948739138642807
ridge,y_XLRE,20,2025-10-21,0.004486431569966864,-0.005753425030243668
ridge,y_XLRE,18,2025-10-22,-0.0009402551779305046,0.0246080443925204
ridge,y_XLRE,19,2025-10-22,-0.0009402551779305046,0.018171413288021996
ridge,y_XLRE,20,2025-10-22,-0.0009402551779305046,0.024563418043787526
ridge,y_XLRE,18,2025-10-23,0.0035294568137198556,0.013287636350925194
ridge,y_XLRE,19,2025-10-23,0.0035294568137198556,0.011062591334481673
ridge,y_XLRE,20,2025-10-23,0.0035294568137198556,0.011904559400120026
ridge,y_XLRE,18,2025-10-27,-0.022227463524700175,0.019065899550844194
ridge,y_XLRE,19,2025-10-27,-0.022227463524700175,0.009721147117060444
ridge,y_XLRE,20,2025-10-27,-0.022227463524700175,0.008905513751301287
ridge,y_XLRE,18,2025-10-28,-0.027279213728777396,0.007833739145345844
ridge,y_XLRE,19,2025-10-28,-0.027279213728777396,0.011083749670039014
ridge,y_XLRE,20,2025-10-28,-0.027279213728777396,0.009821941349632018
ridge,y_XLRE,18,2025-10-29,0.005658027314987546,0.0035102280440854044
ridge,y_XLRE,19,2025-10-29,0.005658027314987546,0.004270262509798338
ridge,y_XLRE,20,2025-10-29,0.005658027314987546,0.003995368083239844
ridge,y_XLRE,18,2025-10-30,0.0004892178683570947,0.007609688993460084
ridge,y_XLRE,19,2025-10-30,0.0004892178683570947,0.006062376863192947
ridge,y_XLRE,20,2025-10-30,0.0004892178683570947,0.006233621384909613
ridge,y_XLRE,19,2025-11-03,0.002694087854238969,0.026316644201442436
ridge,y_XLRE,20,2025-11-03,0.002694087854238969,0.025579274985445703
ridge,y_XLRE,21,2025-11-03,0.002694087854238969,0.017365665215824437
ridge,y_XLRE,19,2025-11-04,-0.0002442504591116945,-0.04068314249328078
ridge,y_XLRE,20,2025-11-04,-0.0002442504591116945,-0.03907103775405301
ridge,y_XLRE,21,2025-11-04,-0.0002442504591116945,-0.02387451878889494
ridge,y_XLRE,19,2025-11-05,-0.004886391077677188,-0.002558666813343576
ridge,y_XLRE,20,2025-11-05,-0.004886391077677188,0.0020556255897331527
ridge,y_XLRE,21,2025-11-05,-0.004886391077677188,1.1263083523033288e-05
ridge,y_XLRE,19,2025-11-06,0.013258002004791436,-0.057150730461702576
ridge,y_XLRE,20,2025-11-06,0.013258002004791436,-0.05408184345014824
ridge,y_XLRE,21,2025-11-06,0.013258002004791436,-0.04914131440404745
ridge,y_XLRE,19,2025-11-10,0.011154255983175432,-0.016712778671408784
ridge,y_XLRE,20,2025-11-10,0.011154255983175432,-0.016456242834304434
ridge,y_XLRE,21,2025-11-10,0.011154255983175432,-0.01420071296042239
ridge,y_XLRE,19,2025-11-11,-0.007913733068423245,-0.01517564976502278
ridge,y_XLRE,20,2025-11-11,-0.007913733068423245,-0.007652090690141166
ridge,y_XLRE,21,2025-11-11,-0.007913733068423245,-0.0066894110846574505
ridge,y_XLRE,19,2025-11-12,-0.013052899258971351,-0.007368609947942051
ridge,y_XLRE,20,2025-11-12,-0.013052899258971351,-0.007529054212911058
ridge,y_XLRE,21,2025-11-12,-0.013052899258971351,-0.006480083625591833
ridge,y_XLRE,19,2025-11-13,0.0029389963455459522,-0.020938734889519178
ridge,y_XLRE,20,2025-11-13,0.0029389963455459522,-0.0175992203528128
ridge,y_XLRE,21,2025-11-13,0.0029389963455459522,-0.018619885741946157
ridge,y_XLRE,19,2025-11-17,0.0036872678156958383,-0.01848731822385473
ridge,y_XLRE,20,2025-11-17,0.0036872678156958383,-0.017717263965337925
ridge,y_XLRE,21,2025-11-17,0.0036872678156958383,-0.01390579725066946
ridge,y_XLRE,19,2025-11-18,-0.007837449521271411,-0.006346476986159175
ridge,y_XLRE,20,2025-11-18,-0.007837449521271411,-0.006715248791426556
ridge,y_XLRE,21,2025-11-18,-0.007837449521271411,-0.00807855160670908
ridge,y_XLRE,19,2025-11-19,-0.0034558987602439917,0.0064581208525397865
ridge,y_XLRE,20,2025-11-19,-0.0034558987602439917,0.006175039397258394
ridge,y_XLRE,21,2025-11-19,-0.0034558987602439917,0.006129326794480785
ridge,y_XLRE,19,2025-11-20,0.013128627304507035,-0.0031064290291626644
ridge,y_XLRE,20,2025-11-20,0.013128627304507035,0.00011347469713090695
ridge,y_XLRE,21,2025-11-20,0.013128627304507035,0.0014353163570027215
ridge,y_XLRE,20,2025-11-24,0.008056706226654553,0.0015367742178736517
ridge,y_XLRE,21,2025-11-24,0.008056706226654553,0.00303282137779297
ridge,y_XLRE,22,2025-11-24,0.008056706226654553,0.0022494626422574306
ridge,y_XLRE,20,2025-11-25,0.004359427289532647,-0.02255727048163624
ridge,y_XLRE,21,2025-11-25,0.004359427289532647,-0.018373316004175428
ridge,y_XLRE,22,2025-11-25,0.004359427289532647,-0.01310311101080021
ridge,y_XLRE,20,2025-12-01,-0.002433681909862595,0.0029310832420186466
ridge,y_XLRE,21,2025-12-01,-0.002433681909862595,0.005007438486980419
ridge,y_XLRE,22,2025-12-01,-0.002433681909862595,0.007640027902915866
ridge,y_XLRE,20,2025-12-02,0.0019516200685703033,-0.009019353449316708
ridge,y_XLRE,21,2025-12-02,0.0019516200685703033,-0.005819377123869839
ridge,y_XLRE,22,2025-12-02,0.0019516200685703033,-0.007272475671381295
ridge,y_XLRE,20,2025-12-03,-0.0017043413332493706,-0.011922492927793354
ridge,y_XLRE,21,2025-12-03,-0.0017043413332493706,-0.015059424140963812
ridge,y_XLRE,22,2025-12-03,-0.0017043413332493706,-0.015779477253581222
ridge,y_XLRE,20,2025-12-04,-0.0002438930102596215,0.0020364224980466937
ridge,y_XLRE,21,2025-12-04,-0.0002438930102596215,0.005667538359385405
ridge,y_XLRE,22,2025-12-04,-0.0002438930102596215,0.005136061078287355
ridge,y_XLRE,20,2025-12-08,-0.005890978002307645,-0.12349485717660612
ridge,y_XLRE,21,2025-12-08,-0.005890978002307645,-0.11935502075698123
ridge,y_XLRE,22,2025-12-08,-0.005890978002307645,-0.09601517909864517
ridge,y_XLRE,20,2025-12-09,0.0019753274977774016,-0.06435468847831596
ridge,y_XLRE,21,2025-12-09,0.0019753274977774016,-0.06923072204249758
ridge,y_XLRE,22,2025-12-09,0.0019753274977774016,-0.06483172906248863
ridge,y_XLRE,20,2025-12-10,0.005421275190892638,-0.006088482562845464
ridge,y_XLRE,21,2025-12-10,0.005421275190892638,-0.0004008450338887573
ridge,y_XLRE,22,2025-12-10,0.005421275190892638,0.0035936581719927443
ridge,y_XLRE,20,2025-12-11,-0.0012254429364202402,-0.006323688826151716
ridge,y_XLRE,21,2025-12-11,-0.0012254429364202402,-0.008810104109027822
ridge,y_XLRE,22,2025-12-11,-0.0012254429364202402,-0.0052263496586068565
ridge,y_XLRE,21,2025-12-15,-0.008799841408291376,0.00887755680086313
ridge,y_XLRE,22,2025-12-15,-0.008799841408291376,0.007366139567446275
ridge,y_XLRE,23,2025-12-15,-0.008799841408291376,0.0048840765148299705
ridge,y_XLRE,21,2025-12-16,0.004438983051008538,0.010792511252131511
ridge,y_XLRE,22,2025-12-16,0.004438983051008538,0.005640675228713069
ridge,y_XLRE,23,2025-12-16,0.004438983051008538,0.005238337614472133
ridge,y_XLRE,21,2025-12-17,-0.006138028765642511,0.004648755291388851
ridge,y_XLRE,22,2025-12-17,-0.006138028765642511,0.003997123753728142
ridge,y_XLRE,23,2025-12-17,-0.006138028765642511,0.007214242448386175
ridge,y_XLRE,21,2025-12-18,-0.0037054858929839174,0.06534025730991304
ridge,y_XLRE,22,2025-12-18,-0.0037054858929839174,0.077439359786206
ridge,y_XLRE,23,2025-12-18,-0.0037054858929839174,0.07415521773380533
ridge,y_XLRE,21,2025-12-23,0.00647083921250502,0.022600362047425476
ridge,y_XLRE,22,2025-12-23,0.00647083921250502,0.01579441323273082
ridge,y_XLRE,23,2025-12-23,0.00647083921250502,0.011500007262501069
ridge,y_XLRE,21,2025-12-29,0.002215115683531721,0.00595874531853795
ridge,y_XLRE,22,2025-12-29,0.002215115683531721,0.005217092275503092
ridge,y_XLRE,23,2025-12-29,0.002215115683531721,0.005077882552606799
ridge,y_XLRE,21,2025-12-30,-0.00908651118590631,-0.0071083059498410405
ridge,y_XLRE,22,2025-12-30,-0.00908651118590631,-0.009159126328434127
ridge,y_XLRE,23,2025-12-30,-0.00908651118590631,-0.009387857592113264
ridge,y_XLRE,22,2026-01-05,0.006678220522523981,0.023631399312121572
ridge,y_XLRE,23,2026-01-05,0.006678220522523981,0.020986264998618546
ridge,y_XLRE,24,2026-01-05,0.006678220522523981,0.02032142550436326
ridge,y_XLRE,22,2026-01-06,-0.013759247243084638,0.013903461468876019
ridge,y_XLRE,23,2026-01-06,-0.013759247243084638,0.01499372469221942
ridge,y_XLRE,24,2026-01-06,-0.013759247243084638,0.00900019566343638
ridge,y_XLRE,22,2026-01-07,0.007473822661240526,-0.009972324122548091
ridge,y_XLRE,23,2026-01-07,0.007473822661240526,-0.014904721594997977
ridge,y_XLRE,24,2026-01-07,0.007473822661240526,-0.01143527106158408
ridge,y_XLRE,22,2026-01-08,0.0014837135343370722,0.016301233776643383
ridge,y_XLRE,23,2026-01-08,0.0014837135343370722,0.01517219199148433
ridge,y_XLRE,24,2026-01-08,0.0014837135343370722,0.012866757411432781
ridge,y_XLRE,22,2026-01-12,0.007631742526897911,0.03884459532619549
ridge,y_XLRE,23,2026-01-12,0.007631742526897911,0.03663708504226687
ridge,y_XLRE,24,2026-01-12,0.007631742526897911,0.038308186767754625
ridge,y_XLRE,22,2026-01-13,0.011238677767966943,0.010189521390346724
ridge,y_XLRE,23,2026-01-13,0.011238677767966943,0.013229055154420423
ridge,y_XLRE,24,2026-01-13,0.011238677767966943,0.012241924503122096
ridge,y_XLRE,22,2026-01-14,0.007489765109021551,-0.00857126127886665
ridge,y_XLRE,23,2026-01-14,0.007489765109021551,-0.006625761175558287
ridge,y_XLRE,24,2026-01-14,0.007489765109021551,-0.005079411619527339
ridge,y_XLRE,22,2026-01-15,0.012230175352573536,-0.01948028479528154
ridge,y_XLRE,23,2026-01-15,0.012230175352573536,-0.017453771221942402
ridge,y_XLRE,24,2026-01-15,0.012230175352573536,-0.017714015350227447
ridge,y_XLRE,22,2026-01-21,-0.009867625871011088,0.0006513639279442577
ridge,y_XLRE,23,2026-01-21,-0.009867625871011088,-0.0002886434435775251
ridge,y_XLRE,24,2026-01-21,-0.009867625871011088,-0.001088044187447867
ridge,y_XLRE,22,2026-01-22,0.0026738116670765866,-0.009814909976622821
ridge,y_XLRE,23,2026-01-22,0.0026738116670765866,-0.010373800243284822
ridge,y_XLRE,24,2026-01-22,0.0026738116670765866,-0.0098026548926535
ridge,y_XLRE,23,2026-01-26,0.0007277724019525422,0.003961597279403786
ridge,y_XLRE,24,2026-01-26,0.0007277724019525422,0.003369011225574897
ridge,y_XLRE,23,2026-01-27,-0.009697006687973686,-0.010398353179019526
ridge,y_XLRE,24,2026-01-27,-0.009697006687973686,-0.011411264197257742
ridge,y_XLRE,23,2026-01-28,0.012729509845468057,-0.0030020552966145532
ridge,y_XLRE,24,2026-01-28,0.012729509845468057,-0.0036247313615066904
ridge,y_XLRE,23,2026-01-29,0.001450359556204095,0.014668557780765184
ridge,y_XLRE,24,2026-01-29,0.001450359556204095,0.015011989297764233
ridge,y_XLRE,23,2026-02-02,-0.003662053577498825,-0.0178870288802122
ridge,y_XLRE,24,2026-02-02,-0.003662053577498825,-0.01778414428419572
ridge,y_XLRE,23,2026-02-03,0.01592741213694371,0.0007305754745096096
ridge,y_XLRE,24,2026-02-03,0.01592741213694371,0.0011712919875823493
ridge,y_XLRE,23,2026-02-04,-0.005547504759170763,-0.0018474470347076763
ridge,y_XLRE,24,2026-02-04,-0.005547504759170763,-0.0014699082804742344
ridge,y_XLRE,23,2026-02-05,0.018433231740687228,-0.018686626041826908
ridge,y_XLRE,24,2026-02-05,0.018433231740687228,-0.017437591661535006
ridge,y_XLRE,23,2026-02-09,0.013964500652967837,-0.00010795419689514012
ridge,y_XLRE,24,2026-02-09,0.013964500652967837,-0.0003507985321477186
ridge,y_XLRE,23,2026-02-10,-0.000933728183587057,-0.011791775745303296
ridge,y_XLRE,24,2026-02-10,-0.000933728183587057,-0.011302072961167498
ridge,y_XLRE,23,2026-02-11,0.0016355069175704173,0.01219267260839201
ridge,y_XLRE,24,2026-02-11,0.0016355069175704173,0.012042243331248354
ridge,y_XLRE,23,2026-02-12,0.014695616603961792,-0.014644278254687062
ridge,y_XLRE,24,2026-02-12,0.014695616603961792,-0.015254243303757107
ridge,y_XLRE,24,2026-02-17,-0.013427404893664674,-0.0010951444704315467
ridge,y_XLRE,24,2026-02-18,-0.0034601549356726435,-0.00022863958808718506
ridge,y_XLRE,24,2026-02-19,0.008333347314669615,0.006996450610127277
ridge,y_XLRE,24,2026-02-23,0.002751637931788453,0.00800894692364452
ridge,y_XLRE,24,2026-02-24,-0.006631624023852423,-0.0027089753460588202
ridge,y_XLRE,24,2026-02-25,0.004373905327184735,0.04891609512756086
ridge,y_XLRE,24,2026-02-26,0.004813180823553198,0.007151173405504563
ridge,y_XLRE,24,2026-03-02,-0.005009048615157163,-0.008315763204224677
ridge,y_XLRE,24,2026-03-03,0.0013729418202810262,-0.004668940778431794
ridge,y_XLRE,24,2026-03-04,-0.009597764740741366,0.02583281469510206
ridge,y_XLRE,24,2026-03-05,-0.010383035564262344,0.007179597037490648
ridge,y_XLU,0,2024-08-05,0.008441751791375296,-0.009835674321946182
ridge,y_XLU,0,2024-08-06,0.005626345218278761,-0.0007058922363767765
ridge,y_XLU,0,2024-08-07,0.0010917316572938152,0.01996657016391291
ridge,y_XLU,0,2024-08-08,0.00340790015191339,-0.013296879082962693
ridge,y_XLU,0,2024-08-12,0.005831438259035648,-0.008751357207198631
ridge,y_XLU,0,2024-08-13,-0.0006741579791542662,-0.029465311922021606
ridge,y_XLU,0,2024-08-14,-0.00013498703920222788,-0.011927938613627554
ridge,y_XLU,0,2024-08-15,0.004452808942507769,-0.007477904319243344
ridge,y_XLU,0,2024-08-19,-0.002135275808850645,-0.019018018162813677
ridge,y_XLU,0,2024-08-20,0.0070884961465746965,0.07833433919498878
ridge,y_XLU,0,2024-08-21,-0.0011954221046032165,-0.0334356352690802
ridge,y_XLU,0,2024-08-22,0.002792056455866554,-0.00047553812747935304
ridge,y_XLU,0,2024-08-26,-0.007904145770157633,-0.00291420900747643
ridge,y_XLU,1,2024-08-26,-0.007904145770157633,-0.002644342660130603
ridge,y_XLU,0,2024-08-27,0.0,0.01916940458441251
ridge,y_XLU,1,2024-08-27,0.0,0.020017143719856155
ridge,y_XLU,0,2024-08-28,0.005444160989517499,0.003136030106851396
ridge,y_XLU,1,2024-08-28,0.005444160989517499,0.002983757093998031
ridge,y_XLU,0,2024-08-29,0.007527785898848949,-0.023922939489542706
ridge,y_XLU,1,2024-08-29,0.007527785898848949,-0.02016929068760252
ridge,y_XLU,0,2024-09-03,0.008532397690855786,-0.015033036772382932
ridge,y_XLU,1,2024-09-03,0.008532397690855786,-0.022242632606856227
ridge,y_XLU,0,2024-09-04,-0.002473147689831423,0.06167239062709522
ridge,y_XLU,1,2024-09-04,-0.002473147689831423,0.06720048442294453
ridge,y_XLU,0,2024-09-05,-0.009524847933273906,0.004515123814973508
ridge,y_XLU,1,2024-09-05,-0.009524847933273906,0.009554430162241546
ridge,y_XLU,0,2024-09-09,0.0046949068887964795,-0.06705185361945662
ridge,y_XLU,1,2024-09-09,0.0046949068887964795,-0.04778703226245348
ridge,y_XLU,0,2024-09-10,0.0031153462936592824,-0.0381784057420324
ridge,y_XLU,1,2024-09-10,0.0031153462936592824,-0.026825741112030982
ridge,y_XLU,0,2024-09-11,0.002199708595304939,-0.02117173030426913
ridge,y_XLU,1,2024-09-11,0.002199708595304939,-0.03438081670779376
ridge,y_XLU,0,2024-09-12,0.014073771229477394,0.003943685861414145
ridge,y_XLU,1,2024-09-12,0.014073771229477394,-0.0021191605241533923
ridge,y_XLU,2,2024-09-12,0.014073771229477394,-0.007924157348863174
ridge,y_XLU,0,2024-09-16,-0.0007581447718307821,-0.11994415291644495
ridge,y_XLU,1,2024-09-16,-0.0007581447718307821,-0.09598518852454307
ridge,y_XLU,2,2024-09-16,-0.0007581447718307821,-0.09655753510533867
ridge,y_XLU,0,2024-09-17,-0.007587199914256382,0.024247042857168027
ridge,y_XLU,1,2024-09-17,-0.007587199914256382,0.025976196580477295
ridge,y_XLU,2,2024-09-17,-0.007587199914256382,0.025164539374590393
ridge,y_XLU,0,2024-09-18,-0.005861493478533819,0.06152375216961043
ridge,y_XLU,1,2024-09-18,-0.005861493478533819,0.06860870811424792
ridge,y_XLU,2,2024-09-18,-0.005861493478533819,0.06476030586394646
ridge,y_XLU,0,2024-09-19,0.0264035403069518,-0.02459883183594267
ridge,y_XLU,1,2024-09-19,0.0264035403069518,-0.040411156764944584
ridge,y_XLU,2,2024-09-19,0.0264035403069518,-0.0432951232251788
ridge,y_XLU,0,2024-09-23,-0.00709569211439387,-0.014757381095083972
ridge,y_XLU,1,2024-09-23,-0.00709569211439387,-0.013263028209972718
ridge,y_XLU,2,2024-09-23,-0.00709569211439387,-0.010445388136566968
ridge,y_XLU,0,2024-09-24,0.005265831645166141,0.00387550874357695
ridge,y_XLU,1,2024-09-24,0.005265831645166141,-0.007067446822330341
ridge,y_XLU,2,2024-09-24,0.005265831645166141,-0.0019924274855151686
ridge,y_XLU,0,2024-09-25,-0.006859694947698891,0.00856403699919934
ridge,y_XLU,1,2024-09-25,-0.006859694947698891,0.013492115648362037
ridge,y_XLU,2,2024-09-25,-0.006859694947698891,0.014058468848012923
ridge,y_XLU,0,2024-09-26,0.00992087859850943,-0.05842939800402888
ridge,y_XLU,1,2024-09-26,0.00992087859850943,-0.05240731738156626
ridge,y_XLU,2,2024-09-26,0.00992087859850943,-0.05564876572123503
ridge,y_XLU,0,2024-09-30,0.008046529017311732,-0.03787002810808918
ridge,y_XLU,1,2024-09-30,0.008046529017311732,-0.031528884048670054
ridge,y_XLU,2,2024-09-30,0.008046529017311732,-0.03642574625550548
ridge,y_XLU,0,2024-10-01,0.0004912782085371159,0.00872884355140749
ridge,y_XLU,1,2024-10-01,0.0004912782085371159,0.004887812626804532
ridge,y_XLU,2,2024-10-01,0.0004912782085371159,0.004280810836295751
ridge,y_XLU,0,2024-10-02,-0.0003682777295795914,0.023413111823319246
ridge,y_XLU,1,2024-10-02,-0.0003682777295795914,0.017247927865300994
ridge,y_XLU,2,2024-10-02,-0.0003682777295795914,0.02273825307981272
ridge,y_XLU,0,2024-10-03,-0.0015962637906067334,0.01578851409453943
ridge,y_XLU,1,2024-10-03,-0.0015962637906067334,0.013896716151991964
ridge,y_XLU,2,2024-10-03,-0.0015962637906067334,0.011725603529548597
ridge,y_XLU,1,2024-10-07,0.0005035849050023522,0.012323174357010466
ridge,y_XLU,2,2024-10-07,0.0005035849050023522,0.008137309890665252
ridge,y_XLU,3,2024-10-07,0.0005035849050023522,-0.001268843947793672
ridge,y_XLU,1,2024-10-08,-0.008555638880003769,-0.01216361569877131
ridge,y_XLU,2,2024-10-08,-0.008555638880003769,-0.0005069020245827483
ridge,y_XLU,3,2024-10-08,-0.008555638880003769,-0.006683942486610941
ridge,y_XLU,1,2024-10-09,-0.0030458486881734803,0.008125364782643106
ridge,y_XLU,2,2024-10-09,-0.0030458486881734803,0.009532305296261324
ridge,y_XLU,3,2024-10-09,-0.0030458486881734803,0.005689446346299184
ridge,y_XLU,1,2024-10-10,0.008783341785181475,0.0005980800159993472
ridge,y_XLU,2,2024-10-10,0.008783341785181475,-0.002097246851409678
ridge,y_XLU,3,2024-10-10,0.008783341785181475,-0.0034599372912007703
ridge,y_XLU,1,2024-10-14,0.004486123876570991,-0.006767888289171985
ridge,y_XLU,2,2024-10-14,0.004486123876570991,-0.0010530729252142368
ridge,y_XLU,3,2024-10-14,0.004486123876570991,0.0038921114376075975
ridge,y_XLU,1,2024-10-15,0.01984867125525369,-0.01371113794126203
ridge,y_XLU,2,2024-10-15,0.01984867125525369,-0.01255669866919189
ridge,y_XLU,3,2024-10-15,0.01984867125525369,-0.0077690028772879225
ridge,y_XLU,1,2024-10-16,-0.008879701084744118,-0.012754784345529353
ridge,y_XLU,2,2024-10-16,-0.008879701084744118,-0.012251359205846576
ridge,y_XLU,3,2024-10-16,-0.008879701084744118,-0.01131954073403406
ridge,y_XLU,1,2024-10-17,0.005768102265319763,-0.03714688451588763
ridge,y_XLU,2,2024-10-17,0.005768102265319763,-0.03976355074573705
ridge,y_XLU,3,2024-10-17,0.005768102265319763,-0.03736202902522328
ridge,y_XLU,1,2024-10-21,-0.0035525560888713947,-0.07399647784249702
ridge,y_XLU,2,2024-10-21,-0.0035525560888713947,-0.059379082782995946
ridge,y_XLU,3,2024-10-21,-0.0035525560888713947,-0.034478006920221585
ridge,y_XLU,1,2024-10-22,0.00958945524703636,-0.045521947058929216
ridge,y_XLU,2,2024-10-22,0.00958945524703636,-0.03965174146615573
ridge,y_XLU,3,2024-10-22,0.00958945524703636,-0.03759686022591703
ridge,y_XLU,1,2024-10-23,-0.006453970703729106,-0.008733856625107981
ridge,y_XLU,2,2024-10-23,-0.006453970703729106,-0.006191332823613551
ridge,y_XLU,3,2024-10-23,-0.006453970703729106,-0.00972020536130581
ridge,y_XLU,1,2024-10-24,-0.014830373487779713,0.022289499173327024
ridge,y_XLU,2,2024-10-24,-0.014830373487779713,0.024281052245121375
ridge,y_XLU,3,2024-10-24,-0.014830373487779713,0.03596404262650522
ridge,y_XLU,2,2024-10-28,-0.021355501556438394,-0.20534921452403407
ridge,y_XLU,3,2024-10-28,-0.021355501556438394,-0.19435664064093763
ridge,y_XLU,4,2024-10-28,-0.021355501556438394,-0.19129045588701576
ridge,y_XLU,2,2024-10-29,-0.002396556734910238,-0.01811530858863496
ridge,y_XLU,3,2024-10-29,-0.002396556734910238,-0.03256712979247153
ridge,y_XLU,4,2024-10-29,-0.002396556734910238,-0.03695366816647936
ridge,y_XLU,2,2024-10-30,0.010368176407261398,0.056063059972612565
ridge,y_XLU,3,2024-10-30,0.010368176407261398,0.07246233251843574
ridge,y_XLU,4,2024-10-30,0.010368176407261398,0.0691870823450867
ridge,y_XLU,2,2024-10-31,-0.022275048153769683,-0.0017687812258019324
ridge,y_XLU,3,2024-10-31,-0.022275048153769683,-0.0022521415944167468
ridge,y_XLU,4,2024-10-31,-0.022275048153769683,0.01022313272281439
ridge,y_XLU,2,2024-11-04,0.015025961592565196,-0.0032051876007721694
ridge,y_XLU,3,2024-11-04,0.015025961592565196,-0.004482617434117761
ridge,y_XLU,4,2024-11-04,0.015025961592565196,-0.006692738209429094
ridge,y_XLU,2,2024-11-05,-0.010336930707465664,0.010142831910244027
ridge,y_XLU,3,2024-11-05,-0.010336930707465664,0.020687776031764426
ridge,y_XLU,4,2024-11-05,-0.010336930707465664,0.014985565063377277
ridge,y_XLU,2,2024-11-06,0.0018054007550951656,-0.014601969081921122
ridge,y_XLU,3,2024-11-06,0.0018054007550951656,-0.004214721792667878
ridge,y_XLU,4,2024-11-06,0.0018054007550951656,-0.005230784376677908
ridge,y_XLU,2,2024-11-07,0.01917863438696399,-0.03465698681910946
ridge,y_XLU,3,2024-11-07,0.01917863438696399,-0.01898864667935797
ridge,y_XLU,4,2024-11-07,0.01917863438696399,-0.015333746891589155
ridge,y_XLU,2,2024-11-11,-0.011460932579701377,0.014169453553243517
ridge,y_XLU,3,2024-11-11,-0.011460932579701377,0.010872967971654216
ridge,y_XLU,4,2024-11-11,-0.011460932579701377,0.030287953158643844
ridge,y_XLU,2,2024-11-12,-0.0017837791521124746,0.03788980125808524
ridge,y_XLU,3,2024-11-12,-0.0017837791521124746,0.03628208325935976
ridge,y_XLU,4,2024-11-12,-0.0017837791521124746,0.03814596812977591
ridge,y_XLU,2,2024-11-13,-0.0034460837455713156,-0.003399107458775703
ridge,y_XLU,3,2024-11-13,-0.0034460837455713156,-0.007448088673094609
ridge,y_XLU,4,2024-11-13,-0.0034460837455713156,-0.0014543099803502558
ridge,y_XLU,2,2024-11-14,0.014984803099999278,-0.13588068436445794
ridge,y_XLU,3,2024-11-14,0.014984803099999278,-0.12708514111425895
ridge,y_XLU,4,2024-11-14,0.014984803099999278,-0.14270631979418977
ridge,y_XLU,3,2024-11-18,0.0063799544045766154,-0.05991013238247268
ridge,y_XLU,4,2024-11-18,0.0063799544045766154,-0.06258525370782918
ridge,y_XLU,5,2024-11-18,0.0063799544045766154,-0.05447275055236147
ridge,y_XLU,3,2024-11-19,0.0004970659438525704,-0.014883292231989182
ridge,y_XLU,4,2024-11-19,0.0004970659438525704,-0.02279032880385149
ridge,y_XLU,5,2024-11-19,0.0004970659438525704,0.07025498153440207
ridge,y_XLU,3,2024-11-20,0.017393383224288295,0.0026502219576738355
ridge,y_XLU,4,2024-11-20,0.017393383224288295,0.0032971985536518577
ridge,y_XLU,5,2024-11-20,0.017393383224288295,0.011592094781970326
ridge,y_XLU,3,2024-11-21,-0.0053730283042230376,-0.05347787444503868
ridge,y_XLU,4,2024-11-21,-0.0053730283042230376,-0.044161704330995026
ridge,y_XLU,5,2024-11-21,-0.0053730283042230376,-0.03544102962803857
ridge,y_XLU,3,2024-11-25,0.015931436479335037,-0.011090946660562375
ridge,y_XLU,4,2024-11-25,0.015931436479335037,-0.011082667351704186
ridge,y_XLU,5,2024-11-25,0.015931436479335037,-0.011836889303882804
ridge,y_XLU,3,2024-11-26,0.0,-0.01025987858333434
ridge,y_XLU,4,2024-11-26,0.0,0.005912522695135276
ridge,y_XLU,5,2024-11-26,0.0,0.008091298435166162
ridge,y_XLU,3,2024-12-02,-0.008625959840228514,0.09119563465854026
ridge,y_XLU,4,2024-12-02,-0.008625959840228514,0.0848338275865194
ridge,y_XLU,5,2024-12-02,-0.008625959840228514,0.07590891755507867
ridge,y_XLU,3,2024-12-03,-0.00012441401246010564,0.0074893028385262655
ridge,y_XLU,4,2024-12-03,-0.00012441401246010564,0.016318908871839347
ridge,y_XLU,5,2024-12-03,-0.00012441401246010564,0.015887225631510196
ridge,y_XLU,3,2024-12-04,0.0031079831602141006,0.01311459178232403
ridge,y_XLU,4,2024-12-04,0.0031079831602141006,0.014983313870956258
ridge,y_XLU,5,2024-12-04,0.0031079831602141006,0.014345810805785052
ridge,y_XLU,3,2024-12-05,-0.012393119943063358,0.035974986905201255
ridge,y_XLU,4,2024-12-05,-0.012393119943063358,0.04279010093199449
ridge,y_XLU,5,2024-12-05,-0.012393119943063358,0.048377201854122205
ridge,y_XLU,4,2024-12-09,-0.007243575962979643,-0.024246450991786895
ridge,y_XLU,5,2024-12-09,-0.007243575962979643,-0.013725565588109886
ridge,y_XLU,6,2024-12-09,-0.007243575962979643,-0.009697093603298295
ridge,y_XLU,4,2024-12-10,-0.006272442727966121,0.022840412176859698
ridge,y_XLU,5,2024-12-10,-0.006272442727966121,0.02284464768816654
ridge,y_XLU,6,2024-12-10,-0.006272442727966121,0.024459475309228956
ridge,y_XLU,4,2024-12-11,-0.0005154282967586576,-0.0012581446704037491
ridge,y_XLU,5,2024-12-11,-0.0005154282967586576,-0.002571824279506834
ridge,y_XLU,6,2024-12-11,-0.0005154282967586576,-0.004183000618121278
ridge,y_XLU,4,2024-12-12,0.0006445921310405112,-0.0061322494763520075
ridge,y_XLU,5,2024-12-12,0.0006445921310405112,-0.0077118677914837196
ridge,y_XLU,6,2024-12-12,0.0006445921310405112,-0.00168584296012152
ridge,y_XLU,4,2024-12-16,-0.004154953625190583,-0.010948451299546828
ridge,y_XLU,5,2024-12-16,-0.004154953625190583,0.0016195022806339988
ridge,y_XLU,6,2024-12-16,-0.004154953625190583,-0.0011641179736861093
ridge,y_XLU,4,2024-12-17,-0.023598270178865288,-0.014743895753911903
ridge,y_XLU,5,2024-12-17,-0.023598270178865288,-0.015245984212498528
ridge,y_XLU,6,2024-12-17,-0.023598270178865288,-0.011007184161843637
ridge,y_XLU,4,2024-12-18,0.00454000670261423,0.023791653403046092
ridge,y_XLU,5,2024-12-18,0.00454000670261423,0.02510599242170796
ridge,y_XLU,6,2024-12-18,0.00454000670261423,0.02753046772152122
ridge,y_XLU,4,2024-12-19,0.015951097688404303,-0.015308570026375735
ridge,y_XLU,5,2024-12-19,0.015951097688404303,-0.010426666726746149
ridge,y_XLU,6,2024-12-19,0.015951097688404303,-0.0006848427428673005
ridge,y_XLU,4,2024-12-23,0.005521913187489513,0.008694572051896304
ridge,y_XLU,5,2024-12-23,0.005521913187489513,0.011742249487659152
ridge,y_XLU,6,2024-12-23,0.005521913187489513,0.016553190270700235
ridge,y_XLU,4,2024-12-26,-0.002883352130574335,-0.026956739281324766
ridge,y_XLU,5,2024-12-26,-0.002883352130574335,-0.016991291151076574
ridge,y_XLU,6,2024-12-26,-0.002883352130574335,-0.016986652179929843
ridge,y_XLU,5,2024-12-30,-0.0009238424054747174,0.004050147499928191
ridge,y_XLU,6,2024-12-30,-0.0009238424054747174,0.0050095028175459345
ridge,y_XLU,7,2024-12-30,-0.0009238424054747174,0.013130092689913874
ridge,y_XLU,5,2025-01-02,0.010620281392546005,-0.009006632138278018
ridge,y_XLU,6,2025-01-02,0.010620281392546005,-0.0088210326482676
ridge,y_XLU,7,2025-01-02,0.010620281392546005,-0.007565612511363322
ridge,y_XLU,5,2025-01-06,-0.0024926738902836254,-0.0004998115974894194
ridge,y_XLU,6,2025-01-06,-0.0024926738902836254,-0.011057955745144328
ridge,y_XLU,7,2025-01-06,-0.0024926738902836254,-0.012355325348809886
ridge,y_XLU,5,2025-01-07,-0.00026319450837930525,0.0013849358215065383
ridge,y_XLU,6,2025-01-07,-0.00026319450837930525,-0.0005391567864854544
ridge,y_XLU,7,2025-01-07,-0.00026319450837930525,-0.00443840157017829
ridge,y_XLU,5,2025-01-13,0.013119216536406686,-0.02559248757982347
ridge,y_XLU,6,2025-01-13,0.013119216536406686,-0.0245107737798336
ridge,y_XLU,7,2025-01-13,0.013119216536406686,-0.023273440239208205
ridge,y_XLU,5,2025-01-14,0.014667074517448642,-0.004022055910805215
ridge,y_XLU,6,2025-01-14,0.014667074517448642,-0.004352207190356512
ridge,y_XLU,7,2025-01-14,0.014667074517448642,-0.0014499891447356627
ridge,y_XLU,5,2025-01-15,0.025263706504522032,0.09032861628932924
ridge,y_XLU,6,2025-01-15,0.025263706504522032,0.06614293927642553
ridge,y_XLU,7,2025-01-15,0.025263706504522032,0.06174189663604393
ridge,y_XLU,5,2025-01-16,0.0013970291998639528,-0.03172687273462699
ridge,y_XLU,6,2025-01-16,0.0013970291998639528,-0.031296127398384284
ridge,y_XLU,7,2025-01-16,0.0013970291998639528,-0.02675720856431241
ridge,y_XLU,6,2025-01-21,-0.021611561064683427,0.014489925690237342
ridge,y_XLU,7,2025-01-21,-0.021611561064683427,0.011255868815728185
ridge,y_XLU,8,2025-01-21,-0.021611561064683427,0.010456152967567474
ridge,y_XLU,6,2025-01-22,0.004724125745167784,-0.08138022788694221
ridge,y_XLU,7,2025-01-22,0.004724125745167784,-0.060812131593226806
ridge,y_XLU,8,2025-01-22,0.004724125745167784,-0.057073261101443166
ridge,y_XLU,6,2025-01-23,0.010166420347001548,0.005909890605782827
ridge,y_XLU,7,2025-01-23,0.010166420347001548,-0.0008519075090504309
ridge,y_XLU,8,2025-01-23,0.010166420347001548,0.003029231958710325
ridge,y_XLU,6,2025-01-27,-0.013779762106280735,0.016820701732738422
ridge,y_XLU,7,2025-01-27,-0.013779762106280735,0.009729702748378378
ridge,y_XLU,8,2025-01-27,-0.013779762106280735,0.013899388544781522
ridge,y_XLU,6,2025-01-28,0.0020892043531444138,-0.0029104570201409067
ridge,y_XLU,7,2025-01-28,0.0020892043531444138,-0.010405298655145168
ridge,y_XLU,8,2025-01-28,0.0020892043531444138,-0.008568002783706561
ridge,y_XLU,6,2025-01-29,0.02084961162688681,0.059705892939709744
ridge,y_XLU,7,2025-01-29,0.02084961162688681,0.04393623821480535
ridge,y_XLU,8,2025-01-29,0.02084961162688681,0.036631418728435144
ridge,y_XLU,6,2025-01-30,-0.005871771442263474,-0.060593021261487294
ridge,y_XLU,7,2025-01-30,-0.005871771442263474,-0.04096518545121969
ridge,y_XLU,8,2025-01-30,-0.005871771442263474,-0.03639461034069059
ridge,y_XLU,6,2025-02-03,-0.008812255698130378,-0.022311782811028892
ridge,y_XLU,7,2025-02-03,-0.008812255698130378,-0.020734717529059928
ridge,y_XLU,8,2025-02-03,-0.008812255698130378,-0.022108777187523018
ridge,y_XLU,6,2025-02-04,0.010050157765515433,0.006994078816606469
ridge,y_XLU,7,2025-02-04,0.010050157765515433,0.002012868914935466
ridge,y_XLU,8,2025-02-04,0.010050157765515433,-0.002614383689997721
ridge,y_XLU,6,2025-02-05,-0.0011480180471480361,-0.045128211078976854
ridge,y_XLU,7,2025-02-05,-0.0011480180471480361,-0.04624166175585795
ridge,y_XLU,8,2025-02-05,-0.0011480180471480361,-0.03649128600445474
ridge,y_XLU,6,2025-02-06,-0.0020434114437856143,0.11678432790564551
ridge,y_XLU,7,2025-02-06,-0.0020434114437856143,0.09547530021474142
ridge,y_XLU,8,2025-02-06,-0.0020434114437856143,0.11133477624816071
ridge,y_XLU,7,2025-02-10,0.005063953863806869,0.020733237024761896
ridge,y_XLU,8,2025-02-10,0.005063953863806869,0.018517769369732696
ridge,y_XLU,9,2025-02-10,0.005063953863806869,0.014792571067085888
ridge,y_XLU,7,2025-02-11,-0.0017633994387368235,-0.055925447272435376
ridge,y_XLU,8,2025-02-11,-0.0017633994387368235,-0.05081668600144818
ridge,y_XLU,9,2025-02-11,-0.0017633994387368235,-0.04916291537174366
ridge,y_XLU,7,2025-02-12,0.002271218795001362,-0.016749684768537457
ridge,y_XLU,8,2025-02-12,0.002271218795001362,-0.016552116855147334
ridge,y_XLU,9,2025-02-12,0.002271218795001362,-0.0212713454182914
ridge,y_XLU,7,2025-02-13,-0.004154646549271335,-0.004758171975151571
ridge,y_XLU,8,2025-02-13,-0.004154646549271335,-0.0017054461051671588
ridge,y_XLU,9,2025-02-13,-0.004154646549271335,-0.01997481922588722
ridge,y_XLU,7,2025-02-18,0.0052606763777320875,0.08588296701656681
ridge,y_XLU,8,2025-02-18,0.0052606763777320875,0.10257100274490633
ridge,y_XLU,9,2025-02-18,0.0052606763777320875,0.08548018693716514
ridge,y_XLU,7,2025-02-19,-0.00012475935426292661,-0.05516690828595316
ridge,y_XLU,8,2025-02-19,-0.00012475935426292661,-0.054833132150175865
ridge,y_XLU,9,2025-02-19,-0.00012475935426292661,-0.047010010794400654
ridge,y_XLU,7,2025-02-20,0.000249256484237792,0.023895948280772687
ridge,y_XLU,8,2025-02-20,0.000249256484237792,0.023432329574819142
ridge,y_XLU,9,2025-02-20,0.000249256484237792,0.01933779972388212
ridge,y_XLU,7,2025-02-24,-0.005008159764354203,-0.03571595651736217
ridge,y_XLU,8,2025-02-24,-0.005008159764354203,-0.029275591242917013
ridge,y_XLU,9,2025-02-24,-0.005008159764354203,0.0017267513514144072
ridge,y_XLU,7,2025-02-25,0.00415265423174449,0.010382695232193323
ridge,y_XLU,8,2025-02-25,0.00415265423174449,0.015526827730942968
ridge,y_XLU,9,2025-02-25,0.00415265423174449,0.01571400391996323
ridge,y_XLU,7,2025-02-26,-0.02218059053771959,0.022156024073966035
ridge,y_XLU,8,2025-02-26,-0.02218059053771959,0.019493621516535137
ridge,y_XLU,9,2025-02-26,-0.02218059053771959,0.02428550702009206
ridge,y_XLU,7,2025-02-27,0.015250542690386615,-0.02014115339409156
ridge,y_XLU,8,2025-02-27,0.015250542690386615,-0.013970745887220441
ridge,y_XLU,9,2025-02-27,0.015250542690386615,-0.014967981828237062
ridge,y_XLU,8,2025-03-03,-0.016261262785163932,-0.00980517306628517
ridge,y_XLU,9,2025-03-03,-0.016261262785163932,-0.015660468331609854
ridge,y_XLU,10,2025-03-03,-0.016261262785163932,-0.013338693832432072
ridge,y_XLU,8,2025-03-04,-0.007047710409169183,-0.020038006362224952
ridge,y_XLU,9,2025-03-04,-0.007047710409169183,-0.029034042315843365
ridge,y_XLU,10,2025-03-04,-0.007047710409169183,-0.028853627485924453
ridge,y_XLU,8,2025-03-05,-0.020776930787379744,0.0016876838247640237
ridge,y_XLU,9,2025-03-05,-0.020776930787379744,0.002154610876393852
ridge,y_XLU,10,2025-03-05,-0.020776930787379744,0.0009770956493408065
ridge,y_XLU,8,2025-03-06,0.01858207053575267,-0.028612197324029413
ridge,y_XLU,9,2025-03-06,0.01858207053575267,-0.02031162751496499
ridge,y_XLU,10,2025-03-06,0.01858207053575267,-0.030341419220579063
ridge,y_XLU,8,2025-03-10,-0.00934217340781096,0.00849740737610412
ridge,y_XLU,9,2025-03-10,-0.00934217340781096,0.030366839466644677
ridge,y_XLU,10,2025-03-10,-0.00934217340781096,0.039088400918063815
ridge,y_XLU,8,2025-03-11,-0.0031004080487339047,-0.03237354659473217
ridge,y_XLU,9,2025-03-11,-0.0031004080487339047,-0.025047276693292375
ridge,y_XLU,10,2025-03-11,-0.0031004080487339047,-0.03471928699260575
ridge,y_XLU,8,2025-03-12,0.002462089395850464,-0.014129262520235079
ridge,y_XLU,9,2025-03-12,0.002462089395850464,-0.014452937663075902
ridge,y_XLU,10,2025-03-12,0.002462089395850464,-0.016571165016409376
ridge,y_XLU,8,2025-03-13,0.019519207282187923,-0.0133822795851963
ridge,y_XLU,9,2025-03-13,0.019519207282187923,-0.015265132313644809
ridge,y_XLU,10,2025-03-13,0.019519207282187923,-0.014117591927722106
ridge,y_XLU,8,2025-03-17,-0.006944487104921349,-0.0012438667205578581
ridge,y_XLU,9,2025-03-17,-0.006944487104921349,-0.0008666921528348236
ridge,y_XLU,10,2025-03-17,-0.006944487104921349,-6.262540550394994e-05
ridge,y_XLU,8,2025-03-18,0.00368729547313551,0.0062206298726525
ridge,y_XLU,9,2025-03-18,0.00368729547313551,-0.004488339279761189
ridge,y_XLU,10,2025-03-18,0.00368729547313551,0.002349907394011217
ridge,y_XLU,8,2025-03-19,0.004053888283268581,7.271214058292654e-05
ridge,y_XLU,9,2025-03-19,0.004053888283268581,0.010933940009699314
ridge,y_XLU,10,2025-03-19,0.004053888283268581,0.004984651323325903
ridge,y_XLU,8,2025-03-20,-0.006434687113933135,-0.021751266036466068
ridge,y_XLU,9,2025-03-20,-0.006434687113933135,-0.022245928712367257
ridge,y_XLU,10,2025-03-20,-0.006434687113933135,-0.023430895278465497
ridge,y_XLU,9,2025-03-24,-0.015990738489623846,-0.005424104696767159
ridge,y_XLU,10,2025-03-24,-0.015990738489623846,-0.0053550295873132855
ridge,y_XLU,11,2025-03-24,-0.015990738489623846,-0.005549105648886873
ridge,y_XLU,9,2025-03-25,0.006630308630676041,-0.08753386839400046
ridge,y_XLU,10,2025-03-25,0.006630308630676041,-0.09052254861252325
ridge,y_XLU,11,2025-03-25,0.006630308630676041,-0.08398670736208294
ridge,y_XLU,9,2025-03-26,-0.00025832514934709394,0.015704912764542618
ridge,y_XLU,10,2025-03-26,-0.00025832514934709394,0.014666202111346022
ridge,y_XLU,11,2025-03-26,-0.00025832514934709394,0.015347281775053451
ridge,y_XLU,9,2025-03-27,0.007363514822353867,0.036777853968938214
ridge,y_XLU,10,2025-03-27,0.007363514822353867,0.027601817757136316
ridge,y_XLU,11,2025-03-27,0.007363514822353867,0.039296263333398855
ridge,y_XLU,9,2025-03-31,0.002536532571438155,-0.014596290308389555
ridge,y_XLU,10,2025-03-31,0.002536532571438155,-0.00935650796819458
ridge,y_XLU,11,2025-03-31,0.002536532571438155,-0.006931912933811728
ridge,y_XLU,9,2025-04-01,0.004680535050094692,-0.09019811019065799
ridge,y_XLU,10,2025-04-01,0.004680535050094692,-0.10012344568257886
ridge,y_XLU,11,2025-04-01,0.004680535050094692,-0.039299468499250735
ridge,y_XLU,9,2025-04-02,-0.006295623105588399,0.006809137812929095
ridge,y_XLU,10,2025-04-02,-0.006295623105588399,0.0022989878372047918
ridge,y_XLU,11,2025-04-02,-0.006295623105588399,0.0012570647586399295
ridge,y_XLU,9,2025-04-03,-0.05562596326534219,-0.013993183717982586
ridge,y_XLU,10,2025-04-03,-0.05562596326534219,-0.007738185035464851
ridge,y_XLU,11,2025-04-03,-0.05562596326534219,0.00026732830734339265
ridge,y_XLU,9,2025-04-07,-0.004087758606392988,-0.005546408471246
ridge,y_XLU,10,2025-04-07,-0.004087758606392988,-0.00978011831767153
ridge,y_XLU,11,2025-04-07,-0.004087758606392988,-0.007249533218347143
ridge,y_XLU,9,2025-04-08,0.03940359748523181,0.0033427374978453896
ridge,y_XLU,10,2025-04-08,0.03940359748523181,0.002210392418424357
ridge,y_XLU,11,2025-04-08,0.03940359748523181,0.000507707595373643
ridge,y_XLU,9,2025-04-09,-0.007502986240217835,-0.011247500109470596
ridge,y_XLU,10,2025-04-09,-0.007502986240217835,-0.010675606036434878
ridge,y_XLU,11,2025-04-09,-0.007502986240217835,-0.009618482237215694
ridge,y_XLU,9,2025-04-10,0.012201539265065842,0.009782407453763325
ridge,y_XLU,10,2025-04-10,0.012201539265065842,0.011134307945643322
ridge,y_XLU,11,2025-04-10,0.012201539265065842,0.009010525895956025
ridge,y_XLU,10,2025-04-14,-0.0001287804561014294,-0.018276096968402256
ridge,y_XLU,11,2025-04-14,-0.0001287804561014294,-0.01686006857388038
ridge,y_XLU,12,2025-04-14,-0.0001287804561014294,-0.017422341985629627
ridge,y_XLU,10,2025-04-15,-0.009011279069988887,0.04703356673192338
ridge,y_XLU,11,2025-04-15,-0.009011279069988887,0.03723389307514178
ridge,y_XLU,12,2025-04-15,-0.009011279069988887,0.03534613204715917
ridge,y_XLU,10,2025-04-16,0.010262327293589779,-0.016768686304550768
ridge,y_XLU,11,2025-04-16,0.010262327293589779,-0.013756241686389822
ridge,y_XLU,12,2025-04-16,0.010262327293589779,-0.015874532372494407
ridge,y_XLU,10,2025-04-21,0.02726201549496632,-0.0035276306952763308
ridge,y_XLU,11,2025-04-21,0.02726201549496632,0.0031599379423982096
ridge,y_XLU,12,2025-04-21,0.02726201549496632,0.004262520034179634
ridge,y_XLU,10,2025-04-22,0.00423076727123739,-0.008207408738245343
ridge,y_XLU,11,2025-04-22,0.00423076727123739,0.004103204940611073
ridge,y_XLU,12,2025-04-22,0.00423076727123739,0.0044021951731951494
ridge,y_XLU,10,2025-04-23,0.001531943204299946,-0.03810152602878827
ridge,y_XLU,11,2025-04-23,0.001531943204299946,-0.02942445407771294
ridge,y_XLU,12,2025-04-23,0.001531943204299946,-0.023755071786502345
ridge,y_XLU,10,2025-04-24,-0.0030592992127923546,0.007962806380312052
ridge,y_XLU,11,2025-04-24,-0.0030592992127923546,0.004943522164391905
ridge,y_XLU,12,2025-04-24,-0.0030592992127923546,0.0061703557877769355
ridge,y_XLU,10,2025-04-28,0.007752016280758944,-0.01300213950009481
ridge,y_XLU,11,2025-04-28,0.007752016280758944,-0.013760806072303587
ridge,y_XLU,12,2025-04-28,0.007752016280758944,-0.009036736264658228
ridge,y_XLU,10,2025-04-29,-0.005044178692547696,-0.0020734387895029373
ridge,y_XLU,11,2025-04-29,-0.005044178692547696,-0.008060506359401025
ridge,y_XLU,12,2025-04-29,-0.005044178692547696,-0.010319068588102751
ridge,y_XLU,10,2025-04-30,0.0029151441034991343,-0.015554023959555673
ridge,y_XLU,11,2025-04-30,0.0029151441034991343,-0.01472020336353312
ridge,y_XLU,12,2025-04-30,0.0029151441034991343,-0.016169068265710743
ridge,y_XLU,10,2025-05-01,0.007835052196098147,-0.0010623407959480505
ridge,y_XLU,11,2025-05-01,0.007835052196098147,-0.03151178512512066
ridge,y_XLU,12,2025-05-01,0.007835052196098147,-0.042426855118425706
ridge,y_XLU,11,2025-05-05,0.0121934579749583,0.013799389144426879
ridge,y_XLU,12,2025-05-05,0.0121934579749583,0.011965453946873896
ridge,y_XLU,13,2025-05-05,0.0121934579749583,0.015398121819897628
ridge,y_XLU,11,2025-05-06,0.002856396889075352,-0.016418851538065857
ridge,y_XLU,12,2025-05-06,0.002856396889075352,-0.012363472469831351
ridge,y_XLU,13,2025-05-06,0.002856396889075352,-0.01233328129359496
ridge,y_XLU,11,2025-05-07,-0.008049471372886585,0.00503440319054245
ridge,y_XLU,12,2025-05-07,-0.008049471372886585,0.007285052986310963
ridge,y_XLU,13,2025-05-07,-0.008049471372886585,0.006183998703213241
ridge,y_XLU,11,2025-05-08,0.0017478056609758763,-0.07220069160381565
ridge,y_XLU,12,2025-05-08,0.0017478056609758763,-0.07527326315400767
ridge,y_XLU,13,2025-05-08,0.0017478056609758763,-0.06880135924848874
ridge,y_XLU,11,2025-05-12,-0.0013792344809012702,0.0029662607104760283
ridge,y_XLU,12,2025-05-12,-0.0013792344809012702,0.006512355784353234
ridge,y_XLU,13,2025-05-12,-0.0013792344809012702,0.005392647500593181
ridge,y_XLU,11,2025-05-13,-0.004394152022183739,0.0016687320005336257
ridge,y_XLU,12,2025-05-13,-0.004394152022183739,0.0003159570841254961
ridge,y_XLU,13,2025-05-13,-0.004394152022183739,0.0012901119996950067
ridge,y_XLU,11,2025-05-14,0.021311421608442238,0.0014401271962532548
ridge,y_XLU,12,2025-05-14,0.021311421608442238,0.0014792021200319846
ridge,y_XLU,13,2025-05-14,0.021311421608442238,-0.00021594740047966047
ridge,y_XLU,11,2025-05-15,0.014693236441219781,-0.0033545638103186204
ridge,y_XLU,12,2025-05-15,0.014693236441219781,-0.003183190785062875
ridge,y_XLU,13,2025-05-15,0.014693236441219781,-0.0005415826406956211
ridge,y_XLU,11,2025-05-19,0.0029079637040809736,0.011636127659488146
ridge,y_XLU,12,2025-05-19,0.0029079637040809736,0.015281093814858137
ridge,y_XLU,13,2025-05-19,0.0029079637040809736,0.015103628629536956
ridge,y_XLU,11,2025-05-20,-0.018243233829178362,-0.010472277009322822
ridge,y_XLU,12,2025-05-20,-0.018243233829178362,-0.010999538643179228
ridge,y_XLU,13,2025-05-20,-0.018243233829178362,-0.012788563991788708
ridge,y_XLU,11,2025-05-21,-0.014275143099032217,-0.022289698163849216
ridge,y_XLU,12,2025-05-21,-0.014275143099032217,-0.030495450121995917
ridge,y_XLU,13,2025-05-21,-0.014275143099032217,-0.025583490686086865
ridge,y_XLU,11,2025-05-22,0.011984925309932226,0.0711512417575223
ridge,y_XLU,12,2025-05-22,0.011984925309932226,0.06388045371042185
ridge,y_XLU,13,2025-05-22,0.011984925309932226,0.05733694194031382
ridge,y_XLU,12,2025-05-27,-0.01395866040595406,-0.008956392411367276
ridge,y_XLU,13,2025-05-27,-0.01395866040595406,-0.007355079518300025
ridge,y_XLU,14,2025-05-27,-0.01395866040595406,-0.00812298325232916
ridge,y_XLU,12,2025-05-28,0.006953892580414678,0.0061577745811333936
ridge,y_XLU,13,2025-05-28,0.006953892580414678,0.007257136066279813
ridge,y_XLU,14,2025-05-28,0.006953892580414678,0.004457772734013662
ridge,y_XLU,12,2025-05-29,0.01023561615824442,0.011013739939956307
ridge,y_XLU,13,2025-05-29,0.01023561615824442,0.015381511116408286
ridge,y_XLU,14,2025-05-29,0.01023561615824442,0.014640794407639338
ridge,y_XLU,12,2025-06-02,0.0026770492003791446,-0.011985466586353433
ridge,y_XLU,13,2025-06-02,0.0026770492003791446,-0.01590212275399269
ridge,y_XLU,14,2025-06-02,0.0026770492003791446,-0.014237304140444645
ridge,y_XLU,12,2025-06-03,-0.017475780670134555,-0.015420756364486072
ridge,y_XLU,13,2025-06-03,-0.017475780670134555,-0.016268994643550156
ridge,y_XLU,14,2025-06-03,-0.017475780670134555,-0.01576184769968088
ridge,y_XLU,12,2025-06-04,-0.0016056606105263604,0.0027376184498950893
ridge,y_XLU,13,2025-06-04,-0.0016056606105263604,0.013512316096247742
ridge,y_XLU,14,2025-06-04,-0.0016056606105263604,0.010256751654255498
ridge,y_XLU,12,2025-06-05,0.004453684715561401,-0.01081144464762795
ridge,y_XLU,13,2025-06-05,0.004453684715561401,-0.009890892571134726
ridge,y_XLU,14,2025-06-05,0.004453684715561401,-0.009288354524552326
ridge,y_XLU,12,2025-06-09,0.00235528232237181,0.033135094806740074
ridge,y_XLU,13,2025-06-09,0.00235528232237181,0.04340554806748743
ridge,y_XLU,14,2025-06-09,0.00235528232237181,0.04871141255829292
ridge,y_XLU,12,2025-06-10,0.0006183699529058728,0.003407392340383912
ridge,y_XLU,13,2025-06-10,0.0006183699529058728,0.0051053397044885885
ridge,y_XLU,14,2025-06-10,0.0006183699529058728,0.004314521489509544
ridge,y_XLU,12,2025-06-11,0.012112156553059084,-0.029436158930737553
ridge,y_XLU,13,2025-06-11,0.012112156553059084,-0.025900210520942178
ridge,y_XLU,14,2025-06-11,0.012112156553059084,-0.02793128619161799
ridge,y_XLU,12,2025-06-12,-0.00573949073925617,-0.0003132201003758948
ridge,y_XLU,13,2025-06-12,-0.00573949073925617,-0.0025150374828487518
ridge,y_XLU,14,2025-06-12,-0.00573949073925617,-0.004291103577886771
ridge,y_XLU,13,2025-07-02,0.007509564265414159,0.0005982849506423319
ridge,y_XLU,14,2025-07-02,0.007509564265414159,-0.0018963046586828478
ridge,y_XLU,15,2025-07-02,0.007509564265414159,-0.006430990159180333
ridge,y_XLU,13,2025-07-07,-0.010608471736737624,-0.0013224945651364212
ridge,y_XLU,14,2025-07-07,-0.010608471736737624,-0.0038664934358417224
ridge,y_XLU,15,2025-07-07,-0.010608471736737624,-0.003675971226220544
ridge,y_XLU,13,2025-07-08,0.009366538626564669,-0.017028798782752597
ridge,y_XLU,14,2025-07-08,0.009366538626564669,-0.021147197746727964
ridge,y_XLU,15,2025-07-08,0.009366538626564669,-0.022834074431190305
ridge,y_XLU,13,2025-07-09,0.008180669763873327,0.0034838675846507764
ridge,y_XLU,14,2025-07-09,0.008180669763873327,0.0039589994778375754
ridge,y_XLU,15,2025-07-09,0.008180669763873327,0.0027825787666388153
ridge,y_XLU,13,2025-07-10,-0.0014533783079632157,0.0011088855144621786
ridge,y_XLU,14,2025-07-10,-0.0014533783079632157,-0.00047090176507352355
ridge,y_XLU,15,2025-07-10,-0.0014533783079632157,0.0009811262824238626
ridge,y_XLU,13,2025-07-14,-0.00954339585602193,-0.012992991297102286
ridge,y_XLU,14,2025-07-14,-0.00954339585602193,-0.010375554553800985
ridge,y_XLU,15,2025-07-14,-0.00954339585602193,-0.00976826871672682
ridge,y_XLU,13,2025-07-15,0.00048785506108361965,-0.004038703327634378
ridge,y_XLU,14,2025-07-15,0.00048785506108361965,0.0014146071168225304
ridge,y_XLU,15,2025-07-15,0.00048785506108361965,0.002326508143489756
ridge,y_XLU,13,2025-07-16,0.004144887486275284,0.007528576353244027
ridge,y_XLU,14,2025-07-16,0.004144887486275284,0.006988992852245573
ridge,y_XLU,15,2025-07-16,0.004144887486275284,0.005360912320342714
ridge,y_XLU,13,2025-07-17,0.016753680574142615,-0.002555951876674926
ridge,y_XLU,14,2025-07-17,0.016753680574142615,-0.006713315634872103
ridge,y_XLU,15,2025-07-17,0.016753680574142615,-0.002488903482839333
ridge,y_XLU,13,2025-07-21,0.012259144232415586,-0.006368778258921486
ridge,y_XLU,14,2025-07-21,0.012259144232415586,-0.0059902271945697465
ridge,y_XLU,15,2025-07-21,0.012259144232415586,-0.005816072523958675
ridge,y_XLU,13,2025-07-22,-0.007524931995377626,-0.004033191009723801
ridge,y_XLU,14,2025-07-22,-0.007524931995377626,-0.0006034714730623124
ridge,y_XLU,15,2025-07-22,-0.007524931995377626,0.0017514254008728276
ridge,y_XLU,13,2025-07-23,-0.0013032526678359302,-0.01874564291968437
ridge,y_XLU,14,2025-07-23,-0.0013032526678359302,-0.020798209926735613
ridge,y_XLU,15,2025-07-23,-0.0013032526678359302,-0.020708106058694834
ridge,y_XLU,14,2025-07-24,0.0026096313194678977,0.008863965067664016
ridge,y_XLU,15,2025-07-24,0.0026096313194678977,0.00828672947265239
ridge,y_XLU,16,2025-07-24,0.0026096313194678977,0.007253914096609963
ridge,y_XLU,14,2025-07-28,0.011480471686013072,-0.004309438373535649
ridge,y_XLU,15,2025-07-28,0.011480471686013072,-0.005780931318677343
ridge,y_XLU,16,2025-07-28,0.011480471686013072,-0.003794338933835474
ridge,y_XLU,14,2025-07-29,0.007448449505309318,-0.004729880218410154
ridge,y_XLU,15,2025-07-29,0.007448449505309318,-0.00305569626004887
ridge,y_XLU,16,2025-07-29,0.007448449505309318,-0.003588730059893634
ridge,y_XLU,14,2025-07-30,0.005398460805240202,0.0025118376130724507
ridge,y_XLU,15,2025-07-30,0.005398460805240202,0.00015489078329435432
ridge,y_XLU,16,2025-07-30,0.005398460805240202,-0.005061029675573205
ridge,y_XLU,14,2025-07-31,0.0015174894726426302,-0.05188006600209405
ridge,y_XLU,15,2025-07-31,0.0015174894726426302,-0.05216012669714095
ridge,y_XLU,16,2025-07-31,0.0015174894726426302,-0.05168171624045898
ridge,y_XLU,14,2025-08-04,-0.010650433147686322,0.011152055783561314
ridge,y_XLU,15,2025-08-04,-0.010650433147686322,0.008622310243010441
ridge,y_XLU,16,2025-08-04,-0.010650433147686322,0.012151031618956705
ridge,y_XLU,14,2025-08-05,-0.008913055142345971,-0.002597202625261099
ridge,y_XLU,15,2025-08-05,-0.008913055142345971,-0.0026993079644035594
ridge,y_XLU,16,2025-08-05,-0.008913055142345971,-3.1454692687996793e-06
ridge,y_XLU,14,2025-08-06,0.010861989057573185,0.005400663645342115
ridge,y_XLU,15,2025-08-06,0.010861989057573185,0.0035608712580966974
ridge,y_XLU,16,2025-08-06,0.010861989057573185,0.0060877652647260486
ridge,y_XLU,14,2025-08-07,-0.004275060131584074,0.021283612918303035
ridge,y_XLU,15,2025-08-07,-0.004275060131584074,0.02273098618449222
ridge,y_XLU,16,2025-08-07,-0.004275060131584074,0.026892814275850597
ridge,y_XLU,14,2025-08-11,0.004306817948443564,-0.011206182965492346
ridge,y_XLU,15,2025-08-11,0.004306817948443564,-0.012766263893630916
ridge,y_XLU,16,2025-08-11,0.004306817948443564,-0.012716074947478779
ridge,y_XLU,14,2025-08-12,0.0022021129449945054,-0.038723673413390385
ridge,y_XLU,15,2025-08-12,0.0022021129449945054,-0.03652031495616213
ridge,y_XLU,16,2025-08-12,0.0022021129449945054,-0.030479524866937762
ridge,y_XLU,15,2025-08-13,-0.006938779783859372,-0.009472235509018137
ridge,y_XLU,16,2025-08-13,-0.006938779783859372,-0.008125447104616988
ridge,y_XLU,17,2025-08-13,-0.006938779783859372,-0.012561228861385536
ridge,y_XLU,15,2025-08-14,-0.0029113895646866172,-0.0007348660022656802
ridge,y_XLU,16,2025-08-14,-0.0029113895646866172,0.0021917441137928803
ridge,y_XLU,17,2025-08-14,-0.0029113895646866172,0.0039403191948234875
ridge,y_XLU,15,2025-08-18,0.009736180020752272,-0.0002502692048702986
ridge,y_XLU,16,2025-08-18,0.009736180020752272,-0.00014520433840383362
ridge,y_XLU,17,2025-08-18,0.009736180020752272,0.0004219734185488956
ridge,y_XLU,15,2025-08-19,0.0010454965393884574,0.015559302582084213
ridge,y_XLU,16,2025-08-19,0.0010454965393884574,0.01604394237410246
ridge,y_XLU,17,2025-08-19,0.0010454965393884574,0.013516298954297968
ridge,y_XLU,15,2025-08-20,-0.006846911925439403,0.004208746483026781
ridge,y_XLU,16,2025-08-20,-0.006846911925439403,0.004606764095241179
ridge,y_XLU,17,2025-08-20,-0.006846911925439403,0.006078783881408648
ridge,y_XLU,15,2025-08-21,0.005375120475668904,0.009846738875300107
ridge,y_XLU,16,2025-08-21,0.005375120475668904,0.011601392445308315
ridge,y_XLU,17,2025-08-21,0.005375120475668904,0.011261192854280637
ridge,y_XLU,15,2025-08-25,0.002233525791564883,-0.0011384065227760037
ridge,y_XLU,16,2025-08-25,0.002233525791564883,-0.0003370802189842486
ridge,y_XLU,17,2025-08-25,0.002233525791564883,0.00406122431889966
ridge,y_XLU,15,2025-08-26,0.00023443594466643347,0.0248001495294423
ridge,y_XLU,16,2025-08-26,0.00023443594466643347,0.02385874115405359
ridge,y_XLU,17,2025-08-26,0.00023443594466643347,0.025396924646864345
ridge,y_XLU,15,2025-08-27,-0.007621874035321996,-0.003444625734993205
ridge,y_XLU,16,2025-08-27,-0.007621874035321996,0.004365599977697189
ridge,y_XLU,17,2025-08-27,-0.007621874035321996,0.004635902514334684
ridge,y_XLU,15,2025-08-28,-0.003663047874182257,-0.016444865965336772
ridge,y_XLU,16,2025-08-28,-0.003663047874182257,-0.01465733979610844
ridge,y_XLU,17,2025-08-28,-0.003663047874182257,-0.019403308763022663
ridge,y_XLU,15,2025-09-02,-0.0024988312913197808,0.002642413432990379
ridge,y_XLU,16,2025-09-02,-0.0024988312913197808,0.008443693983828472
ridge,y_XLU,17,2025-09-02,-0.0024988312913197808,0.007938427496509222
ridge,y_XLU,16,2025-09-03,-0.0011929137067288043,0.004539671543249578
ridge,y_XLU,17,2025-09-03,-0.0011929137067288043,0.004555317945912852
ridge,y_XLU,18,2025-09-03,-0.0011929137067288043,0.004492638684800736
ridge,y_XLU,16,2025-09-04,-0.0031052060328556896,0.002664821708096262
ridge,y_XLU,17,2025-09-04,-0.0031052060328556896,-0.000869514967450939
ridge,y_XLU,18,2025-09-04,-0.0031052060328556896,-0.0015946599267486028
ridge,y_XLU,16,2025-09-08,0.006899087683227112,0.0032062264766486784
ridge,y_XLU,17,2025-09-08,0.006899087683227112,0.003049517513621792
ridge,y_XLU,18,2025-09-08,0.006899087683227112,0.005720859998562497
ridge,y_XLU,16,2025-09-09,0.017189445560988448,-0.0012735004588167573
ridge,y_XLU,17,2025-09-09,0.017189445560988448,-0.0007438537357190744
ridge,y_XLU,18,2025-09-09,0.017189445560988448,0.007780075695017833
ridge,y_XLU,16,2025-09-10,0.005317950389328807,0.05379286474998638
ridge,y_XLU,17,2025-09-10,0.005317950389328807,0.04103684141324616
ridge,y_XLU,18,2025-09-10,0.005317950389328807,0.04671283061587153
ridge,y_XLU,16,2025-09-11,0.005054586937357941,0.026934563620361212
ridge,y_XLU,17,2025-09-11,0.005054586937357941,0.021570415355384245
ridge,y_XLU,18,2025-09-11,0.005054586937357941,0.023550639576754108
ridge,y_XLU,16,2025-09-15,-0.01820304738851153,-0.011375809777236628
ridge,y_XLU,17,2025-09-15,-0.01820304738851153,-0.010679205153863934
ridge,y_XLU,18,2025-09-15,-0.01820304738851153,-0.010339083154637867
ridge,y_XLU,16,2025-09-16,0.002495861613495798,-0.01371300379510213
ridge,y_XLU,17,2025-09-16,0.002495861613495798,-0.01674556064397016
ridge,y_XLU,18,2025-09-16,0.002495861613495798,-0.011473081127081558
ridge,y_XLU,16,2025-09-17,0.000711445893828877,0.012763200930547168
ridge,y_XLU,17,2025-09-17,0.000711445893828877,0.01861223699584303
ridge,y_XLU,18,2025-09-17,0.000711445893828877,0.019828899059294372
ridge,y_XLU,16,2025-09-18,0.006397177434880552,-0.014102565582786313
ridge,y_XLU,17,2025-09-18,0.006397177434880552,0.0021132386585495243
ridge,y_XLU,18,2025-09-18,0.006397177434880552,-0.008091862891211658
ridge,y_XLU,16,2025-09-22,0.005164334793387404,-0.0346126961303947
ridge,y_XLU,17,2025-09-22,0.005164334793387404,-0.03359779678228919
ridge,y_XLU,18,2025-09-22,0.005164334793387404,-0.037565069218491835
ridge,y_XLU,17,2025-09-23,0.00712280604756832,0.021980646908256928
ridge,y_XLU,18,2025-09-23,0.00712280604756832,0.02597809458153486
ridge,y_XLU,19,2025-09-23,0.00712280604756832,0.0299818906586292
ridge,y_XLU,17,2025-09-24,-0.009623207417946644,0.284654183912156
ridge,y_XLU,18,2025-09-24,-0.009623207417946644,0.2869169046864718
ridge,y_XLU,19,2025-09-24,-0.009623207417946644,0.2820704936376523
ridge,y_XLU,17,2025-09-25,0.016272509622588638,0.02924905558998629
ridge,y_XLU,18,2025-09-25,0.016272509622588638,0.03174785929353136
ridge,y_XLU,19,2025-09-25,0.016272509622588638,0.03385966443466377
ridge,y_XLU,17,2025-09-29,0.001722984981645359,0.009386499010230953
ridge,y_XLU,18,2025-09-29,0.001722984981645359,0.012713755901168577
ridge,y_XLU,19,2025-09-29,0.001722984981645359,0.011623378160146376
ridge,y_XLU,17,2025-09-30,0.00963194362243125,-0.0023396300185855932
ridge,y_XLU,18,2025-09-30,0.00963194362243125,7.371649202470498e-05
ridge,y_XLU,19,2025-09-30,0.00963194362243125,0.0024791968576586814
ridge,y_XLU,17,2025-10-01,-0.0018171864670244453,0.02560232066727185
ridge,y_XLU,18,2025-10-01,-0.0018171864670244453,0.026550710794156045
ridge,y_XLU,19,2025-10-01,-0.0018171864670244453,0.03134422624128318
ridge,y_XLU,17,2025-10-02,0.011605478450498197,-0.03638072787152368
ridge,y_XLU,18,2025-10-02,0.011605478450498197,-0.01682356196617959
ridge,y_XLU,19,2025-10-02,0.011605478450498197,-0.015097048217550174
ridge,y_XLU,17,2025-10-06,0.0045673212152888,0.002877232664858654
ridge,y_XLU,18,2025-10-06,0.0045673212152888,0.002319741173695029
ridge,y_XLU,19,2025-10-06,0.0045673212152888,0.0013150248677195248
ridge,y_XLU,17,2025-10-07,0.006875194017683661,-0.007023618765238913
ridge,y_XLU,18,2025-10-07,0.006875194017683661,-0.006443067813184157
ridge,y_XLU,19,2025-10-07,0.006875194017683661,-0.006251674770789396
ridge,y_XLU,17,2025-10-08,-0.0025330913254637544,0.0374425993946384
ridge,y_XLU,18,2025-10-08,-0.0025330913254637544,0.03010944351616282
ridge,y_XLU,19,2025-10-08,-0.0025330913254637544,0.029953873440394102
ridge,y_XLU,17,2025-10-09,-0.004085321494271876,-0.019443861210190733
ridge,y_XLU,18,2025-10-09,-0.004085321494271876,-0.017627069813281316
ridge,y_XLU,19,2025-10-09,-0.004085321494271876,-0.013962197582883484
ridge,y_XLU,18,2025-10-13,0.0089118001729791,-0.002988297022992247
ridge,y_XLU,19,2025-10-13,0.0089118001729791,-0.005234497468089744
ridge,y_XLU,20,2025-10-13,0.0089118001729791,-0.001386909220096145
ridge,y_XLU,18,2025-10-14,0.013086251590014086,0.014531943642113652
ridge,y_XLU,19,2025-10-14,0.013086251590014086,0.013749243094446474
ridge,y_XLU,20,2025-10-14,0.013086251590014086,0.013935931906118108
ridge,y_XLU,18,2025-10-15,-0.010871961981270495,-0.03500462941588248
ridge,y_XLU,19,2025-10-15,-0.010871961981270495,-0.026510069120740904
ridge,y_XLU,20,2025-10-15,-0.010871961981270495,-0.03036996463635196
ridge,y_XLU,18,2025-10-16,-0.003482412357908804,-0.10319426766826693
ridge,y_XLU,19,2025-10-16,-0.003482412357908804,-0.09687156485858048
ridge,y_XLU,20,2025-10-16,-0.003482412357908804,-0.09023645787517254
ridge,y_XLU,18,2025-10-20,-0.010159449362714734,0.015135620153580493
ridge,y_XLU,19,2025-10-20,-0.010159449362714734,0.01591256198559646
ridge,y_XLU,20,2025-10-20,-0.010159449362714734,0.015110613526482809
ridge,y_XLU,18,2025-10-21,-0.0023176723684522615,6.293335379450903e-05
ridge,y_XLU,19,2025-10-21,-0.0023176723684522615,-0.0012285769377795809
ridge,y_XLU,20,2025-10-21,-0.0023176723684522615,-0.0011174405656975566
ridge,y_XLU,18,2025-10-22,-0.0007742671224973963,0.009625132334842607
ridge,y_XLU,19,2025-10-22,-0.0007742671224973963,0.01044892527905488
ridge,y_XLU,20,2025-10-22,-0.0007742671224973963,0.01551449318470019
ridge,y_XLU,18,2025-10-23,0.01173464963729054,0.008335100027903742
ridge,y_XLU,19,2025-10-23,0.01173464963729054,0.006491801838630091
ridge,y_XLU,20,2025-10-23,0.01173464963729054,0.0073405795580587145
ridge,y_XLU,18,2025-10-27,-0.0164775224540602,0.011569014615201316
ridge,y_XLU,19,2025-10-27,-0.0164775224540602,0.006560039166246264
ridge,y_XLU,20,2025-10-27,-0.0164775224540602,0.005953628444090781
ridge,y_XLU,18,2025-10-28,-0.0003328593591171991,0.009404468972171483
ridge,y_XLU,19,2025-10-28,-0.0003328593591171991,0.00820639373489932
ridge,y_XLU,20,2025-10-28,-0.0003328593591171991,0.007094993753089981
ridge,y_XLU,18,2025-10-29,-0.004217537112569336,-0.008336976893672523
ridge,y_XLU,19,2025-10-29,-0.004217537112569336,-0.008785680521736103
ridge,y_XLU,20,2025-10-29,-0.004217537112569336,-0.009053433718727502
ridge,y_XLU,18,2025-10-30,-0.006910443696217183,0.014721490665604645
ridge,y_XLU,19,2025-10-30,-0.006910443696217183,0.014240058501050713
ridge,y_XLU,20,2025-10-30,-0.006910443696217183,0.013909851406624573
ridge,y_XLU,19,2025-11-03,-0.0035894431004593885,0.030947589962971797
ridge,y_XLU,20,2025-11-03,-0.0035894431004593885,0.03045465886623644
ridge,y_XLU,21,2025-11-03,-0.0035894431004593885,0.02678194268322062
ridge,y_XLU,19,2025-11-04,0.0002250672281260968,-0.016327785704782976
ridge,y_XLU,20,2025-11-04,0.0002250672281260968,-0.014706692366099833
ridge,y_XLU,21,2025-11-04,0.0002250672281260968,-0.004451046246171172
ridge,y_XLU,19,2025-11-05,-0.004389423857190877,0.013560365082658059
ridge,y_XLU,20,2025-11-05,-0.004389423857190877,0.016055198745395675
ridge,y_XLU,21,2025-11-05,-0.004389423857190877,0.015182549030796359
ridge,y_XLU,19,2025-11-06,0.0139046141039465,-0.015630679715968838
ridge,y_XLU,20,2025-11-06,0.0139046141039465,-0.012855766324798363
ridge,y_XLU,21,2025-11-06,0.0139046141039465,-0.011661994035168861
ridge,y_XLU,19,2025-11-10,0.0005575879281185525,-0.0032535591182425863
ridge,y_XLU,20,2025-11-10,0.0005575879281185525,-0.0028593725116986338
ridge,y_XLU,21,2025-11-10,0.0005575879281185525,-0.004572505852300512
ridge,y_XLU,19,2025-11-11,0.0023408384108618563,-0.03108101474381992
ridge,y_XLU,20,2025-11-11,0.0023408384108618563,-0.02388185377831135
ridge,y_XLU,21,2025-11-11,0.0023408384108618563,-0.018240588039267626
ridge,y_XLU,19,2025-11-12,-0.013789976571058848,-0.006262897832490752
ridge,y_XLU,20,2025-11-12,-0.013789976571058848,-0.006009221402880618
ridge,y_XLU,21,2025-11-12,-0.013789976571058848,-0.00196193789269315
ridge,y_XLU,19,2025-11-13,0.0009021384356044937,-0.013448597240232094
ridge,y_XLU,20,2025-11-13,0.0009021384356044937,-0.010731111718267601
ridge,y_XLU,21,2025-11-13,0.0009021384356044937,-0.010671357862306264
ridge,y_XLU,19,2025-11-17,-0.003796329696811207,-0.010256515123318388
ridge,y_XLU,20,2025-11-17,-0.003796329696811207,-0.009216852345903144
ridge,y_XLU,21,2025-11-17,-0.003796329696811207,-0.006451207510082822
ridge,y_XLU,19,2025-11-18,-0.008406187011535171,-0.00299772056899953
ridge,y_XLU,20,2025-11-18,-0.008406187011535171,-0.0034699404095966816
ridge,y_XLU,21,2025-11-18,-0.008406187011535171,-0.005108550483131219
ridge,y_XLU,19,2025-11-19,-0.0050864874018122785,0.003945171384323796
ridge,y_XLU,20,2025-11-19,-0.0050864874018122785,0.004517732227210636
ridge,y_XLU,21,2025-11-19,-0.0050864874018122785,0.005529986546664047
ridge,y_XLU,19,2025-11-20,0.0014769673693519891,-0.02181633817630239
ridge,y_XLU,20,2025-11-20,0.0014769673693519891,-0.019571189908545398
ridge,y_XLU,21,2025-11-20,0.0014769673693519891,-0.019381302320346336
ridge,y_XLU,20,2025-11-24,-0.0038138749034546393,0.0035364381425649185
ridge,y_XLU,21,2025-11-24,-0.0038138749034546393,0.003590730117947504
ridge,y_XLU,22,2025-11-24,-0.0038138749034546393,0.0027940366192187194
ridge,y_XLU,20,2025-11-25,0.013286804921332385,0.0032974272494729626
ridge,y_XLU,21,2025-11-25,0.013286804921332385,0.005353696947729894
ridge,y_XLU,22,2025-11-25,0.013286804921332385,0.00923782386996533
ridge,y_XLU,20,2025-12-01,-0.007117811985585698,0.0017254362312140138
ridge,y_XLU,21,2025-12-01,-0.007117811985585698,0.002970346644127001
ridge,y_XLU,22,2025-12-01,-0.007117811985585698,0.004304645140638722
ridge,y_XLU,20,2025-12-02,-0.0031862281611558796,0.0027323086393087883
ridge,y_XLU,21,2025-12-02,-0.0031862281611558796,0.003589490135776606
ridge,y_XLU,22,2025-12-02,-0.0031862281611558796,0.002338097165946958
ridge,y_XLU,20,2025-12-03,-0.002054748964728348,0.003220970315156289
ridge,y_XLU,21,2025-12-03,-0.002054748964728348,0.0031829653705295396
ridge,y_XLU,22,2025-12-03,-0.002054748964728348,0.0011212097987989963
ridge,y_XLU,20,2025-12-04,-0.009380020889626528,-0.00017153338785820158
ridge,y_XLU,21,2025-12-04,-0.009380020889626528,0.0029942338515165363
ridge,y_XLU,22,2025-12-04,-0.009380020889626528,0.0010335012601165759
ridge,y_XLU,20,2025-12-08,0.0007021715679080831,-0.038268967001128945
ridge,y_XLU,21,2025-12-08,0.0007021715679080831,-0.05436782955377813
ridge,y_XLU,22,2025-12-08,0.0007021715679080831,-0.06640239366493304
ridge,y_XLU,20,2025-12-09,-0.0004678458467712865,-0.05682869993864306
ridge,y_XLU,21,2025-12-09,-0.0004678458467712865,-0.060680167490859374
ridge,y_XLU,22,2025-12-09,-0.0004678458467712865,-0.0541496919140113
ridge,y_XLU,20,2025-12-10,0.007254914905562293,0.0066402742007029844
ridge,y_XLU,21,2025-12-10,0.007254914905562293,0.0108384523701967
ridge,y_XLU,22,2025-12-10,0.007254914905562293,0.010178057947810489
ridge,y_XLU,20,2025-12-11,-0.004879192633411189,-0.04391077731982939
ridge,y_XLU,21,2025-12-11,-0.004879192633411189,-0.04424574944026888
ridge,y_XLU,22,2025-12-11,-0.004879192633411189,-0.04084062756603424
ridge,y_XLU,21,2025-12-15,-0.004164734802386105,0.0020652075206263457
ridge,y_XLU,22,2025-12-15,-0.004164734802386105,0.0013975840349169503
ridge,y_XLU,23,2025-12-15,-0.004164734802386105,-0.00124004257102809
ridge,y_XLU,21,2025-12-16,-0.006505619943031338,-0.005135515936610923
ridge,y_XLU,22,2025-12-16,-0.006505619943031338,-0.0068087481992762855
ridge,y_XLU,23,2025-12-16,-0.006505619943031338,-0.00645014688332497
ridge,y_XLU,21,2025-12-17,0.009822285322100166,-0.0012245501794340176
ridge,y_XLU,22,2025-12-17,0.009822285322100166,-0.0012168737684352354
ridge,y_XLU,23,2025-12-17,0.009822285322100166,0.003305109184764648
ridge,y_XLU,21,2025-12-18,-0.012737372149651871,-0.028708337774402452
ridge,y_XLU,22,2025-12-18,-0.012737372149651871,-0.021429836798757606
ridge,y_XLU,23,2025-12-18,-0.012737372149651871,-0.023138623431720563
ridge,y_XLU,21,2025-12-23,0.00445805833336399,-0.00846597134665586
ridge,y_XLU,22,2025-12-23,0.00445805833336399,-0.011284869566459958
ridge,y_XLU,23,2025-12-23,0.00445805833336399,-0.01538920811003318
ridge,y_XLU,21,2025-12-29,0.0023331421534544816,0.0018601010988202318
ridge,y_XLU,22,2025-12-29,0.0023331421534544816,0.0014011486421906293
ridge,y_XLU,23,2025-12-29,0.0023331421534544816,-0.00016233405061494917
ridge,y_XLU,21,2025-12-30,-0.006284926990635542,0.008335260774219918
ridge,y_XLU,22,2025-12-30,-0.006284926990635542,0.00533788359499653
ridge,y_XLU,23,2025-12-30,-0.006284926990635542,0.0031858069736026306
ridge,y_XLU,22,2026-01-05,0.004918011258091548,-0.011636079132455329
ridge,y_XLU,23,2026-01-05,0.004918011258091548,-0.011770114783379651
ridge,y_XLU,24,2026-01-05,0.004918011258091548,-0.014253052564468028
ridge,y_XLU,22,2026-01-06,-0.024236796066781308,0.02114970341155112
ridge,y_XLU,23,2026-01-06,-0.024236796066781308,0.020716914342648093
ridge,y_XLU,24,2026-01-06,-0.024236796066781308,0.01781595568866893
ridge,y_XLU,22,2026-01-07,0.0028660795233659275,0.006391752805509773
ridge,y_XLU,23,2026-01-07,0.0028660795233659275,0.0033513721548293005
ridge,y_XLU,24,2026-01-07,0.0028660795233659275,0.004755607688646084
ridge,y_XLU,22,2026-01-08,0.012383820487748887,-0.0010341671167018388
ridge,y_XLU,23,2026-01-08,0.012383820487748887,-0.001972210161569841
ridge,y_XLU,24,2026-01-08,0.012383820487748887,-0.003321307928543351
ridge,y_XLU,22,2026-01-12,0.006340926055796503,0.007844219612751304
ridge,y_XLU,23,2026-01-12,0.006340926055796503,0.003454141836170979
ridge,y_XLU,24,2026-01-12,0.006340926055796503,0.004034357263843043
ridge,y_XLU,22,2026-01-13,0.007467904462528541,0.008006906278531668
ridge,y_XLU,23,2026-01-13,0.007467904462528541,0.009750237674527245
ridge,y_XLU,24,2026-01-13,0.007467904462528541,0.00943972853056051
ridge,y_XLU,22,2026-01-14,0.010192320131316768,-0.010566145278668818
ridge,y_XLU,23,2026-01-14,0.010192320131316768,-0.009046631863636504
ridge,y_XLU,24,2026-01-14,0.010192320131316768,-0.008623138177395866
ridge,y_XLU,22,2026-01-15,-0.005044742435772909,-0.040696783335648926
ridge,y_XLU,23,2026-01-15,-0.005044742435772909,-0.03831907553514612
ridge,y_XLU,24,2026-01-15,-0.005044742435772909,-0.03804966991898251
ridge,y_XLU,22,2026-01-21,-0.0072059825660710786,0.011467587110474395
ridge,y_XLU,23,2026-01-21,-0.0072059825660710786,0.011003419109347146
ridge,y_XLU,24,2026-01-21,-0.0072059825660710786,0.010273177143553441
ridge,y_XLU,22,2026-01-22,-0.0035120045515564247,-0.006512196881212101
ridge,y_XLU,23,2026-01-22,-0.0035120045515564247,-0.006315153199868228
ridge,y_XLU,24,2026-01-22,-0.0035120045515564247,-0.006068403449585697
ridge,y_XLU,23,2026-01-26,0.01306278020162277,-0.013713900970476211
ridge,y_XLU,24,2026-01-26,0.01306278020162277,-0.014466639747049056
ridge,y_XLU,23,2026-01-27,-0.002302520686585763,0.009221407361203696
ridge,y_XLU,24,2026-01-27,-0.002302520686585763,0.009182631476404463
ridge,y_XLU,23,2026-01-28,0.0,0.014700274245502984
ridge,y_XLU,24,2026-01-28,0.0,0.01583239777970221
ridge,y_XLU,23,2026-01-29,-0.0018463380492486081,0.028103744213259195
ridge,y_XLU,24,2026-01-29,-0.0018463380492486081,0.029397850419740613
ridge,y_XLU,23,2026-02-02,0.014547225765371818,-0.01860272623756963
ridge,y_XLU,24,2026-02-02,0.014547225765371818,-0.017963147413397263
ridge,y_XLU,23,2026-02-03,-0.003700273848319169,0.0008333232022461467
ridge,y_XLU,24,2026-02-03,-0.003700273848319169,3.873729890737786e-05
ridge,y_XLU,23,2026-02-04,0.00046417461041015073,0.004411237064709203
ridge,y_XLU,24,2026-02-04,0.00046417461041015073,0.004016856053632622
ridge,y_XLU,23,2026-02-05,0.005800464242478043,-0.010581843383554886
ridge,y_XLU,24,2026-02-05,0.005800464242478043,-0.010076887810204774
ridge,y_XLU,23,2026-02-09,0.016559365875883136,0.0026757141304200194
ridge,y_XLU,24,2026-02-09,0.016559365875883136,0.002875688795110263
ridge,y_XLU,23,2026-02-10,0.008823515450602448,0.0073811767406304195
ridge,y_XLU,24,2026-02-10,0.008823515450602448,0.008176133442635998
ridge,y_XLU,23,2026-02-11,0.014801521532935125,-0.0014425291962290874
ridge,y_XLU,24,2026-02-11,0.014801521532935125,-0.0009626703788712631
ridge,y_XLU,23,2026-02-12,0.027624309392265234,0.0006290436204461846
ridge,y_XLU,24,2026-02-12,0.027624309392265234,0.0011491657329379108
ridge,y_XLU,24,2026-02-17,-0.01660199310113908,0.014443403970753688
ridge,y_XLU,24,2026-02-18,0.010962508075181177,-0.005317000016649578
ridge,y_XLU,24,2026-02-19,0.004771225716569072,0.008099394028300644
ridge,y_XLU,24,2026-02-23,0.011139684112341675,0.017811413574811034
ridge,y_XLU,24,2026-02-24,0.0033898272208872093,-0.002380316096959249
ridge,y_XLU,24,2026-02-25,-0.0038006820704398203,0.04659732488463495
ridge,y_XLU,24,2026-02-26,0.011657465737663575,-0.0010766072259299148
ridge,y_XLU,24,2026-03-02,-0.006333106266097399,-0.00471194475686795
ridge,y_XLU,24,2026-03-03,0.004249007100831648,0.013007040733615385
ridge,y_XLU,24,2026-03-04,-0.007827351984381004,0.04070158877245616
ridge,y_XLU,24,2026-03-05,-0.0034115104948093666,0.0015935262770122851
ridge,y_XLV,0,2024-08-05,0.004631014264948385,-0.0009865343730754688
ridge,y_XLV,0,2024-08-06,-0.010168797884475667,-0.0016310126481106904
ridge,y_XLV,0,2024-08-07,0.0221218518210351,0.027166589591981937
ridge,y_XLV,0,2024-08-08,0.004958427133664678,0.01732111580236531
ridge,y_XLV,0,2024-08-12,0.012114294528045688,0.005982920803026958
ridge,y_XLV,0,2024-08-13,0.003570921279469008,-0.02684359635729195
ridge,y_XLV,0,2024-08-14,0.006259784782244537,0.00038368247597067183
ridge,y_XLV,0,2024-08-15,0.0010478451358497676,-0.0015062004214476555
ridge,y_XLV,0,2024-08-19,0.004031177752931381,-0.013901394558244372
ridge,y_XLV,0,2024-08-20,0.0016837785255379156,0.0378628576567215
ridge,y_XLV,0,2024-08-21,0.0006464484605377407,0.008255987303735179
ridge,y_XLV,0,2024-08-22,0.0043287201519239815,-0.0005174516648502423
ridge,y_XLV,0,2024-08-26,0.0015446062619379752,0.01584419397816434
ridge,y_XLV,1,2024-08-26,0.0015446062619379752,0.016261345731900228
ridge,y_XLV,0,2024-08-27,0.0011566932517306228,0.004618800273044524
ridge,y_XLV,1,2024-08-27,0.0011566932517306228,0.0017346686202103908
ridge,y_XLV,0,2024-08-28,0.002118170988795409,-0.005032617215373615
ridge,y_XLV,1,2024-08-28,0.002118170988795409,-0.0050259394290163165
ridge,y_XLV,0,2024-08-29,0.0069179901236609,-0.04094316663210074
ridge,y_XLV,1,2024-08-29,0.0069179901236609,-0.03879459932384608
ridge,y_XLV,0,2024-09-03,-0.0017207249016383264,0.0010147294224582093
ridge,y_XLV,1,2024-09-03,-0.0017207249016383264,-0.0009440818004430284
ridge,y_XLV,0,2024-09-04,-0.013726756660423556,0.03422730029649031
ridge,y_XLV,1,2024-09-04,-0.013726756660423556,0.035603477487113684
ridge,y_XLV,0,2024-09-05,-0.0034308055182327157,0.005537699768582936
ridge,y_XLV,1,2024-09-05,-0.0034308055182327157,0.00989178160822452
ridge,y_XLV,0,2024-09-09,0.004579856809795224,0.03958421292212116
ridge,y_XLV,1,2024-09-09,0.004579856809795224,0.038731774812913906
ridge,y_XLV,0,2024-09-10,-0.002953604524396969,0.038100279058043994
ridge,y_XLV,1,2024-09-10,-0.002953604524396969,0.03550791798214543
ridge,y_XLV,0,2024-09-11,0.003606304726851306,-0.007690342907815967
ridge,y_XLV,1,2024-09-11,0.003606304726851306,-0.011288731996195353
ridge,y_XLV,0,2024-09-12,0.0020533979919294953,0.059132520800688364
ridge,y_XLV,1,2024-09-12,0.0020533979919294953,0.060517134371530744
ridge,y_XLV,2,2024-09-12,0.0020533979919294953,0.05853449105583328
ridge,y_XLV,0,2024-09-16,-0.010302919513985875,-0.07856836250352159
ridge,y_XLV,1,2024-09-16,-0.010302919513985875,-0.07937280502592522
ridge,y_XLV,2,2024-09-16,-0.010302919513985875,-0.06349455766882345
ridge,y_XLV,0,2024-09-17,-0.0016704930565133447,0.002903511922722499
ridge,y_XLV,1,2024-09-17,-0.0016704930565133447,-0.0031709231892151457
ridge,y_XLV,2,2024-09-17,-0.0016704930565133447,-0.0015165857570948356
ridge,y_XLV,0,2024-09-18,0.003604447349311757,0.0312939388899954
ridge,y_XLV,1,2024-09-18,0.003604447349311757,0.03332560683525986
ridge,y_XLV,2,2024-09-18,0.003604447349311757,0.02721103774677954
ridge,y_XLV,0,2024-09-19,-0.004104688431757042,-0.011247857976966247
ridge,y_XLV,1,2024-09-19,-0.004104688431757042,-0.02220791772626698
ridge,y_XLV,2,2024-09-19,-0.004104688431757042,-0.032231228107080574
ridge,y_XLV,0,2024-09-23,-0.0020077712617673216,-0.013516471503015819
ridge,y_XLV,1,2024-09-23,-0.0020077712617673216,-0.012617894131024265
ridge,y_XLV,2,2024-09-23,-0.0020077712617673216,-0.013303678644331983
ridge,y_XLV,0,2024-09-24,-0.009734632323534331,0.016206668893685834
ridge,y_XLV,1,2024-09-24,-0.009734632323534331,0.011177978450779382
ridge,y_XLV,2,2024-09-24,-0.009734632323534331,0.006904962936340657
ridge,y_XLV,0,2024-09-25,0.0033424338221306193,0.01029562244161213
ridge,y_XLV,1,2024-09-25,0.0033424338221306193,0.01055393950922984
ridge,y_XLV,2,2024-09-25,0.0033424338221306193,0.008491015519487522
ridge,y_XLV,0,2024-09-26,-0.0005225307645209121,-0.03282463337062281
ridge,y_XLV,1,2024-09-26,-0.0005225307645209121,-0.029779049992412234
ridge,y_XLV,2,2024-09-26,-0.0005225307645209121,-0.027099160488931063
ridge,y_XLV,0,2024-09-30,-0.005259009056906572,-0.014669637452639366
ridge,y_XLV,1,2024-09-30,-0.005259009056906572,-0.016392677317531145
ridge,y_XLV,2,2024-09-30,-0.005259009056906572,-0.01567047808845647
ridge,y_XLV,0,2024-10-01,-0.0020234673756607258,-0.005197061251200098
ridge,y_XLV,1,2024-10-01,-0.0020234673756607258,-0.00572688903119075
ridge,y_XLV,2,2024-10-01,-0.0020234673756607258,-0.01365906148537943
ridge,y_XLV,0,2024-10-02,-0.009025420828416841,0.0177888888145892
ridge,y_XLV,1,2024-10-02,-0.009025420828416841,0.015984290557206543
ridge,y_XLV,2,2024-10-02,-0.009025420828416841,0.00952131666994053
ridge,y_XLV,0,2024-10-03,0.0007919178060757925,0.007066630945563819
ridge,y_XLV,1,2024-10-03,0.0007919178060757925,0.003907563704728893
ridge,y_XLV,2,2024-10-03,0.0007919178060757925,0.00023750787428860194
ridge,y_XLV,1,2024-10-07,0.005431687647895478,0.011068079803729676
ridge,y_XLV,2,2024-10-07,0.005431687647895478,0.013870543219710771
ridge,y_XLV,3,2024-10-07,0.005431687647895478,0.010480338297333669
ridge,y_XLV,1,2024-10-08,0.010211471744613565,-0.014697277157436225
ridge,y_XLV,2,2024-10-08,0.010211471744613565,-0.019117246752243928
ridge,y_XLV,3,2024-10-08,0.010211471744613565,-0.016461417051185603
ridge,y_XLV,1,2024-10-09,-0.0037172936393439215,0.013516411910465815
ridge,y_XLV,2,2024-10-09,-0.0037172936393439215,0.014035068559401056
ridge,y_XLV,3,2024-10-09,-0.0037172936393439215,0.013428482907982679
ridge,y_XLV,1,2024-10-10,0.007331335483921064,-0.0026155551563508297
ridge,y_XLV,2,2024-10-10,0.007331335483921064,-0.004978425161242681
ridge,y_XLV,3,2024-10-10,0.007331335483921064,-0.0041448686856695545
ridge,y_XLV,1,2024-10-14,-0.012213891270240862,0.0034455663192508672
ridge,y_XLV,2,2024-10-14,-0.012213891270240862,0.0043749349967730925
ridge,y_XLV,3,2024-10-14,-0.012213891270240862,0.005572819644035363
ridge,y_XLV,1,2024-10-15,0.002812953874026025,-0.017463782634889367
ridge,y_XLV,2,2024-10-15,0.002812953874026025,-0.019022411288051006
ridge,y_XLV,3,2024-10-15,0.002812953874026025,-0.016142754510399728
ridge,y_XLV,1,2024-10-16,-0.005806316307475856,-0.0013298429680033883
ridge,y_XLV,2,2024-10-16,-0.005806316307475856,-0.0008796700129422391
ridge,y_XLV,3,2024-10-16,-0.005806316307475856,-0.0008277200423960236
ridge,y_XLV,1,2024-10-17,0.0048560060731805965,-0.025617466174589144
ridge,y_XLV,2,2024-10-17,0.0048560060731805965,-0.026594603402898934
ridge,y_XLV,3,2024-10-17,0.0048560060731805965,-0.02572241439794892
ridge,y_XLV,1,2024-10-21,-0.001453792486454164,-0.04326521432697053
ridge,y_XLV,2,2024-10-21,-0.001453792486454164,-0.054339795135453915
ridge,y_XLV,3,2024-10-21,-0.001453792486454164,-0.045509256859169206
ridge,y_XLV,1,2024-10-22,-0.004698648497306723,0.0017724544370137985
ridge,y_XLV,2,2024-10-22,-0.004698648497306723,-0.0038135117130575547
ridge,y_XLV,3,2024-10-22,-0.004698648497306723,-0.001314051680374352
ridge,y_XLV,1,2024-10-23,-0.0065823642293393325,0.014593652877539698
ridge,y_XLV,2,2024-10-23,-0.0065823642293393325,0.016370493177365504
ridge,y_XLV,3,2024-10-23,-0.0065823642293393325,0.018742373643381282
ridge,y_XLV,1,2024-10-24,-0.005488295210631766,0.019048915254210937
ridge,y_XLV,2,2024-10-24,-0.005488295210631766,0.015759044133025518
ridge,y_XLV,3,2024-10-24,-0.005488295210631766,0.021374054799122723
ridge,y_XLV,2,2024-10-28,-0.002755369264866303,-0.10555966562369891
ridge,y_XLV,3,2024-10-28,-0.002755369264866303,-0.1017975654048668
ridge,y_XLV,4,2024-10-28,-0.002755369264866303,-0.08995476857782621
ridge,y_XLV,2,2024-10-29,-0.0018866225011316962,0.02532694302502156
ridge,y_XLV,3,2024-10-29,-0.0018866225011316962,0.014301041064706742
ridge,y_XLV,4,2024-10-29,-0.0018866225011316962,0.009365204713683203
ridge,y_XLV,2,2024-10-30,-0.008439086488184477,0.05396263280833985
ridge,y_XLV,3,2024-10-30,-0.008439086488184477,0.056483081576940965
ridge,y_XLV,4,2024-10-30,-0.008439086488184477,0.05549504573055102
ridge,y_XLV,2,2024-10-31,0.0059235794740717385,-0.057808914821115796
ridge,y_XLV,3,2024-10-31,0.0059235794740717385,-0.05091716639298108
ridge,y_XLV,4,2024-10-31,0.0059235794740717385,-0.03996749672299022
ridge,y_XLV,2,2024-11-04,0.007358455576626843,-0.016018213448576932
ridge,y_XLV,3,2024-11-04,0.007358455576626843,-0.017035144659228507
ridge,y_XLV,4,2024-11-04,0.007358455576626843,-0.021338675347175085
ridge,y_XLV,2,2024-11-05,0.0012850380157518604,0.003327095103868297
ridge,y_XLV,3,2024-11-05,0.0012850380157518604,0.005355008326873822
ridge,y_XLV,4,2024-11-05,0.0012850380157518604,0.0011957788499901978
ridge,y_XLV,2,2024-11-06,0.007227688410349042,-0.011854769036737416
ridge,y_XLV,3,2024-11-06,0.007227688410349042,-0.007809209077107152
ridge,y_XLV,4,2024-11-06,0.007227688410349042,-0.009515372188490691
ridge,y_XLV,2,2024-11-07,0.007175928395738884,-0.010985301106355516
ridge,y_XLV,3,2024-11-07,0.007175928395738884,-0.006428951111716916
ridge,y_XLV,4,2024-11-07,0.007175928395738884,-0.003974509673538983
ridge,y_XLV,2,2024-11-11,-0.013931795879696174,-0.007558108724557345
ridge,y_XLV,3,2024-11-11,-0.013931795879696174,-0.009689045513864713
ridge,y_XLV,4,2024-11-11,-0.013931795879696174,0.0005840409766774496
ridge,y_XLV,2,2024-11-12,-0.0026488803283925,0.008540861762723737
ridge,y_XLV,3,2024-11-12,-0.0026488803283925,0.008512100705455146
ridge,y_XLV,4,2024-11-12,-0.0026488803283925,0.011844925026170745
ridge,y_XLV,2,2024-11-13,-0.01573259746987976,0.007595608880905021
ridge,y_XLV,3,2024-11-13,-0.01573259746987976,0.006396466619234789
ridge,y_XLV,4,2024-11-13,-0.01573259746987976,0.004120031030014657
ridge,y_XLV,2,2024-11-14,-0.018544182940750442,0.0675757352235633
ridge,y_XLV,3,2024-11-14,-0.018544182940750442,0.057496924593446894
ridge,y_XLV,4,2024-11-14,-0.018544182940750442,0.05533744429798516
ridge,y_XLV,3,2024-11-18,-0.005143189318025265,-0.032845279430629384
ridge,y_XLV,4,2024-11-18,-0.005143189318025265,-0.029928237621104404
ridge,y_XLV,5,2024-11-18,-0.005143189318025265,-0.029186148088610867
ridge,y_XLV,3,2024-11-19,0.011826403955381926,0.06718654861182001
ridge,y_XLV,4,2024-11-19,0.011826403955381926,0.05514787118909369
ridge,y_XLV,5,2024-11-19,0.011826403955381926,0.05252752297565317
ridge,y_XLV,3,2024-11-20,0.008048726837258657,-0.008183815293456515
ridge,y_XLV,4,2024-11-20,0.008048726837258657,-0.0033746834436918106
ridge,y_XLV,5,2024-11-20,0.008048726837258657,0.002236516026782316
ridge,y_XLV,3,2024-11-21,0.0009026243247238774,-0.02633973935769756
ridge,y_XLV,4,2024-11-21,0.0009026243247238774,-0.027005751554685004
ridge,y_XLV,5,2024-11-21,0.0009026243247238774,-0.026832821735432926
ridge,y_XLV,3,2024-11-25,0.005365086578400735,-0.0017820652858012976
ridge,y_XLV,4,2024-11-25,0.005365086578400735,-0.00222020764740979
ridge,y_XLV,5,2024-11-25,0.005365086578400735,-0.0027039599261225898
ridge,y_XLV,3,2024-11-26,0.005336242614221165,0.011855578471951705
ridge,y_XLV,4,2024-11-26,0.005336242614221165,0.028672112626408047
ridge,y_XLV,5,2024-11-26,0.005336242614221165,0.030776546001281335
ridge,y_XLV,3,2024-12-02,-0.0022424754486779497,0.030152025947935774
ridge,y_XLV,4,2024-12-02,-0.0022424754486779497,0.028235283917606754
ridge,y_XLV,5,2024-12-02,-0.0022424754486779497,0.02510326234948258
ridge,y_XLV,3,2024-12-03,-0.000545093673566921,0.07152762539876073
ridge,y_XLV,4,2024-12-03,-0.000545093673566921,0.076960756743359
ridge,y_XLV,5,2024-12-03,-0.000545093673566921,0.07550980165135757
ridge,y_XLV,3,2024-12-04,-0.011175997270387872,0.020292673000150693
ridge,y_XLV,4,2024-12-04,-0.011175997270387872,0.021404141899184402
ridge,y_XLV,5,2024-12-04,-0.011175997270387872,0.020821499876051468
ridge,y_XLV,3,2024-12-05,-0.005651424675207517,0.019130682886086752
ridge,y_XLV,4,2024-12-05,-0.005651424675207517,0.025307633618631108
ridge,y_XLV,5,2024-12-05,-0.005651424675207517,0.031615076567190294
ridge,y_XLV,4,2024-12-09,-0.00414632095667411,0.00532526794920925
ridge,y_XLV,5,2024-12-09,-0.00414632095667411,0.007587156789845147
ridge,y_XLV,6,2024-12-09,-0.00414632095667411,0.012401968782988278
ridge,y_XLV,4,2024-12-10,-0.013601735487148936,0.0013565411279158083
ridge,y_XLV,5,2024-12-10,-0.013601735487148936,0.0016798004310130737
ridge,y_XLV,6,2024-12-10,-0.013601735487148936,0.00801196167319938
ridge,y_XLV,4,2024-12-11,-0.007949951124831212,0.0012875857303602089
ridge,y_XLV,5,2024-12-11,-0.007949951124831212,0.001829443911207207
ridge,y_XLV,6,2024-12-11,-0.007949951124831212,0.0009200202186573162
ridge,y_XLV,4,2024-12-12,-0.00014180531214647019,-0.016910744537864182
ridge,y_XLV,5,2024-12-12,-0.00014180531214647019,-0.015163623394964148
ridge,y_XLV,6,2024-12-12,-0.00014180531214647019,-0.008727717984401964
ridge,y_XLV,4,2024-12-16,-0.0007176788943400458,0.001780729606556983
ridge,y_XLV,5,2024-12-16,-0.0007176788943400458,0.005673691830046261
ridge,y_XLV,6,2024-12-16,-0.0007176788943400458,0.0008953067941759561
ridge,y_XLV,4,2024-12-17,-0.013576561812162269,-0.031682236891617296
ridge,y_XLV,5,2024-12-17,-0.013576561812162269,-0.02747775066066769
ridge,y_XLV,6,2024-12-17,-0.013576561812162269,-0.024275537520772546
ridge,y_XLV,4,2024-12-18,-0.0075736132307313575,0.007566810868368458
ridge,y_XLV,5,2024-12-18,-0.0075736132307313575,0.009427039620682438
ridge,y_XLV,6,2024-12-18,-0.0075736132307313575,0.011732251581684477
ridge,y_XLV,4,2024-12-19,0.012621046981279083,-0.009722469334080297
ridge,y_XLV,5,2024-12-19,0.012621046981279083,0.0008739705995351433
ridge,y_XLV,6,2024-12-19,0.012621046981279083,0.010340403285643274
ridge,y_XLV,4,2024-12-23,0.004108127344114143,-0.002087425083165513
ridge,y_XLV,5,2024-12-23,0.004108127344114143,0.0008001827925448679
ridge,y_XLV,6,2024-12-23,0.004108127344114143,0.005748281992039913
ridge,y_XLV,4,2024-12-26,-0.0046562616057568285,0.0062634396508425465
ridge,y_XLV,5,2024-12-26,-0.0046562616057568285,0.007975791775606334
ridge,y_XLV,6,2024-12-26,-0.0046562616057568285,0.008754116765824386
ridge,y_XLV,5,2024-12-30,0.0024044268063494467,0.02129792050296631
ridge,y_XLV,6,2024-12-30,0.0024044268063494467,0.021874384605094267
ridge,y_XLV,7,2024-12-30,0.0024044268063494467,0.02494965366279931
ridge,y_XLV,5,2025-01-02,0.009810522396269672,0.001960307450189356
ridge,y_XLV,6,2025-01-02,0.009810522396269672,0.001942914856137617
ridge,y_XLV,7,2025-01-02,0.009810522396269672,0.0009133295191048293
ridge,y_XLV,5,2025-01-06,0.004963290215322047,-0.0016514427357776796
ridge,y_XLV,6,2025-01-06,0.004963290215322047,-0.014860384351580607
ridge,y_XLV,7,2025-01-06,0.004963290215322047,-0.01617847225942766
ridge,y_XLV,5,2025-01-07,0.005153497426529929,0.001160715673756624
ridge,y_XLV,6,2025-01-07,0.005153497426529929,-0.002883712883457795
ridge,y_XLV,7,2025-01-07,0.005153497426529929,-0.0052911787467284
ridge,y_XLV,5,2025-01-13,-0.010321081910182772,-0.009337602097142099
ridge,y_XLV,6,2025-01-13,-0.010321081910182772,-0.012152271037201144
ridge,y_XLV,7,2025-01-13,-0.010321081910182772,-0.0033765008341166878
ridge,y_XLV,5,2025-01-14,0.0040715585481601035,0.005890457506819947
ridge,y_XLV,6,2025-01-14,0.0040715585481601035,0.0055961511099280655
ridge,y_XLV,7,2025-01-14,0.0040715585481601035,0.009310503771239955
ridge,y_XLV,5,2025-01-15,0.003983691882171625,0.01577668705961857
ridge,y_XLV,6,2025-01-15,0.003983691882171625,0.011147463562771022
ridge,y_XLV,7,2025-01-15,0.003983691882171625,-0.00011320638182920923
ridge,y_XLV,5,2025-01-16,-0.006731376987586968,-0.020638680080624278
ridge,y_XLV,6,2025-01-16,-0.006731376987586968,-0.020171486694296668
ridge,y_XLV,7,2025-01-16,-0.006731376987586968,-0.01778899947356314
ridge,y_XLV,6,2025-01-21,-0.0022455022126499635,-0.008207092047917497
ridge,y_XLV,7,2025-01-21,-0.0022455022126499635,-0.010133728108225933
ridge,y_XLV,8,2025-01-21,-0.0022455022126499635,-0.008107203770522228
ridge,y_XLV,6,2025-01-22,0.013363221343936083,-0.03847146049046869
ridge,y_XLV,7,2025-01-22,0.013363221343936083,-0.018698943126513635
ridge,y_XLV,8,2025-01-22,0.013363221343936083,-0.017272050702663754
ridge,y_XLV,6,2025-01-23,0.001596363657525357,-0.05772662580599888
ridge,y_XLV,7,2025-01-23,0.001596363657525357,-0.05576985612959425
ridge,y_XLV,8,2025-01-23,0.001596363657525357,-0.05464134331152195
ridge,y_XLV,6,2025-01-27,-0.006980757246313529,0.011730489852634711
ridge,y_XLV,7,2025-01-27,-0.006980757246313529,0.014023415496690369
ridge,y_XLV,8,2025-01-27,-0.006980757246313529,0.013951107556201459
ridge,y_XLV,6,2025-01-28,-0.005869319498052139,0.010970117008442021
ridge,y_XLV,7,2025-01-28,-0.005869319498052139,0.006981337882823076
ridge,y_XLV,8,2025-01-28,-0.005869319498052139,0.00927944908961063
ridge,y_XLV,6,2025-01-29,0.01153345180718457,0.022194427695024117
ridge,y_XLV,7,2025-01-29,0.01153345180718457,0.026811013622013515
ridge,y_XLV,8,2025-01-29,0.01153345180718457,0.025465236134925708
ridge,y_XLV,6,2025-01-30,-0.003189847624154196,-0.03553030832178498
ridge,y_XLV,7,2025-01-30,-0.003189847624154196,-0.027018673757945186
ridge,y_XLV,8,2025-01-30,-0.003189847624154196,-0.021922186451660455
ridge,y_XLV,6,2025-02-03,-0.002713043185219255,-0.019722374293308094
ridge,y_XLV,7,2025-02-03,-0.002713043185219255,-0.01686052705261332
ridge,y_XLV,8,2025-02-03,-0.002713043185219255,-0.018249016419795355
ridge,y_XLV,6,2025-02-04,0.009589171864215817,-0.031615791678020505
ridge,y_XLV,7,2025-02-04,0.009589171864215817,-0.024954038663202678
ridge,y_XLV,8,2025-02-04,0.009589171864215817,-0.020195042523664497
ridge,y_XLV,6,2025-02-05,-0.00895921786120113,-0.01803984349132752
ridge,y_XLV,7,2025-02-05,-0.00895921786120113,-0.010951424146958261
ridge,y_XLV,8,2025-02-05,-0.00895921786120113,-0.0046487062040046516
ridge,y_XLV,6,2025-02-06,-0.004690026385224311,0.126984213033259
ridge,y_XLV,7,2025-02-06,-0.004690026385224311,0.10859778020625256
ridge,y_XLV,8,2025-02-06,-0.004690026385224311,0.10893271993223728
ridge,y_XLV,7,2025-02-10,-0.0018456431042039867,0.01909172840275691
ridge,y_XLV,8,2025-02-10,-0.0018456431042039867,0.018813821373765683
ridge,y_XLV,9,2025-02-10,-0.0018456431042039867,0.014631952173029712
ridge,y_XLV,7,2025-02-11,-0.0014378827832596253,-0.06460688435251885
ridge,y_XLV,8,2025-02-11,-0.0014378827832596253,-0.05752821675296454
ridge,y_XLV,9,2025-02-11,-0.0014378827832596253,-0.052081709783552366
ridge,y_XLV,7,2025-02-12,0.003908840086390697,-0.004800489705846085
ridge,y_XLV,8,2025-02-12,0.003908840086390697,-0.00783104276174381
ridge,y_XLV,9,2025-02-12,0.003908840086390697,-0.004754062735311164
ridge,y_XLV,7,2025-02-13,-0.0108613865145748,-0.10412227649528956
ridge,y_XLV,8,2025-02-13,-0.0108613865145748,-0.10700480640402231
ridge,y_XLV,9,2025-02-13,-0.0108613865145748,-0.10336284670479684
ridge,y_XLV,7,2025-02-18,0.013008359984627571,0.18402459242674418
ridge,y_XLV,8,2025-02-18,0.013008359984627571,0.19348410732528165
ridge,y_XLV,9,2025-02-18,0.013008359984627571,0.18870630263429347
ridge,y_XLV,7,2025-02-19,0.00560123852577088,-0.03593021664248485
ridge,y_XLV,8,2025-02-19,0.00560123852577088,-0.03559125084471383
ridge,y_XLV,9,2025-02-19,0.00560123852577088,-0.030950940866783086
ridge,y_XLV,7,2025-02-20,-0.005366167442269587,0.013655895857077912
ridge,y_XLV,8,2025-02-20,-0.005366167442269587,0.014694519949527156
ridge,y_XLV,9,2025-02-20,-0.005366167442269587,0.013564737404678544
ridge,y_XLV,7,2025-02-24,0.008603267291470207,-0.03272505668296454
ridge,y_XLV,8,2025-02-24,0.008603267291470207,-0.033124945670621096
ridge,y_XLV,9,2025-02-24,0.008603267291470207,-0.020659993563730307
ridge,y_XLV,7,2025-02-25,-0.007186571689733912,0.020993921130124747
ridge,y_XLV,8,2025-02-25,-0.007186571689733912,0.023936411120385626
ridge,y_XLV,9,2025-02-25,-0.007186571689733912,0.02388156106170672
ridge,y_XLV,7,2025-02-26,-0.004058998225120569,0.026440396073768198
ridge,y_XLV,8,2025-02-26,-0.004058998225120569,0.023680895238823253
ridge,y_XLV,9,2025-02-26,-0.004058998225120569,0.030229185786888022
ridge,y_XLV,7,2025-02-27,0.011615217560284385,-0.03622762925068553
ridge,y_XLV,8,2025-02-27,0.011615217560284385,-0.030973724917886317
ridge,y_XLV,9,2025-02-27,0.011615217560284385,-0.02674074394337596
ridge,y_XLV,8,2025-03-03,-0.009292741227348578,0.005025310194579907
ridge,y_XLV,9,2025-03-03,-0.009292741227348578,0.001881350846257201
ridge,y_XLV,10,2025-03-03,-0.009292741227348578,0.0030739920440488967
ridge,y_XLV,8,2025-03-04,0.010054577200627968,-0.029465564446001305
ridge,y_XLV,9,2025-03-04,0.010054577200627968,-0.0305600799326306
ridge,y_XLV,10,2025-03-04,0.010054577200627968,-0.028967675681370375
ridge,y_XLV,8,2025-03-05,-0.0027390405183803646,-0.010217110579707896
ridge,y_XLV,9,2025-03-05,-0.0027390405183803646,-0.012270120156357147
ridge,y_XLV,10,2025-03-05,-0.0027390405183803646,-0.012189201041809056
ridge,y_XLV,8,2025-03-06,6.69893528537635e-05,-0.025045929576949472
ridge,y_XLV,9,2025-03-06,6.69893528537635e-05,-0.022903190475685932
ridge,y_XLV,10,2025-03-06,6.69893528537635e-05,-0.02384347683909465
ridge,y_XLV,8,2025-03-10,-0.010902670775282064,8.557288536914775e-05
ridge,y_XLV,9,2025-03-10,-0.010902670775282064,0.010779921132665066
ridge,y_XLV,10,2025-03-10,-0.010902670775282064,0.017403330896728908
ridge,y_XLV,8,2025-03-11,-0.009995818952233448,-0.009075365084813141
ridge,y_XLV,9,2025-03-11,-0.009995818952233448,-0.006251844192539294
ridge,y_XLV,10,2025-03-11,-0.009995818952233448,-0.009371150174771711
ridge,y_XLV,8,2025-03-12,-0.005325090830215262,-0.011680453429704633
ridge,y_XLV,9,2025-03-12,-0.005325090830215262,-0.012203812242133861
ridge,y_XLV,10,2025-03-12,-0.005325090830215262,-0.012253644661500225
ridge,y_XLV,8,2025-03-13,0.007647752149007259,-0.01398250683443477
ridge,y_XLV,9,2025-03-13,0.007647752149007259,-0.012392744671862516
ridge,y_XLV,10,2025-03-13,0.007647752149007259,-0.011899208783630474
ridge,y_XLV,8,2025-03-17,0.0004768070957190673,0.000895856651204257
ridge,y_XLV,9,2025-03-17,0.0004768070957190673,0.0015079759056704856
ridge,y_XLV,10,2025-03-17,0.0004768070957190673,-0.0005298936733866226
ridge,y_XLV,8,2025-03-18,0.0005449950285330019,0.016987041143322633
ridge,y_XLV,9,2025-03-18,0.0005449950285330019,0.009706566203942193
ridge,y_XLV,10,2025-03-18,0.0005449950285330019,0.011137423406919934
ridge,y_XLV,8,2025-03-19,0.0006124419672925985,0.03224311143633291
ridge,y_XLV,9,2025-03-19,0.0006124419672925985,0.03694023384870886
ridge,y_XLV,10,2025-03-19,0.0006124419672925985,0.037656010254242735
ridge,y_XLV,8,2025-03-20,-0.0027889981279934917,-0.031952447167963936
ridge,y_XLV,9,2025-03-20,-0.0027889981279934917,-0.029874238352351968
ridge,y_XLV,10,2025-03-20,-0.0027889981279934917,-0.027853143775852476
ridge,y_XLV,9,2025-03-24,-0.012776028585609778,-0.0021430114559731935
ridge,y_XLV,10,2025-03-24,-0.012776028585609778,-0.0011011596741018676
ridge,y_XLV,11,2025-03-24,-0.012776028585609778,-0.0005972218383576354
ridge,y_XLV,9,2025-03-25,-0.0036482975179439325,-0.07558761929395875
ridge,y_XLV,10,2025-03-25,-0.0036482975179439325,-0.07500797047035575
ridge,y_XLV,11,2025-03-25,-0.0036482975179439325,-0.05858748972661896
ridge,y_XLV,9,2025-03-26,0.0015890509155636057,0.016428539959333962
ridge,y_XLV,10,2025-03-26,0.0015890509155636057,0.01540948158668677
ridge,y_XLV,11,2025-03-26,0.0015890509155636057,0.014706431066599026
ridge,y_XLV,9,2025-03-27,-0.003104135785615525,0.06738009196375278
ridge,y_XLV,10,2025-03-27,-0.003104135785615525,0.06376026991771704
ridge,y_XLV,11,2025-03-27,-0.003104135785615525,0.0708896599470726
ridge,y_XLV,9,2025-03-31,-0.018286328215126102,-0.009085693814959297
ridge,y_XLV,10,2025-03-31,-0.018286328215126102,-0.006016382382959308
ridge,y_XLV,11,2025-03-31,-0.018286328215126102,-0.005903887177234206
ridge,y_XLV,9,2025-04-01,0.006697223660077745,0.04718746341470439
ridge,y_XLV,10,2025-04-01,0.006697223660077745,0.03240992468275319
ridge,y_XLV,11,2025-04-01,0.006697223660077745,0.05671161992109712
ridge,y_XLV,9,2025-04-02,-0.008108077979380734,0.015374416198683427
ridge,y_XLV,10,2025-04-02,-0.008108077979380734,0.02197678105441802
ridge,y_XLV,11,2025-04-02,-0.008108077979380734,0.02218026308282229
ridge,y_XLV,9,2025-04-03,-0.05484511862558683,-0.0040523959443664265
ridge,y_XLV,10,2025-04-03,-0.05484511862558683,0.00019170921150605445
ridge,y_XLV,11,2025-04-03,-0.05484511862558683,0.008795326004229045
ridge,y_XLV,9,2025-04-07,-0.011080532507856788,0.0361499592231417
ridge,y_XLV,10,2025-04-07,-0.011080532507856788,0.03411340431826098
ridge,y_XLV,11,2025-04-07,-0.011080532507856788,0.03017719779939307
ridge,y_XLV,9,2025-04-08,0.043465092188705645,0.00027327405367620964
ridge,y_XLV,10,2025-04-08,0.043465092188705645,0.0011507251650479076
ridge,y_XLV,11,2025-04-08,0.043465092188705645,0.00023714135457732124
ridge,y_XLV,9,2025-04-09,-0.027889803374456235,-0.01271309818928221
ridge,y_XLV,10,2025-04-09,-0.027889803374456235,-0.011556247767381298
ridge,y_XLV,11,2025-04-09,-0.027889803374456235,-0.010526253700464235
ridge,y_XLV,9,2025-04-10,0.014678659230176416,0.0017927718520376124
ridge,y_XLV,10,2025-04-10,0.014678659230176416,0.002613627703706132
ridge,y_XLV,11,2025-04-10,0.014678659230176416,-0.002929695810063777
ridge,y_XLV,10,2025-04-14,-0.006135353576628422,9.72149199602198e-05
ridge,y_XLV,11,2025-04-14,-0.006135353576628422,-0.004040941300039273
ridge,y_XLV,12,2025-04-14,-0.006135353576628422,-0.010204225883448326
ridge,y_XLV,10,2025-04-15,-0.010167842303072328,0.04457291507631514
ridge,y_XLV,11,2025-04-15,-0.010167842303072328,0.03919310915018135
ridge,y_XLV,12,2025-04-15,-0.010167842303072328,0.04284687709050472
ridge,y_XLV,10,2025-04-16,-0.005869847186730337,-0.0034923565859511607
ridge,y_XLV,11,2025-04-16,-0.005869847186730337,-0.0034910495556038207
ridge,y_XLV,12,2025-04-16,-0.005869847186730337,-0.0033384872623227306
ridge,y_XLV,10,2025-04-21,0.018782361430162986,-0.017372333663531966
ridge,y_XLV,11,2025-04-21,0.018782361430162986,-0.016250331196763477
ridge,y_XLV,12,2025-04-21,0.018782361430162986,-0.015114896202193312
ridge,y_XLV,10,2025-04-22,0.004960747599333404,-0.01895950266130855
ridge,y_XLV,11,2025-04-22,0.004960747599333404,-0.011829123566645627
ridge,y_XLV,12,2025-04-22,0.004960747599333404,-0.009448693190624639
ridge,y_XLV,10,2025-04-23,0.012230283135544529,-0.015359051836556054
ridge,y_XLV,11,2025-04-23,0.012230283135544529,-0.0063397306008001
ridge,y_XLV,12,2025-04-23,0.012230283135544529,-0.0004945482158393901
ridge,y_XLV,10,2025-04-24,0.004803778537140868,0.0023754713349278473
ridge,y_XLV,11,2025-04-24,0.004803778537140868,0.0012633089059193804
ridge,y_XLV,12,2025-04-24,0.004803778537140868,0.0023036401931363854
ridge,y_XLV,10,2025-04-28,0.004906135274881596,-0.009594341460075154
ridge,y_XLV,11,2025-04-28,0.004906135274881596,-0.010445113032893279
ridge,y_XLV,12,2025-04-28,0.004906135274881596,-0.008227227185114113
ridge,y_XLV,10,2025-04-29,0.008543902885399524,-0.0034157152505747885
ridge,y_XLV,11,2025-04-29,0.008543902885399524,-0.011567491477372325
ridge,y_XLV,12,2025-04-29,0.008543902885399524,-0.012222726203297037
ridge,y_XLV,10,2025-04-30,-0.027265540007839872,0.003064392645246265
ridge,y_XLV,11,2025-04-30,-0.027265540007839872,0.006513343671950553
ridge,y_XLV,12,2025-04-30,-0.027265540007839872,0.0064992392806472055
ridge,y_XLV,10,2025-05-01,0.013831966169283616,0.023281261319497985
ridge,y_XLV,11,2025-05-01,0.013831966169283616,0.0013984724178562594
ridge,y_XLV,12,2025-05-01,0.013831966169283616,-0.018377717638903442
ridge,y_XLV,11,2025-05-05,-0.02758076290885314,0.025475305465944374
ridge,y_XLV,12,2025-05-05,-0.02758076290885314,0.02071516852604496
ridge,y_XLV,13,2025-05-05,-0.02758076290885314,0.018561859732148134
ridge,y_XLV,11,2025-05-06,0.007667804983307436,0.011965551121432414
ridge,y_XLV,12,2025-05-06,0.007667804983307436,0.013188786069816433
ridge,y_XLV,13,2025-05-06,0.007667804983307436,0.02647876366372787
ridge,y_XLV,11,2025-05-07,-0.009013012511102536,-0.011274688696627367
ridge,y_XLV,12,2025-05-07,-0.009013012511102536,-0.008507834432470874
ridge,y_XLV,13,2025-05-07,-0.009013012511102536,-0.0071641966971756985
ridge,y_XLV,11,2025-05-08,-0.010884210509323089,-0.06325747884371608
ridge,y_XLV,12,2025-05-08,-0.010884210509323089,-0.06462264639677463
ridge,y_XLV,13,2025-05-08,-0.010884210509323089,-0.05645018986462503
ridge,y_XLV,11,2025-05-12,-0.030082349105326922,0.01570724256322501
ridge,y_XLV,12,2025-05-12,-0.030082349105326922,0.01783907030075019
ridge,y_XLV,13,2025-05-12,-0.030082349105326922,0.016597250692692595
ridge,y_XLV,11,2025-05-13,-0.0235079541762504,-0.0003492384304635994
ridge,y_XLV,12,2025-05-13,-0.0235079541762504,-0.0013027801762633966
ridge,y_XLV,13,2025-05-13,-0.0235079541762504,-0.0007267333394144441
ridge,y_XLV,11,2025-05-14,0.013124230657245661,0.013082127147394892
ridge,y_XLV,12,2025-05-14,0.013124230657245661,0.010888122111706052
ridge,y_XLV,13,2025-05-14,0.013124230657245661,0.011602873915988028
ridge,y_XLV,11,2025-05-15,0.020159223650434877,-0.0041896946204735734
ridge,y_XLV,12,2025-05-15,0.020159223650434877,-0.004967014622826095
ridge,y_XLV,13,2025-05-15,0.020159223650434877,-0.005031216557837283
ridge,y_XLV,11,2025-05-19,0.0024559876786220958,0.007930306437144418
ridge,y_XLV,12,2025-05-19,0.0024559876786220958,0.013754231871700547
ridge,y_XLV,13,2025-05-19,0.0024559876786220958,0.009801566471675722
ridge,y_XLV,11,2025-05-20,-0.0231626483750228,-7.431819954077591e-05
ridge,y_XLV,12,2025-05-20,-0.0231626483750228,0.0027070075796852473
ridge,y_XLV,13,2025-05-20,-0.0231626483750228,0.00371815471295576
ridge,y_XLV,11,2025-05-21,-0.007827825686261614,-0.00220001328718627
ridge,y_XLV,12,2025-05-21,-0.007827825686261614,-0.013029331420872953
ridge,y_XLV,13,2025-05-21,-0.007827825686261614,-0.006544871276822064
ridge,y_XLV,11,2025-05-22,-0.0016086974396498643,0.05371478585481967
ridge,y_XLV,12,2025-05-22,-0.0016086974396498643,0.05741981947676872
ridge,y_XLV,13,2025-05-22,-0.0016086974396498643,0.05515055235309697
ridge,y_XLV,12,2025-05-27,-0.005145322834365529,0.0008461437619902012
ridge,y_XLV,13,2025-05-27,-0.005145322834365529,0.0020924422238348143
ridge,y_XLV,14,2025-05-27,-0.005145322834365529,0.0023308693660886366
ridge,y_XLV,12,2025-05-28,0.006693139634809553,0.0038556258319183004
ridge,y_XLV,13,2025-05-28,0.006693139634809553,0.00552699607615598
ridge,y_XLV,14,2025-05-28,0.006693139634809553,0.006532683864903387
ridge,y_XLV,12,2025-05-29,0.0021153646146780947,0.0073975288113308415
ridge,y_XLV,13,2025-05-29,0.0021153646146780947,0.010139718894565476
ridge,y_XLV,14,2025-05-29,0.0021153646146780947,0.009586540094323559
ridge,y_XLV,12,2025-06-02,0.0023358332175691388,-0.015214331863843958
ridge,y_XLV,13,2025-06-02,0.0023358332175691388,-0.016665321645096428
ridge,y_XLV,14,2025-06-02,0.0023358332175691388,-0.016911053122791363
ridge,y_XLV,12,2025-06-03,0.0019542579464688625,-0.010136644632939331
ridge,y_XLV,13,2025-06-03,0.0019542579464688625,-0.007935637143256047
ridge,y_XLV,14,2025-06-03,0.0019542579464688625,-0.006180424635714871
ridge,y_XLV,12,2025-06-04,-0.0013502732516276206,0.011181611301665888
ridge,y_XLV,13,2025-06-04,-0.0013502732516276206,0.01748194637020294
ridge,y_XLV,14,2025-06-04,-0.0013502732516276206,0.016807582104068797
ridge,y_XLV,12,2025-06-05,0.009541035843055656,-0.0019147876903081863
ridge,y_XLV,13,2025-06-05,0.009541035843055656,-0.0004557315971028841
ridge,y_XLV,14,2025-06-05,0.009541035843055656,-0.0009295751775167683
ridge,y_XLV,12,2025-06-09,0.011405126899590945,0.02669630681115675
ridge,y_XLV,13,2025-06-09,0.011405126899590945,0.032613553639587095
ridge,y_XLV,14,2025-06-09,0.011405126899590945,0.0291704580174732
ridge,y_XLV,12,2025-06-10,0.0005159578136657572,0.006212971997613087
ridge,y_XLV,13,2025-06-10,0.0005159578136657572,0.007596621279767093
ridge,y_XLV,14,2025-06-10,0.0005159578136657572,0.007209377577281499
ridge,y_XLV,12,2025-06-11,0.007808411517905567,-0.005536952467151909
ridge,y_XLV,13,2025-06-11,0.007808411517905567,-0.003084468803123695
ridge,y_XLV,14,2025-06-11,0.007808411517905567,-0.0030448176782056015
ridge,y_XLV,12,2025-06-12,-0.00497032704690914,0.016006532398531836
ridge,y_XLV,13,2025-06-12,-0.00497032704690914,0.011325136009305353
ridge,y_XLV,14,2025-06-12,-0.00497032704690914,0.01168351866121001
ridge,y_XLV,13,2025-07-02,0.0010343309158382663,-0.010244192052376193
ridge,y_XLV,14,2025-07-02,0.0010343309158382663,-0.006203470838445306
ridge,y_XLV,15,2025-07-02,0.0010343309158382663,-0.011604054599942475
ridge,y_XLV,13,2025-07-07,0.004540016037738903,-0.006768342969342851
ridge,y_XLV,14,2025-07-07,0.004540016037738903,-0.0055379037267462815
ridge,y_XLV,15,2025-07-07,0.004540016037738903,-0.00580928438324942
ridge,y_XLV,13,2025-07-08,0.003852738700714564,-0.0034235808475944316
ridge,y_XLV,14,2025-07-08,0.003852738700714564,-0.0043705140122807075
ridge,y_XLV,15,2025-07-08,0.003852738700714564,-0.003202362296661661
ridge,y_XLV,13,2025-07-09,0.0061259532249307025,0.0028611593089041248
ridge,y_XLV,14,2025-07-09,0.0061259532249307025,0.002376913035380289
ridge,y_XLV,15,2025-07-09,0.0061259532249307025,0.0014406343637346313
ridge,y_XLV,13,2025-07-10,-0.008289436820357765,-0.011652058365417555
ridge,y_XLV,14,2025-07-10,-0.008289436820357765,-0.012851968730294564
ridge,y_XLV,15,2025-07-10,-0.008289436820357765,-0.011561961943402364
ridge,y_XLV,13,2025-07-14,-0.017995968164390752,-0.01222383993923876
ridge,y_XLV,14,2025-07-14,-0.017995968164390752,-0.011144858600598405
ridge,y_XLV,15,2025-07-14,-0.017995968164390752,-0.011596136705539078
ridge,y_XLV,13,2025-07-15,0.012443358542400196,0.010188585475992296
ridge,y_XLV,14,2025-07-15,0.012443358542400196,0.009349562050652006
ridge,y_XLV,15,2025-07-15,0.012443358542400196,0.01028938028697276
ridge,y_XLV,13,2025-07-16,-0.011396606611361992,0.007714705720150058
ridge,y_XLV,14,2025-07-16,-0.011396606611361992,0.0049955592141979815
ridge,y_XLV,15,2025-07-16,-0.011396606611361992,0.0029595049221018553
ridge,y_XLV,13,2025-07-17,-0.0066305350486630665,-0.01703974312415113
ridge,y_XLV,14,2025-07-17,-0.0066305350486630665,-0.01261872850985634
ridge,y_XLV,15,2025-07-17,-0.0066305350486630665,-0.012681963074141886
ridge,y_XLV,13,2025-07-21,0.018613177643613144,-0.0032158433644982397
ridge,y_XLV,14,2025-07-21,0.018613177643613144,-0.00397577384889144
ridge,y_XLV,15,2025-07-21,0.018613177643613144,-0.0037742881561185306
ridge,y_XLV,13,2025-07-22,0.02051970857178831,0.01653272519428751
ridge,y_XLV,14,2025-07-22,0.02051970857178831,0.015286698205709388
ridge,y_XLV,15,2025-07-22,0.02051970857178831,0.017524320083964654
ridge,y_XLV,13,2025-07-23,-0.003742668945110994,-0.011142803907590051
ridge,y_XLV,14,2025-07-23,-0.003742668945110994,-0.01161581942089428
ridge,y_XLV,15,2025-07-23,-0.003742668945110994,-0.011891185360073454
ridge,y_XLV,14,2025-07-24,0.005303597597398735,0.0055144962466017544
ridge,y_XLV,15,2025-07-24,0.005303597597398735,0.004494917898453761
ridge,y_XLV,16,2025-07-24,0.005303597597398735,0.00352131888774197
ridge,y_XLV,14,2025-07-28,-0.0063567742536704275,0.012172506343175179
ridge,y_XLV,15,2025-07-28,-0.0063567742536704275,0.011942239500500792
ridge,y_XLV,16,2025-07-28,-0.0063567742536704275,0.010463896297978744
ridge,y_XLV,14,2025-07-29,-0.0017852419237556205,-0.0008034452420352035
ridge,y_XLV,15,2025-07-29,-0.0017852419237556205,0.0014009847344933193
ridge,y_XLV,16,2025-07-29,-0.0017852419237556205,0.0014135119964455833
ridge,y_XLV,14,2025-07-30,-0.028020034139715877,0.0017795294508101181
ridge,y_XLV,15,2025-07-30,-0.028020034139715877,-0.0008397295064819305
ridge,y_XLV,16,2025-07-30,-0.028020034139715877,-0.007459515425527137
ridge,y_XLV,14,2025-07-31,0.005367015128056929,-0.028998712561447423
ridge,y_XLV,15,2025-07-31,0.005367015128056929,-0.02826131503207248
ridge,y_XLV,16,2025-07-31,0.005367015128056929,-0.028528917335296913
ridge,y_XLV,14,2025-08-04,-0.003834283937926508,-0.003866243945537076
ridge,y_XLV,15,2025-08-04,-0.003834283937926508,-0.004690236157803092
ridge,y_XLV,16,2025-08-04,-0.003834283937926508,-0.004755339771323959
ridge,y_XLV,14,2025-08-05,-0.015018932687186792,-0.009102625115603502
ridge,y_XLV,15,2025-08-05,-0.015018932687186792,-0.009240857272571413
ridge,y_XLV,16,2025-08-05,-0.015018932687186792,-0.01078635132206242
ridge,y_XLV,14,2025-08-06,-0.01149342721326807,0.003828917844568941
ridge,y_XLV,15,2025-08-06,-0.01149342721326807,0.002910993642769765
ridge,y_XLV,16,2025-08-06,-0.01149342721326807,0.0025812263292732777
ridge,y_XLV,14,2025-08-07,0.008914136553842544,0.023954789662463123
ridge,y_XLV,15,2025-08-07,0.008914136553842544,0.022595896947626228
ridge,y_XLV,16,2025-08-07,0.008914136553842544,0.0200315754210453
ridge,y_XLV,14,2025-08-11,0.006907795591350574,-0.008542359833446297
ridge,y_XLV,15,2025-08-11,0.006907795591350574,-0.009964185277166377
ridge,y_XLV,16,2025-08-11,0.006907795591350574,-0.01079815160354057
ridge,y_XLV,14,2025-08-12,0.016007182151822397,0.009082602859310101
ridge,y_XLV,15,2025-08-12,0.016007182151822397,0.008765651723635168
ridge,y_XLV,16,2025-08-12,0.016007182151822397,0.011329938478203858
ridge,y_XLV,15,2025-08-13,0.005026762820179664,0.006870597244366755
ridge,y_XLV,16,2025-08-13,0.005026762820179664,0.006435203470771502
ridge,y_XLV,17,2025-08-13,0.005026762820179664,0.005818451016022391
ridge,y_XLV,15,2025-08-14,0.016796023156958828,0.008252675670525214
ridge,y_XLV,16,2025-08-14,0.016796023156958828,0.007759638136834626
ridge,y_XLV,17,2025-08-14,0.016796023156958828,0.01048721521022178
ridge,y_XLV,15,2025-08-18,0.00640211320145978,-0.0068340396549843915
ridge,y_XLV,16,2025-08-18,0.00640211320145978,-0.007145708352675482
ridge,y_XLV,17,2025-08-18,0.00640211320145978,-0.006679114810948693
ridge,y_XLV,15,2025-08-19,0.005410921504549249,0.00576411497651195
ridge,y_XLV,16,2025-08-19,0.005410921504549249,0.006419543929112198
ridge,y_XLV,17,2025-08-19,0.005410921504549249,0.004774057056833578
ridge,y_XLV,15,2025-08-20,-0.0033454468917862856,-0.003331523547621207
ridge,y_XLV,16,2025-08-20,-0.0033454468917862856,-0.003804384851536246
ridge,y_XLV,17,2025-08-20,-0.0033454468917862856,-0.0016846646111697984
ridge,y_XLV,15,2025-08-21,0.008245773151036584,-0.001215317826893002
ridge,y_XLV,16,2025-08-21,0.008245773151036584,-0.0015143392590303672
ridge,y_XLV,17,2025-08-21,0.008245773151036584,-0.0005013181711628824
ridge,y_XLV,15,2025-08-25,0.006240837298680635,-7.219844132701301e-05
ridge,y_XLV,16,2025-08-25,0.006240837298680635,-0.001117346086156252
ridge,y_XLV,17,2025-08-25,0.006240837298680635,0.002271540949481279
ridge,y_XLV,15,2025-08-26,-0.0005837418515388659,0.008884174266277883
ridge,y_XLV,16,2025-08-26,-0.0005837418515388659,0.006599785658260387
ridge,y_XLV,17,2025-08-26,-0.0005837418515388659,0.0038086400567112514
ridge,y_XLV,15,2025-08-27,-0.0039425870316533995,-0.0013612529195679286
ridge,y_XLV,16,2025-08-27,-0.0039425870316533995,3.0912556962283495e-05
ridge,y_XLV,17,2025-08-27,-0.0039425870316533995,4.923844969075111e-05
ridge,y_XLV,15,2025-08-28,0.007329877549905994,0.0005206346614048578
ridge,y_XLV,16,2025-08-28,0.007329877549905994,-0.002066524288719192
ridge,y_XLV,17,2025-08-28,0.007329877549905994,-0.006811911367387888
ridge,y_XLV,15,2025-09-02,-0.004725136576187339,-0.010286828004949256
ridge,y_XLV,16,2025-09-02,-0.004725136576187339,-0.007256570403515474
ridge,y_XLV,17,2025-09-02,-0.004725136576187339,-0.012384591420640526
ridge,y_XLV,16,2025-09-03,0.00379803310480753,0.013923703668000465
ridge,y_XLV,17,2025-09-03,0.00379803310480753,0.012490174692049157
ridge,y_XLV,18,2025-09-03,0.00379803310480753,0.009682386407192472
ridge,y_XLV,16,2025-09-04,0.0034199587727621328,0.005115658295634627
ridge,y_XLV,17,2025-09-04,0.0034199587727621328,0.01280740286794501
ridge,y_XLV,18,2025-09-04,0.0034199587727621328,0.014267372650672353
ridge,y_XLV,16,2025-09-08,0.005368023997646798,0.004083398882423866
ridge,y_XLV,17,2025-09-08,0.005368023997646798,0.0046673694996293
ridge,y_XLV,18,2025-09-08,0.005368023997646798,0.003945160635944403
ridge,y_XLV,16,2025-09-09,-0.009091577558817399,-0.003680751454740328
ridge,y_XLV,17,2025-09-09,-0.009091577558817399,-0.0018990602283244166
ridge,y_XLV,18,2025-09-09,-0.009091577558817399,0.0004423610129812082
ridge,y_XLV,16,2025-09-10,0.01740335297329465,0.023732362817711215
ridge,y_XLV,17,2025-09-10,0.01740335297329465,0.01670087159589365
ridge,y_XLV,18,2025-09-10,0.01740335297329465,0.016243101644462462
ridge,y_XLV,16,2025-09-11,-0.011523019044871963,0.013873031490195076
ridge,y_XLV,17,2025-09-11,-0.011523019044871963,0.009641098413734388
ridge,y_XLV,18,2025-09-11,-0.011523019044871963,0.01012838150323861
ridge,y_XLV,16,2025-09-15,0.0,-0.0021963358513003035
ridge,y_XLV,17,2025-09-15,0.0,0.0015825067916320319
ridge,y_XLV,18,2025-09-15,0.0,0.00012764289221184636
ridge,y_XLV,16,2025-09-16,0.0019718694941670556,-0.004030288027947339
ridge,y_XLV,17,2025-09-16,0.0019718694941670556,-0.006072297064658367
ridge,y_XLV,18,2025-09-16,0.0019718694941670556,-0.005702146397385455
ridge,y_XLV,16,2025-09-17,0.0019679888769359444,0.023630058860679592
ridge,y_XLV,17,2025-09-17,0.0019679888769359444,0.024314897457216288
ridge,y_XLV,18,2025-09-17,0.0019679888769359444,0.02509150618358081
ridge,y_XLV,16,2025-09-18,-0.0013093783425932592,-0.0321565666731898
ridge,y_XLV,17,2025-09-18,-0.0013093783425932592,-0.03533396500097121
ridge,y_XLV,18,2025-09-18,-0.0013093783425932592,-0.03854007457631603
ridge,y_XLV,16,2025-09-22,0.00226889997605495,-0.033613176643659454
ridge,y_XLV,17,2025-09-22,0.00226889997605495,-0.030498587114737997
ridge,y_XLV,18,2025-09-22,0.00226889997605495,-0.02951435854814566
ridge,y_XLV,17,2025-09-23,-0.0040163622111477615,0.0349522229805783
ridge,y_XLV,18,2025-09-23,-0.0040163622111477615,0.035439702127169806
ridge,y_XLV,19,2025-09-23,-0.0040163622111477615,0.036041716582884326
ridge,y_XLV,17,2025-09-24,-0.016570094015506687,0.28506394301164106
ridge,y_XLV,18,2025-09-24,-0.016570094015506687,0.2674166999966515
ridge,y_XLV,19,2025-09-24,-0.016570094015506687,0.2416986429652426
ridge,y_XLV,17,2025-09-25,0.010213902093779703,0.006801914419424865
ridge,y_XLV,18,2025-09-25,0.010213902093779703,0.00753838557177551
ridge,y_XLV,19,2025-09-25,0.010213902093779703,0.010609739976970383
ridge,y_XLV,17,2025-09-29,0.02406181105061278,0.005554143207501191
ridge,y_XLV,18,2025-09-29,0.02406181105061278,0.006593038275877238
ridge,y_XLV,19,2025-09-29,0.02406181105061278,0.0056256751567722646
ridge,y_XLV,17,2025-09-30,0.030897481493552537,0.016050210292971857
ridge,y_XLV,18,2025-09-30,0.030897481493552537,0.017247850128368013
ridge,y_XLV,19,2025-09-30,0.030897481493552537,0.018565431990676846
ridge,y_XLV,17,2025-10-01,-0.0019515988114386928,0.03888405824770976
ridge,y_XLV,18,2025-10-01,-0.0019515988114386928,0.03474546964122826
ridge,y_XLV,19,2025-10-01,-0.0019515988114386928,0.034666569701334554
ridge,y_XLV,17,2025-10-02,0.011383507478563315,-0.027321207888134608
ridge,y_XLV,18,2025-10-02,0.011383507478563315,-0.025917725440443223
ridge,y_XLV,19,2025-10-02,0.011383507478563315,-0.018508502243561882
ridge,y_XLV,17,2025-10-06,0.0007632112202469177,0.004929564022984179
ridge,y_XLV,18,2025-10-06,0.0007632112202469177,0.0035603875668258093
ridge,y_XLV,19,2025-10-06,0.0007632112202469177,0.002898987332149552
ridge,y_XLV,17,2025-10-07,0.0019413151645273352,-0.003758635827748274
ridge,y_XLV,18,2025-10-07,0.0019413151645273352,-0.0036789825683480274
ridge,y_XLV,19,2025-10-07,0.0019413151645273352,-0.004171231550007143
ridge,y_XLV,17,2025-10-08,-0.00221431685960205,0.01488827135431319
ridge,y_XLV,18,2025-10-08,-0.00221431685960205,0.014811879434303303
ridge,y_XLV,19,2025-10-08,-0.00221431685960205,0.02069814147172145
ridge,y_XLV,17,2025-10-09,-0.01442542620988041,-0.025498812614540067
ridge,y_XLV,18,2025-10-09,-0.01442542620988041,-0.02200770544487093
ridge,y_XLV,19,2025-10-09,-0.01442542620988041,-0.020033275277062175
ridge,y_XLV,18,2025-10-13,0.002747374934527258,0.022254667800343318
ridge,y_XLV,19,2025-10-13,0.002747374934527258,0.021891331951738004
ridge,y_XLV,20,2025-10-13,0.002747374934527258,0.02217535964834404
ridge,y_XLV,18,2025-10-14,0.0015456185154698598,0.014830419171993488
ridge,y_XLV,19,2025-10-14,0.0015456185154698598,0.011900789261488449
ridge,y_XLV,20,2025-10-14,0.0015456185154698598,0.012327171115552961
ridge,y_XLV,18,2025-10-15,-0.0016834001652120678,0.02697666188117337
ridge,y_XLV,19,2025-10-15,-0.0016834001652120678,0.03426735042567531
ridge,y_XLV,20,2025-10-15,-0.0016834001652120678,0.03271404755219491
ridge,y_XLV,18,2025-10-16,0.006675076505776367,-0.03793068796989527
ridge,y_XLV,19,2025-10-16,0.006675076505776367,-0.027623485858396205
ridge,y_XLV,20,2025-10-16,0.006675076505776367,-0.026475979922691767
ridge,y_XLV,18,2025-10-20,0.002348254329871846,0.017244060407640087
ridge,y_XLV,19,2025-10-20,0.002348254329871846,0.015520637970616966
ridge,y_XLV,20,2025-10-20,0.002348254329871846,0.015286029824715816
ridge,y_XLV,18,2025-10-21,0.005719092011125859,-0.0065893116023791574
ridge,y_XLV,19,2025-10-21,0.005719092011125859,-0.006975157520524745
ridge,y_XLV,20,2025-10-21,0.005719092011125859,-0.00598463376150799
ridge,y_XLV,18,2025-10-22,0.0005479222523625538,-0.004654701010876613
ridge,y_XLV,19,2025-10-22,0.0005479222523625538,0.0004942560037262027
ridge,y_XLV,20,2025-10-22,0.0005479222523625538,0.00047657691594370563
ridge,y_XLV,18,2025-10-23,-6.841342653363114e-05,0.01587076248826123
ridge,y_XLV,19,2025-10-23,-6.841342653363114e-05,0.013012771468450361
ridge,y_XLV,20,2025-10-23,-6.841342653363114e-05,0.01234496847291017
ridge,y_XLV,18,2025-10-27,-0.006285497782675953,0.0006986853719009429
ridge,y_XLV,19,2025-10-27,-0.006285497782675953,-0.0033451411694574947
ridge,y_XLV,20,2025-10-27,-0.006285497782675953,-0.003577670321974451
ridge,y_XLV,18,2025-10-28,-0.010106522573031795,-0.0012420074832511243
ridge,y_XLV,19,2025-10-28,-0.010106522573031795,-0.0036571126352674685
ridge,y_XLV,20,2025-10-28,-0.010106522573031795,-0.002786925696170555
ridge,y_XLV,18,2025-10-29,0.0022225741501951113,-0.004515881565595587
ridge,y_XLV,19,2025-10-29,0.0022225741501951113,-0.002854347675049394
ridge,y_XLV,20,2025-10-29,0.0022225741501951113,-0.0034869624909017152
ridge,y_XLV,18,2025-10-30,-0.0003465103918605106,-0.000887287667177161
ridge,y_XLV,19,2025-10-30,-0.0003465103918605106,-0.0011763904660682051
ridge,y_XLV,20,2025-10-30,-0.0003465103918605106,0.0002689710581852945
ridge,y_XLV,19,2025-11-03,0.004499957725708992,0.0152437190973804
ridge,y_XLV,20,2025-11-03,0.004499957725708992,0.015569718285597979
ridge,y_XLV,21,2025-11-03,0.004499957725708992,0.011151064015382585
ridge,y_XLV,19,2025-11-04,0.003859350010434026,-0.02711530616045842
ridge,y_XLV,20,2025-11-04,0.003859350010434026,-0.029029737385221507
ridge,y_XLV,21,2025-11-04,0.003859350010434026,-0.024407757316396425
ridge,y_XLV,19,2025-11-05,0.0019222563451712915,0.009556278486563125
ridge,y_XLV,20,2025-11-05,0.0019222563451712915,0.012624820900567683
ridge,y_XLV,21,2025-11-05,0.0019222563451712915,0.010102858334665255
ridge,y_XLV,19,2025-11-06,0.0013703609747739431,-0.025610549084129068
ridge,y_XLV,20,2025-11-06,0.0013703609747739431,-0.024605965879203412
ridge,y_XLV,21,2025-11-06,0.0013703609747739431,-0.02045320946368978
ridge,y_XLV,19,2025-11-10,0.023085221076130535,-0.009318356536719367
ridge,y_XLV,20,2025-11-10,0.023085221076130535,-0.007654244274705233
ridge,y_XLV,21,2025-11-10,0.023085221076130535,-0.006044154298440551
ridge,y_XLV,19,2025-11-11,0.014202350003676312,-0.0007531767245488778
ridge,y_XLV,20,2025-11-11,0.014202350003676312,-5.663865480316641e-05
ridge,y_XLV,21,2025-11-11,0.014202350003676312,0.001493901384493631
ridge,y_XLV,19,2025-11-12,-0.0005235269249866947,0.005961791052901979
ridge,y_XLV,20,2025-11-12,-0.0005235269249866947,0.006309678792817941
ridge,y_XLV,21,2025-11-12,-0.0005235269249866947,0.006455553341814654
ridge,y_XLV,19,2025-11-13,-0.005957849307195007,-0.0035966883572700788
ridge,y_XLV,20,2025-11-13,-0.005957849307195007,-0.0048309826171438535
ridge,y_XLV,21,2025-11-13,-0.005957849307195007,-0.00730831670392942
ridge,y_XLV,19,2025-11-17,0.005866871710869859,-0.013630747068686534
ridge,y_XLV,20,2025-11-17,0.005866871710869859,-0.01306711625728329
ridge,y_XLV,21,2025-11-17,0.005866871710869859,-0.011860557981708285
ridge,y_XLV,19,2025-11-18,-0.001703901710971567,-0.00302727384368049
ridge,y_XLV,20,2025-11-18,-0.001703901710971567,-0.002692495658128273
ridge,y_XLV,21,2025-11-18,-0.001703901710971567,-0.003259652994462919
ridge,y_XLV,19,2025-11-19,-0.0059738851136939,0.005517980240340979
ridge,y_XLV,20,2025-11-19,-0.0059738851136939,0.005179234632215375
ridge,y_XLV,21,2025-11-19,-0.0059738851136939,0.0052544112626507836
ridge,y_XLV,19,2025-11-20,0.021067296052313278,0.01795438002588161
ridge,y_XLV,20,2025-11-20,0.021067296052313278,0.020139951813856805
ridge,y_XLV,21,2025-11-20,0.021067296052313278,0.019405539776661915
ridge,y_XLV,20,2025-11-24,0.022607344097739013,0.00010471153415282788
ridge,y_XLV,21,2025-11-24,0.022607344097739013,0.001042938247835033
ridge,y_XLV,22,2025-11-24,0.022607344097739013,0.0009304054883999976
ridge,y_XLV,20,2025-11-25,-0.0022045105554177047,-0.019038247859383614
ridge,y_XLV,21,2025-11-25,-0.0022045105554177047,-0.01502564559773365
ridge,y_XLV,22,2025-11-25,-0.0022045105554177047,-0.008864060233298268
ridge,y_XLV,20,2025-12-01,-0.005988791516342462,0.006040027348213488
ridge,y_XLV,21,2025-12-01,-0.005988791516342462,0.007002603372563291
ridge,y_XLV,22,2025-12-01,-0.005988791516342462,0.007858804959484168
ridge,y_XLV,20,2025-12-02,0.00466443719553622,-0.013345238116825796
ridge,y_XLV,21,2025-12-02,0.00466443719553622,-0.012563335311867804
ridge,y_XLV,22,2025-12-02,0.00466443719553622,-0.014353468093510366
ridge,y_XLV,20,2025-12-03,-0.007609019046707188,-0.01238258727278392
ridge,y_XLV,21,2025-12-03,-0.007609019046707188,-0.013478718438443761
ridge,y_XLV,22,2025-12-03,-0.007609019046707188,-0.015510753027301021
ridge,y_XLV,20,2025-12-04,-0.004158526018841369,0.014821142315610455
ridge,y_XLV,21,2025-12-04,-0.004158526018841369,0.014828790736886645
ridge,y_XLV,22,2025-12-04,-0.004158526018841369,0.014726305881350075
ridge,y_XLV,20,2025-12-08,-0.009707313291980157,-0.04948760494725054
ridge,y_XLV,21,2025-12-08,-0.009707313291980157,-0.0441892871223191
ridge,y_XLV,22,2025-12-08,-0.009707313291980157,-0.05774797823638157
ridge,y_XLV,20,2025-12-09,0.01453714071766643,-0.05185032117668662
ridge,y_XLV,21,2025-12-09,0.01453714071766643,-0.05412115204199857
ridge,y_XLV,22,2025-12-09,0.01453714071766643,-0.04707072089816687
ridge,y_XLV,20,2025-12-10,0.009464999685748987,0.004408481638175509
ridge,y_XLV,21,2025-12-10,0.009464999685748987,0.005725513785017858
ridge,y_XLV,22,2025-12-10,0.009464999685748987,0.01019391980823502
ridge,y_XLV,20,2025-12-11,0.0031254178165978086,-0.022328473387329375
ridge,y_XLV,21,2025-12-11,0.0031254178165978086,-0.023089864443614445
ridge,y_XLV,22,2025-12-11,0.0031254178165978086,-0.01685053018377279
ridge,y_XLV,21,2025-12-15,-0.013004487870615922,0.030939379300631252
ridge,y_XLV,22,2025-12-15,-0.013004487870615922,0.028192299467513372
ridge,y_XLV,23,2025-12-15,-0.013004487870615922,0.024149994272808357
ridge,y_XLV,21,2025-12-16,-0.0018174282748395498,0.01630814570952476
ridge,y_XLV,22,2025-12-16,-0.0018174282748395498,0.015306668677678287
ridge,y_XLV,23,2025-12-16,-0.0018174282748395498,0.013885969423354157
ridge,y_XLV,21,2025-12-17,0.0007802875316209601,-0.005700810434287964
ridge,y_XLV,22,2025-12-17,0.0007802875316209601,-0.004314841890605285
ridge,y_XLV,23,2025-12-17,0.0007802875316209601,-0.0017348718049729234
ridge,y_XLV,21,2025-12-18,0.0066922378066234245,-0.006251566810801619
ridge,y_XLV,22,2025-12-18,0.0066922378066234245,-0.0007933976845013958
ridge,y_XLV,23,2025-12-18,0.0066922378066234245,-0.009283664441392225
ridge,y_XLV,21,2025-12-23,0.0052261276849201455,0.01668699695484462
ridge,y_XLV,22,2025-12-23,0.0052261276849201455,0.014940806586286447
ridge,y_XLV,23,2025-12-23,0.0052261276849201455,0.01511247706903424
ridge,y_XLV,21,2025-12-29,-0.0008343808795940877,-0.004561913438935666
ridge,y_XLV,22,2025-12-29,-0.0008343808795940877,-0.005368789423681188
ridge,y_XLV,23,2025-12-29,-0.0008343808795940877,-0.0043979128592132755
ridge,y_XLV,21,2025-12-30,-0.00565255437708112,0.0037983865470226745
ridge,y_XLV,22,2025-12-30,-0.00565255437708112,0.0010564822881148706
ridge,y_XLV,23,2025-12-30,-0.00565255437708112,0.0006297379934838815
ridge,y_XLV,22,2026-01-05,0.019672363156833406,-0.01078048595457607
ridge,y_XLV,23,2026-01-05,0.019672363156833406,-0.009080398868476483
ridge,y_XLV,24,2026-01-05,0.019672363156833406,-0.012273812865701022
ridge,y_XLV,22,2026-01-06,0.0099310984919192,-0.003992498237648709
ridge,y_XLV,23,2026-01-06,0.0099310984919192,-0.0017558665878974645
ridge,y_XLV,24,2026-01-06,0.0099310984919192,-0.00437326742196523
ridge,y_XLV,22,2026-01-07,-0.009645549978697376,-0.0008171946505740586
ridge,y_XLV,23,2026-01-07,-0.009645549978697376,-0.0029559366793464326
ridge,y_XLV,24,2026-01-07,-0.009645549978697376,-0.0015212080306972419
ridge,y_XLV,22,2026-01-08,-0.005122676344591515,0.007675595701271148
ridge,y_XLV,23,2026-01-08,-0.005122676344591515,0.005092541406526974
ridge,y_XLV,24,2026-01-08,-0.005122676344591515,0.0035487571584777748
ridge,y_XLV,22,2026-01-12,-0.004066586413725148,0.00473697593925552
ridge,y_XLV,23,2026-01-12,-0.004066586413725148,0.0008492841982915265
ridge,y_XLV,24,2026-01-12,-0.004066586413725148,0.0020993243315133095
ridge,y_XLV,22,2026-01-13,0.007145560022558062,0.008708120127459182
ridge,y_XLV,23,2026-01-13,0.007145560022558062,0.010823569855479458
ridge,y_XLV,24,2026-01-13,0.007145560022558062,0.010501555475600225
ridge,y_XLV,22,2026-01-14,-0.005701215589792419,-0.017649709578081853
ridge,y_XLV,23,2026-01-14,-0.005701215589792419,-0.01676488371600739
ridge,y_XLV,24,2026-01-14,-0.005701215589792419,-0.01645584837504054
ridge,y_XLV,22,2026-01-15,-0.00777268838250722,-0.024402449861971896
ridge,y_XLV,23,2026-01-15,-0.00777268838250722,-0.023880339401240094
ridge,y_XLV,24,2026-01-15,-0.00777268838250722,-0.02338877173757121
ridge,y_XLV,22,2026-01-21,0.00018955377441010057,0.004428480164222652
ridge,y_XLV,23,2026-01-21,0.00018955377441010057,0.004602766724536668
ridge,y_XLV,24,2026-01-21,0.00018955377441010057,0.004157924374123118
ridge,y_XLV,22,2026-01-22,-0.005117174761196441,-0.002937414613372049
ridge,y_XLV,23,2026-01-22,-0.005117174761196441,-0.004383654302492986
ridge,y_XLV,24,2026-01-22,-0.005117174761196441,-0.0038064775673835776
ridge,y_XLV,23,2026-01-26,-0.01676160058803766,0.004277702923306734
ridge,y_XLV,24,2026-01-26,-0.01676160058803766,0.0033080756612541952
ridge,y_XLV,23,2026-01-27,-0.007333543982172008,-0.025607339025781963
ridge,y_XLV,24,2026-01-27,-0.007333543982172008,-0.026208876669682003
ridge,y_XLV,23,2026-01-28,-0.0031753628548204516,0.0071112605457645875
ridge,y_XLV,24,2026-01-28,-0.0031753628548204516,0.007992856549403439
ridge,y_XLV,23,2026-01-29,0.005981004584183713,0.011091024048167576
ridge,y_XLV,24,2026-01-29,0.005981004584183713,0.01213798056583106
ridge,y_XLV,23,2026-02-02,-0.010212578283496532,-0.014317975834164217
ridge,y_XLV,24,2026-02-02,-0.010212578283496532,-0.013965366404966236
ridge,y_XLV,23,2026-02-03,0.012524286822446884,-0.0003561678387679793
ridge,y_XLV,24,2026-02-03,0.012524286822446884,-0.00019506029017330454
ridge,y_XLV,23,2026-02-04,-0.007626754154433479,-0.005451783335887569
ridge,y_XLV,24,2026-02-04,-0.007626754154433479,-0.005618526443325838
ridge,y_XLV,23,2026-02-05,0.01853532965548288,-0.004708121138579586
ridge,y_XLV,24,2026-02-05,0.01853532965548288,-0.004237576457817474
ridge,y_XLV,23,2026-02-09,-0.00633319758686246,0.002388659048901504
ridge,y_XLV,24,2026-02-09,-0.00633319758686246,0.0022955412920326497
ridge,y_XLV,23,2026-02-10,0.0059228620234355045,-0.006057703106157702
ridge,y_XLV,24,2026-02-10,0.0059228620234355045,-0.005592204317916306
ridge,y_XLV,23,2026-02-11,-0.0016000000000000458,0.015419545240938722
ridge,y_XLV,24,2026-02-11,-0.0016000000000000458,0.015493050408640217
ridge,y_XLV,23,2026-02-12,0.010705116467598197,-0.01451053425473729
ridge,y_XLV,24,2026-02-12,0.010705116467598197,-0.013522413200667535
ridge,y_XLV,24,2026-02-17,0.0019063548393352114,-0.0028715593029290973
ridge,y_XLV,24,2026-02-18,-0.0026003911135334956,-0.0001880211691743956
ridge,y_XLV,24,2026-02-19,-0.0027978328754046933,-0.0030114086012740637
ridge,y_XLV,24,2026-02-23,-0.004226051452746682,0.016355965859339575
ridge,y_XLV,24,2026-02-24,-0.00025333050845488536,-0.007497458694235312
ridge,y_XLV,24,2026-02-25,-0.0025977549094136076,0.01810715983249397
ridge,y_XLV,24,2026-02-26,0.01765975614047033,0.028815340169312132
ridge,y_XLV,24,2026-03-02,-0.011291195987611191,0.007460320949209764
ridge,y_XLV,24,2026-03-03,0.001977781981175708,0.004632891434695743
ridge,y_XLV,24,2026-03-04,-0.019993628326219204,0.009770261336623055
ridge,y_XLV,24,2026-03-05,-0.007861780813959385,0.007575305541409497
ridge,y_XLY,0,2024-08-05,0.011041198823721121,0.000737945386837791
ridge,y_XLY,0,2024-08-06,-0.017449621646755342,-0.003432968096267651
ridge,y_XLY,0,2024-08-07,0.021817056069055374,0.027896237468299404
ridge,y_XLY,0,2024-08-08,0.0033379284390684383,0.02577965817966353
ridge,y_XLY,0,2024-08-12,0.02505049972953799,-0.0016098449857688383
ridge,y_XLY,0,2024-08-13,-0.005337204498623738,-0.037920069814736
ridge,y_XLY,0,2024-08-14,0.03191176847918231,-0.004582481588146175
ridge,y_XLY,0,2024-08-15,0.0023536287188543614,0.006749508203527358
ridge,y_XLY,0,2024-08-19,-0.0009170385207023513,-0.02645875653170653
ridge,y_XLY,0,2024-08-20,0.012634243741173723,0.08549814765317519
ridge,y_XLY,0,2024-08-21,-0.017275358507519267,0.06576919164131348
ridge,y_XLY,0,2024-08-22,0.019315283859488774,0.005342980538049408
ridge,y_XLY,0,2024-08-26,-0.0026285702065147465,0.015604549991267027
ridge,y_XLY,1,2024-08-26,-0.0026285702065147465,0.016472005717712644
ridge,y_XLY,0,2024-08-27,-0.009681554474129772,0.008516747450678418
ridge,y_XLY,1,2024-08-27,-0.009681554474129772,0.0032363729686191276
ridge,y_XLY,0,2024-08-28,0.0011947191667245338,-0.02255979961309115
ridge,y_XLY,1,2024-08-28,0.0011947191667245338,-0.02596942150988135
ridge,y_XLY,0,2024-08-29,0.015080795845299866,-0.007758946829229081
ridge,y_XLY,1,2024-08-29,0.015080795845299866,-0.004637241586826654
ridge,y_XLY,0,2024-09-03,0.0026008912892079294,0.014992730126180496
ridge,y_XLY,1,2024-09-03,0.0026008912892079294,0.008679153258285369
ridge,y_XLY,0,2024-09-04,0.011349631413396066,0.031769407579570225
ridge,y_XLY,1,2024-09-04,0.011349631413396066,0.04143168452834271
ridge,y_XLY,0,2024-09-05,-0.02527659722044473,0.024695022913769803
ridge,y_XLY,1,2024-09-05,-0.02527659722044473,0.03359143351531406
ridge,y_XLY,0,2024-09-09,0.011455751563631988,0.0942486057898202
ridge,y_XLY,1,2024-09-09,0.011455751563631988,0.09693950131678955
ridge,y_XLY,0,2024-09-10,0.009990502571239901,0.07016127787001859
ridge,y_XLY,1,2024-09-10,0.009990502571239901,0.07137758312376681
ridge,y_XLY,0,2024-09-11,0.011266770566778606,-0.08258060775796933
ridge,y_XLY,1,2024-09-11,0.011266770566778606,-0.09869169185849902
ridge,y_XLY,0,2024-09-12,0.00679990382031348,0.08272580747786382
ridge,y_XLY,1,2024-09-12,0.00679990382031348,0.07989112927505151
ridge,y_XLY,2,2024-09-12,0.00679990382031348,0.07869595473024735
ridge,y_XLY,0,2024-09-16,0.005100257320783896,-0.16958357618189743
ridge,y_XLY,1,2024-09-16,0.005100257320783896,-0.16691703259599044
ridge,y_XLY,2,2024-09-16,0.005100257320783896,-0.17264588450199578
ridge,y_XLY,0,2024-09-17,-0.0019677770999391164,0.030692847097470357
ridge,y_XLY,1,2024-09-17,-0.0019677770999391164,0.03101833146229713
ridge,y_XLY,2,2024-09-17,-0.0019677770999391164,0.03975744356482256
ridge,y_XLY,0,2024-09-18,0.022775743369557455,0.07491953812172322
ridge,y_XLY,1,2024-09-18,0.022775743369557455,0.07921505380689052
ridge,y_XLY,2,2024-09-18,0.022775743369557455,0.07507902228117672
ridge,y_XLY,0,2024-09-19,-0.0022825762276763584,-0.06667689782472162
ridge,y_XLY,1,2024-09-19,-0.0022825762276763584,-0.07671825025761334
ridge,y_XLY,2,2024-09-19,-0.0022825762276763584,-0.09364456293768171
ridge,y_XLY,0,2024-09-23,0.008758347020918711,-7.631530053972503e-05
ridge,y_XLY,1,2024-09-23,0.008758347020918711,-0.0009802808046430619
ridge,y_XLY,2,2024-09-23,0.008758347020918711,-0.0024579620011845283
ridge,y_XLY,0,2024-09-24,-0.0035927360469284464,0.0347294468802537
ridge,y_XLY,1,2024-09-24,-0.0035927360469284464,0.02440871218522799
ridge,y_XLY,2,2024-09-24,-0.0035927360469284464,0.020677992219668193
ridge,y_XLY,0,2024-09-25,0.0042565740490061454,0.03390430338710678
ridge,y_XLY,1,2024-09-25,0.0042565740490061454,0.034499160527790736
ridge,y_XLY,2,2024-09-25,0.0042565740490061454,0.028548739293063546
ridge,y_XLY,0,2024-09-26,0.0014959390502684577,-0.03990724691015966
ridge,y_XLY,1,2024-09-26,0.0014959390502684577,-0.027192956043181858
ridge,y_XLY,2,2024-09-26,0.0014959390502684577,-0.023826546240586416
ridge,y_XLY,0,2024-09-30,-0.004042423902878123,-0.032674199339907284
ridge,y_XLY,1,2024-09-30,-0.004042423902878123,-0.033506931399068296
ridge,y_XLY,2,2024-09-30,-0.004042423902878123,-0.037604533840772905
ridge,y_XLY,0,2024-10-01,-0.008468699832540838,-0.006803445494798709
ridge,y_XLY,1,2024-10-01,-0.008468699832540838,-0.010758128226256164
ridge,y_XLY,2,2024-10-01,-0.008468699832540838,-0.024210845465530834
ridge,y_XLY,0,2024-10-02,-0.011573202955691309,0.03757323108546429
ridge,y_XLY,1,2024-10-02,-0.011573202955691309,0.027360234430315596
ridge,y_XLY,2,2024-10-02,-0.011573202955691309,0.029044432845604193
ridge,y_XLY,0,2024-10-03,0.01324266575546007,0.05666057350316958
ridge,y_XLY,1,2024-10-03,0.01324266575546007,0.048321145769433804
ridge,y_XLY,2,2024-10-03,0.01324266575546007,0.03797353184966405
ridge,y_XLY,1,2024-10-07,0.009739189873101628,0.027401891078610793
ridge,y_XLY,2,2024-10-07,0.009739189873101628,0.02387683312329641
ridge,y_XLY,3,2024-10-07,0.009739189873101628,-0.004427393856088799
ridge,y_XLY,1,2024-10-08,0.007157579548600745,0.0796182920611681
ridge,y_XLY,2,2024-10-08,0.007157579548600745,0.08925437494957698
ridge,y_XLY,3,2024-10-08,0.007157579548600745,0.05438129056723272
ridge,y_XLY,1,2024-10-09,-0.00493936661669947,0.00988385155075504
ridge,y_XLY,2,2024-10-09,-0.00493936661669947,0.010403636572729956
ridge,y_XLY,3,2024-10-09,-0.00493936661669947,0.0058606772698128065
ridge,y_XLY,1,2024-10-10,-0.004254903683742928,-0.02285356232226777
ridge,y_XLY,2,2024-10-10,-0.004254903683742928,-0.02501812644868032
ridge,y_XLY,3,2024-10-10,-0.004254903683742928,-0.023235462557259553
ridge,y_XLY,1,2024-10-14,0.0021778840660593435,0.003271274730053441
ridge,y_XLY,2,2024-10-14,0.0021778840660593435,8.570360298037848e-05
ridge,y_XLY,3,2024-10-14,0.0021778840660593435,-0.0061972191386467385
ridge,y_XLY,1,2024-10-15,0.005255977276285462,-0.029110519764542566
ridge,y_XLY,2,2024-10-15,0.005255977276285462,-0.035787947264053786
ridge,y_XLY,3,2024-10-15,0.005255977276285462,-0.029367785474446875
ridge,y_XLY,1,2024-10-16,-0.0009049186549991983,0.004620577573214633
ridge,y_XLY,2,2024-10-16,-0.0009049186549991983,0.006879707957640684
ridge,y_XLY,3,2024-10-16,-0.0009049186549991983,-0.0016364012220039686
ridge,y_XLY,1,2024-10-17,0.0039249434485824075,-0.0339459120975196
ridge,y_XLY,2,2024-10-17,0.0039249434485824075,-0.036009770136040974
ridge,y_XLY,3,2024-10-17,0.0039249434485824075,-0.024200987506834692
ridge,y_XLY,1,2024-10-21,-0.004041317057143612,-0.09692780869339092
ridge,y_XLY,2,2024-10-21,-0.004041317057143612,-0.10980084142895641
ridge,y_XLY,3,2024-10-21,-0.004041317057143612,-0.093657744438578
ridge,y_XLY,1,2024-10-22,-0.01572319813245926,0.01558685911399215
ridge,y_XLY,2,2024-10-22,-0.01572319813245926,0.01306188116447362
ridge,y_XLY,3,2024-10-22,-0.01572319813245926,0.001563902842076364
ridge,y_XLY,1,2024-10-23,0.031536653827282324,0.05721818026862077
ridge,y_XLY,2,2024-10-23,0.031536653827282324,0.0583288190031804
ridge,y_XLY,3,2024-10-23,0.031536653827282324,0.03170518873392049
ridge,y_XLY,1,2024-10-24,0.003147160003152294,0.05589783681493771
ridge,y_XLY,2,2024-10-24,0.003147160003152294,0.054288732734436046
ridge,y_XLY,3,2024-10-24,0.003147160003152294,0.07855077238413762
ridge,y_XLY,2,2024-10-28,-0.005216576045195875,-0.2752983179776397
ridge,y_XLY,3,2024-10-28,-0.005216576045195875,-0.1448437614966036
ridge,y_XLY,4,2024-10-28,-0.005216576045195875,-0.13049965896913146
ridge,y_XLY,2,2024-10-29,-0.0013984484530545904,0.09135041534986443
ridge,y_XLY,3,2024-10-29,-0.0013984484530545904,0.056176186045557616
ridge,y_XLY,4,2024-10-29,-0.0013984484530545904,0.04471916135003676
ridge,y_XLY,2,2024-10-30,-0.015303680604515368,0.04915487108334095
ridge,y_XLY,3,2024-10-30,-0.015303680604515368,0.0686025801011701
ridge,y_XLY,4,2024-10-30,-0.015303680604515368,0.06819105042312298
ridge,y_XLY,2,2024-10-31,0.016252647921792374,-0.14825675426853233
ridge,y_XLY,3,2024-10-31,0.016252647921792374,-0.16992393071868717
ridge,y_XLY,4,2024-10-31,0.016252647921792374,-0.148121424924223
ridge,y_XLY,2,2024-11-04,0.017703122614795008,-0.03009095595617549
ridge,y_XLY,3,2024-11-04,0.017703122614795008,-0.024443315433487788
ridge,y_XLY,4,2024-11-04,0.017703122614795008,-0.02404289164583293
ridge,y_XLY,2,2024-11-05,0.031981499980015426,0.02699445503589673
ridge,y_XLY,3,2024-11-05,0.031981499980015426,0.035529129656932446
ridge,y_XLY,4,2024-11-05,0.031981499980015426,0.02883990285602887
ridge,y_XLY,2,2024-11-06,0.012844997288508297,-0.010293280554336101
ridge,y_XLY,3,2024-11-06,0.012844997288508297,-0.013388985043796162
ridge,y_XLY,4,2024-11-06,0.012844997288508297,-0.018135975823807313
ridge,y_XLY,2,2024-11-07,0.01419079768186382,0.03718847422615037
ridge,y_XLY,3,2024-11-07,0.01419079768186382,0.03078651704549501
ridge,y_XLY,4,2024-11-07,0.01419079768186382,0.03438863381563042
ridge,y_XLY,2,2024-11-11,-0.013351002199942563,-0.01863479482242242
ridge,y_XLY,3,2024-11-11,-0.013351002199942563,-0.019366789540767485
ridge,y_XLY,4,2024-11-11,-0.013351002199942563,0.001343472094347829
ridge,y_XLY,2,2024-11-12,0.00854383252282287,0.03387389004332465
ridge,y_XLY,3,2024-11-12,0.00854383252282287,0.026668998303161502
ridge,y_XLY,4,2024-11-12,0.00854383252282287,0.028884934669853476
ridge,y_XLY,2,2024-11-13,-0.014195372877705892,0.013887650525069312
ridge,y_XLY,3,2024-11-13,-0.014195372877705892,0.01004461293526999
ridge,y_XLY,4,2024-11-13,-0.014195372877705892,0.009972541697086555
ridge,y_XLY,2,2024-11-14,-0.008547026300840033,0.05749446849670137
ridge,y_XLY,3,2024-11-14,-0.008547026300840033,-0.0015202825755200873
ridge,y_XLY,4,2024-11-14,-0.008547026300840033,0.015051845122255724
ridge,y_XLY,3,2024-11-18,0.0007426870912894401,-0.05908931844423068
ridge,y_XLY,4,2024-11-18,0.0007426870912894401,-0.05902172021618248
ridge,y_XLY,5,2024-11-18,0.0007426870912894401,-0.03138308003103823
ridge,y_XLY,3,2024-11-19,-0.004406892486286784,0.06222289992167499
ridge,y_XLY,4,2024-11-19,-0.004406892486286784,0.030870399507011963
ridge,y_XLY,5,2024-11-19,-0.004406892486286784,0.11984936367101598
ridge,y_XLY,3,2024-11-20,0.001770617138818098,0.0072693766462092815
ridge,y_XLY,4,2024-11-20,0.001770617138818098,0.0094361519062354
ridge,y_XLY,5,2024-11-20,0.001770617138818098,0.028695949901241646
ridge,y_XLY,3,2024-11-21,0.014418536099413792,0.03805825149410601
ridge,y_XLY,4,2024-11-21,0.014418536099413792,0.0378625357218339
ridge,y_XLY,5,2024-11-21,0.014418536099413792,0.0406315864927178
ridge,y_XLY,3,2024-11-25,0.00363093400967629,0.0013724710459114653
ridge,y_XLY,4,2024-11-25,0.00363093400967629,0.0006921270995737291
ridge,y_XLY,5,2024-11-25,0.00363093400967629,-0.0016988163047022028
ridge,y_XLY,3,2024-11-26,-0.004929329128270266,0.06855637794806206
ridge,y_XLY,4,2024-11-26,-0.004929329128270266,0.09361940380082531
ridge,y_XLY,5,2024-11-26,-0.004929329128270266,0.09582966885708913
ridge,y_XLY,3,2024-12-02,-0.0007582083480348611,0.05455302143543758
ridge,y_XLY,4,2024-12-02,-0.0007582083480348611,0.045163499267554245
ridge,y_XLY,5,2024-12-02,-0.0007582083480348611,0.041759371556031266
ridge,y_XLY,3,2024-12-03,0.009282884748771814,0.09419266235660795
ridge,y_XLY,4,2024-12-03,0.009282884748771814,0.10372856874763807
ridge,y_XLY,5,2024-12-03,0.009282884748771814,0.09080615864679045
ridge,y_XLY,3,2024-12-04,0.008180462049679038,0.008970754497723261
ridge,y_XLY,4,2024-12-04,0.008180462049679038,0.010944837714148677
ridge,y_XLY,5,2024-12-04,0.008180462049679038,0.006767019684363759
ridge,y_XLY,3,2024-12-05,0.021052660767264086,-0.023152420826971547
ridge,y_XLY,4,2024-12-05,0.021052660767264086,-0.023239962415143995
ridge,y_XLY,5,2024-12-05,0.021052660767264086,-0.018323509398575293
ridge,y_XLY,4,2024-12-09,0.0016374170460418114,0.01831262400898366
ridge,y_XLY,5,2024-12-09,0.0016374170460418114,0.011946338599015102
ridge,y_XLY,6,2024-12-09,0.0016374170460418114,0.022471960647573612
ridge,y_XLY,4,2024-12-10,0.017552992400003298,0.06463271817870352
ridge,y_XLY,5,2024-12-10,0.017552992400003298,0.05664508198545793
ridge,y_XLY,6,2024-12-10,0.017552992400003298,0.059394946297359266
ridge,y_XLY,4,2024-12-11,-0.008286834470044746,0.002144187700512729
ridge,y_XLY,5,2024-12-11,-0.008286834470044746,-1.8091296688837967e-05
ridge,y_XLY,6,2024-12-11,-0.008286834470044746,-0.0029145909119607147
ridge,y_XLY,4,2024-12-12,0.0039649108805552835,-0.0406281449562936
ridge,y_XLY,5,2024-12-12,0.0039649108805552835,-0.03606215458210274
ridge,y_XLY,6,2024-12-12,0.0039649108805552835,-0.027146736508713146
ridge,y_XLY,4,2024-12-16,0.0031423983903478003,-0.024797446039945405
ridge,y_XLY,5,2024-12-16,0.0031423983903478003,-0.00692444343361825
ridge,y_XLY,6,2024-12-16,0.0031423983903478003,-0.01560850230308143
ridge,y_XLY,4,2024-12-17,-0.04506531511703005,-0.014300983777325159
ridge,y_XLY,5,2024-12-17,-0.04506531511703005,-0.018054592346706796
ridge,y_XLY,6,2024-12-17,-0.04506531511703005,-0.01319907248847245
ridge,y_XLY,4,2024-12-18,-0.00135592447611943,0.008311979093799889
ridge,y_XLY,5,2024-12-18,-0.00135592447611943,0.007472291945841699
ridge,y_XLY,6,2024-12-18,-0.00135592447611943,0.012289357132567317
ridge,y_XLY,4,2024-12-19,0.002540213461942775,-0.004708375783083563
ridge,y_XLY,5,2024-12-19,0.002540213461942775,0.010013382674328641
ridge,y_XLY,6,2024-12-19,0.002540213461942775,0.020151280033195385
ridge,y_XLY,4,2024-12-23,0.023126909453738076,-0.0034157142046176516
ridge,y_XLY,5,2024-12-23,0.023126909453738076,0.0029153816644194815
ridge,y_XLY,6,2024-12-23,0.023126909453738076,0.009876841560345245
ridge,y_XLY,4,2024-12-26,-0.01652403268358793,-0.024195433045552415
ridge,y_XLY,5,2024-12-26,-0.01652403268358793,-0.008804791591940253
ridge,y_XLY,6,2024-12-26,-0.01652403268358793,-0.008878520480981627
ridge,y_XLY,5,2024-12-30,-0.007520490435980909,0.0038215182045485277
ridge,y_XLY,6,2024-12-30,-0.007520490435980909,0.006903163195226639
ridge,y_XLY,7,2024-12-30,-0.007520490435980909,0.015841382724580917
ridge,y_XLY,5,2025-01-02,0.020234880130356236,0.006563165964780134
ridge,y_XLY,6,2025-01-02,0.020234880130356236,0.005289647218995795
ridge,y_XLY,7,2025-01-02,0.020234880130356236,0.005450091392181011
ridge,y_XLY,5,2025-01-06,-0.01935874012156813,0.02727572797586278
ridge,y_XLY,6,2025-01-06,-0.01935874012156813,0.00847786053678151
ridge,y_XLY,7,2025-01-06,-0.01935874012156813,0.009422245791885612
ridge,y_XLY,5,2025-01-07,0.0028328827564976233,-0.0007179803352031177
ridge,y_XLY,6,2025-01-07,0.0028328827564976233,-0.00498227164291132
ridge,y_XLY,7,2025-01-07,0.0028328827564976233,-0.007564694296871907
ridge,y_XLY,5,2025-01-13,-0.0019364124833040064,-0.03333266427286161
ridge,y_XLY,6,2025-01-13,-0.0019364124833040064,-0.03362070375596606
ridge,y_XLY,7,2025-01-13,-0.0019364124833040064,-0.013277249029211378
ridge,y_XLY,5,2025-01-14,0.025446773666248035,-0.009455053299572866
ridge,y_XLY,6,2025-01-14,0.025446773666248035,-0.010138617284800753
ridge,y_XLY,7,2025-01-14,0.025446773666248035,-0.0019606637712711456
ridge,y_XLY,5,2025-01-15,-0.005411837458247026,-0.036445427929195175
ridge,y_XLY,6,2025-01-15,-0.005411837458247026,-0.03583753209722232
ridge,y_XLY,7,2025-01-15,-0.005411837458247026,-0.07838875513750196
ridge,y_XLY,5,2025-01-16,0.014023437872344502,-0.03461052869685715
ridge,y_XLY,6,2025-01-16,0.014023437872344502,-0.03479667926583642
ridge,y_XLY,7,2025-01-16,0.014023437872344502,-0.03220971639338583
ridge,y_XLY,6,2025-01-21,-0.00376784823717613,0.005782285477680514
ridge,y_XLY,7,2025-01-21,-0.00376784823717613,0.0020887965076634256
ridge,y_XLY,8,2025-01-21,-0.00376784823717613,0.0018065351317843466
ridge,y_XLY,6,2025-01-22,0.0060427132862548305,-0.09725446918653449
ridge,y_XLY,7,2025-01-22,0.0060427132862548305,-0.0666806093759865
ridge,y_XLY,8,2025-01-22,0.0060427132862548305,-0.056702130679423486
ridge,y_XLY,6,2025-01-23,-0.00609287595596486,-0.08558522985933086
ridge,y_XLY,7,2025-01-23,-0.00609287595596486,-0.09432348589020823
ridge,y_XLY,8,2025-01-23,-0.00609287595596486,-0.08954260963415374
ridge,y_XLY,6,2025-01-27,0.0012104658287417358,0.02801621770886025
ridge,y_XLY,7,2025-01-27,0.0012104658287417358,0.024748846764436287
ridge,y_XLY,8,2025-01-27,0.0012104658287417358,0.028234813797021713
ridge,y_XLY,6,2025-01-28,-0.002849758079907616,-0.021402338654513877
ridge,y_XLY,7,2025-01-28,-0.002849758079907616,-0.025520518225241144
ridge,y_XLY,8,2025-01-28,-0.002849758079907616,-0.022084166191415486
ridge,y_XLY,6,2025-01-29,0.009786098170477375,0.05391290838097158
ridge,y_XLY,7,2025-01-29,0.009786098170477375,0.05979890646266045
ridge,y_XLY,8,2025-01-29,0.009786098170477375,0.048519728194120613
ridge,y_XLY,6,2025-01-30,-0.004416805230128884,-0.0907028742070351
ridge,y_XLY,7,2025-01-30,-0.004416805230128884,-0.08333784061990471
ridge,y_XLY,8,2025-01-30,-0.004416805230128884,-0.07752336225110884
ridge,y_XLY,6,2025-02-03,0.0117852201090336,-0.019607882035077424
ridge,y_XLY,7,2025-02-03,0.0117852201090336,-0.02139079647531779
ridge,y_XLY,8,2025-02-03,0.0117852201090336,-0.02139579756694171
ridge,y_XLY,6,2025-02-04,-0.011345973272050003,-0.11507680416338971
ridge,y_XLY,7,2025-02-04,-0.011345973272050003,-0.09607905076705485
ridge,y_XLY,8,2025-02-04,-0.011345973272050003,-0.10318689818490745
ridge,y_XLY,6,2025-02-05,0.003970904879678994,0.01055983970729204
ridge,y_XLY,7,2025-02-05,0.003970904879678994,0.02226677505733032
ridge,y_XLY,8,2025-02-05,0.003970904879678994,0.038189035189988146
ridge,y_XLY,6,2025-02-06,-0.019558458842971138,0.18359836192230825
ridge,y_XLY,7,2025-02-06,-0.019558458842971138,0.13484959856306677
ridge,y_XLY,8,2025-02-06,-0.019558458842971138,0.15756318482304288
ridge,y_XLY,7,2025-02-10,-0.011354178792550407,0.031359595678042494
ridge,y_XLY,8,2025-02-10,-0.011354178792550407,0.029592880050712957
ridge,y_XLY,9,2025-02-10,-0.011354178792550407,0.020707350868362798
ridge,y_XLY,7,2025-02-11,-0.00017875014924506605,-0.04689445671072372
ridge,y_XLY,8,2025-02-11,-0.00017875014924506605,-0.03642789867607987
ridge,y_XLY,9,2025-02-11,-0.00017875014924506605,-0.03278817555481125
ridge,y_XLY,7,2025-02-12,0.015017490585736315,-0.03950471323897834
ridge,y_XLY,8,2025-02-12,0.015017490585736315,-0.033192221828093164
ridge,y_XLY,9,2025-02-12,0.015017490585736315,-0.03348122115376588
ridge,y_XLY,7,2025-02-13,-0.00044037631369131525,-0.040354487973528114
ridge,y_XLY,8,2025-02-13,-0.00044037631369131525,-0.03766222086973345
ridge,y_XLY,9,2025-02-13,-0.00044037631369131525,-0.051278489361689696
ridge,y_XLY,7,2025-02-18,-0.0005741722825519657,0.2756386529759519
ridge,y_XLY,8,2025-02-18,-0.0005741722825519657,0.29744893742912054
ridge,y_XLY,9,2025-02-18,-0.0005741722825519657,0.2886806499520868
ridge,y_XLY,7,2025-02-19,-0.008619232903237739,-0.05868606157836268
ridge,y_XLY,8,2025-02-19,-0.008619232903237739,-0.05957936649777656
ridge,y_XLY,9,2025-02-19,-0.008619232903237739,-0.05385935529808611
ridge,y_XLY,7,2025-02-20,-0.026305113626694743,-0.01190888304266327
ridge,y_XLY,8,2025-02-20,-0.026305113626694743,-0.012888573292769965
ridge,y_XLY,9,2025-02-20,-0.026305113626694743,-0.014852882030395838
ridge,y_XLY,7,2025-02-24,-0.0052398209128925455,-0.0587631075702538
ridge,y_XLY,8,2025-02-24,-0.0052398209128925455,-0.05383361176774021
ridge,y_XLY,9,2025-02-24,-0.0052398209128925455,-0.033426488224776466
ridge,y_XLY,7,2025-02-25,-0.004112132811379676,-0.0028735509703648136
ridge,y_XLY,8,2025-02-25,-0.004112132811379676,0.0036669113575839565
ridge,y_XLY,9,2025-02-25,-0.004112132811379676,0.0026188573668470133
ridge,y_XLY,7,2025-02-26,-0.01442882886691177,0.06420731764017165
ridge,y_XLY,8,2025-02-26,-0.01442882886691177,0.06022568990977608
ridge,y_XLY,9,2025-02-26,-0.01442882886691177,0.06519097962561869
ridge,y_XLY,7,2025-02-27,0.016617260989850058,-0.04442739811856702
ridge,y_XLY,8,2025-02-27,0.016617260989850058,-0.03715212294476931
ridge,y_XLY,9,2025-02-27,0.016617260989850058,-0.03346802180358494
ridge,y_XLY,8,2025-03-03,-0.017643087757083453,-0.0012597303582212367
ridge,y_XLY,9,2025-03-03,-0.017643087757083453,-0.0065773584508746555
ridge,y_XLY,10,2025-03-03,-0.017643087757083453,-0.004559111752001016
ridge,y_XLY,8,2025-03-04,0.015222811564242766,-0.02934709694318143
ridge,y_XLY,9,2025-03-04,0.015222811564242766,-0.03348393246686861
ridge,y_XLY,10,2025-03-04,0.015222811564242766,-0.03371326363266977
ridge,y_XLY,8,2025-03-05,-0.025353516807727683,-0.02699055401123604
ridge,y_XLY,9,2025-03-05,-0.025353516807727683,-0.02845489811404182
ridge,y_XLY,10,2025-03-05,-0.025353516807727683,-0.02708705027225942
ridge,y_XLY,8,2025-03-06,-0.0018443570867134884,-0.04093159793855958
ridge,y_XLY,9,2025-03-06,-0.0018443570867134884,-0.03799457758481356
ridge,y_XLY,10,2025-03-06,-0.0018443570867134884,-0.04658956955220982
ridge,y_XLY,8,2025-03-10,-0.009781732720846592,-0.03994212796043502
ridge,y_XLY,9,2025-03-10,-0.009781732720846592,-0.028434613717619215
ridge,y_XLY,10,2025-03-10,-0.009781732720846592,-0.011875657735285974
ridge,y_XLY,8,2025-03-11,0.005804682758088431,0.010959240059021342
ridge,y_XLY,9,2025-03-11,0.005804682758088431,0.014688424357307711
ridge,y_XLY,10,2025-03-11,0.005804682758088431,0.00733813948266075
ridge,y_XLY,8,2025-03-12,-0.02495815115202371,-0.007965898151545223
ridge,y_XLY,9,2025-03-12,-0.02495815115202371,-0.008788687400043054
ridge,y_XLY,10,2025-03-12,-0.02495815115202371,-0.012284513881179092
ridge,y_XLY,8,2025-03-13,0.02128765913023245,-0.047656146772857254
ridge,y_XLY,9,2025-03-13,0.02128765913023245,-0.04549144542512628
ridge,y_XLY,10,2025-03-13,0.02128765913023245,-0.042736904502771005
ridge,y_XLY,8,2025-03-17,-0.01781641620505703,-0.015212571410311756
ridge,y_XLY,9,2025-03-17,-0.01781641620505703,-0.015324573435648782
ridge,y_XLY,10,2025-03-17,-0.01781641620505703,-0.01912918040577449
ridge,y_XLY,8,2025-03-18,0.01917328849239186,0.021080300901056625
ridge,y_XLY,9,2025-03-18,0.01917328849239186,0.012451748153481811
ridge,y_XLY,10,2025-03-18,0.01917328849239186,0.015574855514754007
ridge,y_XLY,8,2025-03-19,-0.0023832687633832395,0.03741642788843431
ridge,y_XLY,9,2025-03-19,-0.0023832687633832395,0.041644256558435885
ridge,y_XLY,10,2025-03-19,-0.0023832687633832395,0.03944295760497763
ridge,y_XLY,8,2025-03-20,0.003608789704040438,-0.01956050551149545
ridge,y_XLY,9,2025-03-20,0.003608789704040438,-0.02030210262123652
ridge,y_XLY,10,2025-03-20,0.003608789704040438,-0.021620303806385698
ridge,y_XLY,9,2025-03-24,0.007978862277154164,0.004397769777609102
ridge,y_XLY,10,2025-03-24,0.007978862277154164,0.006719960596169645
ridge,y_XLY,11,2025-03-24,0.007978862277154164,0.007126887128296349
ridge,y_XLY,9,2025-03-25,-0.013063345160291506,-0.1089221432411648
ridge,y_XLY,10,2025-03-25,-0.013063345160291506,-0.11588206153383966
ridge,y_XLY,11,2025-03-25,-0.013063345160291506,-0.13120401128169035
ridge,y_XLY,9,2025-03-26,0.0006396807003952176,0.011494023261995534
ridge,y_XLY,10,2025-03-26,0.0006396807003952176,0.012544064783058823
ridge,y_XLY,11,2025-03-26,0.0006396807003952176,0.014716778959368543
ridge,y_XLY,9,2025-03-27,-0.031077966928591994,0.06448050472170978
ridge,y_XLY,10,2025-03-27,-0.031077966928591994,0.05024512635304911
ridge,y_XLY,11,2025-03-27,-0.031077966928591994,0.08232917147799071
ridge,y_XLY,9,2025-03-31,0.010432449898566176,-0.014855702155842926
ridge,y_XLY,10,2025-03-31,0.010432449898566176,-0.011185754384298502
ridge,y_XLY,11,2025-03-31,0.010432449898566176,-0.004731203523315466
ridge,y_XLY,9,2025-04-01,0.018995612444242083,-0.010348047713536469
ridge,y_XLY,10,2025-04-01,0.018995612444242083,-0.040845807653972714
ridge,y_XLY,11,2025-04-01,0.018995612444242083,0.016649129528515706
ridge,y_XLY,9,2025-04-02,-0.060400444082277405,0.007693485656459319
ridge,y_XLY,10,2025-04-02,-0.060400444082277405,0.002528824694803638
ridge,y_XLY,11,2025-04-02,-0.060400444082277405,-0.0014037514629070187
ridge,y_XLY,9,2025-04-03,-0.04313449382369683,-0.006611153201714473
ridge,y_XLY,10,2025-04-03,-0.04313449382369683,-0.004878502179552902
ridge,y_XLY,11,2025-04-03,-0.04313449382369683,0.002028908340472607
ridge,y_XLY,9,2025-04-07,-0.02375028593200923,0.07272821662375335
ridge,y_XLY,10,2025-04-07,-0.02375028593200923,0.07130010627283892
ridge,y_XLY,11,2025-04-07,-0.02375028593200923,0.07880612078687874
ridge,y_XLY,9,2025-04-08,0.10888059614452938,0.016455861195186865
ridge,y_XLY,10,2025-04-08,0.10888059614452938,0.017351855145379628
ridge,y_XLY,11,2025-04-08,0.10888059614452938,0.012557264435410852
ridge,y_XLY,9,2025-04-09,-0.03907132189917739,-0.01056085873259868
ridge,y_XLY,10,2025-04-09,-0.03907132189917739,-0.008505301019530117
ridge,y_XLY,11,2025-04-09,-0.03907132189917739,-0.01109828466118256
ridge,y_XLY,9,2025-04-10,0.009685929585643738,0.007188880364934372
ridge,y_XLY,10,2025-04-10,0.009685929585643738,0.004556760128185893
ridge,y_XLY,11,2025-04-10,0.009685929585643738,0.0061155102593818626
ridge,y_XLY,10,2025-04-14,-0.007200278979652697,0.01862375610202958
ridge,y_XLY,11,2025-04-14,-0.007200278979652697,0.02147612273657667
ridge,y_XLY,12,2025-04-14,-0.007200278979652697,0.011037763577761869
ridge,y_XLY,10,2025-04-15,-0.02466909188530031,0.025511357725933142
ridge,y_XLY,11,2025-04-15,-0.02466909188530031,0.030471686295776013
ridge,y_XLY,12,2025-04-15,-0.02466909188530031,0.0505010377737401
ridge,y_XLY,10,2025-04-16,0.006296041406452568,-0.012906636591752514
ridge,y_XLY,11,2025-04-16,0.006296041406452568,-0.0010293795331038412
ridge,y_XLY,12,2025-04-16,0.006296041406452568,-0.002959676524575522
ridge,y_XLY,10,2025-04-21,0.03164312342027631,-0.0062744544271039785
ridge,y_XLY,11,2025-04-21,0.03164312342027631,-0.006100399997847611
ridge,y_XLY,12,2025-04-21,0.03164312342027631,-0.006837632603363065
ridge,y_XLY,10,2025-04-22,0.022346433199717852,-0.00021732089361070796
ridge,y_XLY,11,2025-04-22,0.022346433199717852,-0.0030928689686694896
ridge,y_XLY,12,2025-04-22,0.022346433199717852,-0.0018368765109808244
ridge,y_XLY,10,2025-04-23,0.019913689362026865,0.0064942969056355025
ridge,y_XLY,11,2025-04-23,0.019913689362026865,0.017335049053269696
ridge,y_XLY,12,2025-04-23,0.019913689362026865,0.012341032256559603
ridge,y_XLY,10,2025-04-24,0.01797958359232532,0.0009988729672703034
ridge,y_XLY,11,2025-04-24,0.01797958359232532,0.0006173719068577433
ridge,y_XLY,12,2025-04-24,0.01797958359232532,-0.00039310064973318085
ridge,y_XLY,10,2025-04-28,0.007082529003435312,-0.01417180622433534
ridge,y_XLY,11,2025-04-28,0.007082529003435312,-0.01944903093069564
ridge,y_XLY,12,2025-04-28,0.007082529003435312,-0.015529129115349179
ridge,y_XLY,10,2025-04-29,-0.0090923270542278,-0.001532996410433425
ridge,y_XLY,11,2025-04-29,-0.0090923270542278,-0.011558293703062609
ridge,y_XLY,12,2025-04-29,-0.0090923270542278,-0.01267990292155498
ridge,y_XLY,10,2025-04-30,0.005525823956078479,-0.006440432630434737
ridge,y_XLY,11,2025-04-30,0.005525823956078479,-0.004582389557370527
ridge,y_XLY,12,2025-04-30,0.005525823956078479,-0.0025700919736537232
ridge,y_XLY,10,2025-05-01,0.015527927721020296,-0.0804878464017783
ridge,y_XLY,11,2025-05-01,0.015527927721020296,-0.13076228653266495
ridge,y_XLY,12,2025-05-01,0.015527927721020296,-0.1414286506865007
ridge,y_XLY,11,2025-05-05,-0.00873094233950611,0.022975149928463768
ridge,y_XLY,12,2025-05-05,-0.00873094233950611,0.02242002295907425
ridge,y_XLY,13,2025-05-05,-0.00873094233950611,0.028772404303011916
ridge,y_XLY,11,2025-05-06,0.0077954830717164025,0.025083160460608118
ridge,y_XLY,12,2025-05-06,0.0077954830717164025,-0.021273216319531975
ridge,y_XLY,13,2025-05-06,0.0077954830717164025,-0.007224000169889578
ridge,y_XLY,11,2025-05-07,0.011803719764864606,-0.044245107917123404
ridge,y_XLY,12,2025-05-07,0.011803719764864606,-0.03418923028386811
ridge,y_XLY,13,2025-05-07,0.011803719764864606,-0.03359838966311242
ridge,y_XLY,11,2025-05-08,0.004815244691188436,-0.1667470174054597
ridge,y_XLY,12,2025-05-08,0.004815244691188436,-0.17622181841256657
ridge,y_XLY,13,2025-05-08,0.004815244691188436,-0.15280341009189372
ridge,y_XLY,11,2025-05-12,0.013225392314031525,-0.009676619668998857
ridge,y_XLY,12,2025-05-12,0.013225392314031525,-0.009669147204425181
ridge,y_XLY,13,2025-05-12,0.013225392314031525,-0.01200301287650881
ridge,y_XLY,11,2025-05-13,0.0038555344543742542,0.013285599098029
ridge,y_XLY,12,2025-05-13,0.0038555344543742542,0.009526929201044827
ridge,y_XLY,13,2025-05-13,0.0038555344543742542,0.01033604468095327
ridge,y_XLY,11,2025-05-14,-0.0022210702457765574,-0.00013393677950353794
ridge,y_XLY,12,2025-05-14,-0.0022210702457765574,-0.005638198674359885
ridge,y_XLY,13,2025-05-14,-0.0022210702457765574,-0.004447426218967803
ridge,y_XLY,11,2025-05-15,0.009460614500405473,-0.015113204408956745
ridge,y_XLY,12,2025-05-15,0.009460614500405473,-0.025011646913719585
ridge,y_XLY,13,2025-05-15,0.009460614500405473,-0.026853449366908214
ridge,y_XLY,11,2025-05-19,-0.005203498476664459,0.0309774149879239
ridge,y_XLY,12,2025-05-19,-0.005203498476664459,0.0425656723981438
ridge,y_XLY,13,2025-05-19,-0.005203498476664459,0.03552478054004258
ridge,y_XLY,11,2025-05-20,-0.02027497673879297,-0.011174310377499153
ridge,y_XLY,12,2025-05-20,-0.02027497673879297,-0.00011413119594715009
ridge,y_XLY,13,2025-05-20,-0.02027497673879297,0.0013025434544999932
ridge,y_XLY,11,2025-05-21,0.00429962739221601,-0.03527664247831153
ridge,y_XLY,12,2025-05-21,0.00429962739221601,-0.03985761975464784
ridge,y_XLY,13,2025-05-21,0.00429962739221601,-0.03774747759155464
ridge,y_XLY,11,2025-05-22,-0.008985795723069456,0.063018796763008
ridge,y_XLY,12,2025-05-22,-0.008985795723069456,0.09029088893503386
ridge,y_XLY,13,2025-05-22,-0.008985795723069456,0.08763330202003938
ridge,y_XLY,12,2025-05-27,-0.009176013727147714,-0.018848792734296047
ridge,y_XLY,13,2025-05-27,-0.009176013727147714,-0.015754543539736945
ridge,y_XLY,14,2025-05-27,-0.009176013727147714,-0.017538416641519252
ridge,y_XLY,12,2025-05-28,0.00041878538523998365,0.006452663384329948
ridge,y_XLY,13,2025-05-28,0.00041878538523998365,0.005670791808059895
ridge,y_XLY,14,2025-05-28,0.00041878538523998365,0.0051252121676996
ridge,y_XLY,12,2025-05-29,-0.005442573594478972,0.01031135860711246
ridge,y_XLY,13,2025-05-29,-0.005442573594478972,0.01491850229873982
ridge,y_XLY,14,2025-05-29,-0.005442573594478972,0.013351419993146412
ridge,y_XLY,12,2025-06-02,0.005319640383887325,-0.021337401869337774
ridge,y_XLY,13,2025-06-02,0.005319640383887325,-0.027544114025597394
ridge,y_XLY,14,2025-06-02,0.005319640383887325,-0.023056784039716213
ridge,y_XLY,12,2025-06-03,-0.0026458170187203534,-0.05000187309249167
ridge,y_XLY,13,2025-06-03,-0.0026458170187203534,-0.049970122090874175
ridge,y_XLY,14,2025-06-03,-0.0026458170187203534,-0.046954464657532696
ridge,y_XLY,12,2025-06-04,-0.025224513866993092,-0.001031083903000919
ridge,y_XLY,13,2025-06-04,-0.025224513866993092,0.006866370458133498
ridge,y_XLY,14,2025-06-04,-0.025224513866993092,0.007293655363707625
ridge,y_XLY,12,2025-06-05,0.012986442923324404,0.00577019934315529
ridge,y_XLY,13,2025-06-05,0.012986442923324404,0.006105209031792085
ridge,y_XLY,14,2025-06-05,0.012986442923324404,0.007014066510776548
ridge,y_XLY,12,2025-06-09,0.011969896239512945,0.04216282286840626
ridge,y_XLY,13,2025-06-09,0.011969896239512945,0.05544902779853052
ridge,y_XLY,14,2025-06-09,0.011969896239512945,0.04471205211109971
ridge,y_XLY,12,2025-06-10,-0.007900859776085345,-0.001292623937222801
ridge,y_XLY,13,2025-06-10,-0.007900859776085345,-0.0012409159786315126
ridge,y_XLY,14,2025-06-10,-0.007900859776085345,-0.0025715616776870584
ridge,y_XLY,12,2025-06-11,-0.004703784321867355,0.01193702991663831
ridge,y_XLY,13,2025-06-11,-0.004703784321867355,0.013908875088046845
ridge,y_XLY,14,2025-06-11,-0.004703784321867355,0.008436474342250937
ridge,y_XLY,12,2025-06-12,-0.009218184454612643,0.013493907214368496
ridge,y_XLY,13,2025-06-12,-0.009218184454612643,0.011664243356906029
ridge,y_XLY,14,2025-06-12,-0.009218184454612643,0.010274698918985638
ridge,y_XLY,13,2025-07-02,0.005454404579107175,-0.04115740548523707
ridge,y_XLY,14,2025-07-02,0.005454404579107175,-0.03529530269449671
ridge,y_XLY,15,2025-07-02,0.005454404579107175,-0.04491775673580724
ridge,y_XLY,13,2025-07-07,-0.003388173106093628,-0.01823515548044246
ridge,y_XLY,14,2025-07-07,-0.003388173106093628,-0.0162850947384647
ridge,y_XLY,15,2025-07-07,-0.003388173106093628,-0.013787281115907778
ridge,y_XLY,13,2025-07-08,0.005926556410650541,-0.01875159177502705
ridge,y_XLY,14,2025-07-08,0.005926556410650541,-0.023854865116639062
ridge,y_XLY,15,2025-07-08,0.005926556410650541,-0.027889580887451523
ridge,y_XLY,13,2025-07-09,0.011052769568518972,-0.004822399662722547
ridge,y_XLY,14,2025-07-09,0.011052769568518972,-0.007330688112679906
ridge,y_XLY,15,2025-07-09,0.011052769568518972,-0.007717010704785531
ridge,y_XLY,13,2025-07-10,0.000271006703766119,-0.005822753378179453
ridge,y_XLY,14,2025-07-10,0.000271006703766119,-0.009802634434214762
ridge,y_XLY,15,2025-07-10,0.000271006703766119,-0.0032801454936263975
ridge,y_XLY,13,2025-07-14,-0.014308205638022597,-0.017143576008238452
ridge,y_XLY,14,2025-07-14,-0.014308205638022597,-0.012058138467992367
ridge,y_XLY,15,2025-07-14,-0.014308205638022597,-0.013483143443577381
ridge,y_XLY,13,2025-07-15,0.0018258662237682355,-0.0139951985087809
ridge,y_XLY,14,2025-07-15,0.0018258662237682355,-0.01417557266818234
ridge,y_XLY,15,2025-07-15,0.0018258662237682355,-0.0069377106637382
ridge,y_XLY,13,2025-07-16,0.0034173643899029216,0.03494333674285041
ridge,y_XLY,14,2025-07-16,0.0034173643899029216,0.032564964128698734
ridge,y_XLY,15,2025-07-16,0.0034173643899029216,0.0299260426339068
ridge,y_XLY,13,2025-07-17,0.008854720121448612,-0.05744671349984701
ridge,y_XLY,14,2025-07-17,0.008854720121448612,-0.05133623434256585
ridge,y_XLY,15,2025-07-17,0.008854720121448612,-0.045792437360086445
ridge,y_XLY,13,2025-07-21,0.010124530114847152,-0.006403945486179667
ridge,y_XLY,14,2025-07-21,0.010124530114847152,-0.007186731830112129
ridge,y_XLY,15,2025-07-21,0.010124530114847152,-0.004569571034378105
ridge,y_XLY,13,2025-07-22,0.0047454588630897465,0.04597260031272438
ridge,y_XLY,14,2025-07-22,0.0047454588630897465,0.043042615351265225
ridge,y_XLY,15,2025-07-22,0.0047454588630897465,0.04651115116446323
ridge,y_XLY,13,2025-07-23,-0.016552632194511974,0.02356462811435057
ridge,y_XLY,14,2025-07-23,-0.016552632194511974,0.01961072352384276
ridge,y_XLY,15,2025-07-23,-0.016552632194511974,0.020304411233103645
ridge,y_XLY,14,2025-07-24,0.009290786947912633,-0.009512584333952485
ridge,y_XLY,15,2025-07-24,0.009290786947912633,-0.009115238683705623
ridge,y_XLY,16,2025-07-24,0.009290786947912633,-0.010298900904429933
ridge,y_XLY,14,2025-07-28,-0.0068970738375521146,-0.004384548088450896
ridge,y_XLY,15,2025-07-28,-0.0068970738375521146,-0.00405087516573708
ridge,y_XLY,16,2025-07-28,-0.0068970738375521146,-0.0041256332806935865
ridge,y_XLY,14,2025-07-29,-0.006321751535588338,0.028207311276919535
ridge,y_XLY,15,2025-07-29,-0.006321751535588338,0.029091630940595466
ridge,y_XLY,16,2025-07-29,-0.006321751535588338,0.029128758137798638
ridge,y_XLY,14,2025-07-30,-0.007930212864186492,0.02017604812704835
ridge,y_XLY,15,2025-07-30,-0.007930212864186492,0.014968191713436853
ridge,y_XLY,16,2025-07-30,-0.007930212864186492,-0.001461347558078737
ridge,y_XLY,14,2025-07-31,-0.024115966913630604,-0.015288015612743048
ridge,y_XLY,15,2025-07-31,-0.024115966913630604,-0.012842845805633519
ridge,y_XLY,16,2025-07-31,-0.024115966913630604,-0.011873526016402928
ridge,y_XLY,14,2025-08-04,0.001280734618504864,-0.03587560497957963
ridge,y_XLY,15,2025-08-04,0.001280734618504864,-0.036406991094824516
ridge,y_XLY,16,2025-08-04,0.001280734618504864,-0.032931241460776944
ridge,y_XLY,14,2025-08-05,0.02078479233958208,-0.041777242990260956
ridge,y_XLY,15,2025-08-05,0.02078479233958208,-0.04007220815412338
ridge,y_XLY,16,2025-08-05,0.02078479233958208,-0.03917856725470052
ridge,y_XLY,14,2025-08-06,-0.00031329727250428707,0.016676957518392762
ridge,y_XLY,15,2025-08-06,-0.00031329727250428707,0.013931924387915623
ridge,y_XLY,16,2025-08-06,-0.00031329727250428707,0.013419651001963413
ridge,y_XLY,14,2025-08-07,0.0017457861646086315,-0.06361159590850986
ridge,y_XLY,15,2025-08-07,0.0017457861646086315,-0.06146752967109184
ridge,y_XLY,16,2025-08-07,0.0017457861646086315,-0.062057859309785995
ridge,y_XLY,14,2025-08-11,0.01060801278581125,-0.005931377059317093
ridge,y_XLY,15,2025-08-11,0.01060801278581125,-0.007755611602692292
ridge,y_XLY,16,2025-08-11,0.01060801278581125,-0.007507220569872777
ridge,y_XLY,14,2025-08-12,0.013716170593453203,0.008452089694432308
ridge,y_XLY,15,2025-08-12,0.013716170593453203,0.008217502959904817
ridge,y_XLY,16,2025-08-12,0.013716170593453203,0.01759217134322888
ridge,y_XLY,15,2025-08-13,-0.0011312579012137114,-0.010806844811470743
ridge,y_XLY,16,2025-08-13,-0.0011312579012137114,-0.010762647328186208
ridge,y_XLY,17,2025-08-13,-0.0011312579012137114,-0.003363717698571653
ridge,y_XLY,15,2025-08-14,-0.0023955633446387514,0.016196658604919922
ridge,y_XLY,16,2025-08-14,-0.0023955633446387514,0.016532948510192273
ridge,y_XLY,17,2025-08-14,-0.0023955633446387514,0.020369940984014234
ridge,y_XLY,15,2025-08-18,-0.0004782751775981309,-0.013521667989677374
ridge,y_XLY,16,2025-08-18,-0.0004782751775981309,-0.013569920909539103
ridge,y_XLY,17,2025-08-18,-0.0004782751775981309,-0.012810193467052344
ridge,y_XLY,15,2025-08-19,-0.009876067388507437,0.00212565380656827
ridge,y_XLY,16,2025-08-19,-0.009876067388507437,0.0031032824626426357
ridge,y_XLY,17,2025-08-19,-0.009876067388507437,0.0018463367657324194
ridge,y_XLY,15,2025-08-20,-0.0059319700092387295,0.0014771283708576227
ridge,y_XLY,16,2025-08-20,-0.0059319700092387295,0.004398506111180652
ridge,y_XLY,17,2025-08-20,-0.0059319700092387295,0.00693657227902698
ridge,y_XLY,15,2025-08-21,0.030367346242422544,-0.012199746785413907
ridge,y_XLY,16,2025-08-21,0.030367346242422544,-0.011348279587268074
ridge,y_XLY,17,2025-08-21,0.030367346242422544,-0.009062295410535723
ridge,y_XLY,15,2025-08-25,0.004599538722775298,0.02194271324654305
ridge,y_XLY,16,2025-08-25,0.004599538722775298,0.01858636721774572
ridge,y_XLY,17,2025-08-25,0.004599538722775298,0.0204108904303072
ridge,y_XLY,15,2025-08-26,0.00021397828025437882,0.04278928535243224
ridge,y_XLY,16,2025-08-26,0.00021397828025437882,0.03938794768853126
ridge,y_XLY,17,2025-08-26,0.00021397828025437882,0.033228609067555634
ridge,y_XLY,15,2025-08-27,0.0017111979348729545,-0.03058568776812096
ridge,y_XLY,16,2025-08-27,0.0017111979348729545,-0.03295595345235919
ridge,y_XLY,17,2025-08-27,0.0017111979348729545,-0.03613050169380467
ridge,y_XLY,15,2025-08-28,-0.010292492663661168,0.008039299996461654
ridge,y_XLY,16,2025-08-28,-0.010292492663661168,0.003433086790524814
ridge,y_XLY,17,2025-08-28,-0.010292492663661168,0.0004365350539644374
ridge,y_XLY,15,2025-09-02,0.004043313616733268,-0.00848994903850863
ridge,y_XLY,16,2025-09-02,0.004043313616733268,-0.0012000295209522041
ridge,y_XLY,17,2025-09-02,0.004043313616733268,-0.012639338264201074
ridge,y_XLY,16,2025-09-03,0.01827314838211125,0.0055019754834600455
ridge,y_XLY,17,2025-09-03,0.01827314838211125,0.0015924036287554848
ridge,y_XLY,18,2025-09-03,0.01827314838211125,0.002539250287925333
ridge,y_XLY,16,2025-09-04,-0.00021258466018014843,0.011529440477445288
ridge,y_XLY,17,2025-09-04,-0.00021258466018014843,0.03672916533074795
ridge,y_XLY,18,2025-09-04,-0.00021258466018014843,0.034296416767149646
ridge,y_XLY,16,2025-09-08,-0.0013981799131658201,-0.003665162441065328
ridge,y_XLY,17,2025-09-08,-0.0013981799131658201,-0.0031653126079708702
ridge,y_XLY,18,2025-09-08,-0.0013981799131658201,-0.0037063448983414397
ridge,y_XLY,16,2025-09-09,-0.011964918190792928,-0.027611561929068038
ridge,y_XLY,17,2025-09-09,-0.011964918190792928,-0.023521374728064832
ridge,y_XLY,18,2025-09-09,-0.011964918190792928,-0.017165380547947997
ridge,y_XLY,16,2025-09-10,0.019452899252754063,-0.010600619862971608
ridge,y_XLY,17,2025-09-10,0.019452899252754063,-0.008701567651502843
ridge,y_XLY,18,2025-09-10,0.019452899252754063,-0.013018437924297438
ridge,y_XLY,16,2025-09-11,0.005181245195606365,-0.007557309257516283
ridge,y_XLY,17,2025-09-11,0.005181245195606365,-0.0074284199747605955
ridge,y_XLY,18,2025-09-11,0.005181245195606365,-0.008553115168453862
ridge,y_XLY,16,2025-09-15,0.006148732762028208,-0.006099556359893073
ridge,y_XLY,17,2025-09-15,0.006148732762028208,0.0006025783175110777
ridge,y_XLY,18,2025-09-15,0.006148732762028208,0.006359736163109812
ridge,y_XLY,16,2025-09-16,-0.0025187470430318992,-0.010069702085612831
ridge,y_XLY,17,2025-09-16,-0.0025187470430318992,-0.0089701393179851
ridge,y_XLY,18,2025-09-16,-0.0025187470430318992,-0.0038039225072780992
ridge,y_XLY,16,2025-09-17,-0.00451212244173349,0.040446372535049846
ridge,y_XLY,17,2025-09-17,-0.00451212244173349,0.0359116653575713
ridge,y_XLY,18,2025-09-17,-0.00451212244173349,0.03765322009146287
ridge,y_XLY,16,2025-09-18,0.0037840977202234782,0.023129378255756644
ridge,y_XLY,17,2025-09-18,0.0037840977202234782,-0.002769346042899568
ridge,y_XLY,18,2025-09-18,0.0037840977202234782,0.0009595674969162148
ridge,y_XLY,16,2025-09-22,-0.009409583008897271,-0.015886206647748792
ridge,y_XLY,17,2025-09-22,-0.009409583008897271,-0.016749690851190168
ridge,y_XLY,18,2025-09-22,-0.009409583008897271,-0.018907562482309466
ridge,y_XLY,17,2025-09-23,0.007061215105035545,0.06522370867335839
ridge,y_XLY,18,2025-09-23,0.007061215105035545,0.05894277692095723
ridge,y_XLY,19,2025-09-23,0.007061215105035545,0.05927649908882743
ridge,y_XLY,17,2025-09-24,-0.014106872220289168,0.2848194723962887
ridge,y_XLY,18,2025-09-24,-0.014106872220289168,0.2657063046841236
ridge,y_XLY,19,2025-09-24,-0.014106872220289168,0.27390354023173774
ridge,y_XLY,17,2025-09-25,0.014774410456240394,-0.02482505136833606
ridge,y_XLY,18,2025-09-25,0.014774410456240394,-0.02491701540286678
ridge,y_XLY,19,2025-09-25,0.014774410456240394,-0.023984502248725014
ridge,y_XLY,17,2025-09-29,-0.004651863098032782,0.0013882768004934644
ridge,y_XLY,18,2025-09-29,-0.004651863098032782,0.004052129507342372
ridge,y_XLY,19,2025-09-29,-0.004651863098032782,-0.0001573285786097243
ridge,y_XLY,17,2025-09-30,0.00625935267897737,0.015821798234009556
ridge,y_XLY,18,2025-09-30,0.00625935267897737,0.01069126393394845
ridge,y_XLY,19,2025-09-30,0.00625935267897737,0.014076399610124843
ridge,y_XLY,17,2025-10-01,-0.0072157191048951574,0.008759932701229206
ridge,y_XLY,18,2025-10-01,-0.0072157191048951574,0.0013604709802652612
ridge,y_XLY,19,2025-10-01,-0.0072157191048951574,-0.004094143758497052
ridge,y_XLY,17,2025-10-02,-0.006432759854254733,-0.006092246844282327
ridge,y_XLY,18,2025-10-02,-0.006432759854254733,-0.007968119283043425
ridge,y_XLY,19,2025-10-02,-0.006432759854254733,-0.006866884554935725
ridge,y_XLY,17,2025-10-06,-0.017507308334273386,0.0226559491615913
ridge,y_XLY,18,2025-10-06,-0.017507308334273386,0.019218955739314095
ridge,y_XLY,19,2025-10-06,-0.017507308334273386,0.01816276156207127
ridge,y_XLY,17,2025-10-07,0.0029699117485064708,-0.013021296483451844
ridge,y_XLY,18,2025-10-07,0.0029699117485064708,-0.011935241822850086
ridge,y_XLY,19,2025-10-07,0.0029699117485064708,-0.010816594068831785
ridge,y_XLY,17,2025-10-08,-0.004991505664054818,0.03030630697678039
ridge,y_XLY,18,2025-10-08,-0.004991505664054818,0.024679707075399883
ridge,y_XLY,19,2025-10-08,-0.004991505664054818,0.026307014347244723
ridge,y_XLY,17,2025-10-09,-0.027506210802040854,-0.05385525109812045
ridge,y_XLY,18,2025-10-09,-0.027506210802040854,-0.04830733533615034
ridge,y_XLY,19,2025-10-09,-0.027506210802040854,-0.04895640071428447
ridge,y_XLY,18,2025-10-13,0.0020952624278764986,-0.06710983585046794
ridge,y_XLY,19,2025-10-13,0.0020952624278764986,-0.0646526044767234
ridge,y_XLY,20,2025-10-13,0.0020952624278764986,-0.05227421208557901
ridge,y_XLY,18,2025-10-14,0.0014508103968000619,0.019821173080299986
ridge,y_XLY,19,2025-10-14,0.0014508103968000619,0.020825071815123972
ridge,y_XLY,20,2025-10-14,0.0014508103968000619,0.020084665415185585
ridge,y_XLY,18,2025-10-15,-0.00967236762619017,0.028822001647814424
ridge,y_XLY,19,2025-10-15,-0.00967236762619017,0.03354885942691231
ridge,y_XLY,20,2025-10-15,-0.00967236762619017,0.0241769915906199
ridge,y_XLY,18,2025-10-16,0.008605127699113702,-0.016106845330500344
ridge,y_XLY,19,2025-10-16,0.008605127699113702,-0.009468716060611166
ridge,y_XLY,20,2025-10-16,0.008605127699113702,0.0006367430194994248
ridge,y_XLY,18,2025-10-20,0.012231287779731925,0.029071043835875835
ridge,y_XLY,19,2025-10-20,0.012231287779731925,0.028442282733936914
ridge,y_XLY,20,2025-10-20,0.012231287779731925,0.025388737374975243
ridge,y_XLY,18,2025-10-21,-0.007818710748230928,-0.008138459971821187
ridge,y_XLY,19,2025-10-21,-0.007818710748230928,-0.00884217382743036
ridge,y_XLY,20,2025-10-21,-0.007818710748230928,-0.009115291393948385
ridge,y_XLY,18,2025-10-22,0.004509006996614939,-0.04549687218648004
ridge,y_XLY,19,2025-10-22,0.004509006996614939,-0.04875411216570612
ridge,y_XLY,20,2025-10-22,0.004509006996614939,-0.043813635536441846
ridge,y_XLY,18,2025-10-23,-0.0029785289102285395,0.009353980329288353
ridge,y_XLY,19,2025-10-23,-0.0029785289102285395,0.008823809210497626
ridge,y_XLY,20,2025-10-23,-0.0029785289102285395,0.00809647146084999
ridge,y_XLY,18,2025-10-27,0.00024885576449262814,-0.011091854895020061
ridge,y_XLY,19,2025-10-27,0.00024885576449262814,-0.01460109816402883
ridge,y_XLY,20,2025-10-27,0.00024885576449262814,-0.0140727458980723
ridge,y_XLY,18,2025-10-28,-0.008252486955758864,-0.028975214357408012
ridge,y_XLY,19,2025-10-28,-0.008252486955758864,-0.025415484864429797
ridge,y_XLY,20,2025-10-28,-0.008252486955758864,-0.028551921598005302
ridge,y_XLY,18,2025-10-29,-0.022579942954627952,0.0069022099745051
ridge,y_XLY,19,2025-10-29,-0.022579942954627952,0.006329324611746378
ridge,y_XLY,20,2025-10-29,-0.022579942954627952,0.006257453525372053
ridge,y_XLY,18,2025-10-30,0.026438475215192714,-0.002481057506948595
ridge,y_XLY,19,2025-10-30,0.026438475215192714,-0.004782275510116708
ridge,y_XLY,20,2025-10-30,0.026438475215192714,-0.0045143444691625265
ridge,y_XLY,19,2025-11-03,-0.016599183995874678,-0.020666158804186967
ridge,y_XLY,20,2025-11-03,-0.016599183995874678,-0.021653516711587256
ridge,y_XLY,21,2025-11-03,-0.016599183995874678,-0.025583856884875193
ridge,y_XLY,19,2025-11-04,0.012176720270924424,-0.00029339391299684005
ridge,y_XLY,20,2025-11-04,0.012176720270924424,0.004206059508094543
ridge,y_XLY,21,2025-11-04,0.012176720270924424,0.01876166195083827
ridge,y_XLY,19,2025-11-05,-0.023106246506121475,0.009963652425036742
ridge,y_XLY,20,2025-11-05,-0.023106246506121475,0.016666281094179156
ridge,y_XLY,21,2025-11-05,-0.023106246506121475,0.01750527327918896
ridge,y_XLY,19,2025-11-06,0.0015711685124326635,-0.06422188250189785
ridge,y_XLY,20,2025-11-06,0.0015711685124326635,-0.06007776133892127
ridge,y_XLY,21,2025-11-06,0.0015711685124326635,-0.0509898544236304
ridge,y_XLY,19,2025-11-10,0.00246898351061442,-0.05131838440780022
ridge,y_XLY,20,2025-11-10,0.00246898351061442,-0.04901466984670216
ridge,y_XLY,21,2025-11-10,0.00246898351061442,-0.04928473428195868
ridge,y_XLY,19,2025-11-11,-0.006720917880396082,-0.014909214798819879
ridge,y_XLY,20,2025-11-11,-0.006720917880396082,-0.002785072514017907
ridge,y_XLY,21,2025-11-11,-0.006720917880396082,0.004955694864313065
ridge,y_XLY,19,2025-11-12,-0.024964283405666365,-0.0012661569479481564
ridge,y_XLY,20,2025-11-12,-0.024964283405666365,0.0003805001426391109
ridge,y_XLY,21,2025-11-12,-0.024964283405666365,0.0045470241731513285
ridge,y_XLY,19,2025-11-13,-0.004784477418368405,-0.0018874893431875962
ridge,y_XLY,20,2025-11-13,-0.004784477418368405,4.446729286438581e-05
ridge,y_XLY,21,2025-11-13,-0.004784477418368405,-0.007444637091139603
ridge,y_XLY,19,2025-11-17,-0.018450512565486576,-0.025968704390727734
ridge,y_XLY,20,2025-11-17,-0.018450512565486576,-0.02588124807414537
ridge,y_XLY,21,2025-11-17,-0.018450512565486576,-0.0219017197775665
ridge,y_XLY,19,2025-11-18,4.4539085840122894e-05,-0.005627355144480573
ridge,y_XLY,20,2025-11-18,4.4539085840122894e-05,-0.006056538036751136
ridge,y_XLY,21,2025-11-18,4.4539085840122894e-05,-0.006500777065326256
ridge,y_XLY,19,2025-11-19,-0.01492135932683869,-0.0037533495306708883
ridge,y_XLY,20,2025-11-19,-0.01492135932683869,-0.003119888773518343
ridge,y_XLY,21,2025-11-19,-0.01492135932683869,-0.003501951020774065
ridge,y_XLY,19,2025-11-20,0.019623754128421433,0.019171454283062276
ridge,y_XLY,20,2025-11-20,0.019623754128421433,0.023165832444270104
ridge,y_XLY,21,2025-11-20,0.019623754128421433,0.024910330794598076
ridge,y_XLY,20,2025-11-24,0.021399489134592553,-0.0038478974795286085
ridge,y_XLY,21,2025-11-24,0.021399489134592553,-0.0025749782954048836
ridge,y_XLY,22,2025-11-24,0.021399489134592553,-0.0030508402352117363
ridge,y_XLY,20,2025-11-25,0.00685523660395404,-0.020704146567402916
ridge,y_XLY,21,2025-11-25,0.00685523660395404,-0.016831049429932313
ridge,y_XLY,22,2025-11-25,0.00685523660395404,-0.01024624576370593
ridge,y_XLY,20,2025-12-01,-0.000676310084231857,-0.008438178407801514
ridge,y_XLY,21,2025-12-01,-0.000676310084231857,-0.006257886416107036
ridge,y_XLY,22,2025-12-01,-0.000676310084231857,-0.0029951989298790255
ridge,y_XLY,20,2025-12-02,0.01078502476998544,-0.01854563604888588
ridge,y_XLY,21,2025-12-02,0.01078502476998544,-0.016625691618476785
ridge,y_XLY,22,2025-12-02,0.01078502476998544,-0.020684973422006654
ridge,y_XLY,20,2025-12-03,-0.003556671026034519,-0.02023505955621506
ridge,y_XLY,21,2025-12-03,-0.003556671026034519,-0.022522069719401006
ridge,y_XLY,22,2025-12-03,-0.003556671026034519,-0.021254429218577515
ridge,y_XLY,20,2025-12-04,0.005542995176835985,-0.020451974732420167
ridge,y_XLY,21,2025-12-04,0.005542995176835985,-0.012954002306374198
ridge,y_XLY,22,2025-12-04,0.005542995176835985,-0.010624269611621008
ridge,y_XLY,20,2025-12-08,-8.467989154481437e-05,-0.13944316148642222
ridge,y_XLY,21,2025-12-08,-8.467989154481437e-05,-0.14839867255984965
ridge,y_XLY,22,2025-12-08,-8.467989154481437e-05,-0.10733134132898485
ridge,y_XLY,20,2025-12-09,0.01466343210034915,-0.0645402411916307
ridge,y_XLY,21,2025-12-09,0.01466343210034915,-0.06831364241571684
ridge,y_XLY,22,2025-12-09,0.01466343210034915,-0.0599430894695621
ridge,y_XLY,20,2025-12-10,0.003926155178342716,-0.004166787929574188
ridge,y_XLY,21,2025-12-10,0.003926155178342716,0.008217997771394564
ridge,y_XLY,22,2025-12-10,0.003926155178342716,0.012573229794023765
ridge,y_XLY,20,2025-12-11,0.004326802801105867,-0.022856215392197704
ridge,y_XLY,21,2025-12-11,0.004326802801105867,-0.024311933355989218
ridge,y_XLY,22,2025-12-11,0.004326802801105867,-0.02110795421144665
ridge,y_XLY,21,2025-12-15,0.0016430085286605056,0.04165916096965725
ridge,y_XLY,22,2025-12-15,0.0016430085286605056,0.03914441119653319
ridge,y_XLY,23,2025-12-15,0.0016430085286605056,0.03539662432702178
ridge,y_XLY,21,2025-12-16,-0.011564075235109605,0.027569919209553036
ridge,y_XLY,22,2025-12-16,-0.011564075235109605,0.02073607481196052
ridge,y_XLY,23,2025-12-16,-0.011564075235109605,0.0161157817104096
ridge,y_XLY,21,2025-12-17,0.015101214654506423,-0.007706691061089361
ridge,y_XLY,22,2025-12-17,0.015101214654506423,-0.007486458195582941
ridge,y_XLY,23,2025-12-17,0.015101214654506423,-0.0036054424421362525
ridge,y_XLY,21,2025-12-18,-0.004005215816009766,0.03565387444404778
ridge,y_XLY,22,2025-12-18,-0.004005215816009766,0.04826571128810613
ridge,y_XLY,23,2025-12-18,-0.004005215816009766,0.04929930286162406
ridge,y_XLY,21,2025-12-23,0.003437817592208736,0.004231812078095928
ridge,y_XLY,22,2025-12-23,0.003437817592208736,-0.0012652488561634505
ridge,y_XLY,23,2025-12-23,0.003437817592208736,-0.0036030754368586923
ridge,y_XLY,21,2025-12-29,-0.004054595531289618,0.00040346275811143837
ridge,y_XLY,22,2025-12-29,-0.004054595531289618,-0.0008051172046721574
ridge,y_XLY,23,2025-12-29,-0.004054595531289618,-0.0008005055473050352
ridge,y_XLY,21,2025-12-30,-0.00789296230828107,-0.03374757099099655
ridge,y_XLY,22,2025-12-30,-0.00789296230828107,-0.03640648542925697
ridge,y_XLY,23,2025-12-30,-0.00789296230828107,-0.03703081500153854
ridge,y_XLY,22,2026-01-05,0.006400636937100801,0.0200890390044545
ridge,y_XLY,23,2026-01-05,0.006400636937100801,0.026962854580889588
ridge,y_XLY,24,2026-01-05,0.006400636937100801,0.024249312809992617
ridge,y_XLY,22,2026-01-06,-0.0014041312412143014,-0.03848790887517773
ridge,y_XLY,23,2026-01-06,-0.0014041312412143014,-0.0369491091916568
ridge,y_XLY,24,2026-01-06,-0.0014041312412143014,-0.042104653408151275
ridge,y_XLY,22,2026-01-07,0.016707995182564384,-0.007903644810469068
ridge,y_XLY,23,2026-01-07,0.016707995182564384,-0.008312854793555086
ridge,y_XLY,24,2026-01-07,0.016707995182564384,-0.0065086133747728515
ridge,y_XLY,22,2026-01-08,0.012121750043602608,0.01524902054678779
ridge,y_XLY,23,2026-01-08,0.012121750043602608,0.014031928115103075
ridge,y_XLY,24,2026-01-08,0.012121750043602608,0.010826245826670754
ridge,y_XLY,22,2026-01-12,-0.0024895403706309827,0.01880548843174717
ridge,y_XLY,23,2026-01-12,-0.0024895403706309827,0.009334675533993954
ridge,y_XLY,24,2026-01-12,-0.0024895403706309827,0.010857283663755933
ridge,y_XLY,22,2026-01-13,-0.01577972062570987,0.01881838189301777
ridge,y_XLY,23,2026-01-13,-0.01577972062570987,0.02234791295737859
ridge,y_XLY,24,2026-01-13,-0.01577972062570987,0.020161855078576294
ridge,y_XLY,22,2026-01-14,0.003680956631838095,-0.010387524835512791
ridge,y_XLY,23,2026-01-14,0.003680956631838095,-0.008128855619550897
ridge,y_XLY,24,2026-01-14,0.003680956631838095,-0.007464661049132161
ridge,y_XLY,22,2026-01-15,-0.003259934037758261,-0.031775587504240914
ridge,y_XLY,23,2026-01-15,-0.003259934037758261,-0.02614137448152543
ridge,y_XLY,24,2026-01-15,-0.003259934037758261,-0.02714935457384118
ridge,y_XLY,22,2026-01-21,0.01004943332264352,-0.0020633709645675796
ridge,y_XLY,23,2026-01-21,0.01004943332264352,-0.0021005855392853888
ridge,y_XLY,24,2026-01-21,0.01004943332264352,-0.003015556823031728
ridge,y_XLY,22,2026-01-22,0.004159146105141787,-0.006987233481366194
ridge,y_XLY,23,2026-01-22,0.004159146105141787,-0.004774260113231973
ridge,y_XLY,24,2026-01-22,0.004159146105141787,-0.0035236986657707545
ridge,y_XLY,23,2026-01-26,0.0030248753066148826,0.006618844599623312
ridge,y_XLY,24,2026-01-26,0.0030248753066148826,0.00517202442453858
ridge,y_XLY,23,2026-01-27,-0.00749862075175356,-0.05222783210980292
ridge,y_XLY,24,2026-01-27,-0.00749862075175356,-0.05639260683867919
ridge,y_XLY,23,2026-01-28,-0.004763030447970329,0.00930562639797891
ridge,y_XLY,24,2026-01-28,-0.004763030447970329,0.012272853895777985
ridge,y_XLY,23,2026-01-29,-0.00016506536890759094,-0.022997124881156333
ridge,y_XLY,24,2026-01-29,-0.00016506536890759094,-0.019410210635548
ridge,y_XLY,23,2026-02-02,-0.008034790088755517,-0.0380974904468681
ridge,y_XLY,24,2026-02-02,-0.008034790088755517,-0.038179763345495936
ridge,y_XLY,23,2026-02-03,-0.007355974918278219,0.010854163154105135
ridge,y_XLY,24,2026-02-03,-0.007355974918278219,0.008880175855639516
ridge,y_XLY,23,2026-02-04,-0.02156533197998911,-0.005015054607675325
ridge,y_XLY,24,2026-02-04,-0.02156533197998911,-0.006452151876843892
ridge,y_XLY,23,2026-02-05,0.004084722311404443,-0.00650678404325023
ridge,y_XLY,24,2026-02-05,0.004084722311404443,-0.00400194973523634
ridge,y_XLY,23,2026-02-09,0.00663546370946011,-0.002600785226100492
ridge,y_XLY,24,2026-02-09,0.00663546370946011,-0.0031905586083341444
ridge,y_XLY,23,2026-02-10,-0.004817034446073953,-0.025995447009594407
ridge,y_XLY,24,2026-02-10,-0.004817034446073953,-0.023662972123933958
ridge,y_XLY,23,2026-02-11,-0.013841753169525739,0.03218300834639137
ridge,y_XLY,24,2026-02-11,-0.013841753169525739,0.035100140136103686
ridge,y_XLY,23,2026-02-12,0.00043057825661274585,-0.04905873844751797
ridge,y_XLY,24,2026-02-12,0.00043057825661274585,-0.047501689960211355
ridge,y_XLY,24,2026-02-17,0.008445326782205553,-0.014322654813537382
ridge,y_XLY,24,2026-02-18,-0.006665517019933231,0.004924332377755886
ridge,y_XLY,24,2026-02-19,0.010409489906312519,-0.0033971232188367093
ridge,y_XLY,24,2026-02-23,0.015218714953567192,0.005740906231460213
ridge,y_XLY,24,2026-02-24,0.0029981024543921375,0.003649827331188805
ridge,y_XLY,24,2026-02-25,-0.0003415602304522869,-0.014519415942476794
ridge,y_XLY,24,2026-02-26,-0.0016232587479918514,-0.023126889164585485
ridge,y_XLY,24,2026-03-02,-0.009183829279239775,0.026683284076171317
ridge,y_XLY,24,2026-03-03,0.017750951105828472,0.0052336729139042925
ridge,y_XLY,24,2026-03-04,0.0013747200184588415,0.039940057840474184
ridge,y_XLY,24,2026-03-05,-0.018103822866607278,0.016284663385607807
